manager_user_id,plan_date,strategy,status,total_cases_evaluated,total_cases_allocated,total_cases_deferred,total_cases_blocked,total_agents_planned,expected_recovery_total,summary_metadata,id,created_at,updated_at
4005e8c2-4806-4f40-8fc0-3ffb9119c7c5,2026-09-02,SMART,PLANNED,520,214,242,64,15,5497804.03,"{""strategy"": ""SMART"", ""is_simulated"": false, ""agents_count"": 15, ""allocated_cases_count"": 214}",0147b832-0d34-4aa8-bc50-f7092bdfc66e,2026-09-01 05:23:54.399469+00,2026-09-01 05:23:54.399474+00
4005e8c2-4806-4f40-8fc0-3ffb9119c7c5,2026-09-03,SMART,PLANNED,418,214,178,26,15,13623460.28,"{""strategy"": ""SMART"", ""objective"": ""BALANCED"", ""model_version"": ""scorecard-allocator-smart-v1.2"", ""is_simulated"": false, ""agents_count"": 15, ""allocated_cases_count"": 214, ""shadow_evaluation"": {""shadow_model"": ""calibrated-logit-shadow-v1.0"", ""cohort_size"": 418, ""avg_shadow_recovery_prob"": 0.285, ""decile_lift"": [{""decile"": 1, ""cases_count"": 41, ""avg_expected_prob"": 0.492, ""total_target_in_decile"": 1174243.17}, {""decile"": 2, ""cases_count"": 41, ""avg_expected_prob"": 0.435, ""total_target_in_decile"": 1153302.46}, {""decile"": 3, ""cases_count"": 41, ""avg_expected_prob"": 0.396, ""total_target_in_decile"": 1468522.46}, {""decile"": 4, ""cases_count"": 41, ""avg_expected_prob"": 0.359, ""total_target_in_decile"": 1320816.34}, {""decile"": 5, ""cases_count"": 41, ""avg_expected_prob"": 0.316, ""total_target_in_decile"": 1767267.22}, {""decile"": 6, ""cases_count"": 41, ""avg_expected_prob"": 0.279, ""total_target_in_decile"": 1178072.99}, {""decile"": 7, ""cases_count"": 41, ""avg_expected_prob"": 0.235, ""total_target_in_decile"": 2361320.39}, {""decile"": 8, ""cases_count"": 41, ""avg_expected_prob"": 0.185, ""total_target_in_decile"": 3026469.34}, {""decile"": 9, ""cases_count"": 41, ""avg_expected_prob"": 0.123, ""total_target_in_decile"": 4158928.7}, {""decile"": 10, ""cases_count"": 49, ""avg_expected_prob"": 0.074, ""total_target_in_decile"": 5687456.22}]}}",06948264-4a70-4e0d-bda9-320c5d57d581,2026-09-02 05:58:17.756405+00,2026-09-02 05:58:17.756409+00
4005e8c2-4806-4f40-8fc0-3ffb9119c7c5,2026-09-09,SMART,PLANNED,916,214,697,22,15,5075040.16,"{""strategy"": ""SMART"", ""objective"": ""MAX_RECOVERY"", ""model_version"": ""scorecard-allocator-smart-v1.2"", ""is_simulated"": false, ""agents_count"": 15, ""allocated_cases_count"": 214, ""shadow_evaluation"": {""shadow_model"": ""calibrated-logit-shadow-v1.0"", ""cohort_size"": 916, ""avg_shadow_recovery_prob"": 0.326, ""decile_lift"": [{""decile"": 1, ""cases_count"": 91, ""avg_expected_prob"": 0.571, ""total_target_in_decile"": 1826170.0}, {""decile"": 2, ""cases_count"": 91, ""avg_expected_prob"": 0.496, ""total_target_in_decile"": 1742810.0}, {""decile"": 3, ""cases_count"": 91, ""avg_expected_prob"": 0.438, ""total_target_in_decile"": 1637330.0}, {""decile"": 4, ""cases_count"": 91, ""avg_expected_prob"": 0.387, ""total_target_in_decile"": 1666340.0}, {""decile"": 5, ""cases_count"": 91, ""avg_expected_prob"": 0.346, ""total_target_in_decile"": 1728300.0}, {""decile"": 6, ""cases_count"": 91, ""avg_expected_prob"": 0.299, ""total_target_in_decile"": 1618710.0}, {""decile"": 7, ""cases_count"": 91, ""avg_expected_prob"": 0.268, ""total_target_in_decile"": 1728250.0}, {""decile"": 8, ""cases_count"": 91, ""avg_expected_prob"": 0.21, ""total_target_in_decile"": 1422800.0}, {""decile"": 9, ""cases_count"": 91, ""avg_expected_prob"": 0.161, ""total_target_in_decile"": 1683060.0}, {""decile"": 10, ""cases_count"": 97, ""avg_expected_prob"": 0.096, ""total_target_in_decile"": 1426070.0}]}}",0788b683-dded-4d99-980c-1fa93bc033bb,2026-09-08 10:29:12.134695+00,2026-09-08 10:29:12.134702+00
4005e8c2-4806-4f40-8fc0-3ffb9119c7c5,2026-09-02,LEGACY,PLANNED,441,214,197,30,15,4568330.56,"{""strategy"": ""LEGACY"", ""objective"": ""BALANCED"", ""model_version"": ""scorecard-allocator-legacy-v1.2"", ""is_simulated"": false, ""agents_count"": 15, ""allocated_cases_count"": 214}",07a5b3f6-74a2-417d-86db-d52dec7ebc29,2026-09-01 07:08:12.781251+00,2026-09-01 07:08:12.781256+00
4005e8c2-4806-4f40-8fc0-3ffb9119c7c5,2026-09-03,SMART,PLANNED,246,202,23,21,15,4751601.52,"{""strategy"": ""SMART"", ""objective"": ""BALANCED"", ""model_version"": ""scorecard-allocator-smart-v1.2"", ""is_simulated"": false, ""agents_count"": 15, ""allocated_cases_count"": 202, ""shadow_evaluation"": {""shadow_model"": ""calibrated-logit-shadow-v1.0"", ""cohort_size"": 246, ""avg_shadow_recovery_prob"": 0.278, ""decile_lift"": [{""decile"": 1, ""cases_count"": 24, ""avg_expected_prob"": 0.487, ""total_target_in_decile"": 340845.41}, {""decile"": 2, ""cases_count"": 24, ""avg_expected_prob"": 0.42, ""total_target_in_decile"": 342399.07}, {""decile"": 3, ""cases_count"": 24, ""avg_expected_prob"": 0.381, ""total_target_in_decile"": 373615.66}, {""decile"": 4, ""cases_count"": 24, ""avg_expected_prob"": 0.343, ""total_target_in_decile"": 1016690.81}, {""decile"": 5, ""cases_count"": 24, ""avg_expected_prob"": 0.307, ""total_target_in_decile"": 523050.16}, {""decile"": 6, ""cases_count"": 24, ""avg_expected_prob"": 0.271, ""total_target_in_decile"": 676733.61}, {""decile"": 7, ""cases_count"": 24, ""avg_expected_prob"": 0.227, ""total_target_in_decile"": 798277.59}, {""decile"": 8, ""cases_count"": 24, ""avg_expected_prob"": 0.195, ""total_target_in_decile"": 1762921.68}, {""decile"": 9, ""cases_count"": 24, ""avg_expected_prob"": 0.131, ""total_target_in_decile"": 1346012.2}, {""decile"": 10, ""cases_count"": 30, ""avg_expected_prob"": 0.072, ""total_target_in_decile"": 2703791.94}]}}",089aca4d-e758-4c8f-8e95-2308eb0723d6,2026-09-02 13:37:09.360924+00,2026-09-02 13:37:09.360932+00
f8728caa-6efb-4506-93ac-120f22963a7b,2026-09-19,SMART,PLANNED,353,18,332,4,3,154476.95,"{""strategy"": ""SMART"", ""objective"": ""BALANCED"", ""model_version"": ""scorecard-allocator-smart-v1.2"", ""is_simulated"": false, ""agents_count"": 3, ""allocated_cases_count"": 18, ""shadow_evaluation"": {""shadow_model"": ""calibrated-logit-shadow-v1.0"", ""cohort_size"": 353, ""avg_shadow_recovery_prob"": 0.325, ""decile_lift"": [{""decile"": 1, ""cases_count"": 35, ""avg_expected_prob"": 0.56, ""total_target_in_decile"": 416290.0}, {""decile"": 2, ""cases_count"": 35, ""avg_expected_prob"": 0.5, ""total_target_in_decile"": 442990.0}, {""decile"": 3, ""cases_count"": 35, ""avg_expected_prob"": 0.439, ""total_target_in_decile"": 273310.0}, {""decile"": 4, ""cases_count"": 35, ""avg_expected_prob"": 0.383, ""total_target_in_decile"": 271190.0}, {""decile"": 5, ""cases_count"": 35, ""avg_expected_prob"": 0.337, ""total_target_in_decile"": 345760.0}, {""decile"": 6, ""cases_count"": 35, ""avg_expected_prob"": 0.294, ""total_target_in_decile"": 404530.0}, {""decile"": 7, ""cases_count"": 35, ""avg_expected_prob"": 0.263, ""total_target_in_decile"": 311630.0}, {""decile"": 8, ""cases_count"": 35, ""avg_expected_prob"": 0.207, ""total_target_in_decile"": 493650.0}, {""decile"": 9, ""cases_count"": 35, ""avg_expected_prob"": 0.169, ""total_target_in_decile"": 514250.0}, {""decile"": 10, ""cases_count"": 38, ""avg_expected_prob"": 0.118, ""total_target_in_decile"": 545980.0}]}}",08d4ab95-6798-43e4-a7d1-7b704ebae317,2026-09-18 04:47:13.701131+00,2026-09-18 04:47:13.701136+00
4005e8c2-4806-4f40-8fc0-3ffb9119c7c5,2026-09-02,SMART,PLANNED,520,214,242,64,15,9484472.84,"{""strategy"": ""SMART"", ""is_simulated"": false, ""agents_count"": 15, ""allocated_cases_count"": 214}",0979e375-8b17-4675-a1a6-ab700862ca15,2026-09-01 05:31:07.036401+00,2026-09-01 05:31:07.03641+00
4005e8c2-4806-4f40-8fc0-3ffb9119c7c5,2026-09-02,LEGACY,PLANNED,520,214,242,64,15,5497804.03,"{""strategy"": ""LEGACY"", ""is_simulated"": false, ""agents_count"": 15, ""allocated_cases_count"": 214}",09bb598b-aff3-4c9d-83f0-bbb10aabc42b,2026-09-01 05:24:00.019857+00,2026-09-01 05:24:00.019862+00
4005e8c2-4806-4f40-8fc0-3ffb9119c7c5,2026-09-02,SMART,PLANNED,520,214,242,64,15,9615585.58,"{""strategy"": ""SMART"", ""is_simulated"": false, ""agents_count"": 15, ""allocated_cases_count"": 214}",0a22d763-4ee7-41c3-a8be-6cc1d6fd22e5,2026-09-01 05:30:54.81355+00,2026-09-01 05:30:54.813554+00
4005e8c2-4806-4f40-8fc0-3ffb9119c7c5,2026-09-11,SMART,PLANNED,924,214,697,22,15,1025454.78,"{""strategy"": ""SMART"", ""objective"": ""MAX_RECOVERY"", ""model_version"": ""scorecard-allocator-smart-v1.2"", ""is_simulated"": false, ""agents_count"": 15, ""allocated_cases_count"": 214, ""shadow_evaluation"": {""shadow_model"": ""calibrated-logit-shadow-v1.0"", ""cohort_size"": 924, ""avg_shadow_recovery_prob"": 0.326, ""decile_lift"": [{""decile"": 1, ""cases_count"": 92, ""avg_expected_prob"": 0.571, ""total_target_in_decile"": 1837360.0}, {""decile"": 2, ""cases_count"": 92, ""avg_expected_prob"": 0.495, ""total_target_in_decile"": 1827140.0}, {""decile"": 3, ""cases_count"": 92, ""avg_expected_prob"": 0.438, ""total_target_in_decile"": 1667280.0}, {""decile"": 4, ""cases_count"": 92, ""avg_expected_prob"": 0.387, ""total_target_in_decile"": 1672970.0}, {""decile"": 5, ""cases_count"": 92, ""avg_expected_prob"": 0.347, ""total_target_in_decile"": 1746460.0}, {""decile"": 6, ""cases_count"": 92, ""avg_expected_prob"": 0.299, ""total_target_in_decile"": 1630020.0}, {""decile"": 7, ""cases_count"": 92, ""avg_expected_prob"": 0.268, ""total_target_in_decile"": 1736260.0}, {""decile"": 8, ""cases_count"": 92, ""avg_expected_prob"": 0.21, ""total_target_in_decile"": 1477150.0}, {""decile"": 9, ""cases_count"": 92, ""avg_expected_prob"": 0.16, ""total_target_in_decile"": 1697150.0}, {""decile"": 10, ""cases_count"": 96, ""avg_expected_prob"": 0.095, ""total_target_in_decile"": 1421790.0}]}}",0a234288-bb7a-4a2e-872f-207b90991371,2026-09-10 09:59:49.689175+00,2026-09-10 09:59:49.689179+00
4005e8c2-4806-4f40-8fc0-3ffb9119c7c5,2026-09-02,SMART,PLANNED,419,214,179,26,15,8086430.81,"{""strategy"": ""SMART"", ""objective"": ""MIN_DISTANCE"", ""model_version"": ""scorecard-allocator-smart-v1.2"", ""is_simulated"": false, ""agents_count"": 15, ""allocated_cases_count"": 214, ""shadow_evaluation"": {""shadow_model"": ""calibrated-logit-shadow-v1.0"", ""cohort_size"": 419, ""avg_shadow_recovery_prob"": 0.286, ""decile_lift"": [{""decile"": 1, ""cases_count"": 41, ""avg_expected_prob"": 0.492, ""total_target_in_decile"": 1174243.17}, {""decile"": 2, ""cases_count"": 41, ""avg_expected_prob"": 0.435, ""total_target_in_decile"": 1150914.08}, {""decile"": 3, ""cases_count"": 41, ""avg_expected_prob"": 0.397, ""total_target_in_decile"": 1469604.13}, {""decile"": 4, ""cases_count"": 41, ""avg_expected_prob"": 0.36, ""total_target_in_decile"": 1324272.16}, {""decile"": 5, ""cases_count"": 41, ""avg_expected_prob"": 0.317, ""total_target_in_decile"": 1764559.95}, {""decile"": 6, ""cases_count"": 41, ""avg_expected_prob"": 0.28, ""total_target_in_decile"": 1140031.15}, {""decile"": 7, ""cases_count"": 41, ""avg_expected_prob"": 0.237, ""total_target_in_decile"": 2274106.63}, {""decile"": 8, ""cases_count"": 41, ""avg_expected_prob"": 0.186, ""total_target_in_decile"": 3118962.25}, {""decile"": 9, ""cases_count"": 41, ""avg_expected_prob"": 0.124, ""total_target_in_decile"": 4057072.4}, {""decile"": 10, ""cases_count"": 50, ""avg_expected_prob"": 0.075, ""total_target_in_decile"": 5828483.37}]}}",0d61d200-e2b0-4629-806a-9a49c3d33ae2,2026-09-01 07:24:28.095611+00,2026-09-01 07:24:28.095619+00
4005e8c2-4806-4f40-8fc0-3ffb9119c7c5,2026-09-02,SMART,PLANNED,419,214,179,26,15,7745788.25,"{""strategy"": ""SMART"", ""objective"": ""BALANCED"", ""model_version"": ""scorecard-allocator-smart-v1.2"", ""is_simulated"": false, ""agents_count"": 15, ""allocated_cases_count"": 214, ""shadow_evaluation"": {""shadow_model"": ""calibrated-logit-shadow-v1.0"", ""cohort_size"": 419, ""avg_shadow_recovery_prob"": 0.286, ""decile_lift"": [{""decile"": 1, ""cases_count"": 41, ""avg_expected_prob"": 0.492, ""total_target_in_decile"": 1174243.17}, {""decile"": 2, ""cases_count"": 41, ""avg_expected_prob"": 0.435, ""total_target_in_decile"": 1150914.08}, {""decile"": 3, ""cases_count"": 41, ""avg_expected_prob"": 0.397, ""total_target_in_decile"": 1469604.13}, {""decile"": 4, ""cases_count"": 41, ""avg_expected_prob"": 0.36, ""total_target_in_decile"": 1324272.16}, {""decile"": 5, ""cases_count"": 41, ""avg_expected_prob"": 0.317, ""total_target_in_decile"": 1764559.95}, {""decile"": 6, ""cases_count"": 41, ""avg_expected_prob"": 0.28, ""total_target_in_decile"": 1140031.15}, {""decile"": 7, ""cases_count"": 41, ""avg_expected_prob"": 0.237, ""total_target_in_decile"": 2274106.63}, {""decile"": 8, ""cases_count"": 41, ""avg_expected_prob"": 0.186, ""total_target_in_decile"": 3118962.25}, {""decile"": 9, ""cases_count"": 41, ""avg_expected_prob"": 0.124, ""total_target_in_decile"": 4057072.4}, {""decile"": 10, ""cases_count"": 50, ""avg_expected_prob"": 0.075, ""total_target_in_decile"": 5828483.37}]}}",10808b6f-07ab-4dcb-a8b4-e0396c9cd62f,2026-09-01 07:25:59.275727+00,2026-09-01 07:25:59.275733+00
4005e8c2-4806-4f40-8fc0-3ffb9119c7c5,2026-09-03,SMART,PLANNED,483,214,360,19,15,2598773.23,"{""strategy"": ""SMART"", ""objective"": ""BALANCED"", ""model_version"": ""scorecard-allocator-smart-v1.2"", ""is_simulated"": false, ""agents_count"": 15, ""allocated_cases_count"": 214, ""shadow_evaluation"": {""shadow_model"": ""calibrated-logit-shadow-v1.0"", ""cohort_size"": 483, ""avg_shadow_recovery_prob"": 0.309, ""decile_lift"": [{""decile"": 1, ""cases_count"": 48, ""avg_expected_prob"": 0.552, ""total_target_in_decile"": 909400.0}, {""decile"": 2, ""cases_count"": 48, ""avg_expected_prob"": 0.476, ""total_target_in_decile"": 1136160.0}, {""decile"": 3, ""cases_count"": 48, ""avg_expected_prob"": 0.418, ""total_target_in_decile"": 1065310.0}, {""decile"": 4, ""cases_count"": 48, ""avg_expected_prob"": 0.374, ""total_target_in_decile"": 1008830.0}, {""decile"": 5, ""cases_count"": 48, ""avg_expected_prob"": 0.328, ""total_target_in_decile"": 810150.0}, {""decile"": 6, ""cases_count"": 48, ""avg_expected_prob"": 0.289, ""total_target_in_decile"": 857350.0}, {""decile"": 7, ""cases_count"": 48, ""avg_expected_prob"": 0.242, ""total_target_in_decile"": 900970.0}, {""decile"": 8, ""cases_count"": 48, ""avg_expected_prob"": 0.197, ""total_target_in_decile"": 530690.0}, {""decile"": 9, ""cases_count"": 48, ""avg_expected_prob"": 0.145, ""total_target_in_decile"": 982920.0}, {""decile"": 10, ""cases_count"": 51, ""avg_expected_prob"": 0.085, ""total_target_in_decile"": 715620.0}]}}",11130fce-2851-407e-8191-23cf0525f2fc,2026-09-02 15:33:49.067601+00,2026-09-02 15:33:49.067601+00
4005e8c2-4806-4f40-8fc0-3ffb9119c7c5,2026-09-10,SMART,PLANNED,921,214,697,22,15,1032204.67,"{""strategy"": ""SMART"", ""objective"": ""MAX_RECOVERY"", ""model_version"": ""scorecard-allocator-smart-v1.2"", ""is_simulated"": false, ""agents_count"": 15, ""allocated_cases_count"": 214, ""shadow_evaluation"": {""shadow_model"": ""calibrated-logit-shadow-v1.0"", ""cohort_size"": 921, ""avg_shadow_recovery_prob"": 0.326, ""decile_lift"": [{""decile"": 1, ""cases_count"": 92, ""avg_expected_prob"": 0.571, ""total_target_in_decile"": 1837360.0}, {""decile"": 2, ""cases_count"": 92, ""avg_expected_prob"": 0.495, ""total_target_in_decile"": 1827140.0}, {""decile"": 3, ""cases_count"": 92, ""avg_expected_prob"": 0.438, ""total_target_in_decile"": 1667280.0}, {""decile"": 4, ""cases_count"": 92, ""avg_expected_prob"": 0.387, ""total_target_in_decile"": 1672970.0}, {""decile"": 5, ""cases_count"": 92, ""avg_expected_prob"": 0.347, ""total_target_in_decile"": 1746460.0}, {""decile"": 6, ""cases_count"": 92, ""avg_expected_prob"": 0.299, ""total_target_in_decile"": 1626440.0}, {""decile"": 7, ""cases_count"": 92, ""avg_expected_prob"": 0.267, ""total_target_in_decile"": 1745440.0}, {""decile"": 8, ""cases_count"": 92, ""avg_expected_prob"": 0.209, ""total_target_in_decile"": 1463610.0}, {""decile"": 9, ""cases_count"": 92, ""avg_expected_prob"": 0.158, ""total_target_in_decile"": 1694640.0}, {""decile"": 10, ""cases_count"": 93, ""avg_expected_prob"": 0.095, ""total_target_in_decile"": 1348760.0}]}}",13bbf6a6-01c5-4dda-9bee-35f843946a61,2026-09-09 08:48:56.999329+00,2026-09-09 08:48:56.999334+00
4005e8c2-4806-4f40-8fc0-3ffb9119c7c5,2026-09-02,LEGACY,PLANNED,520,214,242,64,15,5497804.03,"{""strategy"": ""LEGACY"", ""is_simulated"": false, ""agents_count"": 15, ""allocated_cases_count"": 214}",14edf724-09ff-4f01-9a09-14e30acfa8e2,2026-09-01 05:27:14.241771+00,2026-09-01 05:27:14.241775+00
4005e8c2-4806-4f40-8fc0-3ffb9119c7c5,2026-09-03,SMART,PLANNED,319,214,84,21,15,8676379.55,"{""strategy"": ""SMART"", ""objective"": ""MIN_DISTANCE"", ""model_version"": ""scorecard-allocator-smart-v1.2"", ""is_simulated"": false, ""agents_count"": 15, ""allocated_cases_count"": 214, ""shadow_evaluation"": {""shadow_model"": ""calibrated-logit-shadow-v1.0"", ""cohort_size"": 319, ""avg_shadow_recovery_prob"": 0.28, ""decile_lift"": [{""decile"": 1, ""cases_count"": 31, ""avg_expected_prob"": 0.485, ""total_target_in_decile"": 732654.44}, {""decile"": 2, ""cases_count"": 31, ""avg_expected_prob"": 0.426, ""total_target_in_decile"": 903103.31}, {""decile"": 3, ""cases_count"": 31, ""avg_expected_prob"": 0.385, ""total_target_in_decile"": 902827.79}, {""decile"": 4, ""cases_count"": 31, ""avg_expected_prob"": 0.347, ""total_target_in_decile"": 1238151.53}, {""decile"": 5, ""cases_count"": 31, ""avg_expected_prob"": 0.309, ""total_target_in_decile"": 1214063.83}, {""decile"": 6, ""cases_count"": 31, ""avg_expected_prob"": 0.27, ""total_target_in_decile"": 770607.29}, {""decile"": 7, ""cases_count"": 31, ""avg_expected_prob"": 0.233, ""total_target_in_decile"": 1432831.62}, {""decile"": 8, ""cases_count"": 31, ""avg_expected_prob"": 0.194, ""total_target_in_decile"": 2168644.55}, {""decile"": 9, ""cases_count"": 31, ""avg_expected_prob"": 0.132, ""total_target_in_decile"": 3035943.84}, {""decile"": 10, ""cases_count"": 40, ""avg_expected_prob"": 0.077, ""total_target_in_decile"": 3833134.19}]}}",2469bcd8-aaaf-426f-9b07-8c6634c31caf,2026-09-02 08:46:03.981871+00,2026-09-02 08:46:03.981877+00
4005e8c2-4806-4f40-8fc0-3ffb9119c7c5,2026-09-03,SMART,PLANNED,287,214,164,19,15,4440137.45,"{""strategy"": ""SMART"", ""objective"": ""MAX_RECOVERY"", ""model_version"": ""scorecard-allocator-smart-v1.2"", ""is_simulated"": false, ""agents_count"": 15, ""allocated_cases_count"": 214, ""shadow_evaluation"": {""shadow_model"": ""calibrated-logit-shadow-v1.0"", ""cohort_size"": 287, ""avg_shadow_recovery_prob"": 0.272, ""decile_lift"": [{""decile"": 1, ""cases_count"": 28, ""avg_expected_prob"": 0.478, ""total_target_in_decile"": 655658.32}, {""decile"": 2, ""cases_count"": 28, ""avg_expected_prob"": 0.418, ""total_target_in_decile"": 679514.92}, {""decile"": 3, ""cases_count"": 28, ""avg_expected_prob"": 0.376, ""total_target_in_decile"": 948201.5}, {""decile"": 4, ""cases_count"": 28, ""avg_expected_prob"": 0.338, ""total_target_in_decile"": 684271.1}, {""decile"": 5, ""cases_count"": 28, ""avg_expected_prob"": 0.301, ""total_target_in_decile"": 780444.76}, {""decile"": 6, ""cases_count"": 28, ""avg_expected_prob"": 0.26, ""total_target_in_decile"": 865973.69}, {""decile"": 7, ""cases_count"": 28, ""avg_expected_prob"": 0.222, ""total_target_in_decile"": 1562927.65}, {""decile"": 8, ""cases_count"": 28, ""avg_expected_prob"": 0.18, ""total_target_in_decile"": 2228955.7}, {""decile"": 9, ""cases_count"": 28, ""avg_expected_prob"": 0.127, ""total_target_in_decile"": 2907101.97}, {""decile"": 10, ""cases_count"": 35, ""avg_expected_prob"": 0.072, ""total_target_in_decile"": 3674689.27}]}}",26c43383-1fec-4761-81e3-3938500c7050,2026-09-02 15:19:15.039098+00,2026-09-02 15:19:15.039103+00
4005e8c2-4806-4f40-8fc0-3ffb9119c7c5,2026-09-02,LEGACY,PLANNED,520,214,242,64,15,5497804.03,"{""strategy"": ""LEGACY"", ""is_simulated"": false, ""agents_count"": 15, ""allocated_cases_count"": 214}",2854e745-6472-41e5-b42b-c5a31dca8a00,2026-09-01 05:23:49.030563+00,2026-09-01 05:23:49.030572+00
4005e8c2-4806-4f40-8fc0-3ffb9119c7c5,2026-09-02,SMART,PLANNED,520,214,242,64,15,9863052.57,"{""strategy"": ""SMART"", ""is_simulated"": false, ""agents_count"": 15, ""allocated_cases_count"": 214}",2c63e14e-4fde-40e9-b571-b0daa9166a9f,2026-09-01 05:37:12.145132+00,2026-09-01 05:37:12.145139+00
4005e8c2-4806-4f40-8fc0-3ffb9119c7c5,2026-09-10,SMART,PLANNED,921,214,697,22,15,1028192.38,"{""strategy"": ""SMART"", ""objective"": ""MAX_RECOVERY"", ""model_version"": ""scorecard-allocator-smart-v1.2"", ""is_simulated"": false, ""agents_count"": 15, ""allocated_cases_count"": 214, ""shadow_evaluation"": {""shadow_model"": ""calibrated-logit-shadow-v1.0"", ""cohort_size"": 921, ""avg_shadow_recovery_prob"": 0.326, ""decile_lift"": [{""decile"": 1, ""cases_count"": 92, ""avg_expected_prob"": 0.571, ""total_target_in_decile"": 1837360.0}, {""decile"": 2, ""cases_count"": 92, ""avg_expected_prob"": 0.495, ""total_target_in_decile"": 1827140.0}, {""decile"": 3, ""cases_count"": 92, ""avg_expected_prob"": 0.438, ""total_target_in_decile"": 1667280.0}, {""decile"": 4, ""cases_count"": 92, ""avg_expected_prob"": 0.387, ""total_target_in_decile"": 1672970.0}, {""decile"": 5, ""cases_count"": 92, ""avg_expected_prob"": 0.347, ""total_target_in_decile"": 1746460.0}, {""decile"": 6, ""cases_count"": 92, ""avg_expected_prob"": 0.299, ""total_target_in_decile"": 1626440.0}, {""decile"": 7, ""cases_count"": 92, ""avg_expected_prob"": 0.267, ""total_target_in_decile"": 1745440.0}, {""decile"": 8, ""cases_count"": 92, ""avg_expected_prob"": 0.209, ""total_target_in_decile"": 1463610.0}, {""decile"": 9, ""cases_count"": 92, ""avg_expected_prob"": 0.158, ""total_target_in_decile"": 1694640.0}, {""decile"": 10, ""cases_count"": 93, ""avg_expected_prob"": 0.095, ""total_target_in_decile"": 1348760.0}]}}",2d6bc7cd-c65f-45b3-88dd-984f3d78c155,2026-09-09 12:28:13.532812+00,2026-09-09 12:28:13.532816+00
e76c000f-245c-4c97-9cac-c3383e91f666,2026-09-07,SMART,PLANNED,0,0,0,0,0,0,"{""message"": ""No active agents available for manager.""}",2d7ea5c1-d9bd-4765-a047-462a503bbadc,2026-09-06 13:30:50.415234+00,2026-09-06 13:30:50.415238+00
e76c000f-245c-4c97-9cac-c3383e91f666,2026-09-12,SMART,PLANNED,0,0,0,0,0,0,"{""message"": ""No active agents available for manager.""}",315aed9e-9612-4d3f-b220-0f5edcb666c6,2026-09-11 04:54:25.235397+00,2026-09-11 04:54:25.235402+00
4005e8c2-4806-4f40-8fc0-3ffb9119c7c5,2026-09-02,SMART,PLANNED,520,214,242,64,15,5497804.03,"{""strategy"": ""SMART"", ""is_simulated"": false, ""agents_count"": 15, ""allocated_cases_count"": 214}",32dc4755-2aa6-4709-bf0e-d74f881b7bd0,2026-09-01 05:25:47.682026+00,2026-09-01 05:25:47.682031+00
4005e8c2-4806-4f40-8fc0-3ffb9119c7c5,2026-09-03,SMART,PLANNED,246,202,23,21,15,1166733.44,"{""strategy"": ""SMART"", ""objective"": ""BALANCED"", ""model_version"": ""scorecard-allocator-smart-v1.2"", ""is_simulated"": false, ""agents_count"": 15, ""allocated_cases_count"": 202, ""shadow_evaluation"": {""shadow_model"": ""calibrated-logit-shadow-v1.0"", ""cohort_size"": 246, ""avg_shadow_recovery_prob"": 0.278, ""decile_lift"": [{""decile"": 1, ""cases_count"": 24, ""avg_expected_prob"": 0.487, ""total_target_in_decile"": 340845.41}, {""decile"": 2, ""cases_count"": 24, ""avg_expected_prob"": 0.42, ""total_target_in_decile"": 342399.07}, {""decile"": 3, ""cases_count"": 24, ""avg_expected_prob"": 0.381, ""total_target_in_decile"": 373615.66}, {""decile"": 4, ""cases_count"": 24, ""avg_expected_prob"": 0.343, ""total_target_in_decile"": 1016690.81}, {""decile"": 5, ""cases_count"": 24, ""avg_expected_prob"": 0.307, ""total_target_in_decile"": 523050.16}, {""decile"": 6, ""cases_count"": 24, ""avg_expected_prob"": 0.271, ""total_target_in_decile"": 676733.61}, {""decile"": 7, ""cases_count"": 24, ""avg_expected_prob"": 0.227, ""total_target_in_decile"": 798277.59}, {""decile"": 8, ""cases_count"": 24, ""avg_expected_prob"": 0.195, ""total_target_in_decile"": 1762921.68}, {""decile"": 9, ""cases_count"": 24, ""avg_expected_prob"": 0.131, ""total_target_in_decile"": 1346012.2}, {""decile"": 10, ""cases_count"": 30, ""avg_expected_prob"": 0.072, ""total_target_in_decile"": 2703791.94}]}}",33331aea-bcfb-444c-841c-83e68d5715aa,2026-09-02 13:57:16.46152+00,2026-09-02 13:57:16.461525+00
4005e8c2-4806-4f40-8fc0-3ffb9119c7c5,2026-09-02,SMART,PLANNED,520,214,242,64,15,5497804.03,"{""strategy"": ""SMART"", ""is_simulated"": false, ""agents_count"": 15, ""allocated_cases_count"": 214}",350b2c47-4731-4f84-ad3e-938dba33bf09,2026-09-01 05:17:15.500826+00,2026-09-01 05:17:15.500832+00
4005e8c2-4806-4f40-8fc0-3ffb9119c7c5,2026-09-02,SMART,PLANNED,419,214,179,26,15,13877527.21,"{""strategy"": ""SMART"", ""objective"": ""MAX_RECOVERY"", ""model_version"": ""scorecard-allocator-smart-v1.2"", ""is_simulated"": false, ""agents_count"": 15, ""allocated_cases_count"": 214, ""shadow_evaluation"": {""shadow_model"": ""calibrated-logit-shadow-v1.0"", ""cohort_size"": 419, ""avg_shadow_recovery_prob"": 0.286, ""decile_lift"": [{""decile"": 1, ""cases_count"": 41, ""avg_expected_prob"": 0.492, ""total_target_in_decile"": 1174243.17}, {""decile"": 2, ""cases_count"": 41, ""avg_expected_prob"": 0.435, ""total_target_in_decile"": 1150914.08}, {""decile"": 3, ""cases_count"": 41, ""avg_expected_prob"": 0.397, ""total_target_in_decile"": 1469604.13}, {""decile"": 4, ""cases_count"": 41, ""avg_expected_prob"": 0.36, ""total_target_in_decile"": 1324272.16}, {""decile"": 5, ""cases_count"": 41, ""avg_expected_prob"": 0.317, ""total_target_in_decile"": 1764559.95}, {""decile"": 6, ""cases_count"": 41, ""avg_expected_prob"": 0.28, ""total_target_in_decile"": 1140031.15}, {""decile"": 7, ""cases_count"": 41, ""avg_expected_prob"": 0.237, ""total_target_in_decile"": 2274106.63}, {""decile"": 8, ""cases_count"": 41, ""avg_expected_prob"": 0.186, ""total_target_in_decile"": 3118962.25}, {""decile"": 9, ""cases_count"": 41, ""avg_expected_prob"": 0.124, ""total_target_in_decile"": 4057072.4}, {""decile"": 10, ""cases_count"": 50, ""avg_expected_prob"": 0.075, ""total_target_in_decile"": 5828483.37}]}}",364ba697-d253-482a-84d3-965b753ef0a2,2026-09-01 10:09:31.535122+00,2026-09-01 10:09:31.535126+00
4005e8c2-4806-4f40-8fc0-3ffb9119c7c5,2026-09-10,SMART,PLANNED,921,214,697,22,15,1027281.41,"{""strategy"": ""SMART"", ""objective"": ""MAX_RECOVERY"", ""model_version"": ""scorecard-allocator-smart-v1.2"", ""is_simulated"": false, ""agents_count"": 15, ""allocated_cases_count"": 214, ""shadow_evaluation"": {""shadow_model"": ""calibrated-logit-shadow-v1.0"", ""cohort_size"": 921, ""avg_shadow_recovery_prob"": 0.326, ""decile_lift"": [{""decile"": 1, ""cases_count"": 92, ""avg_expected_prob"": 0.571, ""total_target_in_decile"": 1837360.0}, {""decile"": 2, ""cases_count"": 92, ""avg_expected_prob"": 0.495, ""total_target_in_decile"": 1827140.0}, {""decile"": 3, ""cases_count"": 92, ""avg_expected_prob"": 0.438, ""total_target_in_decile"": 1667280.0}, {""decile"": 4, ""cases_count"": 92, ""avg_expected_prob"": 0.387, ""total_target_in_decile"": 1672970.0}, {""decile"": 5, ""cases_count"": 92, ""avg_expected_prob"": 0.347, ""total_target_in_decile"": 1746460.0}, {""decile"": 6, ""cases_count"": 92, ""avg_expected_prob"": 0.299, ""total_target_in_decile"": 1626440.0}, {""decile"": 7, ""cases_count"": 92, ""avg_expected_prob"": 0.267, ""total_target_in_decile"": 1745440.0}, {""decile"": 8, ""cases_count"": 92, ""avg_expected_prob"": 0.209, ""total_target_in_decile"": 1463610.0}, {""decile"": 9, ""cases_count"": 92, ""avg_expected_prob"": 0.158, ""total_target_in_decile"": 1694640.0}, {""decile"": 10, ""cases_count"": 93, ""avg_expected_prob"": 0.095, ""total_target_in_decile"": 1348760.0}]}}",367c235d-76e7-4297-9091-ffd9c0d0698f,2026-09-09 08:47:34.551317+00,2026-09-09 08:47:34.551321+00
4005e8c2-4806-4f40-8fc0-3ffb9119c7c5,2026-09-09,SMART,PLANNED,916,214,697,22,15,882589.1,"{""strategy"": ""SMART"", ""objective"": ""BALANCED"", ""model_version"": ""scorecard-allocator-smart-v1.2"", ""is_simulated"": false, ""agents_count"": 15, ""allocated_cases_count"": 214, ""shadow_evaluation"": {""shadow_model"": ""calibrated-logit-shadow-v1.0"", ""cohort_size"": 916, ""avg_shadow_recovery_prob"": 0.326, ""decile_lift"": [{""decile"": 1, ""cases_count"": 91, ""avg_expected_prob"": 0.571, ""total_target_in_decile"": 1826170.0}, {""decile"": 2, ""cases_count"": 91, ""avg_expected_prob"": 0.496, ""total_target_in_decile"": 1742810.0}, {""decile"": 3, ""cases_count"": 91, ""avg_expected_prob"": 0.438, ""total_target_in_decile"": 1637330.0}, {""decile"": 4, ""cases_count"": 91, ""avg_expected_prob"": 0.387, ""total_target_in_decile"": 1666340.0}, {""decile"": 5, ""cases_count"": 91, ""avg_expected_prob"": 0.346, ""total_target_in_decile"": 1728300.0}, {""decile"": 6, ""cases_count"": 91, ""avg_expected_prob"": 0.299, ""total_target_in_decile"": 1618710.0}, {""decile"": 7, ""cases_count"": 91, ""avg_expected_prob"": 0.268, ""total_target_in_decile"": 1728250.0}, {""decile"": 8, ""cases_count"": 91, ""avg_expected_prob"": 0.21, ""total_target_in_decile"": 1422800.0}, {""decile"": 9, ""cases_count"": 91, ""avg_expected_prob"": 0.161, ""total_target_in_decile"": 1683060.0}, {""decile"": 10, ""cases_count"": 97, ""avg_expected_prob"": 0.096, ""total_target_in_decile"": 1426070.0}]}}",3748efee-d8d8-4653-bff4-8341ec32fb79,2026-09-08 11:10:59.738466+00,2026-09-08 11:10:59.738472+00
f8728caa-6efb-4506-93ac-120f22963a7b,2026-09-10,SMART,PLANNED,389,20,365,4,3,101636.92,"{""strategy"": ""SMART"", ""objective"": ""BALANCED"", ""model_version"": ""scorecard-allocator-smart-v1.2"", ""is_simulated"": false, ""agents_count"": 3, ""allocated_cases_count"": 20, ""shadow_evaluation"": {""shadow_model"": ""calibrated-logit-shadow-v1.0"", ""cohort_size"": 389, ""avg_shadow_recovery_prob"": 0.333, ""decile_lift"": [{""decile"": 1, ""cases_count"": 38, ""avg_expected_prob"": 0.566, ""total_target_in_decile"": 484080.0}, {""decile"": 2, ""cases_count"": 38, ""avg_expected_prob"": 0.507, ""total_target_in_decile"": 397740.0}, {""decile"": 3, ""cases_count"": 38, ""avg_expected_prob"": 0.45, ""total_target_in_decile"": 389830.0}, {""decile"": 4, ""cases_count"": 38, ""avg_expected_prob"": 0.391, ""total_target_in_decile"": 478290.0}, {""decile"": 5, ""cases_count"": 38, ""avg_expected_prob"": 0.359, ""total_target_in_decile"": 398960.0}, {""decile"": 6, ""cases_count"": 38, ""avg_expected_prob"": 0.304, ""total_target_in_decile"": 406480.0}, {""decile"": 7, ""cases_count"": 38, ""avg_expected_prob"": 0.281, ""total_target_in_decile"": 455230.0}, {""decile"": 8, ""cases_count"": 38, ""avg_expected_prob"": 0.218, ""total_target_in_decile"": 463020.0}, {""decile"": 9, ""cases_count"": 38, ""avg_expected_prob"": 0.184, ""total_target_in_decile"": 585350.0}, {""decile"": 10, ""cases_count"": 47, ""avg_expected_prob"": 0.122, ""total_target_in_decile"": 621990.0}]}}",37d1cdd3-84f6-4250-bb3a-1bd89b518ca6,2026-09-09 04:57:43.583236+00,2026-09-09 04:57:43.583245+00
4005e8c2-4806-4f40-8fc0-3ffb9119c7c5,2026-09-02,SMART,PLANNED,520,214,242,64,15,5497804.03,"{""strategy"": ""SMART"", ""is_simulated"": false, ""agents_count"": 15, ""allocated_cases_count"": 214}",38f9de7f-a181-4e0e-9c52-2e2282d6e96d,2026-09-01 05:27:22.745379+00,2026-09-01 05:27:22.745383+00
4005e8c2-4806-4f40-8fc0-3ffb9119c7c5,2026-09-03,SMART,PLANNED,250,204,116,19,15,1664875.99,"{""strategy"": ""SMART"", ""objective"": ""BALANCED"", ""model_version"": ""scorecard-allocator-smart-v1.2"", ""is_simulated"": false, ""agents_count"": 15, ""allocated_cases_count"": 204, ""shadow_evaluation"": {""shadow_model"": ""calibrated-logit-shadow-v1.0"", ""cohort_size"": 250, ""avg_shadow_recovery_prob"": 0.268, ""decile_lift"": [{""decile"": 1, ""cases_count"": 25, ""avg_expected_prob"": 0.473, ""total_target_in_decile"": 388266.4}, {""decile"": 2, ""cases_count"": 25, ""avg_expected_prob"": 0.41, ""total_target_in_decile"": 405884.52}, {""decile"": 3, ""cases_count"": 25, ""avg_expected_prob"": 0.367, ""total_target_in_decile"": 490163.58}, {""decile"": 4, ""cases_count"": 25, ""avg_expected_prob"": 0.332, ""total_target_in_decile"": 864549.74}, {""decile"": 5, ""cases_count"": 25, ""avg_expected_prob"": 0.29, ""total_target_in_decile"": 696713.13}, {""decile"": 6, ""cases_count"": 25, ""avg_expected_prob"": 0.253, ""total_target_in_decile"": 697451.16}, {""decile"": 7, ""cases_count"": 25, ""avg_expected_prob"": 0.212, ""total_target_in_decile"": 1475392.86}, {""decile"": 8, ""cases_count"": 25, ""avg_expected_prob"": 0.172, ""total_target_in_decile"": 2272935.55}, {""decile"": 9, ""cases_count"": 25, ""avg_expected_prob"": 0.109, ""total_target_in_decile"": 2690363.44}, {""decile"": 10, ""cases_count"": 25, ""avg_expected_prob"": 0.065, ""total_target_in_decile"": 1942090.88}]}}",3c37fbd5-a639-4eb3-b144-d23beaa87002,2026-09-02 14:56:09.149731+00,2026-09-02 14:56:09.149737+00
e76c000f-245c-4c97-9cac-c3383e91f666,2026-09-18,SMART,PLANNED,0,0,0,0,0,0,"{""message"": ""No active agents available for manager.""}",3e9e77f2-dc6e-450b-8114-20ea709a729c,2026-09-17 04:52:48.405422+00,2026-09-17 04:52:48.405429+00
4005e8c2-4806-4f40-8fc0-3ffb9119c7c5,2026-09-02,SMART,PLANNED,520,214,242,64,15,5497804.03,"{""strategy"": ""SMART"", ""is_simulated"": false, ""agents_count"": 15, ""allocated_cases_count"": 214}",42ebaa4f-df75-453c-a11a-6847bfc46ece,2026-09-01 05:24:09.168844+00,2026-09-01 05:24:09.168849+00
f8728caa-6efb-4506-93ac-120f22963a7b,2026-09-09,SMART,PLANNED,465,19,443,4,3,520261.42,"{""strategy"": ""SMART"", ""objective"": ""BALANCED"", ""model_version"": ""scorecard-allocator-smart-v1.2"", ""is_simulated"": false, ""agents_count"": 3, ""allocated_cases_count"": 19, ""shadow_evaluation"": {""shadow_model"": ""calibrated-logit-shadow-v1.0"", ""cohort_size"": 465, ""avg_shadow_recovery_prob"": 0.353, ""decile_lift"": [{""decile"": 1, ""cases_count"": 46, ""avg_expected_prob"": 0.592, ""total_target_in_decile"": 967700.0}, {""decile"": 2, ""cases_count"": 46, ""avg_expected_prob"": 0.517, ""total_target_in_decile"": 621020.0}, {""decile"": 3, ""cases_count"": 46, ""avg_expected_prob"": 0.482, ""total_target_in_decile"": 651490.0}, {""decile"": 4, ""cases_count"": 46, ""avg_expected_prob"": 0.423, ""total_target_in_decile"": 713730.0}, {""decile"": 5, ""cases_count"": 46, ""avg_expected_prob"": 0.381, ""total_target_in_decile"": 516140.0}, {""decile"": 6, ""cases_count"": 46, ""avg_expected_prob"": 0.32, ""total_target_in_decile"": 591220.0}, {""decile"": 7, ""cases_count"": 46, ""avg_expected_prob"": 0.287, ""total_target_in_decile"": 704390.0}, {""decile"": 8, ""cases_count"": 46, ""avg_expected_prob"": 0.241, ""total_target_in_decile"": 620360.0}, {""decile"": 9, ""cases_count"": 46, ""avg_expected_prob"": 0.19, ""total_target_in_decile"": 830120.0}, {""decile"": 10, ""cases_count"": 51, ""avg_expected_prob"": 0.123, ""total_target_in_decile"": 726740.0}]}}",43f7b6fd-a313-4772-864d-a1753bb95f92,2026-09-08 05:37:05.494204+00,2026-09-08 05:37:05.494211+00
e76c000f-245c-4c97-9cac-c3383e91f666,2026-09-09,SMART,PLANNED,0,0,0,0,0,0,"{""message"": ""No active agents available for manager.""}",480d1f68-f74e-4a0e-92fb-683b06ccaf5d,2026-09-08 05:37:02.158232+00,2026-09-08 05:37:02.158237+00
4005e8c2-4806-4f40-8fc0-3ffb9119c7c5,2026-09-02,SMART,PLANNED,520,214,242,64,15,5497804.03,"{""strategy"": ""SMART"", ""is_simulated"": false, ""agents_count"": 15, ""allocated_cases_count"": 214}",4a7aa3cd-66b3-4638-8ff7-e75a3319e0bf,2026-09-01 05:25:38.337386+00,2026-09-01 05:25:38.33739+00
4005e8c2-4806-4f40-8fc0-3ffb9119c7c5,2026-09-03,SMART,PLANNED,319,214,84,21,15,6947183.27,"{""strategy"": ""SMART"", ""objective"": ""BALANCED"", ""model_version"": ""scorecard-allocator-smart-v1.2"", ""is_simulated"": false, ""agents_count"": 15, ""allocated_cases_count"": 214, ""shadow_evaluation"": {""shadow_model"": ""calibrated-logit-shadow-v1.0"", ""cohort_size"": 319, ""avg_shadow_recovery_prob"": 0.28, ""decile_lift"": [{""decile"": 1, ""cases_count"": 31, ""avg_expected_prob"": 0.485, ""total_target_in_decile"": 732654.44}, {""decile"": 2, ""cases_count"": 31, ""avg_expected_prob"": 0.426, ""total_target_in_decile"": 903103.31}, {""decile"": 3, ""cases_count"": 31, ""avg_expected_prob"": 0.385, ""total_target_in_decile"": 902827.79}, {""decile"": 4, ""cases_count"": 31, ""avg_expected_prob"": 0.347, ""total_target_in_decile"": 1238151.53}, {""decile"": 5, ""cases_count"": 31, ""avg_expected_prob"": 0.309, ""total_target_in_decile"": 1214063.83}, {""decile"": 6, ""cases_count"": 31, ""avg_expected_prob"": 0.27, ""total_target_in_decile"": 770607.29}, {""decile"": 7, ""cases_count"": 31, ""avg_expected_prob"": 0.233, ""total_target_in_decile"": 1432831.62}, {""decile"": 8, ""cases_count"": 31, ""avg_expected_prob"": 0.194, ""total_target_in_decile"": 2168644.55}, {""decile"": 9, ""cases_count"": 31, ""avg_expected_prob"": 0.132, ""total_target_in_decile"": 3035943.84}, {""decile"": 10, ""cases_count"": 40, ""avg_expected_prob"": 0.077, ""total_target_in_decile"": 3833134.19}]}}",4ab8d8a8-74f5-42cd-89b9-10611bc875e5,2026-09-02 12:00:20.182194+00,2026-09-02 12:00:20.182199+00
4005e8c2-4806-4f40-8fc0-3ffb9119c7c5,2026-09-02,SMART,PLANNED,520,214,242,64,15,5497804.03,"{""strategy"": ""SMART"", ""is_simulated"": false, ""agents_count"": 15, ""allocated_cases_count"": 214}",4b5cb8c0-3cad-40fe-bcc8-d844cc2b3f77,2026-09-01 05:27:16.252155+00,2026-09-01 05:27:16.252159+00
4005e8c2-4806-4f40-8fc0-3ffb9119c7c5,2026-09-09,SMART,PLANNED,916,214,697,22,15,1013879.17,"{""strategy"": ""SMART"", ""objective"": ""MAX_RECOVERY"", ""model_version"": ""scorecard-allocator-smart-v1.2"", ""is_simulated"": false, ""agents_count"": 15, ""allocated_cases_count"": 214, ""shadow_evaluation"": {""shadow_model"": ""calibrated-logit-shadow-v1.0"", ""cohort_size"": 916, ""avg_shadow_recovery_prob"": 0.326, ""decile_lift"": [{""decile"": 1, ""cases_count"": 91, ""avg_expected_prob"": 0.571, ""total_target_in_decile"": 1826170.0}, {""decile"": 2, ""cases_count"": 91, ""avg_expected_prob"": 0.496, ""total_target_in_decile"": 1742810.0}, {""decile"": 3, ""cases_count"": 91, ""avg_expected_prob"": 0.438, ""total_target_in_decile"": 1637330.0}, {""decile"": 4, ""cases_count"": 91, ""avg_expected_prob"": 0.387, ""total_target_in_decile"": 1666340.0}, {""decile"": 5, ""cases_count"": 91, ""avg_expected_prob"": 0.346, ""total_target_in_decile"": 1728300.0}, {""decile"": 6, ""cases_count"": 91, ""avg_expected_prob"": 0.299, ""total_target_in_decile"": 1618710.0}, {""decile"": 7, ""cases_count"": 91, ""avg_expected_prob"": 0.268, ""total_target_in_decile"": 1728250.0}, {""decile"": 8, ""cases_count"": 91, ""avg_expected_prob"": 0.21, ""total_target_in_decile"": 1422800.0}, {""decile"": 9, ""cases_count"": 91, ""avg_expected_prob"": 0.161, ""total_target_in_decile"": 1683060.0}, {""decile"": 10, ""cases_count"": 97, ""avg_expected_prob"": 0.096, ""total_target_in_decile"": 1426070.0}]}}",4c31107f-7765-47d9-9e50-bdb215b90138,2026-09-08 11:25:15.992716+00,2026-09-08 11:25:15.992721+00
f8728caa-6efb-4506-93ac-120f22963a7b,2026-09-15,SMART,PLANNED,374,18,353,4,3,96478.49,"{""strategy"": ""SMART"", ""objective"": ""BALANCED"", ""model_version"": ""scorecard-allocator-smart-v1.2"", ""is_simulated"": false, ""agents_count"": 3, ""allocated_cases_count"": 18, ""shadow_evaluation"": {""shadow_model"": ""calibrated-logit-shadow-v1.0"", ""cohort_size"": 374, ""avg_shadow_recovery_prob"": 0.328, ""decile_lift"": [{""decile"": 1, ""cases_count"": 37, ""avg_expected_prob"": 0.56, ""total_target_in_decile"": 445870.0}, {""decile"": 2, ""cases_count"": 37, ""avg_expected_prob"": 0.5, ""total_target_in_decile"": 462490.0}, {""decile"": 3, ""cases_count"": 37, ""avg_expected_prob"": 0.439, ""total_target_in_decile"": 313500.0}, {""decile"": 4, ""cases_count"": 37, ""avg_expected_prob"": 0.385, ""total_target_in_decile"": 375530.0}, {""decile"": 5, ""cases_count"": 37, ""avg_expected_prob"": 0.345, ""total_target_in_decile"": 370940.0}, {""decile"": 6, ""cases_count"": 37, ""avg_expected_prob"": 0.298, ""total_target_in_decile"": 430600.0}, {""decile"": 7, ""cases_count"": 37, ""avg_expected_prob"": 0.276, ""total_target_in_decile"": 412040.0}, {""decile"": 8, ""cases_count"": 37, ""avg_expected_prob"": 0.21, ""total_target_in_decile"": 451070.0}, {""decile"": 9, ""cases_count"": 37, ""avg_expected_prob"": 0.174, ""total_target_in_decile"": 579710.0}, {""decile"": 10, ""cases_count"": 41, ""avg_expected_prob"": 0.119, ""total_target_in_decile"": 574340.0}]}}",4c44afc8-15c0-4add-a81b-6f1137d901f5,2026-09-14 04:48:40.072488+00,2026-09-14 04:48:40.072494+00
4005e8c2-4806-4f40-8fc0-3ffb9119c7c5,2026-09-02,SMART,PLANNED,441,214,197,30,15,6574915.58,"{""strategy"": ""SMART"", ""objective"": ""MAX_RECOVERY"", ""model_version"": ""scorecard-allocator-smart-v1.2"", ""is_simulated"": false, ""agents_count"": 15, ""allocated_cases_count"": 214}",4cee826b-855d-4253-a6b6-b7a0a668a97d,2026-09-01 07:08:51.325789+00,2026-09-01 07:08:51.325794+00
4005e8c2-4806-4f40-8fc0-3ffb9119c7c5,2026-09-02,LEGACY,PLANNED,520,214,242,64,15,5497804.03,"{""strategy"": ""LEGACY"", ""is_simulated"": false, ""agents_count"": 15, ""allocated_cases_count"": 214}",4e704041-cddc-43d5-b016-55140fb0d5ec,2026-09-01 05:24:12.27919+00,2026-09-01 05:24:12.279195+00
f8728caa-6efb-4506-93ac-120f22963a7b,2026-09-18,SMART,PLANNED,369,18,348,4,3,156519.62,"{""strategy"": ""SMART"", ""objective"": ""BALANCED"", ""model_version"": ""scorecard-allocator-smart-v1.2"", ""is_simulated"": false, ""agents_count"": 3, ""allocated_cases_count"": 18, ""shadow_evaluation"": {""shadow_model"": ""calibrated-logit-shadow-v1.0"", ""cohort_size"": 369, ""avg_shadow_recovery_prob"": 0.327, ""decile_lift"": [{""decile"": 1, ""cases_count"": 36, ""avg_expected_prob"": 0.561, ""total_target_in_decile"": 435740.0}, {""decile"": 2, ""cases_count"": 36, ""avg_expected_prob"": 0.5, ""total_target_in_decile"": 448740.0}, {""decile"": 3, ""cases_count"": 36, ""avg_expected_prob"": 0.438, ""total_target_in_decile"": 306300.0}, {""decile"": 4, ""cases_count"": 36, ""avg_expected_prob"": 0.386, ""total_target_in_decile"": 360920.0}, {""decile"": 5, ""cases_count"": 36, ""avg_expected_prob"": 0.348, ""total_target_in_decile"": 365300.0}, {""decile"": 6, ""cases_count"": 36, ""avg_expected_prob"": 0.299, ""total_target_in_decile"": 387570.0}, {""decile"": 7, ""cases_count"": 36, ""avg_expected_prob"": 0.278, ""total_target_in_decile"": 415940.0}, {""decile"": 8, ""cases_count"": 36, ""avg_expected_prob"": 0.212, ""total_target_in_decile"": 451620.0}, {""decile"": 9, ""cases_count"": 36, ""avg_expected_prob"": 0.18, ""total_target_in_decile"": 568060.0}, {""decile"": 10, ""cases_count"": 45, ""avg_expected_prob"": 0.121, ""total_target_in_decile"": 602830.0}]}}",5098431e-37a3-4592-b6ed-4d2ea26584ea,2026-09-17 04:52:57.04055+00,2026-09-17 04:52:57.040555+00
4005e8c2-4806-4f40-8fc0-3ffb9119c7c5,2026-09-09,SMART,PLANNED,916,214,697,22,15,912008.22,"{""strategy"": ""SMART"", ""objective"": ""BALANCED"", ""model_version"": ""scorecard-allocator-smart-v1.2"", ""is_simulated"": false, ""agents_count"": 15, ""allocated_cases_count"": 214, ""shadow_evaluation"": {""shadow_model"": ""calibrated-logit-shadow-v1.0"", ""cohort_size"": 916, ""avg_shadow_recovery_prob"": 0.326, ""decile_lift"": [{""decile"": 1, ""cases_count"": 91, ""avg_expected_prob"": 0.571, ""total_target_in_decile"": 1826170.0}, {""decile"": 2, ""cases_count"": 91, ""avg_expected_prob"": 0.496, ""total_target_in_decile"": 1742810.0}, {""decile"": 3, ""cases_count"": 91, ""avg_expected_prob"": 0.438, ""total_target_in_decile"": 1637330.0}, {""decile"": 4, ""cases_count"": 91, ""avg_expected_prob"": 0.387, ""total_target_in_decile"": 1666340.0}, {""decile"": 5, ""cases_count"": 91, ""avg_expected_prob"": 0.346, ""total_target_in_decile"": 1728300.0}, {""decile"": 6, ""cases_count"": 91, ""avg_expected_prob"": 0.299, ""total_target_in_decile"": 1618710.0}, {""decile"": 7, ""cases_count"": 91, ""avg_expected_prob"": 0.268, ""total_target_in_decile"": 1728250.0}, {""decile"": 8, ""cases_count"": 91, ""avg_expected_prob"": 0.21, ""total_target_in_decile"": 1422800.0}, {""decile"": 9, ""cases_count"": 91, ""avg_expected_prob"": 0.161, ""total_target_in_decile"": 1683060.0}, {""decile"": 10, ""cases_count"": 97, ""avg_expected_prob"": 0.096, ""total_target_in_decile"": 1426070.0}]}}",52960967-9f88-4177-865e-2bbb1eb14ee2,2026-09-08 11:39:40.558272+00,2026-09-08 11:39:40.55828+00
4005e8c2-4806-4f40-8fc0-3ffb9119c7c5,2026-09-10,SMART,PLANNED,921,214,697,22,15,1030602.86,"{""strategy"": ""SMART"", ""objective"": ""MAX_RECOVERY"", ""model_version"": ""scorecard-allocator-smart-v1.2"", ""is_simulated"": false, ""agents_count"": 15, ""allocated_cases_count"": 214, ""shadow_evaluation"": {""shadow_model"": ""calibrated-logit-shadow-v1.0"", ""cohort_size"": 921, ""avg_shadow_recovery_prob"": 0.326, ""decile_lift"": [{""decile"": 1, ""cases_count"": 92, ""avg_expected_prob"": 0.571, ""total_target_in_decile"": 1837360.0}, {""decile"": 2, ""cases_count"": 92, ""avg_expected_prob"": 0.495, ""total_target_in_decile"": 1827140.0}, {""decile"": 3, ""cases_count"": 92, ""avg_expected_prob"": 0.438, ""total_target_in_decile"": 1667280.0}, {""decile"": 4, ""cases_count"": 92, ""avg_expected_prob"": 0.387, ""total_target_in_decile"": 1672970.0}, {""decile"": 5, ""cases_count"": 92, ""avg_expected_prob"": 0.347, ""total_target_in_decile"": 1746460.0}, {""decile"": 6, ""cases_count"": 92, ""avg_expected_prob"": 0.299, ""total_target_in_decile"": 1626440.0}, {""decile"": 7, ""cases_count"": 92, ""avg_expected_prob"": 0.267, ""total_target_in_decile"": 1745440.0}, {""decile"": 8, ""cases_count"": 92, ""avg_expected_prob"": 0.209, ""total_target_in_decile"": 1463610.0}, {""decile"": 9, ""cases_count"": 92, ""avg_expected_prob"": 0.158, ""total_target_in_decile"": 1694640.0}, {""decile"": 10, ""cases_count"": 93, ""avg_expected_prob"": 0.095, ""total_target_in_decile"": 1348760.0}]}}",5327b6cd-3336-4340-9887-eeb6477a3fe5,2026-09-09 08:48:05.656332+00,2026-09-09 08:48:05.656337+00
4005e8c2-4806-4f40-8fc0-3ffb9119c7c5,2026-09-02,LEGACY,PLANNED,520,214,242,64,15,5497804.03,"{""strategy"": ""LEGACY"", ""is_simulated"": false, ""agents_count"": 15, ""allocated_cases_count"": 214}",544a7687-c7e2-4b0f-9f76-f9c68cec8abf,2026-09-01 05:25:33.891686+00,2026-09-01 05:25:33.891692+00
4005e8c2-4806-4f40-8fc0-3ffb9119c7c5,2026-09-09,SMART,PLANNED,916,214,697,22,15,915719.35,"{""strategy"": ""SMART"", ""objective"": ""BALANCED"", ""model_version"": ""scorecard-allocator-smart-v1.2"", ""is_simulated"": false, ""agents_count"": 15, ""allocated_cases_count"": 214, ""shadow_evaluation"": {""shadow_model"": ""calibrated-logit-shadow-v1.0"", ""cohort_size"": 916, ""avg_shadow_recovery_prob"": 0.326, ""decile_lift"": [{""decile"": 1, ""cases_count"": 91, ""avg_expected_prob"": 0.571, ""total_target_in_decile"": 1826170.0}, {""decile"": 2, ""cases_count"": 91, ""avg_expected_prob"": 0.496, ""total_target_in_decile"": 1742810.0}, {""decile"": 3, ""cases_count"": 91, ""avg_expected_prob"": 0.438, ""total_target_in_decile"": 1637330.0}, {""decile"": 4, ""cases_count"": 91, ""avg_expected_prob"": 0.387, ""total_target_in_decile"": 1666340.0}, {""decile"": 5, ""cases_count"": 91, ""avg_expected_prob"": 0.346, ""total_target_in_decile"": 1728300.0}, {""decile"": 6, ""cases_count"": 91, ""avg_expected_prob"": 0.299, ""total_target_in_decile"": 1618710.0}, {""decile"": 7, ""cases_count"": 91, ""avg_expected_prob"": 0.268, ""total_target_in_decile"": 1728250.0}, {""decile"": 8, ""cases_count"": 91, ""avg_expected_prob"": 0.21, ""total_target_in_decile"": 1422800.0}, {""decile"": 9, ""cases_count"": 91, ""avg_expected_prob"": 0.161, ""total_target_in_decile"": 1683060.0}, {""decile"": 10, ""cases_count"": 97, ""avg_expected_prob"": 0.096, ""total_target_in_decile"": 1426070.0}]}}",54632b6c-62fa-46d1-a772-17533013a6fd,2026-09-08 11:35:10.055066+00,2026-09-08 11:35:10.05507+00
e76c000f-245c-4c97-9cac-c3383e91f666,2026-09-16,SMART,PLANNED,0,0,0,0,0,0,"{""message"": ""No active agents available for manager.""}",54b861dc-02ab-4a4a-a5ed-d018e5a49cbb,2026-09-15 15:26:39.546381+00,2026-09-15 15:26:39.546388+00
f8728caa-6efb-4506-93ac-120f22963a7b,2026-09-02,SMART,PLANNED,520,45,411,64,3,2144286.34,"{""strategy"": ""SMART"", ""is_simulated"": false, ""agents_count"": 3, ""allocated_cases_count"": 45}",562dcd88-fe2b-4f76-8f42-bb146bbd1025,2026-09-01 05:38:23.992266+00,2026-09-01 05:38:23.992271+00
e76c000f-245c-4c97-9cac-c3383e91f666,2026-09-07,SMART,PLANNED,0,0,0,0,0,0,"{""message"": ""No active agents available for manager.""}",5cbef5c9-291f-4354-91fe-4c4f139f9c31,2026-09-06 15:01:58.952003+00,2026-09-06 15:01:58.952009+00
4005e8c2-4806-4f40-8fc0-3ffb9119c7c5,2026-09-03,SMART,PLANNED,319,214,84,21,15,9145132.63,"{""strategy"": ""SMART"", ""objective"": ""BALANCED"", ""model_version"": ""scorecard-allocator-smart-v1.2"", ""is_simulated"": false, ""agents_count"": 15, ""allocated_cases_count"": 214, ""shadow_evaluation"": {""shadow_model"": ""calibrated-logit-shadow-v1.0"", ""cohort_size"": 319, ""avg_shadow_recovery_prob"": 0.28, ""decile_lift"": [{""decile"": 1, ""cases_count"": 31, ""avg_expected_prob"": 0.485, ""total_target_in_decile"": 732654.44}, {""decile"": 2, ""cases_count"": 31, ""avg_expected_prob"": 0.426, ""total_target_in_decile"": 903103.31}, {""decile"": 3, ""cases_count"": 31, ""avg_expected_prob"": 0.385, ""total_target_in_decile"": 902827.79}, {""decile"": 4, ""cases_count"": 31, ""avg_expected_prob"": 0.347, ""total_target_in_decile"": 1238151.53}, {""decile"": 5, ""cases_count"": 31, ""avg_expected_prob"": 0.309, ""total_target_in_decile"": 1214063.83}, {""decile"": 6, ""cases_count"": 31, ""avg_expected_prob"": 0.27, ""total_target_in_decile"": 770607.29}, {""decile"": 7, ""cases_count"": 31, ""avg_expected_prob"": 0.233, ""total_target_in_decile"": 1432831.62}, {""decile"": 8, ""cases_count"": 31, ""avg_expected_prob"": 0.194, ""total_target_in_decile"": 2168644.55}, {""decile"": 9, ""cases_count"": 31, ""avg_expected_prob"": 0.132, ""total_target_in_decile"": 3035943.84}, {""decile"": 10, ""cases_count"": 40, ""avg_expected_prob"": 0.077, ""total_target_in_decile"": 3833134.19}]}}",5d0ff218-9b90-415a-a74c-b664d447b811,2026-09-02 09:10:23.058579+00,2026-09-02 09:10:23.058579+00
4005e8c2-4806-4f40-8fc0-3ffb9119c7c5,2026-09-03,SMART,PLANNED,418,214,178,26,15,13623460.28,"{""strategy"": ""SMART"", ""objective"": ""BALANCED"", ""model_version"": ""scorecard-allocator-smart-v1.2"", ""is_simulated"": false, ""agents_count"": 15, ""allocated_cases_count"": 214, ""shadow_evaluation"": {""shadow_model"": ""calibrated-logit-shadow-v1.0"", ""cohort_size"": 418, ""avg_shadow_recovery_prob"": 0.285, ""decile_lift"": [{""decile"": 1, ""cases_count"": 41, ""avg_expected_prob"": 0.492, ""total_target_in_decile"": 1174243.17}, {""decile"": 2, ""cases_count"": 41, ""avg_expected_prob"": 0.435, ""total_target_in_decile"": 1153302.46}, {""decile"": 3, ""cases_count"": 41, ""avg_expected_prob"": 0.396, ""total_target_in_decile"": 1468522.46}, {""decile"": 4, ""cases_count"": 41, ""avg_expected_prob"": 0.359, ""total_target_in_decile"": 1320816.34}, {""decile"": 5, ""cases_count"": 41, ""avg_expected_prob"": 0.316, ""total_target_in_decile"": 1767267.22}, {""decile"": 6, ""cases_count"": 41, ""avg_expected_prob"": 0.279, ""total_target_in_decile"": 1178072.99}, {""decile"": 7, ""cases_count"": 41, ""avg_expected_prob"": 0.235, ""total_target_in_decile"": 2361320.39}, {""decile"": 8, ""cases_count"": 41, ""avg_expected_prob"": 0.185, ""total_target_in_decile"": 3026469.34}, {""decile"": 9, ""cases_count"": 41, ""avg_expected_prob"": 0.123, ""total_target_in_decile"": 4158928.7}, {""decile"": 10, ""cases_count"": 49, ""avg_expected_prob"": 0.074, ""total_target_in_decile"": 5687456.22}]}}",5d8fe5e2-8bc5-4f25-b931-5db9d6044f20,2026-09-02 06:01:13.577828+00,2026-09-02 06:01:13.577832+00
4005e8c2-4806-4f40-8fc0-3ffb9119c7c5,2026-09-02,SMART,PLANNED,419,214,179,26,15,13619403.24,"{""strategy"": ""SMART"", ""objective"": ""BALANCED"", ""model_version"": ""scorecard-allocator-smart-v1.2"", ""is_simulated"": false, ""agents_count"": 15, ""allocated_cases_count"": 214, ""shadow_evaluation"": {""shadow_model"": ""calibrated-logit-shadow-v1.0"", ""cohort_size"": 419, ""avg_shadow_recovery_prob"": 0.286, ""decile_lift"": [{""decile"": 1, ""cases_count"": 41, ""avg_expected_prob"": 0.492, ""total_target_in_decile"": 1174243.17}, {""decile"": 2, ""cases_count"": 41, ""avg_expected_prob"": 0.435, ""total_target_in_decile"": 1150914.08}, {""decile"": 3, ""cases_count"": 41, ""avg_expected_prob"": 0.397, ""total_target_in_decile"": 1469604.13}, {""decile"": 4, ""cases_count"": 41, ""avg_expected_prob"": 0.36, ""total_target_in_decile"": 1324272.16}, {""decile"": 5, ""cases_count"": 41, ""avg_expected_prob"": 0.317, ""total_target_in_decile"": 1764559.95}, {""decile"": 6, ""cases_count"": 41, ""avg_expected_prob"": 0.28, ""total_target_in_decile"": 1140031.15}, {""decile"": 7, ""cases_count"": 41, ""avg_expected_prob"": 0.237, ""total_target_in_decile"": 2274106.63}, {""decile"": 8, ""cases_count"": 41, ""avg_expected_prob"": 0.186, ""total_target_in_decile"": 3118962.25}, {""decile"": 9, ""cases_count"": 41, ""avg_expected_prob"": 0.124, ""total_target_in_decile"": 4057072.4}, {""decile"": 10, ""cases_count"": 50, ""avg_expected_prob"": 0.075, ""total_target_in_decile"": 5828483.37}]}}",5db725a4-0d5d-4f71-825f-f54a6006071d,2026-09-01 10:18:38.038588+00,2026-09-01 10:18:38.038594+00
f8728caa-6efb-4506-93ac-120f22963a7b,2026-09-10,SMART,PLANNED,381,20,357,4,3,101730.84,"{""strategy"": ""SMART"", ""objective"": ""BALANCED"", ""model_version"": ""scorecard-allocator-smart-v1.2"", ""is_simulated"": false, ""agents_count"": 3, ""allocated_cases_count"": 20, ""shadow_evaluation"": {""shadow_model"": ""calibrated-logit-shadow-v1.0"", ""cohort_size"": 381, ""avg_shadow_recovery_prob"": 0.33, ""decile_lift"": [{""decile"": 1, ""cases_count"": 38, ""avg_expected_prob"": 0.56, ""total_target_in_decile"": 456410.0}, {""decile"": 2, ""cases_count"": 38, ""avg_expected_prob"": 0.502, ""total_target_in_decile"": 479360.0}, {""decile"": 3, ""cases_count"": 38, ""avg_expected_prob"": 0.439, ""total_target_in_decile"": 299100.0}, {""decile"": 4, ""cases_count"": 38, ""avg_expected_prob"": 0.386, ""total_target_in_decile"": 436900.0}, {""decile"": 5, ""cases_count"": 38, ""avg_expected_prob"": 0.345, ""total_target_in_decile"": 369920.0}, {""decile"": 6, ""cases_count"": 38, ""avg_expected_prob"": 0.299, ""total_target_in_decile"": 452880.0}, {""decile"": 7, ""cases_count"": 38, ""avg_expected_prob"": 0.272, ""total_target_in_decile"": 400230.0}, {""decile"": 8, ""cases_count"": 38, ""avg_expected_prob"": 0.209, ""total_target_in_decile"": 473000.0}, {""decile"": 9, ""cases_count"": 38, ""avg_expected_prob"": 0.171, ""total_target_in_decile"": 592370.0}, {""decile"": 10, ""cases_count"": 39, ""avg_expected_prob"": 0.119, ""total_target_in_decile"": 554350.0}]}}",5e3a6313-5f42-4e6a-b381-b35debc79673,2026-09-09 09:16:33.231682+00,2026-09-09 09:16:33.231686+00
4005e8c2-4806-4f40-8fc0-3ffb9119c7c5,2026-09-04,SMART,PLANNED,502,214,359,20,15,3753260.91,"{""strategy"": ""SMART"", ""objective"": ""MAX_RECOVERY"", ""model_version"": ""scorecard-allocator-smart-v1.2"", ""is_simulated"": false, ""agents_count"": 15, ""allocated_cases_count"": 214, ""shadow_evaluation"": {""shadow_model"": ""calibrated-logit-shadow-v1.0"", ""cohort_size"": 502, ""avg_shadow_recovery_prob"": 0.307, ""decile_lift"": [{""decile"": 1, ""cases_count"": 50, ""avg_expected_prob"": 0.55, ""total_target_in_decile"": 940640.0}, {""decile"": 2, ""cases_count"": 50, ""avg_expected_prob"": 0.474, ""total_target_in_decile"": 1208630.0}, {""decile"": 3, ""cases_count"": 50, ""avg_expected_prob"": 0.414, ""total_target_in_decile"": 1098330.0}, {""decile"": 4, ""cases_count"": 50, ""avg_expected_prob"": 0.372, ""total_target_in_decile"": 1030310.0}, {""decile"": 5, ""cases_count"": 50, ""avg_expected_prob"": 0.325, ""total_target_in_decile"": 893180.0}, {""decile"": 6, ""cases_count"": 50, ""avg_expected_prob"": 0.286, ""total_target_in_decile"": 867940.0}, {""decile"": 7, ""cases_count"": 50, ""avg_expected_prob"": 0.241, ""total_target_in_decile"": 970300.0}, {""decile"": 8, ""cases_count"": 50, ""avg_expected_prob"": 0.195, ""total_target_in_decile"": 589370.0}, {""decile"": 9, ""cases_count"": 50, ""avg_expected_prob"": 0.142, ""total_target_in_decile"": 1028650.0}, {""decile"": 10, ""cases_count"": 52, ""avg_expected_prob"": 0.082, ""total_target_in_decile"": 729390.0}]}}",61dfb06c-138f-4b41-a355-75a307aaceaa,2026-09-03 10:17:46.738871+00,2026-09-03 10:17:46.738875+00
e76c000f-245c-4c97-9cac-c3383e91f666,2026-09-03,SMART,PLANNED,0,0,0,0,0,0,"{""message"": ""No active agents available for manager.""}",61f6056a-4f10-4b2e-aa9b-30e42bd077df,2026-09-02 05:53:50.887563+00,2026-09-02 05:53:50.88757+00
4005e8c2-4806-4f40-8fc0-3ffb9119c7c5,2026-09-03,SMART,PLANNED,417,214,177,26,15,13644618.65,"{""strategy"": ""SMART"", ""objective"": ""BALANCED"", ""model_version"": ""scorecard-allocator-smart-v1.2"", ""is_simulated"": false, ""agents_count"": 15, ""allocated_cases_count"": 214, ""shadow_evaluation"": {""shadow_model"": ""calibrated-logit-shadow-v1.0"", ""cohort_size"": 417, ""avg_shadow_recovery_prob"": 0.285, ""decile_lift"": [{""decile"": 1, ""cases_count"": 41, ""avg_expected_prob"": 0.492, ""total_target_in_decile"": 1174243.17}, {""decile"": 2, ""cases_count"": 41, ""avg_expected_prob"": 0.435, ""total_target_in_decile"": 1153302.46}, {""decile"": 3, ""cases_count"": 41, ""avg_expected_prob"": 0.396, ""total_target_in_decile"": 1475518.62}, {""decile"": 4, ""cases_count"": 41, ""avg_expected_prob"": 0.358, ""total_target_in_decile"": 1307855.49}, {""decile"": 5, ""cases_count"": 41, ""avg_expected_prob"": 0.315, ""total_target_in_decile"": 1770941.68}, {""decile"": 6, ""cases_count"": 41, ""avg_expected_prob"": 0.278, ""total_target_in_decile"": 1176726.67}, {""decile"": 7, ""cases_count"": 41, ""avg_expected_prob"": 0.234, ""total_target_in_decile"": 2455478.95}, {""decile"": 8, ""cases_count"": 41, ""avg_expected_prob"": 0.183, ""total_target_in_decile"": 2983347.33}, {""decile"": 9, ""cases_count"": 41, ""avg_expected_prob"": 0.122, ""total_target_in_decile"": 4280887.33}, {""decile"": 10, ""cases_count"": 48, ""avg_expected_prob"": 0.074, ""total_target_in_decile"": 5509997.59}]}}",63a75fee-4ddb-41ab-8cc0-ace8d031af3b,2026-09-02 06:59:14.070958+00,2026-09-02 06:59:14.070962+00
4005e8c2-4806-4f40-8fc0-3ffb9119c7c5,2026-09-21,SMART,PLANNED,1125,225,1013,23,15,1492899.52,"{""strategy"": ""SMART"", ""objective"": ""BALANCED"", ""model_version"": ""scorecard-allocator-smart-v1.2"", ""is_simulated"": false, ""agents_count"": 15, ""allocated_cases_count"": 225, ""shadow_evaluation"": {""shadow_model"": ""calibrated-logit-shadow-v1.0"", ""cohort_size"": 1125, ""avg_shadow_recovery_prob"": 0.322, ""decile_lift"": [{""decile"": 1, ""cases_count"": 112, ""avg_expected_prob"": 0.563, ""total_target_in_decile"": 1748200.0}, {""decile"": 2, ""cases_count"": 112, ""avg_expected_prob"": 0.485, ""total_target_in_decile"": 1840540.0}, {""decile"": 3, ""cases_count"": 112, ""avg_expected_prob"": 0.429, ""total_target_in_decile"": 1765450.0}, {""decile"": 4, ""cases_count"": 112, ""avg_expected_prob"": 0.383, ""total_target_in_decile"": 1587260.0}, {""decile"": 5, ""cases_count"": 112, ""avg_expected_prob"": 0.342, ""total_target_in_decile"": 1780800.0}, {""decile"": 6, ""cases_count"": 112, ""avg_expected_prob"": 0.294, ""total_target_in_decile"": 1600470.0}, {""decile"": 7, ""cases_count"": 112, ""avg_expected_prob"": 0.261, ""total_target_in_decile"": 1874400.0}, {""decile"": 8, ""cases_count"": 112, ""avg_expected_prob"": 0.205, ""total_target_in_decile"": 1535840.0}, {""decile"": 9, ""cases_count"": 112, ""avg_expected_prob"": 0.162, ""total_target_in_decile"": 1970040.0}, {""decile"": 10, ""cases_count"": 117, ""avg_expected_prob"": 0.103, ""total_target_in_decile"": 1686220.0}]}}",64c975d4-9297-4dcd-b402-d57cee27ca4c,2026-09-21 06:08:06.835023+00,2026-09-21 06:08:06.835028+00
4005e8c2-4806-4f40-8fc0-3ffb9119c7c5,2026-09-09,SMART,PLANNED,916,214,697,22,15,1546640.71,"{""strategy"": ""SMART"", ""objective"": ""BALANCED"", ""model_version"": ""scorecard-allocator-smart-v1.2"", ""is_simulated"": false, ""agents_count"": 15, ""allocated_cases_count"": 214, ""shadow_evaluation"": {""shadow_model"": ""calibrated-logit-shadow-v1.0"", ""cohort_size"": 916, ""avg_shadow_recovery_prob"": 0.326, ""decile_lift"": [{""decile"": 1, ""cases_count"": 91, ""avg_expected_prob"": 0.571, ""total_target_in_decile"": 1826170.0}, {""decile"": 2, ""cases_count"": 91, ""avg_expected_prob"": 0.496, ""total_target_in_decile"": 1742810.0}, {""decile"": 3, ""cases_count"": 91, ""avg_expected_prob"": 0.438, ""total_target_in_decile"": 1637330.0}, {""decile"": 4, ""cases_count"": 91, ""avg_expected_prob"": 0.387, ""total_target_in_decile"": 1666340.0}, {""decile"": 5, ""cases_count"": 91, ""avg_expected_prob"": 0.346, ""total_target_in_decile"": 1728300.0}, {""decile"": 6, ""cases_count"": 91, ""avg_expected_prob"": 0.299, ""total_target_in_decile"": 1618710.0}, {""decile"": 7, ""cases_count"": 91, ""avg_expected_prob"": 0.268, ""total_target_in_decile"": 1728250.0}, {""decile"": 8, ""cases_count"": 91, ""avg_expected_prob"": 0.21, ""total_target_in_decile"": 1422800.0}, {""decile"": 9, ""cases_count"": 91, ""avg_expected_prob"": 0.161, ""total_target_in_decile"": 1683060.0}, {""decile"": 10, ""cases_count"": 97, ""avg_expected_prob"": 0.096, ""total_target_in_decile"": 1426070.0}]}}",696e0476-23b6-4632-ad35-fba29d0d6f68,2026-09-08 11:08:04.364524+00,2026-09-08 11:08:04.364529+00
4005e8c2-4806-4f40-8fc0-3ffb9119c7c5,2026-09-09,SMART,PLANNED,916,214,697,22,15,886228.94,"{""strategy"": ""SMART"", ""objective"": ""BALANCED"", ""model_version"": ""scorecard-allocator-smart-v1.2"", ""is_simulated"": false, ""agents_count"": 15, ""allocated_cases_count"": 214, ""shadow_evaluation"": {""shadow_model"": ""calibrated-logit-shadow-v1.0"", ""cohort_size"": 916, ""avg_shadow_recovery_prob"": 0.326, ""decile_lift"": [{""decile"": 1, ""cases_count"": 91, ""avg_expected_prob"": 0.571, ""total_target_in_decile"": 1826170.0}, {""decile"": 2, ""cases_count"": 91, ""avg_expected_prob"": 0.496, ""total_target_in_decile"": 1742810.0}, {""decile"": 3, ""cases_count"": 91, ""avg_expected_prob"": 0.438, ""total_target_in_decile"": 1637330.0}, {""decile"": 4, ""cases_count"": 91, ""avg_expected_prob"": 0.387, ""total_target_in_decile"": 1666340.0}, {""decile"": 5, ""cases_count"": 91, ""avg_expected_prob"": 0.346, ""total_target_in_decile"": 1728300.0}, {""decile"": 6, ""cases_count"": 91, ""avg_expected_prob"": 0.299, ""total_target_in_decile"": 1618710.0}, {""decile"": 7, ""cases_count"": 91, ""avg_expected_prob"": 0.268, ""total_target_in_decile"": 1728250.0}, {""decile"": 8, ""cases_count"": 91, ""avg_expected_prob"": 0.21, ""total_target_in_decile"": 1422800.0}, {""decile"": 9, ""cases_count"": 91, ""avg_expected_prob"": 0.161, ""total_target_in_decile"": 1683060.0}, {""decile"": 10, ""cases_count"": 97, ""avg_expected_prob"": 0.096, ""total_target_in_decile"": 1426070.0}]}}",6a4ca988-4cc5-4b18-bbb6-d4d30c074eba,2026-09-08 11:15:35.096097+00,2026-09-08 11:15:35.096102+00
f8728caa-6efb-4506-93ac-120f22963a7b,2026-09-03,SMART,PLANNED,24,16,4,4,3,673562.47,"{""strategy"": ""SMART"", ""objective"": ""BALANCED"", ""model_version"": ""scorecard-allocator-smart-v1.2"", ""is_simulated"": false, ""agents_count"": 3, ""allocated_cases_count"": 16, ""shadow_evaluation"": {""shadow_model"": ""calibrated-logit-shadow-v1.0"", ""cohort_size"": 24, ""avg_shadow_recovery_prob"": 0.233, ""decile_lift"": [{""decile"": 1, ""cases_count"": 2, ""avg_expected_prob"": 0.511, ""total_target_in_decile"": 46354.25}, {""decile"": 2, ""cases_count"": 2, ""avg_expected_prob"": 0.412, ""total_target_in_decile"": 10936.79}, {""decile"": 3, ""cases_count"": 2, ""avg_expected_prob"": 0.357, ""total_target_in_decile"": 5724.79}, {""decile"": 4, ""cases_count"": 2, ""avg_expected_prob"": 0.27, ""total_target_in_decile"": 27491.61}, {""decile"": 5, ""cases_count"": 2, ""avg_expected_prob"": 0.26, ""total_target_in_decile"": 2693.96}, {""decile"": 6, ""cases_count"": 2, ""avg_expected_prob"": 0.23, ""total_target_in_decile"": 23758.27}, {""decile"": 7, ""cases_count"": 2, ""avg_expected_prob"": 0.203, ""total_target_in_decile"": 31035.65}, {""decile"": 8, ""cases_count"": 2, ""avg_expected_prob"": 0.169, ""total_target_in_decile"": 136889.48}, {""decile"": 9, ""cases_count"": 2, ""avg_expected_prob"": 0.128, ""total_target_in_decile"": 27043.74}, {""decile"": 10, ""cases_count"": 6, ""avg_expected_prob"": 0.084, ""total_target_in_decile"": 901378.0}]}}",6e5807a3-cdde-4ab1-9ee5-3bdb103d4ee9,2026-09-02 05:53:54.174251+00,2026-09-02 05:53:54.174256+00
4005e8c2-4806-4f40-8fc0-3ffb9119c7c5,2026-09-02,LEGACY,PLANNED,520,214,242,64,15,5497804.03,"{""strategy"": ""LEGACY"", ""is_simulated"": false, ""agents_count"": 15, ""allocated_cases_count"": 214}",70036602-3365-4d98-ac7f-ba044c65e7c8,2026-09-01 05:25:45.379969+00,2026-09-01 05:25:45.379975+00
4005e8c2-4806-4f40-8fc0-3ffb9119c7c5,2026-09-10,SMART,PLANNED,921,214,697,22,15,1019975.4,"{""strategy"": ""SMART"", ""objective"": ""MAX_RECOVERY"", ""model_version"": ""scorecard-allocator-smart-v1.2"", ""is_simulated"": false, ""agents_count"": 15, ""allocated_cases_count"": 214, ""shadow_evaluation"": {""shadow_model"": ""calibrated-logit-shadow-v1.0"", ""cohort_size"": 921, ""avg_shadow_recovery_prob"": 0.326, ""decile_lift"": [{""decile"": 1, ""cases_count"": 92, ""avg_expected_prob"": 0.571, ""total_target_in_decile"": 1837360.0}, {""decile"": 2, ""cases_count"": 92, ""avg_expected_prob"": 0.495, ""total_target_in_decile"": 1827140.0}, {""decile"": 3, ""cases_count"": 92, ""avg_expected_prob"": 0.438, ""total_target_in_decile"": 1667280.0}, {""decile"": 4, ""cases_count"": 92, ""avg_expected_prob"": 0.387, ""total_target_in_decile"": 1672970.0}, {""decile"": 5, ""cases_count"": 92, ""avg_expected_prob"": 0.347, ""total_target_in_decile"": 1746460.0}, {""decile"": 6, ""cases_count"": 92, ""avg_expected_prob"": 0.299, ""total_target_in_decile"": 1626440.0}, {""decile"": 7, ""cases_count"": 92, ""avg_expected_prob"": 0.267, ""total_target_in_decile"": 1745440.0}, {""decile"": 8, ""cases_count"": 92, ""avg_expected_prob"": 0.209, ""total_target_in_decile"": 1463610.0}, {""decile"": 9, ""cases_count"": 92, ""avg_expected_prob"": 0.158, ""total_target_in_decile"": 1694640.0}, {""decile"": 10, ""cases_count"": 93, ""avg_expected_prob"": 0.095, ""total_target_in_decile"": 1348760.0}]}}",72cc005c-68bf-498b-9057-f8a03939ef1e,2026-09-09 05:07:27.951689+00,2026-09-09 05:07:27.951695+00
4005e8c2-4806-4f40-8fc0-3ffb9119c7c5,2026-09-17,SMART,PLANNED,926,214,694,23,15,971259.7,"{""strategy"": ""SMART"", ""objective"": ""MAX_RECOVERY"", ""model_version"": ""scorecard-allocator-smart-v1.2"", ""is_simulated"": false, ""agents_count"": 15, ""allocated_cases_count"": 214, ""shadow_evaluation"": {""shadow_model"": ""calibrated-logit-shadow-v1.0"", ""cohort_size"": 926, ""avg_shadow_recovery_prob"": 0.324, ""decile_lift"": [{""decile"": 1, ""cases_count"": 92, ""avg_expected_prob"": 0.569, ""total_target_in_decile"": 1828570.0}, {""decile"": 2, ""cases_count"": 92, ""avg_expected_prob"": 0.491, ""total_target_in_decile"": 1673810.0}, {""decile"": 3, ""cases_count"": 92, ""avg_expected_prob"": 0.435, ""total_target_in_decile"": 1841180.0}, {""decile"": 4, ""cases_count"": 92, ""avg_expected_prob"": 0.386, ""total_target_in_decile"": 1686700.0}, {""decile"": 5, ""cases_count"": 92, ""avg_expected_prob"": 0.344, ""total_target_in_decile"": 1663760.0}, {""decile"": 6, ""cases_count"": 92, ""avg_expected_prob"": 0.297, ""total_target_in_decile"": 1676150.0}, {""decile"": 7, ""cases_count"": 92, ""avg_expected_prob"": 0.267, ""total_target_in_decile"": 1765140.0}, {""decile"": 8, ""cases_count"": 92, ""avg_expected_prob"": 0.211, ""total_target_in_decile"": 1436630.0}, {""decile"": 9, ""cases_count"": 92, ""avg_expected_prob"": 0.161, ""total_target_in_decile"": 1578240.0}, {""decile"": 10, ""cases_count"": 98, ""avg_expected_prob"": 0.095, ""total_target_in_decile"": 1541810.0}]}}",73d54ae6-1069-4861-8874-63947a47c744,2026-09-16 05:34:00.944394+00,2026-09-16 05:34:00.944398+00
4005e8c2-4806-4f40-8fc0-3ffb9119c7c5,2026-09-03,SMART,PLANNED,246,202,23,21,15,4852150.35,"{""strategy"": ""SMART"", ""objective"": ""MAX_RECOVERY"", ""model_version"": ""scorecard-allocator-smart-v1.2"", ""is_simulated"": false, ""agents_count"": 15, ""allocated_cases_count"": 202, ""shadow_evaluation"": {""shadow_model"": ""calibrated-logit-shadow-v1.0"", ""cohort_size"": 246, ""avg_shadow_recovery_prob"": 0.278, ""decile_lift"": [{""decile"": 1, ""cases_count"": 24, ""avg_expected_prob"": 0.487, ""total_target_in_decile"": 340845.41}, {""decile"": 2, ""cases_count"": 24, ""avg_expected_prob"": 0.42, ""total_target_in_decile"": 342399.07}, {""decile"": 3, ""cases_count"": 24, ""avg_expected_prob"": 0.381, ""total_target_in_decile"": 373615.66}, {""decile"": 4, ""cases_count"": 24, ""avg_expected_prob"": 0.343, ""total_target_in_decile"": 1016690.81}, {""decile"": 5, ""cases_count"": 24, ""avg_expected_prob"": 0.307, ""total_target_in_decile"": 523050.16}, {""decile"": 6, ""cases_count"": 24, ""avg_expected_prob"": 0.271, ""total_target_in_decile"": 676733.61}, {""decile"": 7, ""cases_count"": 24, ""avg_expected_prob"": 0.227, ""total_target_in_decile"": 798277.59}, {""decile"": 8, ""cases_count"": 24, ""avg_expected_prob"": 0.195, ""total_target_in_decile"": 1762921.68}, {""decile"": 9, ""cases_count"": 24, ""avg_expected_prob"": 0.131, ""total_target_in_decile"": 1346012.2}, {""decile"": 10, ""cases_count"": 30, ""avg_expected_prob"": 0.072, ""total_target_in_decile"": 2703791.94}]}}",757179c9-d127-493d-8fd4-e5d37700c530,2026-09-02 13:37:47.459246+00,2026-09-02 13:37:47.459251+00
4005e8c2-4806-4f40-8fc0-3ffb9119c7c5,2026-09-02,SMART,PLANNED,419,214,179,26,15,13619403.24,"{""strategy"": ""SMART"", ""objective"": ""BALANCED"", ""model_version"": ""scorecard-allocator-smart-v1.2"", ""is_simulated"": false, ""agents_count"": 15, ""allocated_cases_count"": 214, ""shadow_evaluation"": {""shadow_model"": ""calibrated-logit-shadow-v1.0"", ""cohort_size"": 419, ""avg_shadow_recovery_prob"": 0.286, ""decile_lift"": [{""decile"": 1, ""cases_count"": 41, ""avg_expected_prob"": 0.492, ""total_target_in_decile"": 1174243.17}, {""decile"": 2, ""cases_count"": 41, ""avg_expected_prob"": 0.435, ""total_target_in_decile"": 1150914.08}, {""decile"": 3, ""cases_count"": 41, ""avg_expected_prob"": 0.397, ""total_target_in_decile"": 1469604.13}, {""decile"": 4, ""cases_count"": 41, ""avg_expected_prob"": 0.36, ""total_target_in_decile"": 1324272.16}, {""decile"": 5, ""cases_count"": 41, ""avg_expected_prob"": 0.317, ""total_target_in_decile"": 1764559.95}, {""decile"": 6, ""cases_count"": 41, ""avg_expected_prob"": 0.28, ""total_target_in_decile"": 1140031.15}, {""decile"": 7, ""cases_count"": 41, ""avg_expected_prob"": 0.237, ""total_target_in_decile"": 2274106.63}, {""decile"": 8, ""cases_count"": 41, ""avg_expected_prob"": 0.186, ""total_target_in_decile"": 3118962.25}, {""decile"": 9, ""cases_count"": 41, ""avg_expected_prob"": 0.124, ""total_target_in_decile"": 4057072.4}, {""decile"": 10, ""cases_count"": 50, ""avg_expected_prob"": 0.075, ""total_target_in_decile"": 5828483.37}]}}",7b686587-5953-42d6-a6ab-df2e37971d3a,2026-09-01 11:52:53.56117+00,2026-09-01 11:52:53.561176+00
4005e8c2-4806-4f40-8fc0-3ffb9119c7c5,2026-09-02,SMART,ROLLED_BACK,520,214,242,64,15,5497804.03,"{""strategy"": ""SMART"", ""is_simulated"": false, ""agents_count"": 15, ""allocated_cases_count"": 214}",7c05037d-6191-4ae1-be5a-225cd4aebcac,2026-09-01 05:24:16.862474+00,2026-09-01 05:25:27.590922+00
f8728caa-6efb-4506-93ac-120f22963a7b,2026-09-02,SMART,PLANNED,520,45,381,64,3,1943709.22,"{""strategy"": ""SMART"", ""is_simulated"": false, ""agents_count"": 3, ""allocated_cases_count"": 45}",83e7c4dc-b071-4a74-ba6f-84c56cd080df,2026-09-01 05:39:38.716528+00,2026-09-01 05:39:38.716533+00
4005e8c2-4806-4f40-8fc0-3ffb9119c7c5,2026-09-10,SMART,PLANNED,921,214,697,22,15,910994.15,"{""strategy"": ""SMART"", ""objective"": ""BALANCED"", ""model_version"": ""scorecard-allocator-smart-v1.2"", ""is_simulated"": false, ""agents_count"": 15, ""allocated_cases_count"": 214, ""shadow_evaluation"": {""shadow_model"": ""calibrated-logit-shadow-v1.0"", ""cohort_size"": 921, ""avg_shadow_recovery_prob"": 0.326, ""decile_lift"": [{""decile"": 1, ""cases_count"": 92, ""avg_expected_prob"": 0.571, ""total_target_in_decile"": 1837360.0}, {""decile"": 2, ""cases_count"": 92, ""avg_expected_prob"": 0.495, ""total_target_in_decile"": 1827140.0}, {""decile"": 3, ""cases_count"": 92, ""avg_expected_prob"": 0.438, ""total_target_in_decile"": 1667280.0}, {""decile"": 4, ""cases_count"": 92, ""avg_expected_prob"": 0.387, ""total_target_in_decile"": 1672970.0}, {""decile"": 5, ""cases_count"": 92, ""avg_expected_prob"": 0.347, ""total_target_in_decile"": 1746460.0}, {""decile"": 6, ""cases_count"": 92, ""avg_expected_prob"": 0.299, ""total_target_in_decile"": 1626440.0}, {""decile"": 7, ""cases_count"": 92, ""avg_expected_prob"": 0.267, ""total_target_in_decile"": 1745440.0}, {""decile"": 8, ""cases_count"": 92, ""avg_expected_prob"": 0.209, ""total_target_in_decile"": 1463610.0}, {""decile"": 9, ""cases_count"": 92, ""avg_expected_prob"": 0.158, ""total_target_in_decile"": 1694640.0}, {""decile"": 10, ""cases_count"": 93, ""avg_expected_prob"": 0.095, ""total_target_in_decile"": 1348760.0}]}}",85c6c0ba-6b70-4430-86b1-a0a368779367,2026-09-09 11:55:28.961057+00,2026-09-09 11:55:28.961062+00
4005e8c2-4806-4f40-8fc0-3ffb9119c7c5,2026-09-02,SMART,PLANNED,520,214,203,64,15,10065264.8,"{""strategy"": ""SMART"", ""is_simulated"": false, ""agents_count"": 15, ""allocated_cases_count"": 214}",895256e4-2e6c-4ee4-93bc-3c6b2835ad30,2026-09-01 05:41:21.277488+00,2026-09-01 05:41:21.277494+00
e76c000f-245c-4c97-9cac-c3383e91f666,2026-09-19,SMART,PLANNED,0,0,0,0,0,0,"{""message"": ""No active agents available for manager.""}",8e8131b2-589b-4e5f-8877-530b422ad6d0,2026-09-18 04:47:04.095546+00,2026-09-18 04:47:04.095553+00
4005e8c2-4806-4f40-8fc0-3ffb9119c7c5,2026-09-18,SMART,PLANNED,929,214,694,23,15,1684009.18,"{""strategy"": ""SMART"", ""objective"": ""BALANCED"", ""model_version"": ""scorecard-allocator-smart-v1.2"", ""is_simulated"": false, ""agents_count"": 15, ""allocated_cases_count"": 214, ""shadow_evaluation"": {""shadow_model"": ""calibrated-logit-shadow-v1.0"", ""cohort_size"": 929, ""avg_shadow_recovery_prob"": 0.325, ""decile_lift"": [{""decile"": 1, ""cases_count"": 92, ""avg_expected_prob"": 0.569, ""total_target_in_decile"": 1830190.0}, {""decile"": 2, ""cases_count"": 92, ""avg_expected_prob"": 0.491, ""total_target_in_decile"": 1669060.0}, {""decile"": 3, ""cases_count"": 92, ""avg_expected_prob"": 0.437, ""total_target_in_decile"": 1830250.0}, {""decile"": 4, ""cases_count"": 92, ""avg_expected_prob"": 0.387, ""total_target_in_decile"": 1673080.0}, {""decile"": 5, ""cases_count"": 92, ""avg_expected_prob"": 0.346, ""total_target_in_decile"": 1701640.0}, {""decile"": 6, ""cases_count"": 92, ""avg_expected_prob"": 0.298, ""total_target_in_decile"": 1677850.0}, {""decile"": 7, ""cases_count"": 92, ""avg_expected_prob"": 0.268, ""total_target_in_decile"": 1725760.0}, {""decile"": 8, ""cases_count"": 92, ""avg_expected_prob"": 0.213, ""total_target_in_decile"": 1480210.0}, {""decile"": 9, ""cases_count"": 92, ""avg_expected_prob"": 0.163, ""total_target_in_decile"": 1566240.0}, {""decile"": 10, ""cases_count"": 101, ""avg_expected_prob"": 0.096, ""total_target_in_decile"": 1575540.0}]}}",8ff90708-d369-4e6d-b942-68fe0d31856c,2026-09-17 04:53:18.818545+00,2026-09-17 04:53:18.818553+00
4005e8c2-4806-4f40-8fc0-3ffb9119c7c5,2026-09-03,SMART,PLANNED,319,214,84,21,15,9145132.63,"{""strategy"": ""SMART"", ""objective"": ""BALANCED"", ""model_version"": ""scorecard-allocator-smart-v1.2"", ""is_simulated"": false, ""agents_count"": 15, ""allocated_cases_count"": 214, ""shadow_evaluation"": {""shadow_model"": ""calibrated-logit-shadow-v1.0"", ""cohort_size"": 319, ""avg_shadow_recovery_prob"": 0.28, ""decile_lift"": [{""decile"": 1, ""cases_count"": 31, ""avg_expected_prob"": 0.485, ""total_target_in_decile"": 732654.44}, {""decile"": 2, ""cases_count"": 31, ""avg_expected_prob"": 0.426, ""total_target_in_decile"": 903103.31}, {""decile"": 3, ""cases_count"": 31, ""avg_expected_prob"": 0.385, ""total_target_in_decile"": 902827.79}, {""decile"": 4, ""cases_count"": 31, ""avg_expected_prob"": 0.347, ""total_target_in_decile"": 1238151.53}, {""decile"": 5, ""cases_count"": 31, ""avg_expected_prob"": 0.309, ""total_target_in_decile"": 1214063.83}, {""decile"": 6, ""cases_count"": 31, ""avg_expected_prob"": 0.27, ""total_target_in_decile"": 770607.29}, {""decile"": 7, ""cases_count"": 31, ""avg_expected_prob"": 0.233, ""total_target_in_decile"": 1432831.62}, {""decile"": 8, ""cases_count"": 31, ""avg_expected_prob"": 0.194, ""total_target_in_decile"": 2168644.55}, {""decile"": 9, ""cases_count"": 31, ""avg_expected_prob"": 0.132, ""total_target_in_decile"": 3035943.84}, {""decile"": 10, ""cases_count"": 40, ""avg_expected_prob"": 0.077, ""total_target_in_decile"": 3833134.19}]}}",92de2261-e175-4166-8bb8-0e4ad77121cb,2026-09-02 11:29:52.956625+00,2026-09-02 11:29:52.956633+00
4005e8c2-4806-4f40-8fc0-3ffb9119c7c5,2026-09-22,SMART,PLANNED,1125,213,1025,23,15,1481385.15,"{""strategy"": ""SMART"", ""objective"": ""MAX_RECOVERY"", ""model_version"": ""scorecard-allocator-smart-v1.2"", ""is_simulated"": false, ""agents_count"": 15, ""allocated_cases_count"": 213, ""shadow_evaluation"": {""shadow_model"": ""calibrated-logit-shadow-v1.0"", ""cohort_size"": 1125, ""avg_shadow_recovery_prob"": 0.322, ""decile_lift"": [{""decile"": 1, ""cases_count"": 112, ""avg_expected_prob"": 0.563, ""total_target_in_decile"": 1748200.0}, {""decile"": 2, ""cases_count"": 112, ""avg_expected_prob"": 0.485, ""total_target_in_decile"": 1840540.0}, {""decile"": 3, ""cases_count"": 112, ""avg_expected_prob"": 0.429, ""total_target_in_decile"": 1765450.0}, {""decile"": 4, ""cases_count"": 112, ""avg_expected_prob"": 0.383, ""total_target_in_decile"": 1587260.0}, {""decile"": 5, ""cases_count"": 112, ""avg_expected_prob"": 0.342, ""total_target_in_decile"": 1780800.0}, {""decile"": 6, ""cases_count"": 112, ""avg_expected_prob"": 0.294, ""total_target_in_decile"": 1600470.0}, {""decile"": 7, ""cases_count"": 112, ""avg_expected_prob"": 0.261, ""total_target_in_decile"": 1874400.0}, {""decile"": 8, ""cases_count"": 112, ""avg_expected_prob"": 0.205, ""total_target_in_decile"": 1535840.0}, {""decile"": 9, ""cases_count"": 112, ""avg_expected_prob"": 0.162, ""total_target_in_decile"": 1970040.0}, {""decile"": 10, ""cases_count"": 117, ""avg_expected_prob"": 0.103, ""total_target_in_decile"": 1686220.0}]}}",94cd2211-f2d8-4c96-982e-39207aee3e56,2026-09-21 05:17:11.574327+00,2026-09-21 05:17:11.574332+00
4005e8c2-4806-4f40-8fc0-3ffb9119c7c5,2026-09-10,SMART,PLANNED,921,214,697,22,15,911808.46,"{""strategy"": ""SMART"", ""objective"": ""BALANCED"", ""model_version"": ""scorecard-allocator-smart-v1.2"", ""is_simulated"": false, ""agents_count"": 15, ""allocated_cases_count"": 214, ""shadow_evaluation"": {""shadow_model"": ""calibrated-logit-shadow-v1.0"", ""cohort_size"": 921, ""avg_shadow_recovery_prob"": 0.326, ""decile_lift"": [{""decile"": 1, ""cases_count"": 92, ""avg_expected_prob"": 0.571, ""total_target_in_decile"": 1837360.0}, {""decile"": 2, ""cases_count"": 92, ""avg_expected_prob"": 0.495, ""total_target_in_decile"": 1827140.0}, {""decile"": 3, ""cases_count"": 92, ""avg_expected_prob"": 0.438, ""total_target_in_decile"": 1667280.0}, {""decile"": 4, ""cases_count"": 92, ""avg_expected_prob"": 0.387, ""total_target_in_decile"": 1672970.0}, {""decile"": 5, ""cases_count"": 92, ""avg_expected_prob"": 0.347, ""total_target_in_decile"": 1746460.0}, {""decile"": 6, ""cases_count"": 92, ""avg_expected_prob"": 0.299, ""total_target_in_decile"": 1626440.0}, {""decile"": 7, ""cases_count"": 92, ""avg_expected_prob"": 0.267, ""total_target_in_decile"": 1745440.0}, {""decile"": 8, ""cases_count"": 92, ""avg_expected_prob"": 0.209, ""total_target_in_decile"": 1463610.0}, {""decile"": 9, ""cases_count"": 92, ""avg_expected_prob"": 0.158, ""total_target_in_decile"": 1694640.0}, {""decile"": 10, ""cases_count"": 93, ""avg_expected_prob"": 0.095, ""total_target_in_decile"": 1348760.0}]}}",95bdf714-30e0-42d2-b478-c3272e9d249d,2026-09-09 09:46:55.966174+00,2026-09-09 09:46:55.966194+00
e76c000f-245c-4c97-9cac-c3383e91f666,2026-09-16,SMART,PLANNED,0,0,0,0,0,0,"{""message"": ""No active agents available for manager.""}",985c91cb-bb08-4583-9bb7-84a21370d50d,2026-09-15 04:42:13.691317+00,2026-09-15 04:42:13.691323+00
4005e8c2-4806-4f40-8fc0-3ffb9119c7c5,2026-09-09,SMART,PLANNED,916,214,697,22,15,4260316.82,"{""strategy"": ""SMART"", ""objective"": ""BALANCED"", ""model_version"": ""scorecard-allocator-smart-v1.2"", ""is_simulated"": false, ""agents_count"": 15, ""allocated_cases_count"": 214, ""shadow_evaluation"": {""shadow_model"": ""calibrated-logit-shadow-v1.0"", ""cohort_size"": 916, ""avg_shadow_recovery_prob"": 0.326, ""decile_lift"": [{""decile"": 1, ""cases_count"": 91, ""avg_expected_prob"": 0.571, ""total_target_in_decile"": 1826170.0}, {""decile"": 2, ""cases_count"": 91, ""avg_expected_prob"": 0.496, ""total_target_in_decile"": 1742810.0}, {""decile"": 3, ""cases_count"": 91, ""avg_expected_prob"": 0.438, ""total_target_in_decile"": 1637330.0}, {""decile"": 4, ""cases_count"": 91, ""avg_expected_prob"": 0.387, ""total_target_in_decile"": 1666340.0}, {""decile"": 5, ""cases_count"": 91, ""avg_expected_prob"": 0.346, ""total_target_in_decile"": 1728300.0}, {""decile"": 6, ""cases_count"": 91, ""avg_expected_prob"": 0.299, ""total_target_in_decile"": 1618710.0}, {""decile"": 7, ""cases_count"": 91, ""avg_expected_prob"": 0.268, ""total_target_in_decile"": 1728250.0}, {""decile"": 8, ""cases_count"": 91, ""avg_expected_prob"": 0.21, ""total_target_in_decile"": 1422800.0}, {""decile"": 9, ""cases_count"": 91, ""avg_expected_prob"": 0.161, ""total_target_in_decile"": 1683060.0}, {""decile"": 10, ""cases_count"": 97, ""avg_expected_prob"": 0.096, ""total_target_in_decile"": 1426070.0}]}}",98e85a6c-2762-4a7c-a7f1-71d2243a4d49,2026-09-08 05:37:16.613909+00,2026-09-08 05:37:16.613913+00
4005e8c2-4806-4f40-8fc0-3ffb9119c7c5,2026-09-03,SMART,PLANNED,483,214,360,19,15,2720008.37,"{""strategy"": ""SMART"", ""objective"": ""MAX_RECOVERY"", ""model_version"": ""scorecard-allocator-smart-v1.2"", ""is_simulated"": false, ""agents_count"": 15, ""allocated_cases_count"": 214, ""shadow_evaluation"": {""shadow_model"": ""calibrated-logit-shadow-v1.0"", ""cohort_size"": 483, ""avg_shadow_recovery_prob"": 0.309, ""decile_lift"": [{""decile"": 1, ""cases_count"": 48, ""avg_expected_prob"": 0.552, ""total_target_in_decile"": 909400.0}, {""decile"": 2, ""cases_count"": 48, ""avg_expected_prob"": 0.476, ""total_target_in_decile"": 1136160.0}, {""decile"": 3, ""cases_count"": 48, ""avg_expected_prob"": 0.418, ""total_target_in_decile"": 1065310.0}, {""decile"": 4, ""cases_count"": 48, ""avg_expected_prob"": 0.374, ""total_target_in_decile"": 1008830.0}, {""decile"": 5, ""cases_count"": 48, ""avg_expected_prob"": 0.328, ""total_target_in_decile"": 810150.0}, {""decile"": 6, ""cases_count"": 48, ""avg_expected_prob"": 0.289, ""total_target_in_decile"": 857350.0}, {""decile"": 7, ""cases_count"": 48, ""avg_expected_prob"": 0.242, ""total_target_in_decile"": 900970.0}, {""decile"": 8, ""cases_count"": 48, ""avg_expected_prob"": 0.197, ""total_target_in_decile"": 530690.0}, {""decile"": 9, ""cases_count"": 48, ""avg_expected_prob"": 0.145, ""total_target_in_decile"": 982920.0}, {""decile"": 10, ""cases_count"": 51, ""avg_expected_prob"": 0.085, ""total_target_in_decile"": 715620.0}]}}",99f6f51f-d2f7-4d74-94ed-c56e3f1ca611,2026-09-02 15:41:24.601428+00,2026-09-02 15:41:24.601433+00
e76c000f-245c-4c97-9cac-c3383e91f666,2026-09-02,SMART,PLANNED,0,0,0,0,0,0,"{""message"": ""No active agents available for manager.""}",9aaab5ab-79f7-415d-b46c-8551cd52a987,2026-09-01 04:53:21.611568+00,2026-09-01 04:53:21.611634+00
4005e8c2-4806-4f40-8fc0-3ffb9119c7c5,2026-09-03,SMART,PLANNED,319,214,84,21,15,8803077.55,"{""strategy"": ""SMART"", ""objective"": ""MAX_RECOVERY"", ""model_version"": ""scorecard-allocator-smart-v1.2"", ""is_simulated"": false, ""agents_count"": 15, ""allocated_cases_count"": 214, ""shadow_evaluation"": {""shadow_model"": ""calibrated-logit-shadow-v1.0"", ""cohort_size"": 319, ""avg_shadow_recovery_prob"": 0.28, ""decile_lift"": [{""decile"": 1, ""cases_count"": 31, ""avg_expected_prob"": 0.485, ""total_target_in_decile"": 732654.44}, {""decile"": 2, ""cases_count"": 31, ""avg_expected_prob"": 0.426, ""total_target_in_decile"": 903103.31}, {""decile"": 3, ""cases_count"": 31, ""avg_expected_prob"": 0.385, ""total_target_in_decile"": 902827.79}, {""decile"": 4, ""cases_count"": 31, ""avg_expected_prob"": 0.347, ""total_target_in_decile"": 1238151.53}, {""decile"": 5, ""cases_count"": 31, ""avg_expected_prob"": 0.309, ""total_target_in_decile"": 1214063.83}, {""decile"": 6, ""cases_count"": 31, ""avg_expected_prob"": 0.27, ""total_target_in_decile"": 770607.29}, {""decile"": 7, ""cases_count"": 31, ""avg_expected_prob"": 0.233, ""total_target_in_decile"": 1432831.62}, {""decile"": 8, ""cases_count"": 31, ""avg_expected_prob"": 0.194, ""total_target_in_decile"": 2168644.55}, {""decile"": 9, ""cases_count"": 31, ""avg_expected_prob"": 0.132, ""total_target_in_decile"": 3035943.84}, {""decile"": 10, ""cases_count"": 40, ""avg_expected_prob"": 0.077, ""total_target_in_decile"": 3833134.19}]}}",9b037cbe-95dc-49f7-a991-d0009bdaa0c5,2026-09-02 12:11:03.661536+00,2026-09-02 12:11:03.661541+00
4005e8c2-4806-4f40-8fc0-3ffb9119c7c5,2026-09-10,SMART,PLANNED,921,214,697,22,15,910955.77,"{""strategy"": ""SMART"", ""objective"": ""BALANCED"", ""model_version"": ""scorecard-allocator-smart-v1.2"", ""is_simulated"": false, ""agents_count"": 15, ""allocated_cases_count"": 214, ""shadow_evaluation"": {""shadow_model"": ""calibrated-logit-shadow-v1.0"", ""cohort_size"": 921, ""avg_shadow_recovery_prob"": 0.326, ""decile_lift"": [{""decile"": 1, ""cases_count"": 92, ""avg_expected_prob"": 0.571, ""total_target_in_decile"": 1837360.0}, {""decile"": 2, ""cases_count"": 92, ""avg_expected_prob"": 0.495, ""total_target_in_decile"": 1827140.0}, {""decile"": 3, ""cases_count"": 92, ""avg_expected_prob"": 0.438, ""total_target_in_decile"": 1667280.0}, {""decile"": 4, ""cases_count"": 92, ""avg_expected_prob"": 0.387, ""total_target_in_decile"": 1672970.0}, {""decile"": 5, ""cases_count"": 92, ""avg_expected_prob"": 0.347, ""total_target_in_decile"": 1746460.0}, {""decile"": 6, ""cases_count"": 92, ""avg_expected_prob"": 0.299, ""total_target_in_decile"": 1626440.0}, {""decile"": 7, ""cases_count"": 92, ""avg_expected_prob"": 0.267, ""total_target_in_decile"": 1745440.0}, {""decile"": 8, ""cases_count"": 92, ""avg_expected_prob"": 0.209, ""total_target_in_decile"": 1463610.0}, {""decile"": 9, ""cases_count"": 92, ""avg_expected_prob"": 0.158, ""total_target_in_decile"": 1694640.0}, {""decile"": 10, ""cases_count"": 93, ""avg_expected_prob"": 0.095, ""total_target_in_decile"": 1348760.0}]}}",9e12cc7a-26e8-4a9e-b8b7-f0dd5ba4c645,2026-09-09 09:46:16.543318+00,2026-09-09 09:46:16.543322+00
4005e8c2-4806-4f40-8fc0-3ffb9119c7c5,2026-09-03,SMART,PLANNED,250,204,116,19,15,1732692.18,"{""strategy"": ""SMART"", ""objective"": ""MAX_RECOVERY"", ""model_version"": ""scorecard-allocator-smart-v1.2"", ""is_simulated"": false, ""agents_count"": 15, ""allocated_cases_count"": 204, ""shadow_evaluation"": {""shadow_model"": ""calibrated-logit-shadow-v1.0"", ""cohort_size"": 250, ""avg_shadow_recovery_prob"": 0.268, ""decile_lift"": [{""decile"": 1, ""cases_count"": 25, ""avg_expected_prob"": 0.473, ""total_target_in_decile"": 388266.4}, {""decile"": 2, ""cases_count"": 25, ""avg_expected_prob"": 0.41, ""total_target_in_decile"": 405884.52}, {""decile"": 3, ""cases_count"": 25, ""avg_expected_prob"": 0.367, ""total_target_in_decile"": 490163.58}, {""decile"": 4, ""cases_count"": 25, ""avg_expected_prob"": 0.332, ""total_target_in_decile"": 864549.74}, {""decile"": 5, ""cases_count"": 25, ""avg_expected_prob"": 0.29, ""total_target_in_decile"": 696713.13}, {""decile"": 6, ""cases_count"": 25, ""avg_expected_prob"": 0.253, ""total_target_in_decile"": 697451.16}, {""decile"": 7, ""cases_count"": 25, ""avg_expected_prob"": 0.212, ""total_target_in_decile"": 1475392.86}, {""decile"": 8, ""cases_count"": 25, ""avg_expected_prob"": 0.172, ""total_target_in_decile"": 2272935.55}, {""decile"": 9, ""cases_count"": 25, ""avg_expected_prob"": 0.109, ""total_target_in_decile"": 2690363.44}, {""decile"": 10, ""cases_count"": 25, ""avg_expected_prob"": 0.065, ""total_target_in_decile"": 1942090.88}]}}",9f6b40e1-afde-4eea-a139-ba094fb7941b,2026-09-02 15:08:42.183437+00,2026-09-02 15:08:42.183441+00
4005e8c2-4806-4f40-8fc0-3ffb9119c7c5,2026-09-22,SMART,PLANNED,1125,213,1025,23,15,1335565.83,"{""strategy"": ""SMART"", ""objective"": ""BALANCED"", ""model_version"": ""scorecard-allocator-smart-v1.2"", ""is_simulated"": false, ""agents_count"": 15, ""allocated_cases_count"": 213, ""shadow_evaluation"": {""shadow_model"": ""calibrated-logit-shadow-v1.0"", ""cohort_size"": 1125, ""avg_shadow_recovery_prob"": 0.322, ""decile_lift"": [{""decile"": 1, ""cases_count"": 112, ""avg_expected_prob"": 0.563, ""total_target_in_decile"": 1748200.0}, {""decile"": 2, ""cases_count"": 112, ""avg_expected_prob"": 0.485, ""total_target_in_decile"": 1840540.0}, {""decile"": 3, ""cases_count"": 112, ""avg_expected_prob"": 0.429, ""total_target_in_decile"": 1765450.0}, {""decile"": 4, ""cases_count"": 112, ""avg_expected_prob"": 0.383, ""total_target_in_decile"": 1587260.0}, {""decile"": 5, ""cases_count"": 112, ""avg_expected_prob"": 0.342, ""total_target_in_decile"": 1780800.0}, {""decile"": 6, ""cases_count"": 112, ""avg_expected_prob"": 0.294, ""total_target_in_decile"": 1600470.0}, {""decile"": 7, ""cases_count"": 112, ""avg_expected_prob"": 0.261, ""total_target_in_decile"": 1874400.0}, {""decile"": 8, ""cases_count"": 112, ""avg_expected_prob"": 0.205, ""total_target_in_decile"": 1535840.0}, {""decile"": 9, ""cases_count"": 112, ""avg_expected_prob"": 0.162, ""total_target_in_decile"": 1970040.0}, {""decile"": 10, ""cases_count"": 117, ""avg_expected_prob"": 0.103, ""total_target_in_decile"": 1686220.0}]}}",a30610d5-b086-4801-a8b9-89f777826c2a,2026-09-21 04:53:43.046642+00,2026-09-21 04:53:43.046649+00
f8728caa-6efb-4506-93ac-120f22963a7b,2026-09-02,SMART,PLANNED,520,45,411,64,3,2843566.96,"{""strategy"": ""SMART"", ""is_simulated"": false, ""agents_count"": 3, ""allocated_cases_count"": 45}",a447b36e-71ba-4333-bf38-108113ae09c6,2026-09-01 05:37:33.003984+00,2026-09-01 05:37:33.003991+00
4005e8c2-4806-4f40-8fc0-3ffb9119c7c5,2026-09-09,SMART,PLANNED,916,214,697,22,15,908439.96,"{""strategy"": ""SMART"", ""objective"": ""BALANCED"", ""model_version"": ""scorecard-allocator-smart-v1.2"", ""is_simulated"": false, ""agents_count"": 15, ""allocated_cases_count"": 214, ""shadow_evaluation"": {""shadow_model"": ""calibrated-logit-shadow-v1.0"", ""cohort_size"": 916, ""avg_shadow_recovery_prob"": 0.326, ""decile_lift"": [{""decile"": 1, ""cases_count"": 91, ""avg_expected_prob"": 0.571, ""total_target_in_decile"": 1826170.0}, {""decile"": 2, ""cases_count"": 91, ""avg_expected_prob"": 0.496, ""total_target_in_decile"": 1742810.0}, {""decile"": 3, ""cases_count"": 91, ""avg_expected_prob"": 0.438, ""total_target_in_decile"": 1637330.0}, {""decile"": 4, ""cases_count"": 91, ""avg_expected_prob"": 0.387, ""total_target_in_decile"": 1666340.0}, {""decile"": 5, ""cases_count"": 91, ""avg_expected_prob"": 0.346, ""total_target_in_decile"": 1728300.0}, {""decile"": 6, ""cases_count"": 91, ""avg_expected_prob"": 0.299, ""total_target_in_decile"": 1618710.0}, {""decile"": 7, ""cases_count"": 91, ""avg_expected_prob"": 0.268, ""total_target_in_decile"": 1728250.0}, {""decile"": 8, ""cases_count"": 91, ""avg_expected_prob"": 0.21, ""total_target_in_decile"": 1422800.0}, {""decile"": 9, ""cases_count"": 91, ""avg_expected_prob"": 0.161, ""total_target_in_decile"": 1683060.0}, {""decile"": 10, ""cases_count"": 97, ""avg_expected_prob"": 0.096, ""total_target_in_decile"": 1426070.0}]}}",a85ec680-5d1b-4bcd-90bc-3c032fcfb30d,2026-09-08 11:30:01.328634+00,2026-09-08 11:30:01.328646+00
f8728caa-6efb-4506-93ac-120f22963a7b,2026-09-07,SMART,PLANNED,274,19,254,3,3,403035.77,"{""strategy"": ""SMART"", ""objective"": ""BALANCED"", ""model_version"": ""scorecard-allocator-smart-v1.2"", ""is_simulated"": false, ""agents_count"": 3, ""allocated_cases_count"": 19, ""shadow_evaluation"": {""shadow_model"": ""calibrated-logit-shadow-v1.0"", ""cohort_size"": 274, ""avg_shadow_recovery_prob"": 0.335, ""decile_lift"": [{""decile"": 1, ""cases_count"": 27, ""avg_expected_prob"": 0.568, ""total_target_in_decile"": 419730.0}, {""decile"": 2, ""cases_count"": 27, ""avg_expected_prob"": 0.512, ""total_target_in_decile"": 361790.0}, {""decile"": 3, ""cases_count"": 27, ""avg_expected_prob"": 0.466, ""total_target_in_decile"": 270620.0}, {""decile"": 4, ""cases_count"": 27, ""avg_expected_prob"": 0.393, ""total_target_in_decile"": 295360.0}, {""decile"": 5, ""cases_count"": 27, ""avg_expected_prob"": 0.355, ""total_target_in_decile"": 246230.0}, {""decile"": 6, ""cases_count"": 27, ""avg_expected_prob"": 0.302, ""total_target_in_decile"": 322620.0}, {""decile"": 7, ""cases_count"": 27, ""avg_expected_prob"": 0.276, ""total_target_in_decile"": 280270.0}, {""decile"": 8, ""cases_count"": 27, ""avg_expected_prob"": 0.212, ""total_target_in_decile"": 334350.0}, {""decile"": 9, ""cases_count"": 27, ""avg_expected_prob"": 0.181, ""total_target_in_decile"": 372720.0}, {""decile"": 10, ""cases_count"": 31, ""avg_expected_prob"": 0.119, ""total_target_in_decile"": 439190.0}]}}",a869a85b-1dd0-433c-953b-74f7566b86ed,2026-09-06 15:02:01.576166+00,2026-09-06 15:02:01.576171+00
f8728caa-6efb-4506-93ac-120f22963a7b,2026-09-11,SMART,PLANNED,377,20,353,4,3,101673.85,"{""strategy"": ""SMART"", ""objective"": ""BALANCED"", ""model_version"": ""scorecard-allocator-smart-v1.2"", ""is_simulated"": false, ""agents_count"": 3, ""allocated_cases_count"": 20, ""shadow_evaluation"": {""shadow_model"": ""calibrated-logit-shadow-v1.0"", ""cohort_size"": 377, ""avg_shadow_recovery_prob"": 0.329, ""decile_lift"": [{""decile"": 1, ""cases_count"": 37, ""avg_expected_prob"": 0.561, ""total_target_in_decile"": 445220.0}, {""decile"": 2, ""cases_count"": 37, ""avg_expected_prob"": 0.504, ""total_target_in_decile"": 420460.0}, {""decile"": 3, ""cases_count"": 37, ""avg_expected_prob"": 0.441, ""total_target_in_decile"": 322460.0}, {""decile"": 4, ""cases_count"": 37, ""avg_expected_prob"": 0.386, ""total_target_in_decile"": 431710.0}, {""decile"": 5, ""cases_count"": 37, ""avg_expected_prob"": 0.348, ""total_target_in_decile"": 354440.0}, {""decile"": 6, ""cases_count"": 37, ""avg_expected_prob"": 0.3, ""total_target_in_decile"": 413890.0}, {""decile"": 7, ""cases_count"": 37, ""avg_expected_prob"": 0.277, ""total_target_in_decile"": 432130.0}, {""decile"": 8, ""cases_count"": 37, ""avg_expected_prob"": 0.211, ""total_target_in_decile"": 462930.0}, {""decile"": 9, ""cases_count"": 37, ""avg_expected_prob"": 0.178, ""total_target_in_decile"": 576600.0}, {""decile"": 10, ""cases_count"": 44, ""avg_expected_prob"": 0.121, ""total_target_in_decile"": 590960.0}]}}",a9cb7da7-dda2-49ca-a421-1905379b9f87,2026-09-10 04:54:16.861408+00,2026-09-10 04:54:16.861416+00
4005e8c2-4806-4f40-8fc0-3ffb9119c7c5,2026-09-03,SMART,PLANNED,418,214,178,26,15,13623460.28,"{""strategy"": ""SMART"", ""objective"": ""BALANCED"", ""model_version"": ""scorecard-allocator-smart-v1.2"", ""is_simulated"": false, ""agents_count"": 15, ""allocated_cases_count"": 214, ""shadow_evaluation"": {""shadow_model"": ""calibrated-logit-shadow-v1.0"", ""cohort_size"": 418, ""avg_shadow_recovery_prob"": 0.285, ""decile_lift"": [{""decile"": 1, ""cases_count"": 41, ""avg_expected_prob"": 0.492, ""total_target_in_decile"": 1174243.17}, {""decile"": 2, ""cases_count"": 41, ""avg_expected_prob"": 0.435, ""total_target_in_decile"": 1153302.46}, {""decile"": 3, ""cases_count"": 41, ""avg_expected_prob"": 0.396, ""total_target_in_decile"": 1468522.46}, {""decile"": 4, ""cases_count"": 41, ""avg_expected_prob"": 0.359, ""total_target_in_decile"": 1320816.34}, {""decile"": 5, ""cases_count"": 41, ""avg_expected_prob"": 0.316, ""total_target_in_decile"": 1767267.22}, {""decile"": 6, ""cases_count"": 41, ""avg_expected_prob"": 0.279, ""total_target_in_decile"": 1178072.99}, {""decile"": 7, ""cases_count"": 41, ""avg_expected_prob"": 0.235, ""total_target_in_decile"": 2361320.39}, {""decile"": 8, ""cases_count"": 41, ""avg_expected_prob"": 0.185, ""total_target_in_decile"": 3026469.34}, {""decile"": 9, ""cases_count"": 41, ""avg_expected_prob"": 0.123, ""total_target_in_decile"": 4158928.7}, {""decile"": 10, ""cases_count"": 49, ""avg_expected_prob"": 0.074, ""total_target_in_decile"": 5687456.22}]}}",aa8391c5-c6d5-4923-ab6f-c55939f03b5f,2026-09-02 05:54:02.162648+00,2026-09-02 05:54:02.162653+00
4005e8c2-4806-4f40-8fc0-3ffb9119c7c5,2026-09-10,SMART,PLANNED,921,214,697,22,15,913613.39,"{""strategy"": ""SMART"", ""objective"": ""BALANCED"", ""model_version"": ""scorecard-allocator-smart-v1.2"", ""is_simulated"": false, ""agents_count"": 15, ""allocated_cases_count"": 214, ""shadow_evaluation"": {""shadow_model"": ""calibrated-logit-shadow-v1.0"", ""cohort_size"": 921, ""avg_shadow_recovery_prob"": 0.326, ""decile_lift"": [{""decile"": 1, ""cases_count"": 92, ""avg_expected_prob"": 0.571, ""total_target_in_decile"": 1837360.0}, {""decile"": 2, ""cases_count"": 92, ""avg_expected_prob"": 0.495, ""total_target_in_decile"": 1827140.0}, {""decile"": 3, ""cases_count"": 92, ""avg_expected_prob"": 0.438, ""total_target_in_decile"": 1667280.0}, {""decile"": 4, ""cases_count"": 92, ""avg_expected_prob"": 0.387, ""total_target_in_decile"": 1672970.0}, {""decile"": 5, ""cases_count"": 92, ""avg_expected_prob"": 0.347, ""total_target_in_decile"": 1746460.0}, {""decile"": 6, ""cases_count"": 92, ""avg_expected_prob"": 0.299, ""total_target_in_decile"": 1626440.0}, {""decile"": 7, ""cases_count"": 92, ""avg_expected_prob"": 0.267, ""total_target_in_decile"": 1745440.0}, {""decile"": 8, ""cases_count"": 92, ""avg_expected_prob"": 0.209, ""total_target_in_decile"": 1463610.0}, {""decile"": 9, ""cases_count"": 92, ""avg_expected_prob"": 0.158, ""total_target_in_decile"": 1694640.0}, {""decile"": 10, ""cases_count"": 93, ""avg_expected_prob"": 0.095, ""total_target_in_decile"": 1348760.0}]}}",b00a3a88-03ab-4222-97fe-02475910adce,2026-09-09 04:58:08.300077+00,2026-09-09 04:58:08.300081+00
4005e8c2-4806-4f40-8fc0-3ffb9119c7c5,2026-09-03,SMART,PLANNED,417,214,177,26,15,13878694.29,"{""strategy"": ""SMART"", ""objective"": ""MAX_RECOVERY"", ""model_version"": ""scorecard-allocator-smart-v1.2"", ""is_simulated"": false, ""agents_count"": 15, ""allocated_cases_count"": 214, ""shadow_evaluation"": {""shadow_model"": ""calibrated-logit-shadow-v1.0"", ""cohort_size"": 417, ""avg_shadow_recovery_prob"": 0.285, ""decile_lift"": [{""decile"": 1, ""cases_count"": 41, ""avg_expected_prob"": 0.492, ""total_target_in_decile"": 1174243.17}, {""decile"": 2, ""cases_count"": 41, ""avg_expected_prob"": 0.435, ""total_target_in_decile"": 1153302.46}, {""decile"": 3, ""cases_count"": 41, ""avg_expected_prob"": 0.396, ""total_target_in_decile"": 1475518.62}, {""decile"": 4, ""cases_count"": 41, ""avg_expected_prob"": 0.358, ""total_target_in_decile"": 1307855.49}, {""decile"": 5, ""cases_count"": 41, ""avg_expected_prob"": 0.315, ""total_target_in_decile"": 1770941.68}, {""decile"": 6, ""cases_count"": 41, ""avg_expected_prob"": 0.278, ""total_target_in_decile"": 1176726.67}, {""decile"": 7, ""cases_count"": 41, ""avg_expected_prob"": 0.234, ""total_target_in_decile"": 2455478.95}, {""decile"": 8, ""cases_count"": 41, ""avg_expected_prob"": 0.183, ""total_target_in_decile"": 2983347.33}, {""decile"": 9, ""cases_count"": 41, ""avg_expected_prob"": 0.122, ""total_target_in_decile"": 4280887.33}, {""decile"": 10, ""cases_count"": 48, ""avg_expected_prob"": 0.074, ""total_target_in_decile"": 5509997.59}]}}",b108a989-8939-4578-a716-50223a050982,2026-09-02 06:36:46.200598+00,2026-09-02 06:36:46.200605+00
f8728caa-6efb-4506-93ac-120f22963a7b,2026-09-16,SMART,PLANNED,371,18,350,4,3,99264.2,"{""strategy"": ""SMART"", ""objective"": ""BALANCED"", ""model_version"": ""scorecard-allocator-smart-v1.2"", ""is_simulated"": false, ""agents_count"": 3, ""allocated_cases_count"": 18, ""shadow_evaluation"": {""shadow_model"": ""calibrated-logit-shadow-v1.0"", ""cohort_size"": 371, ""avg_shadow_recovery_prob"": 0.328, ""decile_lift"": [{""decile"": 1, ""cases_count"": 37, ""avg_expected_prob"": 0.56, ""total_target_in_decile"": 439870.0}, {""decile"": 2, ""cases_count"": 37, ""avg_expected_prob"": 0.499, ""total_target_in_decile"": 465300.0}, {""decile"": 3, ""cases_count"": 37, ""avg_expected_prob"": 0.437, ""total_target_in_decile"": 332390.0}, {""decile"": 4, ""cases_count"": 37, ""avg_expected_prob"": 0.385, ""total_target_in_decile"": 357070.0}, {""decile"": 5, ""cases_count"": 37, ""avg_expected_prob"": 0.343, ""total_target_in_decile"": 380600.0}, {""decile"": 6, ""cases_count"": 37, ""avg_expected_prob"": 0.297, ""total_target_in_decile"": 413080.0}, {""decile"": 7, ""cases_count"": 37, ""avg_expected_prob"": 0.27, ""total_target_in_decile"": 381970.0}, {""decile"": 8, ""cases_count"": 37, ""avg_expected_prob"": 0.208, ""total_target_in_decile"": 470570.0}, {""decile"": 9, ""cases_count"": 37, ""avg_expected_prob"": 0.169, ""total_target_in_decile"": 577140.0}, {""decile"": 10, ""cases_count"": 38, ""avg_expected_prob"": 0.118, ""total_target_in_decile"": 545980.0}]}}",b1233047-1965-4dc1-920c-4decfb1178dd,2026-09-15 15:26:55.749041+00,2026-09-15 15:26:55.749047+00
4005e8c2-4806-4f40-8fc0-3ffb9119c7c5,2026-09-02,LEGACY,PLANNED,520,214,242,64,15,4682865.64,"{""strategy"": ""LEGACY"", ""is_simulated"": false, ""agents_count"": 15, ""allocated_cases_count"": 214}",b43c0361-d356-43e3-862e-b01345075be1,2026-09-01 05:31:20.130457+00,2026-09-01 05:31:20.130461+00
4005e8c2-4806-4f40-8fc0-3ffb9119c7c5,2026-09-07,SMART,PLANNED,704,214,516,21,15,3830142.76,"{""strategy"": ""SMART"", ""objective"": ""BALANCED"", ""model_version"": ""scorecard-allocator-smart-v1.2"", ""is_simulated"": false, ""agents_count"": 15, ""allocated_cases_count"": 214, ""shadow_evaluation"": {""shadow_model"": ""calibrated-logit-shadow-v1.0"", ""cohort_size"": 704, ""avg_shadow_recovery_prob"": 0.316, ""decile_lift"": [{""decile"": 1, ""cases_count"": 70, ""avg_expected_prob"": 0.556, ""total_target_in_decile"": 1284330.0}, {""decile"": 2, ""cases_count"": 70, ""avg_expected_prob"": 0.482, ""total_target_in_decile"": 1448350.0}, {""decile"": 3, ""cases_count"": 70, ""avg_expected_prob"": 0.422, ""total_target_in_decile"": 1512280.0}, {""decile"": 4, ""cases_count"": 70, ""avg_expected_prob"": 0.379, ""total_target_in_decile"": 1170830.0}, {""decile"": 5, ""cases_count"": 70, ""avg_expected_prob"": 0.332, ""total_target_in_decile"": 1264540.0}, {""decile"": 6, ""cases_count"": 70, ""avg_expected_prob"": 0.294, ""total_target_in_decile"": 1308130.0}, {""decile"": 7, ""cases_count"": 70, ""avg_expected_prob"": 0.253, ""total_target_in_decile"": 1325170.0}, {""decile"": 8, ""cases_count"": 70, ""avg_expected_prob"": 0.204, ""total_target_in_decile"": 1032030.0}, {""decile"": 9, ""cases_count"": 70, ""avg_expected_prob"": 0.154, ""total_target_in_decile"": 1307780.0}, {""decile"": 10, ""cases_count"": 74, ""avg_expected_prob"": 0.091, ""total_target_in_decile"": 1027520.0}]}}",b5af12cb-48a6-479d-9e90-f70877182ed5,2026-09-06 15:02:10.852158+00,2026-09-06 15:02:10.852163+00
4005e8c2-4806-4f40-8fc0-3ffb9119c7c5,2026-09-03,SMART,PLANNED,319,214,84,21,15,5064283.79,"{""strategy"": ""SMART"", ""objective"": ""MIN_DISTANCE"", ""model_version"": ""scorecard-allocator-smart-v1.2"", ""is_simulated"": false, ""agents_count"": 15, ""allocated_cases_count"": 214, ""shadow_evaluation"": {""shadow_model"": ""calibrated-logit-shadow-v1.0"", ""cohort_size"": 319, ""avg_shadow_recovery_prob"": 0.28, ""decile_lift"": [{""decile"": 1, ""cases_count"": 31, ""avg_expected_prob"": 0.485, ""total_target_in_decile"": 732654.44}, {""decile"": 2, ""cases_count"": 31, ""avg_expected_prob"": 0.426, ""total_target_in_decile"": 903103.31}, {""decile"": 3, ""cases_count"": 31, ""avg_expected_prob"": 0.385, ""total_target_in_decile"": 902827.79}, {""decile"": 4, ""cases_count"": 31, ""avg_expected_prob"": 0.347, ""total_target_in_decile"": 1238151.53}, {""decile"": 5, ""cases_count"": 31, ""avg_expected_prob"": 0.309, ""total_target_in_decile"": 1214063.83}, {""decile"": 6, ""cases_count"": 31, ""avg_expected_prob"": 0.27, ""total_target_in_decile"": 770607.29}, {""decile"": 7, ""cases_count"": 31, ""avg_expected_prob"": 0.233, ""total_target_in_decile"": 1432831.62}, {""decile"": 8, ""cases_count"": 31, ""avg_expected_prob"": 0.194, ""total_target_in_decile"": 2168644.55}, {""decile"": 9, ""cases_count"": 31, ""avg_expected_prob"": 0.132, ""total_target_in_decile"": 3035943.84}, {""decile"": 10, ""cases_count"": 40, ""avg_expected_prob"": 0.077, ""total_target_in_decile"": 3833134.19}]}}",b5bf24bd-23a5-4945-88de-140848845de5,2026-09-02 12:00:48.745824+00,2026-09-02 12:00:48.745829+00
4005e8c2-4806-4f40-8fc0-3ffb9119c7c5,2026-09-02,SMART,PLANNED,520,214,242,64,15,5497804.03,"{""strategy"": ""SMART"", ""is_simulated"": false, ""agents_count"": 15, ""allocated_cases_count"": 214}",b8b60b5e-7447-454a-92a2-0903d68a500e,2026-09-01 05:24:05.108755+00,2026-09-01 05:24:05.10876+00
4005e8c2-4806-4f40-8fc0-3ffb9119c7c5,2026-09-18,SMART,PLANNED,840,214,662,23,15,1362823.91,"{""strategy"": ""SMART"", ""objective"": ""MAX_RECOVERY"", ""model_version"": ""scorecard-allocator-smart-v1.2"", ""is_simulated"": false, ""agents_count"": 15, ""allocated_cases_count"": 214, ""shadow_evaluation"": {""shadow_model"": ""calibrated-logit-shadow-v1.0"", ""cohort_size"": 840, ""avg_shadow_recovery_prob"": 0.314, ""decile_lift"": [{""decile"": 1, ""cases_count"": 84, ""avg_expected_prob"": 0.555, ""total_target_in_decile"": 1330220.0}, {""decile"": 2, ""cases_count"": 84, ""avg_expected_prob"": 0.478, ""total_target_in_decile"": 1189700.0}, {""decile"": 3, ""cases_count"": 84, ""avg_expected_prob"": 0.419, ""total_target_in_decile"": 1802160.0}, {""decile"": 4, ""cases_count"": 84, ""avg_expected_prob"": 0.377, ""total_target_in_decile"": 1214420.0}, {""decile"": 5, ""cases_count"": 84, ""avg_expected_prob"": 0.327, ""total_target_in_decile"": 1425410.0}, {""decile"": 6, ""cases_count"": 84, ""avg_expected_prob"": 0.29, ""total_target_in_decile"": 1421960.0}, {""decile"": 7, ""cases_count"": 84, ""avg_expected_prob"": 0.251, ""total_target_in_decile"": 1675670.0}, {""decile"": 8, ""cases_count"": 84, ""avg_expected_prob"": 0.201, ""total_target_in_decile"": 1107300.0}, {""decile"": 9, ""cases_count"": 84, ""avg_expected_prob"": 0.149, ""total_target_in_decile"": 1513430.0}, {""decile"": 10, ""cases_count"": 84, ""avg_expected_prob"": 0.09, ""total_target_in_decile"": 1269290.0}]}}",b9b8b6cb-8383-4433-9101-9393a734a03b,2026-09-17 06:44:44.839096+00,2026-09-17 06:44:44.839101+00
4005e8c2-4806-4f40-8fc0-3ffb9119c7c5,2026-09-10,SMART,ROLLED_BACK,921,214,697,22,15,1025795.04,"{""strategy"": ""SMART"", ""objective"": ""MAX_RECOVERY"", ""model_version"": ""scorecard-allocator-smart-v1.2"", ""is_simulated"": false, ""agents_count"": 15, ""allocated_cases_count"": 214, ""shadow_evaluation"": {""shadow_model"": ""calibrated-logit-shadow-v1.0"", ""cohort_size"": 921, ""avg_shadow_recovery_prob"": 0.326, ""decile_lift"": [{""decile"": 1, ""cases_count"": 92, ""avg_expected_prob"": 0.571, ""total_target_in_decile"": 1837360.0}, {""decile"": 2, ""cases_count"": 92, ""avg_expected_prob"": 0.495, ""total_target_in_decile"": 1827140.0}, {""decile"": 3, ""cases_count"": 92, ""avg_expected_prob"": 0.438, ""total_target_in_decile"": 1667280.0}, {""decile"": 4, ""cases_count"": 92, ""avg_expected_prob"": 0.387, ""total_target_in_decile"": 1672970.0}, {""decile"": 5, ""cases_count"": 92, ""avg_expected_prob"": 0.347, ""total_target_in_decile"": 1746460.0}, {""decile"": 6, ""cases_count"": 92, ""avg_expected_prob"": 0.299, ""total_target_in_decile"": 1626440.0}, {""decile"": 7, ""cases_count"": 92, ""avg_expected_prob"": 0.267, ""total_target_in_decile"": 1745440.0}, {""decile"": 8, ""cases_count"": 92, ""avg_expected_prob"": 0.209, ""total_target_in_decile"": 1463610.0}, {""decile"": 9, ""cases_count"": 92, ""avg_expected_prob"": 0.158, ""total_target_in_decile"": 1694640.0}, {""decile"": 10, ""cases_count"": 93, ""avg_expected_prob"": 0.095, ""total_target_in_decile"": 1348760.0}]}}",b9cb5841-33db-4445-ba82-64c3bfc2cb7e,2026-09-09 07:19:51.152602+00,2026-09-09 08:47:28.04605+00
4005e8c2-4806-4f40-8fc0-3ffb9119c7c5,2026-09-22,SMART,PLANNED,1125,225,1013,23,15,1498618.63,"{""strategy"": ""SMART"", ""objective"": ""BALANCED"", ""model_version"": ""scorecard-allocator-smart-v1.2"", ""is_simulated"": false, ""agents_count"": 15, ""allocated_cases_count"": 225, ""shadow_evaluation"": {""shadow_model"": ""calibrated-logit-shadow-v1.0"", ""cohort_size"": 1125, ""avg_shadow_recovery_prob"": 0.322, ""decile_lift"": [{""decile"": 1, ""cases_count"": 112, ""avg_expected_prob"": 0.563, ""total_target_in_decile"": 1748200.0}, {""decile"": 2, ""cases_count"": 112, ""avg_expected_prob"": 0.485, ""total_target_in_decile"": 1840540.0}, {""decile"": 3, ""cases_count"": 112, ""avg_expected_prob"": 0.429, ""total_target_in_decile"": 1765450.0}, {""decile"": 4, ""cases_count"": 112, ""avg_expected_prob"": 0.383, ""total_target_in_decile"": 1587260.0}, {""decile"": 5, ""cases_count"": 112, ""avg_expected_prob"": 0.342, ""total_target_in_decile"": 1780800.0}, {""decile"": 6, ""cases_count"": 112, ""avg_expected_prob"": 0.294, ""total_target_in_decile"": 1600470.0}, {""decile"": 7, ""cases_count"": 112, ""avg_expected_prob"": 0.261, ""total_target_in_decile"": 1874400.0}, {""decile"": 8, ""cases_count"": 112, ""avg_expected_prob"": 0.205, ""total_target_in_decile"": 1535840.0}, {""decile"": 9, ""cases_count"": 112, ""avg_expected_prob"": 0.162, ""total_target_in_decile"": 1970040.0}, {""decile"": 10, ""cases_count"": 117, ""avg_expected_prob"": 0.103, ""total_target_in_decile"": 1686220.0}]}}",bd79e0d0-be33-4178-b1b1-bf695606eeec,2026-09-21 05:55:24.496267+00,2026-09-21 05:55:24.496271+00
f8728caa-6efb-4506-93ac-120f22963a7b,2026-09-12,SMART,PLANNED,374,17,355,4,3,98890.26,"{""strategy"": ""SMART"", ""objective"": ""BALANCED"", ""model_version"": ""scorecard-allocator-smart-v1.2"", ""is_simulated"": false, ""agents_count"": 3, ""allocated_cases_count"": 17, ""shadow_evaluation"": {""shadow_model"": ""calibrated-logit-shadow-v1.0"", ""cohort_size"": 374, ""avg_shadow_recovery_prob"": 0.33, ""decile_lift"": [{""decile"": 1, ""cases_count"": 37, ""avg_expected_prob"": 0.561, ""total_target_in_decile"": 446280.0}, {""decile"": 2, ""cases_count"": 37, ""avg_expected_prob"": 0.502, ""total_target_in_decile"": 419400.0}, {""decile"": 3, ""cases_count"": 37, ""avg_expected_prob"": 0.44, ""total_target_in_decile"": 354250.0}, {""decile"": 4, ""cases_count"": 37, ""avg_expected_prob"": 0.386, ""total_target_in_decile"": 373390.0}, {""decile"": 5, ""cases_count"": 37, ""avg_expected_prob"": 0.347, ""total_target_in_decile"": 368980.0}, {""decile"": 6, ""cases_count"": 37, ""avg_expected_prob"": 0.299, ""total_target_in_decile"": 425880.0}, {""decile"": 7, ""cases_count"": 37, ""avg_expected_prob"": 0.277, ""total_target_in_decile"": 432130.0}, {""decile"": 8, ""cases_count"": 37, ""avg_expected_prob"": 0.211, ""total_target_in_decile"": 450340.0}, {""decile"": 9, ""cases_count"": 37, ""avg_expected_prob"": 0.175, ""total_target_in_decile"": 571680.0}, {""decile"": 10, ""cases_count"": 41, ""avg_expected_prob"": 0.121, ""total_target_in_decile"": 548870.0}]}}",be4a0624-6e3d-4b58-a769-7f0f194f6bb0,2026-09-11 04:54:38.683645+00,2026-09-11 04:54:38.683653+00
4005e8c2-4806-4f40-8fc0-3ffb9119c7c5,2026-09-03,SMART,PLANNED,319,214,84,21,15,9307879.63,"{""strategy"": ""SMART"", ""objective"": ""MAX_RECOVERY"", ""model_version"": ""scorecard-allocator-smart-v1.2"", ""is_simulated"": false, ""agents_count"": 15, ""allocated_cases_count"": 214, ""shadow_evaluation"": {""shadow_model"": ""calibrated-logit-shadow-v1.0"", ""cohort_size"": 319, ""avg_shadow_recovery_prob"": 0.28, ""decile_lift"": [{""decile"": 1, ""cases_count"": 31, ""avg_expected_prob"": 0.485, ""total_target_in_decile"": 732654.44}, {""decile"": 2, ""cases_count"": 31, ""avg_expected_prob"": 0.426, ""total_target_in_decile"": 903103.31}, {""decile"": 3, ""cases_count"": 31, ""avg_expected_prob"": 0.385, ""total_target_in_decile"": 902827.79}, {""decile"": 4, ""cases_count"": 31, ""avg_expected_prob"": 0.347, ""total_target_in_decile"": 1238151.53}, {""decile"": 5, ""cases_count"": 31, ""avg_expected_prob"": 0.309, ""total_target_in_decile"": 1214063.83}, {""decile"": 6, ""cases_count"": 31, ""avg_expected_prob"": 0.27, ""total_target_in_decile"": 770607.29}, {""decile"": 7, ""cases_count"": 31, ""avg_expected_prob"": 0.233, ""total_target_in_decile"": 1432831.62}, {""decile"": 8, ""cases_count"": 31, ""avg_expected_prob"": 0.194, ""total_target_in_decile"": 2168644.55}, {""decile"": 9, ""cases_count"": 31, ""avg_expected_prob"": 0.132, ""total_target_in_decile"": 3035943.84}, {""decile"": 10, ""cases_count"": 40, ""avg_expected_prob"": 0.077, ""total_target_in_decile"": 3833134.19}]}}",bfc0f323-4c85-4263-9f7e-24245f48c2de,2026-09-02 08:45:39.436842+00,2026-09-02 08:45:39.436849+00
4005e8c2-4806-4f40-8fc0-3ffb9119c7c5,2026-09-02,SMART,PLANNED,419,214,179,26,15,7540720.19,"{""strategy"": ""SMART"", ""objective"": ""MAX_RECOVERY"", ""model_version"": ""scorecard-allocator-smart-v1.2"", ""is_simulated"": false, ""agents_count"": 15, ""allocated_cases_count"": 214, ""shadow_evaluation"": {""shadow_model"": ""calibrated-logit-shadow-v1.0"", ""cohort_size"": 419, ""avg_shadow_recovery_prob"": 0.286, ""decile_lift"": [{""decile"": 1, ""cases_count"": 41, ""avg_expected_prob"": 0.492, ""total_target_in_decile"": 1174243.17}, {""decile"": 2, ""cases_count"": 41, ""avg_expected_prob"": 0.435, ""total_target_in_decile"": 1150914.08}, {""decile"": 3, ""cases_count"": 41, ""avg_expected_prob"": 0.397, ""total_target_in_decile"": 1469604.13}, {""decile"": 4, ""cases_count"": 41, ""avg_expected_prob"": 0.36, ""total_target_in_decile"": 1324272.16}, {""decile"": 5, ""cases_count"": 41, ""avg_expected_prob"": 0.317, ""total_target_in_decile"": 1764559.95}, {""decile"": 6, ""cases_count"": 41, ""avg_expected_prob"": 0.28, ""total_target_in_decile"": 1140031.15}, {""decile"": 7, ""cases_count"": 41, ""avg_expected_prob"": 0.237, ""total_target_in_decile"": 2274106.63}, {""decile"": 8, ""cases_count"": 41, ""avg_expected_prob"": 0.186, ""total_target_in_decile"": 3118962.25}, {""decile"": 9, ""cases_count"": 41, ""avg_expected_prob"": 0.124, ""total_target_in_decile"": 4057072.4}, {""decile"": 10, ""cases_count"": 50, ""avg_expected_prob"": 0.075, ""total_target_in_decile"": 5828483.37}]}}",c0455f04-6e92-4e4f-b0c0-0d68a61c18c5,2026-09-01 07:24:50.026984+00,2026-09-01 07:24:50.026989+00
f8728caa-6efb-4506-93ac-120f22963a7b,2026-09-02,SMART,PLANNED,441,45,310,57,3,2507514.35,"{""strategy"": ""SMART"", ""is_simulated"": false, ""agents_count"": 3, ""allocated_cases_count"": 45}",c0cf92d7-d818-4b99-a908-1335d427335f,2026-09-01 05:52:13.564548+00,2026-09-01 05:52:13.564555+00
4005e8c2-4806-4f40-8fc0-3ffb9119c7c5,2026-09-02,SMART,PLANNED,520,214,242,64,15,5497804.03,"{""strategy"": ""SMART"", ""is_simulated"": false, ""agents_count"": 15, ""allocated_cases_count"": 214}",c1fb4e94-a1cf-4130-9ac7-828ac542ce35,2026-09-01 05:27:11.732499+00,2026-09-01 05:27:11.732506+00
4005e8c2-4806-4f40-8fc0-3ffb9119c7c5,2026-09-03,SMART,PLANNED,319,214,84,21,15,9145132.63,"{""strategy"": ""SMART"", ""objective"": ""BALANCED"", ""model_version"": ""scorecard-allocator-smart-v1.2"", ""is_simulated"": false, ""agents_count"": 15, ""allocated_cases_count"": 214, ""shadow_evaluation"": {""shadow_model"": ""calibrated-logit-shadow-v1.0"", ""cohort_size"": 319, ""avg_shadow_recovery_prob"": 0.28, ""decile_lift"": [{""decile"": 1, ""cases_count"": 31, ""avg_expected_prob"": 0.485, ""total_target_in_decile"": 732654.44}, {""decile"": 2, ""cases_count"": 31, ""avg_expected_prob"": 0.426, ""total_target_in_decile"": 903103.31}, {""decile"": 3, ""cases_count"": 31, ""avg_expected_prob"": 0.385, ""total_target_in_decile"": 902827.79}, {""decile"": 4, ""cases_count"": 31, ""avg_expected_prob"": 0.347, ""total_target_in_decile"": 1238151.53}, {""decile"": 5, ""cases_count"": 31, ""avg_expected_prob"": 0.309, ""total_target_in_decile"": 1214063.83}, {""decile"": 6, ""cases_count"": 31, ""avg_expected_prob"": 0.27, ""total_target_in_decile"": 770607.29}, {""decile"": 7, ""cases_count"": 31, ""avg_expected_prob"": 0.233, ""total_target_in_decile"": 1432831.62}, {""decile"": 8, ""cases_count"": 31, ""avg_expected_prob"": 0.194, ""total_target_in_decile"": 2168644.55}, {""decile"": 9, ""cases_count"": 31, ""avg_expected_prob"": 0.132, ""total_target_in_decile"": 3035943.84}, {""decile"": 10, ""cases_count"": 40, ""avg_expected_prob"": 0.077, ""total_target_in_decile"": 3833134.19}]}}",c50c23ec-30a0-4833-81a2-5d336059f354,2026-09-02 11:35:14.564271+00,2026-09-02 11:35:14.564275+00
4005e8c2-4806-4f40-8fc0-3ffb9119c7c5,2026-09-09,SMART,PLANNED,916,214,697,22,15,909522.32,"{""strategy"": ""SMART"", ""objective"": ""BALANCED"", ""model_version"": ""scorecard-allocator-smart-v1.2"", ""is_simulated"": false, ""agents_count"": 15, ""allocated_cases_count"": 214, ""shadow_evaluation"": {""shadow_model"": ""calibrated-logit-shadow-v1.0"", ""cohort_size"": 916, ""avg_shadow_recovery_prob"": 0.326, ""decile_lift"": [{""decile"": 1, ""cases_count"": 91, ""avg_expected_prob"": 0.571, ""total_target_in_decile"": 1826170.0}, {""decile"": 2, ""cases_count"": 91, ""avg_expected_prob"": 0.496, ""total_target_in_decile"": 1742810.0}, {""decile"": 3, ""cases_count"": 91, ""avg_expected_prob"": 0.438, ""total_target_in_decile"": 1637330.0}, {""decile"": 4, ""cases_count"": 91, ""avg_expected_prob"": 0.387, ""total_target_in_decile"": 1666340.0}, {""decile"": 5, ""cases_count"": 91, ""avg_expected_prob"": 0.346, ""total_target_in_decile"": 1728300.0}, {""decile"": 6, ""cases_count"": 91, ""avg_expected_prob"": 0.299, ""total_target_in_decile"": 1618710.0}, {""decile"": 7, ""cases_count"": 91, ""avg_expected_prob"": 0.268, ""total_target_in_decile"": 1728250.0}, {""decile"": 8, ""cases_count"": 91, ""avg_expected_prob"": 0.21, ""total_target_in_decile"": 1422800.0}, {""decile"": 9, ""cases_count"": 91, ""avg_expected_prob"": 0.161, ""total_target_in_decile"": 1683060.0}, {""decile"": 10, ""cases_count"": 97, ""avg_expected_prob"": 0.096, ""total_target_in_decile"": 1426070.0}]}}",c5a1d7ca-3030-4d62-a55b-86f9737c9509,2026-09-08 11:29:21.809412+00,2026-09-08 11:29:21.809417+00
4005e8c2-4806-4f40-8fc0-3ffb9119c7c5,2026-09-10,SMART,PLANNED,921,214,697,22,15,910108.99,"{""strategy"": ""SMART"", ""objective"": ""BALANCED"", ""model_version"": ""scorecard-allocator-smart-v1.2"", ""is_simulated"": false, ""agents_count"": 15, ""allocated_cases_count"": 214, ""shadow_evaluation"": {""shadow_model"": ""calibrated-logit-shadow-v1.0"", ""cohort_size"": 921, ""avg_shadow_recovery_prob"": 0.326, ""decile_lift"": [{""decile"": 1, ""cases_count"": 92, ""avg_expected_prob"": 0.571, ""total_target_in_decile"": 1837360.0}, {""decile"": 2, ""cases_count"": 92, ""avg_expected_prob"": 0.495, ""total_target_in_decile"": 1827140.0}, {""decile"": 3, ""cases_count"": 92, ""avg_expected_prob"": 0.438, ""total_target_in_decile"": 1667280.0}, {""decile"": 4, ""cases_count"": 92, ""avg_expected_prob"": 0.387, ""total_target_in_decile"": 1672970.0}, {""decile"": 5, ""cases_count"": 92, ""avg_expected_prob"": 0.347, ""total_target_in_decile"": 1746460.0}, {""decile"": 6, ""cases_count"": 92, ""avg_expected_prob"": 0.299, ""total_target_in_decile"": 1626440.0}, {""decile"": 7, ""cases_count"": 92, ""avg_expected_prob"": 0.267, ""total_target_in_decile"": 1745440.0}, {""decile"": 8, ""cases_count"": 92, ""avg_expected_prob"": 0.209, ""total_target_in_decile"": 1463610.0}, {""decile"": 9, ""cases_count"": 92, ""avg_expected_prob"": 0.158, ""total_target_in_decile"": 1694640.0}, {""decile"": 10, ""cases_count"": 93, ""avg_expected_prob"": 0.095, ""total_target_in_decile"": 1348760.0}]}}",c61281d2-3b28-4339-bd4b-7ace2f02c8a4,2026-09-09 09:58:22.025334+00,2026-09-09 09:58:22.025339+00
4005e8c2-4806-4f40-8fc0-3ffb9119c7c5,2026-09-16,SMART,PLANNED,924,214,694,23,15,866478.57,"{""strategy"": ""SMART"", ""objective"": ""BALANCED"", ""model_version"": ""scorecard-allocator-smart-v1.2"", ""is_simulated"": false, ""agents_count"": 15, ""allocated_cases_count"": 214, ""shadow_evaluation"": {""shadow_model"": ""calibrated-logit-shadow-v1.0"", ""cohort_size"": 924, ""avg_shadow_recovery_prob"": 0.324, ""decile_lift"": [{""decile"": 1, ""cases_count"": 92, ""avg_expected_prob"": 0.569, ""total_target_in_decile"": 1828570.0}, {""decile"": 2, ""cases_count"": 92, ""avg_expected_prob"": 0.491, ""total_target_in_decile"": 1654940.0}, {""decile"": 3, ""cases_count"": 92, ""avg_expected_prob"": 0.434, ""total_target_in_decile"": 1847450.0}, {""decile"": 4, ""cases_count"": 92, ""avg_expected_prob"": 0.386, ""total_target_in_decile"": 1696570.0}, {""decile"": 5, ""cases_count"": 92, ""avg_expected_prob"": 0.343, ""total_target_in_decile"": 1643770.0}, {""decile"": 6, ""cases_count"": 92, ""avg_expected_prob"": 0.297, ""total_target_in_decile"": 1681630.0}, {""decile"": 7, ""cases_count"": 92, ""avg_expected_prob"": 0.266, ""total_target_in_decile"": 1796960.0}, {""decile"": 8, ""cases_count"": 92, ""avg_expected_prob"": 0.21, ""total_target_in_decile"": 1380960.0}, {""decile"": 9, ""cases_count"": 92, ""avg_expected_prob"": 0.159, ""total_target_in_decile"": 1584070.0}, {""decile"": 10, ""cases_count"": 96, ""avg_expected_prob"": 0.095, ""total_target_in_decile"": 1523000.0}]}}",cd37f589-1da8-4171-b2b5-e6c4fedd42c5,2026-09-15 04:42:58.625386+00,2026-09-15 04:42:58.625394+00
4005e8c2-4806-4f40-8fc0-3ffb9119c7c5,2026-09-09,SMART,PLANNED,916,214,697,22,15,907870.81,"{""strategy"": ""SMART"", ""objective"": ""BALANCED"", ""model_version"": ""scorecard-allocator-smart-v1.2"", ""is_simulated"": false, ""agents_count"": 15, ""allocated_cases_count"": 214, ""shadow_evaluation"": {""shadow_model"": ""calibrated-logit-shadow-v1.0"", ""cohort_size"": 916, ""avg_shadow_recovery_prob"": 0.326, ""decile_lift"": [{""decile"": 1, ""cases_count"": 91, ""avg_expected_prob"": 0.571, ""total_target_in_decile"": 1826170.0}, {""decile"": 2, ""cases_count"": 91, ""avg_expected_prob"": 0.496, ""total_target_in_decile"": 1742810.0}, {""decile"": 3, ""cases_count"": 91, ""avg_expected_prob"": 0.438, ""total_target_in_decile"": 1637330.0}, {""decile"": 4, ""cases_count"": 91, ""avg_expected_prob"": 0.387, ""total_target_in_decile"": 1666340.0}, {""decile"": 5, ""cases_count"": 91, ""avg_expected_prob"": 0.346, ""total_target_in_decile"": 1728300.0}, {""decile"": 6, ""cases_count"": 91, ""avg_expected_prob"": 0.299, ""total_target_in_decile"": 1618710.0}, {""decile"": 7, ""cases_count"": 91, ""avg_expected_prob"": 0.268, ""total_target_in_decile"": 1728250.0}, {""decile"": 8, ""cases_count"": 91, ""avg_expected_prob"": 0.21, ""total_target_in_decile"": 1422800.0}, {""decile"": 9, ""cases_count"": 91, ""avg_expected_prob"": 0.161, ""total_target_in_decile"": 1683060.0}, {""decile"": 10, ""cases_count"": 97, ""avg_expected_prob"": 0.096, ""total_target_in_decile"": 1426070.0}]}}",cefcffc6-696c-4bda-b85a-88b2e6431601,2026-09-08 11:37:21.44801+00,2026-09-08 11:37:21.448018+00
4005e8c2-4806-4f40-8fc0-3ffb9119c7c5,2026-09-02,SMART,PLANNED,520,214,242,64,15,9873554.62,"{""strategy"": ""SMART"", ""is_simulated"": false, ""agents_count"": 15, ""allocated_cases_count"": 214}",d26533b0-17e4-443c-bcbe-b457ea8ee0a9,2026-09-01 05:30:42.851241+00,2026-09-01 05:30:42.851246+00
4005e8c2-4806-4f40-8fc0-3ffb9119c7c5,2026-09-19,SMART,PLANNED,840,214,662,23,15,1264423.48,"{""strategy"": ""SMART"", ""objective"": ""BALANCED"", ""model_version"": ""scorecard-allocator-smart-v1.2"", ""is_simulated"": false, ""agents_count"": 15, ""allocated_cases_count"": 214, ""shadow_evaluation"": {""shadow_model"": ""calibrated-logit-shadow-v1.0"", ""cohort_size"": 840, ""avg_shadow_recovery_prob"": 0.314, ""decile_lift"": [{""decile"": 1, ""cases_count"": 84, ""avg_expected_prob"": 0.555, ""total_target_in_decile"": 1330220.0}, {""decile"": 2, ""cases_count"": 84, ""avg_expected_prob"": 0.478, ""total_target_in_decile"": 1189700.0}, {""decile"": 3, ""cases_count"": 84, ""avg_expected_prob"": 0.419, ""total_target_in_decile"": 1802160.0}, {""decile"": 4, ""cases_count"": 84, ""avg_expected_prob"": 0.377, ""total_target_in_decile"": 1214420.0}, {""decile"": 5, ""cases_count"": 84, ""avg_expected_prob"": 0.327, ""total_target_in_decile"": 1425410.0}, {""decile"": 6, ""cases_count"": 84, ""avg_expected_prob"": 0.29, ""total_target_in_decile"": 1421960.0}, {""decile"": 7, ""cases_count"": 84, ""avg_expected_prob"": 0.251, ""total_target_in_decile"": 1675670.0}, {""decile"": 8, ""cases_count"": 84, ""avg_expected_prob"": 0.201, ""total_target_in_decile"": 1107300.0}, {""decile"": 9, ""cases_count"": 84, ""avg_expected_prob"": 0.149, ""total_target_in_decile"": 1513430.0}, {""decile"": 10, ""cases_count"": 84, ""avg_expected_prob"": 0.09, ""total_target_in_decile"": 1269290.0}]}}",d4721525-7ac8-4cf1-9639-39f346e096b7,2026-09-18 04:47:36.804268+00,2026-09-18 04:47:36.804272+00
4005e8c2-4806-4f40-8fc0-3ffb9119c7c5,2026-09-03,SMART,PLANNED,417,214,177,26,15,13878694.29,"{""strategy"": ""SMART"", ""objective"": ""MAX_RECOVERY"", ""model_version"": ""scorecard-allocator-smart-v1.2"", ""is_simulated"": false, ""agents_count"": 15, ""allocated_cases_count"": 214, ""shadow_evaluation"": {""shadow_model"": ""calibrated-logit-shadow-v1.0"", ""cohort_size"": 417, ""avg_shadow_recovery_prob"": 0.285, ""decile_lift"": [{""decile"": 1, ""cases_count"": 41, ""avg_expected_prob"": 0.492, ""total_target_in_decile"": 1174243.17}, {""decile"": 2, ""cases_count"": 41, ""avg_expected_prob"": 0.435, ""total_target_in_decile"": 1153302.46}, {""decile"": 3, ""cases_count"": 41, ""avg_expected_prob"": 0.396, ""total_target_in_decile"": 1475518.62}, {""decile"": 4, ""cases_count"": 41, ""avg_expected_prob"": 0.358, ""total_target_in_decile"": 1307855.49}, {""decile"": 5, ""cases_count"": 41, ""avg_expected_prob"": 0.315, ""total_target_in_decile"": 1770941.68}, {""decile"": 6, ""cases_count"": 41, ""avg_expected_prob"": 0.278, ""total_target_in_decile"": 1176726.67}, {""decile"": 7, ""cases_count"": 41, ""avg_expected_prob"": 0.234, ""total_target_in_decile"": 2455478.95}, {""decile"": 8, ""cases_count"": 41, ""avg_expected_prob"": 0.183, ""total_target_in_decile"": 2983347.33}, {""decile"": 9, ""cases_count"": 41, ""avg_expected_prob"": 0.122, ""total_target_in_decile"": 4280887.33}, {""decile"": 10, ""cases_count"": 48, ""avg_expected_prob"": 0.074, ""total_target_in_decile"": 5509997.59}]}}",d68d5789-f1b8-41ce-9ea5-e134732bd6f5,2026-09-02 06:36:00.395538+00,2026-09-02 06:36:00.395542+00
4005e8c2-4806-4f40-8fc0-3ffb9119c7c5,2026-09-02,SMART,PLANNED,520,214,242,64,15,9924260.5,"{""strategy"": ""SMART"", ""is_simulated"": false, ""agents_count"": 15, ""allocated_cases_count"": 214}",d697bb2d-03e6-4c86-8783-448f5fcf0be0,2026-09-01 05:31:36.773888+00,2026-09-01 05:31:36.773892+00
4005e8c2-4806-4f40-8fc0-3ffb9119c7c5,2026-09-02,SMART,PLANNED,441,214,197,30,15,6591913.48,"{""strategy"": ""SMART"", ""objective"": ""BALANCED"", ""model_version"": ""scorecard-allocator-smart-v1.2"", ""is_simulated"": false, ""agents_count"": 15, ""allocated_cases_count"": 214}",d7db8afa-9da9-4479-b4be-55bbc896dc0c,2026-09-01 07:08:27.818855+00,2026-09-01 07:08:27.81886+00
4005e8c2-4806-4f40-8fc0-3ffb9119c7c5,2026-09-15,SMART,PLANNED,922,214,694,23,15,866254.24,"{""strategy"": ""SMART"", ""objective"": ""BALANCED"", ""model_version"": ""scorecard-allocator-smart-v1.2"", ""is_simulated"": false, ""agents_count"": 15, ""allocated_cases_count"": 214, ""shadow_evaluation"": {""shadow_model"": ""calibrated-logit-shadow-v1.0"", ""cohort_size"": 922, ""avg_shadow_recovery_prob"": 0.324, ""decile_lift"": [{""decile"": 1, ""cases_count"": 92, ""avg_expected_prob"": 0.569, ""total_target_in_decile"": 1828570.0}, {""decile"": 2, ""cases_count"": 92, ""avg_expected_prob"": 0.491, ""total_target_in_decile"": 1654940.0}, {""decile"": 3, ""cases_count"": 92, ""avg_expected_prob"": 0.434, ""total_target_in_decile"": 1853040.0}, {""decile"": 4, ""cases_count"": 92, ""avg_expected_prob"": 0.386, ""total_target_in_decile"": 1647360.0}, {""decile"": 5, ""cases_count"": 92, ""avg_expected_prob"": 0.342, ""total_target_in_decile"": 1653280.0}, {""decile"": 6, ""cases_count"": 92, ""avg_expected_prob"": 0.296, ""total_target_in_decile"": 1674010.0}, {""decile"": 7, ""cases_count"": 92, ""avg_expected_prob"": 0.265, ""total_target_in_decile"": 1779880.0}, {""decile"": 8, ""cases_count"": 92, ""avg_expected_prob"": 0.209, ""total_target_in_decile"": 1419160.0}, {""decile"": 9, ""cases_count"": 92, ""avg_expected_prob"": 0.158, ""total_target_in_decile"": 1574220.0}, {""decile"": 10, ""cases_count"": 94, ""avg_expected_prob"": 0.094, ""total_target_in_decile"": 1477740.0}]}}",d92bfc84-9f98-42f2-9c85-9a23d2617222,2026-09-14 04:49:09.922922+00,2026-09-14 04:49:09.922929+00
e76c000f-245c-4c97-9cac-c3383e91f666,2026-09-11,SMART,PLANNED,0,0,0,0,0,0,"{""message"": ""No active agents available for manager.""}",dd5ec365-2331-4928-a678-1fb24952e0f1,2026-09-10 04:54:04.690883+00,2026-09-10 04:54:04.690888+00
4005e8c2-4806-4f40-8fc0-3ffb9119c7c5,2026-09-12,SMART,PLANNED,911,214,695,22,15,870176.95,"{""strategy"": ""SMART"", ""objective"": ""BALANCED"", ""model_version"": ""scorecard-allocator-smart-v1.2"", ""is_simulated"": false, ""agents_count"": 15, ""allocated_cases_count"": 214, ""shadow_evaluation"": {""shadow_model"": ""calibrated-logit-shadow-v1.0"", ""cohort_size"": 911, ""avg_shadow_recovery_prob"": 0.324, ""decile_lift"": [{""decile"": 1, ""cases_count"": 91, ""avg_expected_prob"": 0.569, ""total_target_in_decile"": 1780720.0}, {""decile"": 2, ""cases_count"": 91, ""avg_expected_prob"": 0.49, ""total_target_in_decile"": 1606920.0}, {""decile"": 3, ""cases_count"": 91, ""avg_expected_prob"": 0.434, ""total_target_in_decile"": 1849270.0}, {""decile"": 4, ""cases_count"": 91, ""avg_expected_prob"": 0.386, ""total_target_in_decile"": 1642910.0}, {""decile"": 5, ""cases_count"": 91, ""avg_expected_prob"": 0.343, ""total_target_in_decile"": 1615720.0}, {""decile"": 6, ""cases_count"": 91, ""avg_expected_prob"": 0.297, ""total_target_in_decile"": 1671740.0}, {""decile"": 7, ""cases_count"": 91, ""avg_expected_prob"": 0.264, ""total_target_in_decile"": 1762100.0}, {""decile"": 8, ""cases_count"": 91, ""avg_expected_prob"": 0.208, ""total_target_in_decile"": 1404650.0}, {""decile"": 9, ""cases_count"": 91, ""avg_expected_prob"": 0.157, ""total_target_in_decile"": 1588060.0}, {""decile"": 10, ""cases_count"": 92, ""avg_expected_prob"": 0.093, ""total_target_in_decile"": 1362610.0}]}}",de2608aa-3c07-4424-9973-6d4f5eb29515,2026-09-11 04:55:07.510484+00,2026-09-11 04:55:07.510488+00
4005e8c2-4806-4f40-8fc0-3ffb9119c7c5,2026-09-03,SMART,PLANNED,418,214,178,26,15,13623460.28,"{""strategy"": ""SMART"", ""objective"": ""BALANCED"", ""model_version"": ""scorecard-allocator-smart-v1.2"", ""is_simulated"": false, ""agents_count"": 15, ""allocated_cases_count"": 214, ""shadow_evaluation"": {""shadow_model"": ""calibrated-logit-shadow-v1.0"", ""cohort_size"": 418, ""avg_shadow_recovery_prob"": 0.285, ""decile_lift"": [{""decile"": 1, ""cases_count"": 41, ""avg_expected_prob"": 0.492, ""total_target_in_decile"": 1174243.17}, {""decile"": 2, ""cases_count"": 41, ""avg_expected_prob"": 0.435, ""total_target_in_decile"": 1153302.46}, {""decile"": 3, ""cases_count"": 41, ""avg_expected_prob"": 0.396, ""total_target_in_decile"": 1468522.46}, {""decile"": 4, ""cases_count"": 41, ""avg_expected_prob"": 0.359, ""total_target_in_decile"": 1320816.34}, {""decile"": 5, ""cases_count"": 41, ""avg_expected_prob"": 0.316, ""total_target_in_decile"": 1767267.22}, {""decile"": 6, ""cases_count"": 41, ""avg_expected_prob"": 0.279, ""total_target_in_decile"": 1178072.99}, {""decile"": 7, ""cases_count"": 41, ""avg_expected_prob"": 0.235, ""total_target_in_decile"": 2361320.39}, {""decile"": 8, ""cases_count"": 41, ""avg_expected_prob"": 0.185, ""total_target_in_decile"": 3026469.34}, {""decile"": 9, ""cases_count"": 41, ""avg_expected_prob"": 0.123, ""total_target_in_decile"": 4158928.7}, {""decile"": 10, ""cases_count"": 49, ""avg_expected_prob"": 0.074, ""total_target_in_decile"": 5687456.22}]}}",de311307-b74e-40c8-a5b9-363805509211,2026-09-02 06:01:24.610918+00,2026-09-02 06:01:24.610922+00
f8728caa-6efb-4506-93ac-120f22963a7b,2026-09-02,SMART,PLANNED,520,45,381,64,3,1804584.35,"{""strategy"": ""SMART"", ""is_simulated"": false, ""agents_count"": 3, ""allocated_cases_count"": 45}",de40e716-f976-4537-b0aa-b9d1ca06cdbd,2026-09-01 05:40:07.875744+00,2026-09-01 05:40:07.875748+00
4005e8c2-4806-4f40-8fc0-3ffb9119c7c5,2026-09-09,SMART,PLANNED,916,214,697,22,15,912351.04,"{""strategy"": ""SMART"", ""objective"": ""BALANCED"", ""model_version"": ""scorecard-allocator-smart-v1.2"", ""is_simulated"": false, ""agents_count"": 15, ""allocated_cases_count"": 214, ""shadow_evaluation"": {""shadow_model"": ""calibrated-logit-shadow-v1.0"", ""cohort_size"": 916, ""avg_shadow_recovery_prob"": 0.326, ""decile_lift"": [{""decile"": 1, ""cases_count"": 91, ""avg_expected_prob"": 0.571, ""total_target_in_decile"": 1826170.0}, {""decile"": 2, ""cases_count"": 91, ""avg_expected_prob"": 0.496, ""total_target_in_decile"": 1742810.0}, {""decile"": 3, ""cases_count"": 91, ""avg_expected_prob"": 0.438, ""total_target_in_decile"": 1637330.0}, {""decile"": 4, ""cases_count"": 91, ""avg_expected_prob"": 0.387, ""total_target_in_decile"": 1666340.0}, {""decile"": 5, ""cases_count"": 91, ""avg_expected_prob"": 0.346, ""total_target_in_decile"": 1728300.0}, {""decile"": 6, ""cases_count"": 91, ""avg_expected_prob"": 0.299, ""total_target_in_decile"": 1618710.0}, {""decile"": 7, ""cases_count"": 91, ""avg_expected_prob"": 0.268, ""total_target_in_decile"": 1728250.0}, {""decile"": 8, ""cases_count"": 91, ""avg_expected_prob"": 0.21, ""total_target_in_decile"": 1422800.0}, {""decile"": 9, ""cases_count"": 91, ""avg_expected_prob"": 0.161, ""total_target_in_decile"": 1683060.0}, {""decile"": 10, ""cases_count"": 97, ""avg_expected_prob"": 0.096, ""total_target_in_decile"": 1426070.0}]}}",deb31d85-238c-45fd-b50f-aa25fce5f41d,2026-09-08 11:55:20.980681+00,2026-09-08 11:55:20.980686+00
f8728caa-6efb-4506-93ac-120f22963a7b,2026-09-22,SMART,PLANNED,538,19,515,4,3,161769.5,"{""strategy"": ""SMART"", ""objective"": ""BALANCED"", ""model_version"": ""scorecard-allocator-smart-v1.2"", ""is_simulated"": false, ""agents_count"": 3, ""allocated_cases_count"": 19, ""shadow_evaluation"": {""shadow_model"": ""calibrated-logit-shadow-v1.0"", ""cohort_size"": 538, ""avg_shadow_recovery_prob"": 0.338, ""decile_lift"": [{""decile"": 1, ""cases_count"": 53, ""avg_expected_prob"": 0.572, ""total_target_in_decile"": 755310.0}, {""decile"": 2, ""cases_count"": 53, ""avg_expected_prob"": 0.506, ""total_target_in_decile"": 764900.0}, {""decile"": 3, ""cases_count"": 53, ""avg_expected_prob"": 0.461, ""total_target_in_decile"": 793710.0}, {""decile"": 4, ""cases_count"": 53, ""avg_expected_prob"": 0.391, ""total_target_in_decile"": 709950.0}, {""decile"": 5, ""cases_count"": 53, ""avg_expected_prob"": 0.371, ""total_target_in_decile"": 600690.0}, {""decile"": 6, ""cases_count"": 53, ""avg_expected_prob"": 0.304, ""total_target_in_decile"": 505770.0}, {""decile"": 7, ""cases_count"": 53, ""avg_expected_prob"": 0.28, ""total_target_in_decile"": 675630.0}, {""decile"": 8, ""cases_count"": 53, ""avg_expected_prob"": 0.218, ""total_target_in_decile"": 634090.0}, {""decile"": 9, ""cases_count"": 53, ""avg_expected_prob"": 0.187, ""total_target_in_decile"": 879490.0}, {""decile"": 10, ""cases_count"": 61, ""avg_expected_prob"": 0.124, ""total_target_in_decile"": 865800.0}]}}",dfd81471-6112-4ae5-8220-baf778d622c9,2026-09-21 04:53:12.566364+00,2026-09-21 04:53:12.56637+00
4005e8c2-4806-4f40-8fc0-3ffb9119c7c5,2026-09-07,SMART,PLANNED,704,214,516,21,15,3841221.81,"{""strategy"": ""SMART"", ""objective"": ""BALANCED"", ""model_version"": ""scorecard-allocator-smart-v1.2"", ""is_simulated"": false, ""agents_count"": 15, ""allocated_cases_count"": 214, ""shadow_evaluation"": {""shadow_model"": ""calibrated-logit-shadow-v1.0"", ""cohort_size"": 704, ""avg_shadow_recovery_prob"": 0.316, ""decile_lift"": [{""decile"": 1, ""cases_count"": 70, ""avg_expected_prob"": 0.556, ""total_target_in_decile"": 1284330.0}, {""decile"": 2, ""cases_count"": 70, ""avg_expected_prob"": 0.482, ""total_target_in_decile"": 1448350.0}, {""decile"": 3, ""cases_count"": 70, ""avg_expected_prob"": 0.422, ""total_target_in_decile"": 1512280.0}, {""decile"": 4, ""cases_count"": 70, ""avg_expected_prob"": 0.379, ""total_target_in_decile"": 1170830.0}, {""decile"": 5, ""cases_count"": 70, ""avg_expected_prob"": 0.332, ""total_target_in_decile"": 1264540.0}, {""decile"": 6, ""cases_count"": 70, ""avg_expected_prob"": 0.294, ""total_target_in_decile"": 1308130.0}, {""decile"": 7, ""cases_count"": 70, ""avg_expected_prob"": 0.253, ""total_target_in_decile"": 1325170.0}, {""decile"": 8, ""cases_count"": 70, ""avg_expected_prob"": 0.204, ""total_target_in_decile"": 1032030.0}, {""decile"": 9, ""cases_count"": 70, ""avg_expected_prob"": 0.154, ""total_target_in_decile"": 1307780.0}, {""decile"": 10, ""cases_count"": 74, ""avg_expected_prob"": 0.091, ""total_target_in_decile"": 1027520.0}]}}",e033c833-722c-4ab4-8c42-87377b209154,2026-09-06 13:31:05.265508+00,2026-09-06 13:31:05.265512+00
4005e8c2-4806-4f40-8fc0-3ffb9119c7c5,2026-09-02,LEGACY,PLANNED,520,214,242,64,15,5497804.03,"{""strategy"": ""LEGACY"", ""is_simulated"": false, ""agents_count"": 15, ""allocated_cases_count"": 214}",e1d323fd-c0b1-470d-abcb-f5fa3ae91695,2026-09-01 05:24:07.14878+00,2026-09-01 05:24:07.148784+00
4005e8c2-4806-4f40-8fc0-3ffb9119c7c5,2026-09-10,SMART,PLANNED,921,214,697,22,15,1022864.56,"{""strategy"": ""SMART"", ""objective"": ""MAX_RECOVERY"", ""model_version"": ""scorecard-allocator-smart-v1.2"", ""is_simulated"": false, ""agents_count"": 15, ""allocated_cases_count"": 214, ""shadow_evaluation"": {""shadow_model"": ""calibrated-logit-shadow-v1.0"", ""cohort_size"": 921, ""avg_shadow_recovery_prob"": 0.326, ""decile_lift"": [{""decile"": 1, ""cases_count"": 92, ""avg_expected_prob"": 0.571, ""total_target_in_decile"": 1837360.0}, {""decile"": 2, ""cases_count"": 92, ""avg_expected_prob"": 0.495, ""total_target_in_decile"": 1827140.0}, {""decile"": 3, ""cases_count"": 92, ""avg_expected_prob"": 0.438, ""total_target_in_decile"": 1667280.0}, {""decile"": 4, ""cases_count"": 92, ""avg_expected_prob"": 0.387, ""total_target_in_decile"": 1672970.0}, {""decile"": 5, ""cases_count"": 92, ""avg_expected_prob"": 0.347, ""total_target_in_decile"": 1746460.0}, {""decile"": 6, ""cases_count"": 92, ""avg_expected_prob"": 0.299, ""total_target_in_decile"": 1626440.0}, {""decile"": 7, ""cases_count"": 92, ""avg_expected_prob"": 0.267, ""total_target_in_decile"": 1745440.0}, {""decile"": 8, ""cases_count"": 92, ""avg_expected_prob"": 0.209, ""total_target_in_decile"": 1463610.0}, {""decile"": 9, ""cases_count"": 92, ""avg_expected_prob"": 0.158, ""total_target_in_decile"": 1694640.0}, {""decile"": 10, ""cases_count"": 93, ""avg_expected_prob"": 0.095, ""total_target_in_decile"": 1348760.0}]}}",e2042e96-3b4f-4571-8501-5542bea76931,2026-09-09 06:33:07.026873+00,2026-09-09 06:33:07.026878+00
4005e8c2-4806-4f40-8fc0-3ffb9119c7c5,2026-09-10,SMART,PLANNED,921,214,697,22,15,912500.69,"{""strategy"": ""SMART"", ""objective"": ""BALANCED"", ""model_version"": ""scorecard-allocator-smart-v1.2"", ""is_simulated"": false, ""agents_count"": 15, ""allocated_cases_count"": 214, ""shadow_evaluation"": {""shadow_model"": ""calibrated-logit-shadow-v1.0"", ""cohort_size"": 921, ""avg_shadow_recovery_prob"": 0.326, ""decile_lift"": [{""decile"": 1, ""cases_count"": 92, ""avg_expected_prob"": 0.571, ""total_target_in_decile"": 1837360.0}, {""decile"": 2, ""cases_count"": 92, ""avg_expected_prob"": 0.495, ""total_target_in_decile"": 1827140.0}, {""decile"": 3, ""cases_count"": 92, ""avg_expected_prob"": 0.438, ""total_target_in_decile"": 1667280.0}, {""decile"": 4, ""cases_count"": 92, ""avg_expected_prob"": 0.387, ""total_target_in_decile"": 1672970.0}, {""decile"": 5, ""cases_count"": 92, ""avg_expected_prob"": 0.347, ""total_target_in_decile"": 1746460.0}, {""decile"": 6, ""cases_count"": 92, ""avg_expected_prob"": 0.299, ""total_target_in_decile"": 1626440.0}, {""decile"": 7, ""cases_count"": 92, ""avg_expected_prob"": 0.267, ""total_target_in_decile"": 1745440.0}, {""decile"": 8, ""cases_count"": 92, ""avg_expected_prob"": 0.209, ""total_target_in_decile"": 1463610.0}, {""decile"": 9, ""cases_count"": 92, ""avg_expected_prob"": 0.158, ""total_target_in_decile"": 1694640.0}, {""decile"": 10, ""cases_count"": 93, ""avg_expected_prob"": 0.095, ""total_target_in_decile"": 1348760.0}]}}",e45f98db-ebd4-4759-ad83-f6e9df6c823f,2026-09-09 10:36:27.269996+00,2026-09-09 10:36:27.27+00
f8728caa-6efb-4506-93ac-120f22963a7b,2026-09-07,SMART,PLANNED,295,19,275,3,3,403035.77,"{""strategy"": ""SMART"", ""objective"": ""BALANCED"", ""model_version"": ""scorecard-allocator-smart-v1.2"", ""is_simulated"": false, ""agents_count"": 3, ""allocated_cases_count"": 19, ""shadow_evaluation"": {""shadow_model"": ""calibrated-logit-shadow-v1.0"", ""cohort_size"": 295, ""avg_shadow_recovery_prob"": 0.336, ""decile_lift"": [{""decile"": 1, ""cases_count"": 29, ""avg_expected_prob"": 0.571, ""total_target_in_decile"": 472780.0}, {""decile"": 2, ""cases_count"": 29, ""avg_expected_prob"": 0.511, ""total_target_in_decile"": 386730.0}, {""decile"": 3, ""cases_count"": 29, ""avg_expected_prob"": 0.462, ""total_target_in_decile"": 394100.0}, {""decile"": 4, ""cases_count"": 29, ""avg_expected_prob"": 0.391, ""total_target_in_decile"": 372130.0}, {""decile"": 5, ""cases_count"": 29, ""avg_expected_prob"": 0.359, ""total_target_in_decile"": 301470.0}, {""decile"": 6, ""cases_count"": 29, ""avg_expected_prob"": 0.303, ""total_target_in_decile"": 358920.0}, {""decile"": 7, ""cases_count"": 29, ""avg_expected_prob"": 0.278, ""total_target_in_decile"": 370890.0}, {""decile"": 8, ""cases_count"": 29, ""avg_expected_prob"": 0.215, ""total_target_in_decile"": 400860.0}, {""decile"": 9, ""cases_count"": 29, ""avg_expected_prob"": 0.187, ""total_target_in_decile"": 514020.0}, {""decile"": 10, ""cases_count"": 34, ""avg_expected_prob"": 0.121, ""total_target_in_decile"": 464000.0}]}}",e54dda23-6fa4-4c75-9922-5ee21aa6d297,2026-09-06 13:30:53.746864+00,2026-09-06 13:30:53.746873+00
4005e8c2-4806-4f40-8fc0-3ffb9119c7c5,2026-09-03,SMART,PLANNED,483,214,360,19,15,2251557.03,"{""strategy"": ""SMART"", ""objective"": ""BALANCED"", ""model_version"": ""scorecard-allocator-smart-v1.2"", ""is_simulated"": false, ""agents_count"": 15, ""allocated_cases_count"": 214, ""shadow_evaluation"": {""shadow_model"": ""calibrated-logit-shadow-v1.0"", ""cohort_size"": 483, ""avg_shadow_recovery_prob"": 0.309, ""decile_lift"": [{""decile"": 1, ""cases_count"": 48, ""avg_expected_prob"": 0.552, ""total_target_in_decile"": 909400.0}, {""decile"": 2, ""cases_count"": 48, ""avg_expected_prob"": 0.476, ""total_target_in_decile"": 1136160.0}, {""decile"": 3, ""cases_count"": 48, ""avg_expected_prob"": 0.418, ""total_target_in_decile"": 1065310.0}, {""decile"": 4, ""cases_count"": 48, ""avg_expected_prob"": 0.374, ""total_target_in_decile"": 1008830.0}, {""decile"": 5, ""cases_count"": 48, ""avg_expected_prob"": 0.328, ""total_target_in_decile"": 810150.0}, {""decile"": 6, ""cases_count"": 48, ""avg_expected_prob"": 0.289, ""total_target_in_decile"": 857350.0}, {""decile"": 7, ""cases_count"": 48, ""avg_expected_prob"": 0.242, ""total_target_in_decile"": 900970.0}, {""decile"": 8, ""cases_count"": 48, ""avg_expected_prob"": 0.197, ""total_target_in_decile"": 530690.0}, {""decile"": 9, ""cases_count"": 48, ""avg_expected_prob"": 0.145, ""total_target_in_decile"": 982920.0}, {""decile"": 10, ""cases_count"": 51, ""avg_expected_prob"": 0.085, ""total_target_in_decile"": 715620.0}]}}",e6ee5476-c422-43cc-86ca-880ef00ebc3b,2026-09-03 05:19:14.148258+00,2026-09-03 05:19:14.148258+00
e76c000f-245c-4c97-9cac-c3383e91f666,2026-09-10,SMART,PLANNED,0,0,0,0,0,0,"{""message"": ""No active agents available for manager.""}",e70ac588-1aff-45f8-a654-f7dfec578a0d,2026-09-09 04:57:33.071759+00,2026-09-09 04:57:33.071765+00
4005e8c2-4806-4f40-8fc0-3ffb9119c7c5,2026-09-02,LEGACY,PLANNED,520,214,242,64,15,5497804.03,"{""strategy"": ""LEGACY"", ""is_simulated"": false, ""agents_count"": 15, ""allocated_cases_count"": 214}",e75f5e55-166c-4c17-90b2-0d5114f838e1,2026-09-01 05:27:18.267913+00,2026-09-01 05:27:18.267918+00
4005e8c2-4806-4f40-8fc0-3ffb9119c7c5,2026-09-03,SMART,PLANNED,417,214,177,26,15,11498610.82,"{""strategy"": ""SMART"", ""objective"": ""MIN_DISTANCE"", ""model_version"": ""scorecard-allocator-smart-v1.2"", ""is_simulated"": false, ""agents_count"": 15, ""allocated_cases_count"": 214, ""shadow_evaluation"": {""shadow_model"": ""calibrated-logit-shadow-v1.0"", ""cohort_size"": 417, ""avg_shadow_recovery_prob"": 0.285, ""decile_lift"": [{""decile"": 1, ""cases_count"": 41, ""avg_expected_prob"": 0.492, ""total_target_in_decile"": 1174243.17}, {""decile"": 2, ""cases_count"": 41, ""avg_expected_prob"": 0.435, ""total_target_in_decile"": 1153302.46}, {""decile"": 3, ""cases_count"": 41, ""avg_expected_prob"": 0.396, ""total_target_in_decile"": 1475518.62}, {""decile"": 4, ""cases_count"": 41, ""avg_expected_prob"": 0.358, ""total_target_in_decile"": 1307855.49}, {""decile"": 5, ""cases_count"": 41, ""avg_expected_prob"": 0.315, ""total_target_in_decile"": 1770941.68}, {""decile"": 6, ""cases_count"": 41, ""avg_expected_prob"": 0.278, ""total_target_in_decile"": 1176726.67}, {""decile"": 7, ""cases_count"": 41, ""avg_expected_prob"": 0.234, ""total_target_in_decile"": 2455478.95}, {""decile"": 8, ""cases_count"": 41, ""avg_expected_prob"": 0.183, ""total_target_in_decile"": 2983347.33}, {""decile"": 9, ""cases_count"": 41, ""avg_expected_prob"": 0.122, ""total_target_in_decile"": 4280887.33}, {""decile"": 10, ""cases_count"": 48, ""avg_expected_prob"": 0.074, ""total_target_in_decile"": 5509997.59}]}}",e760d7cc-d885-44f9-b856-ae2f59822d2a,2026-09-02 06:36:13.682474+00,2026-09-02 06:36:13.682479+00
4005e8c2-4806-4f40-8fc0-3ffb9119c7c5,2026-09-11,SMART,PLANNED,924,214,697,22,15,906058.8,"{""strategy"": ""SMART"", ""objective"": ""BALANCED"", ""model_version"": ""scorecard-allocator-smart-v1.2"", ""is_simulated"": false, ""agents_count"": 15, ""allocated_cases_count"": 214, ""shadow_evaluation"": {""shadow_model"": ""calibrated-logit-shadow-v1.0"", ""cohort_size"": 924, ""avg_shadow_recovery_prob"": 0.326, ""decile_lift"": [{""decile"": 1, ""cases_count"": 92, ""avg_expected_prob"": 0.571, ""total_target_in_decile"": 1837360.0}, {""decile"": 2, ""cases_count"": 92, ""avg_expected_prob"": 0.495, ""total_target_in_decile"": 1827140.0}, {""decile"": 3, ""cases_count"": 92, ""avg_expected_prob"": 0.438, ""total_target_in_decile"": 1667280.0}, {""decile"": 4, ""cases_count"": 92, ""avg_expected_prob"": 0.387, ""total_target_in_decile"": 1672970.0}, {""decile"": 5, ""cases_count"": 92, ""avg_expected_prob"": 0.347, ""total_target_in_decile"": 1746460.0}, {""decile"": 6, ""cases_count"": 92, ""avg_expected_prob"": 0.299, ""total_target_in_decile"": 1630020.0}, {""decile"": 7, ""cases_count"": 92, ""avg_expected_prob"": 0.268, ""total_target_in_decile"": 1736260.0}, {""decile"": 8, ""cases_count"": 92, ""avg_expected_prob"": 0.21, ""total_target_in_decile"": 1477150.0}, {""decile"": 9, ""cases_count"": 92, ""avg_expected_prob"": 0.16, ""total_target_in_decile"": 1697150.0}, {""decile"": 10, ""cases_count"": 96, ""avg_expected_prob"": 0.095, ""total_target_in_decile"": 1421790.0}]}}",e8f57c87-532e-43c3-9ca4-a7f4dadc378c,2026-09-10 04:55:20.808749+00,2026-09-10 04:55:20.808753+00
4005e8c2-4806-4f40-8fc0-3ffb9119c7c5,2026-09-10,SMART,PLANNED,921,214,697,22,15,909657.46,"{""strategy"": ""SMART"", ""objective"": ""BALANCED"", ""model_version"": ""scorecard-allocator-smart-v1.2"", ""is_simulated"": false, ""agents_count"": 15, ""allocated_cases_count"": 214, ""shadow_evaluation"": {""shadow_model"": ""calibrated-logit-shadow-v1.0"", ""cohort_size"": 921, ""avg_shadow_recovery_prob"": 0.326, ""decile_lift"": [{""decile"": 1, ""cases_count"": 92, ""avg_expected_prob"": 0.571, ""total_target_in_decile"": 1837360.0}, {""decile"": 2, ""cases_count"": 92, ""avg_expected_prob"": 0.495, ""total_target_in_decile"": 1827140.0}, {""decile"": 3, ""cases_count"": 92, ""avg_expected_prob"": 0.438, ""total_target_in_decile"": 1667280.0}, {""decile"": 4, ""cases_count"": 92, ""avg_expected_prob"": 0.387, ""total_target_in_decile"": 1672970.0}, {""decile"": 5, ""cases_count"": 92, ""avg_expected_prob"": 0.347, ""total_target_in_decile"": 1746460.0}, {""decile"": 6, ""cases_count"": 92, ""avg_expected_prob"": 0.299, ""total_target_in_decile"": 1626440.0}, {""decile"": 7, ""cases_count"": 92, ""avg_expected_prob"": 0.267, ""total_target_in_decile"": 1745440.0}, {""decile"": 8, ""cases_count"": 92, ""avg_expected_prob"": 0.209, ""total_target_in_decile"": 1463610.0}, {""decile"": 9, ""cases_count"": 92, ""avg_expected_prob"": 0.158, ""total_target_in_decile"": 1694640.0}, {""decile"": 10, ""cases_count"": 93, ""avg_expected_prob"": 0.095, ""total_target_in_decile"": 1348760.0}]}}",ea3afe0a-b17d-45a4-b712-ef4c106b5cb9,2026-09-09 09:44:47.21588+00,2026-09-09 09:44:47.215885+00
4005e8c2-4806-4f40-8fc0-3ffb9119c7c5,2026-09-03,SMART,PLANNED,319,214,84,21,15,9145132.63,"{""strategy"": ""SMART"", ""objective"": ""BALANCED"", ""model_version"": ""scorecard-allocator-smart-v1.2"", ""is_simulated"": false, ""agents_count"": 15, ""allocated_cases_count"": 214, ""shadow_evaluation"": {""shadow_model"": ""calibrated-logit-shadow-v1.0"", ""cohort_size"": 319, ""avg_shadow_recovery_prob"": 0.28, ""decile_lift"": [{""decile"": 1, ""cases_count"": 31, ""avg_expected_prob"": 0.485, ""total_target_in_decile"": 732654.44}, {""decile"": 2, ""cases_count"": 31, ""avg_expected_prob"": 0.426, ""total_target_in_decile"": 903103.31}, {""decile"": 3, ""cases_count"": 31, ""avg_expected_prob"": 0.385, ""total_target_in_decile"": 902827.79}, {""decile"": 4, ""cases_count"": 31, ""avg_expected_prob"": 0.347, ""total_target_in_decile"": 1238151.53}, {""decile"": 5, ""cases_count"": 31, ""avg_expected_prob"": 0.309, ""total_target_in_decile"": 1214063.83}, {""decile"": 6, ""cases_count"": 31, ""avg_expected_prob"": 0.27, ""total_target_in_decile"": 770607.29}, {""decile"": 7, ""cases_count"": 31, ""avg_expected_prob"": 0.233, ""total_target_in_decile"": 1432831.62}, {""decile"": 8, ""cases_count"": 31, ""avg_expected_prob"": 0.194, ""total_target_in_decile"": 2168644.55}, {""decile"": 9, ""cases_count"": 31, ""avg_expected_prob"": 0.132, ""total_target_in_decile"": 3035943.84}, {""decile"": 10, ""cases_count"": 40, ""avg_expected_prob"": 0.077, ""total_target_in_decile"": 3833134.19}]}}",ed5c7de7-2162-4de0-bd46-dbcdbb51db97,2026-09-02 08:46:21.275834+00,2026-09-02 08:46:21.275839+00
4005e8c2-4806-4f40-8fc0-3ffb9119c7c5,2026-09-03,SMART,PLANNED,319,214,84,21,15,8719557.24,"{""strategy"": ""SMART"", ""objective"": ""MAX_RECOVERY"", ""model_version"": ""scorecard-allocator-smart-v1.2"", ""is_simulated"": false, ""agents_count"": 15, ""allocated_cases_count"": 214, ""shadow_evaluation"": {""shadow_model"": ""calibrated-logit-shadow-v1.0"", ""cohort_size"": 319, ""avg_shadow_recovery_prob"": 0.28, ""decile_lift"": [{""decile"": 1, ""cases_count"": 31, ""avg_expected_prob"": 0.485, ""total_target_in_decile"": 732654.44}, {""decile"": 2, ""cases_count"": 31, ""avg_expected_prob"": 0.426, ""total_target_in_decile"": 903103.31}, {""decile"": 3, ""cases_count"": 31, ""avg_expected_prob"": 0.385, ""total_target_in_decile"": 902827.79}, {""decile"": 4, ""cases_count"": 31, ""avg_expected_prob"": 0.347, ""total_target_in_decile"": 1238151.53}, {""decile"": 5, ""cases_count"": 31, ""avg_expected_prob"": 0.309, ""total_target_in_decile"": 1214063.83}, {""decile"": 6, ""cases_count"": 31, ""avg_expected_prob"": 0.27, ""total_target_in_decile"": 770607.29}, {""decile"": 7, ""cases_count"": 31, ""avg_expected_prob"": 0.233, ""total_target_in_decile"": 1432831.62}, {""decile"": 8, ""cases_count"": 31, ""avg_expected_prob"": 0.194, ""total_target_in_decile"": 2168644.55}, {""decile"": 9, ""cases_count"": 31, ""avg_expected_prob"": 0.132, ""total_target_in_decile"": 3035943.84}, {""decile"": 10, ""cases_count"": 40, ""avg_expected_prob"": 0.077, ""total_target_in_decile"": 3833134.19}]}}",eecc3154-dea1-4a16-adaa-f60169f7b486,2026-09-02 12:02:01.051254+00,2026-09-02 12:02:01.051258+00
4005e8c2-4806-4f40-8fc0-3ffb9119c7c5,2026-09-10,SMART,PLANNED,921,214,697,22,15,911816.71,"{""strategy"": ""SMART"", ""objective"": ""BALANCED"", ""model_version"": ""scorecard-allocator-smart-v1.2"", ""is_simulated"": false, ""agents_count"": 15, ""allocated_cases_count"": 214, ""shadow_evaluation"": {""shadow_model"": ""calibrated-logit-shadow-v1.0"", ""cohort_size"": 921, ""avg_shadow_recovery_prob"": 0.326, ""decile_lift"": [{""decile"": 1, ""cases_count"": 92, ""avg_expected_prob"": 0.571, ""total_target_in_decile"": 1837360.0}, {""decile"": 2, ""cases_count"": 92, ""avg_expected_prob"": 0.495, ""total_target_in_decile"": 1827140.0}, {""decile"": 3, ""cases_count"": 92, ""avg_expected_prob"": 0.438, ""total_target_in_decile"": 1667280.0}, {""decile"": 4, ""cases_count"": 92, ""avg_expected_prob"": 0.387, ""total_target_in_decile"": 1672970.0}, {""decile"": 5, ""cases_count"": 92, ""avg_expected_prob"": 0.347, ""total_target_in_decile"": 1746460.0}, {""decile"": 6, ""cases_count"": 92, ""avg_expected_prob"": 0.299, ""total_target_in_decile"": 1626440.0}, {""decile"": 7, ""cases_count"": 92, ""avg_expected_prob"": 0.267, ""total_target_in_decile"": 1745440.0}, {""decile"": 8, ""cases_count"": 92, ""avg_expected_prob"": 0.209, ""total_target_in_decile"": 1463610.0}, {""decile"": 9, ""cases_count"": 92, ""avg_expected_prob"": 0.158, ""total_target_in_decile"": 1694640.0}, {""decile"": 10, ""cases_count"": 93, ""avg_expected_prob"": 0.095, ""total_target_in_decile"": 1348760.0}]}}",f1ada75f-0d84-4075-a1ce-f5bcd4c54bf8,2026-09-09 09:45:27.562532+00,2026-09-09 09:45:27.562537+00
4005e8c2-4806-4f40-8fc0-3ffb9119c7c5,2026-09-03,SMART,PLANNED,319,214,84,21,15,8702444.11,"{""strategy"": ""SMART"", ""objective"": ""MAX_RECOVERY"", ""model_version"": ""scorecard-allocator-smart-v1.2"", ""is_simulated"": false, ""agents_count"": 15, ""allocated_cases_count"": 214, ""shadow_evaluation"": {""shadow_model"": ""calibrated-logit-shadow-v1.0"", ""cohort_size"": 319, ""avg_shadow_recovery_prob"": 0.28, ""decile_lift"": [{""decile"": 1, ""cases_count"": 31, ""avg_expected_prob"": 0.485, ""total_target_in_decile"": 732654.44}, {""decile"": 2, ""cases_count"": 31, ""avg_expected_prob"": 0.426, ""total_target_in_decile"": 903103.31}, {""decile"": 3, ""cases_count"": 31, ""avg_expected_prob"": 0.385, ""total_target_in_decile"": 902827.79}, {""decile"": 4, ""cases_count"": 31, ""avg_expected_prob"": 0.347, ""total_target_in_decile"": 1238151.53}, {""decile"": 5, ""cases_count"": 31, ""avg_expected_prob"": 0.309, ""total_target_in_decile"": 1214063.83}, {""decile"": 6, ""cases_count"": 31, ""avg_expected_prob"": 0.27, ""total_target_in_decile"": 770607.29}, {""decile"": 7, ""cases_count"": 31, ""avg_expected_prob"": 0.233, ""total_target_in_decile"": 1432831.62}, {""decile"": 8, ""cases_count"": 31, ""avg_expected_prob"": 0.194, ""total_target_in_decile"": 2168644.55}, {""decile"": 9, ""cases_count"": 31, ""avg_expected_prob"": 0.132, ""total_target_in_decile"": 3035943.84}, {""decile"": 10, ""cases_count"": 40, ""avg_expected_prob"": 0.077, ""total_target_in_decile"": 3833134.19}]}}",f21d63be-f4c9-4768-a550-d2fca80e847f,2026-09-02 12:00:36.536625+00,2026-09-02 12:00:36.53663+00
4005e8c2-4806-4f40-8fc0-3ffb9119c7c5,2026-09-11,SMART,PLANNED,924,214,697,22,15,908319.91,"{""strategy"": ""SMART"", ""objective"": ""BALANCED"", ""model_version"": ""scorecard-allocator-smart-v1.2"", ""is_simulated"": false, ""agents_count"": 15, ""allocated_cases_count"": 214, ""shadow_evaluation"": {""shadow_model"": ""calibrated-logit-shadow-v1.0"", ""cohort_size"": 924, ""avg_shadow_recovery_prob"": 0.326, ""decile_lift"": [{""decile"": 1, ""cases_count"": 92, ""avg_expected_prob"": 0.571, ""total_target_in_decile"": 1837360.0}, {""decile"": 2, ""cases_count"": 92, ""avg_expected_prob"": 0.495, ""total_target_in_decile"": 1827140.0}, {""decile"": 3, ""cases_count"": 92, ""avg_expected_prob"": 0.438, ""total_target_in_decile"": 1667280.0}, {""decile"": 4, ""cases_count"": 92, ""avg_expected_prob"": 0.387, ""total_target_in_decile"": 1672970.0}, {""decile"": 5, ""cases_count"": 92, ""avg_expected_prob"": 0.347, ""total_target_in_decile"": 1746460.0}, {""decile"": 6, ""cases_count"": 92, ""avg_expected_prob"": 0.299, ""total_target_in_decile"": 1630020.0}, {""decile"": 7, ""cases_count"": 92, ""avg_expected_prob"": 0.268, ""total_target_in_decile"": 1736260.0}, {""decile"": 8, ""cases_count"": 92, ""avg_expected_prob"": 0.21, ""total_target_in_decile"": 1477150.0}, {""decile"": 9, ""cases_count"": 92, ""avg_expected_prob"": 0.16, ""total_target_in_decile"": 1697150.0}, {""decile"": 10, ""cases_count"": 96, ""avg_expected_prob"": 0.095, ""total_target_in_decile"": 1421790.0}]}}",f3a0d6b0-ac1c-45e9-928b-0b0a79edd8ce,2026-09-10 04:54:43.397174+00,2026-09-10 04:54:43.39718+00
e76c000f-245c-4c97-9cac-c3383e91f666,2026-09-15,SMART,PLANNED,0,0,0,0,0,0,"{""message"": ""No active agents available for manager.""}",f529c5e5-79c8-408b-a107-bafb83bbed19,2026-09-14 04:48:22.976715+00,2026-09-14 04:48:22.976726+00
e76c000f-245c-4c97-9cac-c3383e91f666,2026-09-22,SMART,PLANNED,0,0,0,0,0,0,"{""message"": ""No active agents available for manager.""}",f555cb72-4e80-4627-92d7-d5c681283872,2026-09-21 04:52:59.583306+00,2026-09-21 04:52:59.58331+00
4005e8c2-4806-4f40-8fc0-3ffb9119c7c5,2026-09-22,SMART,PLANNED,1125,214,1024,23,15,1461012.73,"{""strategy"": ""SMART"", ""objective"": ""MAX_RECOVERY"", ""model_version"": ""scorecard-allocator-smart-v1.2"", ""is_simulated"": false, ""agents_count"": 15, ""allocated_cases_count"": 214, ""shadow_evaluation"": {""shadow_model"": ""calibrated-logit-shadow-v1.0"", ""cohort_size"": 1125, ""avg_shadow_recovery_prob"": 0.322, ""decile_lift"": [{""decile"": 1, ""cases_count"": 112, ""avg_expected_prob"": 0.563, ""total_target_in_decile"": 1748200.0}, {""decile"": 2, ""cases_count"": 112, ""avg_expected_prob"": 0.485, ""total_target_in_decile"": 1840540.0}, {""decile"": 3, ""cases_count"": 112, ""avg_expected_prob"": 0.429, ""total_target_in_decile"": 1765450.0}, {""decile"": 4, ""cases_count"": 112, ""avg_expected_prob"": 0.383, ""total_target_in_decile"": 1587260.0}, {""decile"": 5, ""cases_count"": 112, ""avg_expected_prob"": 0.342, ""total_target_in_decile"": 1780800.0}, {""decile"": 6, ""cases_count"": 112, ""avg_expected_prob"": 0.294, ""total_target_in_decile"": 1600470.0}, {""decile"": 7, ""cases_count"": 112, ""avg_expected_prob"": 0.261, ""total_target_in_decile"": 1874400.0}, {""decile"": 8, ""cases_count"": 112, ""avg_expected_prob"": 0.205, ""total_target_in_decile"": 1535840.0}, {""decile"": 9, ""cases_count"": 112, ""avg_expected_prob"": 0.162, ""total_target_in_decile"": 1970040.0}, {""decile"": 10, ""cases_count"": 117, ""avg_expected_prob"": 0.103, ""total_target_in_decile"": 1686220.0}]}}",f60a7493-de1b-4b2f-8482-e79b68f3448e,2026-09-21 05:54:24.365428+00,2026-09-21 05:54:24.365433+00
4005e8c2-4806-4f40-8fc0-3ffb9119c7c5,2026-09-16,SMART,PLANNED,924,214,694,23,15,866478.57,"{""strategy"": ""SMART"", ""objective"": ""BALANCED"", ""model_version"": ""scorecard-allocator-smart-v1.2"", ""is_simulated"": false, ""agents_count"": 15, ""allocated_cases_count"": 214, ""shadow_evaluation"": {""shadow_model"": ""calibrated-logit-shadow-v1.0"", ""cohort_size"": 924, ""avg_shadow_recovery_prob"": 0.324, ""decile_lift"": [{""decile"": 1, ""cases_count"": 92, ""avg_expected_prob"": 0.569, ""total_target_in_decile"": 1828570.0}, {""decile"": 2, ""cases_count"": 92, ""avg_expected_prob"": 0.491, ""total_target_in_decile"": 1654940.0}, {""decile"": 3, ""cases_count"": 92, ""avg_expected_prob"": 0.434, ""total_target_in_decile"": 1847450.0}, {""decile"": 4, ""cases_count"": 92, ""avg_expected_prob"": 0.386, ""total_target_in_decile"": 1696570.0}, {""decile"": 5, ""cases_count"": 92, ""avg_expected_prob"": 0.343, ""total_target_in_decile"": 1643770.0}, {""decile"": 6, ""cases_count"": 92, ""avg_expected_prob"": 0.297, ""total_target_in_decile"": 1681630.0}, {""decile"": 7, ""cases_count"": 92, ""avg_expected_prob"": 0.266, ""total_target_in_decile"": 1796960.0}, {""decile"": 8, ""cases_count"": 92, ""avg_expected_prob"": 0.21, ""total_target_in_decile"": 1380960.0}, {""decile"": 9, ""cases_count"": 92, ""avg_expected_prob"": 0.159, ""total_target_in_decile"": 1584070.0}, {""decile"": 10, ""cases_count"": 96, ""avg_expected_prob"": 0.095, ""total_target_in_decile"": 1523000.0}]}}",f780f85f-ec49-4d12-b692-8a430c465654,2026-09-15 15:27:28.459013+00,2026-09-15 15:27:28.45902+00
f8728caa-6efb-4506-93ac-120f22963a7b,2026-09-16,SMART,PLANNED,371,18,350,4,3,99264.2,"{""strategy"": ""SMART"", ""objective"": ""BALANCED"", ""model_version"": ""scorecard-allocator-smart-v1.2"", ""is_simulated"": false, ""agents_count"": 3, ""allocated_cases_count"": 18, ""shadow_evaluation"": {""shadow_model"": ""calibrated-logit-shadow-v1.0"", ""cohort_size"": 371, ""avg_shadow_recovery_prob"": 0.328, ""decile_lift"": [{""decile"": 1, ""cases_count"": 37, ""avg_expected_prob"": 0.56, ""total_target_in_decile"": 439870.0}, {""decile"": 2, ""cases_count"": 37, ""avg_expected_prob"": 0.499, ""total_target_in_decile"": 465300.0}, {""decile"": 3, ""cases_count"": 37, ""avg_expected_prob"": 0.437, ""total_target_in_decile"": 332390.0}, {""decile"": 4, ""cases_count"": 37, ""avg_expected_prob"": 0.385, ""total_target_in_decile"": 357070.0}, {""decile"": 5, ""cases_count"": 37, ""avg_expected_prob"": 0.343, ""total_target_in_decile"": 380600.0}, {""decile"": 6, ""cases_count"": 37, ""avg_expected_prob"": 0.297, ""total_target_in_decile"": 413080.0}, {""decile"": 7, ""cases_count"": 37, ""avg_expected_prob"": 0.27, ""total_target_in_decile"": 381970.0}, {""decile"": 8, ""cases_count"": 37, ""avg_expected_prob"": 0.208, ""total_target_in_decile"": 470570.0}, {""decile"": 9, ""cases_count"": 37, ""avg_expected_prob"": 0.169, ""total_target_in_decile"": 577140.0}, {""decile"": 10, ""cases_count"": 38, ""avg_expected_prob"": 0.118, ""total_target_in_decile"": 545980.0}]}}",fed3a370-6758-4b9d-8df8-01b91282105f,2026-09-15 04:42:32.792522+00,2026-09-15 04:42:32.792527+00
4005e8c2-4806-4f40-8fc0-3ffb9119c7c5,2026-09-03,SMART,PLANNED,287,214,164,19,15,1621019.42,"{""strategy"": ""SMART"", ""objective"": ""MAX_RECOVERY"", ""model_version"": ""scorecard-allocator-smart-v1.2"", ""is_simulated"": false, ""agents_count"": 15, ""allocated_cases_count"": 214, ""shadow_evaluation"": {""shadow_model"": ""calibrated-logit-shadow-v1.0"", ""cohort_size"": 287, ""avg_shadow_recovery_prob"": 0.272, ""decile_lift"": [{""decile"": 1, ""cases_count"": 28, ""avg_expected_prob"": 0.478, ""total_target_in_decile"": 670650.0}, {""decile"": 2, ""cases_count"": 28, ""avg_expected_prob"": 0.418, ""total_target_in_decile"": 659660.0}, {""decile"": 3, ""cases_count"": 28, ""avg_expected_prob"": 0.376, ""total_target_in_decile"": 595480.0}, {""decile"": 4, ""cases_count"": 28, ""avg_expected_prob"": 0.338, ""total_target_in_decile"": 540470.0}, {""decile"": 5, ""cases_count"": 28, ""avg_expected_prob"": 0.301, ""total_target_in_decile"": 529940.0}, {""decile"": 6, ""cases_count"": 28, ""avg_expected_prob"": 0.26, ""total_target_in_decile"": 513120.0}, {""decile"": 7, ""cases_count"": 28, ""avg_expected_prob"": 0.222, ""total_target_in_decile"": 547060.0}, {""decile"": 8, ""cases_count"": 28, ""avg_expected_prob"": 0.18, ""total_target_in_decile"": 421190.0}, {""decile"": 9, ""cases_count"": 28, ""avg_expected_prob"": 0.127, ""total_target_in_decile"": 687040.0}, {""decile"": 10, ""cases_count"": 35, ""avg_expected_prob"": 0.072, ""total_target_in_decile"": 460200.0}]}}",ff3c2f60-29b9-409e-9e82-0fb4537b0486,2026-09-02 15:30:12.129015+00,2026-09-02 15:30:12.12902+00
