case_id,agent_id,customer_id,called_at,duration_seconds,outcome,phone_used,customer_response_notes,visit_feasible_today,best_time_to_visit,available_from,available_until,blocked_until_date,alternate_location_hint,payment_intent_signalled,verbal_payment_date,ai_intel_summary,id,created_at,updated_at,borrower_disposition
5ddcba28-0f00-4e30-b083-baece89b7858,b06cd5a3-f1c0-4cdb-b241-9ce2d6c5e791,2e0ec7cc-3dcc-4204-b83a-c5bda7ad54f4,2026-06-03 15:13:00+00,,NO_ANSWER,PRIMARY,No answer since morning. Will try calling in the evening — customer may be at work.,,,,,,,,,,007b88e8-daa0-4485-a841-4d3397a21ddb,2026-08-27 11:28:13.251721+00,2026-08-27 11:28:13.251721+00,
50664ed5-e23c-4ae7-b9a0-1f80ab19dba5,c6ca60b7-2143-412b-887e-c30ae9cda031,c52e3c3a-f668-409c-b38e-eacfaafb3285,2026-07-09 17:57:00+00,,NO_ANSWER,PRIMARY,Tried calling three times — no response. Will try visiting directly based on the timing intel from the last visit.,,,,,,,,,,00a70ee0-144e-4828-93e1-3a76a16d01e7,2026-08-27 11:28:13.251486+00,2026-08-27 11:28:13.251487+00,
7d70e38d-db1f-4c51-ab35-52d8d59a2df2,a13886ca-739b-47b4-a473-724e03f7332a,9fd94f19-0418-4061-a80c-b65386790fb9,2026-04-17 13:42:00+00,6,BUSY,PRIMARY,Line was busy. Customer probably on another call. Trying again.,,,,,,,,,,00e0c0e6-0574-4742-aa51-a047e28d8930,2026-08-27 11:28:13.624078+00,2026-08-27 11:28:13.624079+00,
bdeb6756-f0dd-4437-8ca2-0a6368f11396,2b6de8aa-0976-4be0-8a40-043ff86ffa54,08261f05-6d9a-4fd9-a6c1-b6d1549ba303,2026-03-27 14:47:00+00,,DECLINED,PRIMARY,Call rejected within 2 rings each time. Possible number block. Visiting directly.,,,,,,,,,,0108f272-17f1-4666-8609-cd48f90c9b8a,2026-08-27 11:28:13.624237+00,2026-08-27 11:28:13.624238+00,
7c0bce40-35dd-43b5-a38b-4e513d67651c,a2e2555c-f597-43af-a77a-fe708f967218,eb5373d3-667c-4bd0-9d69-4c9fb6d70086,2026-08-14 14:16:00+00,101,ANSWERED,PRIMARY,Called to confirm PTP — customer gave me the bank reference number for a transfer already done today. Will verify.,t,,,,,,t,2026-08-28,Payment intent confirmed. Verbal commitment: 28 Aug 2026. Called to confirm PTP — customer gave me the bank reference ...,0150f8be-52a1-45e8-9f23-d591f58fdb4d,2026-08-27 11:28:13.251365+00,2026-08-27 11:28:13.251365+00,
5c4e3b90-070d-4e8f-a66e-fe3b1a759d80,2b6de8aa-0976-4be0-8a40-043ff86ffa54,b31606a2-ec18-4fe4-9f22-311c5cbd1104,2026-08-26 13:09:00+00,184,ANSWERED,PRIMARY,"Customer picked up briefly, said don't disturb during office hours and disconnected. Will try in the evening.",f,,,,,,,,,01515f72-b61e-44bb-a9d9-436b2e04b3f0,2026-08-27 11:28:13.624435+00,2026-08-27 11:28:13.624435+00,
2b3fe190-52e9-4307-bca1-7484d97e10de,357e2e09-b637-468e-818b-57a5dce18e9c,08261f05-6d9a-4fd9-a6c1-b6d1549ba303,2026-06-21 16:48:00+00,181,ANSWERED,PRIMARY,Call answered. Customer is home only on weekends. Not reachable during weekdays in the day at all.,t,after 6 PM,,,,,,,Customer reachable after 6 PM. Call answered. Customer is home only on weekends. Not reachable during weekdays ...,01843afa-0fbd-40cf-9716-b91325e1a65d,2026-08-27 11:28:13.251713+00,2026-08-27 11:28:13.251714+00,
982d3485-6d75-4d79-952f-fb316821e338,c33350cc-f581-492e-807f-14262d56ebcb,e12e9aa0-fda9-4023-ba21-6532eae1940e,2026-06-10 14:50:00+00,182,ANSWERED,PRIMARY,Spoke to borrower. His property is being sold — proceeds will clear the full outstanding. 30-60 day window expected.,t,,,,,,t,2026-08-29,Payment intent confirmed. Verbal commitment: 29 Aug 2026. Spoke to borrower. His property is being sold — proceeds wil...,01ef82a2-9a11-4858-ab36-83e1a3429552,2026-08-27 11:28:13.252011+00,2026-08-27 11:28:13.252012+00,
3403140c-55c9-4a00-8f90-b0db0ed5417e,8e59153e-dc8e-4efa-af65-1db304a6f3f1,26976eb1-42c6-400c-b45a-101b41ce3537,2026-04-30 14:43:00+00,,NO_ANSWER,ALTERNATE,Phone rang but no one picked up. Will try the alternate number listed in records.,,,,,,,,,,01fcc13b-73cd-4883-8bb7-270fa4d9c456,2026-08-27 11:28:13.624173+00,2026-08-27 11:28:13.624174+00,
0de44ef5-b3a8-4f28-8079-059b5f4fae18,2b6de8aa-0976-4be0-8a40-043ff86ffa54,d23f6808-7ebf-4dba-87d6-0108d1381e9e,2026-06-02 14:24:00+00,,DECLINED,PRIMARY,Declined 3 times in a row. Customer is actively avoiding contact. Planning direct field visit.,,,,,,,,,,020b7448-3bc4-47f8-808f-61d22f96c2cc,2026-08-27 11:28:13.251783+00,2026-08-27 11:28:13.251783+00,
b56e7872-3079-4584-b897-046f39204e79,c2f2e0ce-5aeb-4ece-8325-2167edfe139e,a4a0aec6-22fe-4287-8458-2bab6c671180,2026-07-28 13:22:00+00,,WRONG_NUMBER,PRIMARY,No answer since morning. Will try calling in the evening — customer may be at work.,,,,,,,,,,023e4d9f-3d47-4771-935f-6af60a4843f7,2026-08-27 11:28:13.25149+00,2026-08-27 11:28:13.251491+00,
2f6c83a1-b4af-454c-bac1-4e13d65435e2,b06cd5a3-f1c0-4cdb-b241-9ce2d6c5e791,ef17f4ce-e6a5-4702-b0f1-19e4abd6783b,2026-06-29 15:04:00+00,,WRONG_NUMBER,ALTERNATE,Tried calling three times — no response. Will try visiting directly based on the timing intel from the last visit.,,,,,,,,,,027d0bb9-0054-4c87-bbaa-d535adda6a4b,2026-08-27 11:28:13.252029+00,2026-08-27 11:28:13.252029+00,
7742389d-f08c-45ce-a873-fcc09d250144,5fbae4d6-59d1-4e6c-8a80-fe57244a45bb,f8e81db2-daf7-446d-9379-5491607b5ec7,2026-07-22 12:14:00+00,114,ANSWERED,PRIMARY,"Customer picked up briefly, said don't disturb during office hours and disconnected. Will try in the evening.",f,,,,,,,,,02984670-799b-4ae3-8e23-f4ddc761a573,2026-08-27 11:28:13.251642+00,2026-08-27 11:28:13.251643+00,
2ab6888c-e118-4e62-9d93-1244fdd3d1c5,cd9e6eca-028e-4c61-8e82-048327bc4476,eacfbf44-0224-49f1-8500-76822bcdea0c,2026-08-17 09:01:00+00,,SWITCHED_OFF,PRIMARY,Switched off — second consecutive day. Will visit directly tomorrow morning.,,,,,,,,,,02a63835-671a-4444-8ce5-9e04a3713658,2026-08-27 11:28:13.25144+00,2026-08-27 11:28:13.251441+00,
e7448c4e-3ccf-4f7a-a983-ecb733e8a376,3e9c4168-1de9-43e8-b9f2-fbf3f931949d,b0b63f01-f844-40f7-b276-5e6b6805959a,2026-06-22 15:16:00+00,,SWITCHED_OFF,PRIMARY,Switched off. Going by the timing intel from last visit — planning morning visit before 9 AM.,,,,,,,,,,02b9a22f-7cfd-40a6-893e-0b5a5eaa3e57,2026-08-27 11:28:13.251787+00,2026-08-27 11:28:13.251787+00,
eba1fece-176b-4f3b-b240-ca08a11c34e4,a13886ca-739b-47b4-a473-724e03f7332a,ac097225-fba9-4e4d-9c4e-a8d4d8fba315,2026-06-19 10:02:00+00,232,ANSWERED,PRIMARY,Customer picked up and immediately said to stop calling or he will file a harassment complaint. He cut the call. No visit recommended right now.,f,,,,,,,,,02ccd0c0-7b31-404d-88d5-ff2dbcf0a6a5,2026-08-27 11:28:13.251707+00,2026-08-27 11:28:13.251707+00,
04460e1f-47f5-4d30-b44c-0be05ea7991f,e9dced65-f61b-4c24-bae7-d4170299ed46,0b69a0a3-3f45-481a-8840-b0720961f695,2026-07-03 18:17:00+00,,WRONG_NUMBER,PRIMARY,Three unanswered attempts today. Visiting directly — based on previous note that customer is home before 10 AM.,,,,,,,,,,02d90b32-4abb-4bdd-906a-9f2cba24f984,2026-08-27 11:28:13.251559+00,2026-08-27 11:28:13.251559+00,
ec2e7637-9dc3-4d0e-8dd8-3ea3e91b9d45,cd9e6eca-028e-4c61-8e82-048327bc4476,58c36194-ac80-4d4c-9ac4-3ded3c732c24,2026-05-08 16:54:00+00,,WRONG_NUMBER,ALTERNATE,Tried calling three times — no response. Will try visiting directly based on the timing intel from the last visit.,,,,,,,,,,030868e2-0846-4cf3-9825-425a7c0ac7aa,2026-08-27 11:28:13.252057+00,2026-08-27 11:28:13.252058+00,
38b5a631-94e3-491d-b6b8-2e0a136989e6,c2f2e0ce-5aeb-4ece-8325-2167edfe139e,c17d44ac-7449-4cbb-ab24-33e588750d21,2026-03-30 17:48:00+00,,NO_ANSWER,PRIMARY,Phone rang but no one picked up. Will try the alternate number listed in records.,,,,,,,,,,032ff46c-fd9e-449c-b547-b21ef246f8a2,2026-08-27 11:28:13.624246+00,2026-08-27 11:28:13.624247+00,
3d6aefac-5b91-482c-b033-e11f15822263,b06cd5a3-f1c0-4cdb-b241-9ce2d6c5e791,b8dfb771-23d3-4152-91f7-1409ab8bad9d,2026-07-04 14:37:00+00,33,ANSWERED,ALTERNATE,Good call. Customer told me his salary comes on the 9th every month. He will pay on the 10th. I'll plan the visit accordingly.,t,after 20th of month,,,,,t,2026-08-29,Customer reachable after 20th of month. Good call. Customer told me his salary comes on the 9th every month. He will pay...,0340ab7a-03e6-450c-b29a-d472f2b503dd,2026-08-27 11:28:13.251459+00,2026-08-27 11:28:13.251459+00,
617a7a6a-7b62-4af9-bd79-cd6932dd4c0a,2dfc73e0-dba9-4aa5-babf-d5141ded5497,c52e3c3a-f668-409c-b38e-eacfaafb3285,2026-03-20 11:49:00+00,,DECLINED,PRIMARY,Declined 3 times in a row. Customer is actively avoiding contact. Planning direct field visit.,,,,,,,,,,03468892-e551-4b76-8310-db84e453692e,2026-08-27 11:28:13.624402+00,2026-08-27 11:28:13.624402+00,
01ae52c2-8c6e-4592-a38f-08732c8950f4,c6ca60b7-2143-412b-887e-c30ae9cda031,783b963e-c174-4a0b-b9bf-b5b43a6000bd,2026-07-28 12:00:00+00,,WRONG_NUMBER,ALTERNATE,Phone rang but no one picked up. Will try the alternate number listed in records.,,,,,,,,,,03568af8-aed3-42de-9326-f860c65f854d,2026-08-27 11:28:13.251627+00,2026-08-27 11:28:13.251628+00,
7f5bab5a-5be9-476c-a7db-2998e9c530ef,e9dced65-f61b-4c24-bae7-d4170299ed46,24b5cb1d-9037-4cd9-85f4-2c9cf2ee1daa,2026-08-15 17:54:00+00,,DECLINED,PRIMARY,Declined 3 times in a row. Customer is actively avoiding contact. Planning direct field visit.,,,,,,,,,,03e75c47-9f9f-42d7-8c86-76598c65b2e8,2026-08-27 11:28:13.251412+00,2026-08-27 11:28:13.251413+00,
05568278-e64e-4408-9875-2190a42ba943,3aa13103-bd03-4578-9292-44d88d58da00,0b2c8dd8-f345-4d01-94f7-6c59689252ce,2026-05-23 10:53:00+00,,DECLINED,PRIMARY,Call rejected within 2 rings each time. Possible number block. Visiting directly.,,,,,,,,,,0432eb92-5e29-4bd4-89ee-7c8f26f03260,2026-08-27 11:28:13.623837+00,2026-08-27 11:28:13.623837+00,
577f98bb-d705-4134-8393-a6f6934e1e4f,357e2e09-b637-468e-818b-57a5dce18e9c,becb48a3-4d0a-4b95-9c49-553292c440ee,2026-05-21 11:38:00+00,,NO_ANSWER,ALTERNATE,Three unanswered attempts today. Visiting directly — based on previous note that customer is home before 10 AM.,,,,,,,,,,0463312c-5953-4bcd-955e-2cd0745f2be0,2026-08-27 11:28:13.623957+00,2026-08-27 11:28:13.623958+00,
338db969-9e42-4537-aac6-b7c5f0582bab,a13886ca-739b-47b4-a473-724e03f7332a,8686c2cc-b01d-4e9f-966c-a2c2ab5bcb98,2026-08-25 12:03:00+00,,NO_ANSWER,PRIMARY,Phone rang but no one picked up. Will try the alternate number listed in records.,,,,,,,,,,0483ab75-71ce-401d-bc9a-ead3219ae993,2026-08-27 11:28:13.251225+00,2026-08-27 11:28:13.251225+00,
97293b8c-54e4-494f-bafa-b154dc4799e4,2dfc73e0-dba9-4aa5-babf-d5141ded5497,65d0ed44-6d1a-461a-8814-cfec36409756,2026-08-01 17:58:00+00,165,ANSWERED,PRIMARY,Spoke to borrower. He said Sundays he's home all morning. Weekdays he's at the factory by 7 AM.,t,morning before 9:30,,,,,,,Customer reachable morning before 9:30. Spoke to borrower. He said Sundays he's home all morning. Weekdays he's at the f...,049ee0f4-be7d-490b-96d7-db0ea2a80564,2026-08-27 11:28:13.251677+00,2026-08-27 11:28:13.251678+00,
98678a95-03c8-4eb5-914a-e4d53dfeb0dd,a2e2555c-f597-43af-a77a-fe708f967218,3a7c144c-c15a-4a83-8de0-c68126435e7f,2026-04-19 17:14:00+00,222,ANSWERED,ALTERNATE,Customer answered. Said he's home for lunch between 1 PM and 2:30 PM daily. That's a good window to visit.,t,between 1-3 PM,,,,,,,Customer reachable between 1-3 PM. Customer answered. Said he's home for lunch between 1 PM and 2:30 PM daily. That...,04c6b952-deda-4f6d-9cb1-0fdd0001d38c,2026-08-27 11:28:13.624071+00,2026-08-27 11:28:13.624071+00,
59295677-15c0-4bfd-8e35-bfd78d6adbdb,3aa13103-bd03-4578-9292-44d88d58da00,00a419ac-a1d7-4f27-ba0c-02c0e1d9802a,2026-08-12 10:24:00+00,,DECLINED,PRIMARY,Call was declined immediately — customer likely recognised the number. Will try from a different number.,,,,,,,,,,04f59de4-4052-4a75-af4b-afcd35b84aae,2026-08-27 11:28:13.251255+00,2026-08-27 11:28:13.251255+00,
6a22de15-0fec-4967-9bda-1224814a439f,4a182f53-a1a1-4f15-945a-6a56f4e04b64,4acff2d3-83ee-4200-8f28-0b5f0075d617,2026-03-27 14:12:00+00,16,BUSY,PRIMARY,Busy tone on first attempt. Will try again in 15 minutes.,,,,,,,,,,05a137bb-1e23-47a8-bfce-a16200fa2dc3,2026-08-27 11:28:13.624254+00,2026-08-27 11:28:13.624255+00,
462f568c-f683-44be-bede-6e57708992ae,cd9e6eca-028e-4c61-8e82-048327bc4476,540fd0f4-e42e-489e-bf37-4ae508e0225f,2026-08-17 11:31:00+00,,NO_ANSWER,PRIMARY,Primary number not answering. Alternate number also not reachable. Planned a direct visit.,,,,,,,,,,05a19818-6588-4bea-b2da-2c62066fd915,2026-08-27 11:28:13.251398+00,2026-08-27 11:28:13.251399+00,
ecc596da-01f8-4713-90df-95567361aaf8,357e2e09-b637-468e-818b-57a5dce18e9c,d2a33ff1-ab95-4313-b96e-37e0814c6f2d,2026-08-01 15:51:00+00,,DECLINED,ALTERNATE,Call was declined immediately — customer likely recognised the number. Will try from a different number.,,,,,,,,,,05bf4eb8-a99e-4da6-b447-255df6f6f519,2026-08-27 11:28:13.251501+00,2026-08-27 11:28:13.251502+00,
2041c96a-9606-46f8-95ef-5fa5b59cce65,4a182f53-a1a1-4f15-945a-6a56f4e04b64,6e41bc48-426c-4fe9-9719-ded346a3f1b8,2026-06-17 12:48:00+00,112,ANSWERED,ALTERNATE,Customer picked up and immediately said to stop calling or he will file a harassment complaint. He cut the call. No visit recommended right now.,f,,,,,,,,,05d667ac-438f-49d6-a61b-ec7b239c84a2,2026-08-27 11:28:13.252025+00,2026-08-27 11:28:13.252025+00,
6800c67f-3417-4634-8547-e8e3c2b2d39e,cd9e6eca-028e-4c61-8e82-048327bc4476,def6ec95-7bb5-4ef4-a2f7-971bf5945771,2026-07-03 09:41:00+00,218,ANSWERED,ALTERNATE,Customer picked up and immediately said to stop calling or he will file a harassment complaint. He cut the call. No visit recommended right now.,f,,,,,,,,,05da9fd5-c085-4157-908f-bb1412a961f2,2026-08-27 11:28:13.2517+00,2026-08-27 11:28:13.251701+00,
a9560ff7-3dd0-45d2-a2a6-79a8c05d2133,a2e2555c-f597-43af-a77a-fe708f967218,0206ed96-6702-4d9b-8861-5ca0019ddc4f,2026-05-25 10:05:00+00,,WRONG_NUMBER,PRIMARY,Primary number not answering. Alternate number also not reachable. Planned a direct visit.,,,,,,,,,,06704acc-3d9f-4f87-81fe-b0574d5a8a8b,2026-08-27 11:28:13.252093+00,2026-08-27 11:28:13.252094+00,
966b3a4f-c1ca-427e-8c76-d394ca8bd8d3,e9dced65-f61b-4c24-bae7-d4170299ed46,03f86dca-2e8f-417a-b504-e5736d9c217e,2026-03-25 18:10:00+00,74,ANSWERED,ALTERNATE,Customer answered. He works a night shift — so he's available from 9 AM to 1 PM on weekdays. I'll plan the visit for 10 AM.,t,after 6 PM,,,,,,,Customer reachable after 6 PM. Customer answered. He works a night shift — so he's available from 9 AM to 1 PM ...,06791d7a-119f-4f3a-a2c0-10f2a7065ce4,2026-08-27 11:28:13.624322+00,2026-08-27 11:28:13.624323+00,
0a82052f-30a7-4e30-a1df-7956741a99b5,c37b6a5c-9d1c-46d4-8ece-dfce290dc74b,ea8bf59f-dae6-4b04-b0c8-72a6f51d8d08,2026-06-04 17:48:00+00,,WRONG_NUMBER,PRIMARY,Three unanswered attempts today. Visiting directly — based on previous note that customer is home before 10 AM.,,,,,,,,,,06b2872f-1862-4583-8f4d-bbdbad40ef8c,2026-08-27 11:28:13.252028+00,2026-08-27 11:28:13.252028+00,
1fc4c4bb-c8da-4f77-b86f-045c1c7d83d6,e9dced65-f61b-4c24-bae7-d4170299ed46,0206ed96-6702-4d9b-8861-5ca0019ddc4f,2026-03-12 17:48:00+00,68,ANSWERED,PRIMARY,Call done. Borrower gets rental income on the 2nd of every month. Best time to collect is on the 3rd or 4th.,t,on pension day,,,,,t,2026-09-02,Customer reachable on pension day. Call done. Borrower gets rental income on the 2nd of every month. Best time to c...,0745a52a-db68-49d0-a8ff-7a0396ac0332,2026-08-27 11:28:13.624302+00,2026-08-27 11:28:13.624303+00,
ab424df4-f91b-4d3a-bf7e-77671eab8c75,c2f2e0ce-5aeb-4ece-8325-2167edfe139e,cfd7f981-8a56-4067-919c-03b1c95f4b23,2026-07-28 18:40:00+00,,WRONG_NUMBER,ALTERNATE,Tried calling three times — no response. Will try visiting directly based on the timing intel from the last visit.,,,,,,,,,,077bbabd-4ea2-4501-9593-ef365952c6e0,2026-08-27 11:28:13.251471+00,2026-08-27 11:28:13.251472+00,
3453e14a-d97b-4a57-a664-99abe04c98b7,2b6de8aa-0976-4be0-8a40-043ff86ffa54,50644e10-d6ff-4775-b820-e551c5bda213,2026-08-27 14:24:00+00,,SWITCHED_OFF,ALTERNATE,Both primary and alternate numbers are switched off since morning. Planning a direct visit.,,,,,,,,,,08d8f7b3-a98b-40b1-8427-b3991a2aea45,2026-08-27 11:28:13.624438+00,2026-08-27 11:28:13.624439+00,
e6d120a1-64d7-43ac-97a6-2c5406b69d5a,c2f2e0ce-5aeb-4ece-8325-2167edfe139e,0984faa1-314e-4568-b8f0-cf91a86cf052,2026-06-14 18:54:00+00,137,ANSWERED,ALTERNATE,"Customer on pilgrimage — wife confirmed, said he will be back in 12 days. Blocking visits till confirmed return.",f,,,,2026-09-10,,,,Do not visit until 10 Sep 2026 — customer unavailable.,08df3f10-f614-4564-8762-597666af1a5a,2026-08-27 11:28:13.251758+00,2026-08-27 11:28:13.251759+00,
81a526e2-3990-4e09-b07a-049b311b4072,3aa13103-bd03-4578-9292-44d88d58da00,ac3e9e9a-7166-4967-a92f-c7a9e44550d2,2026-03-24 09:59:00+00,13,BUSY,ALTERNATE,Line was busy. Customer probably on another call. Trying again.,,,,,,,,,,0903b16b-0256-4c49-b035-1f89c7d08fde,2026-08-27 11:28:13.624351+00,2026-08-27 11:28:13.624352+00,
deaada1c-e6ed-49f7-9d1d-815e171c64e4,b06cd5a3-f1c0-4cdb-b241-9ce2d6c5e791,0b2c8dd8-f345-4d01-94f7-6c59689252ce,2026-08-12 15:22:00+00,146,ANSWERED,ALTERNATE,Called — customer said he's in the process of moving house this week. New address will be shared in 3-4 days once settled.,f,,,,2026-08-31,,,,Do not visit until 31 Aug 2026 — customer unavailable.,0910edb2-1481-4098-a2dd-05c57d67a29d,2026-08-27 11:28:13.25142+00,2026-08-27 11:28:13.251421+00,
cde5571d-2f58-4bcc-8850-76a91602e0a6,5fbae4d6-59d1-4e6c-8a80-fe57244a45bb,65f3403d-3e79-40fb-bb72-59ff9d8b27e0,2026-04-19 16:57:00+00,86,ANSWERED,ALTERNATE,Spoke to borrower. His property is being sold — proceeds will clear the full outstanding. 30-60 day window expected.,t,,,,,,t,2026-09-03,Payment intent confirmed. Verbal commitment: 03 Sep 2026. Spoke to borrower. His property is being sold — proceeds wil...,092d05cf-b477-4185-abbf-3bed3e4538b3,2026-08-27 11:28:13.624076+00,2026-08-27 11:28:13.624077+00,
e7bb8d0f-57fd-475f-a8c2-277932b8cc07,8e59153e-dc8e-4efa-af65-1db304a6f3f1,5ba3abe3-9942-47ed-aa9a-1e8dd755a238,2026-03-29 12:38:00+00,228,ANSWERED,ALTERNATE,"Customer picked up briefly, said don't disturb during office hours and disconnected. Will try in the evening.",f,,,,,,,,,095ca89b-a7e6-47e9-b463-9e24a226bef8,2026-08-27 11:28:13.624387+00,2026-08-27 11:28:13.624387+00,
f1304f49-ec15-41f7-8ca8-9014ba280e6e,8e59153e-dc8e-4efa-af65-1db304a6f3f1,0cf79da7-545f-4c74-a7f6-517536fa5cf4,2026-05-27 10:53:00+00,,WRONG_NUMBER,PRIMARY,Phone rang but no one picked up. Will try the alternate number listed in records.,,,,,,,,,,099eb6d6-58fe-420c-9d70-f24f38424531,2026-08-27 11:28:13.623995+00,2026-08-27 11:28:13.623996+00,
2423e23e-c503-48ed-bd5a-a3975b02d085,a2e2555c-f597-43af-a77a-fe708f967218,c5733aff-893e-4874-894d-65898bc2c1e1,2026-03-16 17:40:00+00,,WRONG_NUMBER,PRIMARY,Primary number not answering. Alternate number also not reachable. Planned a direct visit.,,,,,,,,,,09ad92bd-c075-4f1f-90e7-214c2bcf5cea,2026-08-27 11:28:13.62434+00,2026-08-27 11:28:13.62434+00,
aa7879bb-bb87-4d9c-9d1a-f62d3fe2cc80,8e59153e-dc8e-4efa-af65-1db304a6f3f1,3bc906ec-1f51-4fe6-841e-0ddcf2b0f1ed,2026-06-06 14:41:00+00,,WRONG_NUMBER,ALTERNATE,Tried calling three times — no response. Will try visiting directly based on the timing intel from the last visit.,,,,,,,,,,09e4a7fa-05bc-4268-9bab-72ebb30efe53,2026-08-27 11:28:13.251742+00,2026-08-27 11:28:13.251743+00,
0df3d468-4961-410c-adf2-ceffea0d2936,2b6de8aa-0976-4be0-8a40-043ff86ffa54,0df43380-a050-44fd-8b41-28df032bed43,2026-07-13 09:31:00+00,,DECLINED,PRIMARY,Call rejected within 2 rings each time. Possible number block. Visiting directly.,,,,,,,,,,0aabbd3b-c6e9-45c4-bc74-94bd301d54c8,2026-08-27 11:28:13.251656+00,2026-08-27 11:28:13.251656+00,
210783f0-6af8-49c2-b0f7-a7e78544b732,357e2e09-b637-468e-818b-57a5dce18e9c,aaa5115f-a8d0-4e95-aabf-f051fc54c9f7,2026-07-21 11:51:00+00,,DECLINED,ALTERNATE,Call was declined immediately — customer likely recognised the number. Will try from a different number.,,,,,,,,,,0ab41e5c-dc10-44d7-b528-1d785cb7f6c3,2026-08-27 11:28:13.251591+00,2026-08-27 11:28:13.251591+00,
465bbd5c-6bf0-4c97-92eb-cb0d54da4747,357e2e09-b637-468e-818b-57a5dce18e9c,3c721e90-821f-405e-8303-aaf8933d93ce,2026-05-25 13:42:00+00,109,ANSWERED,ALTERNATE,Customer mentioned his wife is the primary earner — her salary comes on the last working day of the month. PTP accordingly.,t,after salary credit on 9th,,,,,t,2026-08-31,Customer reachable after salary credit on 9th. Customer mentioned his wife is the primary earner — her salary comes on the last...,0b2687ab-3681-4793-a73b-5e30140588ea,2026-08-27 11:28:13.624023+00,2026-08-27 11:28:13.624023+00,
5c4e3b90-070d-4e8f-a66e-fe3b1a759d80,2b6de8aa-0976-4be0-8a40-043ff86ffa54,b31606a2-ec18-4fe4-9f22-311c5cbd1104,2026-08-26 11:48:00+00,215,ANSWERED,ALTERNATE,Customer picked up. Said he's out of city for 10 days for a family function. Requested no visit until he returns on the 15th. Blocking visits until then.,f,,,,2026-09-04,,,,Do not visit until 04 Sep 2026 — customer unavailable.,0b59a9cf-d3a7-436b-83d5-e43b34d6dec7,2026-08-27 11:28:13.624434+00,2026-08-27 11:28:13.624434+00,
63cc3b08-5f7c-4787-872c-bfb6de16b2c3,c6ca60b7-2143-412b-887e-c30ae9cda031,47e30ef7-8957-428d-be7b-a7b0524f8143,2026-08-27 09:16:00+00,,DECLINED,PRIMARY,Call rejected within 2 rings each time. Possible number block. Visiting directly.,,,,,,,,,,0c5009d4-0ea8-4a8a-9439-d56a3578df59,2026-08-27 11:28:13.251239+00,2026-08-27 11:28:13.25124+00,
a6523406-7495-4e41-b1e5-0d38859cb75f,1d5e58e8-954e-4d6c-b13c-6e6d614cb588,ccb9773a-386d-40ba-897a-6749f16e61e4,2026-04-08 13:35:00+00,,DECLINED,ALTERNATE,Declined 3 times in a row. Customer is actively avoiding contact. Planning direct field visit.,,,,,,,,,,0d026839-8520-419c-8349-4ef9e6da07a6,2026-08-27 11:28:13.624155+00,2026-08-27 11:28:13.624156+00,
883e2e22-4db1-4508-a5b6-c9cc7da127dd,1d5e58e8-954e-4d6c-b13c-6e6d614cb588,ac097225-fba9-4e4d-9c4e-a8d4d8fba315,2026-04-26 15:09:00+00,144,ANSWERED,PRIMARY,Borrower answered. Said the outstanding amount is wrong and he will not pay until the bank corrects the statement. Call ended.,f,,,,,,,,,0d0d17c4-ba5d-473b-9b04-19bb3cc438a9,2026-08-27 11:28:13.624081+00,2026-08-27 11:28:13.624082+00,
20ab749d-4aec-4b7f-99f9-61ad189fa4c4,c2f2e0ce-5aeb-4ece-8325-2167edfe139e,598573b9-8c04-44bf-bc0b-b3a1d7eb941c,2026-08-26 14:22:00+00,,NO_ANSWER,PRIMARY,Phone rang but no one picked up. Will try the alternate number listed in records.,,,,,,,,,,0d1d2e79-7926-4ce3-93e0-37b04d8039d2,2026-08-27 11:28:13.251382+00,2026-08-27 11:28:13.251382+00,
139f3990-f0c5-4327-9d7b-698ae5e23033,a13886ca-739b-47b4-a473-724e03f7332a,47e30ef7-8957-428d-be7b-a7b0524f8143,2026-03-18 13:37:00+00,,WRONG_NUMBER,PRIMARY,Tried calling three times — no response. Will try visiting directly based on the timing intel from the last visit.,,,,,,,,,,0dfa1a78-148d-4057-9f5f-d51a95d87881,2026-08-27 11:28:13.624325+00,2026-08-27 11:28:13.624326+00,
12a40d91-5e4d-49b3-93c7-3c814c04a69d,357e2e09-b637-468e-818b-57a5dce18e9c,c34b25c0-f1f6-4a99-8351-ecf4852a50d4,2026-06-18 14:44:00+00,,DECLINED,ALTERNATE,Call rejected within 2 rings each time. Possible number block. Visiting directly.,,,,,,,,,,0e3a711f-31af-48bf-b091-aa874469848d,2026-08-27 11:28:13.251767+00,2026-08-27 11:28:13.251767+00,
f95e4162-8c63-48c2-bcef-d6b689ae8aa5,5fbae4d6-59d1-4e6c-8a80-fe57244a45bb,fb003551-696e-48e1-a3f3-fb8cc47620b0,2026-05-31 18:45:00+00,,WRONG_NUMBER,PRIMARY,Three unanswered attempts today. Visiting directly — based on previous note that customer is home before 10 AM.,,,,,,,,,,0e485e80-2124-4c74-81ef-78ab115839d0,2026-08-27 11:28:13.62399+00,2026-08-27 11:28:13.623991+00,
efcf5b68-75d1-4595-812c-d49a3f2ee45b,8e59153e-dc8e-4efa-af65-1db304a6f3f1,2116ea56-720b-426f-be95-b1c2fe197cc5,2026-05-26 10:02:00+00,116,ANSWERED,PRIMARY,Reminder answered. Customer confirmed payment physically kept ready in cash. Visit confirmed.,t,,,,,,t,2026-08-30,Payment intent confirmed. Verbal commitment: 30 Aug 2026. Reminder answered. Customer confirmed payment physically kep...,0ed3f128-a81f-423d-969d-dd418fc24179,2026-08-27 11:28:13.624016+00,2026-08-27 11:28:13.624016+00,
97d5c206-b198-4604-8d22-7f2bd260d47b,3e9c4168-1de9-43e8-b9f2-fbf3f931949d,5ae0aafa-aa07-484b-9ed7-c72a096af296,2026-06-27 15:17:00+00,,WRONG_NUMBER,PRIMARY,Three unanswered attempts today. Visiting directly — based on previous note that customer is home before 10 AM.,,,,,,,,,,0ed5c8a2-b1bd-40d3-88d3-e926a212dd2d,2026-08-27 11:28:13.251839+00,2026-08-27 11:28:13.251839+00,
292341e4-c9e3-4039-a4f5-f6c3f6b080e1,357e2e09-b637-468e-818b-57a5dce18e9c,f3665eea-1b6b-4f31-a8a1-8eeeb5e4cc45,2026-07-28 09:46:00+00,,NO_ANSWER,PRIMARY,Tried calling three times — no response. Will try visiting directly based on the timing intel from the last visit.,,,,,,,,,,0ee9ba30-eed9-4d06-b1d3-bca291087071,2026-08-27 11:28:13.251646+00,2026-08-27 11:28:13.251646+00,
04460e1f-47f5-4d30-b44c-0be05ea7991f,e9dced65-f61b-4c24-bae7-d4170299ed46,0b69a0a3-3f45-481a-8840-b0720961f695,2026-07-04 15:49:00+00,159,ANSWERED,PRIMARY,Reminder call — customer confirmed salary credited yesterday and full amount is ready. Coming to collect now.,t,,,,,,t,2026-08-28,Payment intent confirmed. Verbal commitment: 28 Aug 2026. Reminder call — customer confirmed salary credited yesterday...,0f025084-a343-4368-8e04-04bfcc8d0ac4,2026-08-27 11:28:13.251556+00,2026-08-27 11:28:13.251557+00,
9c2c2742-538c-47a5-b4ce-393bf37ab97d,e9dced65-f61b-4c24-bae7-d4170299ed46,11721135-0a03-4f14-a72b-f26994b00c33,2026-08-27 16:52:00+00,120,ANSWERED,PRIMARY,Spoke to the customer just now. She leaves for the market at 12:30 PM daily. Best window is weekday mornings before noon.,t,after 6 PM,,,,,,,Customer reachable after 6 PM. Spoke to the customer just now. She leaves for the market at 12:30 PM daily. Bes...,0f431635-8d75-467a-a61a-7fb809ec9051,2026-08-27 11:28:13.251332+00,2026-08-27 11:28:13.251332+00,
7d320cac-116a-4fca-91e3-21aeb3e7b44e,a2e2555c-f597-43af-a77a-fe708f967218,d5044408-d977-4e21-92a6-6a6b695b9164,2026-04-11 10:17:00+00,69,ANSWERED,PRIMARY,Customer mentioned his wife is the primary earner — her salary comes on the last working day of the month. PTP accordingly.,t,after salary credit on 9th,,,,,t,2026-09-11,Customer reachable after salary credit on 9th. Customer mentioned his wife is the primary earner — her salary comes on the last...,0f458b66-bcde-4b05-a2b4-6de57572eee6,2026-08-27 11:28:13.624067+00,2026-08-27 11:28:13.624068+00,
9fb225f3-97d7-45d6-963d-6743a14603e0,1d5e58e8-954e-4d6c-b13c-6e6d614cb588,c77e10a4-659a-45bc-b298-17404f303324,2026-08-19 13:01:00+00,,NO_ANSWER,PRIMARY,Three unanswered attempts today. Visiting directly — based on previous note that customer is home before 10 AM.,,,,,,,,,,0fc62836-0a5f-4175-83d6-a44460d7f18f,2026-08-27 11:28:13.251334+00,2026-08-27 11:28:13.251335+00,
f7e9d62a-7578-4e24-97e8-7c5be5cb42ac,3aa13103-bd03-4578-9292-44d88d58da00,06095920-7424-42cf-92ed-75bf431eed5d,2026-03-18 15:05:00+00,,WRONG_NUMBER,ALTERNATE,Primary number not answering. Alternate number also not reachable. Planned a direct visit.,,,,,,,,,,0febf97a-6226-4de6-8de1-086175d2b423,2026-08-27 11:28:13.624343+00,2026-08-27 11:28:13.624344+00,
792c5ddd-5669-4526-8a32-759a1ee7c52d,cd9e6eca-028e-4c61-8e82-048327bc4476,2941db57-a823-4c8c-81df-42d797c63d2c,2026-05-16 09:17:00+00,178,ANSWERED,ALTERNATE,Called as a reminder. Borrower said she will transfer via UPI today itself — before noon. No need for field visit today.,t,,,,,,t,2026-08-31,Payment intent confirmed. Verbal commitment: 31 Aug 2026. Called as a reminder. Borrower said she will transfer via UP...,107700ea-e458-4fe5-b7bb-ed9097e5ae9d,2026-08-27 11:28:13.624025+00,2026-08-27 11:28:13.624026+00,
9b929523-5e83-4d44-bc3c-bf621abee8df,2b6de8aa-0976-4be0-8a40-043ff86ffa54,0b2c8dd8-f345-4d01-94f7-6c59689252ce,2026-04-15 10:37:00+00,17,BUSY,PRIMARY,Line was busy. Customer probably on another call. Trying again.,,,,,,,,,,10a8b585-0593-4874-971b-12e3c6f65f8c,2026-08-27 11:28:13.624167+00,2026-08-27 11:28:13.624168+00,
4e1884d2-56dd-4e27-be8e-3812627417f9,cd9e6eca-028e-4c61-8e82-048327bc4476,ae38bc80-0ae4-48dd-ba3d-35710c261b87,2026-06-05 14:38:00+00,186,ANSWERED,PRIMARY,Customer answered from out of town. He's on a work contract in Rajasthan for 2 more weeks. Not reachable for visit till month end.,f,,,,2026-09-02,,,,Do not visit until 02 Sep 2026 — customer unavailable.,10eb0efe-1644-4abe-b087-bb5275b4285d,2026-08-27 11:28:13.251802+00,2026-08-27 11:28:13.251803+00,
ac3b168c-a835-406d-a7c0-133833186e2b,4a182f53-a1a1-4f15-945a-6a56f4e04b64,903c0bf7-45d1-45bb-9a8a-5a9ba0e09942,2026-08-18 18:31:00+00,148,ANSWERED,PRIMARY,Called as a reminder. Borrower said she will transfer via UPI today itself — before noon. No need for field visit today.,t,,,,,,t,2026-08-29,Payment intent confirmed. Verbal commitment: 29 Aug 2026. Called as a reminder. Borrower said she will transfer via UP...,10f5624e-ad62-4087-80de-e55b4f24773c,2026-08-27 11:28:13.25137+00,2026-08-27 11:28:13.25137+00,
5716d861-5833-4350-b34c-909162feb767,4a182f53-a1a1-4f15-945a-6a56f4e04b64,f45c94fd-7fbc-4f1b-9251-5b344b57ff6d,2026-08-10 14:51:00+00,,WRONG_NUMBER,PRIMARY,Phone rang but no one picked up. Will try the alternate number listed in records.,,,,,,,,,,113b74cd-6666-47a6-9f20-e40f52e74c16,2026-08-27 11:28:13.251369+00,2026-08-27 11:28:13.251369+00,
77108090-99d5-419c-b997-9300a4bab952,8e59153e-dc8e-4efa-af65-1db304a6f3f1,9339433d-7018-4df9-8ab1-189b46c9ca29,2026-05-22 13:10:00+00,32,ANSWERED,PRIMARY,Customer answered. Said he's going through court proceedings this week — his lawyer advised no contact. Requesting 2 weeks gap.,f,,,,2026-09-02,,,,Do not visit until 02 Sep 2026 — customer unavailable.,113c44c5-5ffb-4d9c-9a51-a5c0e4a97424,2026-08-27 11:28:13.624015+00,2026-08-27 11:28:13.624015+00,
da1f64f8-b9b7-4a03-b3cb-631070c68931,1d5e58e8-954e-4d6c-b13c-6e6d614cb588,24ec8685-728f-4fd9-ad1f-3d85956050d2,2026-08-02 15:25:00+00,200,ANSWERED,PRIMARY,"Customer said insurance claim is pending settlement. When it comes, it will cover the full loan amount. Monitoring.",t,on pension day,,,,,t,2026-09-07,"Customer reachable on pension day. Customer said insurance claim is pending settlement. When it comes, it will cove...",1143de2e-c0e4-4885-8683-308103c8c89b,2026-08-27 11:28:13.251214+00,2026-08-27 11:28:13.251219+00,
0cd4bee2-44c5-462d-94aa-f521702e7c90,357e2e09-b637-468e-818b-57a5dce18e9c,5831efe8-5398-4538-8ce8-e7e241cfc522,2026-08-14 14:04:00+00,128,ANSWERED,ALTERNATE,Spoke to the borrower. He runs a small business — income is strongest after the 20th when his clients pay. PTP for 22nd confirmed.,t,after 20th of month,,,,,t,2026-09-13,Customer reachable after 20th of month. Spoke to the borrower. He runs a small business — income is strongest after the ...,114c855f-c2e5-41f9-aa6d-376f7888ed80,2026-08-27 11:28:13.251396+00,2026-08-27 11:28:13.251396+00,
3b4a38c3-6651-4713-9337-fa2649890b79,c33350cc-f581-492e-807f-14262d56ebcb,8be4291b-80e9-45cf-ba15-dde87c9e0842,2026-08-10 15:45:00+00,63,ANSWERED,PRIMARY,Pre-visit call done. Customer confirmed the PTP amount is ready in his account. Visit confirmed for tomorrow morning.,t,,,,,,t,2026-08-27,Payment intent confirmed. Verbal commitment: 27 Aug 2026. Pre-visit call done. Customer confirmed the PTP amount is re...,116d60c3-388a-4328-b4b8-9a4810e7a0ba,2026-08-27 11:28:13.251431+00,2026-08-27 11:28:13.251432+00,
4a93d0b4-35ac-46e8-8ea3-6ba9b0afbc39,3e9c4168-1de9-43e8-b9f2-fbf3f931949d,783b963e-c174-4a0b-b9bf-b5b43a6000bd,2026-08-07 13:40:00+00,,DECLINED,ALTERNATE,Declined 3 times in a row. Customer is actively avoiding contact. Planning direct field visit.,,,,,,,,,,116fd290-a286-4123-a72b-08aa51d58aed,2026-08-27 11:28:13.25125+00,2026-08-27 11:28:13.25125+00,
5c3011de-a1ea-4b75-a929-a5f531af11c1,4a182f53-a1a1-4f15-945a-6a56f4e04b64,af8f8ea1-8a4d-4592-8e17-0573d3a20840,2026-08-07 18:17:00+00,30,ANSWERED,PRIMARY,Customer answered aggressively — said he has a lawyer and to not call again. Call ended within 30 seconds.,f,,,,,,,,,1171a0f8-af0f-4a4c-af70-a2ec4eb322ee,2026-08-27 11:28:13.251351+00,2026-08-27 11:28:13.251352+00,
2f356325-7463-446f-90d3-45cab93106d2,357e2e09-b637-468e-818b-57a5dce18e9c,c3c059c5-7278-43db-9372-40e1f22229ba,2026-06-15 13:43:00+00,,DECLINED,PRIMARY,Call rejected within 2 rings each time. Possible number block. Visiting directly.,,,,,,,,,,11c0ba47-c90b-42d2-bcba-4e39ec8d827f,2026-08-27 11:28:13.251741+00,2026-08-27 11:28:13.251742+00,
2ab6888c-e118-4e62-9d93-1244fdd3d1c5,cd9e6eca-028e-4c61-8e82-048327bc4476,eacfbf44-0224-49f1-8500-76822bcdea0c,2026-08-19 16:17:00+00,184,ANSWERED,ALTERNATE,Customer answered. Said he's home for lunch between 1 PM and 2:30 PM daily. That's a good window to visit.,t,11 AM to 1 PM,,,,,,,Customer reachable 11 AM to 1 PM. Customer answered. Said he's home for lunch between 1 PM and 2:30 PM daily. That...,12437bb8-eda7-4539-988a-48003f00ac8d,2026-08-27 11:28:13.251439+00,2026-08-27 11:28:13.25144+00,
dde20218-facc-44f5-8973-16002c276647,8e59153e-dc8e-4efa-af65-1db304a6f3f1,6ebc511e-6b0c-4ef6-a7f6-dcfb54a056f8,2026-06-17 18:47:00+00,231,ANSWERED,ALTERNATE,Good call. Customer confirmed he's home till 9 AM every weekday before heading to his construction site. I need to go early.,t,after 6 PM,,,,,,,Customer reachable after 6 PM. Good call. Customer confirmed he's home till 9 AM every weekday before heading t...,1252a440-9db5-44f6-ace3-322a92e92478,2026-08-27 11:28:13.251862+00,2026-08-27 11:28:13.251862+00,
44186603-b821-49f6-8b22-503e07d52f3c,1d5e58e8-954e-4d6c-b13c-6e6d614cb588,d2f7ea20-5d16-4661-8621-9f6e999f10d1,2026-06-09 14:47:00+00,,NO_ANSWER,PRIMARY,Tried calling three times — no response. Will try visiting directly based on the timing intel from the last visit.,,,,,,,,,,12a56287-7418-4463-8beb-aa2f3182a719,2026-08-27 11:28:13.251816+00,2026-08-27 11:28:13.251816+00,
7f652b3c-97b3-489b-b19a-284d671c061d,a2e2555c-f597-43af-a77a-fe708f967218,0b2c8dd8-f345-4d01-94f7-6c59689252ce,2026-03-15 11:22:00+00,67,ANSWERED,PRIMARY,Customer picked up. Said come after 10 AM as he prays in the early morning. Available from 10 onwards on all days.,t,between 1-3 PM,,,,,,,Customer reachable between 1-3 PM. Customer picked up. Said come after 10 AM as he prays in the early morning. Avai...,12d9558a-6519-48f7-b8f1-6ce5dcd61fb6,2026-08-27 11:28:13.624379+00,2026-08-27 11:28:13.62438+00,
707e39ac-161d-4c00-8816-e1b2db4970e9,3aa13103-bd03-4578-9292-44d88d58da00,be5d23c6-cada-4dc4-a0c8-4d771bc35017,2026-04-30 15:32:00+00,90,ANSWERED,PRIMARY,Customer picked up. Said come after 10 AM as he prays in the early morning. Available from 10 onwards on all days.,t,before 10 AM,,,,,,,Customer reachable before 10 AM. Customer picked up. Said come after 10 AM as he prays in the early morning. Avai...,12e59464-6ead-42bd-9efe-845a0fd202f8,2026-08-27 11:28:13.624032+00,2026-08-27 11:28:13.624032+00,
34a83a97-bdaa-4b85-81c3-980fba9da7b3,8e59153e-dc8e-4efa-af65-1db304a6f3f1,30226d3a-2d1e-4854-9b00-46ea0cd54d7e,2026-08-07 10:46:00+00,114,ANSWERED,PRIMARY,Spoke to borrower. His property is being sold — proceeds will clear the full outstanding. 30-60 day window expected.,t,after 20th of month,,,,,t,2026-09-06,Customer reachable after 20th of month. Spoke to borrower. His property is being sold — proceeds will clear the full out...,12f414cb-fc7a-43d7-b381-09009cc2692c,2026-08-27 11:28:13.251262+00,2026-08-27 11:28:13.251263+00,
052d2c1d-d8c4-43d3-b548-cffde5a3571e,e9dced65-f61b-4c24-bae7-d4170299ed46,2439d400-d1c2-4c8b-935a-25904e153bbb,2026-05-29 11:01:00+00,,NO_ANSWER,ALTERNATE,No answer since morning. Will try calling in the evening — customer may be at work.,,,,,,,,,,1389282b-a4f7-4e4a-b987-e53999c43b5a,2026-08-27 11:28:13.252063+00,2026-08-27 11:28:13.252064+00,
5c60a22f-6016-4eeb-aa97-84ad3d246f49,8e59153e-dc8e-4efa-af65-1db304a6f3f1,9b8b08c8-224d-4345-889e-7caf79340a09,2026-08-14 14:43:00+00,,NO_ANSWER,PRIMARY,Primary number not answering. Alternate number also not reachable. Planned a direct visit.,,,,,,,,,,14674139-1d44-4c6d-96aa-f7231b87e62a,2026-08-27 11:28:13.251246+00,2026-08-27 11:28:13.251247+00,
3ce440da-f98c-4b35-8540-6d3d1644aecd,357e2e09-b637-468e-818b-57a5dce18e9c,0549a0ef-cfda-4123-acaa-366ba52ffd7e,2026-08-11 11:35:00+00,,NO_ANSWER,ALTERNATE,Three unanswered attempts today. Visiting directly — based on previous note that customer is home before 10 AM.,,,,,,,,,,1482aa84-acd4-47c4-ad2a-eebb5f2b52e4,2026-08-27 11:28:13.251402+00,2026-08-27 11:28:13.251403+00,
82017589-4410-4904-bed8-b44598dbaa64,3e9c4168-1de9-43e8-b9f2-fbf3f931949d,0206ed96-6702-4d9b-8861-5ca0019ddc4f,2026-05-17 16:56:00+00,,WRONG_NUMBER,ALTERNATE,Phone rang but no one picked up. Will try the alternate number listed in records.,,,,,,,,,,1503db8d-3af0-40b9-bb83-2da24fe27ab2,2026-08-27 11:28:13.624001+00,2026-08-27 11:28:13.624002+00,
44642872-d0a5-4d5c-a932-1c062ba032f3,3e9c4168-1de9-43e8-b9f2-fbf3f931949d,eb6261e3-c320-4290-be96-8b1a032f6305,2026-08-20 14:54:00+00,36,ANSWERED,PRIMARY,Customer answered. His pension deposits on the 5th. Very willing to pay on the 6th. Cooperative customer.,t,,,,,,t,2026-08-28,Payment intent confirmed. Verbal commitment: 28 Aug 2026. Customer answered. His pension deposits on the 5th. Very wil...,152c283a-1ff5-4910-87dc-d42fca4183ff,2026-08-27 11:28:13.25127+00,2026-08-27 11:28:13.25127+00,
87ad8c46-9630-4b00-9b77-052d44fe8a9c,c6ca60b7-2143-412b-887e-c30ae9cda031,4d74c47e-09f5-498d-a352-4f8cf08845f4,2026-04-11 13:13:00+00,16,BUSY,PRIMARY,Continuously busy for past 20 minutes. Will visit directly.,,,,,,,,,,1561df0b-33e3-4d5a-baa2-6e9f4611174d,2026-08-27 11:28:13.624043+00,2026-08-27 11:28:13.624044+00,
687c662b-de33-46e2-9ba4-072b54b1878b,357e2e09-b637-468e-818b-57a5dce18e9c,77b5829a-af76-4e86-bcaa-4b8bf1b6f8f9,2026-05-30 10:53:00+00,,WRONG_NUMBER,ALTERNATE,Tried calling three times — no response. Will try visiting directly based on the timing intel from the last visit.,,,,,,,,,,157331ec-9af1-4f50-8300-0cf3528ec3f3,2026-08-27 11:28:13.252104+00,2026-08-27 11:28:13.252104+00,
2033f788-f8b5-4024-ba05-7e83ce1c9975,8e59153e-dc8e-4efa-af65-1db304a6f3f1,c1e96984-0b42-44e9-8e5d-848c1d7a4a79,2026-07-11 11:00:00+00,30,ANSWERED,PRIMARY,Pre-visit reminder — customer said everything is ready. Asked me to be discreet when visiting as neighbours are watching.,t,,,,,,t,2026-08-31,Payment intent confirmed. Verbal commitment: 31 Aug 2026. Pre-visit reminder — customer said everything is ready. Aske...,15e0a9cc-e27e-43ba-ab82-142e6eb0f998,2026-08-27 11:28:13.251455+00,2026-08-27 11:28:13.251455+00,
a0c954b0-a65a-4722-8877-b5fd20a455ca,c33350cc-f581-492e-807f-14262d56ebcb,26f02717-8e95-4da1-bd80-7ca2a17be532,2026-08-23 14:57:00+00,59,ANSWERED,PRIMARY,Customer answered from out of town. He's on a work contract in Rajasthan for 2 more weeks. Not reachable for visit till month end.,f,,,,2026-09-03,,,,Do not visit until 03 Sep 2026 — customer unavailable.,15e6e5b9-097e-45d4-859f-26c6df87ec38,2026-08-27 11:28:13.25126+00,2026-08-27 11:28:13.25126+00,
98678a95-03c8-4eb5-914a-e4d53dfeb0dd,a2e2555c-f597-43af-a77a-fe708f967218,3a7c144c-c15a-4a83-8de0-c68126435e7f,2026-04-17 16:51:00+00,,NO_ANSWER,PRIMARY,Tried calling three times — no response. Will try visiting directly based on the timing intel from the last visit.,,,,,,,,,,164f212c-d87a-45a5-b76a-f9b48210d33c,2026-08-27 11:28:13.62407+00,2026-08-27 11:28:13.62407+00,
6aaa775a-1485-4eed-a4df-9f14a4c2b89b,c2f2e0ce-5aeb-4ece-8325-2167edfe139e,0cf79da7-545f-4c74-a7f6-517536fa5cf4,2026-05-20 16:56:00+00,109,ANSWERED,PRIMARY,Called to confirm PTP — customer gave me the bank reference number for a transfer already done today. Will verify.,t,,,,,,t,2026-08-27,Payment intent confirmed. Verbal commitment: 27 Aug 2026. Called to confirm PTP — customer gave me the bank reference ...,16815881-c90a-4a2a-add4-b2b0169baefb,2026-08-27 11:28:13.623865+00,2026-08-27 11:28:13.623865+00,
733ec455-55c4-4cfb-b5eb-7ba264774c02,3aa13103-bd03-4578-9292-44d88d58da00,6826e06a-4b50-4c8e-b3d4-9584ddbeb0e5,2026-07-23 16:51:00+00,,DECLINED,PRIMARY,Call rejected within 2 rings each time. Possible number block. Visiting directly.,,,,,,,,,,169b8f66-7c0c-4f2f-9180-f1bd0a2c894b,2026-08-27 11:28:13.251527+00,2026-08-27 11:28:13.251528+00,
ca0dc962-7643-46e0-bd8e-8058f7ec6031,357e2e09-b637-468e-818b-57a5dce18e9c,24b5cb1d-9037-4cd9-85f4-2c9cf2ee1daa,2026-03-16 14:10:00+00,,DECLINED,PRIMARY,Call rejected within 2 rings each time. Possible number block. Visiting directly.,,,,,,,,,,16b4cbff-efca-46e5-bfe0-040a032731b7,2026-08-27 11:28:13.624262+00,2026-08-27 11:28:13.624262+00,
462f568c-f683-44be-bede-6e57708992ae,cd9e6eca-028e-4c61-8e82-048327bc4476,540fd0f4-e42e-489e-bf37-4ae508e0225f,2026-08-16 18:33:00+00,,WRONG_NUMBER,PRIMARY,Primary number not answering. Alternate number also not reachable. Planned a direct visit.,,,,,,,,,,16c0ccfd-c2d8-4406-80a1-a7303e178fd7,2026-08-27 11:28:13.251397+00,2026-08-27 11:28:13.251398+00,
707e39ac-161d-4c00-8816-e1b2db4970e9,3aa13103-bd03-4578-9292-44d88d58da00,be5d23c6-cada-4dc4-a0c8-4d771bc35017,2026-05-01 10:52:00+00,,WRONG_NUMBER,PRIMARY,No answer since morning. Will try calling in the evening — customer may be at work.,,,,,,,,,,16fbc9d7-c3b9-4155-a46c-5f0834e9fdb7,2026-08-27 11:28:13.624034+00,2026-08-27 11:28:13.624035+00,
f9e52765-4052-431b-96b8-5e8f9046e2cc,4a182f53-a1a1-4f15-945a-6a56f4e04b64,599721d4-2cd5-40cb-834a-f14ef792aa42,2026-05-08 09:39:00+00,,WRONG_NUMBER,ALTERNATE,Tried calling three times — no response. Will try visiting directly based on the timing intel from the last visit.,,,,,,,,,,1766613c-5ee8-487e-9046-b19dc44eb217,2026-08-27 11:28:13.623934+00,2026-08-27 11:28:13.623934+00,
b87e866d-4f49-4a1f-9ed7-57cdeb8a5665,3e9c4168-1de9-43e8-b9f2-fbf3f931949d,273e3301-de4a-4fdc-b8cc-c077bef82888,2026-07-03 09:48:00+00,131,ANSWERED,ALTERNATE,Borrower answered. Said the outstanding amount is wrong and he will not pay until the bank corrects the statement. Call ended.,f,,,,,,,,,178e76ac-d109-4eb6-bde6-cc69952ffaf6,2026-08-27 11:28:13.251694+00,2026-08-27 11:28:13.251694+00,
139f3990-f0c5-4327-9d7b-698ae5e23033,a13886ca-739b-47b4-a473-724e03f7332a,47e30ef7-8957-428d-be7b-a7b0524f8143,2026-03-18 12:20:00+00,,WRONG_NUMBER,PRIMARY,Tried calling three times — no response. Will try visiting directly based on the timing intel from the last visit.,,,,,,,,,,17f3924f-5078-49ed-9228-cb4576d9b526,2026-08-27 11:28:13.624324+00,2026-08-27 11:28:13.624325+00,
394352eb-40dd-4a95-b7a1-5fb46e6ebd74,3e9c4168-1de9-43e8-b9f2-fbf3f931949d,47e30ef7-8957-428d-be7b-a7b0524f8143,2026-03-13 16:13:00+00,,DECLINED,PRIMARY,Call rejected within 2 rings each time. Possible number block. Visiting directly.,,,,,,,,,,1810bd12-9b58-4f6f-b303-01639a0ab80b,2026-08-27 11:28:13.624352+00,2026-08-27 11:28:13.624353+00,
cb823cd9-42bf-4b15-925b-98c916e86f58,2b6de8aa-0976-4be0-8a40-043ff86ffa54,2d5a75e9-0241-4f60-98fe-5461da045389,2026-04-07 09:22:00+00,233,ANSWERED,PRIMARY,Pre-visit call confirmed. Customer said payment is ready. Also said come before noon as he has an afternoon appointment.,t,,,,,,t,2026-09-01,Payment intent confirmed. Verbal commitment: 01 Sep 2026. Pre-visit call confirmed. Customer said payment is ready. Al...,186821df-a02f-4ade-a0c7-84a1ce7c6fbd,2026-08-27 11:28:13.624045+00,2026-08-27 11:28:13.624046+00,
7ea303b1-f01b-4927-a4e4-6c36e1431481,2b6de8aa-0976-4be0-8a40-043ff86ffa54,f06083e4-2736-46a2-b92a-2ec8b808dcd2,2026-07-07 09:14:00+00,,SWITCHED_OFF,ALTERNATE,Switched off — second consecutive day. Will visit directly tomorrow morning.,,,,,,,,,,186850b1-9240-4162-a51f-324507e9b7c9,2026-08-27 11:28:13.251651+00,2026-08-27 11:28:13.251651+00,
1b152f4d-7a21-461c-a5b2-5bf1726bed39,c6ca60b7-2143-412b-887e-c30ae9cda031,0c8029d7-3e34-44b7-847f-ba2b017924f0,2026-05-11 15:55:00+00,189,ANSWERED,ALTERNATE,"Customer picked up briefly, said don't disturb during office hours and disconnected. Will try in the evening.",f,,,,,,,,,18b1feab-ec85-47a0-a00b-50b5f05279ca,2026-08-27 11:28:13.623944+00,2026-08-27 11:28:13.623944+00,
11f85ef0-010d-4aac-b797-36231234cada,3aa13103-bd03-4578-9292-44d88d58da00,a0158dd5-b538-448d-b064-7c85fffff52d,2026-06-19 18:09:00+00,91,ANSWERED,ALTERNATE,Customer answered. He works a night shift — so he's available from 9 AM to 1 PM on weekdays. I'll plan the visit for 10 AM.,t,after 6 PM,,,,,,,Customer reachable after 6 PM. Customer answered. He works a night shift — so he's available from 9 AM to 1 PM ...,18bdb950-85d4-4ab6-8d9e-c50c0dc60ce3,2026-08-27 11:28:13.25202+00,2026-08-27 11:28:13.25202+00,
4d4b7559-839c-4d88-a795-cb04ebd25107,c2f2e0ce-5aeb-4ece-8325-2167edfe139e,89d5b709-d034-4e97-837a-504824bd3a86,2026-05-20 14:29:00+00,6,BUSY,PRIMARY,Continuously busy for past 20 minutes. Will visit directly.,,,,,,,,,,18cf4eac-563d-4f3b-984a-ed228c3a8fa0,2026-08-27 11:28:13.623835+00,2026-08-27 11:28:13.623836+00,
577f98bb-d705-4134-8393-a6f6934e1e4f,357e2e09-b637-468e-818b-57a5dce18e9c,becb48a3-4d0a-4b95-9c49-553292c440ee,2026-05-23 14:17:00+00,,SWITCHED_OFF,PRIMARY,Both primary and alternate numbers are switched off since morning. Planning a direct visit.,,,,,,,,,,18de94e5-4447-427e-8ec8-bdea96a2d272,2026-08-27 11:28:13.623958+00,2026-08-27 11:28:13.623959+00,
7299b004-4631-41c9-b7ed-a0731f95db4b,3e9c4168-1de9-43e8-b9f2-fbf3f931949d,189de033-a7f1-48ad-950e-ac44aaf17e7b,2026-05-20 11:13:00+00,37,ANSWERED,PRIMARY,Borrower answered. Said the outstanding amount is wrong and he will not pay until the bank corrects the statement. Call ended.,f,,,,,,,,,18ed986c-f404-4e8d-8cce-fbdc5e060bd5,2026-08-27 11:28:13.252039+00,2026-08-27 11:28:13.25204+00,
2efb29f7-6b9d-4ee2-b42d-5c8eb992a017,a13886ca-739b-47b4-a473-724e03f7332a,aeb13a3f-357b-4509-a2d0-3d841cc5d60d,2026-05-30 16:29:00+00,,NO_ANSWER,PRIMARY,Tried calling three times — no response. Will try visiting directly based on the timing intel from the last visit.,,,,,,,,,,18f37ea4-509f-477c-bac7-9c1ed53602e1,2026-08-27 11:28:13.623832+00,2026-08-27 11:28:13.623833+00,
d746456f-7775-4027-9165-1ecce762e6cb,a13886ca-739b-47b4-a473-724e03f7332a,189de033-a7f1-48ad-950e-ac44aaf17e7b,2026-05-22 12:47:00+00,233,ANSWERED,ALTERNATE,Customer picked up and immediately said to stop calling or he will file a harassment complaint. He cut the call. No visit recommended right now.,f,,,,,,,,,19222b53-f3a5-41a5-8a8c-407ad044d43e,2026-08-27 11:28:13.623963+00,2026-08-27 11:28:13.623963+00,
fd1fbad1-a7a4-4589-bd08-b106ed1d9895,8e59153e-dc8e-4efa-af65-1db304a6f3f1,41cc1b96-fb44-46c2-bc99-cb2fc25d320f,2026-08-27 09:55:00+00,,NO_ANSWER,PRIMARY,Tried calling three times — no response. Will try visiting directly based on the timing intel from the last visit.,,,,,,,,,,19703092-9216-434d-9f11-ffb3c95a0dd2,2026-08-27 11:28:13.251314+00,2026-08-27 11:28:13.251315+00,
fc40f146-0bfe-468e-b2a8-65b08be8ab39,3aa13103-bd03-4578-9292-44d88d58da00,a0809318-6545-4914-bb03-9ee9edd75583,2026-05-04 14:02:00+00,70,ANSWERED,ALTERNATE,Spoke to borrower. His property is being sold — proceeds will clear the full outstanding. 30-60 day window expected.,t,after 20th of month,,,,,t,2026-09-03,Customer reachable after 20th of month. Spoke to borrower. His property is being sold — proceeds will clear the full out...,197c7686-2ae1-442a-93e1-c4665d6a0760,2026-08-27 11:28:13.252044+00,2026-08-27 11:28:13.252045+00,
408dffd4-ea37-4559-ad2b-244df100be78,c33350cc-f581-492e-807f-14262d56ebcb,9f305358-f359-44a8-bace-30ece8093e9c,2026-06-02 15:57:00+00,46,ANSWERED,PRIMARY,Called the customer. He picked up. Said he will be home until 10:30 AM tomorrow — I can visit any time before 11. Good to note for scheduling.,t,11 AM to 1 PM,,,,,,,Customer reachable 11 AM to 1 PM. Called the customer. He picked up. Said he will be home until 10:30 AM tomorrow ...,19863834-742e-4324-9064-0b57ca8f6523,2026-08-27 11:28:13.623828+00,2026-08-27 11:28:13.623828+00,
05568278-e64e-4408-9875-2190a42ba943,3aa13103-bd03-4578-9292-44d88d58da00,0b2c8dd8-f345-4d01-94f7-6c59689252ce,2026-05-20 10:28:00+00,,SWITCHED_OFF,ALTERNATE,Both primary and alternate numbers are switched off since morning. Planning a direct visit.,,,,,,,,,,19a1ae40-2f62-47fe-b81d-e8ac1a3d3cf8,2026-08-27 11:28:13.623838+00,2026-08-27 11:28:13.623839+00,
e77a9c4a-5d98-40f8-8572-65675453547a,2dfc73e0-dba9-4aa5-babf-d5141ded5497,19b65599-9a6e-4186-9398-f1f877e31ad6,2026-03-18 17:54:00+00,,DECLINED,PRIMARY,Declined 3 times in a row. Customer is actively avoiding contact. Planning direct field visit.,,,,,,,,,,19da7845-4292-44c8-a85c-319050c3ee2b,2026-08-27 11:28:13.624241+00,2026-08-27 11:28:13.624241+00,
38bbdaed-e51c-4bf6-bb80-5e562f811d62,c33350cc-f581-492e-807f-14262d56ebcb,65d0ed44-6d1a-461a-8814-cfec36409756,2026-08-03 15:01:00+00,135,ANSWERED,ALTERNATE,Good call. Customer told me his salary comes on the 9th every month. He will pay on the 10th. I'll plan the visit accordingly.,t,on pension day,,,,,t,2026-09-13,Customer reachable on pension day. Good call. Customer told me his salary comes on the 9th every month. He will pay...,1a1a8296-3417-482a-82b5-ea4c83a01a11,2026-08-27 11:28:13.251405+00,2026-08-27 11:28:13.251405+00,
5716d861-5833-4350-b34c-909162feb767,4a182f53-a1a1-4f15-945a-6a56f4e04b64,f45c94fd-7fbc-4f1b-9251-5b344b57ff6d,2026-08-10 10:43:00+00,,WRONG_NUMBER,PRIMARY,Tried calling three times — no response. Will try visiting directly based on the timing intel from the last visit.,,,,,,,,,,1a38dd79-30c4-4af0-b44f-6b9cd8008902,2026-08-27 11:28:13.251367+00,2026-08-27 11:28:13.251368+00,
40924c9a-cb1c-4994-b4f6-91d8d73b8976,b06cd5a3-f1c0-4cdb-b241-9ce2d6c5e791,ca151c89-12c3-41a3-afc4-d14cd4ac3857,2026-07-12 16:31:00+00,72,ANSWERED,ALTERNATE,Customer answered. He works a night shift — so he's available from 9 AM to 1 PM on weekdays. I'll plan the visit for 10 AM.,t,11 AM to 1 PM,,,,,,,Customer reachable 11 AM to 1 PM. Customer answered. He works a night shift — so he's available from 9 AM to 1 PM ...,1a86bc2f-fade-4688-971d-3c06195845a3,2026-08-27 11:28:13.25169+00,2026-08-27 11:28:13.251691+00,
ccf5cd35-5af5-476b-940c-5d0361b945bc,3e9c4168-1de9-43e8-b9f2-fbf3f931949d,20afa76a-c2d7-44a2-a263-75b112de3ee9,2026-03-10 18:41:00+00,161,ANSWERED,PRIMARY,Call answered. Customer is home only on weekends. Not reachable during weekdays in the day at all.,t,after 6 PM,,,,,,,Customer reachable after 6 PM. Call answered. Customer is home only on weekends. Not reachable during weekdays ...,1a9c4387-5704-4194-b144-2fefb580ee6f,2026-08-27 11:28:13.62436+00,2026-08-27 11:28:13.62436+00,
fdd312a1-7db1-4dde-916f-eebe0e5d52c5,357e2e09-b637-468e-818b-57a5dce18e9c,d0306031-1151-4993-bed9-6906033425ef,2026-07-18 13:45:00+00,,WRONG_NUMBER,ALTERNATE,Phone rang but no one picked up. Will try the alternate number listed in records.,,,,,,,,,,1adb35bf-d4f2-494a-a861-2f11e5839776,2026-08-27 11:28:13.251545+00,2026-08-27 11:28:13.251546+00,
4d557c56-759e-4bd6-88b0-d16b1d296c19,e9dced65-f61b-4c24-bae7-d4170299ed46,ea214349-0295-45d5-82fe-f2ff063ae649,2026-07-06 14:49:00+00,,DECLINED,PRIMARY,Call rejected within 2 rings each time. Possible number block. Visiting directly.,,,,,,,,,,1aeb1aef-3bf6-44d6-b8b9-252414a77024,2026-08-27 11:28:13.251672+00,2026-08-27 11:28:13.251672+00,
1c022ea5-644b-4107-921a-065c6303d789,a13886ca-739b-47b4-a473-724e03f7332a,77b5829a-af76-4e86-bcaa-4b8bf1b6f8f9,2026-06-08 14:34:00+00,,SWITCHED_OFF,PRIMARY,Both primary and alternate numbers are switched off since morning. Planning a direct visit.,,,,,,,,,,1afb4237-6c1f-4cde-8ba1-3952512d2c6a,2026-08-27 11:28:13.2518+00,2026-08-27 11:28:13.2518+00,
72bdd4c1-d2b7-453e-8b18-44d4e38a3efa,cd9e6eca-028e-4c61-8e82-048327bc4476,b9e0ba2b-6819-4413-91b6-8b0e71366ad7,2026-04-14 09:31:00+00,184,ANSWERED,PRIMARY,"Customer said insurance claim is pending settlement. When it comes, it will cover the full loan amount. Monitoring.",t,on pension day,,,,,t,2026-09-15,"Customer reachable on pension day. Customer said insurance claim is pending settlement. When it comes, it will cove...",1b21e3af-9dd8-48d1-b06f-937b2416a17d,2026-08-27 11:28:13.624108+00,2026-08-27 11:28:13.624109+00,
bfb9ea3c-2590-44da-b365-d46a3cdc48c5,3e9c4168-1de9-43e8-b9f2-fbf3f931949d,c231e4e1-dff9-4806-8971-f7225bd6a922,2026-08-09 18:53:00+00,67,ANSWERED,ALTERNATE,Customer answered aggressively — said he has a lawyer and to not call again. Call ended within 30 seconds.,f,,,,,,,,,1b35fd75-f6e6-4af2-8536-788ca3bbd8e7,2026-08-27 11:28:13.251362+00,2026-08-27 11:28:13.251363+00,
e582a376-413c-4536-9794-19dd378390a4,a2e2555c-f597-43af-a77a-fe708f967218,6ee09325-b476-4ff7-acfd-dd6aff05eca9,2026-07-30 16:18:00+00,174,ANSWERED,ALTERNATE,Customer answered from out of town. He's on a work contract in Rajasthan for 2 more weeks. Not reachable for visit till month end.,f,,,,2026-09-11,,,,Do not visit until 11 Sep 2026 — customer unavailable.,1b8b2538-4069-460d-a574-8a83807712cd,2026-08-27 11:28:13.25156+00,2026-08-27 11:28:13.251561+00,
408dffd4-ea37-4559-ad2b-244df100be78,c33350cc-f581-492e-807f-14262d56ebcb,9f305358-f359-44a8-bace-30ece8093e9c,2026-05-31 16:15:00+00,,NO_ANSWER,ALTERNATE,Primary number not answering. Alternate number also not reachable. Planned a direct visit.,,,,,,,,,,1bb93163-e878-4dcd-ad49-366ab3897d67,2026-08-27 11:28:13.623826+00,2026-08-27 11:28:13.623827+00,
0de44ef5-b3a8-4f28-8079-059b5f4fae18,2b6de8aa-0976-4be0-8a40-043ff86ffa54,d23f6808-7ebf-4dba-87d6-0108d1381e9e,2026-06-05 10:08:00+00,,WRONG_NUMBER,ALTERNATE,Primary number not answering. Alternate number also not reachable. Planned a direct visit.,,,,,,,,,,1bcf3fa1-6414-46d0-9fcc-3648c65ec8d5,2026-08-27 11:28:13.251782+00,2026-08-27 11:28:13.251782+00,
a48f0618-380b-4bb2-8717-c4b5cc6a17f3,1d5e58e8-954e-4d6c-b13c-6e6d614cb588,c34b25c0-f1f6-4a99-8351-ecf4852a50d4,2026-07-08 13:05:00+00,18,BUSY,ALTERNATE,Continuously busy for past 20 minutes. Will visit directly.,,,,,,,,,,1c22e63c-ba98-48df-8b37-493ab3831724,2026-08-27 11:28:13.251566+00,2026-08-27 11:28:13.251567+00,
155cc034-5ebd-434f-81a4-c8bd4239db88,b06cd5a3-f1c0-4cdb-b241-9ce2d6c5e791,d6a1fca5-8fed-47e0-a1db-eae9c3775bc9,2026-07-23 11:22:00+00,,WRONG_NUMBER,PRIMARY,Tried calling three times — no response. Will try visiting directly based on the timing intel from the last visit.,,,,,,,,,,1c46a7a5-5bfe-4413-9772-16d724055ece,2026-08-27 11:28:13.251572+00,2026-08-27 11:28:13.251572+00,
ccc5ccf5-bc0e-4f79-89f9-4e4adf3cd0da,c37b6a5c-9d1c-46d4-8ece-dfce290dc74b,fd232674-c408-4a21-8340-5c44ccb0b516,2026-06-12 10:33:00+00,130,ANSWERED,ALTERNATE,Call answered. Customer is home only on weekends. Not reachable during weekdays in the day at all.,t,morning before 9:30,,,,,,,Customer reachable morning before 9:30. Call answered. Customer is home only on weekends. Not reachable during weekdays ...,1c46d02e-fee6-4f7a-8e2f-07fc93465116,2026-08-27 11:28:13.251847+00,2026-08-27 11:28:13.251848+00,
4d4b7559-839c-4d88-a795-cb04ebd25107,c2f2e0ce-5aeb-4ece-8325-2167edfe139e,89d5b709-d034-4e97-837a-504824bd3a86,2026-05-22 10:45:00+00,,DECLINED,PRIMARY,Call was declined immediately — customer likely recognised the number. Will try from a different number.,,,,,,,,,,1c53a396-b122-4207-9aed-1080b3356b98,2026-08-27 11:28:13.623834+00,2026-08-27 11:28:13.623835+00,
4c49d03f-12db-465c-a124-730c4533b75a,2b6de8aa-0976-4be0-8a40-043ff86ffa54,58266cef-59d1-4693-9c40-c5ce985286db,2026-04-09 18:24:00+00,,WRONG_NUMBER,ALTERNATE,Primary number not answering. Alternate number also not reachable. Planned a direct visit.,,,,,,,,,,1ca5e554-2349-40b9-b812-9ae059846e18,2026-08-27 11:28:13.624207+00,2026-08-27 11:28:13.624207+00,
48f6da6d-8144-43c5-9190-85dd36b86026,2b6de8aa-0976-4be0-8a40-043ff86ffa54,c91c426f-1cf3-44b7-a2a8-5bb8015e300b,2026-08-10 18:41:00+00,,NO_ANSWER,PRIMARY,No answer since morning. Will try calling in the evening — customer may be at work.,,,,,,,,,,1cc9ddac-2598-4b9d-81e3-79f20aa08ee6,2026-08-27 11:28:13.251311+00,2026-08-27 11:28:13.251311+00,
a234277b-a259-4bf7-9559-bcba54112280,4a182f53-a1a1-4f15-945a-6a56f4e04b64,e63912b9-aaf6-49cb-a648-f6d6f0052298,2026-08-13 12:48:00+00,,DECLINED,PRIMARY,Declined 3 times in a row. Customer is actively avoiding contact. Planning direct field visit.,,,,,,,,,,1cdc6699-15bc-4232-b94d-4d48bb24b7d1,2026-08-27 11:28:13.251389+00,2026-08-27 11:28:13.25139+00,
e2944314-a60a-4504-9072-027127c075b4,a13886ca-739b-47b4-a473-724e03f7332a,9f500c68-1feb-4674-843b-85b0e734ffae,2026-07-05 15:00:00+00,122,ANSWERED,PRIMARY,Customer answered. Said he's going through court proceedings this week — his lawyer advised no contact. Requesting 2 weeks gap.,f,,,,2026-09-04,,,,Do not visit until 04 Sep 2026 — customer unavailable.,1ceaa94d-0028-4b18-b817-ee21c75600e4,2026-08-27 11:28:13.251465+00,2026-08-27 11:28:13.251466+00,
ee95f2ad-a914-48fb-90ed-1908e6ae946f,a2e2555c-f597-43af-a77a-fe708f967218,e2d970b8-dd2e-4a19-a0e9-c345621ec3b0,2026-07-07 12:49:00+00,142,ANSWERED,PRIMARY,Borrower picked up. Child's board exams are ongoing — he specifically requested no visit for the next 2 weeks till exams are over.,f,,,,2026-09-07,,,,Do not visit until 07 Sep 2026 — customer unavailable.,1cf0994a-bab3-4e3d-ad97-df6f8158ea27,2026-08-27 11:28:13.251541+00,2026-08-27 11:28:13.251542+00,
dd1d5e99-3030-4e8d-9bbe-4577909d869c,2b6de8aa-0976-4be0-8a40-043ff86ffa54,671c141e-2e73-404d-a72b-220fecd28281,2026-08-25 16:02:00+00,24,BUSY,ALTERNATE,Line was busy. Customer probably on another call. Trying again.,,,,,,,,,,1cf5b45c-a677-4231-9e5f-381c6e8e653f,2026-08-27 11:28:13.251324+00,2026-08-27 11:28:13.251325+00,
0f76db77-f023-41f8-bd7c-120685fcdd1a,3e9c4168-1de9-43e8-b9f2-fbf3f931949d,33f12778-7bf9-4da4-8e58-36cfe69c78d3,2026-03-06 18:29:00+00,,NO_ANSWER,PRIMARY,Three unanswered attempts today. Visiting directly — based on previous note that customer is home before 10 AM.,,,,,,,,,,1cfb27a7-bf85-4df5-bd53-3fd2d080a006,2026-08-27 11:28:13.624415+00,2026-08-27 11:28:13.624415+00,
3f8d7383-34d2-42a7-810a-e6bd39a85224,c37b6a5c-9d1c-46d4-8ece-dfce290dc74b,179bb5f7-66c6-4094-8948-06aef8f0037e,2026-06-23 15:57:00+00,,NO_ANSWER,PRIMARY,Phone rang but no one picked up. Will try the alternate number listed in records.,,,,,,,,,,1daae3e3-c6fb-4744-bc66-5b4c88506fb5,2026-08-27 11:28:13.251731+00,2026-08-27 11:28:13.251731+00,
3b4d1b56-5d93-4511-92ec-591061b54833,8e59153e-dc8e-4efa-af65-1db304a6f3f1,d5044408-d977-4e21-92a6-6a6b695b9164,2026-08-06 17:33:00+00,150,ANSWERED,ALTERNATE,"Customer picked up briefly, said don't disturb during office hours and disconnected. Will try in the evening.",f,,,,,,,,,1de492a1-d6f4-4d29-9d7e-d3a47b34f172,2026-08-27 11:28:13.251327+00,2026-08-27 11:28:13.251327+00,
d5347a0c-cd3c-46f2-a5d9-70c82abec616,2b6de8aa-0976-4be0-8a40-043ff86ffa54,8f142b89-8c4a-43a3-ad04-f247417e775d,2026-06-07 16:27:00+00,167,ANSWERED,ALTERNATE,Customer answered from out of town. He's on a work contract in Rajasthan for 2 more weeks. Not reachable for visit till month end.,f,,,,2026-09-04,,,,Do not visit until 04 Sep 2026 — customer unavailable.,1e036d15-24a4-47ea-9372-6488d2469cc7,2026-08-27 11:28:13.251773+00,2026-08-27 11:28:13.251774+00,
251a0bc2-2b95-453d-b509-4e1e3b7aa8dc,a13886ca-739b-47b4-a473-724e03f7332a,c3f5d076-db19-4e5c-8254-c10f67aff6cc,2026-06-22 17:00:00+00,,SWITCHED_OFF,PRIMARY,Both primary and alternate numbers are switched off since morning. Planning a direct visit.,,,,,,,,,,1e1282e7-2932-4c55-b285-1af4939ab048,2026-08-27 11:28:13.251833+00,2026-08-27 11:28:13.251834+00,
bb9bf9d5-ea0d-4afc-8aa6-316df8f388b5,b06cd5a3-f1c0-4cdb-b241-9ce2d6c5e791,273e3301-de4a-4fdc-b8cc-c077bef82888,2026-05-10 09:44:00+00,,WRONG_NUMBER,PRIMARY,Tried calling three times — no response. Will try visiting directly based on the timing intel from the last visit.,,,,,,,,,,1e1e04ff-7519-4423-ace4-b0dce1ccb66c,2026-08-27 11:28:13.623854+00,2026-08-27 11:28:13.623854+00,
caef9f74-2f06-4aeb-b672-b7f468b501ea,c37b6a5c-9d1c-46d4-8ece-dfce290dc74b,1b0c8ea9-befb-46a5-b970-af6259d5a825,2026-08-18 15:38:00+00,216,ANSWERED,ALTERNATE,Call done. Borrower gets rental income on the 2nd of every month. Best time to collect is on the 3rd or 4th.,t,after 20th of month,,,,,t,2026-09-15,Customer reachable after 20th of month. Call done. Borrower gets rental income on the 2nd of every month. Best time to c...,1e2eb903-2be1-4856-8bda-e20bd61b645e,2026-08-27 11:28:13.251291+00,2026-08-27 11:28:13.251291+00,
40d91150-df8b-4994-886b-47b3c907138a,5fbae4d6-59d1-4e6c-8a80-fe57244a45bb,e1ade214-ec43-49f2-91d9-003b17885b49,2026-07-07 11:50:00+00,,NO_ANSWER,PRIMARY,Three unanswered attempts today. Visiting directly — based on previous note that customer is home before 10 AM.,,,,,,,,,,1e74a07a-7b9a-43e7-8e23-5dff8bcd63a3,2026-08-27 11:28:13.251538+00,2026-08-27 11:28:13.251539+00,
58563990-5036-4e44-8cb5-27ff1f5e8eae,2dfc73e0-dba9-4aa5-babf-d5141ded5497,9f481d78-b8ae-4d67-9ead-c343f18ffe12,2026-06-12 16:38:00+00,,SWITCHED_OFF,PRIMARY,Phone is switched off. Will try again after 2 hours.,,,,,,,,,,1f400bf1-a0dd-459d-b448-a98b83ebc0eb,2026-08-27 11:28:13.25181+00,2026-08-27 11:28:13.251811+00,
58563990-5036-4e44-8cb5-27ff1f5e8eae,2dfc73e0-dba9-4aa5-babf-d5141ded5497,9f481d78-b8ae-4d67-9ead-c343f18ffe12,2026-06-14 18:20:00+00,10,BUSY,PRIMARY,Continuously busy for past 20 minutes. Will visit directly.,,,,,,,,,,1f40b76f-a457-4e84-825c-e47e586a5bc5,2026-08-27 11:28:13.251809+00,2026-08-27 11:28:13.251809+00,
8c8d3f47-9c96-4134-b384-a39748f9bcbe,2dfc73e0-dba9-4aa5-babf-d5141ded5497,abea6752-eece-420a-bbad-c524aaa9073f,2026-06-20 14:37:00+00,,WRONG_NUMBER,PRIMARY,Tried calling three times — no response. Will try visiting directly based on the timing intel from the last visit.,,,,,,,,,,1f411adb-7479-441b-b57b-4b186182906e,2026-08-27 11:28:13.251868+00,2026-08-27 11:28:13.251868+00,
faae3a17-a2cc-40b0-b189-e7a98d8d1adb,3e9c4168-1de9-43e8-b9f2-fbf3f931949d,eb5373d3-667c-4bd0-9d69-4c9fb6d70086,2026-07-19 13:03:00+00,,SWITCHED_OFF,PRIMARY,Switched off — second consecutive day. Will visit directly tomorrow morning.,,,,,,,,,,1f7b9744-5042-4676-99ca-5110ca9e3861,2026-08-27 11:28:13.251659+00,2026-08-27 11:28:13.25166+00,
5542c577-a403-47fe-9845-b909c80ee1b9,1d5e58e8-954e-4d6c-b13c-6e6d614cb588,2116ea56-720b-426f-be95-b1c2fe197cc5,2026-04-15 14:46:00+00,216,ANSWERED,ALTERNATE,Pre-visit call done. Customer confirmed the PTP amount is ready in his account. Visit confirmed for tomorrow morning.,t,,,,,,t,2026-08-30,Payment intent confirmed. Verbal commitment: 30 Aug 2026. Pre-visit call done. Customer confirmed the PTP amount is re...,1ffdef28-08b0-4f9c-af80-ef7db84ca8dc,2026-08-27 11:28:13.624137+00,2026-08-27 11:28:13.624138+00,
7742389d-f08c-45ce-a873-fcc09d250144,5fbae4d6-59d1-4e6c-8a80-fe57244a45bb,f8e81db2-daf7-446d-9379-5491607b5ec7,2026-07-22 09:05:00+00,13,BUSY,PRIMARY,Line was busy. Customer probably on another call. Trying again.,,,,,,,,,,201120ac-0d79-46c1-8afc-7c5cd449923a,2026-08-27 11:28:13.251643+00,2026-08-27 11:28:13.251644+00,
b90a0302-1673-42d6-a484-0b5bc486f01f,c2f2e0ce-5aeb-4ece-8325-2167edfe139e,eaa3c7cc-4dca-459d-b00d-ab2c7f69bd9a,2026-03-23 18:01:00+00,197,ANSWERED,ALTERNATE,Pre-visit reminder — customer said everything is ready. Asked me to be discreet when visiting as neighbours are watching.,t,,,,,,t,2026-08-27,Payment intent confirmed. Verbal commitment: 27 Aug 2026. Pre-visit reminder — customer said everything is ready. Aske...,204875d8-f427-42e7-bc85-d010131d9b93,2026-08-27 11:28:13.624265+00,2026-08-27 11:28:13.624265+00,
ac5d159e-3de8-4a59-8f93-e2562757642c,c2f2e0ce-5aeb-4ece-8325-2167edfe139e,2c79ffad-474c-4617-93fe-dfcfd00de543,2026-06-14 17:26:00+00,191,ANSWERED,ALTERNATE,Customer picked up and confirmed home on the visit day. Requested I call before leaving so he can keep cash ready.,t,morning before 9:30,,,,,,,Customer reachable morning before 9:30. Customer picked up and confirmed home on the visit day. Requested I call before ...,209a8a73-3379-47df-896e-d998466af89d,2026-08-27 11:28:13.251858+00,2026-08-27 11:28:13.251858+00,
f0dafc7e-4014-4f52-9b70-8d885e3bf155,5fbae4d6-59d1-4e6c-8a80-fe57244a45bb,12b59d6e-de66-4588-8b8c-f9a8124f94aa,2026-06-05 10:30:00+00,,SWITCHED_OFF,PRIMARY,Both primary and alternate numbers are switched off since morning. Planning a direct visit.,,,,,,,,,,209ceed2-2067-442d-89d2-d00d12e48007,2026-08-27 11:28:13.251723+00,2026-08-27 11:28:13.251724+00,
6acd4cae-7cf1-4909-83a3-9e95b85daa9b,b06cd5a3-f1c0-4cdb-b241-9ce2d6c5e791,03835aab-6c3f-498b-87bb-b14e81a4c4a7,2026-05-03 15:47:00+00,44,ANSWERED,PRIMARY,Borrower answered. Said the outstanding amount is wrong and he will not pay until the bank corrects the statement. Call ended.,f,,,,,,,,,20fb48c4-fa4e-4648-a29c-4cc984d2a18e,2026-08-27 11:28:13.624142+00,2026-08-27 11:28:13.624143+00,
19995051-c48f-46a0-a78d-a83be0d4ed07,c2f2e0ce-5aeb-4ece-8325-2167edfe139e,3a7c144c-c15a-4a83-8de0-c68126435e7f,2026-06-25 17:09:00+00,140,ANSWERED,PRIMARY,Spoke to borrower. Harvest season — he's at his farm in another state. Will not be reachable for a month. Seasonal constraint.,f,,,,2026-09-01,,,,Do not visit until 01 Sep 2026 — customer unavailable.,210b753f-c5e6-4553-8393-962c2c601516,2026-08-27 11:28:13.252037+00,2026-08-27 11:28:13.252037+00,
09d34050-ca46-495a-a92f-cbc3ef76e5a7,c33350cc-f581-492e-807f-14262d56ebcb,9b58df38-bebe-4789-ba48-85f2e6c54c73,2026-05-05 11:52:00+00,19,BUSY,PRIMARY,Continuously busy for past 20 minutes. Will visit directly.,,,,,,,,,,210d508e-7747-4f1b-bbf8-40ec2b859daa,2026-08-27 11:28:13.623987+00,2026-08-27 11:28:13.623987+00,
11992cab-311c-4712-8f01-8bee220077f4,b06cd5a3-f1c0-4cdb-b241-9ce2d6c5e791,119a6328-3709-4881-836e-1e3fbe5085e2,2026-08-24 10:39:00+00,,WRONG_NUMBER,PRIMARY,Phone rang but no one picked up. Will try the alternate number listed in records.,,,,,,,,,,2146fa2a-5576-4dc1-91db-8fd58f4502ae,2026-08-27 11:28:13.251345+00,2026-08-27 11:28:13.251346+00,
d57dea5e-a963-4383-9e0c-785c5f2f1699,2dfc73e0-dba9-4aa5-babf-d5141ded5497,26976eb1-42c6-400c-b45a-101b41ce3537,2026-08-14 15:46:00+00,183,ANSWERED,ALTERNATE,Pre-visit call done. Customer confirmed the PTP amount is ready in his account. Visit confirmed for tomorrow morning.,t,,,,,,t,2026-08-29,Payment intent confirmed. Verbal commitment: 29 Aug 2026. Pre-visit call done. Customer confirmed the PTP amount is re...,21f19cfa-5f57-4545-8b55-d8121e28d542,2026-08-27 11:28:13.251343+00,2026-08-27 11:28:13.251343+00,
ef52c8f8-deca-4213-8129-7f49fcba2004,2b6de8aa-0976-4be0-8a40-043ff86ffa54,9c8b413a-0404-46b6-b5f1-c52686328deb,2026-06-23 09:00:00+00,79,ANSWERED,PRIMARY,"Customer picked up briefly, said don't disturb during office hours and disconnected. Will try in the evening.",f,,,,,,,,,21f57f0e-4c6b-47a3-afd9-7861d722a1bd,2026-08-27 11:28:13.251793+00,2026-08-27 11:28:13.251793+00,
5309dbc6-7738-46b1-a13a-3957c6943acf,c2f2e0ce-5aeb-4ece-8325-2167edfe139e,46f4128a-126f-42cb-afcd-6429fa74c715,2026-04-27 16:59:00+00,168,ANSWERED,PRIMARY,Customer picked up and immediately said to stop calling or he will file a harassment complaint. He cut the call. No visit recommended right now.,f,,,,,,,,,22b3d61a-65ee-45ed-a992-b694e072184e,2026-08-27 11:28:13.624149+00,2026-08-27 11:28:13.62415+00,
1c61f6d9-908e-440e-88be-7e3c2d4a6af7,3e9c4168-1de9-43e8-b9f2-fbf3f931949d,8360ebc4-51cb-4b24-b405-9dc2a30de93a,2026-03-30 17:49:00+00,,DECLINED,PRIMARY,Call rejected within 2 rings each time. Possible number block. Visiting directly.,,,,,,,,,,22c7d61b-4ba8-4842-a165-635ebde4550d,2026-08-27 11:28:13.624255+00,2026-08-27 11:28:13.624256+00,
a0be3af9-b177-4397-a4e5-3c03f6a44a42,c33350cc-f581-492e-807f-14262d56ebcb,2941db57-a823-4c8c-81df-42d797c63d2c,2026-07-08 15:47:00+00,18,BUSY,PRIMARY,Busy tone on first attempt. Will try again in 15 minutes.,,,,,,,,,,23374ea2-008b-43dc-b312-5154c49c001c,2026-08-27 11:28:13.251507+00,2026-08-27 11:28:13.251508+00,
bc20a3b3-87a5-441f-8eef-875fa6a96b3d,b06cd5a3-f1c0-4cdb-b241-9ce2d6c5e791,d0306031-1151-4993-bed9-6906033425ef,2026-06-09 10:55:00+00,,WRONG_NUMBER,ALTERNATE,No answer since morning. Will try calling in the evening — customer may be at work.,,,,,,,,,,233964bc-4342-436d-b352-fb9c0a6df479,2026-08-27 11:28:13.251761+00,2026-08-27 11:28:13.251761+00,
7021452b-ac8d-43df-a12b-261c28d4a06f,357e2e09-b637-468e-818b-57a5dce18e9c,93f75a61-fb83-4b76-b047-26f7efbc6e4d,2026-04-13 14:25:00+00,,DECLINED,ALTERNATE,Declined 3 times in a row. Customer is actively avoiding contact. Planning direct field visit.,,,,,,,,,,2365281f-a7d4-4543-8deb-fbdab8249c6b,2026-08-27 11:28:13.624099+00,2026-08-27 11:28:13.624099+00,
85cb7dd0-18c1-494d-85f6-25b742f821a0,c33350cc-f581-492e-807f-14262d56ebcb,24f406f0-18ea-428e-9360-8b08b5638e21,2026-06-06 12:03:00+00,111,ANSWERED,PRIMARY,Customer answered aggressively — said he has a lawyer and to not call again. Call ended within 30 seconds.,f,,,,,,,,,236a0413-f782-4e3c-b2d6-692e0620225f,2026-08-27 11:28:13.251728+00,2026-08-27 11:28:13.251729+00,
a23520af-090d-483e-8565-ff1b6b09711e,a13886ca-739b-47b4-a473-724e03f7332a,fbc0a1a5-8e5c-4cd1-8192-a38d6697d56e,2026-03-09 16:13:00+00,125,ANSWERED,ALTERNATE,Spoke to the borrower. He's at a wedding in his native village — back by Sunday. Asked me to visit on Monday morning.,f,,,,2026-08-30,,,,Do not visit until 30 Aug 2026 — customer unavailable.,240020c7-157e-4fe7-83a9-bc6eba07c7d4,2026-08-27 11:28:13.624395+00,2026-08-27 11:28:13.624395+00,
842412e8-15a4-4d91-9029-0234aa59abfd,3aa13103-bd03-4578-9292-44d88d58da00,830d42f9-f1de-4f55-b7ee-e33edae0c1d3,2026-03-29 17:58:00+00,,DECLINED,PRIMARY,Call was declined immediately — customer likely recognised the number. Will try from a different number.,,,,,,,,,,2413500f-d3ae-4401-9dc3-5af3683ed8b7,2026-08-27 11:28:13.624311+00,2026-08-27 11:28:13.624311+00,
7ca8c218-7e88-4ee8-b17a-f8748618f9e7,3e9c4168-1de9-43e8-b9f2-fbf3f931949d,8018e1c1-c98e-4792-8adf-acf30f04e3f7,2026-03-13 18:13:00+00,,NO_ANSWER,PRIMARY,Primary number not answering. Alternate number also not reachable. Planned a direct visit.,,,,,,,,,,2442d988-c3ae-464a-9cab-97fab5f47158,2026-08-27 11:28:13.624342+00,2026-08-27 11:28:13.624342+00,
729d8eef-3e5c-40f6-bead-c87ea9fa3577,4a182f53-a1a1-4f15-945a-6a56f4e04b64,689703aa-4ec3-4c30-9f88-8a31db74f125,2026-07-07 12:32:00+00,215,ANSWERED,PRIMARY,"Customer picked up briefly, said don't disturb during office hours and disconnected. Will try in the evening.",f,,,,,,,,,247dda47-80f5-4199-9d2e-97ad1f57a3c6,2026-08-27 11:28:13.251531+00,2026-08-27 11:28:13.251531+00,
7ec158f4-1f70-44f4-acdb-8edf6d8b9657,c37b6a5c-9d1c-46d4-8ece-dfce290dc74b,2a15516f-d306-43e7-9555-1ce7dc5b5296,2026-04-25 12:28:00+00,159,ANSWERED,PRIMARY,Customer's wife answered. Said the borrower is hospitalised for a surgery. Should be back home by Thursday. Will revisit after that.,f,,,,2026-08-30,,,,Do not visit until 30 Aug 2026 — customer unavailable.,2480e106-f8e2-4ff1-8c76-84fa9ebd0039,2026-08-27 11:28:13.624131+00,2026-08-27 11:28:13.624132+00,
42bd6353-1665-4fd7-b5f4-9614bc753e15,c6ca60b7-2143-412b-887e-c30ae9cda031,9ef461fd-6129-47ff-b256-f494fc8b0d37,2026-07-16 18:23:00+00,,SWITCHED_OFF,ALTERNATE,Both primary and alternate numbers are switched off since morning. Planning a direct visit.,,,,,,,,,,252ecd51-04b9-4772-80e4-2ad4ddb564b9,2026-08-27 11:28:13.2516+00,2026-08-27 11:28:13.2516+00,
4855d7b0-7acf-4756-9f34-41e0e9461c2a,3e9c4168-1de9-43e8-b9f2-fbf3f931949d,4a23c276-a1c6-4a07-8906-3352637ad1cb,2026-04-11 10:13:00+00,,SWITCHED_OFF,PRIMARY,Switched off — second consecutive day. Will visit directly tomorrow morning.,,,,,,,,,,2566e9c0-946a-420c-b6df-79997bd5eb98,2026-08-27 11:28:13.624183+00,2026-08-27 11:28:13.624183+00,
bc2e2994-7024-4e3d-8d46-35a62f623827,357e2e09-b637-468e-818b-57a5dce18e9c,760964f0-f607-4d9a-a99d-6cc3482bcf2f,2026-06-15 14:28:00+00,167,ANSWERED,ALTERNATE,Good call. Customer told me his salary comes on the 9th every month. He will pay on the 10th. I'll plan the visit accordingly.,t,after salary credit on 9th,,,,,t,2026-09-16,Customer reachable after salary credit on 9th. Good call. Customer told me his salary comes on the 9th every month. He will pay...,25c20f6e-fa34-4d4d-95ae-fc19a3870fd4,2026-08-27 11:28:13.251831+00,2026-08-27 11:28:13.251831+00,
c225c89c-2247-40a6-9d26-a44dc94f1a53,b06cd5a3-f1c0-4cdb-b241-9ce2d6c5e791,cf7b87d2-87b4-4320-a012-b994bdada55a,2026-05-20 15:28:00+00,,NO_ANSWER,PRIMARY,Three unanswered attempts today. Visiting directly — based on previous note that customer is home before 10 AM.,,,,,,,,,,262917e5-5d3a-4868-9ff1-b1bb74ac8ef3,2026-08-27 11:28:13.252061+00,2026-08-27 11:28:13.252061+00,
44965e61-1bcc-4667-a06c-db2573241888,a2e2555c-f597-43af-a77a-fe708f967218,5ba3abe3-9942-47ed-aa9a-1e8dd755a238,2026-05-25 10:01:00+00,,SWITCHED_OFF,PRIMARY,Switched off — second consecutive day. Will visit directly tomorrow morning.,,,,,,,,,,269f98ef-06a9-47da-8e81-4111ff1dc138,2026-08-27 11:28:13.252086+00,2026-08-27 11:28:13.252087+00,
8ecb6405-44a3-4dab-a70b-cb4acb71e1df,cd9e6eca-028e-4c61-8e82-048327bc4476,19b65599-9a6e-4186-9398-f1f877e31ad6,2026-08-03 13:53:00+00,14,BUSY,PRIMARY,Continuously busy for past 20 minutes. Will visit directly.,,,,,,,,,,26d822e0-1b16-46a1-b783-583b6a04a9d1,2026-08-27 11:28:13.251232+00,2026-08-27 11:28:13.251233+00,
7110942f-0ba7-407d-a4c3-1412d18426d3,5fbae4d6-59d1-4e6c-8a80-fe57244a45bb,635f2e4b-2bdd-4221-992a-9cc1bdf0a747,2026-04-29 14:42:00+00,,NO_ANSWER,ALTERNATE,Primary number not answering. Alternate number also not reachable. Planned a direct visit.,,,,,,,,,,26e39839-711e-4ba9-ba58-2dcf67b8b03c,2026-08-27 11:28:13.624123+00,2026-08-27 11:28:13.624123+00,
1cd98bf4-461d-464a-b46b-e31f42261d3b,2b6de8aa-0976-4be0-8a40-043ff86ffa54,0cdc1fb5-87e9-47d4-8bfa-f59fcef10dd7,2026-06-04 15:57:00+00,,DECLINED,PRIMARY,Call was declined immediately — customer likely recognised the number. Will try from a different number.,,,,,,,,,,272b96a8-3175-43ed-998e-2e5c514eb2fc,2026-08-27 11:28:13.251827+00,2026-08-27 11:28:13.251828+00,
63cc3b08-5f7c-4787-872c-bfb6de16b2c3,c6ca60b7-2143-412b-887e-c30ae9cda031,47e30ef7-8957-428d-be7b-a7b0524f8143,2026-08-26 12:45:00+00,,SWITCHED_OFF,PRIMARY,Switched off. Going by the timing intel from last visit — planning morning visit before 9 AM.,,,,,,,,,,272e186d-e4d2-432c-83d2-d2f9876f54e1,2026-08-27 11:28:13.251237+00,2026-08-27 11:28:13.251237+00,
aa7879bb-bb87-4d9c-9d1a-f62d3fe2cc80,8e59153e-dc8e-4efa-af65-1db304a6f3f1,3bc906ec-1f51-4fe6-841e-0ddcf2b0f1ed,2026-06-09 12:09:00+00,196,ANSWERED,PRIMARY,Pre-visit call confirmed. Customer said payment is ready. Also said come before noon as he has an afternoon appointment.,t,,,,,,t,2026-08-30,Payment intent confirmed. Verbal commitment: 30 Aug 2026. Pre-visit call confirmed. Customer said payment is ready. Al...,2756806d-38b9-41b7-ada7-f269960625f4,2026-08-27 11:28:13.251743+00,2026-08-27 11:28:13.251744+00,
21b87ade-8289-4310-9bdb-2cc0b38250d6,3aa13103-bd03-4578-9292-44d88d58da00,77b5829a-af76-4e86-bcaa-4b8bf1b6f8f9,2026-07-14 13:11:00+00,,NO_ANSWER,PRIMARY,Primary number not answering. Alternate number also not reachable. Planned a direct visit.,,,,,,,,,,278317ff-e0d8-4af6-bbd0-fd85451a5d31,2026-08-27 11:28:13.251612+00,2026-08-27 11:28:13.251613+00,
0df3d468-4961-410c-adf2-ceffea0d2936,2b6de8aa-0976-4be0-8a40-043ff86ffa54,0df43380-a050-44fd-8b41-28df032bed43,2026-07-11 14:40:00+00,,DECLINED,PRIMARY,Declined 3 times in a row. Customer is actively avoiding contact. Planning direct field visit.,,,,,,,,,,278ac012-1c62-49b0-ba4b-1ff5737c0f88,2026-08-27 11:28:13.251654+00,2026-08-27 11:28:13.251655+00,
ec2e7637-9dc3-4d0e-8dd8-3ea3e91b9d45,cd9e6eca-028e-4c61-8e82-048327bc4476,58c36194-ac80-4d4c-9ac4-3ded3c732c24,2026-05-09 11:47:00+00,13,BUSY,PRIMARY,Continuously busy for past 20 minutes. Will visit directly.,,,,,,,,,,2795d0ce-ccad-48c3-b8f7-7dded9c2a944,2026-08-27 11:28:13.252054+00,2026-08-27 11:28:13.252055+00,
1d52bd4e-f848-4df5-b573-a3785cd74a18,5fbae4d6-59d1-4e6c-8a80-fe57244a45bb,a28aa48d-a8a8-4e65-b147-a14037eef4bd,2026-04-14 14:44:00+00,5,BUSY,ALTERNATE,Line was busy. Customer probably on another call. Trying again.,,,,,,,,,,27bb6b92-ea28-4695-afc4-2b2eeace2a7c,2026-08-27 11:28:13.62404+00,2026-08-27 11:28:13.62404+00,
714085f0-81e2-490e-8294-4d997ffcf6e3,8e59153e-dc8e-4efa-af65-1db304a6f3f1,4bd7b5e4-b853-4646-9e8d-f0d0e3bffa6f,2026-04-16 09:09:00+00,,WRONG_NUMBER,ALTERNATE,Primary number not answering. Alternate number also not reachable. Planned a direct visit.,,,,,,,,,,281a3947-6b0c-48ee-b218-85dbd67fc322,2026-08-27 11:28:13.624161+00,2026-08-27 11:28:13.624162+00,
f7865f97-4df8-4b01-bdce-c5b668d4b328,b06cd5a3-f1c0-4cdb-b241-9ce2d6c5e791,6d7f5b9d-9880-4b50-9071-8f58c57f45a9,2026-04-15 13:12:00+00,218,ANSWERED,PRIMARY,Spoke to the customer just now. She leaves for the market at 12:30 PM daily. Best window is weekday mornings before noon.,t,11 AM to 1 PM,,,,,,,Customer reachable 11 AM to 1 PM. Spoke to the customer just now. She leaves for the market at 12:30 PM daily. Bes...,283312f0-fdda-408f-b524-8460818e6074,2026-08-27 11:28:13.624035+00,2026-08-27 11:28:13.624036+00,
7e630465-554e-4d6a-b9f5-2785c7e05f8f,1d5e58e8-954e-4d6c-b13c-6e6d614cb588,b0b63f01-f844-40f7-b276-5e6b6805959a,2026-04-25 16:32:00+00,,DECLINED,PRIMARY,Call rejected within 2 rings each time. Possible number block. Visiting directly.,,,,,,,,,,288e6a3b-c59b-4b83-9c09-71b90c3236ba,2026-08-27 11:28:13.624094+00,2026-08-27 11:28:13.624095+00,
a6ec0231-d847-4053-b2fc-0e7cbc5fb83c,2b6de8aa-0976-4be0-8a40-043ff86ffa54,45e0aa28-87fa-43c2-a599-21b16a73f6eb,2026-03-14 18:49:00+00,,WRONG_NUMBER,ALTERNATE,Primary number not answering. Alternate number also not reachable. Planned a direct visit.,,,,,,,,,,28906b50-551f-4f0b-9538-1e37913af829,2026-08-27 11:28:13.62442+00,2026-08-27 11:28:13.624421+00,
da1f64f8-b9b7-4a03-b3cb-631070c68931,1d5e58e8-954e-4d6c-b13c-6e6d614cb588,24ec8685-728f-4fd9-ad1f-3d85956050d2,2026-08-04 12:02:00+00,151,ANSWERED,PRIMARY,"Customer said insurance claim is pending settlement. When it comes, it will cover the full loan amount. Monitoring.",t,,,,,,t,2026-09-05,Payment intent confirmed. Verbal commitment: 05 Sep 2026. Customer said insurance claim is pending settlement. When it...,28ba9b90-3371-4542-a064-230cf504b2f1,2026-08-27 11:28:13.251221+00,2026-08-27 11:28:13.251221+00,
dbe687b1-68d0-41e1-a05c-6b8198bf2a6d,c2f2e0ce-5aeb-4ece-8325-2167edfe139e,0a99b2b1-64d9-4196-be30-c6ebb342aa5b,2026-06-13 11:13:00+00,,WRONG_NUMBER,PRIMARY,Three unanswered attempts today. Visiting directly — based on previous note that customer is home before 10 AM.,,,,,,,,,,28d2f84a-7a1e-4744-ba2a-fe92d56113e7,2026-08-27 11:28:13.251796+00,2026-08-27 11:28:13.251797+00,
6ec7dd21-0b29-4e6e-b9ef-cf46d17c86ce,c6ca60b7-2143-412b-887e-c30ae9cda031,c77e10a4-659a-45bc-b298-17404f303324,2026-06-08 12:15:00+00,,WRONG_NUMBER,PRIMARY,Phone rang but no one picked up. Will try the alternate number listed in records.,,,,,,,,,,28e3b5cf-b75c-4dac-b7e1-a51eb9e9b24e,2026-08-27 11:28:13.25185+00,2026-08-27 11:28:13.25185+00,
81a526e2-3990-4e09-b07a-049b311b4072,3aa13103-bd03-4578-9292-44d88d58da00,ac3e9e9a-7166-4967-a92f-c7a9e44550d2,2026-03-24 16:27:00+00,32,ANSWERED,PRIMARY,Customer answered from out of town. He's on a work contract in Rajasthan for 2 more weeks. Not reachable for visit till month end.,f,,,,2026-09-04,,,,Do not visit until 04 Sep 2026 — customer unavailable.,2908e081-4cdd-48d9-819b-9960972d99cc,2026-08-27 11:28:13.62435+00,2026-08-27 11:28:13.62435+00,
af2ed21b-2b2d-4e61-bb93-099059a8e1a9,357e2e09-b637-468e-818b-57a5dce18e9c,c231e4e1-dff9-4806-8971-f7225bd6a922,2026-05-23 14:00:00+00,,DECLINED,PRIMARY,Call rejected within 2 rings each time. Possible number block. Visiting directly.,,,,,,,,,,29252b56-0f2d-443a-bf3f-6237faeef58f,2026-08-27 11:28:13.252096+00,2026-08-27 11:28:13.252097+00,
d07825db-d43c-479a-ba05-bcb371149f3d,c33350cc-f581-492e-807f-14262d56ebcb,daf84ae7-e591-4810-8608-909ecf5b0e20,2026-04-19 09:13:00+00,,NO_ANSWER,PRIMARY,Phone rang but no one picked up. Will try the alternate number listed in records.,,,,,,,,,,297bba7d-02ae-4fcc-bd7c-578b5c436ebc,2026-08-27 11:28:13.624058+00,2026-08-27 11:28:13.624058+00,
5ef7ec75-c1d3-4d9c-b5b3-1ad438c25898,1d5e58e8-954e-4d6c-b13c-6e6d614cb588,9066d603-1a07-4392-8406-478468efec70,2026-04-26 16:20:00+00,229,ANSWERED,PRIMARY,Reminder answered. Customer confirmed payment physically kept ready in cash. Visit confirmed.,t,,,,,,t,2026-08-28,Payment intent confirmed. Verbal commitment: 28 Aug 2026. Reminder answered. Customer confirmed payment physically kep...,298699dd-6878-4788-8e4b-f2d30a064feb,2026-08-27 11:28:13.624103+00,2026-08-27 11:28:13.624104+00,
359f2493-21f7-4fdc-aeaf-ff35a31d9596,c2f2e0ce-5aeb-4ece-8325-2167edfe139e,82440fe5-d534-4f3c-8df1-5d8b99fc4234,2026-05-24 16:39:00+00,146,ANSWERED,PRIMARY,Customer answered. His pension deposits on the 5th. Very willing to pay on the 6th. Cooperative customer.,t,after 20th of month,,,,,t,2026-09-02,Customer reachable after 20th of month. Customer answered. His pension deposits on the 5th. Very willing to pay on the 6...,29ddfae2-550f-4b1f-87d8-67701d3611bf,2026-08-27 11:28:13.624006+00,2026-08-27 11:28:13.624007+00,
d0f3d701-d1e0-460e-a589-4653472a491b,357e2e09-b637-468e-818b-57a5dce18e9c,eacfbf44-0224-49f1-8500-76822bcdea0c,2026-03-22 15:18:00+00,,DECLINED,PRIMARY,Call rejected within 2 rings each time. Possible number block. Visiting directly.,,,,,,,,,,2a4e95b3-32d0-4f61-8e5b-df785070e084,2026-08-27 11:28:13.624374+00,2026-08-27 11:28:13.624375+00,
139f3990-f0c5-4327-9d7b-698ae5e23033,a13886ca-739b-47b4-a473-724e03f7332a,47e30ef7-8957-428d-be7b-a7b0524f8143,2026-03-17 13:44:00+00,,SWITCHED_OFF,PRIMARY,Both primary and alternate numbers are switched off since morning. Planning a direct visit.,,,,,,,,,,2a8f3764-aceb-4057-9c6c-b357c1c2d140,2026-08-27 11:28:13.624323+00,2026-08-27 11:28:13.624324+00,
22d73459-dbc4-45de-b369-4c5e8f055256,2b6de8aa-0976-4be0-8a40-043ff86ffa54,a68bf52d-24ab-42db-be03-b3b34a1defda,2026-06-30 17:25:00+00,238,ANSWERED,ALTERNATE,Customer answered from out of town. He's on a work contract in Rajasthan for 2 more weeks. Not reachable for visit till month end.,f,,,,2026-09-01,,,,Do not visit until 01 Sep 2026 — customer unavailable.,2acd5b89-2039-4f0a-b6c2-7565897ffa8e,2026-08-27 11:28:13.252017+00,2026-08-27 11:28:13.252018+00,
d781f855-2d18-4461-b9bc-3a7d05dbdc9c,2b6de8aa-0976-4be0-8a40-043ff86ffa54,c231e4e1-dff9-4806-8971-f7225bd6a922,2026-08-23 10:05:00+00,,WRONG_NUMBER,PRIMARY,Tried calling three times — no response. Will try visiting directly based on the timing intel from the last visit.,,,,,,,,,,2aeb343b-6b26-4ea6-ad45-b4d73f7f729b,2026-08-27 11:28:13.251235+00,2026-08-27 11:28:13.251236+00,
b8229b8e-ad88-42eb-a6a5-3bad34066859,4a182f53-a1a1-4f15-945a-6a56f4e04b64,0b547eaa-2b69-48cc-a066-58e1e3def0fa,2026-03-25 12:26:00+00,,NO_ANSWER,PRIMARY,Three unanswered attempts today. Visiting directly — based on previous note that customer is home before 10 AM.,,,,,,,,,,2ba5ab28-1a0c-4ead-9cbe-896f5cbd0485,2026-08-27 11:28:13.624252+00,2026-08-27 11:28:13.624252+00,
1cb3d96c-5888-432c-870e-714507269363,b06cd5a3-f1c0-4cdb-b241-9ce2d6c5e791,13f4cf5d-84f8-4fe3-a737-9f00fba0ade3,2026-03-10 14:39:00+00,5,BUSY,ALTERNATE,Continuously busy for past 20 minutes. Will visit directly.,,,,,,,,,,2cdddc6a-7421-4919-8089-c204f48b698c,2026-08-27 11:28:13.624364+00,2026-08-27 11:28:13.624365+00,
931e4d55-27ca-45c5-bf0a-2004e805c490,357e2e09-b637-468e-818b-57a5dce18e9c,8686c2cc-b01d-4e9f-966c-a2c2ab5bcb98,2026-08-02 10:46:00+00,213,ANSWERED,PRIMARY,Called as a reminder. Borrower said she will transfer via UPI today itself — before noon. No need for field visit today.,t,,,,,,t,2026-08-29,Payment intent confirmed. Verbal commitment: 29 Aug 2026. Called as a reminder. Borrower said she will transfer via UP...,2ce4850d-38cf-4050-8c08-aa1820f04088,2026-08-27 11:28:13.251307+00,2026-08-27 11:28:13.251307+00,
e3786997-9b28-4d02-8a35-e3d8dd695140,357e2e09-b637-468e-818b-57a5dce18e9c,5ba3abe3-9942-47ed-aa9a-1e8dd755a238,2026-03-20 15:50:00+00,199,ANSWERED,PRIMARY,Reminder answered. Customer confirmed payment physically kept ready in cash. Visit confirmed.,t,,,,,,t,2026-09-01,Payment intent confirmed. Verbal commitment: 01 Sep 2026. Reminder answered. Customer confirmed payment physically kep...,2cec236d-321d-4203-8db8-b02ab2adf643,2026-08-27 11:28:13.624277+00,2026-08-27 11:28:13.624278+00,
4df45b7d-97fe-4dd8-a401-1084b36d43f1,c37b6a5c-9d1c-46d4-8ece-dfce290dc74b,24f406f0-18ea-428e-9360-8b08b5638e21,2026-03-12 14:45:00+00,,SWITCHED_OFF,PRIMARY,Phone is switched off. Will try again after 2 hours.,,,,,,,,,,2d155cb3-be64-4f4e-a831-5aa496ce9d91,2026-08-27 11:28:13.624369+00,2026-08-27 11:28:13.624369+00,
dd59d29b-4bd9-476f-9fae-75e5a5d1b921,4a182f53-a1a1-4f15-945a-6a56f4e04b64,7e0cdc29-c5ea-41cf-b6cb-0162e6a80f8d,2026-03-30 15:10:00+00,73,ANSWERED,ALTERNATE,Spoke to borrower. His property is being sold — proceeds will clear the full outstanding. 30-60 day window expected.,t,after salary credit on 9th,,,,,t,2026-09-07,Customer reachable after salary credit on 9th. Spoke to borrower. His property is being sold — proceeds will clear the full out...,2dc0650f-66ae-4e81-b889-eee3050c75c5,2026-08-27 11:28:13.624309+00,2026-08-27 11:28:13.624309+00,
4ff44f8c-0fa8-41f3-a212-bf502079203d,5fbae4d6-59d1-4e6c-8a80-fe57244a45bb,8ac67a04-0429-474b-83f0-f32bec5ecc5b,2026-08-21 13:49:00+00,119,ANSWERED,ALTERNATE,Call done. Borrower gets rental income on the 2nd of every month. Best time to collect is on the 3rd or 4th.,t,,,,,,t,2026-09-13,Payment intent confirmed. Verbal commitment: 13 Sep 2026. Call done. Borrower gets rental income on the 2nd of every m...,2dfbb9c7-4578-4f5e-8d84-828604463c23,2026-08-27 11:28:13.251328+00,2026-08-27 11:28:13.251329+00,
9044e2bd-36b2-42f2-b7b7-e461935fa985,c6ca60b7-2143-412b-887e-c30ae9cda031,658f8f95-f53f-42f2-add4-333c400e10db,2026-07-09 18:11:00+00,,NO_ANSWER,PRIMARY,Phone rang but no one picked up. Will try the alternate number listed in records.,,,,,,,,,,2e232e14-8ec6-49d9-b758-c09572d6ee35,2026-08-27 11:28:13.251512+00,2026-08-27 11:28:13.251513+00,
e4d46194-2b0e-4660-8eef-00dd32a4f522,1d5e58e8-954e-4d6c-b13c-6e6d614cb588,a353c880-b259-4246-9f80-e49b283012dd,2026-06-11 10:44:00+00,,NO_ANSWER,PRIMARY,Tried calling three times — no response. Will try visiting directly based on the timing intel from the last visit.,,,,,,,,,,2e2458b7-400f-48be-9e03-060c70669b2d,2026-08-27 11:28:13.251729+00,2026-08-27 11:28:13.25173+00,
bf53f306-7103-4f5d-adaa-77fbd08920cb,c37b6a5c-9d1c-46d4-8ece-dfce290dc74b,7b15825d-da60-4c1c-83c0-b319ba915f29,2026-07-20 09:07:00+00,200,ANSWERED,ALTERNATE,Pre-visit call confirmed. Customer said payment is ready. Also said come before noon as he has an afternoon appointment.,t,,,,,,t,2026-08-31,Payment intent confirmed. Verbal commitment: 31 Aug 2026. Pre-visit call confirmed. Customer said payment is ready. Al...,2e618313-4515-4d72-af78-2d4592f13812,2026-08-27 11:28:13.251515+00,2026-08-27 11:28:13.251515+00,
7c0bce40-35dd-43b5-a38b-4e513d67651c,a2e2555c-f597-43af-a77a-fe708f967218,eb5373d3-667c-4bd0-9d69-4c9fb6d70086,2026-08-14 11:27:00+00,,NO_ANSWER,ALTERNATE,Phone rang but no one picked up. Will try the alternate number listed in records.,,,,,,,,,,2edb4c45-14f6-413f-8305-f766f2f0e781,2026-08-27 11:28:13.251363+00,2026-08-27 11:28:13.251364+00,
5a268e43-3d7e-4292-ac2e-fa3f83005655,a2e2555c-f597-43af-a77a-fe708f967218,ae38bc80-0ae4-48dd-ba3d-35710c261b87,2026-04-11 11:15:00+00,,WRONG_NUMBER,PRIMARY,Phone rang but no one picked up. Will try the alternate number listed in records.,,,,,,,,,,2ee38bbe-2d62-42a2-9c9f-35c57fbbbf1d,2026-08-27 11:28:13.624165+00,2026-08-27 11:28:13.624166+00,
9dbeb5ad-5cd2-434f-952d-2021b44c2a6f,c2f2e0ce-5aeb-4ece-8325-2167edfe139e,109ca576-3c7b-4114-b736-57cf14e3b726,2026-05-25 14:24:00+00,,SWITCHED_OFF,PRIMARY,Both primary and alternate numbers are switched off since morning. Planning a direct visit.,,,,,,,,,,2ee783b8-3695-4c2e-8194-6f691038ae76,2026-08-27 11:28:13.624021+00,2026-08-27 11:28:13.624021+00,
d94f5c6b-4f3e-49fc-ac84-65a66974c4f7,c37b6a5c-9d1c-46d4-8ece-dfce290dc74b,72f1bae1-8cdb-46c4-85bc-1ad9bcca79dc,2026-08-24 16:33:00+00,,NO_ANSWER,ALTERNATE,Three unanswered attempts today. Visiting directly — based on previous note that customer is home before 10 AM.,,,,,,,,,,2f2b168a-5561-4652-9fd9-4106c1c2b69b,2026-08-27 11:28:13.251286+00,2026-08-27 11:28:13.251286+00,
ffe94d1b-afe5-497e-bcb7-0fe8fbe13169,a13886ca-739b-47b4-a473-724e03f7332a,f1197b5f-49fe-4d13-914a-6a9b5bfbea8a,2026-03-10 13:41:00+00,10,BUSY,PRIMARY,Busy tone on first attempt. Will try again in 15 minutes.,,,,,,,,,,2fbc0dc3-6946-48e6-a67a-060d5c91d259,2026-08-27 11:28:13.624412+00,2026-08-27 11:28:13.624413+00,
7aa50eb4-da1f-4f56-ace7-8c5c24e2a212,3e9c4168-1de9-43e8-b9f2-fbf3f931949d,e03b72b6-339d-439d-a8f1-bcca7c80df79,2026-05-02 14:44:00+00,90,ANSWERED,ALTERNATE,Spoke to the borrower. He's at a wedding in his native village — back by Sunday. Asked me to visit on Monday morning.,f,,,,2026-09-09,,,,Do not visit until 09 Sep 2026 — customer unavailable.,2fea286d-f46d-44c3-a04f-00158071fbc3,2026-08-27 11:28:13.62412+00,2026-08-27 11:28:13.624121+00,
3898c8c6-bce0-4559-b646-e208974cdb18,1d5e58e8-954e-4d6c-b13c-6e6d614cb588,cb6aa2b7-e049-4fcb-ae64-0feacbf71c37,2026-07-18 18:01:00+00,,SWITCHED_OFF,PRIMARY,Both primary and alternate numbers are switched off since morning. Planning a direct visit.,,,,,,,,,,3068c6ef-d448-4a88-9a85-6053ebde3ad2,2026-08-27 11:28:13.251669+00,2026-08-27 11:28:13.25167+00,
0a313444-d014-4a6c-bfb5-f4b770c585b3,8e59153e-dc8e-4efa-af65-1db304a6f3f1,3c32f948-3b0e-4554-97cb-604c3df714fc,2026-07-15 18:22:00+00,47,ANSWERED,PRIMARY,Hostile call. Customer said the matter is with the banking ombudsman and threatened complaint if we call again.,f,,,,,,,,,306de1d9-477e-4c58-a82c-113c43858177,2026-08-27 11:28:13.251467+00,2026-08-27 11:28:13.251468+00,
e582a376-413c-4536-9794-19dd378390a4,a2e2555c-f597-43af-a77a-fe708f967218,6ee09325-b476-4ff7-acfd-dd6aff05eca9,2026-08-01 16:40:00+00,60,ANSWERED,PRIMARY,"Customer picked up briefly, said don't disturb during office hours and disconnected. Will try in the evening.",f,,,,,,,,,3099cc87-2cc7-43b8-a9e3-e9c9bae72636,2026-08-27 11:28:13.251563+00,2026-08-27 11:28:13.251563+00,
e6559f1c-de6c-4772-8f8e-51bb09ee1e51,a13886ca-739b-47b4-a473-724e03f7332a,e83946da-6bc2-458c-a53c-e1d9b40d9073,2026-05-24 17:18:00+00,18,BUSY,ALTERNATE,Busy tone on first attempt. Will try again in 15 minutes.,,,,,,,,,,30d12468-0ee1-4396-8e0b-8e474c8d0979,2026-08-27 11:28:13.623931+00,2026-08-27 11:28:13.623932+00,
7f1013df-c0da-4abe-b60c-9a468a1dbc95,e9dced65-f61b-4c24-bae7-d4170299ed46,30226d3a-2d1e-4854-9b00-46ea0cd54d7e,2026-04-21 18:46:00+00,196,ANSWERED,ALTERNATE,Customer answered from out of town. He's on a work contract in Rajasthan for 2 more weeks. Not reachable for visit till month end.,f,,,,2026-09-11,,,,Do not visit until 11 Sep 2026 — customer unavailable.,312bf9d3-c2fa-4d2a-9ef4-af2faa5dd80c,2026-08-27 11:28:13.624105+00,2026-08-27 11:28:13.624106+00,
168381de-df09-4c1c-8940-e492f1c510a3,2dfc73e0-dba9-4aa5-babf-d5141ded5497,7125e192-ddfa-4bca-9c98-05aa6027715d,2026-04-22 14:55:00+00,201,ANSWERED,ALTERNATE,Good call. Customer confirmed he's home till 9 AM every weekday before heading to his construction site. I need to go early.,t,between 1-3 PM,,,,,,,Customer reachable between 1-3 PM. Good call. Customer confirmed he's home till 9 AM every weekday before heading t...,31343244-4d60-4b2c-98d4-eefa8f247158,2026-08-27 11:28:13.624114+00,2026-08-27 11:28:13.624114+00,
99bbd936-0b8f-4278-892e-5264a46fb674,c2f2e0ce-5aeb-4ece-8325-2167edfe139e,e22c4360-2794-4667-b8db-d3cbcdf9d0a5,2026-07-05 15:25:00+00,,WRONG_NUMBER,ALTERNATE,Phone rang but no one picked up. Will try the alternate number listed in records.,,,,,,,,,,31655491-d9de-4699-8bae-16eab1a94061,2026-08-27 11:28:13.251555+00,2026-08-27 11:28:13.251555+00,
13871b39-d123-4a16-a6f2-1a6823e94358,c37b6a5c-9d1c-46d4-8ece-dfce290dc74b,d82ad54b-75b4-4810-ae18-bbb4df1159b6,2026-04-10 17:56:00+00,,DECLINED,ALTERNATE,Declined 3 times in a row. Customer is actively avoiding contact. Planning direct field visit.,,,,,,,,,,31768705-e1c6-4837-9e38-6cf36b81bd8e,2026-08-27 11:28:13.624054+00,2026-08-27 11:28:13.624055+00,
ebdd0c9c-b635-4380-9020-3cb45cdd3e5a,2b6de8aa-0976-4be0-8a40-043ff86ffa54,4bd7b5e4-b853-4646-9e8d-f0d0e3bffa6f,2026-06-18 18:23:00+00,,SWITCHED_OFF,ALTERNATE,Switched off. Going by the timing intel from last visit — planning morning visit before 9 AM.,,,,,,,,,,317911f6-6c5e-4c00-8e1c-ff716da31123,2026-08-27 11:28:13.251828+00,2026-08-27 11:28:13.251829+00,
faae1aba-6a78-41f8-b757-687ae75899d2,c33350cc-f581-492e-807f-14262d56ebcb,4bd7b5e4-b853-4646-9e8d-f0d0e3bffa6f,2026-05-01 12:25:00+00,,DECLINED,PRIMARY,Call rejected within 2 rings each time. Possible number block. Visiting directly.,,,,,,,,,,31a4d669-8bc6-447b-a793-4cedcebcdbc5,2026-08-27 11:28:13.624186+00,2026-08-27 11:28:13.624187+00,
97293b8c-54e4-494f-bafa-b154dc4799e4,2dfc73e0-dba9-4aa5-babf-d5141ded5497,65d0ed44-6d1a-461a-8814-cfec36409756,2026-08-01 11:46:00+00,,WRONG_NUMBER,PRIMARY,Three unanswered attempts today. Visiting directly — based on previous note that customer is home before 10 AM.,,,,,,,,,,31c36715-d3f5-4967-b7c0-400b01400366,2026-08-27 11:28:13.251678+00,2026-08-27 11:28:13.251679+00,
8b2bf31d-564b-4588-ad15-dd8fd6167e23,cd9e6eca-028e-4c61-8e82-048327bc4476,11721135-0a03-4f14-a72b-f26994b00c33,2026-08-05 18:01:00+00,73,ANSWERED,PRIMARY,Spoke to the customer just now. She leaves for the market at 12:30 PM daily. Best window is weekday mornings before noon.,t,between 1-3 PM,,,,,,,Customer reachable between 1-3 PM. Spoke to the customer just now. She leaves for the market at 12:30 PM daily. Bes...,31f59c63-cf15-4732-86a8-ebaf9fe959c3,2026-08-27 11:28:13.251447+00,2026-08-27 11:28:13.251447+00,
85cb7dd0-18c1-494d-85f6-25b742f821a0,c33350cc-f581-492e-807f-14262d56ebcb,24f406f0-18ea-428e-9360-8b08b5638e21,2026-06-04 10:10:00+00,,SWITCHED_OFF,PRIMARY,Phone is switched off. Will try again after 2 hours.,,,,,,,,,,3203d354-cd17-436c-9504-f9da7d9beb9c,2026-08-27 11:28:13.251727+00,2026-08-27 11:28:13.251728+00,
7ae223e3-451b-4ff2-a8db-033357dc61c2,3aa13103-bd03-4578-9292-44d88d58da00,f0e828df-dd39-4105-9fbd-edbff7159e3f,2026-06-05 12:51:00+00,,SWITCHED_OFF,PRIMARY,Switched off — second consecutive day. Will visit directly tomorrow morning.,,,,,,,,,,325a09cb-6d1f-48bd-83d6-8d6f48cef291,2026-08-27 11:28:13.251746+00,2026-08-27 11:28:13.251746+00,
8a6a5a70-6690-497a-b5c3-315b5ad7789f,2b6de8aa-0976-4be0-8a40-043ff86ffa54,d0514cfc-e077-4add-bf05-b8bdcd1caf4a,2026-08-26 17:46:00+00,,WRONG_NUMBER,PRIMARY,No answer since morning. Will try calling in the evening — customer may be at work.,,,,,,,,,,32abe338-f203-471d-8c2e-6a76b0508225,2026-08-27 11:28:13.624427+00,2026-08-27 11:28:13.624427+00,
3947f7ab-b060-407d-928c-2f395770bd9e,2dfc73e0-dba9-4aa5-babf-d5141ded5497,2a15516f-d306-43e7-9555-1ce7dc5b5296,2026-08-19 12:41:00+00,156,ANSWERED,ALTERNATE,Pre-visit call confirmed. Customer said payment is ready. Also said come before noon as he has an afternoon appointment.,t,,,,,,t,2026-08-27,Payment intent confirmed. Verbal commitment: 27 Aug 2026. Pre-visit call confirmed. Customer said payment is ready. Al...,32ac7cc3-7d63-4a89-a4e1-c8149d319277,2026-08-27 11:28:13.251283+00,2026-08-27 11:28:13.251284+00,
40801635-e02d-4323-9a5b-8381d613555b,c6ca60b7-2143-412b-887e-c30ae9cda031,0b2c8dd8-f345-4d01-94f7-6c59689252ce,2026-03-17 13:08:00+00,198,ANSWERED,PRIMARY,Customer answered. Said he's home for lunch between 1 PM and 2:30 PM daily. That's a good window to visit.,t,11 AM to 1 PM,,,,,,,Customer reachable 11 AM to 1 PM. Customer answered. Said he's home for lunch between 1 PM and 2:30 PM daily. That...,32d05fb6-a410-4588-ba92-cf5acf000a9f,2026-08-27 11:28:13.624244+00,2026-08-27 11:28:13.624245+00,
e16d3600-2242-4fe2-9ced-beef90ea03a6,357e2e09-b637-468e-818b-57a5dce18e9c,01bec68e-6cbc-49d5-9bc3-5d11bc4bd4a1,2026-05-17 13:45:00+00,5,BUSY,PRIMARY,Busy tone on first attempt. Will try again in 15 minutes.,,,,,,,,,,32fda81f-4e5b-4027-9c00-a6006db7175f,2026-08-27 11:28:13.252079+00,2026-08-27 11:28:13.252079+00,
0fc889f2-5b6c-4054-b130-83e9b82c30ec,c37b6a5c-9d1c-46d4-8ece-dfce290dc74b,6ee09325-b476-4ff7-acfd-dd6aff05eca9,2026-06-06 12:21:00+00,121,ANSWERED,ALTERNATE,Borrower answered. Said the outstanding amount is wrong and he will not pay until the bank corrects the statement. Call ended.,f,,,,,,,,,330165b8-befd-4edd-a889-f8f9a89d7d62,2026-08-27 11:28:13.252003+00,2026-08-27 11:28:13.252004+00,
530787a8-46ff-4d60-9928-0c31cd48f9c9,2dfc73e0-dba9-4aa5-babf-d5141ded5497,ccb9773a-386d-40ba-897a-6749f16e61e4,2026-06-12 11:54:00+00,,SWITCHED_OFF,PRIMARY,Switched off — second consecutive day. Will visit directly tomorrow morning.,,,,,,,,,,333d61ac-5c67-4b83-b235-f5814480c77f,2026-08-27 11:28:13.251764+00,2026-08-27 11:28:13.251765+00,
c2fcb94b-c282-41a1-b640-40d865fb9609,c37b6a5c-9d1c-46d4-8ece-dfce290dc74b,1b0c8ea9-befb-46a5-b970-af6259d5a825,2026-08-14 09:59:00+00,25,BUSY,PRIMARY,Line was busy. Customer probably on another call. Trying again.,,,,,,,,,,3368d640-ad78-4cd1-a1d5-c8e01132eaec,2026-08-27 11:28:13.251318+00,2026-08-27 11:28:13.251319+00,
6dbed6cf-7e9f-43d5-82ca-e33f147d4c2d,357e2e09-b637-468e-818b-57a5dce18e9c,bbf0db48-6ed9-49a7-bbb4-66fb14b93511,2026-05-16 17:20:00+00,136,ANSWERED,PRIMARY,Spoke to the borrower's wife — she said her husband is at his shop on MG Road today. I can visit the shop between 11 AM and 1 PM.,t,between 1-3 PM,,,,,,,Customer reachable between 1-3 PM. Spoke to the borrower's wife — she said her husband is at his shop on MG Road to...,337d4797-86c1-4c9a-a7c9-042b9c6608dd,2026-08-27 11:28:13.252087+00,2026-08-27 11:28:13.252088+00,
bf53f306-7103-4f5d-adaa-77fbd08920cb,c37b6a5c-9d1c-46d4-8ece-dfce290dc74b,7b15825d-da60-4c1c-83c0-b319ba915f29,2026-07-19 13:57:00+00,205,ANSWERED,PRIMARY,Good call. Customer told me his salary comes on the 9th every month. He will pay on the 10th. I'll plan the visit accordingly.,t,on pension day,,,,,t,2026-09-01,Customer reachable on pension day. Good call. Customer told me his salary comes on the 9th every month. He will pay...,340af592-795c-462f-a55c-744ae6123763,2026-08-27 11:28:13.251517+00,2026-08-27 11:28:13.251518+00,
b0817725-39e4-401a-a69e-b9734187d920,e9dced65-f61b-4c24-bae7-d4170299ed46,598573b9-8c04-44bf-bc0b-b3a1d7eb941c,2026-07-23 14:11:00+00,,NO_ANSWER,ALTERNATE,Phone rang but no one picked up. Will try the alternate number listed in records.,,,,,,,,,,340b8cab-3d51-4a9b-8f77-95f154d16e3d,2026-08-27 11:28:13.251484+00,2026-08-27 11:28:13.251484+00,
91f4d280-94ea-4a70-a3c6-f801f0801856,5fbae4d6-59d1-4e6c-8a80-fe57244a45bb,e7ff21d2-036b-4d09-8e30-88ed03c97146,2026-04-15 16:14:00+00,,NO_ANSWER,PRIMARY,No answer since morning. Will try calling in the evening — customer may be at work.,,,,,,,,,,3425f480-58b7-421a-afd8-20ca02af5d85,2026-08-27 11:28:13.624135+00,2026-08-27 11:28:13.624136+00,
44965e61-1bcc-4667-a06c-db2573241888,a2e2555c-f597-43af-a77a-fe708f967218,5ba3abe3-9942-47ed-aa9a-1e8dd755a238,2026-05-26 10:08:00+00,147,ANSWERED,ALTERNATE,Spoke to borrower. He said Sundays he's home all morning. Weekdays he's at the factory by 7 AM.,t,11 AM to 1 PM,,,,,,,Customer reachable 11 AM to 1 PM. Spoke to borrower. He said Sundays he's home all morning. Weekdays he's at the f...,3449eb24-ed3f-4cbd-8d51-77f54482db3a,2026-08-27 11:28:13.252085+00,2026-08-27 11:28:13.252085+00,
11f174ec-baee-4918-baea-69c1d0584104,2dfc73e0-dba9-4aa5-babf-d5141ded5497,f1197b5f-49fe-4d13-914a-6a9b5bfbea8a,2026-04-29 11:17:00+00,,SWITCHED_OFF,PRIMARY,Both primary and alternate numbers are switched off since morning. Planning a direct visit.,,,,,,,,,,3464ae42-416d-463d-8c2c-b49fbc5b3c08,2026-08-27 11:28:13.624092+00,2026-08-27 11:28:13.624093+00,
cde5571d-2f58-4bcc-8850-76a91602e0a6,5fbae4d6-59d1-4e6c-8a80-fe57244a45bb,65f3403d-3e79-40fb-bb72-59ff9d8b27e0,2026-04-16 15:29:00+00,17,BUSY,PRIMARY,Line was busy. Customer probably on another call. Trying again.,,,,,,,,,,348a5a07-b564-4bfc-af0b-4f2bc62a5d72,2026-08-27 11:28:13.624075+00,2026-08-27 11:28:13.624075+00,
6e6d2afb-24ce-4273-8946-9b817857a3c5,357e2e09-b637-468e-818b-57a5dce18e9c,39a9292a-e237-472a-bb6d-20dc92274a73,2026-07-05 16:20:00+00,145,ANSWERED,ALTERNATE,Good call. Customer told me his salary comes on the 9th every month. He will pay on the 10th. I'll plan the visit accordingly.,t,after salary credit on 9th,,,,,t,2026-09-01,Customer reachable after salary credit on 9th. Good call. Customer told me his salary comes on the 9th every month. He will pay...,34bdf8a8-df46-458c-9558-65b693fa5bb3,2026-08-27 11:28:13.251602+00,2026-08-27 11:28:13.251603+00,
7e5d5916-19dc-4987-871a-2fd3e308e2ad,cd9e6eca-028e-4c61-8e82-048327bc4476,484210c8-33de-4f32-82fc-dc8fc87f7825,2026-07-21 10:03:00+00,5,BUSY,ALTERNATE,Busy tone on first attempt. Will try again in 15 minutes.,,,,,,,,,,35a0e65d-25ef-490b-bb15-2971a89af8d4,2026-08-27 11:28:13.251577+00,2026-08-27 11:28:13.251577+00,
e4d6454c-e1ce-4624-a58e-b7b38efa7d16,4a182f53-a1a1-4f15-945a-6a56f4e04b64,a0809318-6545-4914-bb03-9ee9edd75583,2026-06-23 09:51:00+00,172,ANSWERED,PRIMARY,Spoke to the borrower. He's at a wedding in his native village — back by Sunday. Asked me to visit on Monday morning.,f,,,,2026-09-05,,,,Do not visit until 05 Sep 2026 — customer unavailable.,364e5cbb-9d67-4eec-9381-cd18ae226ab3,2026-08-27 11:28:13.251704+00,2026-08-27 11:28:13.251705+00,
9fb225f3-97d7-45d6-963d-6743a14603e0,1d5e58e8-954e-4d6c-b13c-6e6d614cb588,c77e10a4-659a-45bc-b298-17404f303324,2026-08-21 15:19:00+00,,WRONG_NUMBER,ALTERNATE,Tried calling three times — no response. Will try visiting directly based on the timing intel from the last visit.,,,,,,,,,,36d9bb73-c4dd-410a-940f-28c02c861bc4,2026-08-27 11:28:13.251335+00,2026-08-27 11:28:13.251336+00,
7f652b3c-97b3-489b-b19a-284d671c061d,a2e2555c-f597-43af-a77a-fe708f967218,0b2c8dd8-f345-4d01-94f7-6c59689252ce,2026-03-14 11:43:00+00,122,ANSWERED,ALTERNATE,Borrower answered. Said the outstanding amount is wrong and he will not pay until the bank corrects the statement. Call ended.,f,,,,,,,,,36ed96b4-af5c-4502-820c-f1f256f14dce,2026-08-27 11:28:13.62438+00,2026-08-27 11:28:13.624381+00,
d7dd11c7-feb1-459c-943e-df39efba0638,c37b6a5c-9d1c-46d4-8ece-dfce290dc74b,a7798f52-ebce-4071-a993-faac044a3e5e,2026-07-25 17:43:00+00,,WRONG_NUMBER,ALTERNATE,No answer since morning. Will try calling in the evening — customer may be at work.,,,,,,,,,,36fd15fa-c43b-45f9-80f7-dfb6ac216eb6,2026-08-27 11:28:13.25148+00,2026-08-27 11:28:13.251481+00,
013de1b3-56c6-4d49-98c9-775d63252fe3,3aa13103-bd03-4578-9292-44d88d58da00,2a15516f-d306-43e7-9555-1ce7dc5b5296,2026-04-17 14:58:00+00,,NO_ANSWER,PRIMARY,No answer since morning. Will try calling in the evening — customer may be at work.,,,,,,,,,,37347090-22c4-4886-99f8-eabf9f453291,2026-08-27 11:28:13.624138+00,2026-08-27 11:28:13.624139+00,
1cb3d96c-5888-432c-870e-714507269363,b06cd5a3-f1c0-4cdb-b241-9ce2d6c5e791,13f4cf5d-84f8-4fe3-a737-9f00fba0ade3,2026-03-11 16:07:00+00,,SWITCHED_OFF,PRIMARY,Phone is switched off. Will try again after 2 hours.,,,,,,,,,,37667302-41e9-499a-8654-6d8ae2cdf98c,2026-08-27 11:28:13.624363+00,2026-08-27 11:28:13.624364+00,
8fad95dc-2d26-4086-ac8f-c42f5ee62269,c2f2e0ce-5aeb-4ece-8325-2167edfe139e,f1197b5f-49fe-4d13-914a-6a9b5bfbea8a,2026-05-17 14:51:00+00,,SWITCHED_OFF,PRIMARY,Switched off. Going by the timing intel from last visit — planning morning visit before 9 AM.,,,,,,,,,,3787a3df-4e29-4465-897f-0ddd6c4ee957,2026-08-27 11:28:13.623975+00,2026-08-27 11:28:13.623975+00,
f1a6b125-9436-490c-b7e7-8e795219910e,3e9c4168-1de9-43e8-b9f2-fbf3f931949d,87abcf17-b22b-4340-8d92-97904ecfca9e,2026-03-31 14:05:00+00,,SWITCHED_OFF,ALTERNATE,Both primary and alternate numbers are switched off since morning. Planning a direct visit.,,,,,,,,,,37b66e99-2deb-4cb6-aad7-2d261736d434,2026-08-27 11:28:13.624268+00,2026-08-27 11:28:13.624269+00,
9ba59652-8be5-473d-a168-5293e492bddc,4a182f53-a1a1-4f15-945a-6a56f4e04b64,d0306031-1151-4993-bed9-6906033425ef,2026-08-02 16:20:00+00,,NO_ANSWER,ALTERNATE,Phone rang but no one picked up. Will try the alternate number listed in records.,,,,,,,,,,37ff8068-9aeb-4eee-8ea8-a011e88de395,2026-08-27 11:28:13.251294+00,2026-08-27 11:28:13.251295+00,
908078f5-9d44-4242-9e59-2a8d76ec932d,3aa13103-bd03-4578-9292-44d88d58da00,3f502a66-2711-4816-bb42-4438264c28ca,2026-07-23 12:46:00+00,18,BUSY,PRIMARY,Line was busy. Customer probably on another call. Trying again.,,,,,,,,,,38004cdc-09ea-4fbc-af1f-44eebd4760d0,2026-08-27 11:28:13.251453+00,2026-08-27 11:28:13.251454+00,
6d08c32d-ae6d-4acb-aca1-b48e3be8c64d,3e9c4168-1de9-43e8-b9f2-fbf3f931949d,7c31ed7e-04d9-47ed-844e-ee7baab15f68,2026-07-10 10:45:00+00,172,ANSWERED,PRIMARY,"Customer said insurance claim is pending settlement. When it comes, it will cover the full loan amount. Monitoring.",t,after salary credit on 9th,,,,,t,2026-09-15,"Customer reachable after salary credit on 9th. Customer said insurance claim is pending settlement. When it comes, it will cove...",384f675c-551c-419c-ba3b-96c2b8d07ef0,2026-08-27 11:28:13.251552+00,2026-08-27 11:28:13.251553+00,
e77a9c4a-5d98-40f8-8572-65675453547a,2dfc73e0-dba9-4aa5-babf-d5141ded5497,19b65599-9a6e-4186-9398-f1f877e31ad6,2026-03-18 18:55:00+00,,NO_ANSWER,PRIMARY,Primary number not answering. Alternate number also not reachable. Planned a direct visit.,,,,,,,,,,38cbf9c2-7649-4a44-b94f-311689720f3a,2026-08-27 11:28:13.624242+00,2026-08-27 11:28:13.624242+00,
1d52bd4e-f848-4df5-b573-a3785cd74a18,5fbae4d6-59d1-4e6c-8a80-fe57244a45bb,a28aa48d-a8a8-4e65-b147-a14037eef4bd,2026-04-13 17:40:00+00,131,ANSWERED,PRIMARY,Customer answered. Said he's home for lunch between 1 PM and 2:30 PM daily. That's a good window to visit.,t,before 10 AM,,,,,,,Customer reachable before 10 AM. Customer answered. Said he's home for lunch between 1 PM and 2:30 PM daily. That...,3909cac0-bf36-4e90-90cf-ea70b593a4c8,2026-08-27 11:28:13.624041+00,2026-08-27 11:28:13.624041+00,
e5b94ea4-b80f-477b-b3a6-829848a2e7ec,c6ca60b7-2143-412b-887e-c30ae9cda031,c77e10a4-659a-45bc-b298-17404f303324,2026-08-20 15:55:00+00,,DECLINED,PRIMARY,Call was declined immediately — customer likely recognised the number. Will try from a different number.,,,,,,,,,,39684f86-be88-4acd-809a-8aa0c85a3e35,2026-08-27 11:28:13.251349+00,2026-08-27 11:28:13.25135+00,
bf90e2f4-1b51-405a-a902-5921456472ea,b06cd5a3-f1c0-4cdb-b241-9ce2d6c5e791,394b6e07-ddd3-4bef-8ddb-1fb4de03ac48,2026-07-06 12:04:00+00,204,ANSWERED,ALTERNATE,Pre-visit call done. Customer confirmed the PTP amount is ready in his account. Visit confirmed for tomorrow morning.,t,,,,,,t,2026-08-31,Payment intent confirmed. Verbal commitment: 31 Aug 2026. Pre-visit call done. Customer confirmed the PTP amount is re...,3969b9bd-b81d-4952-a985-6d7da6b84292,2026-08-27 11:28:13.251676+00,2026-08-27 11:28:13.251676+00,
c57fa3a0-9f9a-4034-850b-708d4091f181,b06cd5a3-f1c0-4cdb-b241-9ce2d6c5e791,6c83b4ab-db73-4b6d-93ba-0f3eece78751,2026-04-24 10:58:00+00,93,ANSWERED,PRIMARY,Hostile call. Customer said the matter is with the banking ombudsman and threatened complaint if we call again.,f,,,,,,,,,399ce655-226b-4d00-932a-79f8ee14fd85,2026-08-27 11:28:13.624227+00,2026-08-27 11:28:13.624228+00,
09d603f5-7b4e-47b1-a402-47ae03487952,c33350cc-f581-492e-807f-14262d56ebcb,957a0680-34c4-4244-976e-df6e7935a3ad,2026-06-17 11:50:00+00,,DECLINED,PRIMARY,Call rejected within 2 rings each time. Possible number block. Visiting directly.,,,,,,,,,,399d0d29-7514-45c8-8a3a-d71f98cd61f8,2026-08-27 11:28:13.251794+00,2026-08-27 11:28:13.251794+00,
fb3407fa-7c1e-4725-8e63-f7fdf4e73b1f,c37b6a5c-9d1c-46d4-8ece-dfce290dc74b,84a8d0eb-0dd9-4552-8f3b-4c6adc7cff8d,2026-03-17 12:51:00+00,57,ANSWERED,ALTERNATE,"Customer picked up briefly, said don't disturb during office hours and disconnected. Will try in the evening.",f,,,,,,,,,39c93bd5-d800-4ccb-9af9-6c20843fd905,2026-08-27 11:28:13.624233+00,2026-08-27 11:28:13.624234+00,
dd81e163-b4c4-49eb-a895-e825f0116bef,1d5e58e8-954e-4d6c-b13c-6e6d614cb588,489a3403-a471-407c-9f57-f36a8e43f3e7,2026-04-16 15:27:00+00,179,ANSWERED,PRIMARY,Spoke to the borrower. He runs a small business — income is strongest after the 20th when his clients pay. PTP for 22nd confirmed.,t,on pension day,,,,,t,2026-09-04,Customer reachable on pension day. Spoke to the borrower. He runs a small business — income is strongest after the ...,39eab0ab-9aaf-4b33-aa96-e1a1560d5c2d,2026-08-27 11:28:13.624174+00,2026-08-27 11:28:13.624175+00,
f7c5dfb4-1476-4194-bd8f-e8d5fbcdae12,2dfc73e0-dba9-4aa5-babf-d5141ded5497,9e22540f-abc7-46a6-a05c-b5c3a65d69ba,2026-06-07 13:59:00+00,238,ANSWERED,PRIMARY,Spoke to the borrower. He runs a small business — income is strongest after the 20th when his clients pay. PTP for 22nd confirmed.,t,after 20th of month,,,,,t,2026-09-10,Customer reachable after 20th of month. Spoke to the borrower. He runs a small business — income is strongest after the ...,39f4e512-6022-4621-a354-923e95771aa6,2026-08-27 11:28:13.251751+00,2026-08-27 11:28:13.251751+00,
40924c9a-cb1c-4994-b4f6-91d8d73b8976,b06cd5a3-f1c0-4cdb-b241-9ce2d6c5e791,ca151c89-12c3-41a3-afc4-d14cd4ac3857,2026-07-12 13:00:00+00,,DECLINED,ALTERNATE,Call was declined immediately — customer likely recognised the number. Will try from a different number.,,,,,,,,,,3a34a21b-6473-4417-a55e-28a1dbbe75f3,2026-08-27 11:28:13.251691+00,2026-08-27 11:28:13.251692+00,
2177bcc9-fb49-4931-ac5d-617b3df17159,c6ca60b7-2143-412b-887e-c30ae9cda031,47e30ef7-8957-428d-be7b-a7b0524f8143,2026-07-09 09:35:00+00,,DECLINED,ALTERNATE,Declined 3 times in a row. Customer is actively avoiding contact. Planning direct field visit.,,,,,,,,,,3a65a9d8-12bb-4a75-b72b-c35acb40f128,2026-08-27 11:28:13.25162+00,2026-08-27 11:28:13.25162+00,
5a268e43-3d7e-4292-ac2e-fa3f83005655,a2e2555c-f597-43af-a77a-fe708f967218,ae38bc80-0ae4-48dd-ba3d-35710c261b87,2026-04-11 13:49:00+00,236,ANSWERED,PRIMARY,Customer picked up and immediately said to stop calling or he will file a harassment complaint. He cut the call. No visit recommended right now.,f,,,,,,,,,3a6ef661-536c-4007-9ce7-b5004ab2cdf6,2026-08-27 11:28:13.624166+00,2026-08-27 11:28:13.624167+00,
09d34050-ca46-495a-a92f-cbc3ef76e5a7,c33350cc-f581-492e-807f-14262d56ebcb,9b58df38-bebe-4789-ba48-85f2e6c54c73,2026-05-07 13:17:00+00,,WRONG_NUMBER,PRIMARY,Phone rang but no one picked up. Will try the alternate number listed in records.,,,,,,,,,,3a79051b-ad75-47ae-8874-3137dadcf0a9,2026-08-27 11:28:13.623988+00,2026-08-27 11:28:13.623988+00,
4a93d0b4-35ac-46e8-8ea3-6ba9b0afbc39,3e9c4168-1de9-43e8-b9f2-fbf3f931949d,783b963e-c174-4a0b-b9bf-b5b43a6000bd,2026-08-08 09:18:00+00,,WRONG_NUMBER,PRIMARY,Primary number not answering. Alternate number also not reachable. Planned a direct visit.,,,,,,,,,,3a81378f-8431-47f8-8877-400385201edf,2026-08-27 11:28:13.251248+00,2026-08-27 11:28:13.251249+00,
d6897c7a-dfb6-4503-8228-b5861a8a379d,a13886ca-739b-47b4-a473-724e03f7332a,0206ed96-6702-4d9b-8861-5ca0019ddc4f,2026-03-23 17:04:00+00,,SWITCHED_OFF,PRIMARY,Switched off — second consecutive day. Will visit directly tomorrow morning.,,,,,,,,,,3a9ccc2d-345e-4c2f-bc39-843d73b8d293,2026-08-27 11:28:13.624384+00,2026-08-27 11:28:13.624384+00,
6dbed6cf-7e9f-43d5-82ca-e33f147d4c2d,357e2e09-b637-468e-818b-57a5dce18e9c,bbf0db48-6ed9-49a7-bbb4-66fb14b93511,2026-05-13 13:07:00+00,88,ANSWERED,PRIMARY,Pre-visit call done. Customer confirmed the PTP amount is ready in his account. Visit confirmed for tomorrow morning.,t,,,,,,t,2026-08-29,Payment intent confirmed. Verbal commitment: 29 Aug 2026. Pre-visit call done. Customer confirmed the PTP amount is re...,3acc5084-7d4a-45e1-a70e-8cd008b3a955,2026-08-27 11:28:13.252089+00,2026-08-27 11:28:13.25209+00,
a76b37d9-6fce-465e-9853-677cb0915d5e,a13886ca-739b-47b4-a473-724e03f7332a,ec42d535-b44a-45b9-bbad-86901389c1c4,2026-05-20 13:36:00+00,,SWITCHED_OFF,PRIMARY,Phone is switched off. Will try again after 2 hours.,,,,,,,,,,3b188c00-9ed5-44cd-9892-624f821d2758,2026-08-27 11:28:13.623853+00,2026-08-27 11:28:13.623853+00,
883e2e22-4db1-4508-a5b6-c9cc7da127dd,1d5e58e8-954e-4d6c-b13c-6e6d614cb588,ac097225-fba9-4e4d-9c4e-a8d4d8fba315,2026-04-25 14:46:00+00,5,BUSY,ALTERNATE,Continuously busy for past 20 minutes. Will visit directly.,,,,,,,,,,3b73f2e2-8b26-4c49-98e2-ab1f64589621,2026-08-27 11:28:13.624079+00,2026-08-27 11:28:13.62408+00,
ce5b2708-b882-4707-9eb4-09c2bb1cc04d,5fbae4d6-59d1-4e6c-8a80-fe57244a45bb,776957ca-92f9-4f07-a094-49eed3a767a8,2026-08-22 12:53:00+00,54,ANSWERED,PRIMARY,Pre-visit call confirmed. Customer said payment is ready. Also said come before noon as he has an afternoon appointment.,t,,,,,,t,2026-08-30,Payment intent confirmed. Verbal commitment: 30 Aug 2026. Pre-visit call confirmed. Customer said payment is ready. Al...,3b8d6255-f023-499a-ba4a-0df8c3407938,2026-08-27 11:28:13.251384+00,2026-08-27 11:28:13.251385+00,
1c61f6d9-908e-440e-88be-7e3c2d4a6af7,3e9c4168-1de9-43e8-b9f2-fbf3f931949d,8360ebc4-51cb-4b24-b405-9dc2a30de93a,2026-03-29 17:21:00+00,190,ANSWERED,ALTERNATE,Pre-visit call done. Customer confirmed the PTP amount is ready in his account. Visit confirmed for tomorrow morning.,t,,,,,,t,2026-08-30,Payment intent confirmed. Verbal commitment: 30 Aug 2026. Pre-visit call done. Customer confirmed the PTP amount is re...,3bd1a1af-5e57-4b06-a116-870e4d271846,2026-08-27 11:28:13.624257+00,2026-08-27 11:28:13.624258+00,
6acd4cae-7cf1-4909-83a3-9e95b85daa9b,b06cd5a3-f1c0-4cdb-b241-9ce2d6c5e791,03835aab-6c3f-498b-87bb-b14e81a4c4a7,2026-05-01 10:53:00+00,208,ANSWERED,PRIMARY,Hostile call. Customer said the matter is with the banking ombudsman and threatened complaint if we call again.,f,,,,,,,,,3cc01cb4-3dcd-43cf-b49d-c96d5af2bc90,2026-08-27 11:28:13.624143+00,2026-08-27 11:28:13.624144+00,
af304ff6-67dd-4f78-a7ba-369864757197,e9dced65-f61b-4c24-bae7-d4170299ed46,16791195-a842-4ef7-b058-6ccd52230bb0,2026-03-27 09:45:00+00,164,ANSWERED,PRIMARY,Borrower picked up. Child's board exams are ongoing — he specifically requested no visit for the next 2 weeks till exams are over.,f,,,,2026-09-11,,,,Do not visit until 11 Sep 2026 — customer unavailable.,3d275d08-fe3d-4c9e-8781-7734bea96c04,2026-08-27 11:28:13.62439+00,2026-08-27 11:28:13.624391+00,
209ada90-3341-4870-a460-21158956474b,2dfc73e0-dba9-4aa5-babf-d5141ded5497,f5795911-e27a-41da-a809-be2325d85e66,2026-03-15 13:19:00+00,,DECLINED,ALTERNATE,Call was declined immediately — customer likely recognised the number. Will try from a different number.,,,,,,,,,,3d69ceec-7085-493b-8f54-df1ce6fe96bb,2026-08-27 11:28:13.62426+00,2026-08-27 11:28:13.62426+00,
30cd97a1-177c-4b16-88f6-85e8b13f14c3,e9dced65-f61b-4c24-bae7-d4170299ed46,d167af59-b49f-497b-8003-2df4ed6c687e,2026-06-08 18:32:00+00,,SWITCHED_OFF,PRIMARY,Both primary and alternate numbers are switched off since morning. Planning a direct visit.,,,,,,,,,,3d758eaf-ef30-4478-a063-1c2cee17a66a,2026-08-27 11:28:13.251779+00,2026-08-27 11:28:13.25178+00,
2bf297de-d5b2-4964-94bc-e67b9dcdef2b,4a182f53-a1a1-4f15-945a-6a56f4e04b64,ac097225-fba9-4e4d-9c4e-a8d4d8fba315,2026-07-17 17:45:00+00,,SWITCHED_OFF,ALTERNATE,Phone is switched off. Will try again after 2 hours.,,,,,,,,,,3d92980e-aca8-41ee-a5e5-7ad7dd63c888,2026-08-27 11:28:13.251587+00,2026-08-27 11:28:13.251588+00,
a8651e2d-af97-4fed-860f-9b4d12d1c472,8e59153e-dc8e-4efa-af65-1db304a6f3f1,4ceb89c9-53a9-48e3-a93e-876e7fa71bfc,2026-04-29 14:49:00+00,6,BUSY,ALTERNATE,Busy tone on first attempt. Will try again in 15 minutes.,,,,,,,,,,3da4f9f6-2052-43ad-9110-98d54970f3eb,2026-08-27 11:28:13.624224+00,2026-08-27 11:28:13.624224+00,
209ada90-3341-4870-a460-21158956474b,2dfc73e0-dba9-4aa5-babf-d5141ded5497,f5795911-e27a-41da-a809-be2325d85e66,2026-03-15 12:05:00+00,174,ANSWERED,PRIMARY,Customer picked up. Said come after 10 AM as he prays in the early morning. Available from 10 onwards on all days.,t,after 6 PM,,,,,,,Customer reachable after 6 PM. Customer picked up. Said come after 10 AM as he prays in the early morning. Avai...,3e49e0a7-422a-4754-8387-96388d598bdf,2026-08-27 11:28:13.624258+00,2026-08-27 11:28:13.624259+00,
b7553d53-8838-4c1a-bd63-db527c05e978,cd9e6eca-028e-4c61-8e82-048327bc4476,0c6dbe7b-6c5d-4d4e-9acf-ee39611a9414,2026-05-12 09:47:00+00,23,BUSY,PRIMARY,Busy tone on first attempt. Will try again in 15 minutes.,,,,,,,,,,3f0c51f1-becf-4d5b-a27d-5354752821df,2026-08-27 11:28:13.252101+00,2026-08-27 11:28:13.252102+00,
2423e23e-c503-48ed-bd5a-a3975b02d085,a2e2555c-f597-43af-a77a-fe708f967218,c5733aff-893e-4874-894d-65898bc2c1e1,2026-03-17 14:38:00+00,,DECLINED,PRIMARY,Call was declined immediately — customer likely recognised the number. Will try from a different number.,,,,,,,,,,3f1d8be3-7537-40f5-9959-d80c197d2d0e,2026-08-27 11:28:13.624338+00,2026-08-27 11:28:13.624338+00,
a67c0b14-770b-43aa-954c-5852368e67fd,e9dced65-f61b-4c24-bae7-d4170299ed46,20afa76a-c2d7-44a2-a263-75b112de3ee9,2026-04-26 10:31:00+00,,SWITCHED_OFF,ALTERNATE,Both primary and alternate numbers are switched off since morning. Planning a direct visit.,,,,,,,,,,3f4f1081-d7ab-4758-9b4a-425958ef49fe,2026-08-27 11:28:13.624222+00,2026-08-27 11:28:13.624222+00,
65f53b7f-f072-4528-a02d-8f36380cb68d,c37b6a5c-9d1c-46d4-8ece-dfce290dc74b,0df43380-a050-44fd-8b41-28df032bed43,2026-04-17 15:31:00+00,64,ANSWERED,PRIMARY,Borrower answered. Said the outstanding amount is wrong and he will not pay until the bank corrects the statement. Call ended.,f,,,,,,,,,3f635834-0f1b-48ff-a419-e150e6d5e544,2026-08-27 11:28:13.624194+00,2026-08-27 11:28:13.624195+00,
ed669f1c-d700-4761-8824-fa4c4200f0d7,a2e2555c-f597-43af-a77a-fe708f967218,3fe20a9b-4db5-458d-b0cb-fb7873bc5e4b,2026-08-24 14:32:00+00,,DECLINED,ALTERNATE,Call rejected within 2 rings each time. Possible number block. Visiting directly.,,,,,,,,,,4023db40-d2fe-4b31-a4ef-5eec6ef1b0c8,2026-08-27 11:28:13.251444+00,2026-08-27 11:28:13.251445+00,
b4999caa-368f-427b-baf0-755482b4b399,2dfc73e0-dba9-4aa5-babf-d5141ded5497,47e30ef7-8957-428d-be7b-a7b0524f8143,2026-04-19 11:46:00+00,,SWITCHED_OFF,ALTERNATE,Switched off — second consecutive day. Will visit directly tomorrow morning.,,,,,,,,,,4025346b-7a45-4f6a-b111-1947af40048b,2026-08-27 11:28:13.624112+00,2026-08-27 11:28:13.624112+00,
24505bbd-5369-412c-8d9b-90c0c5b43bca,c37b6a5c-9d1c-46d4-8ece-dfce290dc74b,cb6aa2b7-e049-4fcb-ae64-0feacbf71c37,2026-08-18 13:41:00+00,8,BUSY,ALTERNATE,Continuously busy for past 20 minutes. Will visit directly.,,,,,,,,,,40829489-0676-4fb8-b42e-8ee168e3e7f5,2026-08-27 11:28:13.251296+00,2026-08-27 11:28:13.251296+00,
20ab749d-4aec-4b7f-99f9-61ad189fa4c4,c2f2e0ce-5aeb-4ece-8325-2167edfe139e,598573b9-8c04-44bf-bc0b-b3a1d7eb941c,2026-08-26 17:29:00+00,,DECLINED,PRIMARY,Declined 3 times in a row. Customer is actively avoiding contact. Planning direct field visit.,,,,,,,,,,408ddf17-ebc5-4772-8443-bdd5bd34f4b0,2026-08-27 11:28:13.25138+00,2026-08-27 11:28:13.251381+00,
251a0bc2-2b95-453d-b509-4e1e3b7aa8dc,a13886ca-739b-47b4-a473-724e03f7332a,c3f5d076-db19-4e5c-8254-c10f67aff6cc,2026-06-25 12:17:00+00,,DECLINED,ALTERNATE,Declined 3 times in a row. Customer is actively avoiding contact. Planning direct field visit.,,,,,,,,,,40a946aa-e50b-434a-b0ea-18d27d4e2c8f,2026-08-27 11:28:13.251832+00,2026-08-27 11:28:13.251833+00,
29dc3255-867e-47ac-9b60-7d27a7ae5c41,3e9c4168-1de9-43e8-b9f2-fbf3f931949d,ac097225-fba9-4e4d-9c4e-a8d4d8fba315,2026-03-10 18:43:00+00,,NO_ANSWER,ALTERNATE,Tried calling three times — no response. Will try visiting directly based on the timing intel from the last visit.,,,,,,,,,,40e36e85-c9a3-4379-822b-d3fdfe2faa00,2026-08-27 11:28:13.624404+00,2026-08-27 11:28:13.624405+00,
44186603-b821-49f6-8b22-503e07d52f3c,1d5e58e8-954e-4d6c-b13c-6e6d614cb588,d2f7ea20-5d16-4661-8621-9f6e999f10d1,2026-06-06 09:36:00+00,,WRONG_NUMBER,PRIMARY,Primary number not answering. Alternate number also not reachable. Planned a direct visit.,,,,,,,,,,4196e13a-ad7c-43c0-83c7-02c8c136bbb9,2026-08-27 11:28:13.251814+00,2026-08-27 11:28:13.251815+00,
4d557c56-759e-4bd6-88b0-d16b1d296c19,e9dced65-f61b-4c24-bae7-d4170299ed46,ea214349-0295-45d5-82fe-f2ff063ae649,2026-07-05 11:47:00+00,17,BUSY,PRIMARY,Busy tone on first attempt. Will try again in 15 minutes.,,,,,,,,,,41bed250-ef16-4dc6-a549-c4886c8532fb,2026-08-27 11:28:13.25167+00,2026-08-27 11:28:13.251671+00,
ab424df4-f91b-4d3a-bf7e-77671eab8c75,c2f2e0ce-5aeb-4ece-8325-2167edfe139e,cfd7f981-8a56-4067-919c-03b1c95f4b23,2026-07-25 16:12:00+00,11,BUSY,ALTERNATE,Continuously busy for past 20 minutes. Will visit directly.,,,,,,,,,,41f683b9-5781-4816-af0f-0df7ce2c0a9f,2026-08-27 11:28:13.25147+00,2026-08-27 11:28:13.251471+00,
d85f5244-952a-43b7-bb6c-089dac6410ef,c37b6a5c-9d1c-46d4-8ece-dfce290dc74b,bad3f7d3-7bf5-4374-a30c-4af959f6eb0a,2026-04-20 10:08:00+00,239,ANSWERED,PRIMARY,"Customer picked up briefly, said don't disturb during office hours and disconnected. Will try in the evening.",f,,,,,,,,,421f5b43-ae5a-4a83-a27d-df6a1769af1f,2026-08-27 11:28:13.624072+00,2026-08-27 11:28:13.624072+00,
0fe7cecc-f9f7-4f24-b0fe-e66b76150615,8e59153e-dc8e-4efa-af65-1db304a6f3f1,4fbb62fe-f822-4234-984e-7cb360c81779,2026-05-28 18:52:00+00,106,ANSWERED,PRIMARY,Customer answered aggressively — said he has a lawyer and to not call again. Call ended within 30 seconds.,f,,,,,,,,,42225ad5-acb5-48ab-8646-d2085bc0e24c,2026-08-27 11:28:13.252053+00,2026-08-27 11:28:13.252054+00,
bdeb6756-f0dd-4437-8ca2-0a6368f11396,2b6de8aa-0976-4be0-8a40-043ff86ffa54,08261f05-6d9a-4fd9-a6c1-b6d1549ba303,2026-03-27 11:39:00+00,187,ANSWERED,PRIMARY,Spoke to borrower. He said Sundays he's home all morning. Weekdays he's at the factory by 7 AM.,t,between 1-3 PM,,,,,,,Customer reachable between 1-3 PM. Spoke to borrower. He said Sundays he's home all morning. Weekdays he's at the f...,422a7625-d67c-49e3-b97e-b678f4c7d26d,2026-08-27 11:28:13.624236+00,2026-08-27 11:28:13.624237+00,
7e014fb7-638d-45e1-8452-3f87b896cd61,b06cd5a3-f1c0-4cdb-b241-9ce2d6c5e791,fd9040a4-411f-4166-91ca-41b5b158f218,2026-05-14 17:15:00+00,,DECLINED,ALTERNATE,Call was declined immediately — customer likely recognised the number. Will try from a different number.,,,,,,,,,,42a42a10-188f-439a-8eee-e5c26fbaecb1,2026-08-27 11:28:13.252068+00,2026-08-27 11:28:13.252068+00,
a48f0618-380b-4bb2-8717-c4b5cc6a17f3,1d5e58e8-954e-4d6c-b13c-6e6d614cb588,c34b25c0-f1f6-4a99-8351-ecf4852a50d4,2026-07-05 15:48:00+00,30,ANSWERED,PRIMARY,Customer answered but was very distressed — his parent is critical in hospital. Not a good time. Requested I call back in 4 days.,f,,,,2026-09-10,,,,Do not visit until 10 Sep 2026 — customer unavailable.,42e7234c-545c-4d2d-a3d9-afe7ce17cbd4,2026-08-27 11:28:13.251564+00,2026-08-27 11:28:13.251564+00,
4d76689b-6d37-4f34-bdcf-0365937ea1de,b06cd5a3-f1c0-4cdb-b241-9ce2d6c5e791,a28aa48d-a8a8-4e65-b147-a14037eef4bd,2026-03-26 14:32:00+00,129,ANSWERED,PRIMARY,Customer picked up. Said he's out of city for 10 days for a family function. Requested no visit until he returns on the 15th. Blocking visits until then.,f,,,,2026-09-01,,,,Do not visit until 01 Sep 2026 — customer unavailable.,42e8185e-2540-4273-a78b-155be07e12c6,2026-08-27 11:28:13.624423+00,2026-08-27 11:28:13.624423+00,
ca0dc962-7643-46e0-bd8e-8058f7ec6031,357e2e09-b637-468e-818b-57a5dce18e9c,24b5cb1d-9037-4cd9-85f4-2c9cf2ee1daa,2026-03-19 09:12:00+00,148,ANSWERED,PRIMARY,Customer answered aggressively — said he has a lawyer and to not call again. Call ended within 30 seconds.,f,,,,,,,,,4374cffb-7c50-411a-a478-e6d99938d749,2026-08-27 11:28:13.624263+00,2026-08-27 11:28:13.624263+00,
faf49903-1264-4117-86f9-5eaf333333c1,357e2e09-b637-468e-818b-57a5dce18e9c,89297e6d-ff64-4cf1-a3a2-f15a91f41f32,2026-07-18 11:36:00+00,,WRONG_NUMBER,PRIMARY,Tried calling three times — no response. Will try visiting directly based on the timing intel from the last visit.,,,,,,,,,,43ed4330-8d72-4655-84dc-4801caf80481,2026-08-27 11:28:13.251702+00,2026-08-27 11:28:13.251702+00,
84fc47d7-5436-4a7c-8322-8e396301c34e,c33350cc-f581-492e-807f-14262d56ebcb,760964f0-f607-4d9a-a99d-6cc3482bcf2f,2026-03-16 13:20:00+00,41,ANSWERED,ALTERNATE,Spoke to borrower. His property is being sold — proceeds will clear the full outstanding. 30-60 day window expected.,t,after 20th of month,,,,,t,2026-08-28,Customer reachable after 20th of month. Spoke to borrower. His property is being sold — proceeds will clear the full out...,4434c08b-a0a6-4d0e-8133-24f35407e359,2026-08-27 11:28:13.624291+00,2026-08-27 11:28:13.624292+00,
b7807bf1-ac0c-40de-87d1-d5cc6ad31335,2b6de8aa-0976-4be0-8a40-043ff86ffa54,def6ec95-7bb5-4ef4-a2f7-971bf5945771,2026-03-25 11:17:00+00,,SWITCHED_OFF,PRIMARY,Switched off. Going by the timing intel from last visit — planning morning visit before 9 AM.,,,,,,,,,,44e183b2-7a89-46d7-a3fa-2eda7fb046fe,2026-08-27 11:28:13.624365+00,2026-08-27 11:28:13.624366+00,
26cefbee-92c4-4c5b-967b-bf2ad3ede143,5fbae4d6-59d1-4e6c-8a80-fe57244a45bb,678f9729-f6be-4980-8f4c-96c8a45dca61,2026-04-14 15:52:00+00,,DECLINED,PRIMARY,Call rejected within 2 rings each time. Possible number block. Visiting directly.,,,,,,,,,,44f97fd9-1575-46a1-82f9-41dfda6c0452,2026-08-27 11:28:13.6242+00,2026-08-27 11:28:13.6242+00,
883e2e22-4db1-4508-a5b6-c9cc7da127dd,1d5e58e8-954e-4d6c-b13c-6e6d614cb588,ac097225-fba9-4e4d-9c4e-a8d4d8fba315,2026-04-27 11:33:00+00,,DECLINED,ALTERNATE,Declined 3 times in a row. Customer is actively avoiding contact. Planning direct field visit.,,,,,,,,,,4523e3c3-1e4a-4c36-8bc9-0eb49c78b570,2026-08-27 11:28:13.62408+00,2026-08-27 11:28:13.624081+00,
530787a8-46ff-4d60-9928-0c31cd48f9c9,2dfc73e0-dba9-4aa5-babf-d5141ded5497,ccb9773a-386d-40ba-897a-6749f16e61e4,2026-06-13 13:16:00+00,,WRONG_NUMBER,PRIMARY,Primary number not answering. Alternate number also not reachable. Planned a direct visit.,,,,,,,,,,453e88c4-b8ca-4dda-b5d1-9953f0f27d57,2026-08-27 11:28:13.251763+00,2026-08-27 11:28:13.251764+00,
e7448c4e-3ccf-4f7a-a983-ecb733e8a376,3e9c4168-1de9-43e8-b9f2-fbf3f931949d,b0b63f01-f844-40f7-b276-5e6b6805959a,2026-06-22 16:18:00+00,175,ANSWERED,PRIMARY,Pre-visit call done. Customer confirmed the PTP amount is ready in his account. Visit confirmed for tomorrow morning.,t,,,,,,t,2026-08-31,Payment intent confirmed. Verbal commitment: 31 Aug 2026. Pre-visit call done. Customer confirmed the PTP amount is re...,4574952c-e60e-4675-90a5-4400f543b650,2026-08-27 11:28:13.251784+00,2026-08-27 11:28:13.251785+00,
ce5b2708-b882-4707-9eb4-09c2bb1cc04d,5fbae4d6-59d1-4e6c-8a80-fe57244a45bb,776957ca-92f9-4f07-a094-49eed3a767a8,2026-08-25 17:32:00+00,,DECLINED,PRIMARY,Declined 3 times in a row. Customer is actively avoiding contact. Planning direct field visit.,,,,,,,,,,463fadc9-9e53-4e6f-8d44-fa6099d0fbd0,2026-08-27 11:28:13.251386+00,2026-08-27 11:28:13.251386+00,
97056116-4237-4d64-ba8e-9741ffe33fab,3e9c4168-1de9-43e8-b9f2-fbf3f931949d,95d5e321-1ee6-4abb-a068-7d974a83ffe8,2026-03-10 09:37:00+00,174,ANSWERED,ALTERNATE,Called — customer's daughter picked up and said mother is home by 4 PM every day from her clinic job. Evening visits work.,t,11 AM to 1 PM,,,,,,,Customer reachable 11 AM to 1 PM. Called — customer's daughter picked up and said mother is home by 4 PM every day...,46556536-5f8d-45df-ade5-8ded0e08a4b0,2026-08-27 11:28:13.624377+00,2026-08-27 11:28:13.624378+00,
d7dd11c7-feb1-459c-943e-df39efba0638,c37b6a5c-9d1c-46d4-8ece-dfce290dc74b,a7798f52-ebce-4071-a993-faac044a3e5e,2026-07-25 17:27:00+00,66,ANSWERED,PRIMARY,Customer answered. His pension deposits on the 5th. Very willing to pay on the 6th. Cooperative customer.,t,after salary credit on 9th,,,,,t,2026-09-07,Customer reachable after salary credit on 9th. Customer answered. His pension deposits on the 5th. Very willing to pay on the 6...,46669849-f729-4101-b46b-4d2dcc677237,2026-08-27 11:28:13.251479+00,2026-08-27 11:28:13.251479+00,
f4c44574-de2f-4413-8af1-7a45d81cd148,e9dced65-f61b-4c24-bae7-d4170299ed46,e63912b9-aaf6-49cb-a648-f6d6f0052298,2026-08-12 13:00:00+00,,NO_ANSWER,ALTERNATE,Tried calling three times — no response. Will try visiting directly based on the timing intel from the last visit.,,,,,,,,,,467db358-cc8a-411d-9164-fa84d15bb064,2026-08-27 11:28:13.251435+00,2026-08-27 11:28:13.251436+00,
1099fce0-96c6-40f8-942d-d9b5b998c8e3,4a182f53-a1a1-4f15-945a-6a56f4e04b64,4c7c9de4-0a7f-48e2-83b3-fdcebb1cc5a9,2026-04-14 16:21:00+00,103,ANSWERED,ALTERNATE,"Customer said insurance claim is pending settlement. When it comes, it will cover the full loan amount. Monitoring.",t,,,,,,t,2026-08-28,Payment intent confirmed. Verbal commitment: 28 Aug 2026. Customer said insurance claim is pending settlement. When it...,470c6196-17af-4dc6-a3c0-97309c4a25a0,2026-08-27 11:28:13.624154+00,2026-08-27 11:28:13.624154+00,
262556e4-d500-4f02-9f88-b94feb0ecdca,a2e2555c-f597-43af-a77a-fe708f967218,c6a2698c-287b-474b-9980-af763d7d98c2,2026-08-27 18:24:00+00,210,ANSWERED,PRIMARY,Called — customer said he's in the process of moving house this week. New address will be shared in 3-4 days once settled.,f,,,,2026-08-30,,,,Do not visit until 30 Aug 2026 — customer unavailable.,4727e96e-46ce-4899-a2a7-f95b758a474a,2026-08-27 11:28:13.251426+00,2026-08-27 11:28:13.251426+00,
197f73a0-ba74-47eb-952a-b22aa1993bdc,cd9e6eca-028e-4c61-8e82-048327bc4476,d320a4b2-28ea-4bb4-9663-3a43cb57853e,2026-06-08 12:02:00+00,,SWITCHED_OFF,PRIMARY,Phone is switched off. Will try again after 2 hours.,,,,,,,,,,47374ce6-88f9-402e-8cbc-98576b7635bb,2026-08-27 11:28:13.251999+00,2026-08-27 11:28:13.252+00,
530787a8-46ff-4d60-9928-0c31cd48f9c9,2dfc73e0-dba9-4aa5-babf-d5141ded5497,ccb9773a-386d-40ba-897a-6749f16e61e4,2026-06-13 15:25:00+00,31,ANSWERED,ALTERNATE,Pre-visit reminder — customer said everything is ready. Asked me to be discreet when visiting as neighbours are watching.,t,,,,,,t,2026-08-27,Payment intent confirmed. Verbal commitment: 27 Aug 2026. Pre-visit reminder — customer said everything is ready. Aske...,477a8e32-f051-45ae-b4b7-d07a442124e8,2026-08-27 11:28:13.251762+00,2026-08-27 11:28:13.251763+00,
83339467-f1d1-4f90-abd9-c87c9ef445ab,8e59153e-dc8e-4efa-af65-1db304a6f3f1,2941db57-a823-4c8c-81df-42d797c63d2c,2026-07-21 11:34:00+00,,DECLINED,PRIMARY,Call rejected within 2 rings each time. Possible number block. Visiting directly.,,,,,,,,,,478c9aae-1115-4bb3-8649-c729ea8e5b8b,2026-08-27 11:28:13.251604+00,2026-08-27 11:28:13.251604+00,
1b025605-e86a-4edd-b675-5450ee339135,3aa13103-bd03-4578-9292-44d88d58da00,8f6104f5-f791-478a-b793-413e8421d0e1,2026-08-14 11:44:00+00,,WRONG_NUMBER,ALTERNATE,Phone rang but no one picked up. Will try the alternate number listed in records.,,,,,,,,,,47cb6f97-e260-4fca-8da6-6e85487cb35a,2026-08-27 11:28:13.251275+00,2026-08-27 11:28:13.251275+00,
7c212083-a481-4c99-86bb-f68143a9266b,a13886ca-739b-47b4-a473-724e03f7332a,ccb9773a-386d-40ba-897a-6749f16e61e4,2026-08-05 12:07:00+00,,WRONG_NUMBER,PRIMARY,Three unanswered attempts today. Visiting directly — based on previous note that customer is home before 10 AM.,,,,,,,,,,47e40b7f-28e2-406d-9348-bfb1763e9e54,2026-08-27 11:28:13.251339+00,2026-08-27 11:28:13.25134+00,
4f6ee7d6-ce14-4e3d-9d39-439cfb5dbe71,e9dced65-f61b-4c24-bae7-d4170299ed46,ba61e26c-957f-47e5-84c7-210db74a1652,2026-05-15 14:15:00+00,,SWITCHED_OFF,PRIMARY,Switched off — second consecutive day. Will visit directly tomorrow morning.,,,,,,,,,,48176b4d-6a33-4ddf-a9c9-5ee35f9612af,2026-08-27 11:28:13.252048+00,2026-08-27 11:28:13.252049+00,
e2267c0c-144d-415f-99ae-410faf7f070c,4a182f53-a1a1-4f15-945a-6a56f4e04b64,599721d4-2cd5-40cb-834a-f14ef792aa42,2026-04-12 13:13:00+00,205,ANSWERED,PRIMARY,Customer answered. Said he works from home on Wednesdays and Fridays — those are the best days for a visit.,t,between 1-3 PM,,,,,,,Customer reachable between 1-3 PM. Customer answered. Said he works from home on Wednesdays and Fridays — those are...,481f405c-3117-4ee1-a430-70cb36b7557b,2026-08-27 11:28:13.624147+00,2026-08-27 11:28:13.624147+00,
4d557c56-759e-4bd6-88b0-d16b1d296c19,e9dced65-f61b-4c24-bae7-d4170299ed46,ea214349-0295-45d5-82fe-f2ff063ae649,2026-07-07 11:56:00+00,,NO_ANSWER,PRIMARY,Three unanswered attempts today. Visiting directly — based on previous note that customer is home before 10 AM.,,,,,,,,,,48228a1f-f03c-4b0c-aa27-aa6a2730d9b8,2026-08-27 11:28:13.251673+00,2026-08-27 11:28:13.251674+00,
338db969-9e42-4537-aac6-b7c5f0582bab,a13886ca-739b-47b4-a473-724e03f7332a,8686c2cc-b01d-4e9f-966c-a2c2ab5bcb98,2026-08-22 15:25:00+00,228,ANSWERED,PRIMARY,"Customer picked up briefly, said don't disturb during office hours and disconnected. Will try in the evening.",f,,,,,,,,,484698b0-eb65-447c-a566-b2e5374af172,2026-08-27 11:28:13.251226+00,2026-08-27 11:28:13.251227+00,
0dcbdcf7-94d5-4e0e-9783-aa99e78e017d,2dfc73e0-dba9-4aa5-babf-d5141ded5497,8c9bfa80-0c7c-4698-9160-9f791a23cada,2026-04-28 15:00:00+00,,NO_ANSWER,PRIMARY,Phone rang but no one picked up. Will try the alternate number listed in records.,,,,,,,,,,487da9c7-0c2e-42ca-bb0b-dd25a3e68955,2026-08-27 11:28:13.624199+00,2026-08-27 11:28:13.624199+00,
78c7b9f9-94af-4b38-a167-309f34228897,2b6de8aa-0976-4be0-8a40-043ff86ffa54,9066d603-1a07-4392-8406-478468efec70,2026-05-17 14:39:00+00,90,ANSWERED,ALTERNATE,Hostile call. Customer said the matter is with the banking ombudsman and threatened complaint if we call again.,f,,,,,,,,,48abe76e-e0f8-4032-90f0-a96f4872199b,2026-08-27 11:28:13.623979+00,2026-08-27 11:28:13.62398+00,
83964713-95e2-488d-8034-b75744c78c1e,2dfc73e0-dba9-4aa5-babf-d5141ded5497,b0b75c27-9481-449b-8497-bf3716cf0ea8,2026-04-14 09:41:00+00,205,ANSWERED,PRIMARY,Spoke to the borrower. He runs a small business — income is strongest after the 20th when his clients pay. PTP for 22nd confirmed.,t,after 20th of month,,,,,t,2026-09-03,Customer reachable after 20th of month. Spoke to the borrower. He runs a small business — income is strongest after the ...,48bac40c-3a1b-47a6-9991-98e46d26b775,2026-08-27 11:28:13.624153+00,2026-08-27 11:28:13.624153+00,
729d8eef-3e5c-40f6-bead-c87ea9fa3577,4a182f53-a1a1-4f15-945a-6a56f4e04b64,689703aa-4ec3-4c30-9f88-8a31db74f125,2026-07-06 16:10:00+00,,NO_ANSWER,ALTERNATE,No answer since morning. Will try calling in the evening — customer may be at work.,,,,,,,,,,49285bd8-46f8-4890-b3c7-8cd38f917475,2026-08-27 11:28:13.251533+00,2026-08-27 11:28:13.251534+00,
b90a0302-1673-42d6-a484-0b5bc486f01f,c2f2e0ce-5aeb-4ece-8325-2167edfe139e,eaa3c7cc-4dca-459d-b00d-ab2c7f69bd9a,2026-03-26 18:51:00+00,15,BUSY,ALTERNATE,Busy tone on first attempt. Will try again in 15 minutes.,,,,,,,,,,4974be0f-7889-4f90-83c5-03f52bedbdd9,2026-08-27 11:28:13.624264+00,2026-08-27 11:28:13.624264+00,
a162b704-6a33-4df6-937d-52033ff4a5cb,3aa13103-bd03-4578-9292-44d88d58da00,51417b54-60aa-4d4a-b522-dab8378f3432,2026-07-29 14:54:00+00,164,ANSWERED,ALTERNATE,Customer picked up and immediately said to stop calling or he will file a harassment complaint. He cut the call. No visit recommended right now.,f,,,,,,,,,499896c4-9e63-444a-bb40-69712b6344d5,2026-08-27 11:28:13.251568+00,2026-08-27 11:28:13.251568+00,
8aa0d4d5-8fc4-4e03-adac-0832c46a801d,e9dced65-f61b-4c24-bae7-d4170299ed46,2a15516f-d306-43e7-9555-1ce7dc5b5296,2026-08-19 14:28:00+00,,WRONG_NUMBER,ALTERNATE,Phone rang but no one picked up. Will try the alternate number listed in records.,,,,,,,,,,49a89249-ba95-4ef2-a395-4033bde4fd45,2026-08-27 11:28:13.251299+00,2026-08-27 11:28:13.2513+00,
dde20218-facc-44f5-8973-16002c276647,8e59153e-dc8e-4efa-af65-1db304a6f3f1,6ebc511e-6b0c-4ef6-a7f6-dcfb54a056f8,2026-06-14 11:26:00+00,111,ANSWERED,PRIMARY,Hostile call. Customer said the matter is with the banking ombudsman and threatened complaint if we call again.,f,,,,,,,,,49ca3c51-5204-4dfa-a23a-142fe0d4ce59,2026-08-27 11:28:13.251863+00,2026-08-27 11:28:13.251863+00,
bbe96eb6-3396-4262-b8eb-dc2fee7ddd9f,a13886ca-739b-47b4-a473-724e03f7332a,24ec8685-728f-4fd9-ad1f-3d85956050d2,2026-03-19 14:39:00+00,,NO_ANSWER,PRIMARY,Three unanswered attempts today. Visiting directly — based on previous note that customer is home before 10 AM.,,,,,,,,,,4a287b4a-836a-4ca7-a32c-99a8bf5fc8c2,2026-08-27 11:28:13.624337+00,2026-08-27 11:28:13.624337+00,
36650bd1-675d-4d69-9157-e61cd7802849,c33350cc-f581-492e-807f-14262d56ebcb,49990be3-78b7-4671-a955-7b3eaf1c075c,2026-05-22 15:55:00+00,,NO_ANSWER,ALTERNATE,Phone rang but no one picked up. Will try the alternate number listed in records.,,,,,,,,,,4a95c4e8-de76-4a4f-bcc3-b7dcc355b895,2026-08-27 11:28:13.624024+00,2026-08-27 11:28:13.624024+00,
5a4a60b3-00df-4701-bccc-70ffba2d992c,2b6de8aa-0976-4be0-8a40-043ff86ffa54,0549a0ef-cfda-4123-acaa-366ba52ffd7e,2026-08-12 16:50:00+00,,SWITCHED_OFF,PRIMARY,Switched off — second consecutive day. Will visit directly tomorrow morning.,,,,,,,,,,4aa10d93-9c49-40d5-894e-66b0ca9c1724,2026-08-27 11:28:13.251416+00,2026-08-27 11:28:13.251416+00,
ba361b08-fc6e-4055-b010-b4addbd74044,8e59153e-dc8e-4efa-af65-1db304a6f3f1,49990be3-78b7-4671-a955-7b3eaf1c075c,2026-08-15 18:03:00+00,60,ANSWERED,ALTERNATE,"Customer picked up briefly, said don't disturb during office hours and disconnected. Will try in the evening.",f,,,,,,,,,4aa1ec65-c134-456d-9671-3e86d4118230,2026-08-27 11:28:13.251322+00,2026-08-27 11:28:13.251323+00,
d07825db-d43c-479a-ba05-bcb371149f3d,c33350cc-f581-492e-807f-14262d56ebcb,daf84ae7-e591-4810-8608-909ecf5b0e20,2026-04-18 16:32:00+00,,SWITCHED_OFF,PRIMARY,Phone is switched off. Will try again after 2 hours.,,,,,,,,,,4ab8cce0-ef50-4e3e-9f60-69749cb0c850,2026-08-27 11:28:13.624056+00,2026-08-27 11:28:13.624057+00,
30cd97a1-177c-4b16-88f6-85e8b13f14c3,e9dced65-f61b-4c24-bae7-d4170299ed46,d167af59-b49f-497b-8003-2df4ed6c687e,2026-06-09 13:35:00+00,,WRONG_NUMBER,ALTERNATE,Tried calling three times — no response. Will try visiting directly based on the timing intel from the last visit.,,,,,,,,,,4ad3ec5f-7938-4b12-94b9-4380ccd8d031,2026-08-27 11:28:13.25178+00,2026-08-27 11:28:13.251781+00,
2e7b44a7-cff8-456f-85f2-f412c28a5e99,a13886ca-739b-47b4-a473-724e03f7332a,9fc92cd0-ece2-4a0d-9874-ee71c511c0fd,2026-05-14 14:23:00+00,,WRONG_NUMBER,PRIMARY,No answer since morning. Will try calling in the evening — customer may be at work.,,,,,,,,,,4ad55f63-2788-4ecf-bfc2-bc97da19b747,2026-08-27 11:28:13.623847+00,2026-08-27 11:28:13.623848+00,
edf83871-1519-4161-8c5a-cce3a34891a2,357e2e09-b637-468e-818b-57a5dce18e9c,812c4842-2f17-4e9b-865d-a14d74e36f1b,2026-07-03 15:41:00+00,137,ANSWERED,PRIMARY,Pre-visit call confirmed. Customer said payment is ready. Also said come before noon as he has an afternoon appointment.,t,,,,,,t,2026-08-31,Payment intent confirmed. Verbal commitment: 31 Aug 2026. Pre-visit call confirmed. Customer said payment is ready. Al...,4add799c-ab1d-4ced-8ef1-839a5f05abe0,2026-08-27 11:28:13.251597+00,2026-08-27 11:28:13.251598+00,
2177bcc9-fb49-4931-ac5d-617b3df17159,c6ca60b7-2143-412b-887e-c30ae9cda031,47e30ef7-8957-428d-be7b-a7b0524f8143,2026-07-12 16:29:00+00,214,ANSWERED,PRIMARY,Hostile call. Customer said the matter is with the banking ombudsman and threatened complaint if we call again.,f,,,,,,,,,4b24042c-2fb8-4abe-82f8-d6b19fe6310c,2026-08-27 11:28:13.251621+00,2026-08-27 11:28:13.251622+00,
8b2bf31d-564b-4588-ad15-dd8fd6167e23,cd9e6eca-028e-4c61-8e82-048327bc4476,11721135-0a03-4f14-a72b-f26994b00c33,2026-08-08 09:53:00+00,20,BUSY,PRIMARY,Line was busy. Customer probably on another call. Trying again.,,,,,,,,,,4b72c24a-321f-4030-ac53-2edccafb6210,2026-08-27 11:28:13.251449+00,2026-08-27 11:28:13.25145+00,
8ecb6405-44a3-4dab-a70b-cb4acb71e1df,cd9e6eca-028e-4c61-8e82-048327bc4476,19b65599-9a6e-4186-9398-f1f877e31ad6,2026-08-02 09:26:00+00,67,ANSWERED,PRIMARY,Customer answered aggressively — said he has a lawyer and to not call again. Call ended within 30 seconds.,f,,,,,,,,,4b841316-844c-4b14-9c1f-4e0a15b5b2f3,2026-08-27 11:28:13.251231+00,2026-08-27 11:28:13.251231+00,
74dd0cbb-1234-49ca-aa9f-3032483dc9c6,5fbae4d6-59d1-4e6c-8a80-fe57244a45bb,9b58df38-bebe-4789-ba48-85f2e6c54c73,2026-08-27 12:42:00+00,181,ANSWERED,PRIMARY,Customer answered aggressively — said he has a lawyer and to not call again. Call ended within 30 seconds.,f,,,,,,,,,4bf756ca-92bc-450b-b06a-9f71bb316e39,2026-08-27 11:28:13.251434+00,2026-08-27 11:28:13.251434+00,
1484c2d5-18ee-4af6-88c4-26cd52210993,357e2e09-b637-468e-818b-57a5dce18e9c,c5d11a2f-6027-4b69-825e-48ae5e7f20f1,2026-04-01 17:57:00+00,91,ANSWERED,PRIMARY,Customer answered. His pension deposits on the 5th. Very willing to pay on the 6th. Cooperative customer.,t,after salary credit on 9th,,,,,t,2026-09-04,Customer reachable after salary credit on 9th. Customer answered. His pension deposits on the 5th. Very willing to pay on the 6...,4c1af560-b30b-4023-9061-3e741932e517,2026-08-27 11:28:13.624292+00,2026-08-27 11:28:13.624293+00,
040d1b3e-b365-4dd1-943e-eaeb1e543898,cd9e6eca-028e-4c61-8e82-048327bc4476,b9e0ba2b-6819-4413-91b6-8b0e71366ad7,2026-04-21 10:59:00+00,111,ANSWERED,ALTERNATE,Customer picked up and confirmed home on the visit day. Requested I call before leaving so he can keep cash ready.,t,before 10 AM,,,,,,,Customer reachable before 10 AM. Customer picked up and confirmed home on the visit day. Requested I call before ...,4c29a56f-19a3-478e-b8e4-291ea1246611,2026-08-27 11:28:13.624062+00,2026-08-27 11:28:13.624062+00,
d65eede3-98ea-45c2-b7cb-ee89a83051b0,c33350cc-f581-492e-807f-14262d56ebcb,f5795911-e27a-41da-a809-be2325d85e66,2026-07-05 15:23:00+00,,SWITCHED_OFF,PRIMARY,Both primary and alternate numbers are switched off since morning. Planning a direct visit.,,,,,,,,,,4c3833ef-f015-4c6f-a10e-b87c41699cd0,2026-08-27 11:28:13.251648+00,2026-08-27 11:28:13.251649+00,
7c212083-a481-4c99-86bb-f68143a9266b,a13886ca-739b-47b4-a473-724e03f7332a,ccb9773a-386d-40ba-897a-6749f16e61e4,2026-08-07 10:32:00+00,,DECLINED,PRIMARY,Call rejected within 2 rings each time. Possible number block. Visiting directly.,,,,,,,,,,4c6e29da-7d0a-4c82-a1d5-ee5b66162d30,2026-08-27 11:28:13.25134+00,2026-08-27 11:28:13.251341+00,
1cae2c8d-360a-47f3-9e06-5e0bf5b09470,4a182f53-a1a1-4f15-945a-6a56f4e04b64,ba61e26c-957f-47e5-84c7-210db74a1652,2026-06-29 11:52:00+00,,NO_ANSWER,ALTERNATE,No answer since morning. Will try calling in the evening — customer may be at work.,,,,,,,,,,4c886e7c-5497-4c5d-980e-b3c435440a16,2026-08-27 11:28:13.251789+00,2026-08-27 11:28:13.25179+00,
a76b37d9-6fce-465e-9853-677cb0915d5e,a13886ca-739b-47b4-a473-724e03f7332a,ec42d535-b44a-45b9-bbad-86901389c1c4,2026-05-17 12:08:00+00,,SWITCHED_OFF,PRIMARY,Phone is switched off. Will try again after 2 hours.,,,,,,,,,,4c9dc716-cf4a-4899-9cf7-0a41def438e3,2026-08-27 11:28:13.623852+00,2026-08-27 11:28:13.623852+00,
192014b9-32bd-457b-86f8-74273390fcc9,b06cd5a3-f1c0-4cdb-b241-9ce2d6c5e791,7c31ed7e-04d9-47ed-844e-ee7baab15f68,2026-08-18 13:28:00+00,,WRONG_NUMBER,ALTERNATE,Three unanswered attempts today. Visiting directly — based on previous note that customer is home before 10 AM.,,,,,,,,,,4d60b6fa-8d7d-4436-bf0e-b7a3d66e60ac,2026-08-27 11:28:13.251281+00,2026-08-27 11:28:13.251281+00,
7e164cf7-adb1-4fc2-b798-e754091c0a2a,a13886ca-739b-47b4-a473-724e03f7332a,4bd7b5e4-b853-4646-9e8d-f0d0e3bffa6f,2026-05-16 10:50:00+00,,WRONG_NUMBER,PRIMARY,Phone rang but no one picked up. Will try the alternate number listed in records.,,,,,,,,,,4db94ba6-e314-46f6-b05f-b2f300cf9fe3,2026-08-27 11:28:13.623939+00,2026-08-27 11:28:13.62394+00,
9fb225f3-97d7-45d6-963d-6743a14603e0,1d5e58e8-954e-4d6c-b13c-6e6d614cb588,c77e10a4-659a-45bc-b298-17404f303324,2026-08-20 16:05:00+00,,NO_ANSWER,PRIMARY,No answer since morning. Will try calling in the evening — customer may be at work.,,,,,,,,,,4e30006e-54c1-46e3-be75-342648fd1008,2026-08-27 11:28:13.251337+00,2026-08-27 11:28:13.251337+00,
6ec7dd21-0b29-4e6e-b9ef-cf46d17c86ce,c6ca60b7-2143-412b-887e-c30ae9cda031,c77e10a4-659a-45bc-b298-17404f303324,2026-06-08 18:42:00+00,19,BUSY,PRIMARY,Continuously busy for past 20 minutes. Will visit directly.,,,,,,,,,,4e31c482-4a9d-4757-bdaa-f771972dc604,2026-08-27 11:28:13.251851+00,2026-08-27 11:28:13.251852+00,
1aab570c-e5fc-422f-bfb5-a6bfed82dcef,5fbae4d6-59d1-4e6c-8a80-fe57244a45bb,c678e71f-9674-4b8a-a1fa-d9655698801f,2026-08-16 16:11:00+00,31,ANSWERED,PRIMARY,Call answered. Customer is home only on weekends. Not reachable during weekdays in the day at all.,t,before 10 AM,,,,,,,Customer reachable before 10 AM. Call answered. Customer is home only on weekends. Not reachable during weekdays ...,4e5c7740-4db6-4639-ab00-9f0dfcac5387,2026-08-27 11:28:13.251355+00,2026-08-27 11:28:13.251356+00,
ea650beb-aab9-4b07-b51d-3cd345d4090b,a13886ca-739b-47b4-a473-724e03f7332a,ac097225-fba9-4e4d-9c4e-a8d4d8fba315,2026-05-24 16:17:00+00,,DECLINED,PRIMARY,Call was declined immediately — customer likely recognised the number. Will try from a different number.,,,,,,,,,,4ec525e5-8fce-4a4e-ae08-5931abb40cae,2026-08-27 11:28:13.623974+00,2026-08-27 11:28:13.623974+00,
09d34050-ca46-495a-a92f-cbc3ef76e5a7,c33350cc-f581-492e-807f-14262d56ebcb,9b58df38-bebe-4789-ba48-85f2e6c54c73,2026-05-06 17:28:00+00,120,ANSWERED,PRIMARY,Spoke to the borrower. He runs a small business — income is strongest after the 20th when his clients pay. PTP for 22nd confirmed.,t,on pension day,,,,,t,2026-09-05,Customer reachable on pension day. Spoke to the borrower. He runs a small business — income is strongest after the ...,4f10c4ff-85ca-42d7-a8f2-2db3604cb170,2026-08-27 11:28:13.623985+00,2026-08-27 11:28:13.623986+00,
982d3485-6d75-4d79-952f-fb316821e338,c33350cc-f581-492e-807f-14262d56ebcb,e12e9aa0-fda9-4023-ba21-6532eae1940e,2026-06-08 15:40:00+00,177,ANSWERED,PRIMARY,Pre-visit call done. Customer confirmed the PTP amount is ready in his account. Visit confirmed for tomorrow morning.,t,,,,,,t,2026-08-29,Payment intent confirmed. Verbal commitment: 29 Aug 2026. Pre-visit call done. Customer confirmed the PTP amount is re...,4f135069-e0d9-4ab7-b5f6-9c885f068625,2026-08-27 11:28:13.252009+00,2026-08-27 11:28:13.252009+00,
229b9d2b-8a26-406c-8468-c4f97cb05b43,a13886ca-739b-47b4-a473-724e03f7332a,c52e3c3a-f668-409c-b38e-eacfaafb3285,2026-04-27 11:11:00+00,77,ANSWERED,PRIMARY,Called as a reminder. Borrower said she will transfer via UPI today itself — before noon. No need for field visit today.,t,,,,,,t,2026-09-01,Payment intent confirmed. Verbal commitment: 01 Sep 2026. Called as a reminder. Borrower said she will transfer via UP...,4f18355f-001a-4702-9345-0d4a50270e23,2026-08-27 11:28:13.624213+00,2026-08-27 11:28:13.624213+00,
a0be3af9-b177-4397-a4e5-3c03f6a44a42,c33350cc-f581-492e-807f-14262d56ebcb,2941db57-a823-4c8c-81df-42d797c63d2c,2026-07-09 16:15:00+00,,NO_ANSWER,PRIMARY,Tried calling three times — no response. Will try visiting directly based on the timing intel from the last visit.,,,,,,,,,,4f2d9b83-e725-487b-8211-ca3370bbdf2e,2026-08-27 11:28:13.251505+00,2026-08-27 11:28:13.251505+00,
b1d8fc88-3d7a-4451-bf09-ac23217b2718,2b6de8aa-0976-4be0-8a40-043ff86ffa54,760964f0-f607-4d9a-a99d-6cc3482bcf2f,2026-07-29 18:24:00+00,134,ANSWERED,PRIMARY,Customer's wife answered. Said the borrower is hospitalised for a surgery. Should be back home by Thursday. Will revisit after that.,f,,,,2026-09-10,,,,Do not visit until 10 Sep 2026 — customer unavailable.,4f505e34-24c5-4432-8fcd-d29f47352e1d,2026-08-27 11:28:13.251495+00,2026-08-27 11:28:13.251496+00,
a1f3d27d-22a6-4e71-bd40-e869083d9d8d,2dfc73e0-dba9-4aa5-babf-d5141ded5497,f23ef711-0edb-42cf-93dc-e8cfcc4f0c14,2026-05-30 11:32:00+00,,NO_ANSWER,PRIMARY,Phone rang but no one picked up. Will try the alternate number listed in records.,,,,,,,,,,4f7509e2-ad1a-470f-87f5-1e45a6d027d5,2026-08-27 11:28:13.252073+00,2026-08-27 11:28:13.252074+00,
3d6f3ec1-6eca-4bf6-86e7-a280a4b09ba5,357e2e09-b637-468e-818b-57a5dce18e9c,8686c2cc-b01d-4e9f-966c-a2c2ab5bcb98,2026-03-21 16:03:00+00,,NO_ANSWER,PRIMARY,Three unanswered attempts today. Visiting directly — based on previous note that customer is home before 10 AM.,,,,,,,,,,4f7e5ec0-cdee-4e2a-89be-6652ce2cdd94,2026-08-27 11:28:13.624267+00,2026-08-27 11:28:13.624268+00,
3b4a38c3-6651-4713-9337-fa2649890b79,c33350cc-f581-492e-807f-14262d56ebcb,8be4291b-80e9-45cf-ba15-dde87c9e0842,2026-08-10 15:47:00+00,,SWITCHED_OFF,ALTERNATE,Both primary and alternate numbers are switched off since morning. Planning a direct visit.,,,,,,,,,,4fffda2c-0f41-4c26-8d7e-efa219bb6c30,2026-08-27 11:28:13.251428+00,2026-08-27 11:28:13.251429+00,
89f8b248-8afd-4a94-beb6-49f6c3754d45,5fbae4d6-59d1-4e6c-8a80-fe57244a45bb,8c9bfa80-0c7c-4698-9160-9f791a23cada,2026-03-08 16:31:00+00,,DECLINED,PRIMARY,Declined 3 times in a row. Customer is actively avoiding contact. Planning direct field visit.,,,,,,,,,,501d442c-982a-4683-b512-f1ec18d32731,2026-08-27 11:28:13.624313+00,2026-08-27 11:28:13.624314+00,
29dc3255-867e-47ac-9b60-7d27a7ae5c41,3e9c4168-1de9-43e8-b9f2-fbf3f931949d,ac097225-fba9-4e4d-9c4e-a8d4d8fba315,2026-03-11 11:40:00+00,42,ANSWERED,PRIMARY,Spoke to borrower. His property is being sold — proceeds will clear the full outstanding. 30-60 day window expected.,t,after 20th of month,,,,,t,2026-09-03,Customer reachable after 20th of month. Spoke to borrower. His property is being sold — proceeds will clear the full out...,502cbe93-40f9-4529-8c6e-9c031d66702e,2026-08-27 11:28:13.624405+00,2026-08-27 11:28:13.624406+00,
ce948a4c-762d-4b07-8fcb-aee2084621a2,1d5e58e8-954e-4d6c-b13c-6e6d614cb588,540fd0f4-e42e-489e-bf37-4ae508e0225f,2026-04-09 15:26:00+00,,NO_ANSWER,ALTERNATE,Primary number not answering. Alternate number also not reachable. Planned a direct visit.,,,,,,,,,,5060646f-5699-499e-94dd-83d1052446fa,2026-08-27 11:28:13.624177+00,2026-08-27 11:28:13.624177+00,
a0c954b0-a65a-4722-8877-b5fd20a455ca,c33350cc-f581-492e-807f-14262d56ebcb,26f02717-8e95-4da1-bd80-7ca2a17be532,2026-08-21 09:21:00+00,,DECLINED,ALTERNATE,Declined 3 times in a row. Customer is actively avoiding contact. Planning direct field visit.,,,,,,,,,,506d50b7-df96-4639-9f0a-c01f6db908cc,2026-08-27 11:28:13.251257+00,2026-08-27 11:28:13.251258+00,
dc05b7d2-2d28-4755-93e9-6f66050c5217,c33350cc-f581-492e-807f-14262d56ebcb,039f2e69-e6e6-4f6a-b283-2a959682d8a4,2026-06-09 15:30:00+00,197,ANSWERED,PRIMARY,Customer picked up and immediately said to stop calling or he will file a harassment complaint. He cut the call. No visit recommended right now.,f,,,,,,,,,507fa403-e4b7-4beb-9a7c-770735d29ad3,2026-08-27 11:28:13.251732+00,2026-08-27 11:28:13.251732+00,
45998f36-bca9-464c-8dce-a707c75f63dd,cd9e6eca-028e-4c61-8e82-048327bc4476,e22c4360-2794-4667-b8db-d3cbcdf9d0a5,2026-04-08 14:53:00+00,,NO_ANSWER,PRIMARY,Tried calling three times — no response. Will try visiting directly based on the timing intel from the last visit.,,,,,,,,,,50805191-bafb-4411-8b04-543f843e6ae3,2026-08-27 11:28:13.62409+00,2026-08-27 11:28:13.624091+00,
4855d7b0-7acf-4756-9f34-41e0e9461c2a,3e9c4168-1de9-43e8-b9f2-fbf3f931949d,4a23c276-a1c6-4a07-8906-3352637ad1cb,2026-04-13 09:17:00+00,,NO_ANSWER,ALTERNATE,Tried calling three times — no response. Will try visiting directly based on the timing intel from the last visit.,,,,,,,,,,5095ac0e-5656-4985-ad2c-a63e4f0ded82,2026-08-27 11:28:13.62418+00,2026-08-27 11:28:13.624181+00,
f2d8a4c4-2b3a-4783-b176-ec1e22e9d595,8e59153e-dc8e-4efa-af65-1db304a6f3f1,e1ade214-ec43-49f2-91d9-003b17885b49,2026-07-20 18:10:00+00,,SWITCHED_OFF,PRIMARY,Switched off — second consecutive day. Will visit directly tomorrow morning.,,,,,,,,,,50db0fad-747c-439f-ba52-fbc23190953a,2026-08-27 11:28:13.251635+00,2026-08-27 11:28:13.251635+00,
ee0c93b5-5ffe-4a1b-abae-8b626997dc68,cd9e6eca-028e-4c61-8e82-048327bc4476,6eae988a-e6ef-45c7-b9c0-92b44ad3ddeb,2026-07-14 13:29:00+00,,SWITCHED_OFF,ALTERNATE,Both primary and alternate numbers are switched off since morning. Planning a direct visit.,,,,,,,,,,50e353b8-35a5-44ba-bd7a-af3c80a7172a,2026-08-27 11:28:13.251615+00,2026-08-27 11:28:13.251615+00,
7d70e38d-db1f-4c51-ab35-52d8d59a2df2,a13886ca-739b-47b4-a473-724e03f7332a,9fd94f19-0418-4061-a80c-b65386790fb9,2026-04-15 13:18:00+00,73,ANSWERED,ALTERNATE,"Customer on pilgrimage — wife confirmed, said he will be back in 12 days. Blocking visits till confirmed return.",f,,,,2026-08-30,,,,Do not visit until 30 Aug 2026 — customer unavailable.,5103d015-f080-4be2-83a4-0b7241b648b3,2026-08-27 11:28:13.624077+00,2026-08-27 11:28:13.624078+00,
91fc5b94-4e86-4042-9808-7dc124a121ad,a13886ca-739b-47b4-a473-724e03f7332a,b0b75c27-9481-449b-8497-bf3716cf0ea8,2026-05-21 14:54:00+00,,NO_ANSWER,PRIMARY,Three unanswered attempts today. Visiting directly — based on previous note that customer is home before 10 AM.,,,,,,,,,,5139f08b-bee4-495b-8aca-898867818cc7,2026-08-27 11:28:13.623945+00,2026-08-27 11:28:13.623945+00,
3aaa86ab-74a1-46d5-9f94-67bc87be3934,a2e2555c-f597-43af-a77a-fe708f967218,783b963e-c174-4a0b-b9bf-b5b43a6000bd,2026-07-23 13:30:00+00,37,ANSWERED,PRIMARY,"Customer picked up briefly, said don't disturb during office hours and disconnected. Will try in the evening.",f,,,,,,,,,517d493d-d052-4cde-bf2b-e84e809be1da,2026-08-27 11:28:13.251698+00,2026-08-27 11:28:13.251699+00,
e4d6454c-e1ce-4624-a58e-b7b38efa7d16,4a182f53-a1a1-4f15-945a-6a56f4e04b64,a0809318-6545-4914-bb03-9ee9edd75583,2026-06-23 15:45:00+00,,DECLINED,PRIMARY,Call was declined immediately — customer likely recognised the number. Will try from a different number.,,,,,,,,,,51cbe839-11e9-41bb-887e-4b8e5f36e08e,2026-08-27 11:28:13.251703+00,2026-08-27 11:28:13.251704+00,
c2ef0022-5414-4b2f-b227-a51255386a9a,c2f2e0ce-5aeb-4ece-8325-2167edfe139e,3a7c144c-c15a-4a83-8de0-c68126435e7f,2026-07-27 12:35:00+00,,DECLINED,PRIMARY,Call was declined immediately — customer likely recognised the number. Will try from a different number.,,,,,,,,,,51e064b8-73ab-4478-8986-468c9f870a4d,2026-08-27 11:28:13.251492+00,2026-08-27 11:28:13.251493+00,
e79173a3-7af4-4665-877d-445bc545da1c,8e59153e-dc8e-4efa-af65-1db304a6f3f1,ee240b2e-885a-4a72-95f7-93f7966179fd,2026-05-08 09:28:00+00,,NO_ANSWER,PRIMARY,Primary number not answering. Alternate number also not reachable. Planned a direct visit.,,,,,,,,,,522e2d30-84e3-42d1-b9fd-59ec94fa59b4,2026-08-27 11:28:13.623962+00,2026-08-27 11:28:13.623962+00,
a752858e-d463-45d7-9aff-1868f423c08c,b06cd5a3-f1c0-4cdb-b241-9ce2d6c5e791,11721135-0a03-4f14-a72b-f26994b00c33,2026-04-03 17:28:00+00,114,ANSWERED,PRIMARY,Customer picked up and confirmed home on the visit day. Requested I call before leaving so he can keep cash ready.,t,11 AM to 1 PM,,,,,,,Customer reachable 11 AM to 1 PM. Customer picked up and confirmed home on the visit day. Requested I call before ...,52351e64-62d8-42ac-ae4c-5c6f97251c36,2026-08-27 11:28:13.624341+00,2026-08-27 11:28:13.624341+00,
0ef370e9-473c-471e-9645-03d35d440be7,8e59153e-dc8e-4efa-af65-1db304a6f3f1,b0b63f01-f844-40f7-b276-5e6b6805959a,2026-08-23 14:33:00+00,,NO_ANSWER,ALTERNATE,Phone rang but no one picked up. Will try the alternate number listed in records.,,,,,,,,,,524fa28f-c205-4e9c-a100-92b7b3e52c85,2026-08-27 11:28:13.251378+00,2026-08-27 11:28:13.251378+00,
3aaa86ab-74a1-46d5-9f94-67bc87be3934,a2e2555c-f597-43af-a77a-fe708f967218,783b963e-c174-4a0b-b9bf-b5b43a6000bd,2026-07-20 15:39:00+00,,SWITCHED_OFF,PRIMARY,Switched off — second consecutive day. Will visit directly tomorrow morning.,,,,,,,,,,5275c916-c929-42db-bb78-492a8cb72bca,2026-08-27 11:28:13.251695+00,2026-08-27 11:28:13.251696+00,
d1e510fe-a2ca-4fb6-820f-3757dade75fa,a13886ca-739b-47b4-a473-724e03f7332a,a45ed2c0-f4e6-453a-9673-07c681b2e42b,2026-07-06 13:24:00+00,134,ANSWERED,PRIMARY,Customer answered aggressively — said he has a lawyer and to not call again. Call ended within 30 seconds.,f,,,,,,,,,52c54c3a-10b9-4ee9-8f8b-ab1b01f78936,2026-08-27 11:28:13.251474+00,2026-08-27 11:28:13.251474+00,
f1a6b125-9436-490c-b7e7-8e795219910e,3e9c4168-1de9-43e8-b9f2-fbf3f931949d,87abcf17-b22b-4340-8d92-97904ecfca9e,2026-03-30 09:11:00+00,16,BUSY,PRIMARY,Busy tone on first attempt. Will try again in 15 minutes.,,,,,,,,,,52c790ca-a5ea-4acb-92aa-43599578580f,2026-08-27 11:28:13.624269+00,2026-08-27 11:28:13.62427+00,
1753234f-57d9-48f9-b3b6-c9d90959b81b,3e9c4168-1de9-43e8-b9f2-fbf3f931949d,3dd02813-2be4-400d-82fe-f7dd030407ea,2026-07-24 14:40:00+00,,DECLINED,ALTERNATE,Call rejected within 2 rings each time. Possible number block. Visiting directly.,,,,,,,,,,533e99c1-04f8-456a-92e2-528bb62594aa,2026-08-27 11:28:13.251681+00,2026-08-27 11:28:13.251682+00,
48cc17b2-8f5e-4a71-9224-e9b3d3f3b19f,a2e2555c-f597-43af-a77a-fe708f967218,9c11d006-70d3-4e77-b7b4-e029a51da401,2026-06-18 15:48:00+00,181,ANSWERED,PRIMARY,Spoke to borrower. He said Sundays he's home all morning. Weekdays he's at the factory by 7 AM.,t,before 10 AM,,,,,,,Customer reachable before 10 AM. Spoke to borrower. He said Sundays he's home all morning. Weekdays he's at the f...,535b121f-50c6-467a-b953-3a9d712a1549,2026-08-27 11:28:13.252015+00,2026-08-27 11:28:13.252016+00,
3898c8c6-bce0-4559-b646-e208974cdb18,1d5e58e8-954e-4d6c-b13c-6e6d614cb588,cb6aa2b7-e049-4fcb-ae64-0feacbf71c37,2026-07-19 09:30:00+00,12,BUSY,PRIMARY,Busy tone on first attempt. Will try again in 15 minutes.,,,,,,,,,,53c46861-18fd-47bb-bf7d-adc361269f3b,2026-08-27 11:28:13.251668+00,2026-08-27 11:28:13.251668+00,
7e014fb7-638d-45e1-8452-3f87b896cd61,b06cd5a3-f1c0-4cdb-b241-9ce2d6c5e791,fd9040a4-411f-4166-91ca-41b5b158f218,2026-05-12 11:23:00+00,227,ANSWERED,ALTERNATE,Hostile call. Customer said the matter is with the banking ombudsman and threatened complaint if we call again.,f,,,,,,,,,53cf19ad-d18d-4231-9df0-a5367e1a024c,2026-08-27 11:28:13.25207+00,2026-08-27 11:28:13.252071+00,
cf77428d-5a65-4f22-b553-fcacb366209c,cd9e6eca-028e-4c61-8e82-048327bc4476,830d42f9-f1de-4f55-b7ee-e33edae0c1d3,2026-04-26 10:08:00+00,,WRONG_NUMBER,ALTERNATE,Phone rang but no one picked up. Will try the alternate number listed in records.,,,,,,,,,,54062da8-238d-4018-9a44-eb2a324b9356,2026-08-27 11:28:13.624028+00,2026-08-27 11:28:13.624029+00,
0ed7a25b-2132-4531-8270-32c460c4893d,5fbae4d6-59d1-4e6c-8a80-fe57244a45bb,ed148f40-83cc-47ae-9998-ed2138e66d55,2026-07-25 17:17:00+00,88,ANSWERED,PRIMARY,"Customer said insurance claim is pending settlement. When it comes, it will cover the full loan amount. Monitoring.",t,on pension day,,,,,t,2026-09-05,"Customer reachable on pension day. Customer said insurance claim is pending settlement. When it comes, it will cove...",54394f63-5e89-4d12-bcb7-774490055733,2026-08-27 11:28:13.251665+00,2026-08-27 11:28:13.251665+00,
45998f36-bca9-464c-8dce-a707c75f63dd,cd9e6eca-028e-4c61-8e82-048327bc4476,e22c4360-2794-4667-b8db-d3cbcdf9d0a5,2026-04-06 13:23:00+00,,WRONG_NUMBER,PRIMARY,Primary number not answering. Alternate number also not reachable. Planned a direct visit.,,,,,,,,,,543f0cd1-7597-451a-99a4-01f5e4fa88d6,2026-08-27 11:28:13.624091+00,2026-08-27 11:28:13.624092+00,
a8ef490a-dceb-4cb5-97a5-3ead28266b87,c2f2e0ce-5aeb-4ece-8325-2167edfe139e,c1555a56-8d49-4eae-9054-e892d3ec72b5,2026-08-19 12:01:00+00,,WRONG_NUMBER,ALTERNATE,Phone rang but no one picked up. Will try the alternate number listed in records.,,,,,,,,,,5446f003-22b2-4fd9-b569-91f95296e4e1,2026-08-27 11:28:13.251242+00,2026-08-27 11:28:13.251243+00,
f95e4162-8c63-48c2-bcef-d6b689ae8aa5,5fbae4d6-59d1-4e6c-8a80-fe57244a45bb,fb003551-696e-48e1-a3f3-fb8cc47620b0,2026-05-31 15:12:00+00,,WRONG_NUMBER,ALTERNATE,No answer since morning. Will try calling in the evening — customer may be at work.,,,,,,,,,,544723c0-06fc-4312-b558-c322409fa6ef,2026-08-27 11:28:13.623992+00,2026-08-27 11:28:13.623992+00,
8d3faa6e-13c3-4177-9659-1041524431d6,2dfc73e0-dba9-4aa5-babf-d5141ded5497,1b32f61d-8e4a-4b58-87fa-3a92c8baf6d7,2026-05-21 16:25:00+00,60,ANSWERED,PRIMARY,Good call. Customer told me his salary comes on the 9th every month. He will pay on the 10th. I'll plan the visit accordingly.,t,after 20th of month,,,,,t,2026-09-06,Customer reachable after 20th of month. Good call. Customer told me his salary comes on the 9th every month. He will pay...,544a4a72-cc7a-4ab2-b1f4-25bec4c5a42d,2026-08-27 11:28:13.623851+00,2026-08-27 11:28:13.623851+00,
e06fe636-8d76-4561-9e23-4af0e13d79ca,4a182f53-a1a1-4f15-945a-6a56f4e04b64,ca151c89-12c3-41a3-afc4-d14cd4ac3857,2026-04-04 13:19:00+00,,NO_ANSWER,ALTERNATE,Primary number not answering. Alternate number also not reachable. Planned a direct visit.,,,,,,,,,,54cb0abd-1d57-49e7-b9ae-d4d39ac60206,2026-08-27 11:28:13.624117+00,2026-08-27 11:28:13.624118+00,
4ff44f8c-0fa8-41f3-a212-bf502079203d,5fbae4d6-59d1-4e6c-8a80-fe57244a45bb,8ac67a04-0429-474b-83f0-f32bec5ecc5b,2026-08-23 11:28:00+00,,WRONG_NUMBER,PRIMARY,Three unanswered attempts today. Visiting directly — based on previous note that customer is home before 10 AM.,,,,,,,,,,54da23d3-2283-46bc-91ab-2a0c49f6891d,2026-08-27 11:28:13.251329+00,2026-08-27 11:28:13.25133+00,
a67c0b14-770b-43aa-954c-5852368e67fd,e9dced65-f61b-4c24-bae7-d4170299ed46,20afa76a-c2d7-44a2-a263-75b112de3ee9,2026-04-24 14:55:00+00,84,ANSWERED,PRIMARY,"Customer on pilgrimage — wife confirmed, said he will be back in 12 days. Blocking visits till confirmed return.",f,,,,2026-09-01,,,,Do not visit until 01 Sep 2026 — customer unavailable.,5516978f-002e-4437-8532-5b0bbe9c74ca,2026-08-27 11:28:13.624221+00,2026-08-27 11:28:13.624221+00,
f0e13135-fc84-417e-9bcb-9a06e95c69e1,1d5e58e8-954e-4d6c-b13c-6e6d614cb588,11721135-0a03-4f14-a72b-f26994b00c33,2026-06-17 13:31:00+00,209,ANSWERED,PRIMARY,Pre-visit call done. Customer confirmed the PTP amount is ready in his account. Visit confirmed for tomorrow morning.,t,,,,,,t,2026-09-01,Payment intent confirmed. Verbal commitment: 01 Sep 2026. Pre-visit call done. Customer confirmed the PTP amount is re...,553c2c61-f970-4c50-9810-210876418e7b,2026-08-27 11:28:13.251753+00,2026-08-27 11:28:13.251754+00,
eeeb32a5-929c-4f1c-8e40-5cacf8200f1e,2dfc73e0-dba9-4aa5-babf-d5141ded5497,8ac67a04-0429-474b-83f0-f32bec5ecc5b,2026-07-28 13:38:00+00,,DECLINED,ALTERNATE,Declined 3 times in a row. Customer is actively avoiding contact. Planning direct field visit.,,,,,,,,,,55928cc9-84ef-46ec-904f-8b2bd4bfa2c2,2026-08-27 11:28:13.251586+00,2026-08-27 11:28:13.251586+00,
bf53f306-7103-4f5d-adaa-77fbd08920cb,c37b6a5c-9d1c-46d4-8ece-dfce290dc74b,7b15825d-da60-4c1c-83c0-b319ba915f29,2026-07-19 15:23:00+00,,WRONG_NUMBER,ALTERNATE,Tried calling three times — no response. Will try visiting directly based on the timing intel from the last visit.,,,,,,,,,,55b6423d-b2bd-44b3-9df2-8cb545afd315,2026-08-27 11:28:13.251516+00,2026-08-27 11:28:13.251516+00,
e7bb8d0f-57fd-475f-a8c2-277932b8cc07,8e59153e-dc8e-4efa-af65-1db304a6f3f1,5ba3abe3-9942-47ed-aa9a-1e8dd755a238,2026-04-01 13:24:00+00,34,ANSWERED,PRIMARY,Customer mentioned his wife is the primary earner — her salary comes on the last working day of the month. PTP accordingly.,t,after salary credit on 9th,,,,,t,2026-09-04,Customer reachable after salary credit on 9th. Customer mentioned his wife is the primary earner — her salary comes on the last...,55e31b52-b61b-420b-b7f8-9a850cfc643d,2026-08-27 11:28:13.624385+00,2026-08-27 11:28:13.624385+00,
74b3f7e7-378f-45cd-96c9-9a2ecae6cf15,a13886ca-739b-47b4-a473-724e03f7332a,c907e8cd-2df0-4149-9ac6-9f5aaa4a9618,2026-06-05 15:59:00+00,,NO_ANSWER,PRIMARY,Tried calling three times — no response. Will try visiting directly based on the timing intel from the last visit.,,,,,,,,,,56025cf3-d5f1-4245-8971-868c14bc9632,2026-08-27 11:28:13.251995+00,2026-08-27 11:28:13.251996+00,
6aaa775a-1485-4eed-a4df-9f14a4c2b89b,c2f2e0ce-5aeb-4ece-8325-2167edfe139e,0cf79da7-545f-4c74-a7f6-517536fa5cf4,2026-05-20 15:41:00+00,206,ANSWERED,PRIMARY,Customer answered but was very distressed — his parent is critical in hospital. Not a good time. Requested I call back in 4 days.,f,,,,2026-09-10,,,,Do not visit until 10 Sep 2026 — customer unavailable.,56e38f64-2246-4790-ae31-d01f5faf4462,2026-08-27 11:28:13.623867+00,2026-08-27 11:28:13.623868+00,
947b56de-3e5a-448c-bd3e-d4644010c6d9,3e9c4168-1de9-43e8-b9f2-fbf3f931949d,d33f2626-c892-4bd0-bf23-d61d972bdfb4,2026-03-14 10:57:00+00,72,ANSWERED,ALTERNATE,Pre-visit call confirmed. Customer said payment is ready. Also said come before noon as he has an afternoon appointment.,t,,,,,,t,2026-08-31,Payment intent confirmed. Verbal commitment: 31 Aug 2026. Pre-visit call confirmed. Customer said payment is ready. Al...,56e6dea7-bd80-4cd0-830c-a475da5325a7,2026-08-27 11:28:13.62441+00,2026-08-27 11:28:13.624411+00,
7894476f-64f4-49e1-ad34-ac107cb31942,b06cd5a3-f1c0-4cdb-b241-9ce2d6c5e791,a9ecda50-e818-4cb9-97a8-8c56eeea659a,2026-05-23 13:01:00+00,,DECLINED,PRIMARY,Call was declined immediately — customer likely recognised the number. Will try from a different number.,,,,,,,,,,56f17a3c-70a8-47d3-ab96-43f9bbbb4d8b,2026-08-27 11:28:13.623998+00,2026-08-27 11:28:13.623998+00,
85267f82-1ce7-446b-93cf-fe7cd09f73f2,4a182f53-a1a1-4f15-945a-6a56f4e04b64,e0fbf51b-21d4-4b3c-87f8-15692eb0b219,2026-05-03 11:29:00+00,61,ANSWERED,PRIMARY,Good call. Customer confirmed he's home till 9 AM every weekday before heading to his construction site. I need to go early.,t,morning before 9:30,,,,,,,Customer reachable morning before 9:30. Good call. Customer confirmed he's home till 9 AM every weekday before heading t...,56f6f585-aae7-4385-91b5-58069596b303,2026-08-27 11:28:13.624082+00,2026-08-27 11:28:13.624083+00,
b109d21d-865b-478e-8391-908d55b65391,3aa13103-bd03-4578-9292-44d88d58da00,3c32f948-3b0e-4554-97cb-604c3df714fc,2026-07-01 16:22:00+00,144,ANSWERED,ALTERNATE,Called as a reminder. Borrower said she will transfer via UPI today itself — before noon. No need for field visit today.,t,,,,,,t,2026-09-01,Payment intent confirmed. Verbal commitment: 01 Sep 2026. Called as a reminder. Borrower said she will transfer via UP...,5711651e-e0c2-4490-8f21-729ef9c99bf0,2026-08-27 11:28:13.25172+00,2026-08-27 11:28:13.25172+00,
d3f3f443-1bbf-4e43-a503-4172654b54bf,c33350cc-f581-492e-807f-14262d56ebcb,cfd7f981-8a56-4067-919c-03b1c95f4b23,2026-06-18 16:46:00+00,199,ANSWERED,PRIMARY,Spoke to borrower. Harvest season — he's at his farm in another state. Will not be reachable for a month. Seasonal constraint.,f,,,,2026-09-03,,,,Do not visit until 03 Sep 2026 — customer unavailable.,57392997-5f54-42be-8234-603be479e143,2026-08-27 11:28:13.251799+00,2026-08-27 11:28:13.251799+00,
91fcc147-3dca-4dcf-a5a3-ef0e719ec278,b06cd5a3-f1c0-4cdb-b241-9ce2d6c5e791,c231e4e1-dff9-4806-8971-f7225bd6a922,2026-03-13 13:17:00+00,,DECLINED,ALTERNATE,Call was declined immediately — customer likely recognised the number. Will try from a different number.,,,,,,,,,,57517849-b70e-4693-90f3-b66b19bd08cb,2026-08-27 11:28:13.624287+00,2026-08-27 11:28:13.624287+00,
58ae6edc-aa29-46bc-a8e9-a858ec5a0f79,c33350cc-f581-492e-807f-14262d56ebcb,f76b87ca-9218-4e78-9377-c55b4850be3b,2026-06-06 18:38:00+00,,DECLINED,ALTERNATE,Call was declined immediately — customer likely recognised the number. Will try from a different number.,,,,,,,,,,57ecac0a-af26-49d9-9091-e6e4b3fa8f90,2026-08-27 11:28:13.251807+00,2026-08-27 11:28:13.251808+00,
b71d3bd8-3f3d-46d1-8582-16b013a8d03d,cd9e6eca-028e-4c61-8e82-048327bc4476,ea8bf59f-dae6-4b04-b0c8-72a6f51d8d08,2026-03-28 14:32:00+00,,WRONG_NUMBER,ALTERNATE,No answer since morning. Will try calling in the evening — customer may be at work.,,,,,,,,,,58317b8a-c9d4-4e48-846f-78193fb93e6b,2026-08-27 11:28:13.624328+00,2026-08-27 11:28:13.624329+00,
ab5d1e55-44aa-4f54-b94e-55fcdf4bac01,c37b6a5c-9d1c-46d4-8ece-dfce290dc74b,16791195-a842-4ef7-b058-6ccd52230bb0,2026-03-15 10:08:00+00,,NO_ANSWER,PRIMARY,No answer since morning. Will try calling in the evening — customer may be at work.,,,,,,,,,,58db4234-77fd-48d3-be03-d92ab5759ec3,2026-08-27 11:28:13.624232+00,2026-08-27 11:28:13.624232+00,
7de5dca0-befd-411c-b810-4feca8cee150,b06cd5a3-f1c0-4cdb-b241-9ce2d6c5e791,39a9292a-e237-472a-bb6d-20dc92274a73,2026-04-25 11:57:00+00,,NO_ANSWER,PRIMARY,Primary number not answering. Alternate number also not reachable. Planned a direct visit.,,,,,,,,,,58e818d1-36d0-486a-a916-dadb243cfcf8,2026-08-27 11:28:13.624095+00,2026-08-27 11:28:13.624096+00,
dd0d71b0-726d-49f4-9b98-d9038f1d34a8,2dfc73e0-dba9-4aa5-babf-d5141ded5497,bbf0db48-6ed9-49a7-bbb4-66fb14b93511,2026-06-27 18:09:00+00,237,ANSWERED,ALTERNATE,Spoke to borrower. His property is being sold — proceeds will clear the full outstanding. 30-60 day window expected.,t,,,,,,t,2026-09-14,Payment intent confirmed. Verbal commitment: 14 Sep 2026. Spoke to borrower. His property is being sold — proceeds wil...,59181500-c789-4676-ab42-067f2826f523,2026-08-27 11:28:13.252034+00,2026-08-27 11:28:13.252035+00,
e6d120a1-64d7-43ac-97a6-2c5406b69d5a,c2f2e0ce-5aeb-4ece-8325-2167edfe139e,0984faa1-314e-4568-b8f0-cf91a86cf052,2026-06-14 13:33:00+00,,NO_ANSWER,ALTERNATE,Three unanswered attempts today. Visiting directly — based on previous note that customer is home before 10 AM.,,,,,,,,,,591c7a39-720a-4fb1-a80f-aea91d606345,2026-08-27 11:28:13.251757+00,2026-08-27 11:28:13.251758+00,
d65eede3-98ea-45c2-b7cb-ee89a83051b0,c33350cc-f581-492e-807f-14262d56ebcb,f5795911-e27a-41da-a809-be2325d85e66,2026-07-07 14:44:00+00,,WRONG_NUMBER,PRIMARY,No answer since morning. Will try calling in the evening — customer may be at work.,,,,,,,,,,591d27d8-7653-4664-9bdf-b55734389fa4,2026-08-27 11:28:13.251649+00,2026-08-27 11:28:13.25165+00,
f87bc957-012e-43c5-bbcc-25b04609584f,3e9c4168-1de9-43e8-b9f2-fbf3f931949d,8686c2cc-b01d-4e9f-966c-a2c2ab5bcb98,2026-04-15 15:38:00+00,65,ANSWERED,PRIMARY,Customer's wife answered. Said the borrower is hospitalised for a surgery. Should be back home by Thursday. Will revisit after that.,f,,,,2026-09-08,,,,Do not visit until 08 Sep 2026 — customer unavailable.,598ac595-07f2-4810-ba0a-f07a288ce80c,2026-08-27 11:28:13.624171+00,2026-08-27 11:28:13.624172+00,
9b562759-5c7f-4aeb-be8c-8ce8dd68c330,3aa13103-bd03-4578-9292-44d88d58da00,812c4842-2f17-4e9b-865d-a14d74e36f1b,2026-03-30 18:59:00+00,,DECLINED,PRIMARY,Call rejected within 2 rings each time. Possible number block. Visiting directly.,,,,,,,,,,59c4a458-a881-45d9-b4dc-06dc7e41d387,2026-08-27 11:28:13.624371+00,2026-08-27 11:28:13.624371+00,
c296924e-0655-421f-bac8-defbca23600c,a2e2555c-f597-43af-a77a-fe708f967218,8be4291b-80e9-45cf-ba15-dde87c9e0842,2026-07-13 09:21:00+00,155,ANSWERED,PRIMARY,Customer answered. Said he's home for lunch between 1 PM and 2:30 PM daily. That's a good window to visit.,t,between 1-3 PM,,,,,,,Customer reachable between 1-3 PM. Customer answered. Said he's home for lunch between 1 PM and 2:30 PM daily. That...,59ea8131-df65-459c-a246-65fb0e467109,2026-08-27 11:28:13.251489+00,2026-08-27 11:28:13.251489+00,
2f356325-7463-446f-90d3-45cab93106d2,357e2e09-b637-468e-818b-57a5dce18e9c,c3c059c5-7278-43db-9372-40e1f22229ba,2026-06-18 15:02:00+00,71,ANSWERED,PRIMARY,Customer answered but was very distressed — his parent is critical in hospital. Not a good time. Requested I call back in 4 days.,f,,,,2026-09-10,,,,Do not visit until 10 Sep 2026 — customer unavailable.,5a1756eb-32b6-4226-86b2-b7f132d64368,2026-08-27 11:28:13.25174+00,2026-08-27 11:28:13.25174+00,
8ba8c641-fb20-49a5-a4aa-afaa93a0aa3b,5fbae4d6-59d1-4e6c-8a80-fe57244a45bb,ccd54b2f-b166-4fc5-87bc-3c0b196d1d1a,2026-06-15 14:44:00+00,,DECLINED,PRIMARY,Call was declined immediately — customer likely recognised the number. Will try from a different number.,,,,,,,,,,5a5f1e3d-d4ba-4035-a74c-7aaed31bf892,2026-08-27 11:28:13.251823+00,2026-08-27 11:28:13.251824+00,
81a526e2-3990-4e09-b07a-049b311b4072,3aa13103-bd03-4578-9292-44d88d58da00,ac3e9e9a-7166-4967-a92f-c7a9e44550d2,2026-03-25 18:01:00+00,,NO_ANSWER,ALTERNATE,Tried calling three times — no response. Will try visiting directly based on the timing intel from the last visit.,,,,,,,,,,5aa7d0f8-9d62-4c4b-ac2e-e6b08149967e,2026-08-27 11:28:13.624349+00,2026-08-27 11:28:13.624349+00,
5ca900a1-476b-4590-966a-61c7b16363fb,4a182f53-a1a1-4f15-945a-6a56f4e04b64,ac097225-fba9-4e4d-9c4e-a8d4d8fba315,2026-07-10 13:35:00+00,,NO_ANSWER,PRIMARY,Three unanswered attempts today. Visiting directly — based on previous note that customer is home before 10 AM.,,,,,,,,,,5b035d89-b274-4a60-b07e-5ecd0e31e55c,2026-08-27 11:28:13.251548+00,2026-08-27 11:28:13.251549+00,
29dc3255-867e-47ac-9b60-7d27a7ae5c41,3e9c4168-1de9-43e8-b9f2-fbf3f931949d,ac097225-fba9-4e4d-9c4e-a8d4d8fba315,2026-03-10 14:12:00+00,,SWITCHED_OFF,PRIMARY,Both primary and alternate numbers are switched off since morning. Planning a direct visit.,,,,,,,,,,5c0375a9-d311-4f22-ae1e-9366e4d51594,2026-08-27 11:28:13.624403+00,2026-08-27 11:28:13.624403+00,
37084f7a-c7dc-443b-a469-d5b8199b2a4e,c2f2e0ce-5aeb-4ece-8325-2167edfe139e,11721135-0a03-4f14-a72b-f26994b00c33,2026-04-04 12:25:00+00,,DECLINED,PRIMARY,Declined 3 times in a row. Customer is actively avoiding contact. Planning direct field visit.,,,,,,,,,,5c1cd8e0-3e89-41ea-bb3d-c5cdd6b48dd3,2026-08-27 11:28:13.624192+00,2026-08-27 11:28:13.624192+00,
d1483dff-17f9-45b3-a291-e57d854c32a4,3aa13103-bd03-4578-9292-44d88d58da00,4f8bfadf-b2bc-41d8-82ef-ac42eac891d6,2026-07-18 17:41:00+00,49,ANSWERED,PRIMARY,"Customer on pilgrimage — wife confirmed, said he will be back in 12 days. Blocking visits till confirmed return.",f,,,,2026-09-08,,,,Do not visit until 08 Sep 2026 — customer unavailable.,5c21b0ce-c5f5-4cce-a3f7-b0a8272a4ea0,2026-08-27 11:28:13.251633+00,2026-08-27 11:28:13.251634+00,
d6897c7a-dfb6-4503-8228-b5861a8a379d,a13886ca-739b-47b4-a473-724e03f7332a,0206ed96-6702-4d9b-8861-5ca0019ddc4f,2026-03-23 13:19:00+00,,NO_ANSWER,PRIMARY,No answer since morning. Will try calling in the evening — customer may be at work.,,,,,,,,,,5c5dd6ad-722e-4893-ab9d-2d7e3a8acf94,2026-08-27 11:28:13.624383+00,2026-08-27 11:28:13.624383+00,
ccc5ccf5-bc0e-4f79-89f9-4e4adf3cd0da,c37b6a5c-9d1c-46d4-8ece-dfce290dc74b,fd232674-c408-4a21-8340-5c44ccb0b516,2026-06-15 12:48:00+00,40,ANSWERED,PRIMARY,"Customer picked up briefly, said don't disturb during office hours and disconnected. Will try in the evening.",f,,,,,,,,,5c8395df-4c4e-46c2-830c-e1cde5a5ad08,2026-08-27 11:28:13.251846+00,2026-08-27 11:28:13.251847+00,
588628ab-10f8-4969-8f97-e8e1d0e2dd16,2b6de8aa-0976-4be0-8a40-043ff86ffa54,7c887a50-010b-4a74-a65c-d61dd2063927,2026-07-31 18:55:00+00,226,ANSWERED,PRIMARY,"Customer picked up briefly, said don't disturb during office hours and disconnected. Will try in the evening.",f,,,,,,,,,5ca5c136-c719-4a94-a638-8ab9adc1aa94,2026-08-27 11:28:13.251608+00,2026-08-27 11:28:13.251609+00,
d94f5c6b-4f3e-49fc-ac84-65a66974c4f7,c37b6a5c-9d1c-46d4-8ece-dfce290dc74b,72f1bae1-8cdb-46c4-85bc-1ad9bcca79dc,2026-08-23 11:07:00+00,,SWITCHED_OFF,PRIMARY,Phone is switched off. Will try again after 2 hours.,,,,,,,,,,5cb76eaf-38ea-471a-9a87-b126f1f3fce2,2026-08-27 11:28:13.251285+00,2026-08-27 11:28:13.251285+00,
a8ef490a-dceb-4cb5-97a5-3ead28266b87,c2f2e0ce-5aeb-4ece-8325-2167edfe139e,c1555a56-8d49-4eae-9054-e892d3ec72b5,2026-08-18 12:03:00+00,,SWITCHED_OFF,PRIMARY,Phone is switched off. Will try again after 2 hours.,,,,,,,,,,5ce9f65e-cbfc-4bc7-b2f3-85101f0581b6,2026-08-27 11:28:13.251241+00,2026-08-27 11:28:13.251241+00,
5c6ffed0-30f0-4a0b-b65c-72a6741b078b,c37b6a5c-9d1c-46d4-8ece-dfce290dc74b,2592fed1-241a-4897-b6b1-1d1c4e9266ec,2026-08-19 14:32:00+00,184,ANSWERED,PRIMARY,Customer picked up and immediately said to stop calling or he will file a harassment complaint. He cut the call. No visit recommended right now.,f,,,,,,,,,5d05f47f-1545-4ace-82d8-da98d677b5eb,2026-08-27 11:28:13.251256+00,2026-08-27 11:28:13.251257+00,
2542c63e-9609-4a84-9c31-8db2975c0aba,a2e2555c-f597-43af-a77a-fe708f967218,efb07e9b-75ca-4efd-88f3-a3f78fabb418,2026-06-06 11:15:00+00,17,BUSY,PRIMARY,Line was busy. Customer probably on another call. Trying again.,,,,,,,,,,5d58e7d4-c0c0-4c71-94b1-55b13dfd7cf1,2026-08-27 11:28:13.25179+00,2026-08-27 11:28:13.251791+00,
7ae223e3-451b-4ff2-a8db-033357dc61c2,3aa13103-bd03-4578-9292-44d88d58da00,f0e828df-dd39-4105-9fbd-edbff7159e3f,2026-06-05 17:47:00+00,,SWITCHED_OFF,PRIMARY,Phone is switched off. Will try again after 2 hours.,,,,,,,,,,5d6f67f1-063a-4f2f-8849-ff4a153763d2,2026-08-27 11:28:13.251748+00,2026-08-27 11:28:13.251749+00,
6a4e045e-c3e4-4adb-b3df-1f9a6dea2783,2b6de8aa-0976-4be0-8a40-043ff86ffa54,109ca576-3c7b-4114-b736-57cf14e3b726,2026-05-09 17:27:00+00,,WRONG_NUMBER,PRIMARY,Tried calling three times — no response. Will try visiting directly based on the timing intel from the last visit.,,,,,,,,,,5d8e5854-6a4e-41f6-8b64-dc06a09cc2e3,2026-08-27 11:28:13.623955+00,2026-08-27 11:28:13.623956+00,
91fcc147-3dca-4dcf-a5a3-ef0e719ec278,b06cd5a3-f1c0-4cdb-b241-9ce2d6c5e791,c231e4e1-dff9-4806-8971-f7225bd6a922,2026-03-11 14:28:00+00,15,BUSY,PRIMARY,Busy tone on first attempt. Will try again in 15 minutes.,,,,,,,,,,5de85b2d-687c-4ec5-a334-f815c7edbe7d,2026-08-27 11:28:13.624286+00,2026-08-27 11:28:13.624286+00,
dae56ea0-7ca4-4938-b5a8-5ccd8865f478,c33350cc-f581-492e-807f-14262d56ebcb,c1555a56-8d49-4eae-9054-e892d3ec72b5,2026-07-06 09:59:00+00,73,ANSWERED,PRIMARY,Customer answered from out of town. He's on a work contract in Rajasthan for 2 more weeks. Not reachable for visit till month end.,f,,,,2026-08-31,,,,Do not visit until 31 Aug 2026 — customer unavailable.,5dec9a48-775d-46d8-93e7-ed04274e25c6,2026-08-27 11:28:13.251637+00,2026-08-27 11:28:13.251638+00,
8aa0d4d5-8fc4-4e03-adac-0832c46a801d,e9dced65-f61b-4c24-bae7-d4170299ed46,2a15516f-d306-43e7-9555-1ce7dc5b5296,2026-08-22 17:21:00+00,143,ANSWERED,ALTERNATE,Good call. Customer confirmed he's home till 9 AM every weekday before heading to his construction site. I need to go early.,t,before 10 AM,,,,,,,Customer reachable before 10 AM. Good call. Customer confirmed he's home till 9 AM every weekday before heading t...,5e0e1a04-4be6-44bb-8faa-cd515e615480,2026-08-27 11:28:13.251301+00,2026-08-27 11:28:13.251301+00,
0f11262e-46de-4a7a-9341-990db867dfa6,357e2e09-b637-468e-818b-57a5dce18e9c,2d5a75e9-0241-4f60-98fe-5461da045389,2026-07-07 15:56:00+00,,WRONG_NUMBER,ALTERNATE,Tried calling three times — no response. Will try visiting directly based on the timing intel from the last visit.,,,,,,,,,,5e23badb-17bd-4e41-8e29-faef258d6abe,2026-08-27 11:28:13.251578+00,2026-08-27 11:28:13.251579+00,
97d5c206-b198-4604-8d22-7f2bd260d47b,3e9c4168-1de9-43e8-b9f2-fbf3f931949d,5ae0aafa-aa07-484b-9ed7-c72a096af296,2026-06-24 12:02:00+00,74,ANSWERED,PRIMARY,Reminder call — customer confirmed salary credited yesterday and full amount is ready. Coming to collect now.,t,,,,,,t,2026-08-29,Payment intent confirmed. Verbal commitment: 29 Aug 2026. Reminder call — customer confirmed salary credited yesterday...,5e749b3e-1a1b-4dd1-81b7-37a6a42db235,2026-08-27 11:28:13.251841+00,2026-08-27 11:28:13.251842+00,
c296924e-0655-421f-bac8-defbca23600c,a2e2555c-f597-43af-a77a-fe708f967218,8be4291b-80e9-45cf-ba15-dde87c9e0842,2026-07-16 18:09:00+00,,DECLINED,ALTERNATE,Call was declined immediately — customer likely recognised the number. Will try from a different number.,,,,,,,,,,5e7cd79a-e13e-4e9b-819a-607c3208ecde,2026-08-27 11:28:13.251488+00,2026-08-27 11:28:13.251488+00,
3d66de68-8914-4aec-aead-b463c4b65d13,3e9c4168-1de9-43e8-b9f2-fbf3f931949d,414ea351-9932-44a5-97dd-6087537e80e3,2026-04-21 15:52:00+00,,SWITCHED_OFF,PRIMARY,Switched off. Going by the timing intel from last visit — planning morning visit before 9 AM.,,,,,,,,,,5ec68d94-5a6c-4810-bc5a-6c74b0d3c6dc,2026-08-27 11:28:13.624052+00,2026-08-27 11:28:13.624052+00,
e444c0da-8a79-4d68-9c98-0280a62ade8b,c37b6a5c-9d1c-46d4-8ece-dfce290dc74b,86363474-05d5-429d-9afe-a166ca0f3137,2026-04-20 15:21:00+00,45,ANSWERED,ALTERNATE,Customer picked up and confirmed home on the visit day. Requested I call before leaving so he can keep cash ready.,t,11 AM to 1 PM,,,,,,,Customer reachable 11 AM to 1 PM. Customer picked up and confirmed home on the visit day. Requested I call before ...,5f760acf-4911-4ff5-bf15-61316ef706e0,2026-08-27 11:28:13.624134+00,2026-08-27 11:28:13.624134+00,
af2ed21b-2b2d-4e61-bb93-099059a8e1a9,357e2e09-b637-468e-818b-57a5dce18e9c,c231e4e1-dff9-4806-8971-f7225bd6a922,2026-05-21 14:22:00+00,208,ANSWERED,PRIMARY,Customer answered. Said he works from home on Wednesdays and Fridays — those are the best days for a visit.,t,after 6 PM,,,,,,,Customer reachable after 6 PM. Customer answered. Said he works from home on Wednesdays and Fridays — those are...,5fcf4c88-91fa-4f6e-a302-6fb62c0a269a,2026-08-27 11:28:13.252097+00,2026-08-27 11:28:13.252098+00,
a79bf2d9-491b-49c3-b311-4464122f5f03,a2e2555c-f597-43af-a77a-fe708f967218,e70c7872-5096-4394-83b6-d71617a773c3,2026-06-27 17:07:00+00,147,ANSWERED,ALTERNATE,Spoke to borrower. Harvest season — he's at his farm in another state. Will not be reachable for a month. Seasonal constraint.,f,,,,2026-08-30,,,,Do not visit until 30 Aug 2026 — customer unavailable.,5fcf6b70-682f-4be5-96ef-520be47fdfa2,2026-08-27 11:28:13.251709+00,2026-08-27 11:28:13.25171+00,
afb66245-a212-40b6-ad73-d68b5fd106d2,b06cd5a3-f1c0-4cdb-b241-9ce2d6c5e791,2e0ec7cc-3dcc-4204-b83a-c5bda7ad54f4,2026-06-26 18:20:00+00,54,ANSWERED,PRIMARY,Called — customer said he's in the process of moving house this week. New address will be shared in 3-4 days once settled.,f,,,,2026-09-07,,,,Do not visit until 07 Sep 2026 — customer unavailable.,5ff5283f-f2f3-4514-9a84-8be9b9a80ba7,2026-08-27 11:28:13.251865+00,2026-08-27 11:28:13.251866+00,
8b280147-6af2-4e13-a908-6a2f86128349,2dfc73e0-dba9-4aa5-babf-d5141ded5497,24ec8685-728f-4fd9-ad1f-3d85956050d2,2026-03-15 18:29:00+00,46,ANSWERED,ALTERNATE,Spoke to the customer just now. She leaves for the market at 12:30 PM daily. Best window is weekday mornings before noon.,t,11 AM to 1 PM,,,,,,,Customer reachable 11 AM to 1 PM. Spoke to the customer just now. She leaves for the market at 12:30 PM daily. Bes...,60407b39-cae3-4a5f-8615-d600fecbf209,2026-08-27 11:28:13.624332+00,2026-08-27 11:28:13.624332+00,
82017589-4410-4904-bed8-b44598dbaa64,3e9c4168-1de9-43e8-b9f2-fbf3f931949d,0206ed96-6702-4d9b-8861-5ca0019ddc4f,2026-05-17 18:46:00+00,,NO_ANSWER,ALTERNATE,Three unanswered attempts today. Visiting directly — based on previous note that customer is home before 10 AM.,,,,,,,,,,6056d5e5-8cbb-4ba5-9f17-6c1db206fd50,2026-08-27 11:28:13.624+00,2026-08-27 11:28:13.624001+00,
a004c977-e3d9-48d1-9a51-20f9f278ae10,a2e2555c-f597-43af-a77a-fe708f967218,6ebc511e-6b0c-4ef6-a7f6-dcfb54a056f8,2026-05-10 17:50:00+00,203,ANSWERED,PRIMARY,Called to confirm PTP — customer gave me the bank reference number for a transfer already done today. Will verify.,t,,,,,,t,2026-09-01,Payment intent confirmed. Verbal commitment: 01 Sep 2026. Called to confirm PTP — customer gave me the bank reference ...,61001dbe-88e5-45c4-81bd-ce1cdd19fa28,2026-08-27 11:28:13.62397+00,2026-08-27 11:28:13.623971+00,
5716d861-5833-4350-b34c-909162feb767,4a182f53-a1a1-4f15-945a-6a56f4e04b64,f45c94fd-7fbc-4f1b-9251-5b344b57ff6d,2026-08-08 10:07:00+00,116,ANSWERED,ALTERNATE,Customer answered aggressively — said he has a lawyer and to not call again. Call ended within 30 seconds.,f,,,,,,,,,617e2dc3-8d7e-420b-bac3-a62a118c56c2,2026-08-27 11:28:13.251366+00,2026-08-27 11:28:13.251366+00,
94afb3e9-d0ad-404e-bc13-cf1654dc4ef1,c37b6a5c-9d1c-46d4-8ece-dfce290dc74b,3bc906ec-1f51-4fe6-841e-0ddcf2b0f1ed,2026-05-16 13:24:00+00,,WRONG_NUMBER,ALTERNATE,Primary number not answering. Alternate number also not reachable. Planned a direct visit.,,,,,,,,,,61aa119b-2a4a-4e9e-bd8c-5a70b61c528f,2026-08-27 11:28:13.623951+00,2026-08-27 11:28:13.623951+00,
ad0ffdb4-bb03-47da-b46a-07ccdcdf5194,2b6de8aa-0976-4be0-8a40-043ff86ffa54,5d016fd0-4cd9-47ff-bb8b-6fa26e95a44e,2026-03-27 09:43:00+00,,WRONG_NUMBER,ALTERNATE,No answer since morning. Will try calling in the evening — customer may be at work.,,,,,,,,,,62087398-a096-4073-b636-3db324779e17,2026-08-27 11:28:13.624297+00,2026-08-27 11:28:13.624297+00,
43050fff-96ca-458e-95a1-3b3fa481f6e5,c2f2e0ce-5aeb-4ece-8325-2167edfe139e,d167af59-b49f-497b-8003-2df4ed6c687e,2026-04-20 13:06:00+00,74,ANSWERED,PRIMARY,Called to confirm PTP — customer gave me the bank reference number for a transfer already done today. Will verify.,t,,,,,,t,2026-08-28,Payment intent confirmed. Verbal commitment: 28 Aug 2026. Called to confirm PTP — customer gave me the bank reference ...,621cdb6f-5a7d-43e1-92bf-9fb9be210323,2026-08-27 11:28:13.624126+00,2026-08-27 11:28:13.624127+00,
baa0a3d6-2ed5-4fd1-8508-46116e9cdb3f,c37b6a5c-9d1c-46d4-8ece-dfce290dc74b,9f305358-f359-44a8-bace-30ece8093e9c,2026-03-16 17:31:00+00,,SWITCHED_OFF,PRIMARY,Switched off. Going by the timing intel from last visit — planning morning visit before 9 AM.,,,,,,,,,,6222d5eb-af24-4187-aad4-74c46d7eff0e,2026-08-27 11:28:13.624359+00,2026-08-27 11:28:13.624359+00,
f5b8ffcf-835e-45f3-820c-7658bbcaa5ac,1d5e58e8-954e-4d6c-b13c-6e6d614cb588,258d4abe-44b3-487a-888f-e603bd520d78,2026-06-25 10:51:00+00,56,ANSWERED,ALTERNATE,Spoke to borrower. His property is being sold — proceeds will clear the full outstanding. 30-60 day window expected.,t,after salary credit on 9th,,,,,t,2026-08-31,Customer reachable after salary credit on 9th. Spoke to borrower. His property is being sold — proceeds will clear the full out...,623bdc7a-fb43-4122-bc18-f75f0e1547ca,2026-08-27 11:28:13.251777+00,2026-08-27 11:28:13.251777+00,
9f187eed-ad0e-401a-afb0-7d1b71fda30b,2b6de8aa-0976-4be0-8a40-043ff86ffa54,1c86c8f3-c878-42c1-b7c2-4a42f6240244,2026-08-26 13:54:00+00,,WRONG_NUMBER,PRIMARY,Primary number not answering. Alternate number also not reachable. Planned a direct visit.,,,,,,,,,,625e6cdf-2b19-47b4-9cff-066bd2529198,2026-08-27 11:28:13.624428+00,2026-08-27 11:28:13.624429+00,
5c60a22f-6016-4eeb-aa97-84ad3d246f49,8e59153e-dc8e-4efa-af65-1db304a6f3f1,9b8b08c8-224d-4345-889e-7caf79340a09,2026-08-13 12:49:00+00,,DECLINED,ALTERNATE,Call was declined immediately — customer likely recognised the number. Will try from a different number.,,,,,,,,,,629b4e9d-4f17-420b-b536-f014b76ec3ff,2026-08-27 11:28:13.251245+00,2026-08-27 11:28:13.251246+00,
2ad60466-849b-40a8-a749-5d33e5d806a8,1d5e58e8-954e-4d6c-b13c-6e6d614cb588,0152a258-885f-46d5-af53-c71c808f2748,2026-07-17 10:50:00+00,55,ANSWERED,PRIMARY,Called — customer said he's in the process of moving house this week. New address will be shared in 3-4 days once settled.,f,,,,2026-09-06,,,,Do not visit until 06 Sep 2026 — customer unavailable.,629e2ce4-1b2d-45e1-975d-f1c19f467031,2026-08-27 11:28:13.251599+00,2026-08-27 11:28:13.251599+00,
57569954-dc72-4d3a-a5a9-ee12723295dc,c2f2e0ce-5aeb-4ece-8325-2167edfe139e,e8fdea10-d3d1-4f6f-8d4b-ed9e6e2fc1a5,2026-05-25 10:53:00+00,,NO_ANSWER,PRIMARY,Phone rang but no one picked up. Will try the alternate number listed in records.,,,,,,,,,,62a11eb3-f883-4a16-a732-8126879b07a5,2026-08-27 11:28:13.623965+00,2026-08-27 11:28:13.623966+00,
37084f7a-c7dc-443b-a469-d5b8199b2a4e,c2f2e0ce-5aeb-4ece-8325-2167edfe139e,11721135-0a03-4f14-a72b-f26994b00c33,2026-04-03 18:34:00+00,6,BUSY,PRIMARY,Line was busy. Customer probably on another call. Trying again.,,,,,,,,,,62d5cf56-f305-4d62-8845-045714d81fa1,2026-08-27 11:28:13.62419+00,2026-08-27 11:28:13.624191+00,
dc05b7d2-2d28-4755-93e9-6f66050c5217,c33350cc-f581-492e-807f-14262d56ebcb,039f2e69-e6e6-4f6a-b283-2a959682d8a4,2026-06-08 16:48:00+00,131,ANSWERED,PRIMARY,Call done. Borrower gets rental income on the 2nd of every month. Best time to collect is on the 3rd or 4th.,t,,,,,,t,2026-09-13,Payment intent confirmed. Verbal commitment: 13 Sep 2026. Call done. Borrower gets rental income on the 2nd of every m...,62fc8595-a25e-4d7c-90a4-a55559a2233c,2026-08-27 11:28:13.251733+00,2026-08-27 11:28:13.251734+00,
a3da8514-f1a1-401d-bcb4-62c525e9f52a,3aa13103-bd03-4578-9292-44d88d58da00,8727be63-e58f-4434-88fb-0988a8f567d6,2026-06-20 17:42:00+00,,DECLINED,ALTERNATE,Declined 3 times in a row. Customer is actively avoiding contact. Planning direct field visit.,,,,,,,,,,632b5f27-fa7a-45be-93bf-30ac22a30713,2026-08-27 11:28:13.252022+00,2026-08-27 11:28:13.252023+00,
58ae6edc-aa29-46bc-a8e9-a858ec5a0f79,c33350cc-f581-492e-807f-14262d56ebcb,f76b87ca-9218-4e78-9377-c55b4850be3b,2026-06-04 15:05:00+00,,DECLINED,PRIMARY,Call was declined immediately — customer likely recognised the number. Will try from a different number.,,,,,,,,,,63371d9e-054f-4622-a6c5-4a52c9986561,2026-08-27 11:28:13.251805+00,2026-08-27 11:28:13.251805+00,
2f356325-7463-446f-90d3-45cab93106d2,357e2e09-b637-468e-818b-57a5dce18e9c,c3c059c5-7278-43db-9372-40e1f22229ba,2026-06-18 16:51:00+00,,SWITCHED_OFF,PRIMARY,Switched off — second consecutive day. Will visit directly tomorrow morning.,,,,,,,,,,6352a9d6-dfef-4a37-944b-5448593d0756,2026-08-27 11:28:13.251739+00,2026-08-27 11:28:13.251739+00,
982d3485-6d75-4d79-952f-fb316821e338,c33350cc-f581-492e-807f-14262d56ebcb,e12e9aa0-fda9-4023-ba21-6532eae1940e,2026-06-10 14:01:00+00,236,ANSWERED,PRIMARY,Pre-visit call done. Customer confirmed the PTP amount is ready in his account. Visit confirmed for tomorrow morning.,t,,,,,,t,2026-08-29,Payment intent confirmed. Verbal commitment: 29 Aug 2026. Pre-visit call done. Customer confirmed the PTP amount is re...,6362f22b-cbcf-40c8-8c79-8c3a6c6da738,2026-08-27 11:28:13.25201+00,2026-08-27 11:28:13.25201+00,
03442767-a380-4dfb-a075-1f8ca0ab4778,4a182f53-a1a1-4f15-945a-6a56f4e04b64,ea214349-0295-45d5-82fe-f2ff063ae649,2026-07-21 11:59:00+00,,DECLINED,ALTERNATE,Call rejected within 2 rings each time. Possible number block. Visiting directly.,,,,,,,,,,639823ea-5fcd-4082-819e-68a8ae9536b2,2026-08-27 11:28:13.251481+00,2026-08-27 11:28:13.251482+00,
85858dd3-a720-4de0-9f80-d4be45351430,5fbae4d6-59d1-4e6c-8a80-fe57244a45bb,9e22540f-abc7-46a6-a05c-b5c3a65d69ba,2026-04-30 13:43:00+00,,SWITCHED_OFF,PRIMARY,Switched off — second consecutive day. Will visit directly tomorrow morning.,,,,,,,,,,63f7b504-4a5f-4fe7-84dd-d9683666344c,2026-08-27 11:28:13.624146+00,2026-08-27 11:28:13.624146+00,
3d66de68-8914-4aec-aead-b463c4b65d13,3e9c4168-1de9-43e8-b9f2-fbf3f931949d,414ea351-9932-44a5-97dd-6087537e80e3,2026-04-22 11:45:00+00,115,ANSWERED,PRIMARY,Hostile call. Customer said the matter is with the banking ombudsman and threatened complaint if we call again.,f,,,,,,,,,6432e7c0-d328-4488-9099-346f9f89b6af,2026-08-27 11:28:13.62405+00,2026-08-27 11:28:13.62405+00,
feae20aa-4519-4755-ad34-77b819c7298f,2dfc73e0-dba9-4aa5-babf-d5141ded5497,ea214349-0295-45d5-82fe-f2ff063ae649,2026-07-13 18:35:00+00,,WRONG_NUMBER,PRIMARY,Phone rang but no one picked up. Will try the alternate number listed in records.,,,,,,,,,,645066a8-dc6a-4e21-ae42-87b6d31b3420,2026-08-27 11:28:13.251686+00,2026-08-27 11:28:13.251687+00,
359f2493-21f7-4fdc-aeaf-ff35a31d9596,c2f2e0ce-5aeb-4ece-8325-2167edfe139e,82440fe5-d534-4f3c-8df1-5d8b99fc4234,2026-05-25 16:02:00+00,,WRONG_NUMBER,PRIMARY,Primary number not answering. Alternate number also not reachable. Planned a direct visit.,,,,,,,,,,647de51f-d59b-4fb8-af9a-b440de4edf9e,2026-08-27 11:28:13.624004+00,2026-08-27 11:28:13.624004+00,
91fc5b94-4e86-4042-9808-7dc124a121ad,a13886ca-739b-47b4-a473-724e03f7332a,b0b75c27-9481-449b-8497-bf3716cf0ea8,2026-05-21 17:52:00+00,209,ANSWERED,ALTERNATE,Spoke to borrower. He said Sundays he's home all morning. Weekdays he's at the factory by 7 AM.,t,11 AM to 1 PM,,,,,,,Customer reachable 11 AM to 1 PM. Spoke to borrower. He said Sundays he's home all morning. Weekdays he's at the f...,6515a142-81e9-449c-9763-d24e3993a59e,2026-08-27 11:28:13.623948+00,2026-08-27 11:28:13.623949+00,
4d76689b-6d37-4f34-bdcf-0365937ea1de,b06cd5a3-f1c0-4cdb-b241-9ce2d6c5e791,a28aa48d-a8a8-4e65-b147-a14037eef4bd,2026-03-25 14:52:00+00,65,ANSWERED,ALTERNATE,Spoke to borrower. His property is being sold — proceeds will clear the full outstanding. 30-60 day window expected.,t,after salary credit on 9th,,,,,t,2026-09-13,Customer reachable after salary credit on 9th. Spoke to borrower. His property is being sold — proceeds will clear the full out...,65181753-fa04-4337-a02a-6f3d422ae416,2026-08-27 11:28:13.624425+00,2026-08-27 11:28:13.624425+00,
1aab570c-e5fc-422f-bfb5-a6bfed82dcef,5fbae4d6-59d1-4e6c-8a80-fe57244a45bb,c678e71f-9674-4b8a-a1fa-d9655698801f,2026-08-14 13:39:00+00,,DECLINED,ALTERNATE,Declined 3 times in a row. Customer is actively avoiding contact. Planning direct field visit.,,,,,,,,,,65598464-3178-42fe-be19-8ce9d677181b,2026-08-27 11:28:13.251354+00,2026-08-27 11:28:13.251354+00,
707e39ac-161d-4c00-8816-e1b2db4970e9,3aa13103-bd03-4578-9292-44d88d58da00,be5d23c6-cada-4dc4-a0c8-4d771bc35017,2026-05-02 13:55:00+00,,NO_ANSWER,PRIMARY,Tried calling three times — no response. Will try visiting directly based on the timing intel from the last visit.,,,,,,,,,,65735cd4-2fae-4aee-8b78-0fb9fde9f9e7,2026-08-27 11:28:13.624033+00,2026-08-27 11:28:13.624034+00,
fe454d89-af3b-4810-9a99-86f1438bcf0c,3aa13103-bd03-4578-9292-44d88d58da00,cf7b87d2-87b4-4320-a012-b994bdada55a,2026-07-05 14:43:00+00,,SWITCHED_OFF,PRIMARY,Phone is switched off. Will try again after 2 hours.,,,,,,,,,,65ce7bb5-0397-44c7-8b76-f5d5797bfbef,2026-08-27 11:28:13.251499+00,2026-08-27 11:28:13.251499+00,
ee95f2ad-a914-48fb-90ed-1908e6ae946f,a2e2555c-f597-43af-a77a-fe708f967218,e2d970b8-dd2e-4a19-a0e9-c345621ec3b0,2026-07-06 10:21:00+00,,NO_ANSWER,PRIMARY,Phone rang but no one picked up. Will try the alternate number listed in records.,,,,,,,,,,65dcbf4e-670e-41df-8f49-7db1a7b7e931,2026-08-27 11:28:13.251542+00,2026-08-27 11:28:13.251543+00,
ce948a4c-762d-4b07-8fcb-aee2084621a2,1d5e58e8-954e-4d6c-b13c-6e6d614cb588,540fd0f4-e42e-489e-bf37-4ae508e0225f,2026-04-10 12:03:00+00,77,ANSWERED,PRIMARY,Customer answered but was very distressed — his parent is critical in hospital. Not a good time. Requested I call back in 4 days.,f,,,,2026-09-04,,,,Do not visit until 04 Sep 2026 — customer unavailable.,66507ff5-35e8-48b8-a838-fa3406073bc4,2026-08-27 11:28:13.624179+00,2026-08-27 11:28:13.624179+00,
7110942f-0ba7-407d-a4c3-1412d18426d3,5fbae4d6-59d1-4e6c-8a80-fe57244a45bb,635f2e4b-2bdd-4221-992a-9cc1bdf0a747,2026-04-27 16:38:00+00,,SWITCHED_OFF,PRIMARY,Phone is switched off. Will try again after 2 hours.,,,,,,,,,,6654624b-ad15-4e3d-a547-8dbd1cca0da2,2026-08-27 11:28:13.624124+00,2026-08-27 11:28:13.624124+00,
e77a9c4a-5d98-40f8-8572-65675453547a,2dfc73e0-dba9-4aa5-babf-d5141ded5497,19b65599-9a6e-4186-9398-f1f877e31ad6,2026-03-19 13:22:00+00,,NO_ANSWER,ALTERNATE,Three unanswered attempts today. Visiting directly — based on previous note that customer is home before 10 AM.,,,,,,,,,,66b88117-0650-4850-86e2-dfe6fde987cc,2026-08-27 11:28:13.624243+00,2026-08-27 11:28:13.624244+00,
9dbeb5ad-5cd2-434f-952d-2021b44c2a6f,c2f2e0ce-5aeb-4ece-8325-2167edfe139e,109ca576-3c7b-4114-b736-57cf14e3b726,2026-05-26 18:32:00+00,,NO_ANSWER,PRIMARY,Phone rang but no one picked up. Will try the alternate number listed in records.,,,,,,,,,,66fd613f-a990-46ad-ad96-f5b804d35568,2026-08-27 11:28:13.624022+00,2026-08-27 11:28:13.624022+00,
d4e4c522-e626-48b5-8558-d84d8ae45747,cd9e6eca-028e-4c61-8e82-048327bc4476,49990be3-78b7-4671-a955-7b3eaf1c075c,2026-07-15 18:22:00+00,80,ANSWERED,PRIMARY,Pre-visit call confirmed. Customer said payment is ready. Also said come before noon as he has an afternoon appointment.,t,,,,,,t,2026-08-29,Payment intent confirmed. Verbal commitment: 29 Aug 2026. Pre-visit call confirmed. Customer said payment is ready. Al...,6711d930-31f1-4535-8a0d-9aa9a35e74e8,2026-08-27 11:28:13.25146+00,2026-08-27 11:28:13.25146+00,
cb2b92fc-05ae-4718-a5fa-614cf047f591,2b6de8aa-0976-4be0-8a40-043ff86ffa54,c34120e6-6778-4c63-9d4f-089bb0fd435a,2026-08-26 14:16:00+00,,DECLINED,PRIMARY,Declined 3 times in a row. Customer is actively avoiding contact. Planning direct field visit.,,,,,,,,,,67209520-8401-4289-b91d-9144c9c7eca6,2026-08-27 11:28:13.624444+00,2026-08-27 11:28:13.624445+00,
19995051-c48f-46a0-a78d-a83be0d4ed07,c2f2e0ce-5aeb-4ece-8325-2167edfe139e,3a7c144c-c15a-4a83-8de0-c68126435e7f,2026-06-25 17:46:00+00,,DECLINED,PRIMARY,Call rejected within 2 rings each time. Possible number block. Visiting directly.,,,,,,,,,,6801d7bd-dfa6-4271-8521-6653d7841150,2026-08-27 11:28:13.252035+00,2026-08-27 11:28:13.252036+00,
1c835b8a-3fdb-4d95-83fe-512b15750a37,c6ca60b7-2143-412b-887e-c30ae9cda031,0cf79da7-545f-4c74-a7f6-517536fa5cf4,2026-05-19 13:40:00+00,211,ANSWERED,PRIMARY,Pre-visit reminder — customer said everything is ready. Asked me to be discreet when visiting as neighbours are watching.,t,,,,,,t,2026-08-27,Payment intent confirmed. Verbal commitment: 27 Aug 2026. Pre-visit reminder — customer said everything is ready. Aske...,68c19888-0f63-4a6d-b299-33cee1d70bb4,2026-08-27 11:28:13.623823+00,2026-08-27 11:28:13.623826+00,
13871b39-d123-4a16-a6f2-1a6823e94358,c37b6a5c-9d1c-46d4-8ece-dfce290dc74b,d82ad54b-75b4-4810-ae18-bbb4df1159b6,2026-04-08 18:16:00+00,33,ANSWERED,ALTERNATE,Called — customer's daughter picked up and said mother is home by 4 PM every day from her clinic job. Evening visits work.,t,morning before 9:30,,,,,,,Customer reachable morning before 9:30. Called — customer's daughter picked up and said mother is home by 4 PM every day...,68c6fee4-1b0a-479f-8171-0c8f82f3f7d2,2026-08-27 11:28:13.624055+00,2026-08-27 11:28:13.624056+00,
c721b712-1ed7-46f7-a0c7-344db42d0bce,a2e2555c-f597-43af-a77a-fe708f967218,4a23c276-a1c6-4a07-8906-3352637ad1cb,2026-06-18 09:45:00+00,15,BUSY,ALTERNATE,Busy tone on first attempt. Will try again in 15 minutes.,,,,,,,,,,68c8c249-fea6-4671-b859-a0dabbda6426,2026-08-27 11:28:13.251768+00,2026-08-27 11:28:13.251769+00,
a9077346-1e77-4b17-8eaf-4713ba0cbe6c,a13886ca-739b-47b4-a473-724e03f7332a,9339433d-7018-4df9-8ab1-189b46c9ca29,2026-04-20 18:53:00+00,,DECLINED,PRIMARY,Call was declined immediately — customer likely recognised the number. Will try from a different number.,,,,,,,,,,691b8d6c-005e-4aca-8c9a-49c739ff25e8,2026-08-27 11:28:13.62416+00,2026-08-27 11:28:13.624161+00,
00bf314b-95ea-4928-af92-d78931325e03,5fbae4d6-59d1-4e6c-8a80-fe57244a45bb,1ca49b3c-bae3-4b4f-97fe-d55af158dab2,2026-04-30 15:14:00+00,,WRONG_NUMBER,PRIMARY,Phone rang but no one picked up. Will try the alternate number listed in records.,,,,,,,,,,699124df-cff4-4669-8290-72d17e827d5d,2026-08-27 11:28:13.62422+00,2026-08-27 11:28:13.62422+00,
4f6ee7d6-ce14-4e3d-9d39-439cfb5dbe71,e9dced65-f61b-4c24-bae7-d4170299ed46,ba61e26c-957f-47e5-84c7-210db74a1652,2026-05-16 12:11:00+00,,DECLINED,PRIMARY,Call rejected within 2 rings each time. Possible number block. Visiting directly.,,,,,,,,,,69b36d67-df6f-4583-9946-c26ed1622af8,2026-08-27 11:28:13.252051+00,2026-08-27 11:28:13.252051+00,
a9f60804-09fd-4777-90a8-de972b4484fd,cd9e6eca-028e-4c61-8e82-048327bc4476,9bd1b138-1ded-4ba6-8eba-013a26589c63,2026-07-04 12:08:00+00,6,BUSY,ALTERNATE,Busy tone on first attempt. Will try again in 15 minutes.,,,,,,,,,,6a025cc7-d098-4ee9-bc10-617361dc1236,2026-08-27 11:28:13.25157+00,2026-08-27 11:28:13.251571+00,
34f3a5ea-99d1-48df-a34f-dc3e858ca7a9,c37b6a5c-9d1c-46d4-8ece-dfce290dc74b,0c6dbe7b-6c5d-4d4e-9acf-ee39611a9414,2026-03-23 15:29:00+00,23,BUSY,PRIMARY,Line was busy. Customer probably on another call. Trying again.,,,,,,,,,,6a21096a-4be9-408e-9ed1-beda9b97ec81,2026-08-27 11:28:13.624315+00,2026-08-27 11:28:13.624315+00,
d1483dff-17f9-45b3-a291-e57d854c32a4,3aa13103-bd03-4578-9292-44d88d58da00,4f8bfadf-b2bc-41d8-82ef-ac42eac891d6,2026-07-18 11:06:00+00,,DECLINED,PRIMARY,Declined 3 times in a row. Customer is actively avoiding contact. Planning direct field visit.,,,,,,,,,,6a7d7ae0-00fd-45c2-aa6f-b5b64735554c,2026-08-27 11:28:13.251632+00,2026-08-27 11:28:13.251633+00,
b0817725-39e4-401a-a69e-b9734187d920,e9dced65-f61b-4c24-bae7-d4170299ed46,598573b9-8c04-44bf-bc0b-b3a1d7eb941c,2026-07-23 17:48:00+00,,WRONG_NUMBER,ALTERNATE,Three unanswered attempts today. Visiting directly — based on previous note that customer is home before 10 AM.,,,,,,,,,,6ab4a4ef-bb0c-4bcc-b564-31fbea19140d,2026-08-27 11:28:13.251482+00,2026-08-27 11:28:13.251483+00,
b8229b8e-ad88-42eb-a6a5-3bad34066859,4a182f53-a1a1-4f15-945a-6a56f4e04b64,0b547eaa-2b69-48cc-a066-58e1e3def0fa,2026-03-25 18:09:00+00,212,ANSWERED,ALTERNATE,Called as a reminder. Borrower said she will transfer via UPI today itself — before noon. No need for field visit today.,t,,,,,,t,2026-08-30,Payment intent confirmed. Verbal commitment: 30 Aug 2026. Called as a reminder. Borrower said she will transfer via UP...,6ad32a80-b652-4209-9de2-7a6db72df183,2026-08-27 11:28:13.624251+00,2026-08-27 11:28:13.624251+00,
d6e0e387-a749-4aea-9655-ec3b0722c66d,8e59153e-dc8e-4efa-af65-1db304a6f3f1,03835aab-6c3f-498b-87bb-b14e81a4c4a7,2026-06-04 14:18:00+00,,DECLINED,PRIMARY,Call was declined immediately — customer likely recognised the number. Will try from a different number.,,,,,,,,,,6b87263c-bd18-4f5d-98b5-125659bab3b6,2026-08-27 11:28:13.251998+00,2026-08-27 11:28:13.251998+00,
af304ff6-67dd-4f78-a7ba-369864757197,e9dced65-f61b-4c24-bae7-d4170299ed46,16791195-a842-4ef7-b058-6ccd52230bb0,2026-03-28 10:23:00+00,68,ANSWERED,PRIMARY,Borrower picked up. Child's board exams are ongoing — he specifically requested no visit for the next 2 weeks till exams are over.,f,,,,2026-08-31,,,,Do not visit until 31 Aug 2026 — customer unavailable.,6c75622c-99bb-4f9a-b154-c80e26db7846,2026-08-27 11:28:13.624389+00,2026-08-27 11:28:13.62439+00,
cce14ef2-1448-41bc-9117-373666b41230,4a182f53-a1a1-4f15-945a-6a56f4e04b64,2c37b2b2-ddc4-4f71-ad73-a2d174fdaaf8,2026-03-14 17:36:00+00,,DECLINED,ALTERNATE,Call rejected within 2 rings each time. Possible number block. Visiting directly.,,,,,,,,,,6d1d5ca0-c47f-45c2-83aa-99a9e0fcd0fd,2026-08-27 11:28:13.624398+00,2026-08-27 11:28:13.624399+00,
2fc06593-4740-4714-bf33-b3e7b2620054,c37b6a5c-9d1c-46d4-8ece-dfce290dc74b,1b8e7e04-098a-440a-9cfb-132f9348703c,2026-03-21 17:33:00+00,230,ANSWERED,PRIMARY,Spoke to the customer just now. She leaves for the market at 12:30 PM daily. Best window is weekday mornings before noon.,t,after 6 PM,,,,,,,Customer reachable after 6 PM. Spoke to the customer just now. She leaves for the market at 12:30 PM daily. Bes...,6d9ad62c-675f-417d-b27c-8cc302498cfc,2026-08-27 11:28:13.624356+00,2026-08-27 11:28:13.624356+00,
86edfc70-8ec2-4112-8fcf-feee239e973a,5fbae4d6-59d1-4e6c-8a80-fe57244a45bb,efc128df-533f-4df9-8a86-8c8de59e0a2d,2026-04-27 16:42:00+00,98,ANSWERED,PRIMARY,Borrower picked up. Child's board exams are ongoing — he specifically requested no visit for the next 2 weeks till exams are over.,f,,,,2026-09-01,,,,Do not visit until 01 Sep 2026 — customer unavailable.,6dca24dd-699f-489a-b2b9-abbe000f8c68,2026-08-27 11:28:13.62421+00,2026-08-27 11:28:13.62421+00,
ee95f2ad-a914-48fb-90ed-1908e6ae946f,a2e2555c-f597-43af-a77a-fe708f967218,e2d970b8-dd2e-4a19-a0e9-c345621ec3b0,2026-07-08 12:37:00+00,228,ANSWERED,ALTERNATE,"Customer picked up briefly, said don't disturb during office hours and disconnected. Will try in the evening.",f,,,,,,,,,6df36a0f-d111-4a64-8ff6-9b6dcfdcac7c,2026-08-27 11:28:13.25154+00,2026-08-27 11:28:13.25154+00,
4c49d03f-12db-465c-a124-730c4533b75a,2b6de8aa-0976-4be0-8a40-043ff86ffa54,58266cef-59d1-4693-9c40-c5ce985286db,2026-04-12 15:03:00+00,,DECLINED,PRIMARY,Call was declined immediately — customer likely recognised the number. Will try from a different number.,,,,,,,,,,6e0de5c6-d00b-4335-9d61-fe81f6ff0356,2026-08-27 11:28:13.624208+00,2026-08-27 11:28:13.624208+00,
09f638e4-1837-44cd-84a4-5b5fdba238c2,1d5e58e8-954e-4d6c-b13c-6e6d614cb588,5831efe8-5398-4538-8ce8-e7e241cfc522,2026-05-17 13:53:00+00,,WRONG_NUMBER,PRIMARY,Three unanswered attempts today. Visiting directly — based on previous note that customer is home before 10 AM.,,,,,,,,,,6e4c9840-c838-46a3-b79c-73f31860a294,2026-08-27 11:28:13.252076+00,2026-08-27 11:28:13.252077+00,
5a4a60b3-00df-4701-bccc-70ffba2d992c,2b6de8aa-0976-4be0-8a40-043ff86ffa54,0549a0ef-cfda-4123-acaa-366ba52ffd7e,2026-08-12 10:34:00+00,237,ANSWERED,PRIMARY,Customer picked up. Said he's out of city for 10 days for a family function. Requested no visit until he returns on the 15th. Blocking visits until then.,f,,,,2026-09-05,,,,Do not visit until 05 Sep 2026 — customer unavailable.,6e62033c-8975-4e5b-899f-a6fef0a9d812,2026-08-27 11:28:13.251419+00,2026-08-27 11:28:13.251419+00,
da1f64f8-b9b7-4a03-b3cb-631070c68931,1d5e58e8-954e-4d6c-b13c-6e6d614cb588,24ec8685-728f-4fd9-ad1f-3d85956050d2,2026-08-05 13:55:00+00,,SWITCHED_OFF,PRIMARY,Both primary and alternate numbers are switched off since morning. Planning a direct visit.,,,,,,,,,,6ea201e9-9f9b-4cda-9a44-3247c91101ac,2026-08-27 11:28:13.251222+00,2026-08-27 11:28:13.251223+00,
b7553d53-8838-4c1a-bd63-db527c05e978,cd9e6eca-028e-4c61-8e82-048327bc4476,0c6dbe7b-6c5d-4d4e-9acf-ee39611a9414,2026-05-11 11:19:00+00,,WRONG_NUMBER,ALTERNATE,Three unanswered attempts today. Visiting directly — based on previous note that customer is home before 10 AM.,,,,,,,,,,6ef6d76f-c563-4155-9766-faec4b04e9b0,2026-08-27 11:28:13.2521+00,2026-08-27 11:28:13.2521+00,
37084f7a-c7dc-443b-a469-d5b8199b2a4e,c2f2e0ce-5aeb-4ece-8325-2167edfe139e,11721135-0a03-4f14-a72b-f26994b00c33,2026-04-05 13:21:00+00,,SWITCHED_OFF,PRIMARY,Both primary and alternate numbers are switched off since morning. Planning a direct visit.,,,,,,,,,,6fda678f-72fc-4cb9-9feb-a6665f35ae09,2026-08-27 11:28:13.624193+00,2026-08-27 11:28:13.624193+00,
a0c954b0-a65a-4722-8877-b5fd20a455ca,c33350cc-f581-492e-807f-14262d56ebcb,26f02717-8e95-4da1-bd80-7ca2a17be532,2026-08-21 14:49:00+00,,SWITCHED_OFF,PRIMARY,Switched off — second consecutive day. Will visit directly tomorrow morning.,,,,,,,,,,6fff0aa9-4ace-426b-9f60-22f5872757ba,2026-08-27 11:28:13.251259+00,2026-08-27 11:28:13.251259+00,
d14b16b1-6ba1-487f-bd9f-d61d7c369b0c,a2e2555c-f597-43af-a77a-fe708f967218,364b95b7-fedb-416f-ba02-3d96077eb4bc,2026-05-27 09:21:00+00,,SWITCHED_OFF,ALTERNATE,Phone is switched off. Will try again after 2 hours.,,,,,,,,,,701093e6-f733-491d-bef3-b161d65f38e8,2026-08-27 11:28:13.623845+00,2026-08-27 11:28:13.623846+00,
cb2aff7e-8a25-4539-b666-eb2ee3cd72bd,a13886ca-739b-47b4-a473-724e03f7332a,9bd1b138-1ded-4ba6-8eba-013a26589c63,2026-03-14 13:59:00+00,,WRONG_NUMBER,ALTERNATE,Primary number not answering. Alternate number also not reachable. Planned a direct visit.,,,,,,,,,,7092cb69-db8d-4648-a888-570c0b1eb828,2026-08-27 11:28:13.624278+00,2026-08-27 11:28:13.624279+00,
2efb29f7-6b9d-4ee2-b42d-5c8eb992a017,a13886ca-739b-47b4-a473-724e03f7332a,aeb13a3f-357b-4509-a2d0-3d841cc5d60d,2026-05-28 16:09:00+00,,SWITCHED_OFF,PRIMARY,Both primary and alternate numbers are switched off since morning. Planning a direct visit.,,,,,,,,,,70ba74f6-32f7-4873-9f9f-fe1eb5d1cb89,2026-08-27 11:28:13.623829+00,2026-08-27 11:28:13.62383+00,
133c0e52-06d3-4439-8b92-b335b4b39b17,e9dced65-f61b-4c24-bae7-d4170299ed46,2a15516f-d306-43e7-9555-1ce7dc5b5296,2026-08-14 11:17:00+00,208,ANSWERED,PRIMARY,Spoke to the borrower. He's at a wedding in his native village — back by Sunday. Asked me to visit on Monday morning.,f,,,,2026-09-10,,,,Do not visit until 10 Sep 2026 — customer unavailable.,71211527-07ec-4283-8e28-8e692b800e14,2026-08-27 11:28:13.251371+00,2026-08-27 11:28:13.251372+00,
fc74bf9e-b236-4cd9-b3e5-002e72da0ad6,3aa13103-bd03-4578-9292-44d88d58da00,32f26267-1756-4d30-a1c7-f1be5aa626b5,2026-06-10 09:47:00+00,130,ANSWERED,ALTERNATE,Pre-visit call confirmed. Customer said payment is ready. Also said come before noon as he has an afternoon appointment.,t,,,,,,t,2026-09-01,Payment intent confirmed. Verbal commitment: 01 Sep 2026. Pre-visit call confirmed. Customer said payment is ready. Al...,71c0faf4-3441-4316-9b0f-b24a022c991d,2026-08-27 11:28:13.251712+00,2026-08-27 11:28:13.251713+00,
86535b62-df6b-4425-b3cf-cef873a9ce57,a2e2555c-f597-43af-a77a-fe708f967218,62ca4503-91fd-4e76-a546-66da4597fc2d,2026-05-09 14:17:00+00,,SWITCHED_OFF,PRIMARY,Phone is switched off. Will try again after 2 hours.,,,,,,,,,,71dec4c8-8912-4e91-87c1-afe91ce73f25,2026-08-27 11:28:13.623868+00,2026-08-27 11:28:13.623869+00,
724c3ed9-c91d-452d-8b52-b8ab1de479b2,2dfc73e0-dba9-4aa5-babf-d5141ded5497,4bba3b50-9406-4d03-b681-44f4b49d1462,2026-05-06 16:02:00+00,96,ANSWERED,PRIMARY,Customer answered aggressively — said he has a lawyer and to not call again. Call ended within 30 seconds.,f,,,,,,,,,72307ffa-dcf1-4bfa-a70f-a8e77b695398,2026-08-27 11:28:13.62398+00,2026-08-27 11:28:13.623981+00,
3d66de68-8914-4aec-aead-b463c4b65d13,3e9c4168-1de9-43e8-b9f2-fbf3f931949d,414ea351-9932-44a5-97dd-6087537e80e3,2026-04-21 18:13:00+00,175,ANSWERED,PRIMARY,Spoke to borrower. He said Sundays he's home all morning. Weekdays he's at the factory by 7 AM.,t,before 10 AM,,,,,,,Customer reachable before 10 AM. Spoke to borrower. He said Sundays he's home all morning. Weekdays he's at the f...,729338e5-1d08-4771-a2a7-095a606c467c,2026-08-27 11:28:13.624051+00,2026-08-27 11:28:13.624051+00,
a3da8514-f1a1-401d-bcb4-62c525e9f52a,3aa13103-bd03-4578-9292-44d88d58da00,8727be63-e58f-4434-88fb-0988a8f567d6,2026-06-19 09:01:00+00,63,ANSWERED,ALTERNATE,"Customer picked up briefly, said don't disturb during office hours and disconnected. Will try in the evening.",f,,,,,,,,,72a00a23-f352-4b05-94f4-07271e6decd1,2026-08-27 11:28:13.252021+00,2026-08-27 11:28:13.252021+00,
e16d3600-2242-4fe2-9ced-beef90ea03a6,357e2e09-b637-468e-818b-57a5dce18e9c,01bec68e-6cbc-49d5-9bc3-5d11bc4bd4a1,2026-05-16 18:04:00+00,,SWITCHED_OFF,PRIMARY,Phone is switched off. Will try again after 2 hours.,,,,,,,,,,72c2097d-4f30-4316-8acf-1cc80fa4f732,2026-08-27 11:28:13.25208+00,2026-08-27 11:28:13.252081+00,
66a60730-c389-4b71-82ce-e56283b99fae,a13886ca-739b-47b4-a473-724e03f7332a,0c1f9092-ef1b-4766-a09c-5aa61702bc8e,2026-04-13 17:52:00+00,216,ANSWERED,ALTERNATE,Customer picked up and confirmed home on the visit day. Requested I call before leaving so he can keep cash ready.,t,after 6 PM,,,,,,,Customer reachable after 6 PM. Customer picked up and confirmed home on the visit day. Requested I call before ...,742d37cf-f6a1-44f5-a2ad-96a428d8cc7c,2026-08-27 11:28:13.624064+00,2026-08-27 11:28:13.624065+00,
dd0d71b0-726d-49f4-9b98-d9038f1d34a8,2dfc73e0-dba9-4aa5-babf-d5141ded5497,bbf0db48-6ed9-49a7-bbb4-66fb14b93511,2026-06-27 15:04:00+00,,NO_ANSWER,PRIMARY,Phone rang but no one picked up. Will try the alternate number listed in records.,,,,,,,,,,743371bb-63ba-41ec-9917-fca32725a996,2026-08-27 11:28:13.252033+00,2026-08-27 11:28:13.252033+00,
617a7a6a-7b62-4af9-bd79-cd6932dd4c0a,2dfc73e0-dba9-4aa5-babf-d5141ded5497,c52e3c3a-f668-409c-b38e-eacfaafb3285,2026-03-18 10:51:00+00,,WRONG_NUMBER,PRIMARY,Three unanswered attempts today. Visiting directly — based on previous note that customer is home before 10 AM.,,,,,,,,,,744d3249-e648-44ac-8a30-7af8949c24f8,2026-08-27 11:28:13.624399+00,2026-08-27 11:28:13.6244+00,
0f11262e-46de-4a7a-9341-990db867dfa6,357e2e09-b637-468e-818b-57a5dce18e9c,2d5a75e9-0241-4f60-98fe-5461da045389,2026-07-09 12:05:00+00,,NO_ANSWER,PRIMARY,Primary number not answering. Alternate number also not reachable. Planned a direct visit.,,,,,,,,,,749f1e1b-3cd9-4d1b-892e-9d2df3e35240,2026-08-27 11:28:13.251579+00,2026-08-27 11:28:13.25158+00,
1d09cd5e-7624-409b-9722-566194e3323b,a13886ca-739b-47b4-a473-724e03f7332a,c77e10a4-659a-45bc-b298-17404f303324,2026-04-28 18:22:00+00,,WRONG_NUMBER,PRIMARY,Primary number not answering. Alternate number also not reachable. Planned a direct visit.,,,,,,,,,,74c3b777-a838-4bb9-b96e-115a9249649b,2026-08-27 11:28:13.624031+00,2026-08-27 11:28:13.624031+00,
a3da8514-f1a1-401d-bcb4-62c525e9f52a,3aa13103-bd03-4578-9292-44d88d58da00,8727be63-e58f-4434-88fb-0988a8f567d6,2026-06-20 14:03:00+00,,DECLINED,ALTERNATE,Declined 3 times in a row. Customer is actively avoiding contact. Planning direct field visit.,,,,,,,,,,74c5f692-fdbb-4caa-a596-9a7ed3f7655c,2026-08-27 11:28:13.252024+00,2026-08-27 11:28:13.252024+00,
7e11458d-c812-46e8-af48-d562d3b7d4a6,3aa13103-bd03-4578-9292-44d88d58da00,4ebd4493-2e36-49cd-b2b7-f0838465d0e5,2026-03-06 16:38:00+00,144,ANSWERED,PRIMARY,Pre-visit call done. Customer confirmed the PTP amount is ready in his account. Visit confirmed for tomorrow morning.,t,,,,,,t,2026-08-29,Payment intent confirmed. Verbal commitment: 29 Aug 2026. Pre-visit call done. Customer confirmed the PTP amount is re...,74da354f-e6fd-4413-a6ae-28763d61a8df,2026-08-27 11:28:13.624298+00,2026-08-27 11:28:13.624298+00,
5c3011de-a1ea-4b75-a929-a5f531af11c1,4a182f53-a1a1-4f15-945a-6a56f4e04b64,af8f8ea1-8a4d-4592-8e17-0573d3a20840,2026-08-06 14:47:00+00,,NO_ANSWER,ALTERNATE,No answer since morning. Will try calling in the evening — customer may be at work.,,,,,,,,,,7522f90e-9fb2-456d-99eb-f6839358ee0b,2026-08-27 11:28:13.251352+00,2026-08-27 11:28:13.251353+00,
83339467-f1d1-4f90-abd9-c87c9ef445ab,8e59153e-dc8e-4efa-af65-1db304a6f3f1,2941db57-a823-4c8c-81df-42d797c63d2c,2026-07-23 12:35:00+00,,WRONG_NUMBER,PRIMARY,Three unanswered attempts today. Visiting directly — based on previous note that customer is home before 10 AM.,,,,,,,,,,759b5718-27e1-4623-88e9-a58a32be90eb,2026-08-27 11:28:13.251605+00,2026-08-27 11:28:13.251605+00,
262556e4-d500-4f02-9f88-b94feb0ecdca,a2e2555c-f597-43af-a77a-fe708f967218,c6a2698c-287b-474b-9980-af763d7d98c2,2026-08-27 11:57:00+00,,NO_ANSWER,ALTERNATE,Tried calling three times — no response. Will try visiting directly based on the timing intel from the last visit.,,,,,,,,,,75ffa464-74f0-41cd-acf6-c2a7fc877ba1,2026-08-27 11:28:13.251427+00,2026-08-27 11:28:13.251428+00,
733ec455-55c4-4cfb-b5eb-7ba264774c02,3aa13103-bd03-4578-9292-44d88d58da00,6826e06a-4b50-4c8e-b3d4-9584ddbeb0e5,2026-07-23 12:59:00+00,,DECLINED,PRIMARY,Call rejected within 2 rings each time. Possible number block. Visiting directly.,,,,,,,,,,764ea94d-d186-4b44-82af-7e8f9831990a,2026-08-27 11:28:13.251526+00,2026-08-27 11:28:13.251527+00,
23ddf276-72a3-4dae-a1a6-1cfeba76786e,2dfc73e0-dba9-4aa5-babf-d5141ded5497,5d74c92c-6a7e-4373-bcdb-6547b01b5faa,2026-09-23 07:01:50.574599+00,,NO_ANSWER,PRIMARY,,,,,,,,,,,76ad173d-3d9a-41c1-b49f-cedcc853a72d,2026-09-23 07:01:50.577848+00,2026-09-23 07:01:50.577853+00,
2bf297de-d5b2-4964-94bc-e67b9dcdef2b,4a182f53-a1a1-4f15-945a-6a56f4e04b64,ac097225-fba9-4e4d-9c4e-a8d4d8fba315,2026-07-20 14:33:00+00,14,BUSY,PRIMARY,Busy tone on first attempt. Will try again in 15 minutes.,,,,,,,,,,77022217-897f-4005-9cda-9493ac34e9b4,2026-08-27 11:28:13.251588+00,2026-08-27 11:28:13.251589+00,
1c61f6d9-908e-440e-88be-7e3c2d4a6af7,3e9c4168-1de9-43e8-b9f2-fbf3f931949d,8360ebc4-51cb-4b24-b405-9dc2a30de93a,2026-03-31 12:50:00+00,,SWITCHED_OFF,ALTERNATE,Switched off. Going by the timing intel from last visit — planning morning visit before 9 AM.,,,,,,,,,,77122e07-da94-4c75-99f3-aef7f108ac79,2026-08-27 11:28:13.624256+00,2026-08-27 11:28:13.624257+00,
1484c2d5-18ee-4af6-88c4-26cd52210993,357e2e09-b637-468e-818b-57a5dce18e9c,c5d11a2f-6027-4b69-825e-48ae5e7f20f1,2026-04-03 16:14:00+00,163,ANSWERED,PRIMARY,Customer answered but was very distressed — his parent is critical in hospital. Not a good time. Requested I call back in 4 days.,f,,,,2026-09-05,,,,Do not visit until 05 Sep 2026 — customer unavailable.,771fdb14-7982-453d-89ef-c956730e335f,2026-08-27 11:28:13.624293+00,2026-08-27 11:28:13.624294+00,
1b5331b4-e62c-4be1-9d6f-df9e5fad6d66,a13886ca-739b-47b4-a473-724e03f7332a,d23f6808-7ebf-4dba-87d6-0108d1381e9e,2026-05-23 09:43:00+00,36,ANSWERED,PRIMARY,Spoke to the borrower. He runs a small business — income is strongest after the 20th when his clients pay. PTP for 22nd confirmed.,t,,,,,,t,2026-09-12,Payment intent confirmed. Verbal commitment: 12 Sep 2026. Spoke to the borrower. He runs a small business — income is ...,773e8f2f-67a3-4f0d-806d-2863b5cc08c4,2026-08-27 11:28:13.623842+00,2026-08-27 11:28:13.623842+00,
e16d3600-2242-4fe2-9ced-beef90ea03a6,357e2e09-b637-468e-818b-57a5dce18e9c,01bec68e-6cbc-49d5-9bc3-5d11bc4bd4a1,2026-05-15 12:44:00+00,236,ANSWERED,PRIMARY,Called to confirm PTP — customer gave me the bank reference number for a transfer already done today. Will verify.,t,,,,,,t,2026-08-28,Payment intent confirmed. Verbal commitment: 28 Aug 2026. Called to confirm PTP — customer gave me the bank reference ...,77428686-48c3-4371-beac-4682eca324e2,2026-08-27 11:28:13.252082+00,2026-08-27 11:28:13.252082+00,
7e5d5916-19dc-4987-871a-2fd3e308e2ad,cd9e6eca-028e-4c61-8e82-048327bc4476,484210c8-33de-4f32-82fc-dc8fc87f7825,2026-07-19 14:25:00+00,116,ANSWERED,ALTERNATE,Pre-visit call confirmed. Customer said payment is ready. Also said come before noon as he has an afternoon appointment.,t,,,,,,t,2026-08-28,Payment intent confirmed. Verbal commitment: 28 Aug 2026. Pre-visit call confirmed. Customer said payment is ready. Al...,774bc7f7-c3f2-4e4b-8035-f10280f94566,2026-08-27 11:28:13.251575+00,2026-08-27 11:28:13.251576+00,
41327fd8-83b0-44b6-91df-db6b2732543d,b06cd5a3-f1c0-4cdb-b241-9ce2d6c5e791,ddc81210-df10-40b6-899b-86e340098a93,2026-05-26 09:06:00+00,,DECLINED,ALTERNATE,Call rejected within 2 rings each time. Possible number block. Visiting directly.,,,,,,,,,,77510e3d-bd62-4d28-b799-662f5f0dd067,2026-08-27 11:28:13.252102+00,2026-08-27 11:28:13.252103+00,
1b152f4d-7a21-461c-a5b2-5bf1726bed39,c6ca60b7-2143-412b-887e-c30ae9cda031,0c8029d7-3e34-44b7-847f-ba2b017924f0,2026-05-08 17:59:00+00,6,BUSY,PRIMARY,Busy tone on first attempt. Will try again in 15 minutes.,,,,,,,,,,775cfb73-fe89-465b-9b3b-8bf754a62c70,2026-08-27 11:28:13.62394+00,2026-08-27 11:28:13.623943+00,
99bbd936-0b8f-4278-892e-5264a46fb674,c2f2e0ce-5aeb-4ece-8325-2167edfe139e,e22c4360-2794-4667-b8db-d3cbcdf9d0a5,2026-07-06 10:44:00+00,,NO_ANSWER,PRIMARY,Three unanswered attempts today. Visiting directly — based on previous note that customer is home before 10 AM.,,,,,,,,,,775d3030-0a02-44ce-b8a1-3b733e1d101b,2026-08-27 11:28:13.251553+00,2026-08-27 11:28:13.251554+00,
ee0c93b5-5ffe-4a1b-abae-8b626997dc68,cd9e6eca-028e-4c61-8e82-048327bc4476,6eae988a-e6ef-45c7-b9c0-92b44ad3ddeb,2026-07-15 13:57:00+00,111,ANSWERED,ALTERNATE,Customer answered. Said he's home for lunch between 1 PM and 2:30 PM daily. That's a good window to visit.,t,after 6 PM,,,,,,,Customer reachable after 6 PM. Customer answered. Said he's home for lunch between 1 PM and 2:30 PM daily. That...,77620e7d-ae95-4485-8e68-843cb85a61b3,2026-08-27 11:28:13.251616+00,2026-08-27 11:28:13.251617+00,
fc40f146-0bfe-468e-b2a8-65b08be8ab39,3aa13103-bd03-4578-9292-44d88d58da00,a0809318-6545-4914-bb03-9ee9edd75583,2026-05-06 13:07:00+00,80,ANSWERED,PRIMARY,Called to confirm PTP — customer gave me the bank reference number for a transfer already done today. Will verify.,t,,,,,,t,2026-09-01,Payment intent confirmed. Verbal commitment: 01 Sep 2026. Called to confirm PTP — customer gave me the bank reference ...,7769fa4f-6135-4715-bb28-1834199cc76b,2026-08-27 11:28:13.252046+00,2026-08-27 11:28:13.252046+00,
e582a376-413c-4536-9794-19dd378390a4,a2e2555c-f597-43af-a77a-fe708f967218,6ee09325-b476-4ff7-acfd-dd6aff05eca9,2026-08-01 09:18:00+00,98,ANSWERED,PRIMARY,Pre-visit call done. Customer confirmed the PTP amount is ready in his account. Visit confirmed for tomorrow morning.,t,,,,,,t,2026-08-28,Payment intent confirmed. Verbal commitment: 28 Aug 2026. Pre-visit call done. Customer confirmed the PTP amount is re...,776b9d88-a417-452d-9994-3819a09202c7,2026-08-27 11:28:13.251561+00,2026-08-27 11:28:13.251562+00,
ed669f1c-d700-4761-8824-fa4c4200f0d7,a2e2555c-f597-43af-a77a-fe708f967218,3fe20a9b-4db5-458d-b0cb-fb7873bc5e4b,2026-08-24 15:55:00+00,,DECLINED,PRIMARY,Call rejected within 2 rings each time. Possible number block. Visiting directly.,,,,,,,,,,776d9df7-78e0-4f89-bb34-f1e231aeac0b,2026-08-27 11:28:13.251445+00,2026-08-27 11:28:13.251446+00,
0b5613f3-4573-48dc-827a-9e62be9e700e,5fbae4d6-59d1-4e6c-8a80-fe57244a45bb,adda5f6b-d1a2-4e63-a162-28c83df99980,2026-03-09 15:14:00+00,,NO_ANSWER,ALTERNATE,Phone rang but no one picked up. Will try the alternate number listed in records.,,,,,,,,,,77bbbdb3-8644-4875-a727-6f18c5800461,2026-08-27 11:28:13.624319+00,2026-08-27 11:28:13.62432+00,
f3b859d1-89dd-4efd-a8db-4413db45751d,3e9c4168-1de9-43e8-b9f2-fbf3f931949d,86363474-05d5-429d-9afe-a166ca0f3137,2026-05-19 15:57:00+00,,WRONG_NUMBER,PRIMARY,No answer since morning. Will try calling in the evening — customer may be at work.,,,,,,,,,,77d3f1d9-23ae-44ad-9a53-4a3569217316,2026-08-27 11:28:13.624014+00,2026-08-27 11:28:13.624014+00,
34a83a97-bdaa-4b85-81c3-980fba9da7b3,8e59153e-dc8e-4efa-af65-1db304a6f3f1,30226d3a-2d1e-4854-9b00-46ea0cd54d7e,2026-08-09 09:32:00+00,,SWITCHED_OFF,ALTERNATE,Switched off. Going by the timing intel from last visit — planning morning visit before 9 AM.,,,,,,,,,,7800ae0f-8f50-4059-85e9-760760faa3b2,2026-08-27 11:28:13.251261+00,2026-08-27 11:28:13.251262+00,
0e41dbcb-ffc9-4af3-961c-c81f66f4d3a6,2b6de8aa-0976-4be0-8a40-043ff86ffa54,a15e2e87-6de4-4701-9903-e88d34133ad8,2026-08-26 10:39:00+00,,SWITCHED_OFF,PRIMARY,Switched off. Going by the timing intel from last visit — planning morning visit before 9 AM.,,,,,,,,,,785c527a-132b-4157-a947-6366716070c3,2026-08-27 11:28:13.624436+00,2026-08-27 11:28:13.624436+00,
0a76aae6-22f3-4ad9-935f-90bbfb3e0619,b06cd5a3-f1c0-4cdb-b241-9ce2d6c5e791,84afbd8b-fd6f-4cd1-86f1-555aeefe9444,2026-03-14 16:48:00+00,25,BUSY,PRIMARY,Continuously busy for past 20 minutes. Will visit directly.,,,,,,,,,,78bd7c0f-9040-462a-ae3e-42e055728347,2026-08-27 11:28:13.624304+00,2026-08-27 11:28:13.624305+00,
1e5e4dd4-1e72-424c-b8b0-284a9c3b3d15,2b6de8aa-0976-4be0-8a40-043ff86ffa54,fd43a479-ff98-41e7-9901-d682854af95f,2026-05-28 13:14:00+00,45,ANSWERED,PRIMARY,Customer answered but was very distressed — his parent is critical in hospital. Not a good time. Requested I call back in 4 days.,f,,,,2026-08-31,,,,Do not visit until 31 Aug 2026 — customer unavailable.,7930a86e-9e51-4179-8418-c212e082549c,2026-08-27 11:28:13.252065+00,2026-08-27 11:28:13.252065+00,
7299b004-4631-41c9-b7ed-a0731f95db4b,3e9c4168-1de9-43e8-b9f2-fbf3f931949d,189de033-a7f1-48ad-950e-ac44aaf17e7b,2026-05-19 18:55:00+00,,DECLINED,ALTERNATE,Call was declined immediately — customer likely recognised the number. Will try from a different number.,,,,,,,,,,79348b59-2867-4484-852f-d305b8ed4543,2026-08-27 11:28:13.25204+00,2026-08-27 11:28:13.252041+00,
faae3a17-a2cc-40b0-b189-e7a98d8d1adb,3e9c4168-1de9-43e8-b9f2-fbf3f931949d,eb5373d3-667c-4bd0-9d69-4c9fb6d70086,2026-07-20 16:50:00+00,48,ANSWERED,PRIMARY,Borrower picked up. Child's board exams are ongoing — he specifically requested no visit for the next 2 weeks till exams are over.,f,,,,2026-09-11,,,,Do not visit until 11 Sep 2026 — customer unavailable.,796a7d53-94c3-4938-a360-362f9ec0d996,2026-08-27 11:28:13.251657+00,2026-08-27 11:28:13.251657+00,
78c7b9f9-94af-4b38-a167-309f34228897,2b6de8aa-0976-4be0-8a40-043ff86ffa54,9066d603-1a07-4392-8406-478468efec70,2026-05-14 12:49:00+00,192,ANSWERED,ALTERNATE,"Customer said insurance claim is pending settlement. When it comes, it will cover the full loan amount. Monitoring.",t,after 20th of month,,,,,t,2026-09-15,"Customer reachable after 20th of month. Customer said insurance claim is pending settlement. When it comes, it will cove...",79961f6e-17f0-4c76-9d81-ee246df41593,2026-08-27 11:28:13.623978+00,2026-08-27 11:28:13.623978+00,
d781f855-2d18-4461-b9bc-3a7d05dbdc9c,2b6de8aa-0976-4be0-8a40-043ff86ffa54,c231e4e1-dff9-4806-8971-f7225bd6a922,2026-08-23 09:54:00+00,79,ANSWERED,ALTERNATE,Pre-visit call confirmed. Customer said payment is ready. Also said come before noon as he has an afternoon appointment.,t,,,,,,t,2026-08-30,Payment intent confirmed. Verbal commitment: 30 Aug 2026. Pre-visit call confirmed. Customer said payment is ready. Al...,79ac8a2d-5eb1-433e-a3d7-5a7bb25876f6,2026-08-27 11:28:13.251234+00,2026-08-27 11:28:13.251234+00,
4051f020-8645-4d4d-9b60-f3174b123ac6,a13886ca-739b-47b4-a473-724e03f7332a,fb003551-696e-48e1-a3f3-fb8cc47620b0,2026-06-22 17:17:00+00,162,ANSWERED,PRIMARY,Called to confirm PTP — customer gave me the bank reference number for a transfer already done today. Will verify.,t,,,,,,t,2026-09-01,Payment intent confirmed. Verbal commitment: 01 Sep 2026. Called to confirm PTP — customer gave me the bank reference ...,79cde096-c7d6-4e20-abc5-6ffdafed121e,2026-08-27 11:28:13.251813+00,2026-08-27 11:28:13.251814+00,
928a5663-d99d-46e5-bb35-bb2be4584e23,b06cd5a3-f1c0-4cdb-b241-9ce2d6c5e791,0b2c8dd8-f345-4d01-94f7-6c59689252ce,2026-05-10 18:29:00+00,210,ANSWERED,PRIMARY,Customer mentioned his wife is the primary earner — her salary comes on the last working day of the month. PTP accordingly.,t,after salary credit on 9th,,,,,t,2026-09-08,Customer reachable after salary credit on 9th. Customer mentioned his wife is the primary earner — her salary comes on the last...,7a29473a-44b5-41ed-8da0-88625a22bd93,2026-08-27 11:28:13.623864+00,2026-08-27 11:28:13.623864+00,
f0e13135-fc84-417e-9bcb-9a06e95c69e1,1d5e58e8-954e-4d6c-b13c-6e6d614cb588,11721135-0a03-4f14-a72b-f26994b00c33,2026-06-19 15:09:00+00,167,ANSWERED,PRIMARY,Hostile call. Customer said the matter is with the banking ombudsman and threatened complaint if we call again.,f,,,,,,,,,7a468023-6312-4c6f-bc8b-222e5e73b0b0,2026-08-27 11:28:13.251755+00,2026-08-27 11:28:13.251755+00,
aa7879bb-bb87-4d9c-9d1a-f62d3fe2cc80,8e59153e-dc8e-4efa-af65-1db304a6f3f1,3bc906ec-1f51-4fe6-841e-0ddcf2b0f1ed,2026-06-08 18:26:00+00,53,ANSWERED,ALTERNATE,Reminder answered. Customer confirmed payment physically kept ready in cash. Visit confirmed.,t,,,,,,t,2026-09-01,Payment intent confirmed. Verbal commitment: 01 Sep 2026. Reminder answered. Customer confirmed payment physically kep...,7a655a5a-7ff6-4baa-9357-42a2f952f6f1,2026-08-27 11:28:13.251745+00,2026-08-27 11:28:13.251745+00,
20dc7a0e-bb49-4fd7-b54e-ded7d5c05d1a,e9dced65-f61b-4c24-bae7-d4170299ed46,1ca49b3c-bae3-4b4f-97fe-d55af158dab2,2026-05-20 13:46:00+00,147,ANSWERED,ALTERNATE,Customer picked up and immediately said to stop calling or he will file a harassment complaint. He cut the call. No visit recommended right now.,f,,,,,,,,,7a775490-1530-4892-9cb8-57b3d0786b71,2026-08-27 11:28:13.25209+00,2026-08-27 11:28:13.252091+00,
caee1595-0e1a-4efd-99cf-2818c8c86334,cd9e6eca-028e-4c61-8e82-048327bc4476,1b32f61d-8e4a-4b58-87fa-3a92c8baf6d7,2026-05-25 15:41:00+00,,SWITCHED_OFF,PRIMARY,Switched off. Going by the timing intel from last visit — planning morning visit before 9 AM.,,,,,,,,,,7a88a4df-bc49-4653-b748-f5faf3b58bb2,2026-08-27 11:28:13.623839+00,2026-08-27 11:28:13.62384+00,
8d3faa6e-13c3-4177-9659-1041524431d6,2dfc73e0-dba9-4aa5-babf-d5141ded5497,1b32f61d-8e4a-4b58-87fa-3a92c8baf6d7,2026-05-21 15:03:00+00,208,ANSWERED,ALTERNATE,Spoke to borrower. Harvest season — he's at his farm in another state. Will not be reachable for a month. Seasonal constraint.,f,,,,2026-09-09,,,,Do not visit until 09 Sep 2026 — customer unavailable.,7a9f3ee8-3d33-445d-896b-904e422ed92b,2026-08-27 11:28:13.62385+00,2026-08-27 11:28:13.62385+00,
82017589-4410-4904-bed8-b44598dbaa64,3e9c4168-1de9-43e8-b9f2-fbf3f931949d,0206ed96-6702-4d9b-8861-5ca0019ddc4f,2026-05-14 17:08:00+00,148,ANSWERED,PRIMARY,Spoke to borrower. His property is being sold — proceeds will clear the full outstanding. 30-60 day window expected.,t,after 20th of month,,,,,t,2026-09-02,Customer reachable after 20th of month. Spoke to borrower. His property is being sold — proceeds will clear the full out...,7b3f49e8-e450-4206-90ef-e447c89305bf,2026-08-27 11:28:13.624003+00,2026-08-27 11:28:13.624003+00,
6aaa775a-1485-4eed-a4df-9f14a4c2b89b,c2f2e0ce-5aeb-4ece-8325-2167edfe139e,0cf79da7-545f-4c74-a7f6-517536fa5cf4,2026-05-21 18:18:00+00,,DECLINED,PRIMARY,Call rejected within 2 rings each time. Possible number block. Visiting directly.,,,,,,,,,,7be0bd12-b210-43d8-9427-22de67f387f1,2026-08-27 11:28:13.623866+00,2026-08-27 11:28:13.623867+00,
057b3003-ef24-4180-bb92-e5172efd3273,5fbae4d6-59d1-4e6c-8a80-fe57244a45bb,94484ef4-edc0-4952-a49e-ff298b02b8ba,2026-07-05 13:25:00+00,,SWITCHED_OFF,ALTERNATE,Switched off. Going by the timing intel from last visit — planning morning visit before 9 AM.,,,,,,,,,,7ca0570b-3afd-436e-b253-d9859eeec40e,2026-08-27 11:28:13.251583+00,2026-08-27 11:28:13.251583+00,
a48f0618-380b-4bb2-8717-c4b5cc6a17f3,1d5e58e8-954e-4d6c-b13c-6e6d614cb588,c34b25c0-f1f6-4a99-8351-ecf4852a50d4,2026-07-06 11:37:00+00,87,ANSWERED,PRIMARY,"Customer said insurance claim is pending settlement. When it comes, it will cover the full loan amount. Monitoring.",t,on pension day,,,,,t,2026-08-28,"Customer reachable on pension day. Customer said insurance claim is pending settlement. When it comes, it will cove...",7cdf9cf8-1e75-47dd-8320-8f7c8a79c6a6,2026-08-27 11:28:13.251565+00,2026-08-27 11:28:13.251566+00,
7de5dca0-befd-411c-b810-4feca8cee150,b06cd5a3-f1c0-4cdb-b241-9ce2d6c5e791,39a9292a-e237-472a-bb6d-20dc92274a73,2026-04-27 18:59:00+00,,DECLINED,ALTERNATE,Call rejected within 2 rings each time. Possible number block. Visiting directly.,,,,,,,,,,7df26637-7281-4b6e-af3d-cb6af5f2b255,2026-08-27 11:28:13.624098+00,2026-08-27 11:28:13.624098+00,
bbe96eb6-3396-4262-b8eb-dc2fee7ddd9f,a13886ca-739b-47b4-a473-724e03f7332a,24ec8685-728f-4fd9-ad1f-3d85956050d2,2026-03-19 18:41:00+00,,NO_ANSWER,PRIMARY,No answer since morning. Will try calling in the evening — customer may be at work.,,,,,,,,,,7e7afeec-90a3-41a8-95a6-ec17aa4ccd51,2026-08-27 11:28:13.624335+00,2026-08-27 11:28:13.624336+00,
fb3407fa-7c1e-4725-8e63-f7fdf4e73b1f,c37b6a5c-9d1c-46d4-8ece-dfce290dc74b,84a8d0eb-0dd9-4552-8f3b-4c6adc7cff8d,2026-03-17 09:42:00+00,,DECLINED,PRIMARY,Call rejected within 2 rings each time. Possible number block. Visiting directly.,,,,,,,,,,7e94ab89-8cea-4a47-bf26-9bc82318a778,2026-08-27 11:28:13.624234+00,2026-08-27 11:28:13.624235+00,
2b3fe190-52e9-4307-bca1-7484d97e10de,357e2e09-b637-468e-818b-57a5dce18e9c,08261f05-6d9a-4fd9-a6c1-b6d1549ba303,2026-06-22 14:40:00+00,13,BUSY,ALTERNATE,Line was busy. Customer probably on another call. Trying again.,,,,,,,,,,7ea84e6a-2601-409d-a597-a691352452ae,2026-08-27 11:28:13.251714+00,2026-08-27 11:28:13.251715+00,
1b5331b4-e62c-4be1-9d6f-df9e5fad6d66,a13886ca-739b-47b4-a473-724e03f7332a,d23f6808-7ebf-4dba-87d6-0108d1381e9e,2026-05-24 10:05:00+00,,WRONG_NUMBER,ALTERNATE,Tried calling three times — no response. Will try visiting directly based on the timing intel from the last visit.,,,,,,,,,,7ee493e1-1390-4b27-b1e0-b5eed94692a3,2026-08-27 11:28:13.62384+00,2026-08-27 11:28:13.623841+00,
0dcbdcf7-94d5-4e0e-9783-aa99e78e017d,2dfc73e0-dba9-4aa5-babf-d5141ded5497,8c9bfa80-0c7c-4698-9160-9f791a23cada,2026-04-30 10:05:00+00,,DECLINED,PRIMARY,Declined 3 times in a row. Customer is actively avoiding contact. Planning direct field visit.,,,,,,,,,,7ef1f1db-6189-4cc9-b5eb-4e1afce3467a,2026-08-27 11:28:13.624197+00,2026-08-27 11:28:13.624198+00,
ec2d0174-395e-49ac-ad5e-65ed540f361e,c2f2e0ce-5aeb-4ece-8325-2167edfe139e,489a3403-a471-407c-9f57-f36a8e43f3e7,2026-04-01 09:54:00+00,,DECLINED,PRIMARY,Call was declined immediately — customer likely recognised the number. Will try from a different number.,,,,,,,,,,7f36c92a-f88f-434b-8aa8-0fb0421635e9,2026-08-27 11:28:13.624318+00,2026-08-27 11:28:13.624319+00,
59f59375-57e3-4b12-a1aa-ef295eb40023,c33350cc-f581-492e-807f-14262d56ebcb,02b1d4f2-47f8-4560-a341-fc11f18e84e5,2026-05-24 10:50:00+00,5,BUSY,PRIMARY,Line was busy. Customer probably on another call. Trying again.,,,,,,,,,,7f568178-c94d-42f1-ab7e-05e0073d6f88,2026-08-27 11:28:13.624011+00,2026-08-27 11:28:13.624011+00,
ebe27796-28a6-43df-96d4-2259a18e7d9e,3e9c4168-1de9-43e8-b9f2-fbf3f931949d,0aaac964-9f44-42f1-a16d-23c8337b7ac4,2026-08-12 12:05:00+00,119,ANSWERED,PRIMARY,Borrower picked up. Child's board exams are ongoing — he specifically requested no visit for the next 2 weeks till exams are over.,f,,,,2026-09-11,,,,Do not visit until 11 Sep 2026 — customer unavailable.,7f77353c-43a1-4ddb-97f6-e145cdda9033,2026-08-27 11:28:13.251293+00,2026-08-27 11:28:13.251294+00,
cce14ef2-1448-41bc-9117-373666b41230,4a182f53-a1a1-4f15-945a-6a56f4e04b64,2c37b2b2-ddc4-4f71-ad73-a2d174fdaaf8,2026-03-12 17:38:00+00,227,ANSWERED,PRIMARY,Pre-visit call done. Customer confirmed the PTP amount is ready in his account. Visit confirmed for tomorrow morning.,t,,,,,,t,2026-09-01,Payment intent confirmed. Verbal commitment: 01 Sep 2026. Pre-visit call done. Customer confirmed the PTP amount is re...,7fb3acf0-2ee4-4e26-8c31-f7afcedcd4b7,2026-08-27 11:28:13.624397+00,2026-08-27 11:28:13.624398+00,
4e96d241-8893-496b-b4b7-f9573094d05c,c2f2e0ce-5aeb-4ece-8325-2167edfe139e,f3665eea-1b6b-4f31-a8a1-8eeeb5e4cc45,2026-04-06 09:16:00+00,,NO_ANSWER,ALTERNATE,Three unanswered attempts today. Visiting directly — based on previous note that customer is home before 10 AM.,,,,,,,,,,7fd61795-59d4-41a6-ad20-d13f93412c53,2026-08-27 11:28:13.624048+00,2026-08-27 11:28:13.624048+00,
3a3946fc-6af6-4425-8701-bef7882702a5,2dfc73e0-dba9-4aa5-babf-d5141ded5497,c34b25c0-f1f6-4a99-8351-ecf4852a50d4,2026-05-22 13:57:00+00,8,BUSY,ALTERNATE,Continuously busy for past 20 minutes. Will visit directly.,,,,,,,,,,805c5526-2e63-472a-8559-2eb72794b864,2026-08-27 11:28:13.252058+00,2026-08-27 11:28:13.252059+00,
4cd6c121-79c6-4c9e-9b92-2572d136b91e,b06cd5a3-f1c0-4cdb-b241-9ce2d6c5e791,26eef40b-9a0b-44e8-b11a-3ced97476655,2026-06-14 12:24:00+00,97,ANSWERED,ALTERNATE,Customer mentioned his wife is the primary earner — her salary comes on the last working day of the month. PTP accordingly.,t,on pension day,,,,,t,2026-08-28,Customer reachable on pension day. Customer mentioned his wife is the primary earner — her salary comes on the last...,807acdc7-881e-4815-aacc-0f8215f459c7,2026-08-27 11:28:13.251854+00,2026-08-27 11:28:13.251854+00,
fe454d89-af3b-4810-9a99-86f1438bcf0c,3aa13103-bd03-4578-9292-44d88d58da00,cf7b87d2-87b4-4320-a012-b994bdada55a,2026-07-02 18:42:00+00,,WRONG_NUMBER,PRIMARY,No answer since morning. Will try calling in the evening — customer may be at work.,,,,,,,,,,80b1294a-f74d-4e61-aead-910f8a8e79a1,2026-08-27 11:28:13.251497+00,2026-08-27 11:28:13.251498+00,
3ce440da-f98c-4b35-8540-6d3d1644aecd,357e2e09-b637-468e-818b-57a5dce18e9c,0549a0ef-cfda-4123-acaa-366ba52ffd7e,2026-08-10 09:23:00+00,115,ANSWERED,PRIMARY,Borrower answered. Said the outstanding amount is wrong and he will not pay until the bank corrects the statement. Call ended.,f,,,,,,,,,81b13ff3-5380-4523-b601-32259a2f1e76,2026-08-27 11:28:13.2514+00,2026-08-27 11:28:13.2514+00,
16d0fd20-2989-4fb7-a4da-a4f025ababf3,4a182f53-a1a1-4f15-945a-6a56f4e04b64,179bb5f7-66c6-4094-8948-06aef8f0037e,2026-06-12 13:23:00+00,235,ANSWERED,PRIMARY,Customer mentioned his wife is the primary earner — her salary comes on the last working day of the month. PTP accordingly.,t,,,,,,t,2026-08-31,Payment intent confirmed. Verbal commitment: 31 Aug 2026. Customer mentioned his wife is the primary earner — her sala...,827cb23f-b58f-4b72-977e-bf6ed78a1f32,2026-08-27 11:28:13.251774+00,2026-08-27 11:28:13.251775+00,
cce14ef2-1448-41bc-9117-373666b41230,4a182f53-a1a1-4f15-945a-6a56f4e04b64,2c37b2b2-ddc4-4f71-ad73-a2d174fdaaf8,2026-03-13 16:23:00+00,169,ANSWERED,PRIMARY,Called — customer said he's in the process of moving house this week. New address will be shared in 3-4 days once settled.,f,,,,2026-09-02,,,,Do not visit until 02 Sep 2026 — customer unavailable.,82b46b0c-363c-437a-9332-9437addf8fef,2026-08-27 11:28:13.624396+00,2026-08-27 11:28:13.624396+00,
3faae8c4-8d96-403d-9c97-b2161f472733,2dfc73e0-dba9-4aa5-babf-d5141ded5497,ae8dfda9-08e2-4ca3-9de0-1cd8ca6fd22f,2026-07-24 16:02:00+00,80,ANSWERED,PRIMARY,Customer picked up and immediately said to stop calling or he will file a harassment complaint. He cut the call. No visit recommended right now.,f,,,,,,,,,82ca63f3-e0f8-4df8-920a-13777f8e7e63,2026-08-27 11:28:13.251464+00,2026-08-27 11:28:13.251464+00,
4855d7b0-7acf-4756-9f34-41e0e9461c2a,3e9c4168-1de9-43e8-b9f2-fbf3f931949d,4a23c276-a1c6-4a07-8906-3352637ad1cb,2026-04-11 17:02:00+00,86,ANSWERED,PRIMARY,Customer picked up and immediately said to stop calling or he will file a harassment complaint. He cut the call. No visit recommended right now.,f,,,,,,,,,83242bde-b773-4f16-b3ed-c20a62de5b13,2026-08-27 11:28:13.624181+00,2026-08-27 11:28:13.624182+00,
729d8eef-3e5c-40f6-bead-c87ea9fa3577,4a182f53-a1a1-4f15-945a-6a56f4e04b64,689703aa-4ec3-4c30-9f88-8a31db74f125,2026-07-09 09:09:00+00,,NO_ANSWER,ALTERNATE,No answer since morning. Will try calling in the evening — customer may be at work.,,,,,,,,,,8344fc82-2f8a-4974-b81f-107db36dbf5b,2026-08-27 11:28:13.251532+00,2026-08-27 11:28:13.251533+00,
faae3a17-a2cc-40b0-b189-e7a98d8d1adb,3e9c4168-1de9-43e8-b9f2-fbf3f931949d,eb5373d3-667c-4bd0-9d69-4c9fb6d70086,2026-07-21 13:39:00+00,218,ANSWERED,ALTERNATE,Pre-visit call done. Customer confirmed the PTP amount is ready in his account. Visit confirmed for tomorrow morning.,t,,,,,,t,2026-08-29,Payment intent confirmed. Verbal commitment: 29 Aug 2026. Pre-visit call done. Customer confirmed the PTP amount is re...,83703464-e84f-43d5-b3c7-5af5d9f85771,2026-08-27 11:28:13.251658+00,2026-08-27 11:28:13.251659+00,
23098913-3108-4799-a107-fb41b6c5df65,4a182f53-a1a1-4f15-945a-6a56f4e04b64,9fd94f19-0418-4061-a80c-b65386790fb9,2026-07-08 12:42:00+00,16,BUSY,ALTERNATE,Continuously busy for past 20 minutes. Will visit directly.,,,,,,,,,,83e6092e-9d02-4e82-a3ba-db19c2df05bb,2026-08-27 11:28:13.251528+00,2026-08-27 11:28:13.251529+00,
f87bc957-012e-43c5-bbcc-25b04609584f,3e9c4168-1de9-43e8-b9f2-fbf3f931949d,8686c2cc-b01d-4e9f-966c-a2c2ab5bcb98,2026-04-17 10:11:00+00,212,ANSWERED,ALTERNATE,Customer answered but was very distressed — his parent is critical in hospital. Not a good time. Requested I call back in 4 days.,f,,,,2026-09-01,,,,Do not visit until 01 Sep 2026 — customer unavailable.,84299f1e-5507-43bf-8a2b-1903d24b6076,2026-08-27 11:28:13.62417+00,2026-08-27 11:28:13.62417+00,
4c6b679e-314a-4506-9004-a064ec58d1b4,2b6de8aa-0976-4be0-8a40-043ff86ffa54,e83946da-6bc2-458c-a53c-e1d9b40d9073,2026-08-06 10:39:00+00,,NO_ANSWER,ALTERNATE,Primary number not answering. Alternate number also not reachable. Planned a direct visit.,,,,,,,,,,84678425-2d15-446a-ac2f-54b0de349b0f,2026-08-27 11:28:13.251306+00,2026-08-27 11:28:13.251306+00,
a234277b-a259-4bf7-9559-bcba54112280,4a182f53-a1a1-4f15-945a-6a56f4e04b64,e63912b9-aaf6-49cb-a648-f6d6f0052298,2026-08-13 14:07:00+00,113,ANSWERED,PRIMARY,Borrower answered. Said the outstanding amount is wrong and he will not pay until the bank corrects the statement. Call ended.,f,,,,,,,,,84d50eeb-79f8-416c-920d-a3da3768a636,2026-08-27 11:28:13.251391+00,2026-08-27 11:28:13.251391+00,
1b86f9e5-3e02-41bf-85e1-fd879a889e73,2b6de8aa-0976-4be0-8a40-043ff86ffa54,645cdd78-581e-4e19-b5c6-0f9bb80063bf,2026-04-27 14:21:00+00,,SWITCHED_OFF,PRIMARY,Both primary and alternate numbers are switched off since morning. Planning a direct visit.,,,,,,,,,,84f3703b-4334-4479-a48b-be62c4e852b4,2026-08-27 11:28:13.624129+00,2026-08-27 11:28:13.624129+00,
3b4a38c3-6651-4713-9337-fa2649890b79,c33350cc-f581-492e-807f-14262d56ebcb,8be4291b-80e9-45cf-ba15-dde87c9e0842,2026-08-12 12:15:00+00,,WRONG_NUMBER,PRIMARY,No answer since morning. Will try calling in the evening — customer may be at work.,,,,,,,,,,850dcfa1-57ef-41d3-bb55-f9c8c4cec7bf,2026-08-27 11:28:13.25143+00,2026-08-27 11:28:13.25143+00,
39aeb7cd-94b6-4ea7-afab-1692057be162,a13886ca-739b-47b4-a473-724e03f7332a,6d7f5b9d-9880-4b50-9071-8f58c57f45a9,2026-08-18 17:43:00+00,,DECLINED,PRIMARY,Call was declined immediately — customer likely recognised the number. Will try from a different number.,,,,,,,,,,850f0c7b-c672-49ad-b1d0-1dd39388b118,2026-08-27 11:28:13.251227+00,2026-08-27 11:28:13.251228+00,
6d91eb24-c44d-4f16-86a5-3bd86f382850,2dfc73e0-dba9-4aa5-babf-d5141ded5497,414ea351-9932-44a5-97dd-6087537e80e3,2026-06-21 12:18:00+00,,NO_ANSWER,PRIMARY,Three unanswered attempts today. Visiting directly — based on previous note that customer is home before 10 AM.,,,,,,,,,,8523238f-8091-4cb4-9058-3353653756d8,2026-08-27 11:28:13.251842+00,2026-08-27 11:28:13.251843+00,
f191ac71-5669-405d-b611-ded1c658990c,a2e2555c-f597-43af-a77a-fe708f967218,eb6261e3-c320-4290-be96-8b1a032f6305,2026-07-28 16:49:00+00,,NO_ANSWER,PRIMARY,Three unanswered attempts today. Visiting directly — based on previous note that customer is home before 10 AM.,,,,,,,,,,85707973-9cb1-44bd-ac9f-214160e822a1,2026-08-27 11:28:13.251625+00,2026-08-27 11:28:13.251625+00,
afb66245-a212-40b6-ad73-d68b5fd106d2,b06cd5a3-f1c0-4cdb-b241-9ce2d6c5e791,2e0ec7cc-3dcc-4204-b83a-c5bda7ad54f4,2026-06-24 09:31:00+00,,NO_ANSWER,PRIMARY,Primary number not answering. Alternate number also not reachable. Planned a direct visit.,,,,,,,,,,8654c7be-6278-4ec1-b3e6-15bb1b888ba1,2026-08-27 11:28:13.251866+00,2026-08-27 11:28:13.251867+00,
d0e4dca5-a091-4e5f-ab0c-2fc1540559dd,3e9c4168-1de9-43e8-b9f2-fbf3f931949d,c678e71f-9674-4b8a-a1fa-d9655698801f,2026-05-13 16:01:00+00,,NO_ANSWER,PRIMARY,Three unanswered attempts today. Visiting directly — based on previous note that customer is home before 10 AM.,,,,,,,,,,8694a117-ff27-4e49-9ef6-a0656b35fae0,2026-08-27 11:28:13.623954+00,2026-08-27 11:28:13.623955+00,
a6ec0231-d847-4053-b2fc-0e7cbc5fb83c,2b6de8aa-0976-4be0-8a40-043ff86ffa54,45e0aa28-87fa-43c2-a599-21b16a73f6eb,2026-03-14 17:17:00+00,,WRONG_NUMBER,ALTERNATE,Primary number not answering. Alternate number also not reachable. Planned a direct visit.,,,,,,,,,,86af3c16-19e0-40a8-b925-7de32dd9d638,2026-08-27 11:28:13.624421+00,2026-08-27 11:28:13.624422+00,
f4c44574-de2f-4413-8af1-7a45d81cd148,e9dced65-f61b-4c24-bae7-d4170299ed46,e63912b9-aaf6-49cb-a648-f6d6f0052298,2026-08-13 12:15:00+00,12,BUSY,PRIMARY,Line was busy. Customer probably on another call. Trying again.,,,,,,,,,,873004b3-c6d8-4a8f-9ba0-875febd4b3a6,2026-08-27 11:28:13.251438+00,2026-08-27 11:28:13.251438+00,
928a5663-d99d-46e5-bb35-bb2be4584e23,b06cd5a3-f1c0-4cdb-b241-9ce2d6c5e791,0b2c8dd8-f345-4d01-94f7-6c59689252ce,2026-05-11 13:58:00+00,226,ANSWERED,ALTERNATE,Customer picked up and immediately said to stop calling or he will file a harassment complaint. He cut the call. No visit recommended right now.,f,,,,,,,,,8769c02b-6a38-46bd-b8d6-150ac482a329,2026-08-27 11:28:13.623863+00,2026-08-27 11:28:13.623863+00,
a9560ff7-3dd0-45d2-a2a6-79a8c05d2133,a2e2555c-f597-43af-a77a-fe708f967218,0206ed96-6702-4d9b-8861-5ca0019ddc4f,2026-05-28 10:16:00+00,124,ANSWERED,PRIMARY,Spoke to the borrower. He runs a small business — income is strongest after the 20th when his clients pay. PTP for 22nd confirmed.,t,after salary credit on 9th,,,,,t,2026-09-05,Customer reachable after salary credit on 9th. Spoke to the borrower. He runs a small business — income is strongest after the ...,87767097-f9b4-4dc1-bff7-4a0f7dc59259,2026-08-27 11:28:13.252094+00,2026-08-27 11:28:13.252095+00,
e2267c0c-144d-415f-99ae-410faf7f070c,4a182f53-a1a1-4f15-945a-6a56f4e04b64,599721d4-2cd5-40cb-834a-f14ef792aa42,2026-04-13 11:35:00+00,,NO_ANSWER,ALTERNATE,Three unanswered attempts today. Visiting directly — based on previous note that customer is home before 10 AM.,,,,,,,,,,87b1bb8c-fe05-4f17-bf56-c87808d5108d,2026-08-27 11:28:13.624148+00,2026-08-27 11:28:13.624149+00,
168381de-df09-4c1c-8940-e492f1c510a3,2dfc73e0-dba9-4aa5-babf-d5141ded5497,7125e192-ddfa-4bca-9c98-05aa6027715d,2026-04-22 18:54:00+00,47,ANSWERED,ALTERNATE,Pre-visit call confirmed. Customer said payment is ready. Also said come before noon as he has an afternoon appointment.,t,,,,,,t,2026-09-01,Payment intent confirmed. Verbal commitment: 01 Sep 2026. Pre-visit call confirmed. Customer said payment is ready. Al...,87d0ef6c-1a08-40da-8625-a2d8cb3ac1c6,2026-08-27 11:28:13.624113+00,2026-08-27 11:28:13.624113+00,
07be6b9f-5f8e-4a9d-825c-6fdd353731b6,a13886ca-739b-47b4-a473-724e03f7332a,25bf5d35-049f-4dbb-97e2-00faa8db1a8c,2026-07-16 10:34:00+00,,DECLINED,ALTERNATE,Declined 3 times in a row. Customer is actively avoiding contact. Planning direct field visit.,,,,,,,,,,87d74378-7d15-44f6-bf8d-32d0ad32d3c8,2026-08-27 11:28:13.25161+00,2026-08-27 11:28:13.25161+00,
5309dbc6-7738-46b1-a13a-3957c6943acf,c2f2e0ce-5aeb-4ece-8325-2167edfe139e,46f4128a-126f-42cb-afcd-6429fa74c715,2026-04-27 12:57:00+00,,NO_ANSWER,PRIMARY,Three unanswered attempts today. Visiting directly — based on previous note that customer is home before 10 AM.,,,,,,,,,,88809672-8e58-4ddb-8dc8-a9965738611d,2026-08-27 11:28:13.624152+00,2026-08-27 11:28:13.624152+00,
12a40d91-5e4d-49b3-93c7-3c814c04a69d,357e2e09-b637-468e-818b-57a5dce18e9c,c34b25c0-f1f6-4a99-8351-ecf4852a50d4,2026-06-17 15:37:00+00,152,ANSWERED,PRIMARY,Pre-visit call done. Customer confirmed the PTP amount is ready in his account. Visit confirmed for tomorrow morning.,t,,,,,,t,2026-08-30,Payment intent confirmed. Verbal commitment: 30 Aug 2026. Pre-visit call done. Customer confirmed the PTP amount is re...,88a43515-3983-4611-b7df-7cf9921a2d0b,2026-08-27 11:28:13.251766+00,2026-08-27 11:28:13.251766+00,
b56e7872-3079-4584-b897-046f39204e79,c2f2e0ce-5aeb-4ece-8325-2167edfe139e,a4a0aec6-22fe-4287-8458-2bab6c671180,2026-07-29 18:07:00+00,,WRONG_NUMBER,ALTERNATE,Phone rang but no one picked up. Will try the alternate number listed in records.,,,,,,,,,,88d0d6c1-dd44-4e11-a7cd-6364b19a443a,2026-08-27 11:28:13.251491+00,2026-08-27 11:28:13.251492+00,
655f95e5-c2cf-4492-b38f-3b31be327a2b,1d5e58e8-954e-4d6c-b13c-6e6d614cb588,3135c626-469d-4275-82f4-857877c885e6,2026-05-21 11:57:00+00,112,ANSWERED,PRIMARY,Customer picked up and confirmed home on the visit day. Requested I call before leaving so he can keep cash ready.,t,morning before 9:30,,,,,,,Customer reachable morning before 9:30. Customer picked up and confirmed home on the visit day. Requested I call before ...,8914f51d-3857-48c7-a8fb-d0d311265cf6,2026-08-27 11:28:13.623856+00,2026-08-27 11:28:13.623857+00,
2efb29f7-6b9d-4ee2-b42d-5c8eb992a017,a13886ca-739b-47b4-a473-724e03f7332a,aeb13a3f-357b-4509-a2d0-3d841cc5d60d,2026-05-30 16:30:00+00,,NO_ANSWER,PRIMARY,Three unanswered attempts today. Visiting directly — based on previous note that customer is home before 10 AM.,,,,,,,,,,895a89c5-cfc4-4b0a-a30a-9383b1be829a,2026-08-27 11:28:13.62383+00,2026-08-27 11:28:13.623831+00,
deaada1c-e6ed-49f7-9d1d-815e171c64e4,b06cd5a3-f1c0-4cdb-b241-9ce2d6c5e791,0b2c8dd8-f345-4d01-94f7-6c59689252ce,2026-08-12 09:36:00+00,54,ANSWERED,PRIMARY,Called the customer. He picked up. Said he will be home until 10:30 AM tomorrow — I can visit any time before 11. Good to note for scheduling.,t,before 10 AM,,,,,,,Customer reachable before 10 AM. Called the customer. He picked up. Said he will be home until 10:30 AM tomorrow ...,89a1d3d6-fed3-4cf4-b008-2ed65d5f3a63,2026-08-27 11:28:13.251421+00,2026-08-27 11:28:13.251422+00,
501a96e1-23b3-4ae8-8d29-c7b8c50011b9,4a182f53-a1a1-4f15-945a-6a56f4e04b64,e4f99043-20f6-43c4-a389-cec26a3251be,2026-07-08 11:03:00+00,,NO_ANSWER,ALTERNATE,Tried calling three times — no response. Will try visiting directly based on the timing intel from the last visit.,,,,,,,,,,89b83d4c-ebc5-4e31-acff-be24a0222e63,2026-08-27 11:28:13.251661+00,2026-08-27 11:28:13.251661+00,
ee0c93b5-5ffe-4a1b-abae-8b626997dc68,cd9e6eca-028e-4c61-8e82-048327bc4476,6eae988a-e6ef-45c7-b9c0-92b44ad3ddeb,2026-07-12 13:24:00+00,,SWITCHED_OFF,PRIMARY,Both primary and alternate numbers are switched off since morning. Planning a direct visit.,,,,,,,,,,89bd14ce-0e88-46ca-ab6b-831e001c116c,2026-08-27 11:28:13.251617+00,2026-08-27 11:28:13.251618+00,
7de5dca0-befd-411c-b810-4feca8cee150,b06cd5a3-f1c0-4cdb-b241-9ce2d6c5e791,39a9292a-e237-472a-bb6d-20dc92274a73,2026-04-25 15:03:00+00,,DECLINED,PRIMARY,Call rejected within 2 rings each time. Possible number block. Visiting directly.,,,,,,,,,,8a2edb06-5bb0-415b-8324-e96134a8368c,2026-08-27 11:28:13.624097+00,2026-08-27 11:28:13.624097+00,
d7dd11c7-feb1-459c-943e-df39efba0638,c37b6a5c-9d1c-46d4-8ece-dfce290dc74b,a7798f52-ebce-4071-a993-faac044a3e5e,2026-07-25 14:29:00+00,,WRONG_NUMBER,ALTERNATE,Three unanswered attempts today. Visiting directly — based on previous note that customer is home before 10 AM.,,,,,,,,,,8b40b63e-5a8f-4112-98e6-eaa1912f9a31,2026-08-27 11:28:13.251478+00,2026-08-27 11:28:13.251478+00,
010963c0-2f2b-4141-a66f-90766e95e06d,a2e2555c-f597-43af-a77a-fe708f967218,9339433d-7018-4df9-8ab1-189b46c9ca29,2026-05-26 13:55:00+00,,WRONG_NUMBER,PRIMARY,Three unanswered attempts today. Visiting directly — based on previous note that customer is home before 10 AM.,,,,,,,,,,8b53e8a1-4dd7-42f5-a3a7-fc11391af41e,2026-08-27 11:28:13.623871+00,2026-08-27 11:28:13.623871+00,
d2b6e704-5ac5-45c1-b5cb-4a10ff082bd9,2b6de8aa-0976-4be0-8a40-043ff86ffa54,d0306031-1151-4993-bed9-6906033425ef,2026-08-07 18:17:00+00,16,BUSY,PRIMARY,Continuously busy for past 20 minutes. Will visit directly.,,,,,,,,,,8b5d0002-4425-47b3-9bd3-fa4d77465ace,2026-08-27 11:28:13.251359+00,2026-08-27 11:28:13.25136+00,
efcf5b68-75d1-4595-812c-d49a3f2ee45b,8e59153e-dc8e-4efa-af65-1db304a6f3f1,2116ea56-720b-426f-be95-b1c2fe197cc5,2026-05-25 12:06:00+00,,DECLINED,PRIMARY,Declined 3 times in a row. Customer is actively avoiding contact. Planning direct field visit.,,,,,,,,,,8bda24fb-a6c8-4bc4-b35a-66fe39a09488,2026-08-27 11:28:13.624018+00,2026-08-27 11:28:13.624019+00,
cb823cd9-42bf-4b15-925b-98c916e86f58,2b6de8aa-0976-4be0-8a40-043ff86ffa54,2d5a75e9-0241-4f60-98fe-5461da045389,2026-04-08 17:34:00+00,,DECLINED,ALTERNATE,Call rejected within 2 rings each time. Possible number block. Visiting directly.,,,,,,,,,,8c06cd9a-c34e-49b5-908f-9a46c994e3d6,2026-08-27 11:28:13.624047+00,2026-08-27 11:28:13.624047+00,
1753234f-57d9-48f9-b3b6-c9d90959b81b,3e9c4168-1de9-43e8-b9f2-fbf3f931949d,3dd02813-2be4-400d-82fe-f7dd030407ea,2026-07-23 15:48:00+00,,SWITCHED_OFF,PRIMARY,Phone is switched off. Will try again after 2 hours.,,,,,,,,,,8c3ff317-081d-4497-95d8-a8cf3076b89b,2026-08-27 11:28:13.251682+00,2026-08-27 11:28:13.251683+00,
7021452b-ac8d-43df-a12b-261c28d4a06f,357e2e09-b637-468e-818b-57a5dce18e9c,93f75a61-fb83-4b76-b047-26f7efbc6e4d,2026-04-14 10:04:00+00,33,ANSWERED,PRIMARY,Customer answered aggressively — said he has a lawyer and to not call again. Call ended within 30 seconds.,f,,,,,,,,,8cdb04cb-f085-415b-8dfc-8c533671a4ea,2026-08-27 11:28:13.6241+00,2026-08-27 11:28:13.6241+00,
b72c320e-c3d0-4335-bbe2-60d640ac113a,8e59153e-dc8e-4efa-af65-1db304a6f3f1,65f3b5ba-95e5-4d3d-8310-035453c5d856,2026-07-29 13:17:00+00,,WRONG_NUMBER,PRIMARY,Phone rang but no one picked up. Will try the alternate number listed in records.,,,,,,,,,,8cf91625-929f-461f-96c3-870ac04b7445,2026-08-27 11:28:13.251631+00,2026-08-27 11:28:13.251631+00,
66a60730-c389-4b71-82ce-e56283b99fae,a13886ca-739b-47b4-a473-724e03f7332a,0c1f9092-ef1b-4766-a09c-5aa61702bc8e,2026-04-12 13:32:00+00,,WRONG_NUMBER,ALTERNATE,Tried calling three times — no response. Will try visiting directly based on the timing intel from the last visit.,,,,,,,,,,8d1535d5-bdef-41f6-9fa0-125a06e7639c,2026-08-27 11:28:13.624065+00,2026-08-27 11:28:13.624066+00,
f7e9d62a-7578-4e24-97e8-7c5be5cb42ac,3aa13103-bd03-4578-9292-44d88d58da00,06095920-7424-42cf-92ed-75bf431eed5d,2026-03-20 10:13:00+00,,SWITCHED_OFF,PRIMARY,Phone is switched off. Will try again after 2 hours.,,,,,,,,,,8d9f897a-44cc-4c74-8fab-74e0a6206640,2026-08-27 11:28:13.624344+00,2026-08-27 11:28:13.624345+00,
3f5ec6fd-8033-4390-8954-85546d6acc7f,2dfc73e0-dba9-4aa5-babf-d5141ded5497,18545dbd-a5d0-4449-814f-81cb0d9cce0a,2026-04-24 18:32:00+00,200,ANSWERED,ALTERNATE,Customer picked up and immediately said to stop calling or he will file a harassment complaint. He cut the call. No visit recommended right now.,f,,,,,,,,,8dba37b2-d490-4061-9fa5-a01c83b4fc50,2026-08-27 11:28:13.624189+00,2026-08-27 11:28:13.62419+00,
3e689969-007a-40ce-9ee5-f8de67c7401f,c6ca60b7-2143-412b-887e-c30ae9cda031,becb48a3-4d0a-4b95-9c49-553292c440ee,2026-04-13 10:24:00+00,,NO_ANSWER,ALTERNATE,Primary number not answering. Alternate number also not reachable. Planned a direct visit.,,,,,,,,,,8e63fde2-8ea6-47eb-9b86-d447634ffe5c,2026-08-27 11:28:13.624205+00,2026-08-27 11:28:13.624206+00,
9a6b964e-872e-4f11-aaab-5169a8ec8d53,c6ca60b7-2143-412b-887e-c30ae9cda031,8be4291b-80e9-45cf-ba15-dde87c9e0842,2026-03-18 12:06:00+00,116,ANSWERED,PRIMARY,Hostile call. Customer said the matter is with the banking ombudsman and threatened complaint if we call again.,f,,,,,,,,,8e88a726-a7c7-4cd1-b289-ace1e07edc55,2026-08-27 11:28:13.624418+00,2026-08-27 11:28:13.624419+00,
c721b712-1ed7-46f7-a0c7-344db42d0bce,a2e2555c-f597-43af-a77a-fe708f967218,4a23c276-a1c6-4a07-8906-3352637ad1cb,2026-06-15 14:51:00+00,,WRONG_NUMBER,ALTERNATE,No answer since morning. Will try calling in the evening — customer may be at work.,,,,,,,,,,8efe4131-71b5-4554-8963-a27825204e3e,2026-08-27 11:28:13.251769+00,2026-08-27 11:28:13.25177+00,
af3f3cc9-b9a2-4669-b322-284846e8e545,5fbae4d6-59d1-4e6c-8a80-fe57244a45bb,95cf3e18-d85d-4685-b2a9-eadf282e3b9f,2026-06-02 13:01:00+00,,WRONG_NUMBER,PRIMARY,Tried calling three times — no response. Will try visiting directly based on the timing intel from the last visit.,,,,,,,,,,8fb6d41e-4dda-429f-8432-36e10a4b479d,2026-08-27 11:28:13.623969+00,2026-08-27 11:28:13.62397+00,
4c2cb39e-5e93-40fc-9610-6908d68832b1,cd9e6eca-028e-4c61-8e82-048327bc4476,5ae0aafa-aa07-484b-9ed7-c72a096af296,2026-08-08 18:01:00+00,,SWITCHED_OFF,PRIMARY,Both primary and alternate numbers are switched off since morning. Planning a direct visit.,,,,,,,,,,900f4bd2-1bfc-4530-b64a-a704bd725c3d,2026-08-27 11:28:13.251312+00,2026-08-27 11:28:13.251312+00,
ab5d1e55-44aa-4f54-b94e-55fcdf4bac01,c37b6a5c-9d1c-46d4-8ece-dfce290dc74b,16791195-a842-4ef7-b058-6ccd52230bb0,2026-03-14 15:05:00+00,,NO_ANSWER,PRIMARY,Primary number not answering. Alternate number also not reachable. Planned a direct visit.,,,,,,,,,,90654936-efb7-4d3b-870a-7490360f9d18,2026-08-27 11:28:13.62423+00,2026-08-27 11:28:13.62423+00,
9e12f965-5f74-49df-b7f0-ea15d8258903,357e2e09-b637-468e-818b-57a5dce18e9c,0206ed96-6702-4d9b-8861-5ca0019ddc4f,2026-05-27 16:38:00+00,130,ANSWERED,ALTERNATE,Spoke to the borrower. He's at a wedding in his native village — back by Sunday. Asked me to visit on Monday morning.,f,,,,2026-09-07,,,,Do not visit until 07 Sep 2026 — customer unavailable.,909681c9-d6fa-423f-834e-7d595cef1682,2026-08-27 11:28:13.623935+00,2026-08-27 11:28:13.623935+00,
840f0308-1ee3-47f1-8d0c-c2ab2fa4d876,4a182f53-a1a1-4f15-945a-6a56f4e04b64,275400d3-f21d-416d-85ea-fa23b85053dd,2026-07-20 18:47:00+00,220,ANSWERED,PRIMARY,Customer picked up. Said come after 10 AM as he prays in the early morning. Available from 10 onwards on all days.,t,11 AM to 1 PM,,,,,,,Customer reachable 11 AM to 1 PM. Customer picked up. Said come after 10 AM as he prays in the early morning. Avai...,90f7bdf1-8633-48aa-942f-68727d63b05e,2026-08-27 11:28:13.251522+00,2026-08-27 11:28:13.251523+00,
3faae8c4-8d96-403d-9c97-b2161f472733,2dfc73e0-dba9-4aa5-babf-d5141ded5497,ae8dfda9-08e2-4ca3-9de0-1cd8ca6fd22f,2026-07-23 13:20:00+00,163,ANSWERED,ALTERNATE,Customer picked up. Said come after 10 AM as he prays in the early morning. Available from 10 onwards on all days.,t,between 1-3 PM,,,,,,,Customer reachable between 1-3 PM. Customer picked up. Said come after 10 AM as he prays in the early morning. Avai...,9185fd7f-24d4-4a1d-8337-8f4c4174da0a,2026-08-27 11:28:13.251462+00,2026-08-27 11:28:13.251463+00,
97056116-4237-4d64-ba8e-9741ffe33fab,3e9c4168-1de9-43e8-b9f2-fbf3f931949d,95d5e321-1ee6-4abb-a068-7d974a83ffe8,2026-03-10 14:17:00+00,,DECLINED,ALTERNATE,Call rejected within 2 rings each time. Possible number block. Visiting directly.,,,,,,,,,,923b9aa5-0afa-4297-9892-24c19e028f24,2026-08-27 11:28:13.624378+00,2026-08-27 11:28:13.624379+00,
d8efd69e-760a-40ab-b5a6-4e1983d9a571,a13886ca-739b-47b4-a473-724e03f7332a,0b69a0a3-3f45-481a-8840-b0720961f695,2026-08-13 10:40:00+00,48,ANSWERED,ALTERNATE,Called — customer said he's in the process of moving house this week. New address will be shared in 3-4 days once settled.,f,,,,2026-09-03,,,,Do not visit until 03 Sep 2026 — customer unavailable.,923c0b6a-e0b2-4869-9c4f-f9252f163221,2026-08-27 11:28:13.251266+00,2026-08-27 11:28:13.251267+00,
bf865e39-62f6-4616-af57-c6e4b50ab726,357e2e09-b637-468e-818b-57a5dce18e9c,903c0bf7-45d1-45bb-9a8a-5a9ba0e09942,2026-03-19 17:12:00+00,,SWITCHED_OFF,PRIMARY,Both primary and alternate numbers are switched off since morning. Planning a direct visit.,,,,,,,,,,924e6cc5-0e67-4f6a-a3b5-3071e660b80b,2026-08-27 11:28:13.624276+00,2026-08-27 11:28:13.624276+00,
6a2e77aa-9b81-4851-a2b0-32ce9584e463,3e9c4168-1de9-43e8-b9f2-fbf3f931949d,4c7c9de4-0a7f-48e2-83b3-fdcebb1cc5a9,2026-07-20 13:19:00+00,,DECLINED,ALTERNATE,Call was declined immediately — customer likely recognised the number. Will try from a different number.,,,,,,,,,,927a00ac-08ed-4ca9-bcb4-04ecd3907b9b,2026-08-27 11:28:13.251652+00,2026-08-27 11:28:13.251653+00,
4d76689b-6d37-4f34-bdcf-0365937ea1de,b06cd5a3-f1c0-4cdb-b241-9ce2d6c5e791,a28aa48d-a8a8-4e65-b147-a14037eef4bd,2026-03-25 18:51:00+00,70,ANSWERED,PRIMARY,Called — customer said he's in the process of moving house this week. New address will be shared in 3-4 days once settled.,f,,,,2026-09-02,,,,Do not visit until 02 Sep 2026 — customer unavailable.,927ff52d-8b45-4c3b-8a55-5a33c4362ceb,2026-08-27 11:28:13.624424+00,2026-08-27 11:28:13.624424+00,
fc5fe2fa-9b0c-4341-b09f-f052b7726345,cd9e6eca-028e-4c61-8e82-048327bc4476,24ec8685-728f-4fd9-ad1f-3d85956050d2,2026-03-26 17:07:00+00,158,ANSWERED,PRIMARY,Customer's wife answered. Said the borrower is hospitalised for a surgery. Should be back home by Thursday. Will revisit after that.,f,,,,2026-08-30,,,,Do not visit until 30 Aug 2026 — customer unavailable.,92a95885-35b5-4492-a27d-adf5f4d7decd,2026-08-27 11:28:13.62437+00,2026-08-27 11:28:13.62437+00,
dcaf8d18-ffa3-4551-95e6-327c21dac884,5fbae4d6-59d1-4e6c-8a80-fe57244a45bb,5372c7eb-4b00-4575-a421-f4d3d71a072e,2026-07-23 10:50:00+00,212,ANSWERED,ALTERNATE,Reminder call — customer confirmed salary credited yesterday and full amount is ready. Coming to collect now.,t,,,,,,t,2026-08-30,Payment intent confirmed. Verbal commitment: 30 Aug 2026. Reminder call — customer confirmed salary credited yesterday...,92f38be9-3bd5-48c6-bd65-e1f9d2121397,2026-08-27 11:28:13.251594+00,2026-08-27 11:28:13.251595+00,
dd81e163-b4c4-49eb-a895-e825f0116bef,1d5e58e8-954e-4d6c-b13c-6e6d614cb588,489a3403-a471-407c-9f57-f36a8e43f3e7,2026-04-16 12:30:00+00,,NO_ANSWER,ALTERNATE,Primary number not answering. Alternate number also not reachable. Planned a direct visit.,,,,,,,,,,93099d77-3190-495f-8832-552a2b97bb33,2026-08-27 11:28:13.624175+00,2026-08-27 11:28:13.624176+00,
93545374-d9a6-4842-ab1d-bd6980b81ed9,a2e2555c-f597-43af-a77a-fe708f967218,dac46d22-0a39-4696-9118-2e99f0cbf434,2026-07-17 14:59:00+00,136,ANSWERED,PRIMARY,Pre-visit call confirmed. Customer said payment is ready. Also said come before noon as he has an afternoon appointment.,t,,,,,,t,2026-08-28,Payment intent confirmed. Verbal commitment: 28 Aug 2026. Pre-visit call confirmed. Customer said payment is ready. Al...,939aa6dd-0888-48e5-8f17-826112f985c5,2026-08-27 11:28:13.251511+00,2026-08-27 11:28:13.251511+00,
30cd97a1-177c-4b16-88f6-85e8b13f14c3,e9dced65-f61b-4c24-bae7-d4170299ed46,d167af59-b49f-497b-8003-2df4ed6c687e,2026-06-10 12:36:00+00,,DECLINED,PRIMARY,Call rejected within 2 rings each time. Possible number block. Visiting directly.,,,,,,,,,,93e71ff9-d360-4f9b-a543-4c7270a09eea,2026-08-27 11:28:13.251778+00,2026-08-27 11:28:13.251778+00,
5a4a60b3-00df-4701-bccc-70ffba2d992c,2b6de8aa-0976-4be0-8a40-043ff86ffa54,0549a0ef-cfda-4123-acaa-366ba52ffd7e,2026-08-13 11:31:00+00,,WRONG_NUMBER,ALTERNATE,Three unanswered attempts today. Visiting directly — based on previous note that customer is home before 10 AM.,,,,,,,,,,93fb93c7-8046-42d3-a598-cd9877311a73,2026-08-27 11:28:13.251417+00,2026-08-27 11:28:13.251418+00,
3faae8c4-8d96-403d-9c97-b2161f472733,2dfc73e0-dba9-4aa5-babf-d5141ded5497,ae8dfda9-08e2-4ca3-9de0-1cd8ca6fd22f,2026-07-24 12:26:00+00,6,BUSY,PRIMARY,Continuously busy for past 20 minutes. Will visit directly.,,,,,,,,,,94495511-b2dd-43e6-9a28-909de7d8c0e6,2026-08-27 11:28:13.251461+00,2026-08-27 11:28:13.251462+00,
e79173a3-7af4-4665-877d-445bc545da1c,8e59153e-dc8e-4efa-af65-1db304a6f3f1,ee240b2e-885a-4a72-95f7-93f7966179fd,2026-05-09 17:54:00+00,240,ANSWERED,ALTERNATE,Spoke to borrower. Harvest season — he's at his farm in another state. Will not be reachable for a month. Seasonal constraint.,f,,,,2026-09-04,,,,Do not visit until 04 Sep 2026 — customer unavailable.,946b1a24-9c62-463d-a1ee-b55726ed603e,2026-08-27 11:28:13.623961+00,2026-08-27 11:28:13.623961+00,
cc6a8b99-d32d-4f4f-993c-b2ae46c9b0f0,a2e2555c-f597-43af-a77a-fe708f967218,eaecc769-bb37-42f9-a8ff-94cac68aa572,2026-06-21 09:25:00+00,46,ANSWERED,ALTERNATE,Good call. Customer told me his salary comes on the 9th every month. He will pay on the 10th. I'll plan the visit accordingly.,t,,,,,,t,2026-08-29,Payment intent confirmed. Verbal commitment: 29 Aug 2026. Good call. Customer told me his salary comes on the 9th ever...,94789781-8a95-4d0c-8a3f-f68d2fe4a30d,2026-08-27 11:28:13.252014+00,2026-08-27 11:28:13.252015+00,
8ba8c641-fb20-49a5-a4aa-afaa93a0aa3b,5fbae4d6-59d1-4e6c-8a80-fe57244a45bb,ccd54b2f-b166-4fc5-87bc-3c0b196d1d1a,2026-06-17 15:32:00+00,206,ANSWERED,PRIMARY,Customer answered. His pension deposits on the 5th. Very willing to pay on the 6th. Cooperative customer.,t,after salary credit on 9th,,,,,t,2026-09-10,Customer reachable after salary credit on 9th. Customer answered. His pension deposits on the 5th. Very willing to pay on the 6...,94e0ad01-0282-4690-9f93-1f6969880315,2026-08-27 11:28:13.251822+00,2026-08-27 11:28:13.251822+00,
26347393-051a-4f58-9258-a0b6b1b47360,4a182f53-a1a1-4f15-945a-6a56f4e04b64,eb5373d3-667c-4bd0-9d69-4c9fb6d70086,2026-03-20 16:21:00+00,30,ANSWERED,PRIMARY,Pre-visit call confirmed. Customer said payment is ready. Also said come before noon as he has an afternoon appointment.,t,,,,,,t,2026-08-27,Payment intent confirmed. Verbal commitment: 27 Aug 2026. Pre-visit call confirmed. Customer said payment is ready. Al...,950a1777-0054-4769-858b-1b7be458768e,2026-08-27 11:28:13.62424+00,2026-08-27 11:28:13.62424+00,
cb2b92fc-05ae-4718-a5fa-614cf047f591,2b6de8aa-0976-4be0-8a40-043ff86ffa54,c34120e6-6778-4c63-9d4f-089bb0fd435a,2026-08-26 14:32:00+00,,DECLINED,PRIMARY,Call was declined immediately — customer likely recognised the number. Will try from a different number.,,,,,,,,,,9529f07f-e67e-47d7-8164-7828c7dfc810,2026-08-27 11:28:13.624443+00,2026-08-27 11:28:13.624443+00,
a02c182c-26e0-4a15-9618-c8ba98a3ac46,8e59153e-dc8e-4efa-af65-1db304a6f3f1,01bec68e-6cbc-49d5-9bc3-5d11bc4bd4a1,2026-03-30 15:54:00+00,16,BUSY,PRIMARY,Continuously busy for past 20 minutes. Will visit directly.,,,,,,,,,,957e7b60-4b7d-447f-84c6-4517d801f403,2026-08-27 11:28:13.624345+00,2026-08-27 11:28:13.624346+00,
251a0bc2-2b95-453d-b509-4e1e3b7aa8dc,a13886ca-739b-47b4-a473-724e03f7332a,c3f5d076-db19-4e5c-8254-c10f67aff6cc,2026-06-23 11:12:00+00,229,ANSWERED,PRIMARY,Call done. Borrower gets rental income on the 2nd of every month. Best time to collect is on the 3rd or 4th.,t,,,,,,t,2026-09-08,Payment intent confirmed. Verbal commitment: 08 Sep 2026. Call done. Borrower gets rental income on the 2nd of every m...,95946df1-c136-4e5f-affe-0860b204504c,2026-08-27 11:28:13.251835+00,2026-08-27 11:28:13.251835+00,
3f5ec6fd-8033-4390-8954-85546d6acc7f,2dfc73e0-dba9-4aa5-babf-d5141ded5497,18545dbd-a5d0-4449-814f-81cb0d9cce0a,2026-04-22 16:11:00+00,,SWITCHED_OFF,ALTERNATE,Phone is switched off. Will try again after 2 hours.,,,,,,,,,,95c8547b-3c57-4b52-b142-d32e34819f46,2026-08-27 11:28:13.624188+00,2026-08-27 11:28:13.624188+00,
fa4e054f-569d-49f2-a927-9048c52fb869,c37b6a5c-9d1c-46d4-8ece-dfce290dc74b,7b15825d-da60-4c1c-83c0-b319ba915f29,2026-08-12 09:33:00+00,237,ANSWERED,PRIMARY,Called as a reminder. Borrower said she will transfer via UPI today itself — before noon. No need for field visit today.,t,,,,,,t,2026-08-31,Payment intent confirmed. Verbal commitment: 31 Aug 2026. Called as a reminder. Borrower said she will transfer via UP...,95f81244-bb2b-4bde-a6a0-af2824295eea,2026-08-27 11:28:13.251387+00,2026-08-27 11:28:13.251387+00,
9e12f965-5f74-49df-b7f0-ea15d8258903,357e2e09-b637-468e-818b-57a5dce18e9c,0206ed96-6702-4d9b-8861-5ca0019ddc4f,2026-05-27 13:11:00+00,,DECLINED,PRIMARY,Call was declined immediately — customer likely recognised the number. Will try from a different number.,,,,,,,,,,95fb282c-3cc1-4353-86d4-82e5bfffe8fd,2026-08-27 11:28:13.623936+00,2026-08-27 11:28:13.623936+00,
ab5d1e55-44aa-4f54-b94e-55fcdf4bac01,c37b6a5c-9d1c-46d4-8ece-dfce290dc74b,16791195-a842-4ef7-b058-6ccd52230bb0,2026-03-14 13:15:00+00,204,ANSWERED,PRIMARY,Customer answered. Said he works from home on Wednesdays and Fridays — those are the best days for a visit.,t,after 6 PM,,,,,,,Customer reachable after 6 PM. Customer answered. Said he works from home on Wednesdays and Fridays — those are...,95fb46db-bdd2-4e6f-973b-3c158800fd91,2026-08-27 11:28:13.624231+00,2026-08-27 11:28:13.624231+00,
133c0e52-06d3-4439-8b92-b335b4b39b17,e9dced65-f61b-4c24-bae7-d4170299ed46,2a15516f-d306-43e7-9555-1ce7dc5b5296,2026-08-14 17:00:00+00,,NO_ANSWER,PRIMARY,Phone rang but no one picked up. Will try the alternate number listed in records.,,,,,,,,,,9625a220-0f23-4006-b058-3f38f0f713a1,2026-08-27 11:28:13.251374+00,2026-08-27 11:28:13.251374+00,
87ad8c46-9630-4b00-9b77-052d44fe8a9c,c6ca60b7-2143-412b-887e-c30ae9cda031,4d74c47e-09f5-498d-a352-4f8cf08845f4,2026-04-10 18:31:00+00,45,ANSWERED,PRIMARY,Customer answered. Said he's home for lunch between 1 PM and 2:30 PM daily. That's a good window to visit.,t,between 1-3 PM,,,,,,,Customer reachable between 1-3 PM. Customer answered. Said he's home for lunch between 1 PM and 2:30 PM daily. That...,96781139-6ba3-46b0-b2db-e50709c48749,2026-08-27 11:28:13.624044+00,2026-08-27 11:28:13.624045+00,
85267f82-1ce7-446b-93cf-fe7cd09f73f2,4a182f53-a1a1-4f15-945a-6a56f4e04b64,e0fbf51b-21d4-4b3c-87f8-15692eb0b219,2026-05-02 16:57:00+00,,WRONG_NUMBER,ALTERNATE,Three unanswered attempts today. Visiting directly — based on previous note that customer is home before 10 AM.,,,,,,,,,,96952097-eb18-4b99-b3f9-73cd94019fcb,2026-08-27 11:28:13.624084+00,2026-08-27 11:28:13.624084+00,
f4f0fa59-404b-4387-b582-0b7ca402dbf5,357e2e09-b637-468e-818b-57a5dce18e9c,26976eb1-42c6-400c-b45a-101b41ce3537,2026-06-09 15:00:00+00,221,ANSWERED,PRIMARY,Borrower answered. Said the outstanding amount is wrong and he will not pay until the bank corrects the statement. Call ended.,f,,,,,,,,,96e318a6-69a6-4f7e-b14b-d4bb2c43999b,2026-08-27 11:28:13.251991+00,2026-08-27 11:28:13.251992+00,
588628ab-10f8-4969-8f97-e8e1d0e2dd16,2b6de8aa-0976-4be0-8a40-043ff86ffa54,7c887a50-010b-4a74-a65c-d61dd2063927,2026-07-31 15:36:00+00,60,ANSWERED,PRIMARY,Called — customer said he's in the process of moving house this week. New address will be shared in 3-4 days once settled.,f,,,,2026-09-05,,,,Do not visit until 05 Sep 2026 — customer unavailable.,96f979fe-2cb8-45d9-984f-ba7a8d3d472e,2026-08-27 11:28:13.251606+00,2026-08-27 11:28:13.251606+00,
7e164cf7-adb1-4fc2-b798-e754091c0a2a,a13886ca-739b-47b4-a473-724e03f7332a,4bd7b5e4-b853-4646-9e8d-f0d0e3bffa6f,2026-05-15 13:25:00+00,,DECLINED,PRIMARY,Call rejected within 2 rings each time. Possible number block. Visiting directly.,,,,,,,,,,976e22c0-5652-4d09-95f3-227eb1304368,2026-08-27 11:28:13.623938+00,2026-08-27 11:28:13.623938+00,
f7af24f5-aeba-4868-b1f9-ec794bbca1f3,a13886ca-739b-47b4-a473-724e03f7332a,adda5f6b-d1a2-4e63-a162-28c83df99980,2026-03-06 13:51:00+00,,NO_ANSWER,ALTERNATE,No answer since morning. Will try calling in the evening — customer may be at work.,,,,,,,,,,97c4c240-3d16-41cd-b905-b3b38b96f731,2026-08-27 11:28:13.624266+00,2026-08-27 11:28:13.624266+00,
84fc47d7-5436-4a7c-8322-8e396301c34e,c33350cc-f581-492e-807f-14262d56ebcb,760964f0-f607-4d9a-a99d-6cc3482bcf2f,2026-03-19 11:19:00+00,,SWITCHED_OFF,PRIMARY,Both primary and alternate numbers are switched off since morning. Planning a direct visit.,,,,,,,,,,97c5ff08-c3ce-41f2-9532-791fa75a8727,2026-08-27 11:28:13.624289+00,2026-08-27 11:28:13.62429+00,
ebe27796-28a6-43df-96d4-2259a18e7d9e,3e9c4168-1de9-43e8-b9f2-fbf3f931949d,0aaac964-9f44-42f1-a16d-23c8337b7ac4,2026-08-11 11:25:00+00,,WRONG_NUMBER,PRIMARY,Three unanswered attempts today. Visiting directly — based on previous note that customer is home before 10 AM.,,,,,,,,,,97ccb347-33ef-4ae8-9b08-7fe0a75edf92,2026-08-27 11:28:13.251292+00,2026-08-27 11:28:13.251293+00,
e34137fd-e6c1-4393-a80d-40b5b302234c,c37b6a5c-9d1c-46d4-8ece-dfce290dc74b,b0b63f01-f844-40f7-b276-5e6b6805959a,2026-04-18 13:15:00+00,9,BUSY,PRIMARY,Busy tone on first attempt. Will try again in 15 minutes.,,,,,,,,,,97f911c1-0e3a-4ce4-8286-35d29344326b,2026-08-27 11:28:13.624086+00,2026-08-27 11:28:13.624086+00,
1c0da5ee-6603-45eb-b062-d5d1fde8f516,3aa13103-bd03-4578-9292-44d88d58da00,2e0ec7cc-3dcc-4204-b83a-c5bda7ad54f4,2026-06-07 10:49:00+00,75,ANSWERED,PRIMARY,Hostile call. Customer said the matter is with the banking ombudsman and threatened complaint if we call again.,f,,,,,,,,,98aacc80-a0cf-41c6-b745-06d613fc0717,2026-08-27 11:28:13.251968+00,2026-08-27 11:28:13.251982+00,
2ab6888c-e118-4e62-9d93-1244fdd3d1c5,cd9e6eca-028e-4c61-8e82-048327bc4476,eacfbf44-0224-49f1-8500-76822bcdea0c,2026-08-20 11:43:00+00,122,ANSWERED,PRIMARY,Spoke to the customer just now. She leaves for the market at 12:30 PM daily. Best window is weekday mornings before noon.,t,11 AM to 1 PM,,,,,,,Customer reachable 11 AM to 1 PM. Spoke to the customer just now. She leaves for the market at 12:30 PM daily. Bes...,98cb1eca-b6f5-4a0d-89cf-be66eb83b55d,2026-08-27 11:28:13.251441+00,2026-08-27 11:28:13.251442+00,
5309dbc6-7738-46b1-a13a-3957c6943acf,c2f2e0ce-5aeb-4ece-8325-2167edfe139e,46f4128a-126f-42cb-afcd-6429fa74c715,2026-04-27 15:56:00+00,,DECLINED,ALTERNATE,Declined 3 times in a row. Customer is actively avoiding contact. Planning direct field visit.,,,,,,,,,,99b51d37-85d2-435e-978d-343e56943b0f,2026-08-27 11:28:13.62415+00,2026-08-27 11:28:13.624151+00,
cde5571d-2f58-4bcc-8850-76a91602e0a6,5fbae4d6-59d1-4e6c-8a80-fe57244a45bb,65f3403d-3e79-40fb-bb72-59ff9d8b27e0,2026-04-16 09:04:00+00,211,ANSWERED,PRIMARY,Customer answered from out of town. He's on a work contract in Rajasthan for 2 more weeks. Not reachable for visit till month end.,f,,,,2026-09-10,,,,Do not visit until 10 Sep 2026 — customer unavailable.,99b644ed-0970-46da-931e-5d72ed67dd65,2026-08-27 11:28:13.624073+00,2026-08-27 11:28:13.624073+00,
7110942f-0ba7-407d-a4c3-1412d18426d3,5fbae4d6-59d1-4e6c-8a80-fe57244a45bb,635f2e4b-2bdd-4221-992a-9cc1bdf0a747,2026-04-30 09:53:00+00,193,ANSWERED,PRIMARY,Reminder call — customer confirmed salary credited yesterday and full amount is ready. Coming to collect now.,t,,,,,,t,2026-08-28,Payment intent confirmed. Verbal commitment: 28 Aug 2026. Reminder call — customer confirmed salary credited yesterday...,9a1d202f-076b-4d45-9e74-30c5122104f8,2026-08-27 11:28:13.624125+00,2026-08-27 11:28:13.624126+00,
a02c182c-26e0-4a15-9618-c8ba98a3ac46,8e59153e-dc8e-4efa-af65-1db304a6f3f1,01bec68e-6cbc-49d5-9bc3-5d11bc4bd4a1,2026-03-30 11:26:00+00,8,BUSY,PRIMARY,Line was busy. Customer probably on another call. Trying again.,,,,,,,,,,9a344c1a-6177-4ffa-866c-39e83f581980,2026-08-27 11:28:13.624348+00,2026-08-27 11:28:13.624348+00,
40924c9a-cb1c-4994-b4f6-91d8d73b8976,b06cd5a3-f1c0-4cdb-b241-9ce2d6c5e791,ca151c89-12c3-41a3-afc4-d14cd4ac3857,2026-07-10 16:18:00+00,35,ANSWERED,ALTERNATE,Hostile call. Customer said the matter is with the banking ombudsman and threatened complaint if we call again.,f,,,,,,,,,9a393c12-a59c-4fa2-8074-067d76c236ff,2026-08-27 11:28:13.251689+00,2026-08-27 11:28:13.251689+00,
4d4b7559-839c-4d88-a795-cb04ebd25107,c2f2e0ce-5aeb-4ece-8325-2167edfe139e,89d5b709-d034-4e97-837a-504824bd3a86,2026-05-21 13:03:00+00,,NO_ANSWER,ALTERNATE,Phone rang but no one picked up. Will try the alternate number listed in records.,,,,,,,,,,9adad8bd-74a0-4575-b2ce-29cd700effdf,2026-08-27 11:28:13.623833+00,2026-08-27 11:28:13.623834+00,
9044e2bd-36b2-42f2-b7b7-e461935fa985,c6ca60b7-2143-412b-887e-c30ae9cda031,658f8f95-f53f-42f2-add4-333c400e10db,2026-07-07 09:34:00+00,,WRONG_NUMBER,ALTERNATE,Three unanswered attempts today. Visiting directly — based on previous note that customer is home before 10 AM.,,,,,,,,,,9b7ce542-677e-4ed5-8ede-bbe79d26f835,2026-08-27 11:28:13.251513+00,2026-08-27 11:28:13.251514+00,
a21d500a-dc5a-4171-9faf-8c8d545d0015,1d5e58e8-954e-4d6c-b13c-6e6d614cb588,82440fe5-d534-4f3c-8df1-5d8b99fc4234,2026-04-19 18:26:00+00,,NO_ANSWER,PRIMARY,Tried calling three times — no response. Will try visiting directly based on the timing intel from the last visit.,,,,,,,,,,9c23ac06-e4c1-4482-a79f-a0522bfee231,2026-08-27 11:28:13.624102+00,2026-08-27 11:28:13.624102+00,
2fc06593-4740-4714-bf33-b3e7b2620054,c37b6a5c-9d1c-46d4-8ece-dfce290dc74b,1b8e7e04-098a-440a-9cfb-132f9348703c,2026-03-24 12:13:00+00,,NO_ANSWER,ALTERNATE,Three unanswered attempts today. Visiting directly — based on previous note that customer is home before 10 AM.,,,,,,,,,,9c9ec934-b788-4428-8f68-0221205d68b6,2026-08-27 11:28:13.624353+00,2026-08-27 11:28:13.624354+00,
bc77091b-e9cb-4ac9-89f6-12952c491e2c,5fbae4d6-59d1-4e6c-8a80-fe57244a45bb,d5044408-d977-4e21-92a6-6a6b695b9164,2026-08-05 16:02:00+00,174,ANSWERED,PRIMARY,"Customer said insurance claim is pending settlement. When it comes, it will cover the full loan amount. Monitoring.",t,on pension day,,,,,t,2026-08-30,"Customer reachable on pension day. Customer said insurance claim is pending settlement. When it comes, it will cove...",9ccde472-99be-4183-bb48-b7e0eec84be1,2026-08-27 11:28:13.251424+00,2026-08-27 11:28:13.251425+00,
7af24473-7a11-467b-a4a6-6fa0f202334c,2dfc73e0-dba9-4aa5-babf-d5141ded5497,d0c40131-ea6a-4885-a8a9-8170216f2819,2026-05-28 15:49:00+00,,DECLINED,PRIMARY,Call rejected within 2 rings each time. Possible number block. Visiting directly.,,,,,,,,,,9d3efe0c-5a7a-45e3-8ad6-9ac9070bf6a1,2026-08-27 11:28:13.623983+00,2026-08-27 11:28:13.623983+00,
a79bf2d9-491b-49c3-b311-4464122f5f03,a2e2555c-f597-43af-a77a-fe708f967218,e70c7872-5096-4394-83b6-d71617a773c3,2026-06-29 16:39:00+00,,SWITCHED_OFF,ALTERNATE,Phone is switched off. Will try again after 2 hours.,,,,,,,,,,9e078684-6481-488c-bc35-e8059b16f082,2026-08-27 11:28:13.251711+00,2026-08-27 11:28:13.251711+00,
d6e0e387-a749-4aea-9655-ec3b0722c66d,8e59153e-dc8e-4efa-af65-1db304a6f3f1,03835aab-6c3f-498b-87bb-b14e81a4c4a7,2026-06-04 15:03:00+00,,DECLINED,ALTERNATE,Call was declined immediately — customer likely recognised the number. Will try from a different number.,,,,,,,,,,9e229dae-1a4a-4956-b896-8da85ca61ff8,2026-08-27 11:28:13.251997+00,2026-08-27 11:28:13.251997+00,
9dbeb5ad-5cd2-434f-952d-2021b44c2a6f,c2f2e0ce-5aeb-4ece-8325-2167edfe139e,109ca576-3c7b-4114-b736-57cf14e3b726,2026-05-24 14:35:00+00,40,ANSWERED,PRIMARY,Customer picked up. Said come after 10 AM as he prays in the early morning. Available from 10 onwards on all days.,t,after 6 PM,,,,,,,Customer reachable after 6 PM. Customer picked up. Said come after 10 AM as he prays in the early morning. Avai...,9e35ec23-d24e-44ed-af59-22561bf0f685,2026-08-27 11:28:13.624019+00,2026-08-27 11:28:13.62402+00,
24d8d22a-0eba-4e41-b44d-a5f4400de443,b06cd5a3-f1c0-4cdb-b241-9ce2d6c5e791,89297e6d-ff64-4cf1-a3a2-f15a91f41f32,2026-05-29 18:33:00+00,41,ANSWERED,PRIMARY,Spoke to borrower. Harvest season — he's at his farm in another state. Will not be reachable for a month. Seasonal constraint.,f,,,,2026-09-10,,,,Do not visit until 10 Sep 2026 — customer unavailable.,9e47cdcb-e917-4eae-84f7-719172f87225,2026-08-27 11:28:13.623952+00,2026-08-27 11:28:13.623952+00,
7189b075-fd87-436e-a892-46976aa6bbd1,a13886ca-739b-47b4-a473-724e03f7332a,7b15825d-da60-4c1c-83c0-b319ba915f29,2026-03-22 11:14:00+00,,WRONG_NUMBER,PRIMARY,Primary number not answering. Alternate number also not reachable. Planned a direct visit.,,,,,,,,,,9e48e5cc-627a-4c77-9868-05fe7755073f,2026-08-27 11:28:13.624391+00,2026-08-27 11:28:13.624392+00,
caef9f74-2f06-4aeb-b672-b7f468b501ea,c37b6a5c-9d1c-46d4-8ece-dfce290dc74b,1b0c8ea9-befb-46a5-b970-af6259d5a825,2026-08-16 14:14:00+00,,NO_ANSWER,ALTERNATE,Tried calling three times — no response. Will try visiting directly based on the timing intel from the last visit.,,,,,,,,,,9e862dde-ee35-4213-bc19-86a8fd89cc0d,2026-08-27 11:28:13.251288+00,2026-08-27 11:28:13.251289+00,
b2d48723-e8a6-4456-a5ad-ef6aa70c4a28,c2f2e0ce-5aeb-4ece-8325-2167edfe139e,598573b9-8c04-44bf-bc0b-b3a1d7eb941c,2026-06-07 09:45:00+00,,SWITCHED_OFF,PRIMARY,Switched off — second consecutive day. Will visit directly tomorrow morning.,,,,,,,,,,9ec025ba-e977-4611-b959-0b78e4cb6208,2026-08-27 11:28:13.252018+00,2026-08-27 11:28:13.252019+00,
fb3407fa-7c1e-4725-8e63-f7fdf4e73b1f,c37b6a5c-9d1c-46d4-8ece-dfce290dc74b,84a8d0eb-0dd9-4552-8f3b-4c6adc7cff8d,2026-03-16 18:27:00+00,,NO_ANSWER,PRIMARY,Phone rang but no one picked up. Will try the alternate number listed in records.,,,,,,,,,,9f307a77-ac4b-4109-bef3-41a45d3e2fdb,2026-08-27 11:28:13.624235+00,2026-08-27 11:28:13.624236+00,
03aa1f4a-1b3a-48e9-af7a-31998ff0502d,c37b6a5c-9d1c-46d4-8ece-dfce290dc74b,58c36194-ac80-4d4c-9ac4-3ded3c732c24,2026-03-29 11:22:00+00,129,ANSWERED,ALTERNATE,Customer answered aggressively — said he has a lawyer and to not call again. Call ended within 30 seconds.,f,,,,,,,,,9fdb07ef-7f65-4f36-a652-7b2090e2041e,2026-08-27 11:28:13.624305+00,2026-08-27 11:28:13.624306+00,
617a7a6a-7b62-4af9-bd79-cd6932dd4c0a,2dfc73e0-dba9-4aa5-babf-d5141ded5497,c52e3c3a-f668-409c-b38e-eacfaafb3285,2026-03-19 17:07:00+00,,NO_ANSWER,PRIMARY,Three unanswered attempts today. Visiting directly — based on previous note that customer is home before 10 AM.,,,,,,,,,,a03e57ab-54e5-49cc-b865-d3c775ac824d,2026-08-27 11:28:13.624401+00,2026-08-27 11:28:13.624401+00,
c57fa3a0-9f9a-4034-850b-708d4091f181,b06cd5a3-f1c0-4cdb-b241-9ce2d6c5e791,6c83b4ab-db73-4b6d-93ba-0f3eece78751,2026-04-24 12:58:00+00,,NO_ANSWER,PRIMARY,Primary number not answering. Alternate number also not reachable. Planned a direct visit.,,,,,,,,,,a0b4e7db-0d02-4150-9535-0a09ed3c1797,2026-08-27 11:28:13.624229+00,2026-08-27 11:28:13.624229+00,
c4a9556c-8149-4e19-a977-75a54bd4102b,b06cd5a3-f1c0-4cdb-b241-9ce2d6c5e791,c231e4e1-dff9-4806-8971-f7225bd6a922,2026-05-31 10:41:00+00,226,ANSWERED,PRIMARY,Borrower picked up. Child's board exams are ongoing — he specifically requested no visit for the next 2 weeks till exams are over.,f,,,,2026-09-09,,,,Do not visit until 09 Sep 2026 — customer unavailable.,a0e9cb15-a5e1-46a9-9084-f204b8363021,2026-08-27 11:28:13.623966+00,2026-08-27 11:28:13.623967+00,
74dd0cbb-1234-49ca-aa9f-3032483dc9c6,5fbae4d6-59d1-4e6c-8a80-fe57244a45bb,9b58df38-bebe-4789-ba48-85f2e6c54c73,2026-08-26 16:15:00+00,122,ANSWERED,PRIMARY,Customer picked up and confirmed home on the visit day. Requested I call before leaving so he can keep cash ready.,t,11 AM to 1 PM,,,,,,,Customer reachable 11 AM to 1 PM. Customer picked up and confirmed home on the visit day. Requested I call before ...,a103d98c-4816-4acb-8e89-ed1c980ef00a,2026-08-27 11:28:13.251432+00,2026-08-27 11:28:13.251433+00,
30837126-ce1f-49ef-8bc9-c7d8e85a56df,c6ca60b7-2143-412b-887e-c30ae9cda031,f45c94fd-7fbc-4f1b-9251-5b344b57ff6d,2026-05-29 15:22:00+00,,DECLINED,PRIMARY,Call rejected within 2 rings each time. Possible number block. Visiting directly.,,,,,,,,,,a10f896b-d466-4b0d-b7bb-c8efe2d08f0e,2026-08-27 11:28:13.623869+00,2026-08-27 11:28:13.62387+00,
4df45b7d-97fe-4dd8-a401-1084b36d43f1,c37b6a5c-9d1c-46d4-8ece-dfce290dc74b,24f406f0-18ea-428e-9360-8b08b5638e21,2026-03-13 12:16:00+00,45,ANSWERED,PRIMARY,Reminder answered. Customer confirmed payment physically kept ready in cash. Visit confirmed.,t,,,,,,t,2026-09-01,Payment intent confirmed. Verbal commitment: 01 Sep 2026. Reminder answered. Customer confirmed payment physically kep...,a120a19b-8345-48e7-9a7f-85a916c406cb,2026-08-27 11:28:13.624367+00,2026-08-27 11:28:13.624368+00,
44642872-d0a5-4d5c-a932-1c062ba032f3,3e9c4168-1de9-43e8-b9f2-fbf3f931949d,eb6261e3-c320-4290-be96-8b1a032f6305,2026-08-21 16:40:00+00,,WRONG_NUMBER,PRIMARY,Tried calling three times — no response. Will try visiting directly based on the timing intel from the last visit.,,,,,,,,,,a1937777-425a-4cbb-a3d5-68760cf382cc,2026-08-27 11:28:13.251269+00,2026-08-27 11:28:13.251269+00,
4e96d241-8893-496b-b4b7-f9573094d05c,c2f2e0ce-5aeb-4ece-8325-2167edfe139e,f3665eea-1b6b-4f31-a8a1-8eeeb5e4cc45,2026-04-05 14:22:00+00,,WRONG_NUMBER,ALTERNATE,Tried calling three times — no response. Will try visiting directly based on the timing intel from the last visit.,,,,,,,,,,a2ce329a-61c9-4f79-abf0-880ed1cd52da,2026-08-27 11:28:13.624049+00,2026-08-27 11:28:13.624049+00,
cf77428d-5a65-4f22-b553-fcacb366209c,cd9e6eca-028e-4c61-8e82-048327bc4476,830d42f9-f1de-4f55-b7ee-e33edae0c1d3,2026-04-29 17:57:00+00,177,ANSWERED,PRIMARY,Spoke to borrower. His property is being sold — proceeds will clear the full outstanding. 30-60 day window expected.,t,,,,,,t,2026-09-03,Payment intent confirmed. Verbal commitment: 03 Sep 2026. Spoke to borrower. His property is being sold — proceeds wil...,a353b0f2-e118-41e5-863b-2b62b19db9a3,2026-08-27 11:28:13.624027+00,2026-08-27 11:28:13.624028+00,
43c61aa2-6ccb-47a9-9af1-1ca05a53ce22,c2f2e0ce-5aeb-4ece-8325-2167edfe139e,19b65599-9a6e-4186-9398-f1f877e31ad6,2026-06-28 10:17:00+00,,DECLINED,PRIMARY,Call rejected within 2 rings each time. Possible number block. Visiting directly.,,,,,,,,,,a3737ef1-12f3-4439-a2c9-f303e02f51db,2026-08-27 11:28:13.251994+00,2026-08-27 11:28:13.251994+00,
7189b075-fd87-436e-a892-46976aa6bbd1,a13886ca-739b-47b4-a473-724e03f7332a,7b15825d-da60-4c1c-83c0-b319ba915f29,2026-03-21 16:19:00+00,,WRONG_NUMBER,PRIMARY,Three unanswered attempts today. Visiting directly — based on previous note that customer is home before 10 AM.,,,,,,,,,,a39f2e53-0507-4e02-a4b0-bfe22baf5f1e,2026-08-27 11:28:13.624393+00,2026-08-27 11:28:13.624393+00,
d2b6e704-5ac5-45c1-b5cb-4a10ff082bd9,2b6de8aa-0976-4be0-8a40-043ff86ffa54,d0306031-1151-4993-bed9-6906033425ef,2026-08-10 11:49:00+00,109,ANSWERED,PRIMARY,Customer answered. His pension deposits on the 5th. Very willing to pay on the 6th. Cooperative customer.,t,,,,,,t,2026-09-11,Payment intent confirmed. Verbal commitment: 11 Sep 2026. Customer answered. His pension deposits on the 5th. Very wil...,a3c95abe-5eef-49cb-99c9-235aaab218b1,2026-08-27 11:28:13.251358+00,2026-08-27 11:28:13.251359+00,
6d91eb24-c44d-4f16-86a5-3bd86f382850,2dfc73e0-dba9-4aa5-babf-d5141ded5497,414ea351-9932-44a5-97dd-6087537e80e3,2026-06-21 18:16:00+00,,DECLINED,PRIMARY,Call rejected within 2 rings each time. Possible number block. Visiting directly.,,,,,,,,,,a45e498a-f5e3-45b1-9016-1628f90078c6,2026-08-27 11:28:13.251844+00,2026-08-27 11:28:13.251844+00,
3403140c-55c9-4a00-8f90-b0db0ed5417e,8e59153e-dc8e-4efa-af65-1db304a6f3f1,26976eb1-42c6-400c-b45a-101b41ce3537,2026-04-27 17:28:00+00,152,ANSWERED,PRIMARY,Customer picked up and immediately said to stop calling or he will file a harassment complaint. He cut the call. No visit recommended right now.,f,,,,,,,,,a485338d-f5f7-42e1-a229-f996d08ed10c,2026-08-27 11:28:13.624172+00,2026-08-27 11:28:13.624173+00,
58ae6edc-aa29-46bc-a8e9-a858ec5a0f79,c33350cc-f581-492e-807f-14262d56ebcb,f76b87ca-9218-4e78-9377-c55b4850be3b,2026-06-06 17:31:00+00,34,ANSWERED,PRIMARY,Spoke to borrower. Harvest season — he's at his farm in another state. Will not be reachable for a month. Seasonal constraint.,f,,,,2026-09-05,,,,Do not visit until 05 Sep 2026 — customer unavailable.,a5004262-3da9-48f8-899e-80b44ab2482b,2026-08-27 11:28:13.251806+00,2026-08-27 11:28:13.251807+00,
7e164cf7-adb1-4fc2-b798-e754091c0a2a,a13886ca-739b-47b4-a473-724e03f7332a,4bd7b5e4-b853-4646-9e8d-f0d0e3bffa6f,2026-05-15 16:34:00+00,,WRONG_NUMBER,PRIMARY,No answer since morning. Will try calling in the evening — customer may be at work.,,,,,,,,,,a53f4e1b-bf52-447c-aec9-916f5d691ccb,2026-08-27 11:28:13.623937+00,2026-08-27 11:28:13.623937+00,
48f6da6d-8144-43c5-9190-85dd36b86026,2b6de8aa-0976-4be0-8a40-043ff86ffa54,c91c426f-1cf3-44b7-a2a8-5bb8015e300b,2026-08-12 15:23:00+00,,DECLINED,ALTERNATE,Call was declined immediately — customer likely recognised the number. Will try from a different number.,,,,,,,,,,a54d2769-cbf1-450f-a9ad-85c589dec3cb,2026-08-27 11:28:13.251309+00,2026-08-27 11:28:13.25131+00,
a8651e2d-af97-4fed-860f-9b4d12d1c472,8e59153e-dc8e-4efa-af65-1db304a6f3f1,4ceb89c9-53a9-48e3-a93e-876e7fa71bfc,2026-04-27 18:42:00+00,,DECLINED,PRIMARY,Call was declined immediately — customer likely recognised the number. Will try from a different number.,,,,,,,,,,a559b5c9-e858-40d3-9c84-1b3bf499af73,2026-08-27 11:28:13.624226+00,2026-08-27 11:28:13.624227+00,
7fa68fdc-8fb6-4811-89fe-76519d76eef6,8e59153e-dc8e-4efa-af65-1db304a6f3f1,9d36153b-9490-468e-8f0c-6acd4b668a26,2026-06-14 09:08:00+00,,NO_ANSWER,PRIMARY,Phone rang but no one picked up. Will try the alternate number listed in records.,,,,,,,,,,a5690672-8ed3-4fd6-9b13-718f4dbfbded,2026-08-27 11:28:13.252031+00,2026-08-27 11:28:13.252032+00,
ab424df4-f91b-4d3a-bf7e-77671eab8c75,c2f2e0ce-5aeb-4ece-8325-2167edfe139e,cfd7f981-8a56-4067-919c-03b1c95f4b23,2026-07-26 18:27:00+00,,DECLINED,PRIMARY,Declined 3 times in a row. Customer is actively avoiding contact. Planning direct field visit.,,,,,,,,,,a5d7a4f3-1faf-4828-a382-31628e7de21b,2026-08-27 11:28:13.251473+00,2026-08-27 11:28:13.251473+00,
7d320cac-116a-4fca-91e3-21aeb3e7b44e,a2e2555c-f597-43af-a77a-fe708f967218,d5044408-d977-4e21-92a6-6a6b695b9164,2026-04-10 11:20:00+00,93,ANSWERED,PRIMARY,Call done. Borrower gets rental income on the 2nd of every month. Best time to collect is on the 3rd or 4th.,t,on pension day,,,,,t,2026-09-01,Customer reachable on pension day. Call done. Borrower gets rental income on the 2nd of every month. Best time to c...,a658f71a-72b8-4112-8fa6-1daaddfe718e,2026-08-27 11:28:13.624066+00,2026-08-27 11:28:13.624067+00,
09ea08d5-cb02-485e-8b6a-9f53944a694e,4a182f53-a1a1-4f15-945a-6a56f4e04b64,f8e81db2-daf7-446d-9379-5491607b5ec7,2026-06-26 09:34:00+00,110,ANSWERED,PRIMARY,Customer answered from out of town. He's on a work contract in Rajasthan for 2 more weeks. Not reachable for visit till month end.,f,,,,2026-09-03,,,,Do not visit until 03 Sep 2026 — customer unavailable.,a6672f0e-2540-4f4e-921c-7e735475fc75,2026-08-27 11:28:13.251717+00,2026-08-27 11:28:13.251717+00,
a21d500a-dc5a-4171-9faf-8c8d545d0015,1d5e58e8-954e-4d6c-b13c-6e6d614cb588,82440fe5-d534-4f3c-8df1-5d8b99fc4234,2026-04-21 11:44:00+00,,NO_ANSWER,PRIMARY,Primary number not answering. Alternate number also not reachable. Planned a direct visit.,,,,,,,,,,a6693721-308c-4ac9-86ff-7ad733414048,2026-08-27 11:28:13.624101+00,2026-08-27 11:28:13.624101+00,
133c0e52-06d3-4439-8b92-b335b4b39b17,e9dced65-f61b-4c24-bae7-d4170299ed46,2a15516f-d306-43e7-9555-1ce7dc5b5296,2026-08-15 16:50:00+00,18,BUSY,PRIMARY,Line was busy. Customer probably on another call. Trying again.,,,,,,,,,,a691a12f-bfa0-4a57-aaf3-31e1d573b0e4,2026-08-27 11:28:13.251372+00,2026-08-27 11:28:13.251373+00,
ec02cf30-b430-42aa-92a6-d943976866b1,357e2e09-b637-468e-818b-57a5dce18e9c,a34cfc06-b72f-45ec-a606-4549fa1be6ad,2026-07-10 13:36:00+00,50,ANSWERED,PRIMARY,Hostile call. Customer said the matter is with the banking ombudsman and threatened complaint if we call again.,f,,,,,,,,,a6a9af25-44cf-441a-8e36-3be9495a216a,2026-08-27 11:28:13.251524+00,2026-08-27 11:28:13.251524+00,
947b56de-3e5a-448c-bd3e-d4644010c6d9,3e9c4168-1de9-43e8-b9f2-fbf3f931949d,d33f2626-c892-4bd0-bf23-d61d972bdfb4,2026-03-14 11:19:00+00,158,ANSWERED,PRIMARY,Spoke to borrower. Harvest season — he's at his farm in another state. Will not be reachable for a month. Seasonal constraint.,f,,,,2026-09-10,,,,Do not visit until 10 Sep 2026 — customer unavailable.,a6c8b60f-8ba8-4d3b-9c48-b8d421dd421e,2026-08-27 11:28:13.624409+00,2026-08-27 11:28:13.624409+00,
86edfc70-8ec2-4112-8fcf-feee239e973a,5fbae4d6-59d1-4e6c-8a80-fe57244a45bb,efc128df-533f-4df9-8a86-8c8de59e0a2d,2026-04-26 15:09:00+00,,NO_ANSWER,PRIMARY,Tried calling three times — no response. Will try visiting directly based on the timing intel from the last visit.,,,,,,,,,,a7691b76-23e1-4c60-a244-3d38026aeba8,2026-08-27 11:28:13.624212+00,2026-08-27 11:28:13.624212+00,
32171089-f235-47ac-a469-f548f9a6648c,5fbae4d6-59d1-4e6c-8a80-fe57244a45bb,5167984b-a17b-4e18-836c-b99e99997a78,2026-07-22 12:58:00+00,55,ANSWERED,PRIMARY,"Customer said insurance claim is pending settlement. When it comes, it will cover the full loan amount. Monitoring.",t,,,,,,t,2026-09-13,Payment intent confirmed. Verbal commitment: 13 Sep 2026. Customer said insurance claim is pending settlement. When it...,a7c914d2-c0ba-41c7-a57e-a5d41f25225f,2026-08-27 11:28:13.251685+00,2026-08-27 11:28:13.251685+00,
93cc1d05-9926-43e1-b55d-a8d353d54a01,8e59153e-dc8e-4efa-af65-1db304a6f3f1,d62f8b44-fbc6-4ad8-8faf-d60cd0920350,2026-07-05 13:13:00+00,206,ANSWERED,PRIMARY,"Customer picked up briefly, said don't disturb during office hours and disconnected. Will try in the evening.",f,,,,,,,,,a85b5aa0-aef2-4c2e-881d-baecea7f10f7,2026-08-27 11:28:13.251582+00,2026-08-27 11:28:13.251582+00,
d94f5c6b-4f3e-49fc-ac84-65a66974c4f7,c37b6a5c-9d1c-46d4-8ece-dfce290dc74b,72f1bae1-8cdb-46c4-85bc-1ad9bcca79dc,2026-08-25 17:42:00+00,,WRONG_NUMBER,PRIMARY,Primary number not answering. Alternate number also not reachable. Planned a direct visit.,,,,,,,,,,a8a7c6d4-92c7-412c-adcb-3213fd485ac6,2026-08-27 11:28:13.251287+00,2026-08-27 11:28:13.251288+00,
3ce440da-f98c-4b35-8540-6d3d1644aecd,357e2e09-b637-468e-818b-57a5dce18e9c,0549a0ef-cfda-4123-acaa-366ba52ffd7e,2026-08-09 18:24:00+00,7,BUSY,PRIMARY,Busy tone on first attempt. Will try again in 15 minutes.,,,,,,,,,,a960fb8f-8f75-45f6-8142-39b2fba68f76,2026-08-27 11:28:13.251401+00,2026-08-27 11:28:13.251401+00,
013de1b3-56c6-4d49-98c9-775d63252fe3,3aa13103-bd03-4578-9292-44d88d58da00,2a15516f-d306-43e7-9555-1ce7dc5b5296,2026-04-19 11:13:00+00,178,ANSWERED,ALTERNATE,Pre-visit call done. Customer confirmed the PTP amount is ready in his account. Visit confirmed for tomorrow morning.,t,,,,,,t,2026-08-27,Payment intent confirmed. Verbal commitment: 27 Aug 2026. Pre-visit call done. Customer confirmed the PTP amount is re...,a9668adf-4568-4230-af6d-a49b385f0ea3,2026-08-27 11:28:13.62414+00,2026-08-27 11:28:13.62414+00,
040d1b3e-b365-4dd1-943e-eaeb1e543898,cd9e6eca-028e-4c61-8e82-048327bc4476,b9e0ba2b-6819-4413-91b6-8b0e71366ad7,2026-04-22 17:04:00+00,,SWITCHED_OFF,PRIMARY,Switched off — second consecutive day. Will visit directly tomorrow morning.,,,,,,,,,,a9964d60-4598-4ce2-8dd3-b99195f5dd25,2026-08-27 11:28:13.624061+00,2026-08-27 11:28:13.624061+00,
01ae52c2-8c6e-4592-a38f-08732c8950f4,c6ca60b7-2143-412b-887e-c30ae9cda031,783b963e-c174-4a0b-b9bf-b5b43a6000bd,2026-07-31 17:26:00+00,89,ANSWERED,PRIMARY,"Customer on pilgrimage — wife confirmed, said he will be back in 12 days. Blocking visits till confirmed return.",f,,,,2026-09-05,,,,Do not visit until 05 Sep 2026 — customer unavailable.,a9b50271-413a-40c8-8975-7ba63c39872e,2026-08-27 11:28:13.251626+00,2026-08-27 11:28:13.251627+00,
0835bfa3-c594-4b5c-bcfa-abdc7dddabec,3e9c4168-1de9-43e8-b9f2-fbf3f931949d,77b5829a-af76-4e86-bcaa-4b8bf1b6f8f9,2026-04-11 18:42:00+00,,NO_ANSWER,PRIMARY,Tried calling three times — no response. Will try visiting directly based on the timing intel from the last visit.,,,,,,,,,,aa19d180-2dba-40da-8666-975d350c083a,2026-08-27 11:28:13.624164+00,2026-08-27 11:28:13.624165+00,
292341e4-c9e3-4039-a4f5-f6c3f6b080e1,357e2e09-b637-468e-818b-57a5dce18e9c,f3665eea-1b6b-4f31-a8a1-8eeeb5e4cc45,2026-07-26 15:55:00+00,,SWITCHED_OFF,ALTERNATE,Both primary and alternate numbers are switched off since morning. Planning a direct visit.,,,,,,,,,,aa3a5c5f-012b-4186-874b-801a356fed6c,2026-08-27 11:28:13.251645+00,2026-08-27 11:28:13.251645+00,
04460e1f-47f5-4d30-b44c-0be05ea7991f,e9dced65-f61b-4c24-bae7-d4170299ed46,0b69a0a3-3f45-481a-8840-b0720961f695,2026-07-05 16:30:00+00,,DECLINED,PRIMARY,Call rejected within 2 rings each time. Possible number block. Visiting directly.,,,,,,,,,,aa549ca5-8160-4e78-a89a-c9bd2666f769,2026-08-27 11:28:13.251557+00,2026-08-27 11:28:13.251558+00,
cca1f0fd-4df0-4748-a81b-22e081eb43ed,c6ca60b7-2143-412b-887e-c30ae9cda031,47e30ef7-8957-428d-be7b-a7b0524f8143,2026-04-11 18:47:00+00,,WRONG_NUMBER,PRIMARY,Three unanswered attempts today. Visiting directly — based on previous note that customer is home before 10 AM.,,,,,,,,,,aa670aa4-4f4b-4126-8456-63ea4d9ebc6e,2026-08-27 11:28:13.624037+00,2026-08-27 11:28:13.624038+00,
0dd4efa3-5313-45ec-b85d-9504b05b43ea,c2f2e0ce-5aeb-4ece-8325-2167edfe139e,6ee09325-b476-4ff7-acfd-dd6aff05eca9,2026-08-10 18:09:00+00,,NO_ANSWER,PRIMARY,Primary number not answering. Alternate number also not reachable. Planned a direct visit.,,,,,,,,,,aa90254f-f07d-48c1-9f6d-d7ad7df963b2,2026-08-27 11:28:13.251278+00,2026-08-27 11:28:13.251279+00,
e19c5466-f318-4cd8-a5dc-7d0f24ec305a,5fbae4d6-59d1-4e6c-8a80-fe57244a45bb,0212a882-e655-4907-a63c-0a2ee780157a,2026-08-26 10:54:00+00,,SWITCHED_OFF,PRIMARY,Switched off. Going by the timing intel from last visit — planning morning visit before 9 AM.,,,,,,,,,,aad603c1-29e1-474f-b21e-9307e2492634,2026-08-27 11:28:13.251319+00,2026-08-27 11:28:13.25132+00,
dcaf8d18-ffa3-4551-95e6-327c21dac884,5fbae4d6-59d1-4e6c-8a80-fe57244a45bb,5372c7eb-4b00-4575-a421-f4d3d71a072e,2026-07-22 09:30:00+00,132,ANSWERED,PRIMARY,"Customer picked up briefly, said don't disturb during office hours and disconnected. Will try in the evening.",f,,,,,,,,,aaf2f548-d9e2-42f0-9023-9a10ebac705a,2026-08-27 11:28:13.251596+00,2026-08-27 11:28:13.251597+00,
2033f788-f8b5-4024-ba05-7e83ce1c9975,8e59153e-dc8e-4efa-af65-1db304a6f3f1,c1e96984-0b42-44e9-8e5d-848c1d7a4a79,2026-07-11 13:05:00+00,231,ANSWERED,ALTERNATE,Customer answered but was very distressed — his parent is critical in hospital. Not a good time. Requested I call back in 4 days.,f,,,,2026-08-31,,,,Do not visit until 31 Aug 2026 — customer unavailable.,ab298baf-473c-4dc7-9c03-44513509114b,2026-08-27 11:28:13.251457+00,2026-08-27 11:28:13.251458+00,
4f6ee7d6-ce14-4e3d-9d39-439cfb5dbe71,e9dced65-f61b-4c24-bae7-d4170299ed46,ba61e26c-957f-47e5-84c7-210db74a1652,2026-05-18 14:36:00+00,160,ANSWERED,PRIMARY,Customer answered. Said he's going through court proceedings this week — his lawyer advised no contact. Requesting 2 weeks gap.,f,,,,2026-09-11,,,,Do not visit until 11 Sep 2026 — customer unavailable.,ab6eb7e4-ad56-49a8-bdc5-c36af2068f77,2026-08-27 11:28:13.252049+00,2026-08-27 11:28:13.25205+00,
faae1aba-6a78-41f8-b757-687ae75899d2,c33350cc-f581-492e-807f-14262d56ebcb,4bd7b5e4-b853-4646-9e8d-f0d0e3bffa6f,2026-05-02 18:20:00+00,157,ANSWERED,ALTERNATE,Borrower answered. Said the outstanding amount is wrong and he will not pay until the bank corrects the statement. Call ended.,f,,,,,,,,,ab84e010-d3d9-4498-aff4-e16ea37a194d,2026-08-27 11:28:13.624185+00,2026-08-27 11:28:13.624186+00,
714085f0-81e2-490e-8294-4d997ffcf6e3,8e59153e-dc8e-4efa-af65-1db304a6f3f1,4bd7b5e4-b853-4646-9e8d-f0d0e3bffa6f,2026-04-18 13:18:00+00,221,ANSWERED,PRIMARY,Customer picked up. Said come after 10 AM as he prays in the early morning. Available from 10 onwards on all days.,t,after 6 PM,,,,,,,Customer reachable after 6 PM. Customer picked up. Said come after 10 AM as he prays in the early morning. Avai...,ac350975-879c-4818-8090-26af82c87cea,2026-08-27 11:28:13.624162+00,2026-08-27 11:28:13.624163+00,
3947f7ab-b060-407d-928c-2f395770bd9e,2dfc73e0-dba9-4aa5-babf-d5141ded5497,2a15516f-d306-43e7-9555-1ce7dc5b5296,2026-08-20 12:13:00+00,195,ANSWERED,PRIMARY,"Customer picked up briefly, said don't disturb during office hours and disconnected. Will try in the evening.",f,,,,,,,,,ac6d173a-fb52-463c-ab10-a3faa2e4b409,2026-08-27 11:28:13.251282+00,2026-08-27 11:28:13.251283+00,
7bd447a1-3659-4eda-a558-5383c7cebdfc,2dfc73e0-dba9-4aa5-babf-d5141ded5497,8f142b89-8c4a-43a3-ad04-f247417e775d,2026-03-23 09:39:00+00,,DECLINED,ALTERNATE,Call rejected within 2 rings each time. Possible number block. Visiting directly.,,,,,,,,,,ac73eff5-16a7-4fcf-816f-d153ba62ee2e,2026-08-27 11:28:13.624406+00,2026-08-27 11:28:13.624407+00,
dbe687b1-68d0-41e1-a05c-6b8198bf2a6d,c2f2e0ce-5aeb-4ece-8325-2167edfe139e,0a99b2b1-64d9-4196-be30-c6ebb342aa5b,2026-06-15 15:10:00+00,98,ANSWERED,ALTERNATE,Good call. Customer confirmed he's home till 9 AM every weekday before heading to his construction site. I need to go early.,t,before 10 AM,,,,,,,Customer reachable before 10 AM. Good call. Customer confirmed he's home till 9 AM every weekday before heading t...,ac857050-12b2-4d32-be69-046480ec7e2a,2026-08-27 11:28:13.251798+00,2026-08-27 11:28:13.251798+00,
39aeb7cd-94b6-4ea7-afab-1692057be162,a13886ca-739b-47b4-a473-724e03f7332a,6d7f5b9d-9880-4b50-9071-8f58c57f45a9,2026-08-21 10:13:00+00,,DECLINED,PRIMARY,Declined 3 times in a row. Customer is actively avoiding contact. Planning direct field visit.,,,,,,,,,,ac8d9c40-9873-43c0-8db6-6fba102fc78d,2026-08-27 11:28:13.251229+00,2026-08-27 11:28:13.251229+00,
24505bbd-5369-412c-8d9b-90c0c5b43bca,c37b6a5c-9d1c-46d4-8ece-dfce290dc74b,cb6aa2b7-e049-4fcb-ae64-0feacbf71c37,2026-08-19 13:20:00+00,,WRONG_NUMBER,ALTERNATE,Three unanswered attempts today. Visiting directly — based on previous note that customer is home before 10 AM.,,,,,,,,,,acb1dcd3-88ce-4e7c-b040-2ede6f2edcbb,2026-08-27 11:28:13.251297+00,2026-08-27 11:28:13.251297+00,
6a22de15-0fec-4967-9bda-1224814a439f,4a182f53-a1a1-4f15-945a-6a56f4e04b64,4acff2d3-83ee-4200-8f28-0b5f0075d617,2026-03-25 15:23:00+00,,WRONG_NUMBER,ALTERNATE,No answer since morning. Will try calling in the evening — customer may be at work.,,,,,,,,,,acbd9af6-9c3e-4487-9b71-5aa7277d2898,2026-08-27 11:28:13.624253+00,2026-08-27 11:28:13.624254+00,
698853f8-d649-4ede-8b01-d9e80b5f15c2,1d5e58e8-954e-4d6c-b13c-6e6d614cb588,08ba962e-0ef6-4f27-a9fe-8ed646f6755b,2026-08-25 16:25:00+00,95,ANSWERED,PRIMARY,Customer's wife answered. Said the borrower is hospitalised for a surgery. Should be back home by Thursday. Will revisit after that.,f,,,,2026-09-05,,,,Do not visit until 05 Sep 2026 — customer unavailable.,ad2bd784-148a-403a-ae17-e5f9c14a4629,2026-08-27 11:28:13.251271+00,2026-08-27 11:28:13.251272+00,
ef52c8f8-deca-4213-8129-7f49fcba2004,2b6de8aa-0976-4be0-8a40-043ff86ffa54,9c8b413a-0404-46b6-b5f1-c52686328deb,2026-06-22 09:35:00+00,178,ANSWERED,PRIMARY,Good call. Customer told me his salary comes on the 9th every month. He will pay on the 10th. I'll plan the visit accordingly.,t,after salary credit on 9th,,,,,t,2026-08-31,Customer reachable after salary credit on 9th. Good call. Customer told me his salary comes on the 9th every month. He will pay...,ad7e2091-b8d4-40f6-98c0-19476949b826,2026-08-27 11:28:13.251791+00,2026-08-27 11:28:13.251792+00,
09f638e4-1837-44cd-84a4-5b5fdba238c2,1d5e58e8-954e-4d6c-b13c-6e6d614cb588,5831efe8-5398-4538-8ce8-e7e241cfc522,2026-05-18 15:38:00+00,,DECLINED,PRIMARY,Call was declined immediately — customer likely recognised the number. Will try from a different number.,,,,,,,,,,ad909121-1eb0-46e3-9f27-181632f8b759,2026-08-27 11:28:13.252077+00,2026-08-27 11:28:13.252078+00,
40147f68-8a18-4627-a1ac-f2a2721ea63c,c2f2e0ce-5aeb-4ece-8325-2167edfe139e,9d36153b-9490-468e-8f0c-6acd4b668a26,2026-06-24 14:22:00+00,160,ANSWERED,PRIMARY,"Customer picked up briefly, said don't disturb during office hours and disconnected. Will try in the evening.",f,,,,,,,,,ae653b78-dc17-471b-a57b-02c8e8d756cd,2026-08-27 11:28:13.251837+00,2026-08-27 11:28:13.251838+00,
59f59375-57e3-4b12-a1aa-ef295eb40023,c33350cc-f581-492e-807f-14262d56ebcb,02b1d4f2-47f8-4560-a341-fc11f18e84e5,2026-05-22 11:04:00+00,23,BUSY,PRIMARY,Line was busy. Customer probably on another call. Trying again.,,,,,,,,,,af52d0ad-21f0-4c34-b4ce-0429e5a03bdf,2026-08-27 11:28:13.62401+00,2026-08-27 11:28:13.62401+00,
ecc596da-01f8-4713-90df-95567361aaf8,357e2e09-b637-468e-818b-57a5dce18e9c,d2a33ff1-ab95-4313-b96e-37e0814c6f2d,2026-08-01 09:59:00+00,214,ANSWERED,PRIMARY,Customer answered. Said he's home for lunch between 1 PM and 2:30 PM daily. That's a good window to visit.,t,before 10 AM,,,,,,,Customer reachable before 10 AM. Customer answered. Said he's home for lunch between 1 PM and 2:30 PM daily. That...,af55861b-3410-42fb-a865-6ecf3bf00714,2026-08-27 11:28:13.251502+00,2026-08-27 11:28:13.251503+00,
ecc596da-01f8-4713-90df-95567361aaf8,357e2e09-b637-468e-818b-57a5dce18e9c,d2a33ff1-ab95-4313-b96e-37e0814c6f2d,2026-07-29 11:43:00+00,90,ANSWERED,PRIMARY,Borrower answered. Said the outstanding amount is wrong and he will not pay until the bank corrects the statement. Call ended.,f,,,,,,,,,af5a7a5a-282c-4699-9974-23a2a61c383e,2026-08-27 11:28:13.251504+00,2026-08-27 11:28:13.251504+00,
f17a4229-7277-4ca7-8e0f-78166ba02f30,cd9e6eca-028e-4c61-8e82-048327bc4476,ec7e7d5f-9af6-4660-b822-eaaa0a807d80,2026-04-07 17:20:00+00,218,ANSWERED,PRIMARY,Customer answered from out of town. He's on a work contract in Rajasthan for 2 more weeks. Not reachable for visit till month end.,f,,,,2026-09-01,,,,Do not visit until 01 Sep 2026 — customer unavailable.,af641d82-9f73-4a01-81ac-91521f3b6a64,2026-08-27 11:28:13.624216+00,2026-08-27 11:28:13.624217+00,
caef9f74-2f06-4aeb-b672-b7f468b501ea,c37b6a5c-9d1c-46d4-8ece-dfce290dc74b,1b0c8ea9-befb-46a5-b970-af6259d5a825,2026-08-18 12:06:00+00,5,BUSY,PRIMARY,Line was busy. Customer probably on another call. Trying again.,,,,,,,,,,b05dcf97-af8e-481a-a5cb-ab847512b2b6,2026-08-27 11:28:13.251289+00,2026-08-27 11:28:13.25129+00,
b87e866d-4f49-4a1f-9ed7-57cdeb8a5665,3e9c4168-1de9-43e8-b9f2-fbf3f931949d,273e3301-de4a-4fdc-b8cc-c077bef82888,2026-07-02 17:41:00+00,5,BUSY,PRIMARY,Busy tone on first attempt. Will try again in 15 minutes.,,,,,,,,,,b069da40-dd13-4fee-bf8c-2c5dec376f0c,2026-08-27 11:28:13.251693+00,2026-08-27 11:28:13.251693+00,
a9077346-1e77-4b17-8eaf-4713ba0cbe6c,a13886ca-739b-47b4-a473-724e03f7332a,9339433d-7018-4df9-8ab1-189b46c9ca29,2026-04-18 10:56:00+00,,WRONG_NUMBER,PRIMARY,Primary number not answering. Alternate number also not reachable. Planned a direct visit.,,,,,,,,,,b08fdc53-e97c-4688-aea0-a7574b155495,2026-08-27 11:28:13.624159+00,2026-08-27 11:28:13.62416+00,
ec2d0174-395e-49ac-ad5e-65ed540f361e,c2f2e0ce-5aeb-4ece-8325-2167edfe139e,489a3403-a471-407c-9f57-f36a8e43f3e7,2026-03-30 13:55:00+00,97,ANSWERED,PRIMARY,"Customer picked up briefly, said don't disturb during office hours and disconnected. Will try in the evening.",f,,,,,,,,,b0b170dc-bb35-4963-ad76-c639d1cc5fd4,2026-08-27 11:28:13.624317+00,2026-08-27 11:28:13.624317+00,
052d2c1d-d8c4-43d3-b548-cffde5a3571e,e9dced65-f61b-4c24-bae7-d4170299ed46,2439d400-d1c2-4c8b-935a-25904e153bbb,2026-05-31 09:15:00+00,240,ANSWERED,PRIMARY,Called as a reminder. Borrower said she will transfer via UPI today itself — before noon. No need for field visit today.,t,,,,,,t,2026-08-29,Payment intent confirmed. Verbal commitment: 29 Aug 2026. Called as a reminder. Borrower said she will transfer via UP...,b0c11360-b14c-4a3c-ba7f-3987b6e5e28a,2026-08-27 11:28:13.252062+00,2026-08-27 11:28:13.252063+00,
d0b60cc2-1609-4be4-a5af-3b8cf472974e,c33350cc-f581-492e-807f-14262d56ebcb,08ba962e-0ef6-4f27-a9fe-8ed646f6755b,2026-05-19 14:56:00+00,124,ANSWERED,PRIMARY,Customer answered. Said he's going through court proceedings this week — his lawyer advised no contact. Requesting 2 weeks gap.,f,,,,2026-08-31,,,,Do not visit until 31 Aug 2026 — customer unavailable.,b0d56860-a758-420f-b4ec-63a408253f5f,2026-08-27 11:28:13.623858+00,2026-08-27 11:28:13.623859+00,
ca0de548-83b9-4b80-912e-d26303ed7a70,1d5e58e8-954e-4d6c-b13c-6e6d614cb588,d194e9e1-27b4-44d8-80b3-c5dd6b0e01cc,2026-03-17 14:20:00+00,153,ANSWERED,PRIMARY,Spoke to the borrower. He runs a small business — income is strongest after the 20th when his clients pay. PTP for 22nd confirmed.,t,after salary credit on 9th,,,,,t,2026-09-16,Customer reachable after salary credit on 9th. Spoke to the borrower. He runs a small business — income is strongest after the ...,b1df8d5f-056c-4122-9b36-889a0d47fc1e,2026-08-27 11:28:13.624272+00,2026-08-27 11:28:13.624272+00,
6ec7dd21-0b29-4e6e-b9ef-cf46d17c86ce,c6ca60b7-2143-412b-887e-c30ae9cda031,c77e10a4-659a-45bc-b298-17404f303324,2026-06-08 17:00:00+00,,WRONG_NUMBER,PRIMARY,Primary number not answering. Alternate number also not reachable. Planned a direct visit.,,,,,,,,,,b221e027-473b-4c2b-ac5e-96557c76a238,2026-08-27 11:28:13.251852+00,2026-08-27 11:28:13.251853+00,
11992cab-311c-4712-8f01-8bee220077f4,b06cd5a3-f1c0-4cdb-b241-9ce2d6c5e791,119a6328-3709-4881-836e-1e3fbe5085e2,2026-08-24 09:39:00+00,,NO_ANSWER,ALTERNATE,Primary number not answering. Alternate number also not reachable. Planned a direct visit.,,,,,,,,,,b2431baf-289d-494b-a433-8780546b32c1,2026-08-27 11:28:13.251347+00,2026-08-27 11:28:13.251347+00,
11992cab-311c-4712-8f01-8bee220077f4,b06cd5a3-f1c0-4cdb-b241-9ce2d6c5e791,119a6328-3709-4881-836e-1e3fbe5085e2,2026-08-24 15:52:00+00,,WRONG_NUMBER,PRIMARY,Tried calling three times — no response. Will try visiting directly based on the timing intel from the last visit.,,,,,,,,,,b2679364-7b07-4a77-9691-d33033ec829d,2026-08-27 11:28:13.251348+00,2026-08-27 11:28:13.251349+00,
ba361b08-fc6e-4055-b010-b4addbd74044,8e59153e-dc8e-4efa-af65-1db304a6f3f1,49990be3-78b7-4671-a955-7b3eaf1c075c,2026-08-13 12:27:00+00,,SWITCHED_OFF,PRIMARY,Switched off. Going by the timing intel from last visit — planning morning visit before 9 AM.,,,,,,,,,,b2d639e3-7f18-4cfb-949d-6585c97cbc34,2026-08-27 11:28:13.251321+00,2026-08-27 11:28:13.251321+00,
e2ce08de-fbe0-428a-be32-9858ee09130d,3aa13103-bd03-4578-9292-44d88d58da00,ec42d535-b44a-45b9-bbad-86901389c1c4,2026-08-06 17:57:00+00,91,ANSWERED,ALTERNATE,Customer answered. Said he's home for lunch between 1 PM and 2:30 PM daily. That's a good window to visit.,t,between 1-3 PM,,,,,,,Customer reachable between 1-3 PM. Customer answered. Said he's home for lunch between 1 PM and 2:30 PM daily. That...,b2f1512e-acfc-4f78-834d-4e7a0f7c6caa,2026-08-27 11:28:13.251409+00,2026-08-27 11:28:13.25141+00,
ccf5cd35-5af5-476b-940c-5d0361b945bc,3e9c4168-1de9-43e8-b9f2-fbf3f931949d,20afa76a-c2d7-44a2-a263-75b112de3ee9,2026-03-08 14:07:00+00,21,BUSY,PRIMARY,Continuously busy for past 20 minutes. Will visit directly.,,,,,,,,,,b2fb2d4a-fc75-4bef-874f-d0f3d7d1a883,2026-08-27 11:28:13.624362+00,2026-08-27 11:28:13.624363+00,
0dcbdcf7-94d5-4e0e-9783-aa99e78e017d,2dfc73e0-dba9-4aa5-babf-d5141ded5497,8c9bfa80-0c7c-4698-9160-9f791a23cada,2026-04-29 11:36:00+00,,WRONG_NUMBER,PRIMARY,Primary number not answering. Alternate number also not reachable. Planned a direct visit.,,,,,,,,,,b323b255-1c95-4cc3-9141-ac2790c728b4,2026-08-27 11:28:13.624196+00,2026-08-27 11:28:13.624197+00,
97056116-4237-4d64-ba8e-9741ffe33fab,3e9c4168-1de9-43e8-b9f2-fbf3f931949d,95d5e321-1ee6-4abb-a068-7d974a83ffe8,2026-03-08 10:15:00+00,185,ANSWERED,ALTERNATE,"Customer picked up briefly, said don't disturb during office hours and disconnected. Will try in the evening.",f,,,,,,,,,b36059e2-e4a6-4da7-8533-6270d01015ee,2026-08-27 11:28:13.624376+00,2026-08-27 11:28:13.624377+00,
6a4e045e-c3e4-4adb-b3df-1f9a6dea2783,2b6de8aa-0976-4be0-8a40-043ff86ffa54,109ca576-3c7b-4114-b736-57cf14e3b726,2026-05-06 17:45:00+00,,SWITCHED_OFF,PRIMARY,Both primary and alternate numbers are switched off since morning. Planning a direct visit.,,,,,,,,,,b375af9f-4e14-4105-931a-5eca56e46758,2026-08-27 11:28:13.623956+00,2026-08-27 11:28:13.623957+00,
42bd6353-1665-4fd7-b5f4-9614bc753e15,c6ca60b7-2143-412b-887e-c30ae9cda031,9ef461fd-6129-47ff-b256-f494fc8b0d37,2026-07-14 11:17:00+00,,WRONG_NUMBER,PRIMARY,Primary number not answering. Alternate number also not reachable. Planned a direct visit.,,,,,,,,,,b3842d6a-87d7-44c1-b427-c53445b8e0b0,2026-08-27 11:28:13.251601+00,2026-08-27 11:28:13.251602+00,
040d1b3e-b365-4dd1-943e-eaeb1e543898,cd9e6eca-028e-4c61-8e82-048327bc4476,b9e0ba2b-6819-4413-91b6-8b0e71366ad7,2026-04-21 17:22:00+00,45,ANSWERED,ALTERNATE,Hostile call. Customer said the matter is with the banking ombudsman and threatened complaint if we call again.,f,,,,,,,,,b3e6eb76-c938-4d18-aa03-d4960bed6d3e,2026-08-27 11:28:13.62406+00,2026-08-27 11:28:13.62406+00,
2177bcc9-fb49-4931-ac5d-617b3df17159,c6ca60b7-2143-412b-887e-c30ae9cda031,47e30ef7-8957-428d-be7b-a7b0524f8143,2026-07-09 12:20:00+00,,NO_ANSWER,ALTERNATE,Three unanswered attempts today. Visiting directly — based on previous note that customer is home before 10 AM.,,,,,,,,,,b40ab828-1d4f-460b-9f53-2c8c919bc590,2026-08-27 11:28:13.251619+00,2026-08-27 11:28:13.251619+00,
72ceaf79-8f10-443e-8415-108e6e11cda1,1d5e58e8-954e-4d6c-b13c-6e6d614cb588,c77e10a4-659a-45bc-b298-17404f303324,2026-06-16 10:44:00+00,,DECLINED,PRIMARY,Declined 3 times in a row. Customer is actively avoiding contact. Planning direct field visit.,,,,,,,,,,b4d3eaf9-c891-4897-b8bd-cc7e385c9661,2026-08-27 11:28:13.251845+00,2026-08-27 11:28:13.251846+00,
aa4e988c-32f0-439a-b262-1814bc3720df,1d5e58e8-954e-4d6c-b13c-6e6d614cb588,8727be63-e58f-4434-88fb-0988a8f567d6,2026-04-19 16:09:00+00,176,ANSWERED,ALTERNATE,Customer answered. Said he's home for lunch between 1 PM and 2:30 PM daily. That's a good window to visit.,t,before 10 AM,,,,,,,Customer reachable before 10 AM. Customer answered. Said he's home for lunch between 1 PM and 2:30 PM daily. That...,b52bab73-02e5-4859-919d-a24c6471195c,2026-08-27 11:28:13.624203+00,2026-08-27 11:28:13.624204+00,
87d59810-fe9a-4652-ab81-81c3f3b520fc,1d5e58e8-954e-4d6c-b13c-6e6d614cb588,9bc89195-91b9-45b3-801e-89b0ff7225c1,2026-03-20 11:31:00+00,71,ANSWERED,PRIMARY,Call answered. Customer is home only on weekends. Not reachable during weekdays in the day at all.,t,after 6 PM,,,,,,,Customer reachable after 6 PM. Call answered. Customer is home only on weekends. Not reachable during weekdays ...,b55fcbb9-e52a-4952-a413-c117e9baef1f,2026-08-27 11:28:13.624306+00,2026-08-27 11:28:13.624307+00,
a67c0b14-770b-43aa-954c-5852368e67fd,e9dced65-f61b-4c24-bae7-d4170299ed46,20afa76a-c2d7-44a2-a263-75b112de3ee9,2026-04-25 09:25:00+00,,WRONG_NUMBER,ALTERNATE,Phone rang but no one picked up. Will try the alternate number listed in records.,,,,,,,,,,b57c3c6e-e16b-4ca6-b947-a44beab6c9f3,2026-08-27 11:28:13.624223+00,2026-08-27 11:28:13.624223+00,
cc6a8b99-d32d-4f4f-993c-b2ae46c9b0f0,a2e2555c-f597-43af-a77a-fe708f967218,eaecc769-bb37-42f9-a8ff-94cac68aa572,2026-06-24 11:10:00+00,104,ANSWERED,PRIMARY,Customer picked up. Said he's out of city for 10 days for a family function. Requested no visit until he returns on the 15th. Blocking visits until then.,f,,,,2026-09-03,,,,Do not visit until 03 Sep 2026 — customer unavailable.,b62123d7-177a-403c-b9d3-e73f4a99ac6c,2026-08-27 11:28:13.252013+00,2026-08-27 11:28:13.252013+00,
0fc889f2-5b6c-4054-b130-83e9b82c30ec,c37b6a5c-9d1c-46d4-8ece-dfce290dc74b,6ee09325-b476-4ff7-acfd-dd6aff05eca9,2026-06-05 17:31:00+00,125,ANSWERED,ALTERNATE,"Customer picked up briefly, said don't disturb during office hours and disconnected. Will try in the evening.",f,,,,,,,,,b62af5eb-cf76-418b-a7ac-fcf7ef8d1a10,2026-08-27 11:28:13.252002+00,2026-08-27 11:28:13.252002+00,
89f8b248-8afd-4a94-beb6-49f6c3754d45,5fbae4d6-59d1-4e6c-8a80-fe57244a45bb,8c9bfa80-0c7c-4698-9160-9f791a23cada,2026-03-08 16:27:00+00,,NO_ANSWER,ALTERNATE,No answer since morning. Will try calling in the evening — customer may be at work.,,,,,,,,,,b647ba0c-6845-4629-95d3-45a0f5d2fe47,2026-08-27 11:28:13.624312+00,2026-08-27 11:28:13.624313+00,
8e777e14-0c0c-47c2-9127-67c8fe6fcd3f,a2e2555c-f597-43af-a77a-fe708f967218,ab1cd5c0-d1f2-401c-aa5e-4d3b8bc7f522,2026-06-20 18:26:00+00,,DECLINED,ALTERNATE,Call was declined immediately — customer likely recognised the number. Will try from a different number.,,,,,,,,,,b68cf458-3b23-43c7-92d3-704d31c9171d,2026-08-27 11:28:13.25186+00,2026-08-27 11:28:13.251861+00,
655f95e5-c2cf-4492-b38f-3b31be327a2b,1d5e58e8-954e-4d6c-b13c-6e6d614cb588,3135c626-469d-4275-82f4-857877c885e6,2026-05-22 09:58:00+00,179,ANSWERED,PRIMARY,Call answered. Customer is home only on weekends. Not reachable during weekdays in the day at all.,t,between 1-3 PM,,,,,,,Customer reachable between 1-3 PM. Call answered. Customer is home only on weekends. Not reachable during weekdays ...,b69aa88d-8e3c-4f42-84f3-43c60c641137,2026-08-27 11:28:13.623857+00,2026-08-27 11:28:13.623858+00,
dd59d29b-4bd9-476f-9fae-75e5a5d1b921,4a182f53-a1a1-4f15-945a-6a56f4e04b64,7e0cdc29-c5ea-41cf-b6cb-0162e6a80f8d,2026-03-30 17:11:00+00,,DECLINED,PRIMARY,Declined 3 times in a row. Customer is actively avoiding contact. Planning direct field visit.,,,,,,,,,,b6cfbb26-2406-401e-a9a0-47cb9a1e9e49,2026-08-27 11:28:13.624307+00,2026-08-27 11:28:13.624308+00,
e6d120a1-64d7-43ac-97a6-2c5406b69d5a,c2f2e0ce-5aeb-4ece-8325-2167edfe139e,0984faa1-314e-4568-b8f0-cf91a86cf052,2026-06-13 17:19:00+00,164,ANSWERED,PRIMARY,Called — customer said he's in the process of moving house this week. New address will be shared in 3-4 days once settled.,f,,,,2026-09-01,,,,Do not visit until 01 Sep 2026 — customer unavailable.,b6d13192-2b05-4ea9-bd0d-8617e5db1670,2026-08-27 11:28:13.25176+00,2026-08-27 11:28:13.25176+00,
7e5d5916-19dc-4987-871a-2fd3e308e2ad,cd9e6eca-028e-4c61-8e82-048327bc4476,484210c8-33de-4f32-82fc-dc8fc87f7825,2026-07-19 09:43:00+00,,WRONG_NUMBER,ALTERNATE,Primary number not answering. Alternate number also not reachable. Planned a direct visit.,,,,,,,,,,b71545a3-9a86-4921-ac42-de0fd254ffe6,2026-08-27 11:28:13.251574+00,2026-08-27 11:28:13.251575+00,
7d320cac-116a-4fca-91e3-21aeb3e7b44e,a2e2555c-f597-43af-a77a-fe708f967218,d5044408-d977-4e21-92a6-6a6b695b9164,2026-04-08 18:12:00+00,,DECLINED,PRIMARY,Call was declined immediately — customer likely recognised the number. Will try from a different number.,,,,,,,,,,b75aed13-9369-4fa0-b8dc-f458dbe3eb2c,2026-08-27 11:28:13.624069+00,2026-08-27 11:28:13.624069+00,
7af24473-7a11-467b-a4a6-6fa0f202334c,2dfc73e0-dba9-4aa5-babf-d5141ded5497,d0c40131-ea6a-4885-a8a9-8170216f2819,2026-05-26 18:42:00+00,,WRONG_NUMBER,PRIMARY,Tried calling three times — no response. Will try visiting directly based on the timing intel from the last visit.,,,,,,,,,,b765f319-e924-4254-8431-e8e29e98f9d4,2026-08-27 11:28:13.623982+00,2026-08-27 11:28:13.623982+00,
f17a4229-7277-4ca7-8e0f-78166ba02f30,cd9e6eca-028e-4c61-8e82-048327bc4476,ec7e7d5f-9af6-4660-b822-eaaa0a807d80,2026-04-08 10:02:00+00,,DECLINED,PRIMARY,Call rejected within 2 rings each time. Possible number block. Visiting directly.,,,,,,,,,,b7c0cccd-4fd5-438c-b91b-b3068533fa09,2026-08-27 11:28:13.624215+00,2026-08-27 11:28:13.624215+00,
007b3fab-26d9-4836-a08b-194327dadcfc,2b6de8aa-0976-4be0-8a40-043ff86ffa54,f0e828df-dd39-4105-9fbd-edbff7159e3f,2026-07-31 12:28:00+00,16,BUSY,PRIMARY,Continuously busy for past 20 minutes. Will visit directly.,,,,,,,,,,b7ce1b1c-248c-4586-bb64-f4e69cfe3d95,2026-08-27 11:28:13.251469+00,2026-08-27 11:28:13.251469+00,
af304ff6-67dd-4f78-a7ba-369864757197,e9dced65-f61b-4c24-bae7-d4170299ed46,16791195-a842-4ef7-b058-6ccd52230bb0,2026-03-26 18:13:00+00,,NO_ANSWER,PRIMARY,Primary number not answering. Alternate number also not reachable. Planned a direct visit.,,,,,,,,,,b81c6458-275b-4261-9196-f4b3c03407e7,2026-08-27 11:28:13.624388+00,2026-08-27 11:28:13.624389+00,
e06fe636-8d76-4561-9e23-4af0e13d79ca,4a182f53-a1a1-4f15-945a-6a56f4e04b64,ca151c89-12c3-41a3-afc4-d14cd4ac3857,2026-04-07 10:07:00+00,,NO_ANSWER,PRIMARY,Tried calling three times — no response. Will try visiting directly based on the timing intel from the last visit.,,,,,,,,,,b855d0e2-b5b7-4b7e-9691-61e7723f3b0d,2026-08-27 11:28:13.624118+00,2026-08-27 11:28:13.624119+00,
ccf5cd35-5af5-476b-940c-5d0361b945bc,3e9c4168-1de9-43e8-b9f2-fbf3f931949d,20afa76a-c2d7-44a2-a263-75b112de3ee9,2026-03-07 17:09:00+00,43,ANSWERED,PRIMARY,Reminder call — customer confirmed salary credited yesterday and full amount is ready. Coming to collect now.,t,,,,,,t,2026-08-31,Payment intent confirmed. Verbal commitment: 31 Aug 2026. Reminder call — customer confirmed salary credited yesterday...,b8b0efe1-ba98-4035-8fc6-1e27cd903d24,2026-08-27 11:28:13.624361+00,2026-08-27 11:28:13.624361+00,
85858dd3-a720-4de0-9f80-d4be45351430,5fbae4d6-59d1-4e6c-8a80-fe57244a45bb,9e22540f-abc7-46a6-a05c-b5c3a65d69ba,2026-05-01 18:26:00+00,163,ANSWERED,PRIMARY,Hostile call. Customer said the matter is with the banking ombudsman and threatened complaint if we call again.,f,,,,,,,,,b8ce3d0a-f2d3-4090-bad9-669fd9032eeb,2026-08-27 11:28:13.624145+00,2026-08-27 11:28:13.624145+00,
ec2e7637-9dc3-4d0e-8dd8-3ea3e91b9d45,cd9e6eca-028e-4c61-8e82-048327bc4476,58c36194-ac80-4d4c-9ac4-3ded3c732c24,2026-05-09 15:55:00+00,172,ANSWERED,PRIMARY,"Customer picked up briefly, said don't disturb during office hours and disconnected. Will try in the evening.",f,,,,,,,,,b9069dc4-4dc9-4dbe-94b6-16455f1def55,2026-08-27 11:28:13.252056+00,2026-08-27 11:28:13.252056+00,
e4d6454c-e1ce-4624-a58e-b7b38efa7d16,4a182f53-a1a1-4f15-945a-6a56f4e04b64,a0809318-6545-4914-bb03-9ee9edd75583,2026-06-21 12:08:00+00,,WRONG_NUMBER,PRIMARY,No answer since morning. Will try calling in the evening — customer may be at work.,,,,,,,,,,b9463fce-e1b7-40d5-a39a-f1994cd60483,2026-08-27 11:28:13.251706+00,2026-08-27 11:28:13.251706+00,
25b336c9-0eac-46bf-97d0-0817dcea8ad9,2dfc73e0-dba9-4aa5-babf-d5141ded5497,598573b9-8c04-44bf-bc0b-b3a1d7eb941c,2026-04-12 18:56:00+00,,DECLINED,ALTERNATE,Declined 3 times in a row. Customer is actively avoiding contact. Planning direct field visit.,,,,,,,,,,b95c624c-38e0-43d0-b2d8-28594743f754,2026-08-27 11:28:13.624107+00,2026-08-27 11:28:13.624108+00,
192014b9-32bd-457b-86f8-74273390fcc9,b06cd5a3-f1c0-4cdb-b241-9ce2d6c5e791,7c31ed7e-04d9-47ed-844e-ee7baab15f68,2026-08-17 10:20:00+00,23,BUSY,PRIMARY,Line was busy. Customer probably on another call. Trying again.,,,,,,,,,,b991e221-4b6e-44f2-b5bf-0b4275a58c8f,2026-08-27 11:28:13.25128+00,2026-08-27 11:28:13.25128+00,
0dd8e62a-6fed-4336-908e-830044c97213,c6ca60b7-2143-412b-887e-c30ae9cda031,fbc0a1a5-8e5c-4cd1-8192-a38d6697d56e,2026-07-12 15:53:00+00,97,ANSWERED,PRIMARY,Spoke to the borrower. He runs a small business — income is strongest after the 20th when his clients pay. PTP for 22nd confirmed.,t,after salary credit on 9th,,,,,t,2026-08-30,Customer reachable after salary credit on 9th. Spoke to the borrower. He runs a small business — income is strongest after the ...,b9ccd530-407a-4845-b878-3c3676f43788,2026-08-27 11:28:13.251521+00,2026-08-27 11:28:13.251521+00,
89561180-58c1-4cad-8d58-c9c0c3c4505a,2dfc73e0-dba9-4aa5-babf-d5141ded5497,0b2c8dd8-f345-4d01-94f7-6c59689252ce,2026-07-27 09:15:00+00,18,BUSY,ALTERNATE,Line was busy. Customer probably on another call. Trying again.,,,,,,,,,,ba15e2dc-a16e-4e50-9742-d923ab116532,2026-08-27 11:28:13.251535+00,2026-08-27 11:28:13.251535+00,
f191ac71-5669-405d-b611-ded1c658990c,a2e2555c-f597-43af-a77a-fe708f967218,eb6261e3-c320-4290-be96-8b1a032f6305,2026-07-31 13:49:00+00,,DECLINED,PRIMARY,Declined 3 times in a row. Customer is actively avoiding contact. Planning direct field visit.,,,,,,,,,,ba1ccfc2-5931-44ec-9719-77296a9725a6,2026-08-27 11:28:13.251624+00,2026-08-27 11:28:13.251624+00,
dd1d5e99-3030-4e8d-9bbe-4577909d869c,2b6de8aa-0976-4be0-8a40-043ff86ffa54,671c141e-2e73-404d-a72b-220fecd28281,2026-08-22 17:29:00+00,137,ANSWERED,ALTERNATE,Customer answered. He works a night shift — so he's available from 9 AM to 1 PM on weekdays. I'll plan the visit for 10 AM.,t,after 6 PM,,,,,,,Customer reachable after 6 PM. Customer answered. He works a night shift — so he's available from 9 AM to 1 PM ...,ba3958a6-a850-4285-9d13-24dd7a357b54,2026-08-27 11:28:13.251326+00,2026-08-27 11:28:13.251326+00,
155cc034-5ebd-434f-81a4-c8bd4239db88,b06cd5a3-f1c0-4cdb-b241-9ce2d6c5e791,d6a1fca5-8fed-47e0-a1db-eae9c3775bc9,2026-07-23 16:23:00+00,151,ANSWERED,PRIMARY,Called to confirm PTP — customer gave me the bank reference number for a transfer already done today. Will verify.,t,,,,,,t,2026-08-30,Payment intent confirmed. Verbal commitment: 30 Aug 2026. Called to confirm PTP — customer gave me the bank reference ...,ba48c445-b1dc-4131-a65d-a9299c9f2aa8,2026-08-27 11:28:13.251573+00,2026-08-27 11:28:13.251574+00,
ca0de548-83b9-4b80-912e-d26303ed7a70,1d5e58e8-954e-4d6c-b13c-6e6d614cb588,d194e9e1-27b4-44d8-80b3-c5dd6b0e01cc,2026-03-18 14:30:00+00,,DECLINED,PRIMARY,Declined 3 times in a row. Customer is actively avoiding contact. Planning direct field visit.,,,,,,,,,,bb28eb32-a30b-4a53-ab5f-d42b2c61f641,2026-08-27 11:28:13.624273+00,2026-08-27 11:28:13.624273+00,
8e777e14-0c0c-47c2-9127-67c8fe6fcd3f,a2e2555c-f597-43af-a77a-fe708f967218,ab1cd5c0-d1f2-401c-aa5e-4d3b8bc7f522,2026-06-23 13:46:00+00,202,ANSWERED,PRIMARY,Called — customer's daughter picked up and said mother is home by 4 PM every day from her clinic job. Evening visits work.,t,11 AM to 1 PM,,,,,,,Customer reachable 11 AM to 1 PM. Called — customer's daughter picked up and said mother is home by 4 PM every day...,bb2f63ec-e291-4417-a919-2eeb750b5d41,2026-08-27 11:28:13.251859+00,2026-08-27 11:28:13.25186+00,
1aab570c-e5fc-422f-bfb5-a6bfed82dcef,5fbae4d6-59d1-4e6c-8a80-fe57244a45bb,c678e71f-9674-4b8a-a1fa-d9655698801f,2026-08-14 14:04:00+00,,DECLINED,PRIMARY,Call rejected within 2 rings each time. Possible number block. Visiting directly.,,,,,,,,,,bb7fefba-d871-439b-a7e1-de802dba734f,2026-08-27 11:28:13.251357+00,2026-08-27 11:28:13.251357+00,
1b025605-e86a-4edd-b675-5450ee339135,3aa13103-bd03-4578-9292-44d88d58da00,8f6104f5-f791-478a-b793-413e8421d0e1,2026-08-15 12:24:00+00,8,BUSY,PRIMARY,Continuously busy for past 20 minutes. Will visit directly.,,,,,,,,,,bbadc167-5db9-46f6-b8c6-76df03e53665,2026-08-27 11:28:13.251276+00,2026-08-27 11:28:13.251276+00,
e1eb91ff-80da-4ec0-b126-653fa4c16477,c6ca60b7-2143-412b-887e-c30ae9cda031,8ac67a04-0429-474b-83f0-f32bec5ecc5b,2026-03-11 12:14:00+00,195,ANSWERED,ALTERNATE,Customer picked up. Said he's out of city for 10 days for a family function. Requested no visit until he returns on the 15th. Blocking visits until then.,f,,,,2026-09-09,,,,Do not visit until 09 Sep 2026 — customer unavailable.,bc69c7a4-f81a-4814-8695-09814de9cbcb,2026-08-27 11:28:13.624408+00,2026-08-27 11:28:13.624408+00,
feae20aa-4519-4755-ad34-77b819c7298f,2dfc73e0-dba9-4aa5-babf-d5141ded5497,ea214349-0295-45d5-82fe-f2ff063ae649,2026-07-16 14:56:00+00,,WRONG_NUMBER,PRIMARY,Phone rang but no one picked up. Will try the alternate number listed in records.,,,,,,,,,,bce4078f-4c76-4e27-88c1-989b7b0e0d4a,2026-08-27 11:28:13.251687+00,2026-08-27 11:28:13.251688+00,
58cfa0ea-7663-494d-8175-9fc3b06218b2,c37b6a5c-9d1c-46d4-8ece-dfce290dc74b,5d016fd0-4cd9-47ff-bb8b-6fa26e95a44e,2026-05-04 18:12:00+00,47,ANSWERED,PRIMARY,Customer answered but was very distressed — his parent is critical in hospital. Not a good time. Requested I call back in 4 days.,f,,,,2026-09-02,,,,Do not visit until 02 Sep 2026 — customer unavailable.,bd07f7bb-525e-4fb7-99bf-902b58e310ee,2026-08-27 11:28:13.624007+00,2026-08-27 11:28:13.624008+00,
78ae4772-c7d6-4306-a886-edcea5f4d51c,8e59153e-dc8e-4efa-af65-1db304a6f3f1,32f26267-1756-4d30-a1c7-f1be5aa626b5,2026-08-11 09:33:00+00,30,ANSWERED,PRIMARY,Customer picked up and immediately said to stop calling or he will file a harassment complaint. He cut the call. No visit recommended right now.,f,,,,,,,,,bd48e9c2-a245-46fa-b277-7d1f8c55b711,2026-08-27 11:28:13.251403+00,2026-08-27 11:28:13.251404+00,
dde20218-facc-44f5-8973-16002c276647,8e59153e-dc8e-4efa-af65-1db304a6f3f1,6ebc511e-6b0c-4ef6-a7f6-dcfb54a056f8,2026-06-15 17:48:00+00,,WRONG_NUMBER,ALTERNATE,No answer since morning. Will try calling in the evening — customer may be at work.,,,,,,,,,,bd79bafa-945b-4894-8b8e-4f9bb2821415,2026-08-27 11:28:13.251864+00,2026-08-27 11:28:13.251865+00,
d07825db-d43c-479a-ba05-bcb371149f3d,c33350cc-f581-492e-807f-14262d56ebcb,daf84ae7-e591-4810-8608-909ecf5b0e20,2026-04-17 09:23:00+00,,WRONG_NUMBER,PRIMARY,Three unanswered attempts today. Visiting directly — based on previous note that customer is home before 10 AM.,,,,,,,,,,bde240ce-fb98-42b9-97df-88562b7e97f5,2026-08-27 11:28:13.624059+00,2026-08-27 11:28:13.624059+00,
86525fed-2999-49a3-8668-3270dcbd31fc,c6ca60b7-2143-412b-887e-c30ae9cda031,65f3b5ba-95e5-4d3d-8310-035453c5d856,2026-06-28 17:50:00+00,173,ANSWERED,ALTERNATE,Called the customer. He picked up. Said he will be home until 10:30 AM tomorrow — I can visit any time before 11. Good to note for scheduling.,t,11 AM to 1 PM,,,,,,,Customer reachable 11 AM to 1 PM. Called the customer. He picked up. Said he will be home until 10:30 AM tomorrow ...,bde99962-3aeb-46c3-ac7f-6704a9110f18,2026-08-27 11:28:13.252006+00,2026-08-27 11:28:13.252006+00,
e7bb8d0f-57fd-475f-a8c2-277932b8cc07,8e59153e-dc8e-4efa-af65-1db304a6f3f1,5ba3abe3-9942-47ed-aa9a-1e8dd755a238,2026-03-30 10:30:00+00,,WRONG_NUMBER,PRIMARY,No answer since morning. Will try calling in the evening — customer may be at work.,,,,,,,,,,bdfbf8c4-2ce6-460d-abf3-2efe4481e0a2,2026-08-27 11:28:13.624386+00,2026-08-27 11:28:13.624386+00,
d5347a0c-cd3c-46f2-a5d9-70c82abec616,2b6de8aa-0976-4be0-8a40-043ff86ffa54,8f142b89-8c4a-43a3-ad04-f247417e775d,2026-06-06 16:26:00+00,,NO_ANSWER,PRIMARY,Three unanswered attempts today. Visiting directly — based on previous note that customer is home before 10 AM.,,,,,,,,,,be2483c3-1077-4b9c-a28c-a77023f43922,2026-08-27 11:28:13.251771+00,2026-08-27 11:28:13.251771+00,
faae1aba-6a78-41f8-b757-687ae75899d2,c33350cc-f581-492e-807f-14262d56ebcb,4bd7b5e4-b853-4646-9e8d-f0d0e3bffa6f,2026-05-01 18:11:00+00,,DECLINED,PRIMARY,Call rejected within 2 rings each time. Possible number block. Visiting directly.,,,,,,,,,,be2ef9d1-8d34-4f84-ac95-e0dedeb879b2,2026-08-27 11:28:13.624184+00,2026-08-27 11:28:13.624185+00,
18295667-56d1-4b7a-be8b-a84f22a51c34,4a182f53-a1a1-4f15-945a-6a56f4e04b64,aaa5115f-a8d0-4e95-aabf-f051fc54c9f7,2026-07-30 15:59:00+00,,WRONG_NUMBER,PRIMARY,Tried calling three times — no response. Will try visiting directly based on the timing intel from the last visit.,,,,,,,,,,becc327d-e124-4d59-ba42-e775368aaea4,2026-08-27 11:28:13.251508+00,2026-08-27 11:28:13.251509+00,
e189709a-118e-43d8-895d-46c74f04c0c0,2b6de8aa-0976-4be0-8a40-043ff86ffa54,6dd7267f-29a7-42d5-8281-5fb34cdec5fc,2026-08-26 09:05:00+00,203,ANSWERED,PRIMARY,Called as a reminder. Borrower said she will transfer via UPI today itself — before noon. No need for field visit today.,t,,,,,,t,2026-09-01,Payment intent confirmed. Verbal commitment: 01 Sep 2026. Called as a reminder. Borrower said she will transfer via UP...,bf39dcbf-2132-4ecc-aa4e-b75069bdecec,2026-08-27 11:28:13.624441+00,2026-08-27 11:28:13.624441+00,
f9e52765-4052-431b-96b8-5e8f9046e2cc,4a182f53-a1a1-4f15-945a-6a56f4e04b64,599721d4-2cd5-40cb-834a-f14ef792aa42,2026-05-06 12:42:00+00,,DECLINED,PRIMARY,Declined 3 times in a row. Customer is actively avoiding contact. Planning direct field visit.,,,,,,,,,,bf899317-283d-4a98-8dcc-596debb21438,2026-08-27 11:28:13.623932+00,2026-08-27 11:28:13.623933+00,
34a83a97-bdaa-4b85-81c3-980fba9da7b3,8e59153e-dc8e-4efa-af65-1db304a6f3f1,30226d3a-2d1e-4854-9b00-46ea0cd54d7e,2026-08-09 17:47:00+00,,SWITCHED_OFF,PRIMARY,Switched off — second consecutive day. Will visit directly tomorrow morning.,,,,,,,,,,bfb534ce-9169-43bc-8a94-3f1e24d34ab4,2026-08-27 11:28:13.251264+00,2026-08-27 11:28:13.251264+00,
66a60730-c389-4b71-82ce-e56283b99fae,a13886ca-739b-47b4-a473-724e03f7332a,0c1f9092-ef1b-4766-a09c-5aa61702bc8e,2026-04-14 10:31:00+00,,WRONG_NUMBER,PRIMARY,Tried calling three times — no response. Will try visiting directly based on the timing intel from the last visit.,,,,,,,,,,bfd5e261-5b43-40a8-98b5-4b3c08221562,2026-08-27 11:28:13.624063+00,2026-08-27 11:28:13.624063+00,
3d179095-4725-4a52-8f22-b9e30ef909e4,4a182f53-a1a1-4f15-945a-6a56f4e04b64,8ac67a04-0429-474b-83f0-f32bec5ecc5b,2026-06-19 15:35:00+00,11,BUSY,PRIMARY,Continuously busy for past 20 minutes. Will visit directly.,,,,,,,,,,bfee5ca3-7e1f-4962-88e1-d2a948e7f2b9,2026-08-27 11:28:13.251736+00,2026-08-27 11:28:13.251737+00,
09d603f5-7b4e-47b1-a402-47ae03487952,c33350cc-f581-492e-807f-14262d56ebcb,957a0680-34c4-4244-976e-df6e7935a3ad,2026-06-14 12:00:00+00,,NO_ANSWER,ALTERNATE,Tried calling three times — no response. Will try visiting directly based on the timing intel from the last visit.,,,,,,,,,,c00d1664-6893-4438-8523-d7ea6eb2ab31,2026-08-27 11:28:13.251795+00,2026-08-27 11:28:13.251796+00,
26cefbee-92c4-4c5b-967b-bf2ad3ede143,5fbae4d6-59d1-4e6c-8a80-fe57244a45bb,678f9729-f6be-4980-8f4c-96c8a45dca61,2026-04-13 16:04:00+00,,WRONG_NUMBER,ALTERNATE,Tried calling three times — no response. Will try visiting directly based on the timing intel from the last visit.,,,,,,,,,,c036298f-8d37-44f1-b226-3b0d08f271e4,2026-08-27 11:28:13.624202+00,2026-08-27 11:28:13.624203+00,
2225f3bc-7cec-4e92-a285-e44e953ecfc9,c2f2e0ce-5aeb-4ece-8325-2167edfe139e,9339433d-7018-4df9-8ab1-189b46c9ca29,2026-08-22 15:29:00+00,35,ANSWERED,PRIMARY,Spoke to the customer just now. She leaves for the market at 12:30 PM daily. Best window is weekday mornings before noon.,t,11 AM to 1 PM,,,,,,,Customer reachable 11 AM to 1 PM. Spoke to the customer just now. She leaves for the market at 12:30 PM daily. Bes...,c0e01803-2a2c-4a3f-a886-ae9d58b7287c,2026-08-27 11:28:13.251383+00,2026-08-27 11:28:13.251384+00,
93cc1d05-9926-43e1-b55d-a8d353d54a01,8e59153e-dc8e-4efa-af65-1db304a6f3f1,d62f8b44-fbc6-4ad8-8faf-d60cd0920350,2026-07-07 15:38:00+00,,NO_ANSWER,PRIMARY,Three unanswered attempts today. Visiting directly — based on previous note that customer is home before 10 AM.,,,,,,,,,,c0ee6d1a-1d86-460f-9873-157963359989,2026-08-27 11:28:13.25158+00,2026-08-27 11:28:13.251581+00,
c92b5f6a-e1c3-4e58-b51f-629d0d1e2ce3,357e2e09-b637-468e-818b-57a5dce18e9c,33f12778-7bf9-4da4-8e58-36cfe69c78d3,2026-08-26 18:33:00+00,219,ANSWERED,PRIMARY,Customer picked up and immediately said to stop calling or he will file a harassment complaint. He cut the call. No visit recommended right now.,f,,,,,,,,,c140f6c3-7ed2-4b33-95fe-c7b7ca56be9d,2026-08-27 11:28:13.251272+00,2026-08-27 11:28:13.251273+00,
24711dfc-e44a-4132-8071-79e36e413a13,8e59153e-dc8e-4efa-af65-1db304a6f3f1,803cf603-3a7c-4ed6-9f3d-21ff44a9b162,2026-04-21 10:47:00+00,17,BUSY,ALTERNATE,Continuously busy for past 20 minutes. Will visit directly.,,,,,,,,,,c145814d-b3ab-4f90-a5b5-3a10157e27d4,2026-08-27 11:28:13.624136+00,2026-08-27 11:28:13.624137+00,
20ab749d-4aec-4b7f-99f9-61ad189fa4c4,c2f2e0ce-5aeb-4ece-8325-2167edfe139e,598573b9-8c04-44bf-bc0b-b3a1d7eb941c,2026-08-26 09:49:00+00,,NO_ANSWER,ALTERNATE,Phone rang but no one picked up. Will try the alternate number listed in records.,,,,,,,,,,c156db5c-b0fb-48c4-bd85-93ecbbf6f6c5,2026-08-27 11:28:13.251379+00,2026-08-27 11:28:13.25138+00,
7e014fb7-638d-45e1-8452-3f87b896cd61,b06cd5a3-f1c0-4cdb-b241-9ce2d6c5e791,fd9040a4-411f-4166-91ca-41b5b158f218,2026-05-13 12:46:00+00,,WRONG_NUMBER,ALTERNATE,Tried calling three times — no response. Will try visiting directly based on the timing intel from the last visit.,,,,,,,,,,c18281ba-c789-4cb9-bd9c-5e560268fe5d,2026-08-27 11:28:13.252069+00,2026-08-27 11:28:13.25207+00,
44965e61-1bcc-4667-a06c-db2573241888,a2e2555c-f597-43af-a77a-fe708f967218,5ba3abe3-9942-47ed-aa9a-1e8dd755a238,2026-05-25 09:45:00+00,,WRONG_NUMBER,PRIMARY,No answer since morning. Will try calling in the evening — customer may be at work.,,,,,,,,,,c1881977-030f-4205-a7ed-6c17b4a2fd44,2026-08-27 11:28:13.252083+00,2026-08-27 11:28:13.252084+00,
a7430508-cd1f-4fa1-ac5a-ac37aaebaf92,2b6de8aa-0976-4be0-8a40-043ff86ffa54,29c07ea6-3dc4-4723-8101-7db652689c58,2026-08-26 17:39:00+00,,NO_ANSWER,PRIMARY,Phone rang but no one picked up. Will try the alternate number listed in records.,,,,,,,,,,c1c0435b-3047-4758-aba9-3b794d0a4870,2026-08-27 11:28:13.624437+00,2026-08-27 11:28:13.624438+00,
59295677-15c0-4bfd-8e35-bfd78d6adbdb,3aa13103-bd03-4578-9292-44d88d58da00,00a419ac-a1d7-4f27-ba0c-02c0e1d9802a,2026-08-13 11:39:00+00,,NO_ANSWER,ALTERNATE,Three unanswered attempts today. Visiting directly — based on previous note that customer is home before 10 AM.,,,,,,,,,,c28b8436-eb6f-47f4-902e-af9ef28f1531,2026-08-27 11:28:13.251254+00,2026-08-27 11:28:13.251254+00,
9c2c2742-538c-47a5-b4ce-393bf37ab97d,e9dced65-f61b-4c24-bae7-d4170299ed46,11721135-0a03-4f14-a72b-f26994b00c33,2026-08-26 16:54:00+00,198,ANSWERED,PRIMARY,Spoke to the customer just now. She leaves for the market at 12:30 PM daily. Best window is weekday mornings before noon.,t,11 AM to 1 PM,,,,,,,Customer reachable 11 AM to 1 PM. Spoke to the customer just now. She leaves for the market at 12:30 PM daily. Bes...,c2905c27-c4df-44a8-a17e-4a1fb841811f,2026-08-27 11:28:13.251333+00,2026-08-27 11:28:13.251334+00,
4af9921c-9c9a-48e4-be92-a91fda622f2b,4a182f53-a1a1-4f15-945a-6a56f4e04b64,41f340d5-3658-42af-8270-b282883c6623,2026-03-31 13:23:00+00,,SWITCHED_OFF,ALTERNATE,Both primary and alternate numbers are switched off since morning. Planning a direct visit.,,,,,,,,,,c2a975cb-abdc-4e81-86c9-9f5d1b297a64,2026-08-27 11:28:13.624327+00,2026-08-27 11:28:13.624327+00,
5ddcba28-0f00-4e30-b083-baece89b7858,b06cd5a3-f1c0-4cdb-b241-9ce2d6c5e791,2e0ec7cc-3dcc-4204-b83a-c5bda7ad54f4,2026-06-03 16:54:00+00,,SWITCHED_OFF,PRIMARY,Both primary and alternate numbers are switched off since morning. Planning a direct visit.,,,,,,,,,,c2c32402-3bb6-4711-b6a3-316fe845a23b,2026-08-27 11:28:13.251722+00,2026-08-27 11:28:13.251723+00,
8a6a5a70-6690-497a-b5c3-315b5ad7789f,2b6de8aa-0976-4be0-8a40-043ff86ffa54,d0514cfc-e077-4add-bf05-b8bdcd1caf4a,2026-08-26 12:28:00+00,39,ANSWERED,ALTERNATE,Customer answered aggressively — said he has a lawyer and to not call again. Call ended within 30 seconds.,f,,,,,,,,,c2f6e8a5-096e-41ae-a9d2-cdb01f627c41,2026-08-27 11:28:13.624426+00,2026-08-27 11:28:13.624426+00,
c225c89c-2247-40a6-9d26-a44dc94f1a53,b06cd5a3-f1c0-4cdb-b241-9ce2d6c5e791,cf7b87d2-87b4-4320-a012-b994bdada55a,2026-05-19 15:11:00+00,,DECLINED,PRIMARY,Call was declined immediately — customer likely recognised the number. Will try from a different number.,,,,,,,,,,c37e414b-7298-4382-bc29-58a643f3005d,2026-08-27 11:28:13.25206+00,2026-08-27 11:28:13.25206+00,
9b562759-5c7f-4aeb-be8c-8ce8dd68c330,3aa13103-bd03-4578-9292-44d88d58da00,812c4842-2f17-4e9b-865d-a14d74e36f1b,2026-03-31 13:25:00+00,53,ANSWERED,PRIMARY,Customer answered aggressively — said he has a lawyer and to not call again. Call ended within 30 seconds.,f,,,,,,,,,c3a9d29a-8994-4a67-8dad-976c2109bab3,2026-08-27 11:28:13.624372+00,2026-08-27 11:28:13.624372+00,
c6916708-ef92-47ea-ace7-dafececb3f8d,2dfc73e0-dba9-4aa5-babf-d5141ded5497,4ad4940f-85d4-4a79-9f13-81b88dd0d9f3,2026-03-30 12:04:00+00,,NO_ANSWER,PRIMARY,Primary number not answering. Alternate number also not reachable. Planned a direct visit.,,,,,,,,,,c3cb35a9-1ce2-40bd-980a-51ec35780c0b,2026-08-27 11:28:13.624282+00,2026-08-27 11:28:13.624283+00,
fa4e054f-569d-49f2-a927-9048c52fb869,c37b6a5c-9d1c-46d4-8ece-dfce290dc74b,7b15825d-da60-4c1c-83c0-b319ba915f29,2026-08-09 11:45:00+00,230,ANSWERED,PRIMARY,Spoke to borrower. Harvest season — he's at his farm in another state. Will not be reachable for a month. Seasonal constraint.,f,,,,2026-09-05,,,,Do not visit until 05 Sep 2026 — customer unavailable.,c3dee559-d44e-4548-b017-49bded2c9cd4,2026-08-27 11:28:13.251388+00,2026-08-27 11:28:13.251389+00,
8a36f96b-19d3-4e6f-a1c5-9c0c4a4f3dd4,c37b6a5c-9d1c-46d4-8ece-dfce290dc74b,ee9f2ddc-843d-49ba-a0da-c2d8b068c8ca,2026-05-22 16:53:00+00,,WRONG_NUMBER,PRIMARY,Tried calling three times — no response. Will try visiting directly based on the timing intel from the last visit.,,,,,,,,,,c3e32d57-c19e-46c6-b92b-b599e913dffa,2026-08-27 11:28:13.624009+00,2026-08-27 11:28:13.624009+00,
fd1fbad1-a7a4-4589-bd08-b106ed1d9895,8e59153e-dc8e-4efa-af65-1db304a6f3f1,41cc1b96-fb44-46c2-bc99-cb2fc25d320f,2026-08-26 12:54:00+00,,SWITCHED_OFF,PRIMARY,Switched off. Going by the timing intel from last visit — planning morning visit before 9 AM.,,,,,,,,,,c4342850-89c7-415a-8801-f05d41911532,2026-08-27 11:28:13.251316+00,2026-08-27 11:28:13.251316+00,
3e689969-007a-40ce-9ee5-f8de67c7401f,c6ca60b7-2143-412b-887e-c30ae9cda031,becb48a3-4d0a-4b95-9c49-553292c440ee,2026-04-13 14:55:00+00,135,ANSWERED,ALTERNATE,Called — customer said he's in the process of moving house this week. New address will be shared in 3-4 days once settled.,f,,,,2026-09-08,,,,Do not visit until 08 Sep 2026 — customer unavailable.,c4e0eb60-7e54-46de-a0ee-c1e0e7694938,2026-08-27 11:28:13.624204+00,2026-08-27 11:28:13.624205+00,
e7448c4e-3ccf-4f7a-a983-ecb733e8a376,3e9c4168-1de9-43e8-b9f2-fbf3f931949d,b0b63f01-f844-40f7-b276-5e6b6805959a,2026-06-23 09:50:00+00,,SWITCHED_OFF,PRIMARY,Both primary and alternate numbers are switched off since morning. Planning a direct visit.,,,,,,,,,,c52ab051-e018-4a0d-bb67-672d35392d4a,2026-08-27 11:28:13.251785+00,2026-08-27 11:28:13.251786+00,
af2ed21b-2b2d-4e61-bb93-099059a8e1a9,357e2e09-b637-468e-818b-57a5dce18e9c,c231e4e1-dff9-4806-8971-f7225bd6a922,2026-05-20 11:09:00+00,67,ANSWERED,ALTERNATE,Reminder answered. Customer confirmed payment physically kept ready in cash. Visit confirmed.,t,,,,,,t,2026-08-27,Payment intent confirmed. Verbal commitment: 27 Aug 2026. Reminder answered. Customer confirmed payment physically kep...,c5409baa-0979-44a3-a728-d4016a2830b9,2026-08-27 11:28:13.252098+00,2026-08-27 11:28:13.252099+00,
e0ac4089-241b-4178-a797-e760590597a1,a2e2555c-f597-43af-a77a-fe708f967218,0206ed96-6702-4d9b-8861-5ca0019ddc4f,2026-07-31 09:47:00+00,,DECLINED,PRIMARY,Call rejected within 2 rings each time. Possible number block. Visiting directly.,,,,,,,,,,c5c69fb0-1254-4a5f-ab1f-c4e49ccc8814,2026-08-27 11:28:13.251476+00,2026-08-27 11:28:13.251477+00,
0dd8e62a-6fed-4336-908e-830044c97213,c6ca60b7-2143-412b-887e-c30ae9cda031,fbc0a1a5-8e5c-4cd1-8192-a38d6697d56e,2026-07-12 15:04:00+00,,NO_ANSWER,ALTERNATE,No answer since morning. Will try calling in the evening — customer may be at work.,,,,,,,,,,c5cd4ff0-ae1d-464a-9f3b-dc7dad50d1e5,2026-08-27 11:28:13.251518+00,2026-08-27 11:28:13.251519+00,
7742389d-f08c-45ce-a873-fcc09d250144,5fbae4d6-59d1-4e6c-8a80-fe57244a45bb,f8e81db2-daf7-446d-9379-5491607b5ec7,2026-07-24 10:41:00+00,,SWITCHED_OFF,PRIMARY,Switched off. Going by the timing intel from last visit — planning morning visit before 9 AM.,,,,,,,,,,c5cd6e5a-acbd-43b9-80cd-d3906af4a57c,2026-08-27 11:28:13.251641+00,2026-08-27 11:28:13.251641+00,
0f76db77-f023-41f8-bd7c-120685fcdd1a,3e9c4168-1de9-43e8-b9f2-fbf3f931949d,33f12778-7bf9-4da4-8e58-36cfe69c78d3,2026-03-06 14:09:00+00,,SWITCHED_OFF,PRIMARY,Both primary and alternate numbers are switched off since morning. Planning a direct visit.,,,,,,,,,,c5e7c632-6bd1-4d2a-a6a9-080fc15281ea,2026-08-27 11:28:13.624414+00,2026-08-27 11:28:13.624414+00,
359f2493-21f7-4fdc-aeaf-ff35a31d9596,c2f2e0ce-5aeb-4ece-8325-2167edfe139e,82440fe5-d534-4f3c-8df1-5d8b99fc4234,2026-05-25 16:05:00+00,,DECLINED,ALTERNATE,Call rejected within 2 rings each time. Possible number block. Visiting directly.,,,,,,,,,,c6103692-c447-4960-b654-1613bb17a227,2026-08-27 11:28:13.624005+00,2026-08-27 11:28:13.624006+00,
9b929523-5e83-4d44-bc3c-bf621abee8df,2b6de8aa-0976-4be0-8a40-043ff86ffa54,0b2c8dd8-f345-4d01-94f7-6c59689252ce,2026-04-16 11:55:00+00,133,ANSWERED,PRIMARY,"Customer picked up briefly, said don't disturb during office hours and disconnected. Will try in the evening.",f,,,,,,,,,c6193af5-a595-432a-9f6b-8b97ceac3b1e,2026-08-27 11:28:13.624169+00,2026-08-27 11:28:13.624169+00,
1fc4c4bb-c8da-4f77-b86f-045c1c7d83d6,e9dced65-f61b-4c24-bae7-d4170299ed46,0206ed96-6702-4d9b-8861-5ca0019ddc4f,2026-03-13 14:56:00+00,,WRONG_NUMBER,PRIMARY,Phone rang but no one picked up. Will try the alternate number listed in records.,,,,,,,,,,c6398f57-994c-4f71-a953-4885383a268b,2026-08-27 11:28:13.624303+00,2026-08-27 11:28:13.624304+00,
4c49d03f-12db-465c-a124-730c4533b75a,2b6de8aa-0976-4be0-8a40-043ff86ffa54,58266cef-59d1-4693-9c40-c5ce985286db,2026-04-12 13:19:00+00,23,BUSY,ALTERNATE,Line was busy. Customer probably on another call. Trying again.,,,,,,,,,,c68fed9a-66a3-43a9-bfd8-ab717a6579ed,2026-08-27 11:28:13.624209+00,2026-08-27 11:28:13.624209+00,
40d91150-df8b-4994-886b-47b3c907138a,5fbae4d6-59d1-4e6c-8a80-fe57244a45bb,e1ade214-ec43-49f2-91d9-003b17885b49,2026-07-07 16:39:00+00,,DECLINED,ALTERNATE,Call rejected within 2 rings each time. Possible number block. Visiting directly.,,,,,,,,,,c6928e01-6568-46fc-85c6-ed17fa311823,2026-08-27 11:28:13.251536+00,2026-08-27 11:28:13.251536+00,
e8865019-332f-4eec-ab41-e66e011af248,c2f2e0ce-5aeb-4ece-8325-2167edfe139e,24b5cb1d-9037-4cd9-85f4-2c9cf2ee1daa,2026-05-06 09:25:00+00,133,ANSWERED,PRIMARY,Customer answered aggressively — said he has a lawyer and to not call again. Call ended within 30 seconds.,f,,,,,,,,,c6aaf3a0-923f-47a1-baa1-270d97f161e7,2026-08-27 11:28:13.623844+00,2026-08-27 11:28:13.623844+00,
e2ce08de-fbe0-428a-be32-9858ee09130d,3aa13103-bd03-4578-9292-44d88d58da00,ec42d535-b44a-45b9-bbad-86901389c1c4,2026-08-06 10:45:00+00,21,BUSY,PRIMARY,Busy tone on first attempt. Will try again in 15 minutes.,,,,,,,,,,c6df58d3-38cd-4352-8c1b-2b3efb12364a,2026-08-27 11:28:13.251408+00,2026-08-27 11:28:13.251409+00,
09efe1d7-f0c8-49fc-8af9-a7a73a1ce323,a2e2555c-f597-43af-a77a-fe708f967218,41cc1b96-fb44-46c2-bc99-cb2fc25d320f,2026-04-11 11:17:00+00,89,ANSWERED,PRIMARY,"Customer picked up briefly, said don't disturb during office hours and disconnected. Will try in the evening.",f,,,,,,,,,c7b91fe6-9e5b-4ada-a81a-07b3a703534c,2026-08-27 11:28:13.624116+00,2026-08-27 11:28:13.624116+00,
b71d3bd8-3f3d-46d1-8582-16b013a8d03d,cd9e6eca-028e-4c61-8e82-048327bc4476,ea8bf59f-dae6-4b04-b0c8-72a6f51d8d08,2026-03-27 15:37:00+00,119,ANSWERED,PRIMARY,Spoke to borrower. His property is being sold — proceeds will clear the full outstanding. 30-60 day window expected.,t,after 20th of month,,,,,t,2026-09-07,Customer reachable after 20th of month. Spoke to borrower. His property is being sold — proceeds will clear the full out...,c7bec38e-8ac6-41d6-8101-a93a600be0d9,2026-08-27 11:28:13.624329+00,2026-08-27 11:28:13.62433+00,
057b3003-ef24-4180-bb92-e5172efd3273,5fbae4d6-59d1-4e6c-8a80-fe57244a45bb,94484ef4-edc0-4952-a49e-ff298b02b8ba,2026-07-04 13:49:00+00,,WRONG_NUMBER,PRIMARY,Primary number not answering. Alternate number also not reachable. Planned a direct visit.,,,,,,,,,,c890918d-796c-4b80-a06d-2a4d119a8c2b,2026-08-27 11:28:13.251584+00,2026-08-27 11:28:13.251585+00,
55a39202-8362-4b00-9d11-acdcb3f56056,357e2e09-b637-468e-818b-57a5dce18e9c,c1891b49-de15-4716-a446-b16b328be77e,2026-08-05 10:07:00+00,128,ANSWERED,PRIMARY,Called to confirm PTP — customer gave me the bank reference number for a transfer already done today. Will verify.,t,,,,,,t,2026-09-01,Payment intent confirmed. Verbal commitment: 01 Sep 2026. Called to confirm PTP — customer gave me the bank reference ...,c94e397b-ef8a-490a-9b08-0b08911d1291,2026-08-27 11:28:13.251413+00,2026-08-27 11:28:13.251414+00,
24d8d22a-0eba-4e41-b44d-a5f4400de443,b06cd5a3-f1c0-4cdb-b241-9ce2d6c5e791,89297e6d-ff64-4cf1-a3a2-f15a91f41f32,2026-05-29 12:11:00+00,,DECLINED,PRIMARY,Call rejected within 2 rings each time. Possible number block. Visiting directly.,,,,,,,,,,c9a882fb-76af-4652-9e95-1c5d2a50efdd,2026-08-27 11:28:13.623953+00,2026-08-27 11:28:13.623953+00,
d8efd69e-760a-40ab-b5a6-4e1983d9a571,a13886ca-739b-47b4-a473-724e03f7332a,0b69a0a3-3f45-481a-8840-b0720961f695,2026-08-13 10:42:00+00,,NO_ANSWER,PRIMARY,No answer since morning. Will try calling in the evening — customer may be at work.,,,,,,,,,,ca2be5fe-9050-4489-bde7-b4ed6e1674d0,2026-08-27 11:28:13.251267+00,2026-08-27 11:28:13.251268+00,
d0f3d701-d1e0-460e-a589-4653472a491b,357e2e09-b637-468e-818b-57a5dce18e9c,eacfbf44-0224-49f1-8500-76822bcdea0c,2026-03-20 09:32:00+00,57,ANSWERED,PRIMARY,Borrower picked up. Child's board exams are ongoing — he specifically requested no visit for the next 2 weeks till exams are over.,f,,,,2026-08-30,,,,Do not visit until 30 Aug 2026 — customer unavailable.,ca52eba3-80d9-4a56-84db-af8748e2ca99,2026-08-27 11:28:13.624373+00,2026-08-27 11:28:13.624374+00,
13871b39-d123-4a16-a6f2-1a6823e94358,c37b6a5c-9d1c-46d4-8ece-dfce290dc74b,d82ad54b-75b4-4810-ae18-bbb4df1159b6,2026-04-09 11:04:00+00,,WRONG_NUMBER,ALTERNATE,No answer since morning. Will try calling in the evening — customer may be at work.,,,,,,,,,,ca7859f6-76be-4053-9cd2-bfdab2cfebba,2026-08-27 11:28:13.624053+00,2026-08-27 11:28:13.624054+00,
eba1fece-176b-4f3b-b240-ca08a11c34e4,a13886ca-739b-47b4-a473-724e03f7332a,ac097225-fba9-4e4d-9c4e-a8d4d8fba315,2026-06-19 12:31:00+00,,WRONG_NUMBER,ALTERNATE,Three unanswered attempts today. Visiting directly — based on previous note that customer is home before 10 AM.,,,,,,,,,,ca93d85d-2c5f-4b24-88b0-06f6048b840c,2026-08-27 11:28:13.251708+00,2026-08-27 11:28:13.251709+00,
b0817725-39e4-401a-a69e-b9734187d920,e9dced65-f61b-4c24-bae7-d4170299ed46,598573b9-8c04-44bf-bc0b-b3a1d7eb941c,2026-07-23 14:12:00+00,140,ANSWERED,PRIMARY,Borrower answered. Said the outstanding amount is wrong and he will not pay until the bank corrects the statement. Call ended.,f,,,,,,,,,cac02a5b-562e-42cc-aafc-65cac6ae4866,2026-08-27 11:28:13.251485+00,2026-08-27 11:28:13.251486+00,
36ce7c7b-b3e1-46f2-8ad1-75f73879c325,2b6de8aa-0976-4be0-8a40-043ff86ffa54,b8409718-e40e-4f33-9aa8-d225e8fd5f62,2026-08-26 15:28:00+00,,WRONG_NUMBER,PRIMARY,Phone rang but no one picked up. Will try the alternate number listed in records.,,,,,,,,,,cb234f23-0850-4c75-8513-22ca51facd89,2026-08-27 11:28:13.624431+00,2026-08-27 11:28:13.624432+00,
ba361b08-fc6e-4055-b010-b4addbd74044,8e59153e-dc8e-4efa-af65-1db304a6f3f1,49990be3-78b7-4671-a955-7b3eaf1c075c,2026-08-16 16:38:00+00,,NO_ANSWER,PRIMARY,Phone rang but no one picked up. Will try the alternate number listed in records.,,,,,,,,,,cb836be4-c8ca-481d-b730-0febd0ca5843,2026-08-27 11:28:13.251323+00,2026-08-27 11:28:13.251324+00,
97d5c206-b198-4604-8d22-7f2bd260d47b,3e9c4168-1de9-43e8-b9f2-fbf3f931949d,5ae0aafa-aa07-484b-9ed7-c72a096af296,2026-06-25 15:19:00+00,,WRONG_NUMBER,PRIMARY,Three unanswered attempts today. Visiting directly — based on previous note that customer is home before 10 AM.,,,,,,,,,,cb89ae32-66d3-4d38-a96e-676359c57b19,2026-08-27 11:28:13.25184+00,2026-08-27 11:28:13.251841+00,
e6b0feef-4ece-4716-8339-b9130ed25df1,b06cd5a3-f1c0-4cdb-b241-9ce2d6c5e791,ae8dfda9-08e2-4ca3-9de0-1cd8ca6fd22f,2026-03-28 11:22:00+00,,SWITCHED_OFF,ALTERNATE,Both primary and alternate numbers are switched off since morning. Planning a direct visit.,,,,,,,,,,cc6a614e-4aed-4833-bfe4-6573d9e19afd,2026-08-27 11:28:13.6243+00,2026-08-27 11:28:13.6243+00,
f95e4162-8c63-48c2-bcef-d6b689ae8aa5,5fbae4d6-59d1-4e6c-8a80-fe57244a45bb,fb003551-696e-48e1-a3f3-fb8cc47620b0,2026-05-30 17:48:00+00,208,ANSWERED,ALTERNATE,"Customer picked up briefly, said don't disturb during office hours and disconnected. Will try in the evening.",f,,,,,,,,,cce9c9f6-de5d-44cd-ba9a-c4556eec23e7,2026-08-27 11:28:13.623989+00,2026-08-27 11:28:13.623989+00,
8c8d3f47-9c96-4134-b384-a39748f9bcbe,2dfc73e0-dba9-4aa5-babf-d5141ded5497,abea6752-eece-420a-bbad-c524aaa9073f,2026-06-20 13:20:00+00,10,BUSY,PRIMARY,Busy tone on first attempt. Will try again in 15 minutes.,,,,,,,,,,cd441c55-559b-443e-a5e5-6b0a7d8cb9a2,2026-08-27 11:28:13.251869+00,2026-08-27 11:28:13.251869+00,
38b5a631-94e3-491d-b6b8-2e0a136989e6,c2f2e0ce-5aeb-4ece-8325-2167edfe139e,c17d44ac-7449-4cbb-ab24-33e588750d21,2026-03-30 11:39:00+00,18,BUSY,ALTERNATE,Line was busy. Customer probably on another call. Trying again.,,,,,,,,,,cd4db0a9-bd75-425b-9a18-cef631c6b187,2026-08-27 11:28:13.624247+00,2026-08-27 11:28:13.624248+00,
b72c320e-c3d0-4335-bbe2-60d640ac113a,8e59153e-dc8e-4efa-af65-1db304a6f3f1,65f3b5ba-95e5-4d3d-8310-035453c5d856,2026-07-28 18:31:00+00,,NO_ANSWER,PRIMARY,No answer since morning. Will try calling in the evening — customer may be at work.,,,,,,,,,,cd578d71-621e-47ce-b5a8-521b938c464c,2026-08-27 11:28:13.25163+00,2026-08-27 11:28:13.25163+00,
40147f68-8a18-4627-a1ac-f2a2721ea63c,c2f2e0ce-5aeb-4ece-8325-2167edfe139e,9d36153b-9490-468e-8f0c-6acd4b668a26,2026-06-23 17:54:00+00,,NO_ANSWER,PRIMARY,No answer since morning. Will try calling in the evening — customer may be at work.,,,,,,,,,,cd6f0d95-6848-41f1-9e24-231ade971779,2026-08-27 11:28:13.251836+00,2026-08-27 11:28:13.251837+00,
bf865e39-62f6-4616-af57-c6e4b50ab726,357e2e09-b637-468e-818b-57a5dce18e9c,903c0bf7-45d1-45bb-9a8a-5a9ba0e09942,2026-03-20 14:04:00+00,6,BUSY,ALTERNATE,Busy tone on first attempt. Will try again in 15 minutes.,,,,,,,,,,cd730586-e253-4d9d-9cb8-c29c4486e0b1,2026-08-27 11:28:13.624275+00,2026-08-27 11:28:13.624275+00,
8b280147-6af2-4e13-a908-6a2f86128349,2dfc73e0-dba9-4aa5-babf-d5141ded5497,24ec8685-728f-4fd9-ad1f-3d85956050d2,2026-03-13 09:20:00+00,,DECLINED,ALTERNATE,Declined 3 times in a row. Customer is actively avoiding contact. Planning direct field visit.,,,,,,,,,,cdb16238-4863-4d59-86ea-41da71d97bd0,2026-08-27 11:28:13.624334+00,2026-08-27 11:28:13.624335+00,
32171089-f235-47ac-a469-f548f9a6648c,5fbae4d6-59d1-4e6c-8a80-fe57244a45bb,5167984b-a17b-4e18-836c-b99e99997a78,2026-07-23 14:43:00+00,,DECLINED,PRIMARY,Call rejected within 2 rings each time. Possible number block. Visiting directly.,,,,,,,,,,ce4e94ce-2cd9-4090-943b-8adf538162d4,2026-08-27 11:28:13.251683+00,2026-08-27 11:28:13.251684+00,
2fc06593-4740-4714-bf33-b3e7b2620054,c37b6a5c-9d1c-46d4-8ece-dfce290dc74b,1b8e7e04-098a-440a-9cfb-132f9348703c,2026-03-23 18:44:00+00,217,ANSWERED,PRIMARY,Spoke to borrower. His property is being sold — proceeds will clear the full outstanding. 30-60 day window expected.,t,,,,,,t,2026-09-12,Payment intent confirmed. Verbal commitment: 12 Sep 2026. Spoke to borrower. His property is being sold — proceeds wil...,ce6128bf-010e-4d88-9c7c-3082f9326746,2026-08-27 11:28:13.624355+00,2026-08-27 11:28:13.624355+00,
f191ac71-5669-405d-b611-ded1c658990c,a2e2555c-f597-43af-a77a-fe708f967218,eb6261e3-c320-4290-be96-8b1a032f6305,2026-07-29 18:40:00+00,112,ANSWERED,ALTERNATE,Customer answered aggressively — said he has a lawyer and to not call again. Call ended within 30 seconds.,f,,,,,,,,,cec5617c-d2a3-47f2-8150-b71b31e216c4,2026-08-27 11:28:13.251622+00,2026-08-27 11:28:13.251623+00,
8b2bf31d-564b-4588-ad15-dd8fd6167e23,cd9e6eca-028e-4c61-8e82-048327bc4476,11721135-0a03-4f14-a72b-f26994b00c33,2026-08-05 18:33:00+00,,NO_ANSWER,PRIMARY,Three unanswered attempts today. Visiting directly — based on previous note that customer is home before 10 AM.,,,,,,,,,,cee3a9b4-020c-4f81-9881-8a2d3b6392f9,2026-08-27 11:28:13.251448+00,2026-08-27 11:28:13.251449+00,
3d179095-4725-4a52-8f22-b9e30ef909e4,4a182f53-a1a1-4f15-945a-6a56f4e04b64,8ac67a04-0429-474b-83f0-f32bec5ecc5b,2026-06-19 10:18:00+00,,NO_ANSWER,PRIMARY,Phone rang but no one picked up. Will try the alternate number listed in records.,,,,,,,,,,cf435b50-fff1-46b5-bbb1-1fcbbbe6d70c,2026-08-27 11:28:13.251734+00,2026-08-27 11:28:13.251735+00,
72bdd4c1-d2b7-453e-8b18-44d4e38a3efa,cd9e6eca-028e-4c61-8e82-048327bc4476,b9e0ba2b-6819-4413-91b6-8b0e71366ad7,2026-04-11 10:23:00+00,,NO_ANSWER,PRIMARY,Primary number not answering. Alternate number also not reachable. Planned a direct visit.,,,,,,,,,,cf5304c6-e723-453b-b73c-6ebe47aaa8e4,2026-08-27 11:28:13.62411+00,2026-08-27 11:28:13.62411+00,
f0e13135-fc84-417e-9bcb-9a06e95c69e1,1d5e58e8-954e-4d6c-b13c-6e6d614cb588,11721135-0a03-4f14-a72b-f26994b00c33,2026-06-16 18:26:00+00,107,ANSWERED,PRIMARY,Spoke to borrower. Harvest season — he's at his farm in another state. Will not be reachable for a month. Seasonal constraint.,f,,,,2026-09-09,,,,Do not visit until 09 Sep 2026 — customer unavailable.,cf9b4c20-1878-4c06-ac0f-ade2cd5018f2,2026-08-27 11:28:13.251756+00,2026-08-27 11:28:13.251756+00,
26cefbee-92c4-4c5b-967b-bf2ad3ede143,5fbae4d6-59d1-4e6c-8a80-fe57244a45bb,678f9729-f6be-4980-8f4c-96c8a45dca61,2026-04-14 14:54:00+00,177,ANSWERED,ALTERNATE,Customer answered aggressively — said he has a lawyer and to not call again. Call ended within 30 seconds.,f,,,,,,,,,cfa419c8-b437-4dd7-a101-ab0a7c9724e7,2026-08-27 11:28:13.624201+00,2026-08-27 11:28:13.624202+00,
f7865f97-4df8-4b01-bdce-c5b668d4b328,b06cd5a3-f1c0-4cdb-b241-9ce2d6c5e791,6d7f5b9d-9880-4b50-9071-8f58c57f45a9,2026-04-14 18:40:00+00,,DECLINED,ALTERNATE,Call rejected within 2 rings each time. Possible number block. Visiting directly.,,,,,,,,,,cff77de9-f9e6-47d6-9d03-412e32a13afb,2026-08-27 11:28:13.624036+00,2026-08-27 11:28:13.624037+00,
ad0ffdb4-bb03-47da-b46a-07ccdcdf5194,2b6de8aa-0976-4be0-8a40-043ff86ffa54,5d016fd0-4cd9-47ff-bb8b-6fa26e95a44e,2026-03-27 11:44:00+00,129,ANSWERED,ALTERNATE,"Customer picked up briefly, said don't disturb during office hours and disconnected. Will try in the evening.",f,,,,,,,,,d0421792-d5da-4cb1-a67b-054bd47a1ed1,2026-08-27 11:28:13.624295+00,2026-08-27 11:28:13.624295+00,
4e1884d2-56dd-4e27-be8e-3812627417f9,cd9e6eca-028e-4c61-8e82-048327bc4476,ae38bc80-0ae4-48dd-ba3d-35710c261b87,2026-06-05 17:32:00+00,68,ANSWERED,PRIMARY,Spoke to borrower. His property is being sold — proceeds will clear the full outstanding. 30-60 day window expected.,t,on pension day,,,,,t,2026-09-04,Customer reachable on pension day. Spoke to borrower. His property is being sold — proceeds will clear the full out...,d08ffb82-d3a7-4aaf-a21e-c141ccace4a8,2026-08-27 11:28:13.251804+00,2026-08-27 11:28:13.251804+00,
687c662b-de33-46e2-9ba4-072b54b1878b,357e2e09-b637-468e-818b-57a5dce18e9c,77b5829a-af76-4e86-bcaa-4b8bf1b6f8f9,2026-06-01 10:50:00+00,25,BUSY,ALTERNATE,Busy tone on first attempt. Will try again in 15 minutes.,,,,,,,,,,d12f4f97-5535-41e0-adf0-ede513762a4c,2026-08-27 11:28:13.252106+00,2026-08-27 11:28:13.252107+00,
bfb9ea3c-2590-44da-b365-d46a3cdc48c5,3e9c4168-1de9-43e8-b9f2-fbf3f931949d,c231e4e1-dff9-4806-8971-f7225bd6a922,2026-08-07 18:36:00+00,32,ANSWERED,PRIMARY,Called — customer said he's in the process of moving house this week. New address will be shared in 3-4 days once settled.,f,,,,2026-09-02,,,,Do not visit until 02 Sep 2026 — customer unavailable.,d2a87831-f2c8-49f5-bf3d-53da2da60185,2026-08-27 11:28:13.251361+00,2026-08-27 11:28:13.251361+00,
f3b859d1-89dd-4efd-a8db-4413db45751d,3e9c4168-1de9-43e8-b9f2-fbf3f931949d,86363474-05d5-429d-9afe-a166ca0f3137,2026-05-22 18:12:00+00,,SWITCHED_OFF,PRIMARY,Phone is switched off. Will try again after 2 hours.,,,,,,,,,,d2f28873-9103-4580-8b95-6c2ae8162e6c,2026-08-27 11:28:13.624013+00,2026-08-27 11:28:13.624013+00,
84fc47d7-5436-4a7c-8322-8e396301c34e,c33350cc-f581-492e-807f-14262d56ebcb,760964f0-f607-4d9a-a99d-6cc3482bcf2f,2026-03-18 18:09:00+00,48,ANSWERED,ALTERNATE,Hostile call. Customer said the matter is with the banking ombudsman and threatened complaint if we call again.,f,,,,,,,,,d35052ec-26d3-4f77-a71c-974f7ec9b4d9,2026-08-27 11:28:13.62429+00,2026-08-27 11:28:13.624291+00,
23098913-3108-4799-a107-fb41b6c5df65,4a182f53-a1a1-4f15-945a-6a56f4e04b64,9fd94f19-0418-4061-a80c-b65386790fb9,2026-07-07 09:59:00+00,81,ANSWERED,PRIMARY,Customer answered aggressively — said he has a lawyer and to not call again. Call ended within 30 seconds.,f,,,,,,,,,d367f83b-e8b3-4a2d-b7ff-772cba7f008e,2026-08-27 11:28:13.25153+00,2026-08-27 11:28:13.25153+00,
b586d7d7-f387-4601-a35b-004b927e52ad,2dfc73e0-dba9-4aa5-babf-d5141ded5497,19b65599-9a6e-4186-9398-f1f877e31ad6,2026-04-19 12:47:00+00,,WRONG_NUMBER,PRIMARY,Tried calling three times — no response. Will try visiting directly based on the timing intel from the last visit.,,,,,,,,,,d382c67f-5840-45d1-92dc-25d109475d91,2026-08-27 11:28:13.624217+00,2026-08-27 11:28:13.624218+00,
2bf297de-d5b2-4964-94bc-e67b9dcdef2b,4a182f53-a1a1-4f15-945a-6a56f4e04b64,ac097225-fba9-4e4d-9c4e-a8d4d8fba315,2026-07-17 12:26:00+00,,WRONG_NUMBER,ALTERNATE,No answer since morning. Will try calling in the evening — customer may be at work.,,,,,,,,,,d3a06be6-3879-4f81-8d88-280818a6ebea,2026-08-27 11:28:13.25159+00,2026-08-27 11:28:13.25159+00,
e8865019-332f-4eec-ab41-e66e011af248,c2f2e0ce-5aeb-4ece-8325-2167edfe139e,24b5cb1d-9037-4cd9-85f4-2c9cf2ee1daa,2026-05-04 17:26:00+00,235,ANSWERED,ALTERNATE,Customer answered from out of town. He's on a work contract in Rajasthan for 2 more weeks. Not reachable for visit till month end.,f,,,,2026-09-08,,,,Do not visit until 08 Sep 2026 — customer unavailable.,d3cb5354-5ea7-4712-a997-5a1c1eef14dc,2026-08-27 11:28:13.623843+00,2026-08-27 11:28:13.623843+00,
2033f788-f8b5-4024-ba05-7e83ce1c9975,8e59153e-dc8e-4efa-af65-1db304a6f3f1,c1e96984-0b42-44e9-8e5d-848c1d7a4a79,2026-07-08 09:53:00+00,230,ANSWERED,PRIMARY,Called as a reminder. Borrower said she will transfer via UPI today itself — before noon. No need for field visit today.,t,,,,,,t,2026-08-29,Payment intent confirmed. Verbal commitment: 29 Aug 2026. Called as a reminder. Borrower said she will transfer via UP...,d3edd0da-f1fd-4694-8091-92e58d171804,2026-08-27 11:28:13.251456+00,2026-08-27 11:28:13.251457+00,
8b280147-6af2-4e13-a908-6a2f86128349,2dfc73e0-dba9-4aa5-babf-d5141ded5497,24ec8685-728f-4fd9-ad1f-3d85956050d2,2026-03-16 12:13:00+00,,NO_ANSWER,ALTERNATE,Tried calling three times — no response. Will try visiting directly based on the timing intel from the last visit.,,,,,,,,,,d402ff76-13e0-4d86-ac1c-cba03f40f7fd,2026-08-27 11:28:13.624333+00,2026-08-27 11:28:13.624333+00,
535dc9cb-a1c5-4232-addf-fb6a3ad930c7,1d5e58e8-954e-4d6c-b13c-6e6d614cb588,239d5d90-a364-4347-bcf6-6d0e2c11cc3a,2026-06-16 12:48:00+00,,DECLINED,PRIMARY,Declined 3 times in a row. Customer is actively avoiding contact. Planning direct field visit.,,,,,,,,,,d40e8b30-1f41-4a63-a586-d4d88fb83e26,2026-08-27 11:28:13.251819+00,2026-08-27 11:28:13.25182+00,
c4a9556c-8149-4e19-a977-75a54bd4102b,b06cd5a3-f1c0-4cdb-b241-9ce2d6c5e791,c231e4e1-dff9-4806-8971-f7225bd6a922,2026-05-31 13:34:00+00,143,ANSWERED,ALTERNATE,Spoke to the borrower. He runs a small business — income is strongest after the 20th when his clients pay. PTP for 22nd confirmed.,t,on pension day,,,,,t,2026-09-11,Customer reachable on pension day. Spoke to the borrower. He runs a small business — income is strongest after the ...,d43c9a8d-aab7-4dda-a7b5-b432f404849d,2026-08-27 11:28:13.623967+00,2026-08-27 11:28:13.623968+00,
b1d8fc88-3d7a-4451-bf09-ac23217b2718,2b6de8aa-0976-4be0-8a40-043ff86ffa54,760964f0-f607-4d9a-a99d-6cc3482bcf2f,2026-07-29 11:16:00+00,,WRONG_NUMBER,PRIMARY,Primary number not answering. Alternate number also not reachable. Planned a direct visit.,,,,,,,,,,d452fb96-6017-4ea7-b32f-94dc596e7023,2026-08-27 11:28:13.251496+00,2026-08-27 11:28:13.251497+00,
21b87ade-8289-4310-9bdb-2cc0b38250d6,3aa13103-bd03-4578-9292-44d88d58da00,77b5829a-af76-4e86-bcaa-4b8bf1b6f8f9,2026-07-13 13:17:00+00,68,ANSWERED,PRIMARY,"Customer picked up briefly, said don't disturb during office hours and disconnected. Will try in the evening.",f,,,,,,,,,d4dcafab-4652-47b2-ac79-595f09bb7b32,2026-08-27 11:28:13.251613+00,2026-08-27 11:28:13.251614+00,
f1304f49-ec15-41f7-8ca8-9014ba280e6e,8e59153e-dc8e-4efa-af65-1db304a6f3f1,0cf79da7-545f-4c74-a7f6-517536fa5cf4,2026-05-25 16:50:00+00,,WRONG_NUMBER,PRIMARY,Tried calling three times — no response. Will try visiting directly based on the timing intel from the last visit.,,,,,,,,,,d4f09b4f-620f-4c14-9f7c-09df34d33136,2026-08-27 11:28:13.623994+00,2026-08-27 11:28:13.623995+00,
09f638e4-1837-44cd-84a4-5b5fdba238c2,1d5e58e8-954e-4d6c-b13c-6e6d614cb588,5831efe8-5398-4538-8ce8-e7e241cfc522,2026-05-16 16:33:00+00,40,ANSWERED,PRIMARY,Customer picked up and confirmed home on the visit day. Requested I call before leaving so he can keep cash ready.,t,before 10 AM,,,,,,,Customer reachable before 10 AM. Customer picked up and confirmed home on the visit day. Requested I call before ...,d50e8d22-64ab-4c57-a595-e9cdde058c30,2026-08-27 11:28:13.252075+00,2026-08-27 11:28:13.252075+00,
7f652b3c-97b3-489b-b19a-284d671c061d,a2e2555c-f597-43af-a77a-fe708f967218,0b2c8dd8-f345-4d01-94f7-6c59689252ce,2026-03-14 18:00:00+00,,WRONG_NUMBER,PRIMARY,Primary number not answering. Alternate number also not reachable. Planned a direct visit.,,,,,,,,,,d57d05e9-9da7-43e2-b43b-bb1838f685b8,2026-08-27 11:28:13.624382+00,2026-08-27 11:28:13.624382+00,
1b86f9e5-3e02-41bf-85e1-fd879a889e73,2b6de8aa-0976-4be0-8a40-043ff86ffa54,645cdd78-581e-4e19-b5c6-0f9bb80063bf,2026-04-25 16:30:00+00,166,ANSWERED,PRIMARY,Pre-visit call confirmed. Customer said payment is ready. Also said come before noon as he has an afternoon appointment.,t,,,,,,t,2026-08-29,Payment intent confirmed. Verbal commitment: 29 Aug 2026. Pre-visit call confirmed. Customer said payment is ready. Al...,d57f61d3-5feb-48ac-8438-0ec6dc82177f,2026-08-27 11:28:13.62413+00,2026-08-27 11:28:13.62413+00,
f4c44574-de2f-4413-8af1-7a45d81cd148,e9dced65-f61b-4c24-bae7-d4170299ed46,e63912b9-aaf6-49cb-a648-f6d6f0052298,2026-08-12 14:36:00+00,,DECLINED,PRIMARY,Declined 3 times in a row. Customer is actively avoiding contact. Planning direct field visit.,,,,,,,,,,d5ca8b31-7d25-44a4-8a5f-2ffb58b9f614,2026-08-27 11:28:13.251436+00,2026-08-27 11:28:13.251437+00,
9185b404-ac2f-4b3f-89aa-2a9952df16fb,cd9e6eca-028e-4c61-8e82-048327bc4476,be41b684-075a-4c94-a6b6-4c81ce9c1a63,2026-04-01 11:53:00+00,8,BUSY,PRIMARY,Continuously busy for past 20 minutes. Will visit directly.,,,,,,,,,,d5d76b75-98dc-41e8-9d49-1540dbe095d1,2026-08-27 11:28:13.624375+00,2026-08-27 11:28:13.624376+00,
24505bbd-5369-412c-8d9b-90c0c5b43bca,c37b6a5c-9d1c-46d4-8ece-dfce290dc74b,cb6aa2b7-e049-4fcb-ae64-0feacbf71c37,2026-08-19 11:40:00+00,81,ANSWERED,PRIMARY,Customer answered. His pension deposits on the 5th. Very willing to pay on the 6th. Cooperative customer.,t,after 20th of month,,,,,t,2026-08-28,Customer reachable after 20th of month. Customer answered. His pension deposits on the 5th. Very willing to pay on the 6...,d6cc3819-ed6e-4ced-ae21-508dc3eb9166,2026-08-27 11:28:13.251298+00,2026-08-27 11:28:13.251299+00,
a0be3af9-b177-4397-a4e5-3c03f6a44a42,c33350cc-f581-492e-807f-14262d56ebcb,2941db57-a823-4c8c-81df-42d797c63d2c,2026-07-08 17:16:00+00,49,ANSWERED,PRIMARY,Customer answered. Said he's going through court proceedings this week — his lawyer advised no contact. Requesting 2 weeks gap.,f,,,,2026-09-09,,,,Do not visit until 09 Sep 2026 — customer unavailable.,d6e862e4-1f4d-457d-bcdb-f2e1af563983,2026-08-27 11:28:13.251506+00,2026-08-27 11:28:13.251507+00,
197f73a0-ba74-47eb-952a-b22aa1993bdc,cd9e6eca-028e-4c61-8e82-048327bc4476,d320a4b2-28ea-4bb4-9663-3a43cb57853e,2026-06-07 18:01:00+00,123,ANSWERED,PRIMARY,Customer mentioned his wife is the primary earner — her salary comes on the last working day of the month. PTP accordingly.,t,,,,,,t,2026-09-01,Payment intent confirmed. Verbal commitment: 01 Sep 2026. Customer mentioned his wife is the primary earner — her sala...,d6fc42bb-0a64-4e12-bd60-6521e04d76c1,2026-08-27 11:28:13.252+00,2026-08-27 11:28:13.252001+00,
c2ef0022-5414-4b2f-b227-a51255386a9a,c2f2e0ce-5aeb-4ece-8325-2167edfe139e,3a7c144c-c15a-4a83-8de0-c68126435e7f,2026-07-26 14:26:00+00,,NO_ANSWER,PRIMARY,Three unanswered attempts today. Visiting directly — based on previous note that customer is home before 10 AM.,,,,,,,,,,d71571b4-0e40-4892-ad48-ac0e5efc61f1,2026-08-27 11:28:13.251494+00,2026-08-27 11:28:13.251494+00,
a23520af-090d-483e-8565-ff1b6b09711e,a13886ca-739b-47b4-a473-724e03f7332a,fbc0a1a5-8e5c-4cd1-8192-a38d6697d56e,2026-03-06 09:54:00+00,,NO_ANSWER,PRIMARY,Phone rang but no one picked up. Will try the alternate number listed in records.,,,,,,,,,,d7510fe1-ff7b-4669-84a2-9ffbe81e4d1b,2026-08-27 11:28:13.624394+00,2026-08-27 11:28:13.624394+00,
dae56ea0-7ca4-4938-b5a8-5ccd8865f478,c33350cc-f581-492e-807f-14262d56ebcb,c1555a56-8d49-4eae-9054-e892d3ec72b5,2026-07-08 15:33:00+00,,NO_ANSWER,ALTERNATE,Primary number not answering. Alternate number also not reachable. Planned a direct visit.,,,,,,,,,,d7646c00-41a4-4c8a-b3b0-be2866bdd23e,2026-08-27 11:28:13.251636+00,2026-08-27 11:28:13.251636+00,
a02c182c-26e0-4a15-9618-c8ba98a3ac46,8e59153e-dc8e-4efa-af65-1db304a6f3f1,01bec68e-6cbc-49d5-9bc3-5d11bc4bd4a1,2026-03-30 16:29:00+00,,DECLINED,PRIMARY,Call rejected within 2 rings each time. Possible number block. Visiting directly.,,,,,,,,,,d7e4b392-197d-4b08-8d01-dede28e13954,2026-08-27 11:28:13.624347+00,2026-08-27 11:28:13.624347+00,
535dc9cb-a1c5-4232-addf-fb6a3ad930c7,1d5e58e8-954e-4d6c-b13c-6e6d614cb588,239d5d90-a364-4347-bcf6-6d0e2c11cc3a,2026-06-16 11:42:00+00,,WRONG_NUMBER,PRIMARY,Phone rang but no one picked up. Will try the alternate number listed in records.,,,,,,,,,,d7e529c2-700b-406f-8eb7-aa5b1ce6c472,2026-08-27 11:28:13.251821+00,2026-08-27 11:28:13.251821+00,
a8ef490a-dceb-4cb5-97a5-3ead28266b87,c2f2e0ce-5aeb-4ece-8325-2167edfe139e,c1555a56-8d49-4eae-9054-e892d3ec72b5,2026-08-18 18:31:00+00,,NO_ANSWER,PRIMARY,No answer since morning. Will try calling in the evening — customer may be at work.,,,,,,,,,,d7eff356-9583-408e-b772-3da82859d602,2026-08-27 11:28:13.251244+00,2026-08-27 11:28:13.251244+00,
a2e9c642-b032-4b68-bc31-c4484e11410c,c33350cc-f581-492e-807f-14262d56ebcb,51417b54-60aa-4d4a-b522-dab8378f3432,2026-03-09 09:34:00+00,,SWITCHED_OFF,PRIMARY,Phone is switched off. Will try again after 2 hours.,,,,,,,,,,d8113ffd-9d81-4c5d-a30b-7f880d2ff7ec,2026-08-27 11:28:13.624284+00,2026-08-27 11:28:13.624284+00,
63cc3b08-5f7c-4787-872c-bfb6de16b2c3,c6ca60b7-2143-412b-887e-c30ae9cda031,47e30ef7-8957-428d-be7b-a7b0524f8143,2026-08-26 18:40:00+00,,WRONG_NUMBER,PRIMARY,Primary number not answering. Alternate number also not reachable. Planned a direct visit.,,,,,,,,,,d853a842-270d-4089-83a4-cb5de7ee573d,2026-08-27 11:28:13.251238+00,2026-08-27 11:28:13.251239+00,
84e417ae-38a6-41a5-b755-cedc0eadf9c0,2dfc73e0-dba9-4aa5-babf-d5141ded5497,d23f6808-7ebf-4dba-87d6-0108d1381e9e,2026-04-23 10:59:00+00,,WRONG_NUMBER,PRIMARY,Phone rang but no one picked up. Will try the alternate number listed in records.,,,,,,,,,,d86e2eaf-6012-4949-9443-a96b1cc030a4,2026-08-27 11:28:13.624157+00,2026-08-27 11:28:13.624157+00,
fc40f146-0bfe-468e-b2a8-65b08be8ab39,3aa13103-bd03-4578-9292-44d88d58da00,a0809318-6545-4914-bb03-9ee9edd75583,2026-05-04 17:28:00+00,,NO_ANSWER,PRIMARY,Three unanswered attempts today. Visiting directly — based on previous note that customer is home before 10 AM.,,,,,,,,,,d8d76c81-b19f-4db8-9fb2-32fddd4f4c47,2026-08-27 11:28:13.252047+00,2026-08-27 11:28:13.252047+00,
73a72a08-c1b5-4ea1-9cd4-86f5753fdefc,b06cd5a3-f1c0-4cdb-b241-9ce2d6c5e791,4ad4940f-85d4-4a79-9f13-81b88dd0d9f3,2026-05-18 16:51:00+00,,NO_ANSWER,PRIMARY,Tried calling three times — no response. Will try visiting directly based on the timing intel from the last visit.,,,,,,,,,,d8fe4b48-3690-4ef7-8cfc-46694a7ac29c,2026-08-27 11:28:13.623993+00,2026-08-27 11:28:13.623994+00,
afe616d9-16c5-4bd2-b6fa-774fae54c02c,2b6de8aa-0976-4be0-8a40-043ff86ffa54,bc13cfe8-1b8c-49e7-837f-f22e5e2e9f40,2026-08-27 10:49:00+00,,DECLINED,ALTERNATE,Call rejected within 2 rings each time. Possible number block. Visiting directly.,,,,,,,,,,d9265f6c-5b8c-4924-ac35-a94b333b6af8,2026-08-27 11:28:13.624439+00,2026-08-27 11:28:13.62444+00,
40801635-e02d-4323-9a5b-8381d613555b,c6ca60b7-2143-412b-887e-c30ae9cda031,0b2c8dd8-f345-4d01-94f7-6c59689252ce,2026-03-18 15:43:00+00,,DECLINED,ALTERNATE,Call was declined immediately — customer likely recognised the number. Will try from a different number.,,,,,,,,,,d98269c9-71b4-49a5-83d1-a78489618f92,2026-08-27 11:28:13.624245+00,2026-08-27 11:28:13.624246+00,
1b025605-e86a-4edd-b675-5450ee339135,3aa13103-bd03-4578-9292-44d88d58da00,8f6104f5-f791-478a-b793-413e8421d0e1,2026-08-13 16:38:00+00,,WRONG_NUMBER,PRIMARY,Primary number not answering. Alternate number also not reachable. Planned a direct visit.,,,,,,,,,,d99918b8-f951-4ea7-bc27-97742217cb76,2026-08-27 11:28:13.251273+00,2026-08-27 11:28:13.251274+00,
4c2cb39e-5e93-40fc-9610-6908d68832b1,cd9e6eca-028e-4c61-8e82-048327bc4476,5ae0aafa-aa07-484b-9ed7-c72a096af296,2026-08-07 09:39:00+00,,SWITCHED_OFF,ALTERNATE,Switched off. Going by the timing intel from last visit — planning morning visit before 9 AM.,,,,,,,,,,da3f4cdb-4951-4a1c-9a6d-b53222e14e52,2026-08-27 11:28:13.251313+00,2026-08-27 11:28:13.251314+00,
fe454d89-af3b-4810-9a99-86f1438bcf0c,3aa13103-bd03-4578-9292-44d88d58da00,cf7b87d2-87b4-4320-a012-b994bdada55a,2026-07-02 12:19:00+00,144,ANSWERED,ALTERNATE,"Customer picked up briefly, said don't disturb during office hours and disconnected. Will try in the evening.",f,,,,,,,,,da40dd1a-db12-444d-8919-792f28e64f1d,2026-08-27 11:28:13.2515+00,2026-08-27 11:28:13.2515+00,
f5b8ffcf-835e-45f3-820c-7658bbcaa5ac,1d5e58e8-954e-4d6c-b13c-6e6d614cb588,258d4abe-44b3-487a-888f-e603bd520d78,2026-06-23 13:06:00+00,,NO_ANSWER,PRIMARY,No answer since morning. Will try calling in the evening — customer may be at work.,,,,,,,,,,da9089c1-30bd-4f33-8c62-a0075927bece,2026-08-27 11:28:13.251775+00,2026-08-27 11:28:13.251776+00,
3aaa86ab-74a1-46d5-9f94-67bc87be3934,a2e2555c-f597-43af-a77a-fe708f967218,783b963e-c174-4a0b-b9bf-b5b43a6000bd,2026-07-23 10:40:00+00,,SWITCHED_OFF,PRIMARY,Switched off. Going by the timing intel from last visit — planning morning visit before 9 AM.,,,,,,,,,,dace4cb5-08e0-4488-87a4-22a6c01fdb35,2026-08-27 11:28:13.251696+00,2026-08-27 11:28:13.251697+00,
3e926492-2fb7-45df-8cc7-4dbf17099a2f,c6ca60b7-2143-412b-887e-c30ae9cda031,0df43380-a050-44fd-8b41-28df032bed43,2026-07-09 13:57:00+00,,WRONG_NUMBER,ALTERNATE,No answer since morning. Will try calling in the evening — customer may be at work.,,,,,,,,,,db029592-50a1-4424-941b-aa1a1c09ce30,2026-08-27 11:28:13.251638+00,2026-08-27 11:28:13.251639+00,
947b56de-3e5a-448c-bd3e-d4644010c6d9,3e9c4168-1de9-43e8-b9f2-fbf3f931949d,d33f2626-c892-4bd0-bf23-d61d972bdfb4,2026-03-14 18:04:00+00,107,ANSWERED,ALTERNATE,Customer answered. Said he's home for lunch between 1 PM and 2:30 PM daily. That's a good window to visit.,t,morning before 9:30,,,,,,,Customer reachable morning before 9:30. Customer answered. Said he's home for lunch between 1 PM and 2:30 PM daily. That...,db192449-8421-4836-9795-36dc0781fe6a,2026-08-27 11:28:13.624411+00,2026-08-27 11:28:13.624412+00,
fdd312a1-7db1-4dde-916f-eebe0e5d52c5,357e2e09-b637-468e-818b-57a5dce18e9c,d0306031-1151-4993-bed9-6906033425ef,2026-07-18 10:43:00+00,17,BUSY,PRIMARY,Line was busy. Customer probably on another call. Trying again.,,,,,,,,,,db35a905-27b9-4fdb-a409-5d1b5755a4c8,2026-08-27 11:28:13.251544+00,2026-08-27 11:28:13.251544+00,
939dd91b-ef27-419b-a94e-1581e7a0b98a,3e9c4168-1de9-43e8-b9f2-fbf3f931949d,02750d35-bc1c-4780-a7d3-bf83613ef162,2026-03-13 14:34:00+00,,DECLINED,PRIMARY,Call rejected within 2 rings each time. Possible number block. Visiting directly.,,,,,,,,,,db59262d-c0f8-4ada-bef3-018392fdca23,2026-08-27 11:28:13.624249+00,2026-08-27 11:28:13.624249+00,
0b5613f3-4573-48dc-827a-9e62be9e700e,5fbae4d6-59d1-4e6c-8a80-fe57244a45bb,adda5f6b-d1a2-4e63-a162-28c83df99980,2026-03-11 09:45:00+00,136,ANSWERED,PRIMARY,Customer answered but was very distressed — his parent is critical in hospital. Not a good time. Requested I call back in 4 days.,f,,,,2026-09-04,,,,Do not visit until 04 Sep 2026 — customer unavailable.,db785921-c377-4d58-8b76-38f79d567a0b,2026-08-27 11:28:13.624321+00,2026-08-27 11:28:13.624321+00,
a234277b-a259-4bf7-9559-bcba54112280,4a182f53-a1a1-4f15-945a-6a56f4e04b64,e63912b9-aaf6-49cb-a648-f6d6f0052298,2026-08-12 09:34:00+00,,WRONG_NUMBER,PRIMARY,Phone rang but no one picked up. Will try the alternate number listed in records.,,,,,,,,,,dbb2da6e-6692-4177-844a-16824ad5d076,2026-08-27 11:28:13.251392+00,2026-08-27 11:28:13.251393+00,
85267f82-1ce7-446b-93cf-fe7cd09f73f2,4a182f53-a1a1-4f15-945a-6a56f4e04b64,e0fbf51b-21d4-4b3c-87f8-15692eb0b219,2026-04-30 14:21:00+00,171,ANSWERED,ALTERNATE,Called to confirm PTP — customer gave me the bank reference number for a transfer already done today. Will verify.,t,,,,,,t,2026-08-29,Payment intent confirmed. Verbal commitment: 29 Aug 2026. Called to confirm PTP — customer gave me the bank reference ...,dbb7bc49-77c1-4b3c-801c-a16363d3e814,2026-08-27 11:28:13.624085+00,2026-08-27 11:28:13.624085+00,
501a96e1-23b3-4ae8-8d29-c7b8c50011b9,4a182f53-a1a1-4f15-945a-6a56f4e04b64,e4f99043-20f6-43c4-a389-cec26a3251be,2026-07-11 10:06:00+00,16,BUSY,PRIMARY,Continuously busy for past 20 minutes. Will visit directly.,,,,,,,,,,dc68f8ab-9c24-4548-8604-2602f4e24616,2026-08-27 11:28:13.251662+00,2026-08-27 11:28:13.251662+00,
efcf5b68-75d1-4595-812c-d49a3f2ee45b,8e59153e-dc8e-4efa-af65-1db304a6f3f1,2116ea56-720b-426f-be95-b1c2fe197cc5,2026-05-27 18:04:00+00,180,ANSWERED,PRIMARY,Customer answered. His pension deposits on the 5th. Very willing to pay on the 6th. Cooperative customer.,t,,,,,,t,2026-09-15,Payment intent confirmed. Verbal commitment: 15 Sep 2026. Customer answered. His pension deposits on the 5th. Very wil...,dc69c3c1-fdbe-4a0a-9f0e-3758b3e6ad12,2026-08-27 11:28:13.624017+00,2026-08-27 11:28:13.624018+00,
f1a6b125-9436-490c-b7e7-8e795219910e,3e9c4168-1de9-43e8-b9f2-fbf3f931949d,87abcf17-b22b-4340-8d92-97904ecfca9e,2026-03-30 13:28:00+00,202,ANSWERED,ALTERNATE,Borrower answered. Said the outstanding amount is wrong and he will not pay until the bank corrects the statement. Call ended.,f,,,,,,,,,dc95e7d7-1047-4b67-b08a-747daa5a2d71,2026-08-27 11:28:13.62427+00,2026-08-27 11:28:13.624271+00,
ec73065d-e2ca-4ff7-adba-59d8bf842ef5,a2e2555c-f597-43af-a77a-fe708f967218,e83946da-6bc2-458c-a53c-e1d9b40d9073,2026-07-27 09:17:00+00,,NO_ANSWER,ALTERNATE,Primary number not answering. Alternate number also not reachable. Planned a direct visit.,,,,,,,,,,dce1aba3-42ec-420a-b8b6-961174613872,2026-08-27 11:28:13.251452+00,2026-08-27 11:28:13.251452+00,
b72c320e-c3d0-4335-bbe2-60d640ac113a,8e59153e-dc8e-4efa-af65-1db304a6f3f1,65f3b5ba-95e5-4d3d-8310-035453c5d856,2026-07-29 13:01:00+00,17,BUSY,PRIMARY,Line was busy. Customer probably on another call. Trying again.,,,,,,,,,,dce22cdd-1704-469b-a215-9eb912f2b319,2026-08-27 11:28:13.251628+00,2026-08-27 11:28:13.251629+00,
85cb7dd0-18c1-494d-85f6-25b742f821a0,c33350cc-f581-492e-807f-14262d56ebcb,24f406f0-18ea-428e-9360-8b08b5638e21,2026-06-04 17:56:00+00,,DECLINED,PRIMARY,Call rejected within 2 rings each time. Possible number block. Visiting directly.,,,,,,,,,,dcf145d4-dad2-416f-adab-6be90bbdd611,2026-08-27 11:28:13.251726+00,2026-08-27 11:28:13.251726+00,
013de1b3-56c6-4d49-98c9-775d63252fe3,3aa13103-bd03-4578-9292-44d88d58da00,2a15516f-d306-43e7-9555-1ce7dc5b5296,2026-04-17 09:50:00+00,,WRONG_NUMBER,PRIMARY,Phone rang but no one picked up. Will try the alternate number listed in records.,,,,,,,,,,dd9089b9-9660-4a20-bdf1-100032b2d4f8,2026-08-27 11:28:13.624141+00,2026-08-27 11:28:13.624141+00,
588628ab-10f8-4969-8f97-e8e1d0e2dd16,2b6de8aa-0976-4be0-8a40-043ff86ffa54,7c887a50-010b-4a74-a65c-d61dd2063927,2026-07-30 17:33:00+00,,NO_ANSWER,ALTERNATE,Three unanswered attempts today. Visiting directly — based on previous note that customer is home before 10 AM.,,,,,,,,,,dd9ccc11-c43b-46d5-9d96-f0d00d95dc76,2026-08-27 11:28:13.251607+00,2026-08-27 11:28:13.251608+00,
09efe1d7-f0c8-49fc-8af9-a7a73a1ce323,a2e2555c-f597-43af-a77a-fe708f967218,41cc1b96-fb44-46c2-bc99-cb2fc25d320f,2026-04-11 13:17:00+00,69,ANSWERED,ALTERNATE,Hostile call. Customer said the matter is with the banking ombudsman and threatened complaint if we call again.,f,,,,,,,,,de1511e6-d6fd-43c3-a571-eee46446920c,2026-08-27 11:28:13.624115+00,2026-08-27 11:28:13.624115+00,
2e7b44a7-cff8-456f-85f2-f412c28a5e99,a13886ca-739b-47b4-a473-724e03f7332a,9fc92cd0-ece2-4a0d-9874-ee71c511c0fd,2026-05-14 18:36:00+00,,DECLINED,PRIMARY,Call was declined immediately — customer likely recognised the number. Will try from a different number.,,,,,,,,,,de15fef1-a2c4-48a8-b667-2c5f78b371aa,2026-08-27 11:28:13.623848+00,2026-08-27 11:28:13.623849+00,
ccc5ccf5-bc0e-4f79-89f9-4e4adf3cd0da,c37b6a5c-9d1c-46d4-8ece-dfce290dc74b,fd232674-c408-4a21-8340-5c44ccb0b516,2026-06-15 14:41:00+00,15,BUSY,PRIMARY,Continuously busy for past 20 minutes. Will visit directly.,,,,,,,,,,de41aa38-cedb-4656-8f98-52ca49a7f152,2026-08-27 11:28:13.251849+00,2026-08-27 11:28:13.251849+00,
229b9d2b-8a26-406c-8468-c4f97cb05b43,a13886ca-739b-47b4-a473-724e03f7332a,c52e3c3a-f668-409c-b38e-eacfaafb3285,2026-04-28 12:32:00+00,217,ANSWERED,PRIMARY,Good call. Customer told me his salary comes on the 9th every month. He will pay on the 10th. I'll plan the visit accordingly.,t,on pension day,,,,,t,2026-09-04,Customer reachable on pension day. Good call. Customer told me his salary comes on the 9th every month. He will pay...,de9e7386-10b9-4f06-8967-b27f062a3214,2026-08-27 11:28:13.624214+00,2026-08-27 11:28:13.624214+00,
dff94c5f-74a8-4801-8781-aad04ce3f675,3e9c4168-1de9-43e8-b9f2-fbf3f931949d,19a6a5c4-dcb8-42c9-976d-e7e5544aee65,2026-04-13 10:18:00+00,,NO_ANSWER,PRIMARY,No answer since morning. Will try calling in the evening — customer may be at work.,,,,,,,,,,def353ac-9ba9-4915-95af-e0ab96311bef,2026-08-27 11:28:13.624093+00,2026-08-27 11:28:13.624094+00,
7ae223e3-451b-4ff2-a8db-033357dc61c2,3aa13103-bd03-4578-9292-44d88d58da00,f0e828df-dd39-4105-9fbd-edbff7159e3f,2026-06-07 11:59:00+00,,SWITCHED_OFF,PRIMARY,Phone is switched off. Will try again after 2 hours.,,,,,,,,,,df618a5d-9764-442c-882a-d5f5e2566a13,2026-08-27 11:28:13.251747+00,2026-08-27 11:28:13.251748+00,
ac5d159e-3de8-4a59-8f93-e2562757642c,c2f2e0ce-5aeb-4ece-8325-2167edfe139e,2c79ffad-474c-4617-93fe-dfcfd00de543,2026-06-16 13:38:00+00,192,ANSWERED,PRIMARY,Pre-visit reminder — customer said everything is ready. Asked me to be discreet when visiting as neighbours are watching.,t,,,,,,t,2026-08-30,Payment intent confirmed. Verbal commitment: 30 Aug 2026. Pre-visit reminder — customer said everything is ready. Aske...,dfc059cf-e151-4fa1-9e1e-c9d0e14bb034,2026-08-27 11:28:13.251856+00,2026-08-27 11:28:13.251857+00,
b4b64723-d685-44d4-9224-a6f8605a68d0,3aa13103-bd03-4578-9292-44d88d58da00,0cf79da7-545f-4c74-a7f6-517536fa5cf4,2026-06-17 11:13:00+00,95,ANSWERED,ALTERNATE,Customer answered. He works a night shift — so he's available from 9 AM to 1 PM on weekdays. I'll plan the visit for 10 AM.,t,morning before 9:30,,,,,,,Customer reachable morning before 9:30. Customer answered. He works a night shift — so he's available from 9 AM to 1 PM ...,dfd7f315-0b57-4cc5-b30d-539103ce98ec,2026-08-27 11:28:13.251987+00,2026-08-27 11:28:13.251988+00,
c5860a4f-dd72-4a0a-bba3-a0ef517e393e,2dfc73e0-dba9-4aa5-babf-d5141ded5497,c34b25c0-f1f6-4a99-8351-ecf4852a50d4,2026-05-09 15:28:00+00,,DECLINED,ALTERNATE,Call rejected within 2 rings each time. Possible number block. Visiting directly.,,,,,,,,,,dfdcb57a-3530-44f5-bfb0-9857b6d6499f,2026-08-27 11:28:13.252043+00,2026-08-27 11:28:13.252044+00,
fdd9a91f-c1b8-4546-9181-773c7b0e9717,e9dced65-f61b-4c24-bae7-d4170299ed46,77b5829a-af76-4e86-bcaa-4b8bf1b6f8f9,2026-05-22 15:04:00+00,130,ANSWERED,ALTERNATE,Spoke to the customer just now. She leaves for the market at 12:30 PM daily. Best window is weekday mornings before noon.,t,between 1-3 PM,,,,,,,Customer reachable between 1-3 PM. Spoke to the customer just now. She leaves for the market at 12:30 PM daily. Bes...,e011c23d-c484-4884-80cf-3285f793b359,2026-08-27 11:28:13.623968+00,2026-08-27 11:28:13.623969+00,
7c212083-a481-4c99-86bb-f68143a9266b,a13886ca-739b-47b4-a473-724e03f7332a,ccb9773a-386d-40ba-897a-6749f16e61e4,2026-08-06 12:42:00+00,175,ANSWERED,PRIMARY,Borrower answered. Said the outstanding amount is wrong and he will not pay until the bank corrects the statement. Call ended.,f,,,,,,,,,e0f842ab-3a34-4687-a68f-63e5da1ae113,2026-08-27 11:28:13.251338+00,2026-08-27 11:28:13.251338+00,
1cae2c8d-360a-47f3-9e06-5e0bf5b09470,4a182f53-a1a1-4f15-945a-6a56f4e04b64,ba61e26c-957f-47e5-84c7-210db74a1652,2026-06-27 11:44:00+00,19,BUSY,PRIMARY,Line was busy. Customer probably on another call. Trying again.,,,,,,,,,,e1821ebd-323f-4cb3-acd3-7c1979f662bd,2026-08-27 11:28:13.251788+00,2026-08-27 11:28:13.251788+00,
52e7d0de-171d-4d89-9781-0ff4a0c67269,3aa13103-bd03-4578-9292-44d88d58da00,635f2e4b-2bdd-4221-992a-9cc1bdf0a747,2026-04-29 16:07:00+00,124,ANSWERED,PRIMARY,Call done. Borrower gets rental income on the 2nd of every month. Best time to collect is on the 3rd or 4th.,t,after 20th of month,,,,,t,2026-08-28,Customer reachable after 20th of month. Call done. Borrower gets rental income on the 2nd of every month. Best time to c...,e1872752-dbfd-4ac8-8b71-3d42bfc8fbc1,2026-08-27 11:28:13.624111+00,2026-08-27 11:28:13.624111+00,
b586d7d7-f387-4601-a35b-004b927e52ad,2dfc73e0-dba9-4aa5-babf-d5141ded5497,19b65599-9a6e-4186-9398-f1f877e31ad6,2026-04-19 15:46:00+00,202,ANSWERED,ALTERNATE,Called as a reminder. Borrower said she will transfer via UPI today itself — before noon. No need for field visit today.,t,,,,,,t,2026-08-27,Payment intent confirmed. Verbal commitment: 27 Aug 2026. Called as a reminder. Borrower said she will transfer via UP...,e18adf71-7a4b-4460-a8c5-8e51f45675eb,2026-08-27 11:28:13.624218+00,2026-08-27 11:28:13.624219+00,
b7807bf1-ac0c-40de-87d1-d5cc6ad31335,2b6de8aa-0976-4be0-8a40-043ff86ffa54,def6ec95-7bb5-4ef4-a2f7-971bf5945771,2026-03-24 17:51:00+00,,SWITCHED_OFF,ALTERNATE,Both primary and alternate numbers are switched off since morning. Planning a direct visit.,,,,,,,,,,e1ab191a-4efc-43df-9dd4-0484cb544c2a,2026-08-27 11:28:13.624366+00,2026-08-27 11:28:13.624367+00,
89cdc744-de13-40a2-882e-09423d699e57,c37b6a5c-9d1c-46d4-8ece-dfce290dc74b,24f406f0-18ea-428e-9360-8b08b5638e21,2026-04-30 16:52:00+00,,SWITCHED_OFF,ALTERNATE,Phone is switched off. Will try again after 2 hours.,,,,,,,,,,e202d363-8af1-4042-b3af-b0290403939f,2026-08-27 11:28:13.624104+00,2026-08-27 11:28:13.624105+00,
d57dea5e-a963-4383-9e0c-785c5f2f1699,2dfc73e0-dba9-4aa5-babf-d5141ded5497,26976eb1-42c6-400c-b45a-101b41ce3537,2026-08-12 14:06:00+00,12,BUSY,PRIMARY,Continuously busy for past 20 minutes. Will visit directly.,,,,,,,,,,e2809cf6-0aa3-4693-a411-739619b17cce,2026-08-27 11:28:13.251344+00,2026-08-27 11:28:13.251344+00,
4ff44f8c-0fa8-41f3-a212-bf502079203d,5fbae4d6-59d1-4e6c-8a80-fe57244a45bb,8ac67a04-0429-474b-83f0-f32bec5ecc5b,2026-08-21 09:55:00+00,,SWITCHED_OFF,ALTERNATE,Phone is switched off. Will try again after 2 hours.,,,,,,,,,,e2e772dd-de8f-4408-8b4f-29b40f122fc1,2026-08-27 11:28:13.25133+00,2026-08-27 11:28:13.251331+00,
b71d3bd8-3f3d-46d1-8582-16b013a8d03d,cd9e6eca-028e-4c61-8e82-048327bc4476,ea8bf59f-dae6-4b04-b0c8-72a6f51d8d08,2026-03-30 14:05:00+00,31,ANSWERED,ALTERNATE,Spoke to borrower. His property is being sold — proceeds will clear the full outstanding. 30-60 day window expected.,t,after salary credit on 9th,,,,,t,2026-08-29,Customer reachable after salary credit on 9th. Spoke to borrower. His property is being sold — proceeds will clear the full out...,e35ec81a-9770-471e-ba19-2691deea05e7,2026-08-27 11:28:13.62433+00,2026-08-27 11:28:13.624331+00,
4cd6c121-79c6-4c9e-9b92-2572d136b91e,b06cd5a3-f1c0-4cdb-b241-9ce2d6c5e791,26eef40b-9a0b-44e8-b11a-3ced97476655,2026-06-13 16:06:00+00,,WRONG_NUMBER,ALTERNATE,Phone rang but no one picked up. Will try the alternate number listed in records.,,,,,,,,,,e3766a24-c9d5-489e-b748-44e1a88da80a,2026-08-27 11:28:13.251855+00,2026-08-27 11:28:13.251856+00,
8aa0d4d5-8fc4-4e03-adac-0832c46a801d,e9dced65-f61b-4c24-bae7-d4170299ed46,2a15516f-d306-43e7-9555-1ce7dc5b5296,2026-08-20 14:05:00+00,,DECLINED,PRIMARY,Call was declined immediately — customer likely recognised the number. Will try from a different number.,,,,,,,,,,e39f316f-e1c4-4aa8-beea-9e9387d644f5,2026-08-27 11:28:13.251302+00,2026-08-27 11:28:13.251303+00,
43d6ed09-f524-4c80-b329-26990024b1b9,2b6de8aa-0976-4be0-8a40-043ff86ffa54,bbf0db48-6ed9-49a7-bbb4-66fb14b93511,2026-05-29 16:23:00+00,146,ANSWERED,PRIMARY,Pre-visit reminder — customer said everything is ready. Asked me to be discreet when visiting as neighbours are watching.,t,,,,,,t,2026-08-29,Payment intent confirmed. Verbal commitment: 29 Aug 2026. Pre-visit reminder — customer said everything is ready. Aske...,e4e5bd14-f95c-4105-b2a2-ed797f49aa38,2026-08-27 11:28:13.623976+00,2026-08-27 11:28:13.623977+00,
0f76db77-f023-41f8-bd7c-120685fcdd1a,3e9c4168-1de9-43e8-b9f2-fbf3f931949d,33f12778-7bf9-4da4-8e58-36cfe69c78d3,2026-03-06 15:25:00+00,44,ANSWERED,PRIMARY,Called — customer's daughter picked up and said mother is home by 4 PM every day from her clinic job. Evening visits work.,t,before 10 AM,,,,,,,Customer reachable before 10 AM. Called — customer's daughter picked up and said mother is home by 4 PM every day...,e501d1b5-afea-48fa-bd42-67eee06fc2b1,2026-08-27 11:28:13.624416+00,2026-08-27 11:28:13.624416+00,
bf90e2f4-1b51-405a-a902-5921456472ea,b06cd5a3-f1c0-4cdb-b241-9ce2d6c5e791,394b6e07-ddd3-4bef-8ddb-1fb4de03ac48,2026-07-07 17:44:00+00,237,ANSWERED,ALTERNATE,Spoke to borrower. Harvest season — he's at his farm in another state. Will not be reachable for a month. Seasonal constraint.,f,,,,2026-09-02,,,,Do not visit until 02 Sep 2026 — customer unavailable.,e5f3d3b6-7454-4326-96b0-163d3c4725c5,2026-08-27 11:28:13.251674+00,2026-08-27 11:28:13.251675+00,
e2ce08de-fbe0-428a-be32-9858ee09130d,3aa13103-bd03-4578-9292-44d88d58da00,ec42d535-b44a-45b9-bbad-86901389c1c4,2026-08-08 14:49:00+00,213,ANSWERED,ALTERNATE,Called as a reminder. Borrower said she will transfer via UPI today itself — before noon. No need for field visit today.,t,,,,,,t,2026-08-27,Payment intent confirmed. Verbal commitment: 27 Aug 2026. Called as a reminder. Borrower said she will transfer via UP...,e61e1dde-e4e5-4ce8-b7eb-1225419ac708,2026-08-27 11:28:13.251411+00,2026-08-27 11:28:13.251411+00,
572d8401-b7ad-463e-a567-1de62fac03f2,2b6de8aa-0976-4be0-8a40-043ff86ffa54,de7484bc-35ef-452e-bc01-b8f8eea164ac,2026-08-26 12:51:00+00,184,ANSWERED,PRIMARY,Customer picked up. Said come after 10 AM as he prays in the early morning. Available from 10 onwards on all days.,t,11 AM to 1 PM,,,,,,,Customer reachable 11 AM to 1 PM. Customer picked up. Said come after 10 AM as he prays in the early morning. Avai...,e63fde52-c64b-4c26-bdeb-3d0787c61549,2026-08-27 11:28:13.624429+00,2026-08-27 11:28:13.62443+00,
8ba8c641-fb20-49a5-a4aa-afaa93a0aa3b,5fbae4d6-59d1-4e6c-8a80-fe57244a45bb,ccd54b2f-b166-4fc5-87bc-3c0b196d1d1a,2026-06-16 15:54:00+00,210,ANSWERED,ALTERNATE,Borrower picked up. Child's board exams are ongoing — he specifically requested no visit for the next 2 weeks till exams are over.,f,,,,2026-09-08,,,,Do not visit until 08 Sep 2026 — customer unavailable.,e6483c35-2690-405d-bf0a-5e07c4337e7c,2026-08-27 11:28:13.251824+00,2026-08-27 11:28:13.251825+00,
1d52bd4e-f848-4df5-b573-a3785cd74a18,5fbae4d6-59d1-4e6c-8a80-fe57244a45bb,a28aa48d-a8a8-4e65-b147-a14037eef4bd,2026-04-11 18:55:00+00,127,ANSWERED,ALTERNATE,Pre-visit call done. Customer confirmed the PTP amount is ready in his account. Visit confirmed for tomorrow morning.,t,,,,,,t,2026-08-30,Payment intent confirmed. Verbal commitment: 30 Aug 2026. Pre-visit call done. Customer confirmed the PTP amount is re...,e650389c-ca7d-45c9-a642-1c6d6653cadd,2026-08-27 11:28:13.624038+00,2026-08-27 11:28:13.624039+00,
dd59d29b-4bd9-476f-9fae-75e5a5d1b921,4a182f53-a1a1-4f15-945a-6a56f4e04b64,7e0cdc29-c5ea-41cf-b6cb-0162e6a80f8d,2026-03-30 13:04:00+00,,SWITCHED_OFF,PRIMARY,Switched off. Going by the timing intel from last visit — planning morning visit before 9 AM.,,,,,,,,,,e652d583-3a9f-4f6c-a9bf-c7ff4ff5970e,2026-08-27 11:28:13.62431+00,2026-08-27 11:28:13.62431+00,
57569954-dc72-4d3a-a5a9-ee12723295dc,c2f2e0ce-5aeb-4ece-8325-2167edfe139e,e8fdea10-d3d1-4f6f-8d4b-ed9e6e2fc1a5,2026-05-24 12:24:00+00,76,ANSWERED,PRIMARY,Pre-visit call confirmed. Customer said payment is ready. Also said come before noon as he has an afternoon appointment.,t,,,,,,t,2026-08-29,Payment intent confirmed. Verbal commitment: 29 Aug 2026. Pre-visit call confirmed. Customer said payment is ready. Al...,e66e73e2-07bc-440f-813e-642251c912a6,2026-08-27 11:28:13.623964+00,2026-08-27 11:28:13.623965+00,
a162b704-6a33-4df6-937d-52033ff4a5cb,3aa13103-bd03-4578-9292-44d88d58da00,51417b54-60aa-4d4a-b522-dab8378f3432,2026-07-30 09:55:00+00,,NO_ANSWER,PRIMARY,Three unanswered attempts today. Visiting directly — based on previous note that customer is home before 10 AM.,,,,,,,,,,e6971d91-df99-4584-a90d-1acc0b03c537,2026-08-27 11:28:13.251569+00,2026-08-27 11:28:13.25157+00,
572d8401-b7ad-463e-a567-1de62fac03f2,2b6de8aa-0976-4be0-8a40-043ff86ffa54,de7484bc-35ef-452e-bc01-b8f8eea164ac,2026-08-27 12:24:00+00,120,ANSWERED,PRIMARY,Called as a reminder. Borrower said she will transfer via UPI today itself — before noon. No need for field visit today.,t,,,,,,t,2026-08-28,Payment intent confirmed. Verbal commitment: 28 Aug 2026. Called as a reminder. Borrower said she will transfer via UP...,e69e802b-a806-402f-a666-069d38cf731f,2026-08-27 11:28:13.62443+00,2026-08-27 11:28:13.624431+00,
7af24473-7a11-467b-a4a6-6fa0f202334c,2dfc73e0-dba9-4aa5-babf-d5141ded5497,d0c40131-ea6a-4885-a8a9-8170216f2819,2026-05-28 09:17:00+00,,WRONG_NUMBER,ALTERNATE,Three unanswered attempts today. Visiting directly — based on previous note that customer is home before 10 AM.,,,,,,,,,,e6a1b0d6-068b-4701-91b5-112cda643538,2026-08-27 11:28:13.623984+00,2026-08-27 11:28:13.623985+00,
dfc3b5eb-1a4a-438d-a0d2-523489d798a4,a13886ca-739b-47b4-a473-724e03f7332a,6826e06a-4b50-4c8e-b3d4-9584ddbeb0e5,2026-08-04 10:13:00+00,,NO_ANSWER,PRIMARY,Primary number not answering. Alternate number also not reachable. Planned a direct visit.,,,,,,,,,,e71c5173-4a97-45cd-a6b0-2be7d368ae22,2026-08-27 11:28:13.251393+00,2026-08-27 11:28:13.251394+00,
66023087-8bde-4b8f-a924-ae8e512c2178,c33350cc-f581-492e-807f-14262d56ebcb,47e30ef7-8957-428d-be7b-a7b0524f8143,2026-06-15 12:33:00+00,,DECLINED,PRIMARY,Call was declined immediately — customer likely recognised the number. Will try from a different number.,,,,,,,,,,e74a3790-bcd7-416a-9d03-6c7f1390f538,2026-08-27 11:28:13.252038+00,2026-08-27 11:28:13.252039+00,
cb2b92fc-05ae-4718-a5fa-614cf047f591,2b6de8aa-0976-4be0-8a40-043ff86ffa54,c34120e6-6778-4c63-9d4f-089bb0fd435a,2026-08-26 18:36:00+00,,SWITCHED_OFF,PRIMARY,Switched off. Going by the timing intel from last visit — planning morning visit before 9 AM.,,,,,,,,,,e7771f91-5d4f-4952-bf75-f72937661448,2026-08-27 11:28:13.624445+00,2026-08-27 11:28:13.624446+00,
e6cfbe39-d688-47ab-a2d0-0c03a9796ce3,2dfc73e0-dba9-4aa5-babf-d5141ded5497,7b15825d-da60-4c1c-83c0-b319ba915f29,2026-08-17 09:30:00+00,,WRONG_NUMBER,PRIMARY,Three unanswered attempts today. Visiting directly — based on previous note that customer is home before 10 AM.,,,,,,,,,,e79890a4-5b40-447b-b15c-e1438d64bb08,2026-08-27 11:28:13.251376+00,2026-08-27 11:28:13.251377+00,
baa0a3d6-2ed5-4fd1-8508-46116e9cdb3f,c37b6a5c-9d1c-46d4-8ece-dfce290dc74b,9f305358-f359-44a8-bace-30ece8093e9c,2026-03-14 12:12:00+00,90,ANSWERED,ALTERNATE,Borrower picked up. Child's board exams are ongoing — he specifically requested no visit for the next 2 weeks till exams are over.,f,,,,2026-08-31,,,,Do not visit until 31 Aug 2026 — customer unavailable.,e79da482-1fee-4522-90ed-890d491bb8de,2026-08-27 11:28:13.624357+00,2026-08-27 11:28:13.624357+00,
36ce7c7b-b3e1-46f2-8ad1-75f73879c325,2b6de8aa-0976-4be0-8a40-043ff86ffa54,b8409718-e40e-4f33-9aa8-d225e8fd5f62,2026-08-26 16:24:00+00,107,ANSWERED,PRIMARY,"Customer picked up briefly, said don't disturb during office hours and disconnected. Will try in the evening.",f,,,,,,,,,e7a45074-6a03-44dd-a95e-ac8c9b52cc06,2026-08-27 11:28:13.624433+00,2026-08-27 11:28:13.624433+00,
7aa50eb4-da1f-4f56-ace7-8c5c24e2a212,3e9c4168-1de9-43e8-b9f2-fbf3f931949d,e03b72b6-339d-439d-a8f1-bcca7c80df79,2026-04-30 14:26:00+00,,NO_ANSWER,PRIMARY,No answer since morning. Will try calling in the evening — customer may be at work.,,,,,,,,,,e7bd021e-25e8-44e7-8261-607b98f315ab,2026-08-27 11:28:13.624121+00,2026-08-27 11:28:13.624122+00,
dcaf8d18-ffa3-4551-95e6-327c21dac884,5fbae4d6-59d1-4e6c-8a80-fe57244a45bb,5372c7eb-4b00-4575-a421-f4d3d71a072e,2026-07-24 13:13:00+00,,WRONG_NUMBER,ALTERNATE,Tried calling three times — no response. Will try visiting directly based on the timing intel from the last visit.,,,,,,,,,,e827a157-d48f-431e-9f74-c9bc1f22ff27,2026-08-27 11:28:13.251593+00,2026-08-27 11:28:13.251594+00,
a004c977-e3d9-48d1-9a51-20f9f278ae10,a2e2555c-f597-43af-a77a-fe708f967218,6ebc511e-6b0c-4ef6-a7f6-dcfb54a056f8,2026-05-08 16:33:00+00,236,ANSWERED,PRIMARY,Call done. Borrower gets rental income on the 2nd of every month. Best time to collect is on the 3rd or 4th.,t,,,,,,t,2026-09-12,Payment intent confirmed. Verbal commitment: 12 Sep 2026. Call done. Borrower gets rental income on the 2nd of every m...,e8734a84-5bdf-458a-95fd-7b4ea57c43b2,2026-08-27 11:28:13.623972+00,2026-08-27 11:28:13.623972+00,
010963c0-2f2b-4141-a66f-90766e95e06d,a2e2555c-f597-43af-a77a-fe708f967218,9339433d-7018-4df9-8ab1-189b46c9ca29,2026-05-24 18:28:00+00,,WRONG_NUMBER,PRIMARY,No answer since morning. Will try calling in the evening — customer may be at work.,,,,,,,,,,e888d756-9631-4fa5-9eb6-8b39bd7e78c1,2026-08-27 11:28:13.623928+00,2026-08-27 11:28:13.62393+00,
4a93d0b4-35ac-46e8-8ea3-6ba9b0afbc39,3e9c4168-1de9-43e8-b9f2-fbf3f931949d,783b963e-c174-4a0b-b9bf-b5b43a6000bd,2026-08-08 18:30:00+00,232,ANSWERED,ALTERNATE,Spoke to the borrower. He runs a small business — income is strongest after the 20th when his clients pay. PTP for 22nd confirmed.,t,after salary credit on 9th,,,,,t,2026-09-06,Customer reachable after salary credit on 9th. Spoke to the borrower. He runs a small business — income is strongest after the ...,e8a94cdc-489e-4107-aff2-1a2bc6d6edeb,2026-08-27 11:28:13.251251+00,2026-08-27 11:28:13.251252+00,
e444c0da-8a79-4d68-9c98-0280a62ade8b,c37b6a5c-9d1c-46d4-8ece-dfce290dc74b,86363474-05d5-429d-9afe-a166ca0f3137,2026-04-19 09:26:00+00,176,ANSWERED,PRIMARY,Customer picked up and immediately said to stop calling or he will file a harassment complaint. He cut the call. No visit recommended right now.,f,,,,,,,,,e92cf0ca-3e24-4903-9a89-9c8b054a6ce5,2026-08-27 11:28:13.624132+00,2026-08-27 11:28:13.624133+00,
733ec455-55c4-4cfb-b5eb-7ba264774c02,3aa13103-bd03-4578-9292-44d88d58da00,6826e06a-4b50-4c8e-b3d4-9584ddbeb0e5,2026-07-23 16:12:00+00,18,BUSY,PRIMARY,Continuously busy for past 20 minutes. Will visit directly.,,,,,,,,,,e9bf0c0a-6887-4544-8d82-d89515fd13e0,2026-08-27 11:28:13.251525+00,2026-08-27 11:28:13.251525+00,
ca0de548-83b9-4b80-912e-d26303ed7a70,1d5e58e8-954e-4d6c-b13c-6e6d614cb588,d194e9e1-27b4-44d8-80b3-c5dd6b0e01cc,2026-03-18 17:18:00+00,127,ANSWERED,PRIMARY,Customer answered from out of town. He's on a work contract in Rajasthan for 2 more weeks. Not reachable for visit till month end.,f,,,,2026-09-02,,,,Do not visit until 02 Sep 2026 — customer unavailable.,e9c2d112-0635-43b6-b395-c870db1a0bfc,2026-08-27 11:28:13.624274+00,2026-08-27 11:28:13.624274+00,
69f3815e-7a65-4036-bb6f-cc51adf67f2b,2b6de8aa-0976-4be0-8a40-043ff86ffa54,033f659c-3746-4c9e-8a52-e53dcaa34bb8,2026-08-26 17:01:00+00,,NO_ANSWER,PRIMARY,Three unanswered attempts today. Visiting directly — based on previous note that customer is home before 10 AM.,,,,,,,,,,e9cb03ff-8f05-4f49-b317-1f94ceace79a,2026-08-27 11:28:13.624442+00,2026-08-27 11:28:13.624442+00,
64fd2fa0-80cf-4900-af39-cf7caf06b4df,2dfc73e0-dba9-4aa5-babf-d5141ded5497,d62f8b44-fbc6-4ad8-8faf-d60cd0920350,2026-08-19 12:11:00+00,,NO_ANSWER,PRIMARY,Primary number not answering. Alternate number also not reachable. Planned a direct visit.,,,,,,,,,,e9dcec2b-566a-4dc7-9fc9-f9ab0baadf92,2026-08-27 11:28:13.251407+00,2026-08-27 11:28:13.251408+00,
e34137fd-e6c1-4393-a80d-40b5b302234c,c37b6a5c-9d1c-46d4-8ece-dfce290dc74b,b0b63f01-f844-40f7-b276-5e6b6805959a,2026-04-18 11:36:00+00,,NO_ANSWER,PRIMARY,Phone rang but no one picked up. Will try the alternate number listed in records.,,,,,,,,,,ea1b32af-0e52-4041-a7ad-fda19123b977,2026-08-27 11:28:13.624088+00,2026-08-27 11:28:13.624088+00,
d96c5d4e-68b7-4e0d-93a9-508bab058069,3aa13103-bd03-4578-9292-44d88d58da00,4ad4940f-85d4-4a79-9f13-81b88dd0d9f3,2026-05-30 12:19:00+00,,WRONG_NUMBER,PRIMARY,Primary number not answering. Alternate number also not reachable. Planned a direct visit.,,,,,,,,,,ea2985c9-df05-46bc-82c1-18a9cd44dfbb,2026-08-27 11:28:13.623973+00,2026-08-27 11:28:13.623973+00,
ce948a4c-762d-4b07-8fcb-aee2084621a2,1d5e58e8-954e-4d6c-b13c-6e6d614cb588,540fd0f4-e42e-489e-bf37-4ae508e0225f,2026-04-08 17:01:00+00,,NO_ANSWER,PRIMARY,No answer since morning. Will try calling in the evening — customer may be at work.,,,,,,,,,,eab4e32c-a476-4f5f-9dd5-b9543f87fbd7,2026-08-27 11:28:13.624178+00,2026-08-27 11:28:13.624178+00,
09ea08d5-cb02-485e-8b6a-9f53944a694e,4a182f53-a1a1-4f15-945a-6a56f4e04b64,f8e81db2-daf7-446d-9379-5491607b5ec7,2026-06-25 13:39:00+00,,SWITCHED_OFF,PRIMARY,Both primary and alternate numbers are switched off since morning. Planning a direct visit.,,,,,,,,,,eabf3366-a7b4-4228-997c-dce1f3b8b158,2026-08-27 11:28:13.251718+00,2026-08-27 11:28:13.251719+00,
210783f0-6af8-49c2-b0f7-a7e78544b732,357e2e09-b637-468e-818b-57a5dce18e9c,aaa5115f-a8d0-4e95-aabf-f051fc54c9f7,2026-07-22 16:39:00+00,72,ANSWERED,PRIMARY,Spoke to borrower. Harvest season — he's at his farm in another state. Will not be reachable for a month. Seasonal constraint.,f,,,,2026-09-02,,,,Do not visit until 02 Sep 2026 — customer unavailable.,eadc6380-80c8-4b67-abd7-791a3ea24cfd,2026-08-27 11:28:13.251592+00,2026-08-27 11:28:13.251593+00,
0fe7cecc-f9f7-4f24-b0fe-e66b76150615,8e59153e-dc8e-4efa-af65-1db304a6f3f1,4fbb62fe-f822-4234-984e-7cb360c81779,2026-05-25 17:26:00+00,,WRONG_NUMBER,ALTERNATE,Tried calling three times — no response. Will try visiting directly based on the timing intel from the last visit.,,,,,,,,,,eb222736-93a1-47c6-8022-252950dfb3b3,2026-08-27 11:28:13.252052+00,2026-08-27 11:28:13.252052+00,
b4b64723-d685-44d4-9224-a6f8605a68d0,3aa13103-bd03-4578-9292-44d88d58da00,0cf79da7-545f-4c74-a7f6-517536fa5cf4,2026-06-17 09:24:00+00,191,ANSWERED,PRIMARY,Customer answered aggressively — said he has a lawyer and to not call again. Call ended within 30 seconds.,f,,,,,,,,,eb25f0f6-37a5-4dea-8e0e-edd52137e40e,2026-08-27 11:28:13.251989+00,2026-08-27 11:28:13.25199+00,
1753234f-57d9-48f9-b3b6-c9d90959b81b,3e9c4168-1de9-43e8-b9f2-fbf3f931949d,3dd02813-2be4-400d-82fe-f7dd030407ea,2026-07-22 09:43:00+00,,WRONG_NUMBER,ALTERNATE,Three unanswered attempts today. Visiting directly — based on previous note that customer is home before 10 AM.,,,,,,,,,,eb2989c3-57de-4be8-9bc4-543d2feeaf46,2026-08-27 11:28:13.25168+00,2026-08-27 11:28:13.25168+00,
34f3a5ea-99d1-48df-a34f-dc3e858ca7a9,c37b6a5c-9d1c-46d4-8ece-dfce290dc74b,0c6dbe7b-6c5d-4d4e-9acf-ee39611a9414,2026-03-25 10:06:00+00,194,ANSWERED,PRIMARY,Good call. Customer confirmed he's home till 9 AM every weekday before heading to his construction site. I need to go early.,t,morning before 9:30,,,,,,,Customer reachable morning before 9:30. Good call. Customer confirmed he's home till 9 AM every weekday before heading t...,eb3586bd-a3a7-48b7-8c58-1ea067a41416,2026-08-27 11:28:13.624316+00,2026-08-27 11:28:13.624316+00,
2423e23e-c503-48ed-bd5a-a3975b02d085,a2e2555c-f597-43af-a77a-fe708f967218,c5733aff-893e-4874-894d-65898bc2c1e1,2026-03-15 13:10:00+00,160,ANSWERED,ALTERNATE,Pre-visit reminder — customer said everything is ready. Asked me to be discreet when visiting as neighbours are watching.,t,,,,,,t,2026-08-27,Payment intent confirmed. Verbal commitment: 27 Aug 2026. Pre-visit reminder — customer said everything is ready. Aske...,eb485efc-d312-4b41-bba3-0e3f072a111c,2026-08-27 11:28:13.624339+00,2026-08-27 11:28:13.624339+00,
42179948-c504-4a0e-bd3d-d63ac011fc03,c2f2e0ce-5aeb-4ece-8325-2167edfe139e,d4e415c0-ee55-472e-a35b-9b8acd2a76e8,2026-03-07 12:24:00+00,,WRONG_NUMBER,PRIMARY,Three unanswered attempts today. Visiting directly — based on previous note that customer is home before 10 AM.,,,,,,,,,,eb801c58-4ad8-44c0-ac7e-8c619314b54c,2026-08-27 11:28:13.624419+00,2026-08-27 11:28:13.62442+00,
cb2aff7e-8a25-4539-b666-eb2ee3cd72bd,a13886ca-739b-47b4-a473-724e03f7332a,9bd1b138-1ded-4ba6-8eba-013a26589c63,2026-03-16 12:13:00+00,205,ANSWERED,ALTERNATE,Customer picked up. Said he's out of city for 10 days for a family function. Requested no visit until he returns on the 15th. Blocking visits until then.,f,,,,2026-09-11,,,,Do not visit until 11 Sep 2026 — customer unavailable.,ebaffe34-2cb3-4736-a4c0-e88ede64a054,2026-08-27 11:28:13.624279+00,2026-08-27 11:28:13.62428+00,
c2fcb94b-c282-41a1-b640-40d865fb9609,c37b6a5c-9d1c-46d4-8ece-dfce290dc74b,1b0c8ea9-befb-46a5-b970-af6259d5a825,2026-08-14 17:38:00+00,155,ANSWERED,ALTERNATE,Good call. Customer told me his salary comes on the 9th every month. He will pay on the 10th. I'll plan the visit accordingly.,t,after 20th of month,,,,,t,2026-09-10,Customer reachable after 20th of month. Good call. Customer told me his salary comes on the 9th every month. He will pay...,ec130956-c47b-4281-a3fa-dde216252659,2026-08-27 11:28:13.251317+00,2026-08-27 11:28:13.251317+00,
d65eede3-98ea-45c2-b7cb-ee89a83051b0,c33350cc-f581-492e-807f-14262d56ebcb,f5795911-e27a-41da-a809-be2325d85e66,2026-07-06 10:40:00+00,,DECLINED,PRIMARY,Declined 3 times in a row. Customer is actively avoiding contact. Planning direct field visit.,,,,,,,,,,ec7866e4-cc88-4bfa-a0bd-acfb33a16083,2026-08-27 11:28:13.251647+00,2026-08-27 11:28:13.251648+00,
1cd98bf4-461d-464a-b46b-e31f42261d3b,2b6de8aa-0976-4be0-8a40-043ff86ffa54,0cdc1fb5-87e9-47d4-8bfa-f59fcef10dd7,2026-06-04 09:08:00+00,,WRONG_NUMBER,PRIMARY,No answer since morning. Will try calling in the evening — customer may be at work.,,,,,,,,,,ecc2cafe-ce4d-405d-9c53-dd11b8176563,2026-08-27 11:28:13.251826+00,2026-08-27 11:28:13.251826+00,
687c662b-de33-46e2-9ba4-072b54b1878b,357e2e09-b637-468e-818b-57a5dce18e9c,77b5829a-af76-4e86-bcaa-4b8bf1b6f8f9,2026-05-31 09:01:00+00,,SWITCHED_OFF,PRIMARY,Phone is switched off. Will try again after 2 hours.,,,,,,,,,,ecefe047-68ac-4d5b-bfad-145d195e2f2f,2026-08-27 11:28:13.252105+00,2026-08-27 11:28:13.252106+00,
bdeb6756-f0dd-4437-8ca2-0a6368f11396,2b6de8aa-0976-4be0-8a40-043ff86ffa54,08261f05-6d9a-4fd9-a6c1-b6d1549ba303,2026-03-26 16:16:00+00,229,ANSWERED,ALTERNATE,Customer answered. Said he's home for lunch between 1 PM and 2:30 PM daily. That's a good window to visit.,t,after 6 PM,,,,,,,Customer reachable after 6 PM. Customer answered. Said he's home for lunch between 1 PM and 2:30 PM daily. That...,ed0826a4-fced-4084-a237-0224aa13a839,2026-08-27 11:28:13.624239+00,2026-08-27 11:28:13.624239+00,
e464ec2c-fb93-4517-b0d2-d52f4401678e,3aa13103-bd03-4578-9292-44d88d58da00,a0809318-6545-4914-bb03-9ee9edd75583,2026-08-25 10:14:00+00,193,ANSWERED,ALTERNATE,Customer's wife answered. Said the borrower is hospitalised for a surgery. Should be back home by Thursday. Will revisit after that.,f,,,,2026-09-02,,,,Do not visit until 02 Sep 2026 — customer unavailable.,ed274b7d-7cc3-4990-8df1-d03f4fffcab8,2026-08-27 11:28:13.251423+00,2026-08-27 11:28:13.251423+00,
ec73065d-e2ca-4ff7-adba-59d8bf842ef5,a2e2555c-f597-43af-a77a-fe708f967218,e83946da-6bc2-458c-a53c-e1d9b40d9073,2026-07-25 18:59:00+00,238,ANSWERED,ALTERNATE,Customer answered aggressively — said he has a lawyer and to not call again. Call ended within 30 seconds.,f,,,,,,,,,ed7ce289-172d-43ab-a100-040b0afb022a,2026-08-27 11:28:13.251451+00,2026-08-27 11:28:13.251451+00,
1c0da5ee-6603-45eb-b062-d5d1fde8f516,3aa13103-bd03-4578-9292-44d88d58da00,2e0ec7cc-3dcc-4204-b83a-c5bda7ad54f4,2026-06-09 10:58:00+00,,SWITCHED_OFF,ALTERNATE,Both primary and alternate numbers are switched off since morning. Planning a direct visit.,,,,,,,,,,edd16477-3708-40a2-8fb2-85309838e15d,2026-08-27 11:28:13.251985+00,2026-08-27 11:28:13.251986+00,
209ada90-3341-4870-a460-21158956474b,2dfc73e0-dba9-4aa5-babf-d5141ded5497,f5795911-e27a-41da-a809-be2325d85e66,2026-03-16 16:53:00+00,109,ANSWERED,PRIMARY,"Customer on pilgrimage — wife confirmed, said he will be back in 12 days. Blocking visits till confirmed return.",f,,,,2026-09-04,,,,Do not visit until 04 Sep 2026 — customer unavailable.,ee009a62-145b-4a3a-bfa7-92ce927828c7,2026-08-27 11:28:13.624261+00,2026-08-27 11:28:13.624261+00,
8c8d3f47-9c96-4134-b384-a39748f9bcbe,2dfc73e0-dba9-4aa5-babf-d5141ded5497,abea6752-eece-420a-bbad-c524aaa9073f,2026-06-21 17:03:00+00,,WRONG_NUMBER,PRIMARY,Phone rang but no one picked up. Will try the alternate number listed in records.,,,,,,,,,,ee151423-2e19-42a0-936a-1ae83c89bea4,2026-08-27 11:28:13.25187+00,2026-08-27 11:28:13.251871+00,
59295677-15c0-4bfd-8e35-bfd78d6adbdb,3aa13103-bd03-4578-9292-44d88d58da00,00a419ac-a1d7-4f27-ba0c-02c0e1d9802a,2026-08-11 09:02:00+00,19,BUSY,PRIMARY,Continuously busy for past 20 minutes. Will visit directly.,,,,,,,,,,ee16f8b8-f4c2-4ef7-bcc2-423c49958b09,2026-08-27 11:28:13.251252+00,2026-08-27 11:28:13.251253+00,
7e11458d-c812-46e8-af48-d562d3b7d4a6,3aa13103-bd03-4578-9292-44d88d58da00,4ebd4493-2e36-49cd-b2b7-f0838465d0e5,2026-03-07 09:12:00+00,,DECLINED,PRIMARY,Call was declined immediately — customer likely recognised the number. Will try from a different number.,,,,,,,,,,ee16f8c5-69ed-4c41-8266-8d2868889439,2026-08-27 11:28:13.624299+00,2026-08-27 11:28:13.624299+00,
2f6c83a1-b4af-454c-bac1-4e13d65435e2,b06cd5a3-f1c0-4cdb-b241-9ce2d6c5e791,ef17f4ce-e6a5-4702-b0f1-19e4abd6783b,2026-06-29 09:41:00+00,,NO_ANSWER,PRIMARY,Three unanswered attempts today. Visiting directly — based on previous note that customer is home before 10 AM.,,,,,,,,,,ee88b98e-6a61-4026-9259-68788236b158,2026-08-27 11:28:13.25203+00,2026-08-27 11:28:13.252031+00,
0b1c4cbe-4a8f-4df9-bb99-ee02c91644f3,2b6de8aa-0976-4be0-8a40-043ff86ffa54,becb48a3-4d0a-4b95-9c49-553292c440ee,2026-06-28 17:40:00+00,,DECLINED,PRIMARY,Declined 3 times in a row. Customer is actively avoiding contact. Planning direct field visit.,,,,,,,,,,ee9c75a1-2b2c-49dd-9178-3bb0b8ef7d26,2026-08-27 11:28:13.251817+00,2026-08-27 11:28:13.251818+00,
1b86f9e5-3e02-41bf-85e1-fd879a889e73,2b6de8aa-0976-4be0-8a40-043ff86ffa54,645cdd78-581e-4e19-b5c6-0f9bb80063bf,2026-04-27 15:28:00+00,,DECLINED,PRIMARY,Declined 3 times in a row. Customer is actively avoiding contact. Planning direct field visit.,,,,,,,,,,eea0f79a-c781-42c1-9563-18910a533f50,2026-08-27 11:28:13.624127+00,2026-08-27 11:28:13.624128+00,
0dd4efa3-5313-45ec-b85d-9504b05b43ea,c2f2e0ce-5aeb-4ece-8325-2167edfe139e,6ee09325-b476-4ff7-acfd-dd6aff05eca9,2026-08-07 18:34:00+00,,DECLINED,PRIMARY,Call rejected within 2 rings each time. Possible number block. Visiting directly.,,,,,,,,,,efdd5f8a-c637-4bba-8082-230cdf0e4e1c,2026-08-27 11:28:13.251277+00,2026-08-27 11:28:13.251278+00,
1c022ea5-644b-4107-921a-065c6303d789,a13886ca-739b-47b4-a473-724e03f7332a,77b5829a-af76-4e86-bcaa-4b8bf1b6f8f9,2026-06-08 15:12:00+00,25,BUSY,PRIMARY,Continuously busy for past 20 minutes. Will visit directly.,,,,,,,,,,eff661eb-1238-481d-ac07-87676e9d291b,2026-08-27 11:28:13.251801+00,2026-08-27 11:28:13.251802+00,
d0b60cc2-1609-4be4-a5af-3b8cf472974e,c33350cc-f581-492e-807f-14262d56ebcb,08ba962e-0ef6-4f27-a9fe-8ed646f6755b,2026-05-17 13:42:00+00,,DECLINED,PRIMARY,Declined 3 times in a row. Customer is actively avoiding contact. Planning direct field visit.,,,,,,,,,,effce90a-45ff-4174-b78d-dc8891e56622,2026-08-27 11:28:13.623859+00,2026-08-27 11:28:13.62386+00,
3e926492-2fb7-45df-8cc7-4dbf17099a2f,c6ca60b7-2143-412b-887e-c30ae9cda031,0df43380-a050-44fd-8b41-28df032bed43,2026-07-12 14:32:00+00,,DECLINED,PRIMARY,Call rejected within 2 rings each time. Possible number block. Visiting directly.,,,,,,,,,,efff7f9e-7fc1-4982-96c4-e7160e19dcfb,2026-08-27 11:28:13.25164+00,2026-08-27 11:28:13.25164+00,
65f53b7f-f072-4528-a02d-8f36380cb68d,c37b6a5c-9d1c-46d4-8ece-dfce290dc74b,0df43380-a050-44fd-8b41-28df032bed43,2026-04-17 10:51:00+00,119,ANSWERED,PRIMARY,Customer's wife answered. Said the borrower is hospitalised for a surgery. Should be back home by Thursday. Will revisit after that.,f,,,,2026-09-04,,,,Do not visit until 04 Sep 2026 — customer unavailable.,f0084b99-2ddd-4aa7-973d-35b21e54a7ca,2026-08-27 11:28:13.624195+00,2026-08-27 11:28:13.624196+00,
939dd91b-ef27-419b-a94e-1581e7a0b98a,3e9c4168-1de9-43e8-b9f2-fbf3f931949d,02750d35-bc1c-4780-a7d3-bf83613ef162,2026-03-12 18:29:00+00,,WRONG_NUMBER,PRIMARY,Primary number not answering. Alternate number also not reachable. Planned a direct visit.,,,,,,,,,,f015af24-0112-4d71-b0a1-8592aeca975a,2026-08-27 11:28:13.62425+00,2026-08-27 11:28:13.62425+00,
a8651e2d-af97-4fed-860f-9b4d12d1c472,8e59153e-dc8e-4efa-af65-1db304a6f3f1,4ceb89c9-53a9-48e3-a93e-876e7fa71bfc,2026-04-29 14:29:00+00,172,ANSWERED,ALTERNATE,"Customer picked up briefly, said don't disturb during office hours and disconnected. Will try in the evening.",f,,,,,,,,,f03912ec-d6ae-42a4-915e-602f61b6f061,2026-08-27 11:28:13.624225+00,2026-08-27 11:28:13.624226+00,
86525fed-2999-49a3-8668-3270dcbd31fc,c6ca60b7-2143-412b-887e-c30ae9cda031,65f3b5ba-95e5-4d3d-8310-035453c5d856,2026-06-26 17:49:00+00,96,ANSWERED,PRIMARY,Spoke to borrower. Harvest season — he's at his farm in another state. Will not be reachable for a month. Seasonal constraint.,f,,,,2026-09-08,,,,Do not visit until 08 Sep 2026 — customer unavailable.,f0c4e525-91ea-4b5a-a7e9-39971eaa9c30,2026-08-27 11:28:13.252005+00,2026-08-27 11:28:13.252005+00,
20dc7a0e-bb49-4fd7-b54e-ded7d5c05d1a,e9dced65-f61b-4c24-bae7-d4170299ed46,1ca49b3c-bae3-4b4f-97fe-d55af158dab2,2026-05-21 10:21:00+00,,SWITCHED_OFF,PRIMARY,Switched off. Going by the timing intel from last visit — planning morning visit before 9 AM.,,,,,,,,,,f0d68d87-12fb-49c1-8f12-c291824aa8f0,2026-08-27 11:28:13.252092+00,2026-08-27 11:28:13.252092+00,
e2944314-a60a-4504-9072-027127c075b4,a13886ca-739b-47b4-a473-724e03f7332a,9f500c68-1feb-4674-843b-85b0e734ffae,2026-07-05 12:16:00+00,,DECLINED,PRIMARY,Declined 3 times in a row. Customer is actively avoiding contact. Planning direct field visit.,,,,,,,,,,f15c1668-a580-4d7b-bf25-62cb3a882ca3,2026-08-27 11:28:13.251466+00,2026-08-27 11:28:13.251467+00,
d57dea5e-a963-4383-9e0c-785c5f2f1699,2dfc73e0-dba9-4aa5-babf-d5141ded5497,26976eb1-42c6-400c-b45a-101b41ce3537,2026-08-12 09:17:00+00,,WRONG_NUMBER,PRIMARY,Three unanswered attempts today. Visiting directly — based on previous note that customer is home before 10 AM.,,,,,,,,,,f24803c7-4de4-499d-ad21-3e9cca2e691a,2026-08-27 11:28:13.251341+00,2026-08-27 11:28:13.251342+00,
928a5663-d99d-46e5-bb35-bb2be4584e23,b06cd5a3-f1c0-4cdb-b241-9ce2d6c5e791,0b2c8dd8-f345-4d01-94f7-6c59689252ce,2026-05-10 09:07:00+00,192,ANSWERED,PRIMARY,Customer picked up. Said he's out of city for 10 days for a family function. Requested no visit until he returns on the 15th. Blocking visits until then.,f,,,,2026-09-07,,,,Do not visit until 07 Sep 2026 — customer unavailable.,f262640c-3ebb-4dd2-95f7-c7c86879cb0f,2026-08-27 11:28:13.623862+00,2026-08-27 11:28:13.623862+00,
f30262ee-7550-4687-9729-cd61fa0e8479,c2f2e0ce-5aeb-4ece-8325-2167edfe139e,77b5829a-af76-4e86-bcaa-4b8bf1b6f8f9,2026-05-08 09:33:00+00,44,ANSWERED,PRIMARY,"Customer picked up briefly, said don't disturb during office hours and disconnected. Will try in the evening.",f,,,,,,,,,f28a0f81-3161-4c2a-b0e7-69c4dd7724de,2026-08-27 11:28:13.62386+00,2026-08-27 11:28:13.623861+00,
894aaf98-a5bf-4a1c-a336-49b8c1996dde,a2e2555c-f597-43af-a77a-fe708f967218,12b59d6e-de66-4588-8b8c-f9a8124f94aa,2026-04-12 16:16:00+00,,WRONG_NUMBER,PRIMARY,No answer since morning. Will try calling in the evening — customer may be at work.,,,,,,,,,,f2b89543-0921-4f99-8d51-9123e5b174ba,2026-08-27 11:28:13.624026+00,2026-08-27 11:28:13.624027+00,
e3b28cb3-665f-4670-8508-b2c7b4d89c5c,2dfc73e0-dba9-4aa5-babf-d5141ded5497,645cdd78-581e-4e19-b5c6-0f9bb80063bf,2026-06-15 11:37:00+00,,SWITCHED_OFF,PRIMARY,Switched off. Going by the timing intel from last visit — planning morning visit before 9 AM.,,,,,,,,,,f2c6b75e-f33d-44c2-87ee-be365f0de0bc,2026-08-27 11:28:13.251992+00,2026-08-27 11:28:13.251993+00,
9a6b964e-872e-4f11-aaab-5169a8ec8d53,c6ca60b7-2143-412b-887e-c30ae9cda031,8be4291b-80e9-45cf-ba15-dde87c9e0842,2026-03-17 11:29:00+00,,NO_ANSWER,PRIMARY,Tried calling three times — no response. Will try visiting directly based on the timing intel from the last visit.,,,,,,,,,,f2f104c3-f2db-4a6e-91de-896e335b3387,2026-08-27 11:28:13.624417+00,2026-08-27 11:28:13.624417+00,
ed669f1c-d700-4761-8824-fa4c4200f0d7,a2e2555c-f597-43af-a77a-fe708f967218,3fe20a9b-4db5-458d-b0cb-fb7873bc5e4b,2026-08-22 13:25:00+00,230,ANSWERED,PRIMARY,Call answered. Customer is home only on weekends. Not reachable during weekdays in the day at all.,t,morning before 9:30,,,,,,,Customer reachable morning before 9:30. Call answered. Customer is home only on weekends. Not reachable during weekdays ...,f32eb728-5be5-43b6-8c7e-99e9fa8e5184,2026-08-27 11:28:13.251443+00,2026-08-27 11:28:13.251443+00,
7894476f-64f4-49e1-ad34-ac107cb31942,b06cd5a3-f1c0-4cdb-b241-9ce2d6c5e791,a9ecda50-e818-4cb9-97a8-8c56eeea659a,2026-05-23 12:47:00+00,,NO_ANSWER,PRIMARY,Primary number not answering. Alternate number also not reachable. Planned a direct visit.,,,,,,,,,,f35a0dc3-e249-4c4f-b30c-566fa67fb306,2026-08-27 11:28:13.623997+00,2026-08-27 11:28:13.623997+00,
f7c5dfb4-1476-4194-bd8f-e8d5fbcdae12,2dfc73e0-dba9-4aa5-babf-d5141ded5497,9e22540f-abc7-46a6-a05c-b5c3a65d69ba,2026-06-07 09:59:00+00,6,BUSY,PRIMARY,Line was busy. Customer probably on another call. Trying again.,,,,,,,,,,f361847d-de97-419a-893b-ede788f8f0d7,2026-08-27 11:28:13.25175+00,2026-08-27 11:28:13.25175+00,
91fcc147-3dca-4dcf-a5a3-ef0e719ec278,b06cd5a3-f1c0-4cdb-b241-9ce2d6c5e791,c231e4e1-dff9-4806-8971-f7225bd6a922,2026-03-11 15:36:00+00,,DECLINED,ALTERNATE,Call was declined immediately — customer likely recognised the number. Will try from a different number.,,,,,,,,,,f397c26f-cc5b-4a04-8783-e1a695ba4b52,2026-08-27 11:28:13.624285+00,2026-08-27 11:28:13.624285+00,
fdd312a1-7db1-4dde-916f-eebe0e5d52c5,357e2e09-b637-468e-818b-57a5dce18e9c,d0306031-1151-4993-bed9-6906033425ef,2026-07-18 13:18:00+00,,NO_ANSWER,PRIMARY,Phone rang but no one picked up. Will try the alternate number listed in records.,,,,,,,,,,f39dfad9-64e7-4977-8848-f7734eb0df22,2026-08-27 11:28:13.251547+00,2026-08-27 11:28:13.251547+00,
0ed7a25b-2132-4531-8270-32c460c4893d,5fbae4d6-59d1-4e6c-8a80-fe57244a45bb,ed148f40-83cc-47ae-9998-ed2138e66d55,2026-07-24 14:15:00+00,,SWITCHED_OFF,PRIMARY,Both primary and alternate numbers are switched off since morning. Planning a direct visit.,,,,,,,,,,f4c21e6b-a103-4b43-a49b-0a2de0770141,2026-08-27 11:28:13.251663+00,2026-08-27 11:28:13.251664+00,
94afb3e9-d0ad-404e-bc13-cf1654dc4ef1,c37b6a5c-9d1c-46d4-8ece-dfce290dc74b,3bc906ec-1f51-4fe6-841e-0ddcf2b0f1ed,2026-05-15 12:56:00+00,17,BUSY,ALTERNATE,Busy tone on first attempt. Will try again in 15 minutes.,,,,,,,,,,f532e0ac-53b4-4524-ba90-697e15aae103,2026-08-27 11:28:13.62395+00,2026-08-27 11:28:13.62395+00,
0a82052f-30a7-4e30-a1df-7956741a99b5,c37b6a5c-9d1c-46d4-8ece-dfce290dc74b,ea8bf59f-dae6-4b04-b0c8-72a6f51d8d08,2026-06-06 15:47:00+00,,NO_ANSWER,PRIMARY,Primary number not answering. Alternate number also not reachable. Planned a direct visit.,,,,,,,,,,f543c2ab-a5c0-48d3-b23f-7604fafaed06,2026-08-27 11:28:13.252026+00,2026-08-27 11:28:13.252027+00,
86525fed-2999-49a3-8668-3270dcbd31fc,c6ca60b7-2143-412b-887e-c30ae9cda031,65f3b5ba-95e5-4d3d-8310-035453c5d856,2026-06-28 16:45:00+00,,WRONG_NUMBER,ALTERNATE,Phone rang but no one picked up. Will try the alternate number listed in records.,,,,,,,,,,f54eac06-8fe9-4305-9dba-513e4dc19390,2026-08-27 11:28:13.252007+00,2026-08-27 11:28:13.252008+00,
64fd2fa0-80cf-4900-af39-cf7caf06b4df,2dfc73e0-dba9-4aa5-babf-d5141ded5497,d62f8b44-fbc6-4ad8-8faf-d60cd0920350,2026-08-21 13:13:00+00,,SWITCHED_OFF,PRIMARY,Switched off. Going by the timing intel from last visit — planning morning visit before 9 AM.,,,,,,,,,,f5c37135-8403-42a1-8f36-460e4a7577be,2026-08-27 11:28:13.251406+00,2026-08-27 11:28:13.251406+00,
a1f3d27d-22a6-4e71-bd40-e869083d9d8d,2dfc73e0-dba9-4aa5-babf-d5141ded5497,f23ef711-0edb-42cf-93dc-e8cfcc4f0c14,2026-05-31 09:27:00+00,,NO_ANSWER,PRIMARY,Primary number not answering. Alternate number also not reachable. Planned a direct visit.,,,,,,,,,,f603b053-b973-48e9-9473-cc9ef264dfd5,2026-08-27 11:28:13.252072+00,2026-08-27 11:28:13.252072+00,
a9077346-1e77-4b17-8eaf-4713ba0cbe6c,a13886ca-739b-47b4-a473-724e03f7332a,9339433d-7018-4df9-8ab1-189b46c9ca29,2026-04-19 14:40:00+00,149,ANSWERED,PRIMARY,Spoke to the borrower. He runs a small business — income is strongest after the 20th when his clients pay. PTP for 22nd confirmed.,t,,,,,,t,2026-09-03,Payment intent confirmed. Verbal commitment: 03 Sep 2026. Spoke to the borrower. He runs a small business — income is ...,f612e869-4152-4bc0-a9ff-b2ebc6eee169,2026-08-27 11:28:13.624158+00,2026-08-27 11:28:13.624158+00,
c6916708-ef92-47ea-ace7-dafececb3f8d,2dfc73e0-dba9-4aa5-babf-d5141ded5497,4ad4940f-85d4-4a79-9f13-81b88dd0d9f3,2026-04-01 09:56:00+00,,NO_ANSWER,ALTERNATE,Phone rang but no one picked up. Will try the alternate number listed in records.,,,,,,,,,,f61bd738-df05-4aab-b724-eac9c2a405bf,2026-08-27 11:28:13.624281+00,2026-08-27 11:28:13.624282+00,
6800c67f-3417-4634-8547-e8e3c2b2d39e,cd9e6eca-028e-4c61-8e82-048327bc4476,def6ec95-7bb5-4ef4-a2f7-971bf5945771,2026-07-04 15:23:00+00,209,ANSWERED,PRIMARY,Called — customer's daughter picked up and said mother is home by 4 PM every day from her clinic job. Evening visits work.,t,after 6 PM,,,,,,,Customer reachable after 6 PM. Called — customer's daughter picked up and said mother is home by 4 PM every day...,f645c170-7fbe-43b9-9f9f-71905fbdef92,2026-08-27 11:28:13.251699+00,2026-08-27 11:28:13.2517+00,
3d179095-4725-4a52-8f22-b9e30ef909e4,4a182f53-a1a1-4f15-945a-6a56f4e04b64,8ac67a04-0429-474b-83f0-f32bec5ecc5b,2026-06-19 11:21:00+00,147,ANSWERED,ALTERNATE,Customer answered aggressively — said he has a lawyer and to not call again. Call ended within 30 seconds.,f,,,,,,,,,f66b3929-cce6-4f6d-8fb5-7d8eecab3e08,2026-08-27 11:28:13.251737+00,2026-08-27 11:28:13.251738+00,
f0dafc7e-4014-4f52-9b70-8d885e3bf155,5fbae4d6-59d1-4e6c-8a80-fe57244a45bb,12b59d6e-de66-4588-8b8c-f9a8124f94aa,2026-06-05 12:55:00+00,226,ANSWERED,ALTERNATE,Customer picked up and confirmed home on the visit day. Requested I call before leaving so he can keep cash ready.,t,11 AM to 1 PM,,,,,,,Customer reachable 11 AM to 1 PM. Customer picked up and confirmed home on the visit day. Requested I call before ...,f683dc92-9061-4aaf-8910-760d15d1bec6,2026-08-27 11:28:13.251725+00,2026-08-27 11:28:13.251725+00,
3898c8c6-bce0-4559-b646-e208974cdb18,1d5e58e8-954e-4d6c-b13c-6e6d614cb588,cb6aa2b7-e049-4fcb-ae64-0feacbf71c37,2026-07-19 13:43:00+00,179,ANSWERED,ALTERNATE,Customer answered from out of town. He's on a work contract in Rajasthan for 2 more weeks. Not reachable for visit till month end.,f,,,,2026-08-31,,,,Do not visit until 31 Aug 2026 — customer unavailable.,f69daf87-b757-42ce-9348-32981a6bf835,2026-08-27 11:28:13.251666+00,2026-08-27 11:28:13.251667+00,
25b336c9-0eac-46bf-97d0-0817dcea8ad9,2dfc73e0-dba9-4aa5-babf-d5141ded5497,598573b9-8c04-44bf-bc0b-b3a1d7eb941c,2026-04-10 12:07:00+00,,NO_ANSWER,PRIMARY,Tried calling three times — no response. Will try visiting directly based on the timing intel from the last visit.,,,,,,,,,,f6cdc49a-f8b5-40a8-862d-bea6868e4f27,2026-08-27 11:28:13.624106+00,2026-08-27 11:28:13.624107+00,
5ca900a1-476b-4590-966a-61c7b16363fb,4a182f53-a1a1-4f15-945a-6a56f4e04b64,ac097225-fba9-4e4d-9c4e-a8d4d8fba315,2026-07-12 11:13:00+00,,SWITCHED_OFF,ALTERNATE,Switched off. Going by the timing intel from last visit — planning morning visit before 9 AM.,,,,,,,,,,f741353f-1ce6-4e9c-bef2-bde25ec6408a,2026-08-27 11:28:13.251549+00,2026-08-27 11:28:13.25155+00,
0dd8e62a-6fed-4336-908e-830044c97213,c6ca60b7-2143-412b-887e-c30ae9cda031,fbc0a1a5-8e5c-4cd1-8192-a38d6697d56e,2026-07-14 09:59:00+00,,WRONG_NUMBER,PRIMARY,Three unanswered attempts today. Visiting directly — based on previous note that customer is home before 10 AM.,,,,,,,,,,f78b9de5-1c53-45f0-b650-77f681f923ad,2026-08-27 11:28:13.25152+00,2026-08-27 11:28:13.25152+00,
1e5e4dd4-1e72-424c-b8b0-284a9c3b3d15,2b6de8aa-0976-4be0-8a40-043ff86ffa54,fd43a479-ff98-41e7-9901-d682854af95f,2026-05-29 13:12:00+00,,SWITCHED_OFF,ALTERNATE,Phone is switched off. Will try again after 2 hours.,,,,,,,,,,f78d5e37-05ce-497c-acc9-7eaeda18b7ea,2026-08-27 11:28:13.252066+00,2026-08-27 11:28:13.252067+00,
0cd4bee2-44c5-462d-94aa-f521702e7c90,357e2e09-b637-468e-818b-57a5dce18e9c,5831efe8-5398-4538-8ce8-e7e241cfc522,2026-08-12 15:36:00+00,25,BUSY,ALTERNATE,Busy tone on first attempt. Will try again in 15 minutes.,,,,,,,,,,f7c6d3bc-1500-410f-85ca-5d5ae38f7296,2026-08-27 11:28:13.251394+00,2026-08-27 11:28:13.251395+00,
4c6b679e-314a-4506-9004-a064ec58d1b4,2b6de8aa-0976-4be0-8a40-043ff86ffa54,e83946da-6bc2-458c-a53c-e1d9b40d9073,2026-08-06 16:08:00+00,,WRONG_NUMBER,PRIMARY,Primary number not answering. Alternate number also not reachable. Planned a direct visit.,,,,,,,,,,f84d56c9-338c-4548-bf09-24a2554b283f,2026-08-27 11:28:13.251303+00,2026-08-27 11:28:13.251304+00,
ebdd0c9c-b635-4380-9020-3cb45cdd3e5a,2b6de8aa-0976-4be0-8a40-043ff86ffa54,4bd7b5e4-b853-4646-9e8d-f0d0e3bffa6f,2026-06-21 11:53:00+00,152,ANSWERED,PRIMARY,Hostile call. Customer said the matter is with the banking ombudsman and threatened complaint if we call again.,f,,,,,,,,,f8792149-9500-4166-9a71-45f3c226fe6a,2026-08-27 11:28:13.25183+00,2026-08-27 11:28:13.25183+00,
40d91150-df8b-4994-886b-47b3c907138a,5fbae4d6-59d1-4e6c-8a80-fe57244a45bb,e1ade214-ec43-49f2-91d9-003b17885b49,2026-07-08 18:14:00+00,,WRONG_NUMBER,ALTERNATE,Tried calling three times — no response. Will try visiting directly based on the timing intel from the last visit.,,,,,,,,,,f888c109-34af-41cd-af2b-6c4d87196af1,2026-08-27 11:28:13.251537+00,2026-08-27 11:28:13.251538+00,
45998f36-bca9-464c-8dce-a707c75f63dd,cd9e6eca-028e-4c61-8e82-048327bc4476,e22c4360-2794-4667-b8db-d3cbcdf9d0a5,2026-04-09 11:24:00+00,57,ANSWERED,PRIMARY,Borrower picked up. Child's board exams are ongoing — he specifically requested no visit for the next 2 weeks till exams are over.,f,,,,2026-09-01,,,,Do not visit until 01 Sep 2026 — customer unavailable.,f88ae475-8c2d-415e-a5af-734c15b0c103,2026-08-27 11:28:13.624089+00,2026-08-27 11:28:13.62409+00,
bb9bf9d5-ea0d-4afc-8aa6-316df8f388b5,b06cd5a3-f1c0-4cdb-b241-9ce2d6c5e791,273e3301-de4a-4fdc-b8cc-c077bef82888,2026-05-09 16:21:00+00,,DECLINED,ALTERNATE,Call was declined immediately — customer likely recognised the number. Will try from a different number.,,,,,,,,,,f8c38534-91b9-447c-b283-c3b769ffc939,2026-08-27 11:28:13.623855+00,2026-08-27 11:28:13.623856+00,
80f5c6a0-0ebc-456b-b9dd-d9f9481b96c7,a13886ca-739b-47b4-a473-724e03f7332a,bad3f7d3-7bf5-4374-a30c-4af959f6eb0a,2026-03-14 13:58:00+00,,SWITCHED_OFF,ALTERNATE,Both primary and alternate numbers are switched off since morning. Planning a direct visit.,,,,,,,,,,f8fce4e0-8779-4c21-917f-9c4f0ba62806,2026-08-27 11:28:13.624288+00,2026-08-27 11:28:13.624288+00,
e0ac4089-241b-4178-a797-e760590597a1,a2e2555c-f597-43af-a77a-fe708f967218,0206ed96-6702-4d9b-8861-5ca0019ddc4f,2026-08-01 11:21:00+00,,WRONG_NUMBER,PRIMARY,Three unanswered attempts today. Visiting directly — based on previous note that customer is home before 10 AM.,,,,,,,,,,f952687b-2568-4286-a7a1-be8a5f069e95,2026-08-27 11:28:13.251475+00,2026-08-27 11:28:13.251476+00,
4051f020-8645-4d4d-9b60-f3174b123ac6,a13886ca-739b-47b4-a473-724e03f7332a,fb003551-696e-48e1-a3f3-fb8cc47620b0,2026-06-21 10:35:00+00,,WRONG_NUMBER,PRIMARY,Tried calling three times — no response. Will try visiting directly based on the timing intel from the last visit.,,,,,,,,,,f9acdab0-7e1a-4058-a166-e533315d79f6,2026-08-27 11:28:13.251812+00,2026-08-27 11:28:13.251812+00,
eec21eda-489f-4d58-bf9e-3aace2acc70e,3aa13103-bd03-4578-9292-44d88d58da00,47e30ef7-8957-428d-be7b-a7b0524f8143,2026-08-19 09:08:00+00,,DECLINED,PRIMARY,Call was declined immediately — customer likely recognised the number. Will try from a different number.,,,,,,,,,,f9b52e66-a75f-4a54-88fb-6e8ca58e75b5,2026-08-27 11:28:13.251414+00,2026-08-27 11:28:13.251415+00,
e6cfbe39-d688-47ab-a2d0-0c03a9796ce3,2dfc73e0-dba9-4aa5-babf-d5141ded5497,7b15825d-da60-4c1c-83c0-b319ba915f29,2026-08-17 14:49:00+00,163,ANSWERED,PRIMARY,Customer picked up. Said come after 10 AM as he prays in the early morning. Available from 10 onwards on all days.,t,morning before 9:30,,,,,,,Customer reachable morning before 9:30. Customer picked up. Said come after 10 AM as he prays in the early morning. Avai...,f9d1e52c-4fd4-4b69-97a6-ad11fab7611b,2026-08-27 11:28:13.251375+00,2026-08-27 11:28:13.251376+00,
e6b0feef-4ece-4716-8339-b9130ed25df1,b06cd5a3-f1c0-4cdb-b241-9ce2d6c5e791,ae8dfda9-08e2-4ca3-9de0-1cd8ca6fd22f,2026-03-28 09:13:00+00,206,ANSWERED,PRIMARY,Pre-visit call done. Customer confirmed the PTP amount is ready in his account. Visit confirmed for tomorrow morning.,t,,,,,,t,2026-09-01,Payment intent confirmed. Verbal commitment: 01 Sep 2026. Pre-visit call done. Customer confirmed the PTP amount is re...,f9f4bd7a-5ace-4053-bdc7-d2668f64db45,2026-08-27 11:28:13.624301+00,2026-08-27 11:28:13.624301+00,
87ad8c46-9630-4b00-9b77-052d44fe8a9c,c6ca60b7-2143-412b-887e-c30ae9cda031,4d74c47e-09f5-498d-a352-4f8cf08845f4,2026-04-08 10:48:00+00,240,ANSWERED,ALTERNATE,Called — customer said he's in the process of moving house this week. New address will be shared in 3-4 days once settled.,f,,,,2026-08-30,,,,Do not visit until 30 Aug 2026 — customer unavailable.,fa0f30d4-fdca-4ba6-a6d6-43809c80585f,2026-08-27 11:28:13.624042+00,2026-08-27 11:28:13.624043+00,
c5860a4f-dd72-4a0a-bba3-a0ef517e393e,2dfc73e0-dba9-4aa5-babf-d5141ded5497,c34b25c0-f1f6-4a99-8351-ecf4852a50d4,2026-05-09 10:10:00+00,71,ANSWERED,PRIMARY,Spoke to borrower. Harvest season — he's at his farm in another state. Will not be reachable for a month. Seasonal constraint.,f,,,,2026-09-01,,,,Do not visit until 01 Sep 2026 — customer unavailable.,fa2aa836-4596-4ac2-9868-0ac889f05c45,2026-08-27 11:28:13.252042+00,2026-08-27 11:28:13.252042+00,
5f8f455a-f0fa-4510-972c-4f769e3ec36c,2dfc73e0-dba9-4aa5-babf-d5141ded5497,c34b25c0-f1f6-4a99-8351-ecf4852a50d4,2026-04-06 16:41:00+00,240,ANSWERED,PRIMARY,Customer answered aggressively — said he has a lawyer and to not call again. Call ended within 30 seconds.,f,,,,,,,,,fb07ea31-6f1f-43f9-b503-906d33a8a477,2026-08-27 11:28:13.624119+00,2026-08-27 11:28:13.62412+00,
cf77428d-5a65-4f22-b553-fcacb366209c,cd9e6eca-028e-4c61-8e82-048327bc4476,830d42f9-f1de-4f55-b7ee-e33edae0c1d3,2026-04-27 18:39:00+00,,NO_ANSWER,ALTERNATE,Three unanswered attempts today. Visiting directly — based on previous note that customer is home before 10 AM.,,,,,,,,,,fb8d7782-7e9e-46c1-941a-ca967e2b44d2,2026-08-27 11:28:13.624029+00,2026-08-27 11:28:13.62403+00,
1c835b8a-3fdb-4d95-83fe-512b15750a37,c6ca60b7-2143-412b-887e-c30ae9cda031,0cf79da7-545f-4c74-a7f6-517536fa5cf4,2026-05-17 14:45:00+00,13,BUSY,PRIMARY,Continuously busy for past 20 minutes. Will visit directly.,,,,,,,,,,fb9c8f3a-8a05-4f97-af31-a99bfb7413e8,2026-08-27 11:28:13.623816+00,2026-08-27 11:28:13.623822+00,
18295667-56d1-4b7a-be8b-a84f22a51c34,4a182f53-a1a1-4f15-945a-6a56f4e04b64,aaa5115f-a8d0-4e95-aabf-f051fc54c9f7,2026-07-28 13:29:00+00,,NO_ANSWER,ALTERNATE,Phone rang but no one picked up. Will try the alternate number listed in records.,,,,,,,,,,fbabe32f-9301-4159-962a-dba9215afcfe,2026-08-27 11:28:13.25151+00,2026-08-27 11:28:13.25151+00,
4be607c9-39d5-40bd-9faf-33deba6f4862,8e59153e-dc8e-4efa-af65-1db304a6f3f1,3c721e90-821f-405e-8303-aaf8933d93ce,2026-07-15 16:29:00+00,,WRONG_NUMBER,ALTERNATE,Tried calling three times — no response. Will try visiting directly based on the timing intel from the last visit.,,,,,,,,,,fbd6cf13-58ab-4f8b-a5be-0696e636db0d,2026-08-27 11:28:13.251551+00,2026-08-27 11:28:13.251551+00,
f7c5dfb4-1476-4194-bd8f-e8d5fbcdae12,2dfc73e0-dba9-4aa5-babf-d5141ded5497,9e22540f-abc7-46a6-a05c-b5c3a65d69ba,2026-06-09 17:03:00+00,,DECLINED,PRIMARY,Call rejected within 2 rings each time. Possible number block. Visiting directly.,,,,,,,,,,fc05bbdc-8ada-4768-bd46-9972295a1bc3,2026-08-27 11:28:13.251752+00,2026-08-27 11:28:13.251753+00,
e34137fd-e6c1-4393-a80d-40b5b302234c,c37b6a5c-9d1c-46d4-8ece-dfce290dc74b,b0b63f01-f844-40f7-b276-5e6b6805959a,2026-04-18 12:08:00+00,9,BUSY,ALTERNATE,Line was busy. Customer probably on another call. Trying again.,,,,,,,,,,fc2a92c8-0686-4dfe-9481-a8bf5bd39936,2026-08-27 11:28:13.624087+00,2026-08-27 11:28:13.624087+00,
c6916708-ef92-47ea-ace7-dafececb3f8d,2dfc73e0-dba9-4aa5-babf-d5141ded5497,4ad4940f-85d4-4a79-9f13-81b88dd0d9f3,2026-03-30 10:40:00+00,,WRONG_NUMBER,PRIMARY,Phone rang but no one picked up. Will try the alternate number listed in records.,,,,,,,,,,fc2bee53-7e1c-4ba8-a986-dc5067836d60,2026-08-27 11:28:13.62428+00,2026-08-27 11:28:13.624281+00,
09ea08d5-cb02-485e-8b6a-9f53944a694e,4a182f53-a1a1-4f15-945a-6a56f4e04b64,f8e81db2-daf7-446d-9379-5491607b5ec7,2026-06-26 16:33:00+00,213,ANSWERED,PRIMARY,Hostile call. Customer said the matter is with the banking ombudsman and threatened complaint if we call again.,f,,,,,,,,,fcf17b28-1df0-4908-9627-20dae3c4bc0a,2026-08-27 11:28:13.251716+00,2026-08-27 11:28:13.251716+00,
d8efd69e-760a-40ab-b5a6-4e1983d9a571,a13886ca-739b-47b4-a473-724e03f7332a,0b69a0a3-3f45-481a-8840-b0720961f695,2026-08-15 12:44:00+00,,DECLINED,PRIMARY,Call was declined immediately — customer likely recognised the number. Will try from a different number.,,,,,,,,,,fd1dd754-322a-45be-86e6-ade7a92521d6,2026-08-27 11:28:13.251265+00,2026-08-27 11:28:13.251265+00,
baa0a3d6-2ed5-4fd1-8508-46116e9cdb3f,c37b6a5c-9d1c-46d4-8ece-dfce290dc74b,9f305358-f359-44a8-bace-30ece8093e9c,2026-03-16 09:42:00+00,,NO_ANSWER,PRIMARY,Tried calling three times — no response. Will try visiting directly based on the timing intel from the last visit.,,,,,,,,,,fd2c52c3-0408-4c90-82b7-6ceef9fb5bb9,2026-08-27 11:28:13.624358+00,2026-08-27 11:28:13.624358+00,
931e4d55-27ca-45c5-bf0a-2004e805c490,357e2e09-b637-468e-818b-57a5dce18e9c,8686c2cc-b01d-4e9f-966c-a2c2ab5bcb98,2026-08-02 09:11:00+00,125,ANSWERED,ALTERNATE,Pre-visit call confirmed. Customer said payment is ready. Also said come before noon as he has an afternoon appointment.,t,,,,,,t,2026-08-30,Payment intent confirmed. Verbal commitment: 30 Aug 2026. Pre-visit call confirmed. Customer said payment is ready. Al...,fd3a4a43-fb83-4db3-a9ae-cebf19d9a015,2026-08-27 11:28:13.251308+00,2026-08-27 11:28:13.251309+00,
ad0ffdb4-bb03-47da-b46a-07ccdcdf5194,2b6de8aa-0976-4be0-8a40-043ff86ffa54,5d016fd0-4cd9-47ff-bb8b-6fa26e95a44e,2026-03-28 12:35:00+00,118,ANSWERED,PRIMARY,Reminder answered. Customer confirmed payment physically kept ready in cash. Visit confirmed.,t,,,,,,t,2026-08-28,Payment intent confirmed. Verbal commitment: 28 Aug 2026. Reminder answered. Customer confirmed payment physically kep...,fd8f016b-99de-46ed-81f2-540aac9cd352,2026-08-27 11:28:13.624296+00,2026-08-27 11:28:13.624296+00,
338db969-9e42-4537-aac6-b7c5f0582bab,a13886ca-739b-47b4-a473-724e03f7332a,8686c2cc-b01d-4e9f-966c-a2c2ab5bcb98,2026-08-23 14:42:00+00,,DECLINED,ALTERNATE,Call rejected within 2 rings each time. Possible number block. Visiting directly.,,,,,,,,,,fdcbb8d4-beb7-4d13-9064-466ae4e89db3,2026-08-27 11:28:13.251223+00,2026-08-27 11:28:13.251224+00,
c7bcf5df-0b3b-4ffc-a768-53ed82bac9e0,b06cd5a3-f1c0-4cdb-b241-9ce2d6c5e791,87abcf17-b22b-4340-8d92-97904ecfca9e,2026-05-22 16:48:00+00,,WRONG_NUMBER,PRIMARY,No answer since morning. Will try calling in the evening — customer may be at work.,,,,,,,,,,fe024bba-7aad-4597-8bec-4f8d9631ad09,2026-08-27 11:28:13.623959+00,2026-08-27 11:28:13.62396+00,
d5347a0c-cd3c-46f2-a5d9-70c82abec616,2b6de8aa-0976-4be0-8a40-043ff86ffa54,8f142b89-8c4a-43a3-ad04-f247417e775d,2026-06-08 10:14:00+00,,NO_ANSWER,PRIMARY,Phone rang but no one picked up. Will try the alternate number listed in records.,,,,,,,,,,fe0c569c-994c-44fd-89a0-0fa66690da87,2026-08-27 11:28:13.251772+00,2026-08-27 11:28:13.251772+00,
0df3d468-4961-410c-adf2-ceffea0d2936,2b6de8aa-0976-4be0-8a40-043ff86ffa54,0df43380-a050-44fd-8b41-28df032bed43,2026-07-10 13:43:00+00,115,ANSWERED,PRIMARY,Customer answered. Said he's going through court proceedings this week — his lawyer advised no contact. Requesting 2 weeks gap.,f,,,,2026-09-09,,,,Do not visit until 09 Sep 2026 — customer unavailable.,fe27ca41-a214-4e01-8ca4-2b01c9c40e40,2026-08-27 11:28:13.251653+00,2026-08-27 11:28:13.251654+00,
2e7b44a7-cff8-456f-85f2-f412c28a5e99,a13886ca-739b-47b4-a473-724e03f7332a,9fc92cd0-ece2-4a0d-9874-ee71c511c0fd,2026-05-15 09:26:00+00,10,BUSY,PRIMARY,Line was busy. Customer probably on another call. Trying again.,,,,,,,,,,fe569929-3a24-457a-b5b2-a5c5f56dba55,2026-08-27 11:28:13.623846+00,2026-08-27 11:28:13.623847+00,
42f15e58-ddf0-4c48-8ea1-0535496c0151,e9dced65-f61b-4c24-bae7-d4170299ed46,a45ed2c0-f4e6-453a-9673-07c681b2e42b,2026-05-23 15:26:00+00,,WRONG_NUMBER,PRIMARY,Tried calling three times — no response. Will try visiting directly based on the timing intel from the last visit.,,,,,,,,,,febcf049-e4d2-49a4-bcc0-8da0b189a509,2026-08-27 11:28:13.623999+00,2026-08-27 11:28:13.624+00,
21b87ade-8289-4310-9bdb-2cc0b38250d6,3aa13103-bd03-4578-9292-44d88d58da00,77b5829a-af76-4e86-bcaa-4b8bf1b6f8f9,2026-07-13 18:03:00+00,,DECLINED,PRIMARY,Declined 3 times in a row. Customer is actively avoiding contact. Planning direct field visit.,,,,,,,,,,ff9fda6e-088f-4a41-bbae-916c8c4986be,2026-08-27 11:28:13.251611+00,2026-08-27 11:28:13.251612+00,
4c6b679e-314a-4506-9004-a064ec58d1b4,2b6de8aa-0976-4be0-8a40-043ff86ffa54,e83946da-6bc2-458c-a53c-e1d9b40d9073,2026-08-03 13:17:00+00,,SWITCHED_OFF,PRIMARY,Switched off — second consecutive day. Will visit directly tomorrow morning.,,,,,,,,,,fff3ae97-034e-4397-8589-746d24821c64,2026-08-27 11:28:13.251304+00,2026-08-27 11:28:13.251305+00,
