case_number,customer_id,loan_id,agent_id,assigned_by_id,status,priority,target_amount,collected_amount,waiver_approved,allocation_date,allocation_score,is_ml_allocated,visit_count,max_visits_allowed,resolved_at,resolution_notes,collection_stage,bank_ptp_date,bank_ptp_amount,bank_ptp_status,bank_agent_remarks,handover_notes,is_escalated,escalation_reason,escalated_at,escalation_notes,id,created_at,updated_at
DAILY20260907C57,171dbce5-50c5-4fdd-ad93-a82bbda55edd,c693139c-06c7-4acf-8b78-1a87db0909d9,3e9c4168-1de9-43e8-b9f2-fbf3f931949d,,ASSIGNED,HIGH,30920,0,0,2026-09-21,75,f,0,5,,,FIELD,,,,,,f,,,,0007245c-0362-4b90-9745-613a3ce5d52f,2026-09-07 04:59:06.131512+00,2026-09-21 04:53:43.080732+00
CASE0000410,119a6328-3709-4881-836e-1e3fbe5085e2,79883189-812d-44c4-b946-9a66c0c28064,c6ca60b7-2143-412b-887e-c30ae9cda031,,PARTIALLY_PAID,MEDIUM,6000,5869.13,0,2026-08-26,21.09,f,3,4,,,FIELD,2026-05-14,,,Borrower relocated. New address shared by guarantor — verify on field visit.,,t,,,,0027eac2-fbff-43d2-b5e6-182b1c592d33,2026-08-27 11:28:04.411179+00,2026-09-21 09:28:23.737183+00
CASE0000582,49990be3-78b7-4671-a955-7b3eaf1c075c,be6c4a25-bdf0-4f47-a21c-528db917fdf1,8e59153e-dc8e-4efa-af65-1db304a6f3f1,,PARTIALLY_PAID,CRITICAL,16600,15300.15,0,2026-05-07,100,t,3,4,,,NPA_RECOVERY,,,,Partial payment of overdue attempted by customer at branch — reversed due to shortfall.,,f,,,,002c11d7-f3cf-43c9-ab60-8b7f102da1d8,2026-08-27 11:28:06.450763+00,2026-09-03 05:17:21.954115+00
CASE0000651,0e603b84-71ce-4946-a57b-0eaa9e30fcdd,ba0a4497-fa96-4300-830d-317c020a69a1,c33350cc-f581-492e-807f-14262d56ebcb,,PARTIALLY_PAID,CRITICAL,3570,2985.69,0,2026-03-31,100,f,2,5,,,LEGAL,,,,,,f,,,,005c52e5-8036-448d-8886-d0a5b16f0f59,2026-08-27 11:28:07.887489+00,2026-09-03 05:17:21.954115+00
CASE0000032,4755f156-4efa-4951-9b03-68cfe7f62724,428bb16a-19c3-4fcf-960e-9a21ca10fc6a,c6ca60b7-2143-412b-887e-c30ae9cda031,,PARTIALLY_PAID,MEDIUM,20300,19297.64,0,2026-09-18,100,t,3,3,,,FIELD,2026-08-15,,,,,f,,,,007965d0-f49b-4a1f-a6e2-fbffa7b8dbc1,2026-08-27 11:28:00.99257+00,2026-09-21 09:28:23.73719+00
CASE0000133,f0e828df-dd39-4105-9fbd-edbff7159e3f,63a0a691-adaa-4542-9a7d-5268b1b3018c,2b6de8aa-0976-4be0-8a40-043ff86ffa54,,PAID,CRITICAL,27610,27610,0,2026-09-01,100,f,2,3,2026-09-01 13:57:00+00,,PRE_LEGAL,,,,,,f,,,,007b3fab-26d9-4836-a08b-194327dadcfc,2026-08-27 11:28:01.484878+00,2026-09-03 05:17:21.954115+00
DAILY20260903C54,c2b8e087-a567-4277-9169-b84d88ed3193,d8ff665d-fe2c-4d15-b87c-55f9e42d3584,2b6de8aa-0976-4be0-8a40-043ff86ffa54,,PTP_SET,MEDIUM,20060,2174.28,0,2026-09-17,45,f,1,5,,,FIELD,,,,,,f,,,,009a62c6-a988-45ca-aeac-1318bc5ae4e5,2026-09-02 15:33:15.784299+00,2026-09-17 06:31:13.444373+00
DAILY20260907C08,8d695229-fbc9-4703-abb6-8bda518d7069,0ac7c021-a537-4dc3-b9e2-24b9f1744876,3aa13103-bd03-4578-9292-44d88d58da00,,PAID,MEDIUM,18700,18700,0,2026-09-17,45,f,2,5,2026-09-17 05:28:00+00,Paid in full at doorstep,FIELD,,,,,,f,,,,009b5ac4-994a-4b15-84a2-1b69a6304f42,2026-09-07 04:59:05.773895+00,2026-09-17 06:31:12.165723+00
CASE0000594,1ca49b3c-bae3-4b4f-97fe-d55af158dab2,9ee58896-2988-4ab4-885b-0a8905b404cd,5fbae4d6-59d1-4e6c-8a80-fe57244a45bb,,PAID,MEDIUM,2910,2910,0,2026-08-27,58.48,t,3,4,2026-08-27 10:40:00+00,,PRE_LEGAL,,,,,,f,,,,00bf314b-95ea-4928-af92-d78931325e03,2026-08-27 11:28:06.542934+00,2026-09-02 15:27:18.78696+00
DAILY20260918C138,4e362b35-3e85-48c1-b017-9b8d4d4cda03,3eaf4713-b2dc-40ff-aa1d-0f18fcf9703a,c33350cc-f581-492e-807f-14262d56ebcb,,ASSIGNED,CRITICAL,48410,0,0,2026-09-21,95,f,0,5,,,NPA_RECOVERY,,,,,,f,,,,00d8da56-d14a-4938-90d0-1ec6a9065ec7,2026-09-18 06:49:34.813469+00,2026-09-21 04:53:43.083153+00
DAILY20260903C105,c86d8361-a539-48ae-9a3d-3abd76a62caf,37ed9ac8-b701-4e4c-a30c-9cc507314cbd,3e9c4168-1de9-43e8-b9f2-fbf3f931949d,,ASSIGNED,MEDIUM,11780,0,0,2026-09-18,45,f,0,5,,,FIELD,,,,,,f,,,,00f2741d-4449-4f06-9dfd-d8495915c54a,2026-09-02 15:33:15.994906+00,2026-09-18 04:47:36.828326+00
CASE0000423,9339433d-7018-4df9-8ab1-189b46c9ca29,55291a6e-04bd-47e9-96e1-bf0e7ec35dad,a2e2555c-f597-43af-a77a-fe708f967218,,PAID,LOW,9850,9850,0,2026-05-30,27.58,t,2,3,2026-09-01 05:52:00.181768+00,,FIELD,,,,,,f,,,,010963c0-2f2b-4141-a66f-90766e95e06d,2026-08-27 11:28:04.516391+00,2026-09-03 05:17:21.954115+00
DAILY20260918C174,44a33518-b3f0-48ca-b806-648ccb54e2ac,23712c4f-e48e-4857-b03d-25226c81d7e8,5fbae4d6-59d1-4e6c-8a80-fe57244a45bb,,IN_PROGRESS,CRITICAL,20840,0,0,2026-09-21,95,f,1,5,,,NPA_RECOVERY,,,,,,f,,,,01174945-bd5e-463f-910d-1352aa3e82a6,2026-09-18 06:49:35.004111+00,2026-09-21 06:09:27.23873+00
DAILY20260921C01,a481df14-e010-40a3-b9aa-03b555854ba6,89d875fc-1ff1-4cb5-b6d1-4da31f7e5d19,cd9e6eca-028e-4c61-8e82-048327bc4476,,ASSIGNED,CRITICAL,16670,0,0,2026-09-21,95,f,0,5,,,NPA_RECOVERY,,,,,,f,,,,011f49d6-e879-4d00-95d0-51ef628ed469,2026-09-21 04:52:59.358507+00,2026-09-21 05:54:24.388044+00
CASE0000551,2a15516f-d306-43e7-9555-1ce7dc5b5296,8fea4460-1d00-4746-8dbc-44b3db283e32,4a182f53-a1a1-4f15-945a-6a56f4e04b64,,IN_PROGRESS,MEDIUM,15690,0,0,2026-09-18,100,t,3,3,,,FIELD,,,,Borrower relocated. New address shared by guarantor — verify on field visit.,,f,,,,013de1b3-56c6-4d49-98c9-775d63252fe3,2026-08-27 11:28:06.18488+00,2026-09-21 09:28:23.737191+00
DAILY20260906C121,1b99a4bd-c4d7-4d66-9e89-01539bc5648e,2d89925b-1f6f-4992-9340-d422294f88e8,,,UNASSIGNED,HIGH,5540,0,0,2026-09-06,75,f,0,5,,,FIELD,,,,,,f,,,,0157a56f-e39f-4738-a6e0-40cdcc1665f5,2026-09-06 13:30:49.533095+00,2026-09-06 13:30:49.5331+00
DAILY20260906C66,c8a53ee1-4c1d-409f-974d-75b2d5fff5cd,169b0b21-af6c-4131-9a28-17640832c205,,,UNASSIGNED,HIGH,8350,0,0,2026-09-06,75,f,0,5,,,FIELD,,,,,,f,,,,016263df-3979-4cb0-8769-2653f7455a83,2026-09-06 13:30:49.196562+00,2026-09-06 13:30:49.196567+00
DAILY20260918C21,1b04d3de-acc2-4bcf-acce-4182199840e6,a8e270df-5a8a-4b95-812c-974254c09ce2,,,UNASSIGNED,HIGH,4330,0,0,2026-09-18,75,f,0,5,,,FIELD,,,,,,f,,,,0183ab2a-691b-4440-b630-4fd98781c499,2026-09-18 06:49:34.132909+00,2026-09-18 06:49:34.132912+00
CASE0000203,783b963e-c174-4a0b-b9bf-b5b43a6000bd,c230db93-1805-4cd1-81bd-1286262f0c1c,c37b6a5c-9d1c-46d4-8ece-dfce290dc74b,,ESCALATED,CRITICAL,12980,0,0,2026-08-08,84.7,t,2,5,,,LEGAL,,,,Previous agency attempt closed with no resolution. Fresh allocation.,,t,,,,01ae52c2-8c6e-4592-a38f-08732c8950f4,2026-08-27 11:28:01.98001+00,2026-09-21 09:28:23.737192+00
DAILY20260903C120,54aee680-81ec-48fa-afac-00586d660c25,6cfe8509-c883-45fe-b898-1e7012101141,8e59153e-dc8e-4efa-af65-1db304a6f3f1,,ASSIGNED,MEDIUM,6160,0,0,2026-09-09,45,f,0,5,,,FIELD,,,,,,f,,,,01df1aa0-3f85-42c7-9a27-ad21dbbcc4c3,2026-09-02 15:33:16.05626+00,2026-09-08 11:29:21.831471+00
DAILY20260903C114,42d5dc90-947e-4ac9-b1fd-be2f4197d123,ae6d6360-b9b7-4cd2-b35c-ca4d5208b597,3e9c4168-1de9-43e8-b9f2-fbf3f931949d,,PARTIALLY_PAID,CRITICAL,27960,3660.41,0,2026-09-17,95,f,1,5,,,NPA_RECOVERY,,,,,,f,,,,02858f8e-0796-4c5f-b5dc-95e0dcce4699,2026-09-02 15:33:16.02491+00,2026-09-18 06:37:22.079612+00
DAILY20260907C157,bfe0123d-3b1c-45b9-bb6c-6d335f0571eb,267e6a72-1c44-4974-b4ef-c50c1acdce79,357e2e09-b637-468e-818b-57a5dce18e9c,,IN_PROGRESS,MEDIUM,2290,0,0,2026-09-21,45,f,1,5,,,FIELD,,,,,,f,,,,02923d2a-364c-4f82-bf81-b407cce5acd0,2026-09-07 04:59:06.725701+00,2026-09-21 06:09:26.870332+00
CASE0000365,c4365d0b-bf3f-4c8f-a69a-4fa8831c4390,541781f3-c75a-4c5c-9c35-952a09bdca9b,357e2e09-b637-468e-818b-57a5dce18e9c,,PAID,MEDIUM,27650,27650,0,2026-09-17,51.13,t,4,5,2026-09-17 04:14:00+00,Paid in full at doorstep,PRE_LEGAL,,,,Account flagged for special mention — court case pending. Handle with care.,,f,,,,02c8f96d-6643-470e-b0e9-4e349f1b3de4,2026-08-27 11:28:03.988217+00,2026-09-17 06:31:12.188414+00
DAILY20260903C65,5cf5c8c0-4142-4f4c-8e15-e1329c9a638b,80a08ed3-c35c-420a-a66d-184d5f892165,3aa13103-bd03-4578-9292-44d88d58da00,,PAID,HIGH,65150,65150,0,2026-09-18,75,f,2,5,2026-09-18 05:25:00+00,Paid in full at doorstep,FIELD,,,,,,f,,,,02caa05c-d94b-496e-b4e3-d09fb5948ba4,2026-09-02 15:33:15.82915+00,2026-09-18 06:37:21.595034+00
DAILY20260906C27,f4ff983b-55aa-49be-9704-aa2168b875dd,cfc0618a-6737-4c80-aa8f-20ee9c56709c,a13886ca-739b-47b4-a473-724e03f7332a,,ASSIGNED,MEDIUM,48640,0,0,2026-09-10,45,f,1,5,,,FIELD,,,,,,f,,,,02cf8890-d819-437e-abeb-bae033b19c03,2026-09-06 13:30:48.836362+00,2026-09-21 04:53:43.084818+00
DAILY20260921C76,e8790e45-e0ce-4a48-8382-ed47bc62eeee,6eebb76b-10c6-4d8e-b5fa-02632d5bb7c3,,,UNASSIGNED,CRITICAL,2140,0,0,2026-09-21,95,f,0,5,,,NPA_RECOVERY,,,,,,f,,,,02df5e81-8ec0-4e87-a1d3-702651ed612c,2026-09-21 04:52:59.818026+00,2026-09-21 04:52:59.818031+00
DAILY20260903C38,f7ece5ca-2cb3-4c98-91c4-13c746f25130,3efd3c91-80ad-435c-92bf-53c5d9bfa084,2b6de8aa-0976-4be0-8a40-043ff86ffa54,,PARTIALLY_PAID,HIGH,21060,3738.57,0,2026-09-18,75,f,1,5,,,FIELD,,,,,,f,,,,0338a53c-19e4-4e9c-8978-8a1cbb51b413,2026-09-02 15:33:15.702561+00,2026-09-21 05:55:24.513838+00
CASE0000305,ea8bf59f-dae6-4b04-b0c8-72a6f51d8d08,bcbacbbe-a80e-46b4-adc4-0e1d19a6ee48,5fbae4d6-59d1-4e6c-8a80-fe57244a45bb,,PTP_SET,CRITICAL,34780,22029.73,0,2026-09-18,100,f,4,3,,,NPA_RECOVERY,,,,,,f,,,,033f2440-fa40-4f9f-affa-b88536412d19,2026-08-27 11:28:03.162856+00,2026-09-18 06:37:22.540684+00
CASE0000139,ea214349-0295-45d5-82fe-f2ff063ae649,381b7125-3ea6-4b52-9f0a-3465d570df0d,4a182f53-a1a1-4f15-945a-6a56f4e04b64,,CLOSED,MEDIUM,2360,0,0,2026-08-01,51.77,t,2,5,2026-07-23 00:00:00+00,,LEGAL,,,,,,f,,,,03442767-a380-4dfb-a075-1f8ca0ab4778,2026-08-27 11:28:01.535766+00,2026-09-03 05:17:21.954115+00
DAILY20260907C25,041f309a-1ded-45ba-9194-57beba04dc67,59ab3b5e-7461-4a03-b231-9938e5b82d6c,2dfc73e0-dba9-4aa5-babf-d5141ded5497,,PTP_SET,CRITICAL,33740,0,0,2026-09-16,95,f,1,5,,,NPA_RECOVERY,,,,,,f,,,,037ee5f5-eedf-4c9f-9552-9fff424ff848,2026-09-07 04:59:05.869221+00,2026-09-17 06:31:12.934486+00
CASE0000644,58c36194-ac80-4d4c-9ac4-3ded3c732c24,4f6de79b-dfbe-472c-a286-8614d60f8a6f,2b6de8aa-0976-4be0-8a40-043ff86ffa54,,IN_PROGRESS,CRITICAL,9480,0,0,2026-04-04,44.84,t,2,4,,,LEGAL,2026-03-05,,,,,f,,,,03aa1f4a-1b3a-48e9-af7a-31998ff0502d,2026-08-27 11:28:07.834487+00,2026-09-21 09:28:23.737192+00
DAILY20260906C140,23b4abc0-be57-47d7-a9bf-dd0592e12519,dd93bbad-b098-41a0-8061-fb620e6ca454,2b6de8aa-0976-4be0-8a40-043ff86ffa54,,PTP_SET,CRITICAL,62980,17107.82,0,2026-09-16,95,f,1,5,,,NPA_RECOVERY,,,,,,f,,,,03e6a647-6df3-4b28-8fe2-0b9cc3eb0260,2026-09-06 13:30:49.655857+00,2026-09-17 06:31:13.07509+00
CASE0000505,b9e0ba2b-6819-4413-91b6-8b0e71366ad7,b14e2fa1-ba6a-45a7-851c-f13184388aa6,cd9e6eca-028e-4c61-8e82-048327bc4476,,PAID,CRITICAL,4060,4060,0,2026-04-29,100,t,2,3,2026-05-01 00:00:00+00,,FIELD,,,,,,f,,,,040d1b3e-b365-4dd1-943e-eaeb1e543898,2026-08-27 11:28:05.82088+00,2026-09-03 05:17:21.964684+00
CASE0000176,0b69a0a3-3f45-481a-8840-b0720961f695,d9d0f84b-c00d-4171-8a22-f34a0c69a644,2dfc73e0-dba9-4aa5-babf-d5141ded5497,,PTP_SET,HIGH,48480,0,0,2026-08-27,100,t,2,4,,,PRE_LEGAL,,,,,,f,,,,04460e1f-47f5-4d30-b44c-0be05ea7991f,2026-08-27 11:28:01.798836+00,2026-09-21 09:28:23.737193+00
DAILY20260918C105,3ffd79ba-e49d-444b-b6e3-96abd8203423,2846bd27-73ff-42b1-9198-510021ba5c93,,,UNASSIGNED,CRITICAL,16110,0,0,2026-09-18,95,f,0,5,,,NPA_RECOVERY,,,,,,f,,,,0468110a-bec2-4452-ab0d-7e5ff68a02d8,2026-09-18 06:49:34.621266+00,2026-09-18 06:49:34.62127+00
CASE0000257,fe5713e5-46f3-447a-8e5f-1afe7937c7c2,e734e4de-22e4-4c70-9f8c-85ab9c36bddb,2dfc73e0-dba9-4aa5-babf-d5141ded5497,,PAID,CRITICAL,15680,15680,0,2026-08-26,99.72,t,2,5,2026-09-01 05:52:00.181768+00,,LEGAL,,,,,,t,,,,04a305d8-1560-41bc-a1ac-3f7d72ec1b63,2026-08-27 11:28:02.650907+00,2026-09-02 15:27:18.796567+00
DAILY20260918C45,1d4d14d5-4aad-4458-b45b-a9b5d46bb8bd,a02a6d6d-579a-483b-9d2d-9cf80f91b74f,,,UNASSIGNED,CRITICAL,4850,0,0,2026-09-18,95,f,0,5,,,NPA_RECOVERY,,,,,,f,,,,04a39814-14ed-408b-86d2-d911c04657b4,2026-09-18 06:49:34.253766+00,2026-09-18 06:49:34.25377+00
DAILY20260918C127,63c33280-e9c8-4c19-ae94-ab3ad56e6c6e,7690f3ae-5c6c-4a1f-bf17-22295dd9e305,2b6de8aa-0976-4be0-8a40-043ff86ffa54,,PAID,MEDIUM,26850,26850,0,2026-09-21,45,f,1,5,2026-09-21 08:09:00+00,Paid in full at doorstep,FIELD,,,,,,f,,,,04ad148d-bd13-4c31-8bec-51e307ceed3f,2026-09-18 06:49:34.752309+00,2026-09-21 06:09:25.896979+00
CASE0000223,efb07e9b-75ca-4efd-88f3-a3f78fabb418,94f5e8c6-0c81-4142-8943-dbe80e555ea9,3e9c4168-1de9-43e8-b9f2-fbf3f931949d,,PAID,HIGH,16850,16850,0,2026-09-02,81.16,t,4,3,2026-09-02 15:42:00+00,,FIELD,,,,,,f,,,,04af600c-adbf-4aef-9973-fc17ce684dbf,2026-08-27 11:28:02.104385+00,2026-09-03 05:17:21.967007+00
CASE0000376,2439d400-d1c2-4c8b-935a-25904e153bbb,8ba24c11-7436-439a-858f-dc44975aba8f,e9dced65-f61b-4c24-bae7-d4170299ed46,,PAID,CRITICAL,17000,17000,0,2026-08-26,100,t,4,3,2026-09-01 05:52:00.181768+00,,PRE_LEGAL,,,,,,f,,,,052d2c1d-d8c4-43d3-b548-cffde5a3571e,2026-08-27 11:28:04.109478+00,2026-09-02 15:27:18.796567+00
DAILY20260907C15,65768d87-0e6a-4734-a20a-4b98f47c4a2d,d55bf73c-c757-4781-ae6f-9d5d65807c34,,,UNASSIGNED,MEDIUM,4130,0,0,2026-09-07,45,f,0,5,,,FIELD,,,,,,f,,,,053b567d-3d94-4e4f-9327-4dc91ee43e2e,2026-09-07 04:59:05.812618+00,2026-09-07 04:59:05.812621+00
CASE0000397,0b2c8dd8-f345-4d01-94f7-6c59689252ce,8457ea0a-02f5-41d0-8387-b2019389d5bb,3aa13103-bd03-4578-9292-44d88d58da00,,PAID,MEDIUM,8590,8590,0,2026-08-27,36.04,t,3,4,2026-09-01 05:52:00.181768+00,,PRE_LEGAL,,,,,,t,,,,05568278-e64e-4408-9875-2190a42ba943,2026-08-27 11:28:04.291181+00,2026-09-02 15:27:18.796567+00
CASE0000045,0ae89c05-ac7c-4c5f-ad67-d354891ebd4b,1ea7594b-86be-48c4-86bd-8413c10c54ab,2b6de8aa-0976-4be0-8a40-043ff86ffa54,,PAID,LOW,3460,3460,0,2026-08-25,22.79,t,1,4,,,FIELD,2026-08-01,,,Customer had good repayment history until Q3 2022. Defaulted post job loss.,,f,,,,0569666a-8294-4033-9737-c4a4ad4a7123,2026-08-27 11:28:01.026537+00,2026-09-02 15:27:18.796567+00
CASE0000187,94484ef4-edc0-4952-a49e-ff298b02b8ba,0d8abaa4-af71-4fe7-8069-2cf58d4bea6e,5fbae4d6-59d1-4e6c-8a80-fe57244a45bb,,PAID,MEDIUM,14760,14760,0,2026-08-26,49.43,t,2,4,2026-09-01 05:52:00.181768+00,,LEGAL,,,,Borrower relocated. New address shared by guarantor — verify on field visit.,,t,,,,057b3003-ef24-4180-bb92-e5172efd3273,2026-08-27 11:28:01.877935+00,2026-09-02 15:27:18.796567+00
DAILY20260907C134,26b6be77-0f53-451a-9f23-95d0b07b16f3,b0d34183-5482-4c87-b772-6c32261d8ae5,a13886ca-739b-47b4-a473-724e03f7332a,,ASSIGNED,HIGH,63510,0,0,2026-09-21,75,f,0,5,,,FIELD,,,,,,f,,,,05e7b88e-4b45-4e21-b095-2dbf8041f1ea,2026-09-07 04:59:06.586826+00,2026-09-21 04:53:12.580228+00
DAILY20260921C14,bc9eb44f-dad7-4a46-b858-91235e6db414,8dfbd1b3-ae03-48db-b529-c6c065785c50,,,UNASSIGNED,CRITICAL,20130,0,0,2026-09-21,95,f,0,5,,,NPA_RECOVERY,,,,,,f,,,,061b9534-7127-4261-8f53-7b59f447808e,2026-09-21 04:52:59.463624+00,2026-09-21 04:52:59.463629+00
DAILY20260903C06,08bfc94b-f4a3-45ae-b761-5a2222bda48d,4698f10e-19c8-419a-880f-054f8246aa12,c37b6a5c-9d1c-46d4-8ece-dfce290dc74b,,ASSIGNED,MEDIUM,14200,0,0,2026-09-11,45,f,0,5,,,FIELD,,,,,,f,,,,06b09add-357d-4dbb-aa20-23767810c329,2026-09-02 15:33:15.604048+00,2026-09-11 04:55:07.544825+00
DAILY20260903C93,d205f811-8b99-4308-83e8-22704be783d3,82a8580b-8624-4ed9-8c65-eab4c7d41b24,cd9e6eca-028e-4c61-8e82-048327bc4476,,IN_PROGRESS,CRITICAL,15870,0,0,2026-09-21,95,f,1,5,,,NPA_RECOVERY,,,,,,f,,,,06b1e461-5bc1-4d5d-8601-cc3acdad405b,2026-09-02 15:33:15.948737+00,2026-09-21 06:09:27.251981+00
DAILY20260903C106,05ecc102-00e7-4d85-ac3e-b550bec2f50b,2f10ba4a-e7be-46a0-88f5-a5f8b7eb9e4f,3aa13103-bd03-4578-9292-44d88d58da00,,PARTIALLY_PAID,MEDIUM,15140,3748.9,0,2026-09-18,45,f,2,5,,,FIELD,,,,,,f,,,,06bc15c2-c9eb-45a2-bfba-77b940864196,2026-09-02 15:33:15.996916+00,2026-09-21 05:17:11.598246+00
DAILY20260918C167,04be6c36-275f-44ad-8453-95be4afff410,a8ea81e6-ef94-4fa1-adcc-651ffef45dbf,,,UNASSIGNED,MEDIUM,5270,0,0,2026-09-18,45,f,0,5,,,FIELD,,,,,,f,,,,06d7b21a-836e-4346-aeeb-2a4d1de28857,2026-09-18 06:49:34.965184+00,2026-09-18 06:49:34.965187+00
DAILY20260907C152,9aecb1ff-1e60-4aac-a016-51ed23a8f416,e7d43696-f60a-4260-833a-4600ea9b1382,4a182f53-a1a1-4f15-945a-6a56f4e04b64,,PTP_SET,MEDIUM,29560,9326.77,0,2026-09-17,45,f,1,5,,,FIELD,,,,,,f,,,,06fc8a44-7257-468a-a276-941ab46266be,2026-09-07 04:59:06.698976+00,2026-09-17 06:31:13.193194+00
DAILY20260907C156,1d7bafb9-1a52-4926-98ee-e3a08dcca343,d210ec8a-5c4f-41a7-98f1-588f51e09a51,,,UNASSIGNED,CRITICAL,16240,0,0,2026-09-07,95,f,0,5,,,NPA_RECOVERY,,,,,,f,,,,07161746-b8ee-4d57-a1b2-c0600a79b697,2026-09-07 04:59:06.720917+00,2026-09-07 04:59:06.72092+00
CASE0000251,47e30ef7-8957-428d-be7b-a7b0524f8143,72615092-a694-4c7b-8ed4-93290716826f,8e59153e-dc8e-4efa-af65-1db304a6f3f1,,PARTIALLY_PAID,CRITICAL,4500,2530.59,0,2026-08-26,100,t,3,4,,,NPA_RECOVERY,,,,,,f,,,,0720b646-7b32-49c9-ab53-3876a6324028,2026-08-27 11:28:02.593907+00,2026-09-03 05:17:21.967007+00
CASE0000198,25bf5d35-049f-4dbb-97e2-00faa8db1a8c,ce21f9b0-c883-4be4-ac70-6e3c67ba9827,a13886ca-739b-47b4-a473-724e03f7332a,,PAID,LOW,7380,7380,0,2026-08-24,24.73,t,3,3,2026-09-01 05:52:00.181768+00,,FIELD,,,,,,t,,,,07be6b9f-5f8e-4a9d-825c-6fdd353731b6,2026-08-27 11:28:01.944307+00,2026-09-02 15:27:18.796567+00
CASE0000470,e22c4360-2794-4667-b8db-d3cbcdf9d0a5,5c56e197-c343-43ba-aef0-d034fe15aa6b,e9dced65-f61b-4c24-bae7-d4170299ed46,,PAID,CRITICAL,57110,57110,0,2026-09-02,100,t,4,5,2026-09-02 10:53:00+00,,FIELD,2026-05-06,,,,,f,,,,07d7d245-c8ed-4aaa-b677-1a26887aa87c,2026-08-27 11:28:04.880493+00,2026-09-03 05:17:21.967007+00
CASE0000256,03f86dca-2e8f-417a-b504-e5736d9c217e,353c7892-0614-4bf6-b5e7-355200402cf8,a2e2555c-f597-43af-a77a-fe708f967218,,PAID,MEDIUM,2520,2520,0,2026-08-27,38.88,t,3,5,2026-09-01 05:52:00.181768+00,,FIELD,,,,Seasonal worker — income irregular. Best to visit early morning.,,f,,,,0833802c-4ef9-4778-9b25-1139e04beb28,2026-08-27 11:28:02.628673+00,2026-09-02 15:27:18.796567+00
CASE0000565,77b5829a-af76-4e86-bcaa-4b8bf1b6f8f9,5d778fcc-acf4-4fd5-82cd-a9e216105603,3e9c4168-1de9-43e8-b9f2-fbf3f931949d,,IN_PROGRESS,HIGH,9460,0,0,2026-04-11,34.31,f,1,4,,,PRE_LEGAL,,,,,,f,,,,0835bfa3-c594-4b5c-bcfa-abdc7dddabec,2026-08-27 11:28:06.321198+00,2026-09-21 09:28:23.737194+00
DAILY20260906C55,e7552d72-63e9-4816-ab8c-d4ac7308fcc5,5b2d87d5-85ff-4c42-8501-3e06f24c2bdf,,,UNASSIGNED,CRITICAL,11290,0,0,2026-09-06,95,f,0,5,,,NPA_RECOVERY,,,,,,f,,,,0855f09a-afe1-4928-876c-d1fb6b576834,2026-09-06 13:30:49.119113+00,2026-09-06 13:30:49.119116+00
DAILY20260921C175,bf47a381-66cf-433e-9f61-adb1ba090497,3d383c8b-35bb-4b21-9169-95e5af77d08f,,,UNASSIGNED,MEDIUM,3190,0,0,2026-09-21,45,f,0,5,,,FIELD,,,,,,f,,,,086fc11f-2971-490c-acf5-b0b3da7f0cb2,2026-09-21 04:53:00.663788+00,2026-09-21 04:53:00.663792+00
DAILY20260903C36,51f6030a-fa4f-444d-a4b0-3133a1b87c56,71710e02-d5ac-4b55-adfe-fdc06e564015,c37b6a5c-9d1c-46d4-8ece-dfce290dc74b,,PARTIALLY_PAID,MEDIUM,23810,4695.8,0,2026-09-17,45,f,1,5,,,FIELD,,,,,,f,,,,092a09a3-05e0-453c-8a30-b30de6456cbf,2026-09-02 15:33:15.702561+00,2026-09-21 05:55:24.51566+00
DAILY20260921C156,1df07b37-6722-4b12-954a-03fab912a2db,3907a10c-8e84-4d9f-869e-a68441f7bbe4,c2f2e0ce-5aeb-4ece-8325-2167edfe139e,,ASSIGNED,CRITICAL,16550,0,0,2026-09-21,95,f,0,5,,,NPA_RECOVERY,,,,,,f,,,,09830d97-4dd3-4443-a44e-86bede6599aa,2026-09-21 04:53:00.529455+00,2026-09-21 05:55:24.516469+00
DAILY20260921C04,777200e5-b036-452f-9d13-88e115e8f007,65760072-d7d6-46a9-a1d2-1767e6bd53b2,cd9e6eca-028e-4c61-8e82-048327bc4476,,ASSIGNED,HIGH,5850,0,0,2026-09-21,75,f,0,5,,,FIELD,,,,,,f,,,,09b730ee-dad9-4713-9c25-ed9312cca1dd,2026-09-21 04:52:59.386432+00,2026-09-21 05:54:24.388048+00
DAILY20260921C196,77a0aab8-b1f8-4301-8cfc-93aeb8b09eb2,f10e08f5-8675-4bf5-804b-fe2196ef6786,c33350cc-f581-492e-807f-14262d56ebcb,,PAID,MEDIUM,26880,26880,0,2026-09-21,45,f,1,5,2026-09-21 06:10:00+00,Paid in full at doorstep,FIELD,,,,,,f,,,,09cb4b42-6ae3-406e-a4f0-91cc989a879a,2026-09-21 04:53:00.7887+00,2026-09-21 06:09:25.59257+00
DAILY20260903C01,60734859-beae-4513-a70b-dc6eec815443,b8ecc429-bedc-4b65-af23-3e1e9c83f01c,c37b6a5c-9d1c-46d4-8ece-dfce290dc74b,,ASSIGNED,HIGH,22430,0,0,2026-09-21,75,f,0,5,,,FIELD,,,,,,f,,,,09cf8a6c-be27-40de-9148-e04cb14b91b2,2026-09-02 15:33:15.58301+00,2026-09-21 05:54:24.390854+00
CASE0000461,9b58df38-bebe-4789-ba48-85f2e6c54c73,f5e7a214-9915-4974-905a-e224365328d8,c33350cc-f581-492e-807f-14262d56ebcb,,PAID,CRITICAL,45870,45870,0,2026-08-27,100,t,2,5,,,FIELD,,,,,,f,,,,09d34050-ca46-495a-a92f-cbc3ef76e5a7,2026-08-27 11:28:04.815751+00,2026-09-02 15:27:18.803325+00
CASE0000289,957a0680-34c4-4244-976e-df6e7935a3ad,84a6160f-0d63-4914-b15a-12b06fd72f94,c33350cc-f581-492e-807f-14262d56ebcb,,PAID,HIGH,6660,6660,0,2026-08-27,60.24,t,2,3,2026-08-27 10:18:00+00,,PRE_LEGAL,,,,,,t,,,,09d603f5-7b4e-47b1-a402-47ae03487952,2026-08-27 11:28:03.044606+00,2026-09-02 15:27:18.803325+00
CASE0000250,f8e81db2-daf7-446d-9379-5491607b5ec7,f7ece3a3-d924-4202-8b32-0d9e527b41f2,c6ca60b7-2143-412b-887e-c30ae9cda031,,ASSIGNED,CRITICAL,33480,0,0,2026-09-02,77.1,t,3,4,,,NPA_RECOVERY,,,,,,f,,,,09ea08d5-cb02-485e-8b6a-9f53944a694e,2026-08-27 11:28:02.587733+00,2026-09-21 09:28:23.737194+00
CASE0000535,41cc1b96-fb44-46c2-bc99-cb2fc25d320f,74449b9e-ca4a-4080-a3ae-2337a172f911,c6ca60b7-2143-412b-887e-c30ae9cda031,,PARTIALLY_PAID,HIGH,17660,10218.96,0,2026-09-21,50.49,f,5,5,,,PRE_LEGAL,,,,,,f,,,,09efe1d7-f0c8-49fc-8af9-a7a73a1ce323,2026-08-27 11:28:06.058883+00,2026-09-21 09:28:23.737195+00
CASE0000381,5831efe8-5398-4538-8ce8-e7e241cfc522,9b5d81a7-a5fc-4e81-b17f-0921d85e7b06,1d5e58e8-954e-4d6c-b13c-6e6d614cb588,,PAID,CRITICAL,14770,14770,0,2026-08-27,100,t,2,4,2026-08-27 16:11:00+00,,FIELD,,,,Previous agency attempt closed with no resolution. Fresh allocation.,,f,,,,09f638e4-1837-44cd-84a4-5b5fdba238c2,2026-08-27 11:28:04.163277+00,2026-09-02 15:27:18.805334+00
DAILY20260903C151,9b4e7894-d6fb-41cb-85b2-559cd2730453,0d3e1287-8f0e-4c05-841e-82b55188d89d,3e9c4168-1de9-43e8-b9f2-fbf3f931949d,,ASSIGNED,CRITICAL,28330,0,0,2026-09-09,95,f,0,5,,,NPA_RECOVERY,,,,,,f,,,,0a03380e-0ea4-452c-ad92-bda4ebe0ce00,2026-09-02 15:33:16.168404+00,2026-09-08 05:37:16.629746+00
CASE0000056,ae38bc80-0ae4-48dd-ba3d-35710c261b87,2ea93007-185b-4ce7-820b-dec6f9b6381e,5fbae4d6-59d1-4e6c-8a80-fe57244a45bb,,PAID,CRITICAL,4670,4670,0,2026-09-01,100,f,2,3,2026-09-01 10:49:00+00,,NPA_RECOVERY,,,,,,t,,,,0a2d819c-d811-402b-be4c-f2af86c8e8b7,2026-08-27 11:28:01.056517+00,2026-09-03 05:17:21.967007+00
CASE0000132,3c32f948-3b0e-4554-97cb-604c3df714fc,3ba3fa4c-6834-4cee-83a4-f17f96ed0233,c2f2e0ce-5aeb-4ece-8325-2167edfe139e,,PARTIALLY_PAID,CRITICAL,14080,10045.7,0,2026-09-18,90.64,f,6,3,,,LEGAL,,,,Partial payment of overdue attempted by customer at branch — reversed due to shortfall.,,t,,,,0a313444-d014-4a6c-bfb5-f4b770c585b3,2026-08-27 11:28:01.475447+00,2026-09-18 06:37:23.404771+00
DAILY20260907C188,627572a4-5026-4ddc-a8ac-c2ae4f51a821,c6285309-2abc-41da-9605-c62fa9ab1a93,,,UNASSIGNED,CRITICAL,9660,0,0,2026-09-07,95,f,0,5,,,NPA_RECOVERY,,,,,,f,,,,0a3985dd-1c07-4d1c-95ef-4f9aec880d18,2026-09-07 04:59:06.908643+00,2026-09-07 04:59:06.908645+00
DAILY20260906C18,c7a42da6-70af-4033-b7c3-5a497e222693,1248d51d-bf9b-4a7d-a77c-8be6ca954cdc,a13886ca-739b-47b4-a473-724e03f7332a,,ASSIGNED,MEDIUM,63620,0,0,2026-09-18,45,f,0,5,,,FIELD,,,,,,f,,,,0a4e3531-ca6e-4173-93cd-1c7195a3a5bc,2026-09-06 13:30:48.773036+00,2026-09-18 04:47:13.710263+00
CASE0000643,84afbd8b-fd6f-4cd1-86f1-555aeefe9444,d55f5757-0378-441f-8a3b-6f5030bbba8e,b06cd5a3-f1c0-4cdb-b241-9ce2d6c5e791,,PTP_SET,CRITICAL,28490,0,0,2026-09-01,97.29,t,3,5,,,NPA_RECOVERY,2026-02-16,,,,,t,,,,0a76aae6-22f3-4ad9-935f-90bbfb3e0619,2026-08-27 11:28:07.827169+00,2026-09-03 05:17:21.967007+00
CASE0000354,ea8bf59f-dae6-4b04-b0c8-72a6f51d8d08,3b7b8485-7db8-4854-bc33-3ebda2fb30e9,5fbae4d6-59d1-4e6c-8a80-fe57244a45bb,,PARTIALLY_PAID,MEDIUM,21420,20450.79,0,2026-09-18,80.4,t,4,5,,,FIELD,,,,,,f,,,,0a82052f-30a7-4e30-a1df-7956741a99b5,2026-08-27 11:28:03.485697+00,2026-09-21 09:28:23.737195+00
DAILY20260921C151,4b48ee6f-183a-4a4e-8467-dfdb24259d2e,adfe20dc-6ce8-4973-86b0-84f4757df1b6,,,UNASSIGNED,HIGH,2730,0,0,2026-09-21,75,f,0,5,,,FIELD,,,,,,f,,,,0b0f4096-c527-49f9-850e-16f04c80ff53,2026-09-21 04:53:00.499928+00,2026-09-21 04:53:00.499933+00
CASE0000301,becb48a3-4d0a-4b95-9c49-553292c440ee,a4f56e56-8fd4-4a9e-98f0-06c44d222118,c6ca60b7-2143-412b-887e-c30ae9cda031,,PARTIALLY_PAID,HIGH,1500,1449.01,0,2026-08-26,33.29,t,3,4,,,PRE_LEGAL,,,,Customer called 6 times by bank IVR — no response. Contact number may have changed.,,f,,,,0b1c4cbe-4a8f-4df9-bb99-ee02c91644f3,2026-08-27 11:28:03.131066+00,2026-09-21 09:28:23.737196+00
CASE0000658,adda5f6b-d1a2-4e63-a162-28c83df99980,38f399df-88ee-44ca-98ed-4b361502d6ef,8e59153e-dc8e-4efa-af65-1db304a6f3f1,,PARTIALLY_PAID,MEDIUM,3950,3315.68,0,2026-09-02,100,t,4,5,,,FIELD,,,,,,f,,,,0b5613f3-4573-48dc-827a-9e62be9e700e,2026-08-27 11:28:07.944019+00,2026-09-21 09:28:23.737197+00
CASE0000394,0b547eaa-2b69-48cc-a066-58e1e3def0fa,6741fff2-e981-4cfc-8136-69817e7bbd52,5fbae4d6-59d1-4e6c-8a80-fe57244a45bb,,PAID,CRITICAL,37390,37390,0,2026-05-29,100,f,1,5,2026-09-01 05:52:00.181768+00,,PRE_LEGAL,,,,,,t,,,,0bd3f278-38f8-4e20-9960-385cd6684216,2026-08-27 11:28:04.265608+00,2026-09-03 05:17:21.976513+00
DAILY20260903C51,2bf4816a-767e-4df2-b3f0-0a41ed7a523c,953ac6a6-32be-4ee1-becc-32940f77d0f8,c33350cc-f581-492e-807f-14262d56ebcb,,PARTIALLY_PAID,HIGH,14430,5200.4,0,2026-09-18,75,f,1,5,,,FIELD,,,,,,f,,,,0be21efc-c425-49e2-b77d-f4fd8fe6a998,2026-09-02 15:33:15.768524+00,2026-09-18 06:37:22.037785+00
DAILY20260906C135,8a6802de-4dd7-44cc-a66c-3740500337ea,10715221-8506-45d6-9a24-33729d849f6a,,,UNASSIGNED,CRITICAL,5410,0,0,2026-09-06,95,f,0,5,,,NPA_RECOVERY,,,,,,f,,,,0c432efb-a466-4c6d-bada-a2fafee3f955,2026-09-06 13:30:49.622486+00,2026-09-06 13:30:49.62249+00
DAILY20260918C80,67e84366-bde8-43e2-91f5-adb39e278882,3c1a4d92-7a19-4b2b-a79a-1b1b8fdb3db0,,,UNASSIGNED,CRITICAL,12900,0,0,2026-09-18,95,f,0,5,,,NPA_RECOVERY,,,,,,f,,,,0c58ac0b-9067-479a-972c-870e431edb1c,2026-09-18 06:49:34.45891+00,2026-09-18 06:49:34.458914+00
DAILY20260906C04,6baf2c9f-b515-49ec-a67f-11d5c13b8cae,32cca1da-8486-4839-97c2-fe2c8926b428,c6ca60b7-2143-412b-887e-c30ae9cda031,,PTP_SET,MEDIUM,20870,5366.42,0,2026-09-17,45,f,1,5,,,FIELD,,,,,,f,,,,0c751000-c8fa-4772-a41a-28dd7b868a85,2026-09-06 13:30:48.680926+00,2026-09-17 06:31:13.337552+00
DAILY20260903C80,d95822d9-fff7-4adb-bf31-737a3877bd6e,a0026b67-a4e2-4fad-a516-d6d82f103e53,,,UNASSIGNED,HIGH,7210,0,0,2026-09-03,75,f,0,5,,,FIELD,,,,,,f,,,,0cc9e740-98d9-4db8-bd3b-7e0de12a98e1,2026-09-02 15:33:15.892259+00,2026-09-02 15:33:15.892259+00
CASE0000095,5831efe8-5398-4538-8ce8-e7e241cfc522,9b5d81a7-a5fc-4e81-b17f-0921d85e7b06,3e9c4168-1de9-43e8-b9f2-fbf3f931949d,,PARTIALLY_PAID,MEDIUM,14770,6250.35,0,2026-09-02,100,t,3,3,,,FIELD,2026-07-31,,,,,f,,,,0cd4bee2-44c5-462d-94aa-f521702e7c90,2026-08-27 11:28:01.197795+00,2026-09-21 09:28:23.737197+00
DAILY20260921C161,ddc28b88-cb66-4203-8388-0e6056efdf56,26d3c357-436c-47bc-9016-b5fdf07d5f79,3e9c4168-1de9-43e8-b9f2-fbf3f931949d,,PAID,CRITICAL,54470,54470,0,2026-09-21,95,f,1,5,2026-09-21 11:26:00+00,Paid in full at doorstep,NPA_RECOVERY,,,,,,f,,,,0d00cfef-981e-4175-a757-5eb74c4bf90c,2026-09-21 04:53:00.565619+00,2026-09-21 06:09:25.713309+00
DAILY20260918C67,398b7d0b-e909-4019-b3ae-aef064d44358,500fd23a-879e-4f04-8d88-a9f0b34663bd,c33350cc-f581-492e-807f-14262d56ebcb,,IN_PROGRESS,HIGH,32840,0,0,2026-09-21,75,f,1,5,,,FIELD,,,,,,f,,,,0d6130d7-08bd-4fd3-a808-484c65694ae9,2026-09-18 06:49:34.380904+00,2026-09-21 06:09:27.114551+00
DAILY20260921C117,94c14b3b-4a67-4e05-9d68-2be1ed2e8ff5,7b2b05b2-b833-437c-8d56-4e9aebd40559,,,UNASSIGNED,MEDIUM,6410,0,0,2026-09-21,45,f,0,5,,,FIELD,,,,,,f,,,,0d8d1606-4b4f-4303-a537-3ebe1ff5d920,2026-09-21 04:53:00.168062+00,2026-09-21 04:53:00.168066+00
CASE0000581,8c9bfa80-0c7c-4698-9160-9f791a23cada,f82a674d-39c0-4809-a674-f5f1ff4c6140,2dfc73e0-dba9-4aa5-babf-d5141ded5497,,PAID,MEDIUM,10000,10000,0,2026-04-29,46.61,t,1,3,2026-05-20 00:00:00+00,,PRE_LEGAL,,,,,,f,,,,0dcbdcf7-94d5-4e0e-9783-aa99e78e017d,2026-08-27 11:28:06.444557+00,2026-09-03 05:17:21.978949+00
CASE0000024,6ee09325-b476-4ff7-acfd-dd6aff05eca9,27a1e140-d797-47ed-8e5e-ace07bbd574c,c2f2e0ce-5aeb-4ece-8325-2167edfe139e,,PTP_SET,CRITICAL,12230,0,0,2026-09-01,100,t,2,3,,,NPA_RECOVERY,,,,Co-applicant details on file. May respond if approached together.,,f,,,,0dd4efa3-5313-45ec-b85d-9504b05b43ea,2026-08-27 11:28:00.967357+00,2026-09-03 05:17:21.980051+00
CASE0000159,fbc0a1a5-8e5c-4cd1-8192-a38d6697d56e,98acb3a9-b350-438a-9ccf-79b98a427151,c6ca60b7-2143-412b-887e-c30ae9cda031,,PAID,LOW,15070,15070,0,2026-07-13,23.12,t,1,3,2026-08-03 00:00:00+00,,FIELD,,,,,,f,,,,0dd8e62a-6fed-4336-908e-830044c97213,2026-08-27 11:28:01.688595+00,2026-09-03 05:17:21.98105+00
DAILY20260907C136,ff4ebeb5-39fb-4188-a047-9ca47428e1e7,24e245c8-0117-4b34-b40a-a90bf59d6639,,,UNASSIGNED,CRITICAL,6270,0,0,2026-09-07,95,f,0,5,,,NPA_RECOVERY,,,,,,f,,,,0ddab559-1519-4a02-a328-68f957d5842f,2026-09-07 04:59:06.595752+00,2026-09-07 04:59:06.595754+00
CASE0000283,d23f6808-7ebf-4dba-87d6-0108d1381e9e,f555a4b3-552b-4116-b1bb-e8230801d5f0,3e9c4168-1de9-43e8-b9f2-fbf3f931949d,,ESCALATED,MEDIUM,10050,0,0,2026-08-24,23.61,t,3,4,,,FIELD,2026-05-21,,,Seasonal worker — income irregular. Best to visit early morning.,,t,,,,0de44ef5-b3a8-4f28-8079-059b5f4fae18,2026-08-27 11:28:03.000703+00,2026-09-21 09:28:23.737198+00
CASE0000222,0df43380-a050-44fd-8b41-28df032bed43,c1cdbe96-1044-47cf-ae61-55d6dbc5ced1,e9dced65-f61b-4c24-bae7-d4170299ed46,,PTP_SET,MEDIUM,31710,21328.36,0,2026-09-18,100,t,5,5,,,FIELD,2026-06-24,,,,,f,,,,0df3d468-4961-410c-adf2-ceffea0d2936,2026-08-27 11:28:02.100649+00,2026-09-21 09:28:23.737199+00
DAILY20260921C08,92a4c78c-e0c9-457a-977a-f48cbf09ebcc,7522c1ce-077b-4d50-a8a0-fcf1dda910a0,3aa13103-bd03-4578-9292-44d88d58da00,,IN_PROGRESS,HIGH,20740,0,0,2026-09-21,75,f,1,5,,,FIELD,,,,,,f,,,,0e260fbf-3578-4c46-a6a6-2fe5e13d0113,2026-09-21 04:52:59.418586+00,2026-09-21 06:09:27.269863+00
DEMO000009,a15e2e87-6de4-4701-9903-e88d34133ad8,0a7d4f55-27b9-4df8-9f5c-e42d5b089d42,2b6de8aa-0976-4be0-8a40-043ff86ffa54,,IN_PROGRESS,MEDIUM,8360,0,0,2026-08-05,45,f,1,5,,,FIELD,,,,,,f,,,,0e41dbcb-ffc9-4af3-961c-c81f66f4d3a6,2026-08-27 11:28:09.587412+00,2026-09-03 05:17:21.98105+00
DAILY20260907C83,43882b95-42f5-46cd-82a2-d1877b1af831,41e8b283-3a6f-4e37-b1bf-33c0e4232cbf,,,UNASSIGNED,CRITICAL,8660,0,0,2026-09-07,95,f,0,5,,,NPA_RECOVERY,,,,,,f,,,,0e7daeb8-7333-48a5-8b25-6204dbfedf30,2026-09-07 04:59:06.291329+00,2026-09-07 04:59:06.291332+00
CASE0000226,ed148f40-83cc-47ae-9998-ed2138e66d55,695d44b1-3808-4d87-b57f-819c1db40ae4,5fbae4d6-59d1-4e6c-8a80-fe57244a45bb,,PAID,LOW,9000,9000,0,2026-08-27,19.09,f,2,5,2026-09-01 05:52:00.181768+00,,FIELD,,,,,,f,,,,0ed7a25b-2132-4531-8270-32c460c4893d,2026-08-27 11:28:02.124574+00,2026-09-02 15:27:18.814463+00
CASE0000144,d4468f10-63be-4250-9bb8-67f97d285503,e84d6b35-87d2-4344-aeb7-b3feda15be7e,4a182f53-a1a1-4f15-945a-6a56f4e04b64,,PARTIALLY_PAID,HIGH,30830,12883.33,0,2026-09-02,100,t,4,4,,,PRE_LEGAL,2026-06-25,,,,,t,,,,0ee1e443-93f2-46f6-996d-918d51b95e95,2026-08-27 11:28:01.573918+00,2026-09-21 09:28:23.737199+00
CASE0000082,b0b63f01-f844-40f7-b276-5e6b6805959a,ca2a0590-6424-45fb-8f7a-11ab549edad2,4a182f53-a1a1-4f15-945a-6a56f4e04b64,,PAID,CRITICAL,16620,16620,0,2026-09-01,100,t,2,3,2026-09-01 12:49:00+00,,LEGAL,,,,,,t,,,,0ef370e9-473c-471e-9645-03d35d440be7,2026-08-27 11:28:01.153556+00,2026-09-03 05:17:21.98105+00
CASE0000184,2d5a75e9-0241-4f60-98fe-5461da045389,de34afad-9f4e-4518-9dc0-8157720924aa,c33350cc-f581-492e-807f-14262d56ebcb,,PAID,CRITICAL,28200,28200,0,2026-08-26,100,t,3,4,2026-09-01 05:52:00.181768+00,,FIELD,,,,,,t,,,,0f11262e-46de-4a7a-9341-990db867dfa6,2026-08-27 11:28:01.857353+00,2026-09-03 05:17:21.98105+00
DAILY20260921C56,82ceb899-ad50-466b-8e6c-77a5d3e8cc45,9f54cfde-6626-4885-aebc-b90fd740757e,,,UNASSIGNED,CRITICAL,11070,0,0,2026-09-21,95,f,0,5,,,NPA_RECOVERY,,,,,,f,,,,0f7522c9-8e8c-461a-85de-a74326467469,2026-09-21 04:52:59.701883+00,2026-09-21 04:52:59.701886+00
CASE0000712,33f12778-7bf9-4da4-8e58-36cfe69c78d3,d1e05eba-5267-46ee-abe1-f04c56c5a455,cd9e6eca-028e-4c61-8e82-048327bc4476,,PTP_SET,MEDIUM,26270,7842.77,0,2026-09-18,55.74,f,3,5,,,FIELD,,,,,,f,,,,0f76db77-f023-41f8-bd7c-120685fcdd1a,2026-08-27 11:28:08.418227+00,2026-09-18 06:37:22.619584+00
DAILY20260903C09,b80a3b32-29e5-40b0-947e-de996ed1a8c2,b5c2ad99-3f40-4221-ad6a-7f84145e5e4e,2b6de8aa-0976-4be0-8a40-043ff86ffa54,,ASSIGNED,CRITICAL,12800,0,0,2026-09-04,95,f,0,5,,,NPA_RECOVERY,,,,,,f,,,,0f85fae2-fd2b-4be3-a9d5-cf67f934fb16,2026-09-02 15:33:15.604048+00,2026-09-03 10:17:46.803228+00
CASE0000111,41cc1b96-fb44-46c2-bc99-cb2fc25d320f,74449b9e-ca4a-4080-a3ae-2337a172f911,2dfc73e0-dba9-4aa5-babf-d5141ded5497,,PARTIALLY_PAID,HIGH,17660,10747.88,0,2026-09-21,50.49,t,2,3,,,PRE_LEGAL,,,,,,f,,,,0f96fe04-53ed-4442-a955-c8cdac83f198,2026-08-27 11:28:01.257709+00,2026-09-21 09:28:23.7372+00
CASE0000341,6ee09325-b476-4ff7-acfd-dd6aff05eca9,27a1e140-d797-47ed-8e5e-ace07bbd574c,c37b6a5c-9d1c-46d4-8ece-dfce290dc74b,,PAID,CRITICAL,12230,12230,0,2026-08-26,100,t,3,4,2026-09-01 05:52:00.181768+00,,NPA_RECOVERY,,,,,,f,,,,0fc889f2-5b6c-4054-b130-83e9b82c30ec,2026-08-27 11:28:03.400905+00,2026-09-02 15:27:18.81776+00
CASE0000367,4fbb62fe-f822-4234-984e-7cb360c81779,cd783db4-6ec9-48a2-b49f-db5cfcffb7a4,8e59153e-dc8e-4efa-af65-1db304a6f3f1,,PAID,CRITICAL,19330,19330,0,2026-06-01,100,f,2,3,2026-06-08 00:00:00+00,,PRE_LEGAL,,,,Seasonal worker — income irregular. Best to visit early morning.,,f,,,,0fe7cecc-f9f7-4f24-b0fe-e66b76150615,2026-08-27 11:28:04.002401+00,2026-09-03 05:17:21.986812+00
DAILY20260921C172,b1b50298-f3cd-4d8b-a142-fe1e5fb1e6a0,d6067ae8-b6b2-48b7-ad0c-863476e58de3,,,UNASSIGNED,MEDIUM,2700,0,0,2026-09-21,45,f,0,5,,,FIELD,,,,,,f,,,,0ffb8f3b-5d56-4aa2-89d7-71de0a65ea40,2026-09-21 04:53:00.639609+00,2026-09-21 04:53:00.639612+00
DAILY20260907C149,0e52f070-0f58-4dee-8ea4-e8c000c3253d,0cba4b23-6e66-476b-8b10-8d69f645490d,,,UNASSIGNED,MEDIUM,3040,0,0,2026-09-07,45,f,0,5,,,FIELD,,,,,,f,,,,10187652-c67d-4965-a234-73cb864bded2,2026-09-07 04:59:06.659556+00,2026-09-07 04:59:06.65956+00
CASE0000560,4c7c9de4-0a7f-48e2-83b3-fdcebb1cc5a9,63ca636d-5267-4d5a-85a0-7b87644ac306,4a182f53-a1a1-4f15-945a-6a56f4e04b64,,ESCALATED,CRITICAL,18000,0,0,2026-04-27,100,f,3,3,,,NPA_RECOVERY,2026-03-27,,,,,t,,,,1099fce0-96c6-40f8-942d-d9b5b998c8e3,2026-08-27 11:28:06.273163+00,2026-09-03 05:17:21.988175+00
DAILY20260906C148,ba67a3a5-a057-459f-b5fb-e099a5848f24,65fea20a-d9e1-45e5-8a7f-e13f2fb76654,357e2e09-b637-468e-818b-57a5dce18e9c,,IN_PROGRESS,MEDIUM,10030,0,0,2026-09-21,45,f,1,5,,,FIELD,,,,,,f,,,,10b0f618-7bea-4a22-ba3b-0baacaec6e35,2026-09-06 13:30:49.705216+00,2026-09-21 06:09:27.050033+00
DAILY20260918C125,d10bbed5-28ff-443c-b19c-c16c6ea2e9e9,d0f13f19-e53d-4337-8e99-96744135727f,3e9c4168-1de9-43e8-b9f2-fbf3f931949d,,PTP_SET,MEDIUM,21930,0,0,2026-09-21,45,f,1,5,,,FIELD,,,,,,f,,,,111bfd02-3992-449d-ab64-af86dcee9846,2026-09-18 06:49:34.74245+00,2026-09-21 06:09:26.479248+00
DAILY20260921C129,5654b9b4-0b56-40aa-9d09-fd7e4356904f,95e5d199-14d3-4a5d-a58a-7253aa522c0e,,,UNASSIGNED,CRITICAL,11880,0,0,2026-09-21,95,f,0,5,,,NPA_RECOVERY,,,,,,f,,,,1122316d-5383-403c-8c29-ab9755ea50d3,2026-09-21 04:53:00.253189+00,2026-09-21 04:53:00.253193+00
DAILY20260903C183,bf1a5e49-cb68-49a7-b5f8-a8c6dfb26c55,21ef6733-5939-47ca-b7e9-3621da8d55a9,,,UNASSIGNED,CRITICAL,9290,0,0,2026-09-03,95,f,0,5,,,NPA_RECOVERY,,,,,,f,,,,116c35c0-ebb1-41d1-92fb-926d03d516a5,2026-09-02 15:33:16.279838+00,2026-09-02 15:33:16.279838+00
CASE0000070,119a6328-3709-4881-836e-1e3fbe5085e2,79883189-812d-44c4-b946-9a66c0c28064,b06cd5a3-f1c0-4cdb-b241-9ce2d6c5e791,,PAID,LOW,6000,6000,0,2026-08-26,21.09,t,1,3,2026-08-31 00:00:00+00,,FIELD,2026-08-17,,,,,f,,,,11992cab-311c-4712-8f01-8bee220077f4,2026-08-27 11:28:01.108884+00,2026-09-02 15:27:18.819551+00
CASE0000672,9f500c68-1feb-4674-843b-85b0e734ffae,e88d3f52-61fd-4af1-a566-e10d5f8e4e2d,c37b6a5c-9d1c-46d4-8ece-dfce290dc74b,,PAID,LOW,8880,8880,0,2026-03-18,29.93,t,2,3,,,FIELD,,,,Co-applicant details on file. May respond if approached together.,,f,,,,11a9c6df-ad17-4697-a827-b3ff241e4530,2026-08-27 11:28:08.06023+00,2026-09-03 05:17:21.988175+00
CASE0000519,f1197b5f-49fe-4d13-914a-6a9b5bfbea8a,3b838c11-f643-4d97-a6cc-b5d098af998b,c33350cc-f581-492e-807f-14262d56ebcb,,PARTIALLY_PAID,MEDIUM,15670,12126.88,0,2026-08-26,93.92,t,2,3,,,FIELD,2026-03-31,,,,,f,,,,11f174ec-baee-4918-baea-69c1d0584104,2026-08-27 11:28:05.94243+00,2026-09-21 09:28:23.7372+00
CASE0000349,a0158dd5-b538-448d-b064-7c85fffff52d,535742d9-b971-409d-9612-e3a8e0140a65,e9dced65-f61b-4c24-bae7-d4170299ed46,,PARTIALLY_PAID,CRITICAL,53700,29436.46,0,2026-09-18,100,t,5,3,,,NPA_RECOVERY,,,,,,f,,,,11f85ef0-010d-4aac-b797-36231234cada,2026-08-27 11:28:03.452548+00,2026-09-21 05:55:24.519293+00
DAILY20260903C91,2996249e-d6dc-4ebf-8988-cf05cf1c33dc,5f3a3aec-901b-4336-a200-9dc1fedb5826,2b6de8aa-0976-4be0-8a40-043ff86ffa54,,ASSIGNED,CRITICAL,12560,0,0,2026-09-18,95,f,0,5,,,NPA_RECOVERY,,,,,,f,,,,124e701c-a2f7-4f08-9e6e-fbcb15e42309,2026-09-02 15:33:15.940625+00,2026-09-18 04:47:36.828334+00
DAILY20260906C105,65ed81a2-6f4f-437d-82cc-c6e38c0999c9,cc0b2ad1-65db-4055-bb85-486f3b9309c8,,,UNASSIGNED,MEDIUM,2540,0,0,2026-09-06,45,f,0,5,,,FIELD,,,,,,f,,,,126186c9-53ec-4886-90ec-8f038c6fb5d4,2026-09-06 13:30:49.428842+00,2026-09-06 13:30:49.428845+00
DAILY20260921C81,156c3ecf-9301-439d-9ae4-7f66e7d6ed9c,94649ccf-2eab-44ba-94e6-6f44d0ed825f,,,UNASSIGNED,HIGH,5450,0,0,2026-09-21,75,f,0,5,,,FIELD,,,,,,f,,,,127d6a24-710c-41a6-a2b5-e2abc5f9de06,2026-09-21 04:52:59.84465+00,2026-09-21 04:52:59.844654+00
CASE0000277,c34b25c0-f1f6-4a99-8351-ecf4852a50d4,7e193414-f6ad-49e4-a5a7-e8b34b0742df,357e2e09-b637-468e-818b-57a5dce18e9c,,PAID,LOW,6670,6670,0,2026-06-25,29.86,f,2,5,2026-07-05 00:00:00+00,,FIELD,,,,,,f,,,,12a40d91-5e4d-49b3-93c7-3c814c04a69d,2026-08-27 11:28:02.948033+00,2026-09-03 05:17:21.99051+00
CASE0000080,2a15516f-d306-43e7-9555-1ce7dc5b5296,8fea4460-1d00-4746-8dbc-44b3db283e32,4a182f53-a1a1-4f15-945a-6a56f4e04b64,,ASSIGNED,MEDIUM,15690,0,0,2026-09-02,100,f,3,4,,,FIELD,,,,,,f,,,,133c0e52-06d3-4439-8b92-b335b4b39b17,2026-08-27 11:28:01.146204+00,2026-09-21 09:28:23.737201+00
CASE0000502,d82ad54b-75b4-4810-ae18-bbb4df1159b6,587ad0f3-bfc2-4771-909e-8aa12de3a8a9,c37b6a5c-9d1c-46d4-8ece-dfce290dc74b,,PAID,LOW,9760,9760,0,2026-04-14,25.23,t,2,4,2026-04-29 00:00:00+00,,FIELD,,,,,,f,,,,13871b39-d123-4a16-a6f2-1a6823e94358,2026-08-27 11:28:05.800021+00,2026-09-03 05:17:21.99051+00
CASE0000661,47e30ef7-8957-428d-be7b-a7b0524f8143,72615092-a694-4c7b-8ed4-93290716826f,3aa13103-bd03-4578-9292-44d88d58da00,,IN_PROGRESS,CRITICAL,4500,0,0,2026-03-25,100,f,1,3,,,NPA_RECOVERY,,,,,,f,,,,139f3990-f0c5-4327-9d7b-698ae5e23033,2026-08-27 11:28:07.973045+00,2026-09-03 05:17:21.991507+00
DAILY20260921C128,6da624cb-7056-4322-91b5-e225e5eb0d7c,5e3e15d7-a033-46de-b545-c1ec2f6a1bfb,c2f2e0ce-5aeb-4ece-8325-2167edfe139e,,PAID,CRITICAL,48960,48960,0,2026-09-21,95,f,1,5,2026-09-21 07:37:00+00,Paid in full at doorstep,NPA_RECOVERY,,,,,,f,,,,1476da6b-1d90-4c4f-924a-d10101c5ce96,2026-09-21 04:53:00.245624+00,2026-09-21 06:09:25.801691+00
CASE0000635,c5d11a2f-6027-4b69-825e-48ae5e7f20f1,0139f897-e451-4cc0-be17-6b4d9e184c8f,357e2e09-b637-468e-818b-57a5dce18e9c,,PAID,MEDIUM,32250,32250,0,2026-04-06,38.34,t,1,5,2026-04-15 00:00:00+00,,PRE_LEGAL,,,,,,f,,,,1484c2d5-18ee-4af6-88c4-26cd52210993,2026-08-27 11:28:07.753634+00,2026-09-03 05:17:21.99251+00
DAILY20260903C122,c54995a2-96e6-4106-873f-a7bceba56479,8bdf54fe-3bb2-4cf7-b35b-24e3487223c9,e9dced65-f61b-4c24-bae7-d4170299ed46,,IN_PROGRESS,HIGH,9240,0,0,2026-09-21,75,f,1,5,,,FIELD,,,,,,f,,,,14fac11d-c351-4c20-8441-083cd1bd5c5a,2026-09-02 15:33:16.063236+00,2026-09-21 06:09:27.023574+00
BANK000001,6b8d88f3-baf7-420d-89b2-ca5c882020d0,32730ccf-a566-4487-ae2a-f7e0bebf08b1,a2e2555c-f597-43af-a77a-fe708f967218,,IN_PROGRESS,MEDIUM,13840,0,0,2026-09-18,37.5,t,1,4,,,FIELD,,,,,,f,,,,1537e7c0-22b5-4c9a-9037-4e22a3bb1573,2026-08-27 11:28:09.800424+00,2026-09-21 05:55:24.52112+00
CASE0000182,d6a1fca5-8fed-47e0-a1db-eae9c3775bc9,c0b2232d-e6eb-4b15-a88c-6fa6145be9ae,3e9c4168-1de9-43e8-b9f2-fbf3f931949d,,PARTIALLY_PAID,MEDIUM,40650,22763.73,0,2026-09-02,95.17,t,4,4,,,FIELD,,,,"Legal notice sent last month. Customer acknowledged receipt, no payment.",,f,,,,155cc034-5ebd-434f-81a4-c8bd4239db88,2026-08-27 11:28:01.845122+00,2026-09-21 09:28:23.737202+00
DAILY20260903C81,64a7e048-533f-4e7a-8107-cb4f26fd5c8d,f9fdb365-1ea0-4622-95eb-9c55746f4656,,,UNASSIGNED,CRITICAL,13300,0,0,2026-09-03,95,f,0,5,,,NPA_RECOVERY,,,,,,f,,,,15db4c9a-a469-4dc8-b35a-b392112631d4,2026-09-02 15:33:15.898397+00,2026-09-02 15:33:15.898397+00
CASE0000331,a4a0aec6-22fe-4287-8458-2bab6c671180,20400f74-9d13-417a-9208-1712de2107c5,2dfc73e0-dba9-4aa5-babf-d5141ded5497,,ASSIGNED,MEDIUM,24100,0,0,2026-09-02,51.61,f,3,3,,,FIELD,,,,,,f,,,,15e421fd-18ab-4223-a21e-3e66c3946339,2026-08-27 11:28:03.335983+00,2026-09-08 11:10:59.770013+00
DAILY20260906C150,0359b1a7-7c30-4639-9453-f0af761d6a46,b2c5faf1-5eea-423a-9839-84fe83a528ba,,,UNASSIGNED,CRITICAL,7730,0,0,2026-09-06,95,f,0,5,,,NPA_RECOVERY,,,,,,f,,,,15f3612b-2bb7-48e0-bec5-752b71250ebc,2026-09-06 13:30:49.718879+00,2026-09-06 13:30:49.718882+00
DAILY20260907C29,509ff808-c006-4310-ba06-a8949c1e9ecb,2f70757f-40cd-4dbf-8873-0f15be5911a1,,,UNASSIGNED,HIGH,9760,0,0,2026-09-07,75,f,0,5,,,FIELD,,,,,,f,,,,16388656-9911-43b4-8620-336a258cdf30,2026-09-07 04:59:05.889108+00,2026-09-07 04:59:05.889111+00
CASE0000673,6eae988a-e6ef-45c7-b9c0-92b44ad3ddeb,613a3991-bf43-4bb4-8379-986e7cb6d770,c33350cc-f581-492e-807f-14262d56ebcb,,PAID,MEDIUM,30410,30410,0,2026-09-10,40.7,t,3,4,2026-09-10 14:18:00+00,,PRE_LEGAL,,,,,,f,,,,165b7cb2-5601-48c6-a255-a94d78031e60,2026-08-27 11:28:08.071559+00,2026-09-10 10:42:27.038916+00
DAILY20260918C92,1afa7797-a6aa-4be8-94ed-6be4c04cebe5,7f9a80cd-f36b-48b6-9564-9126adf2ee62,a2e2555c-f597-43af-a77a-fe708f967218,,IN_PROGRESS,MEDIUM,15340,0,0,2026-09-21,45,f,1,5,,,FIELD,,,,,,f,,,,165f4f8b-69b8-4e8b-8e75-c1eca8aba680,2026-09-18 06:49:34.534574+00,2026-09-21 06:09:27.274712+00
CASE0000534,7125e192-ddfa-4bca-9c98-05aa6027715d,404d858f-ea71-4712-bd9c-5b78c5156c26,a2e2555c-f597-43af-a77a-fe708f967218,,ESCALATED,HIGH,4000,0,0,2026-09-18,33.79,f,3,3,,,PRE_LEGAL,,,,"Legal notice sent last month. Customer acknowledged receipt, no payment.",,t,CUSTOMER_HOSTILE,2026-09-18 07:51:00+00,,168381de-df09-4c1c-8940-e492f1c510a3,2026-08-27 11:28:06.048748+00,2026-09-21 09:28:23.737202+00
DAILY20260906C24,e171815b-8579-4f6c-9dde-0e389eea5f78,4d918fd4-6bb8-4503-a1c8-03ff98e451cd,,,UNASSIGNED,HIGH,8190,0,0,2026-09-06,75,f,0,5,,,FIELD,,,,,,f,,,,16939ba4-1fee-42f5-9f22-809e6858d444,2026-09-06 13:30:48.81339+00,2026-09-06 13:30:48.813393+00
CASE0000113,9ef461fd-6129-47ff-b256-f494fc8b0d37,0e11d1e5-6549-43db-89ba-3d97c536fcc5,3e9c4168-1de9-43e8-b9f2-fbf3f931949d,,PARTIALLY_PAID,CRITICAL,7610,4252.89,0,2026-09-01,57.16,f,2,4,,,NPA_RECOVERY,2026-07-11,,,,,f,,,,16950419-bf0b-46d4-98a0-7ca6980b606a,2026-08-27 11:28:01.260028+00,2026-09-21 09:28:23.737203+00
CASE0000280,179bb5f7-66c6-4094-8948-06aef8f0037e,ada62e6e-a761-48f4-b3a8-1d33d055ca49,3e9c4168-1de9-43e8-b9f2-fbf3f931949d,,ESCALATED,CRITICAL,15870,0,0,2026-08-26,77.09,t,3,5,,,NPA_RECOVERY,,,,,,t,,,,16d0fd20-2989-4fb7-a4da-a4f025ababf3,2026-08-27 11:28:02.970974+00,2026-09-21 09:28:23.737204+00
DAILY20260907C169,490d37d1-039a-4786-a189-d40f9ee5ab5f,ff9bae2e-a100-4855-9a99-6d2115bdf5aa,,,UNASSIGNED,MEDIUM,4440,0,0,2026-09-07,45,f,0,5,,,FIELD,,,,,,f,,,,16d1bef4-f3c3-41f3-b3a2-bf5d8ef4f678,2026-09-07 04:59:06.787286+00,2026-09-07 04:59:06.787292+00
DAILY20260921C173,c54b3486-9251-4b14-b638-0381122706d6,f91c52bf-85cd-4fd5-8cfb-2dfaad4e0c10,,,UNASSIGNED,MEDIUM,8810,0,0,2026-09-21,45,f,0,5,,,FIELD,,,,,,f,,,,16de0e58-f8ef-4cc5-bc99-33c1884a7071,2026-09-21 04:53:00.647689+00,2026-09-21 04:53:00.647695+00
DAILY20260918C113,2e6abc7c-15e5-4dba-87c7-bcb36516c940,1f83ac13-f68f-4f88-9b12-5b0ee9e458b0,,,UNASSIGNED,CRITICAL,3560,0,0,2026-09-18,95,f,0,5,,,NPA_RECOVERY,,,,,,f,,,,16ef812f-371f-4046-84e5-9adcc0e6fcf2,2026-09-18 06:49:34.674911+00,2026-09-18 06:49:34.674915+00
DAILY20260906C134,e406f6ee-6e3c-4159-8b1f-b6feaca64d01,10558ac9-56a7-47c8-a516-571b8c7b06a9,,,UNASSIGNED,HIGH,11230,0,0,2026-09-06,75,f,0,5,,,FIELD,,,,,,f,,,,170a317e-e39a-4a7a-8b47-f400801d8f4c,2026-09-06 13:30:49.615611+00,2026-09-06 13:30:49.615613+00
DAILY20260907C20,ebb1e728-e37a-4c38-bd85-4ea91728eba8,ca7ba4d4-da18-4777-bd19-f1525e7e0e5b,2b6de8aa-0976-4be0-8a40-043ff86ffa54,,PAID,MEDIUM,29250,29250,0,2026-09-18,45,f,1,5,2026-09-18 10:07:00+00,Paid in full at doorstep,FIELD,,,,,,f,,,,1714a093-5050-429e-ade8-4b75b125a650,2026-09-07 04:59:05.84452+00,2026-09-18 06:37:21.702291+00
DAILY20260918C112,b661e6f6-65e9-431f-af93-b55c609e4340,99d45b92-37b8-4ca6-8c51-5fb4b8844240,a13886ca-739b-47b4-a473-724e03f7332a,,ASSIGNED,HIGH,60660,0,0,2026-09-21,75,f,0,5,,,FIELD,,,,,,f,,,,171bb248-04b0-402e-9b40-660373e81690,2026-09-18 06:49:34.666806+00,2026-09-21 04:53:12.583109+00
CASE0000231,3dd02813-2be4-400d-82fe-f7dd030407ea,62306470-a7ef-4fad-b624-a1b8df5827af,3e9c4168-1de9-43e8-b9f2-fbf3f931949d,,PAID,CRITICAL,25850,25850,0,2026-08-03,100,t,2,3,2026-09-01 05:52:00.181768+00,,FIELD,,,,Borrower relocated. New address shared by guarantor — verify on field visit.,,f,,,,1753234f-57d9-48f9-b3b6-c9d90959b81b,2026-08-27 11:28:02.154462+00,2026-09-02 15:27:18.830142+00
DAILY20260918C02,7d735b07-ba39-483f-8645-852986405422,f941a35b-7494-4bf6-a790-63fdd83aaa23,3e9c4168-1de9-43e8-b9f2-fbf3f931949d,,ASSIGNED,HIGH,17460,0,0,2026-09-21,75,f,0,5,,,FIELD,,,,,,f,,,,180ef7ba-342c-4ff5-b5f9-9569f60a234c,2026-09-18 06:49:34.036047+00,2026-09-21 04:53:43.108385+00
CASE0000153,aaa5115f-a8d0-4e95-aabf-f051fc54c9f7,40fc9807-c642-4c10-b19b-e87aeb4abe06,4a182f53-a1a1-4f15-945a-6a56f4e04b64,,PAID,LOW,12000,12000,0,2026-07-31,28.16,f,1,3,2026-08-09 00:00:00+00,,FIELD,,,,Bank field agent visited twice — no contact. Escalated to recovery agency.,,f,,,,18295667-56d1-4b7a-be8b-a84f22a51c34,2026-08-27 11:28:01.647457+00,2026-09-02 15:27:18.830142+00
DAILY20260921C13,87e008b1-7179-4895-966d-b394891296d1,7abd7901-437f-4e46-9cf8-1c8994065cf9,,,UNASSIGNED,CRITICAL,7670,0,0,2026-09-21,95,f,0,5,,,NPA_RECOVERY,,,,,,f,,,,18731e52-4b0e-420a-af63-f35f6c0362ae,2026-09-21 04:52:59.456803+00,2026-09-21 04:52:59.456807+00
DAILY20260921C11,5e2086c5-61ba-49e6-8ace-35ca4014c220,82c1248a-2023-4bb1-9cee-d6a5b95fd563,,,UNASSIGNED,CRITICAL,15700,0,0,2026-09-21,95,f,0,5,,,NPA_RECOVERY,,,,,,f,,,,1873b690-0c3e-4a52-b7ec-d6b3f051e89b,2026-09-21 04:52:59.442896+00,2026-09-21 04:52:59.442898+00
DAILY20260907C180,d1983c72-59a0-4e11-8913-fab202ef2ca8,430c90f9-9a38-4eab-8729-940ead736a10,8e59153e-dc8e-4efa-af65-1db304a6f3f1,,PTP_SET,MEDIUM,60460,0,0,2026-09-17,45,f,1,5,,,FIELD,,,,,,f,,,,187f2be3-c67c-47e9-a00b-43f20afb8319,2026-09-07 04:59:06.855627+00,2026-09-17 06:31:12.904655+00
CASE0000140,689703aa-4ec3-4c30-9f88-8a31db74f125,01964828-8b49-403b-87be-d4e290c0abc8,a13886ca-739b-47b4-a473-724e03f7332a,,PAID,LOW,2970,2970,0,2026-08-25,21.05,f,3,3,2026-09-01 05:52:00.181768+00,,FIELD,,,,,,f,,,,18b3d950-6ba8-43cf-a907-2e3f7135c64a,2026-08-27 11:28:01.541829+00,2026-09-02 15:27:18.830142+00
DAILY20260907C52,bc8d2100-9bde-4473-9929-b7f4dc2098b2,2d00bb86-09fb-4e26-81b8-5ba530d28789,,,UNASSIGNED,CRITICAL,6890,0,0,2026-09-07,95,f,0,5,,,NPA_RECOVERY,,,,,,f,,,,18f5b65e-39af-417f-9467-90f49ce21a47,2026-09-07 04:59:06.101325+00,2026-09-07 04:59:06.10133+00
CASE0000028,7c31ed7e-04d9-47ed-844e-ee7baab15f68,0628d50e-01fb-435d-a82c-5b2668550ae4,c2f2e0ce-5aeb-4ece-8325-2167edfe139e,,PAID,CRITICAL,69080,69080,0,2026-09-18,100,t,4,5,2026-09-18 04:35:00+00,Paid in full at doorstep,FIELD,,,,Borrower relocated. New address shared by guarantor — verify on field visit.,,f,,,,192014b9-32bd-457b-86f8-74273390fcc9,2026-08-27 11:28:00.977822+00,2026-09-18 06:37:21.60642+00
CASE0000339,d320a4b2-28ea-4bb4-9663-3a43cb57853e,354e808b-fe28-4329-a7a4-8868befad978,cd9e6eca-028e-4c61-8e82-048327bc4476,,PARTIALLY_PAID,MEDIUM,46520,35234.41,0,2026-09-01,72.05,t,3,4,,,FIELD,,,,Co-applicant details on file. May respond if approached together.,,t,,,,197f73a0-ba74-47eb-952a-b22aa1993bdc,2026-08-27 11:28:03.386956+00,2026-09-21 09:28:23.737204+00
CASE0000359,3a7c144c-c15a-4a83-8de0-c68126435e7f,eb93c208-3d6e-4f5b-ad09-76aacc1f1565,c2f2e0ce-5aeb-4ece-8325-2167edfe139e,,PAID,LOW,3690,3690,0,2026-08-25,20.62,f,2,5,2026-09-01 05:52:00.181768+00,,FIELD,,,,,,f,,,,19995051-c48f-46a0-a78d-a83be0d4ed07,2026-08-27 11:28:03.520075+00,2026-09-02 15:27:18.830142+00
CASE0000325,01bec68e-6cbc-49d5-9bc3-5d11bc4bd4a1,6ed61914-91d7-4e38-9874-af6982d9ac28,4a182f53-a1a1-4f15-945a-6a56f4e04b64,,PARTIALLY_PAID,CRITICAL,6460,5398.85,0,2026-08-27,59,f,3,4,,,NPA_RECOVERY,,,,Previous agency attempt closed with no resolution. Fresh allocation.,,f,,,,199c34c5-3e75-407b-a058-534a124d8398,2026-08-27 11:28:03.295057+00,2026-09-21 09:28:23.737205+00
CASE0000524,49990be3-78b7-4671-a955-7b3eaf1c075c,be6c4a25-bdf0-4f47-a21c-528db917fdf1,c6ca60b7-2143-412b-887e-c30ae9cda031,,PAID,CRITICAL,16600,16600,0,2026-08-26,100,t,2,5,2026-04-24 00:00:00+00,,NPA_RECOVERY,,,,Previous agency attempt closed with no resolution. Fresh allocation.,,f,,,,19ab1259-1a65-41b1-bb0b-683e3b2f0fd3,2026-08-27 11:28:05.981048+00,2026-09-02 15:27:18.830142+00
CASE0000220,51f70ed9-0888-4ca1-89b4-3698488d5705,8791109c-6b52-42b1-af05-3e2bdfb4c685,1d5e58e8-954e-4d6c-b13c-6e6d614cb588,,PAID,LOW,8540,8540,0,2026-09-01,24.58,f,3,4,2026-09-01 10:54:00+00,,FIELD,2026-06-29,,,Borrower relocated. New address shared by guarantor — verify on field visit.,,f,,,,19cde866-4a31-4862-bd15-c59584585719,2026-08-27 11:28:02.089509+00,2026-09-03 05:17:21.99351+00
CASE0000542,19a6a5c4-dcb8-42c9-976d-e7e5544aee65,034b28ba-0847-41c6-aefd-ed10d18ff9b8,c33350cc-f581-492e-807f-14262d56ebcb,,PARTIALLY_PAID,MEDIUM,17690,14518.71,0,2026-09-07,73.45,t,1,3,,,FIELD,,,,Previous agency attempt closed with no resolution. Fresh allocation.,,f,,,,19d0e2ef-9e4f-48bc-9620-074e58906453,2026-08-27 11:28:06.117653+00,2026-09-21 09:28:23.737205+00
DAILY20260918C04,22183040-e158-4f8e-9a45-30a81b95e653,4680ce05-856f-4f94-8114-3de6108b3003,,,UNASSIGNED,CRITICAL,32000,0,0,2026-09-18,95,f,0,5,,,NPA_RECOVERY,,,,,,f,,,,1a269e35-aa86-4516-b3d1-b74a924b2fbc,2026-09-18 06:49:34.045584+00,2026-09-18 06:49:34.045587+00
DAILY20260906C77,0547279f-01de-4ce3-acf9-5acbdaefd517,56daee3e-2388-4eac-8027-f173d799d832,357e2e09-b637-468e-818b-57a5dce18e9c,,IN_PROGRESS,MEDIUM,4190,0,0,2026-09-21,45,f,1,5,,,FIELD,,,,,,f,,,,1a3cd357-704b-4af7-8436-ba203a5a9ce6,2026-09-06 13:30:49.272083+00,2026-09-21 06:09:26.885782+00
CASE0000073,c678e71f-9674-4b8a-a1fa-d9655698801f,aecc0492-57c7-4eb4-9a96-7c67e4b2590c,3aa13103-bd03-4578-9292-44d88d58da00,,PARTIALLY_PAID,MEDIUM,8330,3019.95,0,2026-09-01,27.71,t,2,5,,,FIELD,2026-07-21,,,,,t,,,,1aab570c-e5fc-422f-bfb5-a6bfed82dcef,2026-08-27 11:28:01.119775+00,2026-09-21 09:28:23.737206+00
DAILY20260918C52,1de01e4a-18f0-4b66-8624-e76e5c3de2bb,d02af049-b265-4057-b235-c6d5082167a4,,,UNASSIGNED,CRITICAL,3250,0,0,2026-09-18,95,f,0,5,,,NPA_RECOVERY,,,,,,f,,,,1ab0314d-e448-42f3-84c2-a78248185eb7,2026-09-18 06:49:34.29293+00,2026-09-18 06:49:34.292933+00
DAILY20260918C27,26b73248-faea-4e0c-976d-6457edff4548,e93cafdf-b6e2-44c5-80eb-02ccef9f3a08,3aa13103-bd03-4578-9292-44d88d58da00,,PAID,MEDIUM,38260,38260,0,2026-09-21,45,f,1,5,2026-09-21 04:52:00+00,Paid in full at doorstep,FIELD,,,,,,f,,,,1ad395fb-93cd-414d-ab3f-7221f6d8c2c0,2026-09-18 06:49:34.160585+00,2026-09-21 06:09:25.915785+00
CASE0000023,8f6104f5-f791-478a-b793-413e8421d0e1,f179b39d-57e0-40de-8c32-39a9585f1677,3aa13103-bd03-4578-9292-44d88d58da00,,PAID,MEDIUM,1640,1640,0,2026-09-01,57.42,t,2,4,2026-09-01 11:52:00+00,,LEGAL,,,,,,t,,,,1b025605-e86a-4edd-b675-5450ee339135,2026-08-27 11:28:00.964573+00,2026-09-03 05:17:21.99351+00
CASE0000431,0c8029d7-3e34-44b7-847f-ba2b017924f0,2a428cf7-9bf6-4cdc-8c3b-bef844e97836,4a182f53-a1a1-4f15-945a-6a56f4e04b64,,PARTIALLY_PAID,CRITICAL,27390,19655.01,0,2026-09-04,100,t,2,3,,,NPA_RECOVERY,,,,,,t,,,,1b152f4d-7a21-461c-a5b2-5bf1726bed39,2026-08-27 11:28:04.588078+00,2026-09-03 10:17:46.803234+00
CASE0000401,d23f6808-7ebf-4dba-87d6-0108d1381e9e,821290bb-8bd6-4b5d-aadb-fca96d9f0e6c,a13886ca-739b-47b4-a473-724e03f7332a,,PAID,LOW,10630,10630,0,2026-08-24,25.11,t,2,4,2026-09-01 05:52:00.181768+00,,FIELD,,,,,,t,,,,1b5331b4-e62c-4be1-9d6f-df9e5fad6d66,2026-08-27 11:28:04.338276+00,2026-09-02 15:27:18.830142+00
CASE0000544,645cdd78-581e-4e19-b5c6-0f9bb80063bf,faea680c-90ae-4a8f-a6fe-eeb1d152ed8a,a2e2555c-f597-43af-a77a-fe708f967218,,PTP_SET,CRITICAL,44220,26371.66,0,2026-09-18,100,f,4,4,,,NPA_RECOVERY,,,,,,t,,,,1b86f9e5-3e02-41bf-85e1-fd879a889e73,2026-08-27 11:28:06.130639+00,2026-09-18 06:37:22.658392+00
DAILY20260906C71,d9f92e3b-bee2-4ddf-9231-d3058ab504bb,df4b4f68-faca-4259-8396-0cebd6bf33ff,,,UNASSIGNED,CRITICAL,15900,0,0,2026-09-06,95,f,0,5,,,NPA_RECOVERY,,,,,,f,,,,1b9a003c-d149-4c43-81c0-54dc4f2cb3c3,2026-09-06 13:30:49.233643+00,2026-09-06 13:30:49.233646+00
DAILY20260907C49,57d41b86-4f50-4dcd-9792-dcc2eaabba3a,aef29324-da98-476d-ac4f-bd18efe38cb5,3aa13103-bd03-4578-9292-44d88d58da00,,IN_PROGRESS,HIGH,19570,0,0,2026-09-18,75,f,1,5,,,FIELD,,,,,,f,,,,1ba2b282-375a-46c3-b420-a5343a9323f5,2026-09-07 04:59:06.083179+00,2026-09-18 06:37:23.430399+00
DAILY20260921C78,765a109c-3bee-41a1-b424-4192d7da9e4d,530d945a-f0b8-4223-963e-b161f13dd074,,,UNASSIGNED,MEDIUM,14740,0,0,2026-09-21,45,f,0,5,,,FIELD,,,,,,f,,,,1bd85ffb-590a-4754-92d1-d2e5d7c338e5,2026-09-21 04:52:59.828367+00,2026-09-21 04:52:59.82837+00
DAILY20260907C101,11dad063-44fd-4417-9231-ba10e6d2c41c,c87f2a22-2c3a-4cbd-8e65-97628953d2c8,3e9c4168-1de9-43e8-b9f2-fbf3f931949d,,PAID,MEDIUM,19320,19320,0,2026-09-17,45,f,1,5,2026-09-17 07:02:00+00,Paid in full at doorstep,FIELD,,,,,,f,,,,1bec0358-0880-47b6-9a51-bac2318dda9d,2026-09-07 04:59:06.398532+00,2026-09-17 06:31:12.098281+00
DAILY20260906C59,f0de2271-35c1-487c-a7cf-4a2694f27ed3,79567f75-6424-4690-8388-c60df45a5dab,,,UNASSIGNED,MEDIUM,10920,0,0,2026-09-06,45,f,0,5,,,FIELD,,,,,,f,,,,1bfd0b87-fe19-4622-945c-81173de12937,2026-09-06 13:30:49.149256+00,2026-09-06 13:30:49.149259+00
CASE0000293,77b5829a-af76-4e86-bcaa-4b8bf1b6f8f9,5d778fcc-acf4-4fd5-82cd-a9e216105603,3e9c4168-1de9-43e8-b9f2-fbf3f931949d,,PARTIALLY_PAID,HIGH,9460,8963.26,0,2026-08-26,34.31,t,2,4,,,PRE_LEGAL,2026-05-29,,,Bank field agent visited twice — no contact. Escalated to recovery agency.,,f,,,,1c022ea5-644b-4107-921a-065c6303d789,2026-08-27 11:28:03.067718+00,2026-09-21 09:28:23.737206+00
CASE0000324,2e0ec7cc-3dcc-4204-b83a-c5bda7ad54f4,a4c1c26e-0726-403e-b501-2ab6e86d5e90,3aa13103-bd03-4578-9292-44d88d58da00,,PAID,HIGH,16780,16780,0,2026-06-15,65.24,f,1,4,2026-09-01 05:52:00.181768+00,,NPA_RECOVERY,,,,,,t,,,,1c0da5ee-6603-45eb-b062-d5d1fde8f516,2026-08-27 11:28:03.287521+00,2026-09-03 05:17:21.999513+00
DAILY20260906C122,65d5fd47-1687-4435-baff-3d892d2869ad,3a29c012-73ca-438f-b5b0-f1f1b31f67eb,8e59153e-dc8e-4efa-af65-1db304a6f3f1,,ASSIGNED,HIGH,20440,0,0,2026-09-11,75,f,0,5,,,FIELD,,,,,,f,,,,1c47e110-6fb8-4a02-99b3-217e0c75b856,2026-09-06 13:30:49.539263+00,2026-09-11 04:55:07.558069+00
DAILY20260918C172,581942a2-9d8d-483e-abb2-9aec32f057d8,98f534ca-d8dd-40d1-a6cd-1f8088fe6bb9,,,UNASSIGNED,HIGH,5640,0,0,2026-09-18,75,f,0,5,,,FIELD,,,,,,f,,,,1c5e1ba5-9813-4b3a-89c1-d17cf8eeb201,2026-09-18 06:49:34.992492+00,2026-09-18 06:49:34.992495+00
CASE0000611,8360ebc4-51cb-4b24-b405-9dc2a30de93a,f5197e5b-857f-4e10-a9e3-b0997a228992,3e9c4168-1de9-43e8-b9f2-fbf3f931949d,,PAID,CRITICAL,27900,27900,0,2026-08-27,100,f,2,5,2026-08-27 13:10:00+00,,NPA_RECOVERY,,,,,,f,,,,1c61f6d9-908e-440e-88be-7e3c2d4a6af7,2026-08-27 11:28:07.528922+00,2026-09-02 15:27:18.839757+00
CASE0000392,0cf79da7-545f-4c74-a7f6-517536fa5cf4,c9146f2e-a92a-4302-ad6e-7daed32c5689,c6ca60b7-2143-412b-887e-c30ae9cda031,,PAID,MEDIUM,16200,16200,0,2026-05-23,40.49,f,1,4,2026-05-27 00:00:00+00,,FIELD,,,,,,f,,,,1c835b8a-3fdb-4d95-83fe-512b15750a37,2026-08-27 11:28:04.25078+00,2026-09-03 05:17:21.999513+00
CASE0000415,18545dbd-a5d0-4449-814f-81cb0d9cce0a,913ddefe-b463-41c0-bd00-ffb777223978,e9dced65-f61b-4c24-bae7-d4170299ed46,,PTP_SET,HIGH,12460,5189.55,0,2026-09-17,49.34,t,3,5,,,PRE_LEGAL,2026-04-10,,,,,t,,,,1caaf4ff-bb07-41fd-b36e-ed3e44f2854f,2026-08-27 11:28:04.450684+00,2026-09-21 09:28:23.737207+00
CASE0000286,ba61e26c-957f-47e5-84c7-210db74a1652,fbed731d-1996-468e-a003-d4217b44e940,8e59153e-dc8e-4efa-af65-1db304a6f3f1,,ESCALATED,HIGH,1480,0,0,2026-08-26,31.5,f,2,3,,,PRE_LEGAL,2026-06-02,,,,,t,,,,1cae2c8d-360a-47f3-9e06-5e0bf5b09470,2026-08-27 11:28:03.025691+00,2026-09-21 09:28:23.737208+00
CASE0000686,13f4cf5d-84f8-4fe3-a737-9f00fba0ade3,4ff26bc5-5968-4a0b-94a5-eb695747bd0a,b06cd5a3-f1c0-4cdb-b241-9ce2d6c5e791,,PAID,CRITICAL,10890,10890,0,2026-03-19,91.54,t,2,4,,,NPA_RECOVERY,2026-02-26,,,,,f,,,,1cb3d96c-5888-432c-870e-714507269363,2026-08-27 11:28:08.18223+00,2026-09-03 05:17:22.00051+00
DAILY20260901C01,884b8d69-48b8-467e-95d6-96de24bbe3fb,fe7e4bc7-58cc-4238-a2fb-420045901a26,2b6de8aa-0976-4be0-8a40-043ff86ffa54,,PAID,MEDIUM,2250,2250,0,2026-09-01,45,f,1,5,2026-09-01 09:33:00+00,,FIELD,,,,,,f,,,,1cc30a7c-58d1-4ae8-8285-d02e6197090a,2026-09-01 04:38:21.171558+00,2026-09-03 05:17:22.00051+00
CASE0000306,0cdc1fb5-87e9-47d4-8bfa-f59fcef10dd7,1be2ce40-09d8-4f5f-bb3a-af2fce21ae9d,a2e2555c-f597-43af-a77a-fe708f967218,,PARTIALLY_PAID,CRITICAL,25520,23485.55,0,2026-08-24,100,f,2,4,,,NPA_RECOVERY,,,,,,t,,,,1cd98bf4-461d-464a-b46b-e31f42261d3b,2026-08-27 11:28:03.167466+00,2026-09-21 05:55:24.523068+00
DAILY20260918C82,8f2afab7-104d-4539-8194-1b96f6e3ad73,8107faeb-66b8-4119-842e-8934d33d8c56,c37b6a5c-9d1c-46d4-8ece-dfce290dc74b,,IN_PROGRESS,HIGH,17060,0,0,2026-09-21,75,f,1,5,,,FIELD,,,,,,f,,,,1ceb7ee1-4afe-4b8b-97f5-a626e40999c9,2026-09-18 06:49:34.471214+00,2026-09-21 06:09:27.26522+00
CASE0000487,c77e10a4-659a-45bc-b298-17404f303324,2ee12012-45cd-42a1-80b2-059535665e53,a2e2555c-f597-43af-a77a-fe708f967218,,PTP_SET,CRITICAL,66320,43611.7,0,2026-09-18,100,t,5,5,,,NPA_RECOVERY,,,,Business borrower — shop visit recommended. Morning hours more effective.,,t,,,,1d09cd5e-7624-409b-9722-566194e3323b,2026-08-27 11:28:05.676024+00,2026-09-18 06:37:22.288278+00
DAILY20260918C122,5a276633-2def-4eaa-b5f2-c0b2e3a0fffd,f6802b9c-0028-4d66-97cf-c50659b83fb2,,,UNASSIGNED,MEDIUM,5910,0,0,2026-09-18,45,f,0,5,,,FIELD,,,,,,f,,,,1d1028de-0eaa-4f8a-bf3e-5aa84ec90510,2026-09-18 06:49:34.726859+00,2026-09-18 06:49:34.726861+00
CASE0000496,8686c2cc-b01d-4e9f-966c-a2c2ab5bcb98,d8729724-f115-43b4-9112-796cd28e00a9,c37b6a5c-9d1c-46d4-8ece-dfce290dc74b,,PAID,HIGH,28910,28910,0,2026-09-18,68.25,t,2,4,2026-09-18 05:08:00+00,Paid in full at doorstep,PRE_LEGAL,,,,Co-applicant details on file. May respond if approached together.,,f,,,,1d527e03-1b3e-44dc-993c-33a1f11c639d,2026-08-27 11:28:05.745992+00,2026-09-18 06:37:21.653178+00
CASE0000494,a28aa48d-a8a8-4e65-b147-a14037eef4bd,138ee666-eebe-4b90-ab79-e2a1deceea36,a2e2555c-f597-43af-a77a-fe708f967218,,PTP_SET,CRITICAL,33170,3537.71,0,2026-09-17,58.18,t,4,4,,,NPA_RECOVERY,,,,,,f,,,,1d52bd4e-f848-4df5-b573-a3785cd74a18,2026-08-27 11:28:05.723575+00,2026-09-21 09:28:23.737208+00
DAILY20260918C30,172c3f40-2bd4-4bf6-a529-1f4de0eac92f,9c366256-f9ec-4600-94cf-9df9763ef590,,,UNASSIGNED,CRITICAL,5670,0,0,2026-09-18,95,f,0,5,,,NPA_RECOVERY,,,,,,f,,,,1dc0cc9c-319c-405b-8407-c9a419d62eb6,2026-09-18 06:49:34.174172+00,2026-09-18 06:49:34.174174+00
DAILY20260906C52,c24e6437-0770-4856-a8ab-63280b03761c,82d53941-865a-441a-a8d8-85fa41e6109f,c33350cc-f581-492e-807f-14262d56ebcb,,PARTIALLY_PAID,HIGH,23300,3181.47,0,2026-09-17,75,f,1,5,,,FIELD,,,,,,f,,,,1e260079-3d00-4d7b-bd44-2b90b2a7353f,2026-09-06 13:30:49.097121+00,2026-09-21 06:08:06.851391+00
DAILY20260907C37,9f4a5f6a-a78b-40e4-818b-26629b38b38b,230056e8-90f7-4745-85f2-b8d1e8ca12d9,3aa13103-bd03-4578-9292-44d88d58da00,,PTP_SET,HIGH,56360,21501.04,0,2026-09-18,75,f,1,5,,,FIELD,,,,,,f,,,,1e351d76-0cec-46f7-bc12-f548a9e2baff,2026-09-07 04:59:06.006577+00,2026-09-18 06:37:22.676151+00
CASE0000378,fd43a479-ff98-41e7-9901-d682854af95f,ced88f70-c27e-4cd2-bdea-8bd54daf826e,e9dced65-f61b-4c24-bae7-d4170299ed46,,PAID,MEDIUM,45140,45140,0,2026-08-26,52.39,t,2,3,2026-09-01 05:52:00.181768+00,,NPA_RECOVERY,2026-05-20,,,,,t,,,,1e5e4dd4-1e72-424c-b8b0-284a9c3b3d15,2026-08-27 11:28:04.147006+00,2026-09-03 05:17:22.00051+00
CASE0000302,c5733aff-893e-4874-894d-65898bc2c1e1,f5cbf4df-ae63-41e9-94a0-0295035f3160,c6ca60b7-2143-412b-887e-c30ae9cda031,,PAID,MEDIUM,4080,4080,0,2026-08-26,40.32,t,2,5,2026-09-01 05:52:00.181768+00,,PRE_LEGAL,2026-06-08,,,,,f,,,,1e6a6472-5ea3-4327-bbec-7ee1647aac70,2026-08-27 11:28:03.139679+00,2026-09-03 05:17:22.00051+00
DAILY20260903C88,67f85480-f9f8-49d1-a97b-fc507dbab80e,c4907e1b-52bf-4f1d-8c52-4aace9d3ea80,,,UNASSIGNED,HIGH,5190,0,0,2026-09-03,75,f,0,5,,,FIELD,,,,,,f,,,,1eda702f-163b-4357-a84e-9c27a916e47c,2026-09-02 15:33:15.929898+00,2026-09-02 15:33:15.929898+00
DAILY20260918C62,83f39bd1-5e69-433c-8c91-00de2feedd8e,44837cc9-0e3d-431d-9ca2-ee5475f9e394,cd9e6eca-028e-4c61-8e82-048327bc4476,,PARTIALLY_PAID,CRITICAL,14690,4475.03,0,2026-09-21,95,f,1,5,,,NPA_RECOVERY,,,,,,f,,,,1f1d9473-39ee-419d-8ee8-1a1a456dcc51,2026-09-18 06:49:34.351726+00,2026-09-21 06:09:26.369545+00
DAILY20260907C30,1382ab00-3f83-458b-b08a-ffe67e2466e5,c1a3455f-715a-4e90-a8a7-c2d3de24ad84,,,UNASSIGNED,CRITICAL,2020,0,0,2026-09-07,95,f,0,5,,,NPA_RECOVERY,,,,,,f,,,,1f2f60f8-6ca6-4c4a-a2d9-3d1b15e2de4e,2026-09-07 04:59:05.893862+00,2026-09-07 04:59:05.893864+00
DAILY20260918C98,a142938d-1def-4e82-89df-02b14b1571d7,8ba4d3b5-79a3-4b80-870a-ee5276632a72,4a182f53-a1a1-4f15-945a-6a56f4e04b64,,PTP_SET,HIGH,54010,0,0,2026-09-21,75,f,1,5,,,FIELD,,,,,,f,,,,1f41e6e5-9586-4a49-b95d-1870225cc14c,2026-09-18 06:49:34.57467+00,2026-09-21 06:09:26.819283+00
CASE0000076,9fc92cd0-ece2-4a0d-9874-ee71c511c0fd,cc48abe0-ec62-4ba0-9e8c-78aeeea9ea71,357e2e09-b637-468e-818b-57a5dce18e9c,,PTP_SET,CRITICAL,9330,1049.46,0,2026-09-17,73.1,f,3,4,,,NPA_RECOVERY,,,,,,t,,,,1f8f38a6-0cf9-43e7-be08-000be9317b23,2026-08-27 11:28:01.130617+00,2026-09-21 09:28:23.737209+00
DAILY20260921C174,ac53fbf3-8eb1-4f41-8143-fdb3bc44f839,a72a0ca4-4b8a-4be9-a97e-158feb70b883,,,UNASSIGNED,CRITICAL,4640,0,0,2026-09-21,95,f,0,5,,,NPA_RECOVERY,,,,,,f,,,,1f9106ba-252c-4fcf-8ce2-506fd9a63536,2026-09-21 04:53:00.656442+00,2026-09-21 04:53:00.656446+00
CASE0000642,0206ed96-6702-4d9b-8861-5ca0019ddc4f,775cdd25-33e5-4548-894c-19587a0f68f9,2dfc73e0-dba9-4aa5-babf-d5141ded5497,,ASSIGNED,CRITICAL,4390,0,0,2026-09-11,100,f,2,4,,,NPA_RECOVERY,,,,,,f,,,,1fc4c4bb-c8da-4f77-b86f-045c1c7d83d6,2026-08-27 11:28:07.815474+00,2026-09-11 04:55:07.562267+00
DAILY20260907C167,3ac74adb-2700-40e7-b254-babca54387e0,c759066e-0d37-4384-9b55-9dae56f780d0,c6ca60b7-2143-412b-887e-c30ae9cda031,,PTP_SET,MEDIUM,22380,3633.07,0,2026-09-17,45,f,1,5,,,FIELD,,,,,,f,,,,1fdc5e0f-fb7a-45e3-84ca-b0f0d25e3ccb,2026-09-07 04:59:06.775596+00,2026-09-17 06:31:12.962527+00
DAILY20260907C50,8c4d38f9-6c5b-4680-b32a-b04dee9e9bb3,cb6e3fdf-9908-4b79-bcd8-71579d79d38b,8e59153e-dc8e-4efa-af65-1db304a6f3f1,,PARTIALLY_PAID,MEDIUM,38580,22439.37,0,2026-09-21,45,f,3,5,,,FIELD,,,,,,f,,,,1ffc2df9-89c4-4401-b47f-37f2e76d5cf1,2026-09-07 04:59:06.089391+00,2026-09-21 06:09:26.050761+00
DAILY20260918C58,37cc6948-91e2-4098-bc34-e8912b368099,49a5976c-e09f-4bd2-94be-11430c739017,cd9e6eca-028e-4c61-8e82-048327bc4476,,PARTIALLY_PAID,CRITICAL,20960,5780.82,0,2026-09-21,95,f,1,5,,,NPA_RECOVERY,,,,,,f,,,,20024755-472d-4910-adef-e04e594fd3fc,2026-09-18 06:49:34.32718+00,2026-09-21 06:09:26.293555+00
DAILY20260907C164,650da0e3-98ae-4fd0-ba0f-f85ca9aefddf,04324640-a496-4363-a2f4-1626a676e231,4a182f53-a1a1-4f15-945a-6a56f4e04b64,,PARTIALLY_PAID,MEDIUM,13070,3251.8,0,2026-09-21,45,f,2,5,,,FIELD,,,,,,f,,,,2003a60b-193c-4dcd-aba3-04312852bf50,2026-09-07 04:59:06.759698+00,2026-09-21 06:09:26.186719+00
DAILY20260906C85,60678d77-1f8f-4542-aefd-4d1a1a58feea,b1c53c6a-869c-4bbe-8b82-370010d3b7db,3aa13103-bd03-4578-9292-44d88d58da00,,PTP_SET,HIGH,28420,0,0,2026-09-17,75,f,1,5,,,FIELD,,,,,,f,,,,202a5b19-ee25-437b-866c-30a8ac2a307e,2026-09-06 13:30:49.318956+00,2026-09-18 06:37:23.193224+00
CASE0000123,c1e96984-0b42-44e9-8e5d-848c1d7a4a79,dd850cff-1fc3-4381-beab-607ff776f1ee,3e9c4168-1de9-43e8-b9f2-fbf3f931949d,,ESCALATED,CRITICAL,13380,0,0,2026-08-27,72.58,t,3,3,,,LEGAL,2026-06-13,,,Previous agency attempt closed with no resolution. Fresh allocation.,,t,,,,2033f788-f8b5-4024-ba05-7e83ce1c9975,2026-08-27 11:28:01.406721+00,2026-09-21 09:28:23.73721+00
CASE0000351,6e41bc48-426c-4fe9-9719-ded346a3f1b8,ff1b8131-7be5-4907-87a1-3b81e1c656cc,4a182f53-a1a1-4f15-945a-6a56f4e04b64,,PAID,CRITICAL,46060,46060,0,2026-08-27,91.68,f,2,5,2026-08-27 10:13:00+00,,LEGAL,,,,,,t,,,,2041c96a-9606-46f8-95ef-5fa5b59cce65,2026-08-27 11:28:03.466021+00,2026-09-02 15:27:18.850723+00
DAILY20260921C112,1b3e8be1-a880-4f28-9248-0ffba30b9877,8dc920c6-4dad-409d-954e-93e34c355c5c,,,UNASSIGNED,CRITICAL,31220,0,0,2026-09-21,95,f,0,5,,,NPA_RECOVERY,,,,,,f,,,,2052b76f-87da-42eb-969a-86bc0320260d,2026-09-21 04:53:00.123145+00,2026-09-21 04:53:00.12315+00
CASE0000612,f5795911-e27a-41da-a809-be2325d85e66,0d1afef5-c9cb-453d-9abb-163b483dd9f6,357e2e09-b637-468e-818b-57a5dce18e9c,,PARTIALLY_PAID,CRITICAL,51590,39239.15,0,2026-08-26,90.93,f,3,4,2026-03-15 00:00:00+00,,NPA_RECOVERY,2026-02-19,,,Partial payment of overdue attempted by customer at branch — reversed due to shortfall.,,f,,,,209ada90-3341-4870-a460-21158956474b,2026-08-27 11:28:07.536899+00,2026-09-21 05:55:24.52449+00
CASE0000083,598573b9-8c04-44bf-bc0b-b3a1d7eb941c,db7e249b-c427-450b-87be-5b74d39cee67,357e2e09-b637-468e-818b-57a5dce18e9c,,PARTIALLY_PAID,CRITICAL,23280,22073.49,0,2026-09-02,100,f,4,4,,,LEGAL,2026-08-10,,,,,f,,,,20ab749d-4aec-4b7f-99f9-61ad189fa4c4,2026-08-27 11:28:01.157247+00,2026-09-21 05:55:24.524491+00
DAILY20260906C138,3ca2480e-e0cf-4669-aecc-33780cef3fe5,be70c77d-e882-4668-a2ad-d9670971c980,3aa13103-bd03-4578-9292-44d88d58da00,,PARTIALLY_PAID,MEDIUM,27020,6576.9,0,2026-09-18,45,f,2,5,,,FIELD,,,,,,f,,,,20c8bbc5-f97a-4080-9144-96f4881fe040,2026-09-06 13:30:49.643332+00,2026-09-21 05:55:24.524491+00
DAILY20260921C186,d84772ab-f2fd-40c7-be5c-5d76d2671e66,91c02a42-269e-4533-8e03-48d3492e92c0,5fbae4d6-59d1-4e6c-8a80-fe57244a45bb,,IN_PROGRESS,MEDIUM,7670,0,0,2026-09-21,45,f,1,5,,,FIELD,,,,,,f,,,,20d3f456-07b3-4a00-be38-f5c652d11073,2026-09-21 04:53:00.731765+00,2026-09-21 06:09:26.997524+00
CASE0000385,1ca49b3c-bae3-4b4f-97fe-d55af158dab2,9ee58896-2988-4ab4-885b-0a8905b404cd,5fbae4d6-59d1-4e6c-8a80-fe57244a45bb,,PARTIALLY_PAID,HIGH,2910,2898.96,0,2026-08-26,58.48,f,4,5,,,PRE_LEGAL,,,,Previous agency attempt closed with no resolution. Fresh allocation.,,f,,,,20dc7a0e-bb49-4fd7-b54e-ded7d5c05d1a,2026-08-27 11:28:04.193008+00,2026-09-21 09:28:23.73721+00
CASE0000242,4f8bfadf-b2bc-41d8-82ef-ac42eac891d6,4e616207-c78b-4df0-9375-cc3ab4b46ddd,357e2e09-b637-468e-818b-57a5dce18e9c,,PARTIALLY_PAID,HIGH,29370,25157.15,0,2026-09-02,100,f,3,5,,,PRE_LEGAL,,,,,,t,,,,21059f5e-ab66-42bd-8e9f-7f69db8124ba,2026-08-27 11:28:02.50772+00,2026-09-21 09:28:23.737211+00
CASE0000190,aaa5115f-a8d0-4e95-aabf-f051fc54c9f7,40fc9807-c642-4c10-b19b-e87aeb4abe06,357e2e09-b637-468e-818b-57a5dce18e9c,,PAID,LOW,12000,12000,0,2026-07-27,28.16,f,2,3,2026-09-01 05:52:00.181768+00,,FIELD,,,,Account flagged for special mention — court case pending. Handle with care.,,f,,,,210783f0-6af8-49c2-b0f7-a7e78544b732,2026-08-27 11:28:01.894659+00,2026-09-03 05:17:22.007202+00
DAILY20260918C158,82113ba5-c82f-4fa9-a180-1443915c92f1,aa896d04-b482-4e37-8f9e-e1ef03bf5a02,,,UNASSIGNED,HIGH,4490,0,0,2026-09-18,75,f,0,5,,,FIELD,,,,,,f,,,,213d8378-81bf-4932-9020-b8a73249241c,2026-09-18 06:49:34.918009+00,2026-09-18 06:49:34.918013+00
DAILY20260921C59,e1bd0175-59f1-411d-bc95-c60d0f690bde,73bf2709-8226-4bc5-9fab-23e7bfcc15ee,,,UNASSIGNED,CRITICAL,9230,0,0,2026-09-21,95,f,0,5,,,NPA_RECOVERY,,,,,,f,,,,213e1599-f5cc-474f-b596-b5b2ac159ff2,2026-09-21 04:52:59.718711+00,2026-09-21 04:52:59.718714+00
DAILY20260921C102,8d869bc5-4338-4d22-b835-4eff7e406b6b,87637b73-4f73-4f68-8dff-04ce4591aa90,3e9c4168-1de9-43e8-b9f2-fbf3f931949d,,PAID,MEDIUM,36560,36560,0,2026-09-21,45,f,1,5,2026-09-21 09:11:00+00,Paid in full at doorstep,FIELD,,,,,,f,,,,21522a7f-2561-4ff7-9aed-730be968b801,2026-09-21 04:52:59.990304+00,2026-09-21 06:09:25.792332+00
DAILY20260906C142,51667a22-bdea-475f-8b14-1be074f4ba0e,a26c0b31-d9ec-4f2c-93cd-91f0505b73a1,,,UNASSIGNED,CRITICAL,6290,0,0,2026-09-06,95,f,0,5,,,NPA_RECOVERY,,,,,,f,,,,2167577e-2552-4196-845e-932cf1b30267,2026-09-06 13:30:49.667593+00,2026-09-06 13:30:49.667596+00
CASE0000516,d33f2626-c892-4bd0-bf23-d61d972bdfb4,0bdab2cd-6fa1-459c-bdb1-18ac9b13b490,3e9c4168-1de9-43e8-b9f2-fbf3f931949d,,ASSIGNED,CRITICAL,29570,0,0,2026-09-02,57.75,t,2,4,,,NPA_RECOVERY,,,,,,f,,,,217286e7-dd7e-430b-aa9a-decf545e75f6,2026-08-27 11:28:05.91984+00,2026-09-21 09:28:23.737211+00
CASE0000201,47e30ef7-8957-428d-be7b-a7b0524f8143,72615092-a694-4c7b-8ed4-93290716826f,4a182f53-a1a1-4f15-945a-6a56f4e04b64,,PARTIALLY_PAID,CRITICAL,4500,2978.93,0,2026-09-01,100,t,3,3,,,NPA_RECOVERY,,,,,,t,,,,2177bcc9-fb49-4931-ac5d-617b3df17159,2026-08-27 11:28:01.965887+00,2026-09-03 05:17:22.0082+00
CASE0000199,77b5829a-af76-4e86-bcaa-4b8bf1b6f8f9,aed06a74-ef36-4de7-a573-5e1b1634b53f,3e9c4168-1de9-43e8-b9f2-fbf3f931949d,,PARTIALLY_PAID,MEDIUM,9790,9759.82,0,2026-09-01,100,t,4,3,,,FIELD,,,,,,f,,,,21b87ade-8289-4310-9bdb-2cc0b38250d6,2026-08-27 11:28:01.951489+00,2026-09-21 09:28:23.737212+00
CASE0000398,b1747361-aa85-4164-9047-b7b5f2e7c575,b7d9fc05-0660-4bbe-9813-d60628601ca0,3aa13103-bd03-4578-9292-44d88d58da00,,PARTIALLY_PAID,CRITICAL,21330,17682.4,0,2026-09-02,100,t,4,5,,,LEGAL,,,,,,t,,,,21c73e2e-1511-48ec-a91d-720066f8a198,2026-08-27 11:28:04.30327+00,2026-09-03 05:17:22.0082+00
DAILY20260906C14,f759f638-2783-49ea-977e-fca3944a71b3,a264019e-5d6f-4ade-bc66-c43cc7f4a82b,4a182f53-a1a1-4f15-945a-6a56f4e04b64,,PTP_SET,CRITICAL,28270,0,0,2026-09-21,95,f,1,5,,,NPA_RECOVERY,,,,,,f,,,,21e04eb6-4829-40da-8c00-5a85e1d29038,2026-09-06 13:30:48.746049+00,2026-09-21 06:09:26.835326+00
CASE0000084,9339433d-7018-4df9-8ab1-189b46c9ca29,365700b5-d1d8-4a82-83a7-543fd6e3856c,c2f2e0ce-5aeb-4ece-8325-2167edfe139e,,PAID,MEDIUM,2410,2410,0,2026-09-01,48.46,t,2,3,2026-09-01 15:00:00+00,,NPA_RECOVERY,,,,,,f,,,,2225f3bc-7cec-4e92-a285-e44e953ecfc9,2026-08-27 11:28:01.161009+00,2026-09-03 05:17:22.0082+00
DAILY20260921C138,30210674-32a6-42a5-a2c8-c39915b228aa,2bc34af6-2da7-4179-ba39-66f7a7b9ef68,3aa13103-bd03-4578-9292-44d88d58da00,,ASSIGNED,CRITICAL,53640,0,0,2026-09-21,95,f,0,5,,,NPA_RECOVERY,,,,,,f,,,,2232a373-4d5c-4af2-8c3c-43b4075090ad,2026-09-21 04:53:00.391448+00,2026-09-21 04:53:43.126727+00
DAILY20260906C00,c073d5f7-88a3-4efa-aac8-892c4637ac94,6063e54e-a8c8-4b35-95ea-ffc6b57701e3,,,UNASSIGNED,CRITICAL,2860,0,0,2026-09-06,95,f,0,5,,,NPA_RECOVERY,,,,,,f,,,,225643c4-1c8b-4e15-bd29-4887ec906cad,2026-09-06 13:30:48.639009+00,2026-09-06 13:30:48.639013+00
CASE0000591,c52e3c3a-f668-409c-b38e-eacfaafb3285,3f5dcbd6-44ff-4050-a51f-2f899afae8a5,a13886ca-739b-47b4-a473-724e03f7332a,,PAID,HIGH,19930,19930,0,2026-08-25,65.75,t,3,4,2026-09-01 05:52:00.181768+00,,FIELD,,,,,,f,,,,229b9d2b-8a26-406c-8468-c4f97cb05b43,2026-08-27 11:28:06.517633+00,2026-09-02 15:27:18.855362+00
CASE0000584,ec7e7d5f-9af6-4660-b822-eaaa0a807d80,1ca4aca3-03a2-45cb-bee2-a5cdaae8d722,3e9c4168-1de9-43e8-b9f2-fbf3f931949d,,PARTIALLY_PAID,CRITICAL,12100,9322.5,0,2026-04-27,49.43,t,1,4,,,NPA_RECOVERY,,,,,,f,,,,229ea2ae-b64d-4bc1-8f28-16e087544a0b,2026-08-27 11:28:06.467745+00,2026-09-21 09:28:23.737212+00
CASE0000047,414ea351-9932-44a5-97dd-6087537e80e3,0433f1af-2ff1-468f-9411-1fdf39173bbe,3aa13103-bd03-4578-9292-44d88d58da00,,PAID,CRITICAL,30000,30000,0,2026-09-01,100,t,3,5,2026-09-01 13:27:00+00,,NPA_RECOVERY,,,,,,t,,,,22c5120c-7fcb-4cd9-b531-fdd0e84483b4,2026-08-27 11:28:01.029777+00,2026-09-03 05:17:22.0082+00
CASE0000347,a68bf52d-24ab-42db-be03-b3b34a1defda,7cbc62b2-94b7-4f66-b83a-f0619b65b1c5,cd9e6eca-028e-4c61-8e82-048327bc4476,,IN_PROGRESS,HIGH,4850,0,0,2026-08-24,42.31,f,2,3,,,PRE_LEGAL,2026-06-18,,,,,f,,,,22d73459-dbc4-45de-b369-4c5e8f055256,2026-08-27 11:28:03.443085+00,2026-09-21 09:28:23.737213+00
CASE0000163,9fd94f19-0418-4061-a80c-b65386790fb9,1d6e15b2-913a-4ceb-bbed-0849838af6d2,4a182f53-a1a1-4f15-945a-6a56f4e04b64,,PAID,CRITICAL,28130,28130,0,2026-07-14,100,t,1,3,2026-09-01 05:52:00.181768+00,,FIELD,,,,Customer called 6 times by bank IVR — no response. Contact number may have changed.,,f,,,,23098913-3108-4799-a107-fb41b6c5df65,2026-08-27 11:28:01.710421+00,2026-09-03 05:17:22.012579+00
DAILY20260918C31,0819c238-f941-4756-8194-915ed4d0b02b,91848a28-e73e-4647-b638-f266599ff194,cd9e6eca-028e-4c61-8e82-048327bc4476,,IN_PROGRESS,CRITICAL,13580,0,0,2026-09-21,95,f,1,5,,,NPA_RECOVERY,,,,,,f,,,,23cdf28b-85db-4b47-a6c4-be92a0c5d875,2026-09-18 06:49:34.179003+00,2026-09-21 06:09:27.229322+00
DAILY20260921C34,9ffa6f7f-cd29-42af-8c39-972dfba034d8,c42d5d67-797f-401e-979f-3bf91728a71d,2b6de8aa-0976-4be0-8a40-043ff86ffa54,,ASSIGNED,HIGH,18440,0,0,2026-09-21,75,f,0,5,,,FIELD,,,,,,f,,,,23da787b-69a8-4e2b-99e8-e8bd081731bb,2026-09-21 04:52:59.587353+00,2026-09-21 04:53:43.126732+00
DAILY20260906C149,5d74c92c-6a7e-4373-bcdb-6547b01b5faa,3cb4183c-81af-4f64-9653-f3bd189e75b1,2dfc73e0-dba9-4aa5-babf-d5141ded5497,,PARTIALLY_PAID,HIGH,24970,5856.82,0,2026-09-21,75,f,3,5,,,FIELD,,,,,,f,,,,23ddf276-72a3-4dae-a1a6-1cfeba76786e,2026-09-06 13:30:49.712493+00,2026-09-21 06:09:26.079742+00
DAILY20260918C84,f6d39908-9c8e-4428-a6d5-4b57759331b6,cec57280-7404-4dab-841b-1e8495d86228,,,UNASSIGNED,CRITICAL,21130,0,0,2026-09-18,95,f,0,5,,,NPA_RECOVERY,,,,,,f,,,,23e143e1-a5be-4d7e-8447-1d9c75824d6a,2026-09-18 06:49:34.483352+00,2026-09-18 06:49:34.483358+00
DAILY20260921C99,1085d3bc-1845-44ac-b402-eb211b1c28ae,b728fb73-c12a-4dc6-80cc-048f4ba7280c,cd9e6eca-028e-4c61-8e82-048327bc4476,,ASSIGNED,MEDIUM,31410,0,0,2026-09-21,45,f,0,5,,,FIELD,,,,,,f,,,,23e921cc-9bc5-4d98-927d-b39f9a7cccb1,2026-09-21 04:52:59.967217+00,2026-09-21 04:53:43.130331+00
CASE0000668,c5733aff-893e-4874-894d-65898bc2c1e1,f5cbf4df-ae63-41e9-94a0-0295035f3160,a2e2555c-f597-43af-a77a-fe708f967218,,PAID,MEDIUM,4080,4080,0,2026-08-27,40.32,f,4,4,2026-08-27 08:53:00+00,,PRE_LEGAL,,,,,,t,,,,2423e23e-c503-48ed-bd5a-a3975b02d085,2026-08-27 11:28:08.025681+00,2026-09-02 15:27:18.86036+00
CASE0000267,1b8e7e04-098a-440a-9cfb-132f9348703c,ca50d7dd-db99-42bd-8429-910ed9f0aa69,b06cd5a3-f1c0-4cdb-b241-9ce2d6c5e791,,ESCALATED,CRITICAL,51090,0,0,2026-08-26,100,f,3,3,,,LEGAL,,,,Customer had good repayment history until Q3 2022. Defaulted post job loss.,,t,,,,24403420-689f-4151-9d59-bc3f5d3cec6b,2026-08-27 11:28:02.775801+00,2026-09-21 04:53:43.131883+00
CASE0000044,cb6aa2b7-e049-4fcb-ae64-0feacbf71c37,a00626ea-f626-4cae-954d-f1a27883a7fe,2dfc73e0-dba9-4aa5-babf-d5141ded5497,,PAID,MEDIUM,27610,27610,0,2026-09-01,43.09,t,2,5,2026-09-01 10:23:00+00,,FIELD,,,,Bank field agent visited twice — no contact. Escalated to recovery agency.,,f,,,,24505bbd-5369-412c-8d9b-90c0c5b43bca,2026-08-27 11:28:01.022307+00,2026-09-03 05:17:22.013581+00
CASE0000549,803cf603-3a7c-4ed6-9f3d-21ff44a9b162,65cd8a28-309f-4e18-bdae-21e15f9713a7,8e59153e-dc8e-4efa-af65-1db304a6f3f1,,PARTIALLY_PAID,CRITICAL,29630,18943.39,0,2026-05-02,100,t,3,3,,,LEGAL,,,,,,f,,,,24711dfc-e44a-4132-8071-79e36e413a13,2026-08-27 11:28:06.167834+00,2026-09-03 05:17:22.013581+00
DAILY20260918C87,ede9414a-61a0-42a6-8543-0423811fde60,872ff037-417a-4957-be75-7f518b2eaa37,c33350cc-f581-492e-807f-14262d56ebcb,,ASSIGNED,MEDIUM,17500,0,0,2026-09-21,45,f,0,5,,,FIELD,,,,,,f,,,,24ab1349-7275-4b8d-9cab-273ed59fe1d0,2026-09-18 06:49:34.502587+00,2026-09-21 04:53:43.133295+00
CASE0000435,89297e6d-ff64-4cf1-a3a2-f15a91f41f32,d6f15937-d6b6-4d7b-801d-1fbb0c516d6d,b06cd5a3-f1c0-4cdb-b241-9ce2d6c5e791,,PAID,HIGH,2190,2190,0,2026-08-27,65.1,t,2,3,2026-08-27 08:31:00+00,,LEGAL,2026-04-27,,,,,t,,,,24d8d22a-0eba-4e41-b44d-a5f4400de443,2026-08-27 11:28:04.616836+00,2026-09-02 15:27:18.862363+00
DAILY20260906C167,5591f7b8-bcea-4f36-9ae0-33f04836a963,49a84b7f-3651-48f3-89d5-40c73ab93f3a,,,UNASSIGNED,CRITICAL,5880,0,0,2026-09-06,95,f,0,5,,,NPA_RECOVERY,,,,,,f,,,,24f0236c-d137-4ac8-b083-065b9615c6da,2026-09-06 13:30:49.828318+00,2026-09-06 13:30:49.828321+00
DAILY20260907C01,bfc81e83-78b6-4a00-9351-d707726d9f2e,447999a2-cfc8-4315-8035-44e464b1f7dd,c6ca60b7-2143-412b-887e-c30ae9cda031,,ASSIGNED,HIGH,19210,0,0,2026-09-21,75,f,0,5,,,FIELD,,,,,,f,,,,24f44937-3047-4acb-926e-5791315279a9,2026-09-07 04:59:05.722208+00,2026-09-21 04:53:43.134677+00
CASE0000309,c3f5d076-db19-4e5c-8254-c10f67aff6cc,025c135a-9ab8-4b53-93b8-e33f77280be7,a13886ca-739b-47b4-a473-724e03f7332a,,PARTIALLY_PAID,CRITICAL,47830,39220.77,0,2026-08-25,100,t,3,3,,,NPA_RECOVERY,2026-05-24,,,,,f,,,,251a0bc2-2b95-453d-b509-4e1e3b7aa8dc,2026-08-27 11:28:03.186172+00,2026-09-02 15:27:18.862363+00
CASE0000287,efb07e9b-75ca-4efd-88f3-a3f78fabb418,94f5e8c6-0c81-4142-8943-dbe80e555ea9,3e9c4168-1de9-43e8-b9f2-fbf3f931949d,,PARTIALLY_PAID,MEDIUM,16850,8857.68,0,2026-09-02,81.16,t,4,5,,,FIELD,,,,,,t,,,,2542c63e-9609-4a84-9c31-8db2975c0aba,2026-08-27 11:28:03.031303+00,2026-09-21 09:28:23.737214+00
CASE0000530,598573b9-8c04-44bf-bc0b-b3a1d7eb941c,db7e249b-c427-450b-87be-5b74d39cee67,357e2e09-b637-468e-818b-57a5dce18e9c,,PTP_SET,CRITICAL,23280,0,0,2026-09-18,100,f,4,4,,,LEGAL,2026-03-23,,,Business borrower — shop visit recommended. Morning hours more effective.,,t,,,,25b336c9-0eac-46bf-97d0-0817dcea8ad9,2026-08-27 11:28:06.026032+00,2026-09-18 06:37:23.078161+00
DAILY20260918C11,fdfb9725-5ebf-4ca3-8f27-8bb8aeb70816,406c22a3-4510-4eb9-9a1e-d14a4ba249e3,cd9e6eca-028e-4c61-8e82-048327bc4476,,ASSIGNED,CRITICAL,19640,0,0,2026-09-21,95,f,0,5,,,NPA_RECOVERY,,,,,,f,,,,25c1cffa-90f2-47ea-b62c-e711cbf7186c,2026-09-18 06:49:34.084082+00,2026-09-21 05:55:24.52751+00
DAILY20260906C83,c88de75f-3021-4b10-8119-42518be24b3d,3c79275d-17b6-4c0c-836b-90fbaad57bd8,,,UNASSIGNED,MEDIUM,5870,0,0,2026-09-06,45,f,0,5,,,FIELD,,,,,,f,,,,25f0d213-987d-419b-8516-78c921c7e0bd,2026-09-06 13:30:49.307365+00,2026-09-06 13:30:49.307368+00
DAILY20260918C05,df8b4d77-7dea-4d1d-af54-c98454aca707,68220886-944c-4ce2-820c-5b9936c747f5,,,UNASSIGNED,HIGH,9190,0,0,2026-09-18,75,f,0,5,,,FIELD,,,,,,f,,,,261174d9-af9a-43b7-8614-eec74066ed2a,2026-09-18 06:49:34.051177+00,2026-09-18 06:49:34.05118+00
CASE0000112,c6a2698c-287b-474b-9980-af763d7d98c2,860130ba-5875-4418-874e-626504958c0e,a2e2555c-f597-43af-a77a-fe708f967218,,PAID,HIGH,9050,9050,0,2026-08-27,83.21,f,1,4,2026-08-27 16:09:00+00,,FIELD,,,,,,f,,,,262556e4-d500-4f02-9f88-b94feb0ecdca,2026-08-27 11:28:01.258879+00,2026-09-02 15:27:18.86739+00
CASE0000604,eb5373d3-667c-4bd0-9d69-4c9fb6d70086,cbc9a22d-ab31-4b68-8de0-f1f29849e94f,4a182f53-a1a1-4f15-945a-6a56f4e04b64,,PAID,LOW,49750,49750,0,2026-03-26,29.49,t,1,4,,,FIELD,,,,,,f,,,,26347393-051a-4f58-9258-a0b6b1b47360,2026-08-27 11:28:07.439919+00,2026-09-03 05:17:22.013581+00
DAILY20260903C24,96e2459f-7e52-440e-bfb1-e787a2223bf9,6522ffa9-9159-4996-8fe5-805283395fd7,,,UNASSIGNED,CRITICAL,14610,0,0,2026-09-03,95,f,0,5,,,NPA_RECOVERY,,,,,,f,,,,2687283e-baba-47d8-9919-6fd19e4a9698,2026-09-02 15:33:15.656765+00,2026-09-02 15:33:15.656765+00
DAILY20260907C10,8ba0f68a-a6f0-4068-9476-8625e590b901,fb9fa479-cbb7-4c43-8429-c9f9d1f600f7,8e59153e-dc8e-4efa-af65-1db304a6f3f1,,PTP_SET,CRITICAL,53990,22677.53,0,2026-09-17,95,f,2,5,,,NPA_RECOVERY,,,,,,f,,,,26bdf503-7fd2-44b1-9065-93841530fe3f,2026-09-07 04:59:05.785255+00,2026-09-17 06:31:13.319054+00
CASE0000585,678f9729-f6be-4980-8f4c-96c8a45dca61,8385bbf7-7867-4c0b-a7eb-0dd574ae4a04,c2f2e0ce-5aeb-4ece-8325-2167edfe139e,,PARTIALLY_PAID,CRITICAL,27760,14200.02,0,2026-09-18,100,f,5,4,,,NPA_RECOVERY,2026-03-29,,,,,t,,,,26cefbee-92c4-4c5b-967b-bf2ad3ede143,2026-08-27 11:28:06.475945+00,2026-09-21 05:55:24.528374+00
DAILY20260921C199,bbfb0b99-99c5-4abc-a127-86f91df92924,b6cc1121-1df9-41ab-9fd0-b1ba6aea6141,,,UNASSIGNED,CRITICAL,11130,0,0,2026-09-21,95,f,0,5,,,NPA_RECOVERY,,,,,,f,,,,270eb4c9-37d5-495f-a353-27ffc6f23d93,2026-09-21 04:53:00.806389+00,2026-09-21 04:53:00.806392+00
DAILY20260921C53,b6280a7d-9663-4b43-9e1f-09f6d0b92b02,f6a76df8-9db6-4cfc-ab8d-f841eb4ed070,2dfc73e0-dba9-4aa5-babf-d5141ded5497,,ASSIGNED,MEDIUM,36470,0,0,2026-09-21,45,f,0,5,,,FIELD,,,,,,f,,,,27304956-1cab-41cb-bb27-226c1cb8fffe,2026-09-21 04:52:59.684774+00,2026-09-21 04:53:43.136547+00
CASE0000663,15a6e880-cb48-47c0-9909-08c99dcad730,8cb04402-3b57-48eb-99f0-94d42d526acf,a2e2555c-f597-43af-a77a-fe708f967218,,PAID,CRITICAL,7210,7210,0,2026-03-14,100,t,1,5,2026-03-26 00:00:00+00,,NPA_RECOVERY,,,,Customer called 6 times by bank IVR — no response. Contact number may have changed.,,f,,,,277a9da8-811c-4ca5-85cb-f8a559a10c65,2026-08-27 11:28:07.986703+00,2026-09-03 05:17:22.016719+00
DAILY20260918C168,41592437-acf1-4b5d-919a-bca81c965c3b,33dbab2c-78ee-4fa6-84e7-0015c91accb4,,,UNASSIGNED,CRITICAL,3600,0,0,2026-09-18,95,f,0,5,,,NPA_RECOVERY,,,,,,f,,,,2798622b-8631-4745-bf48-e3b750958132,2026-09-18 06:49:34.970177+00,2026-09-18 06:49:34.97018+00
DAILY20260921C22,93c21e48-e461-45d2-98ea-894bcf698012,d7f074b9-ea0d-4d14-95b4-f4c4c3a41446,cd9e6eca-028e-4c61-8e82-048327bc4476,,IN_PROGRESS,MEDIUM,18320,0,0,2026-09-21,45,f,1,5,,,FIELD,,,,,,f,,,,27aa60cd-2124-4d1d-81e0-3d5fdc790d19,2026-09-21 04:52:59.514685+00,2026-09-21 06:09:27.089794+00
DAILY20260906C120,4ac79e84-1e7d-4751-ac75-ba67ce3c5336,7f93a3d9-43f0-4533-8735-ef3429516993,357e2e09-b637-468e-818b-57a5dce18e9c,,PAID,CRITICAL,25030,25030,0,2026-09-21,95,f,1,5,2026-09-21 07:55:00+00,Paid in full at doorstep,NPA_RECOVERY,,,,,,f,,,,281f75bd-a956-467e-857e-7d91157d9c03,2026-09-06 13:30:49.526853+00,2026-09-21 06:09:25.764195+00
CASE0000481,30226d3a-2d1e-4854-9b00-46ea0cd54d7e,251e903a-ba61-47c3-a624-b064b123779c,c6ca60b7-2143-412b-887e-c30ae9cda031,,PARTIALLY_PAID,CRITICAL,4560,4485.16,0,2026-09-02,100,t,4,4,,,NPA_RECOVERY,,,,,,f,,,,2838c047-7849-4c99-9b47-060632b896ac,2026-08-27 11:28:05.013534+00,2026-09-03 05:17:22.017719+00
DAILY20260918C12,df5abf17-365f-4efc-986d-0c2d2e34cbac,44775755-92d7-4881-bdc9-500b5a6f2f86,2dfc73e0-dba9-4aa5-babf-d5141ded5497,,IN_PROGRESS,HIGH,8430,0,0,2026-09-21,75,f,1,5,,,FIELD,,,,,,f,,,,2843e6f6-832d-4d65-8755-7df061427b00,2026-09-18 06:49:34.088789+00,2026-09-21 06:09:27.0053+00
DAILY20260921C09,17f273ee-fdf7-4a28-bea1-0777f12f14c7,04e1be88-040f-4aa0-adc8-b0fb5d44b142,,,UNASSIGNED,HIGH,2840,0,0,2026-09-21,75,f,0,5,,,FIELD,,,,,,f,,,,285db173-ba5a-4875-8e7c-338252bf66a7,2026-09-21 04:52:59.427494+00,2026-09-21 04:52:59.4275+00
DAILY20260918C37,7625a171-18d0-47eb-9ad9-21a95f639c2e,f727f510-02b8-4ade-9f71-e63b98f826c3,,,UNASSIGNED,CRITICAL,20810,0,0,2026-09-18,95,f,0,5,,,NPA_RECOVERY,,,,,,f,,,,28662d4f-2fa2-41de-9830-97209a14dcc5,2026-09-18 06:49:34.209056+00,2026-09-18 06:49:34.209058+00
DAILY20260903C96,4b10fe62-03c1-41a4-bff8-9555fd791309,abb1375d-e79d-4e17-accb-e305c3adb5aa,,,UNASSIGNED,CRITICAL,6620,0,0,2026-09-03,95,f,0,5,,,NPA_RECOVERY,,,,,,f,,,,28cb093b-bb68-4bb5-b6c9-05f402d6d492,2026-09-02 15:33:15.951735+00,2026-09-02 15:33:15.951735+00
DAILY20260921C82,28eec40c-0857-498d-a520-ba8c38c1dfb8,003ab1e7-5f02-4719-b2c6-d21ca61cce7a,,,UNASSIGNED,CRITICAL,68760,29902.58,0,2026-09-21,95,f,1,5,,,NPA_RECOVERY,,,,,,f,,,,28ceb26e-6b2a-434a-a6e7-3dae41cd0e84,2026-09-21 04:52:59.850985+00,2026-09-21 07:24:02.32145+00
BANK000002,8574289c-e980-41df-92d9-093316037ae4,b5fcaa96-20ed-44fe-8f06-f741495ad053,c33350cc-f581-492e-807f-14262d56ebcb,,PAID,MEDIUM,8730,8730,0,2026-09-02,65,t,1,4,2026-09-02 10:34:00+00,,FIELD,,,,,,f,,,,28fe9219-d650-493c-8599-9d6b612d5586,2026-08-27 11:28:09.803229+00,2026-09-03 05:17:22.017719+00
CASE0000215,f3665eea-1b6b-4f31-a8a1-8eeeb5e4cc45,5b199899-7aef-49f6-992a-6243bb6a18a5,5fbae4d6-59d1-4e6c-8a80-fe57244a45bb,,PAID,HIGH,12330,12330,0,2026-09-17,65.81,f,3,3,2026-09-17 03:57:00+00,Paid in full at doorstep,PRE_LEGAL,2026-06-26,,,,,t,,,,292341e4-c9e3-4039-a4f5-f6c3f6b080e1,2026-08-27 11:28:02.057554+00,2026-09-17 06:31:11.886832+00
DAILY20260921C54,686d24ce-befb-4faa-8927-1256a69d9972,8252ae3b-62af-4af7-b7b0-2d9afcfd0788,,,UNASSIGNED,CRITICAL,29950,0,0,2026-09-21,95,f,0,5,,,NPA_RECOVERY,,,,,,f,,,,2927098c-0b09-4d21-ab83-2b4fd9d201a2,2026-09-21 04:52:59.689915+00,2026-09-21 04:52:59.689918+00
DAILY20260918C163,0fc9df36-d8ed-4a06-982b-1da51265be9f,fdad0135-e0e8-4464-af75-4b6d89ab5201,,,UNASSIGNED,MEDIUM,4220,0,0,2026-09-18,45,f,0,5,,,FIELD,,,,,,f,,,,293c6eb8-a917-49f6-8c33-04cd25f5b37e,2026-09-18 06:49:34.94447+00,2026-09-18 06:49:34.944473+00
DAILY20260918C14,8f88ce03-5c00-44e4-a0e2-e082c85aeaba,98da83dc-c80b-48c2-9527-ce72b86ebf26,,,UNASSIGNED,MEDIUM,12480,0,0,2026-09-18,45,f,0,5,,,FIELD,,,,,,f,,,,2964a821-6e6d-44d5-abdd-4f225064ad47,2026-09-18 06:49:34.098469+00,2026-09-18 06:49:34.098472+00
DAILY20260921C144,5f3228eb-756a-40f3-9acf-5a327e4367e9,17dc3188-7e8d-4687-8f14-1f4cb9751828,8e59153e-dc8e-4efa-af65-1db304a6f3f1,,IN_PROGRESS,HIGH,46870,0,0,2026-09-21,75,f,1,5,,,FIELD,,,,,,f,,,,296b8ee3-4069-4f0f-b7de-af0832a03b98,2026-09-21 04:53:00.457438+00,2026-09-21 06:09:27.152583+00
CASE0000458,ee9f2ddc-843d-49ba-a0da-c2d8b068c8ca,035ab2f9-b11a-4d7f-b949-ff243a0d9656,4a182f53-a1a1-4f15-945a-6a56f4e04b64,,PAID,CRITICAL,32830,32830,0,2026-06-06,94.31,t,3,4,2026-05-28 00:00:00+00,,PRE_LEGAL,2026-04-26,,,,,f,,,,29b521d2-e392-4ce5-adb0-6cb9847d0d20,2026-08-27 11:28:04.791874+00,2026-09-03 05:17:22.018719+00
CASE0000706,ac097225-fba9-4e4d-9c4e-a8d4d8fba315,c5c0e293-29b4-429b-bd2a-c60cd386e8e3,3e9c4168-1de9-43e8-b9f2-fbf3f931949d,,PAID,CRITICAL,22540,22540,0,2026-03-16,99.32,t,1,4,2026-03-15 00:00:00+00,,PRE_LEGAL,,,,,,f,,,,29dc3255-867e-47ac-9b60-7d27a7ae5c41,2026-08-27 11:28:08.362429+00,2026-09-03 05:17:22.018719+00
DAILY20260918C50,1efb9dac-1aa5-4443-892d-0d6e532778f1,fa435d4a-bc00-4126-ba02-23d6f74c7eca,,,UNASSIGNED,CRITICAL,14330,0,0,2026-09-18,95,f,0,5,,,NPA_RECOVERY,,,,,,f,,,,29e0b06e-5060-4d3d-9150-3884945ea653,2026-09-18 06:49:34.28154+00,2026-09-18 06:49:34.281543+00
DAILY20260907C46,d8e86592-d9e0-46e4-9c9f-941848ace505,91b508fa-915b-4fa1-b9fa-a23c60145497,a13886ca-739b-47b4-a473-724e03f7332a,,ASSIGNED,MEDIUM,53220,0,0,2026-09-21,45,f,0,5,,,FIELD,,,,,,f,,,,2a89b02a-c7a2-4b1f-900b-cc480b06ee62,2026-09-07 04:59:06.063234+00,2026-09-21 04:53:12.584944+00
DAILY20260921C141,856907a4-e82d-418d-9143-029fab90aa31,1e18b77e-28d2-4e64-b23a-c386c460e131,,,UNASSIGNED,MEDIUM,5520,0,0,2026-09-21,45,f,0,5,,,FIELD,,,,,,f,,,,2a8d8fce-532e-4d39-a053-18c556d3e4b2,2026-09-21 04:53:00.436496+00,2026-09-21 04:53:00.436499+00
DAILY20260906C84,a90e0354-6bbb-412d-911d-749f91dac8aa,16722453-1e77-468f-bc36-0aec10f99a7d,,,UNASSIGNED,HIGH,4590,0,0,2026-09-06,75,f,0,5,,,FIELD,,,,,,f,,,,2aa3a4b4-b419-4999-974e-08f1a38a9de4,2026-09-06 13:30:49.313391+00,2026-09-06 13:30:49.313394+00
CASE0000445,eb6261e3-c320-4290-be96-8b1a032f6305,e5d16327-2689-47e4-aa54-c4370ecd687f,5fbae4d6-59d1-4e6c-8a80-fe57244a45bb,,IN_PROGRESS,CRITICAL,5000,0,0,2026-08-26,100,t,2,5,,,NPA_RECOVERY,,,,Customer called 6 times by bank IVR — no response. Contact number may have changed.,,f,,,,2ab22e2d-50e1-4308-acd2-9bf5b335daf5,2026-08-27 11:28:04.700176+00,2026-09-02 15:27:18.873553+00
CASE0000118,eacfbf44-0224-49f1-8500-76822bcdea0c,b0b10730-3fca-4fe5-b2a6-773b3c376780,3aa13103-bd03-4578-9292-44d88d58da00,,PAID,CRITICAL,20670,20670,0,2026-09-01,100,f,2,3,2026-09-01 11:30:00+00,,FIELD,,,,Co-applicant details on file. May respond if approached together.,,t,,,,2ab6888c-e118-4e62-9d93-1244fdd3d1c5,2026-08-27 11:28:01.275723+00,2026-09-03 05:17:22.021253+00
CASE0000615,8018e1c1-c98e-4792-8adf-acf30f04e3f7,44e93ca3-f2b0-4162-8641-56697e070045,e9dced65-f61b-4c24-bae7-d4170299ed46,,PARTIALLY_PAID,HIGH,10160,2542.57,0,2026-09-18,100,t,6,5,,,PRE_LEGAL,2026-03-01,,,Account flagged for special mention — court case pending. Handle with care.,,t,,,,2abb2db2-c967-4273-9fdc-c95bbc36897e,2026-08-27 11:28:07.565253+00,2026-09-21 09:28:23.737214+00
CASE0000193,0152a258-885f-46d5-af53-c71c808f2748,63e6f5d7-7c75-44ea-ae02-ae10e4ee2327,1d5e58e8-954e-4d6c-b13c-6e6d614cb588,,PAID,MEDIUM,18440,18440,0,2026-08-27,36.87,f,2,5,2026-08-27 14:11:00+00,,PRE_LEGAL,,,,,,t,,,,2ad60466-849b-40a8-a749-5d33e5d806a8,2026-08-27 11:28:01.912586+00,2026-09-02 15:27:18.875554+00
CASE0000247,08261f05-6d9a-4fd9-a6c1-b6d1549ba303,cc0686e6-fb52-4057-aa7c-d077b585c083,3aa13103-bd03-4578-9292-44d88d58da00,,PAID,CRITICAL,11820,11820,0,2026-09-02,100,t,4,4,2026-09-02 15:44:00+00,,FIELD,,,,,,f,,,,2b3fe190-52e9-4307-bca1-7484d97e10de,2026-08-27 11:28:02.559461+00,2026-09-03 05:17:22.021253+00
DAILY20260906C96,c4325d89-aa89-4b15-b9b3-6d07607b859e,f2e4dd4a-43fa-4bbe-8638-c0eb237606f7,2dfc73e0-dba9-4aa5-babf-d5141ded5497,,PARTIALLY_PAID,CRITICAL,54450,23184.89,0,2026-09-21,95,f,3,5,,,NPA_RECOVERY,,,,,,f,,,,2be44aa4-b49b-4b64-a9da-c40aadb57ee7,2026-09-06 13:30:49.376781+00,2026-09-21 06:09:26.136915+00
CASE0000189,ac097225-fba9-4e4d-9c4e-a8d4d8fba315,1a6fcf64-6d1f-4d14-aec2-120edc5ff3c5,3aa13103-bd03-4578-9292-44d88d58da00,,PARTIALLY_PAID,HIGH,14570,11721.79,0,2026-08-26,35.91,f,3,3,,,PRE_LEGAL,,,,,,t,,,,2bf297de-d5b2-4964-94bc-e67b9dcdef2b,2026-08-27 11:28:01.889486+00,2026-09-21 09:28:23.737215+00
DAILY20260907C74,6d6eae71-b399-4172-bb0d-6abff46e2622,c6e5dea2-7cc4-4c30-91af-631a6de8fdb8,3e9c4168-1de9-43e8-b9f2-fbf3f931949d,,PAID,HIGH,38600,38600,0,2026-09-18,75,f,2,5,2026-09-18 07:49:00+00,Paid in full at doorstep,FIELD,,,,,,f,,,,2c4fa512-92ac-4acb-ac71-6fb8285beebb,2026-09-07 04:59:06.239845+00,2026-09-18 06:37:21.629087+00
DAILY20260921C88,eb4ef822-c040-417e-81e0-2a910af1a9aa,c0e28a0e-ea58-462c-97e2-194d847c30a8,,,UNASSIGNED,CRITICAL,30670,0,0,2026-09-21,95,f,0,5,,,NPA_RECOVERY,,,,,,f,,,,2c76ae03-66a4-4a9e-a1ce-ea036fc2cabc,2026-09-21 04:52:59.898974+00,2026-09-21 04:52:59.898979+00
DAILY20260906C48,32f15328-7830-47fd-b50c-819f50a7bcad,d91f0719-a47c-4731-bf19-774cd9a2ca87,,,UNASSIGNED,CRITICAL,13950,0,0,2026-09-06,95,f,0,5,,,NPA_RECOVERY,,,,,,f,,,,2c96c18d-0037-424e-8aa2-94df39392384,2026-09-06 13:30:49.069343+00,2026-09-06 13:30:49.069348+00
DAILY20260906C97,bc703015-bcee-4f80-ae28-85b59f3e6d11,37cd9cbc-0739-4baf-9a4c-710bb73ce699,3aa13103-bd03-4578-9292-44d88d58da00,,PAID,MEDIUM,29480,29480,0,2026-09-18,45,f,1,5,2026-09-18 09:54:00+00,Paid in full at doorstep,FIELD,,,,,,f,,,,2cf8a6c1-360a-4088-9da8-ee21a4185fea,2026-09-06 13:30:49.381915+00,2026-09-18 06:37:21.482691+00
DAILY20260918C66,71333fa0-2d3f-457f-8a33-c9d654cc8f41,e3980197-ed0d-4ba5-b4f6-225e50647565,3e9c4168-1de9-43e8-b9f2-fbf3f931949d,,PTP_SET,MEDIUM,39780,0,0,2026-09-21,45,f,1,5,,,FIELD,,,,,,f,,,,2d0927a7-8603-47b0-a748-fa7f6f34f4d8,2026-09-18 06:49:34.375166+00,2026-09-21 06:09:26.712766+00
DAILY20260921C83,4363f307-8aca-4fcf-af7c-d28853e5de38,d4f2d8b5-ebe5-4d09-8d6b-10de5597c774,8e59153e-dc8e-4efa-af65-1db304a6f3f1,,PAID,HIGH,46700,46700,0,2026-09-21,75,f,1,5,2026-09-21 06:00:00+00,Paid in full at doorstep,FIELD,,,,,,f,,,,2d118c91-9a72-472f-ae95-ead74690cb06,2026-09-21 04:52:59.859979+00,2026-09-21 06:09:25.886463+00
DAILY20260903C186,c72083da-28d8-4eb0-ae8d-ec0d4eeed6a7,f980949b-c44c-4c60-9bd7-0e8b193b1e1d,c6ca60b7-2143-412b-887e-c30ae9cda031,,PAID,MEDIUM,13300,13300,0,2026-09-16,45,f,1,5,2026-09-17 08:12:00+00,Paid in full at doorstep,FIELD,,,,,,f,,,,2d1e3185-5816-417c-821d-0488d665f826,2026-09-02 15:33:16.291211+00,2026-09-17 06:31:11.922648+00
DAILY20260921C68,7715fab1-768d-468e-8470-227ee33a99dc,93db59cd-4cdf-4269-a548-f4b418e21fec,,,UNASSIGNED,CRITICAL,16480,0,0,2026-09-21,95,f,0,5,,,NPA_RECOVERY,,,,,,f,,,,2d980966-de51-4dfd-b209-db6db54d8c9a,2026-09-21 04:52:59.766787+00,2026-09-21 04:52:59.766791+00
DAILY20260918C175,2438494e-0041-4279-ad8a-dedd1a02bbc1,14db1a51-c913-408a-93f2-14bd0767c2dc,c33350cc-f581-492e-807f-14262d56ebcb,,PTP_SET,CRITICAL,13320,0,0,2026-09-21,95,f,1,5,,,NPA_RECOVERY,,,,,,f,,,,2d9cef4f-2ea0-441c-ab3d-204062e3483f,2026-09-18 06:49:35.009852+00,2026-09-21 06:09:26.460475+00
DAILY20260921C23,3796f3f0-4129-4ac7-801e-b66e8256fcd8,295064ae-c40b-463a-8aaf-16fe31dd1a5f,,,UNASSIGNED,CRITICAL,23600,0,0,2026-09-21,95,f,0,5,,,NPA_RECOVERY,,,,,,f,,,,2db14e75-798c-40fd-983e-ba03bd9f699c,2026-09-21 04:52:59.524097+00,2026-09-21 04:52:59.524102+00
DAILY20260903C152,b22861ba-d408-4776-8474-a47c68b3dfe8,f5694aa7-37cb-46d6-906c-647889cdbf61,,,UNASSIGNED,CRITICAL,13620,0,0,2026-09-03,95,f,0,5,,,NPA_RECOVERY,,,,,,f,,,,2dcc3bed-1d3f-48f7-b862-b29147a69544,2026-09-02 15:33:16.171447+00,2026-09-02 15:33:16.171447+00
DAILY20260906C132,40811cbc-b6af-40ff-b91e-4b69514a6459,0af27910-fe6c-4822-aa39-232e19750aa7,,,UNASSIGNED,CRITICAL,31110,0,0,2026-09-06,95,f,0,5,,,NPA_RECOVERY,,,,,,f,,,,2dfc7640-85f0-4a66-9f0f-622248ae97e8,2026-09-06 13:30:49.604145+00,2026-09-06 13:30:49.604148+00
DAILY20260903C55,02715279-743d-4b28-aaa2-b10fa76606a2,559aa7cd-9df4-49f0-882c-e20e0669fb61,c6ca60b7-2143-412b-887e-c30ae9cda031,,PAID,CRITICAL,28920,28920,0,2026-09-17,95,f,1,5,2026-09-18 08:38:00+00,Paid in full at doorstep,NPA_RECOVERY,,,,,,f,,,,2e30a1bb-a1ad-4543-a6ea-63768b0f306e,2026-09-02 15:33:15.784898+00,2026-09-18 06:37:21.617782+00
CASE0000405,9fc92cd0-ece2-4a0d-9874-ee71c511c0fd,cc48abe0-ec62-4ba0-9e8c-78aeeea9ea71,a13886ca-739b-47b4-a473-724e03f7332a,,PAID,HIGH,9330,9330,0,2026-08-26,73.1,f,4,5,2026-09-01 05:52:00.181768+00,,NPA_RECOVERY,,,,,,f,,,,2e7b44a7-cff8-456f-85f2-f412c28a5e99,2026-08-27 11:28:04.367807+00,2026-09-02 15:27:18.875554+00
DAILY20260918C17,a995cda3-dac0-494f-8e51-88e7c4dcc698,65064818-1588-4707-9b8d-a192d04850a2,,,UNASSIGNED,CRITICAL,11020,0,0,2026-09-18,95,f,0,5,,,NPA_RECOVERY,,,,,,f,,,,2e7fdc4d-000c-4e65-afe2-bbcb9606bc9d,2026-09-18 06:49:34.113279+00,2026-09-18 06:49:34.113282+00
DAILY20260907C111,141202c6-655d-4645-888f-8ba34bac8d5b,d5a36ba7-f4c5-4ca1-ac0f-8aa5c12b7e97,5fbae4d6-59d1-4e6c-8a80-fe57244a45bb,,ASSIGNED,HIGH,15160,0,0,2026-09-21,75,f,0,5,,,FIELD,,,,,,f,,,,2e9a1170-077f-486b-9ecd-1dc6e24c75d1,2026-09-07 04:59:06.46221+00,2026-09-21 05:55:24.531162+00
DAILY20260918C89,fe890ba5-f227-4c3f-9718-2ff72623edcd,751a2d06-22e0-4c97-b6a1-97fdf2dcff29,,,UNASSIGNED,MEDIUM,13960,0,0,2026-09-18,45,f,0,5,,,FIELD,,,,,,f,,,,2ecd9dba-6649-4320-be66-eeb36496e239,2026-09-18 06:49:34.515939+00,2026-09-18 06:49:34.515943+00
CASE0000395,aeb13a3f-357b-4509-a2d0-3d841cc5d60d,43dddd77-c81e-45f3-b178-de617423a8e8,a13886ca-739b-47b4-a473-724e03f7332a,,PARTIALLY_PAID,HIGH,5770,5558.7,0,2026-08-27,37.36,t,2,5,,,PRE_LEGAL,2026-05-09,,,,,t,,,,2efb29f7-6b9d-4ee2-b42d-5c8eb992a017,2026-08-27 11:28:04.275291+00,2026-09-21 09:28:23.737215+00
CASE0000263,c3c059c5-7278-43db-9372-40e1f22229ba,89a9f6b8-820d-4638-9d92-d7e26154c140,357e2e09-b637-468e-818b-57a5dce18e9c,,PTP_SET,HIGH,27020,6868.31,0,2026-09-18,100,f,6,4,,,PRE_LEGAL,,,,,,f,,,,2f356325-7463-446f-90d3-45cab93106d2,2026-08-27 11:28:02.728287+00,2026-09-21 09:28:23.737216+00
DAILY20260906C106,477a8f83-2164-402e-a771-c09ed419e88b,af3db6d0-ae64-4f18-8eef-a2a187487f25,c6ca60b7-2143-412b-887e-c30ae9cda031,,ASSIGNED,CRITICAL,21970,0,0,2026-09-21,95,f,0,5,,,NPA_RECOVERY,,,,,,f,,,,2f5e9143-0598-4ebb-98d2-1af36378a51e,2026-09-06 13:30:49.433736+00,2026-09-21 04:53:43.147185+00
CASE0000355,ef17f4ce-e6a5-4702-b0f1-19e4abd6783b,0e8b2d65-4ddf-4fef-91d5-c137310767a1,b06cd5a3-f1c0-4cdb-b241-9ce2d6c5e791,,PARTIALLY_PAID,HIGH,7390,6254.23,0,2026-09-10,52.46,t,4,5,,,PRE_LEGAL,,,,,,f,,,,2f6c83a1-b4af-454c-bac1-4e13d65435e2,2026-08-27 11:28:03.491358+00,2026-09-21 09:28:23.737219+00
DAILY20260918C00,fb9ce252-5103-4cde-8148-31f49b96a5d9,75894175-716e-4339-aa8a-b8dfadbb0faa,,,UNASSIGNED,HIGH,9210,0,0,2026-09-18,75,f,0,5,,,FIELD,,,,,,f,,,,2f9aab0e-8320-4bed-8a9b-0059683858b8,2026-09-18 06:49:34.024035+00,2026-09-18 06:49:34.024039+00
CASE0000682,1b8e7e04-098a-440a-9cfb-132f9348703c,ca50d7dd-db99-42bd-8429-910ed9f0aa69,c37b6a5c-9d1c-46d4-8ece-dfce290dc74b,,PAID,CRITICAL,51090,51090,0,2026-03-31,100,t,1,4,,,LEGAL,,,,,,f,,,,2fc06593-4740-4714-bf33-b3e7b2620054,2026-08-27 11:28:08.145752+00,2026-09-03 05:17:22.021253+00
CASE0000061,a0809318-6545-4914-bb03-9ee9edd75583,eaa86b64-4319-4ba5-a722-d4c42ab554f5,e9dced65-f61b-4c24-bae7-d4170299ed46,,PAID,CRITICAL,7580,7580,0,2026-08-27,92.69,t,1,5,2026-08-27 09:38:00+00,,PRE_LEGAL,,,,,,f,,,,2fea180c-8f49-419d-a986-026ae1074426,2026-08-27 11:28:01.076006+00,2026-09-02 15:27:18.879554+00
DAILY20260907C48,3582e07d-c10c-4cf1-82b4-a901c1bd8949,b2d34d6e-8a5d-4b13-8874-b75fb250cb9e,,,UNASSIGNED,CRITICAL,2850,0,0,2026-09-07,95,f,0,5,,,NPA_RECOVERY,,,,,,f,,,,3012bc10-c271-43ca-ab77-b9867e644770,2026-09-07 04:59:06.075876+00,2026-09-07 04:59:06.07588+00
DAILY20260903C67,32528685-dd12-4f9a-8635-7f4d3de06713,a8d31676-2c52-4386-b154-27f1732df2d2,8e59153e-dc8e-4efa-af65-1db304a6f3f1,,ASSIGNED,MEDIUM,13550,0,0,2026-09-09,45,f,0,5,,,FIELD,,,,,,f,,,,303dae2f-bb78-43a9-b65f-bc33903f0e96,2026-09-02 15:33:15.837476+00,2026-09-08 11:35:10.084781+00
DAILY20260903C30,2c6652ef-48a9-4802-85ae-77221825a170,5f614d1f-4b1e-4c55-9cca-2dfbc3f4466c,,,UNASSIGNED,CRITICAL,1870,0,0,2026-09-03,95,f,0,5,,,NPA_RECOVERY,,,,,,f,,,,3047be37-7c1f-41d7-94f0-1dca4a92d3dd,2026-09-02 15:33:15.691964+00,2026-09-02 15:33:15.691964+00
DAILY20260907C63,9a4caf91-32cf-4730-af7f-5fd8b4ec374b,7d92768d-6347-4607-839c-9491d9437734,c6ca60b7-2143-412b-887e-c30ae9cda031,,PTP_SET,MEDIUM,12880,0,0,2026-09-17,45,f,1,5,,,FIELD,,,,,,f,,,,3062e499-452a-4a89-a9bf-95c74a898843,2026-09-07 04:59:06.173612+00,2026-09-18 06:37:23.067322+00
DAILY20260907C139,fbfd7dad-a6a3-48ae-b14a-06688208d5d4,b5b36cf8-3ae9-4187-a93d-3559b1c89f65,c33350cc-f581-492e-807f-14262d56ebcb,,ASSIGNED,HIGH,16570,0,0,2026-09-21,75,f,0,5,,,FIELD,,,,,,f,,,,30710b4f-1932-485b-98e6-003125729bc9,2026-09-07 04:59:06.609494+00,2026-09-21 05:55:24.531163+00
DAILY20260907C179,a3084547-5bf2-4d60-b338-3559ef2c6a93,07944fc3-5c2f-47ba-a063-bd0cfe739573,3e9c4168-1de9-43e8-b9f2-fbf3f931949d,,PTP_SET,MEDIUM,19480,7638.24,0,2026-09-17,45,f,1,5,,,FIELD,,,,,,f,,,,307bb3f8-39e7-4e74-b969-31741e5fbfca,2026-09-07 04:59:06.848952+00,2026-09-18 06:37:22.186089+00
CASE0000420,f45c94fd-7fbc-4f1b-9251-5b344b57ff6d,732f6fe4-99c7-4777-8fa1-21666c8ec7b1,3aa13103-bd03-4578-9292-44d88d58da00,,PAID,MEDIUM,7670,7670,0,2026-08-26,42.74,t,2,4,2026-09-01 05:52:00.181768+00,,PRE_LEGAL,2026-05-03,,,,,f,,,,30837126-ce1f-49ef-8bc9-c7d8e85a56df,2026-08-27 11:28:04.491323+00,2026-09-03 05:17:22.021253+00
DAILY20260918C56,5ec5f492-fe18-4f17-9d5e-15cb597d9b56,1cc76f96-64bc-4eb7-af73-ac646e900761,,,UNASSIGNED,HIGH,9110,0,0,2026-09-18,75,f,0,5,,,FIELD,,,,,,f,,,,3091f374-e541-4b3b-8004-6e0fa4ad1384,2026-09-18 06:49:34.316092+00,2026-09-18 06:49:34.316095+00
DAILY20260906C17,5ddd0f61-1cfb-4265-8112-96b004a3830c,28449f5e-7fda-4c8f-8b92-ad19036212a2,,,UNASSIGNED,MEDIUM,6770,0,0,2026-09-06,45,f,0,5,,,FIELD,,,,,,f,,,,30c2c9e2-075b-4b02-835e-4e59222850aa,2026-09-06 13:30:48.764873+00,2026-09-06 13:30:48.764876+00
CASE0000559,c1a58f68-e172-44d6-8446-cc47a706131c,bf8c4ea4-2ba5-442c-891c-0bc87411243f,2dfc73e0-dba9-4aa5-babf-d5141ded5497,,PARTIALLY_PAID,CRITICAL,56190,45074.66,0,2026-09-02,100,t,3,3,,,NPA_RECOVERY,,,,,,f,,,,30c35475-ed2b-4036-a826-44d3b264f5bb,2026-08-27 11:28:06.266511+00,2026-09-08 10:29:12.184648+00
CASE0000282,d167af59-b49f-497b-8003-2df4ed6c687e,30779a15-f82d-4e06-8886-b583ddab50c4,e9dced65-f61b-4c24-bae7-d4170299ed46,,PAID,LOW,5670,5670,0,2026-08-26,27.81,t,3,3,,,FIELD,2026-05-13,,,,,f,,,,30cd97a1-177c-4b16-88f6-85e8b13f14c3,2026-08-27 11:28:02.985481+00,2026-09-02 15:27:18.879554+00
DAILY20260921C30,ce0f6a15-d54a-4249-a155-cc3b7a6f22e8,00213778-41e2-4cb7-8b83-e693f129bdb8,,,UNASSIGNED,HIGH,10670,0,0,2026-09-21,75,f,0,5,,,FIELD,,,,,,f,,,,30cdbe4d-6a6e-4edc-889a-e3dff4257fa4,2026-09-21 04:52:59.567301+00,2026-09-21 04:52:59.567304+00
CASE0000414,ebd13b4f-5fe2-4e42-b82f-ac5240ded5f9,a96f8c41-41f0-47d3-ab7d-bef307ff93f5,a2e2555c-f597-43af-a77a-fe708f967218,,PAID,HIGH,11960,11960,0,2026-09-17,82.73,t,3,3,2026-09-17 06:50:00+00,Paid in full at doorstep,LEGAL,,,,,,t,,,,31286e1e-a18d-4955-8905-2717afcd7ef1,2026-08-27 11:28:04.444098+00,2026-09-17 06:31:12.142827+00
DAILY20260907C58,6cb68f08-4fd1-4b2b-95e0-80ccf1fef144,9e7f191c-b0fc-4477-8ed3-52a0ce8c469a,,,UNASSIGNED,HIGH,5080,0,0,2026-09-07,75,f,0,5,,,FIELD,,,,,,f,,,,313c75cf-d368-44fe-bb66-c93ee8bf8af4,2026-09-07 04:59:06.136963+00,2026-09-07 04:59:06.136966+00
DAILY20260921C58,d4f6708c-d26e-432f-ba7a-b5a1a2f2d7d7,a1c44d11-f89e-4cc7-afb8-eec8f2fb77cf,,,UNASSIGNED,CRITICAL,1920,0,0,2026-09-21,95,f,0,5,,,NPA_RECOVERY,,,,,,f,,,,319b402c-a856-4fe8-bd96-29f213678e34,2026-09-21 04:52:59.713158+00,2026-09-21 04:52:59.713162+00
DAILY20260907C106,1b5b1fb5-50bd-44ff-afe3-a83b533eaa04,600ca470-5b22-4b97-812b-3d39283069fd,,,UNASSIGNED,MEDIUM,1760,0,0,2026-09-07,45,f,0,5,,,FIELD,,,,,,f,,,,31a866d3-51fb-4202-bb99-e675d1ad5924,2026-09-07 04:59:06.431374+00,2026-09-07 04:59:06.431376+00
DAILY20260903C42,085939f0-aa3c-4523-90f6-c75f66ff82f5,543b7715-4327-4025-81b5-548942be0565,3e9c4168-1de9-43e8-b9f2-fbf3f931949d,,PAID,MEDIUM,58410,58410,0,2026-09-21,45,f,2,5,2026-09-21 06:39:00+00,Paid in full at doorstep,FIELD,,,,,,f,,,,31c8ddcb-f60f-4720-abab-3b1559821ff7,2026-09-02 15:33:15.719033+00,2026-09-21 06:09:25.626552+00
DAILY20260906C39,cedd59e8-dd43-43b1-8b16-ca2a863be223,3626d9d3-8eec-4794-ab41-15f767f96300,2dfc73e0-dba9-4aa5-babf-d5141ded5497,,PTP_SET,MEDIUM,19030,0,0,2026-09-17,45,f,2,5,,,FIELD,,,,,,f,,,,3205d9f6-9ebe-4ab7-a0b0-e237b1f756bd,2026-09-06 13:30:49.008534+00,2026-09-18 06:37:23.100691+00
CASE0000233,5167984b-a17b-4e18-836c-b99e99997a78,04d74b8f-de7f-49de-919b-d9f94347cf9c,a2e2555c-f597-43af-a77a-fe708f967218,,PARTIALLY_PAID,CRITICAL,4610,1909.97,0,2026-09-01,100,t,3,3,,,NPA_RECOVERY,2026-06-22,,,,,f,,,,32171089-f235-47ac-a469-f548f9a6648c,2026-08-27 11:28:02.173651+00,2026-09-03 05:17:22.021253+00
CASE0000640,95cf3e18-d85d-4685-b2a9-eadf282e3b9f,a50920b5-7324-4a69-a0b7-0744de6b46f5,cd9e6eca-028e-4c61-8e82-048327bc4476,,ESCALATED,CRITICAL,3230,0,0,2026-09-18,44.22,t,3,4,,,NPA_RECOVERY,,,,,,t,,,,32a8c32d-7900-41c1-8d25-c4cb0f69e4d1,2026-08-27 11:28:07.794731+00,2026-09-21 09:28:23.73722+00
DAILY20260906C06,15a6253d-788d-4a04-952f-8cb381b7d33b,9ae0a69d-d9a9-48ff-8f00-4ee354675a9c,,,UNASSIGNED,CRITICAL,13950,0,0,2026-09-06,95,f,0,5,,,NPA_RECOVERY,,,,,,f,,,,32d7e9fc-ae24-4d47-a677-514d4ecdbd13,2026-09-06 13:30:48.694612+00,2026-09-06 13:30:48.694616+00
DAILY20260918C153,ff927059-4594-48cd-a414-18488f898db1,aa84b867-dcfe-443a-89ba-b29bea3397a3,,,UNASSIGNED,HIGH,5210,0,0,2026-09-18,75,f,0,5,,,FIELD,,,,,,f,,,,330115d8-33d6-4b6c-8e53-753e01f29540,2026-09-18 06:49:34.890073+00,2026-09-18 06:49:34.890076+00
CASE0000090,72d9fc11-2301-420f-9030-05a8d067ae68,9de46033-23b5-4549-8e74-8c07f7f6e1f6,8e59153e-dc8e-4efa-af65-1db304a6f3f1,,PARTIALLY_PAID,CRITICAL,21210,12250.71,0,2026-09-01,60.1,t,2,4,,,NPA_RECOVERY,,,,,,f,,,,332afbbb-18ee-46d2-83d6-49e69d38e111,2026-08-27 11:28:01.182539+00,2026-09-21 09:28:23.737221+00
CASE0000003,8686c2cc-b01d-4e9f-966c-a2c2ab5bcb98,ba391d18-de2a-490b-bf96-da9828fc5b38,c37b6a5c-9d1c-46d4-8ece-dfce290dc74b,,PARTIALLY_PAID,HIGH,10670,9681.56,0,2026-09-01,57.53,t,2,4,,,PRE_LEGAL,,,,,,f,,,,338db969-9e42-4537-aac6-b7c5f0582bab,2026-08-27 11:28:00.844698+00,2026-09-21 09:28:23.737221+00
DAILY20260921C120,f8bc6eae-e9fd-440f-ad4f-5fb0ec8178cf,81e490a8-b7a1-4d06-b26a-a0c072cd713a,,,UNASSIGNED,CRITICAL,3910,0,0,2026-09-21,95,f,0,5,,,NPA_RECOVERY,,,,,,f,,,,33ddabe0-c04f-47e9-a2f3-8f14056f81ea,2026-09-21 04:53:00.188716+00,2026-09-21 04:53:00.18872+00
CASE0000571,26976eb1-42c6-400c-b45a-101b41ce3537,87ce57a0-b54e-4a8c-963c-f358a52ba258,e9dced65-f61b-4c24-bae7-d4170299ed46,,PAID,MEDIUM,3840,3840,0,2026-09-02,57.35,f,2,4,2026-09-02 10:45:00+00,,PRE_LEGAL,2026-04-05,,,,,t,,,,3403140c-55c9-4a00-8f90-b0db0ed5417e,2026-08-27 11:28:06.368362+00,2026-09-03 05:17:22.021253+00
DAILY20260907C145,eb37de9a-a1d0-49e5-9d1b-94f3de51f7d5,7ca8f14a-7933-4699-9d4c-e2a05b88d827,,,UNASSIGNED,CRITICAL,4700,0,0,2026-09-07,95,f,0,5,,,NPA_RECOVERY,,,,,,f,,,,34276f24-3aef-4cac-88a0-dc2f8f094f50,2026-09-07 04:59:06.636242+00,2026-09-07 04:59:06.636245+00
DEMO000011,50644e10-d6ff-4775-b820-e551c5bda213,eb858ef9-5910-4f78-8562-25c379855ba9,2b6de8aa-0976-4be0-8a40-043ff86ffa54,,PARTIALLY_PAID,MEDIUM,3920,3670.41,0,2026-09-02,45,f,3,5,,,FIELD,,,,,,f,,,,3453e14a-d97b-4a57-a664-99abe04c98b7,2026-08-27 11:28:09.597748+00,2026-09-03 05:17:22.021253+00
DAILY20260921C178,f7c953c4-95fe-45ee-a595-f22bc82b32dc,77d90694-b343-440f-ac64-84dff8a526fd,,,UNASSIGNED,CRITICAL,6310,0,0,2026-09-21,95,f,0,5,,,NPA_RECOVERY,,,,,,f,,,,3478d3f6-3d17-4da1-8f55-5c0c54af414f,2026-09-21 04:53:00.682662+00,2026-09-21 04:53:00.682665+00
CASE0000002,a9ecda50-e818-4cb9-97a8-8c56eeea659a,737f95f7-e522-403e-9eab-9eb0d8cd402c,2b6de8aa-0976-4be0-8a40-043ff86ffa54,,PTP_SET,CRITICAL,6110,0,0,2026-09-01,82.81,t,2,5,,,NPA_RECOVERY,,,,Seasonal worker — income irregular. Best to visit early morning.,,t,,,,34837a57-17c7-4ebe-a152-3cae876fe146,2026-08-27 11:28:00.840413+00,2026-09-21 09:28:23.737222+00
CASE0000018,30226d3a-2d1e-4854-9b00-46ea0cd54d7e,251e903a-ba61-47c3-a624-b064b123779c,2dfc73e0-dba9-4aa5-babf-d5141ded5497,,PAID,CRITICAL,4560,4560,0,2026-09-01,100,f,3,4,2026-09-01 09:51:00+00,,NPA_RECOVERY,,,,,,t,,,,34a83a97-bdaa-4b85-81c3-980fba9da7b3,2026-08-27 11:28:00.950558+00,2026-09-03 05:17:22.030271+00
DAILY20260921C180,3d1dd3eb-a003-407c-b51e-b6452de4802e,8c56dded-2d5a-4848-8188-860ea9d2f1f7,,,UNASSIGNED,CRITICAL,4110,0,0,2026-09-21,95,f,0,5,,,NPA_RECOVERY,,,,,,f,,,,34b02348-a39b-42f9-885b-7ee84e3ac623,2026-09-21 04:53:00.693375+00,2026-09-21 04:53:00.693378+00
DAILY20260903C29,4d3d7b29-fa51-4d9d-94c5-d5a70f4be7f4,9a75868b-1ad0-4059-ba14-a1123f66731e,c33350cc-f581-492e-807f-14262d56ebcb,,IN_PROGRESS,MEDIUM,11980,0,0,2026-09-18,45,f,1,5,,,FIELD,,,,,,f,,,,34f08fc2-9feb-44a0-a78c-283142670752,2026-09-02 15:33:15.688682+00,2026-09-18 04:47:36.828389+00
CASE0000654,0c6dbe7b-6c5d-4d4e-9acf-ee39611a9414,8ece2da9-d4d5-4630-beb6-63a31d958d94,c37b6a5c-9d1c-46d4-8ece-dfce290dc74b,,PAID,MEDIUM,1970,1970,0,2026-04-04,36.01,t,3,4,,,PRE_LEGAL,,,,,,f,,,,34f3a5ea-99d1-48df-a34f-dc3e858ca7a9,2026-08-27 11:28:07.910683+00,2026-09-03 05:17:22.031268+00
DAILY20260921C63,8a9cafff-0912-4264-8cd0-1f9fe52e7db8,03b8e528-a622-4c5e-8408-bd343e53d6cb,c33350cc-f581-492e-807f-14262d56ebcb,,PTP_SET,MEDIUM,50770,0,0,2026-09-21,45,f,1,5,,,FIELD,,,,,,f,,,,34f4c207-c659-4d3c-9aa2-b6a8a5d49366,2026-09-21 04:52:59.73888+00,2026-09-21 06:09:26.531528+00
DAILY20260903C134,ad72cc73-d338-4312-afcf-9b34c680f218,37210474-346a-4f05-b428-4e5b68e69a24,3e9c4168-1de9-43e8-b9f2-fbf3f931949d,,ASSIGNED,HIGH,4670,0,0,2026-09-03,75,f,0,5,,,FIELD,,,,,,f,,,,350437ea-5db9-4c12-8fa5-848d8240c26d,2026-09-02 15:33:16.099983+00,2026-09-03 05:19:14.24593+00
DAILY20260903C19,89358c52-b266-4e0e-959a-8d919a57bef6,1111f893-b42c-4e44-bd41-da6d130e6620,4a182f53-a1a1-4f15-945a-6a56f4e04b64,,PARTIALLY_PAID,MEDIUM,15230,6029.59,0,2026-09-18,45,f,1,5,,,FIELD,,,,,,f,,,,354b9357-bae4-4886-b7a6-766074b3b81b,2026-09-02 15:33:15.643497+00,2026-09-18 06:37:21.820447+00
DAILY20260907C41,49ef3c8d-8479-4f8f-a829-8cd6cfc2e53a,975672c0-7032-46b0-956a-6a41b736ed29,,,UNASSIGNED,HIGH,12770,0,0,2026-09-21,75,f,0,5,,,FIELD,,,,,,f,,,,35873dc9-6d38-4473-97f9-d85c51cc2618,2026-09-07 04:59:06.030144+00,2026-09-21 07:24:02.321458+00
DAILY20260903C176,ccab2601-5ebb-47e2-ad38-15df092db539,ccd28594-e56a-40a4-a58c-a775f5f805ed,4a182f53-a1a1-4f15-945a-6a56f4e04b64,,PTP_SET,MEDIUM,24240,3656.08,0,2026-09-17,45,f,1,5,,,FIELD,,,,,,f,,,,35912c01-b04f-48bb-bf85-876c4fc1f918,2026-09-02 15:33:16.252949+00,2026-09-17 06:31:13.415814+00
CASE0000469,82440fe5-d534-4f3c-8df1-5d8b99fc4234,954a8b84-2fcf-4d1e-9021-085541d8579f,cd9e6eca-028e-4c61-8e82-048327bc4476,,PARTIALLY_PAID,CRITICAL,36860,30910.54,0,2026-08-26,59.75,t,2,4,2026-05-30 00:00:00+00,,NPA_RECOVERY,,,,,,f,,,,359f2493-21f7-4fdc-aeaf-ff35a31d9596,2026-08-27 11:28:04.872965+00,2026-09-21 09:28:23.737222+00
DAILY20260918C185,11ca8551-e574-4bb5-a002-500da76d391e,2ff719c2-37c6-4618-b65b-ad7c50f0d149,,,UNASSIGNED,CRITICAL,10410,0,0,2026-09-18,95,f,0,5,,,NPA_RECOVERY,,,,,,f,,,,35bc36f5-cf83-4220-8467-4e446f33c20d,2026-09-18 06:49:35.063664+00,2026-09-18 06:49:35.063666+00
DAILY20260903C108,80db7048-378b-4c64-abf9-1290472dfe7c,fa4bc952-caf3-43aa-be98-cf842cba3c7d,8e59153e-dc8e-4efa-af65-1db304a6f3f1,,ASSIGNED,CRITICAL,27640,0,0,2026-09-03,95,f,0,5,,,NPA_RECOVERY,,,,,,f,,,,362595e6-7419-444a-adf9-01b930c76744,2026-09-02 15:33:15.999063+00,2026-09-02 15:41:24.616828+00
CASE0000038,82440fe5-d534-4f3c-8df1-5d8b99fc4234,954a8b84-2fcf-4d1e-9021-085541d8579f,a2e2555c-f597-43af-a77a-fe708f967218,,PAID,MEDIUM,36860,36860,0,2026-08-26,59.75,t,1,4,,,NPA_RECOVERY,,,,Customer had good repayment history until Q3 2022. Defaulted post job loss.,,f,,,,3635d152-b667-4fd9-8c62-a21f4d601211,2026-08-27 11:28:01.004589+00,2026-09-02 15:27:18.884064+00
CASE0000479,49990be3-78b7-4671-a955-7b3eaf1c075c,69c230a3-59b0-457e-a4a8-c6faa2a76acf,8e59153e-dc8e-4efa-af65-1db304a6f3f1,,PARTIALLY_PAID,MEDIUM,31410,20009.68,0,2026-08-26,100,t,4,5,,,FIELD,2026-04-29,,,,,t,,,,36650bd1-675d-4d69-9157-e61cd7802849,2026-08-27 11:28:04.966683+00,2026-09-21 09:28:23.737223+00
DAILY20260828C01,0dde083e-ba47-4923-9eca-168c2af29efd,3026d191-fa6d-49f8-99c9-f69d16eb6562,3aa13103-bd03-4578-9292-44d88d58da00,,PARTIALLY_PAID,MEDIUM,19130,8502.38,0,2026-09-01,30,f,1,5,,,FIELD,,,,,,f,,,,36a4a6cd-e4ac-4482-81f8-0f3eff465e2e,2026-08-28 15:48:57.070012+00,2026-09-03 05:19:14.24593+00
DEMO000007,b8409718-e40e-4f33-9aa8-d225e8fd5f62,1bf44762-1279-40f4-8c9d-d85f0262928f,2b6de8aa-0976-4be0-8a40-043ff86ffa54,,PAID,LOW,3000,3000,0,2026-09-01,20,f,3,5,2026-09-01 12:17:53.324851+00,,FIELD,,,,,,f,,,,36ce7c7b-b3e1-46f2-8ad1-75f73879c325,2026-08-27 11:28:09.580363+00,2026-09-03 05:17:22.031268+00
DAILY20260906C95,5f5aa3ed-19bc-4540-9962-2e3e106c7e3c,3dfe58ef-4f5b-4313-acdf-181d11f9e9a7,c33350cc-f581-492e-807f-14262d56ebcb,,PTP_SET,CRITICAL,26420,9430.39,0,2026-09-18,95,f,1,5,,,NPA_RECOVERY,,,,,,f,,,,3700d57d-53f2-470d-a3c7-09ea8c03b51b,2026-09-06 13:30:49.371737+00,2026-09-18 06:37:22.405049+00
CASE0000578,11721135-0a03-4f14-a72b-f26994b00c33,d5195d7c-e73d-4b1b-8602-ec0683cd2d20,5fbae4d6-59d1-4e6c-8a80-fe57244a45bb,,PAID,LOW,12680,12680,0,2026-09-17,25.08,t,3,5,2026-09-17 05:24:00+00,Paid in full at doorstep,FIELD,2026-03-28,,,,,t,,,,37084f7a-c7dc-443b-a469-d5b8199b2a4e,2026-08-27 11:28:06.424545+00,2026-09-17 06:31:11.934567+00
DAILY20260903C111,f04135d6-40f0-421d-a06f-6ee8e6f8ce43,88d972e9-bb78-4e1b-aa81-934074932fad,4a182f53-a1a1-4f15-945a-6a56f4e04b64,,ASSIGNED,CRITICAL,9200,0,0,2026-09-03,95,f,0,5,,,NPA_RECOVERY,,,,,,f,,,,37704499-ec11-460b-9a0f-ccf527f4bbe7,2026-09-02 15:33:16.018901+00,2026-09-02 15:33:49.188011+00
DAILY20260921C150,20b3ad25-b97e-40f8-b115-e858d8218852,e662ed9e-aa30-4fa6-9adf-cd686431332f,,,UNASSIGNED,CRITICAL,1620,0,0,2026-09-21,95,f,0,5,,,NPA_RECOVERY,,,,,,f,,,,37743b57-a034-4325-b26f-e2ec3a69e682,2026-09-21 04:53:00.494964+00,2026-09-21 04:53:00.494966+00
DAILY20260903C71,204ada08-23e4-46d2-b9f9-dbc2265f9ecb,896679ee-d89f-42cb-8165-7f42529b08f0,,,UNASSIGNED,CRITICAL,2520,0,0,2026-09-03,95,f,0,5,,,NPA_RECOVERY,,,,,,f,,,,37932ec2-e13f-4d28-a2f2-b540c694e0e1,2026-09-02 15:33:15.8479+00,2026-09-02 15:33:15.8479+00
DAILY20260903C182,ce764538-8c5a-4684-9454-02e4cfe65ee0,a464f0d4-44ef-4646-82d6-51873a947f6f,8e59153e-dc8e-4efa-af65-1db304a6f3f1,,PTP_SET,MEDIUM,42590,9350.63,0,2026-09-17,45,f,1,5,,,FIELD,,,,,,f,,,,37d13be1-72f5-469b-aea7-263733614457,2026-09-02 15:33:16.276815+00,2026-09-17 06:31:13.368698+00
DAILY20260921C111,461778fb-4c4c-42e4-a4b8-dfdb45a1a5d6,b0d44604-4c12-4c55-860f-05ac4323c4ba,,,UNASSIGNED,MEDIUM,9360,0,0,2026-09-21,45,f,0,5,,,FIELD,,,,,,f,,,,380a6e83-3e21-4d31-9794-17e114e8c0e5,2026-09-21 04:53:00.102843+00,2026-09-21 04:53:00.102846+00
CASE0000329,3dd02813-2be4-400d-82fe-f7dd030407ea,62306470-a7ef-4fad-b624-a1b8df5827af,4a182f53-a1a1-4f15-945a-6a56f4e04b64,,PARTIALLY_PAID,MEDIUM,25850,23397.1,0,2026-08-27,100,t,3,5,,,FIELD,,,,,,f,,,,38379579-1967-4c68-b2a6-fec47a12b809,2026-08-27 11:28:03.323487+00,2026-09-21 09:28:23.737224+00
DAILY20260921C98,3a419c21-2b5e-4a96-aa60-ff50841fa649,3849e0c3-ae4d-4d56-9ab9-4ca72738fb1f,,,UNASSIGNED,HIGH,8380,0,0,2026-09-21,75,f,0,5,,,FIELD,,,,,,f,,,,3851b97a-3a5b-438b-bf68-7520c62c70f7,2026-09-21 04:52:59.961577+00,2026-09-21 04:52:59.961581+00
CASE0000227,cb6aa2b7-e049-4fcb-ae64-0feacbf71c37,a00626ea-f626-4cae-954d-f1a27883a7fe,2dfc73e0-dba9-4aa5-babf-d5141ded5497,,PARTIALLY_PAID,MEDIUM,27610,25490.82,0,2026-08-27,43.09,f,2,4,,,FIELD,,,,,,f,,,,3898c8c6-bce0-4559-b646-e208974cdb18,2026-08-27 11:28:02.130967+00,2026-09-21 05:17:11.59825+00
CASE0000607,c17d44ac-7449-4cbb-ab24-33e588750d21,17e82720-cf29-4176-bb99-ea425b6974e0,c2f2e0ce-5aeb-4ece-8325-2167edfe139e,,PAID,LOW,6000,6000,0,2026-08-27,27.97,t,3,3,2026-09-01 05:52:00.181768+00,,FIELD,2026-02-27,,,,,f,,,,38b5a631-94e3-491d-b6b8-2e0a136989e6,2026-08-27 11:28:07.483192+00,2026-09-02 15:27:18.893259+00
CASE0000100,65d0ed44-6d1a-461a-8814-cfec36409756,3ba17d4d-fd7d-4470-98f0-cd4052b0a326,c33350cc-f581-492e-807f-14262d56ebcb,,PAID,LOW,6920,6920,0,2026-08-05,27.91,t,1,3,2026-08-09 00:00:00+00,,FIELD,2026-07-09,,,Customer had good repayment history until Q3 2022. Defaulted post job loss.,,f,,,,38bbdaed-e51c-4bf6-bb80-5e562f811d62,2026-08-27 11:28:01.217921+00,2026-09-02 15:27:18.893259+00
DAILY20260906C33,fd0a1adc-db86-4b79-a112-86dd04f758c1,d35eda7c-124c-4dfc-92ee-a343c8d0a67e,,,UNASSIGNED,CRITICAL,4480,0,0,2026-09-06,95,f,0,5,,,NPA_RECOVERY,,,,,,f,,,,38fc47cc-4bc0-4ba7-8ae4-5f7e2b94663e,2026-09-06 13:30:48.878326+00,2026-09-06 13:30:48.878343+00
DAILY20260907C182,936edb94-eea2-43c0-8f7f-78662dfca387,bbb238c0-f4a8-47fe-ac9f-ef528fb12c1f,,,UNASSIGNED,MEDIUM,2520,0,0,2026-09-07,45,f,0,5,,,FIELD,,,,,,f,,,,390750e6-620f-4305-8735-8bd0b0ba8b99,2026-09-07 04:59:06.867912+00,2026-09-07 04:59:06.867914+00
DAILY20260918C06,e1627018-fabf-4d8a-a3a3-2af5e4719996,77760595-f288-4d34-9d41-8c5aac3c7d8f,e9dced65-f61b-4c24-bae7-d4170299ed46,,IN_PROGRESS,MEDIUM,9280,0,0,2026-09-21,45,f,1,5,,,FIELD,,,,,,f,,,,392db854-7e87-480e-b11b-7fb56faa12b2,2026-09-18 06:49:34.057298+00,2026-09-21 06:09:27.028564+00
CASE0000680,47e30ef7-8957-428d-be7b-a7b0524f8143,7e7e35fa-08dd-47a9-9307-f2181dc97d37,3aa13103-bd03-4578-9292-44d88d58da00,,PARTIALLY_PAID,MEDIUM,34100,28701.11,0,2026-03-16,25.87,t,2,5,,,FIELD,,,,,,f,,,,394352eb-40dd-4a95-b7a1-5fb46e6ebd74,2026-08-27 11:28:08.131625+00,2026-09-21 09:28:23.737224+00
CASE0000031,2a15516f-d306-43e7-9555-1ce7dc5b5296,e5040fbf-6099-4864-b6e8-49a60bcca331,2dfc73e0-dba9-4aa5-babf-d5141ded5497,,PAID,CRITICAL,63560,63560,0,2026-08-22,100,t,1,3,2026-09-13 00:00:00+00,,FIELD,,,,,,f,,,,3947f7ab-b060-407d-928c-2f395770bd9e,2026-08-27 11:28:00.987875+00,2026-09-02 15:27:18.893259+00
DAILY20260921C69,17205e32-4e5f-4dd9-96f0-9c69f235f471,4be512be-891d-4fdf-87c7-4707947e4d53,,,UNASSIGNED,CRITICAL,6280,0,0,2026-09-21,95,f,0,5,,,NPA_RECOVERY,,,,,,f,,,,3960c4fd-4b13-462a-a451-e2765d406e3a,2026-09-21 04:52:59.773722+00,2026-09-21 04:52:59.773727+00
CASE0000004,6d7f5b9d-9880-4b50-9071-8f58c57f45a9,d0a326ca-b378-4225-9b54-517ae8806dd3,a13886ca-739b-47b4-a473-724e03f7332a,,PAID,CRITICAL,22630,22630,0,2026-09-01,100,t,2,5,2026-09-01 10:07:00+00,,NPA_RECOVERY,2026-08-11,,,,,t,,,,39aeb7cd-94b6-4ea7-afab-1692057be162,2026-08-27 11:28:00.886225+00,2026-09-03 05:19:14.24593+00
DAILY20260903C79,261b6514-df21-44e6-ba8d-7bd46a8aafe9,5e212071-f11c-4759-ba65-d482ad091fdc,,,UNASSIGNED,CRITICAL,17980,0,0,2026-09-03,95,f,0,5,,,NPA_RECOVERY,,,,,,f,,,,39cc1c69-354e-438c-b329-1758a5996842,2026-09-02 15:33:15.889001+00,2026-09-02 15:33:15.889001+00
DAILY20260903C144,153f5cb2-20ec-40cf-8a5f-9289331a9c9a,5693a29c-8b74-44ac-85c5-b5149ac970de,2b6de8aa-0976-4be0-8a40-043ff86ffa54,,PAID,MEDIUM,18650,18650,0,2026-09-17,45,f,1,5,2026-09-17 11:05:00+00,Paid in full at doorstep,FIELD,,,,,,f,,,,39ee893d-f6ad-4cde-a77c-e21d92ca4010,2026-09-02 15:33:16.140904+00,2026-09-17 06:31:12.108454+00
CASE0000369,c34b25c0-f1f6-4a99-8351-ecf4852a50d4,7e193414-f6ad-49e4-a5a7-e8b34b0742df,2dfc73e0-dba9-4aa5-babf-d5141ded5497,,PAID,LOW,6670,6670,0,2026-05-30,29.86,f,2,5,2026-05-25 00:00:00+00,,FIELD,,,,,,f,,,,3a3946fc-6af6-4425-8701-bef7882702a5,2026-08-27 11:28:04.022365+00,2026-09-03 05:17:22.034396+00
DAILY20260921C153,a86dface-6350-4edf-a4e0-ed5a82ad0a54,cb834161-19cf-4a40-8804-1ab5636f2804,8e59153e-dc8e-4efa-af65-1db304a6f3f1,,PAID,MEDIUM,64140,64140,0,2026-09-21,45,f,1,5,2026-09-21 07:52:00+00,Paid in full at doorstep,FIELD,,,,,,f,,,,3a9a2c94-7320-442d-b606-fb3739e815f3,2026-09-21 04:53:00.511777+00,2026-09-21 06:09:25.722801+00
CASE0000237,783b963e-c174-4a0b-b9bf-b5b43a6000bd,c230db93-1805-4cd1-81bd-1286262f0c1c,a2e2555c-f597-43af-a77a-fe708f967218,,PAID,HIGH,12980,12980,0,2026-08-27,84.7,f,3,5,2026-08-27 11:16:00+00,,LEGAL,2026-06-21,,,,,t,,,,3aaa86ab-74a1-46d5-9f94-67bc87be3934,2026-08-27 11:28:02.198291+00,2026-09-02 15:27:18.893259+00
DAILY20260906C61,6a568f6b-3168-48e5-b5da-91377cd7c980,977ab33e-dc4e-499c-b23c-1d0cb9c989c2,a13886ca-739b-47b4-a473-724e03f7332a,,ASSIGNED,MEDIUM,52910,0,0,2026-09-15,45,f,0,5,,,FIELD,,,,,,f,,,,3adf4362-c5e7-4ee9-9cf6-bc4746405856,2026-09-06 13:30:49.164161+00,2026-09-15 04:42:32.80943+00
DAILY20260921C104,e16f4bcb-b3c2-4d46-bba9-3df531492f6a,cc9fb23a-4bd7-4e23-8fab-b3de80cb8ce1,e9dced65-f61b-4c24-bae7-d4170299ed46,,IN_PROGRESS,MEDIUM,8730,0,0,2026-09-21,45,f,1,5,,,FIELD,,,,,,f,,,,3b29264a-aaa8-409c-b8a3-547273790224,2026-09-21 04:53:00.013495+00,2026-09-21 06:09:27.011321+00
CASE0000114,8be4291b-80e9-45cf-ba15-dde87c9e0842,bd052574-ad17-4432-a3b5-32d04fcacc3f,c2f2e0ce-5aeb-4ece-8325-2167edfe139e,,PARTIALLY_PAID,CRITICAL,15900,14627.91,0,2026-08-27,56.76,t,2,4,,,NPA_RECOVERY,,,,,,f,,,,3b4a38c3-6651-4713-9337-fa2649890b79,2026-08-27 11:28:01.263553+00,2026-09-21 09:28:23.737225+00
CASE0000062,d5044408-d977-4e21-92a6-6a6b695b9164,e4099e4c-3674-4534-bb50-5f255ff2b4a5,8e59153e-dc8e-4efa-af65-1db304a6f3f1,,PAID,MEDIUM,23040,23040,0,2026-08-27,42.3,t,2,3,2026-08-27 15:48:00+00,,FIELD,,,,Customer called 6 times by bank IVR — no response. Contact number may have changed.,,f,,,,3b4d1b56-5d93-4511-92ec-591061b54833,2026-08-27 11:28:01.07777+00,2026-09-02 15:27:18.893259+00
DAILY20260918C129,45ee30fe-e5e9-4ea6-a367-9ba5c8ade652,8efcabe5-1b94-462e-a559-b8162b06441f,,,UNASSIGNED,MEDIUM,12040,0,0,2026-09-18,45,f,0,5,,,FIELD,,,,,,f,,,,3b581b54-af39-4a09-817a-ea9e9742335a,2026-09-18 06:49:34.762912+00,2026-09-18 06:49:34.762915+00
DAILY20260921C158,a4c9cceb-de44-4371-a3f6-2d7bae1743f8,8fabaa2b-bfcc-4d13-ac43-b9e2d0961db4,,,UNASSIGNED,CRITICAL,7900,0,0,2026-09-21,95,f,0,5,,,NPA_RECOVERY,,,,,,f,,,,3c3dec2f-a830-4998-9695-736cdb661447,2026-09-21 04:53:00.545424+00,2026-09-21 04:53:00.54543+00
CASE0000211,ceab45b8-8a17-42c8-a78d-76c0c61e632b,b1ed3bba-75e3-488f-987c-687f8bb59752,8e59153e-dc8e-4efa-af65-1db304a6f3f1,,PAID,LOW,5000,5000,0,2026-08-27,21.17,t,3,4,2026-08-27 11:46:00+00,,FIELD,,,,Borrower relocated. New address shared by guarantor — verify on field visit.,,f,,,,3c65fc4e-c1ac-4ee1-b3a5-cb158a253967,2026-08-27 11:28:02.022675+00,2026-09-02 15:27:18.893259+00
CASE0000346,9bd1b138-1ded-4ba6-8eba-013a26589c63,d078a832-b509-4044-88da-09b286783278,2dfc73e0-dba9-4aa5-babf-d5141ded5497,,ESCALATED,CRITICAL,4010,0,0,2026-09-01,100,f,4,3,,,NPA_RECOVERY,,,,,,t,,,,3c895d7d-bb6c-412c-8ffd-cd735c3a3d23,2026-08-27 11:28:03.435179+00,2026-09-03 05:17:22.035402+00
CASE0000098,0549a0ef-cfda-4123-acaa-366ba52ffd7e,bd8ebb05-5e27-49fb-884e-0541ac42b15f,8e59153e-dc8e-4efa-af65-1db304a6f3f1,,PARTIALLY_PAID,CRITICAL,17540,5344.52,0,2026-09-01,100,t,2,5,,,NPA_RECOVERY,,,,Customer called 6 times by bank IVR — no response. Contact number may have changed.,,t,,,,3ce440da-f98c-4b35-8540-6d3d1644aecd,2026-08-27 11:28:01.210047+00,2026-09-03 05:17:22.035402+00
CASE0000085,ea8bf59f-dae6-4b04-b0c8-72a6f51d8d08,3b7b8485-7db8-4854-bc33-3ebda2fb30e9,c2f2e0ce-5aeb-4ece-8325-2167edfe139e,,PARTIALLY_PAID,MEDIUM,21420,14790.48,0,2026-09-17,80.4,t,4,3,,,FIELD,2026-07-29,,,,,f,,,,3cfbc763-04d4-4c78-bd38-db876da6efe4,2026-08-27 11:28:01.163476+00,2026-09-21 09:28:23.737225+00
CASE0000262,8ac67a04-0429-474b-83f0-f32bec5ecc5b,3081d549-dfbe-4609-a442-37b1f2648b81,4a182f53-a1a1-4f15-945a-6a56f4e04b64,,PARTIALLY_PAID,CRITICAL,2630,2478.9,0,2026-08-26,84.94,f,3,5,,,LEGAL,,,,,,f,,,,3d179095-4725-4a52-8f22-b9e30ef909e4,2026-08-27 11:28:02.713553+00,2026-09-21 09:28:23.737226+00
DAILY20260903C137,2629fec0-8412-45a2-bfe9-c19f55f6dc59,4bd03e49-4ae3-44bc-b46f-97b056ba6efa,,,UNASSIGNED,CRITICAL,7360,0,0,2026-09-03,95,f,0,5,,,NPA_RECOVERY,,,,,,f,,,,3d24a39c-91a2-4bfc-9d3d-eb4a59f29338,2026-09-02 15:33:16.115215+00,2026-09-02 15:33:16.115215+00
CASE0000334,0984faa1-314e-4568-b8f0-cf91a86cf052,ad1ab0ac-a924-494c-bf7b-38833e2b2142,a13886ca-739b-47b4-a473-724e03f7332a,,PAID,HIGH,17310,17310,0,2026-08-25,63.23,f,3,5,2026-09-01 05:52:00.181768+00,,LEGAL,,,,,,t,,,,3d468e06-4148-43e1-b38a-db924c889338,2026-08-27 11:28:03.35259+00,2026-09-02 15:27:18.899441+00
CASE0000501,414ea351-9932-44a5-97dd-6087537e80e3,ced64856-325d-4ca6-9043-eead876ca3a7,3e9c4168-1de9-43e8-b9f2-fbf3f931949d,,PAID,CRITICAL,16150,16150,0,2026-08-27,100,t,3,3,2026-08-27 16:35:00+00,,LEGAL,,,,Previous agency attempt closed with no resolution. Fresh allocation.,,f,,,,3d66de68-8914-4aec-aead-b463c4b65d13,2026-08-27 11:28:05.789236+00,2026-09-02 15:27:18.899441+00
CASE0000127,b8dfb771-23d3-4152-91f7-1409ab8bad9d,58c693cb-5dc5-4101-ba9c-bba3eb57b8ee,c2f2e0ce-5aeb-4ece-8325-2167edfe139e,,PAID,CRITICAL,26730,26730,0,2026-07-11,100,t,2,5,2026-09-01 05:52:00.181768+00,,PRE_LEGAL,,,,,,t,,,,3d6aefac-5b91-482c-b033-e11f15822263,2026-08-27 11:28:01.439959+00,2026-09-03 05:17:22.037617+00
CASE0000617,8686c2cc-b01d-4e9f-966c-a2c2ab5bcb98,ba391d18-de2a-490b-bf96-da9828fc5b38,357e2e09-b637-468e-818b-57a5dce18e9c,,PAID,MEDIUM,10670,10670,0,2026-03-30,57.53,t,2,4,2026-04-06 00:00:00+00,,PRE_LEGAL,,,,Borrower is cooperative per branch records but cash-strapped. Willing to negotiate.,,f,,,,3d6f3ec1-6eca-4bf6-86e7-a280a4b09ba5,2026-08-27 11:28:07.582218+00,2026-09-03 05:17:22.037617+00
CASE0000363,26f02717-8e95-4da1-bd80-7ca2a17be532,5d8b6496-4372-42df-99a7-4de86d3640aa,4a182f53-a1a1-4f15-945a-6a56f4e04b64,,ASSIGNED,CRITICAL,23660,0,0,2026-09-04,100,t,2,5,,,LEGAL,,,,,,t,,,,3d70066a-cc7a-4ef2-a6f7-6a2d1abe54c9,2026-08-27 11:28:03.958409+00,2026-09-03 10:17:46.82691+00
DAILY20260907C176,75486798-05c1-4eed-b3d3-49811f8062df,f4338cee-fbc8-4129-8a87-5821193f125b,2b6de8aa-0976-4be0-8a40-043ff86ffa54,,IN_PROGRESS,HIGH,20890,0,0,2026-09-18,75,f,1,5,,,FIELD,,,,,,f,,,,3d99cb42-2538-4e52-9b7a-3d2fc609c873,2026-09-07 04:59:06.8321+00,2026-09-21 05:55:24.533409+00
DAILY20260918C01,0f1ae83c-9f0f-42ce-8449-c01ecfb0d7a5,49e7ca87-6e68-4f9e-acf9-46fbde93fcfb,4a182f53-a1a1-4f15-945a-6a56f4e04b64,,ASSIGNED,MEDIUM,33280,0,0,2026-09-21,45,f,0,5,,,FIELD,,,,,,f,,,,3db429ff-8515-4e5d-8c21-859ec01ebfa6,2026-09-18 06:49:34.030589+00,2026-09-21 05:17:11.602889+00
DAILY20260907C72,3fde8f4f-a583-4f9c-8144-112a842fac20,76b56382-763a-4fed-9313-19e9a723c4c8,2dfc73e0-dba9-4aa5-babf-d5141ded5497,,PARTIALLY_PAID,MEDIUM,30680,6969.94,0,2026-09-18,45,f,1,5,,,FIELD,,,,,,f,,,,3e0a185d-f499-41df-8a87-47f1385ad8b1,2026-09-07 04:59:06.228488+00,2026-09-21 05:55:24.533413+00
DAILY20260907C117,4a2b9c47-efe9-4ba8-b7b1-40cf368df54c,68e46d9b-f5a4-4def-a757-fc251f117d94,a2e2555c-f597-43af-a77a-fe708f967218,,PTP_SET,HIGH,10560,0,0,2026-09-21,75,f,1,5,,,FIELD,,,,,,f,,,,3e14b46d-327a-46b1-9ac5-240d9689141b,2026-09-07 04:59:06.502304+00,2026-09-21 06:09:26.45049+00
CASE0000503,a2b648d3-427b-4a3c-8974-a9010193f886,88378772-3224-42f8-b28b-fca7bc87384a,c6ca60b7-2143-412b-887e-c30ae9cda031,,PAID,CRITICAL,40000,40000,0,2026-08-25,100,t,3,3,2026-04-18 00:00:00+00,,PRE_LEGAL,,,,,,f,,,,3e26b206-d022-4f98-ac02-4bab96eb06b9,2026-08-27 11:28:05.807148+00,2026-09-02 15:27:18.899441+00
CASE0000587,becb48a3-4d0a-4b95-9c49-553292c440ee,a4f56e56-8fd4-4a9e-98f0-06c44d222118,c6ca60b7-2143-412b-887e-c30ae9cda031,,PARTIALLY_PAID,HIGH,1500,1456.47,0,2026-08-26,33.29,t,2,4,2026-04-18 00:00:00+00,,PRE_LEGAL,,,,Partial payment of overdue attempted by customer at branch — reversed due to shortfall.,,f,,,,3e689969-007a-40ce-9ee5-f8de67c7401f,2026-08-27 11:28:06.491135+00,2026-09-21 09:28:23.737227+00
DAILY20260907C64,64e8e19c-9f57-465a-9bfb-e029b98afad3,be6999db-fab4-494e-92c0-d011595c7d73,3e9c4168-1de9-43e8-b9f2-fbf3f931949d,,PAID,MEDIUM,29240,29240,0,2026-09-21,45,f,3,5,2026-09-21 09:33:00+00,Paid in full at doorstep,FIELD,,,,,,f,,,,3e9059c1-1f44-4766-8f94-6ee0cd763d3d,2026-09-07 04:59:06.180942+00,2026-09-21 06:09:25.685131+00
CASE0000213,0df43380-a050-44fd-8b41-28df032bed43,c1cdbe96-1044-47cf-ae61-55d6dbc5ced1,c6ca60b7-2143-412b-887e-c30ae9cda031,,PAID,CRITICAL,31710,31710,0,2026-08-27,100,t,3,5,2026-08-27 13:12:00+00,,FIELD,,,,Account flagged for special mention — court case pending. Handle with care.,,f,,,,3e926492-2fb7-45df-8cc7-4dbf17099a2f,2026-08-27 11:28:02.039967+00,2026-09-02 15:27:18.899441+00
DAILY20260907C19,2e0e915b-7d71-4d30-bb36-cf64953edbc9,e870ff52-0fe5-4cf9-8f88-c7fb6b40f074,2b6de8aa-0976-4be0-8a40-043ff86ffa54,,PAID,CRITICAL,36750,36750,0,2026-09-18,95,f,1,5,2026-09-18 10:00:00+00,Paid in full at doorstep,NPA_RECOVERY,,,,,,f,,,,3f1e1974-3e2f-4b59-a1ac-53be1e4bb93e,2026-09-07 04:59:05.838666+00,2026-09-18 06:37:21.678306+00
CASE0000577,18545dbd-a5d0-4449-814f-81cb0d9cce0a,913ddefe-b463-41c0-bd00-ffb777223978,c33350cc-f581-492e-807f-14262d56ebcb,,PARTIALLY_PAID,HIGH,12460,10928.66,0,2026-08-26,49.34,t,2,5,,,PRE_LEGAL,,,,Customer called 6 times by bank IVR — no response. Contact number may have changed.,,f,,,,3f5ec6fd-8033-4390-8954-85546d6acc7f,2026-08-27 11:28:06.41749+00,2026-09-21 09:28:23.737227+00
CASE0000260,179bb5f7-66c6-4094-8948-06aef8f0037e,ada62e6e-a761-48f4-b3a8-1d33d055ca49,c37b6a5c-9d1c-46d4-8ece-dfce290dc74b,,PAID,HIGH,15870,15870,0,2026-08-25,77.09,t,2,4,2026-09-01 05:52:00.181768+00,,NPA_RECOVERY,,,,,,t,,,,3f8d7383-34d2-42a7-810a-e6bd39a85224,2026-08-27 11:28:02.687006+00,2026-09-02 15:27:18.899441+00
CASE0000130,ae8dfda9-08e2-4ca3-9de0-1cd8ca6fd22f,aa04166f-b582-4588-8313-2a32059b8e56,2b6de8aa-0976-4be0-8a40-043ff86ffa54,,PARTIALLY_PAID,MEDIUM,10150,5138.75,0,2026-09-01,89.08,t,2,4,,,FIELD,2026-07-09,,,,,f,,,,3faae8c4-8d96-403d-9c97-b2161f472733,2026-08-27 11:28:01.461299+00,2026-09-21 09:28:23.737228+00
DAILY20260907C81,d2f475cd-08b0-498f-83f6-3467e7ddd17b,b0d349bd-a125-4724-ac17-3a26bc81870c,a13886ca-739b-47b4-a473-724e03f7332a,,ASSIGNED,HIGH,31720,0,0,2026-09-10,75,f,1,5,,,FIELD,,,,,,f,,,,3fb7b92e-6135-42bc-8fe8-f8c4d0443483,2026-09-07 04:59:06.280885+00,2026-09-21 04:53:43.153437+00
CASE0000094,603e0110-90f9-471f-9f02-bccfb8407a98,dce8f3c2-3039-40f8-9510-f13fc83f7ed3,8e59153e-dc8e-4efa-af65-1db304a6f3f1,,PAID,HIGH,15000,15000,0,2026-09-01,76.7,t,2,4,2026-09-01 16:37:00+00,,PRE_LEGAL,,,,,,f,,,,3ff85e97-29bd-4f1c-bf53-95d65a217064,2026-08-27 11:28:01.196425+00,2026-09-03 05:17:22.039301+00
CASE0000310,9d36153b-9490-468e-8f0c-6acd4b668a26,249effaa-b709-4c2a-b3c1-e5c118ecefe2,e9dced65-f61b-4c24-bae7-d4170299ed46,,PTP_SET,CRITICAL,17080,14802.2,0,2026-09-18,100,t,4,5,,,LEGAL,,,,Previous agency attempt closed with no resolution. Fresh allocation.,,t,,,,40147f68-8a18-4627-a1ac-f2a2721ea63c,2026-08-27 11:28:03.1939+00,2026-09-18 06:37:22.421548+00
DAILY20260921C139,995c0a44-a6ba-426d-8059-51b149d3fd1d,3f61092c-5369-4bd8-8659-10e3d4131d7c,cd9e6eca-028e-4c61-8e82-048327bc4476,,PTP_SET,MEDIUM,5080,0,0,2026-09-21,45,f,1,5,,,FIELD,,,,,,f,,,,403e84be-e2a1-4509-bd61-609f810b38f5,2026-09-21 04:53:00.410614+00,2026-09-21 06:09:26.576993+00
CASE0000299,fb003551-696e-48e1-a3f3-fb8cc47620b0,0bf68863-54ec-456f-9eb6-f9ebe1be540a,a13886ca-739b-47b4-a473-724e03f7332a,,PAID,HIGH,10710,10710,0,2026-08-27,82.56,f,3,4,2026-08-27 13:39:00+00,,FIELD,,,,,,f,,,,4051f020-8645-4d4d-9b60-f3174b123ac6,2026-08-27 11:28:03.110714+00,2026-09-02 15:27:18.899441+00
CASE0000040,c41f0001-c549-4669-81c9-9152fc88471c,a5df26c0-ddb9-4e25-bb68-67ad9ee0f688,c6ca60b7-2143-412b-887e-c30ae9cda031,,PARTIALLY_PAID,HIGH,13210,8184.69,0,2026-09-21,41.79,t,4,3,,,PRE_LEGAL,,,,,,t,,,,4061ee12-be08-483b-a04e-c7654f4d23f7,2026-08-27 11:28:01.00885+00,2026-09-21 09:28:23.737229+00
CASE0000606,0b2c8dd8-f345-4d01-94f7-6c59689252ce,07d20d21-d6f5-4890-a2c0-78beffc31b61,2dfc73e0-dba9-4aa5-babf-d5141ded5497,,IN_PROGRESS,HIGH,2030,0,0,2026-09-03,39.08,t,3,3,,,PRE_LEGAL,,,,Co-applicant details on file. May respond if approached together.,,f,,,,40801635-e02d-4323-9a5b-8381d613555b,2026-08-27 11:28:07.472486+00,2026-09-21 09:28:23.737229+00
DAILY20260906C133,4a5a188d-f3cd-4f74-9b9c-d69bfcf24e76,b949dbbd-3bbc-45b4-9e79-eb3e2282b282,,,UNASSIGNED,HIGH,5880,0,0,2026-09-06,75,f,0,5,,,FIELD,,,,,,f,,,,408016cc-41ff-4919-a41f-9a0af8f7d8bc,2026-09-06 13:30:49.610382+00,2026-09-06 13:30:49.610391+00
DAILY20260906C65,aa13ca94-05b4-48c7-aba2-45157c64e40c,b951dadd-9aa6-4153-aa06-ddef7bb8a9e3,c6ca60b7-2143-412b-887e-c30ae9cda031,,PAID,MEDIUM,15160,15160,0,2026-09-16,45,f,1,5,2026-09-17 07:56:00+00,Paid in full at doorstep,FIELD,,,,,,f,,,,4089548e-f553-45cc-853b-c3ada1216296,2026-09-06 13:30:49.190311+00,2026-09-17 06:31:12.062381+00
CASE0000393,9f305358-f359-44a8-bace-30ece8093e9c,63874047-d309-4411-afce-b6b6e5bfd373,c33350cc-f581-492e-807f-14262d56ebcb,,PARTIALLY_PAID,MEDIUM,1810,1471.47,0,2026-08-26,20.93,f,2,4,,,FIELD,,,,Borrower relocated. New address shared by guarantor — verify on field visit.,,t,,,,408dffd4-ea37-4559-ad2b-244df100be78,2026-08-27 11:28:04.258533+00,2026-09-21 09:28:23.73723+00
CASE0000235,ca151c89-12c3-41a3-afc4-d14cd4ac3857,c08282b9-a21f-41d8-8952-42854c2e0e99,a13886ca-739b-47b4-a473-724e03f7332a,,PARTIALLY_PAID,CRITICAL,19000,11886.32,0,2026-08-25,100,f,2,5,,,NPA_RECOVERY,,,,,,t,,,,40924c9a-cb1c-4994-b4f6-91d8d73b8976,2026-08-27 11:28:02.187167+00,2026-09-03 05:19:14.24593+00
DAILY20260903C115,e891127e-795b-4a5f-a0a2-8231030f3a9c,b6797c83-cd0d-459d-aabe-c9522e952aa6,,,UNASSIGNED,HIGH,15560,0,0,2026-09-03,75,f,0,5,,,FIELD,,,,,,f,,,,4099ca21-6796-4f39-bf92-f01d9dc97284,2026-09-02 15:33:16.035437+00,2026-09-02 15:33:16.035437+00
CASE0000166,e1ade214-ec43-49f2-91d9-003b17885b49,2b3e133d-6448-4155-93e9-92f797be5482,2dfc73e0-dba9-4aa5-babf-d5141ded5497,,PAID,CRITICAL,12690,12690,0,2026-09-02,86.43,t,5,4,2026-09-02 16:37:00+00,,PRE_LEGAL,,,,,,f,,,,40d91150-df8b-4994-886b-47b3c907138a,2026-08-27 11:28:01.731436+00,2026-09-03 05:17:22.039301+00
DAILY20260921C43,102fb9b5-a6d1-46c9-9085-766bdcd71f5f,17b30f8a-2a68-4046-ac25-001212c89faf,8e59153e-dc8e-4efa-af65-1db304a6f3f1,,PARTIALLY_PAID,MEDIUM,20370,5202.74,0,2026-09-21,45,f,1,5,,,FIELD,,,,,,f,,,,40e408fc-2d14-4ea8-a1fc-f9a9a4a8cc61,2026-09-21 04:52:59.632263+00,2026-09-21 06:09:26.321579+00
CASE0000390,ddc81210-df10-40b6-899b-86e340098a93,442098ed-1088-41f3-9f74-2c4f356cd6b9,b06cd5a3-f1c0-4cdb-b241-9ce2d6c5e791,,PAID,LOW,31330,31330,0,2026-08-26,28.79,t,3,5,2026-09-01 05:52:00.181768+00,,FIELD,,,,,,f,,,,41327fd8-83b0-44b6-91df-db6b2732543d,2026-08-27 11:28:04.229668+00,2026-09-02 15:27:18.91569+00
CASE0000570,eacfbf44-0224-49f1-8500-76822bcdea0c,b0b10730-3fca-4fe5-b2a6-773b3c376780,2dfc73e0-dba9-4aa5-babf-d5141ded5497,,PAID,CRITICAL,20670,20670,0,2026-04-17,100,t,1,5,2026-09-01 05:52:00.181768+00,,FIELD,2026-03-17,,,,,f,,,,4137aacf-3645-4113-ae8b-fd76bdc93055,2026-08-27 11:28:06.357516+00,2026-09-03 05:17:22.043192+00
DAILY20260918C39,d8e8f75e-5ace-4d4b-8658-90b9be02b7a2,1ca1b56a-b6d5-44d6-bcb5-c02e49502197,,,UNASSIGNED,HIGH,7520,0,0,2026-09-18,75,f,0,5,,,FIELD,,,,,,f,,,,413b395c-f328-45a6-84a4-0a90904de317,2026-09-18 06:49:34.218673+00,2026-09-18 06:49:34.218678+00
DAILY20260903C68,299d148e-07cf-4a59-983c-52f8a365a1f9,2da40e5d-6e59-4ae2-86c1-da26a1ef4121,,,UNASSIGNED,CRITICAL,6090,0,0,2026-09-03,95,f,0,5,,,NPA_RECOVERY,,,,,,f,,,,41475385-e1ed-4952-aab9-41b1e2b2822a,2026-09-02 15:33:15.842492+00,2026-09-02 15:33:15.842492+00
BANK000006,4c7c7e7a-533c-4594-b154-1023f84532bf,428da014-5890-400b-94a3-2f7d634ec37e,c2f2e0ce-5aeb-4ece-8325-2167edfe139e,,PTP_SET,MEDIUM,12920,0,0,2026-09-18,35,t,2,4,,,FIELD,,,,,,f,,,,42021baa-0ca4-4055-8217-d9d4f63cdb2e,2026-08-27 11:28:09.814754+00,2026-09-18 06:37:23.259481+00
CASE0000714,d4e415c0-ee55-472e-a35b-9b8acd2a76e8,e2c9936e-6f80-4c0e-bd95-c1920dd1995a,c6ca60b7-2143-412b-887e-c30ae9cda031,,PAID,CRITICAL,65400,65400,0,2026-09-02,100,t,4,4,2026-09-02 09:25:00+00,,LEGAL,,,,,,t,,,,42179948-c504-4a0e-bd3d-d63ac011fc03,2026-08-27 11:28:08.434196+00,2026-09-03 05:17:22.044201+00
DAILY20260903C77,8259c67c-da4a-47aa-9bb0-0ccce664f05e,06937371-deac-4463-a4ce-d06060c0c4c8,,,UNASSIGNED,CRITICAL,9590,0,0,2026-09-03,95,f,0,5,,,NPA_RECOVERY,,,,,,f,,,,4264384e-f767-4e54-98cf-02626f219ec1,2026-09-02 15:33:15.879281+00,2026-09-02 15:33:15.879281+00
DAILY20260907C147,96b3811b-51b2-46d2-a98b-ca41899cd0b8,8fb1f1eb-546f-4c2b-a963-a39cfb66b1e5,3e9c4168-1de9-43e8-b9f2-fbf3f931949d,,PAID,MEDIUM,49470,49470,0,2026-09-18,45,f,2,5,2026-09-18 06:27:00+00,Paid in full at doorstep,FIELD,,,,,,f,,,,4297f49f-ebb3-4f5c-a638-50637aa18533,2026-09-07 04:59:06.64887+00,2026-09-18 06:37:21.457645+00
CASE0000194,9ef461fd-6129-47ff-b256-f494fc8b0d37,0e11d1e5-6549-43db-89ba-3d97c536fcc5,3e9c4168-1de9-43e8-b9f2-fbf3f931949d,,PARTIALLY_PAID,CRITICAL,7610,5968.89,0,2026-09-01,57.16,f,3,3,,,NPA_RECOVERY,,,,Borrower is cooperative per branch records but cash-strapped. Willing to negotiate.,,f,,,,42bd6353-1665-4fd7-b5f4-9614bc753e15,2026-08-27 11:28:01.919644+00,2026-09-21 09:28:23.737231+00
CASE0000540,d7d8ee64-0d99-4309-9923-ca443baf5db4,cf576340-d5d7-4b61-ae7b-41f19e26802d,3e9c4168-1de9-43e8-b9f2-fbf3f931949d,,PARTIALLY_PAID,MEDIUM,16490,16384.43,0,2026-08-26,28.66,t,4,5,,,FIELD,,,,"Legal notice sent last month. Customer acknowledged receipt, no payment.",,f,,,,42d121da-cc66-42cb-918e-5bc22b52c2ab,2026-08-27 11:28:06.098242+00,2026-09-21 09:28:23.737231+00
DAILY20260903C150,b64b5873-c9a2-4218-911e-35a00d305f19,2dfdbe4e-01a9-4e86-813b-3268b7904864,,,UNASSIGNED,MEDIUM,11540,0,0,2026-09-03,45,f,0,5,,,FIELD,,,,,,f,,,,42d5dfa0-d3fc-4a31-af8d-f44bdb80ff9d,2026-09-02 15:33:16.164169+00,2026-09-02 15:33:16.164169+00
CASE0000467,a45ed2c0-f4e6-453a-9673-07c681b2e42b,64f393db-4e26-4d38-bac9-7e6d8ebb2234,3e9c4168-1de9-43e8-b9f2-fbf3f931949d,,PARTIALLY_PAID,CRITICAL,24350,20055.66,0,2026-09-02,71.86,t,3,4,,,NPA_RECOVERY,,,,,,t,,,,42f15e58-ddf0-4c48-8ea1-0535496c0151,2026-08-27 11:28:04.861551+00,2026-09-21 09:28:23.737232+00
DAILY20260921C121,9c8caec6-16e1-4f30-b16e-121b77596bc4,9f3dd61e-579c-4a4b-ae5f-48b2263a83ac,,,UNASSIGNED,CRITICAL,1620,0,0,2026-09-21,95,f,0,5,,,NPA_RECOVERY,,,,,,f,,,,42f22709-6e19-46d8-828d-36d9473c5f60,2026-09-21 04:53:00.195113+00,2026-09-21 04:53:00.195117+00
CASE0000543,d167af59-b49f-497b-8003-2df4ed6c687e,30779a15-f82d-4e06-8886-b583ddab50c4,c2f2e0ce-5aeb-4ece-8325-2167edfe139e,,PARTIALLY_PAID,MEDIUM,5670,1982.31,0,2026-09-17,27.81,t,3,4,,,FIELD,,,,,,t,,,,43050fff-96ca-458e-95a1-3b3fa481f6e5,2026-08-27 11:28:06.12365+00,2026-09-21 09:28:23.737232+00
CASE0000291,20afa76a-c2d7-44a2-a263-75b112de3ee9,8fffc779-9d7e-4dc2-8778-29ce69a62a8d,357e2e09-b637-468e-818b-57a5dce18e9c,,PTP_SET,HIGH,10930,9405.69,0,2026-09-18,37.64,t,3,5,,,PRE_LEGAL,,,,Seasonal worker — income irregular. Best to visit early morning.,,f,,,,431598c9-666d-4457-a972-b4a6821d845a,2026-08-27 11:28:03.055953+00,2026-09-21 09:28:23.737233+00
DAILY20260903C167,badd1bb2-a196-4926-bd3a-4f56598eedb3,f468262d-3365-412d-b2c4-ca775691eb3e,,,UNASSIGNED,CRITICAL,2930,0,0,2026-09-03,95,f,0,5,,,NPA_RECOVERY,,,,,,f,,,,431c81dd-61dc-4bad-acec-013ac2e8b9c6,2026-09-02 15:33:16.216261+00,2026-09-02 15:33:16.216261+00
DAILY20260906C130,dfc34fff-638d-49c2-8820-68f059a63adb,97b30b95-d1a9-4013-8583-fea54d0b5e07,a13886ca-739b-47b4-a473-724e03f7332a,,ASSIGNED,MEDIUM,19740,0,0,2026-09-07,45,f,0,5,,,FIELD,,,,,,f,,,,43275b3b-a9b0-4062-90f3-3c2dfaae241b,2026-09-06 13:30:49.591238+00,2026-09-06 13:30:53.780475+00
CASE0000583,0c1f9092-ef1b-4766-a09c-5aa61702bc8e,169806ab-f404-4fa4-b662-74df62e53f97,4a182f53-a1a1-4f15-945a-6a56f4e04b64,,PARTIALLY_PAID,MEDIUM,12390,9412.37,0,2026-08-26,18.81,t,2,4,,,FIELD,,,,,,f,,,,434f104f-2837-4e38-bfb2-4f6542716c53,2026-08-27 11:28:06.460616+00,2026-09-21 09:28:23.737234+00
CASE0000332,19b65599-9a6e-4186-9398-f1f877e31ad6,5e59824a-79cd-44da-9fd6-9e2b3a084690,c2f2e0ce-5aeb-4ece-8325-2167edfe139e,,PAID,HIGH,7950,7950,0,2026-08-26,77.63,t,2,4,,,PRE_LEGAL,2026-06-16,,,,,f,,,,43c61aa2-6ccb-47a9-9af1-1ca05a53ce22,2026-08-27 11:28:03.341233+00,2026-09-02 15:27:18.919977+00
CASE0000456,bbf0db48-6ed9-49a7-bbb4-66fb14b93511,e628c22b-8334-42e1-9fb3-01628f5cb896,c2f2e0ce-5aeb-4ece-8325-2167edfe139e,,IN_PROGRESS,CRITICAL,2300,0,0,2026-08-24,48.29,f,3,3,,,NPA_RECOVERY,,,,,,f,,,,43d6ed09-f524-4c80-b329-26990024b1b9,2026-08-27 11:28:04.780145+00,2026-09-21 09:28:23.737234+00
DAILY20260907C44,c808133a-8085-4199-aa81-f9fb812a4bbf,48a3c376-007a-4d7f-a120-3b24d0403352,,,UNASSIGNED,CRITICAL,20180,0,0,2026-09-07,95,f,0,5,,,NPA_RECOVERY,,,,,,f,,,,43f2b343-4276-4dc9-91e5-a370c1b84ab0,2026-09-07 04:59:06.048267+00,2026-09-07 04:59:06.048271+00
DAILY20260906C13,ef946408-e04c-43fd-9a80-c32828c11b81,77af71fc-95bc-4376-9eb3-295256ffa32a,c33350cc-f581-492e-807f-14262d56ebcb,,IN_PROGRESS,HIGH,9070,0,0,2026-09-21,75,f,1,5,,,FIELD,,,,,,f,,,,440f39a5-06f1-40e1-b2ca-63bdc8b12787,2026-09-06 13:30:48.73832+00,2026-09-21 06:09:27.018444+00
CASE0000300,d2f7ea20-5d16-4661-8621-9f6e999f10d1,66f063d3-1c7a-4de4-ad70-451f0dd302c7,1d5e58e8-954e-4d6c-b13c-6e6d614cb588,,PAID,LOW,11220,11220,0,2026-08-25,25.9,t,3,3,2026-09-01 05:52:00.181768+00,,FIELD,,,,,,f,,,,44186603-b821-49f6-8b22-503e07d52f3c,2026-08-27 11:28:03.120303+00,2026-09-02 15:27:18.919977+00
DAILY20260921C95,c8287e4a-51eb-4677-b91c-c34b76321a6b,01a58664-a86d-4263-ba2b-4bcefae75db3,3e9c4168-1de9-43e8-b9f2-fbf3f931949d,,ASSIGNED,MEDIUM,37640,0,0,2026-09-21,45,f,0,5,,,FIELD,,,,,,f,,,,441b1a6a-fad1-43b2-b929-eefef23ffc48,2026-09-21 04:52:59.945099+00,2026-09-21 05:17:11.605159+00
DAILY20260907C141,0feb4196-d6b6-47e2-ab89-56892325e214,0bd359f0-9f03-4f6c-9ba7-5978cae283df,3aa13103-bd03-4578-9292-44d88d58da00,,PAID,MEDIUM,15770,15770,0,2026-09-17,45,f,1,5,2026-09-17 06:38:00+00,Paid in full at doorstep,FIELD,,,,,,f,,,,4422fba0-b2b9-435f-a227-6a12a6eefc3e,2026-09-07 04:59:06.61829+00,2026-09-17 06:31:11.992949+00
CASE0000020,eb6261e3-c320-4290-be96-8b1a032f6305,e5d16327-2689-47e4-aa54-c4370ecd687f,3e9c4168-1de9-43e8-b9f2-fbf3f931949d,,IN_PROGRESS,CRITICAL,5000,0,0,2026-08-25,100,f,1,4,,,NPA_RECOVERY,,,,,,f,,,,44642872-d0a5-4d5c-a932-1c062ba032f3,2026-08-27 11:28:00.956069+00,2026-09-02 15:27:18.919977+00
CASE0000383,5ba3abe3-9942-47ed-aa9a-1e8dd755a238,e9ad3752-647f-4a09-96a7-6bdadc174ac2,a2e2555c-f597-43af-a77a-fe708f967218,,PAID,LOW,5540,5540,0,2026-06-06,27.76,t,2,4,2026-09-01 05:52:00.181768+00,,FIELD,2026-05-01,,,,,f,,,,44965e61-1bcc-4667-a06c-db2573241888,2026-08-27 11:28:04.174311+00,2026-09-03 05:17:22.044201+00
DAILY20260907C07,292ae318-80b9-40f6-b04e-05b187ec6c91,b3ce1105-9b05-44f2-bc58-07f323e2eb70,c2f2e0ce-5aeb-4ece-8325-2167edfe139e,,PTP_SET,CRITICAL,17690,0,0,2026-09-21,95,f,1,5,,,NPA_RECOVERY,,,,,,f,,,,44b3ae2d-5f61-4846-8f46-5131bcad6b5e,2026-09-07 04:59:05.767065+00,2026-09-21 06:09:26.85491+00
DAILY20260903C140,7a06896b-a93b-47b1-87ae-3eb1ea25513a,2371aec5-3103-4aba-8311-5049c097ebac,4a182f53-a1a1-4f15-945a-6a56f4e04b64,,ASSIGNED,CRITICAL,19970,0,0,2026-09-04,95,f,0,5,,,NPA_RECOVERY,,,,,,f,,,,44d9d2f9-49f3-4a60-bf09-c8545e53764e,2026-09-02 15:33:16.125959+00,2026-09-03 10:17:46.826925+00
DAILY20260903C195,b8adfc86-d433-45e3-838a-1f7835ba0c5a,a79a5512-d66f-42b2-a81d-65af44870cf7,,,UNASSIGNED,CRITICAL,7700,0,0,2026-09-03,95,f,0,5,,,NPA_RECOVERY,,,,,,f,,,,451aa18d-5e5a-4846-abb2-cb28b623b031,2026-09-02 15:33:16.317057+00,2026-09-02 15:33:16.317057+00
DAILY20260906C110,8139d883-7145-4e4f-a595-79a979bd1a01,ceef11e7-9c8c-48e8-8cd8-9cbeca08b976,a13886ca-739b-47b4-a473-724e03f7332a,,ASSIGNED,CRITICAL,31860,0,0,2026-09-07,95,f,0,5,,,NPA_RECOVERY,,,,,,f,,,,454c661b-340c-46c4-aa5c-c34f2b4e2a1c,2026-09-06 13:30:49.45404+00,2026-09-06 13:30:53.780477+00
CASE0000518,94484ef4-edc0-4952-a49e-ff298b02b8ba,0d8abaa4-af71-4fe7-8069-2cf58d4bea6e,a13886ca-739b-47b4-a473-724e03f7332a,,ESCALATED,CRITICAL,14760,0,0,2026-04-27,49.43,t,2,4,,,LEGAL,2026-04-05,,,,,t,,,,457f2b6f-b46e-4a58-abf3-d1b5faec2835,2026-08-27 11:28:05.934547+00,2026-09-21 09:28:23.737235+00
DAILY20260907C28,d3f6ff7f-df17-49a0-87db-9ecf688f6e80,69cc5c7d-e69a-469c-a167-5e3fd45f91d0,c33350cc-f581-492e-807f-14262d56ebcb,,PTP_SET,MEDIUM,13970,0,0,2026-09-21,45,f,1,5,,,FIELD,,,,,,f,,,,45935f47-e6ac-447a-8104-f98f93adfa89,2026-09-07 04:59:05.884126+00,2026-09-21 06:09:26.594933+00
CASE0000517,e22c4360-2794-4667-b8db-d3cbcdf9d0a5,760b9b1e-94c7-4882-ac7c-17e5972ea843,c2f2e0ce-5aeb-4ece-8325-2167edfe139e,,PAID,HIGH,2850,2850,0,2026-09-16,72.21,t,3,3,2026-09-17 06:25:00+00,Paid in full at doorstep,PRE_LEGAL,,,,Seasonal worker — income irregular. Best to visit early morning.,,f,,,,45998f36-bca9-464c-8dce-a707c75f63dd,2026-08-27 11:28:05.926999+00,2026-09-17 06:31:12.132343+00
DAILY20260831C01,7c29ea4c-37d7-42fd-9a3f-5e9a0e779672,4bc7df84-4d85-469f-a548-b8d9149c1ae2,8e59153e-dc8e-4efa-af65-1db304a6f3f1,,PARTIALLY_PAID,MEDIUM,17830,9924.52,0,2026-09-02,20,f,2,5,,,FIELD,,,,,,f,,,,45b09bb9-2d54-4654-82bb-deb3abdcab07,2026-08-31 04:40:22.259515+00,2026-09-03 05:17:22.044201+00
DAILY20260907C187,c75062ac-f4d0-45bb-9d31-bdff7f3c6597,ad940fe0-f27c-4c40-b1c2-bf677eba1abb,e9dced65-f61b-4c24-bae7-d4170299ed46,,ASSIGNED,CRITICAL,18850,0,0,2026-09-21,95,f,0,5,,,NPA_RECOVERY,,,,,,f,,,,45db76aa-1d80-4b52-8027-a359f898032f,2026-09-07 04:59:06.902199+00,2026-09-21 05:55:24.537091+00
DAILY20260903C179,531cc0e6-6aa5-4b27-b6ba-4ab467591897,4fb80cd1-5bb9-450a-b98f-1e26e5e19261,4a182f53-a1a1-4f15-945a-6a56f4e04b64,,PTP_SET,MEDIUM,63720,26486.28,0,2026-09-17,45,f,1,5,,,FIELD,,,,,,f,,,,46059cf0-4f00-4e45-8b87-b098583ed498,2026-09-02 15:33:16.265582+00,2026-09-17 06:31:13.179133+00
DAILY20260903C149,f219bcbe-36b7-437b-97fd-a1bd4eb6c81b,d228753a-b59e-424c-813c-ead24b623587,,,UNASSIGNED,HIGH,1370,0,0,2026-09-03,75,f,0,5,,,FIELD,,,,,,f,,,,462e3d17-47a0-4b49-9b14-ccf9e8012691,2026-09-02 15:33:16.161145+00,2026-09-02 15:33:16.161145+00
CASE0000096,540fd0f4-e42e-489e-bf37-4ae508e0225f,be8f1f00-972e-45a0-b10e-8e10453acb3c,2b6de8aa-0976-4be0-8a40-043ff86ffa54,,PARTIALLY_PAID,MEDIUM,15450,7410.35,0,2026-09-01,34.18,f,3,3,,,FIELD,,,,,,t,,,,462f568c-f683-44be-bede-6e57708992ae,2026-08-27 11:28:01.201484+00,2026-09-21 09:28:23.737235+00
DAILY20260907C35,7225cfc0-d0d9-45a2-82aa-e496ff980162,db033ce1-bf2d-4249-8f9f-d6466e8c1780,,,UNASSIGNED,CRITICAL,10840,0,0,2026-09-07,95,f,0,5,,,NPA_RECOVERY,,,,,,f,,,,46347b9f-e5fe-486f-8d4d-fc5675d4714f,2026-09-07 04:59:05.921382+00,2026-09-07 04:59:05.921385+00
DAILY20260918C59,a74616ac-3b2b-43fe-a624-3bc3cabec146,a5078986-de7e-47f1-96c2-b038c09671e0,,,UNASSIGNED,MEDIUM,11230,0,0,2026-09-18,45,f,0,5,,,FIELD,,,,,,f,,,,463c25b3-fb09-438c-a5e3-b83089b2922c,2026-09-18 06:49:34.333261+00,2026-09-18 06:49:34.333265+00
DAILY20260921C35,d78ba493-5e40-4a2e-a959-397c08f2dc9b,18505340-5ba8-4de6-90c3-580b544e87b4,,,UNASSIGNED,HIGH,13690,0,0,2026-09-21,75,f,0,5,,,FIELD,,,,,,f,,,,46475b6e-8ea0-417d-9695-6c4abdeabfec,2026-09-21 04:52:59.592591+00,2026-09-21 04:52:59.592593+00
DAILY20260921C146,f32bef9b-9476-4897-8c01-851b9f9fd4a1,cfe44bb1-c7eb-42aa-97f0-3d4c28390465,c33350cc-f581-492e-807f-14262d56ebcb,,ASSIGNED,HIGH,24340,0,0,2026-09-21,75,f,0,5,,,FIELD,,,,,,f,,,,4648a233-6b92-4488-b5dd-8c1fe0e5e486,2026-09-21 04:53:00.473759+00,2026-09-21 04:53:43.156827+00
CASE0000478,3c721e90-821f-405e-8303-aaf8933d93ce,15672bda-d778-45be-84c4-c5959fc9bb31,5fbae4d6-59d1-4e6c-8a80-fe57244a45bb,,PTP_SET,MEDIUM,32170,0,0,2026-09-17,54.07,t,4,4,,,FIELD,2026-05-02,,,Previous agency attempt closed with no resolution. Fresh allocation.,,t,,,,465bbd5c-6bf0-4c97-92eb-cb0d54da4747,2026-08-27 11:28:04.960169+00,2026-09-17 06:31:12.870902+00
DAILY20260921C73,456570c2-b329-4617-894a-947bc9e00ab6,4d4540f5-4a76-4618-b7ba-2e06b79a0901,,,UNASSIGNED,CRITICAL,9330,0,0,2026-09-21,95,f,0,5,,,NPA_RECOVERY,,,,,,f,,,,46867181-db14-4709-99e4-34dfbf4f00c6,2026-09-21 04:52:59.799946+00,2026-09-21 04:52:59.799951+00
DAILY20260918C187,a60e6a90-54d6-461a-84d8-85e17c847583,2ea3c9b1-b19d-4a76-8e51-e15fa525f340,,,UNASSIGNED,HIGH,7450,0,0,2026-09-18,75,f,0,5,,,FIELD,,,,,,f,,,,46cc1552-5d3a-4c9a-8171-f0cefa14947a,2026-09-18 06:49:35.073208+00,2026-09-18 06:49:35.073211+00
DAILY20260921C147,ea410858-2180-4f95-90d7-83024db917c6,cfdf50e6-a83b-48c3-9f33-06809fd1e507,,,UNASSIGNED,CRITICAL,8070,0,0,2026-09-21,95,f,0,5,,,NPA_RECOVERY,,,,,,f,,,,470836fb-7e85-423b-8b6a-a04eb52c9466,2026-09-21 04:53:00.479684+00,2026-09-21 04:53:00.479687+00
DAILY20260907C14,325503a2-2cb0-4e4b-828c-11930fe935bb,fc6d2a25-903a-4ed7-9a3e-c828d1f44072,4a182f53-a1a1-4f15-945a-6a56f4e04b64,,PARTIALLY_PAID,HIGH,17230,10241.56,0,2026-09-21,75,f,2,5,,,FIELD,,,,,,f,,,,474eba0e-ab92-4550-8d3b-1169451bb869,2026-09-07 04:59:05.80685+00,2026-09-21 06:09:26.255057+00
DAILY20260906C32,07816f56-9533-48bf-8339-6d4490f9e429,4bf8b235-f456-4bce-af4f-d6c4c8a52f77,e9dced65-f61b-4c24-bae7-d4170299ed46,,IN_PROGRESS,MEDIUM,11080,0,0,2026-09-21,45,f,1,5,,,FIELD,,,,,,f,,,,47e13216-0fbf-4fbb-bf76-f3b2abc20e65,2026-09-06 13:30:48.870553+00,2026-09-21 06:09:27.242992+00
DAILY20260918C114,5660e4b5-421f-4e9e-940c-b609d9a61812,e0e84ac7-32bf-4c9f-94c8-1e74e694138c,,,UNASSIGNED,HIGH,2940,0,0,2026-09-18,75,f,0,5,,,FIELD,,,,,,f,,,,47f73c23-a620-4918-9417-d4ec95802915,2026-09-18 06:49:34.681279+00,2026-09-18 06:49:34.681281+00
CASE0000574,4a23c276-a1c6-4a07-8906-3352637ad1cb,a74edeba-84d1-4dcf-b429-20c2d3f95ef1,3e9c4168-1de9-43e8-b9f2-fbf3f931949d,,PAID,LOW,8290,8290,0,2026-04-25,17.16,t,3,3,2026-09-01 05:52:00.181768+00,,FIELD,,,,,,f,,,,4855d7b0-7acf-4756-9f34-41e0e9461c2a,2026-08-27 11:28:06.387295+00,2026-09-03 05:17:22.044201+00
CASE0000025,d23f6808-7ebf-4dba-87d6-0108d1381e9e,821290bb-8bd6-4b5d-aadb-fca96d9f0e6c,2b6de8aa-0976-4be0-8a40-043ff86ffa54,,PAID,LOW,10630,10630,0,2026-08-14,25.11,f,1,4,2026-09-01 05:52:00.181768+00,,FIELD,,,,,,f,,,,4861cc77-0523-4e2c-829a-462c06b586bb,2026-08-27 11:28:00.970369+00,2026-09-02 15:27:18.919977+00
DAILY20260903C62,32bd22c7-f43b-45c2-9cee-daac28aa4f39,ec180f2f-3a72-4914-acd2-9b63c63a0afd,2dfc73e0-dba9-4aa5-babf-d5141ded5497,,ASSIGNED,CRITICAL,21020,0,0,2026-09-09,95,f,0,5,,,NPA_RECOVERY,,,,,,f,,,,48b7c9ef-de74-4294-894e-b2d5252a0013,2026-09-02 15:33:15.81605+00,2026-09-08 10:29:12.188701+00
CASE0000345,9c11d006-70d3-4e77-b7b4-e029a51da401,ca5d0bac-dab4-4b2f-b54c-c8fb154fc6a8,c37b6a5c-9d1c-46d4-8ece-dfce290dc74b,,PAID,CRITICAL,11450,11450,0,2026-09-02,100,t,4,4,2026-09-02 13:00:00+00,,NPA_RECOVERY,,,,,,t,,,,48cc17b2-8f5e-4a71-9224-e9b3d3f3b19f,2026-08-27 11:28:03.428119+00,2026-09-03 05:17:22.044201+00
DAILY20260921C66,030eb0d4-5b3e-44b9-8414-f9fc107fd33f,546af4d0-876d-4a43-9992-f8d3a1e33d7a,,,UNASSIGNED,MEDIUM,5500,0,0,2026-09-21,45,f,0,5,,,FIELD,,,,,,f,,,,48e524ed-3b25-4e4d-aa63-1eb26ae9e2e1,2026-09-21 04:52:59.756128+00,2026-09-21 04:52:59.756132+00
CASE0000050,c91c426f-1cf3-44b7-a2a8-5bb8015e300b,bdc5787c-9532-473b-b01f-21ff4ec28636,2b6de8aa-0976-4be0-8a40-043ff86ffa54,,PAID,MEDIUM,8870,8870,0,2026-08-19,42.08,t,1,3,2026-09-01 12:07:00+00,,FIELD,,,,,,t,,,,48f6da6d-8144-43c5-9190-85dd36b86026,2026-08-27 11:28:01.038409+00,2026-09-03 05:17:22.052305+00
DAILY20260907C04,70f49d03-f704-4d18-a260-6ae27fe8a54f,e8e0acf1-468e-4cbc-8b10-514abb37ea04,,,UNASSIGNED,CRITICAL,11900,0,0,2026-09-07,95,f,0,5,,,NPA_RECOVERY,,,,,,f,,,,490768d4-62fd-42e7-9750-1b35c0cb16fe,2026-09-07 04:59:05.745725+00,2026-09-07 04:59:05.745728+00
CASE0000443,903c0bf7-45d1-45bb-9a8a-5a9ba0e09942,4fa285a5-856d-4e7d-bc64-cbb5fa2f6116,c2f2e0ce-5aeb-4ece-8325-2167edfe139e,,PARTIALLY_PAID,CRITICAL,25150,24947.34,0,2026-08-27,100,t,4,3,,,NPA_RECOVERY,,,,,,f,,,,4925d180-0d94-49fd-80ab-22dbcb5475f5,2026-08-27 11:28:04.68256+00,2026-09-21 05:55:24.540864+00
DAILY20260921C198,78e7dd99-3bc1-4481-997a-2a4f46d1ab58,9870f03b-2be2-4c3f-a6a5-94c340ce6d8b,,,UNASSIGNED,CRITICAL,8870,0,0,2026-09-21,95,f,0,5,,,NPA_RECOVERY,,,,,,f,,,,492a054d-f6f2-4060-b332-f68cb234641f,2026-09-21 04:53:00.800446+00,2026-09-21 04:53:00.80045+00
DAILY20260921C182,f4350fc3-492b-4431-bd35-e77d5dfe45b8,d914cc0f-e2a5-4a90-a806-4de4d4549961,a2e2555c-f597-43af-a77a-fe708f967218,,IN_PROGRESS,MEDIUM,10790,0,0,2026-09-21,45,f,1,5,,,FIELD,,,,,,f,,,,493c1ff0-be08-494b-ae05-9594c89bff5b,2026-09-21 04:53:00.705454+00,2026-09-21 06:09:27.12417+00
CASE0000051,812c4842-2f17-4e9b-865d-a14d74e36f1b,05db36ce-7ae0-44a3-b602-f37042b2df08,c6ca60b7-2143-412b-887e-c30ae9cda031,,PARTIALLY_PAID,HIGH,3290,1129.37,0,2026-09-01,80.48,t,2,3,,,PRE_LEGAL,2026-08-14,,,,,f,,,,4988c57e-5ccd-439c-9a74-42d4ef6c88c6,2026-08-27 11:28:01.042357+00,2026-09-03 05:17:22.0538+00
CASE0000171,cfd7f981-8a56-4067-919c-03b1c95f4b23,555e8367-e70f-4c64-81d7-0987f30c8452,c33350cc-f581-492e-807f-14262d56ebcb,,PAID,LOW,11720,11720,0,2026-08-24,28.63,t,2,4,2026-09-01 05:52:00.181768+00,,FIELD,,,,,,f,,,,499256e2-b77d-44f4-94fd-54dd69bedc72,2026-08-27 11:28:01.760568+00,2026-09-02 15:27:18.919977+00
DAILY20260906C108,4d22c035-6462-42b4-95c4-f0b996fddee4,f3a9ea0e-564f-4eac-b37a-b304f882a22d,c37b6a5c-9d1c-46d4-8ece-dfce290dc74b,,PTP_SET,MEDIUM,23150,8150.99,0,2026-09-16,45,f,1,5,,,FIELD,,,,,,f,,,,49c85ecd-cbfa-4208-824a-c6a2e090e8ca,2026-09-06 13:30:49.443523+00,2026-09-17 06:31:13.301939+00
DAILY20260907C38,424130f3-583f-48fe-8f2b-a0d517c7fe69,28eaae62-4736-48f1-b11b-f5b0a0095d47,e9dced65-f61b-4c24-bae7-d4170299ed46,,IN_PROGRESS,CRITICAL,17300,0,0,2026-09-21,95,f,1,5,,,NPA_RECOVERY,,,,,,f,,,,49cb3695-20b1-4c83-a27b-8da434b496e8,2026-09-07 04:59:06.013074+00,2026-09-21 06:09:27.303954+00
DAILY20260903C66,eb9ec429-58e8-4447-b417-22af834cce45,905201cd-abe9-49ae-ba58-4b0c950d2371,c33350cc-f581-492e-807f-14262d56ebcb,,ASSIGNED,HIGH,14120,0,0,2026-09-21,75,f,0,5,,,FIELD,,,,,,f,,,,4a6ae8e7-5396-4c81-89c3-e58759ef3454,2026-09-02 15:33:15.832165+00,2026-09-21 04:53:43.158552+00
CASE0000011,783b963e-c174-4a0b-b9bf-b5b43a6000bd,c230db93-1805-4cd1-81bd-1286262f0c1c,2b6de8aa-0976-4be0-8a40-043ff86ffa54,,PARTIALLY_PAID,CRITICAL,12980,3721.26,0,2026-09-01,84.7,t,2,3,,,LEGAL,,,,,,t,,,,4a93d0b4-35ac-46e8-8ea3-6ba9b0afbc39,2026-08-27 11:28:00.922161+00,2026-09-21 09:28:23.737236+00
CASE0000087,cb6aa2b7-e049-4fcb-ae64-0feacbf71c37,a00626ea-f626-4cae-954d-f1a27883a7fe,2dfc73e0-dba9-4aa5-babf-d5141ded5497,,PARTIALLY_PAID,MEDIUM,27610,10464.13,0,2026-09-18,43.09,t,4,3,,,FIELD,,,,,,f,,,,4ad428ab-76d5-4644-89cb-36543d6e1cde,2026-08-27 11:28:01.17076+00,2026-09-18 06:37:21.714794+00
CASE0000662,41f340d5-3658-42af-8270-b282883c6623,75bb5a95-b343-4564-8be9-53ed37356c2c,c33350cc-f581-492e-807f-14262d56ebcb,,PARTIALLY_PAID,HIGH,43300,42968.93,0,2026-09-15,43.9,f,1,5,,,PRE_LEGAL,,,,,,f,,,,4af9921c-9c9a-48e4-be92-a91fda622f2b,2026-08-27 11:28:07.980262+00,2026-09-21 09:28:23.737236+00
DAILY20260907C59,83c39e41-e2eb-407c-bebc-bfb4b957b26e,afe47156-93b3-4e72-83f7-e3af684f8691,c33350cc-f581-492e-807f-14262d56ebcb,,ASSIGNED,CRITICAL,17150,0,0,2026-09-21,95,f,0,5,,,NPA_RECOVERY,,,,,,f,,,,4b276055-a444-4d25-9924-5f901bab4286,2026-09-07 04:59:06.144569+00,2026-09-21 05:55:24.54247+00
DAILY20260903C52,326f2280-e8f8-460b-b283-57a1592c0fbc,1d9970dc-74dc-48cb-8842-5548ea9848dc,,,UNASSIGNED,HIGH,6740,0,0,2026-09-03,75,f,0,5,,,FIELD,,,,,,f,,,,4b8bd241-fe56-4ee2-9e5c-530476ef859e,2026-09-02 15:33:15.768524+00,2026-09-02 15:33:15.768524+00
DAILY20260918C90,d588916f-6779-4251-b3f8-54020b281918,9f80e6ae-350b-451c-9721-7d3065f250fb,,,UNASSIGNED,MEDIUM,3360,0,0,2026-09-18,45,f,0,5,,,FIELD,,,,,,f,,,,4ba70a7c-b111-4f06-a6df-8ef6d9a2c9e3,2026-09-18 06:49:34.522059+00,2026-09-18 06:49:34.522063+00
CASE0000340,84afbd8b-fd6f-4cd1-86f1-555aeefe9444,71e11b4c-3128-4047-879b-4a13ffc30cbe,1d5e58e8-954e-4d6c-b13c-6e6d614cb588,,PAID,CRITICAL,6690,6690,0,2026-07-02,100,t,2,4,2026-09-01 05:52:00.181768+00,,NPA_RECOVERY,,,,,,t,,,,4bbe7904-6f54-4e3a-a6bd-2cbf93ec7073,2026-08-27 11:28:03.393354+00,2026-09-03 05:17:22.057015+00
CASE0000173,3c721e90-821f-405e-8303-aaf8933d93ce,15672bda-d778-45be-84c4-c5959fc9bb31,5fbae4d6-59d1-4e6c-8a80-fe57244a45bb,,PARTIALLY_PAID,MEDIUM,32170,29225.06,0,2026-09-18,54.07,t,4,3,,,FIELD,,,,,,f,,,,4be607c9-39d5-40bd-9faf-33deba6f4862,2026-08-27 11:28:01.776143+00,2026-09-21 05:55:24.543076+00
CASE0000053,5ae0aafa-aa07-484b-9ed7-c72a096af296,b4f88427-b05e-4656-91bf-e6fbc5c84855,5fbae4d6-59d1-4e6c-8a80-fe57244a45bb,,PARTIALLY_PAID,CRITICAL,22050,14758.12,0,2026-09-18,100,f,4,4,,,LEGAL,,,,,,f,,,,4c2cb39e-5e93-40fc-9610-6908d68832b1,2026-08-27 11:28:01.046244+00,2026-09-21 05:55:24.543078+00
CASE0000589,58266cef-59d1-4693-9c40-c5ce985286db,a44e4d10-edfe-4e79-892f-fbb7159b43d2,a2e2555c-f597-43af-a77a-fe708f967218,,PTP_SET,MEDIUM,25810,23314.69,0,2026-09-17,33.79,f,3,3,,,FIELD,,,,,,f,,,,4c49d03f-12db-465c-a124-730c4533b75a,2026-08-27 11:28:06.502524+00,2026-09-21 09:28:23.737237+00
CASE0000048,e83946da-6bc2-458c-a53c-e1d9b40d9073,479e7432-cd6d-43bf-b4f8-ee96f5eb6720,2b6de8aa-0976-4be0-8a40-043ff86ffa54,,PAID,CRITICAL,9970,9970,0,2026-09-01,100,t,2,5,,,LEGAL,,,,,,t,,,,4c6b679e-314a-4506-9004-a064ec58d1b4,2026-08-27 11:28:01.032669+00,2026-09-03 05:17:22.058015+00
CASE0000037,d62f8b44-fbc6-4ad8-8faf-d60cd0920350,75f41ef3-59c5-49c1-b18f-3e06d69a1826,8e59153e-dc8e-4efa-af65-1db304a6f3f1,,ASSIGNED,CRITICAL,8500,0,0,2026-08-27,61.68,t,2,3,,,LEGAL,,,,,,t,,,,4ca20273-3446-471e-87b6-c3d1a0175151,2026-08-27 11:28:01.001152+00,2026-09-21 09:28:23.737238+00
DAILY20260921C132,596729be-29f8-45a1-b7c1-201531ff7ee6,c326c18b-e4cd-420f-b5fb-3be345f0a752,,,UNASSIGNED,CRITICAL,16650,0,0,2026-09-21,95,f,0,5,,,NPA_RECOVERY,,,,,,f,,,,4cc375e3-f727-4522-8baf-6bc63680a5d2,2026-09-21 04:53:00.292097+00,2026-09-21 04:53:00.292102+00
CASE0000318,26eef40b-9a0b-44e8-b11a-3ced97476655,5115d79b-2d6b-4606-b528-4caaf22020c4,c2f2e0ce-5aeb-4ece-8325-2167edfe139e,,PARTIALLY_PAID,MEDIUM,21460,21143.68,0,2026-08-26,41.93,f,2,5,,,FIELD,2026-05-15,,,Borrower is cooperative per branch records but cash-strapped. Willing to negotiate.,,f,,,,4cd6c121-79c6-4c9e-9b92-2572d136b91e,2026-08-27 11:28:03.250579+00,2026-09-21 05:55:24.543079+00
DAILY20260921C50,37ed9c42-81e8-4751-872b-29ed0328ee99,1f4223a1-05ef-401c-97fe-50fb52d6fe17,,,UNASSIGNED,CRITICAL,20630,0,0,2026-09-21,95,f,0,5,,,NPA_RECOVERY,,,,,,f,,,,4cf14aa5-9040-4eae-8db8-e7f1ae1d2093,2026-09-21 04:52:59.6669+00,2026-09-21 04:52:59.666903+00
DAILY20260918C34,46186810-c259-4188-8be0-1f95d05a2953,52537944-f372-43f2-bf77-9a199b7c8f68,,,UNASSIGNED,MEDIUM,21770,0,0,2026-09-21,45,f,1,5,,,FIELD,,,,,,f,,,,4cf75900-1be6-4fd2-8d4c-bce739bebb57,2026-09-18 06:49:34.194682+00,2026-09-21 07:24:02.321459+00
DAILY20260907C165,6d22b4ed-6415-4438-9e7a-99c9d071597f,a3bc68b1-1206-4346-b9ad-ac7096e1829b,3e9c4168-1de9-43e8-b9f2-fbf3f931949d,,PAID,MEDIUM,64330,64330,0,2026-09-18,45,f,2,5,2026-09-18 06:54:00+00,Paid in full at doorstep,FIELD,,,,,,f,,,,4d2af631-7807-4569-8292-b03b1f222a49,2026-09-07 04:59:06.764816+00,2026-09-18 06:37:21.557723+00
DAILY20260921C36,ae777ae9-57c5-4f5f-b9d3-4c01755ac728,b9a6fe37-e719-49bd-bba4-917e4f763a74,,,UNASSIGNED,HIGH,5120,0,0,2026-09-21,75,f,0,5,,,FIELD,,,,,,f,,,,4d313789-a4e8-4f89-a95c-1de581801d2c,2026-09-21 04:52:59.596844+00,2026-09-21 04:52:59.596865+00
CASE0000396,89d5b709-d034-4e97-837a-504824bd3a86,d776d92b-ed76-434e-a6fd-2791a838400e,357e2e09-b637-468e-818b-57a5dce18e9c,,PTP_SET,HIGH,68160,39472.6,0,2026-09-18,100,t,5,5,,,PRE_LEGAL,,,,,,f,,,,4d4b7559-839c-4d88-a795-cb04ebd25107,2026-08-27 11:28:04.281566+00,2026-09-21 09:28:23.737238+00
CASE0000228,ea214349-0295-45d5-82fe-f2ff063ae649,381b7125-3ea6-4b52-9f0a-3465d570df0d,c2f2e0ce-5aeb-4ece-8325-2167edfe139e,,PTP_SET,CRITICAL,2360,0,0,2026-09-01,51.77,t,3,4,,,LEGAL,,,,,,f,,,,4d557c56-759e-4bd6-88b0-d16b1d296c19,2026-08-27 11:28:02.136711+00,2026-09-21 09:28:23.737239+00
CASE0000717,a28aa48d-a8a8-4e65-b147-a14037eef4bd,138ee666-eebe-4b90-ab79-e2a1deceea36,b06cd5a3-f1c0-4cdb-b241-9ce2d6c5e791,,PAID,MEDIUM,33170,33170,0,2026-03-25,58.18,t,1,3,2026-03-29 00:00:00+00,,NPA_RECOVERY,,,,,,f,,,,4d76689b-6d37-4f34-bdcf-0365937ea1de,2026-08-27 11:28:08.459686+00,2026-09-03 05:17:22.061017+00
DAILY20260918C180,184d5e27-8a9e-4f57-8ae5-6f88b6dd2487,c24f0244-6d28-463d-9f4d-0b5313a710ea,c6ca60b7-2143-412b-887e-c30ae9cda031,,PAID,HIGH,27240,27240,0,2026-09-21,75,f,1,5,2026-09-21 07:23:00+00,Paid in full at doorstep,FIELD,,,,,,f,,,,4d7d4851-2464-44eb-a0b9-fb71a584108c,2026-09-18 06:49:35.037018+00,2026-09-21 06:09:25.754365+00
DAILY20260907C77,76f92902-c766-4d51-ae38-abbc3303d01f,a1b59572-cb7a-462a-9e24-b891b7768001,4a182f53-a1a1-4f15-945a-6a56f4e04b64,,PTP_SET,MEDIUM,26550,0,0,2026-09-16,45,f,1,5,,,FIELD,,,,,,f,,,,4d7e8352-c1d3-4812-8bd6-3468ee66599d,2026-09-07 04:59:06.257317+00,2026-09-17 06:31:12.896214+00
DAILY20260918C51,feb0cc61-8377-4419-93e5-0943bc4e99ae,37854599-cb69-4ac5-bc9d-9aeb6577572a,,,UNASSIGNED,CRITICAL,11870,0,0,2026-09-18,95,f,0,5,,,NPA_RECOVERY,,,,,,f,,,,4dc39b4f-18d8-409b-bdf3-d9f8a2cd751c,2026-09-18 06:49:34.287324+00,2026-09-18 06:49:34.287327+00
DAILY20260921C189,c169944e-2a62-4ac9-b7e0-03ba6d709078,3eb68e36-05b7-443f-a283-da071d6ca64a,,,UNASSIGNED,MEDIUM,6220,0,0,2026-09-21,45,f,0,5,,,FIELD,,,,,,f,,,,4dc7a0d4-ca4b-4a02-ae26-96629d437611,2026-09-21 04:53:00.749253+00,2026-09-21 04:53:00.749257+00
BANK000003,07eea67d-6db2-4a89-8a06-711401425d4a,1e0eb769-c60e-443d-b713-52e0f2c426a1,a2e2555c-f597-43af-a77a-fe708f967218,,PAID,HIGH,14440,14440,0,2026-09-17,79.2,t,1,4,2026-09-17 08:31:00+00,Paid in full at doorstep,NPA_RECOVERY,,,,,,f,,,,4ddba4fa-d5fe-412a-9e59-abbfd88bf464,2026-08-27 11:28:09.806296+00,2026-09-17 06:31:11.902111+00
CASE0000689,24f406f0-18ea-428e-9360-8b08b5638e21,a4f264d4-e4e6-4077-a9e5-e2b554e1f5d6,c37b6a5c-9d1c-46d4-8ece-dfce290dc74b,,PAID,LOW,13260,13260,0,2026-03-16,22.1,f,1,3,,,FIELD,,,,,,f,,,,4df45b7d-97fe-4dd8-a401-1084b36d43f1,2026-08-27 11:28:08.208923+00,2026-09-03 05:17:22.062016+00
CASE0000294,ae38bc80-0ae4-48dd-ba3d-35710c261b87,2ea93007-185b-4ce7-820b-dec6f9b6381e,cd9e6eca-028e-4c61-8e82-048327bc4476,,PARTIALLY_PAID,CRITICAL,4670,3448.06,0,2026-09-01,100,t,4,3,,,NPA_RECOVERY,,,,"Legal notice sent last month. Customer acknowledged receipt, no payment.",,f,,,,4e1884d2-56dd-4e27-be8e-3812627417f9,2026-08-27 11:28:03.074981+00,2026-09-03 05:17:22.063015+00
CASE0000656,6783d72d-0ff9-47ba-849d-cea95472fcdb,a0ddd3cb-da88-4e40-b972-8b986f6bae60,a2e2555c-f597-43af-a77a-fe708f967218,,PAID,MEDIUM,3460,3460,0,2026-09-17,58.32,t,4,5,2026-09-17 08:53:00+00,Paid in full at doorstep,FIELD,,,,Bank field agent visited twice — no contact. Escalated to recovery agency.,,t,,,,4e425530-fd04-49ef-881b-32ceb1e29975,2026-08-27 11:28:07.929426+00,2026-09-17 06:31:12.176324+00
CASE0000631,ceab45b8-8a17-42c8-a78d-76c0c61e632b,a16baf03-dada-4d41-87d8-b26c0f5a23a6,cd9e6eca-028e-4c61-8e82-048327bc4476,,PARTIALLY_PAID,MEDIUM,45220,23058.31,0,2026-09-21,54.28,t,3,3,,,FIELD,,,,,,t,,,,4e6ad45b-83bb-4791-af37-428f2793c8fe,2026-08-27 11:28:07.718858+00,2026-09-21 06:09:26.088553+00
DAILY20260907C73,44726bb0-fb12-42bf-ab5a-b607bd0f141a,20142a42-f50c-43ae-90bc-bb1342ab4119,,,UNASSIGNED,CRITICAL,14590,0,0,2026-09-07,95,f,0,5,,,NPA_RECOVERY,,,,,,f,,,,4e957fc1-c5c0-469b-a5cb-7157b17c0d24,2026-09-07 04:59:06.23413+00,2026-09-07 04:59:06.234133+00
CASE0000500,f3665eea-1b6b-4f31-a8a1-8eeeb5e4cc45,5b199899-7aef-49f6-992a-6243bb6a18a5,c2f2e0ce-5aeb-4ece-8325-2167edfe139e,,PAID,HIGH,12330,12330,0,2026-08-26,65.81,t,3,5,2026-04-06 00:00:00+00,,PRE_LEGAL,,,,,,f,,,,4e96d241-8893-496b-b4b7-f9573094d05c,2026-08-27 11:28:05.781821+00,2026-09-02 15:27:18.951069+00
DAILY20260907C66,7d290dee-ffe4-4fbb-8f4b-beace57fe6df,5a9cd17a-aff6-4093-8938-3b1d9a67233d,,,UNASSIGNED,MEDIUM,5280,0,0,2026-09-07,45,f,0,5,,,FIELD,,,,,,f,,,,4ef787fe-f47a-414a-94dd-363db3a49175,2026-09-07 04:59:06.191079+00,2026-09-07 04:59:06.191082+00
DAILY20260903C97,d8233ae4-1e41-4fe0-8c10-852a9f46af6e,f6683e5e-7419-4f18-ad4a-ef820f7fb0a7,3aa13103-bd03-4578-9292-44d88d58da00,,ASSIGNED,HIGH,8400,0,0,2026-09-18,75,f,0,5,,,FIELD,,,,,,f,,,,4f08bee0-4196-4303-a9b3-a5871d915bae,2026-09-02 15:33:15.951735+00,2026-09-18 04:47:36.844938+00
DAILY20260918C131,49c91e6c-6b17-4bd2-868d-74f4d2e44991,b9a3d576-0e23-4fb0-848c-732dceea78f4,e9dced65-f61b-4c24-bae7-d4170299ed46,,IN_PROGRESS,CRITICAL,12150,0,0,2026-09-21,95,f,1,5,,,NPA_RECOVERY,,,,,,f,,,,4f245347-df3c-4543-a8c2-5fcfc40efc67,2026-09-18 06:49:34.774387+00,2026-09-21 06:09:27.224509+00
DAILY20260921C61,b9c6af30-1475-4f29-8750-a13ca095ee08,b4b218ce-f09f-437f-b42a-82da4b4b6f8a,,,UNASSIGNED,CRITICAL,17200,0,0,2026-09-21,95,f,0,5,,,NPA_RECOVERY,,,,,,f,,,,4f50686b-cf5b-4924-a032-1c3b7c181852,2026-09-21 04:52:59.728288+00,2026-09-21 04:52:59.728292+00
CASE0000366,ba61e26c-957f-47e5-84c7-210db74a1652,440b122c-991d-437b-99b9-ff66c8d76c0a,8e59153e-dc8e-4efa-af65-1db304a6f3f1,,PARTIALLY_PAID,MEDIUM,9690,9043.38,0,2026-08-27,80.12,f,3,4,,,FIELD,,,,,,t,,,,4f6ee7d6-ce14-4e3d-9d39-439cfb5dbe71,2026-08-27 11:28:03.993934+00,2026-09-21 09:28:23.737239+00
CASE0000598,4f9ad0b1-c2d5-4ef4-9853-7eba0f4e2e32,b49d5738-3adb-4118-bc90-baeb04a8b3e6,b06cd5a3-f1c0-4cdb-b241-9ce2d6c5e791,,PAID,CRITICAL,24780,24780,0,2026-08-27,100,t,2,3,2026-08-27 08:26:00+00,,NPA_RECOVERY,,,,,,t,,,,4fe1bc06-615d-467a-b1b4-5a8e52e735c0,2026-08-27 11:28:06.5714+00,2026-09-02 15:27:18.951069+00
CASE0000063,8ac67a04-0429-474b-83f0-f32bec5ecc5b,3081d549-dfbe-4609-a442-37b1f2648b81,5fbae4d6-59d1-4e6c-8a80-fe57244a45bb,,IN_PROGRESS,CRITICAL,2630,0,0,2026-08-22,84.94,f,1,4,,,LEGAL,,,,Co-applicant details on file. May respond if approached together.,,f,,,,4ff44f8c-0fa8-41f3-a212-bf502079203d,2026-08-27 11:28:01.081363+00,2026-09-21 09:28:23.73724+00
CASE0000225,e4f99043-20f6-43c4-a389-cec26a3251be,407f51f0-d6c2-4baf-bd18-5436429bda23,2b6de8aa-0976-4be0-8a40-043ff86ffa54,,PAID,CRITICAL,24030,24030,0,2026-08-25,100,t,3,5,2026-09-01 05:52:00.181768+00,,PRE_LEGAL,,,,,,t,,,,501a96e1-23b3-4ae8-8d29-c7b8c50011b9,2026-08-27 11:28:02.116675+00,2026-09-03 05:17:22.063015+00
DAILY20260921C192,d0bd8fe4-328b-478f-ada2-9bd9d09711d9,96350a8a-44b3-411c-874b-f6b7cc7c1657,,,UNASSIGNED,HIGH,6020,0,0,2026-09-21,75,f,0,5,,,FIELD,,,,,,f,,,,5036f0b3-f5b7-4beb-916d-6cdbd1b2c2d1,2026-09-21 04:53:00.765994+00,2026-09-21 04:53:00.765997+00
CASE0000143,c52e3c3a-f668-409c-b38e-eacfaafb3285,3f5dcbd6-44ff-4050-a51f-2f899afae8a5,c6ca60b7-2143-412b-887e-c30ae9cda031,,PAID,HIGH,19930,19930,0,2026-09-01,65.75,t,4,3,2026-09-01 09:49:00+00,,FIELD,,,,,,t,,,,50664ed5-e23c-4ae7-b9a0-1f80ab19dba5,2026-08-27 11:28:01.564155+00,2026-09-03 05:17:22.063015+00
BANK000008,247be24b-c38a-4088-952e-28575bf58b4b,06baebda-99a5-427b-a5b1-118b189d6544,2b6de8aa-0976-4be0-8a40-043ff86ffa54,,PARTIALLY_PAID,CRITICAL,13560,5448.59,0,2026-09-02,89.2,t,1,4,,,NPA_RECOVERY,,,,,,f,,,,50a0f4e1-2632-46b7-a11c-6a46537efab1,2026-08-27 11:28:09.819726+00,2026-09-21 09:28:23.737241+00
CASE0000482,26976eb1-42c6-400c-b45a-101b41ce3537,87ce57a0-b54e-4a8c-963c-f358a52ba258,e9dced65-f61b-4c24-bae7-d4170299ed46,,PTP_SET,HIGH,3840,744.51,0,2026-09-18,57.35,t,4,3,,,PRE_LEGAL,2026-04-02,,,,,t,,,,51180735-ed9f-400e-8fb7-3cd669fa0089,2026-08-27 11:28:05.614243+00,2026-09-21 09:28:23.737241+00
DAILY20260921C171,35c8be36-010b-40ff-b00f-fc9e5fa2a301,48e67bbc-456b-4b0c-9dba-d0651a67ce65,3aa13103-bd03-4578-9292-44d88d58da00,,PAID,CRITICAL,62320,62320,0,2026-09-21,95,f,1,5,2026-09-21 03:47:00+00,Paid in full at doorstep,NPA_RECOVERY,,,,,,f,,,,51700661-a842-4f65-8814-b4ec6ac3b2a7,2026-09-21 04:53:00.631092+00,2026-09-21 06:09:25.676376+00
DAILY20260918C104,3c09aec6-cbb6-4a13-9b5b-341a5ce41e17,09cd524e-0765-4c77-8047-6d07f17a3954,5fbae4d6-59d1-4e6c-8a80-fe57244a45bb,,IN_PROGRESS,CRITICAL,27300,0,0,2026-09-21,95,f,1,5,,,NPA_RECOVERY,,,,,,f,,,,51be07ae-b495-46d2-a942-f16b03a410ac,2026-09-18 06:49:34.614559+00,2026-09-21 06:09:27.256382+00
DAILY20260906C123,53f7ac8d-7063-4497-a742-bf6d62ae821a,e5d8ecbb-5240-4f82-b0cc-5b007d47848f,,,UNASSIGNED,CRITICAL,11450,0,0,2026-09-06,95,f,0,5,,,NPA_RECOVERY,,,,,,f,,,,51fb577b-5128-4165-91f7-779a1efabee8,2026-09-06 13:30:49.545891+00,2026-09-06 13:30:49.545894+00
DAILY20260918C166,0df80162-dd02-45b2-8e7c-2546b8fd9597,bfff6561-4b5d-4d7f-b7fe-133f1a2aafff,,,UNASSIGNED,CRITICAL,12540,0,0,2026-09-18,95,f,0,5,,,NPA_RECOVERY,,,,,,f,,,,525d143f-272f-4f52-8913-31efb0c7e055,2026-09-18 06:49:34.960111+00,2026-09-18 06:49:34.960113+00
DAILY20260906C23,dfa7bd73-5777-4831-b165-8ce1145a8e81,e6a99acf-fabd-49e8-b129-62272209b41f,a13886ca-739b-47b4-a473-724e03f7332a,,ASSIGNED,CRITICAL,37450,0,0,2026-09-07,95,f,0,5,,,NPA_RECOVERY,,,,,,f,,,,52965675-0ec5-4508-8eeb-9119398df6a0,2026-09-06 13:30:48.806086+00,2026-09-06 13:30:53.780479+00
CASE0000719,5831efe8-5398-4538-8ce8-e7e241cfc522,62128d4e-fbac-450d-a59b-03966d67946e,a13886ca-739b-47b4-a473-724e03f7332a,,IN_PROGRESS,HIGH,4330,0,0,2026-03-30,33.72,f,3,4,,,PRE_LEGAL,,,,,,f,,,,529c6a4e-1f0b-4a52-ac81-5af402817e50,2026-08-27 11:28:08.472348+00,2026-09-21 09:28:23.737242+00
DAILY20260906C12,4cae6f6d-a4bc-450b-a81c-34a9081d54b9,ae3b9d36-dcb8-4701-8fa6-8f0cdb942402,,,UNASSIGNED,CRITICAL,24280,0,0,2026-09-06,95,f,0,5,,,NPA_RECOVERY,,,,,,f,,,,52bb007c-9ff6-4652-9104-569f3907ba35,2026-09-06 13:30:48.732164+00,2026-09-06 13:30:48.732167+00
DAILY20260906C88,3c204773-6e39-4ebb-bf32-2f8572da79a8,48b27b0b-33bb-4f9c-af26-4074502d386a,8e59153e-dc8e-4efa-af65-1db304a6f3f1,,PARTIALLY_PAID,MEDIUM,48890,28619.38,0,2026-09-21,45,f,3,5,,,FIELD,,,,,,f,,,,52d8fbf1-832b-44f0-b85b-ad0599fea9ae,2026-09-06 13:30:49.33477+00,2026-09-21 06:09:26.128156+00
CASE0000532,635f2e4b-2bdd-4221-992a-9cc1bdf0a747,b4f390cf-2b27-4ba2-b063-efd50bdbc239,3aa13103-bd03-4578-9292-44d88d58da00,,IN_PROGRESS,HIGH,3130,0,0,2026-05-04,72.29,t,1,3,,,PRE_LEGAL,2026-04-01,,,,,f,,,,52e7d0de-171d-4d89-9781-0ff4a0c67269,2026-08-27 11:28:06.037737+00,2026-09-03 05:17:22.063015+00
DAILY20260907C116,14fcce86-2ce0-4b37-9184-ad20a8eb319e,4b175601-1e6b-4598-8cbf-8527518a182b,c33350cc-f581-492e-807f-14262d56ebcb,,IN_PROGRESS,HIGH,6880,0,0,2026-09-21,75,f,1,5,,,FIELD,,,,,,f,,,,52ecec6e-77d8-41d8-99c2-66556fb8a809,2026-09-07 04:59:06.495779+00,2026-09-21 06:09:26.962277+00
CASE0000275,ccb9773a-386d-40ba-897a-6749f16e61e4,77439b2e-9dbe-4508-a3dd-758a4840a3c9,2dfc73e0-dba9-4aa5-babf-d5141ded5497,,PAID,LOW,2690,2690,0,2026-08-26,23.33,t,3,4,2026-09-01 05:52:00.181768+00,,FIELD,,,,,,f,,,,530787a8-46ff-4d60-9928-0c31cd48f9c9,2026-08-27 11:28:02.910124+00,2026-09-02 15:27:18.958237+00
CASE0000557,46f4128a-126f-42cb-afcd-6429fa74c715,41dfae8f-6c9e-479e-a14a-2dc0572af1ef,5fbae4d6-59d1-4e6c-8a80-fe57244a45bb,,PARTIALLY_PAID,HIGH,5000,1910.44,0,2026-09-17,47.58,t,4,5,,,PRE_LEGAL,,,,Partial payment of overdue attempted by customer at branch — reversed due to shortfall.,,f,,,,5309dbc6-7738-46b1-a13a-3957c6943acf,2026-08-27 11:28:06.245595+00,2026-09-21 09:28:23.737242+00
DAILY20260907C36,ba3722bc-9bb4-4e63-9fcf-84200f8e28d8,10e96813-a2ac-4bb6-821e-d42d4a4e8a51,,,UNASSIGNED,CRITICAL,14340,0,0,2026-09-07,95,f,0,5,,,NPA_RECOVERY,,,,,,f,,,,532d504a-d469-45f5-bd2b-9b67a0cba4ba,2026-09-07 04:59:06.000133+00,2026-09-07 04:59:06.000137+00
CASE0000303,239d5d90-a364-4347-bcf6-6d0e2c11cc3a,435548de-ec9a-42c9-88eb-044150dab6a5,1d5e58e8-954e-4d6c-b13c-6e6d614cb588,,PAID,HIGH,11080,11080,0,2026-06-18,70.38,f,1,3,,,FIELD,,,,Previous agency attempt closed with no resolution. Fresh allocation.,,f,,,,535dc9cb-a1c5-4232-addf-fb6a3ad930c7,2026-08-27 11:28:03.147012+00,2026-09-03 05:17:22.067369+00
DAILY20260907C71,a3b82e90-13e0-456f-a372-89a15d0559f4,1b2298a0-1eb2-46b0-9ab4-b015636e385c,,,UNASSIGNED,CRITICAL,8390,0,0,2026-09-07,95,f,0,5,,,NPA_RECOVERY,,,,,,f,,,,53695d78-ae40-491c-95ac-fa88e6549ca2,2026-09-07 04:59:06.222345+00,2026-09-07 04:59:06.222347+00
DAILY20260907C102,c13e8192-9f10-4209-8eb3-c1ddce8c67ea,025f085c-608a-4b9c-b761-8ba828350e95,,,UNASSIGNED,MEDIUM,3090,0,0,2026-09-07,45,f,0,5,,,FIELD,,,,,,f,,,,537f6f2a-7a68-47bc-af3d-60f36f91ee76,2026-09-07 04:59:06.404073+00,2026-09-07 04:59:06.404075+00
DAILY20260921C179,348a33d6-f27b-4d27-adc2-106a1515a075,8712c156-f4be-484b-bac7-621c8191679b,,,UNASSIGNED,HIGH,14470,0,0,2026-09-21,75,f,0,5,,,FIELD,,,,,,f,,,,53b393cf-14ed-41be-b631-24339053bacd,2026-09-21 04:53:00.687465+00,2026-09-21 04:53:00.687468+00
DAILY20260918C126,d358767a-77f4-4170-9d59-228c6b8d5ac4,c478f094-c698-44a0-8180-663f735780da,c33350cc-f581-492e-807f-14262d56ebcb,,IN_PROGRESS,MEDIUM,5570,0,0,2026-09-21,45,f,1,5,,,FIELD,,,,,,f,,,,53d2756d-5ec0-49a6-ba87-3958f9efc655,2026-09-18 06:49:34.74704+00,2026-09-21 06:09:26.933243+00
DAILY20260903C45,d9b362e2-b173-4b75-9065-9748f4027fcb,a93c3a72-6528-4ad6-ab83-ea9fd9bd6ed2,,,UNASSIGNED,CRITICAL,2790,0,0,2026-09-03,95,f,0,5,,,NPA_RECOVERY,,,,,,f,,,,54001e18-8204-41f9-a95f-3c8e6c0aadfb,2026-09-02 15:33:15.746163+00,2026-09-02 15:33:15.746163+00
DAILY20260921C163,be1a2162-937a-4dc6-b506-020d1bd0c4a8,26eea26d-addc-4ac6-8ea1-9f1b06000ae3,,,UNASSIGNED,CRITICAL,14020,0,0,2026-09-21,95,f,0,5,,,NPA_RECOVERY,,,,,,f,,,,5457b60d-9b54-4fc6-b2d1-d88d8f82082c,2026-09-21 04:53:00.577052+00,2026-09-21 04:53:00.577055+00
DAILY20260903C00,72f2d11d-5338-4280-ade8-610d417fd9a5,edd1465e-cd84-4fd6-8eda-d5dde9a6164f,,,UNASSIGNED,MEDIUM,4250,0,0,2026-09-03,45,f,0,5,,,FIELD,,,,,,f,,,,545989f8-d1c0-491d-bd06-e402b72031a6,2026-09-02 15:33:15.578099+00,2026-09-02 15:33:15.578099+00
CASE0000218,09bb1651-55d3-44d1-9b94-6f90f25ae1cf,dbd61214-d0a6-40ec-b4f8-105df207d041,c33350cc-f581-492e-807f-14262d56ebcb,,PARTIALLY_PAID,MEDIUM,29950,24232.78,0,2026-09-01,100,f,3,4,,,FIELD,,,,,,f,,,,54648463-acce-4159-9266-84cd8b8c5048,2026-08-27 11:28:02.076999+00,2026-09-21 09:28:23.737243+00
DAILY20260921C97,01a976fc-7146-45ae-a861-307a0ba16537,964dd91a-6aff-431e-bf0f-72112f70d245,3e9c4168-1de9-43e8-b9f2-fbf3f931949d,,IN_PROGRESS,MEDIUM,20080,0,0,2026-09-21,45,f,1,5,,,FIELD,,,,,,f,,,,54838a8c-8109-414c-9f80-05252f8f79a7,2026-09-21 04:52:59.956011+00,2026-09-21 06:09:27.182095+00
DAILY20260918C38,edae2fc9-c9ac-4b5f-acf9-1abcc68b665f,f3eab8e6-f3e5-4ece-a32e-8c095a8d7f7a,,,UNASSIGNED,HIGH,7180,0,0,2026-09-18,75,f,0,5,,,FIELD,,,,,,f,,,,549eac0a-6a81-40fe-b922-f690e4c3aae0,2026-09-18 06:49:34.213748+00,2026-09-18 06:49:34.213752+00
DAILY20260918C13,529ceed4-acd7-4f2e-adbc-a3a590c6581f,ff32f8f3-a04a-488c-9d9c-365f4374de15,,,UNASSIGNED,MEDIUM,11900,0,0,2026-09-18,45,f,0,5,,,FIELD,,,,,,f,,,,54cf1459-472b-4a2e-b035-bf0a70964640,2026-09-18 06:49:34.093664+00,2026-09-18 06:49:34.093668+00
CASE0000296,94484ef4-edc0-4952-a49e-ff298b02b8ba,0d8abaa4-af71-4fe7-8069-2cf58d4bea6e,cd9e6eca-028e-4c61-8e82-048327bc4476,,PAID,MEDIUM,14760,14760,0,2026-09-01,49.43,f,3,5,2026-09-01 15:00:00+00,,LEGAL,,,,,,t,,,,5504ab5e-06e0-46fa-a8f9-7a5bd577d6d9,2026-08-27 11:28:03.088535+00,2026-09-03 05:17:22.068372+00
DAILY20260918C188,35a5f3a9-9e7b-4d34-a602-2a594558410f,8735c064-3347-46c2-9411-d8f27a25d94b,,,UNASSIGNED,MEDIUM,18280,0,0,2026-09-18,45,f,0,5,,,FIELD,,,,,,f,,,,551fae7f-306b-4777-82a4-9407060818f4,2026-09-18 06:49:35.07663+00,2026-09-18 06:49:35.076633+00
CASE0000550,2116ea56-720b-426f-be95-b1c2fe197cc5,6b10f644-4584-43f5-984a-c2d4b27300ec,e9dced65-f61b-4c24-bae7-d4170299ed46,,PAID,CRITICAL,24980,24980,0,2026-09-02,100,f,2,5,2026-09-02 12:53:00+00,,NPA_RECOVERY,,,,,,f,,,,5542c577-a403-47fe-9845-b909c80ee1b9,2026-08-27 11:28:06.177707+00,2026-09-03 05:17:22.068372+00
DAILY20260906C25,e8eee75b-f9ef-4735-aceb-66671c020f16,89181bc2-a6cb-4b57-97fa-c5f1332093c1,,,UNASSIGNED,HIGH,8590,0,0,2026-09-06,75,f,0,5,,,FIELD,,,,,,f,,,,554c9912-4b85-41ed-8e77-33196a0d5f1c,2026-09-06 13:30:48.8212+00,2026-09-06 13:30:48.821203+00
CASE0000105,c1891b49-de15-4716-a446-b16b328be77e,3bcaf15d-cb0d-45e2-b5b1-7ac03ec72a19,357e2e09-b637-468e-818b-57a5dce18e9c,,PAID,LOW,4620,4620,0,2026-09-01,23.07,t,2,4,2026-09-01 15:33:00+00,,FIELD,,,,Business borrower — shop visit recommended. Morning hours more effective.,,f,,,,55a39202-8362-4b00-9d11-acdcb3f56056,2026-08-27 11:28:01.236858+00,2026-09-03 05:17:22.068372+00
DAILY20260907C133,27a5812a-7b42-47de-aad5-1c5401efdba9,1d0d9b22-8b36-4efe-a52f-abcadfc413b7,,,UNASSIGNED,CRITICAL,15560,0,0,2026-09-07,95,f,0,5,,,NPA_RECOVERY,,,,,,f,,,,55aac82c-46e0-4008-8b97-0997e9a31c6d,2026-09-07 04:59:06.582394+00,2026-09-07 04:59:06.582396+00
DAILY20260906C101,ec36a268-ff45-4ca0-b328-a8f8b82222a7,2a8de197-7a75-4086-824d-a076e23ebe14,8e59153e-dc8e-4efa-af65-1db304a6f3f1,,PARTIALLY_PAID,CRITICAL,33190,14544.14,0,2026-09-21,95,f,2,5,,,NPA_RECOVERY,,,,,,f,,,,564838a5-5e72-4e81-bdcd-e96d18fd7365,2026-09-06 13:30:49.404391+00,2026-09-21 06:09:26.177166+00
DAILY20260906C156,8adf5e14-4177-4610-827e-7d53741f2c7a,97d324e1-06ce-4ae6-80db-9834833acbba,,,UNASSIGNED,HIGH,11080,0,0,2026-09-06,75,f,0,5,,,FIELD,,,,,,f,,,,569abd89-3734-4589-8036-3dfaa83a2640,2026-09-06 13:30:49.758384+00,2026-09-06 13:30:49.758387+00
DAILY20260903C138,dc4747f3-7815-4ac4-8001-f67728f355ef,b4ca2252-6b49-476c-9e05-db0673562698,4a182f53-a1a1-4f15-945a-6a56f4e04b64,,PTP_SET,MEDIUM,15130,4610.74,0,2026-09-18,45,f,2,5,,,FIELD,,,,,,f,,,,56a636c7-ac45-48bd-bc8f-d0e46920e8e2,2026-09-02 15:33:16.119423+00,2026-09-18 06:37:22.352072+00
DAILY20260918C48,2baa9606-b4d7-4be9-9f60-2ec2d609f97a,cc3d44e0-3e1f-4346-9c4f-059baa2b8ecb,2dfc73e0-dba9-4aa5-babf-d5141ded5497,,ASSIGNED,MEDIUM,29040,0,0,2026-09-21,45,f,0,5,,,FIELD,,,,,,f,,,,56a66385-731f-4888-b444-866484d6581d,2026-09-18 06:49:34.270096+00,2026-09-21 04:53:43.172164+00
DAILY20260918C09,da47d22e-fba9-4b3e-93d5-b7af23f47faf,d9a89ecc-feca-4279-bf42-5e00e721dcc1,,,UNASSIGNED,MEDIUM,2200,0,0,2026-09-18,45,f,0,5,,,FIELD,,,,,,f,,,,56b8d1b3-4660-459a-b52f-174bd7c06408,2026-09-18 06:49:34.073683+00,2026-09-18 06:49:34.073686+00
CASE0000078,f45c94fd-7fbc-4f1b-9251-5b344b57ff6d,732f6fe4-99c7-4777-8fa1-21666c8ec7b1,2dfc73e0-dba9-4aa5-babf-d5141ded5497,,PARTIALLY_PAID,HIGH,7670,6288.18,0,2026-09-01,42.74,t,2,3,,,PRE_LEGAL,2026-07-14,,,,,f,,,,5716d861-5833-4350-b34c-909162feb767,2026-08-27 11:28:01.137372+00,2026-09-21 09:28:23.737244+00
DEMO000006,de7484bc-35ef-452e-bc01-b8f8eea164ac,c7461ee2-93e9-4694-bcac-30d7aa1881bd,2b6de8aa-0976-4be0-8a40-043ff86ffa54,,PAID,LOW,5000,5000,0,2026-08-21,20,f,2,5,2026-09-02 06:08:02.816721+00,,FIELD,,,,,,f,,,,572d8401-b7ad-463e-a567-1de62fac03f2,2026-08-27 11:28:09.576287+00,2026-09-03 05:17:22.071372+00
CASE0000447,e8fdea10-d3d1-4f6f-8d4b-ed9e6e2fc1a5,580a1006-73d2-4615-a65c-34f729707495,c2f2e0ce-5aeb-4ece-8325-2167edfe139e,,PAID,MEDIUM,13000,13000,0,2026-08-26,58.48,t,3,5,2026-09-01 05:52:00.181768+00,,FIELD,2026-05-06,,,Account flagged for special mention — court case pending. Handle with care.,,f,,,,57569954-dc72-4d3a-a5a9-ee12723295dc,2026-08-27 11:28:04.713549+00,2026-09-02 15:27:18.959566+00
DAILY20260903C73,7d16ba8e-a561-46f6-ac37-6511488bb6b7,0fd51814-fbd1-4c2b-a60a-0e8e87884094,3e9c4168-1de9-43e8-b9f2-fbf3f931949d,,ASSIGNED,CRITICAL,9570,0,0,2026-09-07,95,f,0,5,,,NPA_RECOVERY,,,,,,f,,,,575753e2-cf85-479e-a0cd-3ab14f8711f4,2026-09-02 15:33:15.8479+00,2026-09-06 13:31:05.423488+00
CASE0000440,becb48a3-4d0a-4b95-9c49-553292c440ee,a4f56e56-8fd4-4a9e-98f0-06c44d222118,357e2e09-b637-468e-818b-57a5dce18e9c,,PAID,LOW,1500,1500,0,2026-08-25,33.29,f,3,3,2026-09-01 05:52:00.181768+00,,PRE_LEGAL,,,,Customer had good repayment history until Q3 2022. Defaulted post job loss.,,f,,,,577f98bb-d705-4134-8393-a6f6934e1e4f,2026-08-27 11:28:04.660828+00,2026-09-02 15:27:18.959566+00
DAILY20260903C25,82e62f7c-4833-4761-b907-7c71ce12ef79,ee7158ad-a5df-4ac6-8e34-72e8171f5264,c33350cc-f581-492e-807f-14262d56ebcb,,PTP_SET,HIGH,32510,0,0,2026-09-17,75,f,2,5,,,FIELD,,,,,,f,,,,578198a4-cf53-4ca5-a3a2-3f5066daf113,2026-09-02 15:33:15.670751+00,2026-09-17 06:31:12.887552+00
CASE0000298,9f481d78-b8ae-4d67-9ead-c343f18ffe12,6404d812-af86-4ab9-9454-760be2b69045,2dfc73e0-dba9-4aa5-babf-d5141ded5497,,PAID,LOW,1920,1920,0,2026-08-26,32.31,t,2,4,2026-09-01 05:52:00.181768+00,,FIELD,,,,,,f,,,,58563990-5036-4e44-8cb5-27ff1f5e8eae,2026-08-27 11:28:03.102281+00,2026-09-02 15:27:18.959566+00
CASE0000197,7c887a50-010b-4a74-a65c-d61dd2063927,005c9e15-105d-4e45-86af-ec6af4095843,2b6de8aa-0976-4be0-8a40-043ff86ffa54,,PAID,LOW,5180,5180,0,2026-08-05,30.05,f,2,4,,,FIELD,,,,,,t,,,,588628ab-10f8-4969-8f97-e8e1d0e2dd16,2026-08-27 11:28:01.935667+00,2026-09-03 05:17:22.072373+00
CASE0000295,f76b87ca-9218-4e78-9377-c55b4850be3b,2f644575-2af6-42a6-b63c-134ec828e39d,4a182f53-a1a1-4f15-945a-6a56f4e04b64,,PARTIALLY_PAID,MEDIUM,15020,14934.71,0,2026-08-27,23.08,t,2,3,,,FIELD,,,,,,f,,,,58ae6edc-aa29-46bc-a8e9-a858ec5a0f79,2026-08-27 11:28:03.082249+00,2026-09-21 09:28:23.737244+00
CASE0000471,5d016fd0-4cd9-47ff-bb8b-6fa26e95a44e,9c727bad-0642-4a2a-a303-6552d9941aa5,c33350cc-f581-492e-807f-14262d56ebcb,,PAID,CRITICAL,43910,43910,0,2026-09-18,100,f,4,3,2026-09-18 10:43:00+00,Paid in full at doorstep,FIELD,,,,Bank field agent visited twice — no contact. Escalated to recovery agency.,,f,,,,58cfa0ea-7663-494d-8175-9fc3b06218b2,2026-08-27 11:28:04.898489+00,2026-09-18 06:37:21.444907+00
CASE0000499,33f12778-7bf9-4da4-8e58-36cfe69c78d3,d1e05eba-5267-46ee-abe1-f04c56c5a455,cd9e6eca-028e-4c61-8e82-048327bc4476,,PARTIALLY_PAID,MEDIUM,26270,11610.43,0,2026-09-21,55.74,t,4,3,,,FIELD,,,,,,f,,,,58d84a6d-0aaf-47a2-bd89-8902658beaa9,2026-08-27 11:28:05.775508+00,2026-09-21 06:09:26.040205+00
CASE0000624,51417b54-60aa-4d4a-b522-dab8378f3432,bbac72b9-6605-482d-b23b-bbd5ec54a0db,5fbae4d6-59d1-4e6c-8a80-fe57244a45bb,,PAID,MEDIUM,30870,30870,0,2026-03-07,48.64,f,1,3,2026-03-09 00:00:00+00,,FIELD,,,,Seasonal worker — income irregular. Best to visit early morning.,,f,,,,58dc883f-2557-43f5-ad16-d57ab937894a,2026-08-27 11:28:07.648694+00,2026-09-03 05:17:22.075567+00
CASE0000014,00a419ac-a1d7-4f27-ba0c-02c0e1d9802a,03dc1f24-2d15-4409-9347-1729a058beef,3aa13103-bd03-4578-9292-44d88d58da00,,PAID,CRITICAL,38040,38040,0,2026-08-27,85.89,f,2,3,2026-08-27 08:46:00+00,,PRE_LEGAL,,,,,,f,,,,59295677-15c0-4bfd-8e35-bfd78d6adbdb,2026-08-27 11:28:00.930855+00,2026-09-02 15:27:18.971699+00
DAILY20260906C68,abe16a09-0d87-42c3-9180-f14a58adcd1f,f38ef5ab-fc11-4151-88a2-fff3f03ae12f,a13886ca-739b-47b4-a473-724e03f7332a,,ASSIGNED,CRITICAL,11960,0,0,2026-09-07,95,f,0,5,,,NPA_RECOVERY,,,,,,f,,,,59b7e2d8-a037-4bdb-ae86-b25a81d16b7d,2026-09-06 13:30:49.214006+00,2026-09-06 13:30:53.78048+00
DAILY20260903C194,d8f414b2-b566-4c6b-8764-20b975e3c027,ea75ac16-f7ea-47d1-9d49-f545801d680c,4a182f53-a1a1-4f15-945a-6a56f4e04b64,,PARTIALLY_PAID,MEDIUM,12920,4448.1,0,2026-09-17,45,f,2,5,,,FIELD,,,,,,f,,,,59c59b25-6240-408f-a173-60906d265833,2026-09-02 15:33:16.317057+00,2026-09-21 05:17:11.605896+00
CASE0000473,02b1d4f2-47f8-4560-a341-fc11f18e84e5,5e7a9373-a2d0-49dc-b254-ccf70d7d1955,4a182f53-a1a1-4f15-945a-6a56f4e04b64,,ASSIGNED,CRITICAL,14670,0,0,2026-05-27,92.59,t,1,5,,,NPA_RECOVERY,,,,,,t,,,,59f59375-57e3-4b12-a1aa-ef295eb40023,2026-08-27 11:28:04.923435+00,2026-09-08 11:08:04.414299+00
CASE0000566,ae38bc80-0ae4-48dd-ba3d-35710c261b87,2ea93007-185b-4ce7-820b-dec6f9b6381e,c2f2e0ce-5aeb-4ece-8325-2167edfe139e,,PARTIALLY_PAID,CRITICAL,4670,2020.75,0,2026-09-18,100,f,3,4,,,NPA_RECOVERY,,,,,,t,,,,5a268e43-3d7e-4292-ac2e-fa3f83005655,2026-08-27 11:28:06.328428+00,2026-09-21 05:55:24.545979+00
DAILY20260907C98,49741b7c-4ff8-4607-b56b-b53b7b832e37,35b8c3d6-303e-4887-ad28-17871e2a2686,,,UNASSIGNED,HIGH,9500,0,0,2026-09-07,75,f,0,5,,,FIELD,,,,,,f,,,,5a2a91cc-0a1e-45c5-b07e-2c375ca7a83f,2026-09-07 04:59:06.382839+00,2026-09-07 04:59:06.382842+00
CASE0000107,0549a0ef-cfda-4123-acaa-366ba52ffd7e,bd8ebb05-5e27-49fb-884e-0541ac42b15f,8e59153e-dc8e-4efa-af65-1db304a6f3f1,,IN_PROGRESS,CRITICAL,17540,0,0,2026-08-20,100,t,1,4,,,NPA_RECOVERY,,,,,,f,,,,5a4a60b3-00df-4701-bccc-70ffba2d992c,2026-08-27 11:28:01.244741+00,2026-09-03 05:17:22.075567+00
DAILY20260906C157,0414fa3b-b8b5-4517-8337-42d9ed29c060,74ea9689-4c63-4bc0-9bcf-b2c30bd05d65,,,UNASSIGNED,HIGH,3490,0,0,2026-09-06,75,f,0,5,,,FIELD,,,,,,f,,,,5a976580-6ff0-4d91-abd5-dbae85705bce,2026-09-06 13:30:49.765452+00,2026-09-06 13:30:49.765455+00
DAILY20260918C132,745de031-6fc0-42a6-b62c-51d2cf62545c,75da8274-cc06-4c9c-9112-94e684b442f6,,,UNASSIGNED,HIGH,5000,0,0,2026-09-18,75,f,0,5,,,FIELD,,,,,,f,,,,5b1110da-fadf-4477-85be-5ba9f2a2bc09,2026-09-18 06:49:34.780101+00,2026-09-18 06:49:34.780104+00
CASE0000055,11721135-0a03-4f14-a72b-f26994b00c33,da55fe5a-babe-4496-b19b-1d6daaeecadf,357e2e09-b637-468e-818b-57a5dce18e9c,,PTP_SET,CRITICAL,35430,10557.41,0,2026-09-18,100,f,3,5,,,NPA_RECOVERY,,,,,,f,,,,5b2cdbd7-5cba-4ff6-84c0-4653c18b82b3,2026-08-27 11:28:01.05463+00,2026-09-18 06:37:22.920239+00
CASE0000679,51417b54-60aa-4d4a-b522-dab8378f3432,bbac72b9-6605-482d-b23b-bbd5ec54a0db,357e2e09-b637-468e-818b-57a5dce18e9c,,PARTIALLY_PAID,MEDIUM,30870,29075.58,0,2026-03-21,48.64,t,2,5,,,FIELD,,,,,,t,,,,5b5d3f98-2180-4865-ab2d-6be53e6be2a9,2026-08-27 11:28:08.124174+00,2026-09-21 05:55:24.54598+00
DAILY20260907C13,23d9b4b2-2d07-4dd9-94e7-458c8d79366b,bfa8051a-6ece-4c7b-ba0a-0c0e73d0370c,3e9c4168-1de9-43e8-b9f2-fbf3f931949d,,IN_PROGRESS,MEDIUM,21380,0,0,2026-09-18,45,f,1,5,,,FIELD,,,,,,f,,,,5c122f9b-0f13-4c82-8bc2-10c006c4d885,2026-09-07 04:59:05.801374+00,2026-09-21 05:54:24.393628+00
DAILY20260918C149,b2e0b215-7a45-460f-86e8-1bd6df840a48,d225beca-225c-4ba2-bd42-86db0a214f1e,,,UNASSIGNED,CRITICAL,14560,0,0,2026-09-18,95,f,0,5,,,NPA_RECOVERY,,,,,,f,,,,5c234e8a-a35e-43a7-bf4d-aee52e017163,2026-09-18 06:49:34.870139+00,2026-09-18 06:49:34.870143+00
CASE0000072,af8f8ea1-8a4d-4592-8e17-0573d3a20840,eb68ec01-8012-448e-b363-f673eb74089b,a2e2555c-f597-43af-a77a-fe708f967218,,PARTIALLY_PAID,HIGH,4940,2515.05,0,2026-08-11,100,t,1,4,,,PRE_LEGAL,,,,Borrower is cooperative per branch records but cash-strapped. Willing to negotiate.,,f,,,,5c3011de-a1ea-4b75-a929-a5f531af11c1,2026-08-27 11:28:01.116456+00,2026-09-21 09:28:23.737245+00
DEMO000008,b31606a2-ec18-4fe4-9f22-311c5cbd1104,c6c9ea7c-ca5a-4382-93b9-4e67b269d542,2b6de8aa-0976-4be0-8a40-043ff86ffa54,,ESCALATED,CRITICAL,35940,0,0,2026-08-13,95,f,2,5,,,NPA_RECOVERY,,,,,,t,CUSTOMER_ABSCONDED,2026-08-13 12:05:00+00,"Customer hostile, threatened legal action. Pending legal team review.",5c4e3b90-070d-4e8f-a66e-fe3b1a759d80,2026-08-27 11:28:09.583635+00,2026-09-03 05:17:22.075567+00
CASE0000010,9b8b08c8-224d-4345-889e-7caf79340a09,56480281-ae6b-491f-939e-07d0cf81d7c4,2b6de8aa-0976-4be0-8a40-043ff86ffa54,,PARTIALLY_PAID,MEDIUM,14700,6784.75,0,2026-09-01,31.56,t,2,3,,,FIELD,,,,,,f,,,,5c60a22f-6016-4eeb-aa97-84ad3d246f49,2026-08-27 11:28:00.918612+00,2026-09-21 09:28:23.737245+00
DAILY20260906C131,f2917117-a598-47a7-8b67-81333a5ea6aa,de378cd7-b934-4032-8426-9ba54f25b129,,,UNASSIGNED,HIGH,1560,0,0,2026-09-06,75,f,0,5,,,FIELD,,,,,,f,,,,5c61ec3a-8c29-429f-8c31-7d77577e5e61,2026-09-06 13:30:49.596613+00,2026-09-06 13:30:49.596616+00
CASE0000015,2592fed1-241a-4897-b6b1-1d1c4e9266ec,efd6fcae-522b-4eee-95c3-5031694d0c8b,2dfc73e0-dba9-4aa5-babf-d5141ded5497,,PTP_SET,HIGH,13910,0,0,2026-09-04,39.45,f,2,5,,,PRE_LEGAL,,,,,,t,,,,5c6ffed0-30f0-4a0b-b65c-72a6741b078b,2026-08-27 11:28:00.936163+00,2026-09-21 09:28:23.737246+00
DAILY20260903C128,4e84807a-6cbd-4bf4-9517-83dcdb01b266,e9b3a4da-2f95-43ea-8d17-bf5e770b7529,3e9c4168-1de9-43e8-b9f2-fbf3f931949d,,PTP_SET,MEDIUM,29740,0,0,2026-09-16,45,f,1,5,,,FIELD,,,,,,f,,,,5c77d6e2-dfff-444a-9738-8ed6bef92e5b,2026-09-02 15:33:16.086893+00,2026-09-17 06:31:12.862283+00
CASE0000172,ac097225-fba9-4e4d-9c4e-a8d4d8fba315,c5c0e293-29b4-429b-bd2a-c60cd386e8e3,3aa13103-bd03-4578-9292-44d88d58da00,,PARTIALLY_PAID,HIGH,22540,22139.66,0,2026-08-26,99.32,t,3,5,,,PRE_LEGAL,,,,Borrower relocated. New address shared by guarantor — verify on field visit.,,t,,,,5ca900a1-476b-4590-966a-61c7b16363fb,2026-08-27 11:28:01.766101+00,2026-09-21 09:28:23.737247+00
DAILY20260903C181,4f0bf68a-1376-4469-9cfc-3affacbf95a1,4e52f2c8-0e70-4def-9fda-bdd0c99845ae,2b6de8aa-0976-4be0-8a40-043ff86ffa54,,PTP_SET,MEDIUM,48020,13678.74,0,2026-09-17,45,f,1,5,,,FIELD,,,,,,f,,,,5ce8e517-ddb8-433c-9a2d-403a5529fec7,2026-09-02 15:33:16.273813+00,2026-09-17 06:31:13.148777+00
DAILY20260903C10,09394f21-b825-45ae-8d98-5e23484538b4,b449e8b9-db43-4fe1-adb1-6dde0563599f,,,UNASSIGNED,CRITICAL,7330,0,0,2026-09-03,95,f,0,5,,,NPA_RECOVERY,,,,,,f,,,,5cfdcdb5-c59b-4973-83df-a5e3dff06ed9,2026-09-02 15:33:15.604048+00,2026-09-02 15:33:15.604048+00
CASE0000620,8f142b89-8c4a-43a3-ad04-f247417e775d,a932c992-de97-4e51-aa1f-26f577d076c1,357e2e09-b637-468e-818b-57a5dce18e9c,,IN_PROGRESS,MEDIUM,2610,0,0,2026-03-13,23.59,t,2,4,,,FIELD,2026-02-26,,,,,f,,,,5d4c1ba5-0ee7-4a62-ba5a-31a809e30c5f,2026-08-27 11:28:07.613063+00,2026-09-21 09:28:23.737247+00
DAILY20260921C19,22b991ba-3584-4ece-b638-a97a18e5996c,854cbcd0-e910-4389-89fe-ad18663d5414,,,UNASSIGNED,HIGH,20370,0,0,2026-09-21,75,f,0,5,,,FIELD,,,,,,f,,,,5d9e7438-286d-4595-a6ea-8304f0074da0,2026-09-21 04:52:59.49461+00,2026-09-21 04:52:59.494613+00
CASE0000254,2e0ec7cc-3dcc-4204-b83a-c5bda7ad54f4,a4c1c26e-0726-403e-b501-2ab6e86d5e90,1d5e58e8-954e-4d6c-b13c-6e6d614cb588,,PAID,HIGH,16780,16780,0,2026-08-26,65.24,t,3,5,2026-09-10 09:47:00+00,,NPA_RECOVERY,,,,Co-applicant details on file. May respond if approached together.,,t,,,,5ddcba28-0f00-4e30-b083-baece89b7858,2026-08-27 11:28:02.615172+00,2026-09-10 10:42:26.577042+00
DAILY20260903C148,ac6e6fcc-c2ea-4ba3-b6de-c6660d7024fe,db8a7ce9-f468-4996-82c1-ac11434a88a2,,,UNASSIGNED,CRITICAL,4190,0,0,2026-09-03,95,f,0,5,,,NPA_RECOVERY,,,,,,f,,,,5e1e823e-b86d-4b60-ab48-32659380eb3e,2026-09-02 15:33:16.157229+00,2026-09-02 15:33:16.157229+00
DAILY20260907C189,6f7d7a51-0047-435e-b9ec-9f9859eaf8d7,b1a98319-33ea-4628-8203-715c0ec430f6,,,UNASSIGNED,MEDIUM,3200,0,0,2026-09-07,45,f,0,5,,,FIELD,,,,,,f,,,,5e664d52-087d-4270-a814-55f0605d196e,2026-09-07 04:59:06.913328+00,2026-09-07 04:59:06.913331+00
DAILY20260907C144,4906b269-ba95-4471-bbb7-ab0454eb2fcd,e946bdeb-09d3-408a-a148-705ac41d07af,c33350cc-f581-492e-807f-14262d56ebcb,,PTP_SET,CRITICAL,20880,0,0,2026-09-21,95,f,1,5,,,NPA_RECOVERY,,,,,,f,,,,5e694470-a2b3-4cb2-b8d5-64271d6a5c40,2026-09-07 04:59:06.631159+00,2026-09-21 06:09:26.761641+00
DAILY20260907C104,2c771eff-8766-4cce-8913-ac24a2486b78,89cea843-964f-4743-939b-80f58ccbb907,,,UNASSIGNED,CRITICAL,3680,0,0,2026-09-07,95,f,0,5,,,NPA_RECOVERY,,,,,,f,,,,5e99a863-3b7d-4703-9233-493db96b994b,2026-09-07 04:59:06.416132+00,2026-09-07 04:59:06.416136+00
DAILY20260918C49,50ff60af-4a78-4de9-b92b-550da845bfc9,bb3ea1d2-c7d0-4e50-8124-952b6e90e020,,,UNASSIGNED,CRITICAL,26030,0,0,2026-09-18,95,f,0,5,,,NPA_RECOVERY,,,,,,f,,,,5eae0af3-ba43-4237-9b91-93a928b26925,2026-09-18 06:49:34.276027+00,2026-09-18 06:49:34.276031+00
CASE0000527,9066d603-1a07-4392-8406-478468efec70,ba3b2fa7-bde8-457f-bccd-5a7b98717f61,4a182f53-a1a1-4f15-945a-6a56f4e04b64,,PARTIALLY_PAID,CRITICAL,28510,13579.73,0,2026-09-02,81.93,t,3,3,,,NPA_RECOVERY,2026-04-17,,,Bank field agent visited twice — no contact. Escalated to recovery agency.,,t,,,,5ef7ec75-c1d3-4d9c-b5b3-1ad438c25898,2026-08-27 11:28:06.004219+00,2026-09-21 09:28:23.737248+00
DAILY20260903C74,5e0d1f9d-74ad-4631-b037-5896de1b7768,0b07cedf-54b6-41e4-a361-0f7e0259b6a3,8e59153e-dc8e-4efa-af65-1db304a6f3f1,,PAID,MEDIUM,54820,54820,0,2026-09-18,45,f,1,5,2026-09-18 07:35:00+00,Paid in full at doorstep,FIELD,,,,,,f,,,,5f537b6d-aa25-418a-b0dc-f07c5ce7b927,2026-09-02 15:33:15.863631+00,2026-09-18 06:37:21.495536+00
DAILY20260907C76,5bf30335-816c-4948-a75a-6e2912cbef2e,296350fb-156b-4699-9cd6-b6470415e415,c6ca60b7-2143-412b-887e-c30ae9cda031,,ASSIGNED,CRITICAL,21360,0,0,2026-09-21,95,f,0,5,,,NPA_RECOVERY,,,,,,f,,,,5f629b46-ff2f-42e9-8bda-072e0c6fcc80,2026-09-07 04:59:06.250812+00,2026-09-21 05:17:11.605897+00
DAILY20260903C11,8f5de2bd-3b60-482a-84ec-77614a0d91c1,7b6bb67e-3b06-42ff-8e98-bf62d7ca5866,2b6de8aa-0976-4be0-8a40-043ff86ffa54,,ASSIGNED,CRITICAL,11960,0,0,2026-09-04,95,f,0,5,,,NPA_RECOVERY,,,,,,f,,,,5f8804f4-c1ed-4df5-9411-e9657da4f5e1,2026-09-02 15:33:15.61982+00,2026-09-03 10:17:46.85291+00
CASE0000537,c34b25c0-f1f6-4a99-8351-ecf4852a50d4,7e193414-f6ad-49e4-a5a7-e8b34b0742df,2dfc73e0-dba9-4aa5-babf-d5141ded5497,,PAID,LOW,6670,6670,0,2026-08-27,29.86,f,4,5,2026-08-27 13:07:00+00,,FIELD,,,,,,f,,,,5f8f455a-f0fa-4510-972c-4f769e3ec36c,2026-08-27 11:28:06.076877+00,2026-09-02 15:27:18.98459+00
DAILY20260906C117,a63e9ed9-18e1-4739-923d-13324393ca2c,3d8f97a2-bfcb-448e-b375-bee6e2f7296a,,,UNASSIGNED,CRITICAL,20340,0,0,2026-09-06,95,f,0,5,,,NPA_RECOVERY,,,,,,f,,,,5fb99f8f-a9d4-4a6e-9192-0d6a3facd556,2026-09-06 13:30:49.507169+00,2026-09-06 13:30:49.507172+00
DAILY20260906C01,55cfdc1f-5237-44ef-aa9a-9da6858d3527,5d212080-a1de-405c-aab4-32706a55d6db,c33350cc-f581-492e-807f-14262d56ebcb,,PAID,MEDIUM,16900,16900,0,2026-09-17,45,f,2,5,2026-09-17 08:15:00+00,Paid in full at doorstep,FIELD,,,,,,f,,,,5fd1413d-4975-48fa-a46c-e9a077122ad4,2026-09-06 13:30:48.657128+00,2026-09-17 06:31:12.004363+00
DAILY20260906C58,f48b4b97-94ac-4517-9b5d-637d8090fe7b,8e6ea27d-72ab-4a41-ba51-3d7191a1be4b,,,UNASSIGNED,HIGH,6430,0,0,2026-09-06,75,f,0,5,,,FIELD,,,,,,f,,,,5fd5267b-8780-470c-af45-e3d4da2b2557,2026-09-06 13:30:49.14179+00,2026-09-06 13:30:49.141795+00
DAILY20260921C31,b1586469-fa6b-4cb7-80af-2c04e9ea438f,b273921e-05fb-4826-87a6-314d2d2c5c9c,,,UNASSIGNED,CRITICAL,6700,0,0,2026-09-21,95,f,0,5,,,NPA_RECOVERY,,,,,,f,,,,5fe83130-7d81-4bd1-8858-8bc58dac9fd7,2026-09-21 04:52:59.572511+00,2026-09-21 04:52:59.572513+00
DAILY20260907C33,0bf4a930-3fed-4007-ac1e-64e7006f5b3e,a6aa845c-d64b-4b58-9fc5-aaf3c5d64918,3aa13103-bd03-4578-9292-44d88d58da00,,PTP_SET,MEDIUM,44380,10477.26,0,2026-09-17,45,f,1,5,,,FIELD,,,,,,f,,,,60238f85-7171-4ad6-919c-9391ada6b41b,2026-09-07 04:59:05.909442+00,2026-09-17 06:31:13.35125+00
CASE0000522,f081137e-dcf3-4498-a67b-38d1f0036d2c,25fa76b5-13f4-4931-b793-b7a041dea7f0,8e59153e-dc8e-4efa-af65-1db304a6f3f1,,PARTIALLY_PAID,HIGH,5740,5561.79,0,2026-08-27,66.3,t,2,4,,,PRE_LEGAL,,,,,,f,,,,61005b5b-3bba-4b7f-85bc-8d8e36d7c71b,2026-08-27 11:28:05.966478+00,2026-09-03 05:17:22.075567+00
DAILY20260906C70,7f153258-b7a4-44dd-89c4-43c534fd32bd,126ab90a-2781-4815-a646-7d2c7951d854,c37b6a5c-9d1c-46d4-8ece-dfce290dc74b,,PTP_SET,MEDIUM,28030,0,0,2026-09-16,45,f,1,5,,,FIELD,,,,,,f,,,,61404458-4d6f-46c4-a554-aefd7cd14cb3,2026-09-06 13:30:49.227373+00,2026-09-17 06:31:12.837279+00
DAILY20260901C00,0909f0a5-82d4-40b4-93e1-c89e482bdaff,99f2f456-22ad-4594-addb-69361e0577f0,c37b6a5c-9d1c-46d4-8ece-dfce290dc74b,,ASSIGNED,HIGH,2050,0,0,2026-09-01,75,f,1,5,,,FIELD,,,,,,f,,,,614dd4e5-b94b-4866-99ad-8613beef76ba,2026-09-01 04:38:21.156859+00,2026-09-03 05:17:22.075567+00
CASE0000705,c52e3c3a-f668-409c-b38e-eacfaafb3285,3f5dcbd6-44ff-4050-a51f-2f899afae8a5,2dfc73e0-dba9-4aa5-babf-d5141ded5497,,PAID,HIGH,19930,19930,0,2026-03-26,65.75,t,1,4,2026-08-27 15:27:00+00,,FIELD,,,,,,f,,,,617a7a6a-7b62-4af9-bd79-cd6932dd4c0a,2026-08-27 11:28:08.35184+00,2026-09-03 05:17:22.083057+00
DAILY20260907C39,7d1e057f-4e6f-4818-9946-b1252cd78463,e5186fbe-ad4f-4bbf-ae92-71c92a148074,c6ca60b7-2143-412b-887e-c30ae9cda031,,PTP_SET,MEDIUM,24700,6681.8,0,2026-09-17,45,f,2,5,,,FIELD,,,,,,f,,,,61eb82f0-ce2d-4a8e-8d60-c03b85454bf4,2026-09-07 04:59:06.018914+00,2026-09-17 06:31:13.038403+00
DAILY20260907C143,7c3eb62d-3d5b-4e30-bed1-6c4b705ca15b,5b5a542e-307d-4774-8d7b-a767f1b15360,c33350cc-f581-492e-807f-14262d56ebcb,,PTP_SET,MEDIUM,29260,3856.42,0,2026-09-18,45,f,2,5,,,FIELD,,,,,,f,,,,62078084-965a-489b-bc20-3f2af392aded,2026-09-07 04:59:06.626825+00,2026-09-18 06:37:23.029032+00
DAILY20260921C142,4fe3c504-e420-4fb9-a868-3e080b39ed92,18c7f309-5f4e-4162-abd5-70c760b5de95,,,UNASSIGNED,MEDIUM,1900,0,0,2026-09-21,45,f,0,5,,,FIELD,,,,,,f,,,,62169f7c-6b67-4168-8bf1-441ba329dc00,2026-09-21 04:53:00.443145+00,2026-09-21 04:53:00.443149+00
DAILY20260903C95,3a1075b2-94d9-45a1-a6c9-15497dd0947c,d29efd79-6066-4e81-a083-5e9d66b6cdef,c6ca60b7-2143-412b-887e-c30ae9cda031,,IN_PROGRESS,HIGH,10940,0,0,2026-09-21,75,f,1,5,,,FIELD,,,,,,f,,,,62428c36-6e85-476e-a808-0af0f57ebd01,2026-09-02 15:33:15.951735+00,2026-09-21 06:09:27.085162+00
DAILY20260918C35,88144eb9-1ad4-460b-ac94-bba3b102831c,ddaaf472-a66b-4150-97ac-d607c3c9d814,,,UNASSIGNED,CRITICAL,5290,0,0,2026-09-18,95,f,0,5,,,NPA_RECOVERY,,,,,,f,,,,624c9550-2f96-4140-b38c-dfcdd4cddbac,2026-09-18 06:49:34.199672+00,2026-09-18 06:49:34.199675+00
DAILY20260918C85,a03ef313-4cd2-4abc-97fb-37b615db8d79,afbaeea1-fe3a-4e98-a2a2-6712e3455c2e,357e2e09-b637-468e-818b-57a5dce18e9c,,IN_PROGRESS,MEDIUM,14460,0,0,2026-09-21,45,f,1,5,,,FIELD,,,,,,f,,,,627b42c6-a2cf-4432-bf25-92549e43c69f,2026-09-18 06:49:34.489172+00,2026-09-21 06:09:27.18655+00
CASE0000033,0b69a0a3-3f45-481a-8840-b0720961f695,d9d0f84b-c00d-4171-8a22-f34a0c69a644,2b6de8aa-0976-4be0-8a40-043ff86ffa54,,PAID,CRITICAL,48480,48480,0,2026-08-20,100,t,1,4,2026-09-01 05:52:00.181768+00,,PRE_LEGAL,,,,,,f,,,,62a2ab72-9406-4113-877d-ffae4cc392d3,2026-08-27 11:28:00.994409+00,2026-09-02 15:27:18.99005+00
DAILY20260918C134,a1d6d46a-5876-4896-b4ff-8129235598cc,36a5e7ba-5326-4308-b439-b68b078d9031,,,UNASSIGNED,CRITICAL,3090,0,0,2026-09-18,95,f,0,5,,,NPA_RECOVERY,,,,,,f,,,,62d6dab5-b314-48d3-9d2b-6d1c2f8b06c0,2026-09-18 06:49:34.79163+00,2026-09-18 06:49:34.791633+00
DAILY20260903C16,abe75c01-d0a0-4963-bd30-5eaa5415411a,283aa698-df58-40ae-b64f-f7a9d240c126,8e59153e-dc8e-4efa-af65-1db304a6f3f1,,PAID,MEDIUM,38400,38400,0,2026-09-18,45,f,2,5,2026-09-18 03:45:00+00,Paid in full at doorstep,FIELD,,,,,,f,,,,62fb9e5a-22d0-459b-98a2-a15ed7eff9ff,2026-09-02 15:33:15.61982+00,2026-09-18 06:37:21.666458+00
DAILY20260921C190,84629135-6f2d-483c-b8fc-0f74622377e5,f12521b3-2701-4f84-8e8c-030858b68ba3,,,UNASSIGNED,MEDIUM,7440,0,0,2026-09-21,45,f,0,5,,,FIELD,,,,,,f,,,,6318eaa8-040e-4806-8b19-39d9e87c5390,2026-09-21 04:53:00.755016+00,2026-09-21 04:53:00.75502+00
DAILY20260903C168,af9e011c-d826-416e-aa04-4ab60e089bdf,c86dd716-1a6c-411f-9ef4-32d66fc22d43,3e9c4168-1de9-43e8-b9f2-fbf3f931949d,,ASSIGNED,HIGH,8800,0,0,2026-09-07,75,f,0,5,,,FIELD,,,,,,f,,,,6374795e-daef-4921-9414-148e59a34486,2026-09-02 15:33:16.216261+00,2026-09-06 13:31:05.427985+00
DAILY20260903C22,997e5bd5-f5fd-4795-99b3-e81247f8f19c,737cbc12-aaca-4dcd-bb5a-6efde7945ce0,2dfc73e0-dba9-4aa5-babf-d5141ded5497,,PTP_SET,MEDIUM,54640,23410.89,0,2026-09-18,45,f,1,5,,,FIELD,,,,,,f,,,,6380955b-a9f4-4ec4-8740-c0e3a57e72c4,2026-09-02 15:33:15.656765+00,2026-09-18 06:37:22.334929+00
DAILY20260921C115,68f65abc-68b0-4b5a-af7c-e1e6d2c9e79c,5c70da4c-5700-4f99-b4d6-860d0096bed5,4a182f53-a1a1-4f15-945a-6a56f4e04b64,,ASSIGNED,HIGH,22360,0,0,2026-09-21,75,f,0,5,,,FIELD,,,,,,f,,,,63ad2e0f-cec5-478a-a287-a5ca74ed85fc,2026-09-21 04:53:00.157179+00,2026-09-21 04:53:43.178897+00
CASE0000007,47e30ef7-8957-428d-be7b-a7b0524f8143,7e7e35fa-08dd-47a9-9307-f2181dc97d37,c6ca60b7-2143-412b-887e-c30ae9cda031,,PAID,LOW,34100,34100,0,2026-08-27,25.87,t,1,4,2026-08-27 15:14:00+00,,FIELD,,,,,,f,,,,63cc3b08-5f7c-4787-872c-bfb6de16b2c3,2026-08-27 11:28:00.909066+00,2026-09-02 15:27:18.99005+00
DAILY20260918C119,c32683ec-8374-4628-b391-287e0e067604,30a4cfcb-5dc1-45bb-8056-6aa4367e36de,3e9c4168-1de9-43e8-b9f2-fbf3f931949d,,PAID,HIGH,63940,63940,0,2026-09-21,75,f,1,5,2026-09-21 05:22:00+00,Paid in full at doorstep,FIELD,,,,,,f,,,,63dad86b-6f48-4620-b53e-c38d3d6aedd0,2026-09-18 06:49:34.711145+00,2026-09-21 06:09:25.646774+00
DAILY20260903C58,d4423acc-7842-46d2-8f18-628558ebd910,1e616b52-84bc-411a-baa6-bf2096737f10,8e59153e-dc8e-4efa-af65-1db304a6f3f1,,ASSIGNED,MEDIUM,12040,0,0,2026-09-18,45,f,0,5,,,FIELD,,,,,,f,,,,644b3a66-0239-415f-b025-f6ed22af443c,2026-09-02 15:33:15.800372+00,2026-09-18 04:47:36.844944+00
DAILY20260907C120,b685291e-72e9-4db8-9fe3-70b792baa6a3,601ce7f4-c06d-45f2-977b-7251bdd71158,4a182f53-a1a1-4f15-945a-6a56f4e04b64,,PTP_SET,MEDIUM,21020,2358.89,0,2026-09-16,45,f,1,5,,,FIELD,,,,,,f,,,,6455f8fb-2762-40f7-90d7-eb45adef6aaa,2026-09-07 04:59:06.51772+00,2026-09-17 06:31:13.283161+00
DAILY20260921C184,76c9da2f-d7b3-4409-ae0d-bde511ae657a,a3f27bac-1ddb-4491-923d-053062117519,c33350cc-f581-492e-807f-14262d56ebcb,,ASSIGNED,MEDIUM,15340,0,0,2026-09-21,45,f,0,5,,,FIELD,,,,,,f,,,,64e15de4-b0a3-4398-b643-45a6165b52d1,2026-09-21 04:53:00.719852+00,2026-09-21 05:17:11.607818+00
CASE0000101,d62f8b44-fbc6-4ad8-8faf-d60cd0920350,75f41ef3-59c5-49c1-b18f-3e06d69a1826,2b6de8aa-0976-4be0-8a40-043ff86ffa54,,PAID,HIGH,8500,8500,0,2026-09-02,61.68,t,3,4,2026-09-02 14:34:00+00,,LEGAL,2026-07-23,,,,,t,,,,64fd2fa0-80cf-4900-af39-cf7caf06b4df,2026-08-27 11:28:01.221113+00,2026-09-03 05:17:22.084058+00
DAILY20260921C77,0d78b641-8f6e-4d1e-b551-394afa82bf79,492d7aff-7acf-4ab1-be85-32ebf56b8280,,,UNASSIGNED,CRITICAL,21840,0,0,2026-09-21,95,f,0,5,,,NPA_RECOVERY,,,,,,f,,,,65176d97-8cbe-4432-8bde-8db7dfc8e7d9,2026-09-21 04:52:59.823476+00,2026-09-21 04:52:59.823479+00
DAILY20260918C32,2b0efb03-42f3-49db-b79d-e571c1d3ed84,cfc9a7db-e1d9-416c-a100-a2284bd37257,,,UNASSIGNED,CRITICAL,14040,0,0,2026-09-18,95,f,0,5,,,NPA_RECOVERY,,,,,,f,,,,653a00da-c990-488c-9ce7-37c6dfbe4b8f,2026-09-18 06:49:34.18411+00,2026-09-18 06:49:34.184115+00
CASE0000411,3135c626-469d-4275-82f4-857877c885e6,fa45b3e9-7ebe-4de2-ae61-23f4a3c18b50,1d5e58e8-954e-4d6c-b13c-6e6d614cb588,,PAID,CRITICAL,4120,4120,0,2026-08-27,100,t,2,3,2026-08-27 08:08:00+00,,NPA_RECOVERY,,,,,,f,,,,655f95e5-c2cf-4492-b38f-3b31be327a2b,2026-08-27 11:28:04.41854+00,2026-09-02 15:27:18.99005+00
DAILY20260918C18,a2ff129f-e5d9-493d-9bdc-ccfe546ed407,649aef63-c846-41cf-bf0c-6918d733422b,c6ca60b7-2143-412b-887e-c30ae9cda031,,ASSIGNED,HIGH,22380,0,0,2026-09-21,75,f,0,5,,,FIELD,,,,,,f,,,,6573ead4-28e9-4ace-8b93-a00b3075dd88,2026-09-18 06:49:34.118428+00,2026-09-21 05:17:11.608481+00
DAILY20260921C49,c085cf70-2cd2-43a2-bab2-3c40a803dd58,beb21719-d804-45e7-bb00-e3f7d0e48ed1,3e9c4168-1de9-43e8-b9f2-fbf3f931949d,,IN_PROGRESS,HIGH,37350,0,0,2026-09-21,75,f,1,5,,,FIELD,,,,,,f,,,,65995b71-85c3-4628-b928-ae76a62da082,2026-09-21 04:52:59.661512+00,2026-09-21 06:09:27.134531+00
DAILY20260903C124,9244bc83-8959-46d0-9a76-f8fc45509e11,943a6aa4-9ba7-4a3f-8819-f07a66877c0f,,,UNASSIGNED,CRITICAL,9720,0,0,2026-09-03,95,f,0,5,,,NPA_RECOVERY,,,,,,f,,,,65d8bb90-5822-4ba3-8943-7717fee32dbc,2026-09-02 15:33:16.068244+00,2026-09-02 15:33:16.068244+00
CASE0000579,0df43380-a050-44fd-8b41-28df032bed43,c1cdbe96-1044-47cf-ae61-55d6dbc5ced1,c33350cc-f581-492e-807f-14262d56ebcb,,PARTIALLY_PAID,MEDIUM,31710,20654.39,0,2026-08-27,100,t,3,5,,,FIELD,,,,Bank field agent visited twice — no contact. Escalated to recovery agency.,,t,,,,65f53b7f-f072-4528-a02d-8f36380cb68d,2026-08-27 11:28:06.430266+00,2026-09-21 09:28:23.737248+00
CASE0000360,47e30ef7-8957-428d-be7b-a7b0524f8143,72615092-a694-4c7b-8ed4-93290716826f,4a182f53-a1a1-4f15-945a-6a56f4e04b64,,PAID,CRITICAL,4500,4500,0,2026-08-27,100,t,2,3,2026-09-01 05:52:00.181768+00,,NPA_RECOVERY,,,,,,f,,,,66023087-8bde-4b8f-a924-ae8e512c2178,2026-08-27 11:28:03.524991+00,2026-09-03 05:17:22.084058+00
DAILY20260918C130,cb6f104e-39ef-4505-a5f3-989edca7ee05,e250428d-49b1-41d2-a4aa-f72104d6c0d3,,,UNASSIGNED,HIGH,16780,0,0,2026-09-18,75,f,0,5,,,FIELD,,,,,,f,,,,6612e8e9-111f-4566-a6f2-f4df3afbb6a4,2026-09-18 06:49:34.769187+00,2026-09-18 06:49:34.76919+00
DAILY20260907C92,64db40a1-c22d-47a6-b0a5-3759b4d690b5,2d778126-8f64-4662-bcfe-b36f07eac493,,,UNASSIGNED,CRITICAL,2270,0,0,2026-09-07,95,f,0,5,,,NPA_RECOVERY,,,,,,f,,,,662fec15-f999-44b9-8b3f-1ff5577b2394,2026-09-07 04:59:06.346865+00,2026-09-07 04:59:06.346867+00
DAILY20260903C76,a8d312eb-ba9c-4f37-b8b6-2d19302e4750,4d451810-bbb6-4420-b93a-b1893f8642c7,,,UNASSIGNED,CRITICAL,8030,0,0,2026-09-03,95,f,0,5,,,NPA_RECOVERY,,,,,,f,,,,6647da61-9e68-4e1f-b7e8-84711f360687,2026-09-02 15:33:15.863631+00,2026-09-02 15:33:15.863631+00
DAILY20260903C116,2e5e6d39-d89c-4fd1-9bb8-80fa4e04ef12,1c2d8b36-1701-4ae7-b826-e24cb51b0598,,,UNASSIGNED,HIGH,48070,22718.37,0,2026-09-21,75,f,4,5,,,FIELD,,,,,,f,,,,665d80b4-5571-4293-8947-e8ac5a92d539,2026-09-02 15:33:16.040614+00,2026-09-21 07:24:02.32146+00
DAILY20260903C177,ac2240f6-2504-4b5c-8999-8325a60e5b45,a3082f11-4266-4318-bb61-8917b154312b,,,UNASSIGNED,MEDIUM,4660,0,0,2026-09-03,45,f,0,5,,,FIELD,,,,,,f,,,,6664f852-ea5b-4811-b32b-8b2d87f8c8f6,2026-09-02 15:33:16.252949+00,2026-09-02 15:33:16.252949+00
DAILY20260903C49,29d07d0f-e556-4d0f-b843-6f616ff990a9,d2f55ce4-73a1-4ec9-b980-ef3638e40632,,,UNASSIGNED,CRITICAL,1310,0,0,2026-09-03,95,f,0,5,,,NPA_RECOVERY,,,,,,f,,,,6666c23d-6d9c-4bdc-943e-6bdef3ab58d7,2026-09-02 15:33:15.761151+00,2026-09-02 15:33:15.761151+00
DAILY20260907C99,e696e5e3-05bc-4b1e-967e-962e1a2bb9da,9413fda6-d1bb-4ee5-ace3-e22024c7c23f,3aa13103-bd03-4578-9292-44d88d58da00,,PTP_SET,HIGH,25830,8818.19,0,2026-09-17,75,f,1,5,,,FIELD,,,,,,f,,,,66709f17-9d25-4c36-afda-a55ab3ccecb8,2026-09-07 04:59:06.388277+00,2026-09-18 06:37:22.885657+00
CASE0000506,0c1f9092-ef1b-4766-a09c-5aa61702bc8e,169806ab-f404-4fa4-b662-74df62e53f97,a13886ca-739b-47b4-a473-724e03f7332a,,PAID,LOW,12390,12390,0,2026-04-11,18.81,t,1,3,2026-09-01 05:52:00.181768+00,,FIELD,,,,,,t,,,,66a60730-c389-4b71-82ce-e56283b99fae,2026-08-27 11:28:05.829379+00,2026-09-03 05:17:22.085142+00
CASE0000539,00a419ac-a1d7-4f27-ba0c-02c0e1d9802a,03dc1f24-2d15-4409-9347-1729a058beef,e9dced65-f61b-4c24-bae7-d4170299ed46,,PTP_SET,HIGH,38040,12144.83,0,2026-09-18,85.89,f,4,3,,,PRE_LEGAL,,,,,,f,,,,66acbc4e-f192-45f1-9e45-3b47214212bf,2026-08-27 11:28:06.093206+00,2026-09-21 09:28:23.737249+00
DAILY20260921C127,aef123c2-8b95-4ada-970c-2a0dd95cbeaa,e243d76d-3149-4b0d-b988-401ab7ac9446,,,UNASSIGNED,CRITICAL,19020,0,0,2026-09-21,95,f,0,5,,,NPA_RECOVERY,,,,,,f,,,,66d5d023-e851-4166-b5b1-b72d4a31a5a7,2026-09-21 04:53:00.238532+00,2026-09-21 04:53:00.238536+00
DAILY20260918C33,fb72fcb4-bc3e-40c5-b229-e7f05032a8ef,97c70eaf-bc4d-46e5-8f45-5ee8f823de7e,5fbae4d6-59d1-4e6c-8a80-fe57244a45bb,,ASSIGNED,MEDIUM,11420,0,0,2026-09-21,45,f,0,5,,,FIELD,,,,,,f,,,,6784d535-bf56-4c32-af03-513ed91e6f69,2026-09-18 06:49:34.190354+00,2026-09-21 05:55:24.548485+00
CASE0000238,def6ec95-7bb5-4ef4-a2f7-971bf5945771,b40d3a0c-c1d9-40e6-bdb3-dd3a39d85f4c,cd9e6eca-028e-4c61-8e82-048327bc4476,,PAID,HIGH,19410,19410,0,2026-08-26,73.82,f,2,3,2026-09-01 05:52:00.181768+00,,PRE_LEGAL,,,,Seasonal worker — income irregular. Best to visit early morning.,,f,,,,6800c67f-3417-4634-8547-e8e3c2b2d39e,2026-08-27 11:28:02.203196+00,2026-09-02 15:27:18.997385+00
CASE0000391,77b5829a-af76-4e86-bcaa-4b8bf1b6f8f9,aed06a74-ef36-4de7-a573-5e1b1634b53f,3e9c4168-1de9-43e8-b9f2-fbf3f931949d,,PAID,CRITICAL,9790,9790,0,2026-08-27,100,t,3,4,2026-09-01 05:52:00.181768+00,,FIELD,,,,,,f,,,,687c662b-de33-46e2-9ba4-072b54b1878b,2026-08-27 11:28:04.240204+00,2026-09-03 05:17:22.086583+00
DAILY20260903C27,b1b9fb74-491e-460d-bce6-72b5e4cd7673,34abf5b1-6367-401b-8114-0f5e99fa2460,,,UNASSIGNED,HIGH,14160,0,0,2026-09-03,75,f,0,5,,,FIELD,,,,,,f,,,,68a4efc9-e6be-4e01-9cb3-15c57e3ab046,2026-09-02 15:33:15.678749+00,2026-09-02 15:33:15.678749+00
DAILY20260903C178,d7e8ed9e-625a-4929-8b83-ad2ee0ad3259,4c82cc04-98fe-4912-a682-49c6a8a41740,357e2e09-b637-468e-818b-57a5dce18e9c,,IN_PROGRESS,CRITICAL,5280,0,0,2026-09-21,95,f,1,5,,,NPA_RECOVERY,,,,,,f,,,,68be9b39-ea38-459a-a2ea-e1606c241198,2026-09-02 15:33:16.252949+00,2026-09-21 06:09:26.924468+00
DAILY20260918C24,33ce6c4b-1046-4498-b9fa-d9b90c1a9a25,f5c3257f-ed2c-4e22-8395-d814d25056d2,2dfc73e0-dba9-4aa5-babf-d5141ded5497,,ASSIGNED,HIGH,24680,0,0,2026-09-21,75,f,0,5,,,FIELD,,,,,,f,,,,695c4c46-5c24-41ca-a2b6-c7bdcfa056cd,2026-09-18 06:49:34.147109+00,2026-09-21 05:17:11.609932+00
DAILY20260921C187,4f800e3a-46ce-407e-937b-f7644552c71d,45a04b97-37c5-4ef1-b965-49dcd5eb0e93,,,UNASSIGNED,HIGH,16600,0,0,2026-09-21,75,f,0,5,,,FIELD,,,,,,f,,,,69669894-ba98-4a3a-b865-25f2f802209b,2026-09-21 04:53:00.737206+00,2026-09-21 04:53:00.737209+00
CASE0000021,08ba962e-0ef6-4f27-a9fe-8ed646f6755b,0e723fb6-3ae5-4c4d-aa77-7d5d2362b5f0,1d5e58e8-954e-4d6c-b13c-6e6d614cb588,,PAID,LOW,39620,39620,0,2026-09-01,27.49,t,2,5,2026-09-01 10:08:00+00,,FIELD,,,,,,f,,,,698853f8-d649-4ede-8b01-d9e80b5f15c2,2026-08-27 11:28:00.959371+00,2026-09-03 05:19:14.24593+00
CASE0000270,8c9bfa80-0c7c-4698-9160-9f791a23cada,f82a674d-39c0-4809-a674-f5f1ff4c6140,2dfc73e0-dba9-4aa5-babf-d5141ded5497,,IN_PROGRESS,HIGH,10000,0,0,2026-08-26,46.61,t,3,5,,,PRE_LEGAL,2026-05-11,,,"Legal notice sent last month. Customer acknowledged receipt, no payment.",,f,,,,69d896cb-5932-408d-9218-8e30d2c25a34,2026-08-27 11:28:02.812355+00,2026-09-21 09:28:23.73725+00
DEMO000014,033f659c-3746-4c9e-8a52-e53dcaa34bb8,22e70915-8199-4924-a214-9b59f77b9756,3e9c4168-1de9-43e8-b9f2-fbf3f931949d,,PAID,CRITICAL,42380,42380,0,2026-09-02,95,f,5,5,2026-09-02 13:47:00+00,,NPA_RECOVERY,,,,,,t,LEGAL_NOTICE_REQUIRED,2026-08-19 15:45:00+00,Customer engaged lawyer. Pre-litigation — legal team handling.,69f3815e-7a65-4036-bb6f-cc51adf67f2b,2026-08-27 11:28:09.609245+00,2026-09-03 05:17:22.086583+00
DAILY20260903C13,517db1c5-f60f-495f-87d4-4c38b2a0f768,b72bc5ae-4a51-4d24-805f-290453242d28,3e9c4168-1de9-43e8-b9f2-fbf3f931949d,,ASSIGNED,CRITICAL,17540,0,0,2026-09-18,95,f,0,5,,,NPA_RECOVERY,,,,,,f,,,,6a13c9f5-45b6-4e24-9168-cf9d18667dbf,2026-09-02 15:33:15.61982+00,2026-09-18 04:47:36.844945+00
CASE0000610,4acff2d3-83ee-4200-8f28-0b5f0075d617,57b07402-7600-4549-8e8b-2ee8d676ea9e,a2e2555c-f597-43af-a77a-fe708f967218,,PARTIALLY_PAID,MEDIUM,4340,3983.24,0,2026-09-02,100,f,4,4,,,FIELD,,,,,,t,,,,6a22de15-0fec-4967-9bda-1224814a439f,2026-08-27 11:28:07.516761+00,2026-09-21 09:28:23.73725+00
CASE0000219,4c7c9de4-0a7f-48e2-83b3-fdcebb1cc5a9,63ca636d-5267-4d5a-85a0-7b87644ac306,8e59153e-dc8e-4efa-af65-1db304a6f3f1,,PARTIALLY_PAID,CRITICAL,18000,7866.65,0,2026-08-26,100,t,3,4,,,NPA_RECOVERY,,,,,,t,,,,6a2e77aa-9b81-4851-a2b0-32ce9584e463,2026-08-27 11:28:02.083011+00,2026-09-03 05:17:22.086583+00
DAILY20260903C90,01088c0f-beea-4392-bf66-f460fc9b9a8f,f03f3384-7d29-4c15-9b3d-afa1fd22dccd,,,UNASSIGNED,MEDIUM,3990,0,0,2026-09-03,45,f,0,5,,,FIELD,,,,,,f,,,,6a4a2e27-a074-4395-90a9-84a60e23d253,2026-09-02 15:33:15.936625+00,2026-09-02 15:33:15.936625+00
CASE0000438,109ca576-3c7b-4114-b736-57cf14e3b726,57881767-9af5-44d6-b9f6-7f2c19210ab0,2b6de8aa-0976-4be0-8a40-043ff86ffa54,,PAID,LOW,2420,2420,0,2026-08-25,27.43,t,4,3,2026-09-01 05:52:00.181768+00,,FIELD,2026-04-11,,,,,f,,,,6a4e045e-c3e4-4adb-b3df-1f9a6dea2783,2026-08-27 11:28:04.636915+00,2026-09-02 15:27:19.000375+00
DAILY20260906C67,4d697883-6c3f-4bca-9c11-a1d107fe451f,64a5edbf-c8da-44f4-b7d4-d521a637cd2b,cd9e6eca-028e-4c61-8e82-048327bc4476,,PAID,HIGH,17690,17690,0,2026-09-16,75,f,2,5,2026-09-17 10:40:00+00,Paid in full at doorstep,FIELD,,,,,,f,,,,6aa74f00-3b33-47cb-bc69-343917e53638,2026-09-06 13:30:49.206254+00,2026-09-17 06:31:12.029353+00
CASE0000417,0cf79da7-545f-4c74-a7f6-517536fa5cf4,d62a2c34-cfcf-4f26-88ea-6af51e289cd9,4a182f53-a1a1-4f15-945a-6a56f4e04b64,,PAID,CRITICAL,15000,15000,0,2026-05-30,100,t,3,5,2026-09-01 05:52:00.181768+00,,PRE_LEGAL,,,,,,f,,,,6aaa775a-1485-4eed-a4df-9f14a4c2b89b,2026-08-27 11:28:04.462903+00,2026-09-03 05:17:22.086583+00
DAILY20260903C59,4c028ea5-d2b8-452a-8ea2-a1a8ca6f180d,e8b5cc13-f3b3-4089-a368-938e81e44e1e,,,UNASSIGNED,MEDIUM,3380,0,0,2026-09-03,45,f,0,5,,,FIELD,,,,,,f,,,,6ab4d917-1e48-4b02-9ddd-bbf697aab15e,2026-09-02 15:33:15.800372+00,2026-09-02 15:33:15.800372+00
CASE0000552,03835aab-6c3f-498b-87bb-b14e81a4c4a7,d8102c1f-f024-452d-98b1-b92ea2092f68,b06cd5a3-f1c0-4cdb-b241-9ce2d6c5e791,,PAID,LOW,1860,1860,0,2026-05-06,25.5,t,1,3,2026-09-01 05:52:00.181768+00,,FIELD,,,,,,t,,,,6acd4cae-7cf1-4909-83a3-9e95b85daa9b,2026-08-27 11:28:06.191453+00,2026-09-03 05:17:22.091424+00
DAILY20260921C26,898d8233-f862-4126-a3c6-27b1dd0e1927,532d095b-8ff0-40c6-adf5-94f90353e30f,a2e2555c-f597-43af-a77a-fe708f967218,,IN_PROGRESS,CRITICAL,28400,0,0,2026-09-21,95,f,1,5,,,NPA_RECOVERY,,,,,,f,,,,6ad00f30-62af-44ed-901e-63f7809dfade,2026-09-21 04:52:59.54362+00,2026-09-21 06:09:27.201416+00
DAILY20260906C35,179acb34-f31a-47f0-9040-0c9fc68ddf6d,6c73ba79-14ac-483b-99d8-aef8b9efcb8b,a2e2555c-f597-43af-a77a-fe708f967218,,PTP_SET,HIGH,17030,0,0,2026-09-21,75,f,1,5,,,FIELD,,,,,,f,,,,6ae2c7b4-2bad-47f3-b5d0-33d93534225b,2026-09-06 13:30:48.892035+00,2026-09-21 06:09:26.469786+00
DAILY20260918C41,6710fd5f-5722-4d6b-bf48-d028cd215862,6361c46d-2335-48e0-9253-72e5ce48ac69,cd9e6eca-028e-4c61-8e82-048327bc4476,,ASSIGNED,HIGH,11800,0,0,2026-09-21,75,f,0,5,,,FIELD,,,,,,f,,,,6afc6b1b-7582-42dd-8588-d7b956a10221,2026-09-18 06:49:34.230538+00,2026-09-21 05:17:11.609934+00
CASE0000311,c1891b49-de15-4716-a446-b16b328be77e,3bcaf15d-cb0d-45e2-b5b1-7ac03ec72a19,1d5e58e8-954e-4d6c-b13c-6e6d614cb588,,PAID,LOW,4620,4620,0,2026-08-26,23.07,f,2,5,2026-09-01 05:52:00.181768+00,,FIELD,2026-06-06,,,,,t,,,,6b0c8095-27f1-430a-9b63-5c7cc65434a8,2026-08-27 11:28:03.200654+00,2026-09-02 15:27:19.000375+00
DAILY20260918C155,1df00851-632b-4c59-aa40-2a7589cea176,d761a9f3-743c-43d8-98d4-6b0f8f966b10,c37b6a5c-9d1c-46d4-8ece-dfce290dc74b,,IN_PROGRESS,CRITICAL,51890,0,0,2026-09-21,95,f,1,5,,,NPA_RECOVERY,,,,,,f,,,,6b111020-ba54-4faa-a0e7-fddee45f792b,2026-09-18 06:49:34.901624+00,2026-09-21 06:09:27.167707+00
CASE0000232,e8fdea10-d3d1-4f6f-8d4b-ed9e6e2fc1a5,580a1006-73d2-4615-a65c-34f729707495,c6ca60b7-2143-412b-887e-c30ae9cda031,,PARTIALLY_PAID,MEDIUM,13000,12684.35,0,2026-08-27,58.48,t,2,3,,,FIELD,,,,,,f,,,,6b3b3c43-1097-435a-861a-928082df6ff3,2026-08-27 11:28:02.166029+00,2026-09-03 05:17:22.092435+00
DAILY20260906C109,be92a25e-551b-4bdc-ba60-c43a79282b8f,f5c9450d-bd9e-4560-967e-fa3763e2450f,,,UNASSIGNED,HIGH,3180,0,0,2026-09-06,75,f,0,5,,,FIELD,,,,,,f,,,,6b5a0f08-8754-4cad-84b5-1be0b74bd0dd,2026-09-06 13:30:49.448847+00,2026-09-06 13:30:49.44885+00
CASE0000052,b0b63f01-f844-40f7-b276-5e6b6805959a,ca2a0590-6424-45fb-8f7a-11ab549edad2,2dfc73e0-dba9-4aa5-babf-d5141ded5497,,ASSIGNED,CRITICAL,16620,0,0,2026-09-18,100,t,3,4,,,LEGAL,,,,Account flagged for special mention — court case pending. Handle with care.,,t,,,,6b659a39-299e-4211-b712-a674528001e4,2026-08-27 11:28:01.043381+00,2026-09-18 04:47:36.844945+00
DAILY20260921C152,6c015baa-bd52-4358-90de-2b796fe04632,9883e551-e3e8-40d9-b63e-1ae10ee5167c,,,UNASSIGNED,CRITICAL,4130,0,0,2026-09-21,95,f,0,5,,,NPA_RECOVERY,,,,,,f,,,,6c42afd1-20e3-47a8-99b5-01327f55a25d,2026-09-21 04:53:00.506133+00,2026-09-21 04:53:00.506138+00
DAILY20260907C17,67d1bfa3-22c7-4ab9-ad7e-ed7d0eba2c00,e3bb8494-6cca-4401-9256-5ede0480745d,,,UNASSIGNED,CRITICAL,13920,0,0,2026-09-07,95,f,0,5,,,NPA_RECOVERY,,,,,,f,,,,6c772483-892c-4c6c-b0dd-3f0907f1f10a,2026-09-07 04:59:05.827182+00,2026-09-07 04:59:05.827184+00
DAILY20260918C117,e5afa980-3cc2-45e4-a235-0a28a4893d9c,acf40091-2ffe-4aef-bedc-668721c6625b,,,UNASSIGNED,MEDIUM,5240,0,0,2026-09-18,45,f,0,5,,,FIELD,,,,,,f,,,,6c8bc9d2-7ac5-4a1c-aeda-216c53a70b8c,2026-09-18 06:49:34.700448+00,2026-09-18 06:49:34.700452+00
DAILY20260921C123,030f0a52-fdf1-4983-8a18-ac32a8a318f0,b625150b-7c67-46d2-99b9-3209171af0be,,,UNASSIGNED,CRITICAL,2520,0,0,2026-09-21,95,f,0,5,,,NPA_RECOVERY,,,,,,f,,,,6ca58215-2459-402d-b410-b2abf2688fe5,2026-09-21 04:53:00.209073+00,2026-09-21 04:53:00.209077+00
DAILY20260903C14,8fceab61-7715-4487-974e-fb7d70c202a3,243ddc8d-305e-4acc-bcc3-b42aa218850c,4a182f53-a1a1-4f15-945a-6a56f4e04b64,,ASSIGNED,MEDIUM,1500,0,0,2026-09-03,45,f,0,5,,,FIELD,,,,,,f,,,,6d0740ff-544b-4861-987a-4eaf2362c241,2026-09-02 15:33:15.61982+00,2026-09-03 05:19:14.24593+00
CASE0000174,7c31ed7e-04d9-47ed-844e-ee7baab15f68,0628d50e-01fb-435d-a82c-5b2668550ae4,c2f2e0ce-5aeb-4ece-8325-2167edfe139e,,PTP_SET,MEDIUM,69080,59366.92,0,2026-09-17,100,t,4,5,,,FIELD,,,,,,f,,,,6d08c32d-ae6d-4acb-aca1-b48e3be8c64d,2026-08-27 11:28:01.784206+00,2026-09-21 09:28:23.737251+00
DAILY20260906C89,b15c5f5d-2434-4abf-8bcb-24a769dd5ca6,7be0b751-bb27-4b5d-aeed-5cd9c0461b75,3aa13103-bd03-4578-9292-44d88d58da00,,IN_PROGRESS,HIGH,31550,0,0,2026-09-21,75,f,1,5,,,FIELD,,,,,,f,,,,6d17f330-ed46-400b-8684-6cb6cd2b7bec,2026-09-06 13:30:49.34011+00,2026-09-21 06:09:27.211241+00
DAILY20260906C103,d8c37b55-615c-4c57-88d4-91984035e9d4,1569402b-0e5e-4c3c-b7f7-d623cda05563,3aa13103-bd03-4578-9292-44d88d58da00,,PTP_SET,MEDIUM,23420,0,0,2026-09-17,45,f,1,5,,,FIELD,,,,,,f,,,,6d1a9dd9-9466-4d21-8270-f11a86604c45,2026-09-06 13:30:49.416506+00,2026-09-17 06:31:12.913154+00
DAILY20260918C28,427ece6c-1287-4fba-8f35-d7780a67ca8d,53cf288b-5cd1-40c7-a783-031d8e7f1622,c6ca60b7-2143-412b-887e-c30ae9cda031,,ASSIGNED,HIGH,18730,0,0,2026-09-21,75,f,0,5,,,FIELD,,,,,,f,,,,6d30feee-9594-4a88-9087-738a1d6158c8,2026-09-18 06:49:34.165521+00,2026-09-21 05:55:24.551382+00
DAILY20260918C55,44f171a8-63c3-4a89-a244-a81de09c7aaa,55e8c3d1-63cb-4c6e-92a0-a91deab7e57b,a2e2555c-f597-43af-a77a-fe708f967218,,IN_PROGRESS,CRITICAL,11840,0,0,2026-09-21,95,f,1,5,,,NPA_RECOVERY,,,,,,f,,,,6d3ee2f9-5167-47b2-8b5a-e0ece38d52ab,2026-09-18 06:49:34.310343+00,2026-09-21 06:09:27.247423+00
DAILY20260903C107,486f6b4d-3e26-49f2-b2d2-bde7016bba70,18f2a1c0-7b2a-4ed8-b411-cfe7dc047b28,c33350cc-f581-492e-807f-14262d56ebcb,,PTP_SET,HIGH,33890,13936.7,0,2026-09-18,75,f,1,5,,,FIELD,,,,,,f,,,,6d5a9180-3887-40d3-b0e8-049d9908b964,2026-09-02 15:33:15.999063+00,2026-09-18 06:37:22.998381+00
DAILY20260903C160,1e326364-010c-4099-a7e1-9c0a1bd8c0f5,33661fdc-4182-422a-a575-186ef1e83701,,,UNASSIGNED,MEDIUM,4520,0,0,2026-09-03,45,f,0,5,,,FIELD,,,,,,f,,,,6d69d0f0-5987-464b-a28e-e7ce8105fecb,2026-09-02 15:33:16.194476+00,2026-09-02 15:33:16.194476+00
DAILY20260906C49,2858bc85-f077-44a9-bae8-c0b960760ba9,2ff4ddee-e914-468c-94dc-15702531e1b6,,,UNASSIGNED,MEDIUM,4670,0,0,2026-09-06,45,f,0,5,,,FIELD,,,,,,f,,,,6d6b789d-a6d5-4ce6-a569-3669089aba3b,2026-09-06 13:30:49.075882+00,2026-09-06 13:30:49.075885+00
DAILY20260921C06,016ccc5c-1c53-464b-a41b-fdd5dc089788,a946243b-044a-4781-bd29-689d0d153888,2b6de8aa-0976-4be0-8a40-043ff86ffa54,,PAID,MEDIUM,49710,49710,0,2026-09-21,45,f,1,5,2026-09-21 07:51:00+00,Paid in full at doorstep,FIELD,,,,,,f,,,,6d8f30b3-e77e-4660-89e3-cd80645cface,2026-09-21 04:52:59.402422+00,2026-09-21 06:09:25.695227+00
CASE0000314,414ea351-9932-44a5-97dd-6087537e80e3,ced64856-325d-4ca6-9043-eead876ca3a7,2b6de8aa-0976-4be0-8a40-043ff86ffa54,,PARTIALLY_PAID,CRITICAL,16150,13596.19,0,2026-08-26,100,t,2,5,,,LEGAL,,,,,,f,,,,6d91eb24-c44d-4f16-86a5-3bd86f382850,2026-08-27 11:28:03.222573+00,2026-09-03 05:17:22.092435+00
DAILY20260907C175,97d89b52-5e15-4c20-bc79-e67bafe4acb7,73175eca-b6c4-4fff-bc70-66b844170741,,,UNASSIGNED,MEDIUM,5160,0,0,2026-09-07,45,f,0,5,,,FIELD,,,,,,f,,,,6da0b49d-69f3-4757-b82a-c14d3d90a399,2026-09-07 04:59:06.82618+00,2026-09-07 04:59:06.826183+00
CASE0000384,bbf0db48-6ed9-49a7-bbb4-66fb14b93511,e628c22b-8334-42e1-9fb3-01628f5cb896,e9dced65-f61b-4c24-bae7-d4170299ed46,,PARTIALLY_PAID,CRITICAL,2300,1752.18,0,2026-08-27,48.29,f,4,3,,,NPA_RECOVERY,,,,,,f,,,,6dbed6cf-7e9f-43d5-82ca-e33f147d4c2d,2026-08-27 11:28:04.185261+00,2026-09-21 09:28:23.737251+00
CASE0000195,39a9292a-e237-472a-bb6d-20dc92274a73,2a107b17-3ebc-4b6b-9d99-5783252c3d51,357e2e09-b637-468e-818b-57a5dce18e9c,,PAID,HIGH,15920,15920,0,2026-07-11,63.86,t,1,3,2026-07-13 00:00:00+00,,FIELD,,,,"Legal notice sent last month. Customer acknowledged receipt, no payment.",,f,,,,6e6d2afb-24ce-4273-8946-9b817857a3c5,2026-08-27 11:28:01.92535+00,2026-09-03 05:17:22.095431+00
DAILY20260903C170,1436e1ef-de5e-42f4-8c9c-be27860c7a9d,437aa6c7-fea9-4735-a78a-6415e0bc7c44,8e59153e-dc8e-4efa-af65-1db304a6f3f1,,ASSIGNED,MEDIUM,16070,0,0,2026-09-18,45,f,0,5,,,FIELD,,,,,,f,,,,6e94c371-1e9a-4259-b7c8-a497de7de0ce,2026-09-02 15:33:16.231937+00,2026-09-18 04:47:36.844947+00
DAILY20260918C74,fd9d8158-2209-4b22-a80f-8c1cc0da3105,fc9e91a4-2c90-4c66-b43e-14f0197c9972,a2e2555c-f597-43af-a77a-fe708f967218,,ASSIGNED,MEDIUM,15020,0,0,2026-09-21,45,f,0,5,,,FIELD,,,,,,f,,,,6eadacab-3600-4953-9f50-8098b5080765,2026-09-18 06:49:34.420614+00,2026-09-21 05:55:24.55354+00
CASE0000317,c77e10a4-659a-45bc-b298-17404f303324,2ee12012-45cd-42a1-80b2-059535665e53,a2e2555c-f597-43af-a77a-fe708f967218,,PARTIALLY_PAID,CRITICAL,66320,46058.55,0,2026-09-10,100,t,3,3,,,NPA_RECOVERY,2026-06-02,,,Customer had good repayment history until Q3 2022. Defaulted post job loss.,,t,,,,6ec7dd21-0b29-4e6e-b9ef-cf46d17c86ce,2026-08-27 11:28:03.244466+00,2026-09-21 05:55:24.554148+00
DAILY20260906C139,68c97d00-c1bd-49a6-8c31-fa46c288441f,cb503a77-f84c-4fc9-91c8-15672ebb5bff,c2f2e0ce-5aeb-4ece-8325-2167edfe139e,,IN_PROGRESS,MEDIUM,6180,0,0,2026-09-21,45,f,1,5,,,FIELD,,,,,,f,,,,6eddafbb-5ab1-4b04-8c66-5736ee80d99d,2026-09-06 13:30:49.649468+00,2026-09-21 06:09:26.940587+00
DAILY20260906C78,9ebda412-3077-4bb7-81c2-d2b51c1cf994,f2567c4d-18ef-4c70-aefb-04b4c3008766,4a182f53-a1a1-4f15-945a-6a56f4e04b64,,ASSIGNED,HIGH,29700,0,0,2026-09-21,75,f,0,5,,,FIELD,,,,,,f,,,,6efa5cd5-5bc3-487a-a33d-8451ab1dbadf,2026-09-06 13:30:49.278215+00,2026-09-21 05:17:11.610978+00
DAILY20260906C44,b99d87c6-0904-42a4-8df0-1b8da707ca67,97171f8a-a58b-439a-94dc-21a242566be6,,,UNASSIGNED,CRITICAL,12850,0,0,2026-09-06,95,f,0,5,,,NPA_RECOVERY,,,,,,f,,,,6f66b826-efb3-437a-860f-b048e3c1446d,2026-09-06 13:30:49.040259+00,2026-09-06 13:30:49.040263+00
DAILY20260921C07,fd5b8d4c-55b4-41f4-9bcf-668fbb48900b,90388167-f9fc-44a8-9963-1679201d40b3,8e59153e-dc8e-4efa-af65-1db304a6f3f1,,PARTIALLY_PAID,CRITICAL,57470,9964.55,0,2026-09-21,95,f,1,5,,,NPA_RECOVERY,,,,,,f,,,,6f826e0f-c891-4fbf-8bd5-6c2615700998,2026-09-21 04:52:59.411268+00,2026-09-21 06:09:26.350249+00
DAILY20260906C94,9b1e53ca-2dca-4fd1-a414-f20d143e5604,e2473efb-160a-4177-8814-5bc0b41b9bd0,4a182f53-a1a1-4f15-945a-6a56f4e04b64,,PARTIALLY_PAID,HIGH,25940,12444.56,0,2026-09-21,75,f,2,5,,,FIELD,,,,,,f,,,,6f8ba136-7d73-4439-b168-8b2d39db688e,2026-09-06 13:30:49.366209+00,2026-09-21 06:09:26.217334+00
DAILY20260921C160,db70a0ca-fd4f-4cab-a438-fd10f2749332,17d5e8f1-cb68-4a04-9918-69c6bc3bc2d6,,,UNASSIGNED,HIGH,9720,0,0,2026-09-21,75,f,0,5,,,FIELD,,,,,,f,,,,6f9e581b-c9db-4966-95ef-00917e597f08,2026-09-21 04:53:00.559446+00,2026-09-21 04:53:00.559449+00
CASE0000525,93f75a61-fb83-4b76-b047-26f7efbc6e4d,927bbc4b-7484-4f97-8db7-47347f33f48f,357e2e09-b637-468e-818b-57a5dce18e9c,,PAID,LOW,38700,38700,0,2026-04-25,20.8,f,2,3,2026-04-30 00:00:00+00,,FIELD,2026-03-26,,,,,f,,,,7021452b-ac8d-43df-a12b-261c28d4a06f,2026-08-27 11:28:05.98839+00,2026-09-03 05:17:22.095431+00
CASE0000488,be5d23c6-cada-4dc4-a0c8-4d771bc35017,a342f9c8-9561-455e-b74f-e63cde709ea2,a2e2555c-f597-43af-a77a-fe708f967218,,PARTIALLY_PAID,CRITICAL,52510,51333.92,0,2026-08-27,100,t,2,4,,,LEGAL,,,,Borrower is cooperative per branch records but cash-strapped. Willing to negotiate.,,f,,,,707e39ac-161d-4c00-8816-e1b2db4970e9,2026-08-27 11:28:05.68148+00,2026-09-03 05:17:22.096434+00
DAILY20260906C146,dd33a704-bf3a-417d-88e8-97a48d417b9f,81927a26-d86a-4fb4-bf3e-9254217f4fc6,8e59153e-dc8e-4efa-af65-1db304a6f3f1,,ASSIGNED,HIGH,13030,0,0,2026-09-10,75,f,0,5,,,FIELD,,,,,,f,,,,70937c01-d8ae-489f-8801-f252fd853cd4,2026-09-06 13:30:49.691688+00,2026-09-09 04:58:08.357994+00
DAILY20260906C10,7c89a054-3b52-4453-9579-8b45b2191cfd,a12a61c9-e13c-4ddc-9e57-cd7431e64d7f,a13886ca-739b-47b4-a473-724e03f7332a,,ASSIGNED,CRITICAL,27790,0,0,2026-09-07,95,f,0,5,,,NPA_RECOVERY,,,,,,f,,,,7095c2b1-1dba-4404-941f-b0479e792630,2026-09-06 13:30:48.718329+00,2026-09-06 13:30:53.785254+00
DAILY20260906C42,f6db1451-166b-4da7-8708-f985f9dda772,0bd6cf98-09d9-46d4-a96a-310bd6fdcd61,c2f2e0ce-5aeb-4ece-8325-2167edfe139e,,PARTIALLY_PAID,HIGH,11710,2059.09,0,2026-09-21,75,f,1,5,,,FIELD,,,,,,f,,,,70ceef92-4e87-4a0a-8067-e81896fca058,2026-09-06 13:30:49.027345+00,2026-09-21 06:09:26.330352+00
DAILY20260906C118,f12e7b3e-1960-45a5-b2ab-3e7657279c77,58460658-e15f-447d-83d7-70934526f8b6,,,UNASSIGNED,CRITICAL,11950,0,0,2026-09-06,95,f,0,5,,,NPA_RECOVERY,,,,,,f,,,,70f5b6a8-6422-4ffc-a419-57cc7c884a68,2026-09-06 13:30:49.513721+00,2026-09-06 13:30:49.513723+00
DAILY20260918C145,631da6f2-9ece-4f79-babf-b1f5fdd82aa9,447fb9e1-7268-4058-a461-d3fb49d93452,5fbae4d6-59d1-4e6c-8a80-fe57244a45bb,,IN_PROGRESS,CRITICAL,12280,0,0,2026-09-21,95,f,1,5,,,NPA_RECOVERY,,,,,,f,,,,710f25ee-4cda-4421-ab71-083c9eb581a0,2026-09-18 06:49:34.850903+00,2026-09-21 06:09:27.220014+00
CASE0000541,635f2e4b-2bdd-4221-992a-9cc1bdf0a747,0a2b88b3-fe71-4678-a022-a17ad99f4a75,5fbae4d6-59d1-4e6c-8a80-fe57244a45bb,,ESCALATED,HIGH,24390,0,0,2026-05-13,92.18,t,3,4,,,PRE_LEGAL,,,,,,t,,,,7110942f-0ba7-407d-a4c3-1412d18426d3,2026-08-27 11:28:06.110704+00,2026-09-21 09:28:23.737252+00
DAILY20260903C123,38f5c1ce-174d-4bce-b752-4df7aae40306,e244a074-8f93-44f6-a400-37adf6dd1584,3aa13103-bd03-4578-9292-44d88d58da00,,ASSIGNED,CRITICAL,28530,0,0,2026-09-18,95,f,0,5,,,NPA_RECOVERY,,,,,,f,,,,7125181e-494b-4d7f-a57a-801d7543150b,2026-09-02 15:33:16.067245+00,2026-09-18 04:47:36.844948+00
DAILY20260906C165,e793d777-dd23-4e15-af6f-d6f6a785e9b9,4d97527a-2ca0-42d6-8cce-d1041419d9e1,,,UNASSIGNED,HIGH,1510,0,0,2026-09-06,75,f,0,5,,,FIELD,,,,,,f,,,,7131770e-b37f-463a-a763-5e4309104240,2026-09-06 13:30:49.817855+00,2026-09-06 13:30:49.817859+00
CASE0000564,4bd7b5e4-b853-4646-9e8d-f0d0e3bffa6f,9b36c306-4c3f-4122-8d89-5ef2dc8f21e4,8e59153e-dc8e-4efa-af65-1db304a6f3f1,,PAID,CRITICAL,51740,51740,0,2026-04-27,100,f,2,3,2026-05-11 00:00:00+00,,PRE_LEGAL,,,,,,f,,,,714085f0-81e2-490e-8294-4d997ffcf6e3,2026-08-27 11:28:06.311366+00,2026-09-03 05:17:22.098434+00
DAILY20260903C57,43309289-ff4c-4369-a21f-a2c239bbeca7,b38ffb12-69de-421e-ae67-a2fbef14589b,,,UNASSIGNED,CRITICAL,7060,0,0,2026-09-03,95,f,0,5,,,NPA_RECOVERY,,,,,,f,,,,715458bc-335b-42ff-93fb-127708948dad,2026-09-02 15:33:15.784898+00,2026-09-02 15:33:15.784898+00
DAILY20260903C47,681ef830-3431-498e-9f57-8433ee5a2628,375ac423-8bdc-41fc-b585-f319eb44b80f,,,UNASSIGNED,MEDIUM,8460,0,0,2026-09-03,45,f,0,5,,,FIELD,,,,,,f,,,,717c39ba-43a6-48a3-95fd-f03703607b88,2026-09-02 15:33:15.753295+00,2026-09-02 15:33:15.753295+00
CASE0000701,7b15825d-da60-4c1c-83c0-b319ba915f29,605d601a-6f20-4c81-abee-2a201b75b42e,a2e2555c-f597-43af-a77a-fe708f967218,,PTP_SET,MEDIUM,14000,3033.06,0,2026-09-18,85.78,t,5,5,,,FIELD,,,,,,f,,,,7189b075-fd87-436e-a892-46976aa6bbd1,2026-08-27 11:28:08.312725+00,2026-09-21 09:28:23.737253+00
DAILY20260921C143,1996dc2d-47ca-4785-a05d-2ee00be598a9,6b7457e7-b69b-4afc-9193-19eeb3ea6ee8,,,UNASSIGNED,CRITICAL,1730,0,0,2026-09-21,95,f,0,5,,,NPA_RECOVERY,,,,,,f,,,,7189fdb6-79ec-45ec-bfc6-316fdb670c6a,2026-09-21 04:53:00.451013+00,2026-09-21 04:53:00.451018+00
DAILY20260903C89,7c7a8e1f-b8b2-402e-9f03-e8aecc0ef05d,fd1dcdcf-751e-4f1c-8a84-a7bbf18844dd,4a182f53-a1a1-4f15-945a-6a56f4e04b64,,PTP_SET,HIGH,53870,20372.05,0,2026-09-18,75,f,2,5,,,FIELD,,,,,,f,,,,71c58814-576f-4502-b879-07b031ab52de,2026-09-02 15:33:15.932895+00,2026-09-18 06:37:23.140868+00
DAILY20260903C180,9f5b7b97-452d-46f3-89ff-592e10489d93,3fe1614f-6b80-426c-8756-acc4fff5d22b,c33350cc-f581-492e-807f-14262d56ebcb,,PTP_SET,MEDIUM,19910,7651.44,0,2026-09-17,45,f,1,5,,,FIELD,,,,,,f,,,,71c58b4f-55d5-4feb-a8de-8a27c3b4d37c,2026-09-02 15:33:16.269815+00,2026-09-17 06:31:13.534459+00
DAILY20260903C69,80f2854b-6cd6-4ada-850a-a3ae7c3a6ff9,051804c3-4dd3-413b-adca-1b0e51bf58de,,,UNASSIGNED,MEDIUM,11200,0,0,2026-09-03,45,f,0,5,,,FIELD,,,,,,f,,,,720d9452-f1e5-4c9b-922d-aecf5c90a705,2026-09-02 15:33:15.842492+00,2026-09-02 15:33:15.842492+00
DAILY20260903C86,0f631b63-6ca3-4dcf-ba57-97c8114e2014,8aa05354-4f9a-4735-9a03-7a081a4cf9f8,2dfc73e0-dba9-4aa5-babf-d5141ded5497,,ASSIGNED,HIGH,13610,0,0,2026-09-21,75,f,0,5,,,FIELD,,,,,,f,,,,721f15d2-2c2d-4a4d-9f92-98c0ccbce2ca,2026-09-02 15:33:15.92189+00,2026-09-21 04:53:43.194614+00
CASE0000459,4bba3b50-9406-4d03-b681-44f4b49d1462,3669d545-41c0-40e6-be35-46b2c2740479,2dfc73e0-dba9-4aa5-babf-d5141ded5497,,PAID,LOW,21740,21740,0,2026-08-26,19.96,t,3,3,2026-09-01 05:52:00.181768+00,,FIELD,,,,"Legal notice sent last month. Customer acknowledged receipt, no payment.",,f,,,,724c3ed9-c91d-452d-8b52-b8ab1de479b2,2026-08-27 11:28:04.800185+00,2026-09-02 15:27:19.015925+00
CASE0000361,189de033-a7f1-48ad-950e-ac44aaf17e7b,5e30404d-41b5-4003-93a1-7fd185a7525a,a2e2555c-f597-43af-a77a-fe708f967218,,PARTIALLY_PAID,CRITICAL,12670,9989.95,0,2026-09-01,92.55,t,4,4,,,LEGAL,,,,,,t,,,,7299b004-4631-41c9-b7ed-a0731f95db4b,2026-08-27 11:28:03.551718+00,2026-09-03 05:17:22.099432+00
CASE0000164,689703aa-4ec3-4c30-9f88-8a31db74f125,01964828-8b49-403b-87be-d4e290c0abc8,4a182f53-a1a1-4f15-945a-6a56f4e04b64,,PAID,LOW,2970,2970,0,2026-08-25,21.05,t,3,3,2026-09-01 05:52:00.181768+00,,FIELD,,,,,,f,,,,729d8eef-3e5c-40f6-bead-c87ea9fa3577,2026-08-27 11:28:01.716718+00,2026-09-02 15:27:19.015925+00
DAILY20260921C197,ddbe73b9-7398-4c83-a4b9-d483a3523a54,a61d3cdf-862e-4134-81e3-0158bf6184e7,,,UNASSIGNED,CRITICAL,12880,0,0,2026-09-21,95,f,0,5,,,NPA_RECOVERY,,,,,,f,,,,72a443e1-0fd8-4473-a683-b908d814bb23,2026-09-21 04:53:00.794271+00,2026-09-21 04:53:00.794274+00
CASE0000531,b9e0ba2b-6819-4413-91b6-8b0e71366ad7,b14e2fa1-ba6a-45a7-851c-f13184388aa6,cd9e6eca-028e-4c61-8e82-048327bc4476,,PAID,CRITICAL,4060,4060,0,2026-04-23,100,t,2,5,2026-04-22 00:00:00+00,,FIELD,,,,,,f,,,,72bdd4c1-d2b7-453e-8b18-44d4e38a3efa,2026-08-27 11:28:06.031286+00,2026-09-03 05:17:22.100436+00
CASE0000315,c77e10a4-659a-45bc-b298-17404f303324,7ea2436c-e95f-4bcf-8828-f0086ea559c2,2dfc73e0-dba9-4aa5-babf-d5141ded5497,,PAID,HIGH,20880,20880,0,2026-08-27,79.85,t,3,5,2026-09-01 05:52:00.181768+00,,PRE_LEGAL,,,,,,f,,,,72ceaf79-8f10-443e-8415-108e6e11cda1,2026-08-27 11:28:03.229844+00,2026-09-03 05:17:22.101435+00
BANK000005,470e5e3d-0f42-4a7f-826a-35301cb829ad,9a3f4dc7-2faf-4063-bf4c-d11e30b1a0c9,2b6de8aa-0976-4be0-8a40-043ff86ffa54,,ASSIGNED,CRITICAL,23700,0,0,2026-09-14,111.7,t,0,4,,,NPA_RECOVERY,,,,,,f,,,,730ac984-d6c7-461f-937e-36352adec2bf,2026-08-27 11:28:09.811949+00,2026-09-21 09:28:23.737253+00
CASE0000575,97737dbf-53ea-4ec3-82a5-13765791b483,aca513ed-0d62-4e6f-9343-34c14805cb61,e9dced65-f61b-4c24-bae7-d4170299ed46,,PARTIALLY_PAID,MEDIUM,8130,7364.59,0,2026-09-02,46.29,f,4,5,,,FIELD,,,,,,t,,,,7331a6e0-df5e-4d88-adca-c2be5ff98d08,2026-08-27 11:28:06.400357+00,2026-09-21 05:55:24.556007+00
CASE0000162,6826e06a-4b50-4c8e-b3d4-9584ddbeb0e5,b102ca21-de05-4922-8e70-f148bf0f124e,c33350cc-f581-492e-807f-14262d56ebcb,,PARTIALLY_PAID,HIGH,28570,28209.75,0,2026-09-01,33.69,f,3,3,,,PRE_LEGAL,,,,Seasonal worker — income irregular. Best to visit early morning.,,f,,,,733ec455-55c4-4cfb-b5eb-7ba264774c02,2026-08-27 11:28:01.702738+00,2026-09-21 09:28:23.737254+00
CASE0000688,69d0107d-ed57-4ab5-9446-51e2c64fb953,17e065de-8c87-4b3f-8241-aa24a2a98ba3,cd9e6eca-028e-4c61-8e82-048327bc4476,,PARTIALLY_PAID,HIGH,11510,2334.66,0,2026-09-21,38.05,t,4,4,,,PRE_LEGAL,,,,Customer had good repayment history until Q3 2022. Defaulted post job loss.,,t,,,,734df75f-a710-4580-9f6b-860a6956e8e2,2026-08-27 11:28:08.200481+00,2026-09-21 09:28:23.737254+00
DAILY20260907C61,37a550ac-3acd-4621-8266-8ce40d0b3c8e,c385e1a9-9370-4e88-ac86-6e5308ebcd96,,,UNASSIGNED,MEDIUM,1290,0,0,2026-09-07,45,f,0,5,,,FIELD,,,,,,f,,,,738d3f5e-c2ac-43a2-8bad-62cbb81c4ea8,2026-09-07 04:59:06.162598+00,2026-09-07 04:59:06.1626+00
CASE0000463,4ad4940f-85d4-4a79-9f13-81b88dd0d9f3,7984752d-da51-4c50-84a7-f35ec32d02a4,b06cd5a3-f1c0-4cdb-b241-9ce2d6c5e791,,PAID,HIGH,30220,30220,0,2026-05-23,61.7,f,1,3,2026-06-04 00:00:00+00,,FIELD,,,,Business borrower — shop visit recommended. Morning hours more effective.,,f,,,,73a72a08-c1b5-4ea1-9cd4-86f5753fdefc,2026-08-27 11:28:04.834618+00,2026-09-03 05:17:22.10294+00
DAILY20260903C112,f64c0588-9757-4118-91af-55389ce19099,c425252d-49c5-465c-87e9-9779f467a2b6,,,UNASSIGNED,CRITICAL,3520,0,0,2026-09-03,95,f,0,5,,,NPA_RECOVERY,,,,,,f,,,,73ede3c9-b228-40c8-947f-01e307b5de0e,2026-09-02 15:33:16.022902+00,2026-09-02 15:33:16.022902+00
DAILY20260907C02,68be72a3-42c5-4152-9da1-e0ac32e62211,10cda1fd-4b84-404d-a6ee-fa8fd8f472a5,c37b6a5c-9d1c-46d4-8ece-dfce290dc74b,,PARTIALLY_PAID,MEDIUM,19960,7437.71,0,2026-09-21,45,f,3,5,,,FIELD,,,,,,t,CUSTOMER_HOSTILE,2026-09-18 06:45:00+00,,740e8351-618f-4398-ba96-0384cffbf434,2026-09-07 04:59:05.73181+00,2026-09-21 06:09:26.155218+00
DAILY20260918C152,bf0daaad-cd61-40e4-ac8b-e84e0a7922e6,18d26867-a853-46cd-986d-0ac9b6180bb7,,,UNASSIGNED,HIGH,11830,0,0,2026-09-18,75,f,0,5,,,FIELD,,,,,,f,,,,74738efc-03d4-4a9b-8bfe-dfc9e7ae9c8d,2026-09-18 06:49:34.885171+00,2026-09-18 06:49:34.885174+00
DAILY20260906C40,ec7e844f-12f2-4d70-ad94-50f764bf905a,81f20284-0241-4ee3-b593-5380c78e7758,2b6de8aa-0976-4be0-8a40-043ff86ffa54,,PAID,HIGH,39920,39920,0,2026-09-17,75,f,1,5,2026-09-17 07:43:00+00,Paid in full at doorstep,FIELD,,,,,,f,,,,748cc964-da0b-49e9-ac0c-8210e15ed103,2026-09-06 13:30:49.014788+00,2026-09-17 06:31:12.201331+00
CASE0000335,c907e8cd-2df0-4149-9ac6-9f5aaa4a9618,2bc6f546-9228-4156-9a5c-f1370e7f1dba,a13886ca-739b-47b4-a473-724e03f7332a,,ESCALATED,CRITICAL,23970,0,0,2026-08-24,69.74,f,2,4,,,LEGAL,,,,,,t,,,,74b3f7e7-378f-45cd-96c9-9a2ecae6cf15,2026-08-27 11:28:03.358989+00,2026-09-21 09:28:23.737255+00
CASE0000116,9b58df38-bebe-4789-ba48-85f2e6c54c73,f5e7a214-9915-4974-905a-e224365328d8,5fbae4d6-59d1-4e6c-8a80-fe57244a45bb,,PAID,CRITICAL,45870,45870,0,2026-08-27,100,t,1,3,2026-08-27 15:09:00+00,,FIELD,2026-08-12,,,"Legal notice sent last month. Customer acknowledged receipt, no payment.",,f,,,,74dd0cbb-1234-49ca-aa9f-3032483dc9c6,2026-08-27 11:28:01.271304+00,2026-09-02 15:27:19.025731+00
DAILY20260918C69,75d1fe0c-6c4e-4522-b998-caa37ba4c54f,0fd36fa1-deed-439f-8a15-cb307ea17b47,,,UNASSIGNED,HIGH,3230,0,0,2026-09-18,75,f,0,5,,,FIELD,,,,,,f,,,,7502d07a-a993-4b3d-9538-4f51dae99ccd,2026-09-18 06:49:34.390983+00,2026-09-18 06:49:34.390986+00
DAILY20260918C147,3e2f0f66-f295-4902-b4db-18afd03f2765,02d3ca2a-4a99-432a-b45a-c0b2ac0c3f66,,,UNASSIGNED,CRITICAL,14950,0,0,2026-09-18,95,f,0,5,,,NPA_RECOVERY,,,,,,f,,,,7526a438-6c53-4358-b9da-883860b007ed,2026-09-18 06:49:34.860493+00,2026-09-18 06:49:34.860496+00
DAILY20260921C39,ae6eb250-1e3a-49f1-afa3-ed57ad41ce19,bde09357-c2ef-42aa-8f84-a9604468fb03,,,UNASSIGNED,CRITICAL,29840,0,0,2026-09-21,95,f,0,5,,,NPA_RECOVERY,,,,,,f,,,,7559bc5c-fa58-4598-ac99-72bcb11ec82f,2026-09-21 04:52:59.612847+00,2026-09-21 04:52:59.61285+00
DAILY20260903C87,9e1d46f0-c322-48d8-926a-a006050e861d,4a25d481-ec51-4b47-aa18-20faaed32dba,8e59153e-dc8e-4efa-af65-1db304a6f3f1,,PTP_SET,MEDIUM,20750,9056.12,0,2026-09-16,45,f,1,5,,,FIELD,,,,,,f,,,,758e3854-5f4b-4002-9311-ba1e44c87b38,2026-09-02 15:33:15.925898+00,2026-09-17 06:31:13.488582+00
DAILY20260903C101,caf7ec55-2b7c-4835-b55e-bcd7cc4d5815,3f7fe973-1fe1-49d8-b3b3-3fb3c2f64330,3e9c4168-1de9-43e8-b9f2-fbf3f931949d,,ASSIGNED,HIGH,27360,0,0,2026-09-21,75,f,0,5,,,FIELD,,,,,,f,,,,7598e36b-2d2d-49d7-86db-eb641a9c88f5,2026-09-02 15:33:15.968218+00,2026-09-21 05:17:11.610981+00
DAILY20260921C106,f4a079d8-fec3-464c-ac8c-7a30ff3624d7,25e6c01c-09cd-4f54-97ce-27f942599ef3,c2f2e0ce-5aeb-4ece-8325-2167edfe139e,,IN_PROGRESS,HIGH,9340,0,0,2026-09-21,75,f,1,5,,,FIELD,,,,,,f,,,,759f5283-bbce-4c98-b978-66e05544aa9e,2026-09-21 04:53:00.037752+00,2026-09-21 06:09:27.034178+00
DAILY20260921C176,cac90b71-2ba9-4184-871e-11040b9e199f,d32ea72b-7552-4cb8-994a-ab73924deb96,4a182f53-a1a1-4f15-945a-6a56f4e04b64,,ASSIGNED,MEDIUM,27290,0,0,2026-09-21,45,f,0,5,,,FIELD,,,,,,f,,,,75b28934-ab63-4fae-8cae-eb96c0de595f,2026-09-21 04:53:00.671074+00,2026-09-21 05:17:11.611754+00
CASE0000389,9b58df38-bebe-4789-ba48-85f2e6c54c73,f5e7a214-9915-4974-905a-e224365328d8,3aa13103-bd03-4578-9292-44d88d58da00,,IN_PROGRESS,MEDIUM,45870,0,0,2026-08-24,100,f,2,3,,,FIELD,,,,,,f,,,,75e6815e-2b2e-4154-a00e-c537a2cad08a,2026-08-27 11:28:04.223505+00,2026-09-21 09:28:23.737256+00
DAILY20260903C155,a2c00a7a-494f-4b71-963c-9392989e467c,a3211890-76f7-42db-bcc1-f534c9fd09e5,4a182f53-a1a1-4f15-945a-6a56f4e04b64,,PTP_SET,HIGH,27320,4232.46,0,2026-09-18,75,f,2,5,,,FIELD,,,,,,f,,,,764a395d-f72f-4849-bee0-7ff04ce5d506,2026-09-02 15:33:16.182454+00,2026-09-18 06:37:22.983482+00
DAILY20260918C65,8e3951db-1663-4933-a48c-c07e275bf1ff,5beefe5b-0633-4bd7-a9d0-f0d50b90a58a,a13886ca-739b-47b4-a473-724e03f7332a,,ASSIGNED,HIGH,52610,0,0,2026-09-21,75,f,0,5,,,FIELD,,,,,,f,,,,764dce67-7e12-495f-af58-29d8661fe6d9,2026-09-18 06:49:34.369327+00,2026-09-21 04:53:12.588126+00
DAILY20260918C91,a3395cc3-ddfa-4e79-8042-42f8fe779df4,be6205d2-4907-495c-ba1f-e6319f8ddf1a,3aa13103-bd03-4578-9292-44d88d58da00,,PARTIALLY_PAID,CRITICAL,27070,3007.72,0,2026-09-21,95,f,1,5,,,NPA_RECOVERY,,,,,,f,,,,769bdf28-f901-40ef-9448-711f51e38e6d,2026-09-18 06:49:34.528099+00,2026-09-21 06:09:26.436714+00
DAILY20260918C101,c619a49a-2f72-48d6-a7f6-704569fb57d5,fb1b779e-db89-46d6-9a37-8d82913b4bc7,,,UNASSIGNED,HIGH,35340,0,0,2026-09-21,75,f,1,5,,,FIELD,,,,,,f,,,,76b0e8e6-f0f8-4800-a340-db81db0ba0ad,2026-09-18 06:49:34.594324+00,2026-09-21 07:24:02.321461+00
DAILY20260921C148,baabae0d-c8da-4ffe-afe0-356617798680,c8a929e7-757f-4321-ae3d-f87879ff9417,3e9c4168-1de9-43e8-b9f2-fbf3f931949d,,IN_PROGRESS,MEDIUM,26420,0,0,2026-09-21,45,f,1,5,,,FIELD,,,,,,f,,,,76d129ac-d414-480b-92b5-7fe25f372c9d,2026-09-21 04:53:00.484698+00,2026-09-21 06:09:27.26073+00
DAILY20260906C155,c6d6ca98-1c95-434a-9306-957741e90f65,06254356-ee56-4dc2-98ae-34f565d490aa,,,UNASSIGNED,CRITICAL,3090,0,0,2026-09-06,95,f,0,5,,,NPA_RECOVERY,,,,,,f,,,,76ec3995-d487-4dea-8b17-ee77e7982b03,2026-09-06 13:30:49.752106+00,2026-09-06 13:30:49.752109+00
CASE0000475,9339433d-7018-4df9-8ab1-189b46c9ca29,365700b5-d1d8-4a82-83a7-543fd6e3856c,c6ca60b7-2143-412b-887e-c30ae9cda031,,IN_PROGRESS,CRITICAL,2410,0,0,2026-05-30,48.46,t,3,3,,,NPA_RECOVERY,,,,,,f,,,,77108090-99d5-419c-b997-9300a4bab952,2026-08-27 11:28:04.938081+00,2026-09-21 09:28:23.737256+00
DAILY20260918C169,8b12c993-e173-4c12-95bd-349cec464a6e,bfba65c6-63df-4281-8996-ade070c325fd,3e9c4168-1de9-43e8-b9f2-fbf3f931949d,,PAID,HIGH,42770,42770,0,2026-09-21,75,f,1,5,2026-09-21 08:40:00+00,Paid in full at doorstep,FIELD,,,,,,f,,,,7710fef3-54cd-402c-8a40-cfa46e2dd2d7,2026-09-18 06:49:34.976575+00,2026-09-21 06:09:25.636773+00
DAILY20260903C60,5b11bcaa-7143-449c-9d1d-c440eb9b009b,5096f25a-0951-4c9f-a0b2-e71bdf0b688a,,,UNASSIGNED,HIGH,9350,0,0,2026-09-03,75,f,0,5,,,FIELD,,,,,,f,,,,771c1927-1844-484f-a21e-20bb5c0800b7,2026-09-02 15:33:15.800372+00,2026-09-02 15:33:15.800372+00
CASE0000214,f8e81db2-daf7-446d-9379-5491607b5ec7,f7ece3a3-d924-4202-8b32-0d9e527b41f2,c6ca60b7-2143-412b-887e-c30ae9cda031,,ASSIGNED,CRITICAL,33480,0,0,2026-09-02,77.1,f,3,4,,,NPA_RECOVERY,,,,,,t,,,,7742389d-f08c-45ce-a873-fcc09d250144,2026-08-27 11:28:02.046629+00,2026-09-21 09:28:23.737257+00
CASE0000179,119a6328-3709-4881-836e-1e3fbe5085e2,ac8615dd-5dc7-4880-a0b8-7c8a0b3b752e,c6ca60b7-2143-412b-887e-c30ae9cda031,,PARTIALLY_PAID,MEDIUM,62630,62487.99,0,2026-08-25,100,t,2,4,,,FIELD,,,,Bank field agent visited twice — no contact. Escalated to recovery agency.,,t,,,,776b7f6d-ad1d-43a3-9b7b-8b59f9003813,2026-08-27 11:28:01.823011+00,2026-09-21 09:28:23.737257+00
DAILY20260903C07,50dd75ff-5d9a-481c-a32a-714befc2b95a,83a7fd53-79fb-4e4c-b125-49a79c771822,,,UNASSIGNED,CRITICAL,6070,0,0,2026-09-03,95,f,0,5,,,NPA_RECOVERY,,,,,,f,,,,776ca4b0-313a-4e6a-a7c9-db995f841c39,2026-09-02 15:33:15.604048+00,2026-09-02 15:33:15.604048+00
DAILY20260918C20,a8b1ea4e-1b02-4959-bcfb-e69c153cfd03,560b3c89-e83d-4cc0-970e-01b2986f1d14,c6ca60b7-2143-412b-887e-c30ae9cda031,,PAID,CRITICAL,26350,26350,0,2026-09-21,95,f,1,5,2026-09-21 03:40:00+00,Paid in full at doorstep,NPA_RECOVERY,,,,,,f,,,,7791e0a4-9d1c-49f5-8128-ae3bef34c860,2026-09-18 06:49:34.12822+00,2026-09-21 06:09:25.602449+00
DAILY20260921C48,af85e57c-66f2-4f22-b4c3-831ded2aefdd,f6275339-76f2-46ca-9376-a646b44fb9ba,c2f2e0ce-5aeb-4ece-8325-2167edfe139e,,PTP_SET,CRITICAL,21690,0,0,2026-09-21,95,f,1,5,,,NPA_RECOVERY,,,,,,f,,,,77db958e-7175-43c6-a56e-7af077155620,2026-09-21 04:52:59.656496+00,2026-09-21 06:09:26.612702+00
DAILY20260921C133,2f720ba0-a74a-4563-85db-491527fdd3c6,168d47b0-5037-4105-b575-e95c1c9af941,4a182f53-a1a1-4f15-945a-6a56f4e04b64,,ASSIGNED,MEDIUM,11010,0,0,2026-09-21,45,f,0,5,,,FIELD,,,,,,f,,,,77ef1704-1615-4a06-9233-6c7e21888e5d,2026-09-21 04:53:00.306875+00,2026-09-21 04:53:43.204856+00
DAILY20260921C74,85c8b6a8-47a6-49e5-b03e-c587eb715302,1a071ce3-dd24-4179-b52a-8c3b1ed41de4,,,UNASSIGNED,CRITICAL,25560,0,0,2026-09-21,95,f,0,5,,,NPA_RECOVERY,,,,,,f,,,,7862b877-bfd7-4560-9516-c02318b41ca1,2026-09-21 04:52:59.806247+00,2026-09-21 04:52:59.80625+00
DAILY20260907C155,038f79cb-3043-4d5c-b289-e6269ac0203a,8d40f485-3523-4000-9287-7293d244337b,c37b6a5c-9d1c-46d4-8ece-dfce290dc74b,,PARTIALLY_PAID,MEDIUM,22310,8306.4,0,2026-09-16,45,f,1,5,,,FIELD,,,,,,f,,,,7885a34f-f31a-4b33-88e6-b927e0af1c4a,2026-09-07 04:59:06.715987+00,2026-09-17 06:31:12.719994+00
DAILY20260918C103,f090a69b-e9bb-4e2c-a8a2-510911da3172,df901039-364d-49ca-aa13-30499d63d1d9,c37b6a5c-9d1c-46d4-8ece-dfce290dc74b,,ASSIGNED,MEDIUM,26700,0,0,2026-09-21,45,f,0,5,,,FIELD,,,,,,f,,,,788d12d1-dee3-47ea-9874-0138b9e38248,2026-09-18 06:49:34.606677+00,2026-09-21 05:17:11.612293+00
CASE0000466,a9ecda50-e818-4cb9-97a8-8c56eeea659a,737f95f7-e522-403e-9eab-9eb0d8cd402c,b06cd5a3-f1c0-4cdb-b241-9ce2d6c5e791,,PARTIALLY_PAID,CRITICAL,6110,3535.23,0,2026-09-01,82.81,f,5,3,,,NPA_RECOVERY,,,,,,f,,,,7894476f-64f4-49e1-ad34-ac107cb31942,2026-08-27 11:28:04.852344+00,2026-09-21 09:28:23.737258+00
CASE0000099,32f26267-1756-4d30-a1c7-f1be5aa626b5,6c9b2a57-97db-4982-b0ed-ad240fa89d31,e9dced65-f61b-4c24-bae7-d4170299ed46,,PTP_SET,HIGH,4450,1239.71,0,2026-09-17,39.05,t,3,5,,,PRE_LEGAL,,,,Previous agency attempt closed with no resolution. Fresh allocation.,,t,,,,78ae4772-c7d6-4306-a886-edcea5f4d51c,2026-08-27 11:28:01.214596+00,2026-09-21 09:28:23.737259+00
CASE0000457,9066d603-1a07-4392-8406-478468efec70,ba3b2fa7-bde8-457f-bccd-5a7b98717f61,4a182f53-a1a1-4f15-945a-6a56f4e04b64,,PAID,HIGH,28510,28510,0,2026-08-26,81.93,t,2,3,2026-09-01 05:52:00.181768+00,,NPA_RECOVERY,,,,,,t,,,,78c7b9f9-94af-4b38-a167-309f34228897,2026-08-27 11:28:04.785927+00,2026-09-03 05:17:22.10395+00
CASE0000284,13f4cf5d-84f8-4fe3-a737-9f00fba0ade3,4ff26bc5-5968-4a0b-94a5-eb695747bd0a,4a182f53-a1a1-4f15-945a-6a56f4e04b64,,ESCALATED,CRITICAL,10890,0,0,2026-08-27,91.54,f,3,3,,,NPA_RECOVERY,,,,,,t,,,,78e715d4-c57c-4780-9fbf-1476cd6a3040,2026-08-27 11:28:03.010421+00,2026-09-03 05:19:14.261943+00
DAILY20260918C99,4f238178-dbb8-454a-bdaa-e0d490643463,e1c25359-629c-42ec-80fc-d8583428e747,,,UNASSIGNED,MEDIUM,15830,0,0,2026-09-18,45,f,0,5,,,FIELD,,,,,,f,,,,790d460a-7624-4f85-8832-725a5a1b30c0,2026-09-18 06:49:34.581093+00,2026-09-18 06:49:34.581097+00
CASE0000480,2941db57-a823-4c8c-81df-42d797c63d2c,00e44e3d-6e6f-407c-8bf4-dbce40373191,cd9e6eca-028e-4c61-8e82-048327bc4476,,ESCALATED,MEDIUM,20670,0,0,2026-08-27,52.09,t,3,3,,,FIELD,,,,,,t,,,,792c5ddd-5669-4526-8a32-759a1ee7c52d,2026-08-27 11:28:04.977468+00,2026-09-02 15:27:19.033254+00
DAILY20260921C32,14dd51d0-df77-4156-bc6d-fd5cd4feb810,68487c4b-0882-4b87-ac25-25af79e7bc1d,,,UNASSIGNED,CRITICAL,19780,0,0,2026-09-21,95,f,0,5,,,NPA_RECOVERY,,,,,,f,,,,793cf580-00a8-473e-8441-334b859f018d,2026-09-21 04:52:59.577652+00,2026-09-21 04:52:59.577655+00
DAILY20260918C146,eb8f168c-1dd0-4e0f-94c0-3d8574d2b1b7,b4a82d36-40f8-4e62-acd0-b91cad9f2dae,357e2e09-b637-468e-818b-57a5dce18e9c,,PTP_SET,HIGH,5570,0,0,2026-09-21,75,f,1,5,,,FIELD,,,,,,f,,,,7940ad75-227d-48d4-8b20-ce7c7938ff06,2026-09-18 06:49:34.855537+00,2026-09-21 06:09:26.698135+00
DAILY20260907C178,b3e7e876-57b8-46f7-b267-86171acea2f6,79466c36-e70c-4730-aefb-6e586efe56fa,,,UNASSIGNED,HIGH,8310,0,0,2026-09-07,75,f,0,5,,,FIELD,,,,,,f,,,,796c08f4-bcd6-4d19-8a81-f82b30aad89f,2026-09-07 04:59:06.842824+00,2026-09-07 04:59:06.842827+00
DAILY20260907C130,0d3434c7-a76f-4d6e-9ce9-76b8b38e27d4,5baa0d6b-0017-4cb2-8bf6-0c57c16b5b7d,c33350cc-f581-492e-807f-14262d56ebcb,,PARTIALLY_PAID,CRITICAL,24250,4184.76,0,2026-09-18,95,f,1,5,,,NPA_RECOVERY,,,,,,f,,,,7a76194c-91ef-4ffc-bdb0-53df184bc555,2026-09-07 04:59:06.567587+00,2026-09-21 05:55:24.558997+00
CASE0000035,e8d521a4-2a1e-4633-adb6-a450b92c7c87,6ccffa1d-2a3b-4cb7-a654-e3815f514735,2b6de8aa-0976-4be0-8a40-043ff86ffa54,,PAID,LOW,3710,3710,0,2026-08-25,28.48,t,1,4,,,FIELD,,,,Partial payment of overdue attempted by customer at branch — reversed due to shortfall.,,f,,,,7a7d3afd-2cab-4ebb-98e0-4f64e0796e8a,2026-08-27 11:28:00.999154+00,2026-09-02 15:27:19.035334+00
CASE0000538,e03b72b6-339d-439d-a8f1-bcca7c80df79,cc089159-81cd-4f24-bb32-a0d0103e3493,c37b6a5c-9d1c-46d4-8ece-dfce290dc74b,,ESCALATED,CRITICAL,18830,0,0,2026-09-04,96.64,t,4,3,,,NPA_RECOVERY,2026-04-21,,,Partial payment of overdue attempted by customer at branch — reversed due to shortfall.,,t,,,,7aa50eb4-da1f-4f56-ace7-8c5c24e2a212,2026-08-27 11:28:06.08491+00,2026-09-03 10:17:46.864447+00
DAILY20260921C38,891c60d5-8d1b-4c52-8f74-a5b39c681f84,13ca511f-3b4e-4df4-b17a-ace1782478f5,c37b6a5c-9d1c-46d4-8ece-dfce290dc74b,,IN_PROGRESS,HIGH,23050,0,0,2026-09-21,75,f,1,5,,,FIELD,,,,,,f,,,,7ab22ca7-91cc-40ad-be95-4ee439b90d47,2026-09-21 04:52:59.607692+00,2026-09-21 06:09:27.157201+00
CASE0000268,f0e828df-dd39-4105-9fbd-edbff7159e3f,ea68ee5a-9bb6-4f8c-b61b-5cb86c87ab2e,3aa13103-bd03-4578-9292-44d88d58da00,,PARTIALLY_PAID,MEDIUM,40540,30807.21,0,2026-08-26,26.98,t,2,5,,,FIELD,2026-05-05,,,Co-applicant details on file. May respond if approached together.,,f,,,,7ae223e3-451b-4ff2-a8db-033357dc61c2,2026-08-27 11:28:02.786819+00,2026-09-21 09:28:23.737259+00
DAILY20260907C168,da791c96-4409-42cc-a3dc-3ba590b281ad,35cb8954-d00d-4f8f-9d9b-8875610822b1,,,UNASSIGNED,HIGH,6610,0,0,2026-09-07,75,f,0,5,,,FIELD,,,,,,f,,,,7ae3727f-f322-4b10-ac1e-df4159b6f34a,2026-09-07 04:59:06.780467+00,2026-09-07 04:59:06.78047+00
CASE0000460,d0c40131-ea6a-4885-a8a9-8170216f2819,548ca334-7008-4686-8b47-96591923b97b,2dfc73e0-dba9-4aa5-babf-d5141ded5497,,ESCALATED,MEDIUM,7990,0,0,2026-08-27,22.35,t,2,3,,,FIELD,,,,Previous agency attempt closed with no resolution. Fresh allocation.,,t,,,,7af24473-7a11-467b-a4a6-6fa0f202334c,2026-08-27 11:28:04.809976+00,2026-09-21 09:28:23.73726+00
DAILY20260921C185,16414e5d-e97b-46fb-b395-b7d3f75ddfc1,b3071869-3bf5-4a39-b072-db1170011bf3,3e9c4168-1de9-43e8-b9f2-fbf3f931949d,,PAID,CRITICAL,49610,49610,0,2026-09-21,95,f,1,5,2026-09-21 08:48:00+00,Paid in full at doorstep,NPA_RECOVERY,,,,,,f,,,,7b1212df-d523-48b3-8394-e43dd312bc9d,2026-09-21 04:53:00.726263+00,2026-09-21 06:09:25.868581+00
DAILY20260918C71,b0ec672c-9c94-4a8a-8202-228933e83a90,f4f6dc8b-1b28-45f8-adec-1eaafb26c651,,,UNASSIGNED,CRITICAL,31460,0,0,2026-09-18,95,f,0,5,,,NPA_RECOVERY,,,,,,f,,,,7b25f969-6157-479d-bb70-461410634229,2026-09-18 06:49:34.402425+00,2026-09-18 06:49:34.402428+00
DAILY20260921C60,fa879272-fdc5-403a-8d97-2c85da89caaa,ac459bc7-7753-4a1c-b3a0-7c96fb5f83d9,,,UNASSIGNED,MEDIUM,22020,0,0,2026-09-21,45,f,0,5,,,FIELD,,,,,,f,,,,7b37c2b6-89ee-473a-9b9f-8550967f9e0e,2026-09-21 04:52:59.723505+00,2026-09-21 07:24:02.321463+00
DAILY20260828C02,802f9b80-c985-4f5d-8b9f-eb9b8b36dd3f,ddda6f00-2fec-48c9-9420-b0180d6bc979,8e59153e-dc8e-4efa-af65-1db304a6f3f1,,PAID,HIGH,14730,14730,0,2026-09-01,51,f,1,5,2026-09-01 09:40:00+00,,FIELD,,,,,,f,,,,7bc9127a-177a-463a-a613-6849e517fd09,2026-08-28 15:48:57.07718+00,2026-09-03 05:17:22.10395+00
CASE0000707,8f142b89-8c4a-43a3-ad04-f247417e775d,a932c992-de97-4e51-aa1f-26f577d076c1,2dfc73e0-dba9-4aa5-babf-d5141ded5497,,PAID,LOW,2610,2610,0,2026-08-27,23.59,f,3,5,2026-09-01 05:52:00.181768+00,,FIELD,,,,,,f,,,,7bd447a1-3659-4eda-a558-5383c7cebdfc,2026-08-27 11:28:08.367599+00,2026-09-02 15:27:19.038725+00
CASE0000077,eb5373d3-667c-4bd0-9d69-4c9fb6d70086,cbc9a22d-ab31-4b68-8de0-f1f29849e94f,c2f2e0ce-5aeb-4ece-8325-2167edfe139e,,PARTIALLY_PAID,MEDIUM,49750,33234.64,0,2026-09-21,29.49,t,5,4,,,FIELD,2026-07-17,,,,,f,,,,7c0bce40-35dd-43b5-a38b-4e513d67651c,2026-08-27 11:28:01.133864+00,2026-09-21 09:28:23.73726+00
DAILY20260903C48,64f50958-06c6-43f9-8c82-736fc3e1c9ec,12ae0300-7cd5-4b3c-904f-93f09a7d3c9b,,,UNASSIGNED,MEDIUM,5750,0,0,2026-09-03,45,f,0,5,,,FIELD,,,,,,f,,,,7c170009-3dc5-4524-b468-aa19242a960c,2026-09-02 15:33:15.7571+00,2026-09-02 15:33:15.7571+00
CASE0000067,ccb9773a-386d-40ba-897a-6749f16e61e4,77439b2e-9dbe-4508-a3dd-758a4840a3c9,a13886ca-739b-47b4-a473-724e03f7332a,,PAID,LOW,2690,2690,0,2026-08-08,23.33,t,1,4,2026-08-13 00:00:00+00,,FIELD,,,,,,f,,,,7c212083-a481-4c99-86bb-f68143a9266b,2026-08-27 11:28:01.09557+00,2026-09-02 15:27:19.044055+00
CASE0000670,8018e1c1-c98e-4792-8adf-acf30f04e3f7,6e5e2e22-e988-49ba-a6ac-b972a239c7d9,cd9e6eca-028e-4c61-8e82-048327bc4476,,PTP_SET,HIGH,26640,16369.04,0,2026-09-18,73.88,t,5,4,,,PRE_LEGAL,2026-02-26,,,,,f,,,,7ca8c218-7e88-4ee8-b17a-f8748618f9e7,2026-08-27 11:28:08.042392+00,2026-09-18 06:37:22.493181+00
DAILY20260907C93,4f791e48-c001-4585-942f-114ab4b6a55e,c09945e7-9ab1-4eac-8ab3-440d3b334f6c,a13886ca-739b-47b4-a473-724e03f7332a,,ASSIGNED,CRITICAL,58930,0,0,2026-09-18,95,f,0,5,,,NPA_RECOVERY,,,,,,f,,,,7cb5454c-c3dc-4189-bd84-ce5fda48d86f,2026-09-07 04:59:06.352501+00,2026-09-18 04:47:13.710265+00
DAILY20260921C114,7574bb48-06da-4fae-b8aa-e0cca859119c,cdee8383-c125-4c64-9adf-3ffa4d494506,,,UNASSIGNED,MEDIUM,27050,6639.05,0,2026-09-21,45,f,1,5,,,FIELD,,,,,,f,,,,7ce27b52-1187-431c-944e-4423472c22a1,2026-09-21 04:53:00.149201+00,2026-09-21 07:24:02.321464+00
CASE0000507,d5044408-d977-4e21-92a6-6a6b695b9164,e4099e4c-3674-4534-bb50-5f255ff2b4a5,a2e2555c-f597-43af-a77a-fe708f967218,,PAID,MEDIUM,23040,23040,0,2026-04-18,42.3,t,3,5,2026-04-24 00:00:00+00,,FIELD,,,,,,f,,,,7d320cac-116a-4fca-91e3-21aeb3e7b44e,2026-08-27 11:28:05.837856+00,2026-09-03 05:17:22.11097+00
CASE0000511,9fd94f19-0418-4061-a80c-b65386790fb9,1d6e15b2-913a-4ceb-bbed-0849838af6d2,a13886ca-739b-47b4-a473-724e03f7332a,,PAID,CRITICAL,28130,28130,0,2026-08-27,100,t,3,3,2026-08-27 14:54:00+00,,FIELD,,,,Bank field agent visited twice — no contact. Escalated to recovery agency.,,f,,,,7d70e38d-db1f-4c51-ab35-52d8d59a2df2,2026-08-27 11:28:05.871866+00,2026-09-02 15:27:19.044055+00
DAILY20260918C15,b12e7367-547a-4dd9-9d49-5c5d83a7c1f6,b74100ef-15b6-44fc-b317-834651c20967,3aa13103-bd03-4578-9292-44d88d58da00,,IN_PROGRESS,MEDIUM,48090,0,0,2026-09-21,45,f,1,5,,,FIELD,,,,,,f,,,,7d8df3bd-4b98-4d7a-9757-35ab0a3b680a,2026-09-18 06:49:34.103439+00,2026-09-21 06:09:27.190871+00
CASE0000523,39a9292a-e237-472a-bb6d-20dc92274a73,2a107b17-3ebc-4b6b-9d99-5783252c3d51,a2e2555c-f597-43af-a77a-fe708f967218,,PARTIALLY_PAID,MEDIUM,15920,14575.78,0,2026-08-27,63.86,t,2,5,,,FIELD,,,,,,f,,,,7de5dca0-befd-411c-b810-4feca8cee150,2026-08-27 11:28:05.974817+00,2026-09-21 09:28:23.737261+00
DAILY20260906C162,87348058-550b-4ff3-bde3-4b765b56756c,e1ff171d-78ea-438b-9b20-9afee2da5152,,,UNASSIGNED,HIGH,3770,0,0,2026-09-06,75,f,0,5,,,FIELD,,,,,,f,,,,7df934d8-e3b1-41f0-93ef-2e1450f41eb3,2026-09-06 13:30:49.797109+00,2026-09-06 13:30:49.797112+00
CASE0000379,fd9040a4-411f-4166-91ca-41b5b158f218,a54019df-8d2b-473e-9b19-2e093e6b945b,b06cd5a3-f1c0-4cdb-b241-9ce2d6c5e791,,IN_PROGRESS,MEDIUM,53430,0,0,2026-09-01,100,t,2,5,,,FIELD,2026-04-24,,,,,f,,,,7e014fb7-638d-45e1-8452-3f87b896cd61,2026-08-27 11:28:04.15243+00,2026-09-21 09:28:23.737262+00
DAILY20260903C15,ff8f6e04-e648-490b-9273-37c9f4f17730,230581d9-da5f-4e36-b3f5-1341858c404a,,,UNASSIGNED,HIGH,4670,0,0,2026-09-03,75,f,0,5,,,FIELD,,,,,,f,,,,7e06a657-99b8-4636-aa6d-45b04e48fc7f,2026-09-02 15:33:15.61982+00,2026-09-02 15:33:15.61982+00
CASE0000639,4ebd4493-2e36-49cd-b2b7-f0838465d0e5,e683c1aa-9f4b-41fe-a914-ccf6147a32b9,3aa13103-bd03-4578-9292-44d88d58da00,,PAID,MEDIUM,10330,10330,0,2026-03-12,35.05,t,2,3,2026-03-20 00:00:00+00,,FIELD,,,,,,f,,,,7e11458d-c812-46e8-af48-d562d3b7d4a6,2026-08-27 11:28:07.786195+00,2026-09-03 05:17:22.113111+00
CASE0000429,4bd7b5e4-b853-4646-9e8d-f0d0e3bffa6f,4dbf0f3b-04ed-4ce4-891f-251802f5241d,3e9c4168-1de9-43e8-b9f2-fbf3f931949d,,PAID,CRITICAL,25900,25900,0,2026-08-25,100,t,3,5,2026-09-01 05:52:00.181768+00,,PRE_LEGAL,2026-04-24,,,,,f,,,,7e164cf7-adb1-4fc2-b798-e754091c0a2a,2026-08-27 11:28:04.571148+00,2026-09-03 05:17:22.114119+00
DAILY20260903C161,41ac982a-9965-4420-99d3-0965472dce91,155b5bd7-b141-496f-9a5a-d23d11f120b9,cd9e6eca-028e-4c61-8e82-048327bc4476,,PARTIALLY_PAID,MEDIUM,7200,2379.06,0,2026-09-17,45,f,1,5,,,FIELD,,,,,,f,,,,7e1acc1b-b562-4cb2-9db6-1ceb1e489889,2026-09-02 15:33:16.200157+00,2026-09-21 05:55:24.559+00
DAILY20260903C189,7a2eaf31-53fa-476d-931c-da54075e9c8f,a2c8f907-0ef7-4bb8-84eb-bd97bddd3b43,,,UNASSIGNED,HIGH,6990,0,0,2026-09-03,75,f,0,5,,,FIELD,,,,,,f,,,,7e32f6c0-ce8d-4ab1-bb1f-c55ec04766bd,2026-09-02 15:33:16.301408+00,2026-09-02 15:33:16.301408+00
CASE0000183,484210c8-33de-4f32-82fc-dc8fc87f7825,0c522f7e-6779-4e66-851e-9925d74e4c78,3e9c4168-1de9-43e8-b9f2-fbf3f931949d,,PAID,MEDIUM,6330,6330,0,2026-08-25,44.01,t,2,3,2026-09-01 05:52:00.181768+00,,PRE_LEGAL,,,,,,f,,,,7e5d5916-19dc-4987-871a-2fd3e308e2ad,2026-08-27 11:28:01.850835+00,2026-09-03 05:17:22.114119+00
CASE0000521,b0b63f01-f844-40f7-b276-5e6b6805959a,ca2a0590-6424-45fb-8f7a-11ab549edad2,a13886ca-739b-47b4-a473-724e03f7332a,,ESCALATED,CRITICAL,16620,0,0,2026-05-01,100,t,3,5,,,LEGAL,,,,,,t,,,,7e630465-554e-4d6a-b9f5-2785c7e05f8f,2026-08-27 11:28:05.954891+00,2026-09-03 05:19:14.261943+00
CASE0000126,c52e3c3a-f668-409c-b38e-eacfaafb3285,3f5dcbd6-44ff-4050-a51f-2f899afae8a5,cd9e6eca-028e-4c61-8e82-048327bc4476,,PAID,HIGH,19930,19930,0,2026-07-11,65.75,f,1,4,2026-07-24 00:00:00+00,,FIELD,,,,,,f,,,,7e6a068c-81ea-4d8d-bfd9-5568ca5914bd,2026-08-27 11:28:01.429778+00,2026-09-03 05:17:22.11612+00
CASE0000217,f06083e4-2736-46a2-b92a-2ec8b808dcd2,ba680cd4-91a9-4bc6-ab4e-4e526830005b,2dfc73e0-dba9-4aa5-babf-d5141ded5497,,PARTIALLY_PAID,HIGH,19120,16862.63,0,2026-08-25,45.76,t,2,5,,,PRE_LEGAL,,,,Partial payment of overdue attempted by customer at branch — reversed due to shortfall.,,t,,,,7ea303b1-f01b-4927-a4e4-6c36e1431481,2026-08-27 11:28:02.070198+00,2026-09-21 09:28:23.737262+00
CASE0000546,2a15516f-d306-43e7-9555-1ce7dc5b5296,e5040fbf-6099-4864-b6e8-49a60bcca331,c6ca60b7-2143-412b-887e-c30ae9cda031,,PTP_SET,MEDIUM,63560,20835.45,0,2026-09-17,100,t,4,4,,,FIELD,,,,,,t,,,,7ec158f4-1f70-44f4-acdb-8edf6d8b9657,2026-08-27 11:28:06.145102+00,2026-09-21 09:28:23.737263+00
DAILY20260903C100,bc18849a-7566-46c4-9973-aa3dd513aced,c87928bc-7104-4eb0-815a-5187a7c7eca6,,,UNASSIGNED,CRITICAL,7640,0,0,2026-09-03,95,f,0,5,,,NPA_RECOVERY,,,,,,f,,,,7eccb8df-b5b8-4216-b08b-b27bbc0b7517,2026-09-02 15:33:15.968218+00,2026-09-02 15:33:15.968218+00
DAILY20260903C156,fec336c0-9db1-4b29-b784-a78d4140cb46,1a2b7fd1-e734-49a3-9748-0dabd241b591,,,UNASSIGNED,CRITICAL,7370,0,0,2026-09-03,95,f,0,5,,,NPA_RECOVERY,,,,,,f,,,,7effa7a6-ead2-4ff5-9796-cf5cd0dc898d,2026-09-02 15:33:16.184769+00,2026-09-02 15:33:16.184769+00
DAILY20260907C03,ab7c4c94-0e41-4973-8a69-dfc55303df12,801a37d9-a5fc-4027-a9ec-56d50a5aa7f6,e9dced65-f61b-4c24-bae7-d4170299ed46,,PAID,CRITICAL,31720,31720,0,2026-09-21,95,f,1,5,2026-09-21 03:34:00+00,Paid in full at doorstep,NPA_RECOVERY,,,,,,f,,,,7f04975c-6b12-42ab-b616-9887acfd3418,2026-09-07 04:59:05.739176+00,2026-09-21 06:09:25.582535+00
CASE0000529,30226d3a-2d1e-4854-9b00-46ea0cd54d7e,251e903a-ba61-47c3-a624-b064b123779c,2dfc73e0-dba9-4aa5-babf-d5141ded5497,,PARTIALLY_PAID,CRITICAL,4560,2728.99,0,2026-09-02,100,t,3,5,,,NPA_RECOVERY,,,,,,f,,,,7f1013df-c0da-4abe-b60c-9a468a1dbc95,2026-08-27 11:28:06.020758+00,2026-09-03 05:17:22.117123+00
CASE0000104,24b5cb1d-9037-4cd9-85f4-2c9cf2ee1daa,badb50c4-1728-465e-85ea-4b1a203404a5,5fbae4d6-59d1-4e6c-8a80-fe57244a45bb,,PARTIALLY_PAID,CRITICAL,46980,40414.23,0,2026-09-17,100,t,3,3,,,NPA_RECOVERY,,,,,,f,,,,7f5bab5a-5be9-476c-a7db-2998e9c530ef,2026-08-27 11:28:01.232964+00,2026-09-21 05:55:24.561061+00
CASE0000696,0b2c8dd8-f345-4d01-94f7-6c59689252ce,8457ea0a-02f5-41d0-8387-b2019389d5bb,3aa13103-bd03-4578-9292-44d88d58da00,,ESCALATED,HIGH,8590,0,0,2026-03-24,36.04,t,2,5,,,PRE_LEGAL,,,,,,t,,,,7f652b3c-97b3-489b-b19a-284d671c061d,2026-08-27 11:28:08.276454+00,2026-09-21 09:28:23.737263+00
DAILY20260906C11,1ddc5885-852d-4521-a60d-909f9a9c6908,c816a65a-5ad5-49cd-872e-b7afe295a531,,,UNASSIGNED,HIGH,2390,0,0,2026-09-06,75,f,0,5,,,FIELD,,,,,,f,,,,7f8fdfc2-4490-42fa-a60b-e9447115186a,2026-09-06 13:30:48.72435+00,2026-09-06 13:30:48.724353+00
DAILY20260906C147,6111289c-188c-4024-b378-4d309db726dc,24772652-d994-4fc0-8cdc-0a86302d0c8b,3aa13103-bd03-4578-9292-44d88d58da00,,PTP_SET,MEDIUM,30400,12404.05,0,2026-09-16,45,f,1,5,,,FIELD,,,,,,f,,,,7f9d4bc3-17fa-4bfe-bc18-89149994ca41,2026-09-06 13:30:49.698495+00,2026-09-17 06:31:13.004159+00
CASE0000356,9d36153b-9490-468e-8f0c-6acd4b668a26,249effaa-b709-4c2a-b3c1-e5c118ecefe2,5fbae4d6-59d1-4e6c-8a80-fe57244a45bb,,PTP_SET,CRITICAL,17080,5853.47,0,2026-09-17,100,f,4,5,,,LEGAL,,,,,,t,,,,7fa68fdc-8fb6-4811-89fe-76519d76eef6,2026-08-27 11:28:03.496658+00,2026-09-17 06:31:13.118963+00
DAILY20260921C84,dc9dfe4a-4f7e-4e79-9c02-cbae590e8aec,46d5807d-635d-4403-ab44-7fd19becf8f7,,,UNASSIGNED,CRITICAL,6200,0,0,2026-09-21,95,f,0,5,,,NPA_RECOVERY,,,,,,f,,,,7fea0c01-86e5-4c09-8654-7c477927b6a1,2026-09-21 04:52:59.866862+00,2026-09-21 04:52:59.866867+00
DAILY20260903C92,9085200a-f7d6-450d-80b4-ce41a836a6fc,6c6b363d-6eea-48f7-bf6f-b6ecd38bc9d3,c33350cc-f581-492e-807f-14262d56ebcb,,PTP_SET,HIGH,30740,8323.57,0,2026-09-18,75,f,2,5,,,FIELD,,,,,,f,,,,7ff1d5f4-a4c4-495a-9e14-23978ad7072d,2026-09-02 15:33:15.944152+00,2026-09-18 06:37:22.271649+00
DAILY20260918C68,bc40e4a2-d7d0-43a1-b413-2c9941bd5d2c,cb566304-d377-4020-99e3-e7324630da52,c2f2e0ce-5aeb-4ece-8325-2167edfe139e,,ASSIGNED,MEDIUM,14630,0,0,2026-09-21,45,f,0,5,,,FIELD,,,,,,f,,,,7ffbec7b-ed25-4adb-8caf-bd7265f61f42,2026-09-18 06:49:34.386304+00,2026-09-21 05:55:24.561635+00
DAILY20260903C164,1216f151-7a98-47d0-9429-0927237354c5,37e02029-56ae-42e4-8d21-97306c4881c9,8e59153e-dc8e-4efa-af65-1db304a6f3f1,,PAID,CRITICAL,54580,54580,0,2026-09-18,95,f,2,5,2026-09-18 09:09:00+00,Paid in full at doorstep,NPA_RECOVERY,,,,,,f,,,,7ffe8337-d842-40bf-86a1-ec35033c945c,2026-09-02 15:33:16.200157+00,2026-09-18 06:37:21.519699+00
DAILY20260906C112,2a4b6f17-7541-4f59-982f-70b477d54657,5ea58c50-3bed-468c-aff5-1310310bc63b,3aa13103-bd03-4578-9292-44d88d58da00,,PTP_SET,HIGH,20090,8112.81,0,2026-09-18,75,f,1,5,,,FIELD,,,,,,f,,,,80307e9a-8b7e-4e71-b038-325d5f18d8ca,2026-09-06 13:30:49.473441+00,2026-09-18 06:37:22.471199+00
DAILY20260907C75,32d2709c-8d88-4d5b-899a-10a66a6aeb7c,97652496-981c-4232-abcb-fc2459451c08,,,UNASSIGNED,MEDIUM,11510,0,0,2026-09-07,45,f,0,5,,,FIELD,,,,,,f,,,,809544b6-ba54-43b5-8f7d-b4ba8804947f,2026-09-07 04:59:06.245643+00,2026-09-07 04:59:06.24565+00
CASE0000633,bad3f7d3-7bf5-4374-a30c-4af959f6eb0a,89033730-a589-45d7-a8c2-2afbbf7f99b5,3e9c4168-1de9-43e8-b9f2-fbf3f931949d,,PARTIALLY_PAID,CRITICAL,17770,9684.61,0,2026-09-02,100,f,2,5,,,NPA_RECOVERY,,,,Business borrower — shop visit recommended. Morning hours more effective.,,f,,,,80f5c6a0-0ebc-456b-b9dd-d9f9481b96c7,2026-08-27 11:28:07.733572+00,2026-09-03 05:17:22.117123+00
DAILY20260921C93,64e29f32-1dd5-4574-87c6-5287e2fa8c3e,ce15069e-a65f-45ed-84ef-b9bede837244,,,UNASSIGNED,CRITICAL,11040,0,0,2026-09-21,95,f,0,5,,,NPA_RECOVERY,,,,,,f,,,,8121ad25-b328-48b6-8d58-08288e77db9c,2026-09-21 04:52:59.934517+00,2026-09-21 04:52:59.93452+00
CASE0000158,3a7c144c-c15a-4a83-8de0-c68126435e7f,eb93c208-3d6e-4f5b-ad09-76aacc1f1565,4a182f53-a1a1-4f15-945a-6a56f4e04b64,,IN_PROGRESS,MEDIUM,3690,0,0,2026-08-26,20.62,t,2,4,,,FIELD,,,,,,f,,,,8152834f-5dae-412b-bb14-0438ec5b69a0,2026-08-27 11:28:01.683792+00,2026-09-21 09:28:23.737264+00
CASE0000403,0206ed96-6702-4d9b-8861-5ca0019ddc4f,2f512eb0-bce2-4170-a2b5-36cd562cc688,a2e2555c-f597-43af-a77a-fe708f967218,,PAID,HIGH,9240,9240,0,2026-05-25,62.15,t,2,5,2026-09-01 05:52:00.181768+00,,FIELD,2026-04-19,,,Borrower is cooperative per branch records but cash-strapped. Willing to negotiate.,,f,,,,81a27a01-8a5b-4b9f-a0b6-d289220480dd,2026-08-27 11:28:04.350721+00,2026-09-03 05:17:22.120119+00
CASE0000678,ac3e9e9a-7166-4967-a92f-c7a9e44550d2,dc6ec10c-43e2-4289-88b3-07427cf0cef5,3aa13103-bd03-4578-9292-44d88d58da00,,PAID,MEDIUM,7030,7030,0,2026-04-01,53.63,t,3,5,2026-03-28 00:00:00+00,,FIELD,,,,Customer had good repayment history until Q3 2022. Defaulted post job loss.,,f,,,,81a526e2-3990-4e09-b07a-049b311b4072,2026-08-27 11:28:08.114746+00,2026-09-03 05:17:22.120119+00
DAILY20260903C110,e272ebaf-99a7-4838-860d-aad37a974386,9ff394eb-df77-4a11-a278-5eb3b7ba01b6,2dfc73e0-dba9-4aa5-babf-d5141ded5497,,IN_PROGRESS,CRITICAL,13140,0,0,2026-09-21,95,f,1,5,,,NPA_RECOVERY,,,,,,f,,,,81c1d6e5-5f55-45dc-80af-a05616c04ef6,2026-09-02 15:33:16.01259+00,2026-09-21 06:09:27.279288+00
CASE0000468,0206ed96-6702-4d9b-8861-5ca0019ddc4f,775cdd25-33e5-4548-894c-19587a0f68f9,c6ca60b7-2143-412b-887e-c30ae9cda031,,PARTIALLY_PAID,CRITICAL,4390,2865.31,0,2026-09-11,100,t,3,3,,,NPA_RECOVERY,,,,Business borrower — shop visit recommended. Morning hours more effective.,,t,,,,82017589-4410-4904-bed8-b44598dbaa64,2026-08-27 11:28:04.866556+00,2026-09-11 04:55:07.61806+00
DAILY20260906C62,7463cf7b-4bf8-4ce3-952e-a71c229cff19,9a7e6a82-b630-4e93-b0bc-5425b9c3c48c,,,UNASSIGNED,CRITICAL,3160,0,0,2026-09-06,95,f,0,5,,,NPA_RECOVERY,,,,,,f,,,,8218c18c-126f-4cc9-890d-76bcf58adf10,2026-09-06 13:30:49.171059+00,2026-09-06 13:30:49.171062+00
DAILY20260906C151,9edea533-4303-421a-8836-3bc1d841615b,7f2c71d7-7898-47d6-bb16-f60ed7542d3e,,,UNASSIGNED,MEDIUM,1240,0,0,2026-09-06,45,f,0,5,,,FIELD,,,,,,f,,,,83104270-66fb-4a17-b049-25cee75c8ae9,2026-09-06 13:30:49.724752+00,2026-09-06 13:30:49.724755+00
DAILY20260906C31,6ed797c6-1d93-4ddd-8fb6-f1171df05a08,2d127fd2-7575-4eb3-b4f6-1d53cb7b0c9c,c6ca60b7-2143-412b-887e-c30ae9cda031,,PARTIALLY_PAID,HIGH,27480,11341.38,0,2026-09-21,75,f,2,5,,,FIELD,,,,,,f,,,,832180a5-65b9-4d90-bb8b-b32cce32c52d,2026-09-06 13:30:48.862701+00,2026-09-21 06:09:26.166026+00
DAILY20260918C133,e7c9bbf7-a8e3-4c1f-9208-7cb6767e2962,f29c2150-dbb2-44db-a264-789906d6be5a,,,UNASSIGNED,CRITICAL,25450,0,0,2026-09-18,95,f,0,5,,,NPA_RECOVERY,,,,,,f,,,,8329e39f-4d20-4cb5-b43f-c69cbdcc7514,2026-09-18 06:49:34.785346+00,2026-09-18 06:49:34.785351+00
DAILY20260921C108,c43fde5f-db87-40bc-98e8-70ca4fd356cd,17359f44-62db-4992-b18f-04ed2e053feb,,,UNASSIGNED,MEDIUM,6350,0,0,2026-09-21,45,f,0,5,,,FIELD,,,,,,f,,,,8330f3db-8fd6-425e-b376-54bbb9695b56,2026-09-21 04:53:00.062592+00,2026-09-21 04:53:00.062596+00
CASE0000196,2941db57-a823-4c8c-81df-42d797c63d2c,3a1246da-0fc8-4375-a91e-9422d154adde,c6ca60b7-2143-412b-887e-c30ae9cda031,,ESCALATED,CRITICAL,11340,0,0,2026-07-28,54.59,t,1,3,,,LEGAL,,,,Customer had good repayment history until Q3 2022. Defaulted post job loss.,,t,,,,83339467-f1d1-4f90-abd9-c87c9ef445ab,2026-08-27 11:28:01.930624+00,2026-09-21 09:28:23.737264+00
CASE0000558,b0b75c27-9481-449b-8497-bf3716cf0ea8,5ac92066-69b4-410c-8a48-e2606ad0525d,5fbae4d6-59d1-4e6c-8a80-fe57244a45bb,,PARTIALLY_PAID,MEDIUM,4280,2066.09,0,2026-09-02,100,f,3,4,,,FIELD,,,,,,t,,,,83964713-95e2-488d-8034-b75744c78c1e,2026-08-27 11:28:06.258042+00,2026-09-21 09:28:23.737265+00
DAILY20260906C114,fcacc73a-8a8c-4af5-9fd6-d61f0c12b649,88e1a01b-3475-4d59-92ed-cbb2fb7ffe99,,,UNASSIGNED,CRITICAL,8080,0,0,2026-09-06,95,f,0,5,,,NPA_RECOVERY,,,,,,f,,,,83b24112-cebb-4c52-a130-096f0494b272,2026-09-06 13:30:49.486216+00,2026-09-06 13:30:49.486221+00
CASE0000160,275400d3-f21d-416d-85ea-fa23b85053dd,5c1e5558-9586-4d31-9504-dfcc6c6b32c3,3e9c4168-1de9-43e8-b9f2-fbf3f931949d,,PAID,MEDIUM,16940,16940,0,2026-09-02,42.38,t,3,5,2026-09-02 09:37:00+00,,FIELD,,,,,,f,,,,840f0308-1ee3-47f1-8d0c-c2ab2fa4d876,2026-08-27 11:28:01.694046+00,2026-09-03 05:17:22.121128+00
CASE0000649,830d42f9-f1de-4f55-b7ee-e33edae0c1d3,f1e4b15b-d9cd-426d-9356-e56f286f8188,3aa13103-bd03-4578-9292-44d88d58da00,,ESCALATED,CRITICAL,18430,0,0,2026-04-07,100,t,2,4,,,NPA_RECOVERY,,,,,,t,,,,842412e8-15a4-4d91-9029-0234aa59abfd,2026-08-27 11:28:07.874532+00,2026-09-03 05:17:22.121128+00
DAILY20260907C91,f3cba88a-55d9-4966-ba08-e4f2bcf1070b,58b49987-1a86-4c09-8685-03eff042e896,,,UNASSIGNED,HIGH,14590,0,0,2026-09-07,75,f,0,5,,,FIELD,,,,,,f,,,,843865ef-024f-4f2d-82df-3dcf57c8bc93,2026-09-07 04:59:06.341755+00,2026-09-07 04:59:06.341758+00
DAILY20260907C112,19ea22ac-532f-41c1-86e4-cef4f1d0b350,5e7cb378-07c1-4f13-9522-79b7c09ca84c,2dfc73e0-dba9-4aa5-babf-d5141ded5497,,PARTIALLY_PAID,CRITICAL,29330,11697.63,0,2026-09-18,95,f,1,5,,,NPA_RECOVERY,,,,,,f,,,,847d6a94-ac2d-49bd-a272-cc11ad9dd1e1,2026-09-07 04:59:06.471122+00,2026-09-21 05:55:24.562335+00
DAILY20260918C70,15c4cd98-3924-4294-92c7-3ce406943f72,800c0522-d517-4285-90a2-9206f1289f86,,,UNASSIGNED,HIGH,7490,0,0,2026-09-18,75,f,0,5,,,FIELD,,,,,,f,,,,848039f6-c276-4477-847b-48878cc7dfb0,2026-09-18 06:49:34.396569+00,2026-09-18 06:49:34.396572+00
DAILY20260921C29,6317229f-33e6-46e7-bce7-2135c631a696,338af6eb-7a1b-463f-9224-2afa0f0a141d,c37b6a5c-9d1c-46d4-8ece-dfce290dc74b,,ASSIGNED,MEDIUM,25320,0,0,2026-09-21,45,f,0,5,,,FIELD,,,,,,f,,,,84ba193a-3574-4ade-9cc0-0b837d632296,2026-09-21 04:52:59.561859+00,2026-09-21 05:17:11.614218+00
CASE0000434,c77e10a4-659a-45bc-b298-17404f303324,7ea2436c-e95f-4bcf-8828-f0086ea559c2,2dfc73e0-dba9-4aa5-babf-d5141ded5497,,PARTIALLY_PAID,HIGH,20880,19136.93,0,2026-08-27,79.85,f,3,5,,,PRE_LEGAL,2026-05-01,,,,,f,,,,84cf0e65-84f0-4d57-bf8f-74dbb3e22d5e,2026-08-27 11:28:04.609707+00,2026-09-03 05:17:22.121128+00
DAILY20260907C12,ce00aa20-d523-4926-9c60-3fea55756edc,f0ba12e3-51d2-4d63-86ce-5306ccde124b,cd9e6eca-028e-4c61-8e82-048327bc4476,,PTP_SET,CRITICAL,11800,0,0,2026-09-17,95,f,1,5,,,NPA_RECOVERY,,,,,,f,,,,84dfbced-aa92-4d9d-9e4c-f2f5484837b9,2026-09-07 04:59:05.795406+00,2026-09-18 06:37:23.247958+00
DAILY20260918C178,9ad965b5-5ff5-475c-bc28-a96f3f36d1d8,0d750225-22ea-4ca3-bedf-b564e7b95e7f,,,UNASSIGNED,HIGH,8900,0,0,2026-09-18,75,f,0,5,,,FIELD,,,,,,f,,,,84e0f1db-f595-45e1-95de-e5542fa18629,2026-09-18 06:49:35.025123+00,2026-09-18 06:49:35.025125+00
CASE0000562,d23f6808-7ebf-4dba-87d6-0108d1381e9e,821290bb-8bd6-4b5d-aadb-fca96d9f0e6c,3e9c4168-1de9-43e8-b9f2-fbf3f931949d,,PARTIALLY_PAID,MEDIUM,10630,8559.9,0,2026-04-30,25.11,f,3,5,,,FIELD,2026-03-23,,,,,f,,,,84e417ae-38a6-41a5-b755-cedc0eadf9c0,2026-08-27 11:28:06.290011+00,2026-09-21 09:28:23.737266+00
CASE0000634,760964f0-f607-4d9a-a99d-6cc3482bcf2f,c8e52205-a9d9-4ae1-a25c-0e728de8fe19,8e59153e-dc8e-4efa-af65-1db304a6f3f1,,PAID,CRITICAL,49780,49780,0,2026-03-21,100,t,2,3,2026-09-01 05:52:00.181768+00,,PRE_LEGAL,,,,Account flagged for special mention — court case pending. Handle with care.,,f,,,,84fc47d7-5436-4a7c-8322-8e396301c34e,2026-08-27 11:28:07.741752+00,2026-09-03 05:17:22.121128+00
DAILY20260907C51,6baf7bdd-46d0-42ab-a8fe-b24c8b65ad2c,780e29ad-23e6-4167-945d-6de5af271d61,,,UNASSIGNED,CRITICAL,9140,0,0,2026-09-07,95,f,0,5,,,NPA_RECOVERY,,,,,,f,,,,851cb9d1-7309-4a3b-8d33-1d56c10ddb2f,2026-09-07 04:59:06.095657+00,2026-09-07 04:59:06.095659+00
CASE0000513,e0fbf51b-21d4-4b3c-87f8-15692eb0b219,8b58fe61-739a-41c3-956f-03d8c114cfa2,4a182f53-a1a1-4f15-945a-6a56f4e04b64,,PAID,HIGH,4170,4170,0,2026-08-26,76.07,t,3,5,2026-09-01 05:52:00.181768+00,,FIELD,,,,,,f,,,,85267f82-1ce7-446b-93cf-fe7cd09f73f2,2026-08-27 11:28:05.894702+00,2026-09-02 15:27:19.064402+00
DAILY20260907C68,820c7482-fbe2-4ac7-b2d8-14ba743ee310,8f261a91-3d32-4a1c-93cd-4ad111977368,8e59153e-dc8e-4efa-af65-1db304a6f3f1,,PAID,HIGH,29360,29360,0,2026-09-18,75,f,2,5,2026-09-18 04:52:00+00,Paid in full at doorstep,FIELD,,,,,,f,,,,8526cd7e-d33a-4458-bff0-9ecc0e591695,2026-09-07 04:59:06.205777+00,2026-09-18 06:37:21.691538+00
CASE0000553,9e22540f-abc7-46a6-a05c-b5c3a65d69ba,aa4f556c-d0ea-48f3-b413-d854441c98ed,5fbae4d6-59d1-4e6c-8a80-fe57244a45bb,,PAID,LOW,8670,8670,0,2026-05-09,31.39,t,2,5,2026-05-19 00:00:00+00,,FIELD,,,,,,f,,,,85858dd3-a720-4de0-9f80-d4be45351430,2026-08-27 11:28:06.201386+00,2026-09-03 05:17:22.126121+00
CASE0000258,24f406f0-18ea-428e-9360-8b08b5638e21,a4f264d4-e4e6-4077-a9e5-e2b554e1f5d6,c2f2e0ce-5aeb-4ece-8325-2167edfe139e,,PARTIALLY_PAID,MEDIUM,13260,12234.44,0,2026-09-18,22.1,t,5,5,,,FIELD,2026-05-26,,,,,f,,,,85cb7dd0-18c1-494d-85f6-25b742f821a0,2026-08-27 11:28:02.663105+00,2026-09-21 09:28:23.737266+00
DAILY20260906C82,307f320f-f01c-4c72-8edd-e058552c6108,bc154d9f-9849-4e6e-88fa-18dbd33f329b,,,UNASSIGNED,MEDIUM,12340,0,0,2026-09-06,45,f,0,5,,,FIELD,,,,,,f,,,,85f63a84-b097-439a-ae5a-4d5c8cdc24ce,2026-09-06 13:30:49.301582+00,2026-09-06 13:30:49.301585+00
DAILY20260918C16,284fe133-e649-434b-bc0e-d31285bfaa4e,45c1873a-9009-4387-8c74-8853858099f3,,,UNASSIGNED,CRITICAL,30930,0,0,2026-09-18,95,f,0,5,,,NPA_RECOVERY,,,,,,f,,,,864d4cb9-75bf-486a-9c86-891ef83bae59,2026-09-18 06:49:34.108406+00,2026-09-18 06:49:34.108408+00
CASE0000342,65f3b5ba-95e5-4d3d-8310-035453c5d856,799e1879-0521-46ab-92d7-c97163af173c,c6ca60b7-2143-412b-887e-c30ae9cda031,,PARTIALLY_PAID,HIGH,11630,7088.34,0,2026-08-26,91.35,f,3,3,,,PRE_LEGAL,,,,,,f,,,,86525fed-2999-49a3-8668-3270dcbd31fc,2026-08-27 11:28:03.407493+00,2026-09-21 09:28:23.737267+00
CASE0000418,62ca4503-91fd-4e76-a546-66da4597fc2d,1140dec4-3aeb-4138-b71a-55f99aa8377d,a2e2555c-f597-43af-a77a-fe708f967218,,PAID,CRITICAL,20000,20000,0,2026-05-15,100,t,1,5,,,LEGAL,,,,,,f,,,,86535b62-df6b-4425-b3cf-cef873a9ce57,2026-08-27 11:28:04.473278+00,2026-09-03 05:17:22.127277+00
DAILY20260906C60,1b44c196-6b6c-44e3-9ff3-169e8f31e665,a1ed4d7f-6479-456e-ac73-d400b8ce3232,8e59153e-dc8e-4efa-af65-1db304a6f3f1,,PAID,CRITICAL,29420,29420,0,2026-09-17,95,f,1,5,2026-09-18 09:40:00+00,Paid in full at doorstep,NPA_RECOVERY,,,,,,f,,,,8676404a-7c84-4b36-bc00-746798ca4f94,2026-09-06 13:30:49.15692+00,2026-09-18 06:37:21.417811+00
DAILY20260918C64,e7aa3b7b-a866-4972-90ac-dcae8462ca3b,575f177b-356c-4b7b-b3ad-fc3b7667404b,cd9e6eca-028e-4c61-8e82-048327bc4476,,ASSIGNED,HIGH,25810,0,0,2026-09-21,75,f,0,5,,,FIELD,,,,,,f,,,,868b4e3b-cbfc-4312-a6ce-f48ec4a41e41,2026-09-18 06:49:34.363607+00,2026-09-21 04:53:43.229095+00
DAILY20260921C28,54f8c3bb-1dfb-4308-90ab-ed33557dab6f,ca0a6e5a-fbf4-4606-a5ed-8ae437009c0b,c33350cc-f581-492e-807f-14262d56ebcb,,ASSIGNED,MEDIUM,16260,0,0,2026-09-21,45,f,0,5,,,FIELD,,,,,,f,,,,868f7cdf-66c1-483c-a3c3-4594c35ff29a,2026-09-21 04:52:59.555775+00,2026-09-21 05:17:11.61422+00
DAILY20260907C184,3d62650e-409b-4869-9227-eea6f0f1bea8,8a849dab-4ceb-4df3-87e9-69b07487215d,c6ca60b7-2143-412b-887e-c30ae9cda031,,ASSIGNED,CRITICAL,22500,0,0,2026-09-21,95,f,0,5,,,NPA_RECOVERY,,,,,,f,,,,869a0f40-84a4-4206-9a54-e73e4a09efb9,2026-09-07 04:59:06.879819+00,2026-09-21 04:53:43.230601+00
CASE0000590,efc128df-533f-4df9-8a86-8c8de59e0a2d,c289818a-ebcd-4972-b255-7f1adca1af34,357e2e09-b637-468e-818b-57a5dce18e9c,,PARTIALLY_PAID,CRITICAL,1870,1550.3,0,2026-05-05,72.62,t,2,4,,,LEGAL,,,,,,f,,,,86edfc70-8ec2-4112-8fcf-feee239e973a,2026-08-27 11:28:06.509459+00,2026-09-21 09:28:23.737268+00
DAILY20260918C95,19945855-8309-4931-833c-622cebc9a1f7,56cab6a6-f5a0-48bb-a4c9-b6967e9852eb,,,UNASSIGNED,CRITICAL,11090,0,0,2026-09-18,95,f,0,5,,,NPA_RECOVERY,,,,,,f,,,,872bdcc6-8c1e-4a3e-8a0e-f49287250ee9,2026-09-18 06:49:34.55395+00,2026-09-18 06:49:34.553954+00
CASE0000596,9066d603-1a07-4392-8406-478468efec70,ba3b2fa7-bde8-457f-bccd-5a7b98717f61,4a182f53-a1a1-4f15-945a-6a56f4e04b64,,PTP_SET,CRITICAL,28510,0,0,2026-09-17,81.93,f,5,4,,,NPA_RECOVERY,2026-03-13,,,,,f,,,,8731769b-8548-42c9-a7df-31767b32cebd,2026-08-27 11:28:06.556016+00,2026-09-21 09:28:23.737268+00
DAILY20260918C137,c55a9b62-bf99-4461-b90b-d6f131c54f21,0652a586-6953-484e-a4b2-7ed4d17eeab2,c37b6a5c-9d1c-46d4-8ece-dfce290dc74b,,PAID,HIGH,26180,26180,0,2026-09-21,75,f,1,5,2026-09-21 04:51:00+00,Paid in full at doorstep,FIELD,,,,,,f,,,,8751c324-1e29-4524-acf5-18dfae6caa54,2026-09-18 06:49:34.807959+00,2026-09-21 06:09:25.570609+00
CASE0000647,6e41bc48-426c-4fe9-9719-ded346a3f1b8,ff1b8131-7be5-4907-87a1-3b81e1c656cc,5fbae4d6-59d1-4e6c-8a80-fe57244a45bb,,PTP_SET,CRITICAL,46060,41070.54,0,2026-09-18,91.68,f,4,4,,,LEGAL,,,,,,t,,,,877a1b0f-4c8e-4c17-89c2-12292609cba4,2026-08-27 11:28:07.859063+00,2026-09-18 06:37:22.455611+00
CASE0000495,4d74c47e-09f5-498d-a352-4f8cf08845f4,27e7782c-45f5-43eb-86db-d57672919818,c6ca60b7-2143-412b-887e-c30ae9cda031,,PAID,LOW,19780,19780,0,2026-04-16,24.47,f,2,3,,,FIELD,,,,,,f,,,,87ad8c46-9630-4b00-9b77-052d44fe8a9c,2026-08-27 11:28:05.733107+00,2026-09-03 05:17:22.127277+00
CASE0000645,9bc89195-91b9-45b3-801e-89b0ff7225c1,182559cb-657a-4d6e-b0db-94b118bf7eaa,1d5e58e8-954e-4d6c-b13c-6e6d614cb588,,PAID,MEDIUM,12000,12000,0,2026-04-03,47.86,f,3,3,2026-04-07 00:00:00+00,,FIELD,,,,,,f,,,,87d59810-fe9a-4652-ab81-81c3f3b520fc,2026-08-27 11:28:07.84213+00,2026-09-03 05:17:22.131305+00
CASE0000091,aeb13a3f-357b-4509-a2d0-3d841cc5d60d,43dddd77-c81e-45f3-b178-de617423a8e8,8e59153e-dc8e-4efa-af65-1db304a6f3f1,,ESCALATED,HIGH,5770,0,0,2026-08-12,37.36,t,1,3,,,PRE_LEGAL,,,,,,t,,,,881bbfa8-d547-4fe5-ab19-80ca670c4b55,2026-08-27 11:28:01.186041+00,2026-09-21 09:28:23.737269+00
DAILY20260918C81,c81cd105-4185-4525-bbf2-fed68629f60a,301f7970-440a-4998-ad26-cae8455b298e,4a182f53-a1a1-4f15-945a-6a56f4e04b64,,ASSIGNED,MEDIUM,35050,0,0,2026-09-21,45,f,0,5,,,FIELD,,,,,,f,,,,8823b7b7-89a6-40b7-9e93-981653f2d11f,2026-09-18 06:49:34.465223+00,2026-09-21 04:53:43.231966+00
DAILY20260907C137,bbd0760c-8e5f-4ead-82e0-81a711664b07,cd044826-9802-4845-97f0-e1fec9a5aa75,,,UNASSIGNED,CRITICAL,36960,24186.19,0,2026-09-21,95,f,3,5,,,NPA_RECOVERY,,,,,,f,,,,883a9464-ebb3-4f6d-8aff-4de09ce61aab,2026-09-07 04:59:06.600202+00,2026-09-21 07:24:02.321465+00
CASE0000512,ac097225-fba9-4e4d-9c4e-a8d4d8fba315,1a6fcf64-6d1f-4d14-aec2-120edc5ff3c5,1d5e58e8-954e-4d6c-b13c-6e6d614cb588,,CLOSED,MEDIUM,14570,0,0,2026-08-26,35.91,t,4,5,2026-05-01 00:00:00+00,,PRE_LEGAL,,,,,,f,,,,883e2e22-4db1-4508-a5b6-c9cc7da127dd,2026-08-27 11:28:05.886361+00,2026-09-02 15:27:19.072647+00
DAILY20260921C92,ac15e328-cf70-4bca-bde8-547b0d9902c4,a29dc6ad-e07b-4ad0-aa35-47feb5d00c80,c6ca60b7-2143-412b-887e-c30ae9cda031,,ASSIGNED,HIGH,16220,0,0,2026-09-21,75,f,0,5,,,FIELD,,,,,,f,,,,88432a96-ed84-4098-a370-13ce6f69c831,2026-09-21 04:52:59.928986+00,2026-09-21 05:17:11.615554+00
DAILY20260907C90,3edac40d-d270-43ff-b790-1010507a3c94,b7b6665a-367d-43e9-a2fc-c622d104b7b8,4a182f53-a1a1-4f15-945a-6a56f4e04b64,,PTP_SET,HIGH,47830,6062.17,0,2026-09-18,75,f,2,5,,,FIELD,,,,,,f,,,,8880ce75-8021-4161-82c7-c8c8f0a0e538,2026-09-07 04:59:06.335784+00,2026-09-18 06:37:23.058473+00
DAILY20260907C150,9576b0ea-3bb0-4bf1-9e95-ae39f39556bd,14252d1f-190f-4204-8de2-474152f031bd,,,UNASSIGNED,CRITICAL,2820,0,0,2026-09-07,95,f,0,5,,,NPA_RECOVERY,,,,,,f,,,,88c36dc7-7afa-4f6d-839e-736dd8ffd824,2026-09-07 04:59:06.672136+00,2026-09-07 04:59:06.672139+00
CASE0000483,12b59d6e-de66-4588-8b8c-f9a8124f94aa,2c5c34f9-4c80-4bb8-abc4-dc9010f04b91,a2e2555c-f597-43af-a77a-fe708f967218,,PAID,MEDIUM,15220,15220,0,2026-04-18,35.01,f,1,4,2026-04-27 00:00:00+00,,PRE_LEGAL,,,,Borrower is cooperative per branch records but cash-strapped. Willing to negotiate.,,f,,,,894aaf98-a5bf-4a1c-a336-49b8c1996dde,2026-08-27 11:28:05.634835+00,2026-09-03 05:17:22.131305+00
CASE0000165,0b2c8dd8-f345-4d01-94f7-6c59689252ce,07d20d21-d6f5-4890-a2c0-78beffc31b61,2dfc73e0-dba9-4aa5-babf-d5141ded5497,,ESCALATED,HIGH,2030,0,0,2026-09-03,39.08,t,2,4,,,PRE_LEGAL,,,,,,t,,,,89561180-58c1-4cad-8d58-c9c0c3c4505a,2026-08-27 11:28:01.72477+00,2026-09-21 09:28:23.737269+00
CASE0000528,24f406f0-18ea-428e-9360-8b08b5638e21,a4f264d4-e4e6-4077-a9e5-e2b554e1f5d6,c37b6a5c-9d1c-46d4-8ece-dfce290dc74b,,PAID,LOW,13260,13260,0,2026-08-26,22.1,f,4,5,2026-09-01 05:52:00.181768+00,,FIELD,,,,,,f,,,,89cdc744-de13-40a2-882e-09423d699e57,2026-08-27 11:28:06.012289+00,2026-09-02 15:27:19.075789+00
CASE0000653,8c9bfa80-0c7c-4698-9160-9f791a23cada,f82a674d-39c0-4809-a674-f5f1ff4c6140,5fbae4d6-59d1-4e6c-8a80-fe57244a45bb,,PAID,MEDIUM,10000,10000,0,2026-03-14,46.61,t,3,5,2026-03-14 00:00:00+00,,PRE_LEGAL,,,,,,f,,,,89f8b248-8afd-4a94-beb6-49f6c3754d45,2026-08-27 11:28:07.901611+00,2026-09-03 05:17:22.134314+00
CASE0000568,2f47fe20-20f7-480e-a1fa-0b6bdbb1fe0b,c45f749e-417e-45cc-a509-1ff5abee6e07,2dfc73e0-dba9-4aa5-babf-d5141ded5497,,PARTIALLY_PAID,MEDIUM,6840,5503.35,0,2026-04-20,44.58,t,1,5,,,FIELD,2026-04-05,,,Previous agency attempt closed with no resolution. Fresh allocation.,,f,,,,8a0e2eff-0848-4a01-b93b-a8fce2ce2f9c,2026-08-27 11:28:06.340434+00,2026-09-03 05:17:22.13531+00
DAILY20260921C41,2c58a970-340a-4a7c-8db8-627080aa6a4d,aec2b5c2-6607-4fda-a083-025ccc1bdfa1,,,UNASSIGNED,CRITICAL,4120,0,0,2026-09-21,95,f,0,5,,,NPA_RECOVERY,,,,,,f,,,,8a12a98b-afab-470d-86c5-e5ee60179b0e,2026-09-21 04:52:59.622071+00,2026-09-21 04:52:59.622075+00
CASE0000650,6ee09325-b476-4ff7-acfd-dd6aff05eca9,27a1e140-d797-47ed-8e5e-ace07bbd574c,a2e2555c-f597-43af-a77a-fe708f967218,,IN_PROGRESS,CRITICAL,12230,0,0,2026-03-12,100,t,1,3,,,NPA_RECOVERY,,,,,,f,,,,8a28733a-81f2-4573-bf50-b4c6edba785b,2026-08-27 11:28:07.881564+00,2026-09-03 05:17:22.13531+00
CASE0000472,ee9f2ddc-843d-49ba-a0da-c2d8b068c8ca,035ab2f9-b11a-4d7f-b949-ff243a0d9656,c37b6a5c-9d1c-46d4-8ece-dfce290dc74b,,PARTIALLY_PAID,HIGH,32830,31480.78,0,2026-08-27,94.31,t,2,4,,,PRE_LEGAL,,,,Borrower is cooperative per branch records but cash-strapped. Willing to negotiate.,,t,,,,8a36f96b-19d3-4e6f-a1c5-9c0c4a4f3dd4,2026-08-27 11:28:04.914367+00,2026-09-21 09:28:23.737271+00
DAILY20260921C100,1d54e87c-ab1c-4dfd-ad43-4805a4114a79,418fdf95-4b29-4d50-afda-7df1064de54b,,,UNASSIGNED,HIGH,5030,0,0,2026-09-21,75,f,0,5,,,FIELD,,,,,,f,,,,8a591e4b-6a4b-424c-88b1-f8d09e87f0bf,2026-09-21 04:52:59.974779+00,2026-09-21 04:52:59.974783+00
DEMO000001,d0514cfc-e077-4add-bf05-b8bdcd1caf4a,1e8e277c-5d36-45c0-9dd0-b3bf3b1d56d6,2b6de8aa-0976-4be0-8a40-043ff86ffa54,,ASSIGNED,CRITICAL,12090,0,0,2026-08-27,95,f,4,5,,,NPA_RECOVERY,,,,,,f,,,,8a6a5a70-6690-497a-b5c3-315b5ad7789f,2026-08-27 11:28:09.556401+00,2026-09-03 05:17:22.13531+00
DAILY20260921C169,b2dad64f-eae3-44e7-a04e-162cdd31dac5,b5af0c2b-49cc-4144-84a2-e8e5493016e4,cd9e6eca-028e-4c61-8e82-048327bc4476,,ASSIGNED,HIGH,9090,0,0,2026-09-21,75,f,0,5,,,FIELD,,,,,,f,,,,8a713ce5-3e3d-41c6-9935-c5b41494ab2f,2026-09-21 04:53:00.617244+00,2026-09-21 05:54:24.396802+00
CASE0000353,a28aa48d-a8a8-4e65-b147-a14037eef4bd,9eab58c8-0897-487b-a608-112720978484,2dfc73e0-dba9-4aa5-babf-d5141ded5497,,PAID,HIGH,21760,21760,0,2026-08-26,72.42,t,3,4,2026-09-01 05:52:00.181768+00,,PRE_LEGAL,2026-05-30,,,,,f,,,,8a823d39-0f0f-4eb2-84ec-4a101af856e6,2026-08-27 11:28:03.477233+00,2026-09-03 05:17:22.13531+00
CASE0000046,2a15516f-d306-43e7-9555-1ce7dc5b5296,8fea4460-1d00-4746-8dbc-44b3db283e32,4a182f53-a1a1-4f15-945a-6a56f4e04b64,,PARTIALLY_PAID,MEDIUM,15690,13959.18,0,2026-09-02,100,t,3,5,,,FIELD,,,,,,f,,,,8aa0d4d5-8fc4-4e03-adac-0832c46a801d,2026-08-27 11:28:01.028332+00,2026-09-21 09:28:23.737272+00
DAILY20260906C115,75243ddb-fe80-446a-bdd3-83562e81e3e8,f8cb42a2-0aba-4b8a-905e-e7320cc0e304,c37b6a5c-9d1c-46d4-8ece-dfce290dc74b,,PARTIALLY_PAID,MEDIUM,18110,11772.87,0,2026-09-21,45,f,3,5,,,FIELD,,,,,,f,,,,8abb3c89-e63d-4bb6-9cfd-a72942f4fcd2,2026-09-06 13:30:49.495319+00,2026-09-21 06:09:26.146736+00
DAILY20260918C116,6331fb95-f477-4ecf-b2dc-d6cb12823052,abe26df7-ad66-4ab9-a5b7-05fba38d433a,c33350cc-f581-492e-807f-14262d56ebcb,,ASSIGNED,MEDIUM,14250,0,0,2026-09-21,45,f,0,5,,,FIELD,,,,,,f,,,,8ae9a562-8464-4d69-83ca-15d3d92dc11d,2026-09-18 06:49:34.694234+00,2026-09-21 05:17:11.616037+00
CASE0000064,317a0596-0ba7-4956-8cba-bec12edcce0b,e6694f16-b384-48ef-a50d-24b38a7aeb74,c33350cc-f581-492e-807f-14262d56ebcb,,PARTIALLY_PAID,MEDIUM,10620,8083.03,0,2026-09-01,65.99,t,2,5,,,FIELD,,,,Bank field agent visited twice — no contact. Escalated to recovery agency.,,f,,,,8af081b0-e835-41f7-a657-9335ed171df4,2026-08-27 11:28:01.084612+00,2026-09-21 09:28:23.737273+00
CASE0000665,24ec8685-728f-4fd9-ad1f-3d85956050d2,63942e6b-20b5-4abf-b473-5e53719756d8,2dfc73e0-dba9-4aa5-babf-d5141ded5497,,PAID,HIGH,19710,19710,0,2026-03-23,76.3,f,1,3,2026-03-25 00:00:00+00,,NPA_RECOVERY,2026-02-12,,,,,f,,,,8b280147-6af2-4e13-a908-6a2f86128349,2026-08-27 11:28:08.001597+00,2026-09-03 05:17:22.139313+00
CASE0000120,11721135-0a03-4f14-a72b-f26994b00c33,da55fe5a-babe-4496-b19b-1d6daaeecadf,cd9e6eca-028e-4c61-8e82-048327bc4476,,PAID,CRITICAL,35430,35430,0,2026-08-27,100,t,2,5,2026-08-27 08:27:00+00,,NPA_RECOVERY,,,,,,f,,,,8b2bf31d-564b-4588-ad15-dd8fd6167e23,2026-08-27 11:28:01.281799+00,2026-09-02 15:27:19.080242+00
DAILY20260903C162,776d4082-b03e-4a49-bb3d-a5a40dd82506,63a50f69-aa63-4d68-a6a9-355f001eb118,2dfc73e0-dba9-4aa5-babf-d5141ded5497,,IN_PROGRESS,HIGH,9800,0,0,2026-09-21,75,f,1,5,,,FIELD,,,,,,f,,,,8b4da11c-d2a9-4cd1-8726-ae78f98eee20,2026-09-02 15:33:16.200157+00,2026-09-21 06:09:27.039633+00
CASE0000029,4bba3b50-9406-4d03-b681-44f4b49d1462,3669d545-41c0-40e6-be35-46b2c2740479,5fbae4d6-59d1-4e6c-8a80-fe57244a45bb,,PARTIALLY_PAID,MEDIUM,21740,9755.64,0,2026-09-01,19.96,t,2,4,,,FIELD,,,,,,f,,,,8b928131-2349-4459-accc-358b5e77c242,2026-08-27 11:28:00.981631+00,2026-09-21 09:28:23.737273+00
CASE0000694,0206ed96-6702-4d9b-8861-5ca0019ddc4f,775cdd25-33e5-4548-894c-19587a0f68f9,a2e2555c-f597-43af-a77a-fe708f967218,,CLOSED,CRITICAL,4390,0,0,2026-08-26,100,f,2,5,2026-03-18 00:00:00+00,,NPA_RECOVERY,,,,,,f,,,,8b9a2604-4aba-41c3-a569-3bc9f1d07168,2026-08-27 11:28:08.253699+00,2026-09-02 15:27:19.085244+00
CASE0000304,ccd54b2f-b166-4fc5-87bc-3c0b196d1d1a,dc7bc4db-22b4-439a-ad7c-5907b4751388,5fbae4d6-59d1-4e6c-8a80-fe57244a45bb,,PAID,HIGH,13620,13620,0,2026-08-27,72.78,t,2,4,2026-08-27 08:30:00+00,,FIELD,,,,,,f,,,,8ba8c641-fb20-49a5-a4aa-afaa93a0aa3b,2026-08-27 11:28:03.156648+00,2026-09-02 15:27:19.085244+00
DAILY20260918C57,3bcc0dc3-6031-4847-b7bf-cb8a58eb2765,5b3ecedc-3d95-41ad-9759-1d0d92849846,3aa13103-bd03-4578-9292-44d88d58da00,,IN_PROGRESS,HIGH,27290,0,0,2026-09-21,75,f,1,5,,,FIELD,,,,,,f,,,,8bae5bae-2830-475b-ba17-4407c06a75dc,2026-09-18 06:49:34.32168+00,2026-09-21 06:09:27.070959+00
DAILY20260903C64,c659c5b5-27fe-41fc-b6fb-36c76e49e841,263c1cd0-2c94-4778-bd23-92ba1083759f,c33350cc-f581-492e-807f-14262d56ebcb,,IN_PROGRESS,CRITICAL,19270,0,0,2026-09-17,95,f,1,5,,,NPA_RECOVERY,,,,,,f,,,,8bb50ecc-fadf-4ddc-94dd-b3362509c907,2026-09-02 15:33:15.825138+00,2026-09-18 06:37:23.380336+00
DAILY20260907C118,4471194b-407c-495a-b00f-2327b5b55bf4,bbac084f-fe24-45e4-b05c-e39455f1094a,,,UNASSIGNED,HIGH,9990,0,0,2026-09-07,75,f,0,5,,,FIELD,,,,,,f,,,,8bc69cca-958a-4d22-b290-00ea8ba992e0,2026-09-07 04:59:06.507334+00,2026-09-07 04:59:06.507336+00
DAILY20260907C183,9af2d1bf-9c01-42fb-81d3-6dd596e5e720,37aa5aaf-c8a2-47a4-bcbd-b6b76b547997,c37b6a5c-9d1c-46d4-8ece-dfce290dc74b,,PARTIALLY_PAID,CRITICAL,26610,6512.34,0,2026-09-21,95,f,1,5,,,NPA_RECOVERY,,,,,,f,,,,8bceb26c-a503-477d-8c41-66acfb64965d,2026-09-07 04:59:06.873961+00,2026-09-21 06:09:26.427089+00
DAILY20260903C63,368ce54e-5dc1-4eca-922b-65cb8035de8d,02c24a41-cfe7-4e1d-af93-a90dfff9540f,,,UNASSIGNED,CRITICAL,11870,0,0,2026-09-03,95,f,0,5,,,NPA_RECOVERY,,,,,,f,,,,8be2f4a0-8610-4226-b2c0-34bf23275957,2026-09-02 15:33:15.81605+00,2026-09-02 15:33:15.81605+00
DAILY20260918C162,d08af5f3-174a-4ca9-a351-0dc02eb7a7c2,a880e8ef-7fd6-43be-88a8-25496269b867,c6ca60b7-2143-412b-887e-c30ae9cda031,,IN_PROGRESS,HIGH,15820,0,0,2026-09-21,75,f,1,5,,,FIELD,,,,,,f,,,,8beaeade-a584-43bf-9c3b-bde81303cfe6,2026-09-18 06:49:34.93938+00,2026-09-21 06:09:27.139146+00
CASE0000377,47f4e93b-916c-4fd9-b281-9c6bdf64ae32,4417763a-199d-4c21-9293-2ae50d2dd6e7,a2e2555c-f597-43af-a77a-fe708f967218,,PAID,CRITICAL,3350,3350,0,2026-09-02,100,t,4,5,2026-09-02 10:06:00+00,,NPA_RECOVERY,,,,,,t,,,,8bf712c7-ffb3-43a7-92d3-45c262290799,2026-08-27 11:28:04.137381+00,2026-09-03 05:17:22.140314+00
DAILY20260907C65,a2de110d-6d7b-438c-9ab1-b6ad7395f2f8,0c14f76e-bbfe-4ff9-af39-b0de0e34bb8b,c6ca60b7-2143-412b-887e-c30ae9cda031,,PARTIALLY_PAID,MEDIUM,20280,6302.66,0,2026-09-10,45,f,1,5,,,FIELD,,,,,,f,,,,8bf80df2-c17e-4c73-9eb3-be0abeb52885,2026-09-07 04:59:06.186411+00,2026-09-21 05:55:24.566362+00
DAILY20260903C72,2bd665d9-40bf-4544-aac8-2ea5b4b2c8dc,08af6824-f578-430b-ae2c-f552c2ce934e,,,UNASSIGNED,MEDIUM,3780,0,0,2026-09-03,45,f,0,5,,,FIELD,,,,,,f,,,,8c03ff55-42f2-4ef7-bbc2-8a0700c7181c,2026-09-02 15:33:15.8479+00,2026-09-02 15:33:15.8479+00
DAILY20260903C193,080b4874-aa34-46f4-944b-8cd03ccef097,f57caca2-a3fb-4072-b201-b560fa15851c,,,UNASSIGNED,CRITICAL,5640,0,0,2026-09-03,95,f,0,5,,,NPA_RECOVERY,,,,,,f,,,,8c14fb9f-acd3-43ab-aec8-b953116cad95,2026-09-02 15:33:16.317057+00,2026-09-02 15:33:16.317057+00
DAILY20260918C29,173efe2d-e016-4858-9423-d197ea307f19,558774c9-d0a3-47d8-b4ba-48015cada9ae,5fbae4d6-59d1-4e6c-8a80-fe57244a45bb,,ASSIGNED,HIGH,13140,0,0,2026-09-21,75,f,0,5,,,FIELD,,,,,,f,,,,8c21bfab-498d-4de8-9faf-81828991c08c,2026-09-18 06:49:34.169974+00,2026-09-21 05:55:24.566946+00
DAILY20260906C20,3ecb689c-5258-4a5f-8648-edbe782117ac,bd33d65c-eb8d-4214-824d-c414d31421c0,5fbae4d6-59d1-4e6c-8a80-fe57244a45bb,,PAID,CRITICAL,25330,25330,0,2026-09-21,95,f,1,5,2026-09-21 05:00:00+00,Paid in full at doorstep,NPA_RECOVERY,,,,,,f,,,,8c3faef2-4c23-4681-bfb6-0ab9431494b1,2026-09-06 13:30:48.787058+00,2026-09-21 06:09:25.906194+00
DAILY20260903C184,4dbe7922-3c93-4d8e-bc40-614c3fc27f93,facb02c3-b48a-48c6-9e3e-45c106fbdf6a,2b6de8aa-0976-4be0-8a40-043ff86ffa54,,ASSIGNED,CRITICAL,26210,0,0,2026-09-18,95,f,0,5,,,NPA_RECOVERY,,,,,,f,,,,8c443d1c-ac2e-41eb-b752-6b400fd270b5,2026-09-02 15:33:16.283348+00,2026-09-18 04:47:36.844958+00
CASE0000185,4acff2d3-83ee-4200-8f28-0b5f0075d617,57b07402-7600-4549-8e8b-2ee8d676ea9e,c2f2e0ce-5aeb-4ece-8325-2167edfe139e,,PAID,CRITICAL,4340,4340,0,2026-08-01,100,t,2,3,2026-09-01 05:52:00.181768+00,,FIELD,,,,Borrower relocated. New address shared by guarantor — verify on field visit.,,t,,,,8c57bb80-5d4e-4478-85d8-0de77fa0cdd4,2026-08-27 11:28:01.863621+00,2026-09-03 05:17:22.140314+00
CASE0000323,abea6752-eece-420a-bbad-c524aaa9073f,6c0cd4ca-4bdf-49a7-8d62-0961a9283415,c6ca60b7-2143-412b-887e-c30ae9cda031,,PARTIALLY_PAID,CRITICAL,9230,7510.61,0,2026-09-04,79.36,t,3,3,,,LEGAL,,,,,,t,,,,8c8d3f47-9c96-4134-b384-a39748f9bcbe,2026-08-27 11:28:03.280556+00,2026-09-21 09:28:23.737274+00
CASE0000327,2a15516f-d306-43e7-9555-1ce7dc5b5296,e5040fbf-6099-4864-b6e8-49a60bcca331,4a182f53-a1a1-4f15-945a-6a56f4e04b64,,PARTIALLY_PAID,MEDIUM,63560,53349.07,0,2026-09-18,100,f,3,4,,,FIELD,,,,,,f,,,,8d1d0ca6-981d-461a-92f2-c4f81f8ca8e0,2026-08-27 11:28:03.310289+00,2026-09-21 09:28:23.737274+00
CASE0000406,1b32f61d-8e4a-4b58-87fa-3a92c8baf6d7,c1aa728b-8613-40ae-b9a9-2e6d13695b59,2dfc73e0-dba9-4aa5-babf-d5141ded5497,,PAID,LOW,18480,18480,0,2026-08-27,22.69,t,4,5,2026-08-27 11:47:00+00,,FIELD,,,,,,f,,,,8d3faa6e-13c3-4177-9659-1041524431d6,2026-08-27 11:28:04.37499+00,2026-09-02 15:27:19.085244+00
DAILY20260907C166,edeeab8b-fc39-4cbe-be3b-668007e9a66c,ae1706fc-d22f-44cc-ad65-2ffc57e27d2b,c37b6a5c-9d1c-46d4-8ece-dfce290dc74b,,PTP_SET,MEDIUM,25800,9073.39,0,2026-09-17,45,f,1,5,,,FIELD,,,,,,f,,,,8d49d305-1270-451b-ab35-2d28ce9c879c,2026-09-07 04:59:06.770665+00,2026-09-17 06:31:13.133901+00
DAILY20260907C125,1c5241a9-5d33-4e52-aa59-e870de84d79e,181e3d5b-0adf-4e24-b269-9d5315eb53af,3e9c4168-1de9-43e8-b9f2-fbf3f931949d,,PTP_SET,CRITICAL,44360,0,0,2026-09-17,95,f,1,5,,,NPA_RECOVERY,,,,,,f,,,,8d6a5991-d9d0-4a6f-ba80-0bbf6ae8f71c,2026-09-07 04:59:06.541947+00,2026-09-17 06:31:12.809469+00
DAILY20260906C75,ee428a3a-cec7-4fbb-9ba5-0fb1b1be573e,fa035eac-9dcf-4da2-a53c-d4b77ff17f72,c37b6a5c-9d1c-46d4-8ece-dfce290dc74b,,PARTIALLY_PAID,MEDIUM,10540,1663.79,0,2026-09-21,45,f,2,5,,,FIELD,,,,,,f,,,,8deb6166-ee8e-4563-9187-2b6daf0fa86e,2026-09-06 13:30:49.259317+00,2026-09-21 06:09:26.237341+00
DAILY20260903C133,ff50f4ac-41b2-4f58-9c1b-f429eb54d499,f16ba889-3af7-4d37-8345-9bac725c8bf2,8e59153e-dc8e-4efa-af65-1db304a6f3f1,,PARTIALLY_PAID,MEDIUM,17690,5423.13,0,2026-09-21,45,f,2,5,,,FIELD,,,,,,t,CUSTOMER_HOSTILE,2026-09-18 04:30:00+00,,8df9db04-83d7-4f2e-9735-947ff442f33a,2026-09-02 15:33:16.099983+00,2026-09-21 06:09:26.264323+00
DAILY20260906C127,b258d787-b2bf-4fdd-9973-b014762ecc62,1201c85b-b307-44dd-afd0-88c0055c2821,,,UNASSIGNED,CRITICAL,4740,0,0,2026-09-06,95,f,0,5,,,NPA_RECOVERY,,,,,,f,,,,8dfc9090-22f5-43d0-ace0-f83e1fed2d95,2026-09-06 13:30:49.571677+00,2026-09-06 13:30:49.57168+00
CASE0000297,ef17f4ce-e6a5-4702-b0f1-19e4abd6783b,0e8b2d65-4ddf-4fef-91d5-c137310767a1,c2f2e0ce-5aeb-4ece-8325-2167edfe139e,,PARTIALLY_PAID,HIGH,7390,7167.59,0,2026-09-01,52.46,t,3,4,,,PRE_LEGAL,,,,Previous agency attempt closed with no resolution. Fresh allocation.,,f,,,,8e17b1ce-8791-4a5a-9665-0e63c6a71f6a,2026-08-27 11:28:03.096086+00,2026-09-21 09:28:23.737275+00
DAILY20260903C192,b92ea969-ce1e-4e17-88e1-27f346d26bc0,8066ecbb-794c-410b-918c-73c7beae7eb2,,,UNASSIGNED,MEDIUM,5280,0,0,2026-09-03,45,f,0,5,,,FIELD,,,,,,f,,,,8e2445fc-73b3-4719-bdda-d2301726afe9,2026-09-02 15:33:16.301408+00,2026-09-02 15:33:16.301408+00
DAILY20260907C103,eb12945f-3874-4ba5-b90e-dd8e126fcf3e,f48ddbe3-3bd2-4328-ae11-965d7faca7cb,c6ca60b7-2143-412b-887e-c30ae9cda031,,PTP_SET,HIGH,14880,5921.25,0,2026-09-18,75,f,1,5,,,FIELD,,,,,,f,,,,8e3bc2b3-151b-408d-8525-475abd5aa93e,2026-09-07 04:59:06.409452+00,2026-09-18 06:37:22.575365+00
CASE0000422,109ca576-3c7b-4114-b736-57cf14e3b726,57881767-9af5-44d6-b9f6-7f2c19210ab0,357e2e09-b637-468e-818b-57a5dce18e9c,,PAID,LOW,2420,2420,0,2026-05-14,27.43,t,1,4,2026-09-01 05:52:00.181768+00,,FIELD,,,,,,f,,,,8e71049d-51b1-484a-9fc4-3aeb19f20939,2026-08-27 11:28:04.507269+00,2026-09-03 05:17:22.143312+00
CASE0000320,ab1cd5c0-d1f2-401c-aa5e-4d3b8bc7f522,113591ee-b2f4-4ae5-a485-557b5d629756,a2e2555c-f597-43af-a77a-fe708f967218,,IN_PROGRESS,MEDIUM,10340,0,0,2026-09-01,43.39,t,4,3,,,FIELD,,,,,,f,,,,8e777e14-0c0c-47c2-9127-67c8fe6fcd3f,2026-08-27 11:28:03.26439+00,2026-09-03 05:17:22.144464+00
DAILY20260921C101,55db4e93-2eb4-4c74-ac4e-f14ac325b83c,f60ca94b-be53-4e10-bb37-79eb78f3f90a,,,UNASSIGNED,MEDIUM,4760,0,0,2026-09-21,45,f,0,5,,,FIELD,,,,,,f,,,,8eb4ccae-0002-48f8-a13b-a506f568a6e1,2026-09-21 04:52:59.984422+00,2026-09-21 04:52:59.984429+00
CASE0000005,19b65599-9a6e-4186-9398-f1f877e31ad6,121cc219-9185-4041-912d-c5bce5993290,3aa13103-bd03-4578-9292-44d88d58da00,,PAID,CRITICAL,60790,60790,0,2026-08-27,89.41,t,2,4,2026-09-01 05:52:00.181768+00,,PRE_LEGAL,,,,,,t,,,,8ecb6405-44a3-4dab-a70b-cb4acb71e1df,2026-08-27 11:28:00.891202+00,2026-09-03 05:17:22.144464+00
DAILY20260918C184,c862f06e-8b74-4fe3-84f8-59d323818030,81d11a85-473a-4b2c-95a8-68f924382ac8,cd9e6eca-028e-4c61-8e82-048327bc4476,,ASSIGNED,HIGH,20550,0,0,2026-09-21,75,f,0,5,,,FIELD,,,,,,f,,,,8ef10700-38b6-4fb8-9752-387417eb5785,2026-09-18 06:49:35.058091+00,2026-09-21 04:53:43.238005+00
DAILY20260903C82,37fa5430-57a1-4da8-8af6-5c63c3b77847,e6109630-9f24-4ad9-8fa0-bc6945e94527,,,UNASSIGNED,MEDIUM,4010,0,0,2026-09-03,45,f,0,5,,,FIELD,,,,,,f,,,,8f01102e-a118-4d1a-aa2e-d50e7e0204e3,2026-09-02 15:33:15.901824+00,2026-09-02 15:33:15.901824+00
CASE0000371,635f2e4b-2bdd-4221-992a-9cc1bdf0a747,b4f390cf-2b27-4ba2-b063-efd50bdbc239,c33350cc-f581-492e-807f-14262d56ebcb,,PARTIALLY_PAID,HIGH,3130,2778.87,0,2026-05-30,72.29,t,3,3,,,PRE_LEGAL,2026-05-08,,,,,f,,,,8f232ce3-7ff4-47a3-9e19-ccb8cd576b0a,2026-08-27 11:28:04.038912+00,2026-09-03 05:17:22.144464+00
DAILY20260907C94,2ad930f9-58bc-4ca3-ab38-888c6e0acc60,0735f731-3fee-49f1-814c-5363961224da,,,UNASSIGNED,CRITICAL,9610,0,0,2026-09-07,95,f,0,5,,,NPA_RECOVERY,,,,,,f,,,,8f5f07b9-bc8b-4962-a853-5deed73dc3d5,2026-09-07 04:59:06.359126+00,2026-09-07 04:59:06.359129+00
CASE0000129,ee240b2e-885a-4a72-95f7-93f7966179fd,7f1855bb-6469-46f3-ab47-e0dea712a539,a2e2555c-f597-43af-a77a-fe708f967218,,PARTIALLY_PAID,CRITICAL,11000,10346.33,0,2026-08-27,74.52,t,3,5,,,LEGAL,,,,,,t,,,,8fa2a549-fa74-4fdd-9305-6119b67000e1,2026-08-27 11:28:01.454869+00,2026-09-21 09:28:23.737276+00
CASE0000455,f1197b5f-49fe-4d13-914a-6a9b5bfbea8a,3b838c11-f643-4d97-a6cc-b5d098af998b,c2f2e0ce-5aeb-4ece-8325-2167edfe139e,,PAID,CRITICAL,15670,15670,0,2026-05-23,93.92,f,1,4,2026-06-08 00:00:00+00,,FIELD,,,,Borrower relocated. New address shared by guarantor — verify on field visit.,,f,,,,8fad95dc-2d26-4086-ac8f-c42f5ee62269,2026-08-27 11:28:04.775732+00,2026-09-03 05:17:22.146459+00
DAILY20260903C190,95edc3b7-fb1a-42c5-ab72-9f977a5bf345,d69b331e-54b5-4cfa-9507-a51f22ac18bd,8e59153e-dc8e-4efa-af65-1db304a6f3f1,,IN_PROGRESS,HIGH,25950,0,0,2026-09-18,75,f,1,5,,,FIELD,,,,,,f,,,,8fde4390-31ad-43b0-850b-a8a509ab15dd,2026-09-02 15:33:16.301408+00,2026-09-21 05:55:24.567874+00
CASE0000276,192fc0f4-437f-446a-bddd-93857fa66ad0,f0e91159-448b-4da0-939b-83aaa0a5d345,4a182f53-a1a1-4f15-945a-6a56f4e04b64,,PARTIALLY_PAID,MEDIUM,7000,6985.08,0,2026-09-03,22.02,t,2,5,,,FIELD,,,,,,f,,,,8fde9f37-749a-47d2-87f0-7fa71c1892fc,2026-08-27 11:28:02.938534+00,2026-09-21 09:28:23.737276+00
DAILY20260918C186,83aa2ede-1d36-43f6-bd9e-bc2eb1ead4c9,65d9203d-98d2-4b55-bdc4-f348965baf7a,3e9c4168-1de9-43e8-b9f2-fbf3f931949d,,PAID,MEDIUM,27880,27880,0,2026-09-21,45,f,1,5,2026-09-21 07:00:00+00,Paid in full at doorstep,FIELD,,,,,,f,,,,902e327b-321f-4845-bcdc-90730579eb88,2026-09-18 06:49:35.068273+00,2026-09-21 06:09:25.70458+00
CASE0000155,658f8f95-f53f-42f2-add4-333c400e10db,db5f136a-a6ea-4a35-8e0f-d3ef53eaa8d8,c6ca60b7-2143-412b-887e-c30ae9cda031,,PARTIALLY_PAID,HIGH,8320,8098.52,0,2026-08-26,100,f,2,5,,,PRE_LEGAL,,,,,,f,,,,9044e2bd-36b2-42f2-b7b7-e461935fa985,2026-08-27 11:28:01.663376+00,2026-09-21 09:28:23.737277+00
CASE0000122,3f502a66-2711-4816-bb42-4438264c28ca,b1ffd5e7-0693-4de3-b91e-a01b27f82e87,c6ca60b7-2143-412b-887e-c30ae9cda031,,PARTIALLY_PAID,CRITICAL,11670,9819.25,0,2026-09-01,100,t,3,5,,,LEGAL,,,,Co-applicant details on file. May respond if approached together.,,t,,,,908078f5-9d44-4242-9e59-2a8d76ec932d,2026-08-27 11:28:01.397535+00,2026-09-03 05:17:22.14746+00
DAILY20260906C141,6efda73d-454c-4c10-a0cc-90a19219bf6b,788bafe0-1cad-42f8-89c7-58124c2e5e5d,3e9c4168-1de9-43e8-b9f2-fbf3f931949d,,PTP_SET,HIGH,45820,0,0,2026-09-18,75,f,1,5,,,FIELD,,,,,,f,,,,90f00525-24fe-45c0-9222-7d9e7a8646c4,2026-09-06 13:30:49.661157+00,2026-09-18 06:37:23.205683+00
DAILY20260918C139,546a790e-0e50-4faf-a06d-bad554eed481,228f49c2-0dab-4d5a-ae03-854ac20441dc,,,UNASSIGNED,CRITICAL,3510,0,0,2026-09-18,95,f,0,5,,,NPA_RECOVERY,,,,,,f,,,,9128a867-457a-4f29-ba3d-7ebcc4a9741d,2026-09-18 06:49:34.818606+00,2026-09-18 06:49:34.818609+00
DAILY20260918C135,1a77507f-db4c-4fe8-8396-14b97f650850,6ea0ec82-d3a4-4205-b03e-8629bc3d3714,,,UNASSIGNED,CRITICAL,6880,0,0,2026-09-18,95,f,0,5,,,NPA_RECOVERY,,,,,,f,,,,915e3b4d-2c38-4c3c-a13b-9dbdd2a1030c,2026-09-18 06:49:34.797501+00,2026-09-18 06:49:34.797506+00
DAILY20260918C86,417a76cb-2def-40f2-a211-356175b36e53,72d67019-a840-4102-bd15-de016afac58d,,,UNASSIGNED,MEDIUM,5530,0,0,2026-09-18,45,f,0,5,,,FIELD,,,,,,f,,,,9163edd4-4e97-42fd-a7e8-0ab48a839fc5,2026-09-18 06:49:34.496665+00,2026-09-18 06:49:34.496685+00
DAILY20260907C146,2fcffa39-f8f5-40d1-baab-c2374252f514,9d06ea4f-5a5b-4167-aa81-c6085338a406,,,UNASSIGNED,HIGH,12740,0,0,2026-09-21,75,f,0,5,,,FIELD,,,,,,f,,,,91687870-87c6-4804-9368-c3a1e731bb6e,2026-09-07 04:59:06.641598+00,2026-09-21 07:24:02.321467+00
DAILY20260918C100,dac63d1f-ca1d-4ec0-abf1-d12b8b1bfe3f,53ecf1f5-94ea-4ca0-953c-1cbe1f85022b,,,UNASSIGNED,CRITICAL,11740,0,0,2026-09-18,95,f,0,5,,,NPA_RECOVERY,,,,,,f,,,,917888c5-8ac6-47bb-8d33-b17281acc57e,2026-09-18 06:49:34.587807+00,2026-09-18 06:49:34.587811+00
CASE0000693,be41b684-075a-4c94-a6b6-4c81ce9c1a63,218a3bff-5750-4e6a-a221-abae2040d50f,a2e2555c-f597-43af-a77a-fe708f967218,,IN_PROGRESS,MEDIUM,4890,0,0,2026-09-18,100,t,3,3,,,FIELD,,,,,,f,,,,9185b404-ac2f-4b3f-89aa-2a9952df16fb,2026-08-27 11:28:08.247774+00,2026-09-21 09:28:23.737277+00
CASE0000419,c231e4e1-dff9-4806-8971-f7225bd6a922,06759fbd-2db8-43b3-9f61-2318381729ec,b06cd5a3-f1c0-4cdb-b241-9ce2d6c5e791,,PAID,CRITICAL,25000,25000,0,2026-08-27,99.52,t,3,5,2026-09-01 05:52:00.181768+00,,NPA_RECOVERY,,,,,,f,,,,91bc4a25-06af-4270-bd22-f76e3b907616,2026-08-27 11:28:04.480845+00,2026-09-02 15:27:19.097237+00
CASE0000465,41fca73b-4b15-4500-9bb1-6370c024f56e,48a4316a-42e5-4648-9fd3-9a5d6089100f,a13886ca-739b-47b4-a473-724e03f7332a,,ESCALATED,CRITICAL,3180,0,0,2026-05-16,84.12,t,1,5,,,LEGAL,,,,,,t,,,,91de08a1-6634-4cf6-b928-8c9260695576,2026-08-27 11:28:04.846587+00,2026-09-21 09:28:23.737278+00
CASE0000548,e7ff21d2-036b-4d09-8e30-88ed03c97146,2a4855fe-be51-4255-bde8-994ce84dd8ce,c33350cc-f581-492e-807f-14262d56ebcb,,ESCALATED,HIGH,10970,0,0,2026-04-21,43.71,t,1,5,,,PRE_LEGAL,,,,,,t,,,,91f4d280-94ea-4a70-a3c6-f801f0801856,2026-08-27 11:28:06.161757+00,2026-09-21 09:28:23.737278+00
CASE0000432,b0b75c27-9481-449b-8497-bf3716cf0ea8,5ac92066-69b4-410c-8a48-e2606ad0525d,a13886ca-739b-47b4-a473-724e03f7332a,,PAID,CRITICAL,4280,4280,0,2026-08-26,100,t,4,4,,,FIELD,,,,,,f,,,,91fc5b94-4e86-4042-9808-7dc124a121ad,2026-08-27 11:28:04.593816+00,2026-09-02 15:27:19.097237+00
CASE0000632,c231e4e1-dff9-4806-8971-f7225bd6a922,06759fbd-2db8-43b3-9f61-2318381729ec,b06cd5a3-f1c0-4cdb-b241-9ce2d6c5e791,,PAID,CRITICAL,25000,25000,0,2026-08-27,99.52,t,2,3,2026-08-27 16:16:00+00,,NPA_RECOVERY,,,,,,t,,,,91fcc147-3dca-4dcf-a5a3-ef0e719ec278,2026-08-27 11:28:07.727266+00,2026-09-02 15:27:19.097237+00
DAILY20260921C167,3b8faab1-64c8-4179-805f-64a9a9951111,604f5c59-0c5e-49fe-a2a1-d306803bcb4b,,,UNASSIGNED,MEDIUM,16080,0,0,2026-09-21,45,f,0,5,,,FIELD,,,,,,f,,,,9228edb5-a5f5-4321-8be1-01b65e889e5a,2026-09-21 04:53:00.603369+00,2026-09-21 04:53:00.603376+00
CASE0000666,192fc0f4-437f-446a-bddd-93857fa66ad0,67320861-5584-4be9-99d0-c9f7cd452aa6,4a182f53-a1a1-4f15-945a-6a56f4e04b64,,IN_PROGRESS,CRITICAL,5920,0,0,2026-09-07,75.39,t,2,4,,,NPA_RECOVERY,,,,,,f,,,,926d3f1b-7182-4e53-b077-deaf2fec322e,2026-08-27 11:28:08.009985+00,2026-09-21 09:28:23.737279+00
CASE0000416,0b2c8dd8-f345-4d01-94f7-6c59689252ce,8457ea0a-02f5-41d0-8387-b2019389d5bb,b06cd5a3-f1c0-4cdb-b241-9ce2d6c5e791,,PAID,MEDIUM,8590,8590,0,2026-09-01,36.04,t,4,5,2026-09-01 12:08:00+00,,PRE_LEGAL,,,,,,t,,,,928a5663-d99d-46e5-bb35-bb2be4584e23,2026-08-27 11:28:04.456289+00,2026-09-03 05:17:22.14746+00
DAILY20260921C116,00c2164d-f9c2-4b07-b0aa-0f517f58e9a9,1d62faab-e310-45eb-9ef7-b67c443efe16,,,UNASSIGNED,CRITICAL,17580,0,0,2026-09-21,95,f,0,5,,,NPA_RECOVERY,,,,,,f,,,,92b25f63-a594-4b23-96ab-084c3113d461,2026-09-21 04:53:00.163181+00,2026-09-21 04:53:00.163185+00
DAILY20260906C29,bd565aaa-5f3c-488e-ab18-c73b43b52e79,95e87830-be4a-40a9-83c0-f54a60863a46,cd9e6eca-028e-4c61-8e82-048327bc4476,,PARTIALLY_PAID,CRITICAL,9570,1073.03,0,2026-09-21,95,f,1,5,,,NPA_RECOVERY,,,,,,f,,,,92ca96b5-8ac4-4adc-b917-2bb64c20e7a7,2026-09-06 13:30:48.849608+00,2026-09-21 06:09:26.359183+00
DAILY20260906C63,44fca079-09f0-4912-bce4-5fd38099b07c,904589fd-eb30-4068-a9e5-03e673472c12,,,UNASSIGNED,CRITICAL,2010,0,0,2026-09-06,95,f,0,5,,,NPA_RECOVERY,,,,,,f,,,,92eb4544-1439-41c1-90d2-8af69bbb8dcc,2026-09-06 13:30:49.177384+00,2026-09-06 13:30:49.177387+00
CASE0000637,489a3403-a471-407c-9f57-f36a8e43f3e7,0482b900-a5aa-4fc8-96e3-879af1a4cfcf,4a182f53-a1a1-4f15-945a-6a56f4e04b64,,IN_PROGRESS,CRITICAL,1680,0,0,2026-03-17,48.7,f,1,5,,,NPA_RECOVERY,2026-03-07,,,Co-applicant details on file. May respond if approached together.,,f,,,,92fd067c-7181-4425-9ede-646dc6a10d0b,2026-08-27 11:28:07.772158+00,2026-09-21 09:28:23.73728+00
CASE0000049,8686c2cc-b01d-4e9f-966c-a2c2ab5bcb98,d8729724-f115-43b4-9112-796cd28e00a9,2dfc73e0-dba9-4aa5-babf-d5141ded5497,,PARTIALLY_PAID,HIGH,28910,24902.46,0,2026-09-01,68.25,f,2,5,,,PRE_LEGAL,,,,,,f,,,,931e4d55-27ca-45c5-bf0a-2004e805c490,2026-08-27 11:28:01.035353+00,2026-09-08 11:10:59.785028+00
CASE0000154,dac46d22-0a39-4696-9118-2e99f0cbf434,37fdfdef-2fe9-4209-ba0b-9a19e2e4c063,a2e2555c-f597-43af-a77a-fe708f967218,,PAID,HIGH,8680,8680,0,2026-07-21,70.73,f,2,3,2026-08-04 00:00:00+00,,FIELD,,,,Borrower is cooperative per branch records but cash-strapped. Willing to negotiate.,,f,,,,93545374-d9a6-4842-ab1d-bd6980b81ed9,2026-08-27 11:28:01.656192+00,2026-09-03 05:17:22.15246+00
CASE0000708,d941cf6e-4431-4d8a-bd2e-bcbf002b4a79,ebc85b95-d769-49e1-a104-5efb58fe9191,1d5e58e8-954e-4d6c-b13c-6e6d614cb588,,PAID,CRITICAL,32000,32000,0,2026-08-25,100,t,3,5,2026-03-28 00:00:00+00,,FIELD,,,,,,f,,,,9382cec4-b298-4fce-8516-2dc935727921,2026-08-27 11:28:08.378809+00,2026-09-02 15:27:19.103217+00
DAILY20260907C138,49cf2d4f-cb0e-478d-aadf-29bb558e95e4,13a98e92-f26f-462a-b0af-4a6893683d53,2dfc73e0-dba9-4aa5-babf-d5141ded5497,,PTP_SET,HIGH,40060,15127.73,0,2026-09-18,75,f,2,5,,,FIELD,,,,,,f,,,,93993985-c111-4838-9bc1-1f04f4d77303,2026-09-07 04:59:06.604892+00,2026-09-18 06:37:22.751194+00
CASE0000608,02750d35-bc1c-4780-a7d3-bf83613ef162,c1aae9a4-8d81-4131-bd36-1462a4f16e98,3e9c4168-1de9-43e8-b9f2-fbf3f931949d,,PAID,LOW,13270,13270,0,2026-03-17,28.71,f,2,3,2026-09-01 05:52:00.181768+00,,FIELD,,,,,,f,,,,939dd91b-ef27-419b-a94e-1581e7a0b98a,2026-08-27 11:28:07.495149+00,2026-09-03 05:17:22.15246+00
CASE0000186,d62f8b44-fbc6-4ad8-8faf-d60cd0920350,75f41ef3-59c5-49c1-b18f-3e06d69a1826,2b6de8aa-0976-4be0-8a40-043ff86ffa54,,PAID,HIGH,8500,8500,0,2026-09-02,61.68,t,4,4,2026-09-02 16:01:00+00,,LEGAL,,,,,,t,,,,93cc1d05-9926-43e1-b55d-a8d353d54a01,2026-08-27 11:28:01.872236+00,2026-09-03 05:17:22.154458+00
DAILY20260918C143,412df4ac-6968-4fa3-ab11-46c89d8e0408,8ec68572-e077-4265-8a3a-12a443a76554,,,UNASSIGNED,CRITICAL,10310,0,0,2026-09-18,95,f,0,5,,,NPA_RECOVERY,,,,,,f,,,,94660b6d-f732-48b1-b5d9-c57fc356782c,2026-09-18 06:49:34.84015+00,2026-09-18 06:49:34.840153+00
DAILY20260907C170,ec70f0c5-8808-420e-b5a2-e8760359b370,e16d726a-0c43-4e12-95a8-150bce3097a7,c2f2e0ce-5aeb-4ece-8325-2167edfe139e,,PTP_SET,MEDIUM,14590,0,0,2026-09-21,45,f,1,5,,,FIELD,,,,,,f,,,,9477c142-2cef-4111-bd55-7b803b54093b,2026-09-07 04:59:06.79596+00,2026-09-21 06:09:26.797724+00
CASE0000710,d33f2626-c892-4bd0-bf23-d61d972bdfb4,0bdab2cd-6fa1-459c-bdb1-18ac9b13b490,3e9c4168-1de9-43e8-b9f2-fbf3f931949d,,ASSIGNED,CRITICAL,29570,0,0,2026-09-02,57.75,t,2,5,,,NPA_RECOVERY,,,,,,t,,,,947b56de-3e5a-448c-bd3e-d4644010c6d9,2026-08-27 11:28:08.400504+00,2026-09-21 09:28:23.73728+00
DAILY20260907C09,e76ece42-7fe2-4c24-9fe3-8b728a86be23,9ea5502e-97c3-4106-8007-a6fe996512a4,,,UNASSIGNED,MEDIUM,12690,0,0,2026-09-07,45,f,0,5,,,FIELD,,,,,,f,,,,94886b47-b69d-4b22-8d99-236861d047b4,2026-09-07 04:59:05.780358+00,2026-09-07 04:59:05.780361+00
CASE0000433,3bc906ec-1f51-4fe6-841e-0ddcf2b0f1ed,7e92b660-798a-45b7-94fd-685a07117a7a,c33350cc-f581-492e-807f-14262d56ebcb,,PARTIALLY_PAID,HIGH,17330,17255.99,0,2026-08-27,100,t,2,3,,,PRE_LEGAL,2026-04-27,,,,,f,,,,94afb3e9-d0ad-404e-bc13-cf1654dc4ef1,2026-08-27 11:28:04.602342+00,2026-09-21 09:28:23.737281+00
DAILY20260921C181,1ce5b061-3e0b-4b6a-9ea7-196d293bc89f,56ccd2e1-f0ff-40db-86e4-c6686f496b7a,3aa13103-bd03-4578-9292-44d88d58da00,,PAID,CRITICAL,28360,28360,0,2026-09-21,95,f,1,5,2026-09-21 07:00:00+00,Paid in full at doorstep,NPA_RECOVERY,,,,,,f,,,,94bfaf09-c7ce-4edd-9ef1-6164eda5ad6f,2026-09-21 04:53:00.699229+00,2026-09-21 06:09:25.613705+00
DAILY20260918C109,912a205a-5596-4036-b31f-f590692f3afc,4b7a6136-be8c-4a34-b925-382bec73f02e,,,UNASSIGNED,CRITICAL,15280,0,0,2026-09-18,95,f,0,5,,,NPA_RECOVERY,,,,,,f,,,,94c872f2-93b2-453d-ba1f-9c1502b6cdeb,2026-09-18 06:49:34.647456+00,2026-09-18 06:49:34.647459+00
DAILY20260906C53,3d384f89-0dda-4b20-bee1-381aeb959b31,4e3fcdc6-4eec-41da-9e2d-eaa16f32d241,c37b6a5c-9d1c-46d4-8ece-dfce290dc74b,,PARTIALLY_PAID,HIGH,26540,14909.82,0,2026-09-21,75,f,2,5,,,FIELD,,,,,,f,,,,94f0cda2-110e-4b23-8669-2d48049891f1,2026-09-06 13:30:49.105031+00,2026-09-21 06:09:26.227715+00
CASE0000125,812c4842-2f17-4e9b-865d-a14d74e36f1b,05db36ce-7ae0-44a3-b602-f37042b2df08,c6ca60b7-2143-412b-887e-c30ae9cda031,,PARTIALLY_PAID,HIGH,3290,3261.29,0,2026-09-01,80.48,t,3,4,,,PRE_LEGAL,,,,Partial payment of overdue attempted by customer at branch — reversed due to shortfall.,,f,,,,95eaada2-57b3-44c7-8a13-a901d665fe57,2026-08-27 11:28:01.421456+00,2026-09-03 05:17:22.154458+00
DAILY20260918C22,85864389-3426-4322-8576-8b12c1c49312,a3b39ed1-1b53-4d91-97d0-b760328b46e1,e9dced65-f61b-4c24-bae7-d4170299ed46,,ASSIGNED,CRITICAL,11990,0,0,2026-09-21,95,f,0,5,,,NPA_RECOVERY,,,,,,f,,,,960066c9-802b-42ee-b7f4-98bd85c17698,2026-09-18 06:49:34.13796+00,2026-09-21 05:55:24.570117+00
CASE0000683,0b547eaa-2b69-48cc-a066-58e1e3def0fa,6741fff2-e981-4cfc-8136-69817e7bbd52,5fbae4d6-59d1-4e6c-8a80-fe57244a45bb,,PTP_SET,HIGH,37390,25335.06,0,2026-09-18,100,f,4,4,,,PRE_LEGAL,,,,,,t,,,,964f7c46-2a07-42a4-a431-767d0bae94bb,2026-08-27 11:28:08.152878+00,2026-09-21 09:28:23.737281+00
CASE0000660,03f86dca-2e8f-417a-b504-e5736d9c217e,e19d3e8f-7365-4f29-9615-5af85dfe22b0,cd9e6eca-028e-4c61-8e82-048327bc4476,,PAID,HIGH,18060,18060,0,2026-08-27,77.25,t,2,3,2026-09-01 05:52:00.181768+00,,PRE_LEGAL,,,,,,f,,,,966b3a4f-c1ca-427e-8c76-d394ca8bd8d3,2026-08-27 11:28:07.96533+00,2026-09-03 05:17:22.154458+00
DAILY20260918C94,4b140a50-bf87-4a0b-b04f-5ea2095000cf,67e6911b-5294-4931-89f7-6d784fab27d9,,,UNASSIGNED,CRITICAL,5010,0,0,2026-09-18,95,f,0,5,,,NPA_RECOVERY,,,,,,f,,,,966fb2c0-c555-4fa7-9e27-d3c73aa53925,2026-09-18 06:49:34.547588+00,2026-09-18 06:49:34.547591+00
CASE0000408,6f558a8c-9022-4773-97c5-7aa58e839ce0,e8a20b35-75a1-4148-b1b0-91f3b30171e4,c6ca60b7-2143-412b-887e-c30ae9cda031,,IN_PROGRESS,CRITICAL,1590,0,0,2026-09-15,54.91,t,3,5,,,NPA_RECOVERY,,,,Borrower is cooperative per branch records but cash-strapped. Willing to negotiate.,,f,,,,9671a18f-89d4-456c-a1f7-e40aa09c7b2d,2026-08-27 11:28:04.394022+00,2026-09-21 09:28:23.737282+00
DAILY20260921C40,16714cf5-f860-4d2f-a1f4-2da7e8b06835,f48316af-92d5-4c8b-8370-6337914af4bd,c6ca60b7-2143-412b-887e-c30ae9cda031,,ASSIGNED,HIGH,21210,0,0,2026-09-21,75,f,0,5,,,FIELD,,,,,,f,,,,968943bb-0d36-4d46-9eac-a1796da5597f,2026-09-21 04:52:59.61669+00,2026-09-21 04:53:43.247651+00
CASE0000621,a24fe76c-e6ae-4b2a-bcf4-2691ff5934e0,abf3798f-7773-4432-8db9-d7e81a321168,4a182f53-a1a1-4f15-945a-6a56f4e04b64,,PARTIALLY_PAID,MEDIUM,9000,8522.88,0,2026-08-26,39.6,t,3,3,2026-03-19 00:00:00+00,,FIELD,,,,,,f,,,,96b2ecd7-e6ea-4112-af9d-af196d60c693,2026-08-27 11:28:07.620983+00,2026-09-03 05:17:22.154458+00
DAILY20260903C84,bbed0ae9-4b98-4cae-9f1b-1639005d7877,f824781a-8017-44ed-a8f6-5a14130c78a3,,,UNASSIGNED,MEDIUM,4850,0,0,2026-09-03,45,f,0,5,,,FIELD,,,,,,f,,,,96c8e604-3ac9-4530-95f8-038ff2ca8fa5,2026-09-02 15:33:15.911393+00,2026-09-02 15:33:15.911393+00
DAILY20260921C62,57d4ba38-01fd-4eec-9262-08258ed9e336,afed7890-b367-4490-bc8b-98c6bcd8e13f,c33350cc-f581-492e-807f-14262d56ebcb,,IN_PROGRESS,MEDIUM,17410,0,0,2026-09-21,45,f,1,5,,,FIELD,,,,,,f,,,,96d4965a-ef33-4dc3-ad7f-e6bcba21af15,2026-09-21 04:52:59.73323+00,2026-09-21 06:09:27.094461+00
CASE0000695,95d5e321-1ee6-4abb-a068-7d974a83ffe8,2610d56d-260d-427d-aa6e-d555b2a233a0,3e9c4168-1de9-43e8-b9f2-fbf3f931949d,,PAID,LOW,8310,8310,0,2026-08-27,23.79,t,4,3,,,FIELD,2026-02-06,,,,,f,,,,97056116-4237-4d64-ba8e-9741ffe33fab,2026-08-27 11:28:08.260563+00,2026-09-02 15:27:19.111358+00
DAILY20260906C158,039bbfd7-b772-4196-bff6-b6b5ee085458,cc2a4264-f41c-4815-93f3-e6f92c9efa17,a2e2555c-f597-43af-a77a-fe708f967218,,IN_PROGRESS,CRITICAL,4280,0,0,2026-09-21,95,f,1,5,,,NPA_RECOVERY,,,,,,f,,,,972722ff-28aa-4f6d-9006-0eb04de5ea57,2026-09-06 13:30:49.771471+00,2026-09-21 06:09:26.901607+00
CASE0000230,65d0ed44-6d1a-461a-8814-cfec36409756,3ba17d4d-fd7d-4470-98f0-cd4052b0a326,5fbae4d6-59d1-4e6c-8a80-fe57244a45bb,,IN_PROGRESS,MEDIUM,6920,0,0,2026-09-18,27.91,t,2,3,,,FIELD,,,,Customer had good repayment history until Q3 2022. Defaulted post job loss.,,f,,,,97293b8c-54e4-494f-bafa-b154dc4799e4,2026-08-27 11:28:02.147645+00,2026-09-21 09:28:23.737283+00
CASE0000374,c5733aff-893e-4874-894d-65898bc2c1e1,b3f7bdc5-548f-45f5-af25-68708add76b4,c6ca60b7-2143-412b-887e-c30ae9cda031,,PAID,LOW,11300,11300,0,2026-08-27,20.2,t,2,3,2026-08-27 12:38:00+00,,FIELD,,,,Bank field agent visited twice — no contact. Escalated to recovery agency.,,f,,,,972a7acd-08d1-43e9-a889-cc08ca6ad27d,2026-08-27 11:28:04.070938+00,2026-09-02 15:27:19.114642+00
CASE0000720,9bd1b138-1ded-4ba6-8eba-013a26589c63,d078a832-b509-4044-88da-09b286783278,e9dced65-f61b-4c24-bae7-d4170299ed46,,PAID,CRITICAL,4010,4010,0,2026-03-14,100,t,2,3,2026-03-25 00:00:00+00,,NPA_RECOVERY,,,,Co-applicant details on file. May respond if approached together.,,f,,,,97639cbb-962c-4c74-b331-0a695b556ef1,2026-08-27 11:28:08.481801+00,2026-09-03 05:17:22.157825+00
DAILY20260906C119,a09dec2a-98fb-4634-a86c-faf267ebbb33,2419d00e-785f-4c8b-a57e-6ca3ff4d20f4,,,UNASSIGNED,MEDIUM,12020,0,0,2026-09-06,45,f,0,5,,,FIELD,,,,,,f,,,,97bb8eb1-fdce-4e03-8226-25648c666f4c,2026-09-06 13:30:49.520388+00,2026-09-06 13:30:49.520391+00
DAILY20260906C90,2be4a602-801f-4fd0-b188-2cb742cbff6d,46c63841-a95a-48cf-9f22-d3a8a6a978cc,e9dced65-f61b-4c24-bae7-d4170299ed46,,PTP_SET,MEDIUM,5700,0,0,2026-09-21,45,f,1,5,,,FIELD,,,,,,f,,,,97bcc30a-53bc-4599-bd12-dc581869b030,2026-09-06 13:30:49.345826+00,2026-09-21 06:09:26.646213+00
CASE0000313,5ae0aafa-aa07-484b-9ed7-c72a096af296,b4f88427-b05e-4656-91bf-e6fbc5c84855,3e9c4168-1de9-43e8-b9f2-fbf3f931949d,,PAID,CRITICAL,22050,22050,0,2026-06-27,100,f,2,5,2026-09-01 05:52:00.181768+00,,LEGAL,2026-06-17,,,,,f,,,,97d5c206-b198-4604-8d22-7f2bd260d47b,2026-08-27 11:28:03.213728+00,2026-09-03 05:17:22.157825+00
CASE0000102,20afa76a-c2d7-44a2-a263-75b112de3ee9,8fffc779-9d7e-4dc2-8778-29ce69a62a8d,357e2e09-b637-468e-818b-57a5dce18e9c,,PAID,MEDIUM,10930,10930,0,2026-09-01,37.64,f,2,3,2026-09-01 15:09:00+00,,PRE_LEGAL,,,,,,f,,,,97fdbebe-896b-4dbe-8465-234874742028,2026-08-27 11:28:01.225816+00,2026-09-03 05:17:22.158834+00
DAILY20260903C173,463ca011-f473-4a85-889d-468a50d81ef2,e938338a-a0c4-4857-bc79-40c57276e9c9,3aa13103-bd03-4578-9292-44d88d58da00,,ASSIGNED,CRITICAL,11860,0,0,2026-09-18,95,f,0,5,,,NPA_RECOVERY,,,,,,f,,,,98185d1d-2bc0-413f-a12c-3510e912cbac,2026-09-02 15:33:16.240743+00,2026-09-18 04:47:36.863479+00
CASE0000343,e12e9aa0-fda9-4023-ba21-6532eae1940e,b29d0757-5980-4d79-9203-0985bc52299f,e9dced65-f61b-4c24-bae7-d4170299ed46,,PAID,CRITICAL,20000,20000,0,2026-09-02,99.51,t,4,5,2026-09-02 10:00:00+00,,LEGAL,,,,Seasonal worker — income irregular. Best to visit early morning.,,f,,,,982d3485-6d75-4d79-952f-fb316821e338,2026-08-27 11:28:03.414211+00,2026-09-03 05:17:22.158834+00
DEMO000002,c6776add-1900-4c6f-bbf4-224931ed12c7,f0673c47-4322-420e-aa3e-31c6180b11ea,2b6de8aa-0976-4be0-8a40-043ff86ffa54,,PAID,HIGH,17520,17520,0,2026-08-27,75,f,4,5,,,FIELD,,,,,,f,,,,983a10de-c757-493e-859f-bdbc533cd8d9,2026-08-27 11:28:09.560564+00,2026-09-02 15:27:19.114642+00
CASE0000508,3a7c144c-c15a-4a83-8de0-c68126435e7f,eb93c208-3d6e-4f5b-ad09-76aacc1f1565,4a182f53-a1a1-4f15-945a-6a56f4e04b64,,ESCALATED,MEDIUM,3690,0,0,2026-04-27,20.62,t,1,3,,,FIELD,,,,,,t,,,,98678a95-03c8-4eb5-914a-e4d53dfeb0dd,2026-08-27 11:28:05.846681+00,2026-09-21 09:28:23.737283+00
DAILY20260906C76,c6947924-bb0b-4ede-b9a9-5b3ce42666dd,358e34b6-7edb-40ad-9ac8-2567ab27eaf7,2dfc73e0-dba9-4aa5-babf-d5141ded5497,,PAID,MEDIUM,36450,36450,0,2026-09-17,45,f,1,5,2026-09-17 03:43:00+00,Paid in full at doorstep,FIELD,,,,,,f,,,,987ac84e-2408-45ae-be5d-d1cc92786bdc,2026-09-06 13:30:49.265346+00,2026-09-17 06:31:12.225224+00
CASE0000372,69d0107d-ed57-4ab5-9446-51e2c64fb953,17e065de-8c87-4b3f-8241-aa24a2a98ba3,cd9e6eca-028e-4c61-8e82-048327bc4476,,PTP_SET,HIGH,11510,0,0,2026-09-18,38.05,t,3,4,,,PRE_LEGAL,,,,,,f,,,,987cc6e9-627c-43b7-9e97-8ffee1463839,2026-08-27 11:28:04.047507+00,2026-09-21 09:28:23.737284+00
DAILY20260903C165,a294db46-f78a-4163-aee1-4ed53973e32a,4f934b70-5818-4073-9123-7eeaafd2c457,,,UNASSIGNED,HIGH,10490,0,0,2026-09-03,75,f,0,5,,,FIELD,,,,,,f,,,,98c0e183-0c4b-4001-b8d7-d1ed0574e096,2026-09-02 15:33:16.200157+00,2026-09-02 15:33:16.200157+00
DAILY20260918C10,2cae6d70-7db2-4341-a440-8c444064074f,452745ba-4da0-4f9f-a633-65b26a6aa58a,5fbae4d6-59d1-4e6c-8a80-fe57244a45bb,,PTP_SET,MEDIUM,16080,0,0,2026-09-21,45,f,1,5,,,FIELD,,,,,,f,,,,98e5e069-0a04-4daf-b97c-49c1245a05e2,2026-09-18 06:49:34.078806+00,2026-09-21 06:09:26.627861+00
DAILY20260907C31,4cf1866e-8536-4b46-816a-d0ffaa757ebd,e98d8243-cfc0-4b69-8765-62d13f022d5c,,,UNASSIGNED,HIGH,7160,0,0,2026-09-07,75,f,0,5,,,FIELD,,,,,,f,,,,98eb53f7-4375-4bef-82e2-80b0db222d7d,2026-09-07 04:59:05.898819+00,2026-09-07 04:59:05.898821+00
CASE0000069,f1197b5f-49fe-4d13-914a-6a9b5bfbea8a,3b838c11-f643-4d97-a6cc-b5d098af998b,e9dced65-f61b-4c24-bae7-d4170299ed46,,PAID,CRITICAL,15670,15670,0,2026-09-17,93.92,t,3,5,2026-09-17 04:18:00+00,Paid in full at doorstep,FIELD,,,,Borrower is cooperative per branch records but cash-strapped. Willing to negotiate.,,t,,,,98f1c837-d8a1-4225-9406-d3ed7591bc06,2026-08-27 11:28:01.10559+00,2026-09-17 06:31:11.970661+00
DAILY20260907C55,d95fd9ac-8985-404b-8243-828be99f9eaf,4c7c6965-22a5-4909-a592-fee699918724,5fbae4d6-59d1-4e6c-8a80-fe57244a45bb,,ASSIGNED,CRITICAL,12900,0,0,2026-09-21,95,f,0,5,,,NPA_RECOVERY,,,,,,f,,,,99b6fd8d-958b-45a7-a19e-344e5604a0f2,2026-09-07 04:59:06.118782+00,2026-09-21 06:08:06.855868+00
CASE0000175,e22c4360-2794-4667-b8db-d3cbcdf9d0a5,760b9b1e-94c7-4882-ac7c-17e5972ea843,c2f2e0ce-5aeb-4ece-8325-2167edfe139e,,PAID,HIGH,2850,2850,0,2026-08-27,72.21,f,2,4,2026-08-27 11:39:00+00,,PRE_LEGAL,,,,,,f,,,,99bbd936-0b8f-4278-892e-5264a46fb674,2026-08-27 11:28:01.791522+00,2026-09-02 15:27:19.119976+00
DAILY20260903C12,e9edfbdc-4170-411e-8665-093df415daa7,129a6141-ccb9-4e9f-ba20-a2e8ecdd1590,3e9c4168-1de9-43e8-b9f2-fbf3f931949d,,PTP_SET,CRITICAL,24360,8628.1,0,2026-09-18,95,f,1,5,,,NPA_RECOVERY,,,,,,f,,,,99c2fb5d-70cb-4ce3-b012-4eced8b3258b,2026-09-02 15:33:15.61982+00,2026-09-18 06:37:22.556997+00
CASE0000713,8be4291b-80e9-45cf-ba15-dde87c9e0842,bd052574-ad17-4432-a3b5-32d04fcacc3f,c37b6a5c-9d1c-46d4-8ece-dfce290dc74b,,IN_PROGRESS,CRITICAL,15900,0,0,2026-03-25,56.76,t,1,4,,,NPA_RECOVERY,,,,,,f,,,,9a6b964e-872e-4f11-aaab-5169a8ec8d53,2026-08-27 11:28:08.426206+00,2026-09-21 09:28:23.737284+00
DAILY20260903C141,516e44db-7470-489c-85b0-2187f7b45365,02ac6d0d-46fe-496f-84a2-6029106d8b72,2b6de8aa-0976-4be0-8a40-043ff86ffa54,,PTP_SET,CRITICAL,37350,0,0,2026-09-17,95,f,1,5,,,NPA_RECOVERY,,,,,,f,,,,9a6fa343-2548-44db-8fc8-6e94eb2f1078,2026-09-02 15:33:16.129567+00,2026-09-17 06:31:12.828154+00
CASE0000674,11721135-0a03-4f14-a72b-f26994b00c33,da55fe5a-babe-4496-b19b-1d6daaeecadf,b06cd5a3-f1c0-4cdb-b241-9ce2d6c5e791,,PAID,CRITICAL,35430,35430,0,2026-03-05,100,t,1,4,2026-03-29 00:00:00+00,,NPA_RECOVERY,2026-02-09,,,,,f,,,,9a89d221-937b-4e5c-8e56-86cc5261a4c7,2026-08-27 11:28:08.079492+00,2026-09-03 05:17:22.162323+00
DAILY20260907C108,190d7f3a-bae8-4438-93d4-09d92a39ac7c,497a84ea-0b3b-4de3-b6d7-5402dde20f88,,,UNASSIGNED,MEDIUM,11320,0,0,2026-09-07,45,f,0,5,,,FIELD,,,,,,f,,,,9a8edcc2-93bd-4b14-a3ee-d0be3d79e092,2026-09-07 04:59:06.442811+00,2026-09-07 04:59:06.442814+00
DAILY20260921C137,23a3a884-35fe-4721-82bf-bb657719195c,f17034a5-e68f-4d5a-9423-0d1e9447f73b,,,UNASSIGNED,CRITICAL,10650,0,0,2026-09-21,95,f,0,5,,,NPA_RECOVERY,,,,,,f,,,,9aeb2c1f-bd0b-48ee-9a14-6bec5b2beab4,2026-09-21 04:53:00.361859+00,2026-09-21 04:53:00.361864+00
CASE0000691,812c4842-2f17-4e9b-865d-a14d74e36f1b,05db36ce-7ae0-44a3-b602-f37042b2df08,c6ca60b7-2143-412b-887e-c30ae9cda031,,PARTIALLY_PAID,HIGH,3290,2578.35,0,2026-08-27,80.48,f,4,5,,,PRE_LEGAL,,,,,,t,,,,9b562759-5c7f-4aeb-be8c-8ce8dd68c330,2026-08-27 11:28:08.226374+00,2026-09-03 05:17:22.163329+00
CASE0000629,8d81943d-401e-442f-bdef-4876956a98f3,e38bdafd-cc2a-43a2-85cb-d842b4d3acda,4a182f53-a1a1-4f15-945a-6a56f4e04b64,,PAID,MEDIUM,26300,26300,0,2026-03-18,51.28,f,1,5,2026-03-25 00:00:00+00,,FIELD,2026-02-27,,,,,f,,,,9b6a6612-0467-4542-8742-767cc7d146ab,2026-08-27 11:28:07.702486+00,2026-09-03 05:17:22.163329+00
DAILY20260903C94,acc41cdf-843c-4b53-849f-610e9f120665,d078d9ac-a54d-481f-8917-47db588112a8,,,UNASSIGNED,CRITICAL,4450,0,0,2026-09-03,95,f,0,5,,,NPA_RECOVERY,,,,,,f,,,,9b8d3d5d-396c-4a7f-97cb-dec4fb757b3b,2026-09-02 15:33:15.951735+00,2026-09-02 15:33:15.951735+00
CASE0000567,0b2c8dd8-f345-4d01-94f7-6c59689252ce,8457ea0a-02f5-41d0-8387-b2019389d5bb,2dfc73e0-dba9-4aa5-babf-d5141ded5497,,PTP_SET,HIGH,8590,1381.01,0,2026-09-18,36.04,t,3,4,,,PRE_LEGAL,,,,Partial payment of overdue attempted by customer at branch — reversed due to shortfall.,,f,,,,9b929523-5e83-4d44-bc3c-bf621abee8df,2026-08-27 11:28:06.334712+00,2026-09-21 09:28:23.737285+00
CASE0000043,d0306031-1151-4993-bed9-6906033425ef,fd142269-3ee6-4e42-bd7e-c2d203648026,357e2e09-b637-468e-818b-57a5dce18e9c,,PAID,CRITICAL,41300,41300,0,2026-09-01,88.15,f,2,4,2026-09-01 09:31:00+00,,FIELD,,,,,,f,,,,9ba59652-8be5-473d-a168-5293e492bddc,2026-08-27 11:28:01.017905+00,2026-09-03 05:17:22.165755+00
DAILY20260907C78,063415cc-3221-4049-b722-c67488f40646,a9b9f325-f0d1-4e95-8265-3691a096a34a,,,UNASSIGNED,MEDIUM,4630,0,0,2026-09-07,45,f,0,5,,,FIELD,,,,,,f,,,,9be412b6-1ae3-42f7-b0bd-a7abb390c37b,2026-09-07 04:59:06.263789+00,2026-09-07 04:59:06.263791+00
CASE0000264,4f45ad63-4981-4f8e-aad3-93ddfaf33a1e,689d7e25-af4c-484d-8934-404789cc9136,e9dced65-f61b-4c24-bae7-d4170299ed46,,PARTIALLY_PAID,HIGH,47900,44462.41,0,2026-08-26,81.08,t,2,3,,,PRE_LEGAL,,,,Previous agency attempt closed with no resolution. Fresh allocation.,,t,,,,9c26b8c1-747c-4c58-96b4-ba720605bd2f,2026-08-27 11:28:02.741699+00,2026-09-02 15:27:19.119976+00
CASE0000065,11721135-0a03-4f14-a72b-f26994b00c33,da55fe5a-babe-4496-b19b-1d6daaeecadf,e9dced65-f61b-4c24-bae7-d4170299ed46,,PAID,CRITICAL,35430,35430,0,2026-08-27,100,t,1,5,2026-08-27 12:16:00+00,,NPA_RECOVERY,,,,Co-applicant details on file. May respond if approached together.,,f,,,,9c2c2742-538c-47a5-b4ce-393bf37ab97d,2026-08-27 11:28:01.087808+00,2026-09-02 15:27:19.119976+00
DAILY20260921C86,ba35b8bc-3046-411f-b525-b0006a3124ac,ac545306-4f62-4d86-b46e-6ddbadab5091,,,UNASSIGNED,MEDIUM,10790,0,0,2026-09-21,45,f,0,5,,,FIELD,,,,,,f,,,,9c41744a-42e6-45db-a0a7-4efdb5b27ed4,2026-09-21 04:52:59.883213+00,2026-09-21 04:52:59.883218+00
DAILY20260918C182,284d46e8-9f00-4dca-a3ac-f25021546486,69b863ff-fc5e-4512-9083-5b4d66c27a64,,,UNASSIGNED,HIGH,4340,0,0,2026-09-18,75,f,0,5,,,FIELD,,,,,,f,,,,9c7a726c-389c-4548-b95b-553fc017d7e8,2026-09-18 06:49:35.047913+00,2026-09-18 06:49:35.047915+00
DAILY20260921C37,a99f5b0a-bf87-4322-92dd-a9b01cb9e63b,fd854213-72d1-4e74-a79d-efe3de405d62,,,UNASSIGNED,MEDIUM,4450,0,0,2026-09-21,45,f,0,5,,,FIELD,,,,,,f,,,,9cd06ea0-f730-4cd2-956f-72acfe101d03,2026-09-21 04:52:59.60157+00,2026-09-21 04:52:59.601573+00
DAILY20260907C86,55a51110-80ce-483b-bc1a-7608daf60b30,4c2a4483-d8f9-46cf-aad7-e520191ed96d,,,UNASSIGNED,HIGH,6810,0,0,2026-09-07,75,f,0,5,,,FIELD,,,,,,f,,,,9d1a40c3-33f9-4645-896c-559733744caf,2026-09-07 04:59:06.313836+00,2026-09-07 04:59:06.313839+00
DAILY20260906C64,89f08492-ded3-4326-9529-e439b3e551ed,d5098952-0f83-4ba6-a32a-17982d23d743,,,UNASSIGNED,CRITICAL,11180,0,0,2026-09-06,95,f,0,5,,,NPA_RECOVERY,,,,,,f,,,,9d9beeed-4474-4151-aaf0-588e8172bcb8,2026-09-06 13:30:49.183262+00,2026-09-06 13:30:49.183264+00
CASE0000477,109ca576-3c7b-4114-b736-57cf14e3b726,57881767-9af5-44d6-b9f6-7f2c19210ab0,c2f2e0ce-5aeb-4ece-8325-2167edfe139e,,PAID,LOW,2420,2420,0,2026-08-26,27.43,t,2,3,2026-09-01 05:52:00.181768+00,,FIELD,,,,,,f,,,,9dbeb5ad-5cd2-434f-952d-2021b44c2a6f,2026-08-27 11:28:04.953327+00,2026-09-02 15:27:19.119976+00
CASE0000428,0206ed96-6702-4d9b-8861-5ca0019ddc4f,2f512eb0-bce2-4170-a2b5-36cd562cc688,357e2e09-b637-468e-818b-57a5dce18e9c,,PAID,HIGH,9240,9240,0,2026-06-06,62.15,t,2,3,2026-06-17 00:00:00+00,,FIELD,,,,,,f,,,,9e12f965-5f74-49df-b7f0-ea15d8258903,2026-08-27 11:28:04.562444+00,2026-09-03 05:17:22.165755+00
DAILY20260903C143,355bdce9-01de-4513-9426-87c61477f016,a108547f-8356-4f44-bc51-c7148e81dea9,c33350cc-f581-492e-807f-14262d56ebcb,,IN_PROGRESS,CRITICAL,48810,0,0,2026-09-18,95,f,1,5,,,NPA_RECOVERY,,,,,,f,,,,9e780e68-2a34-4735-b19a-83fdf26aa8f1,2026-09-02 15:33:16.136153+00,2026-09-21 05:55:24.57487+00
DAILY20260903C172,220610ef-ebf5-4120-ba7c-3f3e5d7efe70,1b4e04b8-9577-4970-acf1-40125d103177,e9dced65-f61b-4c24-bae7-d4170299ed46,,IN_PROGRESS,MEDIUM,12560,0,0,2026-09-21,45,f,1,5,,,FIELD,,,,,,f,,,,9ea522a2-e161-441a-9b1f-cb7cf3d54b22,2026-09-02 15:33:16.231937+00,2026-09-21 06:09:27.080376+00
DAILY20260903C119,03a693ea-88ce-41a3-8bcc-c531799cb097,edf69bef-3bbe-43ed-af2f-ecc4892fcac4,c37b6a5c-9d1c-46d4-8ece-dfce290dc74b,,PARTIALLY_PAID,HIGH,67690,23582.92,0,2026-09-21,75,f,3,5,,,FIELD,,,,,,f,,,,9f0d9fb4-3cfa-4edd-a0d7-c1d6339850f9,2026-09-02 15:33:16.052258+00,2026-09-21 06:09:26.109296+00
DEMO000003,1c86c8f3-c878-42c1-b7c2-4a42f6240244,105068a3-8244-4cbf-ab9d-4702d29b025f,2b6de8aa-0976-4be0-8a40-043ff86ffa54,,PAID,HIGH,9170,9170,0,2026-09-02,75,f,3,5,2026-09-02 09:56:00+00,,FIELD,,,,,,f,,,,9f187eed-ad0e-401a-afb0-7d1b71fda30b,2026-08-27 11:28:09.563839+00,2026-09-03 05:17:22.166765+00
DAILY20260903C44,035ed79d-f635-43cb-8490-cf7a593ba36c,f5e82af2-4e52-4037-8657-813ac8a5d7f8,,,UNASSIGNED,CRITICAL,14520,0,0,2026-09-03,95,f,0,5,,,NPA_RECOVERY,,,,,,f,,,,9f38ebe9-1a8b-4fd3-8656-de2dd573066a,2026-09-02 15:33:15.741603+00,2026-09-02 15:33:15.741603+00
DAILY20260918C183,cdb01913-44b4-4ad0-b444-6a3b48db935d,6e043d85-240b-4b60-8282-7d8398b1aa88,c6ca60b7-2143-412b-887e-c30ae9cda031,,ASSIGNED,CRITICAL,52810,0,0,2026-09-21,95,f,0,5,,,NPA_RECOVERY,,,,,,f,,,,9f61a9c8-f1a4-4ab6-a2bf-63fb27e045ca,2026-09-18 06:49:35.05271+00,2026-09-21 04:53:43.252862+00
DAILY20260906C54,06d56131-2464-441d-bfc9-d84c29a7e736,0ef12b4e-26ed-43be-992b-c71e7ea398c2,,,UNASSIGNED,CRITICAL,5500,0,0,2026-09-06,95,f,0,5,,,NPA_RECOVERY,,,,,,f,,,,9f8cb8a9-643c-4219-924a-ff552fd54052,2026-09-06 13:30:49.111466+00,2026-09-06 13:30:49.111469+00
DAILY20260921C67,664952a1-12b0-488e-bf7b-e659e1d0b526,ca9033e7-96f7-4261-8c40-8cfdd1c29705,,,UNASSIGNED,MEDIUM,2310,0,0,2026-09-21,45,f,0,5,,,FIELD,,,,,,f,,,,9f92737e-4d22-4d96-9150-0ab60606e383,2026-09-21 04:52:59.76096+00,2026-09-21 04:52:59.760966+00
CASE0000066,c77e10a4-659a-45bc-b298-17404f303324,2ee12012-45cd-42a1-80b2-059535665e53,2dfc73e0-dba9-4aa5-babf-d5141ded5497,,PAID,CRITICAL,66320,66320,0,2026-08-27,100,f,2,4,2026-09-01 05:52:00.181768+00,,NPA_RECOVERY,,,,,,f,,,,9fb225f3-97d7-45d6-963d-6743a14603e0,2026-08-27 11:28:01.090239+00,2026-09-03 05:17:22.166765+00
CASE0000452,6ebc511e-6b0c-4ef6-a7f6-dcfb54a056f8,c1eecfd5-b181-410a-9584-0ecca64a974b,c6ca60b7-2143-412b-887e-c30ae9cda031,,ESCALATED,CRITICAL,1420,0,0,2026-05-19,54.85,f,3,3,,,NPA_RECOVERY,2026-04-19,,,Customer had good repayment history until Q3 2022. Defaulted post job loss.,,t,,,,a004c977-e3d9-48d1-9a51-20f9f278ae10,2026-08-27 11:28:04.755143+00,2026-09-21 09:28:23.737286+00
CASE0000333,a68bf52d-24ab-42db-be03-b3b34a1defda,7cbc62b2-94b7-4f66-b83a-f0619b65b1c5,b06cd5a3-f1c0-4cdb-b241-9ce2d6c5e791,,ESCALATED,HIGH,4850,0,0,2026-08-24,42.31,t,3,3,,,PRE_LEGAL,,,,,,t,,,,a00e37dd-6905-4720-9986-ad824c17097a,2026-08-27 11:28:03.346315+00,2026-09-21 09:28:23.737286+00
DAILY20260907C177,9f0cf2ad-b4a1-4164-886b-aaf8ac88300c,3e00ca46-8933-47a6-a896-b711d607f624,,,UNASSIGNED,CRITICAL,9960,0,0,2026-09-07,95,f,0,5,,,NPA_RECOVERY,,,,,,f,,,,a023ec23-923c-4e73-8d09-8fce5c43ee8e,2026-09-07 04:59:06.837614+00,2026-09-07 04:59:06.837622+00
CASE0000677,01bec68e-6cbc-49d5-9bc3-5d11bc4bd4a1,6ed61914-91d7-4e38-9874-af6982d9ac28,8e59153e-dc8e-4efa-af65-1db304a6f3f1,,PAID,MEDIUM,6460,6460,0,2026-04-07,59,t,3,4,,,NPA_RECOVERY,,,,Co-applicant details on file. May respond if approached together.,,f,,,,a02c182c-26e0-4a15-9618-c8ba98a3ac46,2026-08-27 11:28:08.103293+00,2026-09-03 05:17:22.166765+00
DAILY20260921C87,6790c567-bf69-428c-a48a-5cf23129a1a8,6d87e974-01b5-4666-b7d2-bf74585d76d4,,,UNASSIGNED,CRITICAL,4050,0,0,2026-09-21,95,f,0,5,,,NPA_RECOVERY,,,,,,f,,,,a076ddb9-0950-46b9-a3d2-a0c8d22d95bb,2026-09-21 04:52:59.891491+00,2026-09-21 04:52:59.891496+00
CASE0000152,2941db57-a823-4c8c-81df-42d797c63d2c,00e44e3d-6e6f-407c-8bf4-dbce40373191,c33350cc-f581-492e-807f-14262d56ebcb,,PAID,MEDIUM,20670,20670,0,2026-08-27,52.09,t,3,3,2026-09-01 05:52:00.181768+00,,FIELD,2026-07-03,,,Seasonal worker — income irregular. Best to visit early morning.,,f,,,,a0be3af9-b177-4397-a4e5-3c03f6a44a42,2026-08-27 11:28:01.636926+00,2026-09-02 15:27:19.129046+00
CASE0000016,26f02717-8e95-4da1-bd80-7ca2a17be532,a332a32e-08ae-48cf-81ed-6286b682ff77,4a182f53-a1a1-4f15-945a-6a56f4e04b64,,PARTIALLY_PAID,HIGH,43260,40544.46,0,2026-09-01,100,t,3,4,,,PRE_LEGAL,2026-08-07,,,,,f,,,,a0c954b0-a65a-4722-8877-b5fd20a455ca,2026-08-27 11:28:00.941481+00,2026-09-21 09:28:23.737287+00
DAILY20260907C06,e22a959d-de1a-4953-bcf2-4742cf28e161,1472eb1b-148a-4df9-b61f-0122de45828c,,,UNASSIGNED,CRITICAL,16900,0,0,2026-09-07,95,f,0,5,,,NPA_RECOVERY,,,,,,f,,,,a13330f6-5531-48eb-bb24-1fc829f8b86e,2026-09-07 04:59:05.760418+00,2026-09-07 04:59:05.760423+00
CASE0000180,51417b54-60aa-4d4a-b522-dab8378f3432,bbac72b9-6605-482d-b23b-bbd5ec54a0db,3aa13103-bd03-4578-9292-44d88d58da00,,PAID,MEDIUM,30870,30870,0,2026-09-01,48.64,t,4,5,2026-09-01 12:51:00+00,,FIELD,,,,Account flagged for special mention — court case pending. Handle with care.,,f,,,,a162b704-6a33-4df6-937d-52033ff4a5cb,2026-08-27 11:28:01.830549+00,2026-09-03 05:17:22.166765+00
DAILY20260921C103,fe727fff-cd7e-469a-8b2b-7bd28d659965,12bcf766-4964-499f-8d3f-8db7e6e52e04,,,UNASSIGNED,CRITICAL,38020,0,0,2026-09-21,95,f,0,5,,,NPA_RECOVERY,,,,,,f,,,,a1c2797e-5e34-4205-b792-23ef805f233b,2026-09-21 04:52:59.995679+00,2026-09-21 04:52:59.995683+00
DAILY20260907C100,a9ac9bb1-fd43-453e-bcea-684e82b10e1b,79b21539-6a12-4ee2-a415-8ae5869df2ef,c2f2e0ce-5aeb-4ece-8325-2167edfe139e,,IN_PROGRESS,MEDIUM,10160,0,0,2026-09-21,45,f,1,5,,,FIELD,,,,,,f,,,,a1e5fd67-6158-4774-8c32-273b57e2ce4d,2026-09-07 04:59:06.393305+00,2026-09-21 06:09:27.059749+00
CASE0000380,f23ef711-0edb-42cf-93dc-e8cfcc4f0c14,12c87976-d347-4fd3-9175-19709359f283,3aa13103-bd03-4578-9292-44d88d58da00,,PARTIALLY_PAID,CRITICAL,9460,8200.18,0,2026-09-02,79.53,f,3,4,,,NPA_RECOVERY,,,,,,t,,,,a1f3d27d-22a6-4e71-bd40-e869083d9d8d,2026-08-27 11:28:04.158105+00,2026-09-21 09:28:23.737287+00
CASE0000526,82440fe5-d534-4f3c-8df1-5d8b99fc4234,954a8b84-2fcf-4d1e-9021-085541d8579f,cd9e6eca-028e-4c61-8e82-048327bc4476,,PARTIALLY_PAID,CRITICAL,36860,29492.45,0,2026-04-25,59.75,t,1,5,,,NPA_RECOVERY,,,,Borrower is cooperative per branch records but cash-strapped. Willing to negotiate.,,f,,,,a21d500a-dc5a-4171-9faf-8c8d545d0015,2026-08-27 11:28:05.997257+00,2026-09-21 09:28:23.737288+00
CASE0000089,e63912b9-aaf6-49cb-a648-f6d6f0052298,e0d2733f-41f4-4110-8cad-a0c67e85ad21,cd9e6eca-028e-4c61-8e82-048327bc4476,,PTP_SET,CRITICAL,48830,33823.29,0,2026-09-17,81.29,f,3,4,,,LEGAL,,,,,,t,,,,a234277b-a259-4bf7-9559-bcba54112280,2026-08-27 11:28:01.178725+00,2026-09-21 09:28:23.737289+00
CASE0000702,fbc0a1a5-8e5c-4cd1-8192-a38d6697d56e,98acb3a9-b350-438a-9ccf-79b98a427151,a13886ca-739b-47b4-a473-724e03f7332a,,PAID,LOW,15070,15070,0,2026-08-27,23.12,t,2,3,2026-09-01 05:52:00.181768+00,,FIELD,,,,,,f,,,,a23520af-090d-483e-8565-ff1b6b09711e,2026-08-27 11:28:08.32061+00,2026-09-02 15:27:19.129046+00
DAILY20260921C27,a0c02a1e-eb6d-489a-851c-85538b3569b8,e6f0ae20-1039-4561-ae9d-f18a9b4582af,4a182f53-a1a1-4f15-945a-6a56f4e04b64,,IN_PROGRESS,MEDIUM,9990,0,0,2026-09-21,45,f,1,5,,,FIELD,,,,,,f,,,,a270c9b4-df77-41ca-b8d3-a0f8012a926c,2026-09-21 04:52:59.549992+00,2026-09-21 06:09:27.045203+00
DAILY20260921C10,75f2e26f-91fa-4316-ae69-a02c30bbd596,61b212a1-5b72-4649-86d3-3e00e522e4a0,,,UNASSIGNED,MEDIUM,10970,0,0,2026-09-21,45,f,0,5,,,FIELD,,,,,,f,,,,a2891c4d-c455-4c6e-a862-eb0736cdfbe5,2026-09-21 04:52:59.437017+00,2026-09-21 04:52:59.437021+00
DAILY20260906C145,32342a4a-c4e3-4dd4-b77f-ee7c578d85c0,25cefbbb-9124-41ea-8525-3be54ad62fbb,2b6de8aa-0976-4be0-8a40-043ff86ffa54,,PTP_SET,HIGH,21300,0,0,2026-09-18,75,f,1,5,,,FIELD,,,,,,f,,,,a2b50b69-0c56-480b-b83f-f340e9a1e66d,2026-09-06 13:30:49.68602+00,2026-09-18 06:37:23.150255+00
CASE0000630,51417b54-60aa-4d4a-b522-dab8378f3432,bbac72b9-6605-482d-b23b-bbd5ec54a0db,c33350cc-f581-492e-807f-14262d56ebcb,,PAID,MEDIUM,30870,30870,0,2026-03-17,48.64,f,2,4,2026-03-28 00:00:00+00,,FIELD,,,,,,f,,,,a2e9c642-b032-4b68-bc31-c4484e11410c,2026-08-27 11:28:07.709483+00,2026-09-03 05:17:22.172641+00
DAILY20260903C75,e66491da-c9ce-43ec-bc67-92e6952bfdea,3047a99b-d79c-471a-80b9-604d35e970c8,3aa13103-bd03-4578-9292-44d88d58da00,,ASSIGNED,CRITICAL,15620,0,0,2026-09-07,95,f,0,5,,,NPA_RECOVERY,,,,,,f,,,,a30b7c9e-d3d3-451d-8a83-3a60ccb6c648,2026-09-02 15:33:15.863631+00,2026-09-06 13:31:05.474658+00
DAILY20260907C132,e9842497-85ec-4d44-8be5-87c834e3f1ad,9d83ee55-fea4-4ed2-b336-fa1e54ffd52d,,,UNASSIGNED,CRITICAL,11080,0,0,2026-09-07,95,f,0,5,,,NPA_RECOVERY,,,,,,f,,,,a326cede-2639-4175-975e-95906540f22b,2026-09-07 04:59:06.577553+00,2026-09-07 04:59:06.577556+00
DAILY20260906C51,af9784ef-d5eb-4b4b-8a1d-5e2dab434fc1,ac526df1-bbe2-4de8-bd03-38e5d1ef4446,,,UNASSIGNED,MEDIUM,7670,0,0,2026-09-06,45,f,0,5,,,FIELD,,,,,,f,,,,a32d83c4-1b12-444f-8dbd-46491d8f4b59,2026-09-06 13:30:49.089874+00,2026-09-06 13:30:49.089878+00
CASE0000336,08261f05-6d9a-4fd9-a6c1-b6d1549ba303,cc0686e6-fb52-4057-aa7c-d077b585c083,2b6de8aa-0976-4be0-8a40-043ff86ffa54,,PAID,CRITICAL,11820,11820,0,2026-08-25,100,t,2,4,2026-09-01 05:52:00.181768+00,,FIELD,,,,,,f,,,,a330951c-3198-4918-8e82-7e4d5ff559c9,2026-08-27 11:28:03.365318+00,2026-09-03 05:17:22.173774+00
DAILY20260918C121,cc57ed40-3a22-4a96-b521-e8ab015ed642,c8b7f2b2-e163-4dee-8380-389f43864c08,,,UNASSIGNED,MEDIUM,8480,0,0,2026-09-18,45,f,0,5,,,FIELD,,,,,,f,,,,a33158cd-62f9-4970-96ec-fa3bb537bb6b,2026-09-18 06:49:34.721371+00,2026-09-18 06:49:34.721374+00
DAILY20260903C53,925f2498-7e16-46cf-8008-6d7516ec1e0d,d3b18cf7-2e30-4a31-ac17-907d313eaf8b,c33350cc-f581-492e-807f-14262d56ebcb,,PAID,HIGH,64200,64200,0,2026-09-17,75,f,1,5,2026-09-17 03:54:00+00,Paid in full at doorstep,FIELD,,,,,,f,,,,a36b1c68-26a4-4665-a341-03d051571514,2026-09-02 15:33:15.768524+00,2026-09-17 06:31:12.239822+00
DAILY20260906C93,1ff0eae6-8de6-40b9-b5dc-0eb9aaa23f99,bb842dd9-ceca-4a0d-a089-2814ef2d9612,2b6de8aa-0976-4be0-8a40-043ff86ffa54,,PAID,CRITICAL,37510,37510,0,2026-09-18,95,f,1,5,2026-09-18 08:51:00+00,Paid in full at doorstep,NPA_RECOVERY,,,,,,f,,,,a382f56d-1faa-4a1c-872f-01b52b6bae30,2026-09-06 13:30:49.361415+00,2026-09-18 06:37:21.401875+00
CASE0000350,8727be63-e58f-4434-88fb-0988a8f567d6,cea23c72-efbe-4ea2-aa19-35f8f86182d7,3aa13103-bd03-4578-9292-44d88d58da00,,PAID,LOW,3890,3890,0,2026-07-02,22.65,t,2,3,2026-07-09 00:00:00+00,,FIELD,,,,Business borrower — shop visit recommended. Morning hours more effective.,,f,,,,a3da8514-f1a1-401d-bcb4-62c525e9f52a,2026-08-27 11:28:03.459702+00,2026-09-03 05:17:22.174832+00
CASE0000034,1b8e7e04-098a-440a-9cfb-132f9348703c,ca50d7dd-db99-42bd-8429-910ed9f0aa69,c6ca60b7-2143-412b-887e-c30ae9cda031,,PARTIALLY_PAID,CRITICAL,51090,22886.64,0,2026-09-18,100,t,4,4,,,LEGAL,,,,,,f,,,,a3e3d0c4-7c57-43d7-b44b-97706b1fb4f8,2026-08-27 11:28:00.997116+00,2026-09-21 05:54:24.398024+00
DAILY20260921C12,816f8260-060f-4257-a883-6ca07dc92496,205221d4-9015-45b5-a102-b3266041d225,,,UNASSIGNED,HIGH,8390,0,0,2026-09-21,75,f,0,5,,,FIELD,,,,,,f,,,,a42c7f00-56b2-47ea-b11a-2862d6e26f75,2026-09-21 04:52:59.450355+00,2026-09-21 04:52:59.450359+00
DAILY20260921C125,3e01ee75-c4d5-477c-aff4-c7a995414529,c8b96672-41fa-4f1a-9356-7b19f13729d6,,,UNASSIGNED,CRITICAL,9110,0,0,2026-09-21,95,f,0,5,,,NPA_RECOVERY,,,,,,f,,,,a44d183a-31c7-4fdd-9d76-979d5d891d8c,2026-09-21 04:53:00.2225+00,2026-09-21 04:53:00.222503+00
CASE0000178,c34b25c0-f1f6-4a99-8351-ecf4852a50d4,7e193414-f6ad-49e4-a5a7-e8b34b0742df,1d5e58e8-954e-4d6c-b13c-6e6d614cb588,,PAID,LOW,6670,6670,0,2026-08-27,29.86,t,2,3,2026-09-01 05:52:00.181768+00,,FIELD,,,,,,t,,,,a48f0618-380b-4bb2-8717-c4b5cc6a17f3,2026-08-27 11:28:01.814177+00,2026-09-02 15:27:19.129046+00
DAILY20260906C56,c609df38-2267-403e-bc51-d112d0cffc0b,7e966e6b-5756-4108-90d8-992a604cc0bf,c33350cc-f581-492e-807f-14262d56ebcb,,PAID,CRITICAL,40500,40500,0,2026-09-18,95,f,2,5,2026-09-18 03:37:00+00,Paid in full at doorstep,NPA_RECOVERY,,,,,,f,,,,a4b310fb-cd88-4002-b5c8-29aa673feaac,2026-09-06 13:30:49.125284+00,2026-09-18 06:37:21.569587+00
CASE0000556,7e47d8d4-e6ea-485f-98ac-cafb02766e7e,fc9d2b83-1e89-45f5-8986-717aab006e65,3aa13103-bd03-4578-9292-44d88d58da00,,PAID,CRITICAL,64480,64480,0,2026-04-18,100,t,3,5,,,LEGAL,,,,,,f,,,,a4dd6f6f-932e-44d6-96e9-61c68ec94155,2026-08-27 11:28:06.231043+00,2026-09-03 05:17:22.17589+00
DAILY20260903C146,0841659d-fadd-469c-a4cf-8ddf6d5ea29b,074d0185-43b6-45ad-9662-001b08d84856,3e9c4168-1de9-43e8-b9f2-fbf3f931949d,,ASSIGNED,CRITICAL,13480,0,0,2026-09-18,95,f,0,5,,,NPA_RECOVERY,,,,,,f,,,,a4e666ff-479e-43d3-aac8-a102c0ef58f1,2026-09-02 15:33:16.140904+00,2026-09-18 04:47:36.863485+00
CASE0000545,6a46cc14-b7ce-4a3c-aea4-979f82889741,91d5039a-2aca-407c-9ed2-a68e806a4ce5,c6ca60b7-2143-412b-887e-c30ae9cda031,,PARTIALLY_PAID,CRITICAL,21170,6386.61,0,2026-09-02,87.57,f,2,3,,,NPA_RECOVERY,2026-04-04,,,,,t,,,,a4e78773-773f-4229-b881-503c2b15a749,2026-08-27 11:28:06.1358+00,2026-09-21 06:08:06.857695+00
DAILY20260903C50,aa97d764-301c-4b51-9dd5-17e6437d252f,6a7707be-3ef0-42eb-a872-27636ae45209,,,UNASSIGNED,CRITICAL,4940,0,0,2026-09-03,95,f,0,5,,,NPA_RECOVERY,,,,,,f,,,,a51488c5-2020-4502-88a9-f4c08aa4684d,2026-09-02 15:33:15.764576+00,2026-09-02 15:33:15.764576+00
DAILY20260918C128,c2bee8e8-68e4-40b6-9ea1-d761e19c8647,5306920d-d2f8-4874-8cbf-ef391203198b,2dfc73e0-dba9-4aa5-babf-d5141ded5497,,PAID,HIGH,35320,35320,0,2026-09-21,75,f,1,5,2026-09-21 09:33:00+00,Paid in full at doorstep,FIELD,,,,,,f,,,,a516b196-ece7-4bcf-92b8-bb368b1e3317,2026-09-18 06:49:34.757643+00,2026-09-21 06:09:25.559676+00
DAILY20260921C162,c8ded1f9-dd71-461f-8ecb-900937c4ef2f,fbfde8ad-81ae-485e-b469-a4bbe5165b0e,,,UNASSIGNED,CRITICAL,4700,0,0,2026-09-21,95,f,0,5,,,NPA_RECOVERY,,,,,,f,,,,a5755d74-31d7-4e8f-a133-00ee260f5a5f,2026-09-21 04:53:00.571431+00,2026-09-21 04:53:00.571435+00
CASE0000244,689703aa-4ec3-4c30-9f88-8a31db74f125,01964828-8b49-403b-87be-d4e290c0abc8,c6ca60b7-2143-412b-887e-c30ae9cda031,,PAID,LOW,2970,2970,0,2026-08-27,21.05,f,3,5,2026-08-27 08:09:00+00,,FIELD,,,,,,f,,,,a59300c3-3560-48c1-bc17-f781a2681af5,2026-08-27 11:28:02.524982+00,2026-09-02 15:27:19.129046+00
DAILY20260906C22,17a7a47c-b204-45af-bef4-a7ed19492807,33e7b99b-c373-4f57-9583-89049915b35b,cd9e6eca-028e-4c61-8e82-048327bc4476,,IN_PROGRESS,MEDIUM,11260,0,0,2026-09-21,45,f,1,5,,,FIELD,,,,,,f,,,,a6266a10-c75a-4a36-864c-94c94cd1901e,2026-09-06 13:30:48.799155+00,2026-09-21 06:09:27.130127+00
DAILY20260918C110,bb8473e5-b8e7-415f-af9a-8eef4eca7c59,078f1307-46c8-40f3-9793-d7ef4a3e7c2a,,,UNASSIGNED,HIGH,3820,0,0,2026-09-18,75,f,0,5,,,FIELD,,,,,,f,,,,a626b6ab-8f7d-492d-8307-c6588bf1bfca,2026-09-18 06:49:34.65313+00,2026-09-18 06:49:34.653133+00
DAILY20260907C70,bf0a5f24-58a9-4812-8c76-0ad096d447bc,a7785b20-72b9-4a31-b09e-bdc4b4edf59d,cd9e6eca-028e-4c61-8e82-048327bc4476,,IN_PROGRESS,HIGH,12100,0,0,2026-09-21,75,f,1,5,,,FIELD,,,,,,f,,,,a62b605d-f864-4c06-b6cf-644deadc09ce,2026-09-07 04:59:06.217035+00,2026-09-21 06:09:27.196422+00
CASE0000561,ccb9773a-386d-40ba-897a-6749f16e61e4,77439b2e-9dbe-4508-a3dd-758a4840a3c9,1d5e58e8-954e-4d6c-b13c-6e6d614cb588,,PAID,LOW,2690,2690,0,2026-04-15,23.33,t,1,4,2026-04-24 00:00:00+00,,FIELD,,,,,,f,,,,a6523406-7495-4e41-b1e5-0d38859cb75f,2026-08-27 11:28:06.281968+00,2026-09-03 05:17:22.17857+00
DAILY20260903C159,ace774d3-2348-4315-ac95-cb191a9c9860,e1b938b3-1f31-412d-9de4-f6c2aba691eb,3e9c4168-1de9-43e8-b9f2-fbf3f931949d,,PARTIALLY_PAID,HIGH,32030,13976.07,0,2026-09-16,75,f,1,5,,,FIELD,,,,,,f,,,,a6688004-2297-4398-8aa8-5c81fa8ec678,2026-09-02 15:33:16.194476+00,2026-09-17 06:31:12.307155+00
CASE0000595,20afa76a-c2d7-44a2-a263-75b112de3ee9,8fffc779-9d7e-4dc2-8778-29ce69a62a8d,357e2e09-b637-468e-818b-57a5dce18e9c,,PTP_SET,HIGH,10930,1508.51,0,2026-09-17,37.64,t,3,5,,,PRE_LEGAL,,,,,,f,,,,a67c0b14-770b-43aa-954c-5852368e67fd,2026-08-27 11:28:06.550001+00,2026-09-21 09:28:23.737289+00
DAILY20260921C47,4f5eab7c-f64a-420d-b827-e765ad733397,6205ae16-d090-4b7b-aaf7-89c98581808f,,,UNASSIGNED,MEDIUM,3380,0,0,2026-09-21,45,f,0,5,,,FIELD,,,,,,f,,,,a69ee3fc-5113-437c-abf1-7fad1e05c9c7,2026-09-21 04:52:59.651273+00,2026-09-21 04:52:59.651277+00
DAILY20260921C109,5416e116-157f-42aa-99e4-9721116af50d,444a3726-e4ad-4f11-9bc1-6b6c91ac5b8d,3aa13103-bd03-4578-9292-44d88d58da00,,PTP_SET,MEDIUM,18320,0,0,2026-09-21,45,f,1,5,,,FIELD,,,,,,f,,,,a6bade33-5ff9-4464-946f-f7acf7a17634,2026-09-21 04:53:00.080202+00,2026-09-21 06:09:26.488695+00
CASE0000715,45e0aa28-87fa-43c2-a599-21b16a73f6eb,9fa8d647-d3a4-4a1c-851c-d6f1ce2c6637,3aa13103-bd03-4578-9292-44d88d58da00,,PARTIALLY_PAID,CRITICAL,25560,25197.9,0,2026-08-25,100,t,2,4,,,LEGAL,,,,Seasonal worker — income irregular. Best to visit early morning.,,f,,,,a6ec0231-d847-4053-b2fc-0e7cbc5fb83c,2026-08-27 11:28:08.445508+00,2026-09-03 05:17:22.180005+00
DAILY20260906C15,ffa3a19c-f5c3-4efd-821c-f3ffc48b5870,a297be52-4623-4cdc-99e2-6ac95c579dc9,3aa13103-bd03-4578-9292-44d88d58da00,,PARTIALLY_PAID,HIGH,21900,6261.7,0,2026-09-21,75,f,2,5,,,FIELD,,,,,,f,,,,a715b455-5a95-44c5-b3fa-9dc7b93fd398,2026-09-06 13:30:48.751953+00,2026-09-21 06:09:26.246448+00
DEMO000010,29c07ea6-3dc4-4723-8101-7db652689c58,b659fa14-51b3-4269-bd9d-d0f4c266d82d,2b6de8aa-0976-4be0-8a40-043ff86ffa54,,PARTIALLY_PAID,HIGH,16520,15190.8,0,2026-09-02,75,f,5,5,,,FIELD,,,,,,f,,,,a7430508-cd1f-4fa1-ac5a-ac37aaebaf92,2026-08-27 11:28:09.591972+00,2026-09-08 10:29:12.20853+00
DAILY20260903C121,73155c4a-90b3-4417-9ebb-1588e1c1b0f6,f1f9f7fd-26b2-4c2e-9846-71e53e943560,3aa13103-bd03-4578-9292-44d88d58da00,,PAID,HIGH,28320,28320,0,2026-09-17,75,f,1,5,2026-09-18 04:47:00+00,Paid in full at doorstep,FIELD,,,,,,f,,,,a750abe2-09b8-48dc-b63d-b175c4457002,2026-09-02 15:33:16.060235+00,2026-09-18 06:37:21.431102+00
CASE0000669,11721135-0a03-4f14-a72b-f26994b00c33,da55fe5a-babe-4496-b19b-1d6daaeecadf,b06cd5a3-f1c0-4cdb-b241-9ce2d6c5e791,,PAID,CRITICAL,35430,35430,0,2026-08-27,100,f,2,5,2026-08-27 15:26:00+00,,NPA_RECOVERY,,,,Borrower relocated. New address shared by guarantor — verify on field visit.,,f,,,,a752858e-d463-45d7-9aff-1868f423c08c,2026-08-27 11:28:08.036243+00,2026-09-02 15:27:19.132062+00
CASE0000407,ec42d535-b44a-45b9-bbad-86901389c1c4,98ccb323-a764-416a-a592-8d531bf7368a,357e2e09-b637-468e-818b-57a5dce18e9c,,PTP_SET,HIGH,52390,47238.81,0,2026-09-17,100,t,4,4,,,PRE_LEGAL,,,,,,t,,,,a76b37d9-6fce-465e-9853-677cb0915d5e,2026-08-27 11:28:04.385734+00,2026-09-21 09:28:23.73729+00
CASE0000245,e70c7872-5096-4394-83b6-d71617a773c3,8df94ee2-07d4-4d00-8db5-5f90481c3b6d,5fbae4d6-59d1-4e6c-8a80-fe57244a45bb,,PAID,HIGH,15460,15460,0,2026-09-16,74.9,t,4,3,2026-09-17 03:38:00+00,Paid in full at doorstep,FIELD,,,,,,t,,,,a79bf2d9-491b-49c3-b311-4464122f5f03,2026-08-27 11:28:02.534645+00,2026-09-17 06:31:12.154176+00
DAILY20260906C92,86966b82-4f06-41b2-8981-7e12e04407e9,872c135a-a95c-4eb5-ad65-9b705cfb17f2,357e2e09-b637-468e-818b-57a5dce18e9c,,IN_PROGRESS,MEDIUM,7340,0,0,2026-09-21,45,f,1,5,,,FIELD,,,,,,f,,,,a7adcd33-f115-4179-8c29-e320d9a788f6,2026-09-06 13:30:49.355835+00,2026-09-21 06:09:26.989454+00
DAILY20260921C164,5c58bb80-ea71-444c-b2a0-a097dcac0af9,50163df1-889b-41c2-8b68-c5c7a1411f24,3aa13103-bd03-4578-9292-44d88d58da00,,ASSIGNED,CRITICAL,51560,0,0,2026-09-21,95,f,0,5,,,NPA_RECOVERY,,,,,,f,,,,a7e2b9f5-cea1-4331-92c7-9a21ea6564dc,2026-09-21 04:53:00.584905+00,2026-09-21 05:17:11.617648+00
DAILY20260907C122,57efe0e2-21be-4355-84c4-4fb51e86a90c,4a46947a-3cec-4b2d-ba24-70046b968598,2dfc73e0-dba9-4aa5-babf-d5141ded5497,,PTP_SET,MEDIUM,15980,5704.51,0,2026-09-17,45,f,2,5,,,FIELD,,,,,,f,,,,a7fa61bb-a70c-4031-af85-8c7048113077,2026-09-07 04:59:06.528086+00,2026-09-18 06:37:22.766891+00
DAILY20260907C53,b8669a90-f884-4e19-8700-570811888a6e,2b722f6b-a2fe-474f-9bf4-8fd644b695fc,,,UNASSIGNED,MEDIUM,3640,0,0,2026-09-07,45,f,0,5,,,FIELD,,,,,,f,,,,a8017194-c779-4b1f-a496-4141a9466c86,2026-09-07 04:59:06.106659+00,2026-09-07 04:59:06.106661+00
DAILY20260907C87,2a4ed832-46e5-47ae-bef0-9c7a929e8a5e,0ecd1c56-9078-4bfe-90c1-5c94a2e12630,2b6de8aa-0976-4be0-8a40-043ff86ffa54,,PTP_SET,HIGH,18080,7022.64,0,2026-09-18,75,f,1,5,,,FIELD,,,,,,f,,,,a824826c-91a1-4dc3-9395-2ae53f32a7bf,2026-09-07 04:59:06.319213+00,2026-09-18 06:37:22.437711+00
DAILY20260907C88,a628e6ec-61a9-4825-989c-2f7530f6b9cc,3c1db281-53da-4209-ad1e-3c1fd2dee3f2,,,UNASSIGNED,HIGH,8970,0,0,2026-09-07,75,f,0,5,,,FIELD,,,,,,f,,,,a8282321-986e-44f3-87a9-7a3e810efdfa,2026-09-07 04:59:06.324941+00,2026-09-07 04:59:06.324944+00
DAILY20260921C149,3d755d05-68af-4f56-8a7b-8c24e90c0f4a,5c47d429-3588-4d72-bfb6-c81ee6d0a944,a2e2555c-f597-43af-a77a-fe708f967218,,PAID,CRITICAL,25880,25880,0,2026-09-21,95,f,1,5,2026-09-21 09:59:00+00,Paid in full at doorstep,NPA_RECOVERY,,,,,,f,,,,a83eee23-11f3-43ba-b2ad-20208abb9199,2026-09-21 04:53:00.48992+00,2026-09-21 06:09:25.934235+00
CASE0000597,4ceb89c9-53a9-48e3-a93e-876e7fa71bfc,8aa10808-7cd8-4ed4-9310-ee04a75d763e,5fbae4d6-59d1-4e6c-8a80-fe57244a45bb,,PARTIALLY_PAID,CRITICAL,17670,14125.84,0,2026-09-10,100,t,5,4,,,NPA_RECOVERY,,,,,,f,,,,a8651e2d-af97-4fed-860f-9b4d12d1c472,2026-08-27 11:28:06.562636+00,2026-09-21 05:55:24.579975+00
DAILY20260921C85,0a2529d8-8ddd-4865-8f0a-7406b37c70ce,b24ed1f2-317f-48ab-8b39-dfb9e4d5a6c5,,,UNASSIGNED,CRITICAL,4030,0,0,2026-09-21,95,f,0,5,,,NPA_RECOVERY,,,,,,f,,,,a87ae44d-66ca-4f8d-aa88-339c50f6fcaf,2026-09-21 04:52:59.873821+00,2026-09-21 04:52:59.873827+00
DAILY20260906C164,363fa101-94b7-4b81-b7a7-63aea6cf584f,276f9429-1dbf-4005-b8d0-2f6e757490f0,,,UNASSIGNED,CRITICAL,6700,0,0,2026-09-06,95,f,0,5,,,NPA_RECOVERY,,,,,,f,,,,a8ce1a19-2a03-4b7f-a9da-0afcbcf4c6dd,2026-09-06 13:30:49.811426+00,2026-09-06 13:30:49.81143+00
DAILY20260903C33,ad6c6567-37de-4e56-af57-92be8a115f44,79b87ad7-1b48-4b58-ae34-b7213452a618,c6ca60b7-2143-412b-887e-c30ae9cda031,,PAID,MEDIUM,13750,13750,0,2026-09-16,45,f,1,5,2026-09-17 05:07:00+00,Paid in full at doorstep,FIELD,,,,,,f,,,,a8de3deb-e913-4377-9917-665b3839e0b8,2026-09-02 15:33:15.702561+00,2026-09-17 06:31:12.018+00
CASE0000009,c1555a56-8d49-4eae-9054-e892d3ec72b5,c42463ca-bb0b-4815-88c5-1891917ff09c,c2f2e0ce-5aeb-4ece-8325-2167edfe139e,,PAID,MEDIUM,19370,19370,0,2026-08-27,35.77,t,2,3,2026-08-27 08:45:00+00,,PRE_LEGAL,,,,,,t,,,,a8ef490a-dceb-4cb5-97a5-3ead28266b87,2026-08-27 11:28:00.914967+00,2026-09-02 15:27:19.132062+00
DAILY20260903C175,317fd798-268d-417a-8634-921d4c6f3813,41f208ec-6de1-444c-8eca-16c8c5e4ad6e,,,UNASSIGNED,CRITICAL,2880,0,0,2026-09-03,95,f,0,5,,,NPA_RECOVERY,,,,,,f,,,,a8f8e9e9-78da-4f73-8841-ecc96a80f0b9,2026-09-02 15:33:16.251545+00,2026-09-02 15:33:16.251545+00
CASE0000563,9339433d-7018-4df9-8ab1-189b46c9ca29,365700b5-d1d8-4a82-83a7-543fd6e3856c,a13886ca-739b-47b4-a473-724e03f7332a,,PARTIALLY_PAID,CRITICAL,2410,2323.87,0,2026-08-26,48.46,f,4,3,,,NPA_RECOVERY,,,,,,f,,,,a9077346-1e77-4b17-8eaf-4713ba0cbe6c,2026-08-27 11:28:06.300668+00,2026-09-21 09:28:23.73729+00
CASE0000439,ee9f2ddc-843d-49ba-a0da-c2d8b068c8ca,035ab2f9-b11a-4d7f-b949-ff243a0d9656,3e9c4168-1de9-43e8-b9f2-fbf3f931949d,,PARTIALLY_PAID,HIGH,32830,31518.72,0,2026-05-15,94.31,f,3,3,,,PRE_LEGAL,,,,,,f,,,,a91b2719-8e08-4b6a-80dd-211650b9c023,2026-08-27 11:28:04.649266+00,2026-09-21 09:28:23.737291+00
DAILY20260903C61,44a35be6-4064-40b6-bac7-9e1da3793772,de9a5fe3-d0a7-4e47-b74b-476308be11d5,2b6de8aa-0976-4be0-8a40-043ff86ffa54,,PTP_SET,MEDIUM,55880,14816.01,0,2026-09-18,45,f,2,5,,,FIELD,,,,,,f,,,,a94e2f16-8b0e-4d3e-90e5-24565d32b3c5,2026-09-02 15:33:15.800372+00,2026-09-18 06:37:23.216208+00
CASE0000386,0206ed96-6702-4d9b-8861-5ca0019ddc4f,775cdd25-33e5-4548-894c-19587a0f68f9,a2e2555c-f597-43af-a77a-fe708f967218,,PAID,CRITICAL,4390,4390,0,2026-08-26,100,t,4,4,2026-09-01 05:52:00.181768+00,,NPA_RECOVERY,,,,,,f,,,,a9560ff7-3dd0-45d2-a2a6-79a8c05d2133,2026-08-27 11:28:04.200283+00,2026-09-02 15:27:19.132062+00
CASE0000486,9bc89195-91b9-45b3-801e-89b0ff7225c1,182559cb-657a-4d6e-b0db-94b118bf7eaa,2b6de8aa-0976-4be0-8a40-043ff86ffa54,,PARTIALLY_PAID,MEDIUM,12000,11821.8,0,2026-04-18,47.86,t,3,3,,,FIELD,,,,,,t,,,,a961c4cb-299c-4776-89da-bacf7f957e06,2026-08-27 11:28:05.662936+00,2026-09-03 05:17:22.180005+00
DAILY20260918C93,b1af85a4-f72a-4175-8ad4-c533d7405780,6d98033c-28fc-498b-9e7f-e37563b54f84,,,UNASSIGNED,HIGH,8760,0,0,2026-09-18,75,f,0,5,,,FIELD,,,,,,f,,,,a9d09f4b-12f0-4c7a-aef8-8a723f4f8b15,2026-09-18 06:49:34.541529+00,2026-09-18 06:49:34.541532+00
DAILY20260921C70,d2afa2d7-1299-4b75-a9eb-b06fe39785d6,b96eaaef-7084-4a9e-8780-50f4e391dc1e,,,UNASSIGNED,HIGH,3900,0,0,2026-09-21,75,f,0,5,,,FIELD,,,,,,f,,,,a9e22bf0-ba2c-4224-beaa-b115935cf4fd,2026-09-21 04:52:59.781502+00,2026-09-21 04:52:59.781507+00
CASE0000181,9bd1b138-1ded-4ba6-8eba-013a26589c63,b028c6eb-242a-4eb1-b041-77b2b4eea3b7,a2e2555c-f597-43af-a77a-fe708f967218,,PARTIALLY_PAID,CRITICAL,14150,5913.65,0,2026-09-18,54.31,f,5,3,,,NPA_RECOVERY,,,,,,f,,,,a9f60804-09fd-4777-90a8-de972b4484fd,2026-08-27 11:28:01.839916+00,2026-09-21 09:28:23.737292+00
DAILY20260907C47,8c1645d9-263b-4e48-a7d7-719bbd8d9a47,0a99e299-90c4-48c0-8041-0f13c7579523,4a182f53-a1a1-4f15-945a-6a56f4e04b64,,IN_PROGRESS,CRITICAL,26780,0,0,2026-09-18,95,f,1,5,,,NPA_RECOVERY,,,,,,f,,,,aa117ffd-41e3-418e-9a79-1469138506bc,2026-09-07 04:59:06.069421+00,2026-09-21 05:55:24.579977+00
CASE0000636,65d0ed44-6d1a-461a-8814-cfec36409756,bc26b72a-f1cf-41ec-a47a-90646d26576b,3aa13103-bd03-4578-9292-44d88d58da00,,PAID,CRITICAL,3730,3730,0,2026-08-27,100,t,4,4,2026-09-01 05:52:00.181768+00,,NPA_RECOVERY,2026-03-15,,,,,f,,,,aa23546a-7670-42b0-a92a-fe486a2df10a,2026-08-27 11:28:07.760236+00,2026-09-02 15:27:19.14777+00
DAILY20260906C05,6bf57759-ee44-41ed-9421-2c9e2d069843,e478bfcc-8ac8-4c80-a153-575c035259ef,,,UNASSIGNED,HIGH,8540,0,0,2026-09-06,75,f,0,5,,,FIELD,,,,,,f,,,,aa296a05-53d7-4f47-82f0-4d1cf3d96061,2026-09-06 13:30:48.686773+00,2026-09-06 13:30:48.686775+00
DAILY20260907C16,3724f366-c109-4b14-b867-9ed3dcf44b0b,91b092cb-eaf7-44b1-b051-f2982fd9717f,,,UNASSIGNED,HIGH,1980,0,0,2026-09-07,75,f,0,5,,,FIELD,,,,,,f,,,,aa48f262-149b-4a3e-9a91-559a86de7820,2026-09-07 04:59:05.821336+00,2026-09-07 04:59:05.82134+00
CASE0000586,8727be63-e58f-4434-88fb-0988a8f567d6,cea23c72-efbe-4ea2-aa19-35f8f86182d7,1d5e58e8-954e-4d6c-b13c-6e6d614cb588,,PTP_SET,MEDIUM,3890,0,0,2026-09-01,22.65,t,2,5,,,FIELD,2026-04-08,,,,,f,,,,aa4e988c-32f0-439a-b262-1814bc3720df,2026-08-27 11:28:06.484252+00,2026-09-21 09:28:23.737292+00
CASE0000266,3bc906ec-1f51-4fe6-841e-0ddcf2b0f1ed,7e92b660-798a-45b7-94fd-685a07117a7a,e9dced65-f61b-4c24-bae7-d4170299ed46,,PTP_SET,HIGH,17330,8809.2,0,2026-09-16,100,t,4,4,,,PRE_LEGAL,,,,Customer called 6 times by bank IVR — no response. Contact number may have changed.,,t,,,,aa7879bb-bb87-4d9c-9d1a-f62d3fe2cc80,2026-08-27 11:28:02.765709+00,2026-09-21 09:28:23.737293+00
DAILY20260907C23,140753ba-0921-4c11-938d-fb1cd8ed0fa9,b6d10b0a-a76c-4209-9a10-ea08142e9fdc,,,UNASSIGNED,HIGH,4780,0,0,2026-09-07,75,f,0,5,,,FIELD,,,,,,f,,,,ab1481bd-6067-4106-b200-2528c3d91b33,2026-09-07 04:59:05.859003+00,2026-09-07 04:59:05.859005+00
CASE0000134,cfd7f981-8a56-4067-919c-03b1c95f4b23,acc34335-0c63-4a9d-b2d6-22e49e94e051,c6ca60b7-2143-412b-887e-c30ae9cda031,,PAID,CRITICAL,54350,54350,0,2026-09-02,100,t,5,4,2026-09-01 16:24:00+00,,FIELD,,,,Borrower relocated. New address shared by guarantor — verify on field visit.,,f,,,,ab424df4-f91b-4d3a-bf7e-77671eab8c75,2026-08-27 11:28:01.493377+00,2026-09-03 05:17:22.180005+00
DAILY20260921C126,c9ec3706-d509-4365-bc39-1a1a7ed87050,5479d12d-ef1d-4d51-9467-a0f73687daea,,,UNASSIGNED,CRITICAL,2400,0,0,2026-09-21,95,f,0,5,,,NPA_RECOVERY,,,,,,f,,,,ab5b5e9c-dba1-43e7-9ce0-03a23318babf,2026-09-21 04:53:00.229885+00,2026-09-21 04:53:00.229889+00
CASE0000601,16791195-a842-4ef7-b058-6ccd52230bb0,5fd6b519-11a3-4e00-9256-b8a6ee401c0c,357e2e09-b637-468e-818b-57a5dce18e9c,,PARTIALLY_PAID,CRITICAL,58950,56129.99,0,2026-08-27,100,t,3,4,,,NPA_RECOVERY,,,,Seasonal worker — income irregular. Best to visit early morning.,,f,,,,ab5d1e55-44aa-4f54-b94e-55fcdf4bac01,2026-08-27 11:28:06.625422+00,2026-09-21 05:55:24.579978+00
DAILY20260903C139,1954c1f6-bdd4-48d6-82f4-6a51def78ca7,9899ddf7-0f0c-4481-ae03-6ea8b41576f7,,,UNASSIGNED,CRITICAL,17800,0,0,2026-09-03,95,f,0,5,,,NPA_RECOVERY,,,,,,f,,,,ab65cbd5-243d-4153-9445-55a02709980a,2026-09-02 15:33:16.123443+00,2026-09-02 15:33:16.123443+00
DAILY20260921C51,55b0a408-f2f7-44e2-bc37-6cc5e09e1fc0,cdc43cff-7067-47bf-905b-7acadf4e254f,,,UNASSIGNED,HIGH,4200,0,0,2026-09-21,75,f,0,5,,,FIELD,,,,,,f,,,,ab87fa03-21a3-4230-81c4-d785f3374287,2026-09-21 04:52:59.672516+00,2026-09-21 04:52:59.672519+00
DAILY20260903C166,235eee70-e529-4207-bf55-986f826ab245,4e4c0f9c-0271-4cdd-a2eb-96868d10d571,3aa13103-bd03-4578-9292-44d88d58da00,,ASSIGNED,CRITICAL,11600,0,0,2026-09-03,95,f,0,5,,,NPA_RECOVERY,,,,,,f,,,,abb84e27-e034-4358-86aa-0595c4e06ea3,2026-09-02 15:33:16.216261+00,2026-09-02 15:33:49.223295+00
CASE0000441,13f677a8-835a-4540-a8f5-22b7d8a8a179,c7d7827d-133a-4d6e-881c-30fa7f4c4264,c33350cc-f581-492e-807f-14262d56ebcb,,PAID,CRITICAL,20330,20330,0,2026-09-02,100,t,3,5,2026-09-02 13:08:00+00,,NPA_RECOVERY,,,,"Legal notice sent last month. Customer acknowledged receipt, no payment.",,f,,,,abbcc397-4f17-466e-9ab9-cda86c3cb54c,2026-08-27 11:28:04.668162+00,2026-09-03 05:17:22.180005+00
CASE0000079,903c0bf7-45d1-45bb-9a8a-5a9ba0e09942,4fa285a5-856d-4e7d-bc64-cbb5fa2f6116,c33350cc-f581-492e-807f-14262d56ebcb,,PAID,CRITICAL,25150,25150,0,2026-09-01,100,t,2,5,2026-09-01 12:53:00+00,,NPA_RECOVERY,,,,Customer called 6 times by bank IVR — no response. Contact number may have changed.,,f,,,,ac3b168c-a835-406d-a7c0-133833186e2b,2026-08-27 11:28:01.142069+00,2026-09-03 05:17:22.180005+00
DAILY20260907C54,f5851f9a-3d17-4775-8634-6f25f123e7de,fbadc0d2-466d-4179-98f6-53428174362b,357e2e09-b637-468e-818b-57a5dce18e9c,,PTP_SET,MEDIUM,7200,0,0,2026-09-21,45,f,1,5,,,FIELD,,,,,,f,,,,ac4bedbe-6024-4df5-9e8f-78a511927e5f,2026-09-07 04:59:06.112742+00,2026-09-21 06:09:26.745156+00
CASE0000319,2c79ffad-474c-4617-93fe-dfcfd00de543,8d4cfb51-4678-4f6d-89b2-cdadcc73f39b,e9dced65-f61b-4c24-bae7-d4170299ed46,,PTP_SET,HIGH,12460,3825.76,0,2026-09-17,100,t,3,3,,,PRE_LEGAL,,,,,,t,,,,ac5d159e-3de8-4a59-8f93-e2562757642c,2026-08-27 11:28:03.257072+00,2026-09-21 09:28:23.737293+00
CASE0000699,671c141e-2e73-404d-a72b-220fecd28281,69326459-fdd4-4f93-a098-676f97e48780,5fbae4d6-59d1-4e6c-8a80-fe57244a45bb,,PAID,CRITICAL,23220,23220,0,2026-09-02,100,t,4,4,2026-09-02 10:11:00+00,,LEGAL,,,,,,t,,,,ac66f7cf-ee61-4c97-9db9-2ef6e35facbe,2026-08-27 11:28:08.29959+00,2026-09-03 05:17:22.180005+00
CASE0000638,5d016fd0-4cd9-47ff-bb8b-6fa26e95a44e,9c727bad-0642-4a2a-a303-6552d9941aa5,c33350cc-f581-492e-807f-14262d56ebcb,,PTP_SET,MEDIUM,43910,28373.1,0,2026-09-18,100,t,6,5,,,FIELD,,,,,,t,,,,ad0ffdb4-bb03-47da-b46a-07ccdcdf5194,2026-08-27 11:28:07.778561+00,2026-09-21 09:28:23.737294+00
CASE0000357,2439d400-d1c2-4c8b-935a-25904e153bbb,fbd1a7b1-db2c-42b2-abf7-215fac770676,3aa13103-bd03-4578-9292-44d88d58da00,,PAID,CRITICAL,19670,19670,0,2026-08-26,100,t,3,3,2026-09-01 05:52:00.181768+00,,PRE_LEGAL,2026-05-11,,,,,f,,,,adaf7d4e-1d31-43ac-98b5-3161a6cd7b92,2026-08-27 11:28:03.502559+00,2026-09-02 15:27:19.155239+00
DAILY20260903C174,ae93daa3-9458-41c3-b07d-f8ca38a5f97a,d80cdb99-4a2a-47a7-b127-5c73f87d9063,,,UNASSIGNED,MEDIUM,3360,0,0,2026-09-03,45,f,0,5,,,FIELD,,,,,,f,,,,adf2320c-3b94-482d-9fa6-33dc460029fd,2026-09-02 15:33:16.240743+00,2026-09-02 15:33:16.240743+00
DAILY20260918C61,9e8af8da-3abb-46a4-b9e8-7d0db7ec6504,81ac2bd4-6f6d-47b2-b423-bdbc11c91f8b,8e59153e-dc8e-4efa-af65-1db304a6f3f1,,IN_PROGRESS,CRITICAL,45320,0,0,2026-09-21,95,f,1,5,,,NPA_RECOVERY,,,,,,f,,,,ae455cfa-386f-4bcc-8d41-d876d6b31aff,2026-09-18 06:49:34.346562+00,2026-09-21 06:09:27.215633+00
DAILY20260903C126,33d8db2f-8fca-4c26-a928-908f6f8c63bd,8e5ea134-2ad8-4404-88bc-5fb9517ae49b,,,UNASSIGNED,CRITICAL,3070,0,0,2026-09-03,95,f,0,5,,,NPA_RECOVERY,,,,,,f,,,,aeaa873d-41e4-4643-8c0f-2dc956e29842,2026-09-02 15:33:16.068244+00,2026-09-02 15:33:16.068244+00
DEMO000004,d9dee504-0523-4639-bb06-439689cec2f6,b4e2a280-42ca-4cdb-8bb0-eca37fcb36fd,2b6de8aa-0976-4be0-8a40-043ff86ffa54,,PAID,MEDIUM,5370,5370,0,2026-08-20,45,f,2,5,,,FIELD,,,,,,f,,,,aec51496-5e60-4d0d-82cc-e74bc7dd32fb,2026-08-27 11:28:09.56811+00,2026-09-03 05:17:22.188169+00
CASE0000387,c231e4e1-dff9-4806-8971-f7225bd6a922,06759fbd-2db8-43b3-9f61-2318381729ec,e9dced65-f61b-4c24-bae7-d4170299ed46,,PARTIALLY_PAID,CRITICAL,25000,19981.31,0,2026-09-18,99.52,t,3,3,,,NPA_RECOVERY,,,,,,t,,,,af2ed21b-2b2d-4e61-bb93-099059a8e1a9,2026-08-27 11:28:04.208709+00,2026-09-21 05:55:24.5817+00
CASE0000700,16791195-a842-4ef7-b058-6ccd52230bb0,5fd6b519-11a3-4e00-9256-b8a6ee401c0c,357e2e09-b637-468e-818b-57a5dce18e9c,,PARTIALLY_PAID,CRITICAL,58950,55571.02,0,2026-08-26,100,t,2,5,2026-04-03 00:00:00+00,,NPA_RECOVERY,,,,,,f,,,,af304ff6-67dd-4f78-a7ba-369864757197,2026-08-27 11:28:08.307209+00,2026-09-21 05:55:24.581703+00
CASE0000450,95cf3e18-d85d-4685-b2a9-eadf282e3b9f,a50920b5-7324-4a69-a0b7-0744de6b46f5,5fbae4d6-59d1-4e6c-8a80-fe57244a45bb,,PAID,MEDIUM,3230,3230,0,2026-08-27,44.22,f,3,5,2026-08-27 11:41:00+00,,NPA_RECOVERY,,,,,,f,,,,af3f3cc9-b9a2-4669-b322-284846e8e545,2026-08-27 11:28:04.735856+00,2026-09-02 15:27:19.155239+00
DAILY20260921C200,39c189b5-68c0-4968-9f91-68a1ef6e1007,e792d7ce-eae2-43e6-9a43-77a81e3ea870,c37b6a5c-9d1c-46d4-8ece-dfce290dc74b,,PARTIALLY_PAID,MEDIUM,43120,17812.23,0,2026-09-21,45,f,1,5,,,FIELD,,,,,,f,,,,af4f5de6-8e03-44a0-a5e0-f76537706eeb,2026-09-21 04:53:00.811086+00,2026-09-21 06:09:26.312035+00
DAILY20260903C158,a0408001-7f71-4478-b2af-167579842e8e,ad4f5620-6ca2-4da1-8b42-6601d99c27cf,,,UNASSIGNED,HIGH,3680,0,0,2026-09-03,75,f,0,5,,,FIELD,,,,,,f,,,,af6ecbcf-d1e8-44a7-b122-c60b20016408,2026-09-02 15:33:16.184769+00,2026-09-02 15:33:16.184769+00
CASE0000322,2e0ec7cc-3dcc-4204-b83a-c5bda7ad54f4,a4c1c26e-0726-403e-b501-2ab6e86d5e90,b06cd5a3-f1c0-4cdb-b241-9ce2d6c5e791,,PARTIALLY_PAID,CRITICAL,16780,16231.23,0,2026-08-26,65.24,f,2,5,,,NPA_RECOVERY,,,,,,t,,,,afb66245-a212-40b6-ad73-d68b5fd106d2,2026-08-27 11:28:03.275835+00,2026-09-21 09:28:23.737295+00
DEMO000012,bc13cfe8-1b8c-49e7-837f-f22e5e2e9f40,d2840674-750b-4a90-b613-6717af2ce65d,2b6de8aa-0976-4be0-8a40-043ff86ffa54,,PARTIALLY_PAID,MEDIUM,6120,3480.06,0,2026-09-03,20,f,3,5,,,FIELD,,,,,,f,,,,afe616d9-16c5-4bd2-b6fa-774fae54c02c,2026-08-27 11:28:09.601802+00,2026-09-21 09:28:23.737295+00
DAILY20260907C114,a6fe8e73-3d49-46fb-a5f3-4cefa5fac0f0,20f9a0c7-6629-4094-96f2-2501dbdf541b,4a182f53-a1a1-4f15-945a-6a56f4e04b64,,PTP_SET,HIGH,53660,0,0,2026-09-16,75,f,1,5,,,FIELD,,,,,,f,,,,afeb0fe4-5cbe-4aec-8fd2-491ac574c5d7,2026-09-07 04:59:06.483412+00,2026-09-17 06:31:12.819109+00
DAILY20260906C99,9d0113e7-4863-4e9a-bb08-124dafabd449,5988835f-b684-4fc8-8f32-c7abaddec474,357e2e09-b637-468e-818b-57a5dce18e9c,,PAID,CRITICAL,33100,33100,0,2026-09-21,95,f,1,5,2026-09-21 05:21:00+00,Paid in full at doorstep,NPA_RECOVERY,,,,,,f,,,,b03e7c23-2d12-4752-9b3c-1530b26910f5,2026-09-06 13:30:49.39281+00,2026-09-21 06:09:25.84982+00
CASE0000141,598573b9-8c04-44bf-bc0b-b3a1d7eb941c,db7e249b-c427-450b-87be-5b74d39cee67,357e2e09-b637-468e-818b-57a5dce18e9c,,PTP_SET,CRITICAL,23280,13031.43,0,2026-09-18,100,f,4,5,,,LEGAL,,,,,,t,,,,b0817725-39e4-401a-a69e-b9734187d920,2026-08-27 11:28:01.549266+00,2026-09-18 06:37:22.852586+00
CASE0000718,ddc81210-df10-40b6-899b-86e340098a93,442098ed-1088-41f3-9f74-2c4f356cd6b9,2dfc73e0-dba9-4aa5-babf-d5141ded5497,,PTP_SET,MEDIUM,31330,14545.13,0,2026-09-18,28.79,t,4,5,,,FIELD,2026-03-01,,,Seasonal worker — income irregular. Best to visit early morning.,,t,,,,b09bcc21-ce43-4ae2-a076-7ae065282484,2026-08-27 11:28:08.465822+00,2026-09-21 09:28:23.737296+00
DAILY20260921C170,fb1a3a9a-3861-4bf9-9c47-ea4fca79a232,7f3c30a6-8261-4c07-955e-32d2029a0afa,,,UNASSIGNED,MEDIUM,2900,0,0,2026-09-21,45,f,0,5,,,FIELD,,,,,,f,,,,b0aabc8b-ca6a-4dec-b32e-56972dc58d88,2026-09-21 04:53:00.623737+00,2026-09-21 04:53:00.623741+00
DAILY20260918C96,b99881e2-f3ad-481a-94e5-c67ae56b5a33,e4da01a2-45cc-43eb-89c3-8e3049be8596,,,UNASSIGNED,CRITICAL,16250,0,0,2026-09-18,95,f,0,5,,,NPA_RECOVERY,,,,,,f,,,,b0b8b1c8-18e1-48fb-8a27-2a45f69697cf,2026-09-18 06:49:34.561659+00,2026-09-18 06:49:34.561666+00
CASE0000253,3c32f948-3b0e-4554-97cb-604c3df714fc,3ba3fa4c-6834-4cee-83a4-f17f96ed0233,3aa13103-bd03-4578-9292-44d88d58da00,,PAID,CRITICAL,14080,14080,0,2026-08-27,90.64,t,3,4,2026-08-27 15:48:00+00,,LEGAL,2026-06-06,,,,,f,,,,b109d21d-865b-478e-8391-908d55b65391,2026-08-27 11:28:02.608527+00,2026-09-02 15:27:19.161264+00
DAILY20260907C95,66516561-ea2d-4064-8803-320fb62a3676,1b84f65d-bd82-4ea3-8b70-9da5c13660fe,,,UNASSIGNED,MEDIUM,3970,0,0,2026-09-07,45,f,0,5,,,FIELD,,,,,,f,,,,b135bfdb-5b85-415f-aab6-5b2a40487e69,2026-09-07 04:59:06.365145+00,2026-09-07 04:59:06.365148+00
DAILY20260921C17,05d0dba9-4194-48dc-8fd2-14db0de55d3c,a970fdeb-35ae-43a3-8f23-1a20e20c4e68,,,UNASSIGNED,CRITICAL,5870,0,0,2026-09-21,95,f,0,5,,,NPA_RECOVERY,,,,,,f,,,,b154028b-6600-464d-861c-ba234e47a612,2026-09-21 04:52:59.482093+00,2026-09-21 04:52:59.482097+00
DAILY20260918C08,dc702d8c-13e3-4032-9483-ad3c7baca529,c8448e36-09d7-4616-86ed-a651bcff6d8c,,,UNASSIGNED,CRITICAL,5850,0,0,2026-09-18,95,f,0,5,,,NPA_RECOVERY,,,,,,f,,,,b16056d5-7960-4927-bfc4-defe5b08d0b9,2026-09-18 06:49:34.066993+00,2026-09-18 06:49:34.066996+00
DAILY20260906C160,22e0eb10-9913-4d74-ba85-f61e3456e63e,5e6644ff-0e20-4431-a568-1f8ae8c65e8c,,,UNASSIGNED,MEDIUM,2690,0,0,2026-09-06,45,f,0,5,,,FIELD,,,,,,f,,,,b16e0d7a-3352-4c12-95df-990b41ebd88b,2026-09-06 13:30:49.78407+00,2026-09-06 13:30:49.784073+00
DAILY20260921C20,6c059200-4718-468e-8301-ee8e6d0932d6,308050ba-e28b-480c-bb8e-a7c3b3fa7e1c,4a182f53-a1a1-4f15-945a-6a56f4e04b64,,PAID,CRITICAL,51360,51360,0,2026-09-21,95,f,1,5,2026-09-21 07:35:00+00,Paid in full at doorstep,NPA_RECOVERY,,,,,,f,,,,b1b1d46f-3727-4796-a4c5-375c7e8db188,2026-09-21 04:52:59.50103+00,2026-09-21 06:09:25.838538+00
CASE0000148,760964f0-f607-4d9a-a99d-6cc3482bcf2f,c8e52205-a9d9-4ae1-a25c-0e728de8fe19,4a182f53-a1a1-4f15-945a-6a56f4e04b64,,IN_PROGRESS,HIGH,49780,0,0,2026-09-18,100,t,3,5,,,PRE_LEGAL,,,,,,f,,,,b1d8fc88-3d7a-4451-bf09-ac23217b2718,2026-08-27 11:28:01.597585+00,2026-09-21 09:28:23.737296+00
DAILY20260903C83,1c84f408-764a-4efd-9e30-2ead93c240c7,ba2063cc-96f8-4221-ad36-f33194b43f0a,2dfc73e0-dba9-4aa5-babf-d5141ded5497,,PTP_SET,MEDIUM,11020,0,0,2026-09-21,45,f,1,5,,,FIELD,,,,,,f,,,,b1e57f9d-8daa-43d0-aa93-1acf18ad5228,2026-09-02 15:33:15.908664+00,2026-09-21 06:09:26.563813+00
DAILY20260921C00,dd1bbf3b-f161-4f36-9d3a-43cb97645db1,4f6b2ea1-3e7b-40bf-ba5f-dcaaab471f87,,,UNASSIGNED,CRITICAL,17580,0,0,2026-09-21,95,f,0,5,,,NPA_RECOVERY,,,,,,f,,,,b212b31a-11c0-49d2-889d-55a964b71841,2026-09-21 04:52:59.340097+00,2026-09-21 04:52:59.340102+00
DAILY20260918C170,3b67dde7-ad4f-4330-bd6d-4c07e57202d3,f3486934-a4c7-4499-a15f-a332e015a8ad,c33350cc-f581-492e-807f-14262d56ebcb,,ASSIGNED,MEDIUM,18050,0,0,2026-09-21,45,f,0,5,,,FIELD,,,,,,f,,,,b231e7f2-8c57-4b0e-a9db-dfd1d1d0249d,2026-09-18 06:49:34.982367+00,2026-09-21 04:53:43.270795+00
DAILY20260907C181,80d8d18f-6cad-47d1-927a-9433f8bcb2f5,fe8204a8-c9a1-4c61-9da3-8dcaafaba258,a13886ca-739b-47b4-a473-724e03f7332a,,ASSIGNED,CRITICAL,27770,0,0,2026-09-21,95,f,0,5,,,NPA_RECOVERY,,,,,,f,,,,b2cb0e41-d94e-4f9b-8833-1ffa569844da,2026-09-07 04:59:06.861682+00,2026-09-21 04:53:12.589402+00
CASE0000348,598573b9-8c04-44bf-bc0b-b3a1d7eb941c,1c136dbb-cb98-4e60-bfb0-180ac89f35ca,357e2e09-b637-468e-818b-57a5dce18e9c,,IN_PROGRESS,HIGH,2240,0,0,2026-08-27,31.56,t,2,4,,,PRE_LEGAL,,,,,,f,,,,b2d48723-e8a6-4456-a5ad-ef6aa70c4a28,2026-08-27 11:28:03.447322+00,2026-09-21 09:28:23.737297+00
DAILY20260921C25,9e9941cd-a084-4346-803e-30735ac95bc5,457731af-0c34-46c6-9826-959a287ef6f6,,,UNASSIGNED,CRITICAL,4540,0,0,2026-09-21,95,f,0,5,,,NPA_RECOVERY,,,,,,f,,,,b2d4cc52-53a1-444d-9f77-420661ff7b4f,2026-09-21 04:52:59.537964+00,2026-09-21 04:52:59.537968+00
DAILY20260903C187,d5b87b87-5530-4bfa-89ec-d32ef4a2807a,4338e5b8-cb87-4e17-b7af-e99abaf21eff,,,UNASSIGNED,CRITICAL,4190,0,0,2026-09-03,95,f,0,5,,,NPA_RECOVERY,,,,,,f,,,,b2e9f29f-a278-4fcf-adbf-130465897efe,2026-09-02 15:33:16.294809+00,2026-09-02 15:33:16.294809+00
DAILY20260903C130,c474cf95-1454-4e79-8e0e-bc3d126a82fa,773a92c8-0694-4a00-9421-6823b5bf7db0,3aa13103-bd03-4578-9292-44d88d58da00,,ASSIGNED,CRITICAL,23090,0,0,2026-09-07,95,f,0,5,,,NPA_RECOVERY,,,,,,f,,,,b35fdb1f-f1bb-4bdb-bb10-f981c7110bad,2026-09-02 15:33:16.09335+00,2026-09-06 13:31:05.482419+00
DAILY20260918C54,532df6fa-5c15-4854-ad49-f4eb4237d1cd,f5a65da9-3c63-43c1-9a10-12699b088cb4,,,UNASSIGNED,CRITICAL,21150,0,0,2026-09-18,95,f,0,5,,,NPA_RECOVERY,,,,,,f,,,,b36b4e06-1a20-482d-91e7-60bc91adda5b,2026-09-18 06:49:34.304207+00,2026-09-18 06:49:34.30421+00
DAILY20260906C41,0c858f3e-d40f-4560-9f01-5e940047d23c,8caf907c-971b-4a53-919b-03611869b68a,,,UNASSIGNED,CRITICAL,8260,0,0,2026-09-06,95,f,0,5,,,NPA_RECOVERY,,,,,,f,,,,b399b721-5f9c-4696-ba4b-3a7554860bfe,2026-09-06 13:30:49.021115+00,2026-09-06 13:30:49.021117+00
DAILY20260903C17,f63e3b7c-7880-42b2-9ae2-dacf7253922d,13a237a7-12cc-4704-9f9e-b77db1e65d1f,3aa13103-bd03-4578-9292-44d88d58da00,,ASSIGNED,CRITICAL,15590,0,0,2026-09-04,95,f,0,5,,,NPA_RECOVERY,,,,,,f,,,,b3a74536-c95b-4d40-83cb-5b3bc908c62a,2026-09-02 15:33:15.635456+00,2026-09-03 10:17:46.900565+00
DAILY20260921C64,123f3583-d811-4084-b009-f2cefff672e7,89a404c8-301a-47ea-ae63-65751dff1358,,,UNASSIGNED,HIGH,17400,0,0,2026-09-21,75,f,0,5,,,FIELD,,,,,,f,,,,b4009f0a-2d83-4e66-8337-002f32cd49ca,2026-09-21 04:52:59.745345+00,2026-09-21 07:24:02.321468+00
CASE0000681,c5733aff-893e-4874-894d-65898bc2c1e1,f5cbf4df-ae63-41e9-94a0-0295035f3160,c33350cc-f581-492e-807f-14262d56ebcb,,IN_PROGRESS,HIGH,4080,0,0,2026-04-08,40.32,t,2,3,,,PRE_LEGAL,2026-03-01,,,,,f,,,,b44d9845-a110-4fd3-b29f-772af0ac4fec,2026-08-27 11:28:08.137245+00,2026-09-21 09:28:23.737298+00
DAILY20260918C40,c52327b2-c4f4-481c-ada4-548cbd2e811a,dd3bc272-1057-4f5c-8a86-78d2716283eb,,,UNASSIGNED,CRITICAL,8840,0,0,2026-09-18,95,f,0,5,,,NPA_RECOVERY,,,,,,f,,,,b4550407-a260-4d4c-9df6-891d07634e17,2026-09-18 06:49:34.225233+00,2026-09-18 06:49:34.225237+00
CASE0000135,f0e828df-dd39-4105-9fbd-edbff7159e3f,63a0a691-adaa-4542-9a7d-5268b1b3018c,4a182f53-a1a1-4f15-945a-6a56f4e04b64,,PARTIALLY_PAID,HIGH,27610,10305.79,0,2026-09-01,100,t,2,3,,,PRE_LEGAL,2026-07-15,,,,,f,,,,b471bba1-d71a-4e92-b3a9-df72eecc22ee,2026-08-27 11:28:01.505606+00,2026-09-21 09:28:23.737298+00
CASE0000533,47e30ef7-8957-428d-be7b-a7b0524f8143,7e7e35fa-08dd-47a9-9307-f2181dc97d37,c6ca60b7-2143-412b-887e-c30ae9cda031,,PAID,LOW,34100,34100,0,2026-09-17,25.87,t,3,4,2026-09-17 04:14:00+00,Paid in full at doorstep,FIELD,,,,,,f,,,,b4999caa-368f-427b-baf0-755482b4b399,2026-08-27 11:28:06.043488+00,2026-09-17 06:31:12.250973+00
CASE0000204,a0158dd5-b538-448d-b064-7c85fffff52d,33e09eac-9106-4694-a9b4-4e117e3e19c2,5fbae4d6-59d1-4e6c-8a80-fe57244a45bb,,PTP_SET,HIGH,25650,19644.4,0,2026-09-17,80.07,t,4,5,,,PRE_LEGAL,,,,,,t,,,,b4ac78d0-3925-40ec-a355-16c7b92aeaec,2026-08-27 11:28:01.986915+00,2026-09-17 06:31:13.250397+00
CASE0000326,0cf79da7-545f-4c74-a7f6-517536fa5cf4,c9146f2e-a92a-4302-ad6e-7daed32c5689,3aa13103-bd03-4578-9292-44d88d58da00,,IN_PROGRESS,MEDIUM,16200,0,0,2026-08-25,40.49,t,3,3,,,FIELD,,,,,,f,,,,b4b64723-d685-44d4-9224-a6f8605a68d0,2026-08-27 11:28:03.302751+00,2026-09-02 15:27:19.167787+00
CASE0000676,93f75a61-fb83-4b76-b047-26f7efbc6e4d,927bbc4b-7484-4f97-8db7-47347f33f48f,2b6de8aa-0976-4be0-8a40-043ff86ffa54,,PTP_SET,MEDIUM,38700,6480.31,0,2026-09-18,20.8,t,3,4,,,FIELD,,,,,,f,,,,b4bcc423-98c5-4c1a-b4ba-619ad678910f,2026-08-27 11:28:08.096663+00,2026-09-21 09:28:23.737299+00
DAILY20260921C55,d2282024-d84c-4b8f-b23f-fb5932beb469,45c3e9a1-2cc3-410a-8e95-55334871d240,,,UNASSIGNED,CRITICAL,4180,0,0,2026-09-21,95,f,0,5,,,NPA_RECOVERY,,,,,,f,,,,b4cae291-a78e-47e8-ba6b-0cfea1a93882,2026-09-21 04:52:59.696495+00,2026-09-21 04:52:59.696499+00
CASE0000580,599721d4-2cd5-40cb-834a-f14ef792aa42,3325597c-f6c7-458a-8130-e1f06599f61b,e9dced65-f61b-4c24-bae7-d4170299ed46,,PTP_SET,CRITICAL,58030,20759.54,0,2026-09-17,100,t,4,4,,,LEGAL,,,,Account flagged for special mention — court case pending. Handle with care.,,t,,,,b4ce8b2d-ff75-4b16-bd40-6b9aaf116b46,2026-08-27 11:28:06.436801+00,2026-09-17 06:31:12.853722+00
DAILY20260921C21,8dc41e64-9597-475e-a6ca-fb20c65e3834,fb2676f5-5819-423b-8611-39298f20330f,cd9e6eca-028e-4c61-8e82-048327bc4476,,ASSIGNED,HIGH,36960,0,0,2026-09-21,75,f,0,5,,,FIELD,,,,,,f,,,,b4ec2150-51e0-4ffc-8b74-a77218bb2722,2026-09-21 04:52:59.507402+00,2026-09-21 04:53:43.274317+00
DAILY20260907C124,0fc3f14b-948a-4ce9-b8a0-4f02f0ac5ac3,51668af1-ef34-461b-9c10-8bb8f8827403,3aa13103-bd03-4578-9292-44d88d58da00,,ASSIGNED,MEDIUM,23380,0,0,2026-09-21,45,f,0,5,,,FIELD,,,,,,f,,,,b4fb54b2-7850-40f5-bb01-9cb550f31e55,2026-09-07 04:59:06.537041+00,2026-09-21 04:53:43.277057+00
DAILY20260918C47,f2294d3b-adc9-493d-87b1-f641964ce5c8,9af0563c-1ca8-4dd9-9e83-992c9fcb501e,,,UNASSIGNED,HIGH,3170,0,0,2026-09-18,75,f,0,5,,,FIELD,,,,,,f,,,,b5173654-84bd-45ea-a972-719ff6b3ee52,2026-09-18 06:49:34.265007+00,2026-09-18 06:49:34.265011+00
CASE0000146,a4a0aec6-22fe-4287-8458-2bab6c671180,20400f74-9d13-417a-9208-1712de2107c5,2b6de8aa-0976-4be0-8a40-043ff86ffa54,,ASSIGNED,MEDIUM,24100,0,0,2026-09-02,51.61,t,4,5,,,FIELD,,,,,,f,,,,b56e7872-3079-4584-b897-046f39204e79,2026-08-27 11:28:01.584473+00,2026-09-03 05:17:22.189675+00
CASE0000593,19b65599-9a6e-4186-9398-f1f877e31ad6,121cc219-9185-4041-912d-c5bce5993290,3aa13103-bd03-4578-9292-44d88d58da00,,PTP_SET,HIGH,60790,18066.27,0,2026-09-17,89.41,t,2,5,,,PRE_LEGAL,,,,,,t,,,,b586d7d7-f387-4601-a35b-004b927e52ad,2026-08-27 11:28:06.536506+00,2026-09-21 09:28:23.737299+00
DAILY20260907C22,7ef43ce6-3ce4-4f9a-82ec-f51ffb479ab6,f42e77f0-8bdc-49aa-a355-cbfe83e88b4b,cd9e6eca-028e-4c61-8e82-048327bc4476,,PAID,MEDIUM,9360,9360,0,2026-09-16,45,f,1,5,2026-09-17 07:00:00+00,Paid in full at doorstep,FIELD,,,,,,f,,,,b58eccf9-05a2-4eee-a9bf-3b289f549297,2026-09-07 04:59:05.854409+00,2026-09-17 06:31:11.95902+00
DAILY20260903C02,126af0d5-f39b-4f68-9c21-4c0bd9e75b20,09fa6c49-33a2-4539-ab6a-a233ff4fb340,3e9c4168-1de9-43e8-b9f2-fbf3f931949d,,PAID,CRITICAL,34800,34800,0,2026-09-17,95,f,1,5,2026-09-18 05:58:00+00,Paid in full at doorstep,NPA_RECOVERY,,,,,,f,,,,b5d02f22-c9e0-4462-b54d-34f78e3b19df,2026-09-02 15:33:15.587007+00,2026-09-18 06:37:21.545598+00
DAILY20260918C136,6ee9c8a0-c6e3-4dbd-aeeb-22bb6bb5eff7,16e0f753-a8c4-4bc7-a95e-4000e4754a49,,,UNASSIGNED,CRITICAL,12930,0,0,2026-09-18,95,f,0,5,,,NPA_RECOVERY,,,,,,f,,,,b5eda650-2633-4db5-af5a-c8e499d45db2,2026-09-18 06:49:34.802911+00,2026-09-18 06:49:34.802913+00
DAILY20260918C118,8d34cf47-2ccf-49ec-b513-ac030bb4d184,57696f0f-3fc4-4173-80e8-d82ee6ebafc9,,,UNASSIGNED,CRITICAL,10100,0,0,2026-09-18,95,f,0,5,,,NPA_RECOVERY,,,,,,f,,,,b60cce3c-86cc-4fae-923d-6256b56b6af4,2026-09-18 06:49:34.705714+00,2026-09-18 06:49:34.705717+00
DAILY20260921C72,6ec90334-1a24-4aa4-ac97-3f57d99f86d2,6ac05d19-55de-4a6c-813b-fb75e5f8b724,2dfc73e0-dba9-4aa5-babf-d5141ded5497,,PAID,CRITICAL,41220,41220,0,2026-09-21,95,f,1,5,2026-09-21 10:13:00+00,Paid in full at doorstep,NPA_RECOVERY,,,,,,f,,,,b655d388-a294-4399-92b1-dc79de400a3e,2026-09-21 04:52:59.793622+00,2026-09-21 06:09:25.656653+00
DAILY20260921C191,b81791a1-458d-4179-9a78-dae4e09b031f,e41d3286-0778-435a-b0bf-6610df904e32,cd9e6eca-028e-4c61-8e82-048327bc4476,,PAID,CRITICAL,32230,32230,0,2026-09-21,95,f,1,5,2026-09-21 03:45:00+00,Paid in full at doorstep,NPA_RECOVERY,,,,,,f,,,,b65c242c-7f7c-4374-a2c0-abba634f337a,2026-09-21 04:53:00.76106+00,2026-09-21 06:09:25.829626+00
DAILY20260828C00,66ffba99-174b-414b-b6b2-ddb2599051d7,16c72664-a4aa-479c-b00d-c53cc1458f66,8e59153e-dc8e-4efa-af65-1db304a6f3f1,,ASSIGNED,HIGH,1530,0,0,2026-09-01,35,f,1,5,,,FIELD,,,,,,f,,,,b6e0928e-3777-46f1-928b-2fd669d045b6,2026-08-28 15:48:57.052232+00,2026-09-03 05:17:22.189675+00
DAILY20260907C162,97a0eafa-6fe7-4708-a3a2-144bfe9cb510,62085667-6c6f-44ab-8906-f0ebea8c5d5b,a13886ca-739b-47b4-a473-724e03f7332a,,PARTIALLY_PAID,MEDIUM,23070,6821.28,0,2026-09-10,45,f,1,5,,,FIELD,,,,,,f,,,,b6efe7bb-38b7-4282-b585-6b3a41260367,2026-09-07 04:59:06.749643+00,2026-09-21 04:53:43.279744+00
CASE0000664,ea8bf59f-dae6-4b04-b0c8-72a6f51d8d08,3b7b8485-7db8-4854-bc33-3ebda2fb30e9,cd9e6eca-028e-4c61-8e82-048327bc4476,,PAID,HIGH,21420,21420,0,2026-04-06,80.4,t,1,3,2026-04-15 00:00:00+00,,FIELD,,,,,,f,,,,b71d3bd8-3f3d-46d1-8582-16b013a8d03d,2026-08-27 11:28:07.993706+00,2026-09-03 05:17:22.195211+00
CASE0000205,65f3b5ba-95e5-4d3d-8310-035453c5d856,799e1879-0521-46ab-92d7-c97163af173c,2dfc73e0-dba9-4aa5-babf-d5141ded5497,,ESCALATED,HIGH,11630,0,0,2026-08-04,91.35,t,1,3,,,PRE_LEGAL,,,,,,t,,,,b72c320e-c3d0-4335-bbe2-60d640ac113a,2026-08-27 11:28:01.992256+00,2026-09-21 09:28:23.7373+00
DAILY20260906C47,087ce244-d4ad-4f9e-9179-ba438d33cde6,afa44e0f-ab50-4bdb-8306-6ccedd21ebe2,,,UNASSIGNED,MEDIUM,6110,0,0,2026-09-06,45,f,0,5,,,FIELD,,,,,,f,,,,b7365e6d-fa3b-442d-81d3-08f361202b14,2026-09-06 13:30:49.061844+00,2026-09-06 13:30:49.061847+00
CASE0000388,0c6dbe7b-6c5d-4d4e-9acf-ee39611a9414,8ece2da9-d4d5-4630-beb6-63a31d958d94,8e59153e-dc8e-4efa-af65-1db304a6f3f1,,ESCALATED,HIGH,1970,0,0,2026-05-18,36.01,t,3,4,,,PRE_LEGAL,2026-04-14,,,,,t,,,,b7553d53-8838-4c1a-bd63-db527c05e978,2026-08-27 11:28:04.21525+00,2026-09-21 09:28:23.7373+00
CASE0000687,def6ec95-7bb5-4ef4-a2f7-971bf5945771,69265f3c-103b-4ffe-becb-b9912a5aafaf,2b6de8aa-0976-4be0-8a40-043ff86ffa54,,IN_PROGRESS,CRITICAL,3160,0,0,2026-08-26,47.07,t,2,3,,,NPA_RECOVERY,,,,Seasonal worker — income irregular. Best to visit early morning.,,f,,,,b7807bf1-ac0c-40de-87d1-d5cc6ad31335,2026-08-27 11:28:08.192812+00,2026-09-21 09:28:23.737301+00
DAILY20260906C02,239fa4e1-3046-47d7-b85e-41f64fb5a47f,53c40748-4144-4453-9a58-d370816ce7c4,c33350cc-f581-492e-807f-14262d56ebcb,,PAID,CRITICAL,36960,36960,0,2026-09-21,95,f,1,5,2026-09-21 07:02:00+00,Paid in full at doorstep,NPA_RECOVERY,,,,,,f,,,,b7923353-c297-4ccf-a19e-30bcb1bf3de3,2026-09-06 13:30:48.665191+00,2026-09-21 06:09:25.859032+00
DAILY20260921C124,1fcc1af1-1f6e-449b-91d6-6c4a56e56f4b,38f71a6a-3e70-4627-8434-cf8d69cd890a,c37b6a5c-9d1c-46d4-8ece-dfce290dc74b,,PTP_SET,HIGH,17600,0,0,2026-09-21,75,f,1,5,,,FIELD,,,,,,f,,,,b7ccab43-19bd-46b8-a1aa-cb23b9b27a32,2026-09-21 04:53:00.215781+00,2026-09-21 06:09:26.669793+00
DAILY20260921C131,46d56edc-cdd7-4bc8-8ee5-5a55f4ed42b3,2f75094e-52b8-4613-b407-ea0a3a269e89,,,UNASSIGNED,CRITICAL,1840,0,0,2026-09-21,95,f,0,5,,,NPA_RECOVERY,,,,,,f,,,,b804e4a0-b8e2-4b75-b408-f01e1ac9827e,2026-09-21 04:53:00.269414+00,2026-09-21 04:53:00.269418+00
CASE0000609,0b547eaa-2b69-48cc-a066-58e1e3def0fa,6741fff2-e981-4cfc-8136-69817e7bbd52,5fbae4d6-59d1-4e6c-8a80-fe57244a45bb,,PTP_SET,HIGH,37390,20621.86,0,2026-09-17,100,t,3,5,,,PRE_LEGAL,,,,Customer had good repayment history until Q3 2022. Defaulted post job loss.,,f,,,,b8229b8e-ad88-42eb-a6a5-3bad34066859,2026-08-27 11:28:07.509164+00,2026-09-21 09:28:23.737302+00
DAILY20260903C32,689045ac-c812-44e3-ad84-618c7f8c9ea0,e162df39-8bf3-4c7d-a4d7-b58e8479628b,,,UNASSIGNED,MEDIUM,11190,0,0,2026-09-03,45,f,0,5,,,FIELD,,,,,,f,,,,b8341f0f-2e0e-4849-b928-1e1a6cca15e8,2026-09-02 15:33:15.698974+00,2026-09-02 15:33:15.698974+00
CASE0000236,273e3301-de4a-4fdc-b8cc-c077bef82888,a3b32a3b-848e-4269-889a-bf9dc4024eb5,cd9e6eca-028e-4c61-8e82-048327bc4476,,PTP_SET,CRITICAL,12000,7061.06,0,2026-09-17,100,f,4,3,,,LEGAL,,,,,,t,,,,b87e866d-4f49-4a1f-9ed7-57cdeb8a5665,2026-08-27 11:28:02.192456+00,2026-09-18 06:37:22.639173+00
DAILY20260903C26,56979640-25cc-4abb-a3d2-8f975f81998d,29044c99-732e-40ff-b943-7954c84d96f0,c33350cc-f581-492e-807f-14262d56ebcb,,PARTIALLY_PAID,HIGH,26160,8934.48,0,2026-09-18,75,f,2,5,,,FIELD,,,,,,f,,,,b8865d19-8a94-4df1-83c3-808fa6840f5b,2026-09-02 15:33:15.674753+00,2026-09-21 05:55:24.586103+00
CASE0000614,eaa3c7cc-4dca-459d-b00d-ab2c7f69bd9a,53616736-7990-44bc-b42a-9ba30151a911,c2f2e0ce-5aeb-4ece-8325-2167edfe139e,,PAID,CRITICAL,67240,67240,0,2026-03-25,100,t,1,5,,,PRE_LEGAL,,,,,,f,,,,b90a0302-1673-42d6-a484-0b5bc486f01f,2026-08-27 11:28:07.557783+00,2026-09-03 05:17:22.196221+00
DAILY20260918C60,fc1da785-5291-4e53-a0ef-6baec17224c2,ef5fe510-7972-47e4-b0bc-628bfcfd94df,,,UNASSIGNED,HIGH,2130,0,0,2026-09-18,75,f,0,5,,,FIELD,,,,,,f,,,,b927ba85-3590-4a7f-9253-6c96055b8365,2026-09-18 06:49:34.340319+00,2026-09-18 06:49:34.340322+00
DAILY20260903C191,a31ad1be-2631-4d27-bdfd-a9a01e79b503,b18a53a7-cb5a-4786-bb0c-b1cc9d97de5c,8e59153e-dc8e-4efa-af65-1db304a6f3f1,,PAID,CRITICAL,67850,67850,0,2026-09-17,95,f,1,5,2026-09-17 07:40:00+00,Paid in full at doorstep,NPA_RECOVERY,,,,,,f,,,,b94303d5-749f-4502-bbe3-d44a25cbb5f5,2026-09-02 15:33:16.301408+00,2026-09-17 06:31:12.26197+00
DAILY20260906C153,d0a0cf05-c349-4053-a5a8-a182cd00b880,d81aa489-918c-46c0-bb1c-6e76ba0f2408,,,UNASSIGNED,CRITICAL,16450,0,0,2026-09-06,95,f,0,5,,,NPA_RECOVERY,,,,,,f,,,,b9ae9876-a94b-42c8-8e85-d124b5856119,2026-09-06 13:30:49.739219+00,2026-09-06 13:30:49.739222+00
DAILY20260906C126,b6b1a96c-0d19-4c21-9bb0-3aac2535b696,ee60cf91-f1b5-44d3-adac-c6f136827b15,357e2e09-b637-468e-818b-57a5dce18e9c,,IN_PROGRESS,HIGH,11550,0,0,2026-09-21,75,f,1,5,,,FIELD,,,,,,f,,,,ba098d5e-76ab-41be-a09a-63215bd348ab,2026-09-06 13:30:49.564746+00,2026-09-21 06:09:27.294055+00
CASE0000059,49990be3-78b7-4671-a955-7b3eaf1c075c,be6c4a25-bdf0-4f47-a21c-528db917fdf1,8e59153e-dc8e-4efa-af65-1db304a6f3f1,,IN_PROGRESS,CRITICAL,16600,0,0,2026-08-17,100,f,1,5,,,NPA_RECOVERY,2026-08-03,,,,,f,,,,ba361b08-fc6e-4055-b010-b4addbd74044,2026-08-27 11:28:01.067179+00,2026-09-03 05:17:22.196221+00
DAILY20260901C02,80e68464-d813-4633-ae54-7d01a7161b48,a76d7c73-6b34-4fea-aeb3-9fcbb256f119,c37b6a5c-9d1c-46d4-8ece-dfce290dc74b,,ASSIGNED,CRITICAL,5310,0,0,2026-09-03,95,f,1,5,,,NPA_RECOVERY,,,,,,f,,,,ba453577-2a83-4af7-949e-5687d8462d25,2026-09-01 04:38:21.179349+00,2026-09-02 15:27:19.167787+00
CASE0000684,9f305358-f359-44a8-bace-30ece8093e9c,b31bff5b-3c5a-4537-9592-fbd7a852f357,c37b6a5c-9d1c-46d4-8ece-dfce290dc74b,,ESCALATED,CRITICAL,3680,0,0,2026-03-21,91.3,t,2,4,,,LEGAL,,,,,,t,,,,baa0a3d6-2ed5-4fd1-8508-46116e9cdb3f,2026-08-27 11:28:08.16143+00,2026-09-03 05:17:22.196221+00
DAILY20260907C82,e5412df5-e1e9-40bb-8e4b-17315e197ff6,88c4b861-4ae5-41d4-b990-b23c0f47c289,c33350cc-f581-492e-807f-14262d56ebcb,,PTP_SET,CRITICAL,43250,0,0,2026-09-18,95,f,1,5,,,NPA_RECOVERY,,,,,,f,,,,baa4293b-7ffc-4eb2-9761-90f8ff594f25,2026-09-07 04:59:06.285865+00,2026-09-18 06:37:23.131442+00
DAILY20260906C57,41166248-a99b-4153-9935-c3d999b3987b,b882154e-589b-4bc6-bc2e-bf9a59bfa94e,,,UNASSIGNED,HIGH,9670,0,0,2026-09-06,75,f,0,5,,,FIELD,,,,,,f,,,,babfc050-97a7-461a-80ad-aecb338cf219,2026-09-06 13:30:49.133974+00,2026-09-06 13:30:49.133978+00
DAILY20260906C161,b7df95c8-9bf4-4cf2-9e34-2a5849fe9e46,2f143add-30a0-4858-b3d0-8c65b318fe6b,,,UNASSIGNED,MEDIUM,12330,0,0,2026-09-06,45,f,0,5,,,FIELD,,,,,,f,,,,bb09ed66-9b62-46fb-ba10-a62d68b03f28,2026-09-06 13:30:49.790317+00,2026-09-06 13:30:49.79032+00
CASE0000206,f0e828df-dd39-4105-9fbd-edbff7159e3f,63a0a691-adaa-4542-9a7d-5268b1b3018c,2dfc73e0-dba9-4aa5-babf-d5141ded5497,,PARTIALLY_PAID,HIGH,27610,24455.7,0,2026-08-26,100,f,3,5,,,PRE_LEGAL,,,,Seasonal worker — income irregular. Best to visit early morning.,,t,,,,bb26ea9a-2102-4eac-b118-cc5845d2ba53,2026-08-27 11:28:01.99615+00,2026-09-21 09:28:23.737302+00
DAILY20260906C74,d3dbfe81-fe86-4841-a528-7dd7251ab902,422e24d6-c3f4-4023-9160-fcfcd025116b,e9dced65-f61b-4c24-bae7-d4170299ed46,,IN_PROGRESS,HIGH,10090,0,0,2026-09-21,75,f,1,5,,,FIELD,,,,,,f,,,,bb72954c-6783-4dd0-92f8-3b528d705bd2,2026-09-06 13:30:49.252683+00,2026-09-21 06:09:27.054827+00
DAILY20260918C72,aaf235cc-91b0-4ce2-83b8-dc58dece718f,83aed06c-c002-4291-ba28-4d9eeb55d983,,,UNASSIGNED,CRITICAL,1230,0,0,2026-09-18,95,f,0,5,,,NPA_RECOVERY,,,,,,f,,,,bb7560ed-42d7-406f-a834-60f799a58fb9,2026-09-18 06:49:34.408978+00,2026-09-18 06:49:34.408982+00
CASE0000409,273e3301-de4a-4fdc-b8cc-c077bef82888,a3b32a3b-848e-4269-889a-bf9dc4024eb5,c2f2e0ce-5aeb-4ece-8325-2167edfe139e,,PAID,CRITICAL,12000,12000,0,2026-09-17,100,t,5,5,2026-09-17 11:09:00+00,Paid in full at doorstep,LEGAL,,,,,,t,,,,bb9bf9d5-ea0d-4afc-8aa6-316df8f388b5,2026-08-27 11:28:04.402716+00,2026-09-17 06:31:12.12101+00
DAILY20260921C65,e4788432-ddf5-4917-84f8-02597e0d90e1,b88b0529-d308-41f5-a2d5-e85ad4ee087b,,,UNASSIGNED,CRITICAL,2480,0,0,2026-09-21,95,f,0,5,,,NPA_RECOVERY,,,,,,f,,,,bbbca29f-d44f-46e1-a967-d2dfb36a112e,2026-09-21 04:52:59.751175+00,2026-09-21 04:52:59.751178+00
DAILY20260903C188,b8025d76-2a74-4fc4-8cf9-3fc052347499,0d735fd7-28b6-4420-bb6e-cd65af334569,,,UNASSIGNED,CRITICAL,3350,0,0,2026-09-03,95,f,0,5,,,NPA_RECOVERY,,,,,,f,,,,bbbf5e1c-49ed-43e9-867c-d2ab99746c42,2026-09-02 15:33:16.298816+00,2026-09-02 15:33:16.298816+00
CASE0000667,24ec8685-728f-4fd9-ad1f-3d85956050d2,d0bd1e88-77f7-42b1-8e02-d37dca9063bd,a13886ca-739b-47b4-a473-724e03f7332a,,PAID,MEDIUM,8080,8080,0,2026-08-27,59.68,t,2,4,2026-08-27 08:45:00+00,,NPA_RECOVERY,,,,,,f,,,,bbe96eb6-3396-4262-b8eb-dc2fee7ddd9f,2026-08-27 11:28:08.019265+00,2026-09-02 15:27:19.167787+00
DAILY20260907C21,0765b445-a29b-4d9e-81af-714f7990b032,ae2d9f12-0ce7-40c4-bce6-76fa250ef64a,a2e2555c-f597-43af-a77a-fe708f967218,,IN_PROGRESS,CRITICAL,27420,0,0,2026-09-21,95,f,1,5,,,NPA_RECOVERY,,,,,,f,,,,bbfd56dd-6f86-41c5-a298-cbf68a319944,2026-09-07 04:59:05.849484+00,2026-09-21 06:09:27.148246+00
CASE0000274,d0306031-1151-4993-bed9-6906033425ef,fd142269-3ee6-4e42-bd7e-c2d203648026,e9dced65-f61b-4c24-bae7-d4170299ed46,,PARTIALLY_PAID,MEDIUM,41300,39859.09,0,2026-09-02,88.15,f,5,5,,,FIELD,,,,,,f,,,,bc20a3b3-87a5-441f-8eef-875fa6a96b3d,2026-08-27 11:28:02.879457+00,2026-09-21 09:28:23.737303+00
CASE0000308,760964f0-f607-4d9a-a99d-6cc3482bcf2f,39cf3678-f3d8-441c-928c-17c9d9f2ee08,8e59153e-dc8e-4efa-af65-1db304a6f3f1,,PARTIALLY_PAID,MEDIUM,25270,25207.74,0,2026-08-27,100,t,3,3,,,FIELD,,,,,,f,,,,bc2e2994-7024-4e3d-8d46-35a62f623827,2026-08-27 11:28:03.179183+00,2026-09-21 09:28:23.737303+00
CASE0000451,8ac67a04-0429-474b-83f0-f32bec5ecc5b,3081d549-dfbe-4609-a442-37b1f2648b81,c2f2e0ce-5aeb-4ece-8325-2167edfe139e,,PARTIALLY_PAID,CRITICAL,2630,2601.19,0,2026-08-26,84.94,t,4,3,,,LEGAL,,,,,,f,,,,bc46efb3-9b47-4440-8d49-a3da5f71955c,2026-08-27 11:28:04.745265+00,2026-09-21 09:28:23.737304+00
DAILY20260907C89,5e4aae5c-8a39-42fa-b8f9-5567321c1a04,a8d150cb-85d7-4b0b-8d40-3e13da2e2d18,,,UNASSIGNED,MEDIUM,1490,0,0,2026-09-07,45,f,0,5,,,FIELD,,,,,,f,,,,bc4fcefa-7015-4eb6-ba19-c512eb1ba67f,2026-09-07 04:59:06.330395+00,2026-09-07 04:59:06.330398+00
CASE0000110,d5044408-d977-4e21-92a6-6a6b695b9164,e4099e4c-3674-4534-bb50-5f255ff2b4a5,357e2e09-b637-468e-818b-57a5dce18e9c,,PAID,MEDIUM,23040,23040,0,2026-09-01,42.3,f,2,4,2026-09-01 13:46:00+00,,FIELD,,,,Account flagged for special mention — court case pending. Handle with care.,,t,,,,bc77091b-e9cb-4ac9-89f6-12952c491e2c,2026-08-27 11:28:01.254092+00,2026-09-03 05:17:22.196221+00
DAILY20260918C173,cc6216b0-75a8-47c6-8b33-5ba839c1adcf,e4e0fd53-1fc1-45cb-ac38-d5786f720fa0,c6ca60b7-2143-412b-887e-c30ae9cda031,,PAID,MEDIUM,37100,37100,0,2026-09-21,45,f,1,5,2026-09-21 11:12:00+00,Paid in full at doorstep,FIELD,,,,,,f,,,,bc7bb043-9276-4e43-9e51-6c70ae80c57c,2026-09-18 06:49:34.999148+00,2026-09-21 06:09:25.774023+00
DAILY20260906C73,40dd818d-8a59-451f-b7fb-7420c0262175,5384168a-234b-496e-8dfd-f7ae0dc2344e,,,UNASSIGNED,HIGH,4810,0,0,2026-09-06,75,f,0,5,,,FIELD,,,,,,f,,,,bc845f98-63c4-4070-9b79-077aac5a2406,2026-09-06 13:30:49.246792+00,2026-09-06 13:30:49.246795+00
DAILY20260903C41,d3873697-1f98-4ca2-9c7d-5ea3d95323f4,323679c0-18f6-4e9b-bf76-3e7c22f91509,4a182f53-a1a1-4f15-945a-6a56f4e04b64,,PTP_SET,CRITICAL,18160,5912.17,0,2026-09-17,95,f,1,5,,,NPA_RECOVERY,,,,,,f,,,,bca9efab-a58b-4724-b1ae-879d889fe547,2026-09-02 15:33:15.719033+00,2026-09-18 06:37:22.594804+00
DAILY20260907C85,e7fafc3b-7bda-4622-9fa6-68402f9b195b,8ccf348c-764b-4a06-9ccb-db1c47f6d563,8e59153e-dc8e-4efa-af65-1db304a6f3f1,,PTP_SET,MEDIUM,36660,10043.21,0,2026-09-16,45,f,2,5,,,FIELD,,,,,,f,,,,bccbd26e-82b3-464c-a44f-2ff8b9130a63,2026-09-07 04:59:06.308298+00,2026-09-17 06:31:12.990506+00
DAILY20260907C45,c4ab57cd-add7-402f-a26d-c028cc798a63,997d86e0-0f82-4db0-bc0d-1edd81567e85,3aa13103-bd03-4578-9292-44d88d58da00,,ASSIGNED,MEDIUM,8520,0,0,2026-09-10,45,f,0,5,,,FIELD,,,,,,f,,,,bcfa5a5d-86da-4878-8348-65521bdd8f49,2026-09-07 04:59:06.053577+00,2026-09-10 04:55:20.858855+00
DAILY20260921C193,94c085f9-ffe2-45bb-b8e7-c196e52337bb,b7610629-1fd5-4b61-ac9c-91a01f8c7159,,,UNASSIGNED,CRITICAL,4780,0,0,2026-09-21,95,f,0,5,,,NPA_RECOVERY,,,,,,f,,,,bd4d0d52-7427-4d1e-b71b-9509163461fc,2026-09-21 04:53:00.770927+00,2026-09-21 04:53:00.77093+00
DAILY20260918C150,b071d96d-cbf2-4951-ac41-3aa0e55e7ea0,03b0fa99-d4db-41e0-92ba-22bec79503f7,,,UNASSIGNED,MEDIUM,2740,0,0,2026-09-18,45,f,0,5,,,FIELD,,,,,,f,,,,bd4e9c3e-ccee-4040-8a5c-5a80e71ae634,2026-09-18 06:49:34.874919+00,2026-09-18 06:49:34.874922+00
DAILY20260903C132,c7f06cdf-27ac-4430-a92a-5f87f5c3ec08,1d2f15e7-3936-469f-b1df-62d6863468a7,3e9c4168-1de9-43e8-b9f2-fbf3f931949d,,PTP_SET,HIGH,54340,22577.41,0,2026-09-17,75,f,1,5,,,FIELD,,,,,,f,,,,bd5e80ed-689b-4961-a819-e978ed5c85c4,2026-09-02 15:33:16.099983+00,2026-09-17 06:31:12.976311+00
DAILY20260918C107,43aa8d62-1463-4e43-9789-519d2df2be9a,743d0f8e-f7ea-4d65-bd3d-757d4245b08d,,,UNASSIGNED,CRITICAL,16980,0,0,2026-09-18,95,f,0,5,,,NPA_RECOVERY,,,,,,f,,,,bd68610c-e732-4123-ae24-648bbfa74c32,2026-09-18 06:49:34.634534+00,2026-09-18 06:49:34.634539+00
DAILY20260903C127,23e16078-a892-43f5-b59d-db8f7587f66d,4bc2db9c-311a-43fe-88e9-d1dd981d7b47,3aa13103-bd03-4578-9292-44d88d58da00,,ASSIGNED,CRITICAL,23120,0,0,2026-09-21,95,f,0,5,,,NPA_RECOVERY,,,,,,f,,,,bdb72d10-474d-4f23-9709-2f057e98d1e2,2026-09-02 15:33:16.083068+00,2026-09-21 05:17:11.618475+00
DAILY20260907C11,7aa6d5a0-82c2-4c1f-9139-8bb220544a93,c27611b1-8186-4b9b-980f-dd552ada8957,,,UNASSIGNED,MEDIUM,5330,0,0,2026-09-07,45,f,0,5,,,FIELD,,,,,,f,,,,bdc5704a-cfed-43ee-adcb-59a649fb2d95,2026-09-07 04:59:05.790335+00,2026-09-07 04:59:05.790337+00
CASE0000400,def6ec95-7bb5-4ef4-a2f7-971bf5945771,b40d3a0c-c1d9-40e6-bdb3-dd3a39d85f4c,b06cd5a3-f1c0-4cdb-b241-9ce2d6c5e791,,PAID,HIGH,19410,19410,0,2026-08-27,73.82,t,4,3,2026-09-01 05:52:00.181768+00,,PRE_LEGAL,,,,,,f,,,,bdccc693-4329-4648-bcee-c98457d9770d,2026-08-27 11:28:04.324995+00,2026-09-02 15:27:19.167787+00
CASE0000603,08261f05-6d9a-4fd9-a6c1-b6d1549ba303,cc0686e6-fb52-4057-aa7c-d077b585c083,2b6de8aa-0976-4be0-8a40-043ff86ffa54,,PAID,CRITICAL,11820,11820,0,2026-08-26,100,f,3,4,2026-09-01 05:52:00.181768+00,,FIELD,2026-03-12,,,,,f,,,,bdeb6756-f0dd-4437-8ca2-0a6368f11396,2026-08-27 11:28:07.426749+00,2026-09-02 15:27:19.167787+00
DAILY20260907C186,bc5ca2b2-6bf3-4fd2-9909-17e59ad7e92c,d3e2d835-ad52-4560-bb9f-b6cd931f5a45,,,UNASSIGNED,CRITICAL,5800,0,0,2026-09-07,95,f,0,5,,,NPA_RECOVERY,,,,,,f,,,,bdf44879-7817-439f-8020-9b77dd4d6851,2026-09-07 04:59:06.893153+00,2026-09-07 04:59:06.893157+00
CASE0000652,d194e9e1-27b4-44d8-80b3-c5dd6b0e01cc,415c6a32-6585-4cdf-bde8-b10e2a663c8e,c6ca60b7-2143-412b-887e-c30ae9cda031,,PAID,HIGH,26150,26150,0,2026-09-02,82.25,t,5,5,2026-09-02 12:44:00+00,,PRE_LEGAL,,,,"Legal notice sent last month. Customer acknowledged receipt, no payment.",,f,,,,be17e49c-000f-47f9-ab77-041d069a8b56,2026-08-27 11:28:07.895317+00,2026-09-03 05:17:22.196221+00
DAILY20260906C16,fa8b993d-a52c-44d3-84e4-5ed3f8704345,237d57df-e462-4ab6-af77-026e40141ec1,,,UNASSIGNED,CRITICAL,3150,0,0,2026-09-06,95,f,0,5,,,NPA_RECOVERY,,,,,,f,,,,be2b041d-8394-4182-9b69-4fc74707134c,2026-09-06 13:30:48.758441+00,2026-09-06 13:30:48.758444+00
CASE0000239,ee240b2e-885a-4a72-95f7-93f7966179fd,c359d325-fef2-4533-ad65-aba3d937fa27,c6ca60b7-2143-412b-887e-c30ae9cda031,,PARTIALLY_PAID,MEDIUM,26440,22701,0,2026-08-26,100,f,3,5,,,FIELD,,,,Customer had good repayment history until Q3 2022. Defaulted post job loss.,,f,,,,be420060-4b66-410a-a747-e88a79e18205,2026-08-27 11:28:02.208986+00,2026-09-21 09:28:23.737305+00
DAILY20260903C129,8d132bcd-a778-48fc-8acd-d0d08fca6c2d,02350db6-4187-4ef2-8720-1f82227d988c,3aa13103-bd03-4578-9292-44d88d58da00,,PTP_SET,CRITICAL,46350,0,0,2026-09-17,95,f,1,5,,,NPA_RECOVERY,,,,,,f,,,,be545a38-e6c9-474c-a723-05c78283b681,2026-09-02 15:33:16.090618+00,2026-09-17 06:31:12.87898+00
DAILY20260918C23,06c11942-9c85-4c36-87dc-52b614234094,e036e301-2b06-4044-87df-3da04ae317b1,,,UNASSIGNED,HIGH,20690,0,0,2026-09-21,75,f,1,5,,,FIELD,,,,,,f,,,,be598797-25ea-4117-9b66-14c724ee5d87,2026-09-18 06:49:34.142449+00,2026-09-21 07:24:02.32147+00
CASE0000093,16cabbd5-74b8-4b05-a95a-0a529b52adf8,64a8a098-b2a5-4383-8334-5c3692f1b518,c2f2e0ce-5aeb-4ece-8325-2167edfe139e,,PTP_SET,CRITICAL,3070,1005.74,0,2026-09-18,90.48,f,3,4,,,NPA_RECOVERY,,,,,,f,,,,be62b223-b46d-40a3-af2a-9c41a76176d2,2026-08-27 11:28:01.194851+00,2026-09-18 06:37:22.389572+00
DAILY20260903C185,31d4be87-ea11-431f-b7ab-de946ce1e3fa,68889c5b-94a7-464e-891d-790af30b5095,3e9c4168-1de9-43e8-b9f2-fbf3f931949d,,ASSIGNED,CRITICAL,15260,0,0,2026-09-18,95,f,0,5,,,NPA_RECOVERY,,,,,,f,,,,beb85fa1-8101-417b-bc08-98671fafe808,2026-09-02 15:33:16.288143+00,2026-09-18 04:47:36.863495+00
CASE0000249,33f12778-7bf9-4da4-8e58-36cfe69c78d3,d1e05eba-5267-46ee-abe1-f04c56c5a455,3aa13103-bd03-4578-9292-44d88d58da00,,PAID,MEDIUM,26270,26270,0,2026-08-25,55.74,t,2,3,2026-09-01 05:52:00.181768+00,,FIELD,,,,,,f,,,,bec9af05-44fe-44b5-8287-a7db65383f03,2026-08-27 11:28:02.580292+00,2026-09-02 15:27:19.185019+00
DAILY20260907C97,47e0599b-cf64-49ee-b475-64ccbaba270a,7ee1b82b-0041-46a8-84b0-7d1876749775,cd9e6eca-028e-4c61-8e82-048327bc4476,,IN_PROGRESS,MEDIUM,6940,0,0,2026-09-21,45,f,1,5,,,FIELD,,,,,,f,,,,bf093d43-1a06-42ba-8cca-4c66f1680317,2026-09-07 04:59:06.376496+00,2026-09-21 06:09:26.976371+00
DAILY20260906C137,9de1eebc-41e6-4def-8a3a-18d681214c30,51721c17-bdf5-4726-8c98-b4c74fde0d9b,357e2e09-b637-468e-818b-57a5dce18e9c,,PTP_SET,CRITICAL,14610,0,0,2026-09-21,95,f,1,5,,,NPA_RECOVERY,,,,,,f,,,,bf1c5867-e558-4e6d-8b1d-ba3436f26a9d,2026-09-06 13:30:49.635814+00,2026-09-21 06:09:26.730896+00
CASE0000013,3bc906ec-1f51-4fe6-841e-0ddcf2b0f1ed,cc867f58-7a3b-48e1-ac7f-ece462d4cef1,c6ca60b7-2143-412b-887e-c30ae9cda031,,PAID,MEDIUM,11540,11540,0,2026-08-05,49.02,f,1,3,,,FIELD,,,,,,f,,,,bf42e209-ca15-4b80-8cb6-677c2eac83bd,2026-08-27 11:28:00.925896+00,2026-09-02 15:27:19.185019+00
CASE0000156,7b15825d-da60-4c1c-83c0-b319ba915f29,df281442-6a47-4d2a-a170-6f3c85f699fe,a2e2555c-f597-43af-a77a-fe708f967218,,PARTIALLY_PAID,CRITICAL,20430,11496.57,0,2026-09-01,100,t,4,5,,,LEGAL,,,,,,t,,,,bf53f306-7103-4f5d-adaa-77fbd08920cb,2026-08-27 11:28:01.669455+00,2026-09-21 05:55:24.590438+00
DAILY20260921C45,884bbb11-3e1f-41e1-8a19-7e0872133f85,38534993-1aaa-4f75-8b76-fa318546fd19,,,UNASSIGNED,CRITICAL,5980,0,0,2026-09-21,95,f,0,5,,,NPA_RECOVERY,,,,,,f,,,,bf751016-db5e-4afb-bbb7-fe853a38e96e,2026-09-21 04:52:59.642096+00,2026-09-21 04:52:59.642099+00
CASE0000622,903c0bf7-45d1-45bb-9a8a-5a9ba0e09942,a44dfd38-e8fa-43e8-9d01-5225ee1efec5,e9dced65-f61b-4c24-bae7-d4170299ed46,,PARTIALLY_PAID,MEDIUM,22910,11613.95,0,2026-09-18,100,f,3,4,,,FIELD,,,,,,f,,,,bf865e39-62f6-4616-af57-c6e4b50ab726,2026-08-27 11:28:07.629296+00,2026-09-21 09:28:23.737305+00
CASE0000229,394b6e07-ddd3-4bef-8ddb-1fb4de03ac48,77498ae5-dd8a-4de3-a1bd-b75f2d37c229,a13886ca-739b-47b4-a473-724e03f7332a,,PAID,HIGH,2960,2960,0,2026-09-01,73.76,t,4,5,2026-09-01 14:01:00+00,,NPA_RECOVERY,,,,Seasonal worker — income irregular. Best to visit early morning.,,t,,,,bf90e2f4-1b51-405a-a902-5921456472ea,2026-08-27 11:28:02.141805+00,2026-09-03 05:19:14.275422+00
CASE0000075,c231e4e1-dff9-4806-8971-f7225bd6a922,e796a31a-42eb-4c4b-9dca-897046464a52,c33350cc-f581-492e-807f-14262d56ebcb,,PARTIALLY_PAID,CRITICAL,4450,3324.16,0,2026-09-02,100,t,4,4,,,NPA_RECOVERY,,,,,,f,,,,bfb9ea3c-2590-44da-b365-d46a3cdc48c5,2026-08-27 11:28:01.1273+00,2026-09-03 05:17:22.196221+00
CASE0000008,65d0ed44-6d1a-461a-8814-cfec36409756,bc26b72a-f1cf-41ec-a47a-90646d26576b,a2e2555c-f597-43af-a77a-fe708f967218,,PAID,CRITICAL,3730,3730,0,2026-09-02,100,t,2,3,2026-09-02 12:46:00+00,,NPA_RECOVERY,,,,"Legal notice sent last month. Customer acknowledged receipt, no payment.",,f,,,,c066956e-1c3c-4e98-9da7-9d9410edf3e7,2026-08-27 11:28:00.911018+00,2026-09-03 05:17:22.196221+00
DAILY20260906C21,faa3def3-4c57-493f-9036-c9fb1a89cd9b,19c9eb29-b99c-4963-833d-a50eb6188a5b,,,UNASSIGNED,HIGH,5470,0,0,2026-09-06,75,f,0,5,,,FIELD,,,,,,f,,,,c1850807-ffdc-40f2-999c-c3d883633600,2026-09-06 13:30:48.793372+00,2026-09-06 13:30:48.793375+00
DAILY20260907C127,371b9bc9-5b5b-457b-9abf-f9a54e87cea5,2c16012c-42fb-4de7-8b1e-41915dca414a,8e59153e-dc8e-4efa-af65-1db304a6f3f1,,IN_PROGRESS,HIGH,17280,0,0,2026-09-21,75,f,1,5,,,FIELD,,,,,,f,,,,c1cb40fc-634f-4fbc-adce-b90347a5b393,2026-09-07 04:59:06.554113+00,2026-09-21 06:09:27.234199+00
DAILY20260906C86,f32eea7c-8b47-4a94-996c-50520242934e,10859885-6bc0-4e42-bba2-bfde35e573fa,,,UNASSIGNED,CRITICAL,2900,0,0,2026-09-06,95,f,0,5,,,NPA_RECOVERY,,,,,,f,,,,c1e575da-daa7-41c9-a48e-3da92658be16,2026-09-06 13:30:49.324547+00,2026-09-06 13:30:49.32455+00
DAILY20260918C123,9f96bfe9-302d-4162-abad-6332fdf1c130,780dea7b-93a9-46e9-8f35-096765609e48,,,UNASSIGNED,CRITICAL,6220,0,0,2026-09-18,95,f,0,5,,,NPA_RECOVERY,,,,,,f,,,,c1e8dee8-940e-473c-a5fd-cc56837bc5b2,2026-09-18 06:49:34.731997+00,2026-09-18 06:49:34.732+00
DAILY20260907C151,55e0362a-0cf2-4e18-96bb-5e43ada2e11b,a5d4b179-ab1d-442b-8db1-6f3496444d82,,,UNASSIGNED,MEDIUM,5050,0,0,2026-09-07,45,f,0,5,,,FIELD,,,,,,f,,,,c210e154-f62f-4472-bc25-16b09c12ffb3,2026-09-07 04:59:06.691344+00,2026-09-07 04:59:06.691351+00
CASE0000370,cf7b87d2-87b4-4320-a012-b994bdada55a,29c04c9c-7a4b-491c-af21-baf4daadb6d3,a2e2555c-f597-43af-a77a-fe708f967218,,PARTIALLY_PAID,CRITICAL,13330,7950.91,0,2026-09-18,100,t,5,5,,,LEGAL,,,,,,t,,,,c225c89c-2247-40a6-9d26-a44dc94f1a53,2026-08-27 11:28:04.031005+00,2026-09-21 05:55:24.590458+00
DAILY20260903C99,e5172a0e-38aa-46bc-8bad-3ec9f16d3fe4,bc059020-78b5-48f4-9754-1f1f12a58437,,,UNASSIGNED,HIGH,2460,0,0,2026-09-03,75,f,0,5,,,FIELD,,,,,,f,,,,c22a6ab9-2807-4b55-afda-504ade53767f,2026-09-02 15:33:15.968218+00,2026-09-02 15:33:15.968218+00
DAILY20260831C00,8e8fdf57-bff4-4a38-8c2b-382640fb6207,5c667a4f-2857-4a5c-87ca-37bbb4e1d779,8e59153e-dc8e-4efa-af65-1db304a6f3f1,,ASSIGNED,MEDIUM,1370,0,0,2026-09-01,12,f,1,5,,,FIELD,,,,,,f,,,,c23d7d1b-c9fc-4cf2-b00b-da18ede676a9,2026-08-31 04:40:22.24006+00,2026-09-03 05:17:22.196221+00
CASE0000648,803cf603-3a7c-4ed6-9f3d-21ff44a9b162,65cd8a28-309f-4e18-bdae-21e15f9713a7,a2e2555c-f597-43af-a77a-fe708f967218,,IN_PROGRESS,CRITICAL,29630,0,0,2026-03-18,100,t,2,3,,,LEGAL,2026-02-13,,,,,f,,,,c2419ff6-af1d-4cc0-bc6e-0c25860b1f41,2026-08-27 11:28:07.867088+00,2026-09-03 05:17:22.196221+00
CASE0000492,ba61e26c-957f-47e5-84c7-210db74a1652,fbed731d-1996-468e-a003-d4217b44e940,8e59153e-dc8e-4efa-af65-1db304a6f3f1,,IN_PROGRESS,HIGH,1480,0,0,2026-04-20,31.5,f,1,3,,,PRE_LEGAL,,,,Customer had good repayment history until Q3 2022. Defaulted post job loss.,,f,,,,c245f003-4dbd-410e-a7b9-9aeb03ff53b2,2026-08-27 11:28:05.712765+00,2026-09-21 09:28:23.737306+00
DAILY20260921C46,4624e520-f276-4b98-b597-9d3c21637279,d37f4ecb-7ad6-45dc-9c6d-c0852e9a92f8,cd9e6eca-028e-4c61-8e82-048327bc4476,,ASSIGNED,CRITICAL,8930,0,0,2026-09-21,95,f,0,5,,,NPA_RECOVERY,,,,,,f,,,,c277c7cd-ae36-4bf6-9e86-977963437905,2026-09-21 04:52:59.646533+00,2026-09-21 05:54:24.399689+00
CASE0000145,8be4291b-80e9-45cf-ba15-dde87c9e0842,bd052574-ad17-4432-a3b5-32d04fcacc3f,a2e2555c-f597-43af-a77a-fe708f967218,,PAID,MEDIUM,15900,15900,0,2026-08-26,56.76,t,2,3,2026-07-15 00:00:00+00,,NPA_RECOVERY,,,,Borrower is cooperative per branch records but cash-strapped. Willing to negotiate.,,f,,,,c296924e-0655-421f-bac8-defbca23600c,2026-08-27 11:28:01.579949+00,2026-09-02 15:27:19.191531+00
CASE0000147,3a7c144c-c15a-4a83-8de0-c68126435e7f,eb93c208-3d6e-4f5b-ad09-76aacc1f1565,c2f2e0ce-5aeb-4ece-8325-2167edfe139e,,PAID,LOW,3690,3690,0,2026-08-26,20.62,t,2,4,2026-09-01 05:52:00.181768+00,,FIELD,2026-07-04,,,Borrower is cooperative per branch records but cash-strapped. Willing to negotiate.,,f,,,,c2ef0022-5414-4b2f-b227-a51255386a9a,2026-08-27 11:28:01.590835+00,2026-09-02 15:27:19.191531+00
CASE0000057,1b0c8ea9-befb-46a5-b970-af6259d5a825,1566f390-22b9-4589-be81-c470bc75a080,e9dced65-f61b-4c24-bae7-d4170299ed46,,PAID,CRITICAL,13850,13850,0,2026-09-01,100,t,2,5,2026-09-01 10:55:00+00,,NPA_RECOVERY,2026-08-08,,,,,f,,,,c2fcb94b-c282-41a1-b640-40d865fb9609,2026-08-27 11:28:01.060342+00,2026-09-03 05:17:22.211602+00
DAILY20260921C05,b189107b-72a9-4dcf-b226-518cd18dd7bb,fa30b079-6b37-4aa2-8c42-99de2b3a44eb,,,UNASSIGNED,HIGH,6260,0,0,2026-09-21,75,f,0,5,,,FIELD,,,,,,f,,,,c337b315-9cac-4182-8cde-a9b757c87bef,2026-09-21 04:52:59.394619+00,2026-09-21 04:52:59.394624+00
DAILY20260918C156,977c1909-3ae3-44db-a18a-21f44f23158a,974d734c-4745-4e5f-b958-87b2f8d93f43,c6ca60b7-2143-412b-887e-c30ae9cda031,,PTP_SET,MEDIUM,5730,0,0,2026-09-21,45,f,1,5,,,FIELD,,,,,,f,,,,c39f40af-0085-4570-b1a8-c53160966306,2026-09-18 06:49:34.908162+00,2026-09-21 06:09:26.683449+00
DAILY20260903C104,25aa835a-45da-40d7-b0f3-12c6c6d21100,1ed1775f-037a-4475-9aae-ec3efb7d6e76,,,UNASSIGNED,HIGH,4210,0,0,2026-09-03,75,f,0,5,,,FIELD,,,,,,f,,,,c3aab794-4870-4f96-891d-ab99fd761d23,2026-09-02 15:33:15.983376+00,2026-09-02 15:33:15.983376+00
DAILY20260903C78,374c0fa7-2349-4070-a2d7-061e0048c3bd,5859a4ee-08b5-4e26-90b7-545664ba8bab,,,UNASSIGNED,CRITICAL,10960,0,0,2026-09-03,95,f,0,5,,,NPA_RECOVERY,,,,,,f,,,,c3af8ae4-0aac-4944-8301-f6ed3da34411,2026-09-02 15:33:15.882119+00,2026-09-02 15:33:15.882119+00
DAILY20260921C96,8bf98192-65d1-4d2d-9e14-1a54fa03d500,b9929ff7-d5b3-4631-b51d-0fb43075096b,,,UNASSIGNED,MEDIUM,5780,0,0,2026-09-21,45,f,0,5,,,FIELD,,,,,,f,,,,c3ca07a3-f152-4350-953b-dff8a0eed1dd,2026-09-21 04:52:59.950894+00,2026-09-21 04:52:59.950898+00
DAILY20260921C80,1ef9ed75-fec9-43aa-8402-958b65f2f3a1,888bbf3f-f0a1-4dad-9c63-9fb8746469b0,,,UNASSIGNED,MEDIUM,1660,0,0,2026-09-21,45,f,0,5,,,FIELD,,,,,,f,,,,c3e10a39-e584-4c62-be18-b419ad09bda6,2026-09-21 04:52:59.838032+00,2026-09-21 04:52:59.838036+00
DAILY20260918C159,a5803185-4b84-49c6-af7e-864c0f39883b,57339654-e330-44e6-aa7e-ea511dcb8c6a,,,UNASSIGNED,CRITICAL,10890,0,0,2026-09-18,95,f,0,5,,,NPA_RECOVERY,,,,,,f,,,,c3eaeb93-49d1-4083-8ca6-e5484ecd925a,2026-09-18 06:49:34.924237+00,2026-09-18 06:49:34.92424+00
DAILY20260918C111,ff32b22a-4a89-4e79-9af2-a97d0c6e11e3,7e0178ee-9233-4ce1-8d9b-981b71ec1da6,5fbae4d6-59d1-4e6c-8a80-fe57244a45bb,,PARTIALLY_PAID,HIGH,13380,3791.27,0,2026-09-21,75,f,1,5,,,FIELD,,,,,,f,,,,c3eb0d7d-a9d2-4ada-be39-9382a9878f4f,2026-09-18 06:49:34.659359+00,2026-09-21 06:09:26.387489+00
DAILY20260918C19,d5265152-5e7d-42a2-a035-5b644dc56978,0ecbc099-82de-4a8d-9526-240e884722d7,,,UNASSIGNED,CRITICAL,4840,0,0,2026-09-18,95,f,0,5,,,NPA_RECOVERY,,,,,,f,,,,c45640f8-26e7-49fd-bdda-499c7420b4ad,2026-09-18 06:49:34.123713+00,2026-09-18 06:49:34.123716+00
CASE0000209,394b6e07-ddd3-4bef-8ddb-1fb4de03ac48,6c5dd43e-bb40-4366-b019-332c50203f9d,3aa13103-bd03-4578-9292-44d88d58da00,,ASSIGNED,CRITICAL,14540,0,0,2026-08-25,100,t,2,5,,,NPA_RECOVERY,2026-06-08,,,,,f,,,,c47a39d3-26c6-4e16-8030-1465ffc627d6,2026-08-27 11:28:02.01364+00,2026-09-03 05:19:14.275422+00
DAILY20260907C135,6273be0a-3f65-499c-957b-4e498e021a2c,f6758265-9a37-4bba-970d-197ef6f5ad2c,2dfc73e0-dba9-4aa5-babf-d5141ded5497,,PTP_SET,HIGH,16870,8222.11,0,2026-09-18,75,f,2,5,,,FIELD,,,,,,f,,,,c4928c1e-a109-45cc-999c-a72c1a6b479f,2026-09-07 04:59:06.591199+00,2026-09-18 06:37:22.237683+00
CASE0000448,c231e4e1-dff9-4806-8971-f7225bd6a922,06759fbd-2db8-43b3-9f61-2318381729ec,b06cd5a3-f1c0-4cdb-b241-9ce2d6c5e791,,PARTIALLY_PAID,CRITICAL,25000,4489.3,0,2026-09-10,99.52,t,4,3,,,NPA_RECOVERY,,,,,,t,,,,c4a9556c-8149-4e19-a977-75a54bd4102b,2026-08-27 11:28:04.720426+00,2026-09-21 04:53:43.285213+00
CASE0000626,efb07e9b-75ca-4efd-88f3-a3f78fabb418,94f5e8c6-0c81-4142-8943-dbe80e555ea9,cd9e6eca-028e-4c61-8e82-048327bc4476,,PAID,HIGH,16850,16850,0,2026-03-31,81.16,t,1,3,2026-04-08 00:00:00+00,,FIELD,2026-02-26,,,Customer called 6 times by bank IVR — no response. Contact number may have changed.,,f,,,,c51f6563-5046-42bb-bf26-f184cf0117b1,2026-08-27 11:28:07.670227+00,2026-09-03 05:17:22.211602+00
DAILY20260907C69,89e26dfc-358e-4b16-af20-76b58b8fe47a,235cfa6f-0a43-4a09-be5b-9cf044f1fd11,3e9c4168-1de9-43e8-b9f2-fbf3f931949d,,PAID,HIGH,52320,52320,0,2026-09-18,75,f,2,5,2026-09-18 06:00:00+00,Paid in full at doorstep,FIELD,,,,,,f,,,,c52f3e2b-174e-4f6e-9307-5b31ddbddff9,2026-09-07 04:59:06.21138+00,2026-09-18 06:37:21.506112+00
DAILY20260903C08,94eef9ef-2c48-4308-b2d1-0ba0a14eaaa2,b7c574f9-2329-4f56-bc03-ce9895c3be67,a2e2555c-f597-43af-a77a-fe708f967218,,IN_PROGRESS,CRITICAL,12390,0,0,2026-09-21,95,f,1,5,,,NPA_RECOVERY,,,,,,f,,,,c535ff4f-872b-48b4-b3da-4ca6f30b1711,2026-09-02 15:33:15.604048+00,2026-09-21 06:09:27.32199+00
DAILY20260903C18,6c30edfc-ef0e-44ff-83fb-4ca44a8a3240,a2db563b-ef5e-42c2-86d4-67de18a333fa,2dfc73e0-dba9-4aa5-babf-d5141ded5497,,PTP_SET,HIGH,23240,7923.08,0,2026-09-17,75,f,1,5,,,FIELD,,,,,,f,,,,c5486591-7eaf-402e-bac5-1af64a28eec9,2026-09-02 15:33:15.64027+00,2026-09-18 06:37:22.320046+00
DAILY20260906C144,0f343bb3-c515-409b-a992-2f71e25c319d,25590049-c8fa-4129-a16f-8668925fb16c,,,UNASSIGNED,CRITICAL,19250,0,0,2026-09-06,95,f,0,5,,,NPA_RECOVERY,,,,,,f,,,,c55db737-ebba-42a7-890b-cafb56b1b7c3,2026-09-06 13:30:49.679728+00,2026-09-06 13:30:49.679733+00
DAILY20260907C107,852f4c90-dcb2-4ded-b668-4c415264f6ee,8962534b-2246-48b5-86b4-6f259407267e,4a182f53-a1a1-4f15-945a-6a56f4e04b64,,PTP_SET,MEDIUM,15870,0,0,2026-09-17,45,f,1,5,,,FIELD,,,,,,f,,,,c5711608-c56d-4cd3-bd68-a42508041f61,2026-09-07 04:59:06.436783+00,2026-09-17 06:31:12.924972+00
CASE0000627,a9ecda50-e818-4cb9-97a8-8c56eeea659a,737f95f7-e522-403e-9eab-9eb0d8cd402c,2b6de8aa-0976-4be0-8a40-043ff86ffa54,,IN_PROGRESS,CRITICAL,6110,0,0,2026-03-31,82.81,t,3,3,,,NPA_RECOVERY,,,,Business borrower — shop visit recommended. Morning hours more effective.,,f,,,,c575af07-94bb-4d63-bfb2-b948d3f6c44f,2026-08-27 11:28:07.678903+00,2026-09-21 09:28:23.737306+00
CASE0000599,6c83b4ab-db73-4b6d-93ba-0f3eece78751,fd76feb1-00ba-49da-bca3-f07f059dcde5,b06cd5a3-f1c0-4cdb-b241-9ce2d6c5e791,,PAID,MEDIUM,8000,8000,0,2026-04-24,36.6,t,1,4,2026-09-01 05:52:00.181768+00,,FIELD,,,,,,t,,,,c57fa3a0-9f9a-4034-850b-708d4091f181,2026-08-27 11:28:06.580882+00,2026-09-03 05:17:22.214605+00
CASE0000362,c34b25c0-f1f6-4a99-8351-ecf4852a50d4,0e57832a-3e9d-447e-9358-542375a1c057,2dfc73e0-dba9-4aa5-babf-d5141ded5497,,PAID,CRITICAL,4830,4830,0,2026-08-27,100,t,2,4,,,PRE_LEGAL,,,,,,f,,,,c5860a4f-dd72-4a0a-bba3-a0ef517e393e,2026-08-27 11:28:03.948555+00,2026-09-02 15:27:19.195531+00
DAILY20260918C164,2963c07f-70dd-49e9-8657-a6995be7d067,2ebc3156-0973-4802-b4b1-830455cd23aa,2dfc73e0-dba9-4aa5-babf-d5141ded5497,,ASSIGNED,MEDIUM,13580,0,0,2026-09-21,45,f,0,5,,,FIELD,,,,,,f,,,,c59d99bd-9062-4fdf-8824-77def4502e45,2026-09-18 06:49:34.949349+00,2026-09-21 05:55:24.59188+00
DAILY20260918C73,5b4bc22f-9b5b-4061-a367-4755991a8d2f,0ad8924c-2965-4b97-8178-c726909372ba,357e2e09-b637-468e-818b-57a5dce18e9c,,ASSIGNED,HIGH,13770,0,0,2026-09-21,75,f,0,5,,,FIELD,,,,,,f,,,,c5aecaab-495d-4171-b5ff-2f8cb41d800e,2026-09-18 06:49:34.415007+00,2026-09-21 05:55:24.591881+00
DAILY20260918C144,f6030545-2456-4eea-8c10-f56890d1b13e,91a09a3b-a7be-49c0-8e92-2a6bcf0eb175,,,UNASSIGNED,HIGH,2470,0,0,2026-09-18,75,f,0,5,,,FIELD,,,,,,f,,,,c5c8c7d7-bd62-4884-977f-3c328b61929e,2026-09-18 06:49:34.845236+00,2026-09-18 06:49:34.845239+00
CASE0000208,bbf0db48-6ed9-49a7-bbb4-66fb14b93511,e628c22b-8334-42e1-9fb3-01628f5cb896,e9dced65-f61b-4c24-bae7-d4170299ed46,,PARTIALLY_PAID,CRITICAL,2300,1988.98,0,2026-09-01,48.29,t,3,3,,,NPA_RECOVERY,,,,,,f,,,,c5e9df53-56d5-4409-b004-b12450b713b7,2026-08-27 11:28:02.008107+00,2026-09-21 09:28:23.737307+00
DAILY20260906C166,6f6d3984-9022-404e-93d8-71002e08114a,86315a78-a9ff-484f-ac6e-6674f292f060,,,UNASSIGNED,CRITICAL,25320,0,0,2026-09-06,95,f,0,5,,,NPA_RECOVERY,,,,,,f,,,,c6061b36-0f88-4091-bdf7-f965e159150f,2026-09-06 13:30:49.824529+00,2026-09-06 13:30:49.824533+00
CASE0000485,9bd1b138-1ded-4ba6-8eba-013a26589c63,b028c6eb-242a-4eb1-b041-77b2b4eea3b7,a2e2555c-f597-43af-a77a-fe708f967218,,IN_PROGRESS,CRITICAL,14150,0,0,2026-09-18,54.31,t,4,3,,,NPA_RECOVERY,,,,Customer called 6 times by bank IVR — no response. Contact number may have changed.,,f,,,,c62ac73b-b865-417c-94de-f6df9e4e315d,2026-08-27 11:28:05.653232+00,2026-09-21 09:28:23.737308+00
CASE0000628,4ad4940f-85d4-4a79-9f13-81b88dd0d9f3,7984752d-da51-4c50-84a7-f35ec32d02a4,2dfc73e0-dba9-4aa5-babf-d5141ded5497,,PAID,HIGH,30220,30220,0,2026-03-30,61.7,t,1,3,2026-09-01 05:52:00.181768+00,,FIELD,,,,"Legal notice sent last month. Customer acknowledged receipt, no payment.",,f,,,,c6916708-ef92-47ea-ace7-dafececb3f8d,2026-08-27 11:28:07.691605+00,2026-09-03 05:17:22.215601+00
DAILY20260918C44,1cbd977b-6e26-4117-b46b-76d7ba4660bf,18be7b1b-046e-48df-8492-ece56e82c622,,,UNASSIGNED,CRITICAL,6330,0,0,2026-09-18,95,f,0,5,,,NPA_RECOVERY,,,,,,f,,,,c6d8a85f-f3d6-4c85-ac66-f9f8dcc8b1e9,2026-09-18 06:49:34.248351+00,2026-09-18 06:49:34.248355+00
CASE0000278,4a23c276-a1c6-4a07-8906-3352637ad1cb,2a4d03f0-1fb7-41f5-a817-fdbbbe1f4d2c,c6ca60b7-2143-412b-887e-c30ae9cda031,,PAID,CRITICAL,6470,6470,0,2026-09-02,100,f,3,3,2026-09-02 15:44:00+00,,NPA_RECOVERY,,,,,,f,,,,c721b712-1ed7-46f7-a0c7-344db42d0bce,2026-08-27 11:28:02.957853+00,2026-09-03 05:17:22.216599+00
CASE0000026,d6a1fca5-8fed-47e0-a1db-eae9c3775bc9,77c82297-697f-408f-a7ab-4f0492e5a7cf,3e9c4168-1de9-43e8-b9f2-fbf3f931949d,,PARTIALLY_PAID,MEDIUM,18330,17060.64,0,2026-09-01,100,t,2,5,,,FIELD,,,,,,f,,,,c78b7fd5-3987-48bc-aaa7-d496b7edd83e,2026-08-27 11:28:00.974582+00,2026-09-21 09:28:23.737308+00
CASE0000442,87abcf17-b22b-4340-8d92-97904ecfca9e,aa725892-d610-4d08-bd73-8bc32835cfc4,5fbae4d6-59d1-4e6c-8a80-fe57244a45bb,,PARTIALLY_PAID,MEDIUM,22930,21247.23,0,2026-09-18,86.74,f,4,4,,,FIELD,,,,,,f,,,,c7bcf5df-0b3b-4ffc-a768-53ed82bac9e0,2026-08-27 11:28:04.676698+00,2026-09-21 09:28:23.737309+00
DAILY20260921C113,bcfced97-7c41-4b84-bbb3-e23380310e26,f326678f-140e-48fa-91c4-e2f4e7fceeef,8e59153e-dc8e-4efa-af65-1db304a6f3f1,,IN_PROGRESS,MEDIUM,58640,0,0,2026-09-21,45,f,1,5,,,FIELD,,,,,,f,,,,c7ddf4a7-8472-4698-90d5-69005a6dcf1b,2026-09-21 04:53:00.142011+00,2026-09-21 06:09:27.284903+00
CASE0000373,19b65599-9a6e-4186-9398-f1f877e31ad6,121cc219-9185-4041-912d-c5bce5993290,3aa13103-bd03-4578-9292-44d88d58da00,,PAID,CRITICAL,60790,60790,0,2026-09-18,89.41,t,4,4,2026-09-18 07:40:00+00,Paid in full at doorstep,PRE_LEGAL,,,,,,f,,,,c7e74e5d-a255-44ce-a595-797e1dbf0a0b,2026-08-27 11:28:04.057976+00,2026-09-18 06:37:21.583242+00
DAILY20260918C154,bdb3e872-4c17-4b56-8cd3-c8d4e8f8e79b,31422da3-07a4-4c2e-84fa-ac47879206a2,,,UNASSIGNED,CRITICAL,5180,0,0,2026-09-18,95,f,0,5,,,NPA_RECOVERY,,,,,,f,,,,c7e9f0f4-17d4-4183-80a0-8434bee296cb,2026-09-18 06:49:34.895306+00,2026-09-18 06:49:34.895309+00
DAILY20260903C103,3a8651a8-850a-42bc-bbee-f076a3b48559,978bd205-2707-4ede-8656-b92b8cfe760f,c6ca60b7-2143-412b-887e-c30ae9cda031,,PTP_SET,MEDIUM,39890,14811.89,0,2026-09-18,45,f,2,5,,,FIELD,,,,,,f,,,,c81719bb-c27b-4302-b204-28d1d90c0bea,2026-09-02 15:33:15.983376+00,2026-09-18 06:37:22.256162+00
CASE0000169,eaa3c7cc-4dca-459d-b00d-ab2c7f69bd9a,53616736-7990-44bc-b42a-9ba30151a911,c6ca60b7-2143-412b-887e-c30ae9cda031,,PAID,CRITICAL,67240,67240,0,2026-09-02,100,f,3,3,2026-09-02 11:07:00+00,,PRE_LEGAL,,,,,,t,,,,c82bc922-a062-4400-a475-fe15e721e62e,2026-08-27 11:28:01.748718+00,2026-09-03 05:17:22.219605+00
DAILY20260906C38,ea203f9a-e20a-4fdb-a714-7e8715cfc84d,40114674-66cc-4947-a004-da9c8b8005e6,,,UNASSIGNED,HIGH,11030,0,0,2026-09-06,75,f,0,5,,,FIELD,,,,,,f,,,,c830f500-738b-4945-b36e-e4204dcbc560,2026-09-06 13:30:49.002855+00,2026-09-06 13:30:49.002858+00
DAILY20260907C79,0053961a-a138-4591-ad17-2199c4636e13,4a5a43c3-7f0c-41ca-bf1d-58da6f94bdb6,,,UNASSIGNED,CRITICAL,1460,0,0,2026-09-07,95,f,0,5,,,NPA_RECOVERY,,,,,,f,,,,c85b82a9-ac9d-413a-b5ff-27952635e113,2026-09-07 04:59:06.269518+00,2026-09-07 04:59:06.269521+00
DAILY20260918C07,41e6daa6-3eb4-4cba-8401-5430d456221c,3bbe9365-7d5a-4924-ad26-3af3c27d6fe4,a13886ca-739b-47b4-a473-724e03f7332a,,ASSIGNED,HIGH,67840,0,0,2026-09-21,75,f,0,5,,,FIELD,,,,,,f,,,,c85fa5cb-fe92-47b0-87df-0972bc53f1a7,2026-09-18 06:49:34.062103+00,2026-09-21 04:53:12.591703+00
DAILY20260921C119,0d67368a-9f11-47ca-8688-94d5e363f2f6,f9bafdf1-da7b-4666-9b7a-4c972cd1739f,5fbae4d6-59d1-4e6c-8a80-fe57244a45bb,,ASSIGNED,HIGH,11410,0,0,2026-09-21,75,f,0,5,,,FIELD,,,,,,f,,,,c8905472-c2fa-4271-8909-ddc76aca5264,2026-09-21 04:53:00.181678+00,2026-09-21 05:55:24.595438+00
DAILY20260903C43,d74f3d4f-5b1f-42c2-b917-e8d0dcdbbce1,c627cc17-5791-4135-a6a5-a00adb522f30,c6ca60b7-2143-412b-887e-c30ae9cda031,,PTP_SET,MEDIUM,19270,0,0,2026-09-18,45,f,1,5,,,FIELD,,,,,,f,,,,c8d29441-6b20-41b9-8070-c2032bd0c914,2026-09-02 15:33:15.736943+00,2026-09-18 06:37:23.297396+00
CASE0000489,9fc92cd0-ece2-4a0d-9874-ee71c511c0fd,cc48abe0-ec62-4ba0-9e8c-78aeeea9ea71,357e2e09-b637-468e-818b-57a5dce18e9c,,IN_PROGRESS,CRITICAL,9330,0,0,2026-04-30,73.1,f,3,4,,,NPA_RECOVERY,,,,,,f,,,,c914e30a-2e26-47ec-bd0f-37c2413667f5,2026-08-27 11:28:05.688272+00,2026-09-21 09:28:23.737309+00
CASE0000022,33f12778-7bf9-4da4-8e58-36cfe69c78d3,dc40c0e4-522b-41b4-98e6-6afc4f13dd00,cd9e6eca-028e-4c61-8e82-048327bc4476,,PARTIALLY_PAID,CRITICAL,16570,6614.55,0,2026-09-01,100,t,2,3,,,LEGAL,,,,Co-applicant details on file. May respond if approached together.,,f,,,,c92b5f6a-e1c3-4e58-b51f-629d0d1e2ce3,2026-08-27 11:28:00.963531+00,2026-09-08 11:08:04.427328+00
DAILY20260906C104,39b8194a-ea42-4ef8-bfeb-b41ad425cee5,1559c24e-ea84-4424-9234-85b4464f758b,2b6de8aa-0976-4be0-8a40-043ff86ffa54,,PTP_SET,HIGH,25390,0,0,2026-09-17,75,f,1,5,,,FIELD,,,,,,f,,,,c94b717e-043d-4487-8272-a737ab281441,2026-09-06 13:30:49.422613+00,2026-09-18 06:37:23.160084+00
DAILY20260918C42,85fe4b92-3774-465c-8256-63339ef23076,946578c4-eed9-4b94-bd16-d6931d910658,,,UNASSIGNED,HIGH,4010,0,0,2026-09-18,75,f,0,5,,,FIELD,,,,,,f,,,,c981a8d7-0f11-4691-ab68-2f79122f0163,2026-09-18 06:49:34.235822+00,2026-09-18 06:49:34.235873+00
DAILY20260903C117,e49c321c-1faa-4aeb-9185-bdeb92cfd07c,dadec44a-2121-4a43-bb64-3f62f2dd9f2f,3aa13103-bd03-4578-9292-44d88d58da00,,PTP_SET,CRITICAL,26840,10315.67,0,2026-09-17,95,f,1,5,,,NPA_RECOVERY,,,,,,f,,,,c9ef62d7-ec24-49fa-80f7-354555d86963,2026-09-02 15:33:16.044747+00,2026-09-18 06:37:22.783991+00
CASE0000613,24b5cb1d-9037-4cd9-85f4-2c9cf2ee1daa,badb50c4-1728-465e-85ea-4b1a203404a5,c2f2e0ce-5aeb-4ece-8325-2167edfe139e,,PARTIALLY_PAID,CRITICAL,46980,43303.5,0,2026-08-27,100,t,4,5,,,NPA_RECOVERY,,,,,,f,,,,ca0dc962-7643-46e0-bd8e-8058f7ec6031,2026-08-27 11:28:07.547426+00,2026-09-21 05:55:24.596178+00
CASE0000619,d194e9e1-27b4-44d8-80b3-c5dd6b0e01cc,415c6a32-6585-4cdf-bde8-b10e2a663c8e,1d5e58e8-954e-4d6c-b13c-6e6d614cb588,,PARTIALLY_PAID,HIGH,26150,23270.65,0,2026-08-27,82.25,t,3,3,,,PRE_LEGAL,,,,Business borrower — shop visit recommended. Morning hours more effective.,,t,,,,ca0de548-83b9-4b80-912e-d26303ed7a70,2026-08-27 11:28:07.601306+00,2026-09-02 15:27:19.201916+00
DAILY20260906C79,537936a0-b71a-48ab-b45d-14f48c48095d,8a21008b-ec82-40dd-8ca3-c12ff14d9ed8,,,UNASSIGNED,HIGH,4760,0,0,2026-09-06,75,f,0,5,,,FIELD,,,,,,f,,,,ca3e058c-7179-4c8b-9161-7a46fc5606d3,2026-09-06 13:30:49.28377+00,2026-09-06 13:30:49.283772+00
DAILY20260918C124,3dec7d7c-9ef3-43be-81ca-462863c3a294,e12f6e6c-1c58-428b-81b9-b06d97775ffe,,,UNASSIGNED,CRITICAL,9980,0,0,2026-09-18,95,f,0,5,,,NPA_RECOVERY,,,,,,f,,,,ca7cac1e-8d38-42e1-88e5-a86b3d953ce4,2026-09-18 06:49:34.737502+00,2026-09-18 06:49:34.737505+00
DAILY20260903C28,bbefd13c-55cc-4c5e-a33f-5ace1b4a774d,f5ec9689-191a-486c-bf0e-d686f5c9c296,,,UNASSIGNED,MEDIUM,3770,0,0,2026-09-03,45,f,0,5,,,FIELD,,,,,,f,,,,ca9f032c-d2ff-4aef-b471-8c24d21e7087,2026-09-02 15:33:15.684611+00,2026-09-02 15:33:15.684611+00
CASE0000399,1b32f61d-8e4a-4b58-87fa-3a92c8baf6d7,c1aa728b-8613-40ae-b9a9-2e6d13695b59,cd9e6eca-028e-4c61-8e82-048327bc4476,,PARTIALLY_PAID,MEDIUM,18480,14016,0,2026-06-06,22.69,t,2,4,,,FIELD,,,,,,f,,,,caee1595-0e1a-4efd-99cf-2818c8c86334,2026-08-27 11:28:04.314127+00,2026-09-21 09:28:23.73731+00
CASE0000039,1b0c8ea9-befb-46a5-b970-af6259d5a825,1566f390-22b9-4589-be81-c470bc75a080,5fbae4d6-59d1-4e6c-8a80-fe57244a45bb,,PTP_SET,CRITICAL,13850,12595.06,0,2026-09-18,100,f,5,5,,,NPA_RECOVERY,,,,Bank field agent visited twice — no contact. Escalated to recovery agency.,,t,,,,caef9f74-2f06-4aeb-b672-b7f468b501ea,2026-08-27 11:28:01.005938+00,2026-09-18 06:37:22.835314+00
DAILY20260907C24,86b76125-63bf-4204-91fe-5e846c757ac0,5435fe96-d322-4273-98f7-be1258b3322a,8e59153e-dc8e-4efa-af65-1db304a6f3f1,,IN_PROGRESS,CRITICAL,69260,0,0,2026-09-18,95,f,1,5,,,NPA_RECOVERY,,,,,,f,,,,caf865b0-6965-48ef-bb7e-16d1daf9cc52,2026-09-07 04:59:05.864151+00,2026-09-21 05:55:24.596178+00
DAILY20260903C118,9a834bac-55bf-41fb-98fb-f8e648aecf1b,dedee35c-51a6-4d29-b906-773ef0a9d75f,,,UNASSIGNED,CRITICAL,4140,0,0,2026-09-03,95,f,0,5,,,NPA_RECOVERY,,,,,,f,,,,cafa3c89-f575-4897-ba3c-bbf8e0c0b539,2026-09-02 15:33:16.048431+00,2026-09-02 15:33:16.048431+00
CASE0000424,0e603b84-71ce-4946-a57b-0eaa9e30fcdd,989b1ec1-215c-442a-9619-01c6efb9ad6e,c2f2e0ce-5aeb-4ece-8325-2167edfe139e,,PARTIALLY_PAID,HIGH,16000,15368.85,0,2026-08-27,90.13,t,4,4,,,PRE_LEGAL,2026-04-20,,,,,t,,,,cb0abc92-1503-478e-8b3b-3786454b0976,2026-08-27 11:28:04.528004+00,2026-09-21 09:28:23.737311+00
CASE0000625,9bd1b138-1ded-4ba6-8eba-013a26589c63,b028c6eb-242a-4eb1-b041-77b2b4eea3b7,a13886ca-739b-47b4-a473-724e03f7332a,,PAID,MEDIUM,14150,14150,0,2026-03-19,54.31,t,2,5,2026-03-30 00:00:00+00,,NPA_RECOVERY,,,,,,f,,,,cb2aff7e-8a25-4539-b666-eb2ee3cd72bd,2026-08-27 11:28:07.661248+00,2026-09-03 05:17:22.223114+00
DEMO000015,c34120e6-6778-4c63-9d4f-089bb0fd435a,bd742dbe-9edd-463a-bad4-57d01df0f64e,8e59153e-dc8e-4efa-af65-1db304a6f3f1,,PAID,MEDIUM,6870,6870,0,2026-08-19,45,f,2,5,,,FIELD,,,,,Missed appointment — transfer to EMP0002. Customer previously cooperative; track via call first.,f,,,,cb2b92fc-05ae-4718-a5fa-614cf047f591,2026-08-27 11:28:09.611298+00,2026-09-03 05:17:22.224124+00
DAILY20260921C90,5b36ebc8-708c-40f4-b570-72acdecfc91c,1129c72d-e151-4e13-b41f-7d48ec6e11de,a2e2555c-f597-43af-a77a-fe708f967218,,IN_PROGRESS,MEDIUM,4660,0,0,2026-09-21,45,f,1,5,,,FIELD,,,,,,f,,,,cb57e21b-b24a-4558-bcc0-43df7d5461c2,2026-09-21 04:52:59.91348+00,2026-09-21 06:09:26.909902+00
DAILY20260903C34,4faf5fb2-8159-49bf-a7b7-5efbf7d9ae50,7e8f1fe9-ef85-4b2b-a5b1-e06f5eda8cff,3aa13103-bd03-4578-9292-44d88d58da00,,PTP_SET,MEDIUM,19910,8629.49,0,2026-09-18,45,f,1,5,,,FIELD,,,,,,f,,,,cb5f9f1a-b16e-4d75-a1ec-18161b6abd9f,2026-09-02 15:33:15.702561+00,2026-09-18 06:37:22.93619+00
CASE0000497,2d5a75e9-0241-4f60-98fe-5461da045389,de34afad-9f4e-4518-9dc0-8157720924aa,2b6de8aa-0976-4be0-8a40-043ff86ffa54,,PAID,CRITICAL,28200,28200,0,2026-04-15,100,t,1,5,2026-05-01 00:00:00+00,,FIELD,,,,,,f,,,,cb823cd9-42bf-4b15-925b-98c916e86f58,2026-08-27 11:28:05.755285+00,2026-09-03 05:17:22.224124+00
DAILY20260906C08,5143b16b-c878-4e9b-86be-cbc3c49d9706,24a06742-39af-4d82-8381-cddb221897cb,5fbae4d6-59d1-4e6c-8a80-fe57244a45bb,,ASSIGNED,CRITICAL,17620,0,0,2026-09-21,95,f,0,5,,,NPA_RECOVERY,,,,,,f,,,,cb8a899d-2ada-4f56-9851-44ed0b272ea3,2026-09-06 13:30:48.706588+00,2026-09-21 05:55:24.598427+00
DAILY20260918C141,c49bd9c3-75c4-4a55-a5d5-0f69b1a793fe,b67a62a2-8a36-4db5-99f6-97e03dc56874,c6ca60b7-2143-412b-887e-c30ae9cda031,,PTP_SET,HIGH,9780,0,0,2026-09-21,75,f,1,5,,,FIELD,,,,,,f,,,,cb914b42-d532-428e-b665-3c202b539953,2026-09-18 06:49:34.829249+00,2026-09-21 06:09:26.508779+00
DAILY20260906C26,36a1043d-810f-4ab4-9b69-cdb7e846ec1b,d4dda636-9772-45fb-8c06-58325354685d,c37b6a5c-9d1c-46d4-8ece-dfce290dc74b,,PARTIALLY_PAID,MEDIUM,15610,1686.81,0,2026-09-10,45,f,1,5,,,FIELD,,,,,,f,,,,cb992b92-f559-42c8-b063-409c884cc1ce,2026-09-06 13:30:48.829399+00,2026-09-10 10:42:27.108774+00
DAILY20260906C37,653a72ad-9d7e-4166-ab22-25f25b875bc8,198023d2-ab07-4235-a4ee-5a951b7d7358,4a182f53-a1a1-4f15-945a-6a56f4e04b64,,PARTIALLY_PAID,MEDIUM,16600,10592.64,0,2026-09-21,45,f,3,5,,,FIELD,,,,,,f,,,,cc00d26b-c20b-4b2a-b910-32483a7ea449,2026-09-06 13:30:48.996687+00,2026-09-21 06:09:26.099756+00
DAILY20260918C177,f199876a-7da7-482e-81ef-188ffe468a6e,304d1952-18ab-45bd-bc07-fa33c8cea69a,c6ca60b7-2143-412b-887e-c30ae9cda031,,PTP_SET,MEDIUM,13380,0,0,2026-09-21,45,f,1,5,,,FIELD,,,,,,f,,,,cc332b5e-d7e3-47c8-9af6-2870cfb23135,2026-09-18 06:49:35.020478+00,2026-09-21 06:09:26.77948+00
CASE0000344,eaecc769-bb37-42f9-a8ff-94cac68aa572,9323662b-9e0a-40d0-80a4-3666e4745ccb,a2e2555c-f597-43af-a77a-fe708f967218,,PAID,LOW,17170,17170,0,2026-09-01,19.43,t,3,4,2026-09-01 10:00:00+00,,FIELD,,,,Bank field agent visited twice — no contact. Escalated to recovery agency.,,t,,,,cc6a8b99-d32d-4f4f-993c-b2ae46c9b0f0,2026-08-27 11:28:03.42282+00,2026-09-03 05:17:22.226156+00
CASE0000491,47e30ef7-8957-428d-be7b-a7b0524f8143,72615092-a694-4c7b-8ed4-93290716826f,8e59153e-dc8e-4efa-af65-1db304a6f3f1,,ASSIGNED,CRITICAL,4500,0,0,2026-08-27,100,f,2,4,,,NPA_RECOVERY,,,,,,t,,,,cca1f0fd-4df0-4748-a81b-22e081eb43ed,2026-08-27 11:28:05.707472+00,2026-09-03 05:17:22.226156+00
DAILY20260907C67,fb2cb2cd-4e27-4a6c-843e-b1de35d4f18a,f1459eae-f9ba-42f2-8160-880bcd7d7798,c6ca60b7-2143-412b-887e-c30ae9cda031,,PTP_SET,HIGH,15000,6169.19,0,2026-09-18,75,f,1,5,,,FIELD,,,,,,f,,,,cca9869d-84cb-4679-85fc-73e49afbd354,2026-09-07 04:59:06.199842+00,2026-09-18 06:37:22.507429+00
DAILY20260907C119,ffe0343a-e2b6-436c-b3f6-bbea2cf50922,d202deab-d3ea-43dc-9c19-5080587f4932,c6ca60b7-2143-412b-887e-c30ae9cda031,,PARTIALLY_PAID,HIGH,12470,3821.55,0,2026-09-18,75,f,1,5,,,FIELD,,,,,,f,,,,ccb78dcb-7d9f-49ec-beb9-c61b83562aba,2026-09-07 04:59:06.512146+00,2026-09-21 05:17:11.618478+00
DAILY20260907C80,8a696b26-97b5-4464-bbe4-02b4e8cdba7e,b4b52388-4b90-4b33-abec-e8c41f08d773,a13886ca-739b-47b4-a473-724e03f7332a,,ASSIGNED,MEDIUM,56340,0,0,2026-09-21,45,f,0,5,,,FIELD,,,,,,f,,,,ccbe27f1-270c-4e8b-af40-12324087eebc,2026-09-07 04:59:06.275132+00,2026-09-21 04:53:12.59259+00
CASE0000316,fd232674-c408-4a21-8340-5c44ccb0b516,e854ced2-e26d-4a43-92a2-93ee76a9c00d,8e59153e-dc8e-4efa-af65-1db304a6f3f1,,PARTIALLY_PAID,MEDIUM,7620,7056.54,0,2026-08-25,37.68,t,2,3,,,FIELD,,,,,,f,,,,ccc5ccf5-bc0e-4f79-89f9-4e4adf3cd0da,2026-08-27 11:28:03.238103+00,2026-09-03 05:17:22.226156+00
DAILY20260921C79,35c40e15-86d9-420c-b1d1-4461f75d5143,31f9ec04-2463-4288-81fa-36c117a041d1,4a182f53-a1a1-4f15-945a-6a56f4e04b64,,PAID,HIGH,37260,37260,0,2026-09-21,75,f,1,5,2026-09-21 04:33:00+00,Paid in full at doorstep,FIELD,,,,,,f,,,,cccefdf0-b4f4-4bd7-a054-e0eb63e0686a,2026-09-21 04:52:59.832679+00,2026-09-21 06:09:25.744978+00
CASE0000703,2c37b2b2-ddc4-4f71-ad73-a2d174fdaaf8,021490de-675c-4a58-a8bf-88ddfd36f9ca,4a182f53-a1a1-4f15-945a-6a56f4e04b64,,PAID,MEDIUM,11330,11330,0,2026-03-28,41.09,t,3,4,,,FIELD,,,,,,f,,,,cce14ef2-1448-41bc-9117-373666b41230,2026-08-27 11:28:08.327975+00,2026-09-03 05:17:22.226156+00
CASE0000685,20afa76a-c2d7-44a2-a263-75b112de3ee9,8fffc779-9d7e-4dc2-8778-29ce69a62a8d,3e9c4168-1de9-43e8-b9f2-fbf3f931949d,,PAID,MEDIUM,10930,10930,0,2026-03-14,37.64,t,2,4,2026-09-01 05:52:00.181768+00,,PRE_LEGAL,2026-02-08,,,Account flagged for special mention — court case pending. Handle with care.,,f,,,,ccf5cd35-5af5-476b-940c-5d0361b945bc,2026-08-27 11:28:08.171449+00,2026-09-03 05:17:22.226156+00
DAILY20260918C179,7ae3a46c-7392-4d97-bb58-c89fb6f6b392,2ad1038d-87f7-4f7b-8844-f8699c9c25ca,c6ca60b7-2143-412b-887e-c30ae9cda031,,ASSIGNED,MEDIUM,50350,0,0,2026-09-21,45,f,0,5,,,FIELD,,,,,,f,,,,cd51168d-c8f0-4c64-b13a-9380df323894,2026-09-18 06:49:35.031353+00,2026-09-21 04:53:43.295199+00
DAILY20260906C30,d42a2ed9-29ce-496e-92f0-0189941161fb,a969d6f3-a171-4f03-b4c1-143f4c92f26b,,,UNASSIGNED,CRITICAL,15700,0,0,2026-09-06,95,f,0,5,,,NPA_RECOVERY,,,,,,f,,,,cd7b5c10-db08-4b84-9fec-406d2e798e34,2026-09-06 13:30:48.855766+00,2026-09-06 13:30:48.85577+00
CASE0000510,65f3403d-3e79-40fb-bb72-59ff9d8b27e0,4a570f88-62af-484a-8183-28f819c782fe,5fbae4d6-59d1-4e6c-8a80-fe57244a45bb,,IN_PROGRESS,CRITICAL,14330,0,0,2026-04-23,90.76,t,1,4,,,NPA_RECOVERY,,,,,,f,,,,cde5571d-2f58-4bcc-8850-76a91602e0a6,2026-08-27 11:28:05.865334+00,2026-09-03 05:17:22.226156+00
DAILY20260906C116,ad8510a9-ed2b-429c-82e9-6806585007fe,cd942da3-8757-4548-837c-cebad7a7106c,,,UNASSIGNED,CRITICAL,13740,0,0,2026-09-06,95,f,0,5,,,NPA_RECOVERY,,,,,,f,,,,ce0698fb-2961-459d-b04b-ce035665e3cb,2026-09-06 13:30:49.501165+00,2026-09-06 13:30:49.501169+00
CASE0000671,c77e10a4-659a-45bc-b298-17404f303324,7ea2436c-e95f-4bcf-8828-f0086ea559c2,2dfc73e0-dba9-4aa5-babf-d5141ded5497,,PAID,HIGH,20880,20880,0,2026-04-10,79.85,f,3,5,,,PRE_LEGAL,,,,,,f,,,,ce4fc42a-0193-4857-b8b0-5e0d22d93fe6,2026-08-27 11:28:08.050112+00,2026-09-03 05:17:22.226156+00
CASE0000086,776957ca-92f9-4f07-a094-49eed3a767a8,b1fc631b-7099-4fef-b437-dab989c0604c,3aa13103-bd03-4578-9292-44d88d58da00,,IN_PROGRESS,MEDIUM,11800,0,0,2026-08-25,22.87,t,1,3,,,FIELD,2026-08-06,,,,,f,,,,ce5b2708-b882-4707-9eb4-09c2bb1cc04d,2026-08-27 11:28:01.166749+00,2026-09-21 09:28:23.737311+00
DAILY20260903C145,87d7258c-32ba-4cfe-8cba-4999c05cac58,0aa53099-3561-4e2a-bc32-d7d6d7a4b177,,,UNASSIGNED,MEDIUM,6090,0,0,2026-09-03,45,f,0,5,,,FIELD,,,,,,f,,,,ce6585c7-bb92-47fe-8a82-8f979d1467e2,2026-09-02 15:33:16.140904+00,2026-09-02 15:33:16.140904+00
DAILY20260921C16,d50025ea-d9b9-4f79-86c7-898a80f0a23d,4d554318-bdc3-44af-9335-98b35e8d53ed,8e59153e-dc8e-4efa-af65-1db304a6f3f1,,PAID,MEDIUM,55160,55160,0,2026-09-21,45,f,1,5,2026-09-21 09:49:00+00,Paid in full at doorstep,FIELD,,,,,,f,,,,ce7acbd1-955d-4f1e-98a5-4f03ef8b64a8,2026-09-21 04:52:59.476251+00,2026-09-21 06:09:25.820143+00
DAILY20260918C25,1f772dab-a4e2-4151-8fe9-8678cbb4e055,9f365c0d-52dd-43f6-8f01-f69bc5059860,,,UNASSIGNED,MEDIUM,9140,0,0,2026-09-18,45,f,0,5,,,FIELD,,,,,,f,,,,ce7d4326-6fe4-4813-8959-9ca5a35d6a70,2026-09-18 06:49:34.151562+00,2026-09-18 06:49:34.151565+00
CASE0000573,540fd0f4-e42e-489e-bf37-4ae508e0225f,be8f1f00-972e-45a0-b10e-8e10453acb3c,2b6de8aa-0976-4be0-8a40-043ff86ffa54,,IN_PROGRESS,MEDIUM,15450,0,0,2026-09-04,34.18,t,2,5,,,FIELD,,,,,,f,,,,ce948a4c-762d-4b07-8fcb-aee2084621a2,2026-08-27 11:28:06.380942+00,2026-09-21 09:28:23.737312+00
DAILY20260918C142,c4ece7c7-c4c3-46db-ad50-ee67682d3275,6a108a3e-d1cc-4bfc-9088-15cf16c460cc,,,UNASSIGNED,CRITICAL,24920,0,0,2026-09-18,95,f,0,5,,,NPA_RECOVERY,,,,,,f,,,,ce96a1ed-893b-4a54-9bb3-fe90444077fa,2026-09-18 06:49:34.834781+00,2026-09-18 06:49:34.834783+00
DAILY20260907C148,f3c2c9dd-3aff-4847-80d9-b69ff8aadea5,d15d40e6-9602-4528-b1d1-039589b054b1,,,UNASSIGNED,HIGH,6670,0,0,2026-09-07,75,f,0,5,,,FIELD,,,,,,f,,,,cf714fd6-e655-4dfb-969c-957be3b9515b,2026-09-07 04:59:06.654166+00,2026-09-07 04:59:06.654168+00
CASE0000484,830d42f9-f1de-4f55-b7ee-e33edae0c1d3,f1e4b15b-d9cd-426d-9356-e56f286f8188,cd9e6eca-028e-4c61-8e82-048327bc4476,,PAID,CRITICAL,18430,18430,0,2026-05-01,100,t,2,4,2026-05-01 00:00:00+00,,NPA_RECOVERY,,,,,,f,,,,cf77428d-5a65-4f22-b553-fcacb366209c,2026-08-27 11:28:05.645161+00,2026-09-03 05:17:22.233557+00
DAILY20260918C151,cef6ad66-0714-4928-9241-b791a7de2a14,b0c04ff7-4c92-4f69-8dbb-ee3481df6732,c6ca60b7-2143-412b-887e-c30ae9cda031,,IN_PROGRESS,CRITICAL,14940,0,0,2026-09-21,95,f,1,5,,,NPA_RECOVERY,,,,,,f,,,,cfbddccf-13d2-496e-9062-c2a454cfd61d,2026-09-18 06:49:34.880421+00,2026-09-21 06:09:27.099145+00
DAILY20260907C18,b29f9c7b-8a8e-43bd-975b-ee6f491588d4,2dfec055-a1f7-4f9a-b9fa-046e27439fd9,,,UNASSIGNED,CRITICAL,6600,0,0,2026-09-07,95,f,0,5,,,NPA_RECOVERY,,,,,,f,,,,cfdd6d97-21bb-4234-aecd-c1f583bcc6b1,2026-09-07 04:59:05.832861+00,2026-09-07 04:59:05.832863+00
CASE0000504,daf84ae7-e591-4810-8608-909ecf5b0e20,301596b8-fb92-4220-9bbc-fa76543b3e90,c33350cc-f581-492e-807f-14262d56ebcb,,PAID,LOW,17950,17950,0,2026-04-21,22.34,t,1,4,2026-05-01 00:00:00+00,,FIELD,,,,,,f,,,,d07825db-d43c-479a-ba05-bcb371149f3d,2026-08-27 11:28:05.814916+00,2026-09-03 05:17:22.233557+00
CASE0000498,2941db57-a823-4c8c-81df-42d797c63d2c,3a1246da-0fc8-4375-a91e-9422d154adde,a13886ca-739b-47b4-a473-724e03f7332a,,PARTIALLY_PAID,CRITICAL,11340,11158.02,0,2026-08-25,54.59,t,4,3,,,LEGAL,2026-04-03,,,,,t,,,,d08aa9f8-8150-4874-9038-95d58b359782,2026-08-27 11:28:05.763183+00,2026-09-21 09:28:23.737312+00
DAILY20260918C75,4e678b5a-0669-455d-808e-e1677e18f5a8,623f530d-f134-41cc-aac9-0a1f81a9f89f,3aa13103-bd03-4578-9292-44d88d58da00,,PAID,CRITICAL,46210,46210,0,2026-09-21,95,f,1,5,2026-09-21 11:16:00+00,Paid in full at doorstep,NPA_RECOVERY,,,,,,f,,,,d0a5c54e-7091-49c3-8003-f144d332b54a,2026-09-18 06:49:34.429291+00,2026-09-21 06:09:25.924382+00
CASE0000412,08ba962e-0ef6-4f27-a9fe-8ed646f6755b,0e723fb6-3ae5-4c4d-aa77-7d5d2362b5f0,c33350cc-f581-492e-807f-14262d56ebcb,,PAID,LOW,39620,39620,0,2026-05-23,27.49,f,2,4,2026-09-01 05:52:00.181768+00,,FIELD,,,,Borrower relocated. New address shared by guarantor — verify on field visit.,,f,,,,d0b60cc2-1609-4be4-a5af-3b8cf472974e,2026-08-27 11:28:04.425249+00,2026-09-03 05:17:22.233557+00
CASE0000437,c678e71f-9674-4b8a-a1fa-d9655698801f,aecc0492-57c7-4eb4-9a96-7c67e4b2590c,3e9c4168-1de9-43e8-b9f2-fbf3f931949d,,PAID,LOW,8330,8330,0,2026-05-16,27.71,t,1,4,2026-09-01 05:52:00.181768+00,,FIELD,,,,,,t,,,,d0e4dca5-a091-4e5f-ab0c-2fc1540559dd,2026-08-27 11:28:04.627259+00,2026-09-03 05:17:22.233557+00
CASE0000430,4f9ad0b1-c2d5-4ef4-9853-7eba0f4e2e32,b49d5738-3adb-4118-bc90-baeb04a8b3e6,4a182f53-a1a1-4f15-945a-6a56f4e04b64,,PAID,CRITICAL,24780,24780,0,2026-09-02,100,t,3,4,2026-09-02 11:47:00+00,,NPA_RECOVERY,2026-04-24,,,,,t,,,,d0ebad68-10d0-48e5-88f5-f0feb94c5dd7,2026-08-27 11:28:04.580677+00,2026-09-03 05:17:22.236776+00
CASE0000692,eacfbf44-0224-49f1-8500-76822bcdea0c,b0b10730-3fca-4fe5-b2a6-773b3c376780,c37b6a5c-9d1c-46d4-8ece-dfce290dc74b,,PARTIALLY_PAID,MEDIUM,20670,20125.51,0,2026-08-27,100,t,4,4,,,FIELD,,,,,,f,,,,d0f3d701-d1e0-460e-a589-4653472a491b,2026-08-27 11:28:08.236207+00,2026-09-21 09:28:23.737313+00
CASE0000421,4df512da-7e9d-4eb0-b763-0751aadf3132,b82d30d4-5ee6-489b-b695-010cc82507df,4a182f53-a1a1-4f15-945a-6a56f4e04b64,,PAID,CRITICAL,21040,21040,0,2026-08-26,100,t,2,4,2026-09-01 05:52:00.181768+00,,FIELD,2026-04-23,,,,,f,,,,d1012402-fa11-4d46-af2f-d2e2e4dafd0e,2026-08-27 11:28:04.498574+00,2026-09-03 05:17:22.236776+00
CASE0000207,4f8bfadf-b2bc-41d8-82ef-ac42eac891d6,4e616207-c78b-4df0-9375-cc3ab4b46ddd,357e2e09-b637-468e-818b-57a5dce18e9c,,PARTIALLY_PAID,HIGH,29370,3328.47,0,2026-09-17,100,f,5,3,,,PRE_LEGAL,,,,,,f,,,,d1483dff-17f9-45b3-a291-e57d854c32a4,2026-08-27 11:28:02.002319+00,2026-09-21 09:28:23.737314+00
CASE0000404,364b95b7-fedb-416f-ba02-3d96077eb4bc,8de135b7-e907-4f92-9d1e-40704c98ecb5,2b6de8aa-0976-4be0-8a40-043ff86ffa54,,PARTIALLY_PAID,MEDIUM,39350,30860.28,0,2026-08-27,100,t,2,4,,,FIELD,,,,Customer had good repayment history until Q3 2022. Defaulted post job loss.,,f,,,,d14b16b1-6ba1-487f-bd9f-d61d7c369b0c,2026-08-27 11:28:04.360284+00,2026-09-21 09:28:23.737314+00
DAILY20260921C136,6dc52e6d-6ad7-42ab-a894-575dd3b2646d,e387717d-ec1a-440f-9d35-b1913401597b,4a182f53-a1a1-4f15-945a-6a56f4e04b64,,PTP_SET,MEDIUM,15000,0,0,2026-09-21,45,f,1,5,,,FIELD,,,,,,f,,,,d1b7151c-368c-4df8-a5b4-6ca1cbd15509,2026-09-21 04:53:00.345687+00,2026-09-21 06:09:26.498131+00
DAILY20260907C110,27ed6fc7-61f0-49b5-89bb-98e96ff7c539,d777ef12-8f20-4687-8fbe-ae44d4721718,,,UNASSIGNED,CRITICAL,7990,0,0,2026-09-07,95,f,0,5,,,NPA_RECOVERY,,,,,,f,,,,d1cdb458-f29e-4690-9e99-2880eb31ce99,2026-09-07 04:59:06.45582+00,2026-09-07 04:59:06.455823+00
CASE0000375,678f9729-f6be-4980-8f4c-96c8a45dca61,8385bbf7-7867-4c0b-a7eb-0dd574ae4a04,1d5e58e8-954e-4d6c-b13c-6e6d614cb588,,PARTIALLY_PAID,CRITICAL,27760,22642.8,0,2026-09-10,100,t,6,3,,,NPA_RECOVERY,,,,,,f,,,,d1ddcca9-c5de-4d00-a5b3-9d0bc91dac44,2026-08-27 11:28:04.084377+00,2026-09-21 04:53:43.300034+00
CASE0000136,a45ed2c0-f4e6-453a-9673-07c681b2e42b,64f393db-4e26-4d38-bac9-7e6d8ebb2234,a13886ca-739b-47b4-a473-724e03f7332a,,CLOSED,HIGH,24350,0,0,2026-08-25,71.86,f,3,5,2026-07-12 00:00:00+00,,NPA_RECOVERY,2026-06-03,,,Co-applicant details on file. May respond if approached together.,,f,,,,d1e510fe-a2ca-4fb6-820f-3757dade75fa,2026-08-27 11:28:01.510794+00,2026-09-02 15:27:19.215923+00
CASE0000074,d0306031-1151-4993-bed9-6906033425ef,fd142269-3ee6-4e42-bd7e-c2d203648026,357e2e09-b637-468e-818b-57a5dce18e9c,,PTP_SET,MEDIUM,41300,27417.77,0,2026-09-17,88.15,f,4,4,,,FIELD,,,,,,t,,,,d2b6e704-5ac5-45c1-b5cb-4a10ff082bd9,2026-08-27 11:28:01.123968+00,2026-09-21 09:28:23.737315+00
CASE0000659,49d9dc54-c7a3-4821-b8c2-82685d2a5eab,fd9c57cc-c70e-4bda-8dc6-a5e77c16219b,357e2e09-b637-468e-818b-57a5dce18e9c,,PAID,LOW,6230,6230,0,2026-03-13,28.01,t,2,3,,,FIELD,,,,,,f,,,,d2d794a1-3672-45d6-ad51-a1ed39daed56,2026-08-27 11:28:07.955834+00,2026-09-03 05:17:22.236776+00
DAILY20260906C87,d9fa7a8a-80c9-493d-9b34-b44317a3770a,50044d95-853f-4e5c-b607-f34124db9254,5fbae4d6-59d1-4e6c-8a80-fe57244a45bb,,PTP_SET,HIGH,15650,0,0,2026-09-21,75,f,1,5,,,FIELD,,,,,,f,,,,d343cb5a-368a-4d55-bd34-7fb50bdf9359,2026-09-06 13:30:49.329664+00,2026-09-21 06:09:26.521683+00
CASE0000150,8d5ea501-7199-446a-a427-67f4991a792b,e831f4f7-231d-4bf4-8091-545ff2ecedbe,1d5e58e8-954e-4d6c-b13c-6e6d614cb588,,PAID,LOW,41460,41460,0,2026-08-26,22.04,f,2,5,2026-09-01 05:52:00.181768+00,,FIELD,,,,,,f,,,,d35f16f0-cfc8-4958-ac31-eeaa51119197,2026-08-27 11:28:01.618278+00,2026-09-02 15:27:19.216921+00
DAILY20260907C126,d01b259c-a3c3-44d2-b2f5-9d14cfe698d7,6071829d-642f-424b-a220-f0d6bea08986,8e59153e-dc8e-4efa-af65-1db304a6f3f1,,PAID,HIGH,48780,48780,0,2026-09-10,75,f,1,5,2026-09-10 11:37:00+00,,FIELD,,,,,,f,,,,d397060f-996d-44eb-afe8-5de486bbd411,2026-09-07 04:59:06.547832+00,2026-09-10 10:42:26.849914+00
CASE0000292,cfd7f981-8a56-4067-919c-03b1c95f4b23,555e8367-e70f-4c64-81d7-0987f30c8452,c33350cc-f581-492e-807f-14262d56ebcb,,PAID,LOW,11720,11720,0,2026-06-19,28.63,t,1,3,2026-06-29 00:00:00+00,,FIELD,,,,,,f,,,,d3f3f443-1bbf-4e43-a503-4172654b54bf,2026-08-27 11:28:03.061714+00,2026-09-03 05:17:22.242662+00
DAILY20260907C113,231d25bd-53ee-4727-a61b-ba5af7da2579,e7ad2d09-3669-4469-a09a-2c1e21885716,e9dced65-f61b-4c24-bae7-d4170299ed46,,ASSIGNED,CRITICAL,11090,0,0,2026-09-21,95,f,0,5,,,NPA_RECOVERY,,,,,,f,,,,d420b794-f5f8-4773-93ca-e8551a52ab6d,2026-09-07 04:59:06.476464+00,2026-09-21 05:55:24.60007+00
DAILY20260907C105,b5456254-8d17-48a8-9f54-d829644f8b80,9dea1f7a-40ae-4f23-b547-217589f6a348,,,UNASSIGNED,CRITICAL,10120,0,0,2026-09-07,95,f,0,5,,,NPA_RECOVERY,,,,,,f,,,,d4534a51-46ee-4f55-9cd1-ed261f2808c8,2026-09-07 04:59:06.425814+00,2026-09-07 04:59:06.425818+00
DAILY20260907C172,3a3ca50c-fef7-43e6-9232-1163d480bd85,aa8e9f00-69c7-4c06-bfe0-2fa2a31985d8,c37b6a5c-9d1c-46d4-8ece-dfce290dc74b,,PTP_SET,HIGH,16990,0,0,2026-09-18,75,f,1,5,,,FIELD,,,,,,f,,,,d4544cf1-2e65-4759-a8cd-32d8e7c65294,2026-09-07 04:59:06.807559+00,2026-09-18 06:37:23.038241+00
DAILY20260918C165,ab70725a-3c09-44d6-939b-1f1a6dffbde5,5663bc76-00ff-41d8-b787-7d19e820c07a,cd9e6eca-028e-4c61-8e82-048327bc4476,,IN_PROGRESS,CRITICAL,19910,0,0,2026-09-21,95,f,1,5,,,NPA_RECOVERY,,,,,,f,,,,d47b800d-4d00-4cc2-a30a-529d3b66bf7c,2026-09-18 06:49:34.954821+00,2026-09-21 06:09:27.172248+00
DAILY20260903C125,17c49de4-7aee-4c1f-9f23-b8b3e01440a2,4885685c-10ee-4940-bee9-43bc17b6e98f,3e9c4168-1de9-43e8-b9f2-fbf3f931949d,,PARTIALLY_PAID,HIGH,22500,9785.22,0,2026-09-18,75,f,1,5,,,FIELD,,,,,,f,,,,d47d58ea-da4a-47e7-9077-7da63163d97e,2026-09-02 15:33:16.068244+00,2026-09-21 05:17:11.618479+00
CASE0000027,d2a33ff1-ab95-4313-b96e-37e0814c6f2d,d25b8769-b7f4-4946-a62d-53caed299e4e,a2e2555c-f597-43af-a77a-fe708f967218,,PARTIALLY_PAID,HIGH,41960,39250.15,0,2026-09-01,100,t,2,3,,,PRE_LEGAL,,,,,,f,,,,d486499c-4d1a-4f5b-b26d-e82a16e52408,2026-08-27 11:28:00.975859+00,2026-09-21 09:28:23.737315+00
DAILY20260918C78,30c67ec2-ddfb-4ce9-a468-b051044e6b54,6bd8973e-9d1b-4b7f-93fc-ae391e264665,357e2e09-b637-468e-818b-57a5dce18e9c,,PARTIALLY_PAID,CRITICAL,16480,3191.81,0,2026-09-21,95,f,1,5,,,NPA_RECOVERY,,,,,,f,,,,d4cae12e-8e54-4e96-aa9b-ecb7754eeb1d,2026-09-18 06:49:34.447758+00,2026-09-21 06:09:26.397071+00
CASE0000128,49990be3-78b7-4671-a955-7b3eaf1c075c,69c230a3-59b0-457e-a4a8-c6faa2a76acf,8e59153e-dc8e-4efa-af65-1db304a6f3f1,,PARTIALLY_PAID,MEDIUM,31410,17503.53,0,2026-08-27,100,t,2,4,,,FIELD,,,,,,t,,,,d4e4c522-e626-48b5-8558-d84d8ae45747,2026-08-27 11:28:01.449738+00,2026-09-21 09:28:23.737316+00
CASE0000279,8f142b89-8c4a-43a3-ad04-f247417e775d,a932c992-de97-4e51-aa1f-26f577d076c1,2b6de8aa-0976-4be0-8a40-043ff86ffa54,,PAID,LOW,2610,2610,0,2026-09-01,23.59,t,3,5,2026-09-01 15:50:00+00,,FIELD,,,,,,f,,,,d5347a0c-cd3c-46f2-a5d9-70c82abec616,2026-08-27 11:28:02.965482+00,2026-09-03 05:17:22.243187+00
CASE0000068,26976eb1-42c6-400c-b45a-101b41ce3537,87ce57a0-b54e-4a8c-963c-f358a52ba258,cd9e6eca-028e-4c61-8e82-048327bc4476,,PARTIALLY_PAID,HIGH,3840,1956.01,0,2026-09-09,57.35,f,3,3,,,PRE_LEGAL,,,,,,t,,,,d57dea5e-a963-4383-9e0c-785c5f2f1699,2026-08-27 11:28:01.101323+00,2026-09-21 09:28:23.737317+00
DAILY20260907C40,8b3db4d6-d678-47e5-888c-88694b84fb2b,cdf767b5-933e-451e-ab38-5f7d6298ffd5,,,UNASSIGNED,CRITICAL,4760,0,0,2026-09-07,95,f,0,5,,,NPA_RECOVERY,,,,,,f,,,,d5beb66e-0aef-46fb-a347-a3ee4bcf3560,2026-09-07 04:59:06.024943+00,2026-09-07 04:59:06.024947+00
CASE0000115,4fbb62fe-f822-4234-984e-7cb360c81779,3665d1c4-e4f3-4fc0-9ed5-33728ce227e9,a2e2555c-f597-43af-a77a-fe708f967218,,PARTIALLY_PAID,MEDIUM,18540,6761.7,0,2026-09-18,23.05,t,3,4,,,FIELD,,,,Business borrower — shop visit recommended. Morning hours more effective.,,t,,,,d5efce0e-d02b-4078-a60e-f046b576201c,2026-08-27 11:28:01.267085+00,2026-09-21 09:28:23.737317+00
CASE0000216,f5795911-e27a-41da-a809-be2325d85e66,0d1afef5-c9cb-453d-9abb-163b483dd9f6,c33350cc-f581-492e-807f-14262d56ebcb,,PAID,CRITICAL,51590,51590,0,2026-07-09,90.93,t,1,4,2026-07-26 00:00:00+00,,NPA_RECOVERY,,,,Borrower relocated. New address shared by guarantor — verify on field visit.,,f,,,,d65eede3-98ea-45c2-b7cb-ee89a83051b0,2026-08-27 11:28:02.063134+00,2026-09-03 05:17:22.245738+00
DAILY20260901C03,398f2903-694b-43ac-b3dd-a91012909275,f095d12b-10f2-4aab-960e-3f6419589ed6,2b6de8aa-0976-4be0-8a40-043ff86ffa54,,PAID,CRITICAL,2790,2790,0,2026-09-01,95,f,1,5,2026-09-01 10:47:00+00,,NPA_RECOVERY,,,,,,f,,,,d681c8ce-8090-4fce-b6d5-6f16ba776d0b,2026-09-01 04:38:21.184706+00,2026-09-03 05:17:22.246741+00
CASE0000697,0206ed96-6702-4d9b-8861-5ca0019ddc4f,2f512eb0-bce2-4170-a2b5-36cd562cc688,a2e2555c-f597-43af-a77a-fe708f967218,,PTP_SET,MEDIUM,9240,2493.81,0,2026-09-17,62.15,t,2,4,,,FIELD,,,,,,t,,,,d6897c7a-dfb6-4503-8228-b5861a8a379d,2026-08-27 11:28:08.285558+00,2026-09-21 09:28:23.737318+00
DAILY20260921C140,08075e1c-06ec-4bea-8ca5-55cf9a83ba9d,3fad978b-4052-4ca6-9a51-a4a560499fda,,,UNASSIGNED,HIGH,3850,0,0,2026-09-21,75,f,0,5,,,FIELD,,,,,,f,,,,d68ac381-917e-4c5b-83cd-09916203c65f,2026-09-21 04:53:00.429246+00,2026-09-21 04:53:00.429251+00
DAILY20260907C115,29ecb3be-886f-477d-bdf1-54b0ffb851d8,b6b4bac7-dd46-4a9b-989b-40cd6e5f14be,2dfc73e0-dba9-4aa5-babf-d5141ded5497,,ASSIGNED,MEDIUM,5860,0,0,2026-09-21,45,f,0,5,,,FIELD,,,,,,f,,,,d6df9132-4de5-4a3b-aed4-f711920f021c,2026-09-07 04:59:06.489672+00,2026-09-21 05:55:24.603681+00
CASE0000338,03835aab-6c3f-498b-87bb-b14e81a4c4a7,d8102c1f-f024-452d-98b1-b92ea2092f68,cd9e6eca-028e-4c61-8e82-048327bc4476,,IN_PROGRESS,MEDIUM,1860,0,0,2026-08-26,25.5,t,3,4,,,FIELD,2026-05-09,,,,,f,,,,d6e0e387-a749-4aea-9655-ec3b0722c66d,2026-08-27 11:28:03.37914+00,2026-09-21 09:28:23.737318+00
DAILY20260906C154,b64d5056-3c27-45be-9d6f-cbc31db58fe3,f6baa4cd-926b-4b12-bcb6-20f5acbec5bf,,,UNASSIGNED,CRITICAL,10620,0,0,2026-09-06,95,f,0,5,,,NPA_RECOVERY,,,,,,f,,,,d6eea790-df8d-4b91-ac7c-8e55e95620bc,2026-09-06 13:30:49.7458+00,2026-09-06 13:30:49.745803+00
CASE0000142,d94ba74c-5079-4b5a-ac0f-e3c7ccfe599c,162703e2-798d-4809-9ab3-ceaf08d592e4,2b6de8aa-0976-4be0-8a40-043ff86ffa54,,PARTIALLY_PAID,HIGH,20590,6216.62,0,2026-09-01,100,t,3,3,,,PRE_LEGAL,,,,,,f,,,,d71c5dd8-8199-4430-a763-ad9c76ca11f5,2026-08-27 11:28:01.555983+00,2026-09-21 09:28:23.737319+00
CASE0000269,f3665eea-1b6b-4f31-a8a1-8eeeb5e4cc45,5b199899-7aef-49f6-992a-6243bb6a18a5,8e59153e-dc8e-4efa-af65-1db304a6f3f1,,PAID,HIGH,12330,12330,0,2026-06-16,65.81,t,1,3,2026-06-19 00:00:00+00,,PRE_LEGAL,2026-06-04,,,Co-applicant details on file. May respond if approached together.,,f,,,,d742b556-ee96-48f2-abda-22632caa4e2f,2026-08-27 11:28:02.798061+00,2026-09-03 05:17:22.248774+00
CASE0000446,189de033-a7f1-48ad-950e-ac44aaf17e7b,5e30404d-41b5-4003-93a1-7fd185a7525a,a13886ca-739b-47b4-a473-724e03f7332a,,PAID,CRITICAL,12670,12670,0,2026-08-24,92.55,t,3,4,2026-09-01 05:52:00.181768+00,,LEGAL,,,,,,f,,,,d746456f-7775-4027-9165-1ecce762e6cb,2026-08-27 11:28:04.706095+00,2026-09-02 15:27:19.224457+00
DAILY20260903C102,dcd93fa2-8e8b-4d18-b81e-9d327568ec81,85160520-06c7-4bbe-b61c-e73fda50be1a,4a182f53-a1a1-4f15-945a-6a56f4e04b64,,ASSIGNED,CRITICAL,10460,0,0,2026-09-07,95,f,0,5,,,NPA_RECOVERY,,,,,,f,,,,d7524fb4-2d39-4d41-aefb-ff4f9578c6cc,2026-09-02 15:33:15.983376+00,2026-09-06 13:31:05.502814+00
DAILY20260921C159,74fb1726-4108-4c55-931c-cbb7ab94e8d5,bc19416f-036a-471f-a8d6-b5caf2c236f1,,,UNASSIGNED,CRITICAL,10380,0,0,2026-09-21,95,f,0,5,,,NPA_RECOVERY,,,,,,f,,,,d7537001-72b6-49c1-a286-eb54299b50ee,2026-09-21 04:53:00.553131+00,2026-09-21 04:53:00.553136+00
CASE0000006,c231e4e1-dff9-4806-8971-f7225bd6a922,06759fbd-2db8-43b3-9f61-2318381729ec,2b6de8aa-0976-4be0-8a40-043ff86ffa54,,PAID,CRITICAL,25000,25000,0,2026-08-22,99.52,f,1,3,,,NPA_RECOVERY,,,,,,t,,,,d781f855-2d18-4461-b9bc-3a7d05dbdc9c,2026-08-27 11:28:00.901309+00,2026-09-02 15:27:19.224457+00
CASE0000265,9339433d-7018-4df9-8ab1-189b46c9ca29,55291a6e-04bd-47e9-96e1-bf0e7ec35dad,c37b6a5c-9d1c-46d4-8ece-dfce290dc74b,,PAID,LOW,9850,9850,0,2026-08-26,27.58,t,3,5,2026-09-01 05:52:00.181768+00,,FIELD,,,,,,f,,,,d7adc8a4-0239-4c96-b15c-b1014918a5cb,2026-08-27 11:28:02.751247+00,2026-09-02 15:27:19.224457+00
CASE0000138,a7798f52-ebce-4071-a993-faac044a3e5e,1dd6eb3f-47fe-415e-91a1-2692de0fe49a,c37b6a5c-9d1c-46d4-8ece-dfce290dc74b,,CLOSED,HIGH,5550,0,0,2026-08-06,60.42,t,2,4,2026-08-01 00:00:00+00,,NPA_RECOVERY,2026-07-10,,,,,f,,,,d7dd11c7-feb1-459c-943e-df39efba0638,2026-08-27 11:28:01.528549+00,2026-09-03 05:17:22.249951+00
CASE0000221,47f4e93b-916c-4fd9-b281-9c6bdf64ae32,4417763a-199d-4c21-9293-2ae50d2dd6e7,a2e2555c-f597-43af-a77a-fe708f967218,,ASSIGNED,CRITICAL,3350,0,0,2026-08-03,100,t,2,4,,,NPA_RECOVERY,,,,,,t,,,,d7e62184-0045-4cc2-b9b9-0d297241b541,2026-08-27 11:28:02.094895+00,2026-09-21 05:55:24.604324+00
DAILY20260906C111,47b2c8e1-5821-44a1-b45c-d3442a5efe16,5df49dd4-b378-4ff5-b5f0-d7e523fea864,,,UNASSIGNED,MEDIUM,2900,0,0,2026-09-06,45,f,0,5,,,FIELD,,,,,,f,,,,d8361bb9-4d35-4f3d-aac5-c860978bc26b,2026-09-06 13:30:49.459629+00,2026-09-06 13:30:49.459632+00
CASE0000509,bad3f7d3-7bf5-4374-a30c-4af959f6eb0a,89033730-a589-45d7-a8c2-2afbbf7f99b5,c37b6a5c-9d1c-46d4-8ece-dfce290dc74b,,PAID,CRITICAL,17770,17770,0,2026-08-26,100,t,4,4,2026-09-01 05:52:00.181768+00,,NPA_RECOVERY,2026-04-12,,,,,t,,,,d85f5244-952a-43b7-bb6c-089dac6410ef,2026-08-27 11:28:05.853558+00,2026-09-02 15:27:19.226467+00
DAILY20260921C75,d7bc1155-3242-4566-925c-ce6f8092c113,5a112fd3-956e-4549-831b-ecb8e7ed14fd,,,UNASSIGNED,HIGH,10050,0,0,2026-09-21,75,f,0,5,,,FIELD,,,,,,f,,,,d8d29978-75d6-46ee-9bbe-b7189176236d,2026-09-21 04:52:59.812275+00,2026-09-21 04:52:59.81228+00
DAILY20260921C24,d724f2ae-a4cc-4939-9483-2f0965d27205,95c887f9-565c-4812-98fe-eccbc12b8527,,,UNASSIGNED,CRITICAL,36590,0,0,2026-09-21,95,f,0,5,,,NPA_RECOVERY,,,,,,f,,,,d8d5c250-8d88-45e0-ba99-a5cd96117300,2026-09-21 04:52:59.532366+00,2026-09-21 04:52:59.532371+00
CASE0000019,0b69a0a3-3f45-481a-8840-b0720961f695,d9d0f84b-c00d-4171-8a22-f34a0c69a644,2b6de8aa-0976-4be0-8a40-043ff86ffa54,,IN_PROGRESS,HIGH,48480,0,0,2026-08-14,100,t,1,5,,,PRE_LEGAL,,,,Co-applicant details on file. May respond if approached together.,,f,,,,d8efd69e-760a-40ab-b5a6-4e1983d9a571,2026-08-27 11:28:00.953054+00,2026-09-21 09:28:23.73732+00
DAILY20260903C169,fead6848-1b1e-4259-97c6-4cd10179b026,7ada922c-293a-49e1-92db-4c7638e54023,,,UNASSIGNED,HIGH,8900,0,0,2026-09-03,75,f,0,5,,,FIELD,,,,,,f,,,,d8f56efd-559c-41a0-83c4-64c1b2aafb1a,2026-09-02 15:33:16.216261+00,2026-09-02 15:33:16.216261+00
CASE0000036,72f1bae1-8cdb-46c4-85bc-1ad9bcca79dc,f600e2f7-9ca7-44a8-be24-2ae3c19e2138,c37b6a5c-9d1c-46d4-8ece-dfce290dc74b,,PAID,LOW,15820,15820,0,2026-08-27,33.7,t,1,4,2026-08-27 13:53:00+00,,FIELD,2026-08-04,,,,,f,,,,d94f5c6b-4f3e-49fc-ac84-65a66974c4f7,2026-08-27 11:28:01.000177+00,2026-09-02 15:27:19.228477+00
DAILY20260907C43,9563f3ac-2622-4765-9ed7-e0dfe40868a1,17db49fe-7822-4cd8-b636-6e82fbcda07d,4a182f53-a1a1-4f15-945a-6a56f4e04b64,,PARTIALLY_PAID,MEDIUM,20870,7715.66,0,2026-09-18,45,f,1,5,,,FIELD,,,,,,f,,,,d95f87a9-4655-47d3-892c-708fcaf1ad23,2026-09-07 04:59:06.042238+00,2026-09-21 05:55:24.604327+00
CASE0000453,4ad4940f-85d4-4a79-9f13-81b88dd0d9f3,50f48933-ce98-46d7-87ed-3562f5d5335e,a2e2555c-f597-43af-a77a-fe708f967218,,PTP_SET,MEDIUM,42610,29031.41,0,2026-09-18,100,f,5,4,,,FIELD,2026-05-10,,,Co-applicant details on file. May respond if approached together.,,f,,,,d96c5d4e-68b7-4e0d-93a9-508bab058069,2026-08-27 11:28:04.762551+00,2026-09-21 09:28:23.73732+00
DAILY20260903C147,905f14b5-6e62-49e9-b6e7-a2dc67300364,ef8dc838-19ca-4b2c-9179-1ff452d7bb45,3e9c4168-1de9-43e8-b9f2-fbf3f931949d,,IN_PROGRESS,MEDIUM,16490,0,0,2026-09-18,45,f,1,5,,,FIELD,,,,,,f,,,,d96d4b51-1da8-408b-b378-e6cd38029991,2026-09-02 15:33:16.154189+00,2026-09-18 06:37:23.471286+00
DAILY20260921C122,05cb73f1-673d-4220-9cff-aaba6f817ead,1209b3ef-46d0-4ae8-8dd2-03ea5155a8e9,,,UNASSIGNED,HIGH,11880,0,0,2026-09-21,75,f,0,5,,,FIELD,,,,,,f,,,,d981820a-918e-4d98-abf9-807e92379154,2026-09-21 04:53:00.201129+00,2026-09-21 04:53:00.201134+00
DAILY20260906C43,c329eeb2-1313-421e-8374-b5e0725278be,412b0578-4161-42ab-a694-9706d0bea0b8,,,UNASSIGNED,CRITICAL,17110,0,0,2026-09-06,95,f,0,5,,,NPA_RECOVERY,,,,,,f,,,,d9cb1306-f62b-4536-81d5-47eca55104d8,2026-09-06 13:30:49.033294+00,2026-09-06 13:30:49.033297+00
DAILY20260907C171,6ce52fb2-43e5-413e-93b4-50bcb58ea7bd,f158d427-3781-4904-b5e4-9175e32ba7e7,,,UNASSIGNED,CRITICAL,2420,0,0,2026-09-07,95,f,0,5,,,NPA_RECOVERY,,,,,,f,,,,d9de33e2-2e19-4262-b61b-8325b8af1441,2026-09-07 04:59:06.801189+00,2026-09-07 04:59:06.801192+00
CASE0000030,671c141e-2e73-404d-a72b-220fecd28281,69326459-fdd4-4f93-a098-676f97e48780,5fbae4d6-59d1-4e6c-8a80-fe57244a45bb,,PAID,CRITICAL,23220,23220,0,2026-09-02,100,t,3,5,2026-09-02 12:26:00+00,,LEGAL,,,,,,f,,,,da07f1f9-34df-4388-b0a1-67fe02530aa8,2026-08-27 11:28:00.982945+00,2026-09-03 05:17:22.249951+00
CASE0000001,24ec8685-728f-4fd9-ad1f-3d85956050d2,63942e6b-20b5-4abf-b473-5e53719756d8,e9dced65-f61b-4c24-bae7-d4170299ed46,,PAID,HIGH,19710,19710,0,2026-09-01,76.3,f,2,3,2026-09-01 12:59:00+00,,NPA_RECOVERY,,,,,,t,,,,da1f64f8-b9b7-4a03-b3cb-631070c68931,2026-08-27 11:28:00.832119+00,2026-09-03 05:17:22.249951+00
DAILY20260918C108,0b24b693-ad05-41e1-b183-a00b4588cad8,c6793f27-892a-42c3-a0ba-d7e336b2a847,2dfc73e0-dba9-4aa5-babf-d5141ded5497,,IN_PROGRESS,HIGH,17900,0,0,2026-09-21,75,f,1,5,,,FIELD,,,,,,f,,,,da367d05-7e6f-4ca0-a723-73befef53338,2026-09-18 06:49:34.641228+00,2026-09-21 06:09:27.104024+00
DAILY20260903C109,74885f1e-fce8-4514-a181-3f20e5fe5687,620ffe8c-8140-4b81-8032-d6784c99c948,,,UNASSIGNED,HIGH,28140,11842.14,0,2026-09-21,75,f,2,5,,,FIELD,,,,,,f,,,,da73b133-4ffb-473d-a1cf-faca95f0a318,2026-09-02 15:33:15.999063+00,2026-09-21 07:24:02.321471+00
BANK000007,dbf152d8-cd3e-4cf2-8d6e-ffccf54b4202,c153f7b8-648e-4e75-a3cd-39cde16be903,c33350cc-f581-492e-807f-14262d56ebcb,,ASSIGNED,HIGH,10600,0,0,2026-09-02,73.3,t,1,4,,,FIELD,,,,,,f,,,,da9743fb-702a-448b-8375-be2599014784,2026-08-27 11:28:09.817507+00,2026-09-21 09:28:23.737321+00
DAILY20260906C136,0ae5ea8a-838f-4ba8-88dc-dff30ef5220a,faa3a34e-e1cf-45d2-8166-370f687f428a,,,UNASSIGNED,HIGH,9290,0,0,2026-09-06,75,f,0,5,,,FIELD,,,,,,f,,,,daa3c7f3-7a67-41c0-a668-8f6a2dac8263,2026-09-06 13:30:49.629417+00,2026-09-06 13:30:49.629421+00
DAILY20260903C03,7644f9fc-b53d-4411-befc-4ba2e62dea63,233e0bbc-f438-44b7-831a-469ceeb01053,,,UNASSIGNED,MEDIUM,8240,0,0,2026-09-03,45,f,0,5,,,FIELD,,,,,,f,,,,dab697ef-67a7-4e3e-b2ef-ed1719bb9429,2026-09-02 15:33:15.588007+00,2026-09-02 15:33:15.588007+00
DAILY20260906C152,9cbf673a-f94a-4e10-87ff-954fc66caf42,09ba8a76-57f5-45e2-a8de-6e6dace67768,c37b6a5c-9d1c-46d4-8ece-dfce290dc74b,,ASSIGNED,CRITICAL,20980,0,0,2026-09-21,95,f,0,5,,,NPA_RECOVERY,,,,,,f,,,,dabbfdfb-1db1-44d5-aee7-82b28dde94b8,2026-09-06 13:30:49.732744+00,2026-09-21 04:53:43.30379+00
CASE0000212,c1555a56-8d49-4eae-9054-e892d3ec72b5,c42463ca-bb0b-4815-88c5-1891917ff09c,c33350cc-f581-492e-807f-14262d56ebcb,,PAID,MEDIUM,19370,19370,0,2026-09-01,35.77,t,3,5,2026-09-01 16:46:00+00,,PRE_LEGAL,,,,,,t,,,,dae56ea0-7ca4-4938-b5a8-5ccd8865f478,2026-08-27 11:28:02.03158+00,2026-09-03 05:17:22.249951+00
DAILY20260921C33,3ec7039d-157d-4c9a-b401-c3bb0354f8f0,5d4a9e2f-1e7a-4399-89d1-23b9144af945,,,UNASSIGNED,CRITICAL,2380,0,0,2026-09-21,95,f,0,5,,,NPA_RECOVERY,,,,,,f,,,,db1274f9-3f6b-48c0-adbc-56d8173b8f83,2026-09-21 04:52:59.582617+00,2026-09-21 04:52:59.58262+00
DAILY20260918C46,5a6a48e4-6390-486f-afb8-14f08d6789b4,0cb29a42-d11c-46c5-8279-023d24fc0f11,,,UNASSIGNED,HIGH,2060,0,0,2026-09-18,75,f,0,5,,,FIELD,,,,,,f,,,,db4d5f54-cd05-41fb-8da0-1691d88c9f40,2026-09-18 06:49:34.259559+00,2026-09-18 06:49:34.259562+00
DAILY20260921C154,3fc5a795-938e-4665-b2e5-73175c537e9b,f54b32af-16c1-44dc-8bb9-870af7632996,a2e2555c-f597-43af-a77a-fe708f967218,,ASSIGNED,CRITICAL,16730,0,0,2026-09-21,95,f,0,5,,,NPA_RECOVERY,,,,,,f,,,,db577c48-27f6-4ba4-91ad-4a0b2ece82fd,2026-09-21 04:53:00.517955+00,2026-09-21 05:55:24.605273+00
DAILY20260921C94,5649eed5-440c-4a5e-8868-20c75bf215c4,99246629-69d9-4d25-b8aa-92df1f7efe03,,,UNASSIGNED,CRITICAL,5350,0,0,2026-09-21,95,f,0,5,,,NPA_RECOVERY,,,,,,f,,,,db5dbb33-f8cb-44e0-a1d3-bfdd2c55c3da,2026-09-21 04:52:59.939506+00,2026-09-21 04:52:59.93951+00
DAILY20260918C43,348dfb53-967f-43fd-8a7c-5321ff20f7a8,789a422c-5b2f-490d-9e03-3ec0a3e7b88d,,,UNASSIGNED,HIGH,29840,0,0,2026-09-18,75,f,0,5,,,FIELD,,,,,,f,,,,db60c271-ae51-49ed-a31a-12e82928a7a4,2026-09-18 06:49:34.242671+00,2026-09-18 06:49:34.242674+00
DAILY20260921C195,bd787d58-7640-496b-bf01-ffd3ab392540,9cdfe20c-0d90-40c0-a790-5a0d0754dc19,,,UNASSIGNED,CRITICAL,3840,0,0,2026-09-21,95,f,0,5,,,NPA_RECOVERY,,,,,,f,,,,db64e250-414d-41c4-8893-8daafa71a7bc,2026-09-21 04:53:00.78265+00,2026-09-21 04:53:00.782655+00
CASE0000655,a28aa48d-a8a8-4e65-b147-a14037eef4bd,138ee666-eebe-4b90-ab79-e2a1deceea36,c2f2e0ce-5aeb-4ece-8325-2167edfe139e,,PAID,MEDIUM,33170,33170,0,2026-09-18,58.18,t,3,3,2026-09-18 04:26:00+00,Paid in full at doorstep,NPA_RECOVERY,,,,,,f,,,,dbab7860-646a-4de4-bbaf-f4240f81b396,2026-08-27 11:28:07.92347+00,2026-09-18 06:37:21.533748+00
DAILY20260921C165,202e8e82-a8c3-4f42-bb21-dc29798f305c,5e2433ec-66df-472e-adae-000978a78b9a,2dfc73e0-dba9-4aa5-babf-d5141ded5497,,PAID,CRITICAL,47080,47080,0,2026-09-21,95,f,1,5,2026-09-21 06:00:00+00,Paid in full at doorstep,NPA_RECOVERY,,,,,,f,,,,dbe64da2-e230-4c4a-a933-a8695d2066e3,2026-09-21 04:53:00.590374+00,2026-09-21 06:09:25.87773+00
CASE0000290,0a99b2b1-64d9-4196-be30-c6ebb342aa5b,56c00e94-00bb-4fcd-8423-c0708cf5cb9b,c33350cc-f581-492e-807f-14262d56ebcb,,PARTIALLY_PAID,HIGH,10220,8310.57,0,2026-09-01,34.31,f,3,5,,,PRE_LEGAL,,,,,,t,,,,dbe687b1-68d0-41e1-a05c-6b8198bf2a6d,2026-08-27 11:28:03.050636+00,2026-09-21 09:28:23.737321+00
DAILY20260907C121,0041b0b4-f91f-47bd-814a-47eec75c5027,5a038ae9-8739-416d-ac7f-648c19ea7f3a,,,UNASSIGNED,CRITICAL,9470,0,0,2026-09-07,95,f,0,5,,,NPA_RECOVERY,,,,,,f,,,,dc0032c9-5877-4f29-98e7-c8cc9d604ad5,2026-09-07 04:59:06.522904+00,2026-09-07 04:59:06.522907+00
CASE0000261,039f2e69-e6e6-4f6a-b283-2a959682d8a4,2e1b9318-34bb-45a4-bec5-f0f2bcf984ab,c2f2e0ce-5aeb-4ece-8325-2167edfe139e,,PAID,CRITICAL,27320,27320,0,2026-09-02,100,t,4,4,2026-09-02 13:32:00+00,,NPA_RECOVERY,,,,,,t,,,,dc05b7d2-2d28-4755-93e9-6f66050c5217,2026-08-27 11:28:02.696501+00,2026-09-03 05:17:22.249951+00
DAILY20260921C168,640b65e9-b90f-48ef-b107-b29d21a49065,9ceea946-2591-40f3-a953-5dcec2e151ff,,,UNASSIGNED,HIGH,6500,0,0,2026-09-21,75,f,0,5,,,FIELD,,,,,,f,,,,dc18646d-f601-41aa-91f2-1fc70fe4e6f1,2026-09-21 04:53:00.609154+00,2026-09-21 04:53:00.609158+00
DAILY20260907C129,23e6f23c-1d5d-4cb1-9321-bf10a1b0d31c,affa9ab1-90da-48ba-9231-38f5f9f05e0f,,,UNASSIGNED,MEDIUM,1370,0,0,2026-09-07,45,f,0,5,,,FIELD,,,,,,f,,,,dc33f5e7-9993-45f8-9813-209e546d180a,2026-09-07 04:59:06.563241+00,2026-09-07 04:59:06.563243+00
DAILY20260907C32,3a79bdd0-6c53-44b9-aabc-cb5045401738,d189454a-f949-4008-a30e-29b731669924,,,UNASSIGNED,CRITICAL,15560,0,0,2026-09-07,95,f,0,5,,,NPA_RECOVERY,,,,,,f,,,,dc8f56fc-4937-4194-b683-63050a08a7f6,2026-09-07 04:59:05.903454+00,2026-09-07 04:59:05.903457+00
DAILY20260907C185,3736300f-daba-4378-a7a0-64302faa603b,a536d1ce-e088-48e0-888f-5ed3598ea2db,3aa13103-bd03-4578-9292-44d88d58da00,,PARTIALLY_PAID,CRITICAL,38100,21112.64,0,2026-09-21,95,f,3,5,,,NPA_RECOVERY,,,,,,f,,,,dc95f817-c541-486d-9b01-4c88eb5b5e79,2026-09-07 04:59:06.885956+00,2026-09-21 06:09:26.070687+00
DAILY20260906C159,5ea301fa-093b-4a4c-a6db-cc5ae10ad92e,a95e27d3-e86b-4c46-a7df-02bb10b711a1,,,UNASSIGNED,CRITICAL,21380,0,0,2026-09-21,95,f,1,5,,,NPA_RECOVERY,,,,,,f,,,,dc9d9315-8335-441d-93d9-9eb59d5489ab,2026-09-06 13:30:49.777232+00,2026-09-21 07:24:02.321472+00
CASE0000191,5372c7eb-4b00-4575-a421-f4d3d71a072e,5ff1ed22-aa07-4cea-85b1-244dd444a36e,5fbae4d6-59d1-4e6c-8a80-fe57244a45bb,,PAID,CRITICAL,21790,21790,0,2026-08-26,100,f,2,5,2026-09-01 05:52:00.181768+00,,NPA_RECOVERY,,,,,,t,,,,dcaf8d18-ffa3-4551-95e6-327c21dac884,2026-08-27 11:28:01.901535+00,2026-09-02 15:27:19.230487+00
DAILY20260921C18,b824e09b-3728-4546-ab72-8fa245c6b8b1,543b950f-e53b-4f9c-b62f-2f7a92142ce2,,,UNASSIGNED,HIGH,18580,0,0,2026-09-21,75,f,0,5,,,FIELD,,,,,,f,,,,dcb89c7d-fa16-45b0-ac17-63a6c47e7bc4,2026-09-21 04:52:59.487757+00,2026-09-21 04:52:59.487762+00
DAILY20260921C03,edba837f-fb7f-43cd-a330-97254a222287,a552c392-ed48-412f-95b5-1e8930a0d904,8e59153e-dc8e-4efa-af65-1db304a6f3f1,,PAID,MEDIUM,53470,53470,0,2026-09-21,45,f,1,5,2026-09-21 08:08:00+00,Paid in full at doorstep,FIELD,,,,,,f,,,,dce5b03e-5da6-4871-82ca-6c798c4e7bb8,2026-09-21 04:52:59.378144+00,2026-09-21 06:09:25.783135+00
DAILY20260918C161,1b052ac8-6fb7-442a-bdc2-5c8e07557bfd,7d704bb0-bfca-4741-ad82-a23a070d5d06,cd9e6eca-028e-4c61-8e82-048327bc4476,,ASSIGNED,CRITICAL,27180,0,0,2026-09-21,95,f,0,5,,,NPA_RECOVERY,,,,,,f,,,,dcf545e0-b2aa-4df1-8b41-49b29802b8ed,2026-09-18 06:49:34.934611+00,2026-09-21 04:53:43.309515+00
CASE0000248,0cdc1fb5-87e9-47d4-8bfa-f59fcef10dd7,1be2ce40-09d8-4f5f-bb3a-af2fce21ae9d,1d5e58e8-954e-4d6c-b13c-6e6d614cb588,,PAID,CRITICAL,25520,25520,0,2026-08-26,100,t,3,5,2026-09-01 05:52:00.181768+00,,NPA_RECOVERY,,,,Borrower is cooperative per branch records but cash-strapped. Willing to negotiate.,,f,,,,dd021a3a-20dc-4947-8e81-4b2002f120f2,2026-08-27 11:28:02.566675+00,2026-09-02 15:27:19.230487+00
CASE0000588,c1a58f68-e172-44d6-8446-cc47a706131c,bf8c4ea4-2ba5-442c-891c-0bc87411243f,a2e2555c-f597-43af-a77a-fe708f967218,,PAID,CRITICAL,56190,56190,0,2026-04-18,100,t,1,5,2026-05-09 00:00:00+00,,NPA_RECOVERY,2026-03-25,,,Customer called 6 times by bank IVR — no response. Contact number may have changed.,,f,,,,dd0aa156-1c6f-43eb-9f3d-82b10db23aa4,2026-08-27 11:28:06.496301+00,2026-09-03 05:17:22.257852+00
CASE0000358,bbf0db48-6ed9-49a7-bbb4-66fb14b93511,fde9d02d-f3e4-4fbc-a5b7-d5d1f2642a77,c6ca60b7-2143-412b-887e-c30ae9cda031,,PAID,HIGH,17370,17370,0,2026-08-25,63.75,t,3,5,2026-09-01 05:52:00.181768+00,,PRE_LEGAL,,,,,,t,,,,dd0d71b0-726d-49f4-9b98-d9038f1d34a8,2026-08-27 11:28:03.510062+00,2026-09-03 05:17:22.25888+00
DAILY20260903C154,0a783773-61c1-4c55-98ff-64f646e5902d,c594503d-9624-496e-bd8b-c29dba86f588,,,UNASSIGNED,CRITICAL,4050,0,0,2026-09-03,95,f,0,5,,,NPA_RECOVERY,,,,,,f,,,,dd13acda-3744-4b89-9d1a-30cebfb00564,2026-09-02 15:33:16.178447+00,2026-09-02 15:33:16.178447+00
CASE0000060,671c141e-2e73-404d-a72b-220fecd28281,69326459-fdd4-4f93-a098-676f97e48780,5fbae4d6-59d1-4e6c-8a80-fe57244a45bb,,PAID,CRITICAL,23220,23220,0,2026-09-01,100,t,2,5,2026-09-01 13:36:00+00,,LEGAL,,,,,,f,,,,dd1d5e99-3030-4e8d-9bbe-4577909d869c,2026-08-27 11:28:01.071386+00,2026-09-03 05:17:22.25888+00
CASE0000646,7e0cdc29-c5ea-41cf-b6cb-0162e6a80f8d,a3d8a566-68fa-4aa5-8c69-dc8895df03fd,c2f2e0ce-5aeb-4ece-8325-2167edfe139e,,PARTIALLY_PAID,HIGH,28880,26136.02,0,2026-09-21,100,f,6,5,,,PRE_LEGAL,,,,Co-applicant details on file. May respond if approached together.,,f,,,,dd59d29b-4bd9-476f-9fae-75e5a5d1b921,2026-08-27 11:28:07.851463+00,2026-09-21 09:28:23.737323+00
CASE0000572,489a3403-a471-407c-9f57-f36a8e43f3e7,e1055b3b-8746-4a61-9287-5cb4803af6bb,a13886ca-739b-47b4-a473-724e03f7332a,,PARTIALLY_PAID,HIGH,16190,14980.77,0,2026-08-27,36.62,t,3,4,,,PRE_LEGAL,,,,Customer had good repayment history until Q3 2022. Defaulted post job loss.,,t,,,,dd81e163-b4c4-49eb-a895-e825f0116bef,2026-08-27 11:28:06.374162+00,2026-09-21 09:28:23.737324+00
DAILY20260921C166,5f40c296-5964-43de-a646-782cb064f27b,05886d75-bf6f-422f-991d-96cc1c465f58,,,UNASSIGNED,CRITICAL,4370,0,0,2026-09-21,95,f,0,5,,,NPA_RECOVERY,,,,,,f,,,,ddc636ee-84f9-48c5-8e15-1f0b89e6647d,2026-09-21 04:53:00.597404+00,2026-09-21 04:53:00.597409+00
DAILY20260907C161,a7ecc063-b8a0-4563-94c4-2706bded256e,a2b5142b-c862-4279-a91b-71d0e3004661,,,UNASSIGNED,MEDIUM,1710,0,0,2026-09-07,45,f,0,5,,,FIELD,,,,,,f,,,,ddd06549-eb17-4c49-9ef7-30fb18f3f2b0,2026-09-07 04:59:06.745086+00,2026-09-07 04:59:06.745088+00
CASE0000321,6ebc511e-6b0c-4ef6-a7f6-dcfb54a056f8,f97e2fbc-e5a0-4a60-9163-ec620f562605,8e59153e-dc8e-4efa-af65-1db304a6f3f1,,PAID,HIGH,12000,12000,0,2026-08-26,84.7,t,2,3,2026-09-01 05:52:00.181768+00,,LEGAL,,,,,,f,,,,dde20218-facc-44f5-8973-16002c276647,2026-08-27 11:28:03.271333+00,2026-09-02 15:27:19.230487+00
DAILY20260906C03,d4e54505-b3e7-47c3-8905-7bb3806226a6,33d3eff1-b796-4c66-810e-f072eb79433b,a2e2555c-f597-43af-a77a-fe708f967218,,ASSIGNED,HIGH,15460,0,0,2026-09-21,75,f,0,5,,,FIELD,,,,,,f,,,,de2ef125-9159-4a72-9596-a150e9ab26f5,2026-09-06 13:30:48.674143+00,2026-09-21 05:55:24.606509+00
DAILY20260921C145,bb271403-c007-4ad7-bc2c-b7df60f7775d,699cddac-bc50-412d-b294-ed86840808e0,,,UNASSIGNED,HIGH,15670,0,0,2026-09-21,75,f,0,5,,,FIELD,,,,,,f,,,,de8ae48b-6fec-4799-b6fd-cee2bd7a4ad6,2026-09-21 04:53:00.465428+00,2026-09-21 04:53:00.465433+00
CASE0000108,0b2c8dd8-f345-4d01-94f7-6c59689252ce,8457ea0a-02f5-41d0-8387-b2019389d5bb,2dfc73e0-dba9-4aa5-babf-d5141ded5497,,PAID,MEDIUM,8590,8590,0,2026-09-01,36.04,t,2,5,2026-09-01 15:41:00+00,,PRE_LEGAL,,,,Co-applicant details on file. May respond if approached together.,,f,,,,deaada1c-e6ed-49f7-9d1d-815e171c64e4,2026-08-27 11:28:01.249005+00,2026-09-03 05:17:22.260465+00
DAILY20260921C15,6dac0f40-c215-4a60-be80-7b19d9c4a8e3,1b124b1d-9605-4461-8aa1-e8f2ea6b57d3,,,UNASSIGNED,CRITICAL,22000,0,0,2026-09-21,95,f,0,5,,,NPA_RECOVERY,,,,,,f,,,,ded2725f-2c6c-4826-8fe5-87232f65b556,2026-09-21 04:52:59.470081+00,2026-09-21 04:52:59.470084+00
DAILY20260918C106,66ca7c76-4ffd-476c-b82d-f21453861d58,2c2d1efb-176e-44fd-a372-dfc8cb6aa294,,,UNASSIGNED,CRITICAL,2640,0,0,2026-09-18,95,f,0,5,,,NPA_RECOVERY,,,,,,f,,,,ded3ed6c-82ee-482a-8d48-89292dfa46b1,2026-09-18 06:49:34.627944+00,2026-09-18 06:49:34.62795+00
CASE0000092,6826e06a-4b50-4c8e-b3d4-9584ddbeb0e5,b102ca21-de05-4922-8e70-f148bf0f124e,e9dced65-f61b-4c24-bae7-d4170299ed46,,PTP_SET,HIGH,28570,0,0,2026-09-18,33.69,t,3,3,,,PRE_LEGAL,,,,Previous agency attempt closed with no resolution. Fresh allocation.,,f,,,,dfc3b5eb-1a4a-438d-a0d2-523489d798a4,2026-08-27 11:28:01.19048+00,2026-09-21 09:28:23.737325+00
CASE0000520,19a6a5c4-dcb8-42c9-976d-e7e5544aee65,034b28ba-0847-41c6-aefd-ed10d18ff9b8,c33350cc-f581-492e-807f-14262d56ebcb,,PARTIALLY_PAID,MEDIUM,17690,17284.02,0,2026-09-03,73.45,t,3,3,,,FIELD,2026-03-13,,,,,t,,,,dff94c5f-74a8-4801-8781-aad04ce3f675,2026-08-27 11:28:05.947913+00,2026-09-21 09:28:23.737325+00
DAILY20260921C118,d0cc0cab-d706-4abe-8020-1b4f17c15879,8fb7ca1e-5bc0-4eea-8bb8-94e4aed09b8e,2dfc73e0-dba9-4aa5-babf-d5141ded5497,,ASSIGNED,CRITICAL,24670,0,0,2026-09-21,95,f,0,5,,,NPA_RECOVERY,,,,,,f,,,,e06e689f-bb43-416e-afbc-eba328d2f836,2026-09-21 04:53:00.175578+00,2026-09-21 05:17:11.621591+00
CASE0000536,ca151c89-12c3-41a3-afc4-d14cd4ac3857,c08282b9-a21f-41d8-8952-42854c2e0e99,3e9c4168-1de9-43e8-b9f2-fbf3f931949d,,PTP_SET,CRITICAL,19000,0,0,2026-08-27,100,t,4,4,,,NPA_RECOVERY,,,,,,f,,,,e06fe636-8d76-4561-9e23-4af0e13d79ca,2026-08-27 11:28:06.068697+00,2026-09-03 05:17:22.260465+00
CASE0000137,0206ed96-6702-4d9b-8861-5ca0019ddc4f,2f512eb0-bce2-4170-a2b5-36cd562cc688,a2e2555c-f597-43af-a77a-fe708f967218,,PAID,HIGH,9240,9240,0,2026-08-11,62.15,f,2,4,2026-08-08 00:00:00+00,,FIELD,,,,,,f,,,,e0ac4089-241b-4178-a797-e760590597a1,2026-08-27 11:28:01.517879+00,2026-09-03 05:17:22.260465+00
CASE0000168,760964f0-f607-4d9a-a99d-6cc3482bcf2f,c8e52205-a9d9-4ae1-a25c-0e728de8fe19,a2e2555c-f597-43af-a77a-fe708f967218,,PAID,CRITICAL,49780,49780,0,2026-08-27,100,t,3,5,2026-08-27 14:51:00+00,,PRE_LEGAL,,,,,,t,,,,e0bab7f4-428d-4db6-9bd0-b5ac9bde72f5,2026-08-27 11:28:01.743197+00,2026-09-02 15:27:19.237862+00
DAILY20260906C34,b622f291-9a89-459f-89d8-261a6cece962,be94be44-f403-4a57-9f2b-7c9a2fa3efce,4a182f53-a1a1-4f15-945a-6a56f4e04b64,,PARTIALLY_PAID,CRITICAL,15940,2992.98,0,2026-09-21,95,f,1,5,,,NPA_RECOVERY,,,,,,f,,,,e0d8b9d7-68fd-41a9-886b-88918fef181f,2026-09-06 13:30:48.884997+00,2026-09-21 06:09:26.378353+00
DAILY20260907C26,1403a285-ed64-494e-bca8-5a8c68c88b4b,a8da0bfa-4832-45a7-80c2-66720ba6aecf,c2f2e0ce-5aeb-4ece-8325-2167edfe139e,,PTP_SET,CRITICAL,21290,0,0,2026-09-21,95,f,1,5,,,NPA_RECOVERY,,,,,,f,,,,e0da9132-2c00-46ce-9775-465e1d30f80e,2026-09-07 04:59:05.874506+00,2026-09-21 06:09:26.551539+00
CASE0000704,d6a1fca5-8fed-47e0-a1db-eae9c3775bc9,c0b2232d-e6eb-4b15-a88c-6fa6145be9ae,8e59153e-dc8e-4efa-af65-1db304a6f3f1,,PAID,CRITICAL,40650,40650,0,2026-04-04,95.17,t,2,5,2026-04-14 00:00:00+00,,FIELD,,,,,,f,,,,e0efa5dc-8c0c-4d42-b51d-1596aee20ed8,2026-08-27 11:28:08.342784+00,2026-09-03 05:17:22.264482+00
DAILY20260903C136,ab17019d-cb8a-4af7-8d12-48719639dbe2,cea3687d-bb8e-41e7-9fee-230fd1a317da,,,UNASSIGNED,CRITICAL,4860,0,0,2026-09-03,95,f,0,5,,,NPA_RECOVERY,,,,,,f,,,,e0f25d63-a26f-43eb-81ae-ad2585e293b9,2026-09-02 15:33:16.099983+00,2026-09-02 15:33:16.099983+00
DAILY20260907C109,16f18993-02f1-4fee-8f86-02862132e338,21b759f6-6cc8-4e11-a7f7-66955fdf785e,,,UNASSIGNED,CRITICAL,4570,0,0,2026-09-07,95,f,0,5,,,NPA_RECOVERY,,,,,,f,,,,e10a22ac-38cb-4378-8c5e-275a144067d1,2026-09-07 04:59:06.449674+00,2026-09-07 04:59:06.449677+00
DAILY20260903C21,e4c93fca-eff5-43ac-b559-2b25a0c7c214,ad8764fc-4a8e-42f9-ad25-f2bf4b1c8e2d,,,UNASSIGNED,HIGH,4050,0,0,2026-09-03,75,f,0,5,,,FIELD,,,,,,f,,,,e13162b2-26e1-4185-8d37-b20e0a2fc020,2026-09-02 15:33:15.652022+00,2026-09-02 15:33:15.652022+00
CASE0000382,01bec68e-6cbc-49d5-9bc3-5d11bc4bd4a1,6ed61914-91d7-4e38-9874-af6982d9ac28,3aa13103-bd03-4578-9292-44d88d58da00,,PTP_SET,CRITICAL,6460,0,0,2026-08-27,59,t,3,5,,,NPA_RECOVERY,,,,Bank field agent visited twice — no contact. Escalated to recovery agency.,,f,,,,e16d3600-2242-4fe2-9ced-beef90ea03a6,2026-08-27 11:28:04.168086+00,2026-09-21 09:28:23.737326+00
DEMO000013,6dd7267f-29a7-42d5-8281-5fb34cdec5fc,125f92ed-4bd8-4454-b9a5-f9a935b12451,5fbae4d6-59d1-4e6c-8a80-fe57244a45bb,,IN_PROGRESS,HIGH,26730,0,0,2026-08-17,75,f,2,5,,,FIELD,,,,,,f,,,,e189709a-118e-43d8-895d-46c74f04c0c0,2026-08-27 11:28:09.605818+00,2026-09-03 05:17:22.265482+00
CASE0000058,0212a882-e655-4907-a63c-0a2ee780157a,4922ad89-3579-4c03-98ea-481df42aced1,a2e2555c-f597-43af-a77a-fe708f967218,,PARTIALLY_PAID,MEDIUM,70000,32915.56,0,2026-09-21,100,t,5,5,,,FIELD,,,,,,f,,,,e19c5466-f318-4cd8-a5dc-7d0f24ec305a,2026-08-27 11:28:01.063655+00,2026-09-21 09:28:23.737327+00
CASE0000017,0984faa1-314e-4568-b8f0-cf91a86cf052,ad1ab0ac-a924-494c-bf7b-38833e2b2142,c37b6a5c-9d1c-46d4-8ece-dfce290dc74b,,PAID,HIGH,17310,17310,0,2026-09-02,63.23,t,3,5,2026-09-02 11:47:00+00,,LEGAL,2026-08-01,,,"Legal notice sent last month. Customer acknowledged receipt, no payment.",,t,,,,e1ced437-5690-4273-87b2-869495f5e1cf,2026-08-27 11:28:00.947038+00,2026-09-03 05:17:22.265482+00
CASE0000709,8ac67a04-0429-474b-83f0-f32bec5ecc5b,4ac5c589-f393-488b-975d-28f9e0d31ee0,c6ca60b7-2143-412b-887e-c30ae9cda031,,IN_PROGRESS,CRITICAL,11080,0,0,2026-03-17,100,t,3,4,,,NPA_RECOVERY,2026-03-01,,,Co-applicant details on file. May respond if approached together.,,f,,,,e1eb91ff-80da-4ec0-b126-653fa4c16477,2026-08-27 11:28:08.391208+00,2026-09-03 05:17:22.265482+00
CASE0000554,599721d4-2cd5-40cb-834a-f14ef792aa42,3325597c-f6c7-458a-8130-e1f06599f61b,cd9e6eca-028e-4c61-8e82-048327bc4476,,PARTIALLY_PAID,CRITICAL,58030,52821.51,0,2026-09-02,100,f,2,3,,,LEGAL,2026-04-03,,,,,f,,,,e2267c0c-144d-415f-99ae-410faf7f070c,2026-08-27 11:28:06.209915+00,2026-09-08 11:10:59.798527+00
CASE0000097,c1e96984-0b42-44e9-8e5d-848c1d7a4a79,dd850cff-1fc3-4381-beab-607ff776f1ee,3e9c4168-1de9-43e8-b9f2-fbf3f931949d,,PARTIALLY_PAID,CRITICAL,13380,12362.82,0,2026-09-01,72.58,t,2,4,,,LEGAL,,,,,,f,,,,e25d32ff-e3c9-438b-84b7-f21339d59898,2026-08-27 11:28:01.206202+00,2026-09-21 09:28:23.737327+00
CASE0000131,9f500c68-1feb-4674-843b-85b0e734ffae,e88d3f52-61fd-4af1-a566-e10d5f8e4e2d,a13886ca-739b-47b4-a473-724e03f7332a,,PARTIALLY_PAID,MEDIUM,8880,7799.31,0,2026-09-01,29.93,t,4,3,,,FIELD,2026-06-10,,,,,f,,,,e2944314-a60a-4504-9072-027127c075b4,2026-08-27 11:28:01.468334+00,2026-09-21 09:28:23.737328+00
CASE0000103,ec42d535-b44a-45b9-bbad-86901389c1c4,98ccb323-a764-416a-a592-8d531bf7368a,357e2e09-b637-468e-818b-57a5dce18e9c,,PTP_SET,HIGH,52390,30266.08,0,2026-09-17,100,f,4,5,,,PRE_LEGAL,2026-07-10,,,,,t,,,,e2ce08de-fbe0-428a-be32-9858ee09130d,2026-08-27 11:28:01.229283+00,2026-09-21 09:28:23.737328+00
DAILY20260907C163,08270c0e-2af1-4c08-a509-8ee29b690b2e,91919e0f-572c-4e18-ae20-0129ade96c1c,a13886ca-739b-47b4-a473-724e03f7332a,,ASSIGNED,CRITICAL,56780,0,0,2026-09-18,95,f,0,5,,,NPA_RECOVERY,,,,,,f,,,,e2e017f5-4904-4518-a0d1-ddc8b9165aa0,2026-09-07 04:59:06.754643+00,2026-09-18 04:47:13.71027+00
DAILY20260907C158,30d21a11-c722-4cfa-a546-596428314fc6,db093893-769a-4522-9b81-ed7545122843,,,UNASSIGNED,CRITICAL,16290,0,0,2026-09-07,95,f,0,5,,,NPA_RECOVERY,,,,,,f,,,,e333f723-90c0-4329-a626-71c29682647e,2026-09-07 04:59:06.730465+00,2026-09-07 04:59:06.730467+00
CASE0000515,b0b63f01-f844-40f7-b276-5e6b6805959a,ca2a0590-6424-45fb-8f7a-11ab549edad2,4a182f53-a1a1-4f15-945a-6a56f4e04b64,,PARTIALLY_PAID,CRITICAL,16620,11238.68,0,2026-09-02,100,t,3,3,,,LEGAL,,,,Partial payment of overdue attempted by customer at branch — reversed due to shortfall.,,f,,,,e34137fd-e6c1-4393-a80d-40b5b302234c,2026-08-27 11:28:05.912102+00,2026-09-03 05:17:22.265482+00
CASE0000623,5ba3abe3-9942-47ed-aa9a-1e8dd755a238,e9ad3752-647f-4a09-96a7-6bdadc174ac2,c33350cc-f581-492e-807f-14262d56ebcb,,PARTIALLY_PAID,MEDIUM,5540,4650.39,0,2026-08-27,27.76,t,4,3,,,FIELD,,,,,,t,,,,e3786997-9b28-4d02-8a35-e3d8dd695140,2026-08-27 11:28:07.636073+00,2026-09-21 09:28:23.737329+00
DAILY20260918C157,bb9582b0-8bf4-4741-9dc9-534c7af09d6d,5f85573d-1af9-4d6e-810b-326aff44dd14,2dfc73e0-dba9-4aa5-babf-d5141ded5497,,PARTIALLY_PAID,HIGH,17360,5417.27,0,2026-09-21,75,f,1,5,,,FIELD,,,,,,f,,,,e37a8752-2948-4534-8143-9347f373071a,2026-09-18 06:49:34.913025+00,2026-09-21 06:09:26.283816+00
DAILY20260906C124,65758571-ea90-4292-945b-cbc2824ef6df,6ecca9a9-6537-4d71-a887-4028f0e08254,,,UNASSIGNED,HIGH,4090,0,0,2026-09-06,75,f,0,5,,,FIELD,,,,,,f,,,,e38cbcea-c4e6-4348-b4fc-58c2555b0eda,2026-09-06 13:30:49.551689+00,2026-09-06 13:30:49.551692+00
DAILY20260906C128,440e002b-db90-4583-9841-c9cf81deda17,1735dc42-8144-4b19-b403-f6d2639ad0a4,3aa13103-bd03-4578-9292-44d88d58da00,,ASSIGNED,HIGH,11750,0,0,2026-09-18,75,f,0,5,,,FIELD,,,,,,f,,,,e39b1e5f-4177-4de2-8557-9fed510d376a,2026-09-06 13:30:49.577165+00,2026-09-18 04:47:36.885663+00
DAILY20260918C77,a6085e7b-37ee-40e8-84a9-39ec9cb11bb3,f46a2400-4746-48c1-a636-fd89bd0c7d64,c2f2e0ce-5aeb-4ece-8325-2167edfe139e,,ASSIGNED,HIGH,16100,0,0,2026-09-21,75,f,0,5,,,FIELD,,,,,,f,,,,e3a51f00-c62e-462f-a0e5-b8f430fd5676,2026-09-18 06:49:34.442081+00,2026-09-21 05:55:24.606513+00
CASE0000330,645cdd78-581e-4e19-b5c6-0f9bb80063bf,faea680c-90ae-4a8f-a6fe-eeb1d152ed8a,2dfc73e0-dba9-4aa5-babf-d5141ded5497,,PARTIALLY_PAID,CRITICAL,44220,35522.52,0,2026-08-25,100,t,2,3,,,NPA_RECOVERY,2026-05-17,,,,,t,,,,e3b28cb3-665f-4670-8508-b2c7b4d89c5c,2026-08-27 11:28:03.329992+00,2026-09-03 05:19:14.278343+00
DAILY20260906C69,1b6e9b19-fe9a-4690-8d7d-97c002f20091,0adf08e7-1401-41bc-974c-b29b03f8253c,,,UNASSIGNED,CRITICAL,8370,0,0,2026-09-06,95,f,0,5,,,NPA_RECOVERY,,,,,,f,,,,e3bdbe0d-ac2e-48ec-a3a7-b21ca8f7a485,2026-09-06 13:30:49.22091+00,2026-09-06 13:30:49.220913+00
DAILY20260921C130,208c3736-c1bb-42b7-8546-dddb31670212,dc17aeb8-fa72-4e4d-a28e-d328e0087d32,,,UNASSIGNED,CRITICAL,13010,0,0,2026-09-21,95,f,0,5,,,NPA_RECOVERY,,,,,,f,,,,e3d2aecb-90b5-4fa6-8c83-03caadbad9e0,2026-09-21 04:53:00.2608+00,2026-09-21 04:53:00.260804+00
BANK000004,cb942210-1b0b-4ffe-acf1-6961f1782043,a3ba4228-1e4a-4685-93fc-25577bccbdb0,5fbae4d6-59d1-4e6c-8a80-fe57244a45bb,,PAID,MEDIUM,7240,7240,0,2026-09-17,44.2,t,1,4,2026-09-17 04:27:00+00,Paid in full at doorstep,FIELD,,,,,,f,,,,e3f86e57-454d-41e4-9c11-f64a8f17ca59,2026-08-27 11:28:09.809201+00,2026-09-17 06:31:12.050949+00
DAILY20260903C35,856154eb-4248-4682-bad3-64b024e6a9f5,3c5c8f5f-28e8-479f-a9be-d262e8a604ba,e9dced65-f61b-4c24-bae7-d4170299ed46,,IN_PROGRESS,MEDIUM,12420,0,0,2026-09-21,45,f,1,5,,,FIELD,,,,,,f,,,,e40626e8-aefb-4225-8b54-ec25b799e479,2026-09-02 15:33:15.702561+00,2026-09-21 06:09:27.289702+00
DAILY20260907C153,f3b975b3-13a9-42c3-b5a3-d10eca36bb79,afeef8cc-dd92-4419-98a3-47eca2e0909a,,,UNASSIGNED,HIGH,10260,0,0,2026-09-07,75,f,0,5,,,FIELD,,,,,,f,,,,e40aa06c-bffb-4aed-8fbd-bae03a7e2dae,2026-09-07 04:59:06.703561+00,2026-09-07 04:59:06.703563+00
DAILY20260907C160,98e21c1a-69a7-4c17-99b8-020322cff4f5,cbe1ab7e-288b-4c87-a621-2074db0edd91,c33350cc-f581-492e-807f-14262d56ebcb,,PAID,MEDIUM,29670,29670,0,2026-09-18,45,f,2,5,2026-09-18 09:04:00+00,Paid in full at doorstep,FIELD,,,,,,f,,,,e43e47c4-4d1b-42c2-8cf9-49a96fd3f438,2026-09-07 04:59:06.74055+00,2026-09-18 06:37:21.641116+00
CASE0000547,86363474-05d5-429d-9afe-a166ca0f3137,5697759e-f68d-4430-8009-58474da82aa5,c6ca60b7-2143-412b-887e-c30ae9cda031,,PTP_SET,MEDIUM,59870,9951.46,0,2026-09-17,100,t,5,4,,,FIELD,,,,,,f,,,,e444c0da-8a79-4d68-9c98-0280a62ade8b,2026-08-27 11:28:06.151547+00,2026-09-21 09:28:23.73733+00
DAILY20260921C71,079a057c-fec6-4900-9327-dc57809c1fc7,890fa7fb-7e65-4406-a3a2-20a89f15ec45,4a182f53-a1a1-4f15-945a-6a56f4e04b64,,ASSIGNED,MEDIUM,11860,0,0,2026-09-21,45,f,0,5,,,FIELD,,,,,,f,,,,e460addf-2556-4641-999b-fe467d19d31b,2026-09-21 04:52:59.787635+00,2026-09-21 04:53:43.313572+00
CASE0000109,a0809318-6545-4914-bb03-9ee9edd75583,eaa86b64-4319-4ba5-a722-d4c42ab554f5,2dfc73e0-dba9-4aa5-babf-d5141ded5497,,PARTIALLY_PAID,HIGH,7580,6853.64,0,2026-09-01,92.69,f,2,3,,,PRE_LEGAL,,,,,,f,,,,e464ec2c-fb93-4517-b0d2-d52f4401678e,2026-08-27 11:28:01.252603+00,2026-09-21 09:28:23.73733+00
DAILY20260918C120,ddc2ac60-46a0-4ed9-80f9-b8e139e64dd6,a935cf08-ef5b-4eff-9464-1ed48d10416e,,,UNASSIGNED,HIGH,4040,0,0,2026-09-18,75,f,0,5,,,FIELD,,,,,,f,,,,e46f9cd9-8cd5-48f3-9a5e-c86522f4adc4,2026-09-18 06:49:34.716326+00,2026-09-18 06:49:34.716329+00
DAILY20260903C171,5768f4b2-bb51-4b03-acf6-ab9b317dc58f,573a9364-0338-4d0b-8554-b66784f475fe,,,UNASSIGNED,HIGH,6710,0,0,2026-09-03,75,f,0,5,,,FIELD,,,,,,f,,,,e47bf8fc-776d-4462-b8a3-b4e736fa14fd,2026-09-02 15:33:16.231937+00,2026-09-02 15:33:16.231937+00
DAILY20260903C135,a2ed3086-28be-4acc-915d-fc73499f47c7,74d3e831-ea06-4d6f-869c-80684ea6a8f3,,,UNASSIGNED,CRITICAL,4860,0,0,2026-09-03,95,f,0,5,,,NPA_RECOVERY,,,,,,f,,,,e47c798b-0c34-409f-a75d-cc400facff4f,2026-09-02 15:33:16.099983+00,2026-09-02 15:33:16.099983+00
DAILY20260907C159,e6b005fb-868a-48c5-ac9a-4c8c19d9a40d,de635497-2cb9-4b36-9245-6fd12955c20e,cd9e6eca-028e-4c61-8e82-048327bc4476,,PTP_SET,CRITICAL,47740,17543.6,0,2026-09-17,95,f,2,5,,,NPA_RECOVERY,,,,,,f,,,,e4b8ebd5-54a3-4e1c-ad9a-02c303bc79b6,2026-09-07 04:59:06.735167+00,2026-09-17 06:31:13.399336+00
DAILY20260921C02,109d6106-554e-4a61-a86f-b46c37df6fa3,50a9b784-b503-4467-aa52-b6328c581493,2dfc73e0-dba9-4aa5-babf-d5141ded5497,,ASSIGNED,HIGH,27450,0,0,2026-09-21,75,f,0,5,,,FIELD,,,,,,f,,,,e4ba68fd-e01f-4b88-896b-c5cc4d194445,2026-09-21 04:52:59.367548+00,2026-09-21 05:55:24.608306+00
CASE0000259,a353c880-b259-4246-9f80-e49b283012dd,3f0e5cdd-98c4-41a8-8094-40cc25bcd6a1,4a182f53-a1a1-4f15-945a-6a56f4e04b64,,PARTIALLY_PAID,HIGH,11310,3858.54,0,2026-09-02,82.45,f,3,5,,,PRE_LEGAL,,,,,,f,,,,e4d46194-2b0e-4660-8eef-00dd32a4f522,2026-08-27 11:28:02.677019+00,2026-09-03 05:17:22.265482+00
CASE0000241,a0809318-6545-4914-bb03-9ee9edd75583,eaa86b64-4319-4ba5-a722-d4c42ab554f5,2dfc73e0-dba9-4aa5-babf-d5141ded5497,,PARTIALLY_PAID,HIGH,7580,3641.2,0,2026-09-01,92.69,t,4,3,,,PRE_LEGAL,2026-06-09,,,,,t,,,,e4d6454c-e1ce-4624-a58e-b7b38efa7d16,2026-08-27 11:28:02.236153+00,2026-09-21 09:28:23.737331+00
DAILY20260906C36,1d6ef6a3-a908-4d03-bf31-c38ec818afb3,3e5dd32f-abc3-464c-b80c-f689e668ccb5,2b6de8aa-0976-4be0-8a40-043ff86ffa54,,ASSIGNED,HIGH,23960,0,0,2026-09-21,75,f,0,5,,,FIELD,,,,,,f,,,,e51beba3-19c7-4010-8a07-2890be0ec45b,2026-09-06 13:30:48.989826+00,2026-09-21 05:17:11.622317+00
CASE0000177,6ee09325-b476-4ff7-acfd-dd6aff05eca9,27a1e140-d797-47ed-8e5e-ace07bbd574c,a2e2555c-f597-43af-a77a-fe708f967218,,PARTIALLY_PAID,CRITICAL,12230,12153.65,0,2026-09-01,100,t,3,4,,,NPA_RECOVERY,,,,Customer called 6 times by bank IVR — no response. Contact number may have changed.,,f,,,,e582a376-413c-4536-9794-19dd378390a4,2026-08-27 11:28:01.804777+00,2026-09-03 05:17:22.265482+00
CASE0000071,c77e10a4-659a-45bc-b298-17404f303324,7ea2436c-e95f-4bcf-8828-f0086ea559c2,a2e2555c-f597-43af-a77a-fe708f967218,,PTP_SET,HIGH,20880,13814.16,0,2026-09-18,79.85,t,4,4,,,PRE_LEGAL,,,,Seasonal worker — income irregular. Best to visit early morning.,,f,,,,e5b94ea4-b80f-477b-b3a6-829848a2e7ec,2026-08-27 11:28:01.112552+00,2026-09-18 06:37:22.525271+00
CASE0000426,e83946da-6bc2-458c-a53c-e1d9b40d9073,479e7432-cd6d-43bf-b4f8-ee96f5eb6720,a13886ca-739b-47b4-a473-724e03f7332a,,ESCALATED,CRITICAL,9970,0,0,2026-08-26,100,t,2,4,,,LEGAL,2026-04-28,,,Bank field agent visited twice — no contact. Escalated to recovery agency.,,t,,,,e6559f1c-de6c-4772-8f8e-51bb09ee1e51,2026-08-27 11:28:04.548531+00,2026-09-02 15:27:19.249539+00
CASE0000641,ae8dfda9-08e2-4ca3-9de0-1cd8ca6fd22f,aa04166f-b582-4588-8313-2a32059b8e56,b06cd5a3-f1c0-4cdb-b241-9ce2d6c5e791,,PAID,CRITICAL,10150,10150,0,2026-04-02,89.08,t,2,4,2026-04-21 00:00:00+00,,FIELD,,,,,,f,,,,e6b0feef-4ece-4716-8339-b9130ed25df1,2026-08-27 11:28:07.803633+00,2026-09-03 05:17:22.275132+00
CASE0000081,7b15825d-da60-4c1c-83c0-b319ba915f29,df281442-6a47-4d2a-a170-6f3c85f699fe,a2e2555c-f597-43af-a77a-fe708f967218,,PTP_SET,CRITICAL,20430,0,0,2026-09-18,100,t,3,5,,,LEGAL,,,,Customer called 6 times by bank IVR — no response. Contact number may have changed.,,t,,,,e6cfbe39-d688-47ab-a2d0-0c03a9796ce3,2026-08-27 11:28:01.149558+00,2026-09-18 06:37:23.221766+00
CASE0000273,0984faa1-314e-4568-b8f0-cf91a86cf052,ad1ab0ac-a924-494c-bf7b-38833e2b2142,c2f2e0ce-5aeb-4ece-8325-2167edfe139e,,PAID,HIGH,17310,17310,0,2026-08-26,63.23,t,3,3,,,LEGAL,,,,,,f,,,,e6d120a1-64d7-43ac-97a6-2c5406b69d5a,2026-08-27 11:28:02.849606+00,2026-09-02 15:27:19.253083+00
DAILY20260903C04,7db5a829-00bd-4edf-baf8-fd606f506bb1,e0df47d1-9434-4704-b4c8-5afaf5320796,a2e2555c-f597-43af-a77a-fe708f967218,,IN_PROGRESS,HIGH,13400,0,0,2026-09-21,75,f,1,5,,,FIELD,,,,,,f,,,,e6f4f0f6-909d-479a-907b-ec7eef9e95b4,2026-09-02 15:33:15.588007+00,2026-09-21 06:09:27.162219+00
DAILY20260918C36,7aebbdd9-83ec-4d66-8381-6bd1bed4ae74,7cb42d03-7ebc-4080-a5d7-5db1fbdded77,,,UNASSIGNED,CRITICAL,17780,0,0,2026-09-18,95,f,0,5,,,NPA_RECOVERY,,,,,,f,,,,e729b024-340d-43b0-a2fb-f96620522fc6,2026-09-18 06:49:34.204525+00,2026-09-18 06:49:34.204528+00
CASE0000285,b0b63f01-f844-40f7-b276-5e6b6805959a,9a0a0bd6-46f0-4dc2-9cfa-e267d702193b,4a182f53-a1a1-4f15-945a-6a56f4e04b64,,PARTIALLY_PAID,CRITICAL,3510,2977.08,0,2026-08-26,100,f,2,4,,,LEGAL,,,,Co-applicant details on file. May respond if approached together.,,t,,,,e7448c4e-3ccf-4f7a-a983-ecb733e8a376,2026-08-27 11:28:03.018764+00,2026-09-03 05:17:22.275132+00
CASE0000605,19b65599-9a6e-4186-9398-f1f877e31ad6,121cc219-9185-4041-912d-c5bce5993290,3aa13103-bd03-4578-9292-44d88d58da00,,PAID,CRITICAL,60790,60790,0,2026-04-01,89.41,f,3,5,2026-09-01 05:52:00.181768+00,,PRE_LEGAL,2026-03-06,,,,,f,,,,e77a9c4a-5d98-40f8-8572-65675453547a,2026-08-27 11:28:07.452824+00,2026-09-03 05:17:22.275132+00
DAILY20260903C142,ad5ac66d-7dcb-44dd-9463-1145f44ba827,67342331-8baa-4790-82b4-d3e6b1e73106,,,UNASSIGNED,CRITICAL,6070,0,0,2026-09-03,95,f,0,5,,,NPA_RECOVERY,,,,,,f,,,,e788a122-cb13-45ba-8792-7bad0ebd709c,2026-09-02 15:33:16.133971+00,2026-09-02 15:33:16.133971+00
CASE0000444,ee240b2e-885a-4a72-95f7-93f7966179fd,c359d325-fef2-4533-ad65-aba3d937fa27,a2e2555c-f597-43af-a77a-fe708f967218,,PAID,CRITICAL,26440,26440,0,2026-05-16,100,t,1,5,2026-09-01 05:52:00.181768+00,,FIELD,,,,,,f,,,,e79173a3-7af4-4665-877d-445bc545da1c,2026-08-27 11:28:04.692137+00,2026-09-03 05:17:22.275132+00
DAILY20260903C56,f855c6b1-44e9-498f-8070-45f57dcfa9b4,3b34f3aa-42e7-463a-aa3b-150465af64bc,,,UNASSIGNED,CRITICAL,1860,0,0,2026-09-03,95,f,0,5,,,NPA_RECOVERY,,,,,,f,,,,e7bb26fb-82f0-405d-ad1e-a806aa322441,2026-09-02 15:33:15.784898+00,2026-09-02 15:33:15.784898+00
CASE0000698,5ba3abe3-9942-47ed-aa9a-1e8dd755a238,e9ad3752-647f-4a09-96a7-6bdadc174ac2,e9dced65-f61b-4c24-bae7-d4170299ed46,,PARTIALLY_PAID,MEDIUM,5540,4731.29,0,2026-08-27,27.76,f,4,5,,,FIELD,,,,,,t,,,,e7bb8d0f-57fd-475f-a8c2-277932b8cc07,2026-08-27 11:28:08.291405+00,2026-09-21 09:28:23.737331+00
DAILY20260921C57,7623d22d-3e67-4622-80b7-6039c6f94297,8a03f738-3015-4e1c-b353-362b81c92caa,,,UNASSIGNED,HIGH,6600,0,0,2026-09-21,75,f,0,5,,,FIELD,,,,,,f,,,,e7d6f244-5cff-4cad-907c-74eff0a91ddd,2026-09-21 04:52:59.707573+00,2026-09-21 04:52:59.707577+00
DAILY20260906C09,9f827319-7116-44c9-8f47-bc88c052a7ca,d118f9b0-33d4-48e1-9f0d-c433d9c9eb2c,,,UNASSIGNED,CRITICAL,18850,0,0,2026-09-06,95,f,0,5,,,NPA_RECOVERY,,,,,,f,,,,e7ddd1e7-2f9e-4a3b-9de6-eff448d6512d,2026-09-06 13:30:48.712055+00,2026-09-06 13:30:48.712058+00
DEMO000005,57a3f9c2-e690-42e0-8789-f769e80e5835,7dd35c87-fcb5-47aa-8f7b-99b612b48f11,c37b6a5c-9d1c-46d4-8ece-dfce290dc74b,,ESCALATED,MEDIUM,10650,0,0,2026-08-27,45,f,2,5,,,FIELD,,,,,,t,DISPUTED_AMOUNT,2026-08-27 10:30:00+00,Customer disputes loan amount — requires bank statement.,e80a94aa-0236-4aa8-a89f-20bdf14c0515,2026-08-27 11:28:09.571594+00,2026-09-10 04:55:20.863275+00
DAILY20260918C102,ea5a823f-b850-4e46-84f3-8228b86cbae1,9e140a7e-24b4-4c70-ba5e-acfe1a3068b5,,,UNASSIGNED,HIGH,2470,0,0,2026-09-18,75,f,0,5,,,FIELD,,,,,,f,,,,e8255167-b55f-4d8a-8ea6-cf510c3704d8,2026-09-18 06:49:34.600775+00,2026-09-18 06:49:34.600778+00
CASE0000514,645cdd78-581e-4e19-b5c6-0f9bb80063bf,faea680c-90ae-4a8f-a6fe-eeb1d152ed8a,c6ca60b7-2143-412b-887e-c30ae9cda031,,PAID,CRITICAL,44220,44220,0,2026-08-27,100,t,4,3,2026-08-27 09:40:00+00,,NPA_RECOVERY,,,,,,f,,,,e865f0a7-cd14-44eb-9135-31b72454e565,2026-08-27 11:28:05.902403+00,2026-09-02 15:27:19.253083+00
DAILY20260907C34,07564fe8-ef21-4d13-b31a-2d776cbba813,320b0d49-e22d-4434-be13-72a6e688749d,2b6de8aa-0976-4be0-8a40-043ff86ffa54,,PTP_SET,MEDIUM,17940,6185.11,0,2026-09-17,45,f,2,5,,,FIELD,,,,,,f,,,,e869dc09-2da4-42e4-9ae1-037aa6b2ce55,2026-09-07 04:59:05.915286+00,2026-09-18 06:37:22.714319+00
DAILY20260906C46,11ceaf8a-25db-4118-b8c1-bdeeff627852,235c8aa5-a9b4-4b98-ba41-9a796c9d506c,,,UNASSIGNED,MEDIUM,7670,0,0,2026-09-06,45,f,0,5,,,FIELD,,,,,,f,,,,e87572ea-2913-4ffb-a2b6-68a6548251ce,2026-09-06 13:30:49.054657+00,2026-09-06 13:30:49.05466+00
CASE0000402,24b5cb1d-9037-4cd9-85f4-2c9cf2ee1daa,badb50c4-1728-465e-85ea-4b1a203404a5,5fbae4d6-59d1-4e6c-8a80-fe57244a45bb,,PAID,CRITICAL,46980,46980,0,2026-09-21,100,f,5,3,2026-09-21 10:58:00+00,Paid in full at doorstep,NPA_RECOVERY,,,,,,t,,,,e8865019-332f-4eec-ab41-e66e011af248,2026-08-27 11:28:04.344635+00,2026-09-21 06:09:25.666844+00
DAILY20260918C76,a638c245-fd3d-4d64-b626-cf762096e691,50166153-4328-40dd-b4d1-4a21e303bbf1,2dfc73e0-dba9-4aa5-babf-d5141ded5497,,ASSIGNED,HIGH,20890,0,0,2026-09-21,75,f,0,5,,,FIELD,,,,,,f,,,,e886b0df-b626-439c-9ee0-0e637637f5f9,2026-09-18 06:49:34.435358+00,2026-09-21 05:17:11.623401+00
DAILY20260903C163,8da65e29-dfb6-4fef-931b-a0d3501539ac,3706463a-2684-4036-bc32-197ff225000b,c37b6a5c-9d1c-46d4-8ece-dfce290dc74b,,IN_PROGRESS,HIGH,20560,0,0,2026-09-18,75,f,1,5,,,FIELD,,,,,,f,,,,e8d18b53-6b6d-4853-8bfb-8fe924e00571,2026-09-02 15:33:16.200157+00,2026-09-21 05:55:24.609681+00
DAILY20260903C46,dce28d1b-a368-45be-a4d7-36e8f213227b,f2c52fcc-8ca6-4b68-b1b8-236184e9145f,3e9c4168-1de9-43e8-b9f2-fbf3f931949d,,PTP_SET,MEDIUM,16230,0,0,2026-09-18,45,f,1,5,,,FIELD,,,,,,f,,,,e913e34d-44bf-41b7-bdd7-5a1d89a0486c,2026-09-02 15:33:15.748893+00,2026-09-18 06:37:23.048751+00
DAILY20260906C102,ae173d3f-8faa-4213-8e23-db755efe4028,be74e6b8-7f7f-4f90-ab1c-a58f0d6514b1,,,UNASSIGNED,MEDIUM,12680,0,0,2026-09-06,45,f,0,5,,,FIELD,,,,,,f,,,,e9141df4-d403-492c-821d-69981fd7bebb,2026-09-06 13:30:49.410658+00,2026-09-06 13:30:49.410661+00
CASE0000425,2c37b2b2-ddc4-4f71-ad73-a2d174fdaaf8,021490de-675c-4a58-a8bf-88ddfd36f9ca,a13886ca-739b-47b4-a473-724e03f7332a,,PAID,MEDIUM,11330,11330,0,2026-08-24,41.09,f,4,5,,,FIELD,2026-05-11,,,,,f,,,,e9435aec-179a-4550-a85c-30fde78b8ec9,2026-08-27 11:28:04.53816+00,2026-09-02 15:27:19.253083+00
DAILY20260903C20,9c339a04-e045-4dc5-b0f1-257e3aa872cf,9373af5c-8372-4ff3-bcd2-45f10b4ddd48,,,UNASSIGNED,CRITICAL,4860,0,0,2026-09-03,95,f,0,5,,,NPA_RECOVERY,,,,,,f,,,,e945408c-4df5-4773-95e5-eb4dfece7fee,2026-09-02 15:33:15.643497+00,2026-09-02 15:33:15.643497+00
DAILY20260921C42,14f9c5c3-553b-4982-a3d7-94154686ffcf,2d44284c-48aa-401d-bb6b-dfa4d974567f,,,UNASSIGNED,CRITICAL,4810,0,0,2026-09-21,95,f,0,5,,,NPA_RECOVERY,,,,,,f,,,,e9c59bbe-a319-4d55-9cb3-94d0e8959939,2026-09-21 04:52:59.627773+00,2026-09-21 04:52:59.627776+00
DAILY20260903C05,237f0473-063c-4632-8665-b287d82f80d1,a7183810-bad2-42cc-bc71-801c4c2eae7c,c6ca60b7-2143-412b-887e-c30ae9cda031,,PTP_SET,MEDIUM,12320,0,0,2026-09-18,45,f,1,5,,,FIELD,,,,,,f,,,,e9ce6fcb-844c-4ddc-b3e6-6ed58659a5b0,2026-09-02 15:33:15.588007+00,2026-09-18 06:37:23.268835+00
DAILY20260906C98,9e0cb0bc-f12b-45ac-93ec-341f1b677971,b71bbc19-af44-4738-baec-b1d723fd9af3,,,UNASSIGNED,HIGH,4500,0,0,2026-09-06,75,f,0,5,,,FIELD,,,,,,f,,,,e9e72791-9416-43dd-a8aa-246b43efd051,2026-09-06 13:30:49.386881+00,2026-09-06 13:30:49.386884+00
CASE0000454,ac097225-fba9-4e4d-9c4e-a8d4d8fba315,1a6fcf64-6d1f-4d14-aec2-120edc5ff3c5,3aa13103-bd03-4578-9292-44d88d58da00,,ESCALATED,HIGH,14570,0,0,2026-08-27,35.91,t,2,5,,,PRE_LEGAL,,,,,,t,,,,ea650beb-aab9-4b07-b51d-3cd345d4090b,2026-08-27 11:28:04.769754+00,2026-09-21 09:28:23.737332+00
DAILY20260903C70,909d48a9-e22b-495a-b71b-cdbf00345c66,05641cdf-5227-45ba-b172-b42ade6a25ba,,,UNASSIGNED,CRITICAL,11050,0,0,2026-09-03,95,f,0,5,,,NPA_RECOVERY,,,,,,f,,,,ea7637a7-adef-462b-b6aa-b60766c052ca,2026-09-02 15:33:15.8479+00,2026-09-02 15:33:15.8479+00
CASE0000600,6ee09325-b476-4ff7-acfd-dd6aff05eca9,27a1e140-d797-47ed-8e5e-ace07bbd574c,e9dced65-f61b-4c24-bae7-d4170299ed46,,PARTIALLY_PAID,CRITICAL,12230,9932.27,0,2026-08-27,100,t,3,4,,,NPA_RECOVERY,2026-04-04,,,,,f,,,,eaceb9e9-1acf-475c-9079-5dc7a0db9206,2026-08-27 11:28:06.590659+00,2026-09-02 15:27:19.253083+00
DAILY20260902C00,04acf58f-98ed-417d-b39c-268018b6beca,f78a06fc-b684-4751-8037-cdfd38cc03dd,a13886ca-739b-47b4-a473-724e03f7332a,,PARTIALLY_PAID,HIGH,1200,635.79,0,2026-09-01,75,f,1,5,,,FIELD,,,,,,f,,,,eae3aaea-e518-4d78-a556-20ebbb16c5b7,2026-09-02 05:53:50.388514+00,2026-09-03 05:19:14.278343+00
CASE0000337,9f305358-f359-44a8-bace-30ece8093e9c,b31bff5b-3c5a-4537-9592-fbd7a852f357,c37b6a5c-9d1c-46d4-8ece-dfce290dc74b,,PAID,CRITICAL,3680,3680,0,2026-06-18,91.3,t,2,4,2026-06-30 00:00:00+00,,LEGAL,,,,Customer had good repayment history until Q3 2022. Defaulted post job loss.,,f,,,,eb4f218d-7ede-48fd-af7d-171361fd3dbc,2026-08-27 11:28:03.37029+00,2026-09-03 05:17:22.279129+00
DAILY20260918C88,a9c2970d-1f9c-4fb7-ae15-aa1686ed21e9,50e2f0cc-860b-4158-b97d-53f7649ecc61,,,UNASSIGNED,CRITICAL,15240,0,0,2026-09-18,95,f,0,5,,,NPA_RECOVERY,,,,,,f,,,,eb7bfecd-daab-4339-b369-163081eb563d,2026-09-18 06:49:34.509589+00,2026-09-18 06:49:34.509593+00
CASE0000243,ac097225-fba9-4e4d-9c4e-a8d4d8fba315,c5c0e293-29b4-429b-bd2a-c60cd386e8e3,3aa13103-bd03-4578-9292-44d88d58da00,,PARTIALLY_PAID,HIGH,22540,19400.55,0,2026-08-27,99.32,t,2,5,,,PRE_LEGAL,,,,,,t,,,,eba1fece-176b-4f3b-b240-ca08a11c34e4,2026-08-27 11:28:02.516824+00,2026-09-21 09:28:23.737333+00
DAILY20260907C96,5f7fa995-97f0-442a-9cae-a4bcab8d0888,4365d565-d740-4cf9-94ff-a4ce151ae3db,e9dced65-f61b-4c24-bae7-d4170299ed46,,PARTIALLY_PAID,HIGH,13960,5929.38,0,2026-09-21,75,f,1,5,,,FIELD,,,,,,f,,,,ebc24973-ad89-45b7-8582-cdc02a3e346e,2026-09-07 04:59:06.370728+00,2026-09-21 06:09:26.303514+00
CASE0000307,4bd7b5e4-b853-4646-9e8d-f0d0e3bffa6f,9b36c306-4c3f-4122-8d89-5ef2dc8f21e4,3e9c4168-1de9-43e8-b9f2-fbf3f931949d,,PARTIALLY_PAID,HIGH,51740,18918.42,0,2026-09-17,100,f,4,4,,,PRE_LEGAL,,,,,,t,,,,ebdd0c9c-b635-4380-9020-3cb45cdd3e5a,2026-08-27 11:28:03.172284+00,2026-09-21 09:28:23.737333+00
CASE0000042,0aaac964-9f44-42f1-a16d-23c8337b7ac4,7bf695f9-7032-4e03-861f-b73b3453ac38,e9dced65-f61b-4c24-bae7-d4170299ed46,,PARTIALLY_PAID,MEDIUM,3900,769.1,0,2026-09-18,95.71,t,3,5,,,FIELD,2026-07-18,,,"Legal notice sent last month. Customer acknowledged receipt, no payment.",,f,,,,ebe27796-28a6-43df-96d4-2259a18e7d9e,2026-08-27 11:28:01.014493+00,2026-09-21 09:28:23.737334+00
DAILY20260921C183,5ca748d8-7ffb-45dd-98ba-37e8d3c22de8,4a62b3e4-cae0-4340-9fbf-083805e19cbf,,,UNASSIGNED,HIGH,4950,0,0,2026-09-21,75,f,0,5,,,FIELD,,,,,,f,,,,ebea2611-9484-476d-9c58-765741e9d962,2026-09-21 04:53:00.711613+00,2026-09-21 04:53:00.711616+00
DAILY20260907C142,48ec48d7-6409-4c9a-b151-937f1593a1f7,c22a4533-5a6c-4097-ba84-ce04f3b20103,3e9c4168-1de9-43e8-b9f2-fbf3f931949d,,PAID,CRITICAL,47030,47030,0,2026-09-21,95,f,3,5,2026-09-21 07:14:00+00,Paid in full at doorstep,NPA_RECOVERY,,,,,,f,,,,ebeff264-775d-4321-b5be-214f9fddc10e,2026-09-07 04:59:06.622547+00,2026-09-21 06:09:25.946634+00
CASE0000161,a34cfc06-b72f-45ec-a606-4549fa1be6ad,5818f629-a124-41b5-be74-850be7db45b8,357e2e09-b637-468e-818b-57a5dce18e9c,,ESCALATED,MEDIUM,31520,26928.73,0,2026-09-18,79.8,t,5,4,,,FIELD,2026-07-01,,,,,t,CUSTOMER_HOSTILE,2026-09-18 03:33:00+00,,ec02cf30-b430-42aa-92a6-d943976866b1,2026-08-27 11:28:01.698343+00,2026-09-21 09:28:23.737334+00
CASE0000657,489a3403-a471-407c-9f57-f36a8e43f3e7,0482b900-a5aa-4fc8-96e3-879af1a4cfcf,4a182f53-a1a1-4f15-945a-6a56f4e04b64,,ESCALATED,CRITICAL,1680,0,0,2026-04-04,48.7,t,2,3,,,NPA_RECOVERY,,,,Account flagged for special mention — court case pending. Handle with care.,,t,,,,ec2d0174-395e-49ac-ad5e-65ed540f361e,2026-08-27 11:28:07.935822+00,2026-09-21 09:28:23.737335+00
CASE0000368,58c36194-ac80-4d4c-9ac4-3ded3c732c24,21dcce6e-2063-4a6f-8b60-4ec976b3ae31,cd9e6eca-028e-4c61-8e82-048327bc4476,,PAID,LOW,3340,3340,0,2026-08-27,30.84,f,4,3,2026-09-01 05:52:00.181768+00,,FIELD,,,,,,t,,,,ec2e7637-9dc3-4d0e-8dd8-3ea3e91b9d45,2026-08-27 11:28:04.009961+00,2026-09-02 15:27:19.26541+00
CASE0000121,e83946da-6bc2-458c-a53c-e1d9b40d9073,479e7432-cd6d-43bf-b4f8-ee96f5eb6720,a2e2555c-f597-43af-a77a-fe708f967218,,PAID,CRITICAL,9970,9970,0,2026-07-28,100,f,1,5,,,LEGAL,2026-07-01,,,Seasonal worker — income irregular. Best to visit early morning.,,f,,,,ec73065d-e2ca-4ff7-adba-59d8bf842ef5,2026-08-27 11:28:01.30262+00,2026-09-02 15:27:19.26541+00
DAILY20260918C26,fa3742ed-b78a-460f-ae64-2cc1a68f7e5b,b23d71fd-f0bc-4052-ac9c-233d5fa9ed52,3aa13103-bd03-4578-9292-44d88d58da00,,PAID,MEDIUM,47960,47960,0,2026-09-21,45,f,1,5,2026-09-21 05:23:00+00,Paid in full at doorstep,FIELD,,,,,,f,,,,ec80eb44-fa44-4118-828b-c9150b5328e8,2026-09-18 06:49:34.15599+00,2026-09-21 06:09:25.811248+00
CASE0000151,d2a33ff1-ab95-4313-b96e-37e0814c6f2d,d25b8769-b7f4-4946-a62d-53caed299e4e,c6ca60b7-2143-412b-887e-c30ae9cda031,,PAID,CRITICAL,41960,41960,0,2026-09-17,100,f,4,4,2026-09-17 07:19:00+00,Paid in full at doorstep,PRE_LEGAL,,,,,,t,,,,ecc596da-01f8-4713-90df-95567361aaf8,2026-08-27 11:28:01.627339+00,2026-09-17 06:31:11.981944+00
CASE0000041,0b2c8dd8-f345-4d01-94f7-6c59689252ce,8457ea0a-02f5-41d0-8387-b2019389d5bb,2dfc73e0-dba9-4aa5-babf-d5141ded5497,,PAID,MEDIUM,8590,8590,0,2026-09-01,36.04,t,2,5,2026-09-01 12:59:00+00,,PRE_LEGAL,,,,,,f,,,,ed421789-3122-419b-a2c1-a759c3f05654,2026-08-27 11:28:01.011748+00,2026-09-03 05:17:22.280206+00
CASE0000119,3fe20a9b-4db5-458d-b0cb-fb7873bc5e4b,06cf972f-4781-4830-bc31-e850b6000255,4a182f53-a1a1-4f15-945a-6a56f4e04b64,,PAID,MEDIUM,23050,23050,0,2026-09-01,35.97,t,2,5,2026-09-01 11:00:00+00,,PRE_LEGAL,,,,,,f,,,,ed669f1c-d700-4761-8824-fa4c4200f0d7,2026-08-27 11:28:01.27882+00,2026-09-03 05:17:22.280206+00
DAILY20260906C129,27bbc090-022c-4631-bd0c-9b69fbbe85bc,d9983159-d1c9-486a-a0dc-21d47bfcb0f9,,,UNASSIGNED,MEDIUM,12460,0,0,2026-09-06,45,f,0,5,,,FIELD,,,,,,f,,,,ed9276f5-8e01-40c2-9415-575dc6edf4ec,2026-09-06 13:30:49.583688+00,2026-09-06 13:30:49.583691+00
DAILY20260918C176,50f6c9aa-b3e4-41e7-82ce-d22b8d589bf5,798b6eb7-785d-4cc0-ae07-ac5a24724144,c33350cc-f581-492e-807f-14262d56ebcb,,ASSIGNED,CRITICAL,39200,0,0,2026-09-21,95,f,0,5,,,NPA_RECOVERY,,,,,,f,,,,ed992358-67a2-44c2-8a93-1e3ffe35d1f6,2026-09-18 06:49:35.015362+00,2026-09-21 04:53:43.320067+00
DAILY20260921C91,185c47c8-111a-4f0f-ac2b-3d4a8a222273,a90278eb-b4ee-4452-a03e-8aedace36313,,,UNASSIGNED,HIGH,7020,0,0,2026-09-21,75,f,0,5,,,FIELD,,,,,,f,,,,edb39606-ed47-4e2e-861d-ac23dbf32cfe,2026-09-21 04:52:59.922169+00,2026-09-21 04:52:59.922174+00
CASE0000192,812c4842-2f17-4e9b-865d-a14d74e36f1b,05db36ce-7ae0-44a3-b602-f37042b2df08,357e2e09-b637-468e-818b-57a5dce18e9c,,PAID,HIGH,3290,3290,0,2026-08-27,80.48,t,3,3,2026-08-27 15:53:00+00,,PRE_LEGAL,,,,,,f,,,,edf83871-1519-4161-8c5a-cce3a34891a2,2026-08-27 11:28:01.905555+00,2026-09-02 15:27:19.26541+00
CASE0000200,6eae988a-e6ef-45c7-b9c0-92b44ad3ddeb,613a3991-bf43-4bb4-8379-986e7cb6d770,c37b6a5c-9d1c-46d4-8ece-dfce290dc74b,,PARTIALLY_PAID,HIGH,30410,24431.14,0,2026-09-01,40.7,t,4,4,,,PRE_LEGAL,,,,,,t,,,,ee0c93b5-5ffe-4a1b-abae-8b626997dc68,2026-08-27 11:28:01.959173+00,2026-09-21 09:28:23.737336+00
DAILY20260906C163,a4217cb6-29b9-4f6c-b1fd-f89223e0cbbc,d85d0665-d1a2-4f8e-8b94-ad485a994b0e,,,UNASSIGNED,HIGH,10140,0,0,2026-09-06,75,f,0,5,,,FIELD,,,,,,f,,,,ee946e60-3a67-49b8-8937-6e61c920f2fd,2026-09-06 13:30:49.805098+00,2026-09-06 13:30:49.805102+00
CASE0000167,e2d970b8-dd2e-4a19-a0e9-c345621ec3b0,8f869310-bea3-461f-98c5-6df62b7e4b4d,3e9c4168-1de9-43e8-b9f2-fbf3f931949d,,PARTIALLY_PAID,CRITICAL,13670,11193.51,0,2026-09-01,83.51,t,3,4,,,NPA_RECOVERY,,,,,,f,,,,ee95f2ad-a914-48fb-90ed-1908e6ae946f,2026-08-27 11:28:01.738004+00,2026-09-21 09:28:23.737336+00
CASE0000106,47e30ef7-8957-428d-be7b-a7b0524f8143,7e7e35fa-08dd-47a9-9307-f2181dc97d37,3aa13103-bd03-4578-9292-44d88d58da00,,PAID,LOW,34100,34100,0,2026-08-19,25.87,f,1,4,2026-08-24 00:00:00+00,,FIELD,,,,,,f,,,,eec21eda-489f-4d58-bf9e-3aace2acc70e,2026-08-27 11:28:01.241055+00,2026-09-02 15:27:19.26541+00
CASE0000188,8ac67a04-0429-474b-83f0-f32bec5ecc5b,3081d549-dfbe-4609-a442-37b1f2648b81,2dfc73e0-dba9-4aa5-babf-d5141ded5497,,PAID,HIGH,2630,2630,0,2026-08-27,84.94,f,3,3,2026-08-27 10:21:00+00,,LEGAL,,,,Previous agency attempt closed with no resolution. Fresh allocation.,,t,,,,eeeb32a5-929c-4f1c-8e40-5cacf8200f1e,2026-08-27 11:28:01.883147+00,2026-09-02 15:27:19.26541+00
CASE0000288,9c8b413a-0404-46b6-b5f1-c52686328deb,49b4eb30-7a2e-412e-b904-53a7fb1785f6,c37b6a5c-9d1c-46d4-8ece-dfce290dc74b,,PAID,LOW,37780,37780,0,2026-09-18,29.12,f,4,5,2026-09-18 10:46:00+00,Paid in full at doorstep,FIELD,,,,,,f,,,,ef52c8f8-deca-4213-8129-7f49fcba2004,2026-08-27 11:28:03.036519+00,2026-09-18 06:37:21.470197+00
DAILY20260907C42,5d843c82-7383-4d92-be2f-0e548bb882b5,4a3e5506-d5be-4d18-926b-630916c79ad9,,,UNASSIGNED,MEDIUM,1880,0,0,2026-09-07,45,f,0,5,,,FIELD,,,,,,f,,,,ef85027d-f202-4265-b60e-cf17b5df95cb,2026-09-07 04:59:06.036154+00,2026-09-07 04:59:06.03617+00
DAILY20260907C60,da87536b-c3a1-4916-a163-4475ef41e05e,52bd9298-8d1e-44a9-9fec-636ffcf10891,,,UNASSIGNED,CRITICAL,4360,0,0,2026-09-07,95,f,0,5,,,NPA_RECOVERY,,,,,,f,,,,ef992e3f-559c-4ac5-90bd-7a576cf7837e,2026-09-07 04:59:06.152457+00,2026-09-07 04:59:06.152463+00
DAILY20260921C110,4648c544-8f9e-443a-8f7a-4e674dc0263a,14738e29-c95a-4e76-a715-403d51224b12,,,UNASSIGNED,MEDIUM,4680,0,0,2026-09-21,45,f,0,5,,,FIELD,,,,,,f,,,,efabfe6d-6934-4c7a-918a-5761fb5f37f0,2026-09-21 04:53:00.096953+00,2026-09-21 04:53:00.096957+00
DAILY20260906C91,8c7f2fe8-7693-4981-87d6-9efd1c18086b,fe67fa76-e762-4df7-b68d-2aa7151dda79,4a182f53-a1a1-4f15-945a-6a56f4e04b64,,ASSIGNED,MEDIUM,10130,0,0,2026-09-21,45,f,0,5,,,FIELD,,,,,,f,,,,efca57fc-2470-44a7-beb2-c11bb6d91ce3,2026-09-06 13:30:49.350769+00,2026-09-21 04:53:43.321977+00
DAILY20260907C174,4485d06b-9424-4cb3-8bfe-fea8db857201,4bb9853a-9399-4a95-a3ab-f1c7b24516a3,,,UNASSIGNED,HIGH,4010,0,0,2026-09-07,75,f,0,5,,,FIELD,,,,,,f,,,,efcb9ad1-e45b-4a07-bf13-172bf05204dd,2026-09-07 04:59:06.819829+00,2026-09-07 04:59:06.819832+00
CASE0000476,2116ea56-720b-426f-be95-b1c2fe197cc5,e3c514f5-d125-41bb-81cb-fba5d210e8d7,8e59153e-dc8e-4efa-af65-1db304a6f3f1,,PAID,MEDIUM,26960,26960,0,2026-08-27,48.11,t,2,4,2026-09-01 05:52:00.181768+00,,FIELD,,,,,,f,,,,efcf5b68-75d1-4595-812c-d49a3f2ee45b,2026-08-27 11:28:04.945447+00,2026-09-02 15:27:19.269798+00
DAILY20260921C89,4d61079b-983b-4156-9218-8b44dd2a71cc,52cedd27-607d-4696-aee9-a907102b8bf3,357e2e09-b637-468e-818b-57a5dce18e9c,,IN_PROGRESS,CRITICAL,10580,0,0,2026-09-21,95,f,1,5,,,NPA_RECOVERY,,,,,,f,,,,f018a328-d10a-4267-8457-710f0904702c,2026-09-21 04:52:59.905716+00,2026-09-21 06:09:27.065456+00
DAILY20260921C135,f0346e2f-2c3d-412a-b19d-c8b1c9171e33,cc29d361-4d98-435e-98d4-80c3a9bfe20c,,,UNASSIGNED,CRITICAL,4750,0,0,2026-09-21,95,f,0,5,,,NPA_RECOVERY,,,,,,f,,,,f0393369-bf14-4ad0-a5ac-eb03e72d77a3,2026-09-21 04:53:00.325754+00,2026-09-21 04:53:00.325758+00
DAILY20260907C131,bd155032-ca77-46d3-95a9-64024d984e0c,527261c5-e3ad-4597-b3fe-712263ff62f5,,,UNASSIGNED,MEDIUM,14600,0,0,2026-09-07,45,f,0,5,,,FIELD,,,,,,f,,,,f08d740e-4641-4078-b0a7-f85f0d38e585,2026-09-07 04:59:06.572255+00,2026-09-07 04:59:06.572258+00
DAILY20260921C105,481a30d9-a555-400f-8f4c-67e8ecd142bf,9c16936b-ba6d-42de-a048-4e77ff44fd57,c33350cc-f581-492e-807f-14262d56ebcb,,PARTIALLY_PAID,HIGH,10910,3303.73,0,2026-09-21,75,f,1,5,,,FIELD,,,,,,f,,,,f0b789bb-330a-4ada-8295-c6475645f982,2026-09-21 04:53:00.020649+00,2026-09-21 06:09:26.416632+00
CASE0000255,12b59d6e-de66-4588-8b8c-f9a8124f94aa,2c5c34f9-4c80-4bb8-abc4-dc9010f04b91,5fbae4d6-59d1-4e6c-8a80-fe57244a45bb,,PAID,MEDIUM,15220,15220,0,2026-09-01,35.01,f,2,3,2026-09-01 16:01:00+00,,PRE_LEGAL,,,,,,t,,,,f0dafc7e-4014-4f52-9b70-8d885e3bf155,2026-08-27 11:28:02.620328+00,2026-09-03 05:17:22.280206+00
CASE0000272,11721135-0a03-4f14-a72b-f26994b00c33,da55fe5a-babe-4496-b19b-1d6daaeecadf,b06cd5a3-f1c0-4cdb-b241-9ce2d6c5e791,,PARTIALLY_PAID,CRITICAL,35430,27951.21,0,2026-09-10,100,f,5,5,,,NPA_RECOVERY,,,,,,t,,,,f0e13135-fc84-417e-9bcb-9a06e95c69e1,2026-08-27 11:28:02.835233+00,2026-09-21 04:53:43.321981+00
DAILY20260907C128,14855adb-8ec2-497a-bd1c-44aba247c897,5e281528-8c15-4ede-8ed1-6cd4bdb4eb1c,,,UNASSIGNED,HIGH,9230,0,0,2026-09-07,75,f,0,5,,,FIELD,,,,,,f,,,,f0ec74d1-414d-4aa2-b96a-45715f6cbcd5,2026-09-07 04:59:06.55874+00,2026-09-07 04:59:06.558743+00
DAILY20260921C107,f4a8914a-c6cd-4cea-82f7-dfcdf4fa60f3,4d8bba13-6441-49cc-ae99-33ec3369f528,,,UNASSIGNED,HIGH,12250,0,0,2026-09-21,75,f,0,5,,,FIELD,,,,,,f,,,,f0f040fc-3b3e-455c-a4cc-0182cff3faa6,2026-09-21 04:53:00.050954+00,2026-09-21 04:53:00.050961+00
DAILY20260906C143,924623db-a539-4534-bcdd-79755a731a68,3d7d9b29-8695-4ffe-828d-fd1a8bba3dd2,,,UNASSIGNED,HIGH,3400,0,0,2026-09-06,75,f,0,5,,,FIELD,,,,,,f,,,,f102e787-030b-4b2c-b6af-30c22bed6d3d,2026-09-06 13:30:49.673635+00,2026-09-06 13:30:49.673638+00
CASE0000464,0cf79da7-545f-4c74-a7f6-517536fa5cf4,d62a2c34-cfcf-4f26-88ea-6af51e289cd9,8e59153e-dc8e-4efa-af65-1db304a6f3f1,,PAID,CRITICAL,15000,15000,0,2026-08-27,100,t,2,4,2026-08-27 09:28:00+00,,PRE_LEGAL,2026-05-06,,,,,f,,,,f1304f49-ec15-41f7-8ca8-9014ba280e6e,2026-08-27 11:28:04.84091+00,2026-09-02 15:27:19.269798+00
DAILY20260907C173,83ac702f-3bf5-43a1-a705-5adb444a1e44,a33f8255-9c69-44c6-af0e-a4045228f0fc,5fbae4d6-59d1-4e6c-8a80-fe57244a45bb,,IN_PROGRESS,CRITICAL,6590,0,0,2026-09-21,95,f,1,5,,,NPA_RECOVERY,,,,,,f,,,,f155db19-4f52-40b7-88be-e28c00a733ab,2026-09-07 04:59:06.813918+00,2026-09-21 06:09:26.952589+00
DAILY20260906C07,e9e3e85a-d052-4aba-9172-2f1e3b1aab66,63f0a692-6fe3-49e7-b66d-f7f935c0c9e6,a13886ca-739b-47b4-a473-724e03f7332a,,ASSIGNED,HIGH,20000,0,0,2026-09-07,75,f,0,5,,,FIELD,,,,,,f,,,,f15b35f6-938b-4ddc-a179-47cb41eff3aa,2026-09-06 13:30:48.70137+00,2026-09-06 13:30:53.794634+00
DAILY20260903C157,31c1428a-0d64-4e9d-a0f1-1c2419c53b86,98218dae-7fac-4f00-a69e-efbabaf573cd,2dfc73e0-dba9-4aa5-babf-d5141ded5497,,IN_PROGRESS,HIGH,19880,0,0,2026-09-17,75,f,1,5,,,FIELD,,,,,,f,,,,f164e727-5ba4-4581-836f-fa55f799ec0f,2026-09-02 15:33:16.184769+00,2026-09-21 05:55:24.613669+00
CASE0000592,ec7e7d5f-9af6-4660-b822-eaaa0a807d80,1ca4aca3-03a2-45cb-bee2-a5cdaae8d722,c33350cc-f581-492e-807f-14262d56ebcb,,IN_PROGRESS,CRITICAL,12100,0,0,2026-04-18,49.43,t,3,4,,,NPA_RECOVERY,,,,,,f,,,,f17a4229-7277-4ca7-8e0f-78166ba02f30,2026-08-27 11:28:06.529317+00,2026-09-21 09:28:23.737337+00
DAILY20260918C97,64e8a33d-0d6e-4ac5-961e-04c04320e8c0,bf7d0f99-37b4-437e-9182-6805925e55e8,,,UNASSIGNED,HIGH,10320,0,0,2026-09-18,75,f,0,5,,,FIELD,,,,,,f,,,,f17c1ed6-1bca-49f9-af7f-2fe8c9a14f05,2026-09-18 06:49:34.568389+00,2026-09-18 06:49:34.568393+00
CASE0000202,eb6261e3-c320-4290-be96-8b1a032f6305,e5d16327-2689-47e4-aa54-c4370ecd687f,a2e2555c-f597-43af-a77a-fe708f967218,,PAID,CRITICAL,5000,5000,0,2026-09-01,100,t,3,5,2026-09-01 14:34:00+00,,NPA_RECOVERY,,,,,,t,,,,f191ac71-5669-405d-b611-ded1c658990c,2026-08-27 11:28:01.971002+00,2026-09-03 05:17:22.280206+00
CASE0000618,87abcf17-b22b-4340-8d92-97904ecfca9e,aa725892-d610-4d08-bd73-8bc32835cfc4,3e9c4168-1de9-43e8-b9f2-fbf3f931949d,,PAID,CRITICAL,22930,22930,0,2026-04-03,86.74,t,1,3,2026-04-12 00:00:00+00,,FIELD,2026-03-05,,,,,f,,,,f1a6b125-9436-490c-b7e7-8e795219910e,2026-08-27 11:28:07.591605+00,2026-09-03 05:17:22.290263+00
DAILY20260907C56,e85ca71f-2b17-403c-bf5d-6ebc83e1c5aa,fae7d5a5-291f-4c65-bfdb-c2b3a6f0d5a0,4a182f53-a1a1-4f15-945a-6a56f4e04b64,,PTP_SET,MEDIUM,29780,13387.77,0,2026-09-18,45,f,2,5,,,FIELD,,,,,,f,,,,f1a9ae9c-e76f-4576-a5f2-ba3e6eb257b5,2026-09-07 04:59:06.12531+00,2026-09-18 06:37:22.868828+00
DAILY20260907C123,6fdd461e-f6d9-4e16-8855-5eb4bd4ff7c3,2a208ef2-04e7-4caf-90e6-fa2f72b92a68,e9dced65-f61b-4c24-bae7-d4170299ed46,,PTP_SET,HIGH,12640,0,0,2026-09-21,75,f,1,5,,,FIELD,,,,,,f,,,,f1c59501-78fc-4f99-be8e-4bf46ff125ea,2026-09-07 04:59:06.532602+00,2026-09-21 06:09:26.541474+00
DAILY20260907C84,d4896a5a-b1f2-454d-8b7b-c80b26ec211d,76d8e612-e418-4af1-9a7f-d46bbaa5a39e,c6ca60b7-2143-412b-887e-c30ae9cda031,,PTP_SET,MEDIUM,22850,0,0,2026-09-18,45,f,1,5,,,FIELD,,,,,,f,,,,f21a7c7e-61d1-4b5c-b5bb-614ec114099b,2026-09-07 04:59:06.298858+00,2026-09-18 06:37:23.110672+00
DAILY20260906C28,b26fa728-e40e-4ce9-9565-1dbbc708cf8d,cd66dbed-94fa-4d7d-81bd-aa3886a77e62,,,UNASSIGNED,CRITICAL,10720,0,0,2026-09-06,95,f,0,5,,,NPA_RECOVERY,,,,,,f,,,,f229683e-f98b-46cb-99e1-44376bfa4f75,2026-09-06 13:30:48.842788+00,2026-09-06 13:30:48.842792+00
DAILY20260903C153,4925978f-b138-4ad7-887b-a059c38679e3,57f3728d-fc99-476a-9640-9bca6d428a38,3e9c4168-1de9-43e8-b9f2-fbf3f931949d,,ASSIGNED,CRITICAL,25740,0,0,2026-09-07,95,f,0,5,,,NPA_RECOVERY,,,,,,f,,,,f2be3eed-a1e6-456f-9950-f8ad665c5f8b,2026-09-02 15:33:16.175449+00,2026-09-06 13:31:05.519718+00
CASE0000210,e1ade214-ec43-49f2-91d9-003b17885b49,2b3e133d-6448-4155-93e9-92f797be5482,2dfc73e0-dba9-4aa5-babf-d5141ded5497,,PARTIALLY_PAID,HIGH,12690,5129,0,2026-09-21,86.43,f,4,3,,,PRE_LEGAL,,,,Borrower relocated. New address shared by guarantor — verify on field visit.,,t,,,,f2d8a4c4-2b3a-4783-b176-ec1e22e9d595,2026-08-27 11:28:02.01779+00,2026-09-21 09:28:23.737337+00
CASE0000413,77b5829a-af76-4e86-bcaa-4b8bf1b6f8f9,5d778fcc-acf4-4fd5-82cd-a9e216105603,3e9c4168-1de9-43e8-b9f2-fbf3f931949d,,IN_PROGRESS,HIGH,9460,0,0,2026-05-14,34.31,t,3,3,,,PRE_LEGAL,,,,,,f,,,,f30262ee-7550-4687-9729-cd61fa0e8479,2026-08-27 11:28:04.435514+00,2026-09-21 09:28:23.737338+00
DAILY20260906C80,e2d18054-7ba1-4c1a-aa68-2853733fe866,c5c67634-8988-4c58-a0ee-85df9a7b3294,,,UNASSIGNED,MEDIUM,5830,0,0,2026-09-06,45,f,0,5,,,FIELD,,,,,,f,,,,f378396d-69c6-4f0a-8681-53401c7ee659,2026-09-06 13:30:49.289767+00,2026-09-06 13:30:49.28977+00
CASE0000474,86363474-05d5-429d-9afe-a166ca0f3137,5697759e-f68d-4430-8009-58474da82aa5,c6ca60b7-2143-412b-887e-c30ae9cda031,,PARTIALLY_PAID,MEDIUM,59870,55193.66,0,2026-09-18,100,f,2,3,,,FIELD,,,,,,f,,,,f3b859d1-89dd-4efd-a8db-4413db45751d,2026-08-27 11:28:04.931699+00,2026-09-21 09:28:23.737339+00
DAILY20260918C83,b23d0987-3fc5-4258-8f40-b767af7bd200,a34b1946-a57c-4f12-b2b9-0b4dcbf02132,4a182f53-a1a1-4f15-945a-6a56f4e04b64,,ASSIGNED,HIGH,19640,0,0,2026-09-21,75,f,0,5,,,FIELD,,,,,,f,,,,f3b957f1-80d1-41aa-9fe8-90783213cbe5,2026-09-18 06:49:34.476858+00,2026-09-21 04:53:43.324983+00
CASE0000124,275400d3-f21d-416d-85ea-fa23b85053dd,5c1e5558-9586-4d31-9504-dfcc6c6b32c3,3e9c4168-1de9-43e8-b9f2-fbf3f931949d,,ESCALATED,MEDIUM,16940,0,0,2026-08-05,42.38,t,2,3,,,FIELD,,,,,,t,,,,f40373ed-becc-4de4-a878-f1e4e951e756,2026-08-27 11:28:01.413888+00,2026-09-08 10:29:12.2398+00
CASE0000555,d194e9e1-27b4-44d8-80b3-c5dd6b0e01cc,415c6a32-6585-4cdf-bde8-b10e2a663c8e,357e2e09-b637-468e-818b-57a5dce18e9c,,PAID,HIGH,26150,26150,0,2026-08-27,82.25,f,4,3,,,PRE_LEGAL,,,,,,f,,,,f4aeb768-8bb1-4996-8a9a-394eb6f494b7,2026-08-27 11:28:06.217243+00,2026-09-02 15:27:19.269798+00
DAILY20260918C79,11ee38fb-c4b3-4431-9280-0682e9fb32c1,01deddf5-ded9-45cd-9c3b-a6421e0a00ca,,,UNASSIGNED,HIGH,8180,0,0,2026-09-18,75,f,0,5,,,FIELD,,,,,,f,,,,f4b477d6-2263-4c91-ac4b-075fe71c9117,2026-09-18 06:49:34.453427+00,2026-09-18 06:49:34.45343+00
DAILY20260921C44,fef953a0-f7a5-4f89-a6f0-ecda9bf12b8b,3e48bc14-6317-43e8-a792-54ac70926b33,8e59153e-dc8e-4efa-af65-1db304a6f3f1,,IN_PROGRESS,MEDIUM,48170,0,0,2026-09-21,45,f,1,5,,,FIELD,,,,,,f,,,,f4b9bd17-a6f6-488b-adb8-813169223440,2026-09-21 04:52:59.63722+00,2026-09-21 06:09:27.177638+00
DAILY20260906C125,f74bd4c7-edc1-4dde-a06d-66b796984272,5f68329a-f08a-43f9-9021-1ebf2a2f8dac,c37b6a5c-9d1c-46d4-8ece-dfce290dc74b,,PARTIALLY_PAID,MEDIUM,11420,5381.42,0,2026-09-21,45,f,2,5,,,FIELD,,,,,,f,,,,f4bd27fa-a4ba-413c-8804-7a48fa8d45ea,2026-09-06 13:30:49.558582+00,2026-09-21 06:09:26.207763+00
CASE0000117,e63912b9-aaf6-49cb-a648-f6d6f0052298,e0d2733f-41f4-4110-8cad-a0c67e85ad21,cd9e6eca-028e-4c61-8e82-048327bc4476,,PAID,HIGH,48830,48830,0,2026-09-17,81.29,t,2,4,2026-09-17 10:26:00+00,Paid in full at doorstep,LEGAL,,,,,,f,,,,f4c44574-de2f-4413-8af1-7a45d81cd148,2026-08-27 11:28:01.272721+00,2026-09-17 06:31:12.213385+00
CASE0000328,26976eb1-42c6-400c-b45a-101b41ce3537,87ce57a0-b54e-4a8c-963c-f358a52ba258,cd9e6eca-028e-4c61-8e82-048327bc4476,,PARTIALLY_PAID,HIGH,3840,3227.89,0,2026-09-02,57.35,f,4,5,,,PRE_LEGAL,,,,Account flagged for special mention — court case pending. Handle with care.,,f,,,,f4f0fa59-404b-4387-b582-0b7ca402dbf5,2026-08-27 11:28:03.316408+00,2026-09-21 09:28:23.737339+00
DAILY20260907C140,d87eb245-92f6-4194-ac46-2e68dd31f8a5,debfd4ec-c831-4d0d-af9a-51605827b393,c37b6a5c-9d1c-46d4-8ece-dfce290dc74b,,PARTIALLY_PAID,HIGH,18810,5824.08,0,2026-09-21,75,f,3,5,,,FIELD,,,,,,f,,,,f4f8dd22-78f4-40f3-8b26-4f8567da2da4,2026-09-07 04:59:06.61413+00,2026-09-21 06:09:26.118303+00
DAILY20260906C107,f6cad4f1-23b5-4c88-831a-ac081a4300eb,eaab4509-20f0-444d-945f-d2a2da90a040,a13886ca-739b-47b4-a473-724e03f7332a,,ASSIGNED,CRITICAL,19480,0,0,2026-09-07,95,f,0,5,,,NPA_RECOVERY,,,,,,f,,,,f4faec16-f09f-469f-84db-76dd42d68e44,2026-09-06 13:30:49.43858+00,2026-09-06 13:30:53.794638+00
DAILY20260918C181,18ece4bf-5e54-4d8c-89f0-432fc9978d85,bc35419b-6961-4296-a5a1-db62488b4a6b,c6ca60b7-2143-412b-887e-c30ae9cda031,,IN_PROGRESS,MEDIUM,23520,0,0,2026-09-21,45,f,1,5,,,FIELD,,,,,,f,,,,f5a371ba-5502-4ff8-bce0-0bc1ee8e6768,2026-09-18 06:49:35.042743+00,2026-09-21 06:09:27.143244+00
DAILY20260918C148,2e1f1998-cc2c-42be-85f6-aeeb28d59418,b9f62a6a-3212-404b-a53d-d774238144f8,2dfc73e0-dba9-4aa5-babf-d5141ded5497,,ASSIGNED,MEDIUM,26020,0,0,2026-09-21,45,f,0,5,,,FIELD,,,,,,f,,,,f5b08651-79dc-46d8-bdbc-346f681b98bf,2026-09-18 06:49:34.865338+00,2026-09-21 05:17:11.62525+00
CASE0000281,258d4abe-44b3-487a-888f-e603bd520d78,0648deca-5cf7-48c6-8a8e-935049d755cd,b06cd5a3-f1c0-4cdb-b241-9ce2d6c5e791,,IN_PROGRESS,CRITICAL,61710,0,0,2026-08-26,100,t,2,4,,,LEGAL,2026-05-30,,,,,f,,,,f5b8ffcf-835e-45f3-820c-7658bbcaa5ac,2026-08-27 11:28:02.979185+00,2026-09-21 04:53:43.330906+00
DAILY20260918C53,c73aea17-f6df-4cc2-8f0a-042d8adb54cc,3550817f-52d3-4020-8d18-f1e30102d915,,,UNASSIGNED,HIGH,13450,0,0,2026-09-18,75,f,0,5,,,FIELD,,,,,,f,,,,f5fdb6f5-a132-4b3c-91c4-9cae51f74dc5,2026-09-18 06:49:34.29829+00,2026-09-18 06:49:34.298296+00
CASE0000252,35cd97c1-5099-4852-bbb7-9088652c75b0,c313d0f3-40ba-4ec2-b782-b88dcf1d8482,c37b6a5c-9d1c-46d4-8ece-dfce290dc74b,,PAID,CRITICAL,1310,1310,0,2026-08-26,97.35,t,3,3,2026-09-01 05:52:00.181768+00,,LEGAL,,,,,,t,,,,f6214dfe-4902-40b4-a96b-3ab55abfafd9,2026-08-27 11:28:02.600807+00,2026-09-02 15:27:19.282089+00
DAILY20260903C37,f3978c43-b82c-4f95-aa8b-83307c7251b6,fe068ec7-bac0-4e9d-bf57-0f20f0e06b11,,,UNASSIGNED,MEDIUM,14700,0,0,2026-09-03,45,f,0,5,,,FIELD,,,,,,f,,,,f6286232-c05d-4ed6-904c-637bd156abe1,2026-09-02 15:33:15.702561+00,2026-09-02 15:33:15.702561+00
DAILY20260906C113,07e92b73-71cd-4b5c-bdfd-ef6208bb1336,ce91ae15-8e18-42e1-90c2-fbd19852581c,,,UNASSIGNED,MEDIUM,6980,0,0,2026-09-06,45,f,0,5,,,FIELD,,,,,,f,,,,f643ea33-5da8-468d-9d33-85f5ee6c2769,2026-09-06 13:30:49.479523+00,2026-09-06 13:30:49.479526+00
DAILY20260907C62,b5ec3bd1-9b95-4b47-82af-31d618f66bcf,f01a2756-5e72-41a6-a8a4-6adfcccabf9d,,,UNASSIGNED,CRITICAL,16270,0,0,2026-09-07,95,f,0,5,,,NPA_RECOVERY,,,,,,f,,,,f66253d4-13e6-4a27-a041-3621e577bcf8,2026-09-07 04:59:06.16857+00,2026-09-07 04:59:06.168573+00
DAILY20260903C131,c8daae57-ba86-4b8a-a696-13b20a929c9a,f6297030-514b-40ef-95d4-930cd874084e,,,UNASSIGNED,HIGH,9160,0,0,2026-09-03,75,f,0,5,,,FIELD,,,,,,f,,,,f6b437be-eaa3-4a3c-8d84-ed12f213d43b,2026-09-02 15:33:16.09335+00,2026-09-02 15:33:16.09335+00
DAILY20260907C27,5cf55da2-aefd-4f4e-8218-a34b84b55c41,f59c77b7-e25d-43f9-a5ce-cf144ce79fbc,,,UNASSIGNED,MEDIUM,8430,0,0,2026-09-07,45,f,0,5,,,FIELD,,,,,,f,,,,f6dcb499-978d-4cd4-b509-5f815c3e9054,2026-09-07 04:59:05.879228+00,2026-09-07 04:59:05.87923+00
DAILY20260906C100,62e2c98f-1882-4f22-ba03-9b657b0c3d63,acdbe575-9398-4784-8e7b-d4a89ff57a1c,2b6de8aa-0976-4be0-8a40-043ff86ffa54,,PAID,MEDIUM,19640,19640,0,2026-09-16,45,f,1,5,2026-09-17 11:12:00+00,Paid in full at doorstep,FIELD,,,,,,f,,,,f719c759-0fd3-4695-88d5-58f05fb8e1f0,2026-09-06 13:30:49.399034+00,2026-09-17 06:31:12.040125+00
DAILY20260903C113,a1fc9473-3c26-4b7e-90ed-54cff4f3ea41,c434e605-38da-49fb-8be6-68fd67707055,,,UNASSIGNED,CRITICAL,9020,0,0,2026-09-03,95,f,0,5,,,NPA_RECOVERY,,,,,,f,,,,f73f62b9-c533-4776-a7be-188641c10ffd,2026-09-02 15:33:16.02491+00,2026-09-02 15:33:16.02491+00
DAILY20260921C177,21f3fe94-8552-402c-9bb5-4338738a9e57,3c421b47-86d7-4006-91a6-97385fb15004,,,UNASSIGNED,HIGH,3040,0,0,2026-09-21,75,f,0,5,,,FIELD,,,,,,f,,,,f75a1728-5a3f-4616-af7b-3e1938d60cbe,2026-09-21 04:53:00.677639+00,2026-09-21 04:53:00.677643+00
DAILY20260918C171,a980cfb4-38c9-4f2c-8363-ae4e79e58627,134bfdf7-7753-45f4-aa9b-5cad21731bf7,,,UNASSIGNED,MEDIUM,11910,0,0,2026-09-18,45,f,0,5,,,FIELD,,,,,,f,,,,f76bc83a-be55-4910-9176-adad60fbff84,2026-09-18 06:49:34.987787+00,2026-09-18 06:49:34.98779+00
CASE0000490,6d7f5b9d-9880-4b50-9071-8f58c57f45a9,22be95d4-ba60-4bc0-aeea-9716b14c7501,b06cd5a3-f1c0-4cdb-b241-9ce2d6c5e791,,PAID,MEDIUM,4820,4820,0,2026-08-27,57.14,t,2,3,2026-08-27 11:15:00+00,,NPA_RECOVERY,2026-03-21,,,,,t,,,,f7865f97-4df8-4b01-bdce-c5b668d4b328,2026-08-27 11:28:05.700895+00,2026-09-02 15:27:19.282089+00
CASE0000616,adda5f6b-d1a2-4e63-a162-28c83df99980,38f399df-88ee-44ca-98ed-4b361502d6ef,a13886ca-739b-47b4-a473-724e03f7332a,,PAID,CRITICAL,3950,3950,0,2026-03-09,100,t,1,4,2026-03-22 00:00:00+00,,FIELD,,,,Borrower relocated. New address shared by guarantor — verify on field visit.,,f,,,,f7af24f5-aeba-4868-b1f9-ec794bbca1f3,2026-08-27 11:28:07.574822+00,2026-09-03 05:17:22.293269+00
CASE0000271,9e22540f-abc7-46a6-a05c-b5c3a65d69ba,aa4f556c-d0ea-48f3-b413-d854441c98ed,2dfc73e0-dba9-4aa5-babf-d5141ded5497,,PARTIALLY_PAID,MEDIUM,8670,6693.46,0,2026-08-25,31.39,f,2,4,,,FIELD,,,,,,f,,,,f7c5dfb4-1476-4194-bd8f-e8d5fbcdae12,2026-08-27 11:28:02.826163+00,2026-09-21 09:28:23.73734+00
CASE0000675,06095920-7424-42cf-92ed-75bf431eed5d,b7158b40-1898-4157-99cf-d99380748109,3aa13103-bd03-4578-9292-44d88d58da00,,PAID,HIGH,10380,10380,0,2026-04-03,75.37,t,3,5,2026-03-30 00:00:00+00,,NPA_RECOVERY,,,,,,f,,,,f7e9d62a-7578-4e24-97e8-7c5be5cb42ac,2026-08-27 11:28:08.084775+00,2026-09-03 05:17:22.293269+00
CASE0000716,2a15516f-d306-43e7-9555-1ce7dc5b5296,e5040fbf-6099-4864-b6e8-49a60bcca331,2dfc73e0-dba9-4aa5-babf-d5141ded5497,,PTP_SET,MEDIUM,63560,18972.49,0,2026-09-17,100,t,2,3,,,FIELD,,,,,,f,,,,f7fc3f1d-ee12-422e-a805-0998744ab2e5,2026-08-27 11:28:08.451839+00,2026-09-21 09:28:23.73734+00
DAILY20260918C115,fc042834-99db-4e92-b44b-fe9a221785a0,de9a6f82-9188-4e16-bc48-76c631b7ea47,c6ca60b7-2143-412b-887e-c30ae9cda031,,ASSIGNED,MEDIUM,17700,0,0,2026-09-21,45,f,0,5,,,FIELD,,,,,,f,,,,f8149029-c75f-4ac6-8150-a6b04f8dd667,2026-09-18 06:49:34.687896+00,2026-09-21 05:17:11.625253+00
DAILY20260906C45,0d24dae7-98cc-494b-9bc3-c3f3eaed6b46,48371c79-b26f-4e00-ab05-7084ef95ea9c,8e59153e-dc8e-4efa-af65-1db304a6f3f1,,PARTIALLY_PAID,MEDIUM,20380,7921.79,0,2026-09-17,45,f,1,5,,,FIELD,,,,,,f,,,,f87138f2-aad5-41b9-a820-b6480e6acedb,2026-09-06 13:30:49.04773+00,2026-09-18 06:37:21.786088+00
DAILY20260903C23,dc9833c2-f55b-4b09-8251-4dc6a327e39c,d1878efa-1b5b-4ecd-8259-b2ed922462a1,c33350cc-f581-492e-807f-14262d56ebcb,,ASSIGNED,CRITICAL,18760,0,0,2026-09-04,95,f,0,5,,,NPA_RECOVERY,,,,,,f,,,,f8743318-477a-49aa-ba96-27282bb04a2c,2026-09-02 15:33:15.656765+00,2026-09-03 10:17:46.935624+00
CASE0000569,8686c2cc-b01d-4e9f-966c-a2c2ab5bcb98,d8729724-f115-43b4-9112-796cd28e00a9,3e9c4168-1de9-43e8-b9f2-fbf3f931949d,,PAID,HIGH,28910,28910,0,2026-04-27,68.25,t,3,5,,,PRE_LEGAL,,,,Seasonal worker — income irregular. Best to visit early morning.,,f,,,,f87bc957-012e-43c5-bbcc-25b04609584f,2026-08-27 11:28:06.345828+00,2026-09-03 05:17:22.293269+00
DAILY20260918C160,941a0274-fc46-4332-be25-745259c7e20d,90eafc4a-49e2-4e46-9bbd-a9f2525ff81c,c33350cc-f581-492e-807f-14262d56ebcb,,ASSIGNED,CRITICAL,15110,0,0,2026-09-21,95,f,0,5,,,NPA_RECOVERY,,,,,,f,,,,f890d13a-0b47-4028-9e8e-123cebb10dd0,2026-09-18 06:49:34.929097+00,2026-09-21 05:55:24.61589+00
DAILY20260918C140,7659a717-7a37-48e0-8934-7d917d0702bb,08b280c0-c20d-4ce1-8c13-d5eb23e3af0e,,,UNASSIGNED,MEDIUM,8150,0,0,2026-09-18,45,f,0,5,,,FIELD,,,,,,f,,,,f8e86911-adf8-4cbe-b765-57b49903f9d7,2026-09-18 06:49:34.823609+00,2026-09-18 06:49:34.823612+00
DAILY20260906C50,7241fe72-d53a-4dba-8b1d-b265768edb64,fcae592f-b408-4a80-8c46-f30ecb9c7373,2b6de8aa-0976-4be0-8a40-043ff86ffa54,,PTP_SET,MEDIUM,47600,8275.46,0,2026-09-17,45,f,2,5,,,FIELD,,,,,,f,,,,f8ea6cef-bba3-4281-bf4a-79266dc0077b,2026-09-06 13:30:49.082185+00,2026-09-17 06:31:13.549553+00
DAILY20260903C40,343c5276-dc69-4801-825b-c46a82364e0b,f945d527-2103-4a3e-8f5e-a86aa9bd677e,,,UNASSIGNED,CRITICAL,4530,0,0,2026-09-03,95,f,0,5,,,NPA_RECOVERY,,,,,,f,,,,f8eed0d3-15dc-4acc-8e38-9c7090ce85ad,2026-09-02 15:33:15.719033+00,2026-09-02 15:33:15.719033+00
DAILY20260907C154,bde50146-dbd1-4f5a-b655-6d02d54fbe77,1305190e-04e7-499b-bc39-0d78c4495f2e,,,UNASSIGNED,CRITICAL,21920,0,0,2026-09-07,95,f,0,5,,,NPA_RECOVERY,,,,,,f,,,,f8f98dac-83c6-4186-867b-97724e5a2379,2026-09-07 04:59:06.709844+00,2026-09-07 04:59:06.709848+00
DAILY20260918C63,6035b8c9-e52a-4d30-ac3b-68318f401fbf,11891863-0216-4abb-b390-bde93f1379a2,,,UNASSIGNED,CRITICAL,2290,0,0,2026-09-18,95,f,0,5,,,NPA_RECOVERY,,,,,,f,,,,f8fdad19-a089-4b2c-aefc-6165c5f3d1c6,2026-09-18 06:49:34.35771+00,2026-09-18 06:49:34.357713+00
CASE0000157,86363474-05d5-429d-9afe-a166ca0f3137,5697759e-f68d-4430-8009-58474da82aa5,2dfc73e0-dba9-4aa5-babf-d5141ded5497,,PAID,CRITICAL,59870,59870,0,2026-09-01,100,t,3,3,2026-09-01 17:05:00+00,,FIELD,,,,,,f,,,,f90bc0ff-52c7-466e-8183-7c15bc337c2f,2026-08-27 11:28:01.679266+00,2026-09-03 05:17:22.296259+00
DAILY20260921C188,1e27f137-d69c-4313-a358-7ead794cb401,2cbd8333-7dfa-4952-833f-a0d3c5fe3511,c2f2e0ce-5aeb-4ece-8325-2167edfe139e,,PAID,CRITICAL,31940,31940,0,2026-09-21,95,f,1,5,2026-09-21 07:59:00+00,Paid in full at doorstep,NPA_RECOVERY,,,,,,f,,,,f9306a19-d4e9-4022-8506-e7fc243016a0,2026-09-21 04:53:00.743114+00,2026-09-21 06:09:25.734415+00
DAILY20260918C03,4983a9ee-c9f0-41a2-8680-333e5a39041a,fe6787b1-c496-4a74-8c7b-748e39bb1f3f,,,UNASSIGNED,CRITICAL,6530,0,0,2026-09-18,95,f,0,5,,,NPA_RECOVERY,,,,,,f,,,,f94894ae-8c9e-4ad5-8a89-c29c5876ea25,2026-09-18 06:49:34.040481+00,2026-09-18 06:49:34.040483+00
CASE0000436,b1747361-aa85-4164-9047-b7b5f2e7c575,b7d9fc05-0660-4bbe-9813-d60628601ca0,2dfc73e0-dba9-4aa5-babf-d5141ded5497,,PARTIALLY_PAID,CRITICAL,21330,8085.15,0,2026-09-02,100,f,3,4,,,LEGAL,,,,,,f,,,,f957f6c4-9ff4-42f8-a84b-1178a06615ba,2026-08-27 11:28:04.621561+00,2026-09-03 05:17:22.296259+00
CASE0000462,fb003551-696e-48e1-a3f3-fb8cc47620b0,0bf68863-54ec-456f-9eb6-f9ebe1be540a,5fbae4d6-59d1-4e6c-8a80-fe57244a45bb,,PAID,HIGH,10710,10710,0,2026-06-08,82.56,t,3,4,,,FIELD,,,,,,f,,,,f95e4162-8c63-48c2-bcef-d6b689ae8aa5,2026-08-27 11:28:04.821904+00,2026-09-03 05:17:22.296259+00
DAILY20260903C39,3e530179-8293-4003-8e70-6492f99745c0,57a70a80-e89d-44b7-b0a7-2565fc123fe9,,,UNASSIGNED,CRITICAL,1870,0,0,2026-09-03,95,f,0,5,,,NPA_RECOVERY,,,,,,f,,,,f9cb7231-d93d-448f-be4f-49fa49d94a41,2026-09-02 15:33:15.719033+00,2026-09-02 15:33:15.719033+00
CASE0000427,599721d4-2cd5-40cb-834a-f14ef792aa42,3325597c-f6c7-458a-8130-e1f06599f61b,c33350cc-f581-492e-807f-14262d56ebcb,,PARTIALLY_PAID,CRITICAL,58030,51051.64,0,2026-09-02,100,t,3,3,,,LEGAL,,,,,,f,,,,f9e52765-4052-431b-96b8-5e8f9046e2cc,2026-08-27 11:28:04.556144+00,2026-09-03 05:17:22.296259+00
DAILY20260907C00,607274b0-4599-4bf2-894a-7c84e6934a41,4690831f-c144-4c16-b9f0-1b1a2a296f70,8e59153e-dc8e-4efa-af65-1db304a6f3f1,,PARTIALLY_PAID,MEDIUM,17120,5741.97,0,2026-09-17,45,f,1,5,,,FIELD,,,,,,f,,,,fa4b2a45-068e-4bc5-adea-4d7df6c34c2d,2026-09-07 04:59:05.704638+00,2026-09-18 06:37:22.101154+00
CASE0000088,7b15825d-da60-4c1c-83c0-b319ba915f29,df281442-6a47-4d2a-a170-6f3c85f699fe,c6ca60b7-2143-412b-887e-c30ae9cda031,,IN_PROGRESS,CRITICAL,20430,0,0,2026-08-19,100,t,1,4,,,LEGAL,2026-07-12,,,,,f,,,,fa4e054f-569d-49f2-a927-9048c52fb869,2026-08-27 11:28:01.174923+00,2026-09-10 09:59:49.906515+00
DAILY20260906C19,fd5ce6d4-2fee-4060-8b82-dc050cb2bc17,d5cae345-dd41-4996-b14a-63da66ccc7db,,,UNASSIGNED,CRITICAL,9350,0,0,2026-09-06,95,f,0,5,,,NPA_RECOVERY,,,,,,f,,,,fa9d2040-3056-4420-9a2b-2d843b0c587b,2026-09-06 13:30:48.78074+00,2026-09-06 13:30:48.780743+00
DAILY20260903C98,ac0a547e-4998-4f92-aeff-62bd4332fd02,c32fb2a0-d23d-4d67-82e8-df9c4a375895,,,UNASSIGNED,CRITICAL,1930,0,0,2026-09-03,95,f,0,5,,,NPA_RECOVERY,,,,,,f,,,,faa0bf77-2dc0-4eee-bf37-8316f298c760,2026-09-02 15:33:15.967666+00,2026-09-02 15:33:15.967666+00
CASE0000576,4bd7b5e4-b853-4646-9e8d-f0d0e3bffa6f,9b36c306-4c3f-4122-8d89-5ef2dc8f21e4,3e9c4168-1de9-43e8-b9f2-fbf3f931949d,,PTP_SET,HIGH,51740,18087.08,0,2026-09-17,100,t,3,4,,,PRE_LEGAL,,,,,,f,,,,faae1aba-6a78-41f8-b757-687ae75899d2,2026-08-27 11:28:06.411166+00,2026-09-21 09:28:23.737341+00
CASE0000224,eb5373d3-667c-4bd0-9d69-4c9fb6d70086,cbc9a22d-ab31-4b68-8de0-f1f29849e94f,5fbae4d6-59d1-4e6c-8a80-fe57244a45bb,,PARTIALLY_PAID,MEDIUM,49750,49119.37,0,2026-08-27,29.49,t,2,4,,,FIELD,,,,,,f,,,,faae3a17-a2cc-40b0-b189-e7a98d8d1adb,2026-08-27 11:28:02.110828+00,2026-09-21 09:28:23.737342+00
CASE0000240,89297e6d-ff64-4cf1-a3a2-f15a91f41f32,d6f15937-d6b6-4d7b-801d-1fbb0c516d6d,c2f2e0ce-5aeb-4ece-8325-2167edfe139e,,PAID,HIGH,2190,2190,0,2026-09-17,65.1,f,3,4,2026-09-17 05:58:00+00,Paid in full at doorstep,LEGAL,,,,Customer had good repayment history until Q3 2022. Defaulted post job loss.,,f,,,,faf49903-1264-4117-86f9-5eaf333333c1,2026-08-27 11:28:02.213986+00,2026-09-17 06:31:11.947183+00
DAILY20260921C52,c466414c-3d0e-4889-ab34-333cd4331e9a,0230fdd9-5dcf-487c-b488-5bf5724ab25f,,,UNASSIGNED,CRITICAL,3920,0,0,2026-09-21,95,f,0,5,,,NPA_RECOVERY,,,,,,f,,,,fafc8290-0e8e-4638-a71d-68e9d8eccf71,2026-09-21 04:52:59.678437+00,2026-09-21 04:52:59.678441+00
CASE0000602,84a8d0eb-0dd9-4552-8f3b-4c6adc7cff8d,9246f6f0-0999-410f-ae00-c64f0f8af8a4,3aa13103-bd03-4578-9292-44d88d58da00,,PAID,HIGH,19550,19550,0,2026-09-01,76.06,t,4,5,2026-09-01 10:44:00+00,,PRE_LEGAL,2026-02-25,,,,,t,,,,fb3407fa-7c1e-4725-8e63-f7fdf4e73b1f,2026-08-27 11:28:07.414451+00,2026-09-03 05:17:22.296259+00
DAILY20260906C72,c9ba6c89-ace0-4d41-a48f-2e81b9897f4a,99efc3d9-4c94-487d-b9e9-ce44519553d8,e9dced65-f61b-4c24-bae7-d4170299ed46,,ASSIGNED,CRITICAL,13480,0,0,2026-09-21,95,f,0,5,,,NPA_RECOVERY,,,,,,f,,,,fb728bb9-45d6-4921-9ea6-7f2449116f64,2026-09-06 13:30:49.240677+00,2026-09-21 06:08:06.858464+00
DAILY20260903C31,0bb4ce50-ea24-40e9-89e8-9754d9b9bfbd,647280c7-4a9a-4117-94cb-82d50cacd7d8,cd9e6eca-028e-4c61-8e82-048327bc4476,,PARTIALLY_PAID,MEDIUM,9780,2775.79,0,2026-09-10,45,f,1,5,,,FIELD,,,,,,f,,,,fb7525c6-6804-4e7d-a8fb-b49dd824b4e0,2026-09-02 15:33:15.696006+00,2026-09-21 05:55:24.617308+00
DAILY20260903C85,441e6c45-a29c-441a-ada9-cb9124069afc,f252fe4b-4aa2-4812-bc1c-1562eb3448d3,3aa13103-bd03-4578-9292-44d88d58da00,,ASSIGNED,HIGH,11560,0,0,2026-09-21,75,f,0,5,,,FIELD,,,,,,f,,,,fb8563df-50e6-418c-9ea2-c1e88b78bac2,2026-09-02 15:33:15.916919+00,2026-09-21 04:53:43.330912+00
DAILY20260921C157,98c76e8f-370e-447f-96c1-6db3d8978501,73d6e9df-f072-4d3c-8929-3b06f7599662,,,UNASSIGNED,CRITICAL,20950,0,0,2026-09-21,95,f,0,5,,,NPA_RECOVERY,,,,,,f,,,,fbb69f38-f5e0-40b5-9ef4-11a7abc0c8b5,2026-09-21 04:53:00.536612+00,2026-09-21 04:53:00.536617+00
DAILY20260921C134,b5fe8ecb-6f69-40c7-93dd-4547328762a8,d3fd0914-93e6-4bc2-9904-fd88f1d28138,,,UNASSIGNED,CRITICAL,2350,0,0,2026-09-21,95,f,0,5,,,NPA_RECOVERY,,,,,,f,,,,fbe4387e-08de-4c0a-9093-46a41135ec27,2026-09-21 04:53:00.316648+00,2026-09-21 04:53:00.316653+00
CASE0000364,a0809318-6545-4914-bb03-9ee9edd75583,eaa86b64-4319-4ba5-a722-d4c42ab554f5,3aa13103-bd03-4578-9292-44d88d58da00,,PAID,CRITICAL,7580,7580,0,2026-05-11,92.69,t,2,4,2026-09-01 05:52:00.181768+00,,PRE_LEGAL,,,,Borrower relocated. New address shared by guarantor — verify on field visit.,,t,,,,fc40f146-0bfe-468e-b2a8-65b08be8ab39,2026-08-27 11:28:03.965942+00,2026-09-03 05:17:22.296259+00
CASE0000493,a4a0aec6-22fe-4287-8458-2bab6c671180,20400f74-9d13-417a-9208-1712de2107c5,3e9c4168-1de9-43e8-b9f2-fbf3f931949d,,PAID,MEDIUM,24100,24100,0,2026-08-25,51.61,t,2,4,2026-09-01 05:52:00.181768+00,,FIELD,,,,,,f,,,,fc5ba9da-92fb-4297-a5ba-5f8cbca733cf,2026-08-27 11:28:05.717855+00,2026-09-03 05:17:22.296259+00
CASE0000690,24ec8685-728f-4fd9-ad1f-3d85956050d2,63942e6b-20b5-4abf-b473-5e53719756d8,cd9e6eca-028e-4c61-8e82-048327bc4476,,PAID,HIGH,19710,19710,0,2026-04-04,76.3,f,3,3,2026-04-15 00:00:00+00,,NPA_RECOVERY,,,,,,f,,,,fc5fe2fa-9b0c-4341-b09f-f052b7726345,2026-08-27 11:28:08.217185+00,2026-09-03 05:17:22.301259+00
CASE0000246,32f26267-1756-4d30-a1c7-f1be5aa626b5,6c9b2a57-97db-4982-b0ed-ad240fa89d31,e9dced65-f61b-4c24-bae7-d4170299ed46,,PARTIALLY_PAID,HIGH,4450,4232.86,0,2026-08-25,39.05,f,3,4,,,PRE_LEGAL,,,,,,f,,,,fc74bf9e-b236-4cd9-b3e5-002e72da0ad6,2026-08-27 11:28:02.541944+00,2026-09-21 09:28:23.737342+00
CASE0000012,47e30ef7-8957-428d-be7b-a7b0524f8143,72615092-a694-4c7b-8ed4-93290716826f,4a182f53-a1a1-4f15-945a-6a56f4e04b64,,PARTIALLY_PAID,CRITICAL,4500,2456.2,0,2026-09-01,100,f,2,5,,,NPA_RECOVERY,2026-08-11,,,,,f,,,,fc79a74a-122a-47ac-abb0-46de96b74cdc,2026-08-27 11:28:00.924876+00,2026-09-03 05:17:22.302261+00
CASE0000352,9d36153b-9490-468e-8f0c-6acd4b668a26,249effaa-b709-4c2a-b3c1-e5c118ecefe2,c33350cc-f581-492e-807f-14262d56ebcb,,PAID,CRITICAL,17080,17080,0,2026-09-02,100,f,3,3,2026-09-02 10:08:00+00,,LEGAL,,,,,,f,,,,fc9f191e-ec5f-4aba-abbd-09216c6daee0,2026-08-27 11:28:03.471936+00,2026-09-03 05:17:22.302261+00
CASE0000054,41cc1b96-fb44-46c2-bc99-cb2fc25d320f,74449b9e-ca4a-4080-a3ae-2337a172f911,c6ca60b7-2143-412b-887e-c30ae9cda031,,PAID,MEDIUM,17660,17660,0,2026-09-17,50.49,t,2,5,2026-09-17 10:59:00+00,Paid in full at doorstep,PRE_LEGAL,,,,,,t,,,,fd1fbad1-a7a4-4589-bd08-b106ed1d9895,2026-08-27 11:28:01.049105+00,2026-09-17 06:31:12.074328+00
DAILY20260902C01,2ea2d544-37b4-423d-bb76-2972930810f6,8e60b202-b8c1-4d1a-a092-da7df3ec0637,a13886ca-739b-47b4-a473-724e03f7332a,,PAID,HIGH,1260,1260,0,2026-09-01,75,f,1,5,2026-09-01 11:49:00+00,,FIELD,,,,,,f,,,,fd7ea94f-7d73-424e-b64b-c53c41494161,2026-09-02 05:53:50.398772+00,2026-09-03 05:19:14.278343+00
CASE0000170,d0306031-1151-4993-bed9-6906033425ef,fd142269-3ee6-4e42-bd7e-c2d203648026,357e2e09-b637-468e-818b-57a5dce18e9c,,PARTIALLY_PAID,MEDIUM,41300,38034.65,0,2026-09-18,88.15,t,4,3,,,FIELD,,,,,,f,,,,fdd312a1-7db1-4dde-916f-eebe0e5d52c5,2026-08-27 11:28:01.75366+00,2026-09-21 09:28:23.737343+00
CASE0000449,77b5829a-af76-4e86-bcaa-4b8bf1b6f8f9,5d778fcc-acf4-4fd5-82cd-a9e216105603,e9dced65-f61b-4c24-bae7-d4170299ed46,,PAID,LOW,9460,9460,0,2026-08-27,34.31,t,4,3,,,PRE_LEGAL,,,,Previous agency attempt closed with no resolution. Fresh allocation.,,f,,,,fdd9a91f-c1b8-4546-9181-773c7b0e9717,2026-08-27 11:28:04.726143+00,2026-09-02 15:27:19.300677+00
CASE0000149,cf7b87d2-87b4-4320-a012-b994bdada55a,29c04c9c-7a4b-491c-af21-baf4daadb6d3,a2e2555c-f597-43af-a77a-fe708f967218,,PARTIALLY_PAID,CRITICAL,13330,13270.7,0,2026-08-25,100,t,3,5,,,LEGAL,,,,,,t,,,,fe454d89-af3b-4810-9a99-86f1438bcf0c,2026-08-27 11:28:01.603709+00,2026-09-08 11:35:10.104363+00
CASE0000312,2439d400-d1c2-4c8b-935a-25904e153bbb,8ba24c11-7436-439a-858f-dc44975aba8f,cd9e6eca-028e-4c61-8e82-048327bc4476,,PAID,CRITICAL,17000,17000,0,2026-09-02,100,t,4,4,2026-09-02 09:32:00+00,,PRE_LEGAL,2026-06-11,,,,,f,,,,fe9878c9-fb26-4b84-8124-952f04706816,2026-08-27 11:28:03.207016+00,2026-09-03 05:17:22.302261+00
CASE0000234,ea214349-0295-45d5-82fe-f2ff063ae649,381b7125-3ea6-4b52-9f0a-3465d570df0d,5fbae4d6-59d1-4e6c-8a80-fe57244a45bb,,IN_PROGRESS,CRITICAL,2360,0,0,2026-08-27,51.77,t,3,4,,,LEGAL,,,,,,f,,,,feae20aa-4519-4755-ad34-77b819c7298f,2026-08-27 11:28:02.181553+00,2026-09-21 09:28:23.737343+00
DAILY20260921C194,9d4e810a-26ec-405c-8d51-1354ccd34755,3402e898-ffc4-4efe-bacd-4145551a5dd3,,,UNASSIGNED,HIGH,17740,0,0,2026-09-21,75,f,0,5,,,FIELD,,,,,,f,,,,ff276f97-7087-449b-bec2-218a0fccb9e5,2026-09-21 04:53:00.776733+00,2026-09-21 04:53:00.776737+00
DAILY20260907C05,8c76a40b-7ac5-42b7-a694-a051f20cfa31,f67df1ce-31ed-449f-b32e-60cfbf28bb45,cd9e6eca-028e-4c61-8e82-048327bc4476,,PAID,HIGH,16010,16010,0,2026-09-16,75,f,2,5,2026-09-17 07:05:00+00,Paid in full at doorstep,FIELD,,,,,,f,,,,ff9de9f9-14e8-4bfe-863a-8a6f58ee3147,2026-09-07 04:59:05.75185+00,2026-09-17 06:31:12.086515+00
DAILY20260906C81,5a1f0087-ca76-4752-addd-df15568806c0,642eb4c1-fdb9-4776-95a7-ef5d9e1c0d4a,,,UNASSIGNED,MEDIUM,3280,0,0,2026-09-06,45,f,0,5,,,FIELD,,,,,,f,,,,ffd2bf8d-053a-44da-b41f-48a03423da82,2026-09-06 13:30:49.295876+00,2026-09-06 13:30:49.295878+00
DAILY20260921C155,6069f22b-1280-4dbb-b1cd-be65d0a17257,b996065d-f69c-462b-9f68-14e580edc4f1,,,UNASSIGNED,CRITICAL,4780,0,0,2026-09-21,95,f,0,5,,,NPA_RECOVERY,,,,,,f,,,,ffd5c669-e4b3-4a48-83d7-012f20701afe,2026-09-21 04:53:00.524186+00,2026-09-21 04:53:00.524191+00
CASE0000711,f1197b5f-49fe-4d13-914a-6a9b5bfbea8a,3b838c11-f643-4d97-a6cc-b5d098af998b,1d5e58e8-954e-4d6c-b13c-6e6d614cb588,,PARTIALLY_PAID,MEDIUM,15670,2784.8,0,2026-09-10,93.92,t,5,3,,,FIELD,,,,,,t,,,,ffe94d1b-afe5-497e-bcb7-0fe8fbe13169,2026-08-27 11:28:08.407812+00,2026-09-21 09:28:23.737344+00
