customer_ref,full_name,date_of_birth,gender,pan_masked,aadhaar_masked,phone_primary,phone_alternate,email,address_line1,address_line2,city,state,pincode,latitude,longitude,risk_category,risk_score,cibil_score,preferred_contact_start,preferred_contact_end,language_preference,customer_segment,is_hostile,requires_female_agent,do_not_contact,fraud_flag,complaints_raised,tags,id,created_at,updated_at
DAILY20260907121,Nikhil Verma,1986-03-10,MALE,XXXXX1234X,XXXXXXXX5678,9443007572,,,"185, Sector 44",,Noida,Uttar Pradesh,201310,28.462117,77.500219,MEDIUM,50,520,9,18,HINDI,SALARIED,f,f,f,f,0,[],0041b0b4-f91f-47bd-814a-47eec75c5027,2026-09-07 04:59:06.516355+00,2026-09-21 05:54:35.853136+00
DAILY2026090779,Deepak Yadav,1986-03-10,MALE,XXXXX1234X,XXXXXXXX5678,9743040266,,,"3, Sector 67",,Delhi,Delhi,110001,28.574049,77.325099,MEDIUM,50,520,9,18,HINDI,SALARIED,f,f,f,f,0,[],0053961a-a138-4591-ad17-2199c4636e13,2026-09-07 04:59:06.262469+00,2026-09-21 05:54:35.853143+00
CUST000321,Aditya Contractor,1989-01-26,MALE,XXXXX2393X,XXXXXXXX7529,9638828465,,pkhosla@example.net,"H.No. 561, Kunda Marg",,Noida,Uttar Pradesh,241422,28.559231,77.333932,MEDIUM,50,504,9,18,URDU,HOMEMAKER,f,f,f,f,0,[],00a419ac-a1d7-4f27-ba0c-02c0e1d9802a,2026-08-27 11:27:59.589619+00,2026-08-27 11:27:59.58962+00
DAILY20260921116,Sneha Nair,1986-03-10,FEMALE,XXXXX1234X,XXXXXXXX5678,9675040055,,,"3, Sector 44",,Noida,Uttar Pradesh,201301,28.620668,77.302674,MEDIUM,50,520,9,18,HINDI,SALARIED,f,f,f,f,0,[],00c2164d-f9c2-4b07-b0aa-0f517f58e9a9,2026-09-21 04:53:00.155563+00,2026-09-21 05:54:35.853144+00
DAILY2026090390,Rahul Yadav,1986-03-10,FEMALE,XXXXX1234X,XXXXXXXX5678,9891699487,,,"70, Sector 26",,Delhi,Delhi,110001,28.660483,77.086806,MEDIUM,50,600,9,18,HINDI,SALARIED,f,f,f,f,0,[],01088c0f-beea-4392-bf66-f460fc9b9a8f,2026-09-02 15:33:15.931895+00,2026-09-21 05:54:35.853145+00
CUST000207,Rudra Sengupta,1986-02-26,MALE,XXXXX2009X,XXXXXXXX3476,9907706333,8203833652,,"H.No. 334
Chaudry Zila",,Delhi,Delhi,460491,28.58473,77.149807,MEDIUM,50,415,9,18,HARYANVI,RETIRED,f,f,f,f,0,[],0152a258-885f-46d5-af53-c71c808f2748,2026-08-27 11:27:59.589359+00,2026-08-27 11:27:59.58936+00
DAILY2026092106,Sneha Bhatt,1986-03-10,FEMALE,XXXXX1234X,XXXXXXXX5678,9296155682,,,"38, Sector 68",,Gurugram,Haryana,122001,28.456875,77.059512,MEDIUM,50,600,9,18,HINDI,SALARIED,f,f,f,f,0,[],016ccc5c-1c53-464b-a41b-fdd5dc089788,2026-09-21 04:52:59.392684+00,2026-09-21 04:52:59.39269+00
DAILY2026092197,Sanjay Saxena,1986-03-10,MALE,XXXXX1234X,XXXXXXXX5678,9110060142,,,"8, Sector 64",,Gurugram,Haryana,122001,28.444262,77.097337,MEDIUM,50,600,9,18,HINDI,SALARIED,f,f,f,f,0,[],01a976fc-7146-45ae-a861-307a0ba16537,2026-09-21 04:52:59.949301+00,2026-09-21 04:52:59.949306+00
CUST000068,Rayaan Trivedi,1992-01-05,MALE,XXXXX6062X,XXXXXXXX6567,9476908532,,ekarajmajumdar@example.com,"40/44
Suri",,Gurugram,Haryana,693830,28.523204,77.027347,MEDIUM,50,392,9,18,URDU,SALARIED,f,f,f,f,0,[],01bec68e-6cbc-49d5-9bc3-5d11bc4bd4a1,2026-08-27 11:27:59.589043+00,2026-08-27 11:27:59.589044+00
CUST000212,Chatresh Parmer,1999-10-28,MALE,XXXXX7484X,XXXXXXXX6431,9841433502,,mdeshpande@example.com,"76
Suresh Chowk",,Delhi,Delhi,381631,28.703996,77.121771,MEDIUM,50,505,9,18,PUNJABI,SALARIED,f,f,f,f,0,[],0206ed96-6702-4d9b-8861-5ca0019ddc4f,2026-08-27 11:27:59.589369+00,2026-08-27 11:27:59.58937+00
CUST000080,Nitesh Kurian,1998-05-21,FEMALE,XXXXX7421X,XXXXXXXX3112,9738920648,8190966348,,"H.No. 51
Borra Chowk",,Delhi,Delhi,494976,28.712063,77.110353,MEDIUM,50,635,9,18,PUNJABI,SELF_EMPLOYED,f,f,f,f,0,[],0212a882-e655-4907-a63c-0a2ee780157a,2026-08-27 11:27:59.58907+00,2026-08-27 11:27:59.589071+00
DAILY2026090355,Divya Singh,1986-03-10,MALE,XXXXX1234X,XXXXXXXX5678,9741030158,,,"147, Sector 62",,Gurugram,Haryana,122001,28.486322,77.058643,MEDIUM,50,520,9,18,HINDI,SALARIED,f,f,f,f,0,[],02715279-743d-4b28-aaa2-b10fa76606a2,2026-09-02 15:33:15.768524+00,2026-09-02 15:33:15.768524+00
CUST000311,Lila Nagy,1982-10-23,MALE,XXXXX9572X,XXXXXXXX2092,9147005473,8239344057,,"93
Rao Road",,Delhi,Delhi,132792,28.587305,77.050337,MEDIUM,50,356,9,18,ENGLISH,SALARIED,f,f,f,f,0,[],02750d35-bc1c-4780-a7d3-bf83613ef162,2026-08-27 11:27:59.589598+00,2026-08-27 11:27:59.589599+00
CUST000189,Avni Bali,1970-06-20,MALE,XXXXX6051X,XXXXXXXX8591,9384550090,8197088689,,"H.No. 392
Bose Marg",,Delhi,Delhi,418992,28.52651,77.067626,MEDIUM,50,406,9,18,HARYANVI,SALARIED,f,f,f,f,0,[],02b1d4f2-47f8-4560-a341-fc11f18e84e5,2026-08-27 11:27:59.58932+00,2026-08-27 11:27:59.58932+00
DAILY2026092166,Neha Sharma,1986-03-10,FEMALE,XXXXX1234X,XXXXXXXX5678,9164624817,,,"22, Sector 47",,Noida,Uttar Pradesh,201301,28.620773,77.339896,MEDIUM,50,600,9,18,HINDI,SALARIED,f,f,f,f,0,[],030eb0d4-5b3e-44b9-8414-f9fc107fd33f,2026-09-21 04:52:59.749933+00,2026-09-21 05:54:35.853147+00
DAILY20260921123,Manish Reddy,1986-03-10,MALE,XXXXX1234X,XXXXXXXX5678,9680527368,,,"120, Sector 15",,Gurugram,Haryana,122001,28.435431,77.091993,MEDIUM,50,520,9,18,HINDI,SALARIED,f,f,f,f,0,[],030f0a52-fdf1-4983-8a18-ac32a8a318f0,2026-09-21 04:53:00.19929+00,2026-09-21 05:54:35.861552+00
DEMO0014,Rohit Kumar Singh,1985-06-15,MALE,XXXXX1234X,XXXXXXXX5678,9876541014,,,"3rd Floor, Tower B, Sector 66",,Gurugram,Haryana,122101,28.4081,77.0926,MEDIUM,50,520,9,18,HINDI,SALARIED,f,f,f,f,0,[],033f659c-3746-4c9e-8a52-e53dcaa34bb8,2026-08-27 11:28:09.604794+00,2026-08-27 11:28:09.604797+00
DAILY20260906150,Preeti Reddy,1986-03-10,MALE,XXXXX1234X,XXXXXXXX5678,9461580916,,,"95, Sector 30",,Gurugram,Haryana,122001,28.460689,77.070284,MEDIUM,50,520,9,18,HINDI,SALARIED,f,f,f,f,0,[],0359b1a7-7c30-4639-9453-f0af761d6a46,2026-09-06 13:30:49.710216+00,2026-09-21 05:54:35.861556+00
DAILY2026090344,Rahul Verma,1986-03-10,MALE,XXXXX1234X,XXXXXXXX5678,9498388161,,,"89, Sector 37",,Noida,Uttar Pradesh,201301,28.572725,77.345849,MEDIUM,50,520,9,18,HINDI,SALARIED,f,f,f,f,0,[],035ed79d-f635-43cb-8490-cf7a593ba36c,2026-09-02 15:33:15.735609+00,2026-09-21 05:54:35.863685+00
CUST000264,Jalsa Aggarwal,1979-11-26,FEMALE,XXXXX2252X,XXXXXXXX2235,9120004122,8778203785,,"97/310
Garde Ganj",,Delhi,Delhi,710156,28.679351,77.266204,MEDIUM,50,434,9,18,HARYANVI,RETIRED,f,f,f,f,0,[],03835aab-6c3f-498b-87bb-b14e81a4c4a7,2026-08-27 11:27:59.589492+00,2026-08-27 11:27:59.589492+00
DAILY20260907155,Divya Mehta,1986-03-10,MALE,XXXXX1234X,XXXXXXXX5678,9246833438,,,"25, Sector 19",,Gurugram,Haryana,122001,28.419376,77.046706,MEDIUM,50,600,9,18,HINDI,SALARIED,f,f,f,f,0,[],038f79cb-3043-4d5c-b289-e6269ac0203a,2026-09-07 04:59:06.707564+00,2026-09-07 04:59:06.707566+00
DAILY20260906158,Deepak Singh,1986-03-10,FEMALE,XXXXX1234X,XXXXXXXX5678,9476783594,,,"147, Sector 67",,Delhi,Delhi,110001,28.676331,77.136293,MEDIUM,50,520,9,18,HINDI,SALARIED,f,f,f,f,0,[],039bbfd7-b772-4196-bff6-b6b5ee085458,2026-09-06 13:30:49.763558+00,2026-09-21 05:54:35.863691+00
CUST000273,Deepa Mand,1995-09-06,MALE,XXXXX7196X,XXXXXXXX7315,9241962842,,,"247, Luthra Path",,Noida,Uttar Pradesh,628859,28.68296,77.410728,MEDIUM,50,335,9,18,URDU,SELF_EMPLOYED,f,f,f,f,0,[],039f2e69-e6e6-4f6a-b283-2a959682d8a4,2026-08-27 11:27:59.58952+00,2026-08-27 11:27:59.58952+00
DAILY20260903119,Divya Yadav,1986-03-10,MALE,XXXXX1234X,XXXXXXXX5678,9727950109,,,"86, Sector 51",,Gurugram,Haryana,122001,28.49221,77.085997,MEDIUM,50,520,9,18,HINDI,SALARIED,f,f,f,f,0,[],03a693ea-88ce-41a3-8bcc-c531799cb097,2026-09-02 15:33:16.047432+00,2026-09-02 15:33:16.047432+00
CUST000259,Advay Lanka,1971-08-15,FEMALE,XXXXX3316X,XXXXXXXX3019,9144853569,,pallaaahana@example.org,"H.No. 676, Sachdev Street",,Noida,Uttar Pradesh,663244,28.658079,77.309512,MEDIUM,50,305,9,18,HARYANVI,SALARIED,f,f,f,f,0,[],03f86dca-2e8f-417a-b504-e5736d9c217e,2026-08-27 11:27:59.589482+00,2026-08-27 11:27:59.589483+00
DAILY20260906157,Vijay Yadav,1986-03-10,FEMALE,XXXXX1234X,XXXXXXXX5678,9870010443,,,"84, Sector 67",,Delhi,Delhi,110001,28.581422,77.276194,MEDIUM,50,520,9,18,HINDI,SALARIED,f,f,f,f,0,[],0414fa3b-b8b5-4517-8337-42d9ed29c060,2026-09-06 13:30:49.756645+00,2026-09-21 05:54:35.863692+00
DAILY2026090725,Amit Chauhan,1986-03-10,FEMALE,XXXXX1234X,XXXXXXXX5678,9821169461,,,"183, Sector 15",,Gurugram,Haryana,122001,28.465287,77.030653,MEDIUM,50,520,9,18,HINDI,SALARIED,f,f,f,f,0,[],041f309a-1ded-45ba-9194-57beba04dc67,2026-09-07 04:59:05.862906+00,2026-09-07 04:59:05.862908+00
DAILY2026090200,Preeti Malik,1986-03-10,FEMALE,XXXXX1234X,XXXXXXXX5678,9894677383,,,"97, Sector 9",,Gurugram,Haryana,122001,28.48461,77.040372,MEDIUM,50,520,9,18,HINDI,SALARIED,f,f,f,f,0,[],04acf58f-98ed-417d-b39c-268018b6beca,2026-09-02 05:53:50.372811+00,2026-09-02 05:53:50.372816+00
DAILY20260918167,Rahul Mehta,1986-03-10,MALE,XXXXX1234X,XXXXXXXX5678,9150525931,,,"1, Sector 20",,Gurugram,Haryana,122001,28.41226,77.02544,MEDIUM,50,600,9,18,HINDI,SALARIED,f,f,f,f,0,[],04be6c36-275f-44ad-8453-95be4afff410,2026-09-18 06:49:34.95879+00,2026-09-21 05:54:35.866541+00
DAILY2026090677,Divya Singh,1986-03-10,MALE,XXXXX1234X,XXXXXXXX5678,9338196681,,,"155, Sector 21",,Noida,Uttar Pradesh,201310,28.464041,77.511113,MEDIUM,50,600,9,18,HINDI,SALARIED,f,f,f,f,0,[],0547279f-01de-4ce3-acf9-5acbdaefd517,2026-09-06 13:30:49.263714+00,2026-09-21 05:54:35.867944+00
CUST000061,Anita Tella,1984-03-03,FEMALE,XXXXX1422X,XXXXXXXX3159,9115956152,,mbuch@example.org,"59/401
Bail Ganj",,Gurugram,Haryana,717457,28.417324,77.115772,MEDIUM,50,356,9,18,PUNJABI,SALARIED,f,t,f,f,0,[],0549a0ef-cfda-4123-acaa-366ba52ffd7e,2026-08-27 11:27:59.58903+00,2026-08-27 11:27:59.58903+00
DAILY20260921122,Deepak Mehta,1986-03-10,FEMALE,XXXXX1234X,XXXXXXXX5678,9153993449,,,"152, Sector 54",,Delhi,Delhi,110001,28.661495,77.060285,MEDIUM,50,520,9,18,HINDI,SALARIED,f,f,f,f,0,[],05cb73f1-673d-4220-9cff-aaba6f817ead,2026-09-21 04:53:00.193515+00,2026-09-21 05:54:35.867949+00
DAILY2026092117,Rahul Yadav,1986-03-10,MALE,XXXXX1234X,XXXXXXXX5678,9469826584,,,"96, Sector 35",,Delhi,Delhi,110001,28.616659,77.237222,MEDIUM,50,520,9,18,HINDI,SALARIED,f,f,f,f,0,[],05d0dba9-4194-48dc-8fd2-14db0de55d3c,2026-09-21 04:52:59.474624+00,2026-09-21 05:54:35.86795+00
DAILY20260903106,Rahul Nair,1986-03-10,FEMALE,XXXXX1234X,XXXXXXXX5678,9745985368,,,"74, Sector 57",,Gurugram,Haryana,122001,28.492227,77.04602,MEDIUM,50,600,9,18,HINDI,SALARIED,f,f,f,f,0,[],05ecc102-00e7-4d85-ac3e-b550bec2f50b,2026-09-02 15:33:15.983376+00,2026-09-02 15:33:15.983376+00
CUST000270,Lipika Ranganathan,1984-08-18,FEMALE,XXXXX2856X,XXXXXXXX8889,9825022076,8326241647,zinal70@example.net,"H.No. 622
Chaudhry",,Delhi,Delhi,778700,28.561649,77.359334,MEDIUM,50,469,9,18,URDU,SALARIED,f,f,f,f,0,[],06095920-7424-42cf-92ed-75bf431eed5d,2026-08-27 11:27:59.589513+00,2026-08-27 11:27:59.589514+00
DAILY2026090778,Anjali Verma,1986-03-10,MALE,XXXXX1234X,XXXXXXXX5678,9874320874,,,"115, Sector 6",,Gurugram,Haryana,122001,28.539501,77.035304,MEDIUM,50,600,9,18,HINDI,SALARIED,f,f,f,f,0,[],063415cc-3221-4049-b722-c67488f40646,2026-09-07 04:59:06.255474+00,2026-09-21 05:54:35.872962+00
CUST000323,Oliver Yogi,1983-11-30,MALE,XXXXX6729X,XXXXXXXX8245,9769136744,,,"361, Yogi Ganj",,Delhi,Delhi,344831,28.614925,76.958443,MEDIUM,50,456,9,18,ENGLISH,BUSINESS_OWNER,f,f,f,f,0,[],0699fab6-ae8e-4ccf-bd1a-55446ed01aeb,2026-08-27 11:27:59.589623+00,2026-08-27 11:27:59.589624+00
DAILY2026091823,Nikhil Chauhan,1986-03-10,MALE,XXXXX1234X,XXXXXXXX5678,9771375839,,,"28, Sector 11",,Gurugram,Haryana,122001,28.456233,77.070214,MEDIUM,50,520,9,18,HINDI,SALARIED,f,f,f,f,0,[],06c11942-9c85-4c36-87dc-52b614234094,2026-09-18 06:49:34.136802+00,2026-09-18 06:49:34.136804+00
DAILY2026090654,Rohan Malik,1986-03-10,MALE,XXXXX1234X,XXXXXXXX5678,9845142648,,,"35, Sector 12",,Delhi,Delhi,110001,28.56518,77.190723,MEDIUM,50,520,9,18,HINDI,SALARIED,f,f,f,f,0,[],06d56131-2464-441d-bfc9-d84c29a7e736,2026-09-06 13:30:49.1028+00,2026-09-21 05:54:35.874492+00
DAILY2026090734,Anjali Mehta,1986-03-10,FEMALE,XXXXX1234X,XXXXXXXX5678,9613670431,,,"157, Sector 23",,Gurugram,Haryana,122001,28.440369,77.044992,MEDIUM,50,600,9,18,HINDI,SALARIED,f,f,f,f,0,[],07564fe8-ef21-4d13-b31a-2d776cbba813,2026-09-07 04:59:05.90778+00,2026-09-07 04:59:05.907783+00
DAILY2026090721,Preeti Saxena,1986-03-10,MALE,XXXXX1234X,XXXXXXXX5678,9769990938,,,"32, Sector 64",,Delhi,Delhi,110001,28.680427,77.120343,MEDIUM,50,520,9,18,HINDI,SALARIED,f,f,f,f,0,[],0765b445-a29b-4d9e-81af-714f7990b032,2026-09-07 04:59:05.843266+00,2026-09-21 05:54:35.874498+00
DAILY2026090632,Kiran Sharma,1986-03-10,MALE,XXXXX1234X,XXXXXXXX5678,9506610606,,,"142, Sector 23",,Noida,Uttar Pradesh,201301,28.518845,77.304204,MEDIUM,50,600,9,18,HINDI,SALARIED,f,f,f,f,0,[],07816f56-9533-48bf-8339-6d4490f9e429,2026-09-06 13:30:48.861234+00,2026-09-21 05:54:35.874499+00
DAILY2026092171,Pooja Reddy,1986-03-10,FEMALE,XXXXX1234X,XXXXXXXX5678,9788112797,,,"113, Sector 42",,Gurugram,Haryana,122001,28.513458,77.047756,MEDIUM,50,600,9,18,HINDI,SALARIED,f,f,f,f,0,[],079a057c-fec6-4900-9327-dc57809c1fc7,2026-09-21 04:52:59.779652+00,2026-09-21 04:52:59.779658+00
DAILY20260906113,Sanjay Saxena,1986-03-10,MALE,XXXXX1234X,XXXXXXXX5678,9626658284,,,"149, Sector 28",,Noida,Uttar Pradesh,201301,28.645584,77.346308,MEDIUM,50,600,9,18,HINDI,SALARIED,f,f,f,f,0,[],07e92b73-71cd-4b5c-bdfd-ef6208bb1336,2026-09-06 13:30:49.471479+00,2026-09-21 05:54:35.874501+00
BANK0003,Vinod Kumar Srivastava,1976-09-08,MALE,XXXXX5002X,XXXXXXXX6002,9811200005,,,"House 12, Sector 56",,Gurugram,Haryana,122011,28.699,77.102,MEDIUM,50,540,9,18,HINDI,SALARIED,f,f,f,f,0,[],07eea67d-6db2-4a89-8a06-711401425d4a,2026-08-27 11:28:09.802549+00,2026-08-27 11:28:09.802551+00
DAILY20260921140,Vijay Chauhan,1986-03-10,FEMALE,XXXXX1234X,XXXXXXXX5678,9493604538,,,"33, Sector 50",,Delhi,Delhi,110001,28.54634,77.017675,MEDIUM,50,520,9,18,HINDI,SALARIED,f,f,f,f,0,[],08075e1c-06ec-4bea-8ca5-55cf9a83ba9d,2026-09-21 04:53:00.396562+00,2026-09-21 05:54:35.874502+00
DAILY20260903193,Vijay Yadav,1986-03-10,MALE,XXXXX1234X,XXXXXXXX5678,9188090761,,,"15, Sector 14",,Noida,Uttar Pradesh,201301,28.580477,77.34502,MEDIUM,50,520,9,18,HINDI,SALARIED,f,f,f,f,0,[],080b4874-aa34-46f4-944b-8cd03ccef097,2026-09-02 15:33:16.301408+00,2026-09-21 05:54:35.874503+00
DAILY2026091831,Vijay Gupta,1986-03-10,FEMALE,XXXXX1234X,XXXXXXXX5678,9451252479,,,"3, Sector 69",,Delhi,Delhi,110001,28.565036,77.23591,MEDIUM,50,520,9,18,HINDI,SALARIED,f,f,f,f,0,[],0819c238-f941-4756-8194-915ed4d0b02b,2026-09-18 06:49:34.173095+00,2026-09-21 05:54:35.874504+00
CUST000019,Chaman Kalla,2000-06-18,FEMALE,XXXXX6198X,XXXXXXXX8251,9757830420,8642001424,,"50/097, Wali Circle",,Gurugram,Haryana,674485,28.514473,76.99901,MEDIUM,50,586,9,18,URDU,SELF_EMPLOYED,f,f,f,f,0,[],08261f05-6d9a-4fd9-a6c1-b6d1549ba303,2026-08-27 11:27:59.588936+00,2026-08-27 11:27:59.588937+00
DAILY20260907163,Manish Yadav,1986-03-10,MALE,XXXXX1234X,XXXXXXXX5678,9162246696,,,"108, Sector 31",,Gurugram,Haryana,122001,28.460944,77.086987,MEDIUM,50,520,9,18,HINDI,SALARIED,f,f,f,f,0,[],08270c0e-2af1-4c08-a509-8ee29b690b2e,2026-09-07 04:59:06.748386+00,2026-09-07 04:59:06.748389+00
DAILY20260903146,Amit Sharma,1986-03-10,FEMALE,XXXXX1234X,XXXXXXXX5678,9937746341,,,"142, Sector 51",,Gurugram,Haryana,122001,28.427886,77.088373,MEDIUM,50,520,9,18,HINDI,SALARIED,f,f,f,f,0,[],0841659d-fadd-469c-a4cf-8ddf6d5ea29b,2026-09-02 15:33:16.140904+00,2026-09-02 15:33:16.140904+00
DAILY2026090342,Neha Reddy,1986-03-10,MALE,XXXXX1234X,XXXXXXXX5678,9371389566,,,"7, Sector 50",,Gurugram,Haryana,122001,28.445537,77.097292,MEDIUM,50,600,9,18,HINDI,SALARIED,f,f,f,f,0,[],085939f0-aa3c-4523-90f6-c75f66ff82f5,2026-09-02 15:33:15.719033+00,2026-09-02 15:33:15.719033+00
DAILY2026090647,Deepak Malik,1986-03-10,FEMALE,XXXXX1234X,XXXXXXXX5678,9415824687,,,"194, Sector 68",,Gurugram,Haryana,122001,28.374445,77.026256,MEDIUM,50,600,9,18,HINDI,SALARIED,f,f,f,f,0,[],087ce244-d4ad-4f9e-9179-ba438d33cde6,2026-09-06 13:30:49.05266+00,2026-09-21 05:54:35.879279+00
CUST000134,Janaki Trivedi,1972-03-04,FEMALE,XXXXX1647X,XXXXXXXX2192,9302038796,8730913181,liamkhalsa@example.com,"H.No. 89, Sibal Path",,Noida,Uttar Pradesh,685997,28.545867,77.384212,MEDIUM,50,493,9,18,ENGLISH,RETIRED,f,f,f,f,0,[],08ba962e-0ef6-4f27-a9fe-8ed646f6755b,2026-08-27 11:27:59.589182+00,2026-08-27 11:27:59.589183+00
DAILY2026090306,Rohan Reddy,1986-03-10,MALE,XXXXX1234X,XXXXXXXX5678,9697482344,,,"50, Sector 53",,Gurugram,Haryana,122001,28.449823,77.04766,MEDIUM,50,600,9,18,HINDI,SALARIED,f,f,f,f,0,[],08bfc94b-f4a3-45ae-b761-5a2222bda48d,2026-09-02 15:33:15.588007+00,2026-09-02 15:33:15.588007+00
CUST000368,Patrick Sama,1982-08-21,MALE,XXXXX9834X,XXXXXXXX6119,9758245742,,,"44
Batta Circle",,Gurugram,Haryana,111307,28.4753,77.086409,MEDIUM,50,642,9,18,URDU,RETIRED,f,f,f,f,0,[],08fa3de6-4b4c-45ca-830d-c82509604d78,2026-08-27 11:27:59.589718+00,2026-08-27 11:27:59.589719+00
DAILY2026090100,Neha Yadav,1986-03-10,MALE,XXXXX1234X,XXXXXXXX5678,9693188363,,,"56, Sector 32",,Gurugram,Haryana,122001,28.487387,77.092234,MEDIUM,50,520,9,18,HINDI,SALARIED,f,f,f,f,0,[],0909f0a5-82d4-40b4-93e1-c89e482bdaff,2026-09-01 04:38:21.137679+00,2026-09-01 04:38:21.137686+00
DAILY2026090310,Nikhil Sharma,1986-03-10,MALE,XXXXX1234X,XXXXXXXX5678,9824436067,,,"87, Sector 28",,Noida,Uttar Pradesh,201301,28.569936,77.335399,MEDIUM,50,520,9,18,HINDI,SALARIED,f,f,f,f,0,[],09394f21-b825-45ae-8d98-5e23484538b4,2026-09-02 15:33:15.604048+00,2026-09-21 05:54:35.880471+00
CUST000168,Anthony Randhawa,1973-04-27,MALE,XXXXX7786X,XXXXXXXX7146,9585322421,,kamdarelijah@example.org,"H.No. 18
Biswas Nagar",,Gurugram,Haryana,197616,28.475364,77.095266,MEDIUM,50,623,9,18,URDU,HOMEMAKER,f,f,f,f,0,[],0984faa1-314e-4568-b8f0-cf91a86cf052,2026-08-27 11:27:59.589275+00,2026-08-27 11:27:59.589276+00
CUST000295,Omya Cheema,1983-02-03,FEMALE,XXXXX8377X,XXXXXXXX7782,9279656450,,,"H.No. 11, Issac Chowk",,Delhi,Delhi,346024,28.494058,77.296466,MEDIUM,50,600,9,18,PUNJABI,SALARIED,f,f,f,f,0,[],09bb1651-55d3-44d1-9b94-6f90f25ae1cf,2026-08-27 11:27:59.589564+00,2026-08-27 11:27:59.589565+00
DAILY2026092185,Sneha Chauhan,1986-03-10,MALE,XXXXX1234X,XXXXXXXX5678,9306967497,,,"176, Sector 70",,Delhi,Delhi,110001,28.535115,77.202099,MEDIUM,50,520,9,18,HINDI,SALARIED,f,f,f,f,0,[],0a2529d8-8ddd-4865-8f0a-7406b37c70ce,2026-09-21 04:52:59.86503+00,2026-09-21 05:54:35.880476+00
DAILY20260903154,Manish Singh,1986-03-10,FEMALE,XXXXX1234X,XXXXXXXX5678,9459966104,,,"77, Sector 10",,Noida,Uttar Pradesh,201301,28.525495,77.28924,MEDIUM,50,520,9,18,HINDI,SALARIED,f,f,f,f,0,[],0a783773-61c1-4c55-98ff-64f646e5902d,2026-09-02 15:33:16.174467+00,2026-09-21 05:54:35.880478+00
CUST000175,Wridesh Kar,1975-01-30,FEMALE,XXXXX2380X,XXXXXXXX5065,9694205108,8874360740,ubikabhardwaj@example.net,"88
Rama Street",,Delhi,Delhi,128127,28.517487,77.200121,MEDIUM,50,441,9,18,PUNJABI,SELF_EMPLOYED,f,f,f,f,0,[],0a99b2b1-64d9-4196-be30-c6ebb342aa5b,2026-08-27 11:27:59.589289+00,2026-08-27 11:27:59.589289+00
CUST000296,Adya Virk,2000-08-18,FEMALE,XXXXX2363X,XXXXXXXX2702,9381805975,8190528528,nimrat42@example.org,"753
Arya Nagar",,Noida,Uttar Pradesh,508783,28.558609,77.333226,MEDIUM,50,503,9,18,PUNJABI,SELF_EMPLOYED,f,f,f,f,0,[],0aaac964-9f44-42f1-a16d-23c8337b7ac4,2026-08-27 11:27:59.589566+00,2026-08-27 11:27:59.589567+00
CUST000237,Mason Gola,1999-01-14,FEMALE,XXXXX1894X,XXXXXXXX1190,9790844104,8642849045,sainiudarsh@example.com,"54, Pradhan Zila",,Gurugram,Haryana,619920,28.482086,77.095466,MEDIUM,50,585,9,18,ENGLISH,SALARIED,f,f,f,f,0,[],0ad74479-badd-4029-84a2-a208c9b36f28,2026-08-27 11:27:59.58944+00,2026-08-27 11:27:59.58944+00
DAILY20260906136,Kiran Verma,1986-03-10,MALE,XXXXX1234X,XXXXXXXX5678,9131297645,,,"25, Sector 45",,Delhi,Delhi,110001,28.613342,77.292063,MEDIUM,50,520,9,18,HINDI,SALARIED,f,f,f,f,0,[],0ae5ea8a-838f-4ba8-88dc-dff30ef5220a,2026-09-06 13:30:49.619752+00,2026-09-21 05:54:35.880479+00
CUST000358,Yagnesh Nori,2000-03-06,MALE,XXXXX2070X,XXXXXXXX8787,9221211559,,,"79/071
Bir Road",,Gurugram,Haryana,279098,28.408688,77.121011,MEDIUM,50,549,9,18,PUNJABI,BUSINESS_OWNER,f,f,f,f,0,[],0ae89c05-ac7c-4c5f-ad67-d354891ebd4b,2026-08-27 11:27:59.589698+00,2026-08-27 11:27:59.589699+00
DAILY20260918108,Anjali Chauhan,1986-03-10,MALE,XXXXX1234X,XXXXXXXX5678,9239433404,,,"56, Sector 69",,Gurugram,Haryana,122001,28.517688,77.065292,MEDIUM,50,520,9,18,HINDI,SALARIED,f,f,f,f,0,[],0b24b693-ad05-41e1-b183-a00b4588cad8,2026-09-18 06:49:34.632924+00,2026-09-18 06:49:34.632928+00
CUST000382,Jeremiah Sarma,1991-04-14,MALE,XXXXX6985X,XXXXXXXX9759,9465139645,,,"H.No. 207, Oommen Ganj",,Gurugram,Haryana,404043,28.552659,77.033245,MEDIUM,50,631,9,18,ENGLISH,SELF_EMPLOYED,f,f,f,f,0,[],0b2c8dd8-f345-4d01-94f7-6c59689252ce,2026-08-27 11:27:59.589746+00,2026-08-27 11:27:59.589747+00
CUST000163,Warinder Sekhon,1992-04-18,FEMALE,XXXXX9109X,XXXXXXXX7703,9835187452,8862509565,chasmum99@example.org,"53/017
Dutta Road",,Noida,Uttar Pradesh,612438,28.576219,77.342774,MEDIUM,50,558,9,18,ENGLISH,SALARIED,f,f,f,f,0,[],0b547eaa-2b69-48cc-a066-58e1e3def0fa,2026-08-27 11:27:59.589265+00,2026-08-27 11:27:59.589266+00
CUST000126,Jhalak Sarkar,1997-06-15,MALE,XXXXX1049X,XXXXXXXX4570,9720956992,,,"52
Tank Chowk",,Gurugram,Haryana,166857,28.486559,77.113134,MEDIUM,50,502,9,18,HARYANVI,SALARIED,f,t,f,f,0,[],0b69a0a3-3f45-481a-8840-b0720961f695,2026-08-27 11:27:59.589166+00,2026-08-27 11:27:59.589166+00
DAILY2026090331,Amit Singh,1986-03-10,MALE,XXXXX1234X,XXXXXXXX5678,9266850909,,,"138, Sector 30",,Gurugram,Haryana,122001,28.513934,77.098996,MEDIUM,50,600,9,18,HINDI,SALARIED,f,f,f,f,0,[],0bb4ce50-ea24-40e9-89e8-9754d9b9bfbd,2026-09-02 15:33:15.690258+00,2026-09-02 15:33:15.690258+00
DAILY2026090733,Kiran Nair,1986-03-10,MALE,XXXXX1234X,XXXXXXXX5678,9205161403,,,"12, Sector 68",,Gurugram,Haryana,122001,28.481705,77.044153,MEDIUM,50,600,9,18,HINDI,SALARIED,f,f,f,f,0,[],0bf4a930-3fed-4007-ac1e-64e7006f5b3e,2026-09-07 04:59:05.90199+00,2026-09-07 04:59:05.901992+00
CUST000370,Jagvi Kurian,1976-09-23,MALE,XXXXX5699X,XXXXXXXX8942,9188594622,,,"H.No. 593
Yohannan",,Gurugram,Haryana,391345,28.527553,77.044001,MEDIUM,50,619,9,18,PUNJABI,SELF_EMPLOYED,f,f,f,f,0,[],0c1f9092-ef1b-4766-a09c-5aa61702bc8e,2026-08-27 11:27:59.589722+00,2026-08-27 11:27:59.589723+00
CUST000357,Niharika Toor,1967-09-12,FEMALE,XXXXX8625X,XXXXXXXX8709,9348779766,8254319982,thakurchaitaly@example.com,"48/94, Purohit Chowk",,Gurugram,Haryana,746910,28.54047,76.940859,MEDIUM,50,650,9,18,PUNJABI,BUSINESS_OWNER,f,f,f,f,0,[],0c6dbe7b-6c5d-4d4e-9acf-ee39611a9414,2026-08-27 11:27:59.589696+00,2026-08-27 11:27:59.589697+00
CUST000327,Urvi Dugar,1983-12-04,MALE,XXXXX4258X,XXXXXXXX9202,9591759000,8865007974,,"68/424, Apte Path",,Delhi,Delhi,359409,28.528622,77.069508,MEDIUM,50,345,9,18,HARYANVI,BUSINESS_OWNER,f,f,f,f,0,[],0c8029d7-3e34-44b7-847f-ba2b017924f0,2026-08-27 11:27:59.589632+00,2026-08-27 11:27:59.589632+00
DAILY2026090641,Sanjay Verma,1986-03-10,FEMALE,XXXXX1234X,XXXXXXXX5678,9470404765,,,"190, Sector 26",,Gurugram,Haryana,122001,28.47241,77.046283,MEDIUM,50,520,9,18,HINDI,SALARIED,f,f,f,f,0,[],0c858f3e-d40f-4560-9f01-5e940047d23c,2026-09-06 13:30:49.012951+00,2026-09-21 05:54:35.883221+00
CUST000167,Christopher Setty,1968-08-31,MALE,XXXXX3221X,XXXXXXXX7743,9163657733,8804263267,,"90
Shere Circle",,Delhi,Delhi,239136,28.660657,77.137581,MEDIUM,50,647,9,18,ENGLISH,SELF_EMPLOYED,f,f,f,f,0,[],0cdc1fb5-87e9-47d4-8bfa-f59fcef10dd7,2026-08-27 11:27:59.589273+00,2026-08-27 11:27:59.589274+00
CUST000111,Mason Nath,1966-10-01,FEMALE,XXXXX1436X,XXXXXXXX8775,9385111130,8940636753,inayamukherjee@example.net,"914
Puri Circle",,Gurugram,Haryana,706574,28.512889,76.96558,MEDIUM,50,671,9,18,HARYANVI,SELF_EMPLOYED,f,f,f,f,0,[],0cf79da7-545f-4c74-a7f6-517536fa5cf4,2026-08-27 11:27:59.589136+00,2026-08-27 11:27:59.589136+00
CUST000388,Kamya Chakraborty,1973-02-07,MALE,XXXXX4991X,XXXXXXXX1666,9243205892,,rchand@example.net,"00/528
Dass Zila",,Gurugram,Haryana,742191,28.501655,76.952452,MEDIUM,50,384,9,18,URDU,SELF_EMPLOYED,t,f,f,t,0,[],0cfbcde8-ced6-40c2-b657-a9fa69c97352,2026-08-27 11:27:59.589759+00,2026-08-27 11:27:59.589759+00
DAILY2026090645,Manish Reddy,1986-03-10,MALE,XXXXX1234X,XXXXXXXX5678,9976835738,,,"134, Sector 7",,Gurugram,Haryana,122001,28.5002,77.050842,MEDIUM,50,600,9,18,HINDI,SALARIED,f,f,f,f,0,[],0d24dae7-98cc-494b-9bc3-c3f3eaed6b46,2026-09-06 13:30:49.038166+00,2026-09-06 13:30:49.03817+00
DAILY20260907130,Rahul Bhatt,1986-03-10,MALE,XXXXX1234X,XXXXXXXX5678,9710626225,,,"24, Sector 10",,Gurugram,Haryana,122001,28.469022,77.078045,MEDIUM,50,520,9,18,HINDI,SALARIED,f,f,f,f,0,[],0d3434c7-a76f-4d6e-9ce9-76b8b38e27d4,2026-09-07 04:59:06.56222+00,2026-09-07 04:59:06.562223+00
CUST000151,Manbir Kibe,1964-11-07,MALE,XXXXX5922X,XXXXXXXX6253,9747693166,8315662642,,"075, Doshi Marg",,Delhi,Delhi,286266,28.576071,77.263277,MEDIUM,50,604,9,18,URDU,BUSINESS_OWNER,f,f,f,f,0,[],0d6340d7-76ec-49c1-90b5-321839e7f0ba,2026-08-27 11:27:59.589241+00,2026-08-27 11:27:59.589241+00
DAILY20260921119,Nikhil Bhatt,1986-03-10,FEMALE,XXXXX1234X,XXXXXXXX5678,9512622058,,,"169, Sector 60",,Noida,Uttar Pradesh,201301,28.552468,77.327814,MEDIUM,50,520,9,18,HINDI,SALARIED,f,f,f,f,0,[],0d67368a-9f11-47ca-8688-94d5e363f2f6,2026-09-21 04:53:00.173834+00,2026-09-21 05:54:35.884373+00
DAILY2026092177,Amit Singh,1986-03-10,FEMALE,XXXXX1234X,XXXXXXXX5678,9950976174,,,"81, Sector 59",,Delhi,Delhi,110001,28.649133,77.035804,MEDIUM,50,520,9,18,HINDI,SALARIED,f,f,f,f,0,[],0d78b641-8f6e-4d1e-b551-394afa82bf79,2026-09-21 04:52:59.816568+00,2026-09-21 05:54:35.884378+00
DAILY2026082801,Rahul Reddy,1986-03-10,FEMALE,XXXXX1234X,XXXXXXXX5678,9365814343,,,"3, Sector 32",,Gurugram,Haryana,122001,28.467555,77.038562,MEDIUM,50,600,9,18,HINDI,SALARIED,f,f,f,f,0,[],0dde083e-ba47-4923-9eca-168c2af29efd,2026-08-28 15:48:57.047562+00,2026-08-28 15:48:57.047568+00
CUST000142,Yug Dhaliwal,1967-05-01,MALE,XXXXX2320X,XXXXXXXX1519,9200395400,,,"96
Dutta Ganj",,Delhi,Delhi,599127,28.461194,77.246778,MEDIUM,50,415,9,18,HINDI,SALARIED,f,f,f,f,0,[],0df43380-a050-44fd-8b41-28df032bed43,2026-08-27 11:27:59.589222+00,2026-08-27 11:27:59.589223+00
DAILY20260918166,Preeti Bhatt,1986-03-10,MALE,XXXXX1234X,XXXXXXXX5678,9173380196,,,"37, Sector 10",,Gurugram,Haryana,122001,28.428562,77.160996,MEDIUM,50,520,9,18,HINDI,SALARIED,f,f,f,f,0,[],0df80162-dd02-45b2-8e7c-2546b8fd9597,2026-09-18 06:49:34.952845+00,2026-09-21 05:54:35.886133+00
DAILY20260907149,Amit Chauhan,1986-03-10,FEMALE,XXXXX1234X,XXXXXXXX5678,9500554420,,,"183, Sector 4",,Gurugram,Haryana,122001,28.370494,77.101825,MEDIUM,50,600,9,18,HINDI,SALARIED,f,f,f,f,0,[],0e52f070-0f58-4dee-8ea4-e8c000c3253d,2026-09-07 04:59:06.653006+00,2026-09-21 05:54:35.886139+00
CUST000387,Ekta Aurora,1970-01-04,FEMALE,XXXXX9943X,XXXXXXXX3250,9445304509,8951586433,,"16/30
Soman Nagar",,Noida,Uttar Pradesh,147800,28.514759,77.341311,MEDIUM,50,650,9,18,HARYANVI,SELF_EMPLOYED,f,f,f,f,0,[],0e603b84-71ce-4946-a57b-0eaa9e30fcdd,2026-08-27 11:27:59.589757+00,2026-08-27 11:27:59.589757+00
DAILY2026091801,Preeti Mehta,1986-03-10,MALE,XXXXX1234X,XXXXXXXX5678,9686120697,,,"62, Sector 5",,Gurugram,Haryana,122001,28.42617,77.034859,MEDIUM,50,600,9,18,HINDI,SALARIED,f,f,f,f,0,[],0f1ae83c-9f0f-42ce-8449-c01ecfb0d7a5,2026-09-18 06:49:34.0208+00,2026-09-18 06:49:34.020804+00
DAILY20260906144,Deepak Sharma,1986-03-10,FEMALE,XXXXX1234X,XXXXXXXX5678,9809284483,,,"121, Sector 16",,Noida,Uttar Pradesh,201301,28.549086,77.391252,MEDIUM,50,520,9,18,HINDI,SALARIED,f,f,f,f,0,[],0f343bb3-c515-409b-a992-2f71e25c319d,2026-09-06 13:30:49.671977+00,2026-09-21 05:54:35.887702+00
DAILY2026090386,Sneha Bhatt,1986-03-10,MALE,XXXXX1234X,XXXXXXXX5678,9280974710,,,"170, Sector 58",,Gurugram,Haryana,122001,28.515803,77.077054,MEDIUM,50,520,9,18,HINDI,SALARIED,f,f,f,f,0,[],0f631b63-6ca3-4dcf-ba57-97c8114e2014,2026-09-02 15:33:15.911393+00,2026-09-02 15:33:15.911393+00
DAILY20260907124,Preeti Bhatt,1986-03-10,FEMALE,XXXXX1234X,XXXXXXXX5678,9165809207,,,"151, Sector 16",,Gurugram,Haryana,122001,28.479131,77.060668,MEDIUM,50,600,9,18,HINDI,SALARIED,f,f,f,f,0,[],0fc3f14b-948a-4ce9-b8a0-4f02f0ac5ac3,2026-09-07 04:59:06.531554+00,2026-09-07 04:59:06.531556+00
DAILY20260918163,Kiran Singh,1986-03-10,MALE,XXXXX1234X,XXXXXXXX5678,9267631224,,,"162, Sector 29",,Noida,Uttar Pradesh,201301,28.553419,77.326271,MEDIUM,50,600,9,18,HINDI,SALARIED,f,f,f,f,0,[],0fc9df36-d8ed-4a06-982b-1da51265be9f,2026-09-18 06:49:34.938191+00,2026-09-21 05:54:35.887705+00
DAILY20260907141,Sanjay Nair,1986-03-10,MALE,XXXXX1234X,XXXXXXXX5678,9247034092,,,"189, Sector 22",,Gurugram,Haryana,122001,28.495898,77.072048,MEDIUM,50,600,9,18,HINDI,SALARIED,f,f,f,f,0,[],0feb4196-d6b6-47e2-ab89-56892325e214,2026-09-07 04:59:06.612811+00,2026-09-07 04:59:06.612813+00
DAILY2026092143,Amit Mehta,1986-03-10,MALE,XXXXX1234X,XXXXXXXX5678,9254788926,,,"143, Sector 12",,Gurugram,Haryana,122001,28.417866,77.036195,MEDIUM,50,600,9,18,HINDI,SALARIED,f,f,f,f,0,[],102fb9b5-a6d1-46c9-9085-766bdcd71f5f,2026-09-21 04:52:59.626301+00,2026-09-21 04:52:59.626305+00
DAILY2026092199,Sneha Chauhan,1986-03-10,FEMALE,XXXXX1234X,XXXXXXXX5678,9335293667,,,"90, Sector 30",,Gurugram,Haryana,122001,28.50666,77.097831,MEDIUM,50,600,9,18,HINDI,SALARIED,f,f,f,f,0,[],1085d3bc-1845-44ac-b402-eb211b1c28ae,2026-09-21 04:52:59.959772+00,2026-09-21 04:52:59.959774+00
CUST000263,Alka Manda,1974-12-14,MALE,XXXXX8863X,XXXXXXXX8583,9578199481,,,"H.No. 698, Dube Chowk",,Gurugram,Haryana,678469,28.467219,76.934557,MEDIUM,50,675,9,18,HINDI,SELF_EMPLOYED,f,f,f,f,0,[],109ca576-3c7b-4114-b736-57cf14e3b726,2026-08-27 11:27:59.58949+00,2026-08-27 11:27:59.58949+00
DAILY2026092102,Preeti Reddy,1986-03-10,MALE,XXXXX1234X,XXXXXXXX5678,9128337805,,,"2, Sector 35",,Gurugram,Haryana,122001,28.505596,77.069475,MEDIUM,50,520,9,18,HINDI,SALARIED,f,f,f,f,0,[],109d6106-554e-4a61-a86f-b46c37df6fa3,2026-09-21 04:52:59.356282+00,2026-09-21 05:54:35.889163+00
CUST000195,Advik Manne,1979-05-18,MALE,XXXXX8728X,XXXXXXXX9674,9483790644,8349926429,kibeomkaar@example.net,"244
Tailor Road",,Noida,Uttar Pradesh,204998,28.491915,77.358571,MEDIUM,50,443,9,18,ENGLISH,SELF_EMPLOYED,f,f,f,f,0,[],11721135-0a03-4f14-a72b-f26994b00c33,2026-08-27 11:27:59.589332+00,2026-08-27 11:27:59.589333+00
CUST000213,Fitan Balasubramanian,1993-11-23,MALE,XXXXX3201X,XXXXXXXX5923,9898567178,,brindabali@example.com,"42/79, Vaidya Chowk",,Delhi,Delhi,382507,28.634801,77.209485,MEDIUM,50,350,9,18,URDU,HOMEMAKER,f,f,f,f,0,[],119a6328-3709-4881-836e-1e3fbe5085e2,2026-08-27 11:27:59.589371+00,2026-08-27 11:27:59.589372+00
DAILY20260918185,Sneha Mehta,1986-03-10,FEMALE,XXXXX1234X,XXXXXXXX5678,9693969306,,,"183, Sector 25",,Gurugram,Haryana,122001,28.472722,77.106957,MEDIUM,50,520,9,18,HINDI,SALARIED,f,f,f,f,0,[],11ca8551-e574-4bb5-a002-500da76d391e,2026-09-18 06:49:35.056845+00,2026-09-21 05:54:35.889167+00
DAILY2026090646,Manish Singh,1986-03-10,FEMALE,XXXXX1234X,XXXXXXXX5678,9581188015,,,"108, Sector 34",,Gurugram,Haryana,122001,28.516751,77.006777,MEDIUM,50,600,9,18,HINDI,SALARIED,f,f,f,f,0,[],11ceaf8a-25db-4118-b8c1-bdeeff627852,2026-09-06 13:30:49.046061+00,2026-09-21 05:54:35.889169+00
DAILY20260907101,Rahul Bhatt,1986-03-10,MALE,XXXXX1234X,XXXXXXXX5678,9134940797,,,"192, Sector 14",,Gurugram,Haryana,122001,28.436257,77.067284,MEDIUM,50,600,9,18,HINDI,SALARIED,f,f,f,f,0,[],11dad063-44fd-4417-9231-ba10e6d2c41c,2026-09-07 04:59:06.391983+00,2026-09-07 04:59:06.391986+00
DAILY2026091879,Anjali Saxena,1986-03-10,MALE,XXXXX1234X,XXXXXXXX5678,9788246700,,,"124, Sector 43",,Delhi,Delhi,110001,28.578076,77.034962,MEDIUM,50,520,9,18,HINDI,SALARIED,f,f,f,f,0,[],11ee38fb-c4b3-4431-9280-0682e9fb32c1,2026-09-18 06:49:34.446259+00,2026-09-21 05:54:35.891741+00
DAILY20260903164,Rahul Verma,1986-03-10,FEMALE,XXXXX1234X,XXXXXXXX5678,9219783167,,,"121, Sector 52",,Gurugram,Haryana,122001,28.433729,77.046367,MEDIUM,50,520,9,18,HINDI,SALARIED,f,f,f,f,0,[],1216f151-7a98-47d0-9429-0927237354c5,2026-09-02 15:33:16.200157+00,2026-09-02 15:33:16.200157+00
DAILY2026092164,Preeti Chauhan,1986-03-10,MALE,XXXXX1234X,XXXXXXXX5678,9531848460,,,"145, Sector 59",,Gurugram,Haryana,122001,28.456547,77.080587,MEDIUM,50,520,9,18,HINDI,SALARIED,f,f,f,f,0,[],123f3583-d811-4084-b009-f2cefff672e7,2026-09-21 04:52:59.73747+00,2026-09-21 04:52:59.737476+00
DAILY2026090302,Vijay Reddy,1986-03-10,MALE,XXXXX1234X,XXXXXXXX5678,9475327449,,,"110, Sector 30",,Gurugram,Haryana,122001,28.451007,77.050921,MEDIUM,50,520,9,18,HINDI,SALARIED,f,f,f,f,0,[],126af0d5-f39b-4f68-9c21-4c0bd9e75b20,2026-09-02 15:33:15.582093+00,2026-09-02 15:33:15.582093+00
CUST000345,Lekha Deo,1967-10-11,MALE,XXXXX9608X,XXXXXXXX6797,9239278422,8633002137,,"86/29, Goel Zila",,Noida,Uttar Pradesh,762550,28.567248,77.32955,MEDIUM,50,462,9,18,URDU,RETIRED,f,f,f,f,0,[],12b59d6e-de66-4588-8b8c-f9a8124f94aa,2026-08-27 11:27:59.58967+00,2026-08-27 11:27:59.589671+00
DAILY2026090730,Neha Nair,1986-03-10,MALE,XXXXX1234X,XXXXXXXX5678,9126691610,,,"94, Sector 28",,Gurugram,Haryana,122001,28.464291,77.044018,MEDIUM,50,520,9,18,HINDI,SALARIED,f,f,f,f,0,[],1382ab00-3f83-458b-b08a-ffe67e2466e5,2026-09-07 04:59:05.887609+00,2026-09-21 05:54:35.893115+00
CUST000017,Girik Khalsa,1969-12-21,MALE,XXXXX4680X,XXXXXXXX4262,9258220114,,,"36
Gala Nagar",,Noida,Uttar Pradesh,598216,28.490784,76.987123,MEDIUM,50,644,9,18,HARYANVI,SALARIED,f,f,f,f,0,[],13f4cf5d-84f8-4fe3-a737-9f00fba0ade3,2026-08-27 11:27:59.58893+00,2026-08-27 11:27:59.588931+00
CUST000085,Warinder Patil,1967-06-06,MALE,XXXXX5670X,XXXXXXXX2374,9919390458,,,"50/64
Das Ganj",,Noida,Uttar Pradesh,638289,28.655001,77.262088,MEDIUM,50,564,9,18,ENGLISH,RETIRED,f,f,f,f,0,[],13f677a8-835a-4540-a8f5-22b7d8a8a179,2026-08-27 11:27:59.589081+00,2026-08-27 11:27:59.589081+00
DAILY2026090726,Nikhil Gupta,1986-03-10,FEMALE,XXXXX1234X,XXXXXXXX5678,9309725528,,,"106, Sector 5",,Noida,Uttar Pradesh,201301,28.602052,77.36038,MEDIUM,50,520,9,18,HINDI,SALARIED,f,f,f,f,0,[],1403a285-ed64-494e-bca8-5a8c68c88b4b,2026-09-07 04:59:05.867963+00,2026-09-21 05:54:35.894078+00
DAILY2026090723,Preeti Saxena,1986-03-10,MALE,XXXXX1234X,XXXXXXXX5678,9104514628,,,"51, Sector 38",,Gurugram,Haryana,122001,28.440813,77.104757,MEDIUM,50,520,9,18,HINDI,SALARIED,f,f,f,f,0,[],140753ba-0921-4c11-938d-fb1cd8ed0fa9,2026-09-07 04:59:05.853259+00,2026-09-21 05:54:35.89497+00
DAILY20260907111,Manish Saxena,1986-03-10,MALE,XXXXX1234X,XXXXXXXX5678,9366129143,,,"33, Sector 63",,Noida,Uttar Pradesh,201301,28.58692,77.338808,MEDIUM,50,520,9,18,HINDI,SALARIED,f,f,f,f,0,[],141202c6-655d-4645-888f-8ba34bac8d5b,2026-09-07 04:59:06.454063+00,2026-09-21 05:54:35.895806+00
DAILY20260903170,Manish Saxena,1986-03-10,MALE,XXXXX1234X,XXXXXXXX5678,9585654883,,,"158, Sector 34",,Gurugram,Haryana,122001,28.443118,77.040081,MEDIUM,50,600,9,18,HINDI,SALARIED,f,f,f,f,0,[],1436e1ef-de5e-42f4-8c9c-be27860c7a9d,2026-09-02 15:33:16.216261+00,2026-09-02 15:33:16.216261+00
DAILY20260907128,Rahul Gupta,1986-03-10,FEMALE,XXXXX1234X,XXXXXXXX5678,9661010431,,,"28, Sector 35",,Gurugram,Haryana,122001,28.474532,77.114964,MEDIUM,50,520,9,18,HINDI,SALARIED,f,f,f,f,0,[],14855adb-8ec2-497a-bd1c-44aba247c897,2026-09-07 04:59:06.552937+00,2026-09-21 05:54:35.896804+00
CUST000377,Gaurav Sathe,1975-05-09,FEMALE,XXXXX4027X,XXXXXXXX2816,9846952406,,,"H.No. 24
Acharya Nagar",,Delhi,Delhi,792561,28.638925,76.997948,MEDIUM,50,631,9,18,HINDI,RETIRED,f,f,f,f,0,[],14d6810c-2c1a-47cf-bfa9-4e0b9d870528,2026-08-27 11:27:59.589736+00,2026-08-27 11:27:59.589737+00
DAILY2026092132,Divya Bhatt,1986-03-10,MALE,XXXXX1234X,XXXXXXXX5678,9752155827,,,"63, Sector 9",,Gurugram,Haryana,122001,28.44701,77.121264,MEDIUM,50,520,9,18,HINDI,SALARIED,f,f,f,f,0,[],14dd51d0-df77-4156-bc6d-fd5cd4feb810,2026-09-21 04:52:59.57106+00,2026-09-21 05:54:35.896807+00
CUST000072,Falguni Walla,1978-02-03,FEMALE,XXXXX6802X,XXXXXXXX2180,9526351920,8145421708,,"78/091
Mani Ganj",,Gurugram,Haryana,582087,28.412999,77.112857,MEDIUM,50,556,9,18,HINDI,BUSINESS_OWNER,f,f,f,f,0,[],14ea770e-652f-483b-bc15-02d7708f01a4,2026-08-27 11:27:59.589051+00,2026-08-27 11:27:59.589051+00
DAILY2026092142,Rahul Nair,1986-03-10,FEMALE,XXXXX1234X,XXXXXXXX5678,9607202607,,,"166, Sector 57",,Noida,Uttar Pradesh,201301,28.649254,77.377842,MEDIUM,50,520,9,18,HINDI,SALARIED,f,f,f,f,0,[],14f9c5c3-553b-4982-a3d7-94154686ffcf,2026-09-21 04:52:59.620505+00,2026-09-21 05:54:35.899981+00
DAILY20260907116,Pooja Malik,1986-03-10,FEMALE,XXXXX1234X,XXXXXXXX5678,9922368220,,,"175, Sector 34",,Delhi,Delhi,110001,28.53035,77.229016,MEDIUM,50,520,9,18,HINDI,SALARIED,f,f,f,f,0,[],14fcce86-2ce0-4b37-9184-ad20a8eb319e,2026-09-07 04:59:06.488045+00,2026-09-21 05:54:35.899987+00
DAILY20260903144,Sanjay Mehta,1986-03-10,MALE,XXXXX1234X,XXXXXXXX5678,9134310199,,,"57, Sector 32",,Gurugram,Haryana,122001,28.457999,77.089356,MEDIUM,50,600,9,18,HINDI,SALARIED,f,f,f,f,0,[],153f5cb2-20ec-40cf-8a5f-9289331a9c9a,2026-09-02 15:33:16.136153+00,2026-09-02 15:33:16.136153+00
DAILY2026092181,Neha Reddy,1986-03-10,FEMALE,XXXXX1234X,XXXXXXXX5678,9749769284,,,"120, Sector 53",,Gurugram,Haryana,122001,28.440977,77.079543,MEDIUM,50,520,9,18,HINDI,SALARIED,f,f,f,f,0,[],156c3ecf-9301-439d-9ae4-7f66e7d6ed9c,2026-09-21 04:52:59.836294+00,2026-09-21 05:54:35.902751+00
DAILY2026090606,Rahul Singh,1986-03-10,MALE,XXXXX1234X,XXXXXXXX5678,9616523117,,,"137, Sector 17",,Delhi,Delhi,110001,28.582086,77.282973,MEDIUM,50,520,9,18,HINDI,SALARIED,f,f,f,f,0,[],15a6253d-788d-4a04-952f-8cb381b7d33b,2026-09-06 13:30:48.685122+00,2026-09-21 05:54:35.903997+00
CUST000320,Timothy Kala,1988-11-10,MALE,XXXXX1827X,XXXXXXXX7436,9578476787,8717675194,,"H.No. 43
Wali",,Delhi,Delhi,332873,28.612429,77.085574,MEDIUM,50,413,9,18,URDU,BUSINESS_OWNER,f,f,f,f,0,[],15a6e880-cb48-47c0-9909-08c99dcad730,2026-08-27 11:27:59.589617+00,2026-08-27 11:27:59.589618+00
DAILY2026091870,Sneha Sharma,1986-03-10,FEMALE,XXXXX1234X,XXXXXXXX5678,9263209422,,,"18, Sector 13",,Gurugram,Haryana,122001,28.412837,77.163099,MEDIUM,50,520,9,18,HINDI,SALARIED,f,f,f,f,0,[],15c4cd98-3924-4294-92c7-3ce406943f72,2026-09-18 06:49:34.3898+00,2026-09-21 05:54:35.904881+00
DAILY20260921185,Sanjay Reddy,1986-03-10,MALE,XXXXX1234X,XXXXXXXX5678,9301513753,,,"153, Sector 35",,Gurugram,Haryana,122001,28.425355,77.094164,MEDIUM,50,520,9,18,HINDI,SALARIED,f,f,f,f,0,[],16414e5d-e97b-46fb-b395-b7d3f75ddfc1,2026-09-21 04:53:00.717725+00,2026-09-21 04:53:00.717729+00
DAILY2026092140,Rohan Nair,1986-03-10,FEMALE,XXXXX1234X,XXXXXXXX5678,9934572761,,,"140, Sector 48",,Gurugram,Haryana,122001,28.495942,77.069529,MEDIUM,50,520,9,18,HINDI,SALARIED,f,f,f,f,0,[],16714cf5-f860-4d2f-a1f4-2da7e8b06835,2026-09-21 04:52:59.611614+00,2026-09-21 04:52:59.611618+00
CUST000209,Ishaan Pall,1977-01-10,MALE,XXXXX3738X,XXXXXXXX4471,9968078090,,,"24/99
Desai Zila",,Noida,Uttar Pradesh,182175,28.509917,77.558814,MEDIUM,50,529,9,18,URDU,SELF_EMPLOYED,f,f,f,f,0,[],16791195-a842-4ef7-b058-6ccd52230bb0,2026-08-27 11:27:59.589363+00,2026-08-27 11:27:59.589364+00
CUST000381,Indrajit Shah,1987-02-16,FEMALE,XXXXX4700X,XXXXXXXX1054,9512771985,8978295746,vyanjana35@example.org,"H.No. 802, Manda Zila",,Noida,Uttar Pradesh,227091,28.600617,77.399419,MEDIUM,50,335,9,18,HARYANVI,HOMEMAKER,f,f,f,f,0,[],16cabbd5-74b8-4b05-a95a-0a529b52adf8,2026-08-27 11:27:59.589744+00,2026-08-27 11:27:59.589745+00
DAILY20260907109,Manish Yadav,1986-03-10,MALE,XXXXX1234X,XXXXXXXX5678,9286754516,,,"131, Sector 39",,Delhi,Delhi,110001,28.585979,77.023786,MEDIUM,50,520,9,18,HINDI,SALARIED,f,f,f,f,0,[],16f18993-02f1-4fee-8f86-02862132e338,2026-09-07 04:59:06.441219+00,2026-09-21 05:54:35.90596+00
DAILY2026090757,Preeti Saxena,1986-03-10,FEMALE,XXXXX1234X,XXXXXXXX5678,9392165195,,,"89, Sector 39",,Gurugram,Haryana,122001,28.412497,77.05691,MEDIUM,50,520,9,18,HINDI,SALARIED,f,f,f,f,0,[],171dbce5-50c5-4fdd-ad93-a82bbda55edd,2026-09-07 04:59:06.123892+00,2026-09-07 04:59:06.123896+00
DAILY2026092169,Rohan Reddy,1986-03-10,FEMALE,XXXXX1234X,XXXXXXXX5678,9579232401,,,"90, Sector 52",,Noida,Uttar Pradesh,201301,28.582521,77.39667,MEDIUM,50,520,9,18,HINDI,SALARIED,f,f,f,f,0,[],17205e32-4e5f-4dd9-96f0-9c69f235f471,2026-09-21 04:52:59.765127+00,2026-09-21 05:54:35.906003+00
DAILY2026091830,Neha Sharma,1986-03-10,MALE,XXXXX1234X,XXXXXXXX5678,9571414042,,,"99, Sector 38",,Noida,Uttar Pradesh,201301,28.636444,77.391867,MEDIUM,50,520,9,18,HINDI,SALARIED,f,f,f,f,0,[],172c3f40-2bd4-4bf6-a529-1f4de0eac92f,2026-09-18 06:49:34.168847+00,2026-09-21 05:54:35.906005+00
DAILY2026091829,Sneha Verma,1986-03-10,MALE,XXXXX1234X,XXXXXXXX5678,9458887576,,,"164, Sector 40",,Noida,Uttar Pradesh,201301,28.580614,77.336297,MEDIUM,50,520,9,18,HINDI,SALARIED,f,f,f,f,0,[],173efe2d-e016-4858-9423-d197ea307f19,2026-09-18 06:49:34.164335+00,2026-09-21 05:54:35.906024+00
DAILY2026090635,Manish Sharma,1986-03-10,FEMALE,XXXXX1234X,XXXXXXXX5678,9478269301,,,"152, Sector 18",,Delhi,Delhi,110001,28.715795,77.090624,MEDIUM,50,520,9,18,HINDI,SALARIED,f,f,f,f,0,[],179acb34-f31a-47f0-9040-0c9fc68ddf6d,2026-09-06 13:30:48.883383+00,2026-09-21 05:54:35.906027+00
CUST000330,Zashil Chaudhari,1971-02-26,MALE,XXXXX9582X,XXXXXXXX3215,9561778017,8926834891,,"H.No. 52
Chaudhry Ganj",,Gurugram,Haryana,692282,28.509055,77.054613,MEDIUM,50,370,9,18,ENGLISH,BUSINESS_OWNER,f,f,f,f,0,[],179bb5f7-66c6-4094-8948-06aef8f0037e,2026-08-27 11:27:59.589638+00,2026-08-27 11:27:59.589638+00
DAILY2026090622,Sneha Nair,1986-03-10,FEMALE,XXXXX1234X,XXXXXXXX5678,9636325365,,,"10, Sector 14",,Delhi,Delhi,110001,28.575092,77.255039,MEDIUM,50,600,9,18,HINDI,SALARIED,f,f,f,f,0,[],17a7a47c-b204-45af-bef4-a7ed19492807,2026-09-06 13:30:48.791695+00,2026-09-21 05:54:35.906029+00
DAILY20260903125,Sneha Verma,1986-03-10,MALE,XXXXX1234X,XXXXXXXX5678,9131288462,,,"34, Sector 46",,Gurugram,Haryana,122001,28.441444,77.080121,MEDIUM,50,520,9,18,HINDI,SALARIED,f,f,f,f,0,[],17c49de4-7aee-4c1f-9f23-b8b3e01440a2,2026-09-02 15:33:16.068244+00,2026-09-02 15:33:16.068244+00
DAILY2026092109,Nikhil Verma,1986-03-10,FEMALE,XXXXX1234X,XXXXXXXX5678,9103355942,,,"24, Sector 12",,Gurugram,Haryana,122001,28.448957,77.088388,MEDIUM,50,520,9,18,HINDI,SALARIED,f,f,f,f,0,[],17f273ee-fdf7-4a28-bea1-0777f12f14c7,2026-09-21 04:52:59.416728+00,2026-09-21 05:54:35.908948+00
CUST000337,Brijesh Jhaveri,1983-05-02,FEMALE,XXXXX2854X,XXXXXXXX3945,9936156197,8847446866,,"77
Baral Nagar",,Delhi,Delhi,512160,28.558443,77.117433,MEDIUM,50,669,9,18,URDU,BUSINESS_OWNER,f,f,f,f,0,[],182daf5f-de3d-46af-a44c-c5c3c8a41663,2026-08-27 11:27:59.589654+00,2026-08-27 11:27:59.589654+00
DAILY20260918180,Vijay Yadav,1986-03-10,MALE,XXXXX1234X,XXXXXXXX5678,9623736321,,,"139, Sector 48",,Gurugram,Haryana,122001,28.488949,77.078784,MEDIUM,50,520,9,18,HINDI,SALARIED,f,f,f,f,0,[],184d5e27-8a9e-4f57-8ae5-6f88b6dd2487,2026-09-18 06:49:35.0292+00,2026-09-18 06:49:35.029204+00
CUST000183,Laksh Kashyap,1966-03-27,FEMALE,XXXXX7870X,XXXXXXXX4678,9445532283,,adityakamdar@example.net,"H.No. 09
Subramanian",,Delhi,Delhi,435476,28.502466,77.276446,MEDIUM,50,679,9,18,PUNJABI,SALARIED,f,f,f,f,0,[],18545dbd-a5d0-4449-814f-81cb0d9cce0a,2026-08-27 11:27:59.589308+00,2026-08-27 11:27:59.589308+00
DAILY2026092191,Neha Bhatt,1986-03-10,MALE,XXXXX1234X,XXXXXXXX5678,9939079074,,,"196, Sector 15",,Delhi,Delhi,110001,28.575223,77.051961,MEDIUM,50,520,9,18,HINDI,SALARIED,f,f,f,f,0,[],185c47c8-111a-4f0f-ac2b-3d4a8a222273,2026-09-21 04:52:59.910797+00,2026-09-21 05:54:35.910367+00
CUST000155,Hemani Dhingra,1974-09-09,FEMALE,XXXXX7547X,XXXXXXXX6432,9954946593,,,"15/747
Jaggi Ganj",,Delhi,Delhi,371306,28.785854,77.071335,MEDIUM,50,630,9,18,ENGLISH,HOMEMAKER,f,f,f,f,0,[],189de033-a7f1-48ad-950e-ac44aaf17e7b,2026-08-27 11:27:59.589249+00,2026-08-27 11:27:59.589249+00
DAILY20260918181,Amit Bhatt,1986-03-10,MALE,XXXXX1234X,XXXXXXXX5678,9224371736,,,"102, Sector 26",,Gurugram,Haryana,122001,28.501442,77.08173,MEDIUM,50,600,9,18,HINDI,SALARIED,f,f,f,f,0,[],18ece4bf-5e54-4d8c-89f0-432fc9978d85,2026-09-18 06:49:35.035662+00,2026-09-18 06:49:35.035665+00
DAILY20260907108,Deepak Saxena,1986-03-10,FEMALE,XXXXX1234X,XXXXXXXX5678,9957358840,,,"126, Sector 54",,Noida,Uttar Pradesh,201301,28.633092,77.399731,MEDIUM,50,600,9,18,HINDI,SALARIED,f,f,f,f,0,[],190d7f3a-bae8-4438-93d4-09d92a39ac7c,2026-09-07 04:59:06.435283+00,2026-09-21 05:54:35.910371+00
CUST000265,Finn Solanki,1995-09-19,FEMALE,XXXXX3435X,XXXXXXXX6993,9521441892,,mitali77@example.net,"H.No. 862
Raj Path",,Gurugram,Haryana,405134,28.513256,77.022606,MEDIUM,50,541,9,18,ENGLISH,RETIRED,f,f,f,f,0,[],192fc0f4-437f-446a-bddd-93857fa66ad0,2026-08-27 11:27:59.589493+00,2026-08-27 11:27:59.589494+00
DAILY20260903139,Preeti Mehta,1986-03-10,FEMALE,XXXXX1234X,XXXXXXXX5678,9441061221,,,"94, Sector 43",,Delhi,Delhi,110001,28.550317,77.165756,MEDIUM,50,520,9,18,HINDI,SALARIED,f,f,f,f,0,[],1954c1f6-bdd4-48d6-82f4-6a51def78ca7,2026-09-02 15:33:16.119423+00,2026-09-21 05:54:35.910372+00
DAILY2026091895,Nikhil Singh,1986-03-10,FEMALE,XXXXX1234X,XXXXXXXX5678,9222740618,,,"110, Sector 62",,Gurugram,Haryana,122001,28.471577,77.097513,MEDIUM,50,520,9,18,HINDI,SALARIED,f,f,f,f,0,[],19945855-8309-4931-833c-622cebc9a1f7,2026-09-18 06:49:34.546079+00,2026-09-21 05:54:35.91233+00
DAILY20260921143,Sanjay Singh,1986-03-10,MALE,XXXXX1234X,XXXXXXXX5678,9569899487,,,"139, Sector 19",,Noida,Uttar Pradesh,201301,28.55302,77.293794,MEDIUM,50,520,9,18,HINDI,SALARIED,f,f,f,f,0,[],1996dc2d-47ca-4785-a05d-2ee00be598a9,2026-09-21 04:53:00.441434+00,2026-09-21 05:54:35.913552+00
CUST000164,Yadavi Mukhopadhyay,1989-11-19,MALE,XXXXX9115X,XXXXXXXX9369,9221559383,8387643522,jhalak93@example.org,"27, Prakash",,Delhi,Delhi,484682,28.494952,77.264872,MEDIUM,50,386,9,18,HARYANVI,SALARIED,f,f,f,f,0,[],19a6a5c4-dcb8-42c9-976d-e7e5544aee65,2026-08-27 11:27:59.589267+00,2026-08-27 11:27:59.589268+00
CUST000020,Dakshesh Trivedi,1966-09-11,MALE,XXXXX4919X,XXXXXXXX5499,9572309605,,,"H.No. 913, Dar Marg",,Gurugram,Haryana,384913,28.485231,77.072131,MEDIUM,50,566,9,18,PUNJABI,BUSINESS_OWNER,f,f,f,f,0,[],19b65599-9a6e-4186-9398-f1f877e31ad6,2026-08-27 11:27:59.588939+00,2026-08-27 11:27:59.58894+00
DAILY20260907112,Rahul Singh,1986-03-10,FEMALE,XXXXX1234X,XXXXXXXX5678,9339808910,,,"179, Sector 11",,Gurugram,Haryana,122001,28.459225,77.045972,MEDIUM,50,520,9,18,HINDI,SALARIED,f,f,f,f,0,[],19ea22ac-532f-41c1-86e4-cef4f1d0b350,2026-09-07 04:59:06.460099+00,2026-09-07 04:59:06.460102+00
DAILY20260918135,Nikhil Bhatt,1986-03-10,MALE,XXXXX1234X,XXXXXXXX5678,9830669219,,,"149, Sector 25",,Delhi,Delhi,110001,28.505938,77.208113,MEDIUM,50,520,9,18,HINDI,SALARIED,f,f,f,f,0,[],1a77507f-db4c-4fe8-8396-14b97f650850,2026-09-18 06:49:34.790174+00,2026-09-21 05:54:35.913556+00
DAILY2026091892,Rahul Chauhan,1986-03-10,MALE,XXXXX1234X,XXXXXXXX5678,9231259320,,,"17, Sector 57",,Delhi,Delhi,110001,28.722058,77.091482,MEDIUM,50,600,9,18,HINDI,SALARIED,f,f,f,f,0,[],1afa7797-a6aa-4be8-94ed-6be4c04cebe5,2026-09-18 06:49:34.526565+00,2026-09-21 05:54:35.913557+00
DAILY2026091821,Kiran Bhatt,1986-03-10,MALE,XXXXX1234X,XXXXXXXX5678,9690393740,,,"60, Sector 7",,Gurugram,Haryana,122001,28.417164,77.073633,MEDIUM,50,520,9,18,HINDI,SALARIED,f,f,f,f,0,[],1b04d3de-acc2-4bcf-acce-4182199840e6,2026-09-18 06:49:34.127012+00,2026-09-21 05:54:35.915596+00
DAILY20260918161,Deepak Bhatt,1986-03-10,MALE,XXXXX1234X,XXXXXXXX5678,9388675532,,,"180, Sector 40",,Gurugram,Haryana,122001,28.507192,77.093299,MEDIUM,50,520,9,18,HINDI,SALARIED,f,f,f,f,0,[],1b052ac8-6fb7-442a-bdc2-5c8e07557bfd,2026-09-18 06:49:34.927877+00,2026-09-18 06:49:34.92788+00
CUST000248,Garima Das,1965-04-10,FEMALE,XXXXX7371X,XXXXXXXX4892,9648598641,8957728325,kbedi@example.net,"67/066
Pandya Street",,Noida,Uttar Pradesh,796772,28.51161,77.338237,MEDIUM,50,631,9,18,HINDI,RETIRED,f,f,f,f,0,[],1b0c8ea9-befb-46a5-b970-af6259d5a825,2026-08-27 11:27:59.589461+00,2026-08-27 11:27:59.589462+00
CUST000316,Omaja Munshi,2000-05-09,MALE,XXXXX8331X,XXXXXXXX7505,9100210054,8405460403,aryazayan@example.org,"598
Hegde",,Gurugram,Haryana,642752,28.427322,77.18515,MEDIUM,50,484,9,18,ENGLISH,BUSINESS_OWNER,t,f,f,f,0,[],1b32f61d-8e4a-4b58-87fa-3a92c8baf6d7,2026-08-27 11:27:59.589609+00,2026-08-27 11:27:59.589609+00
DAILY20260921112,Rahul Yadav,1986-03-10,FEMALE,XXXXX1234X,XXXXXXXX5678,9698584664,,,"190, Sector 44",,Gurugram,Haryana,122001,28.422669,76.990701,MEDIUM,50,520,9,18,HINDI,SALARIED,f,f,f,f,0,[],1b3e8be1-a880-4f28-9248-0ffba30b9877,2026-09-21 04:53:00.101258+00,2026-09-21 05:54:35.9156+00
DAILY2026090660,Manish Saxena,1986-03-10,MALE,XXXXX1234X,XXXXXXXX5678,9445157229,,,"12, Sector 56",,Gurugram,Haryana,122001,28.503507,77.032937,MEDIUM,50,520,9,18,HINDI,SALARIED,f,f,f,f,0,[],1b44c196-6b6c-44e3-9ff3-169e8f31e665,2026-09-06 13:30:49.147516+00,2026-09-06 13:30:49.147519+00
DAILY20260907106,Manish Chauhan,1986-03-10,MALE,XXXXX1234X,XXXXXXXX5678,9253226002,,,"52, Sector 70",,Delhi,Delhi,110001,28.571259,77.222097,MEDIUM,50,600,9,18,HINDI,SALARIED,f,f,f,f,0,[],1b5b1fb5-50bd-44ff-afe3-a83b533eaa04,2026-09-07 04:59:06.423533+00,2026-09-21 05:54:35.917216+00
DAILY2026090669,Kiran Gupta,1986-03-10,MALE,XXXXX1234X,XXXXXXXX5678,9609217691,,,"158, Sector 42",,Noida,Uttar Pradesh,201301,28.549624,77.343723,MEDIUM,50,520,9,18,HINDI,SALARIED,f,f,f,f,0,[],1b6e9b19-fe9a-4690-8d7d-97c002f20091,2026-09-06 13:30:49.211894+00,2026-09-21 05:54:35.917219+00
CUST000376,Vamakshi Sibal,2000-09-13,MALE,XXXXX1557X,XXXXXXXX1388,9765072705,,sai28@example.org,"96/884
Subramaniam Path",,Delhi,Delhi,788500,28.599568,77.187374,MEDIUM,50,428,9,18,ENGLISH,HOMEMAKER,f,f,f,f,0,[],1b8e7e04-098a-440a-9cfb-132f9348703c,2026-08-27 11:27:59.589734+00,2026-08-27 11:27:59.589735+00
DAILY20260906121,Vijay Singh,1986-03-10,FEMALE,XXXXX1234X,XXXXXXXX5678,9913403183,,,"10, Sector 66",,Noida,Uttar Pradesh,201301,28.550111,77.318578,MEDIUM,50,520,9,18,HINDI,SALARIED,f,f,f,f,0,[],1b99a4bd-c4d7-4d66-9e89-01539bc5648e,2026-09-06 13:30:49.524784+00,2026-09-21 05:54:35.91722+00
CUST000108,Turvi Barman,1980-09-28,MALE,XXXXX7329X,XXXXXXXX9261,9583564328,8400347789,ekantasoni@example.net,"H.No. 715, Thaman Zila",,Delhi,Delhi,753516,28.623571,77.081267,MEDIUM,50,447,9,18,HARYANVI,SALARIED,f,f,f,f,0,[],1c3fa0ab-b9a1-4a20-a0de-d81681719186,2026-08-27 11:27:59.58913+00,2026-08-27 11:27:59.58913+00
DAILY20260907125,Amit Bhatt,1986-03-10,MALE,XXXXX1234X,XXXXXXXX5678,9477358579,,,"41, Sector 67",,Gurugram,Haryana,122001,28.422659,77.078292,MEDIUM,50,520,9,18,HINDI,SALARIED,f,f,f,f,0,[],1c5241a9-5d33-4e52-aa59-e870de84d79e,2026-09-07 04:59:06.53579+00,2026-09-07 04:59:06.535792+00
DAILY2026090383,Nikhil Sharma,1986-03-10,FEMALE,XXXXX1234X,XXXXXXXX5678,9277477082,,,"55, Sector 57",,Delhi,Delhi,110001,28.590189,77.064272,MEDIUM,50,600,9,18,HINDI,SALARIED,f,f,f,f,0,[],1c84f408-764a-4efd-9e30-2ead93c240c7,2026-09-02 15:33:15.901824+00,2026-09-21 05:54:35.917221+00
DEMO0003,Balraj Singh,1985-06-15,MALE,XXXXX1234X,XXXXXXXX5678,8015935790,,,"Plot 8, Sector 44",,Gurugram,Haryana,122003,28.455700015525814,77.07235022374641,MEDIUM,50,600,9,18,HINDI,SALARIED,f,f,f,f,0,[],1c86c8f3-c878-42c1-b7c2-4a42f6240244,2026-08-27 11:28:09.559685+00,2026-09-23 09:03:47.158557+00
CUST000313,Pranav Thakur,1984-04-07,MALE,XXXXX1955X,XXXXXXXX5355,9668031793,,,"15/879
Sahni",,Noida,Uttar Pradesh,418667,28.543608,77.475039,MEDIUM,50,512,9,18,HINDI,SELF_EMPLOYED,f,f,f,f,0,[],1ca49b3c-bae3-4b4f-97fe-d55af158dab2,2026-08-27 11:27:59.589602+00,2026-08-27 11:27:59.589603+00
CUST000190,Nicholas Khosla,1985-03-09,MALE,XXXXX5896X,XXXXXXXX5262,9980564513,8133374137,vzachariah@example.com,"18/501, Kata Marg",,Noida,Uttar Pradesh,574167,28.61124,77.362792,MEDIUM,50,562,9,18,HARYANVI,HOMEMAKER,f,f,f,f,0,[],1caf8c4a-5be6-45c9-ad8c-542527a9deff,2026-08-27 11:27:59.589322+00,2026-08-27 11:27:59.589322+00
DAILY2026091844,Rohan Yadav,1986-03-10,MALE,XXXXX1234X,XXXXXXXX5678,9936195865,,,"14, Sector 59",,Gurugram,Haryana,122001,28.395173,76.994833,MEDIUM,50,520,9,18,HINDI,SALARIED,f,f,f,f,0,[],1cbd977b-6e26-4117-b46b-76d7ba4660bf,2026-09-18 06:49:34.240983+00,2026-09-21 05:54:35.920599+00
DAILY20260921181,Vijay Saxena,1986-03-10,MALE,XXXXX1234X,XXXXXXXX5678,9349882574,,,"43, Sector 67",,Gurugram,Haryana,122001,28.510165,77.080656,MEDIUM,50,520,9,18,HINDI,SALARIED,f,f,f,f,0,[],1ce5b061-3e0b-4b6a-9ea7-196d293bc89f,2026-09-21 04:53:00.691891+00,2026-09-21 04:53:00.691894+00
DAILY2026091845,Pooja Saxena,1986-03-10,FEMALE,XXXXX1234X,XXXXXXXX5678,9439068188,,,"177, Sector 16",,Noida,Uttar Pradesh,201301,28.589256,77.34919,MEDIUM,50,520,9,18,HINDI,SALARIED,f,f,f,f,0,[],1d4d14d5-4aad-4458-b45b-a9b5d46bb8bd,2026-09-18 06:49:34.246817+00,2026-09-21 05:54:35.921716+00
DAILY20260921100,Neha Singh,1986-03-10,FEMALE,XXXXX1234X,XXXXXXXX5678,9107743027,,,"110, Sector 53",,Noida,Uttar Pradesh,201301,28.587859,77.332163,MEDIUM,50,520,9,18,HINDI,SALARIED,f,f,f,f,0,[],1d54e87c-ab1c-4dfd-ad43-4805a4114a79,2026-09-21 04:52:59.965635+00,2026-09-21 05:54:35.921721+00
DAILY2026090636,Nikhil Mehta,1986-03-10,MALE,XXXXX1234X,XXXXXXXX5678,9411336995,,,"137, Sector 45",,Gurugram,Haryana,122001,28.421186,77.055569,MEDIUM,50,520,9,18,HINDI,SALARIED,f,f,f,f,0,[],1d6ef6a3-a908-4d03-bf31-c38ec818afb3,2026-09-06 13:30:48.889944+00,2026-09-06 13:30:48.889948+00
DAILY20260907156,Divya Malik,1986-03-10,FEMALE,XXXXX1234X,XXXXXXXX5678,9208007607,,,"81, Sector 34",,Delhi,Delhi,110001,28.593339,77.061268,MEDIUM,50,520,9,18,HINDI,SALARIED,f,f,f,f,0,[],1d7bafb9-1a52-4926-98ee-e3a08dcca343,2026-09-07 04:59:06.714171+00,2026-09-21 05:54:35.921722+00
DAILY2026090611,Vijay Mehta,1986-03-10,FEMALE,XXXXX1234X,XXXXXXXX5678,9600611311,,,"67, Sector 59",,Gurugram,Haryana,122001,28.422127,77.064473,MEDIUM,50,520,9,18,HINDI,SALARIED,f,f,f,f,0,[],1ddc5885-852d-4521-a60d-909f9a9c6908,2026-09-06 13:30:48.716546+00,2026-09-21 05:54:35.923594+00
DAILY2026091852,Divya Reddy,1986-03-10,MALE,XXXXX1234X,XXXXXXXX5678,9351900540,,,"89, Sector 36",,Gurugram,Haryana,122001,28.512275,77.138494,MEDIUM,50,520,9,18,HINDI,SALARIED,f,f,f,f,0,[],1de01e4a-18f0-4b66-8624-e76e5c3de2bb,2026-09-18 06:49:34.28583+00,2026-09-21 05:54:35.923598+00
DAILY20260918155,Nikhil Sharma,1986-03-10,MALE,XXXXX1234X,XXXXXXXX5678,9886568177,,,"99, Sector 35",,Gurugram,Haryana,122001,28.480854,77.092592,MEDIUM,50,520,9,18,HINDI,SALARIED,f,f,f,f,0,[],1df00851-632b-4c59-aa40-2a7589cea176,2026-09-18 06:49:34.893908+00,2026-09-18 06:49:34.893911+00
DAILY20260921156,Manish Mehta,1986-03-10,FEMALE,XXXXX1234X,XXXXXXXX5678,9534574120,,,"101, Sector 19",,Noida,Uttar Pradesh,201301,28.605195,77.335366,MEDIUM,50,520,9,18,HINDI,SALARIED,f,f,f,f,0,[],1df07b37-6722-4b12-954a-03fab912a2db,2026-09-21 04:53:00.522471+00,2026-09-21 05:54:35.925054+00
DAILY20260921188,Preeti Reddy,1986-03-10,MALE,XXXXX1234X,XXXXXXXX5678,9296755395,,,"159, Sector 41",,Noida,Uttar Pradesh,201301,28.639403,77.381023,MEDIUM,50,520,9,18,HINDI,SALARIED,f,f,f,f,0,[],1e27f137-d69c-4313-a358-7ead794cb401,2026-09-21 04:53:00.735651+00,2026-09-21 05:54:35.925057+00
DAILY20260903160,Nikhil Yadav,1986-03-10,MALE,XXXXX1234X,XXXXXXXX5678,9165429898,,,"2, Sector 58",,Delhi,Delhi,110001,28.611339,77.097669,MEDIUM,50,600,9,18,HINDI,SALARIED,f,f,f,f,0,[],1e326364-010c-4099-a7e1-9c0a1bd8c0f5,2026-09-02 15:33:16.194476+00,2026-09-21 05:54:35.925058+00
DAILY2026092180,Anjali Gupta,1986-03-10,MALE,XXXXX1234X,XXXXXXXX5678,9794180457,,,"22, Sector 59",,Noida,Uttar Pradesh,201310,28.4173,77.533273,MEDIUM,50,600,9,18,HINDI,SALARIED,f,f,f,f,0,[],1ef9ed75-fec9-43aa-8402-958b65f2f3a1,2026-09-21 04:52:59.83151+00,2026-09-21 05:54:35.925058+00
DAILY2026091850,Neha Reddy,1986-03-10,MALE,XXXXX1234X,XXXXXXXX5678,9458088721,,,"41, Sector 33",,Gurugram,Haryana,122001,28.454622,77.024242,MEDIUM,50,520,9,18,HINDI,SALARIED,f,f,f,f,0,[],1efb9dac-1aa5-4443-892d-0d6e532778f1,2026-09-18 06:49:34.274563+00,2026-09-21 05:54:35.927486+00
DAILY2026091825,Vijay Chauhan,1986-03-10,MALE,XXXXX1234X,XXXXXXXX5678,9478355602,,,"121, Sector 61",,Gurugram,Haryana,122001,28.470537,77.120754,MEDIUM,50,600,9,18,HINDI,SALARIED,f,f,f,f,0,[],1f772dab-a4e2-4151-8fe9-8678cbb4e055,2026-09-18 06:49:34.145773+00,2026-09-21 05:54:35.92749+00
DAILY20260921124,Vijay Nair,1986-03-10,FEMALE,XXXXX1234X,XXXXXXXX5678,9298873940,,,"161, Sector 50",,Gurugram,Haryana,122001,28.474852,77.084735,MEDIUM,50,520,9,18,HINDI,SALARIED,f,f,f,f,0,[],1fcc1af1-1f6e-449b-91d6-6c4a56e56f4b,2026-09-21 04:53:00.206567+00,2026-09-21 04:53:00.206573+00
CUST000319,Ishita Bora,1993-06-12,MALE,XXXXX8115X,XXXXXXXX7824,9229429404,8343436246,thomas28@example.org,"88, Chanda Marg",,Gurugram,Haryana,731559,28.472207,77.035045,MEDIUM,50,471,9,18,HINDI,RETIRED,t,f,f,f,0,[],1fddf75a-dadc-458b-ac1c-465ce467e304,2026-08-27 11:27:59.589615+00,2026-08-27 11:27:59.589616+00
DAILY2026090693,Manish Gupta,1986-03-10,FEMALE,XXXXX1234X,XXXXXXXX5678,9569493349,,,"132, Sector 46",,Gurugram,Haryana,122001,28.446986,77.067868,MEDIUM,50,520,9,18,HINDI,SALARIED,f,f,f,f,0,[],1ff0eae6-8de6-40b9-b5dc-0eb9aaa23f99,2026-09-06 13:30:49.354508+00,2026-09-06 13:30:49.354511+00
DAILY20260921165,Divya Saxena,1986-03-10,MALE,XXXXX1234X,XXXXXXXX5678,9351613327,,,"97, Sector 38",,Gurugram,Haryana,122001,28.502177,77.055689,MEDIUM,50,520,9,18,HINDI,SALARIED,f,f,f,f,0,[],202e8e82-a8c3-4f42-bb21-dc29798f305c,2026-09-21 04:53:00.583156+00,2026-09-21 04:53:00.583162+00
DAILY2026090371,Deepak Nair,1986-03-10,FEMALE,XXXXX1234X,XXXXXXXX5678,9332181573,,,"142, Sector 6",,Delhi,Delhi,110001,28.750691,77.108277,MEDIUM,50,520,9,18,HINDI,SALARIED,f,f,f,f,0,[],204ada08-23e4-46d2-b9f9-dbc2265f9ecb,2026-09-02 15:33:15.8479+00,2026-09-21 05:54:35.928793+00
DAILY20260921130,Nikhil Chauhan,1986-03-10,FEMALE,XXXXX1234X,XXXXXXXX5678,9105771836,,,"144, Sector 24",,Delhi,Delhi,110001,28.608129,77.036224,MEDIUM,50,520,9,18,HINDI,SALARIED,f,f,f,f,0,[],208c3736-c1bb-42b7-8546-dddb31670212,2026-09-21 04:53:00.251357+00,2026-09-21 05:54:35.928798+00
CUST000159,Patrick Bansal,2001-07-18,MALE,XXXXX1072X,XXXXXXXX4519,9320959407,,ltandon@example.net,"H.No. 049
Chhabra",,Noida,Uttar Pradesh,165602,28.484754,77.50245,MEDIUM,50,519,9,18,HARYANVI,SALARIED,f,f,f,f,0,[],20afa76a-c2d7-44a2-a263-75b112de3ee9,2026-08-27 11:27:59.589257+00,2026-08-27 11:27:59.589257+00
DAILY20260921150,Nikhil Mehta,1986-03-10,FEMALE,XXXXX1234X,XXXXXXXX5678,9815828067,,,"135, Sector 32",,Gurugram,Haryana,122001,28.473874,77.1106,MEDIUM,50,520,9,18,HINDI,SALARIED,f,f,f,f,0,[],20b3ad25-b97e-40f8-b115-e858d8218852,2026-09-21 04:53:00.488608+00,2026-09-21 05:54:35.929993+00
CUST000133,Orinder Saxena,2001-07-20,MALE,XXXXX7761X,XXXXXXXX7824,9698382096,8517061783,,"51/884
Dugar Road",,Noida,Uttar Pradesh,313214,28.499251,77.3554,MEDIUM,50,537,9,18,PUNJABI,SALARIED,f,f,f,f,0,[],2116ea56-720b-426f-be95-b1c2fe197cc5,2026-08-27 11:27:59.58918+00,2026-08-27 11:27:59.589181+00
DAILY20260921177,Rahul Mehta,1986-03-10,FEMALE,XXXXX1234X,XXXXXXXX5678,9122022494,,,"139, Sector 67",,Gurugram,Haryana,122001,28.429084,77.143097,MEDIUM,50,520,9,18,HINDI,SALARIED,f,f,f,f,0,[],21f3fe94-8552-402c-9bb5-4338738a9e57,2026-09-21 04:53:00.668781+00,2026-09-21 05:54:35.929996+00
DAILY20260903172,Rohan Sharma,1986-03-10,MALE,XXXXX1234X,XXXXXXXX5678,9810095484,,,"105, Sector 66",,Noida,Uttar Pradesh,201301,28.529189,77.28579,MEDIUM,50,600,9,18,HINDI,SALARIED,f,f,f,f,0,[],220610ef-ebf5-4120-ba7c-3f3e5d7efe70,2026-09-02 15:33:16.231937+00,2026-09-21 05:54:35.93136+00
DAILY2026091804,Divya Mehta,1986-03-10,MALE,XXXXX1234X,XXXXXXXX5678,9559007204,,,"108, Sector 59",,Gurugram,Haryana,122001,28.488827,77.012438,MEDIUM,50,520,9,18,HINDI,SALARIED,f,f,f,f,0,[],22183040-e158-4f8e-9a45-30a81b95e653,2026-09-18 06:49:34.039346+00,2026-09-21 05:54:35.932242+00
DAILY2026092119,Rahul Singh,1986-03-10,FEMALE,XXXXX1234X,XXXXXXXX5678,9599072473,,,"194, Sector 14",,Gurugram,Haryana,122001,28.468712,77.065141,MEDIUM,50,520,9,18,HINDI,SALARIED,f,f,f,f,0,[],22b991ba-3584-4ece-b638-a97a18e5996c,2026-09-21 04:52:59.486037+00,2026-09-21 05:54:35.932245+00
DAILY20260906160,Pooja Bhatt,1986-03-10,FEMALE,XXXXX1234X,XXXXXXXX5678,9180658740,,,"123, Sector 60",,Delhi,Delhi,110001,28.712971,77.123836,MEDIUM,50,600,9,18,HINDI,SALARIED,f,f,f,f,0,[],22e0eb10-9913-4d74-ba85-f61e3456e63e,2026-09-06 13:30:49.775816+00,2026-09-21 05:54:35.93339+00
CUST000176,Aadhya Jani,1976-03-15,MALE,XXXXX7322X,XXXXXXXX2847,9358859561,8737727239,,"51, Halder Circle",,Delhi,Delhi,112653,28.641096,77.09578,MEDIUM,50,422,9,18,PUNJABI,BUSINESS_OWNER,f,f,f,f,0,[],23151370-b146-4f5e-92f9-f19a63e4dde3,2026-08-27 11:27:59.589291+00,2026-08-27 11:27:59.589291+00
DAILY20260907113,Nikhil Yadav,1986-03-10,FEMALE,XXXXX1234X,XXXXXXXX5678,9327769988,,,"74, Sector 36",,Delhi,Delhi,110001,28.574512,77.243709,MEDIUM,50,520,9,18,HINDI,SALARIED,f,f,f,f,0,[],231d25bd-53ee-4727-a61b-ba5af7da2579,2026-09-07 04:59:06.469469+00,2026-09-21 05:54:35.933393+00
DAILY20260903166,Sanjay Mehta,1986-03-10,FEMALE,XXXXX1234X,XXXXXXXX5678,9939068143,,,"131, Sector 62",,Gurugram,Haryana,122001,28.489855,77.048402,MEDIUM,50,520,9,18,HINDI,SALARIED,f,f,f,f,0,[],235eee70-e529-4207-bf55-986f826ab245,2026-09-02 15:33:16.200157+00,2026-09-02 15:33:16.200157+00
DAILY2026090305,Divya Bhatt,1986-03-10,FEMALE,XXXXX1234X,XXXXXXXX5678,9408687422,,,"178, Sector 59",,Gurugram,Haryana,122001,28.497289,77.046131,MEDIUM,50,600,9,18,HINDI,SALARIED,f,f,f,f,0,[],237f0473-063c-4632-8665-b287d82f80d1,2026-09-02 15:33:15.588007+00,2026-09-02 15:33:15.588007+00
CUST000123,Amol Parikh,1993-08-13,MALE,XXXXX3509X,XXXXXXXX8454,9902874167,8501176618,,"195
Basu Street",,Noida,Uttar Pradesh,675914,28.656625,77.265677,MEDIUM,50,368,9,18,URDU,HOMEMAKER,f,f,f,f,0,[],239d5d90-a364-4347-bcf6-6d0e2c11cc3a,2026-08-27 11:27:59.58916+00,2026-08-27 11:27:59.58916+00
DAILY2026090602,Neha Saxena,1986-03-10,MALE,XXXXX1234X,XXXXXXXX5678,9320704513,,,"26, Sector 65",,Gurugram,Haryana,122001,28.492373,77.158495,MEDIUM,50,520,9,18,HINDI,SALARIED,f,f,f,f,0,[],239fa4e1-3046-47d7-b85e-41f64fb5a47f,2026-09-06 13:30:48.655293+00,2026-09-21 05:54:35.934634+00
DAILY20260921137,Nikhil Bhatt,1986-03-10,FEMALE,XXXXX1234X,XXXXXXXX5678,9807686834,,,"53, Sector 45",,Noida,Uttar Pradesh,201301,28.626156,77.310842,MEDIUM,50,520,9,18,HINDI,SALARIED,f,f,f,f,0,[],23a3a884-35fe-4721-82bf-bb657719195c,2026-09-21 04:53:00.341922+00,2026-09-21 05:54:35.935946+00
DAILY20260906140,Neha Gupta,1986-03-10,FEMALE,XXXXX1234X,XXXXXXXX5678,9937598510,,,"4, Sector 69",,Gurugram,Haryana,122001,28.4287,77.050833,MEDIUM,50,520,9,18,HINDI,SALARIED,f,f,f,f,0,[],23b4abc0-be57-47d7-a9bf-dd0592e12519,2026-09-06 13:30:49.648038+00,2026-09-06 13:30:49.648041+00
DAILY2026090713,Preeti Verma,1986-03-10,FEMALE,XXXXX1234X,XXXXXXXX5678,9613731728,,,"107, Sector 26",,Gurugram,Haryana,122001,28.415016,77.062204,MEDIUM,50,600,9,18,HINDI,SALARIED,f,f,f,f,0,[],23d9b4b2-2d07-4dd9-94e7-458c8d79366b,2026-09-07 04:59:05.793865+00,2026-09-07 04:59:05.793868+00
DAILY20260903127,Anjali Reddy,1986-03-10,FEMALE,XXXXX1234X,XXXXXXXX5678,9949345513,,,"112, Sector 47",,Gurugram,Haryana,122001,28.494355,77.087157,MEDIUM,50,520,9,18,HINDI,SALARIED,f,f,f,f,0,[],23e16078-a892-43f5-b59d-db8f7587f66d,2026-09-02 15:33:16.068244+00,2026-09-02 15:33:16.068244+00
DAILY20260907129,Divya Bhatt,1986-03-10,MALE,XXXXX1234X,XXXXXXXX5678,9843980875,,,"71, Sector 9",,Gurugram,Haryana,122001,28.412168,77.098275,MEDIUM,50,600,9,18,HINDI,SALARIED,f,f,f,f,0,[],23e6f23c-1d5d-4cb1-9321-bf10a1b0d31c,2026-09-07 04:59:06.557492+00,2026-09-21 05:54:35.937043+00
DAILY20260918175,Anjali Nair,1986-03-10,MALE,XXXXX1234X,XXXXXXXX5678,9871135925,,,"150, Sector 62",,Delhi,Delhi,110001,28.504436,77.177775,MEDIUM,50,520,9,18,HINDI,SALARIED,f,f,f,f,0,[],2438494e-0041-4279-ad8a-dedd1a02bbc1,2026-09-18 06:49:35.002863+00,2026-09-21 05:54:35.938109+00
CUST000186,Irya Loke,1993-11-10,MALE,XXXXX6038X,XXXXXXXX2703,9320325776,8355730504,,"H.No. 67, Kohli",,Delhi,Delhi,162804,28.621334,77.268882,MEDIUM,50,636,9,18,ENGLISH,BUSINESS_OWNER,f,f,f,f,0,[],2439d400-d1c2-4c8b-935a-25904e153bbb,2026-08-27 11:27:59.589314+00,2026-08-27 11:27:59.589314+00
BANK0008,Sunita Bhatia Malhotra,1987-10-11,FEMALE,XXXXX5007X,XXXXXXXX6007,9811200010,,,"House 12, Sector 56",,Gurugram,Haryana,122011,28.521,77.067,MEDIUM,50,540,9,18,HINDI,SALARIED,f,f,f,f,0,[],247be24b-c38a-4088-952e-28575bf58b4b,2026-08-27 11:28:09.816878+00,2026-08-27 11:28:09.81688+00
CUST000007,Amrita Bhatti,1971-09-02,FEMALE,XXXXX1128X,XXXXXXXX5905,9812308209,,simon76@example.net,"423
Yohannan Circle",,Noida,Uttar Pradesh,377312,28.567663,77.341091,MEDIUM,50,634,9,18,HINDI,SALARIED,f,f,f,f,0,[],24b5cb1d-9037-4cd9-85f4-2c9cf2ee1daa,2026-08-27 11:27:59.588894+00,2026-08-27 11:27:59.588894+00
CUST000294,Urvi Dua,1971-06-18,MALE,XXXXX7911X,XXXXXXXX7631,9176605123,,,"H.No. 61, Madan Circle",,Noida,Uttar Pradesh,428709,28.450704,77.58706,MEDIUM,50,627,9,18,PUNJABI,BUSINESS_OWNER,f,f,f,f,0,[],24b981b0-ef33-4522-8f36-9a40e36d55c9,2026-08-27 11:27:59.589562+00,2026-08-27 11:27:59.589563+00
CUST000244,Jai Wason,1977-04-08,FEMALE,XXXXX5067X,XXXXXXXX5482,9527209652,8415866432,,"47, Dar Road",,Noida,Uttar Pradesh,239850,28.504545,77.365812,MEDIUM,50,611,9,18,ENGLISH,RETIRED,f,f,f,f,0,[],24ec8685-728f-4fd9-ad1f-3d85956050d2,2026-08-27 11:27:59.589454+00,2026-08-27 11:27:59.589454+00
CUST000214,Ishaan Loyal,1993-02-08,MALE,XXXXX1920X,XXXXXXXX9442,9949856342,,,"07/83
Chaudry Marg",,Delhi,Delhi,631413,28.686572,77.264536,MEDIUM,50,564,9,18,URDU,SELF_EMPLOYED,f,f,f,f,0,[],24f406f0-18ea-428e-9360-8b08b5638e21,2026-08-27 11:27:59.589373+00,2026-08-27 11:27:59.589374+00
CUST000363,Waida Maharaj,1982-04-21,MALE,XXXXX7049X,XXXXXXXX9992,9157045020,,mitali39@example.org,"67/80, Palan Circle",,Noida,Uttar Pradesh,476695,28.581738,77.244025,MEDIUM,50,450,9,18,HINDI,BUSINESS_OWNER,f,f,f,f,0,[],2561c753-64f6-43a1-a1c0-13bff93a2c12,2026-08-27 11:27:59.589708+00,2026-08-27 11:27:59.589709+00
CUST000310,Yamini Desai,2000-04-12,FEMALE,XXXXX4912X,XXXXXXXX6254,9874171682,,walichanakya@example.net,"78/29
Dave Street",,Noida,Uttar Pradesh,506313,28.645582,77.280602,MEDIUM,50,486,9,18,ENGLISH,HOMEMAKER,f,f,f,f,0,[],258d4abe-44b3-487a-888f-e603bd520d78,2026-08-27 11:27:59.589596+00,2026-08-27 11:27:59.589597+00
CUST000170,Jagat Gokhale,2001-05-19,MALE,XXXXX8951X,XXXXXXXX6631,9832884547,8149330844,,"23/00
Sheth Road",,Delhi,Delhi,581906,28.628001,76.948662,MEDIUM,50,595,9,18,HINDI,SALARIED,f,f,f,f,0,[],2592fed1-241a-4897-b6b1-1d1c4e9266ec,2026-08-27 11:27:59.589279+00,2026-08-27 11:27:59.589279+00
DAILY20260903104,Amit Sharma,1986-03-10,FEMALE,XXXXX1234X,XXXXXXXX5678,9465290857,,,"190, Sector 68",,Delhi,Delhi,110001,28.632348,77.085101,MEDIUM,50,520,9,18,HINDI,SALARIED,f,f,f,f,0,[],25aa835a-45da-40d7-b0f3-12c6c6d21100,2026-09-02 15:33:15.983376+00,2026-09-21 05:54:35.938112+00
CUST000216,Noah Dewan,1993-06-23,MALE,XXXXX6730X,XXXXXXXX6640,9275571407,8377733976,danielpanchal@example.net,"82/54
Loke Road",,Gurugram,Haryana,194782,28.427553,77.04089,MEDIUM,50,390,9,18,PUNJABI,SALARIED,f,f,f,f,0,[],25bf5d35-049f-4dbb-97e2-00faa8db1a8c,2026-08-27 11:27:59.589377+00,2026-08-27 11:27:59.589378+00
DAILY2026090379,Nikhil Sharma,1986-03-10,FEMALE,XXXXX1234X,XXXXXXXX5678,9752632432,,,"82, Sector 8",,Noida,Uttar Pradesh,201310,28.501661,77.530853,MEDIUM,50,520,9,18,HINDI,SALARIED,f,f,f,f,0,[],261b6514-df21-44e6-ba8d-7bd46a8aafe9,2026-09-02 15:33:15.882119+00,2026-09-21 05:54:35.938112+00
DAILY20260903137,Anjali Singh,1986-03-10,MALE,XXXXX1234X,XXXXXXXX5678,9587898916,,,"161, Sector 61",,Delhi,Delhi,110001,28.497773,77.229293,MEDIUM,50,520,9,18,HINDI,SALARIED,f,f,f,f,0,[],2629fec0-8412-45a2-bfe9-c19f55f6dc59,2026-09-02 15:33:16.099983+00,2026-09-21 05:54:35.938113+00
CUST000228,Bhavani Bala,1995-11-15,MALE,XXXXX1359X,XXXXXXXX9267,9281445989,,samesh89@example.net,"64/037, Chowdhury Marg",,Delhi,Delhi,139178,28.520724,77.321991,MEDIUM,50,367,9,18,URDU,BUSINESS_OWNER,f,f,f,f,0,[],26976eb1-42c6-400c-b45a-101b41ce3537,2026-08-27 11:27:59.589421+00,2026-08-27 11:27:59.589422+00
DAILY20260907134,Deepak Saxena,1986-03-10,MALE,XXXXX1234X,XXXXXXXX5678,9396244130,,,"170, Sector 42",,Gurugram,Haryana,122001,28.471478,77.094104,MEDIUM,50,520,9,18,HINDI,SALARIED,f,f,f,f,0,[],26b6be77-0f53-451a-9f23-95d0b07b16f3,2026-09-07 04:59:06.580847+00,2026-09-07 04:59:06.580851+00
DAILY2026091827,Pooja Singh,1986-03-10,FEMALE,XXXXX1234X,XXXXXXXX5678,9252806186,,,"158, Sector 62",,Gurugram,Haryana,122001,28.483443,77.06198,MEDIUM,50,600,9,18,HINDI,SALARIED,f,f,f,f,0,[],26b73248-faea-4e0c-976d-6457edff4548,2026-09-18 06:49:34.154815+00,2026-09-18 06:49:34.154817+00
CUST000341,Varenya Kade,1986-02-07,MALE,XXXXX7719X,XXXXXXXX8239,9185260383,8107057729,,"H.No. 302
Dyal",,Noida,Uttar Pradesh,673929,28.631297,77.319766,MEDIUM,50,543,9,18,PUNJABI,HOMEMAKER,f,f,f,f,0,[],26eef40b-9a0b-44e8-b11a-3ced97476655,2026-08-27 11:27:59.589662+00,2026-08-27 11:27:59.589662+00
CUST000303,Hiral Rajan,1969-04-20,MALE,XXXXX6104X,XXXXXXXX9165,9498784578,8949785821,,"H.No. 287, Gandhi Chowk",,Noida,Uttar Pradesh,184120,28.472737,76.979203,MEDIUM,50,475,9,18,ENGLISH,SALARIED,f,f,f,f,0,[],26f02717-8e95-4da1-bd80-7ca2a17be532,2026-08-27 11:27:59.589581+00,2026-08-27 11:27:59.589581+00
CUST000115,Vivaan Walla,1972-09-27,MALE,XXXXX5715X,XXXXXXXX2996,9715766024,8507693523,xhari@example.net,"46
Wable Circle",,Noida,Uttar Pradesh,513697,28.598259,77.402178,MEDIUM,50,669,9,18,PUNJABI,SELF_EMPLOYED,f,f,f,f,0,[],273e3301-de4a-4fdc-b8cc-c077bef82888,2026-08-27 11:27:59.589144+00,2026-08-27 11:27:59.589144+00
CUST000336,Madhav Sule,1999-05-05,MALE,XXXXX8201X,XXXXXXXX7521,9427012523,8406998453,,"731, Pingle Road",,Gurugram,Haryana,542983,28.430166,77.108716,MEDIUM,50,397,9,18,PUNJABI,HOMEMAKER,f,f,f,f,0,[],275400d3-f21d-416d-85ea-fa23b85053dd,2026-08-27 11:27:59.589651+00,2026-08-27 11:27:59.589652+00
DAILY20260907133,Preeti Yadav,1986-03-10,MALE,XXXXX1234X,XXXXXXXX5678,9309775965,,,"109, Sector 50",,Gurugram,Haryana,122001,28.459419,77.082908,MEDIUM,50,520,9,18,HINDI,SALARIED,f,f,f,f,0,[],27a5812a-7b42-47de-aad5-1c5401efdba9,2026-09-07 04:59:06.576192+00,2026-09-21 05:54:35.940489+00
DAILY20260906129,Rohan Verma,1986-03-10,FEMALE,XXXXX1234X,XXXXXXXX5678,9519473460,,,"2, Sector 39",,Delhi,Delhi,110001,28.596974,77.248536,MEDIUM,50,600,9,18,HINDI,SALARIED,f,f,f,f,0,[],27bbc090-022c-4631-bd0c-9b69fbbe85bc,2026-09-06 13:30:49.575748+00,2026-09-21 05:54:35.941413+00
DAILY20260907110,Neha Yadav,1986-03-10,MALE,XXXXX1234X,XXXXXXXX5678,9781736952,,,"194, Sector 1",,Delhi,Delhi,110001,28.659605,77.061585,MEDIUM,50,520,9,18,HINDI,SALARIED,f,f,f,f,0,[],27ed6fc7-61f0-49b5-89bb-98e96ff7c539,2026-09-07 04:59:06.447947+00,2026-09-21 05:54:35.941418+00
CUST000065,Riya Behl,1971-05-22,MALE,XXXXX5176X,XXXXXXXX7132,9263894795,8609241268,,"H.No. 77, Balakrishnan Zila",,Gurugram,Haryana,189511,28.562411,77.005491,MEDIUM,50,518,9,18,HINDI,RETIRED,f,f,f,f,0,[],2832bcb2-3b90-403f-902a-c6c824f3ee2a,2026-08-27 11:27:59.589038+00,2026-08-27 11:27:59.589038+00
DAILY20260918182,Sanjay Malik,1986-03-10,MALE,XXXXX1234X,XXXXXXXX5678,9804346635,,,"131, Sector 58",,Gurugram,Haryana,122001,28.470554,77.04724,MEDIUM,50,520,9,18,HINDI,SALARIED,f,f,f,f,0,[],284d46e8-9f00-4dca-a3ac-f25021546486,2026-09-18 06:49:35.041287+00,2026-09-21 05:54:35.942751+00
DAILY2026091816,Kiran Mehta,1986-03-10,MALE,XXXXX1234X,XXXXXXXX5678,9163870580,,,"179, Sector 46",,Gurugram,Haryana,122001,28.495694,77.00992,MEDIUM,50,520,9,18,HINDI,SALARIED,f,f,f,f,0,[],284fe133-e649-434b-bc0e-d31285bfaa4e,2026-09-18 06:49:34.102254+00,2026-09-21 05:54:35.942754+00
DAILY2026090649,Sanjay Saxena,1986-03-10,MALE,XXXXX1234X,XXXXXXXX5678,9994275953,,,"42, Sector 57",,Noida,Uttar Pradesh,201310,28.506933,77.514833,MEDIUM,50,600,9,18,HINDI,SALARIED,f,f,f,f,0,[],2858bc85-f077-44a9-bae8-c0b960760ba9,2026-09-06 13:30:49.067151+00,2026-09-21 05:54:35.944176+00
DAILY2026092182,Pooja Sharma,1986-03-10,MALE,XXXXX1234X,XXXXXXXX5678,9857617747,,,"34, Sector 31",,Gurugram,Haryana,122001,28.467958,77.096199,MEDIUM,50,520,9,18,HINDI,SALARIED,f,f,f,f,0,[],28eec40c-0857-498d-a520-ba8c38c1dfb8,2026-09-21 04:52:59.843065+00,2026-09-21 04:52:59.843069+00
DAILY2026090707,Sneha Nair,1986-03-10,FEMALE,XXXXX1234X,XXXXXXXX5678,9491002485,,,"47, Sector 68",,Noida,Uttar Pradesh,201301,28.618172,77.341497,MEDIUM,50,520,9,18,HINDI,SALARIED,f,f,f,f,0,[],292ae318-80b9-40f6-b04e-05b187ec6c91,2026-09-07 04:59:05.75839+00,2026-09-21 05:54:35.944179+00
CUST000343,Bhanumati Chada,1971-11-19,MALE,XXXXX1587X,XXXXXXXX2525,9925183459,,,"23
Dhar Marg",,Gurugram,Haryana,497346,28.400617,77.140722,MEDIUM,50,596,9,18,HINDI,RETIRED,f,t,f,f,0,[],2941db57-a823-4c8c-81df-42d797c63d2c,2026-08-27 11:27:59.589666+00,2026-08-27 11:27:59.589666+00
DAILY20260918164,Rohan Chauhan,1986-03-10,FEMALE,XXXXX1234X,XXXXXXXX5678,9971822439,,,"150, Sector 4",,Delhi,Delhi,110001,28.595421,77.033921,MEDIUM,50,600,9,18,HINDI,SALARIED,f,f,f,f,0,[],2963c07f-70dd-49e9-8657-a6995be7d067,2026-09-18 06:49:34.943013+00,2026-09-21 05:54:35.94418+00
DAILY2026090391,Neha Verma,1986-03-10,FEMALE,XXXXX1234X,XXXXXXXX5678,9332219638,,,"75, Sector 40",,Gurugram,Haryana,122001,28.456414,77.077495,MEDIUM,50,520,9,18,HINDI,SALARIED,f,f,f,f,0,[],2996249e-d6dc-4ebf-8988-cf05cf1c33dc,2026-09-02 15:33:15.935627+00,2026-09-02 15:33:15.935627+00
DAILY2026090368,Divya Malik,1986-03-10,MALE,XXXXX1234X,XXXXXXXX5678,9675540650,,,"161, Sector 2",,Noida,Uttar Pradesh,201301,28.564798,77.280279,MEDIUM,50,520,9,18,HINDI,SALARIED,f,f,f,f,0,[],299d148e-07cf-4a59-983c-52f8a365a1f9,2026-09-02 15:33:15.837476+00,2026-09-21 05:54:35.944181+00
DEMO0010,Vikas Kumar Pandey,1985-06-15,MALE,XXXXX1234X,XXXXXXXX5678,9876541010,,,"D-5, Sector 44",,Gurugram,Haryana,122003,28.45516001498581,77.07181791323676,MEDIUM,50,520,9,18,HINDI,SALARIED,f,f,f,f,0,[],29c07ea6-3dc4-4723-8101-7db652689c58,2026-08-27 11:28:09.586631+00,2026-09-23 09:03:47.158572+00
DAILY2026090349,Divya Verma,1986-03-10,MALE,XXXXX1234X,XXXXXXXX5678,9427046052,,,"65, Sector 56",,Gurugram,Haryana,122001,28.506255,77.080632,MEDIUM,50,520,9,18,HINDI,SALARIED,f,f,f,f,0,[],29d07d0f-e556-4d0f-b843-6f616ff990a9,2026-09-02 15:33:15.755713+00,2026-09-21 05:54:35.946619+00
DAILY20260907115,Sanjay Sharma,1986-03-10,FEMALE,XXXXX1234X,XXXXXXXX5678,9255364930,,,"135, Sector 29",,Delhi,Delhi,110001,28.692205,77.125841,MEDIUM,50,600,9,18,HINDI,SALARIED,f,f,f,f,0,[],29ecb3be-886f-477d-bdf1-54b0ffb851d8,2026-09-07 04:59:06.481825+00,2026-09-21 05:54:35.948038+00
CUST000055,Zayyan Sridhar,1967-12-27,FEMALE,XXXXX7511X,XXXXXXXX6992,9196961971,8114945047,,"71, Bera",,Noida,Uttar Pradesh,229592,28.526523,77.055234,MEDIUM,50,646,9,18,URDU,BUSINESS_OWNER,f,f,f,f,0,[],2a15516f-d306-43e7-9555-1ce7dc5b5296,2026-08-27 11:27:59.589018+00,2026-08-27 11:27:59.589019+00
DAILY20260906112,Sanjay Singh,1986-03-10,FEMALE,XXXXX1234X,XXXXXXXX5678,9937030217,,,"64, Sector 44",,Gurugram,Haryana,122001,28.503315,77.078793,MEDIUM,50,520,9,18,HINDI,SALARIED,f,f,f,f,0,[],2a4b6f17-7541-4f59-982f-70b477d54657,2026-09-06 13:30:49.458224+00,2026-09-06 13:30:49.458227+00
DAILY2026090787,Kiran Bhatt,1986-03-10,MALE,XXXXX1234X,XXXXXXXX5678,9911126093,,,"64, Sector 18",,Gurugram,Haryana,122001,28.447506,77.074754,MEDIUM,50,520,9,18,HINDI,SALARIED,f,f,f,f,0,[],2a4ed832-46e5-47ae-bef0-9c7a929e8a5e,2026-09-07 04:59:06.312317+00,2026-09-07 04:59:06.312321+00
DAILY2026090794,Vijay Gupta,1986-03-10,FEMALE,XXXXX1234X,XXXXXXXX5678,9537803860,,,"29, Sector 59",,Gurugram,Haryana,122001,28.45795,77.136284,MEDIUM,50,520,9,18,HINDI,SALARIED,f,f,f,f,0,[],2ad930f9-58bc-4ca3-ab38-888c6e0acc60,2026-09-07 04:59:06.351047+00,2026-09-21 05:54:35.949199+00
DAILY2026091832,Vijay Singh,1986-03-10,MALE,XXXXX1234X,XXXXXXXX5678,9711645054,,,"2, Sector 6",,Delhi,Delhi,110001,28.576744,77.040332,MEDIUM,50,520,9,18,HINDI,SALARIED,f,f,f,f,0,[],2b0efb03-42f3-49db-b79d-e571c1d3ed84,2026-09-18 06:49:34.177534+00,2026-09-21 05:54:35.950311+00
DAILY2026091848,Anjali Singh,1986-03-10,MALE,XXXXX1234X,XXXXXXXX5678,9376215143,,,"6, Sector 46",,Gurugram,Haryana,122001,28.449067,77.037642,MEDIUM,50,600,9,18,HINDI,SALARIED,f,f,f,f,0,[],2baa9606-b4d7-4be9-9f60-2ec2d609f97a,2026-09-18 06:49:34.26335+00,2026-09-18 06:49:34.263355+00
DAILY2026090372,Neha Reddy,1986-03-10,FEMALE,XXXXX1234X,XXXXXXXX5678,9395857439,,,"192, Sector 64",,Noida,Uttar Pradesh,201301,28.507705,77.341352,MEDIUM,50,600,9,18,HINDI,SALARIED,f,f,f,f,0,[],2bd665d9-40bf-4544-aac8-2ea5b4b2c8dc,2026-09-02 15:33:15.8479+00,2026-09-21 05:54:35.950314+00
DAILY2026090690,Deepak Bhatt,1986-03-10,FEMALE,XXXXX1234X,XXXXXXXX5678,9757771664,,,"10, Sector 8",,Noida,Uttar Pradesh,201301,28.563881,77.330218,MEDIUM,50,600,9,18,HINDI,SALARIED,f,f,f,f,0,[],2be4a602-801f-4fd0-b188-2cb742cbff6d,2026-09-06 13:30:49.338579+00,2026-09-21 05:54:35.950315+00
DAILY2026090351,Anjali Mehta,1986-03-10,FEMALE,XXXXX1234X,XXXXXXXX5678,9191506038,,,"64, Sector 61",,Gurugram,Haryana,122001,28.478957,77.067839,MEDIUM,50,520,9,18,HINDI,SALARIED,f,f,f,f,0,[],2bf4816a-767e-4df2-b3f0-0a41ed7a523c,2026-09-02 15:33:15.763579+00,2026-09-02 15:33:15.763579+00
CUST000391,Ekiya Sidhu,1974-02-11,MALE,XXXXX5528X,XXXXXXXX1869,9308004185,,,"H.No. 827, Lall Road",,Noida,Uttar Pradesh,597457,28.48665,77.376627,MEDIUM,50,637,9,18,URDU,SELF_EMPLOYED,f,f,f,f,0,[],2c37b2b2-ddc4-4f71-ad73-a2d174fdaaf8,2026-08-27 11:27:59.589765+00,2026-08-27 11:27:59.589766+00
DAILY2026092141,Anjali Reddy,1986-03-10,FEMALE,XXXXX1234X,XXXXXXXX5678,9433792992,,,"21, Sector 31",,Gurugram,Haryana,122001,28.430957,77.061164,MEDIUM,50,520,9,18,HINDI,SALARIED,f,f,f,f,0,[],2c58a970-340a-4a7c-8db8-627080aa6a4d,2026-09-21 04:52:59.615699+00,2026-09-21 05:54:35.952328+00
DAILY2026090330,Nikhil Yadav,1986-03-10,FEMALE,XXXXX1234X,XXXXXXXX5678,9776407131,,,"128, Sector 43",,Delhi,Delhi,110001,28.753636,77.133863,MEDIUM,50,520,9,18,HINDI,SALARIED,f,f,f,f,0,[],2c6652ef-48a9-4802-85ae-77221825a170,2026-09-02 15:33:15.687683+00,2026-09-21 05:54:35.95324+00
DAILY20260907104,Rohan Nair,1986-03-10,FEMALE,XXXXX1234X,XXXXXXXX5678,9594647350,,,"136, Sector 55",,Noida,Uttar Pradesh,201301,28.571014,77.331363,MEDIUM,50,520,9,18,HINDI,SALARIED,f,f,f,f,0,[],2c771eff-8766-4cce-8913-ac24a2486b78,2026-09-07 04:59:06.408022+00,2026-09-21 05:54:35.953245+00
CUST000390,Zashil Baral,1982-02-03,MALE,XXXXX5934X,XXXXXXXX6699,9549667909,,,"48/73
Grover",,Delhi,Delhi,223215,28.503639,77.270395,MEDIUM,50,613,9,18,HARYANVI,SALARIED,f,f,f,f,0,[],2c79ffad-474c-4617-93fe-dfcfd00de543,2026-08-27 11:27:59.589763+00,2026-08-27 11:27:59.589763+00
DAILY2026091810,Neha Saxena,1986-03-10,FEMALE,XXXXX1234X,XXXXXXXX5678,9694724502,,,"100, Sector 60",,Noida,Uttar Pradesh,201301,28.57336,77.335618,MEDIUM,50,600,9,18,HINDI,SALARIED,f,f,f,f,0,[],2cae6d70-7db2-4341-a440-8c444064074f,2026-09-18 06:49:34.072147+00,2026-09-21 05:54:35.953246+00
CUST000299,Chakradev Andra,1996-01-11,MALE,XXXXX5698X,XXXXXXXX8687,9674558056,,falguniparmar@example.com,"15/521
Ratta Marg",,Delhi,Delhi,600241,28.56473,77.251148,MEDIUM,50,369,9,18,PUNJABI,SALARIED,f,f,f,f,0,[],2d5a75e9-0241-4f60-98fe-5461da045389,2026-08-27 11:27:59.589573+00,2026-08-27 11:27:59.589573+00
DAILY2026090719,Rahul Saxena,1986-03-10,MALE,XXXXX1234X,XXXXXXXX5678,9748594758,,,"143, Sector 13",,Gurugram,Haryana,122001,28.449689,77.079895,MEDIUM,50,520,9,18,HINDI,SALARIED,f,f,f,f,0,[],2e0e915b-7d71-4d30-bb36-cf64953edbc9,2026-09-07 04:59:05.830524+00,2026-09-07 04:59:05.830526+00
CUST000219,Falak Agate,1996-09-02,FEMALE,XXXXX5631X,XXXXXXXX5890,9834883010,,,"75/186, Sanghvi Ganj",,Noida,Uttar Pradesh,389913,28.597825,77.269846,MEDIUM,50,491,9,18,PUNJABI,BUSINESS_OWNER,f,f,f,f,0,[],2e0ec7cc-3dcc-4204-b83a-c5bda7ad54f4,2026-08-27 11:27:59.589383+00,2026-08-27 11:27:59.589384+00
DAILY20260918148,Pooja Verma,1986-03-10,MALE,XXXXX1234X,XXXXXXXX5678,9714909284,,,"104, Sector 63",,Gurugram,Haryana,122001,28.457606,77.049186,MEDIUM,50,600,9,18,HINDI,SALARIED,f,f,f,f,0,[],2e1f1998-cc2c-42be-85f6-aeeb28d59418,2026-09-18 06:49:34.859337+00,2026-09-18 06:49:34.85934+00
DAILY20260903116,Vijay Sharma,1986-03-10,MALE,XXXXX1234X,XXXXXXXX5678,9589817432,,,"115, Sector 16",,Gurugram,Haryana,122001,28.451987,77.091089,MEDIUM,50,520,9,18,HINDI,SALARIED,f,f,f,f,0,[],2e5e6d39-d89c-4fd1-9bb8-80fa4e04ef12,2026-09-02 15:33:16.02491+00,2026-09-02 15:33:16.02491+00
DAILY20260918113,Neha Singh,1986-03-10,FEMALE,XXXXX1234X,XXXXXXXX5678,9428965626,,,"133, Sector 66",,Delhi,Delhi,110001,28.610157,77.262372,MEDIUM,50,520,9,18,HINDI,SALARIED,f,f,f,f,0,[],2e6abc7c-15e5-4dba-87c7-bcb36516c940,2026-09-18 06:49:34.665074+00,2026-09-21 05:54:35.953247+00
DAILY2026090201,Vijay Malik,1986-03-10,FEMALE,XXXXX1234X,XXXXXXXX5678,9323408013,,,"170, Sector 51",,Gurugram,Haryana,122001,28.429756,77.068626,MEDIUM,50,520,9,18,HINDI,SALARIED,f,f,f,f,0,[],2ea2d544-37b4-423d-bb76-2972930810f6,2026-09-02 05:53:50.384809+00,2026-09-02 05:53:50.384813+00
CUST000008,Priya Rastogi,1977-05-29,MALE,XXXXX9280X,XXXXXXXX9004,9369639388,8154544899,,"71/01, Dutta Street",,Noida,Uttar Pradesh,544151,28.537545,77.391187,MEDIUM,50,624,9,18,PUNJABI,SALARIED,t,f,f,f,0,[],2f47fe20-20f7-480e-a1fa-0b6bdbb1fe0b,2026-08-27 11:27:59.588896+00,2026-08-27 11:27:59.588897+00
DAILY20260921133,Sanjay Malik,1986-03-10,MALE,XXXXX1234X,XXXXXXXX5678,9319803125,,,"2, Sector 35",,Gurugram,Haryana,122001,28.512869,77.047564,MEDIUM,50,600,9,18,HINDI,SALARIED,f,f,f,f,0,[],2f720ba0-a74a-4563-85db-491527fdd3c6,2026-09-21 04:53:00.286627+00,2026-09-21 04:53:00.286633+00
DAILY20260907146,Rahul Saxena,1986-03-10,FEMALE,XXXXX1234X,XXXXXXXX5678,9478923200,,,"32, Sector 70",,Gurugram,Haryana,122001,28.452472,77.077041,MEDIUM,50,520,9,18,HINDI,SALARIED,f,f,f,f,0,[],2fcffa39-f8f5-40d1-baab-c2374252f514,2026-09-07 04:59:06.634489+00,2026-09-07 04:59:06.634492+00
DAILY20260921138,Anjali Verma,1986-03-10,MALE,XXXXX1234X,XXXXXXXX5678,9624892674,,,"25, Sector 11",,Gurugram,Haryana,122001,28.460407,77.042785,MEDIUM,50,520,9,18,HINDI,SALARIED,f,f,f,f,0,[],30210674-32a6-42a5-a2c8-c39915b228aa,2026-09-21 04:53:00.360093+00,2026-09-21 04:53:00.360097+00
CUST000226,Abhiram Gala,1980-05-17,FEMALE,XXXXX1067X,XXXXXXXX5076,9342950952,8469742752,,"26/973, Chaudhry Zila",,Delhi,Delhi,207697,28.626069,76.954613,MEDIUM,50,309,9,18,URDU,HOMEMAKER,f,f,f,f,0,[],30226d3a-2d1e-4854-9b00-46ea0cd54d7e,2026-08-27 11:27:59.589399+00,2026-08-27 11:27:59.5894+00
DAILY2026090682,Anjali Verma,1986-03-10,FEMALE,XXXXX1234X,XXXXXXXX5678,9730253129,,,"161, Sector 57",,Gurugram,Haryana,122001,28.46769,77.10818,MEDIUM,50,600,9,18,HINDI,SALARIED,f,f,f,f,0,[],307f320f-f01c-4c72-8edd-e058552c6108,2026-09-06 13:30:49.294353+00,2026-09-21 05:54:35.955572+00
DAILY2026091878,Nikhil Nair,1986-03-10,FEMALE,XXXXX1234X,XXXXXXXX5678,9488593932,,,"5, Sector 26",,Noida,Uttar Pradesh,201310,28.457743,77.519345,MEDIUM,50,520,9,18,HINDI,SALARIED,f,f,f,f,0,[],30c67ec2-ddfb-4ce9-a468-b051044e6b54,2026-09-18 06:49:34.440166+00,2026-09-21 05:54:35.957074+00
DAILY20260907158,Pooja Verma,1986-03-10,MALE,XXXXX1234X,XXXXXXXX5678,9969283056,,,"56, Sector 59",,Gurugram,Haryana,122001,28.430482,77.085206,MEDIUM,50,520,9,18,HINDI,SALARIED,f,f,f,f,0,[],30d21a11-c722-4cfa-a546-596428314fc6,2026-09-07 04:59:06.724367+00,2026-09-21 05:54:35.958328+00
CUST000281,Hritik Subramaniam,1966-01-29,MALE,XXXXX4919X,XXXXXXXX1004,9269055029,,,"54/443
Varughese Street",,Gurugram,Haryana,518836,28.534075,76.932057,MEDIUM,50,318,9,18,PUNJABI,RETIRED,f,f,f,t,0,[],3135c626-469d-4275-82f4-857877c885e6,2026-08-27 11:27:59.589536+00,2026-08-27 11:27:59.589537+00
CUST000093,Sudiksha Rastogi,1979-06-17,MALE,XXXXX9151X,XXXXXXXX7018,9956084565,8960226208,,"H.No. 65, Prasad Road",,Delhi,Delhi,545120,28.49713,77.279489,MEDIUM,50,395,9,18,HINDI,RETIRED,f,f,f,f,0,[],317a0596-0ba7-4956-8cba-bec12edcce0b,2026-08-27 11:27:59.589097+00,2026-08-27 11:27:59.589098+00
DAILY20260903175,Manish Verma,1986-03-10,MALE,XXXXX1234X,XXXXXXXX5678,9655363730,,,"59, Sector 52",,Noida,Uttar Pradesh,201301,28.564201,77.387531,MEDIUM,50,520,9,18,HINDI,SALARIED,f,f,f,f,0,[],317fd798-268d-417a-8634-921d4c6f3813,2026-09-02 15:33:16.240743+00,2026-09-21 05:54:35.959694+00
DAILY20260903157,Sneha Yadav,1986-03-10,FEMALE,XXXXX1234X,XXXXXXXX5678,9577868121,,,"199, Sector 16",,Gurugram,Haryana,122001,28.469808,77.043219,MEDIUM,50,520,9,18,HINDI,SALARIED,f,f,f,f,0,[],31c1428a-0d64-4e9d-a0f1-1c2419c53b86,2026-09-02 15:33:16.184769+00,2026-09-02 15:33:16.184769+00
DAILY20260903185,Pooja Chauhan,1986-03-10,MALE,XXXXX1234X,XXXXXXXX5678,9290822355,,,"115, Sector 57",,Gurugram,Haryana,122001,28.411816,77.09995,MEDIUM,50,520,9,18,HINDI,SALARIED,f,f,f,f,0,[],31d4be87-ea11-431f-b7ab-de946ce1e3fa,2026-09-02 15:33:16.282839+00,2026-09-02 15:33:16.282839+00
DAILY20260906145,Amit Gupta,1986-03-10,FEMALE,XXXXX1234X,XXXXXXXX5678,9589441284,,,"108, Sector 52",,Gurugram,Haryana,122001,28.470004,77.05741,MEDIUM,50,520,9,18,HINDI,SALARIED,f,f,f,f,0,[],32342a4a-c4e3-4dd4-b77f-ee7c578d85c0,2026-09-06 13:30:49.678277+00,2026-09-06 13:30:49.67828+00
DAILY2026090367,Divya Yadav,1986-03-10,MALE,XXXXX1234X,XXXXXXXX5678,9241208913,,,"66, Sector 70",,Gurugram,Haryana,122001,28.440144,77.097851,MEDIUM,50,600,9,18,HINDI,SALARIED,f,f,f,f,0,[],32528685-dd12-4f9a-8635-7f4d3de06713,2026-09-02 15:33:15.832165+00,2026-09-02 15:33:15.832165+00
DAILY2026090714,Rohan Verma,1986-03-10,MALE,XXXXX1234X,XXXXXXXX5678,9392233357,,,"2, Sector 38",,Gurugram,Haryana,122001,28.518745,77.037447,MEDIUM,50,520,9,18,HINDI,SALARIED,f,f,f,f,0,[],325503a2-2cb0-4e4b-828c-11930fe935bb,2026-09-07 04:59:05.799835+00,2026-09-07 04:59:05.799839+00
DAILY2026090352,Vijay Reddy,1986-03-10,FEMALE,XXXXX1234X,XXXXXXXX5678,9918169464,,,"18, Sector 5",,Delhi,Delhi,110001,28.703815,77.094966,MEDIUM,50,520,9,18,HINDI,SALARIED,f,f,f,f,0,[],326f2280-e8f8-460b-b283-57a1592c0fbc,2026-09-02 15:33:15.768524+00,2026-09-21 05:54:35.959697+00
DAILY2026090362,Preeti Malik,1986-03-10,MALE,XXXXX1234X,XXXXXXXX5678,9410307027,,,"32, Sector 56",,Gurugram,Haryana,122001,28.47285,77.04095,MEDIUM,50,520,9,18,HINDI,SALARIED,f,f,f,f,0,[],32bd22c7-f43b-45c2-9cee-daac28aa4f39,2026-09-02 15:33:15.800372+00,2026-09-02 15:33:15.800372+00
DAILY2026090775,Amit Malik,1986-03-10,FEMALE,XXXXX1234X,XXXXXXXX5678,9382412398,,,"90, Sector 40",,Gurugram,Haryana,122001,28.442108,77.064992,MEDIUM,50,600,9,18,HINDI,SALARIED,f,f,f,f,0,[],32d2709c-8d88-4d5b-899a-10a66a6aeb7c,2026-09-07 04:59:06.238521+00,2026-09-21 05:54:35.961398+00
DAILY2026090648,Rohan Sharma,1986-03-10,FEMALE,XXXXX1234X,XXXXXXXX5678,9958154520,,,"75, Sector 18",,Gurugram,Haryana,122001,28.390487,77.087223,MEDIUM,50,520,9,18,HINDI,SALARIED,f,f,f,f,0,[],32f15328-7830-47fd-b50c-819f50a7bcad,2026-09-06 13:30:49.060232+00,2026-09-21 05:54:35.961403+00
CUST000324,Ekbal Dube,1964-07-21,MALE,XXXXX1225X,XXXXXXXX6624,9844956951,8427618008,,"H.No. 110
Krishnamurthy Street",,Noida,Uttar Pradesh,123853,28.497897,77.360525,MEDIUM,50,375,9,18,PUNJABI,SELF_EMPLOYED,f,f,f,f,0,[],32f26267-1756-4d30-a1c7-f1be5aa626b5,2026-08-27 11:27:59.589625+00,2026-08-27 11:27:59.589626+00
DAILY2026091824,Rahul Nair,1986-03-10,MALE,XXXXX1234X,XXXXXXXX5678,9598715255,,,"150, Sector 61",,Gurugram,Haryana,122001,28.44828,77.041471,MEDIUM,50,520,9,18,HINDI,SALARIED,f,f,f,f,0,[],33ce6c4b-1046-4498-b9fa-d9b90c1a9a25,2026-09-18 06:49:34.141112+00,2026-09-18 06:49:34.141115+00
DAILY20260903126,Rohan Reddy,1986-03-10,MALE,XXXXX1234X,XXXXXXXX5678,9997364869,,,"34, Sector 19",,Delhi,Delhi,110001,28.61392,77.308795,MEDIUM,50,520,9,18,HINDI,SALARIED,f,f,f,f,0,[],33d8db2f-8fca-4c26-a928-908f6f8c63bd,2026-09-02 15:33:16.068244+00,2026-09-21 05:54:35.963101+00
CUST000049,Ucchal Raghavan,1976-06-08,FEMALE,XXXXX2646X,XXXXXXXX8269,9278632824,8131081879,,"H.No. 27
Pant Ganj",,Noida,Uttar Pradesh,158845,28.601396,77.234147,MEDIUM,50,350,9,18,PUNJABI,BUSINESS_OWNER,f,f,f,f,0,[],33f12778-7bf9-4da4-8e58-36cfe69c78d3,2026-08-27 11:27:59.589006+00,2026-08-27 11:27:59.589007+00
DAILY2026090340,Sneha Reddy,1986-03-10,FEMALE,XXXXX1234X,XXXXXXXX5678,9551940375,,,"190, Sector 59",,Delhi,Delhi,110001,28.560467,77.21739,MEDIUM,50,520,9,18,HINDI,SALARIED,f,f,f,f,0,[],343c5276-dc69-4801-825b-c46a82364e0b,2026-09-02 15:33:15.719033+00,2026-09-21 05:54:35.963105+00
DAILY20260921179,Anjali Bhatt,1986-03-10,FEMALE,XXXXX1234X,XXXXXXXX5678,9706910437,,,"75, Sector 15",,Gurugram,Haryana,122001,28.523447,77.026255,MEDIUM,50,520,9,18,HINDI,SALARIED,f,f,f,f,0,[],348a33d6-f27b-4d27-adc2-106a1515a075,2026-09-21 04:53:00.681384+00,2026-09-21 05:54:35.96488+00
DAILY2026091843,Rohan Yadav,1986-03-10,FEMALE,XXXXX1234X,XXXXXXXX5678,9105125976,,,"137, Sector 61",,Gurugram,Haryana,122001,28.437341,77.15054,MEDIUM,50,520,9,18,HINDI,SALARIED,f,f,f,f,0,[],348dfb53-967f-43fd-8a7c-5321ff20f7a8,2026-09-18 06:49:34.23436+00,2026-09-21 05:54:35.964884+00
DAILY20260903143,Preeti Chauhan,1986-03-10,FEMALE,XXXXX1234X,XXXXXXXX5678,9427716024,,,"115, Sector 43",,Gurugram,Haryana,122001,28.505977,77.095643,MEDIUM,50,520,9,18,HINDI,SALARIED,f,f,f,f,0,[],355bdce9-01de-4513-9426-87c61477f016,2026-09-02 15:33:16.131996+00,2026-09-02 15:33:16.131996+00
DAILY2026090748,Sanjay Saxena,1986-03-10,MALE,XXXXX1234X,XXXXXXXX5678,9569120875,,,"57, Sector 8",,Gurugram,Haryana,122001,28.402987,77.056,MEDIUM,50,520,9,18,HINDI,SALARIED,f,f,f,f,0,[],3582e07d-c10c-4cf1-82b4-a901c1bd8949,2026-09-07 04:59:06.06805+00,2026-09-21 05:54:35.964885+00
DAILY20260918188,Sanjay Nair,1986-03-10,MALE,XXXXX1234X,XXXXXXXX5678,9396084210,,,"163, Sector 40",,Noida,Uttar Pradesh,201301,28.618062,77.28382,MEDIUM,50,600,9,18,HINDI,SALARIED,f,f,f,f,0,[],35a5f3a9-9e7b-4d34-a602-2a594558410f,2026-09-18 06:49:35.072002+00,2026-09-21 05:54:35.966808+00
DAILY2026092179,Manish Singh,1986-03-10,FEMALE,XXXXX1234X,XXXXXXXX5678,9740713056,,,"11, Sector 12",,Gurugram,Haryana,122001,28.515887,77.057454,MEDIUM,50,520,9,18,HINDI,SALARIED,f,f,f,f,0,[],35c40e15-86d9-420c-b1d1-4461f75d5143,2026-09-21 04:52:59.827278+00,2026-09-21 04:52:59.827281+00
DAILY20260921171,Nikhil Malik,1986-03-10,FEMALE,XXXXX1234X,XXXXXXXX5678,9651906535,,,"115, Sector 62",,Gurugram,Haryana,122001,28.495144,77.041553,MEDIUM,50,520,9,18,HINDI,SALARIED,f,f,f,f,0,[],35c8be36-010b-40ff-b00f-fc9e5fa2a301,2026-09-21 04:53:00.621927+00,2026-09-21 04:53:00.621932+00
CUST000116,Neel Iyengar,1994-02-06,MALE,XXXXX4310X,XXXXXXXX9824,9391126537,8847508242,,"H.No. 07, Chauhan Path",,Noida,Uttar Pradesh,214532,28.601924,77.443346,MEDIUM,50,545,9,18,HARYANVI,HOMEMAKER,f,t,f,f,0,[],35cd97c1-5099-4852-bbb7-9088652c75b0,2026-08-27 11:27:59.589146+00,2026-08-27 11:27:59.589146+00
DAILY20260906164,Sneha Saxena,1986-03-10,FEMALE,XXXXX1234X,XXXXXXXX5678,9618703460,,,"12, Sector 42",,Noida,Uttar Pradesh,201310,28.507674,77.473349,MEDIUM,50,520,9,18,HINDI,SALARIED,f,f,f,f,0,[],363fa101-94b7-4b81-b7a7-63aea6cf584f,2026-09-06 13:30:49.802351+00,2026-09-21 05:54:35.966811+00
CUST000013,Zansi Seth,1968-04-01,MALE,XXXXX5349X,XXXXXXXX1626,9216396351,8471178705,devanshnigam@example.org,"30/10, Bir Ganj",,Gurugram,Haryana,428914,28.3824,77.151694,MEDIUM,50,433,9,18,URDU,HOMEMAKER,f,f,f,f,0,[],364b95b7-fedb-416f-ba02-3d96077eb4bc,2026-08-27 11:27:59.588916+00,2026-08-27 11:27:59.588917+00
DAILY2026090363,Sanjay Reddy,1986-03-10,MALE,XXXXX1234X,XXXXXXXX5678,9956301740,,,"76, Sector 47",,Delhi,Delhi,110001,28.613168,77.017093,MEDIUM,50,520,9,18,HINDI,SALARIED,f,f,f,f,0,[],368ce54e-5dc1-4eca-922b-65cb8035de8d,2026-09-02 15:33:15.81605+00,2026-09-21 05:54:35.966812+00
DAILY2026090626,Manish Mehta,1986-03-10,MALE,XXXXX1234X,XXXXXXXX5678,9570074724,,,"145, Sector 5",,Gurugram,Haryana,122001,28.492334,77.049362,MEDIUM,50,600,9,18,HINDI,SALARIED,f,f,f,f,0,[],36a1043d-810f-4ab4-9b69-cdb7e846ec1b,2026-09-06 13:30:48.819337+00,2026-09-06 13:30:48.819341+00
DAILY20260907127,Rohan Sharma,1986-03-10,MALE,XXXXX1234X,XXXXXXXX5678,9438305115,,,"191, Sector 17",,Gurugram,Haryana,122001,28.452441,77.055226,MEDIUM,50,520,9,18,HINDI,SALARIED,f,f,f,f,0,[],371b9bc9-5b5b-457b-9abf-f9a54e87cea5,2026-09-07 04:59:06.546141+00,2026-09-07 04:59:06.546144+00
DAILY2026090716,Rohan Chauhan,1986-03-10,MALE,XXXXX1234X,XXXXXXXX5678,9652676290,,,"98, Sector 21",,Noida,Uttar Pradesh,201301,28.580966,77.381967,MEDIUM,50,520,9,18,HINDI,SALARIED,f,f,f,f,0,[],3724f366-c109-4b14-b867-9ed3dcf44b0b,2026-09-07 04:59:05.810756+00,2026-09-21 05:54:35.966812+00
DAILY20260907185,Amit Verma,1986-03-10,FEMALE,XXXXX1234X,XXXXXXXX5678,9124698306,,,"197, Sector 9",,Gurugram,Haryana,122001,28.480363,77.050181,MEDIUM,50,520,9,18,HINDI,SALARIED,f,f,f,f,0,[],3736300f-daba-4378-a7a0-64302faa603b,2026-09-07 04:59:06.878124+00,2026-09-07 04:59:06.878126+00
DAILY2026090378,Rohan Mehta,1986-03-10,MALE,XXXXX1234X,XXXXXXXX5678,9986745086,,,"128, Sector 47",,Delhi,Delhi,110001,28.566636,77.253821,MEDIUM,50,520,9,18,HINDI,SALARIED,f,f,f,f,0,[],374c0fa7-2349-4070-a2d7-061e0048c3bd,2026-09-02 15:33:15.863631+00,2026-09-21 05:54:35.966813+00
DAILY2026092123,Manish Sharma,1986-03-10,MALE,XXXXX1234X,XXXXXXXX5678,9975062296,,,"136, Sector 31",,Gurugram,Haryana,122001,28.456011,77.045536,MEDIUM,50,520,9,18,HINDI,SALARIED,f,f,f,f,0,[],3796f3f0-4129-4ac7-801e-b66e8256fcd8,2026-09-21 04:52:59.512206+00,2026-09-21 05:54:35.969722+00
DAILY2026090761,Manish Mehta,1986-03-10,MALE,XXXXX1234X,XXXXXXXX5678,9528649001,,,"67, Sector 31",,Delhi,Delhi,110001,28.57428,77.248522,MEDIUM,50,600,9,18,HINDI,SALARIED,f,f,f,f,0,[],37a550ac-3acd-4621-8266-8ce40d0b3c8e,2026-09-07 04:59:06.150061+00,2026-09-21 05:54:35.971028+00
DAILY2026091858,Nikhil Chauhan,1986-03-10,MALE,XXXXX1234X,XXXXXXXX5678,9985071112,,,"119, Sector 63",,Delhi,Delhi,110001,28.555424,77.19659,MEDIUM,50,520,9,18,HINDI,SALARIED,f,f,f,f,0,[],37cc6948-91e2-4098-bc34-e8912b368099,2026-09-18 06:49:34.31995+00,2026-09-21 05:54:35.971033+00
DAILY2026092150,Rohan Mehta,1986-03-10,FEMALE,XXXXX1234X,XXXXXXXX5678,9909030939,,,"170, Sector 39",,Gurugram,Haryana,122001,28.446643,76.994061,MEDIUM,50,520,9,18,HINDI,SALARIED,f,f,f,f,0,[],37ed9c42-81e8-4751-872b-29ed0328ee99,2026-09-21 04:52:59.659927+00,2026-09-21 05:54:35.972737+00
DAILY2026090382,Sanjay Saxena,1986-03-10,FEMALE,XXXXX1234X,XXXXXXXX5678,9522929509,,,"50, Sector 25",,Gurugram,Haryana,122001,28.495451,76.984652,MEDIUM,50,600,9,18,HINDI,SALARIED,f,f,f,f,0,[],37fa5430-57a1-4da8-8af6-5c63c3b77847,2026-09-02 15:33:15.89639+00,2026-09-21 05:54:35.972744+00
DAILY20260903123,Vijay Malik,1986-03-10,FEMALE,XXXXX1234X,XXXXXXXX5678,9274397213,,,"170, Sector 61",,Gurugram,Haryana,122001,28.491499,77.040255,MEDIUM,50,520,9,18,HINDI,SALARIED,f,f,f,f,0,[],38f5c1ce-174d-4bce-b752-4df7aae40306,2026-09-02 15:33:16.062261+00,2026-09-02 15:33:16.062261+00
CUST000051,Wridesh Soni,1988-03-13,MALE,XXXXX5901X,XXXXXXXX7951,9841218491,,ysem@example.org,"H.No. 36, Mohan Ganj",,Delhi,Delhi,308894,28.5969,77.035472,MEDIUM,50,526,9,18,URDU,RETIRED,f,f,f,f,0,[],39334edd-11cd-4f7e-8371-d26ccbffecae,2026-08-27 11:27:59.58901+00,2026-08-27 11:27:59.589011+00
CUST000317,Chaitaly Sen,1970-05-24,MALE,XXXXX9376X,XXXXXXXX3534,9201240032,,,"281, Baria Marg",,Delhi,Delhi,245131,28.51611,77.076424,MEDIUM,50,653,9,18,PUNJABI,BUSINESS_OWNER,f,f,f,f,0,[],394b6e07-ddd3-4bef-8ddb-1fb4de03ac48,2026-08-27 11:27:59.589611+00,2026-08-27 11:27:59.589611+00
DAILY2026091867,Vijay Singh,1986-03-10,MALE,XXXXX1234X,XXXXXXXX5678,9280478074,,,"14, Sector 12",,Gurugram,Haryana,122001,28.467316,77.079597,MEDIUM,50,520,9,18,HINDI,SALARIED,f,f,f,f,0,[],398b7d0b-e909-4019-b3ae-aef064d44358,2026-09-18 06:49:34.373741+00,2026-09-18 06:49:34.373744+00
DAILY2026090103,Pooja Saxena,1986-03-10,MALE,XXXXX1234X,XXXXXXXX5678,9997864233,,,"177, Sector 5",,Gurugram,Haryana,122001,28.457062,77.089194,MEDIUM,50,520,9,18,HINDI,SALARIED,f,f,f,f,0,[],398f2903-694b-43ac-b3dd-a91012909275,2026-09-01 04:38:21.177821+00,2026-09-01 04:38:21.177825+00
CUST000075,Widisha Dhar,1972-06-22,FEMALE,XXXXX9095X,XXXXXXXX8601,9910080036,8722199123,,"40
Mani Chowk",,Delhi,Delhi,691912,28.752878,77.162077,MEDIUM,50,390,9,18,HARYANVI,BUSINESS_OWNER,f,f,f,f,0,[],39a9292a-e237-472a-bb6d-20dc92274a73,2026-08-27 11:27:59.589057+00,2026-08-27 11:27:59.589057+00
DAILY20260906104,Kiran Bhatt,1986-03-10,FEMALE,XXXXX1234X,XXXXXXXX5678,9437901108,,,"113, Sector 1",,Gurugram,Haryana,122001,28.40535,77.0577,MEDIUM,50,520,9,18,HINDI,SALARIED,f,f,f,f,0,[],39b8194a-ea42-4ef8-bfeb-b41ad425cee5,2026-09-06 13:30:49.415065+00,2026-09-06 13:30:49.415068+00
DAILY20260921200,Kiran Bhatt,1986-03-10,MALE,XXXXX1234X,XXXXXXXX5678,9180169064,,,"175, Sector 60",,Gurugram,Haryana,122001,28.483029,77.081915,MEDIUM,50,600,9,18,HINDI,SALARIED,f,f,f,f,0,[],39c189b5-68c0-4968-9f91-68a1ef6e1007,2026-09-21 04:53:00.804749+00,2026-09-21 04:53:00.804755+00
DAILY2026090395,Nikhil Saxena,1986-03-10,FEMALE,XXXXX1234X,XXXXXXXX5678,9216142626,,,"15, Sector 53",,Delhi,Delhi,110001,28.647928,77.082949,MEDIUM,50,520,9,18,HINDI,SALARIED,f,f,f,f,0,[],3a1075b2-94d9-45a1-a6c9-15497dd0947c,2026-09-02 15:33:15.950735+00,2026-09-21 05:54:35.974354+00
DAILY20260907172,Sanjay Yadav,1986-03-10,FEMALE,XXXXX1234X,XXXXXXXX5678,9283178778,,,"20, Sector 22",,Gurugram,Haryana,122001,28.471807,77.091209,MEDIUM,50,520,9,18,HINDI,SALARIED,f,f,f,f,0,[],3a3ca50c-fef7-43e6-9232-1163d480bd85,2026-09-07 04:59:06.79977+00,2026-09-07 04:59:06.799772+00
DAILY2026092198,Preeti Mehta,1986-03-10,MALE,XXXXX1234X,XXXXXXXX5678,9345220101,,,"69, Sector 23",,Gurugram,Haryana,122001,28.509053,77.031269,MEDIUM,50,520,9,18,HINDI,SALARIED,f,f,f,f,0,[],3a419c21-2b5e-4a96-aa60-ff50841fa649,2026-09-21 04:52:59.954592+00,2026-09-21 05:54:35.975583+00
DAILY2026090732,Nikhil Yadav,1986-03-10,FEMALE,XXXXX1234X,XXXXXXXX5678,9300898605,,,"193, Sector 39",,Gurugram,Haryana,122001,28.496115,77.054736,MEDIUM,50,520,9,18,HINDI,SALARIED,f,f,f,f,0,[],3a79bdd0-6c53-44b9-aabc-cb5045401738,2026-09-07 04:59:05.897676+00,2026-09-21 05:54:35.975589+00
CUST000146,Bhavya Borah,1978-05-02,MALE,XXXXX4737X,XXXXXXXX6829,9693819730,8563693201,,"49/91
Chatterjee Street",,Gurugram,Haryana,714334,28.538389,77.079284,MEDIUM,50,530,9,18,URDU,SALARIED,f,f,f,f,0,[],3a7c144c-c15a-4a83-8de0-c68126435e7f,2026-08-27 11:27:59.58923+00,2026-08-27 11:27:59.589231+00
DAILY20260903103,Sneha Yadav,1986-03-10,MALE,XXXXX1234X,XXXXXXXX5678,9761647868,,,"198, Sector 40",,Gurugram,Haryana,122001,28.516315,77.0928,MEDIUM,50,600,9,18,HINDI,SALARIED,f,f,f,f,0,[],3a8651a8-850a-42bc-bbee-f076a3b48559,2026-09-02 15:33:15.968218+00,2026-09-02 15:33:15.968218+00
DAILY20260907167,Sneha Malik,1986-03-10,MALE,XXXXX1234X,XXXXXXXX5678,9611035074,,,"64, Sector 34",,Gurugram,Haryana,122001,28.490037,77.061734,MEDIUM,50,600,9,18,HINDI,SALARIED,f,f,f,f,0,[],3ac74adb-2700-40e7-b254-babca54387e0,2026-09-07 04:59:06.768802+00,2026-09-07 04:59:06.768808+00
DAILY20260918170,Pooja Verma,1986-03-10,FEMALE,XXXXX1234X,XXXXXXXX5678,9659843145,,,"121, Sector 5",,Gurugram,Haryana,122001,28.488074,77.08528,MEDIUM,50,600,9,18,HINDI,SALARIED,f,f,f,f,0,[],3b67dde7-ad4f-4330-bd6d-4c07e57202d3,2026-09-18 06:49:34.974876+00,2026-09-18 06:49:34.97488+00
DAILY20260921167,Rohan Singh,1986-03-10,FEMALE,XXXXX1234X,XXXXXXXX5678,9492082519,,,"148, Sector 70",,Delhi,Delhi,110001,28.627905,77.285034,MEDIUM,50,600,9,18,HINDI,SALARIED,f,f,f,f,0,[],3b8faab1-64c8-4179-805f-64a9a9951111,2026-09-21 04:53:00.595431+00,2026-09-21 05:54:35.977251+00
CUST000169,Azad Mangat,1979-03-11,FEMALE,XXXXX2526X,XXXXXXXX8511,9781654847,8484638726,oshaprasad@example.com,"61
Deol Circle",,Delhi,Delhi,660384,28.471606,77.226397,MEDIUM,50,301,9,18,URDU,SELF_EMPLOYED,f,f,f,f,0,[],3bc906ec-1f51-4fe6-841e-0ddcf2b0f1ed,2026-08-27 11:27:59.589277+00,2026-08-27 11:27:59.589277+00
DAILY2026091857,Rohan Saxena,1986-03-10,FEMALE,XXXXX1234X,XXXXXXXX5678,9204799269,,,"151, Sector 25",,Gurugram,Haryana,122001,28.478067,77.044335,MEDIUM,50,520,9,18,HINDI,SALARIED,f,f,f,f,0,[],3bcc0dc3-6031-4847-b7bf-cb8a58eb2765,2026-09-18 06:49:34.314648+00,2026-09-18 06:49:34.314652+00
DAILY20260918104,Sneha Yadav,1986-03-10,MALE,XXXXX1234X,XXXXXXXX5678,9356052972,,,"114, Sector 22",,Noida,Uttar Pradesh,201301,28.569962,77.299524,MEDIUM,50,520,9,18,HINDI,SALARIED,f,f,f,f,0,[],3c09aec6-cbb6-4a13-9b5b-341a5ce41e17,2026-09-18 06:49:34.605287+00,2026-09-21 05:54:35.977254+00
DAILY2026090688,Nikhil Mehta,1986-03-10,FEMALE,XXXXX1234X,XXXXXXXX5678,9129485367,,,"136, Sector 15",,Gurugram,Haryana,122001,28.443422,77.051817,MEDIUM,50,600,9,18,HINDI,SALARIED,f,f,f,f,0,[],3c204773-6e39-4ebb-bf32-2f8572da79a8,2026-09-06 13:30:49.328424+00,2026-09-06 13:30:49.328449+00
CUST000198,Ria Natt,1980-01-06,MALE,XXXXX1975X,XXXXXXXX1359,9258604568,8252098390,charitanagi@example.net,"52, Nagar Marg",,Noida,Uttar Pradesh,651860,28.621027,77.364629,MEDIUM,50,390,9,18,PUNJABI,SALARIED,f,f,f,f,0,[],3c32f948-3b0e-4554-97cb-604c3df714fc,2026-08-27 11:27:59.589339+00,2026-08-27 11:27:59.589339+00
CUST000158,Bhavna Nagi,1974-07-01,FEMALE,XXXXX3858X,XXXXXXXX3623,9455397438,8596126873,,"H.No. 938, Gill Nagar",,Delhi,Delhi,524723,28.598928,77.310697,MEDIUM,50,424,9,18,ENGLISH,SELF_EMPLOYED,f,f,f,f,0,[],3c721e90-821f-405e-8303-aaf8933d93ce,2026-08-27 11:27:59.589255+00,2026-08-27 11:27:59.589255+00
DAILY20260906138,Pooja Saxena,1986-03-10,FEMALE,XXXXX1234X,XXXXXXXX5678,9834671704,,,"127, Sector 3",,Gurugram,Haryana,122001,28.47242,77.034222,MEDIUM,50,600,9,18,HINDI,SALARIED,f,f,f,f,0,[],3ca2480e-e0cf-4669-aecc-33780cef3fe5,2026-09-06 13:30:49.634012+00,2026-09-06 13:30:49.634015+00
CUST000141,Maanas Munshi,1996-05-22,MALE,XXXXX2578X,XXXXXXXX9591,9259877461,,hemani62@example.com,"H.No. 37, Loke Zila",,Gurugram,Haryana,364679,28.476388,77.119789,MEDIUM,50,391,9,18,PUNJABI,BUSINESS_OWNER,f,t,f,f,0,[],3ce65814-38c6-4945-97e1-02ce641caf5a,2026-08-27 11:27:59.58922+00,2026-08-27 11:27:59.589221+00
DAILY20260921180,Sneha Reddy,1986-03-10,FEMALE,XXXXX1234X,XXXXXXXX5678,9591048183,,,"134, Sector 35",,Delhi,Delhi,110001,28.56936,77.221019,MEDIUM,50,520,9,18,HINDI,SALARIED,f,f,f,f,0,[],3d1dd3eb-a003-407c-b51e-b6452de4802e,2026-09-21 04:53:00.686176+00,2026-09-21 05:54:35.977255+00
DAILY2026090653,Anjali Verma,1986-03-10,FEMALE,XXXXX1234X,XXXXXXXX5678,9187858876,,,"93, Sector 37",,Gurugram,Haryana,122001,28.480643,77.074194,MEDIUM,50,520,9,18,HINDI,SALARIED,f,f,f,f,0,[],3d384f89-0dda-4b20-bee1-381aeb959b31,2026-09-06 13:30:49.095315+00,2026-09-06 13:30:49.09532+00
DAILY20260907184,Preeti Verma,1986-03-10,MALE,XXXXX1234X,XXXXXXXX5678,9569887277,,,"181, Sector 5",,Gurugram,Haryana,122001,28.514745,77.080218,MEDIUM,50,520,9,18,HINDI,SALARIED,f,f,f,f,0,[],3d62650e-409b-4869-9227-eea6f0f1bea8,2026-09-07 04:59:06.872328+00,2026-09-07 04:59:06.872331+00
DAILY20260921149,Preeti Saxena,1986-03-10,MALE,XXXXX1234X,XXXXXXXX5678,9105795969,,,"47, Sector 22",,Delhi,Delhi,110001,28.679092,77.107843,MEDIUM,50,520,9,18,HINDI,SALARIED,f,f,f,f,0,[],3d755d05-68af-4f56-8a7b-8c24e90c0f4a,2026-09-21 04:53:00.483055+00,2026-09-21 05:54:35.977256+00
CUST000380,Zansi Magar,1974-06-21,FEMALE,XXXXX1014X,XXXXXXXX1619,9813615080,,,"31
Deshpande Street",,Delhi,Delhi,445852,28.590575,77.180369,MEDIUM,50,634,9,18,URDU,HOMEMAKER,t,f,f,f,0,[],3dd02813-2be4-400d-82fe-f7dd030407ea,2026-08-27 11:27:59.589742+00,2026-08-27 11:27:59.589743+00
DAILY20260918124,Rahul Malik,1986-03-10,FEMALE,XXXXX1234X,XXXXXXXX5678,9701226599,,,"39, Sector 12",,Noida,Uttar Pradesh,201301,28.576972,77.300523,MEDIUM,50,520,9,18,HINDI,SALARIED,f,f,f,f,0,[],3dec7d7c-9ef3-43be-81ca-462863c3a294,2026-09-18 06:49:34.730664+00,2026-09-21 05:54:35.977256+00
DAILY20260921125,Sneha Yadav,1986-03-10,MALE,XXXXX1234X,XXXXXXXX5678,9895612321,,,"140, Sector 1",,Delhi,Delhi,110001,28.560457,77.069741,MEDIUM,50,520,9,18,HINDI,SALARIED,f,f,f,f,0,[],3e01ee75-c4d5-477c-aff4-c7a995414529,2026-09-21 04:53:00.214269+00,2026-09-21 05:54:35.977257+00
DAILY20260918147,Nikhil Verma,1986-03-10,MALE,XXXXX1234X,XXXXXXXX5678,9521898927,,,"169, Sector 69",,Delhi,Delhi,110001,28.572767,77.274684,MEDIUM,50,520,9,18,HINDI,SALARIED,f,f,f,f,0,[],3e2f0f66-f295-4902-b4db-18afd03f2765,2026-09-18 06:49:34.853503+00,2026-09-21 05:54:35.977258+00
DAILY2026090339,Anjali Bhatt,1986-03-10,MALE,XXXXX1234X,XXXXXXXX5678,9418693878,,,"113, Sector 7",,Noida,Uttar Pradesh,201301,28.546916,77.345668,MEDIUM,50,520,9,18,HINDI,SALARIED,f,f,f,f,0,[],3e530179-8293-4003-8e70-6492f99745c0,2026-09-02 15:33:15.702561+00,2026-09-21 05:54:35.977259+00
DAILY2026092133,Rahul Mehta,1986-03-10,FEMALE,XXXXX1234X,XXXXXXXX5678,9741974847,,,"200, Sector 24",,Noida,Uttar Pradesh,201310,28.474883,77.571709,MEDIUM,50,520,9,18,HINDI,SALARIED,f,f,f,f,0,[],3ec7039d-157d-4c9a-b401-c3bb0354f8f0,2026-09-21 04:52:59.576367+00,2026-09-21 05:54:35.977259+00
DAILY2026090620,Preeti Chauhan,1986-03-10,MALE,XXXXX1234X,XXXXXXXX5678,9454438284,,,"198, Sector 53",,Noida,Uttar Pradesh,201301,28.573655,77.31268,MEDIUM,50,520,9,18,HINDI,SALARIED,f,f,f,f,0,[],3ecb689c-5258-4a5f-8648-edbe782117ac,2026-09-06 13:30:48.778769+00,2026-09-21 05:54:35.97726+00
DAILY2026090790,Nikhil Yadav,1986-03-10,MALE,XXXXX1234X,XXXXXXXX5678,9143192022,,,"194, Sector 35",,Gurugram,Haryana,122001,28.511183,77.049036,MEDIUM,50,520,9,18,HINDI,SALARIED,f,f,f,f,0,[],3edac40d-d270-43ff-b790-1010507a3c94,2026-09-07 04:59:06.328961+00,2026-09-07 04:59:06.328965+00
CUST000078,Bhavini Karpe,1986-09-21,FEMALE,XXXXX3827X,XXXXXXXX1641,9366012797,8571825556,,"394
Chatterjee Street",,Delhi,Delhi,739427,28.630796,77.210043,MEDIUM,50,558,9,18,ENGLISH,BUSINESS_OWNER,f,f,f,f,0,[],3f502a66-2711-4816-bb42-4438264c28ca,2026-08-27 11:27:59.589066+00,2026-08-27 11:27:59.589066+00
DAILY20260921154,Divya Mehta,1986-03-10,FEMALE,XXXXX1234X,XXXXXXXX5678,9995153903,,,"84, Sector 63",,Delhi,Delhi,110001,28.706529,77.135879,MEDIUM,50,520,9,18,HINDI,SALARIED,f,f,f,f,0,[],3fc5a795-938e-4665-b2e5-73175c537e9b,2026-09-21 04:53:00.51017+00,2026-09-21 05:54:35.977261+00
DAILY2026090772,Amit Sharma,1986-03-10,FEMALE,XXXXX1234X,XXXXXXXX5678,9213500537,,,"93, Sector 51",,Gurugram,Haryana,122001,28.4631,77.030764,MEDIUM,50,600,9,18,HINDI,SALARIED,f,f,f,f,0,[],3fde8f4f-a583-4f9c-8144-112a842fac20,2026-09-07 04:59:06.220851+00,2026-09-07 04:59:06.220854+00
CUST000269,Brijesh Sampath,1966-08-18,FEMALE,XXXXX1108X,XXXXXXXX9222,9249216081,,,"294
Bhavsar Path",,Noida,Uttar Pradesh,639535,28.716155,77.331134,MEDIUM,50,546,9,18,PUNJABI,SELF_EMPLOYED,f,f,f,f,0,[],3fe20a9b-4db5-458d-b0cb-fb7873bc5e4b,2026-08-27 11:27:59.589511+00,2026-08-27 11:27:59.589512+00
DAILY20260918105,Rahul Reddy,1986-03-10,FEMALE,XXXXX1234X,XXXXXXXX5678,9545426522,,,"101, Sector 2",,Delhi,Delhi,110001,28.499819,77.197416,MEDIUM,50,520,9,18,HINDI,SALARIED,f,f,f,f,0,[],3ffd79ba-e49d-444b-b6e3-96abd8203423,2026-09-18 06:49:34.612594+00,2026-09-21 05:54:35.977261+00
DAILY20260906132,Amit Singh,1986-03-10,MALE,XXXXX1234X,XXXXXXXX5678,9395384147,,,"149, Sector 47",,Noida,Uttar Pradesh,201301,28.508588,77.354583,MEDIUM,50,520,9,18,HINDI,SALARIED,f,f,f,f,0,[],40811cbc-b6af-40ff-b91e-4b69514a6459,2026-09-06 13:30:49.595305+00,2026-09-21 05:54:35.977262+00
DAILY2026090673,Preeti Saxena,1986-03-10,MALE,XXXXX1234X,XXXXXXXX5678,9696420358,,,"27, Sector 63",,Noida,Uttar Pradesh,201310,28.501968,77.439679,MEDIUM,50,520,9,18,HINDI,SALARIED,f,f,f,f,0,[],40dd818d-8a59-451f-b7fb-7420c0262175,2026-09-06 13:30:49.238904+00,2026-09-21 05:54:35.977263+00
CUST000084,Oeshi Chaudhary,1995-05-02,MALE,XXXXX8564X,XXXXXXXX5616,9935504321,,,"H.No. 05
Sawhney Ganj",,Delhi,Delhi,269930,28.536667,77.32181,MEDIUM,50,592,9,18,ENGLISH,HOMEMAKER,f,f,f,f,0,[],40f90733-b0f3-4fae-955d-fab58561ab64,2026-08-27 11:27:59.589078+00,2026-08-27 11:27:59.589079+00
DAILY2026090657,Nikhil Sharma,1986-03-10,FEMALE,XXXXX1234X,XXXXXXXX5678,9877408632,,,"143, Sector 66",,Gurugram,Haryana,122001,28.527135,77.028724,MEDIUM,50,520,9,18,HINDI,SALARIED,f,f,f,f,0,[],41166248-a99b-4153-9935-c3d999b3987b,2026-09-06 13:30:49.123502+00,2026-09-21 05:54:35.985095+00
DAILY20260918143,Anjali Nair,1986-03-10,FEMALE,XXXXX1234X,XXXXXXXX5678,9782201181,,,"139, Sector 18",,Noida,Uttar Pradesh,201301,28.616653,77.364544,MEDIUM,50,520,9,18,HINDI,SALARIED,f,f,f,f,0,[],412df4ac-6968-4fa3-ab11-46c89d8e0408,2026-09-18 06:49:34.833452+00,2026-09-21 05:54:35.986205+00
CUST000118,Yadavi Prakash,1972-08-11,FEMALE,XXXXX4804X,XXXXXXXX9767,9893158610,8140048684,prasadudarsh@example.org,"H.No. 522
Mangat Nagar",,Delhi,Delhi,283568,28.613327,76.940085,MEDIUM,50,345,9,18,URDU,SELF_EMPLOYED,f,t,f,f,0,[],414ea351-9932-44a5-97dd-6087537e80e3,2026-08-27 11:27:59.58915+00,2026-08-27 11:27:59.58915+00
DAILY20260918168,Amit Verma,1986-03-10,FEMALE,XXXXX1234X,XXXXXXXX5678,9474450465,,,"192, Sector 54",,Noida,Uttar Pradesh,201301,28.572909,77.330743,MEDIUM,50,520,9,18,HINDI,SALARIED,f,f,f,f,0,[],41592437-acf1-4b5d-919a-bca81c965c3b,2026-09-18 06:49:34.963997+00,2026-09-21 05:54:35.98621+00
DAILY2026091886,Rohan Sharma,1986-03-10,FEMALE,XXXXX1234X,XXXXXXXX5678,9509794634,,,"98, Sector 70",,Noida,Uttar Pradesh,201301,28.533175,77.39563,MEDIUM,50,600,9,18,HINDI,SALARIED,f,f,f,f,0,[],417a76cb-2def-40f2-a211-356175b36e53,2026-09-18 06:49:34.487831+00,2026-09-21 05:54:35.986211+00
DAILY20260903161,Manish Malik,1986-03-10,FEMALE,XXXXX1234X,XXXXXXXX5678,9139979959,,,"34, Sector 44",,Gurugram,Haryana,122001,28.515883,77.091401,MEDIUM,50,600,9,18,HINDI,SALARIED,f,f,f,f,0,[],41ac982a-9965-4420-99d3-0965472dce91,2026-09-02 15:33:16.194476+00,2026-09-02 15:33:16.194476+00
CUST000278,Timothy Kar,1989-05-28,MALE,XXXXX4764X,XXXXXXXX8317,9940857164,8273726191,,"68/007
Ghose Street",,Gurugram,Haryana,633036,28.548635,77.082411,MEDIUM,50,637,9,18,URDU,BUSINESS_OWNER,f,f,f,f,0,[],41cc1b96-fb44-46c2-bc99-cb2fc25d320f,2026-08-27 11:27:59.58953+00,2026-08-27 11:27:59.589531+00
DAILY2026091807,Sanjay Saxena,1986-03-10,FEMALE,XXXXX1234X,XXXXXXXX5678,9186188388,,,"73, Sector 15",,Gurugram,Haryana,122001,28.462576,77.084795,MEDIUM,50,520,9,18,HINDI,SALARIED,f,f,f,f,0,[],41e6daa6-3eb4-4cba-8401-5430d456221c,2026-09-18 06:49:34.056006+00,2026-09-18 06:49:34.05601+00
CUST000178,Gaurangi Mitter,2000-01-08,FEMALE,XXXXX3501X,XXXXXXXX5546,9189761677,,,"317, Jayaraman Ganj",,Delhi,Delhi,313068,28.527954,77.198355,MEDIUM,50,574,9,18,ENGLISH,HOMEMAKER,f,f,f,f,0,[],41f340d5-3658-42af-8270-b282883c6623,2026-08-27 11:27:59.589295+00,2026-08-27 11:27:59.589295+00
CUST000334,Nidhi Kala,1998-02-03,FEMALE,XXXXX9027X,XXXXXXXX6323,9591285126,8559084418,,"87/25
Kapoor Marg",,Noida,Uttar Pradesh,143858,28.410387,77.157325,MEDIUM,50,524,9,18,HARYANVI,RETIRED,f,f,f,f,0,[],41fca73b-4b15-4500-9bb1-6370c024f56e,2026-08-27 11:27:59.589647+00,2026-08-27 11:27:59.589648+00
DAILY2026090738,Pooja Chauhan,1986-03-10,FEMALE,XXXXX1234X,XXXXXXXX5678,9590202945,,,"25, Sector 57",,Delhi,Delhi,110001,28.550464,77.317262,MEDIUM,50,520,9,18,HINDI,SALARIED,f,f,f,f,0,[],424130f3-583f-48fe-8f2b-a0d517c7fe69,2026-09-07 04:59:06.004946+00,2026-09-21 05:54:35.986212+00
DAILY2026091828,Pooja Nair,1986-03-10,FEMALE,XXXXX1234X,XXXXXXXX5678,9682733393,,,"30, Sector 21",,Delhi,Delhi,110001,28.630752,77.094547,MEDIUM,50,520,9,18,HINDI,SALARIED,f,f,f,f,0,[],427ece6c-1287-4fba-8f35-d7780a67ca8d,2026-09-18 06:49:34.159347+00,2026-09-21 05:54:35.986213+00
CUST000001,Aryan Maharaj,1972-12-16,FEMALE,XXXXX1887X,XXXXXXXX2612,9165082363,,,"18/196, Balan Nagar",,Gurugram,Haryana,214576,28.512437,77.032149,MEDIUM,50,539,9,18,ENGLISH,SELF_EMPLOYED,f,f,f,f,0,[],42cd08cc-8393-4497-94ad-36812465f1c3,2026-08-27 11:27:59.588876+00,2026-08-27 11:27:59.588881+00
DAILY20260903114,Sneha Yadav,1986-03-10,MALE,XXXXX1234X,XXXXXXXX5678,9923802509,,,"150, Sector 32",,Gurugram,Haryana,122001,28.402314,77.049479,MEDIUM,50,520,9,18,HINDI,SALARIED,f,f,f,f,0,[],42d5dc90-947e-4ac9-b1fd-be2f4197d123,2026-09-02 15:33:16.02491+00,2026-09-02 15:33:16.02491+00
DAILY2026090357,Vijay Malik,1986-03-10,MALE,XXXXX1234X,XXXXXXXX5678,9458721872,,,"100, Sector 36",,Delhi,Delhi,110001,28.571827,77.258487,MEDIUM,50,520,9,18,HINDI,SALARIED,f,f,f,f,0,[],43309289-ff4c-4369-a21f-a2c239bbeca7,2026-09-02 15:33:15.784898+00,2026-09-21 05:54:35.986214+00
DAILY2026092183,Rahul Chauhan,1986-03-10,FEMALE,XXXXX1234X,XXXXXXXX5678,9627667694,,,"178, Sector 14",,Gurugram,Haryana,122001,28.425546,77.049457,MEDIUM,50,520,9,18,HINDI,SALARIED,f,f,f,f,0,[],4363f307-8aca-4fcf-af7c-d28853e5de38,2026-09-21 04:52:59.849211+00,2026-09-21 04:52:59.849216+00
DAILY2026090783,Rohan Saxena,1986-03-10,MALE,XXXXX1234X,XXXXXXXX5678,9956420219,,,"178, Sector 47",,Gurugram,Haryana,122001,28.478258,77.078555,MEDIUM,50,520,9,18,HINDI,SALARIED,f,f,f,f,0,[],43882b95-42f5-46cd-82a2-d1877b1af831,2026-09-07 04:59:06.284611+00,2026-09-21 05:54:35.989918+00
DAILY20260918107,Kiran Singh,1986-03-10,FEMALE,XXXXX1234X,XXXXXXXX5678,9780772140,,,"147, Sector 20",,Noida,Uttar Pradesh,201310,28.501348,77.560825,MEDIUM,50,520,9,18,HINDI,SALARIED,f,f,f,f,0,[],43aa8d62-1463-4e43-9789-519d2df2be9a,2026-09-18 06:49:34.626219+00,2026-09-21 05:54:35.991198+00
DAILY20260906128,Rohan Malik,1986-03-10,MALE,XXXXX1234X,XXXXXXXX5678,9813062327,,,"182, Sector 58",,Gurugram,Haryana,122001,28.505517,77.07508,MEDIUM,50,520,9,18,HINDI,SALARIED,f,f,f,f,0,[],440e002b-db90-4583-9841-c9cf81deda17,2026-09-06 13:30:49.570069+00,2026-09-06 13:30:49.570073+00
DAILY2026090385,Divya Sharma,1986-03-10,FEMALE,XXXXX1234X,XXXXXXXX5678,9869309712,,,"23, Sector 64",,Gurugram,Haryana,122001,28.516495,77.084284,MEDIUM,50,520,9,18,HINDI,SALARIED,f,f,f,f,0,[],441e6c45-a29c-441a-ada9-cb9124069afc,2026-09-02 15:33:15.911393+00,2026-09-02 15:33:15.911393+00
DAILY20260907118,Kiran Verma,1986-03-10,MALE,XXXXX1234X,XXXXXXXX5678,9112664005,,,"108, Sector 21",,Gurugram,Haryana,122001,28.489458,77.044512,MEDIUM,50,520,9,18,HINDI,SALARIED,f,f,f,f,0,[],4471194b-407c-495a-b00f-2327b5b55bf4,2026-09-07 04:59:06.500706+00,2026-09-21 05:54:35.992281+00
DAILY2026090773,Deepak Chauhan,1986-03-10,MALE,XXXXX1234X,XXXXXXXX5678,9803047895,,,"79, Sector 15",,Delhi,Delhi,110001,28.563958,77.277924,MEDIUM,50,520,9,18,HINDI,SALARIED,f,f,f,f,0,[],44726bb0-fb12-42bf-ab5a-b607bd0f141a,2026-09-07 04:59:06.226811+00,2026-09-21 05:54:35.993228+00
DAILY20260907174,Divya Reddy,1986-03-10,FEMALE,XXXXX1234X,XXXXXXXX5678,9446011782,,,"102, Sector 15",,Noida,Uttar Pradesh,201301,28.558518,77.385826,MEDIUM,50,520,9,18,HINDI,SALARIED,f,f,f,f,0,[],4485d06b-9424-4cb3-8bfe-fea8db857201,2026-09-07 04:59:06.812068+00,2026-09-21 05:54:35.993232+00
DAILY20260918174,Preeti Bhatt,1986-03-10,FEMALE,XXXXX1234X,XXXXXXXX5678,9479344017,,,"67, Sector 15",,Delhi,Delhi,110001,28.552895,77.32738,MEDIUM,50,520,9,18,HINDI,SALARIED,f,f,f,f,0,[],44a33518-b3f0-48ca-b806-648ccb54e2ac,2026-09-18 06:49:34.99766+00,2026-09-21 05:54:35.993233+00
DAILY2026090361,Vijay Sharma,1986-03-10,FEMALE,XXXXX1234X,XXXXXXXX5678,9656086917,,,"95, Sector 46",,Gurugram,Haryana,122001,28.436193,77.060472,MEDIUM,50,600,9,18,HINDI,SALARIED,f,f,f,f,0,[],44a35be6-4064-40b6-bac7-9e1da3793772,2026-09-02 15:33:15.800372+00,2026-09-02 15:33:15.800372+00
DAILY2026091855,Kiran Sharma,1986-03-10,FEMALE,XXXXX1234X,XXXXXXXX5678,9982540433,,,"138, Sector 49",,Delhi,Delhi,110001,28.702062,77.107646,MEDIUM,50,520,9,18,HINDI,SALARIED,f,f,f,f,0,[],44f171a8-63c3-4a89-a244-a81de09c7aaa,2026-09-18 06:49:34.302721+00,2026-09-21 05:54:35.993234+00
DAILY2026090663,Divya Verma,1986-03-10,FEMALE,XXXXX1234X,XXXXXXXX5678,9337119222,,,"106, Sector 3",,Noida,Uttar Pradesh,201301,28.583474,77.306312,MEDIUM,50,520,9,18,HINDI,SALARIED,f,f,f,f,0,[],44fca079-09f0-4912-bce4-5fd38099b07c,2026-09-06 13:30:49.169144+00,2026-09-21 05:54:35.993235+00
DAILY2026092173,Nikhil Mehta,1986-03-10,MALE,XXXXX1234X,XXXXXXXX5678,9518590186,,,"72, Sector 62",,Gurugram,Haryana,122001,28.488427,77.113735,MEDIUM,50,520,9,18,HINDI,SALARIED,f,f,f,f,0,[],456570c2-b329-4617-894a-947bc9e00ab6,2026-09-21 04:52:59.791856+00,2026-09-21 05:54:35.996153+00
CUST000384,Rehaan Krishna,1994-09-16,MALE,XXXXX9748X,XXXXXXXX8361,9117629000,,,"H.No. 367, Bandi Ganj",,Gurugram,Haryana,144894,28.516834,77.090946,MEDIUM,50,457,9,18,URDU,SALARIED,f,f,f,f,0,[],45e0aa28-87fa-43c2-a599-21b16a73f6eb,2026-08-27 11:27:59.589751+00,2026-08-27 11:27:59.589751+00
DAILY20260918129,Preeti Reddy,1986-03-10,MALE,XXXXX1234X,XXXXXXXX5678,9276795088,,,"118, Sector 48",,Noida,Uttar Pradesh,201301,28.556346,77.385454,MEDIUM,50,600,9,18,HINDI,SALARIED,f,f,f,f,0,[],45ee30fe-e5e9-4ea6-a367-9ba5c8ade652,2026-09-18 06:49:34.756191+00,2026-09-21 05:54:35.997242+00
DAILY20260921111,Rahul Singh,1986-03-10,FEMALE,XXXXX1234X,XXXXXXXX5678,9958932049,,,"1, Sector 49",,Delhi,Delhi,110001,28.604266,77.144814,MEDIUM,50,600,9,18,HINDI,SALARIED,f,f,f,f,0,[],461778fb-4c4c-42e4-a4b8-dfdb45a1a5d6,2026-09-21 04:53:00.094971+00,2026-09-21 05:54:35.997247+00
DAILY2026091834,Divya Reddy,1986-03-10,FEMALE,XXXXX1234X,XXXXXXXX5678,9191605843,,,"197, Sector 11",,Gurugram,Haryana,122001,28.466879,77.098549,MEDIUM,50,600,9,18,HINDI,SALARIED,f,f,f,f,0,[],46186810-c259-4188-8be0-1f95d05a2953,2026-09-18 06:49:34.189028+00,2026-09-18 06:49:34.189032+00
DAILY2026092146,Nikhil Nair,1986-03-10,MALE,XXXXX1234X,XXXXXXXX5678,9223130218,,,"172, Sector 38",,Gurugram,Haryana,122001,28.501996,77.099249,MEDIUM,50,520,9,18,HINDI,SALARIED,f,f,f,f,0,[],4624e520-f276-4b98-b597-9d3c21637279,2026-09-21 04:52:59.640821+00,2026-09-21 04:52:59.640824+00
DAILY20260903173,Rohan Bhatt,1986-03-10,MALE,XXXXX1234X,XXXXXXXX5678,9885544913,,,"120, Sector 26",,Gurugram,Haryana,122001,28.485475,77.057626,MEDIUM,50,520,9,18,HINDI,SALARIED,f,f,f,f,0,[],463ca011-f473-4a85-889d-468a50d81ef2,2026-09-02 15:33:16.231937+00,2026-09-02 15:33:16.231937+00
DAILY20260921110,Amit Sharma,1986-03-10,MALE,XXXXX1234X,XXXXXXXX5678,9534388177,,,"88, Sector 3",,Noida,Uttar Pradesh,201301,28.565093,77.354452,MEDIUM,50,600,9,18,HINDI,SALARIED,f,f,f,f,0,[],4648c544-8f9e-443a-8f7a-4e674dc0263a,2026-09-21 04:53:00.078575+00,2026-09-21 05:54:35.997248+00
CUST000152,Samar Roy,1982-09-21,MALE,XXXXX6980X,XXXXXXXX2865,9705429879,,tbhatia@example.org,"57/86, Ghose Path",,Delhi,Delhi,288667,28.674566,77.121189,MEDIUM,50,443,9,18,HARYANVI,SALARIED,f,f,f,f,0,[],46559ac6-05cc-4ad0-a720-ca141135be29,2026-08-27 11:27:59.589243+00,2026-08-27 11:27:59.589243+00
DAILY20260921131,Sneha Reddy,1986-03-10,MALE,XXXXX1234X,XXXXXXXX5678,9526363193,,,"181, Sector 43",,Noida,Uttar Pradesh,201310,28.474019,77.513588,MEDIUM,50,520,9,18,HINDI,SALARIED,f,f,f,f,0,[],46d56edc-cdd7-4bc8-8ee5-5a55f4ed42b3,2026-09-21 04:53:00.259172+00,2026-09-21 05:54:35.997249+00
CUST000166,Mason Gala,1976-02-14,MALE,XXXXX4385X,XXXXXXXX4390,9964835149,,,"H.No. 397
Uppal Zila",,Noida,Uttar Pradesh,394739,28.57598,77.323989,MEDIUM,50,615,9,18,HARYANVI,HOMEMAKER,f,f,f,f,0,[],46f4128a-126f-42cb-afcd-6429fa74c715,2026-08-27 11:27:59.589271+00,2026-08-27 11:27:59.589272+00
BANK0005,Ashok Narayan Garg,1974-12-03,MALE,XXXXX5004X,XXXXXXXX6004,9811200007,,,"House 12, Sector 56",,Gurugram,Haryana,122011,28.466,77.064,MEDIUM,50,540,9,18,HINDI,SALARIED,f,f,f,f,0,[],470e5e3d-0f42-4a7f-826a-35301cb829ad,2026-08-27 11:28:09.80855+00,2026-08-27 11:28:09.808552+00
CUST000088,Kalpit Zachariah,1973-03-06,FEMALE,XXXXX8489X,XXXXXXXX2029,9219032752,8636687537,imaranbal@example.org,"H.No. 39, Babu Path",,Delhi,Delhi,117233,28.545844,77.109774,MEDIUM,50,627,9,18,HARYANVI,HOMEMAKER,f,f,f,f,0,[],4755f156-4efa-4951-9b03-68cfe7f62724,2026-08-27 11:27:59.589087+00,2026-08-27 11:27:59.589087+00
DAILY20260906106,Nikhil Verma,1986-03-10,MALE,XXXXX1234X,XXXXXXXX5678,9301924506,,,"136, Sector 6",,Gurugram,Haryana,122001,28.501319,77.098313,MEDIUM,50,520,9,18,HINDI,SALARIED,f,f,f,f,0,[],477a8f83-2164-402e-a771-c09ed419e88b,2026-09-06 13:30:49.427443+00,2026-09-06 13:30:49.427446+00
DAILY20260906111,Deepak Singh,1986-03-10,FEMALE,XXXXX1234X,XXXXXXXX5678,9259673895,,,"94, Sector 50",,Gurugram,Haryana,122001,28.50114,76.97559,MEDIUM,50,600,9,18,HINDI,SALARIED,f,f,f,f,0,[],47b2c8e1-5821-44a1-b45c-d3442a5efe16,2026-09-06 13:30:49.452663+00,2026-09-21 05:54:36.000075+00
DAILY2026090797,Amit Saxena,1986-03-10,MALE,XXXXX1234X,XXXXXXXX5678,9639442846,,,"89, Sector 42",,Delhi,Delhi,110001,28.566921,77.24795,MEDIUM,50,600,9,18,HINDI,SALARIED,f,f,f,f,0,[],47e0599b-cf64-49ee-b475-64ccbaba270a,2026-09-07 04:59:06.369257+00,2026-09-21 05:54:36.001394+00
CUST000355,Anya Ratta,1977-01-26,FEMALE,XXXXX5011X,XXXXXXXX3806,9176496452,,lravi@example.org,"11/848, Pall",,Delhi,Delhi,666836,28.522849,77.080157,MEDIUM,50,445,9,18,URDU,SALARIED,f,f,f,f,0,[],47e30ef7-8957-428d-be7b-a7b0524f8143,2026-08-27 11:27:59.589692+00,2026-08-27 11:27:59.589692+00
CUST000131,Mitali Murthy,1988-05-02,MALE,XXXXX4881X,XXXXXXXX5944,9253824712,8659689063,,"H.No. 027, Ram Circle",,Delhi,Delhi,415098,28.662051,77.129569,MEDIUM,50,644,9,18,PUNJABI,SALARIED,f,f,f,f,0,[],47f4e93b-916c-4fd9-b281-9c6bdf64ae32,2026-08-27 11:27:59.589176+00,2026-08-27 11:27:59.589177+00
DAILY20260921105,Sanjay Nair,1986-03-10,FEMALE,XXXXX1234X,XXXXXXXX5678,9691743189,,,"56, Sector 61",,Delhi,Delhi,110001,28.519227,77.217411,MEDIUM,50,520,9,18,HINDI,SALARIED,f,f,f,f,0,[],481a30d9-a555-400f-8f4c-67e8ecd142bf,2026-09-21 04:53:00.004455+00,2026-09-21 05:54:36.0014+00
CUST000150,Darika Bala,1986-05-03,FEMALE,XXXXX9123X,XXXXXXXX4203,9591625191,,,"99/309
Garde Chowk",,Gurugram,Haryana,514913,28.387502,77.118766,MEDIUM,50,426,9,18,PUNJABI,HOMEMAKER,f,f,f,f,0,[],484210c8-33de-4f32-82fc-dc8fc87f7825,2026-08-27 11:27:59.589238+00,2026-08-27 11:27:59.589239+00
DAILY20260903107,Kiran Singh,1986-03-10,FEMALE,XXXXX1234X,XXXXXXXX5678,9772276494,,,"112, Sector 20",,Gurugram,Haryana,122001,28.45856,77.0948,MEDIUM,50,520,9,18,HINDI,SALARIED,f,f,f,f,0,[],486f6b4d-3e26-49f2-b2d2-bde7016bba70,2026-09-02 15:33:15.996916+00,2026-09-02 15:33:15.996916+00
CUST000271,Harrison Mangal,1996-08-13,MALE,XXXXX1916X,XXXXXXXX3725,9377304178,8654738715,nirja46@example.net,"97/02
Rau Road",,Gurugram,Haryana,728471,28.509828,76.979684,MEDIUM,50,593,9,18,HARYANVI,SALARIED,f,f,f,f,0,[],489a3403-a471-407c-9f57-f36a8e43f3e7,2026-08-27 11:27:59.589515+00,2026-08-27 11:27:59.589516+00
DAILY20260907142,Kiran Malik,1986-03-10,FEMALE,XXXXX1234X,XXXXXXXX5678,9974176415,,,"104, Sector 29",,Gurugram,Haryana,122001,28.419501,77.074228,MEDIUM,50,520,9,18,HINDI,SALARIED,f,f,f,f,0,[],48ec48d7-6409-4c9a-b151-937f1593a1f7,2026-09-07 04:59:06.617212+00,2026-09-07 04:59:06.617213+00
DAILY20260907144,Sneha Mehta,1986-03-10,FEMALE,XXXXX1234X,XXXXXXXX5678,9421053847,,,"28, Sector 53",,Delhi,Delhi,110001,28.525793,77.199493,MEDIUM,50,520,9,18,HINDI,SALARIED,f,f,f,f,0,[],4906b269-ba95-4471-bbb7-ab0454eb2fcd,2026-09-07 04:59:06.625823+00,2026-09-21 05:54:36.001402+00
DAILY20260907169,Rahul Chauhan,1986-03-10,FEMALE,XXXXX1234X,XXXXXXXX5678,9544407249,,,"147, Sector 32",,Noida,Uttar Pradesh,201301,28.547987,77.344565,MEDIUM,50,600,9,18,HINDI,SALARIED,f,f,f,f,0,[],490d37d1-039a-4786-a189-d40f9ee5ab5f,2026-09-07 04:59:06.779475+00,2026-09-21 05:54:36.001403+00
DAILY20260903153,Anjali Verma,1986-03-10,FEMALE,XXXXX1234X,XXXXXXXX5678,9690495338,,,"49, Sector 29",,Gurugram,Haryana,122001,28.407784,77.093596,MEDIUM,50,520,9,18,HINDI,SALARIED,f,f,f,f,0,[],4925978f-b138-4ad7-887b-a059c38679e3,2026-09-02 15:33:16.170447+00,2026-09-02 15:33:16.170447+00
DAILY2026090798,Neha Yadav,1986-03-10,FEMALE,XXXXX1234X,XXXXXXXX5678,9105630392,,,"20, Sector 1",,Delhi,Delhi,110001,28.629792,77.040781,MEDIUM,50,520,9,18,HINDI,SALARIED,f,f,f,f,0,[],49741b7c-4ff8-4607-b56b-b53b7b832e37,2026-09-07 04:59:06.374815+00,2026-09-21 05:54:36.001405+00
DAILY2026091803,Deepak Malik,1986-03-10,MALE,XXXXX1234X,XXXXXXXX5678,9316078089,,,"127, Sector 47",,Gurugram,Haryana,122001,28.435869,77.081872,MEDIUM,50,520,9,18,HINDI,SALARIED,f,f,f,f,0,[],4983a9ee-c9f0-41a2-8680-333e5a39041a,2026-09-18 06:49:34.034878+00,2026-09-21 05:54:36.004943+00
CUST000066,Nathan Mukhopadhyay,1984-08-01,MALE,XXXXX3002X,XXXXXXXX7730,9479673044,8905611583,,"H.No. 317
Dube Zila",,Gurugram,Haryana,153945,28.438135,77.016342,MEDIUM,50,587,9,18,PUNJABI,HOMEMAKER,f,f,f,f,0,[],49990be3-78b7-4671-a955-7b3eaf1c075c,2026-08-27 11:27:59.589039+00,2026-08-27 11:27:59.58904+00
DAILY20260918131,Rahul Mehta,1986-03-10,MALE,XXXXX1234X,XXXXXXXX5678,9341224994,,,"47, Sector 36",,Noida,Uttar Pradesh,201301,28.542728,77.337411,MEDIUM,50,520,9,18,HINDI,SALARIED,f,f,f,f,0,[],49c91e6c-6b17-4bd2-868d-74f4d2e44991,2026-09-18 06:49:34.767968+00,2026-09-21 05:54:36.006182+00
DAILY20260907138,Neha Bhatt,1986-03-10,MALE,XXXXX1234X,XXXXXXXX5678,9156987558,,,"128, Sector 35",,Gurugram,Haryana,122001,28.493,77.034719,MEDIUM,50,520,9,18,HINDI,SALARIED,f,f,f,f,0,[],49cf2d4f-cb0e-478d-aadf-29bb558e95e4,2026-09-07 04:59:06.599071+00,2026-09-07 04:59:06.599073+00
CUST000347,Osha Prabhakar,1996-11-23,MALE,XXXXX9301X,XXXXXXXX6307,9923594990,,zkarnik@example.com,"H.No. 99
Sandal Zila",,Gurugram,Haryana,457943,28.445335,77.063926,MEDIUM,50,457,9,18,URDU,HOMEMAKER,f,t,f,f,0,[],49d9dc54-c7a3-4821-b8c2-82685d2a5eab,2026-08-27 11:27:59.589674+00,2026-08-27 11:27:59.589675+00
DAILY2026090741,Rahul Sharma,1986-03-10,FEMALE,XXXXX1234X,XXXXXXXX5678,9662579882,,,"183, Sector 14",,Gurugram,Haryana,122001,28.457613,77.076078,MEDIUM,50,520,9,18,HINDI,SALARIED,f,f,f,f,0,[],49ef3c8d-8479-4f8f-a829-8cd6cfc2e53a,2026-09-07 04:59:06.023531+00,2026-09-07 04:59:06.023534+00
CUST000227,Jatin Rajagopalan,1977-01-04,FEMALE,XXXXX9587X,XXXXXXXX6535,9565644493,8243655310,,"H.No. 23
Chad Road",,Delhi,Delhi,613989,28.568185,77.116466,MEDIUM,50,566,9,18,PUNJABI,SELF_EMPLOYED,f,f,f,f,0,[],4a23c276-a1c6-4a07-8906-3352637ad1cb,2026-08-27 11:27:59.589401+00,2026-08-27 11:27:59.589402+00
DAILY20260907117,Kiran Malik,1986-03-10,FEMALE,XXXXX1234X,XXXXXXXX5678,9571410311,,,"60, Sector 42",,Delhi,Delhi,110001,28.671449,77.113201,MEDIUM,50,520,9,18,HINDI,SALARIED,f,f,f,f,0,[],4a2b9c47-efe9-4ba8-b7b1-40cf368df54c,2026-09-07 04:59:06.494006+00,2026-09-21 05:54:36.006187+00
DAILY20260906133,Sanjay Verma,1986-03-10,MALE,XXXXX1234X,XXXXXXXX5678,9443744075,,,"156, Sector 11",,Gurugram,Haryana,122001,28.426296,77.041851,MEDIUM,50,520,9,18,HINDI,SALARIED,f,f,f,f,0,[],4a5a188d-f3cd-4f74-9b9c-d69bfcf24e76,2026-09-06 13:30:49.602174+00,2026-09-21 05:54:36.007711+00
DAILY20260906120,Deepak Reddy,1986-03-10,MALE,XXXXX1234X,XXXXXXXX5678,9825545546,,,"151, Sector 39",,Noida,Uttar Pradesh,201310,28.499138,77.531955,MEDIUM,50,520,9,18,HINDI,SALARIED,f,f,f,f,0,[],4ac79e84-1e7d-4751-ac75-ba67ce3c5336,2026-09-06 13:30:49.51859+00,2026-09-21 05:54:36.008751+00
CUST000129,Dakshesh Borde,1989-02-27,MALE,XXXXX4088X,XXXXXXXX2848,9134593072,8550156166,gpatla@example.net,"H.No. 297, Date Nagar",,Delhi,Delhi,116405,28.681775,77.263801,MEDIUM,50,379,9,18,ENGLISH,SELF_EMPLOYED,f,f,f,f,0,[],4acff2d3-83ee-4200-8f28-0b5f0075d617,2026-08-27 11:27:59.589172+00,2026-08-27 11:27:59.589173+00
CUST000124,Hamsini Gill,1995-03-17,FEMALE,XXXXX8319X,XXXXXXXX9653,9855663125,,osrinivas@example.org,"H.No. 704, Bassi Ganj",,Gurugram,Haryana,217659,28.602266,77.015228,MEDIUM,50,341,9,18,HINDI,HOMEMAKER,f,f,f,f,0,[],4ad4940f-85d4-4a79-9f13-81b88dd0d9f3,2026-08-27 11:27:59.589162+00,2026-08-27 11:27:59.589162+00
DAILY2026090396,Preeti Reddy,1986-03-10,FEMALE,XXXXX1234X,XXXXXXXX5678,9678552804,,,"73, Sector 41",,Noida,Uttar Pradesh,201301,28.57957,77.321384,MEDIUM,50,520,9,18,HINDI,SALARIED,f,f,f,f,0,[],4b10fe62-03c1-41a4-bff8-9555fd791309,2026-09-02 15:33:15.951735+00,2026-09-21 05:54:36.008756+00
DAILY2026091894,Pooja Reddy,1986-03-10,FEMALE,XXXXX1234X,XXXXXXXX5678,9880972325,,,"172, Sector 51",,Delhi,Delhi,110001,28.661335,77.061573,MEDIUM,50,520,9,18,HINDI,SALARIED,f,f,f,f,0,[],4b140a50-bf87-4a0b-b04f-5ea2095000cf,2026-09-18 06:49:34.540097+00,2026-09-21 05:54:36.008757+00
DAILY20260921151,Sneha Bhatt,1986-03-10,FEMALE,XXXXX1234X,XXXXXXXX5678,9605116593,,,"44, Sector 23",,Gurugram,Haryana,122001,28.503891,76.967233,MEDIUM,50,520,9,18,HINDI,SALARIED,f,f,f,f,0,[],4b48ee6f-183a-4a4e-8467-dfdb24259d2e,2026-09-21 04:53:00.493758+00,2026-09-21 05:54:36.017365+00
CUST000205,Ijaya Soni,1967-05-13,MALE,XXXXX6911X,XXXXXXXX1062,9559138405,,enagar@example.com,"10/512, Varty Ganj",,Gurugram,Haryana,755455,28.449504,77.130895,MEDIUM,50,378,9,18,HARYANVI,RETIRED,f,t,f,f,0,[],4bba3b50-9406-4d03-b681-44f4b49d1462,2026-08-27 11:27:59.589355+00,2026-08-27 11:27:59.589355+00
CUST000279,Udarsh Krishnan,1986-10-08,MALE,XXXXX3381X,XXXXXXXX8727,9744508634,,,"46/657
Kamdar Road",,Noida,Uttar Pradesh,332542,28.445982,77.085904,MEDIUM,50,302,9,18,PUNJABI,SALARIED,f,f,f,f,0,[],4bd7b5e4-b853-4646-9e8d-f0d0e3bffa6f,2026-08-27 11:27:59.589532+00,2026-08-27 11:27:59.589533+00
DAILY2026090359,Deepak Saxena,1986-03-10,FEMALE,XXXXX1234X,XXXXXXXX5678,9154428964,,,"43, Sector 9",,Delhi,Delhi,110001,28.555763,77.054112,MEDIUM,50,600,9,18,HINDI,SALARIED,f,f,f,f,0,[],4c028ea5-d2b8-452a-8ea2-a1a8ca6f180d,2026-09-02 15:33:15.784898+00,2026-09-21 05:54:36.018609+00
BANK0006,Rekha Singh Chauhan,1993-07-19,FEMALE,XXXXX5005X,XXXXXXXX6005,9811200008,,,"House 12, Sector 56",,Gurugram,Haryana,122011,28.62,77.374,MEDIUM,50,540,9,18,HINDI,SALARIED,f,f,f,f,0,[],4c7c7e7a-533c-4594-b154-1023f84532bf,2026-08-27 11:28:09.811287+00,2026-08-27 11:28:09.811289+00
CUST000231,Pallavi Ratti,1966-10-14,MALE,XXXXX7713X,XXXXXXXX5839,9272199842,,,"H.No. 14, Vaidya Zila",,Gurugram,Haryana,317782,28.536676,77.075869,MEDIUM,50,403,9,18,URDU,BUSINESS_OWNER,f,t,f,f,0,[],4c7c9de4-0a7f-48e2-83b3-fdcebb1cc5a9,2026-08-27 11:27:59.589428+00,2026-08-27 11:27:59.589429+00
DAILY2026090612,Sneha Mehta,1986-03-10,FEMALE,XXXXX1234X,XXXXXXXX5678,9923490536,,,"169, Sector 21",,Noida,Uttar Pradesh,201301,28.668224,77.377319,MEDIUM,50,520,9,18,HINDI,SALARIED,f,f,f,f,0,[],4cae6f6d-a4bc-450b-a81c-34a9081d54b9,2026-09-06 13:30:48.722478+00,2026-09-21 05:54:36.018615+00
CUST000018,Aarnav Ramakrishnan,1973-09-24,MALE,XXXXX1090X,XXXXXXXX2746,9935822550,,,"H.No. 68
Dubey Chowk",,Noida,Uttar Pradesh,643118,28.623352,77.36706,MEDIUM,50,424,9,18,URDU,SALARIED,f,f,f,f,0,[],4ceb89c9-53a9-48e3-a93e-876e7fa71bfc,2026-08-27 11:27:59.588933+00,2026-08-27 11:27:59.588934+00
DAILY2026090731,Anjali Verma,1986-03-10,MALE,XXXXX1234X,XXXXXXXX5678,9702225997,,,"64, Sector 35",,Gurugram,Haryana,122001,28.427416,77.16138,MEDIUM,50,520,9,18,HINDI,SALARIED,f,f,f,f,0,[],4cf1866e-8536-4b46-816a-d0ffaa757ebd,2026-09-07 04:59:05.892501+00,2026-09-21 05:54:36.020164+00
DAILY20260906108,Anjali Gupta,1986-03-10,MALE,XXXXX1234X,XXXXXXXX5678,9411306382,,,"57, Sector 70",,Gurugram,Haryana,122001,28.407776,77.040714,MEDIUM,50,600,9,18,HINDI,SALARIED,f,f,f,f,0,[],4d22c035-6462-42b4-95c4-f0b996fddee4,2026-09-06 13:30:49.437139+00,2026-09-06 13:30:49.437142+00
DAILY2026090329,Anjali Gupta,1986-03-10,MALE,XXXXX1234X,XXXXXXXX5678,9476003765,,,"193, Sector 61",,Gurugram,Haryana,122001,28.48597,77.076182,MEDIUM,50,600,9,18,HINDI,SALARIED,f,f,f,f,0,[],4d3d7b29-fa51-4d9d-94c5-d5a70f4be7f4,2026-09-02 15:33:15.682839+00,2026-09-02 15:33:15.682839+00
DAILY2026092189,Sanjay Sharma,1986-03-10,FEMALE,XXXXX1234X,XXXXXXXX5678,9584526404,,,"177, Sector 55",,Noida,Uttar Pradesh,201310,28.466261,77.508678,MEDIUM,50,520,9,18,HINDI,SALARIED,f,f,f,f,0,[],4d61079b-983b-4156-9218-8b44dd2a71cc,2026-09-21 04:52:59.897077+00,2026-09-21 05:54:36.021137+00
DAILY2026090667,Vijay Malik,1986-03-10,MALE,XXXXX1234X,XXXXXXXX5678,9192396129,,,"7, Sector 57",,Gurugram,Haryana,122001,28.50399,77.095004,MEDIUM,50,520,9,18,HINDI,SALARIED,f,f,f,f,0,[],4d697883-6c3f-4bca-9c11-a1d107fe451f,2026-09-06 13:30:49.194721+00,2026-09-06 13:30:49.194725+00
CUST000113,Vedika Handa,1972-04-05,FEMALE,XXXXX2020X,XXXXXXXX3262,9656931857,,,"141, Zacharia Circle",,Gurugram,Haryana,794395,28.546094,77.074284,MEDIUM,50,676,9,18,URDU,HOMEMAKER,f,f,f,f,0,[],4d74c47e-09f5-498d-a352-4f8cf08845f4,2026-08-27 11:27:59.58914+00,2026-08-27 11:27:59.58914+00
DAILY20260903184,Rohan Yadav,1986-03-10,FEMALE,XXXXX1234X,XXXXXXXX5678,9910298249,,,"92, Sector 61",,Gurugram,Haryana,122001,28.46574,77.091681,MEDIUM,50,520,9,18,HINDI,SALARIED,f,f,f,f,0,[],4dbe7922-3c93-4d8e-bc40-614c3fc27f93,2026-09-02 15:33:16.279838+00,2026-09-02 15:33:16.279838+00
CUST000077,Warjas Raj,1985-05-21,FEMALE,XXXXX1672X,XXXXXXXX8368,9969533218,8302120588,,"40/640
Bawa",,Noida,Uttar Pradesh,598733,28.485286,76.979618,MEDIUM,50,536,9,18,HARYANVI,SELF_EMPLOYED,f,f,f,f,0,[],4df512da-7e9d-4eb0-b763-0751aadf3132,2026-08-27 11:27:59.589064+00,2026-08-27 11:27:59.589064+00
DAILY20260918138,Deepak Sharma,1986-03-10,FEMALE,XXXXX1234X,XXXXXXXX5678,9757944427,,,"64, Sector 21",,Gurugram,Haryana,122001,28.504874,77.092376,MEDIUM,50,520,9,18,HINDI,SALARIED,f,f,f,f,0,[],4e362b35-3e85-48c1-b017-9b8d4d4cda03,2026-09-18 06:49:34.806468+00,2026-09-18 06:49:34.806471+00
DAILY2026091875,Rohan Saxena,1986-03-10,MALE,XXXXX1234X,XXXXXXXX5678,9729629250,,,"175, Sector 45",,Gurugram,Haryana,122001,28.517613,77.080816,MEDIUM,50,520,9,18,HINDI,SALARIED,f,f,f,f,0,[],4e678b5a-0669-455d-808e-e1677e18f5a8,2026-09-18 06:49:34.418822+00,2026-09-18 06:49:34.418826+00
DAILY20260903128,Sneha Verma,1986-03-10,FEMALE,XXXXX1234X,XXXXXXXX5678,9274323941,,,"128, Sector 11",,Gurugram,Haryana,122001,28.40909,77.031618,MEDIUM,50,600,9,18,HINDI,SALARIED,f,f,f,f,0,[],4e84807a-6cbd-4bf4-9517-83dcdb01b266,2026-09-02 15:33:16.081803+00,2026-09-02 15:33:16.081803+00
CUST000029,Tristan Iyengar,1994-09-07,MALE,XXXXX8613X,XXXXXXXX7209,9461203124,,tpalla@example.org,"H.No. 365, Boase Road",,Gurugram,Haryana,290672,28.484984,77.06627,MEDIUM,50,530,9,18,URDU,SELF_EMPLOYED,f,f,f,f,0,[],4ebd4493-2e36-49cd-b2b7-f0838465d0e5,2026-08-27 11:27:59.588968+00,2026-08-27 11:27:59.588969+00
DAILY20260903181,Rohan Singh,1986-03-10,MALE,XXXXX1234X,XXXXXXXX5678,9676235129,,,"35, Sector 16",,Gurugram,Haryana,122001,28.450708,77.043153,MEDIUM,50,600,9,18,HINDI,SALARIED,f,f,f,f,0,[],4f0bf68a-1376-4469-9cfc-3affacbf95a1,2026-09-02 15:33:16.268814+00,2026-09-02 15:33:16.268814+00
DAILY2026091899,Rohan Saxena,1986-03-10,FEMALE,XXXXX1234X,XXXXXXXX5678,9884939145,,,"117, Sector 65",,Delhi,Delhi,110001,28.534731,77.160995,MEDIUM,50,600,9,18,HINDI,SALARIED,f,f,f,f,0,[],4f238178-dbb8-454a-bdaa-e0d490643463,2026-09-18 06:49:34.57333+00,2026-09-21 05:54:36.021141+00
CUST000090,Siya Thakur,1972-01-27,MALE,XXXXX2106X,XXXXXXXX6649,9358906986,8774585778,,"84/700, Ratti Chowk",,Gurugram,Haryana,710169,28.541646,77.082121,MEDIUM,50,308,9,18,PUNJABI,SELF_EMPLOYED,t,f,f,f,0,[],4f45ad63-4981-4f8e-aad3-93ddfaf33a1e,2026-08-27 11:27:59.589091+00,2026-08-27 11:27:59.589092+00
DAILY2026092147,Sanjay Mehta,1986-03-10,MALE,XXXXX1234X,XXXXXXXX5678,9754125147,,,"66, Sector 65",,Noida,Uttar Pradesh,201301,28.629222,77.373005,MEDIUM,50,600,9,18,HINDI,SALARIED,f,f,f,f,0,[],4f5eab7c-f64a-420d-b827-e765ad733397,2026-09-21 04:52:59.645289+00,2026-09-21 05:54:36.021143+00
DAILY2026090793,Rohan Mehta,1986-03-10,FEMALE,XXXXX1234X,XXXXXXXX5678,9740076073,,,"177, Sector 2",,Gurugram,Haryana,122001,28.477203,77.072744,MEDIUM,50,520,9,18,HINDI,SALARIED,f,f,f,f,0,[],4f791e48-c001-4585-942f-114ab4b6a55e,2026-09-07 04:59:06.34551+00,2026-09-07 04:59:06.345512+00
DAILY20260921187,Nikhil Nair,1986-03-10,FEMALE,XXXXX1234X,XXXXXXXX5678,9473144344,,,"198, Sector 12",,Delhi,Delhi,110001,28.508189,77.256191,MEDIUM,50,520,9,18,HINDI,SALARIED,f,f,f,f,0,[],4f800e3a-46ce-407e-937b-f7644552c71d,2026-09-21 04:53:00.730331+00,2026-09-21 05:54:36.021144+00
CUST000112,Joshua Vyas,1967-03-16,MALE,XXXXX4968X,XXXXXXXX1517,9714792641,8217999418,,"50/54
Kala Street",,Noida,Uttar Pradesh,562462,28.444342,77.584182,MEDIUM,50,494,9,18,PUNJABI,RETIRED,f,f,f,f,0,[],4f8bfadf-b2bc-41d8-82ef-ac42eac891d6,2026-08-27 11:27:59.589138+00,2026-08-27 11:27:59.589138+00
CUST000287,Diya Gole,1993-04-02,MALE,XXXXX8901X,XXXXXXXX7081,9766436631,,onatarajan@example.org,"00/743
Dutt Street",,Gurugram,Haryana,702427,28.514102,77.019325,MEDIUM,50,577,9,18,PUNJABI,RETIRED,f,f,f,f,0,[],4f9ad0b1-c2d5-4ef4-9853-7eba0f4e2e32,2026-08-27 11:27:59.589548+00,2026-08-27 11:27:59.589549+00
DAILY2026090334,Divya Chauhan,1986-03-10,FEMALE,XXXXX1234X,XXXXXXXX5678,9241362255,,,"48, Sector 60",,Gurugram,Haryana,122001,28.467954,77.071121,MEDIUM,50,600,9,18,HINDI,SALARIED,f,f,f,f,0,[],4faf5fb2-8159-49bf-a7b7-5efbf7d9ae50,2026-09-02 15:33:15.70156+00,2026-09-02 15:33:15.70156+00
CUST000005,Harrison Rai,1974-03-20,FEMALE,XXXXX1651X,XXXXXXXX2343,9550139320,8706907788,,"553
Bora Road",,Gurugram,Haryana,373432,28.572316,77.057496,MEDIUM,50,596,9,18,ENGLISH,BUSINESS_OWNER,f,f,f,f,0,[],4fbb62fe-f822-4234-984e-7cb360c81779,2026-08-27 11:27:59.58889+00,2026-08-27 11:27:59.58889+00
CUST000329,Yauvani Dhar,1969-10-08,FEMALE,XXXXX4726X,XXXXXXXX7837,9358085454,8557913296,zayyanhari@example.org,"90/878, Mannan Zila",,Gurugram,Haryana,734775,28.451805,77.107777,MEDIUM,50,495,9,18,PUNJABI,RETIRED,f,f,f,f,0,[],4fc81864-f8fa-40a0-b6ea-525e092b8b70,2026-08-27 11:27:59.589636+00,2026-08-27 11:27:59.589636+00
DAILY20260921142,Deepak Chauhan,1986-03-10,MALE,XXXXX1234X,XXXXXXXX5678,9301284196,,,"199, Sector 2",,Noida,Uttar Pradesh,201301,28.681654,77.395154,MEDIUM,50,600,9,18,HINDI,SALARIED,f,f,f,f,0,[],4fe3c504-e420-4fb9-a868-3e080b39ed92,2026-09-21 04:53:00.434791+00,2026-09-21 05:54:36.021146+00
CUST000194,Saumya Vala,1979-02-27,MALE,XXXXX7266X,XXXXXXXX6883,9615057244,8620420638,,"H.No. 581, Nair",,Delhi,Delhi,693128,28.608698,77.299825,MEDIUM,50,578,9,18,HARYANVI,BUSINESS_OWNER,f,f,f,f,0,[],505da88c-b72f-452b-ba9e-41071b03d29b,2026-08-27 11:27:59.58933+00,2026-08-27 11:27:59.589331+00
DEMO0011,Meena Devi Tiwari,1985-06-15,FEMALE,XXXXX1234X,XXXXXXXX5678,9876541011,,,"Plot 7, Sector 44",,Gurugram,Haryana,122003,28.455651,77.071123,MEDIUM,50,600,9,18,HINDI,SALARIED,f,f,f,f,0,[],50644e10-d6ff-4775-b820-e551c5bda213,2026-08-27 11:28:09.590889+00,2026-08-27 11:28:09.590894+00
CUST000309,Tanveer Shankar,1994-12-26,MALE,XXXXX3627X,XXXXXXXX2128,9670304472,,,"51/609, Seshadri Zila",,Delhi,Delhi,376141,28.729006,77.018328,MEDIUM,50,539,9,18,HARYANVI,BUSINESS_OWNER,f,f,f,f,0,[],5070f778-7f9b-4b86-ab66-4098aef6394c,2026-08-27 11:27:59.589594+00,2026-08-27 11:27:59.589595+00
DAILY2026090729,Rohan Mehta,1986-03-10,MALE,XXXXX1234X,XXXXXXXX5678,9199257651,,,"20, Sector 4",,Gurugram,Haryana,122001,28.495325,77.138813,MEDIUM,50,520,9,18,HINDI,SALARIED,f,f,f,f,0,[],509ff808-c006-4310-ba06-a8949c1e9ecb,2026-09-07 04:59:05.88305+00,2026-09-21 05:54:36.025592+00
DAILY2026090307,Neha Bhatt,1986-03-10,MALE,XXXXX1234X,XXXXXXXX5678,9843953130,,,"110, Sector 19",,Delhi,Delhi,110001,28.58958,77.019789,MEDIUM,50,520,9,18,HINDI,SALARIED,f,f,f,f,0,[],50dd75ff-5d9a-481c-a32a-714befc2b95a,2026-09-02 15:33:15.604048+00,2026-09-21 05:54:36.031413+00
DAILY20260918176,Sanjay Saxena,1986-03-10,FEMALE,XXXXX1234X,XXXXXXXX5678,9633628272,,,"41, Sector 49",,Gurugram,Haryana,122001,28.495618,77.062013,MEDIUM,50,520,9,18,HINDI,SALARIED,f,f,f,f,0,[],50f6c9aa-b3e4-41e7-82ce-d22b8d589bf5,2026-09-18 06:49:35.008491+00,2026-09-18 06:49:35.008495+00
DAILY2026091849,Sanjay Malik,1986-03-10,MALE,XXXXX1234X,XXXXXXXX5678,9378164861,,,"58, Sector 32",,Gurugram,Haryana,122001,28.429978,77.0009,MEDIUM,50,520,9,18,HINDI,SALARIED,f,f,f,f,0,[],50ff60af-4a78-4de9-b92b-550da845bfc9,2026-09-18 06:49:34.268692+00,2026-09-21 05:54:36.032908+00
CUST000143,Dhriti Gupta,1992-08-26,FEMALE,XXXXX1697X,XXXXXXXX4764,9327007332,8843338269,dvarma@example.com,"01
Tiwari Marg",,Noida,Uttar Pradesh,598598,28.419023,77.526521,MEDIUM,50,348,9,18,PUNJABI,SALARIED,f,f,f,f,0,[],51417b54-60aa-4d4a-b522-dab8378f3432,2026-08-27 11:27:59.589224+00,2026-08-27 11:27:59.589225+00
DAILY2026090608,Vijay Verma,1986-03-10,FEMALE,XXXXX1234X,XXXXXXXX5678,9453438589,,,"115, Sector 41",,Noida,Uttar Pradesh,201301,28.551857,77.292144,MEDIUM,50,520,9,18,HINDI,SALARIED,f,f,f,f,0,[],5143b16b-c878-4e9b-86be-cbc3c49d9706,2026-09-06 13:30:48.699687+00,2026-09-21 05:54:36.034979+00
DAILY20260906142,Kiran Verma,1986-03-10,FEMALE,XXXXX1234X,XXXXXXXX5678,9292250657,,,"167, Sector 24",,Delhi,Delhi,110001,28.537769,77.220238,MEDIUM,50,520,9,18,HINDI,SALARIED,f,f,f,f,0,[],51667a22-bdea-475f-8b14-1be074f4ba0e,2026-09-06 13:30:49.659756+00,2026-09-21 05:54:36.034985+00
CUST000225,Gaurav Chaudry,1967-07-29,MALE,XXXXX8105X,XXXXXXXX8035,9533140455,,,"H.No. 26
Dhar Street",,Delhi,Delhi,104895,28.783943,77.074855,MEDIUM,50,345,9,18,HINDI,HOMEMAKER,f,f,f,t,0,[],5167984b-a17b-4e18-836c-b99e99997a78,2026-08-27 11:27:59.589397+00,2026-08-27 11:27:59.589398+00
DAILY20260903141,Deepak Nair,1986-03-10,MALE,XXXXX1234X,XXXXXXXX5678,9652723557,,,"185, Sector 57",,Gurugram,Haryana,122001,28.453704,77.069727,MEDIUM,50,520,9,18,HINDI,SALARIED,f,f,f,f,0,[],516e44db-7470-489c-85b0-2187f7b45365,2026-09-02 15:33:16.125959+00,2026-09-02 15:33:16.125959+00
DAILY2026090313,Sanjay Reddy,1986-03-10,FEMALE,XXXXX1234X,XXXXXXXX5678,9743846800,,,"48, Sector 39",,Gurugram,Haryana,122001,28.438715,77.082804,MEDIUM,50,520,9,18,HINDI,SALARIED,f,f,f,f,0,[],517db1c5-f60f-495f-87d4-4c38b2a0f768,2026-09-02 15:33:15.61982+00,2026-09-02 15:33:15.61982+00
DAILY2026090336,Nikhil Chauhan,1986-03-10,FEMALE,XXXXX1234X,XXXXXXXX5678,9769224230,,,"140, Sector 5",,Gurugram,Haryana,122001,28.437652,77.047754,MEDIUM,50,600,9,18,HINDI,SALARIED,f,f,f,f,0,[],51f6030a-fa4f-444d-a4b0-3133a1b87c56,2026-09-02 15:33:15.702561+00,2026-09-02 15:33:15.702561+00
CUST000050,Harini Mammen,1997-02-07,MALE,XXXXX7267X,XXXXXXXX4945,9634366139,8253671484,,"08/31
Ray Ganj",,Delhi,Delhi,768891,28.626814,77.075649,MEDIUM,50,389,9,18,PUNJABI,RETIRED,f,t,f,f,0,[],51f70ed9-0888-4ca1-89b4-3698488d5705,2026-08-27 11:27:59.589008+00,2026-08-27 11:27:59.589009+00
DAILY2026091813,Divya Gupta,1986-03-10,MALE,XXXXX1234X,XXXXXXXX5678,9257362793,,,"35, Sector 17",,Gurugram,Haryana,122001,28.534578,77.053439,MEDIUM,50,600,9,18,HINDI,SALARIED,f,f,f,f,0,[],529ceed4-acd7-4f2e-adbc-a3a590c6581f,2026-09-18 06:49:34.087708+00,2026-09-21 05:54:36.037848+00
DAILY20260903179,Sanjay Chauhan,1986-03-10,MALE,XXXXX1234X,XXXXXXXX5678,9539028713,,,"88, Sector 23",,Gurugram,Haryana,122001,28.49543,77.049827,MEDIUM,50,600,9,18,HINDI,SALARIED,f,f,f,f,0,[],531cc0e6-6aa5-4b27-b6ba-4ab467591897,2026-09-02 15:33:16.252949+00,2026-09-02 15:33:16.252949+00
DAILY2026091854,Anjali Reddy,1986-03-10,FEMALE,XXXXX1234X,XXXXXXXX5678,9159336303,,,"115, Sector 70",,Gurugram,Haryana,122001,28.445061,77.105241,MEDIUM,50,520,9,18,HINDI,SALARIED,f,f,f,f,0,[],532df6fa-5c15-4854-ad49-f4eb4237d1cd,2026-09-18 06:49:34.296824+00,2026-09-21 05:54:36.037855+00
CUST000302,Advika Murthy,1964-02-14,MALE,XXXXX1317X,XXXXXXXX3492,9153292024,8123762858,,"58/891, Kothari Marg",,Delhi,Delhi,207241,28.597423,77.184218,MEDIUM,50,396,9,18,PUNJABI,BUSINESS_OWNER,f,f,f,t,0,[],5372c7eb-4b00-4575-a421-f4d3d71a072e,2026-08-27 11:27:59.589579+00,2026-08-27 11:27:59.589579+00
DAILY2026090679,Vijay Sharma,1986-03-10,FEMALE,XXXXX1234X,XXXXXXXX5678,9478481566,,,"119, Sector 57",,Noida,Uttar Pradesh,201301,28.595943,77.294168,MEDIUM,50,520,9,18,HINDI,SALARIED,f,f,f,f,0,[],537936a0-b71a-48ab-b45d-14f48c48095d,2026-09-06 13:30:49.276648+00,2026-09-21 05:54:36.040952+00
DAILY20260906123,Vijay Nair,1986-03-10,FEMALE,XXXXX1234X,XXXXXXXX5678,9370150277,,,"52, Sector 19",,Delhi,Delhi,110001,28.653211,77.08693,MEDIUM,50,520,9,18,HINDI,SALARIED,f,f,f,f,0,[],53f7ac8d-7063-4497-a742-bf6d62ae821a,2026-09-06 13:30:49.537621+00,2026-09-21 05:54:36.040959+00
CUST000184,Amol Ahuja,1983-11-17,MALE,XXXXX2129X,XXXXXXXX8620,9403124688,8433609196,,"H.No. 084
Mangat Circle",,Noida,Uttar Pradesh,679958,28.446485,77.080979,MEDIUM,50,323,9,18,URDU,SALARIED,f,f,f,f,0,[],540fd0f4-e42e-489e-bf37-4ae508e0225f,2026-08-27 11:27:59.58931+00,2026-08-27 11:27:59.58931+00
DAILY20260921109,Nikhil Chauhan,1986-03-10,FEMALE,XXXXX1234X,XXXXXXXX5678,9140031783,,,"29, Sector 56",,Gurugram,Haryana,122001,28.479345,77.058881,MEDIUM,50,600,9,18,HINDI,SALARIED,f,f,f,f,0,[],5416e116-157f-42aa-99e4-9721116af50d,2026-09-21 04:53:00.060742+00,2026-09-21 04:53:00.060747+00
CUST000325,Vedant Kuruvilla,1979-02-21,MALE,XXXXX1301X,XXXXXXXX7170,9725996789,8665646221,,"66/506
Warrior Zila",,Gurugram,Haryana,278593,28.455477,77.105378,MEDIUM,50,673,9,18,HINDI,BUSINESS_OWNER,f,f,f,f,0,[],5417fae7-c9a0-461a-8165-0321b7e6452f,2026-08-27 11:27:59.589627+00,2026-08-27 11:27:59.589628+00
DAILY20260918139,Deepak Chauhan,1986-03-10,MALE,XXXXX1234X,XXXXXXXX5678,9860133380,,,"34, Sector 34",,Noida,Uttar Pradesh,201301,28.579117,77.34396,MEDIUM,50,520,9,18,HINDI,SALARIED,f,f,f,f,0,[],546a790e-0e50-4faf-a06d-bad554eed481,2026-09-18 06:49:34.812121+00,2026-09-21 05:54:36.040961+00
DAILY20260903120,Nikhil Sharma,1986-03-10,MALE,XXXXX1234X,XXXXXXXX5678,9659880841,,,"179, Sector 49",,Gurugram,Haryana,122001,28.479195,77.088228,MEDIUM,50,600,9,18,HINDI,SALARIED,f,f,f,f,0,[],54aee680-81ec-48fa-afac-00586d660c25,2026-09-02 15:33:16.051196+00,2026-09-02 15:33:16.051196+00
DAILY2026092128,Vijay Mehta,1986-03-10,MALE,XXXXX1234X,XXXXXXXX5678,9991706882,,,"66, Sector 10",,Gurugram,Haryana,122001,28.462459,77.093746,MEDIUM,50,600,9,18,HINDI,SALARIED,f,f,f,f,0,[],54f8c3bb-1dfb-4308-90ab-ed33557dab6f,2026-09-21 04:52:59.548228+00,2026-09-21 04:52:59.548232+00
DAILY20260906167,Nikhil Chauhan,1986-03-10,FEMALE,XXXXX1234X,XXXXXXXX5678,9256590892,,,"100, Sector 25",,Delhi,Delhi,110001,28.65218,77.103708,MEDIUM,50,520,9,18,HINDI,SALARIED,f,f,f,f,0,[],5591f7b8-bcea-4f36-9ae0-33f04836a963,2026-09-06 13:30:49.822947+00,2026-09-21 05:54:36.040962+00
DAILY2026090786,Manish Verma,1986-03-10,MALE,XXXXX1234X,XXXXXXXX5678,9207258794,,,"65, Sector 40",,Gurugram,Haryana,122001,28.506573,77.110487,MEDIUM,50,520,9,18,HINDI,SALARIED,f,f,f,f,0,[],55a51110-80ce-483b-bc1a-7608daf60b30,2026-09-07 04:59:06.306387+00,2026-09-21 05:54:36.045472+00
DAILY2026092151,Sneha Bhatt,1986-03-10,FEMALE,XXXXX1234X,XXXXXXXX5678,9314634160,,,"30, Sector 44",,Delhi,Delhi,110001,28.63272,77.080232,MEDIUM,50,520,9,18,HINDI,SALARIED,f,f,f,f,0,[],55b0a408-f2f7-44e2-bc37-6cc5e09e1fc0,2026-09-21 04:52:59.665442+00,2026-09-21 05:54:36.047852+00
DAILY2026090601,Rahul Sharma,1986-03-10,FEMALE,XXXXX1234X,XXXXXXXX5678,9293718858,,,"40, Sector 43",,Gurugram,Haryana,122001,28.442167,77.094641,MEDIUM,50,600,9,18,HINDI,SALARIED,f,f,f,f,0,[],55cfdc1f-5237-44ef-aa9a-9da6858d3527,2026-09-06 13:30:48.634197+00,2026-09-06 13:30:48.634234+00
DAILY20260921101,Manish Reddy,1986-03-10,MALE,XXXXX1234X,XXXXXXXX5678,9931287156,,,"139, Sector 55",,Delhi,Delhi,110001,28.612752,77.275966,MEDIUM,50,600,9,18,HINDI,SALARIED,f,f,f,f,0,[],55db4e93-2eb4-4c74-ac4e-f14ac325b83c,2026-09-21 04:52:59.972715+00,2026-09-21 05:54:36.04786+00
DAILY20260907151,Preeti Gupta,1986-03-10,FEMALE,XXXXX1234X,XXXXXXXX5678,9263301187,,,"172, Sector 64",,Gurugram,Haryana,122001,28.453177,77.035018,MEDIUM,50,600,9,18,HINDI,SALARIED,f,f,f,f,0,[],55e0362a-0cf2-4e18-96bb-5e43ada2e11b,2026-09-07 04:59:06.670288+00,2026-09-21 05:54:36.057051+00
DAILY2026092194,Rahul Mehta,1986-03-10,MALE,XXXXX1234X,XXXXXXXX5678,9873342235,,,"74, Sector 39",,Gurugram,Haryana,122001,28.405383,77.160777,MEDIUM,50,520,9,18,HINDI,SALARIED,f,f,f,f,0,[],5649eed5-440c-4a5e-8868-20c75bf215c4,2026-09-21 04:52:59.932782+00,2026-09-21 05:54:36.05706+00
DAILY20260921129,Kiran Yadav,1986-03-10,FEMALE,XXXXX1234X,XXXXXXXX5678,9419343599,,,"150, Sector 46",,Delhi,Delhi,110001,28.616175,77.058,MEDIUM,50,520,9,18,HINDI,SALARIED,f,f,f,f,0,[],5654b9b4-0b56-40aa-9d09-fd7e4356904f,2026-09-21 04:53:00.244215+00,2026-09-21 05:54:36.061897+00
DAILY20260918114,Nikhil Singh,1986-03-10,MALE,XXXXX1234X,XXXXXXXX5678,9696910113,,,"174, Sector 48",,Gurugram,Haryana,122001,28.443039,77.118055,MEDIUM,50,520,9,18,HINDI,SALARIED,f,f,f,f,0,[],5660e4b5-421f-4e9e-940c-b609d9a61812,2026-09-18 06:49:34.672775+00,2026-09-21 05:54:36.06697+00
DAILY2026090326,Manish Nair,1986-03-10,MALE,XXXXX1234X,XXXXXXXX5678,9216978443,,,"123, Sector 34",,Gurugram,Haryana,122001,28.516071,77.093545,MEDIUM,50,520,9,18,HINDI,SALARIED,f,f,f,f,0,[],56979640-25cc-4abb-a3d2-8f975f81998d,2026-09-02 15:33:15.66875+00,2026-09-02 15:33:15.66875+00
DAILY20260903171,Pooja Mehta,1986-03-10,FEMALE,XXXXX1234X,XXXXXXXX5678,9533784511,,,"164, Sector 13",,Gurugram,Haryana,122001,28.494686,77.028791,MEDIUM,50,520,9,18,HINDI,SALARIED,f,f,f,f,0,[],5768f4b2-bb51-4b03-acf6-ab9b317dc58f,2026-09-02 15:33:16.216261+00,2026-09-21 05:54:36.066978+00
DEMO0005,Deepak Verma Gupta,1985-06-15,MALE,XXXXX1234X,XXXXXXXX5678,9876541005,,,"45 MG Road, Sector 28",,Gurugram,Haryana,122002,28.4793,77.0998,MEDIUM,50,600,9,18,HINDI,SALARIED,f,f,f,f,0,[],57a3f9c2-e690-42e0-8789-f769e80e5835,2026-08-27 11:28:09.567142+00,2026-08-27 11:28:09.567146+00
DAILY2026090749,Anjali Sharma,1986-03-10,MALE,XXXXX1234X,XXXXXXXX5678,9310984138,,,"14, Sector 24",,Gurugram,Haryana,122001,28.507643,77.04118,MEDIUM,50,520,9,18,HINDI,SALARIED,f,f,f,f,0,[],57d41b86-4f50-4dcd-9792-dcc2eaabba3a,2026-09-07 04:59:06.074032+00,2026-09-07 04:59:06.074038+00
DAILY2026092162,Sanjay Chauhan,1986-03-10,FEMALE,XXXXX1234X,XXXXXXXX5678,9929673229,,,"136, Sector 68",,Delhi,Delhi,110001,28.52652,77.215755,MEDIUM,50,600,9,18,HINDI,SALARIED,f,f,f,f,0,[],57d4ba38-01fd-4eec-9262-08258ed9e336,2026-09-21 04:52:59.726672+00,2026-09-21 05:54:36.070614+00
DAILY20260907122,Sneha Yadav,1986-03-10,FEMALE,XXXXX1234X,XXXXXXXX5678,9288464301,,,"119, Sector 21",,Gurugram,Haryana,122001,28.483531,77.037631,MEDIUM,50,600,9,18,HINDI,SALARIED,f,f,f,f,0,[],57efe0e2-21be-4355-84c4-4fb51e86a90c,2026-09-07 04:59:06.521463+00,2026-09-07 04:59:06.521466+00
DAILY20260918172,Amit Reddy,1986-03-10,MALE,XXXXX1234X,XXXXXXXX5678,9471817750,,,"54, Sector 34",,Noida,Uttar Pradesh,201310,28.506165,77.518099,MEDIUM,50,520,9,18,HINDI,SALARIED,f,f,f,f,0,[],581942a2-9d8d-483e-abb2-9aec32f057d8,2026-09-18 06:49:34.986411+00,2026-09-21 05:54:36.070621+00
CUST000056,Manthan Modi,1966-11-21,MALE,XXXXX8724X,XXXXXXXX1410,9765233376,8702806585,,"H.No. 869, Kara",,Delhi,Delhi,739717,28.692826,77.261055,MEDIUM,50,645,9,18,ENGLISH,SALARIED,f,f,f,f,0,[],58266cef-59d1-4693-9c40-c5ce985286db,2026-08-27 11:27:59.58902+00,2026-08-27 11:27:59.589021+00
CUST000254,Vritti Barad,1967-01-30,MALE,XXXXX9468X,XXXXXXXX7143,9652235149,8578413078,,"30/87, Narula Nagar",,Gurugram,Haryana,410833,28.44018,77.159082,MEDIUM,50,444,9,18,ENGLISH,BUSINESS_OWNER,f,f,f,f,0,[],5831efe8-5398-4538-8ce8-e7e241cfc522,2026-08-27 11:27:59.589473+00,2026-08-27 11:27:59.589473+00
CUST000238,Yadavi Ben,1970-06-20,MALE,XXXXX7607X,XXXXXXXX4850,9184643708,8960347752,rattanekapad@example.com,"H.No. 51
Shan Circle",,Gurugram,Haryana,192295,28.445874,76.937274,MEDIUM,50,629,9,18,URDU,RETIRED,f,f,f,f,0,[],58c36194-ac80-4d4c-9ac4-3ded3c732c24,2026-08-27 11:27:59.589442+00,2026-08-27 11:27:59.589442+00
DAILY20260921132,Manish Yadav,1986-03-10,MALE,XXXXX1234X,XXXXXXXX5678,9423671200,,,"106, Sector 40",,Delhi,Delhi,110001,28.720565,77.170251,MEDIUM,50,520,9,18,HINDI,SALARIED,f,f,f,f,0,[],596729be-29f8-45a1-b7c1-201531ff7ee6,2026-09-21 04:53:00.266671+00,2026-09-21 05:54:36.070623+00
CUST000386,Zehaan Srivastava,1987-12-01,MALE,XXXXX3796X,XXXXXXXX2047,9978106253,8222599500,,"H.No. 03, Keer Zila",,Noida,Uttar Pradesh,745533,28.426201,77.56982,MEDIUM,50,349,9,18,ENGLISH,SALARIED,f,f,f,f,0,[],598573b9-8c04-44bf-bc0b-b3a1d7eb941c,2026-08-27 11:27:59.589755+00,2026-08-27 11:27:59.589755+00
CUST000034,Riya Sathe,1989-04-29,MALE,XXXXX2869X,XXXXXXXX2070,9530256336,8719571745,qgara@example.org,"95/13
Kar Road",,Delhi,Delhi,156213,28.482159,77.297288,MEDIUM,50,429,9,18,ENGLISH,SELF_EMPLOYED,f,f,f,f,0,[],599721d4-2cd5-40cb-834a-f14ef792aa42,2026-08-27 11:27:59.588978+00,2026-08-27 11:27:59.588979+00
CUST000137,Jeet Vasa,1969-06-19,MALE,XXXXX3497X,XXXXXXXX4214,9454190155,,neelnaidu@example.net,"H.No. 84, Krishna Zila",,Gurugram,Haryana,357666,28.371687,77.117418,MEDIUM,50,513,9,18,URDU,HOMEMAKER,f,f,f,f,0,[],59c33cae-ac22-4a38-80c3-387db6c9a143,2026-08-27 11:27:59.589188+00,2026-08-27 11:27:59.589189+00
DAILY2026090681,Divya Reddy,1986-03-10,FEMALE,XXXXX1234X,XXXXXXXX5678,9683763888,,,"139, Sector 49",,Delhi,Delhi,110001,28.596806,77.291363,MEDIUM,50,600,9,18,HINDI,SALARIED,f,f,f,f,0,[],5a1f0087-ca76-4752-addd-df15568806c0,2026-09-06 13:30:49.288046+00,2026-09-21 05:54:36.070624+00
DAILY20260918122,Sneha Bhatt,1986-03-10,FEMALE,XXXXX1234X,XXXXXXXX5678,9935372461,,,"12, Sector 18",,Noida,Uttar Pradesh,201301,28.612078,77.296172,MEDIUM,50,600,9,18,HINDI,SALARIED,f,f,f,f,0,[],5a276633-2def-4eaa-b5f2-c0b2e3a0fffd,2026-09-18 06:49:34.720089+00,2026-09-21 05:54:36.070625+00
DAILY2026091846,Divya Mehta,1986-03-10,MALE,XXXXX1234X,XXXXXXXX5678,9149880556,,,"70, Sector 46",,Gurugram,Haryana,122001,28.482967,77.047442,MEDIUM,50,520,9,18,HINDI,SALARIED,f,f,f,f,0,[],5a6a48e4-6390-486f-afb8-14f08d6789b4,2026-09-18 06:49:34.252275+00,2026-09-21 05:54:36.07835+00
CUST000028,Gaurangi Sabharwal,1994-02-20,MALE,XXXXX8135X,XXXXXXXX3885,9887906704,8798423334,,"H.No. 21, Barad Marg",,Noida,Uttar Pradesh,664315,28.567101,77.397342,MEDIUM,50,662,9,18,URDU,RETIRED,f,f,f,f,0,[],5ae0aafa-aa07-484b-9ed7-c72a096af296,2026-08-27 11:27:59.588967+00,2026-08-27 11:27:59.588967+00
DAILY2026090360,Sneha Bhatt,1986-03-10,FEMALE,XXXXX1234X,XXXXXXXX5678,9564358323,,,"10, Sector 8",,Gurugram,Haryana,122001,28.45688,77.120182,MEDIUM,50,520,9,18,HINDI,SALARIED,f,f,f,f,0,[],5b11bcaa-7143-449c-9d1d-c440eb9b009b,2026-09-02 15:33:15.800372+00,2026-09-21 05:54:36.078379+00
DAILY2026092190,Sanjay Chauhan,1986-03-10,FEMALE,XXXXX1234X,XXXXXXXX5678,9191115266,,,"7, Sector 50",,Delhi,Delhi,110001,28.692564,77.112306,MEDIUM,50,600,9,18,HINDI,SALARIED,f,f,f,f,0,[],5b36ebc8-708c-40f4-b570-72acdecfc91c,2026-09-21 04:52:59.903919+00,2026-09-21 05:54:36.08008+00
DAILY2026091873,Amit Verma,1986-03-10,FEMALE,XXXXX1234X,XXXXXXXX5678,9286266367,,,"148, Sector 31",,Noida,Uttar Pradesh,201310,28.455231,77.538462,MEDIUM,50,520,9,18,HINDI,SALARIED,f,f,f,f,0,[],5b4bc22f-9b5b-4061-a367-4755991a8d2f,2026-09-18 06:49:34.407334+00,2026-09-21 05:54:36.080087+00
CUST000165,Urishilla Yogi,1994-02-16,MALE,XXXXX1528X,XXXXXXXX8368,9382195698,,yugbumb@example.net,"51/91
Tiwari Nagar",,Delhi,Delhi,560398,28.511754,77.221353,MEDIUM,50,426,9,18,HINDI,SELF_EMPLOYED,f,f,f,f,0,[],5ba3abe3-9942-47ed-aa9a-1e8dd755a238,2026-08-27 11:27:59.589269+00,2026-08-27 11:27:59.58927+00
DAILY2026090776,Rahul Yadav,1986-03-10,MALE,XXXXX1234X,XXXXXXXX5678,9815659721,,,"27, Sector 8",,Gurugram,Haryana,122001,28.493912,77.030483,MEDIUM,50,520,9,18,HINDI,SALARIED,f,f,f,f,0,[],5bf30335-816c-4948-a75a-6e2912cbef2e,2026-09-07 04:59:06.244121+00,2026-09-07 04:59:06.244123+00
DAILY20260921164,Rohan Chauhan,1986-03-10,MALE,XXXXX1234X,XXXXXXXX5678,9665416028,,,"156, Sector 36",,Gurugram,Haryana,122001,28.425444,77.057222,MEDIUM,50,520,9,18,HINDI,SALARIED,f,f,f,f,0,[],5c58bb80-ea71-444c-b2a0-a097dcac0af9,2026-09-21 04:53:00.575498+00,2026-09-21 04:53:00.575501+00
DAILY20260921183,Amit Singh,1986-03-10,MALE,XXXXX1234X,XXXXXXXX5678,9888444653,,,"60, Sector 17",,Noida,Uttar Pradesh,201301,28.601521,77.4208,MEDIUM,50,520,9,18,HINDI,SALARIED,f,f,f,f,0,[],5ca748d8-7ffb-45dd-98ba-37e8d3c22de8,2026-09-21 04:53:00.703849+00,2026-09-21 05:54:36.080088+00
DAILY2026090727,Divya Chauhan,1986-03-10,FEMALE,XXXXX1234X,XXXXXXXX5678,9633276148,,,"198, Sector 31",,Delhi,Delhi,110001,28.605368,77.053136,MEDIUM,50,600,9,18,HINDI,SALARIED,f,f,f,f,0,[],5cf55da2-aefd-4f4e-8218-a34b84b55c41,2026-09-07 04:59:05.87315+00,2026-09-21 05:54:36.080089+00
DAILY2026090365,Nikhil Nair,1986-03-10,FEMALE,XXXXX1234X,XXXXXXXX5678,9758312508,,,"191, Sector 69",,Gurugram,Haryana,122001,28.50259,77.080706,MEDIUM,50,520,9,18,HINDI,SALARIED,f,f,f,f,0,[],5cf5c8c0-4142-4f4c-8e15-e1329c9a638b,2026-09-02 15:33:15.825138+00,2026-09-02 15:33:15.825138+00
CUST000253,Oscar Goda,1972-08-22,MALE,XXXXX2879X,XXXXXXXX6668,9578531560,,jagrati90@example.net,"92/93
More Chowk",,Gurugram,Haryana,751303,28.467366,77.137361,MEDIUM,50,632,9,18,ENGLISH,SALARIED,f,f,f,f,0,[],5d016fd0-4cd9-47ff-bb8b-6fa26e95a44e,2026-08-27 11:27:59.589471+00,2026-08-27 11:27:59.589471+00
DAILY20260906149,Nikhil Malik,1986-03-10,FEMALE,XXXXX1234X,XXXXXXXX5678,9376388341,,,"52, Sector 46",,Gurugram,Haryana,122001,28.497335,77.046829,MEDIUM,50,520,9,18,HINDI,SALARIED,f,f,f,f,0,[],5d74c92c-6a7e-4373-bcdb-6547b01b5faa,2026-09-06 13:30:49.703651+00,2026-09-06 13:30:49.703654+00
DAILY2026090742,Neha Chauhan,1986-03-10,FEMALE,XXXXX1234X,XXXXXXXX5678,9820228247,,,"19, Sector 4",,Delhi,Delhi,110001,28.616122,77.018312,MEDIUM,50,600,9,18,HINDI,SALARIED,f,f,f,f,0,[],5d843c82-7383-4d92-be2f-0e548bb882b5,2026-09-07 04:59:06.028998+00,2026-09-21 05:54:36.080091+00
CUST000288,Gaurang Dayal,1987-01-01,FEMALE,XXXXX7933X,XXXXXXXX8836,9680645164,,,"67
Agrawal Marg",,Gurugram,Haryana,283291,28.440053,77.122804,MEDIUM,50,327,9,18,URDU,SALARIED,f,f,f,f,0,[],5dd5f473-7452-4010-8d6e-8af3a52f362a,2026-08-27 11:27:59.58955+00,2026-08-27 11:27:59.589551+00
DAILY2026090617,Divya Gupta,1986-03-10,MALE,XXXXX1234X,XXXXXXXX5678,9961375770,,,"65, Sector 8",,Gurugram,Haryana,122001,28.458268,77.071471,MEDIUM,50,600,9,18,HINDI,SALARIED,f,f,f,f,0,[],5ddd0f61-1cfb-4265-8112-96b004a3830c,2026-09-06 13:30:48.756409+00,2026-09-21 05:54:36.08939+00
DAILY2026090374,Divya Sharma,1986-03-10,MALE,XXXXX1234X,XXXXXXXX5678,9203260840,,,"141, Sector 19",,Gurugram,Haryana,122001,28.438458,77.031715,MEDIUM,50,600,9,18,HINDI,SALARIED,f,f,f,f,0,[],5e0d1f9d-74ad-4631-b037-5896de1b7768,2026-09-02 15:33:15.8479+00,2026-09-02 15:33:15.8479+00
DAILY2026092111,Anjali Sharma,1986-03-10,MALE,XXXXX1234X,XXXXXXXX5678,9598258280,,,"125, Sector 20",,Gurugram,Haryana,122001,28.513809,77.052668,MEDIUM,50,520,9,18,HINDI,SALARIED,f,f,f,f,0,[],5e2086c5-61ba-49e6-8ace-35ca4014c220,2026-09-21 04:52:59.435391+00,2026-09-21 05:54:36.089398+00
DAILY2026090789,Divya Chauhan,1986-03-10,FEMALE,XXXXX1234X,XXXXXXXX5678,9370276380,,,"59, Sector 68",,Noida,Uttar Pradesh,201301,28.586965,77.384163,MEDIUM,50,600,9,18,HINDI,SALARIED,f,f,f,f,0,[],5e4aae5c-8a39-42fa-b8f9-5567321c1a04,2026-09-07 04:59:06.323409+00,2026-09-21 05:54:36.091379+00
DAILY20260906159,Deepak Sharma,1986-03-10,MALE,XXXXX1234X,XXXXXXXX5678,9323310870,,,"62, Sector 55",,Gurugram,Haryana,122001,28.452482,77.065457,MEDIUM,50,520,9,18,HINDI,SALARIED,f,f,f,f,0,[],5ea301fa-093b-4a4c-a6db-cc5ae10ad92e,2026-09-06 13:30:49.769858+00,2026-09-06 13:30:49.769861+00
DAILY2026091856,Manish Gupta,1986-03-10,MALE,XXXXX1234X,XXXXXXXX5678,9876424398,,,"112, Sector 51",,Noida,Uttar Pradesh,201301,28.609442,77.374961,MEDIUM,50,520,9,18,HINDI,SALARIED,f,f,f,f,0,[],5ec5f492-fe18-4f17-9d5e-15cb597d9b56,2026-09-18 06:49:34.308776+00,2026-09-21 05:54:36.091385+00
DAILY20260921144,Kiran Malik,1986-03-10,FEMALE,XXXXX1234X,XXXXXXXX5678,9746517444,,,"177, Sector 40",,Gurugram,Haryana,122001,28.433805,77.048449,MEDIUM,50,520,9,18,HINDI,SALARIED,f,f,f,f,0,[],5f3228eb-756a-40f3-9acf-5a327e4367e9,2026-09-21 04:53:00.448977+00,2026-09-21 04:53:00.448981+00
DAILY20260921166,Divya Singh,1986-03-10,FEMALE,XXXXX1234X,XXXXXXXX5678,9953715308,,,"120, Sector 55",,Noida,Uttar Pradesh,201301,28.570648,77.320488,MEDIUM,50,520,9,18,HINDI,SALARIED,f,f,f,f,0,[],5f40c296-5964-43de-a646-782cb064f27b,2026-09-21 04:53:00.588939+00,2026-09-21 05:54:36.091386+00
DAILY2026090695,Manish Singh,1986-03-10,FEMALE,XXXXX1234X,XXXXXXXX5678,9129302660,,,"22, Sector 54",,Gurugram,Haryana,122001,28.467622,77.072795,MEDIUM,50,520,9,18,HINDI,SALARIED,f,f,f,f,0,[],5f5aa3ed-19bc-4540-9962-2e3e106c7e3c,2026-09-06 13:30:49.365025+00,2026-09-06 13:30:49.365027+00
DAILY2026090796,Sneha Chauhan,1986-03-10,MALE,XXXXX1234X,XXXXXXXX5678,9338408507,,,"158, Sector 45",,Noida,Uttar Pradesh,201301,28.535287,77.326019,MEDIUM,50,520,9,18,HINDI,SALARIED,f,f,f,f,0,[],5f7fa995-97f0-442a-9cae-a4bcab8d0888,2026-09-07 04:59:06.363318+00,2026-09-21 05:54:36.091387+00
DAILY2026091863,Deepak Sharma,1986-03-10,MALE,XXXXX1234X,XXXXXXXX5678,9477705453,,,"116, Sector 12",,Noida,Uttar Pradesh,201310,28.479314,77.478637,MEDIUM,50,520,9,18,HINDI,SALARIED,f,f,f,f,0,[],6035b8c9-e52a-4d30-ac3b-68318f401fbf,2026-09-18 06:49:34.350323+00,2026-09-21 05:54:36.091388+00
CUST000292,Udarsh Deep,1971-09-05,MALE,XXXXX2577X,XXXXXXXX8370,9899500884,,,"82/15, Prashad Nagar",,Gurugram,Haryana,687569,28.442138,77.046259,MEDIUM,50,430,9,18,HARYANVI,BUSINESS_OWNER,f,f,f,f,0,[],603e0110-90f9-471f-9f02-bccfb8407a98,2026-08-27 11:27:59.589558+00,2026-08-27 11:27:59.589559+00
DAILY2026090685,Kiran Saxena,1986-03-10,FEMALE,XXXXX1234X,XXXXXXXX5678,9134672459,,,"132, Sector 10",,Gurugram,Haryana,122001,28.40338,77.036808,MEDIUM,50,520,9,18,HINDI,SALARIED,f,f,f,f,0,[],60678d77-1f8f-4542-aefd-4d1a1a58feea,2026-09-06 13:30:49.311531+00,2026-09-06 13:30:49.311533+00
DAILY20260921155,Amit Sharma,1986-03-10,FEMALE,XXXXX1234X,XXXXXXXX5678,9167963123,,,"65, Sector 4",,Delhi,Delhi,110001,28.618524,77.032628,MEDIUM,50,520,9,18,HINDI,SALARIED,f,f,f,f,0,[],6069f22b-1280-4dbb-b1cd-be65d0a17257,2026-09-21 04:53:00.516261+00,2026-09-21 05:54:36.09139+00
DAILY2026090700,Sanjay Malik,1986-03-10,FEMALE,XXXXX1234X,XXXXXXXX5678,9212514860,,,"25, Sector 61",,Gurugram,Haryana,122001,28.428953,77.068404,MEDIUM,50,600,9,18,HINDI,SALARIED,f,f,f,f,0,[],607274b0-4599-4bf2-894a-7c84e6934a41,2026-09-07 04:59:05.682377+00,2026-09-07 04:59:05.682381+00
DAILY2026090301,Sneha Chauhan,1986-03-10,FEMALE,XXXXX1234X,XXXXXXXX5678,9447184941,,,"92, Sector 36",,Gurugram,Haryana,122001,28.493076,77.036772,MEDIUM,50,520,9,18,HINDI,SALARIED,f,f,f,f,0,[],60734859-beae-4513-a70b-dc6eec815443,2026-09-02 15:33:15.576067+00,2026-09-02 15:33:15.576067+00
DAILY20260906147,Deepak Yadav,1986-03-10,FEMALE,XXXXX1234X,XXXXXXXX5678,9163062521,,,"152, Sector 52",,Gurugram,Haryana,122001,28.442384,77.030281,MEDIUM,50,600,9,18,HINDI,SALARIED,f,f,f,f,0,[],6111289c-188c-4024-b378-4d309db726dc,2026-09-06 13:30:49.690263+00,2026-09-06 13:30:49.690266+00
DAILY20260907135,Manish Singh,1986-03-10,FEMALE,XXXXX1234X,XXXXXXXX5678,9802141374,,,"74, Sector 69",,Gurugram,Haryana,122001,28.515379,77.062907,MEDIUM,50,520,9,18,HINDI,SALARIED,f,f,f,f,0,[],6273be0a-3f65-499c-957b-4e498e021a2c,2026-09-07 04:59:06.58565+00,2026-09-07 04:59:06.585652+00
DAILY20260907188,Amit Nair,1986-03-10,MALE,XXXXX1234X,XXXXXXXX5678,9314393772,,,"140, Sector 25",,Delhi,Delhi,110001,28.682294,77.151678,MEDIUM,50,520,9,18,HINDI,SALARIED,f,f,f,f,0,[],627572a4-5026-4ddc-a8ac-c2ae4f51a821,2026-09-07 04:59:06.898898+00,2026-09-21 05:54:36.091391+00
CUST000121,Maanas Manne,1979-12-18,FEMALE,XXXXX2562X,XXXXXXXX4027,9250980852,8366338529,,"962
Viswanathan Zila",,Delhi,Delhi,502206,28.687127,77.259713,MEDIUM,50,505,9,18,ENGLISH,RETIRED,f,f,f,f,0,[],62ca4503-91fd-4e76-a546-66da4597fc2d,2026-08-27 11:27:59.589156+00,2026-08-27 11:27:59.589156+00
DAILY20260906100,Nikhil Gupta,1986-03-10,FEMALE,XXXXX1234X,XXXXXXXX5678,9562946183,,,"168, Sector 13",,Gurugram,Haryana,122001,28.407446,77.064959,MEDIUM,50,600,9,18,HINDI,SALARIED,f,f,f,f,0,[],62e2c98f-1882-4f22-ba03-9b657b0c3d63,2026-09-06 13:30:49.391236+00,2026-09-06 13:30:49.391239+00
CUST000103,Triveni Pathak,1967-01-01,FEMALE,XXXXX7825X,XXXXXXXX1496,9634764290,8685809361,,"696, Brar Circle",,Noida,Uttar Pradesh,416768,28.418662,77.517266,MEDIUM,50,407,9,18,URDU,SELF_EMPLOYED,f,f,f,f,0,[],630a7599-12b4-4892-866d-d96edb9ace45,2026-08-27 11:27:59.589119+00,2026-08-27 11:27:59.58912+00
DAILY2026092129,Manish Chauhan,1986-03-10,FEMALE,XXXXX1234X,XXXXXXXX5678,9916810365,,,"97, Sector 45",,Gurugram,Haryana,122001,28.42824,77.030295,MEDIUM,50,600,9,18,HINDI,SALARIED,f,f,f,f,0,[],6317229f-33e6-46e7-bce7-2135c631a696,2026-09-21 04:52:59.5544+00,2026-09-21 04:52:59.554404+00
DAILY20260918145,Amit Nair,1986-03-10,MALE,XXXXX1234X,XXXXXXXX5678,9392922826,,,"143, Sector 38",,Noida,Uttar Pradesh,201301,28.56678,77.351071,MEDIUM,50,520,9,18,HINDI,SALARIED,f,f,f,f,0,[],631da6f2-9ece-4f79-babf-b1f5fdd82aa9,2026-09-18 06:49:34.84393+00,2026-09-21 05:54:36.091392+00
CUST000204,Ojasvi Chada,1968-01-24,MALE,XXXXX1877X,XXXXXXXX2659,9455510103,,,"H.No. 45, Jhaveri Chowk",,Delhi,Delhi,681028,28.579503,77.241905,MEDIUM,50,522,9,18,HARYANVI,BUSINESS_OWNER,f,f,f,f,0,[],63208e49-c41b-4a3a-8ebb-83ca74b6c423,2026-08-27 11:27:59.589353+00,2026-08-27 11:27:59.589353+00
DAILY20260918116,Preeti Bhatt,1986-03-10,MALE,XXXXX1234X,XXXXXXXX5678,9581182380,,,"188, Sector 52",,Gurugram,Haryana,122001,28.510068,77.079781,MEDIUM,50,600,9,18,HINDI,SALARIED,f,f,f,f,0,[],6331fb95-f477-4ecf-b2dc-d6cb12823052,2026-09-18 06:49:34.686082+00,2026-09-18 06:49:34.68609+00
CUST000179,Wriddhish Nagy,1993-02-14,MALE,XXXXX4909X,XXXXXXXX1948,9362508142,,,"85
Lal Road",,Noida,Uttar Pradesh,575394,28.50632,77.398417,MEDIUM,50,657,9,18,HARYANVI,HOMEMAKER,t,f,f,f,0,[],635f2e4b-2bdd-4221-992a-9cc1bdf0a747,2026-08-27 11:27:59.589296+00,2026-08-27 11:27:59.589297+00
DAILY20260918127,Sneha Gupta,1986-03-10,FEMALE,XXXXX1234X,XXXXXXXX5678,9834996286,,,"26, Sector 4",,Gurugram,Haryana,122001,28.445592,77.063777,MEDIUM,50,600,9,18,HINDI,SALARIED,f,f,f,f,0,[],63c33280-e9c8-4c19-ae94-ab3ad56e6c6e,2026-09-18 06:49:34.745951+00,2026-09-18 06:49:34.745954+00
DAILY20260921168,Kiran Nair,1986-03-10,FEMALE,XXXXX1234X,XXXXXXXX5678,9888848782,,,"98, Sector 33",,Delhi,Delhi,110001,28.640622,77.078578,MEDIUM,50,520,9,18,HINDI,SALARIED,f,f,f,f,0,[],640b65e9-b90f-48ef-b107-b29d21a49065,2026-09-21 04:53:00.602028+00,2026-09-21 05:54:36.091393+00
CUST000304,Vyanjana Nagi,1972-10-21,MALE,XXXXX2998X,XXXXXXXX5078,9513173592,8575625690,,"H.No. 838
Rau Marg",,Delhi,Delhi,135138,28.719508,77.034288,MEDIUM,50,495,9,18,ENGLISH,RETIRED,f,f,f,f,0,[],645cdd78-581e-4e19-b5c6-0f9bb80063bf,2026-08-27 11:27:59.589583+00,2026-08-27 11:27:59.589583+00
DAILY2026090381,Anjali Gupta,1986-03-10,FEMALE,XXXXX1234X,XXXXXXXX5678,9838563496,,,"197, Sector 2",,Noida,Uttar Pradesh,201310,28.457527,77.47944,MEDIUM,50,520,9,18,HINDI,SALARIED,f,f,f,f,0,[],64a7e048-533f-4e7a-8107-cb4f26fd5c8d,2026-09-02 15:33:15.892259+00,2026-09-21 05:54:36.091394+00
DAILY2026090792,Deepak Saxena,1986-03-10,FEMALE,XXXXX1234X,XXXXXXXX5678,9634180236,,,"173, Sector 16",,Gurugram,Haryana,122001,28.454723,77.03898,MEDIUM,50,520,9,18,HINDI,SALARIED,f,f,f,f,0,[],64db40a1-c22d-47a6-b0a5-3759b4d690b5,2026-09-07 04:59:06.339925+00,2026-09-21 05:54:36.099376+00
DAILY2026092193,Divya Chauhan,1986-03-10,FEMALE,XXXXX1234X,XXXXXXXX5678,9701944945,,,"97, Sector 16",,Gurugram,Haryana,122001,28.454671,77.061942,MEDIUM,50,520,9,18,HINDI,SALARIED,f,f,f,f,0,[],64e29f32-1dd5-4574-87c6-5287e2fa8c3e,2026-09-21 04:52:59.927518+00,2026-09-21 05:54:36.099383+00
DAILY2026091897,Neha Reddy,1986-03-10,MALE,XXXXX1234X,XXXXXXXX5678,9637535322,,,"169, Sector 36",,Gurugram,Haryana,122001,28.41431,77.037228,MEDIUM,50,520,9,18,HINDI,SALARIED,f,f,f,f,0,[],64e8a33d-0d6e-4ac5-961e-04c04320e8c0,2026-09-18 06:49:34.559726+00,2026-09-21 05:54:36.099385+00
DAILY2026090764,Deepak Reddy,1986-03-10,MALE,XXXXX1234X,XXXXXXXX5678,9139042628,,,"130, Sector 32",,Gurugram,Haryana,122001,28.425414,77.067919,MEDIUM,50,600,9,18,HINDI,SALARIED,f,f,f,f,0,[],64e8e19c-9f57-465a-9bfb-e029b98afad3,2026-09-07 04:59:06.172163+00,2026-09-07 04:59:06.172166+00
DAILY2026090348,Nikhil Bhatt,1986-03-10,FEMALE,XXXXX1234X,XXXXXXXX5678,9223632635,,,"172, Sector 63",,Delhi,Delhi,110001,28.500691,77.212394,MEDIUM,50,600,9,18,HINDI,SALARIED,f,f,f,f,0,[],64f50958-06c6-43f9-8c82-736fc3e1c9ec,2026-09-02 15:33:15.752294+00,2026-09-21 05:54:36.102311+00
DAILY20260907164,Neha Nair,1986-03-10,FEMALE,XXXXX1234X,XXXXXXXX5678,9287256327,,,"74, Sector 45",,Gurugram,Haryana,122001,28.507381,77.055016,MEDIUM,50,600,9,18,HINDI,SALARIED,f,f,f,f,0,[],650da0e3-98ae-4fd0-ba0f-f85ca9aefddf,2026-09-07 04:59:06.753037+00,2026-09-07 04:59:06.75304+00
DAILY2026090637,Vijay Saxena,1986-03-10,MALE,XXXXX1234X,XXXXXXXX5678,9967416900,,,"169, Sector 45",,Gurugram,Haryana,122001,28.512954,77.037486,MEDIUM,50,600,9,18,HINDI,SALARIED,f,f,f,f,0,[],653a72ad-9d7e-4166-ab22-25f25b875bc8,2026-09-06 13:30:48.987498+00,2026-09-06 13:30:48.987504+00
DAILY20260906124,Divya Malik,1986-03-10,MALE,XXXXX1234X,XXXXXXXX5678,9388576865,,,"43, Sector 13",,Noida,Uttar Pradesh,201301,28.542361,77.335804,MEDIUM,50,520,9,18,HINDI,SALARIED,f,f,f,f,0,[],65758571-ea90-4292-945b-cbc2824ef6df,2026-09-06 13:30:49.544582+00,2026-09-21 05:54:36.102317+00
DAILY2026090715,Manish Gupta,1986-03-10,MALE,XXXXX1234X,XXXXXXXX5678,9828731494,,,"107, Sector 24",,Delhi,Delhi,110001,28.633538,77.104183,MEDIUM,50,600,9,18,HINDI,SALARIED,f,f,f,f,0,[],65768d87-0e6a-4734-a20a-4b98f47c4a2d,2026-09-07 04:59:05.80549+00,2026-09-21 05:54:36.102318+00
CUST000333,Jagrati Mody,1982-02-27,MALE,XXXXX4166X,XXXXXXXX4707,9134606221,,gillfinn@example.com,"34/11, Tripathi Nagar",,Delhi,Delhi,382967,28.737344,77.023498,MEDIUM,50,370,9,18,URDU,SELF_EMPLOYED,f,f,f,f,0,[],658f8f95-f53f-42f2-add4-333c400e10db,2026-08-27 11:27:59.589645+00,2026-08-27 11:27:59.589646+00
CUST000240,Viraj Pal,1987-10-26,MALE,XXXXX8751X,XXXXXXXX6952,9868706268,8204622201,nayakaarav@example.net,"41/383
Swamy Marg",,Delhi,Delhi,332518,28.677034,77.256478,MEDIUM,50,532,9,18,HINDI,BUSINESS_OWNER,f,f,f,f,0,[],65d0ed44-6d1a-461a-8814-cfec36409756,2026-08-27 11:27:59.589445+00,2026-08-27 11:27:59.589446+00
DAILY20260906122,Divya Singh,1986-03-10,FEMALE,XXXXX1234X,XXXXXXXX5678,9328285278,,,"3, Sector 61",,Gurugram,Haryana,122001,28.415856,77.091019,MEDIUM,50,520,9,18,HINDI,SALARIED,f,f,f,f,0,[],65d5fd47-1687-4435-baff-3d892d2869ad,2026-09-06 13:30:49.530956+00,2026-09-06 13:30:49.530958+00
DAILY20260906105,Amit Malik,1986-03-10,FEMALE,XXXXX1234X,XXXXXXXX5678,9363115653,,,"151, Sector 63",,Noida,Uttar Pradesh,201301,28.550423,77.347204,MEDIUM,50,600,9,18,HINDI,SALARIED,f,f,f,f,0,[],65ed81a2-6f4f-437d-82cc-c6e38c0999c9,2026-09-06 13:30:49.420575+00,2026-09-21 05:54:36.102321+00
CUST000372,Ekbal Buch,1969-10-22,MALE,XXXXX7765X,XXXXXXXX7277,9355494114,8879535586,diptanadig@example.net,"49/647
Verma Path",,Noida,Uttar Pradesh,321099,28.404719,77.095052,MEDIUM,50,378,9,18,HARYANVI,BUSINESS_OWNER,t,f,f,f,0,[],65f3403d-3e79-40fb-bb72-59ff9d8b27e0,2026-08-27 11:27:59.589726+00,2026-08-27 11:27:59.589727+00
CUST000339,Faras Varughese,1973-03-19,MALE,XXXXX1719X,XXXXXXXX3799,9459910894,8808165309,zaitraravi@example.com,"79
Thaker Nagar",,Noida,Uttar Pradesh,269999,28.587356,77.24502,MEDIUM,50,581,9,18,ENGLISH,SELF_EMPLOYED,f,t,f,f,0,[],65f3b5ba-95e5-4d3d-8310-035453c5d856,2026-08-27 11:27:59.589658+00,2026-08-27 11:27:59.589658+00
DAILY2026092167,Pooja Gupta,1986-03-10,MALE,XXXXX1234X,XXXXXXXX5678,9523828729,,,"181, Sector 13",,Delhi,Delhi,110001,28.514846,77.214998,MEDIUM,50,600,9,18,HINDI,SALARIED,f,f,f,f,0,[],664952a1-12b0-488e-bf7b-e659e1d0b526,2026-09-21 04:52:59.754885+00,2026-09-21 05:54:36.102322+00
DAILY2026090795,Kiran Malik,1986-03-10,MALE,XXXXX1234X,XXXXXXXX5678,9642286483,,,"188, Sector 52",,Delhi,Delhi,110001,28.576947,77.039391,MEDIUM,50,600,9,18,HINDI,SALARIED,f,f,f,f,0,[],66516561-ea2d-4064-8803-320fb62a3676,2026-09-07 04:59:06.357371+00,2026-09-21 05:54:36.102324+00
CUST000261,Bahadurjit Menon,1964-05-31,MALE,XXXXX5107X,XXXXXXXX2608,9311975522,8623116712,henry15@example.org,"181
Subramanian Path",,Delhi,Delhi,474486,28.553437,77.105785,MEDIUM,50,643,9,18,ENGLISH,SELF_EMPLOYED,f,f,f,f,0,[],669d763f-4f30-48a7-b5ef-a2d336382e6a,2026-08-27 11:27:59.589486+00,2026-08-27 11:27:59.589486+00
DAILY20260918106,Sanjay Gupta,1986-03-10,MALE,XXXXX1234X,XXXXXXXX5678,9266463203,,,"129, Sector 57",,Gurugram,Haryana,122001,28.542062,77.042942,MEDIUM,50,520,9,18,HINDI,SALARIED,f,f,f,f,0,[],66ca7c76-4ffd-476c-b82d-f21453861d58,2026-09-18 06:49:34.619743+00,2026-09-21 05:54:36.10689+00
DAILY2026082800,Rohan Reddy,1986-03-10,MALE,XXXXX1234X,XXXXXXXX5678,9468789938,,,"35, Sector 23",,Gurugram,Haryana,122001,28.462071,77.045978,MEDIUM,50,520,9,18,HINDI,SALARIED,f,f,f,f,0,[],66ffba99-174b-414b-b6b2-ddb2599051d7,2026-08-28 15:48:57.026876+00,2026-08-28 15:48:57.026883+00
DAILY2026091841,Nikhil Saxena,1986-03-10,MALE,XXXXX1234X,XXXXXXXX5678,9278085001,,,"95, Sector 15",,Gurugram,Haryana,122001,28.509907,77.091725,MEDIUM,50,520,9,18,HINDI,SALARIED,f,f,f,f,0,[],6710fd5f-5722-4d6b-bf48-d028cd215862,2026-09-18 06:49:34.223839+00,2026-09-18 06:49:34.223842+00
CUST000250,Ati Rajagopal,1968-11-12,MALE,XXXXX4063X,XXXXXXXX3847,9889285590,8505013519,,"83/806, Srinivasan Path",,Noida,Uttar Pradesh,392670,28.562137,77.318573,MEDIUM,50,649,9,18,HARYANVI,BUSINESS_OWNER,f,f,f,f,0,[],671c141e-2e73-404d-a72b-220fecd28281,2026-08-27 11:27:59.589465+00,2026-08-27 11:27:59.589466+00
CUST000362,Nachiket Chhabra,1968-03-16,MALE,XXXXX8326X,XXXXXXXX4205,9320827549,8439944210,,"79/080, Prabhu Chowk",,Delhi,Delhi,419343,28.705148,77.114751,MEDIUM,50,449,9,18,URDU,BUSINESS_OWNER,f,f,f,f,0,[],6783d72d-0ff9-47ba-849d-cea95472fcdb,2026-08-27 11:27:59.589706+00,2026-08-27 11:27:59.589707+00
CUST000109,Balveer Kota,1990-07-17,MALE,XXXXX9341X,XXXXXXXX7576,9636954564,,,"89/25
Mandal Path",,Noida,Uttar Pradesh,449218,28.673108,77.403615,MEDIUM,50,373,9,18,URDU,HOMEMAKER,f,f,f,f,0,[],678f9729-f6be-4980-8f4c-96c8a45dca61,2026-08-27 11:27:59.589132+00,2026-08-27 11:27:59.589132+00
DAILY2026092187,Preeti Mehta,1986-03-10,FEMALE,XXXXX1234X,XXXXXXXX5678,9974934518,,,"112, Sector 26",,Delhi,Delhi,110001,28.569796,77.115454,MEDIUM,50,520,9,18,HINDI,SALARIED,f,f,f,f,0,[],6790c567-bf69-428c-a48a-5cf23129a1a8,2026-09-21 04:52:59.880995+00,2026-09-21 05:54:36.10816+00
DAILY2026090717,Neha Yadav,1986-03-10,MALE,XXXXX1234X,XXXXXXXX5678,9662931854,,,"45, Sector 47",,Noida,Uttar Pradesh,201301,28.624451,77.317208,MEDIUM,50,520,9,18,HINDI,SALARIED,f,f,f,f,0,[],67d1bfa3-22c7-4ab9-ad7e-ed7d0eba2c00,2026-09-07 04:59:05.819234+00,2026-09-21 05:54:36.108166+00
DAILY2026091880,Sneha Nair,1986-03-10,FEMALE,XXXXX1234X,XXXXXXXX5678,9992486591,,,"133, Sector 62",,Gurugram,Haryana,122001,28.400723,77.009636,MEDIUM,50,520,9,18,HINDI,SALARIED,f,f,f,f,0,[],67e84366-bde8-43e2-91f5-adb39e278882,2026-09-18 06:49:34.452005+00,2026-09-21 05:54:36.109614+00
DAILY2026090388,Neha Reddy,1986-03-10,FEMALE,XXXXX1234X,XXXXXXXX5678,9864941533,,,"14, Sector 59",,Delhi,Delhi,110001,28.709043,77.159059,MEDIUM,50,520,9,18,HINDI,SALARIED,f,f,f,f,0,[],67f85480-f9f8-49d1-a97b-fc507dbab80e,2026-09-02 15:33:15.92489+00,2026-09-21 05:54:36.110712+00
DAILY2026090347,Amit Gupta,1986-03-10,MALE,XXXXX1234X,XXXXXXXX5678,9891856366,,,"123, Sector 28",,Gurugram,Haryana,122001,28.497018,77.014229,MEDIUM,50,600,9,18,HINDI,SALARIED,f,f,f,f,0,[],681ef830-3431-498e-9f57-8433ee5a2628,2026-09-02 15:33:15.748893+00,2026-09-21 05:54:36.112019+00
CUST000153,Hema Pandya,1989-05-03,MALE,XXXXX9180X,XXXXXXXX3280,9780039397,,,"73/34
Misra Circle",,Delhi,Delhi,261630,28.49451,77.293161,MEDIUM,50,335,9,18,URDU,RETIRED,f,f,f,f,0,[],6826e06a-4b50-4c8e-b3d4-9584ddbeb0e5,2026-08-27 11:27:59.589245+00,2026-08-27 11:27:59.589245+00
DAILY2026092154,Neha Singh,1986-03-10,MALE,XXXXX1234X,XXXXXXXX5678,9836805928,,,"53, Sector 47",,Noida,Uttar Pradesh,201301,28.497596,77.361235,MEDIUM,50,520,9,18,HINDI,SALARIED,f,f,f,f,0,[],686d24ce-befb-4faa-8927-1256a69d9972,2026-09-21 04:52:59.683289+00,2026-09-21 05:54:36.113198+00
DAILY2026090332,Nikhil Sharma,1986-03-10,FEMALE,XXXXX1234X,XXXXXXXX5678,9652073595,,,"84, Sector 52",,Gurugram,Haryana,122001,28.435413,77.039492,MEDIUM,50,600,9,18,HINDI,SALARIED,f,f,f,f,0,[],689045ac-c812-44e3-ad84-618c7f8c9ea0,2026-09-02 15:33:15.69502+00,2026-09-21 05:54:36.114792+00
CUST000383,Devika Tara,2001-07-29,FEMALE,XXXXX6886X,XXXXXXXX8970,9191120392,8570281466,vbalay@example.org,"H.No. 461, Singhal Circle",,Delhi,Delhi,246740,28.561358,77.130021,MEDIUM,50,622,9,18,HINDI,SELF_EMPLOYED,t,f,f,f,0,[],689703aa-4ec3-4c30-9f88-8a31db74f125,2026-08-27 11:27:59.589749+00,2026-08-27 11:27:59.589749+00
CUST000097,Amara Balakrishnan,1970-07-05,MALE,XXXXX5288X,XXXXXXXX5264,9855954847,,harinakshi50@example.org,"61/20, Wali Zila",,Noida,Uttar Pradesh,399449,28.501452,77.347263,MEDIUM,50,587,9,18,URDU,SELF_EMPLOYED,f,f,f,f,0,[],68b2a5d7-cbc6-4f20-814a-ede49aefc636,2026-08-27 11:27:59.589107+00,2026-08-27 11:27:59.589108+00
DAILY2026090702,Nikhil Reddy,1986-03-10,FEMALE,XXXXX1234X,XXXXXXXX5678,9521196712,,,"170, Sector 42",,Gurugram,Haryana,122001,28.488149,77.084729,MEDIUM,50,600,9,18,HINDI,SALARIED,f,f,f,f,0,[],68be72a3-42c5-4152-9da1-e0ac32e62211,2026-09-07 04:59:05.720506+00,2026-09-07 04:59:05.720509+00
DAILY20260906139,Amit Sharma,1986-03-10,FEMALE,XXXXX1234X,XXXXXXXX5678,9978462059,,,"132, Sector 51",,Delhi,Delhi,110001,28.602143,77.339968,MEDIUM,50,600,9,18,HINDI,SALARIED,f,f,f,f,0,[],68c97d00-c1bd-49a6-8c31-fa46c288441f,2026-09-06 13:30:49.641704+00,2026-09-21 05:54:36.116213+00
DAILY20260921115,Sanjay Saxena,1986-03-10,FEMALE,XXXXX1234X,XXXXXXXX5678,9576551838,,,"32, Sector 67",,Gurugram,Haryana,122001,28.518309,77.043215,MEDIUM,50,520,9,18,HINDI,SALARIED,f,f,f,f,0,[],68f65abc-68b0-4b5a-af7c-e1e6d2c9e79c,2026-09-21 04:53:00.14683+00,2026-09-21 04:53:00.146836+00
CUST000148,Chakradev Barad,1968-11-10,MALE,XXXXX1430X,XXXXXXXX2468,9480012570,8740942859,urvi87@example.org,"H.No. 95, Ramaswamy Street",,Delhi,Delhi,440189,28.566162,77.253898,MEDIUM,50,508,9,18,URDU,SALARIED,f,f,f,f,0,[],69d0107d-ed57-4ab5-9446-51e2c64fb953,2026-08-27 11:27:59.589234+00,2026-08-27 11:27:59.589235+00
CUST000385,Triveni Chandra,1983-06-16,FEMALE,XXXXX4817X,XXXXXXXX2180,9139597095,8624946696,urvashiramachandran@example.net,"H.No. 20
Verma Circle",,Gurugram,Haryana,594109,28.488269,77.107393,MEDIUM,50,679,9,18,HARYANVI,SALARIED,f,f,f,t,0,[],6a20c865-a7eb-4f1e-b99f-89928e7ab559,2026-08-27 11:27:59.589753+00,2026-08-27 11:27:59.589753+00
CUST000326,Dev Bath,1990-04-15,FEMALE,XXXXX5445X,XXXXXXXX6901,9215847550,,parmaryadavi@example.org,"49/147
Rana Marg",,Delhi,Delhi,780956,28.55371,77.103791,MEDIUM,50,498,9,18,URDU,SELF_EMPLOYED,f,f,f,f,0,[],6a46cc14-b7ce-4a3c-aea4-979f82889741,2026-08-27 11:27:59.589629+00,2026-08-27 11:27:59.58963+00
DAILY2026090661,Kiran Singh,1986-03-10,MALE,XXXXX1234X,XXXXXXXX5678,9392869648,,,"28, Sector 37",,Gurugram,Haryana,122001,28.442167,77.065347,MEDIUM,50,600,9,18,HINDI,SALARIED,f,f,f,f,0,[],6a568f6b-3168-48e5-b5da-91377cd7c980,2026-09-06 13:30:49.154871+00,2026-09-06 13:30:49.154876+00
BANK0001,Suresh Babu Reddy,1985-06-20,MALE,XXXXX5000X,XXXXXXXX6000,9811200003,,,"House 12, Sector 56",,Gurugram,Haryana,122011,28.635,77.218,MEDIUM,50,540,9,18,HINDI,SALARIED,f,f,f,f,0,[],6b8d88f3-baf7-420d-89b2-ca5c882020d0,2026-08-27 11:28:09.797249+00,2026-08-27 11:28:09.797252+00
DAILY2026090604,Nikhil Mehta,1986-03-10,FEMALE,XXXXX1234X,XXXXXXXX5678,9787229538,,,"115, Sector 49",,Gurugram,Haryana,122001,28.513307,77.075257,MEDIUM,50,600,9,18,HINDI,SALARIED,f,f,f,f,0,[],6baf2c9f-b515-49ec-a67f-11d5c13b8cae,2026-09-06 13:30:48.672371+00,2026-09-06 13:30:48.672374+00
DAILY2026090751,Anjali Bhatt,1986-03-10,FEMALE,XXXXX1234X,XXXXXXXX5678,9776636418,,,"125, Sector 18",,Gurugram,Haryana,122001,28.394173,77.073113,MEDIUM,50,520,9,18,HINDI,SALARIED,f,f,f,f,0,[],6baf7bdd-46d0-42ab-a8fe-b24c8b65ad2c,2026-09-07 04:59:06.087756+00,2026-09-21 05:54:36.118194+00
DAILY2026090605,Deepak Singh,1986-03-10,FEMALE,XXXXX1234X,XXXXXXXX5678,9224436496,,,"195, Sector 68",,Delhi,Delhi,110001,28.602167,77.324024,MEDIUM,50,520,9,18,HINDI,SALARIED,f,f,f,f,0,[],6bf57759-ee44-41ed-9421-2c9e2d069843,2026-09-06 13:30:48.679287+00,2026-09-21 05:54:36.119459+00
DAILY20260921152,Preeti Singh,1986-03-10,MALE,XXXXX1234X,XXXXXXXX5678,9272124571,,,"158, Sector 11",,Delhi,Delhi,110001,28.568805,77.21536,MEDIUM,50,520,9,18,HINDI,SALARIED,f,f,f,f,0,[],6c015baa-bd52-4358-90de-2b796fe04632,2026-09-21 04:53:00.498362+00,2026-09-21 05:54:36.119465+00
DAILY2026092120,Sanjay Bhatt,1986-03-10,MALE,XXXXX1234X,XXXXXXXX5678,9527664294,,,"35, Sector 27",,Gurugram,Haryana,122001,28.506848,77.06244,MEDIUM,50,520,9,18,HINDI,SALARIED,f,f,f,f,0,[],6c059200-4718-468e-8301-ee8e6d0932d6,2026-09-21 04:52:59.492963+00,2026-09-21 04:52:59.492968+00
DAILY2026090318,Deepak Reddy,1986-03-10,MALE,XXXXX1234X,XXXXXXXX5678,9380162083,,,"55, Sector 19",,Gurugram,Haryana,122001,28.475435,77.071427,MEDIUM,50,520,9,18,HINDI,SALARIED,f,f,f,f,0,[],6c30edfc-ef0e-44ff-83fb-4ca44a8a3240,2026-09-02 15:33:15.635456+00,2026-09-02 15:33:15.635456+00
CUST000180,Yochana Tank,1981-05-12,MALE,XXXXX3684X,XXXXXXXX9133,9472271797,8940725996,nnagarajan@example.com,"09
Dhingra Ganj",,Delhi,Delhi,371840,28.627452,77.143144,MEDIUM,50,659,9,18,ENGLISH,BUSINESS_OWNER,f,f,f,f,0,[],6c57f4a2-ff3a-49d7-b773-e649e7f6e00a,2026-08-27 11:27:59.589298+00,2026-08-27 11:27:59.589299+00
CUST000301,Pratyush Raghavan,1993-04-05,FEMALE,XXXXX5454X,XXXXXXXX5664,9796275440,8968451673,,"27/716, Batra Chowk",,Gurugram,Haryana,297132,28.515152,77.150372,MEDIUM,50,655,9,18,HINDI,SELF_EMPLOYED,f,f,f,f,0,[],6c83b4ab-db73-4b6d-93ba-0f3eece78751,2026-08-27 11:27:59.589577+00,2026-08-27 11:27:59.589577+00
DAILY2026090758,Deepak Nair,1986-03-10,MALE,XXXXX1234X,XXXXXXXX5678,9259256977,,,"178, Sector 1",,Gurugram,Haryana,122001,28.468,77.086327,MEDIUM,50,520,9,18,HINDI,SALARIED,f,f,f,f,0,[],6cb68f08-4fd1-4b2b-95e0-80ccf1fef144,2026-09-07 04:59:06.129937+00,2026-09-21 05:54:36.12193+00
DAILY20260907171,Nikhil Malik,1986-03-10,MALE,XXXXX1234X,XXXXXXXX5678,9117053508,,,"163, Sector 69",,Noida,Uttar Pradesh,201310,28.491927,77.510001,MEDIUM,50,520,9,18,HINDI,SALARIED,f,f,f,f,0,[],6ce52fb2-43e5-413e-93b4-50bcb58ea7bd,2026-09-07 04:59:06.793789+00,2026-09-21 05:54:36.123695+00
DAILY20260907165,Anjali Mehta,1986-03-10,FEMALE,XXXXX1234X,XXXXXXXX5678,9917551647,,,"151, Sector 12",,Gurugram,Haryana,122001,28.42307,77.099687,MEDIUM,50,600,9,18,HINDI,SALARIED,f,f,f,f,0,[],6d22b4ed-6415-4438-9e7a-99c9d071597f,2026-09-07 04:59:06.758436+00,2026-09-07 04:59:06.758439+00
DAILY2026090774,Deepak Bhatt,1986-03-10,FEMALE,XXXXX1234X,XXXXXXXX5678,9366270508,,,"190, Sector 66",,Gurugram,Haryana,122001,28.426145,77.092421,MEDIUM,50,520,9,18,HINDI,SALARIED,f,f,f,f,0,[],6d6eae71-b399-4172-bb0d-6abff46e2622,2026-09-07 04:59:06.232761+00,2026-09-07 04:59:06.232763+00
CUST000274,Gaurav Guha,1980-06-09,MALE,XXXXX2526X,XXXXXXXX8901,9808017427,,wsundaram@example.net,"H.No. 821
Toor Road",,Delhi,Delhi,101258,28.546378,77.114761,MEDIUM,50,557,9,18,URDU,HOMEMAKER,f,f,f,f,0,[],6d7f5b9d-9880-4b50-9071-8f58c57f45a9,2026-08-27 11:27:59.589522+00,2026-08-27 11:27:59.589522+00
DAILY20260921128,Preeti Verma,1986-03-10,FEMALE,XXXXX1234X,XXXXXXXX5678,9467123235,,,"8, Sector 63",,Noida,Uttar Pradesh,201301,28.615283,77.393785,MEDIUM,50,520,9,18,HINDI,SALARIED,f,f,f,f,0,[],6da624cb-7056-4322-91b5-e225e5eb0d7c,2026-09-21 04:53:00.236712+00,2026-09-21 05:54:36.123702+00
DAILY2026092115,Amit Bhatt,1986-03-10,FEMALE,XXXXX1234X,XXXXXXXX5678,9522862913,,,"123, Sector 52",,Gurugram,Haryana,122001,28.431995,77.120569,MEDIUM,50,520,9,18,HINDI,SALARIED,f,f,f,f,0,[],6dac0f40-c215-4a60-be80-7b19d9c4a8e3,2026-09-21 04:52:59.461952+00,2026-09-21 05:54:36.125868+00
DAILY20260921136,Nikhil Chauhan,1986-03-10,MALE,XXXXX1234X,XXXXXXXX5678,9772717818,,,"43, Sector 64",,Gurugram,Haryana,122001,28.509673,77.051788,MEDIUM,50,600,9,18,HINDI,SALARIED,f,f,f,f,0,[],6dc52e6d-6ad7-42ab-a894-575dd3b2646d,2026-09-21 04:53:00.323768+00,2026-09-21 04:53:00.323771+00
DEMO0013,Fatima Begum Ansari,1985-06-15,FEMALE,XXXXX1234X,XXXXXXXX5678,9876541013,,,"25-B, Sheetla Mata Road, Sector 47",,Gurugram,Haryana,122018,28.4495,77.058,MEDIUM,50,520,9,18,HINDI,SALARIED,f,t,f,f,0,[],6dd7267f-29a7-42d5-8281-5fb34cdec5fc,2026-08-27 11:28:09.600887+00,2026-08-27 11:28:09.600889+00
CUST000328,Jatin Barman,1963-11-04,MALE,XXXXX9212X,XXXXXXXX5519,9971763327,,,"81/43
Kakar Path",,Noida,Uttar Pradesh,505977,28.595445,77.434094,MEDIUM,50,454,9,18,HINDI,HOMEMAKER,f,f,f,f,0,[],6e41bc48-426c-4fe9-9719-ded346a3f1b8,2026-08-27 11:27:59.589634+00,2026-08-27 11:27:59.589634+00
CUST000332,Aayush Munshi,1973-01-02,FEMALE,XXXXX4783X,XXXXXXXX4804,9347940275,8485753927,,"64/525, Shere Chowk",,Gurugram,Haryana,599753,28.520179,77.150487,MEDIUM,50,610,9,18,ENGLISH,HOMEMAKER,f,f,f,f,0,[],6eae988a-e6ef-45c7-b9c0-92b44ad3ddeb,2026-08-27 11:27:59.589643+00,2026-08-27 11:27:59.589644+00
CUST000221,Chanakya Batra,1967-06-09,MALE,XXXXX4643X,XXXXXXXX9759,9785383997,8821413281,,"H.No. 127
Acharya Chowk",,Delhi,Delhi,414777,28.591487,77.15956,MEDIUM,50,397,9,18,ENGLISH,HOMEMAKER,f,f,f,f,0,[],6ebc511e-6b0c-4ef6-a7f6-dcfb54a056f8,2026-08-27 11:27:59.589387+00,2026-08-27 11:27:59.589388+00
DAILY2026092172,Divya Chauhan,1986-03-10,FEMALE,XXXXX1234X,XXXXXXXX5678,9448828807,,,"32, Sector 68",,Gurugram,Haryana,122001,28.513464,77.072138,MEDIUM,50,520,9,18,HINDI,SALARIED,f,f,f,f,0,[],6ec90334-1a24-4aa4-ac97-3f57d99f86d2,2026-09-21 04:52:59.786189+00,2026-09-21 04:52:59.786193+00
DAILY2026090631,Manish Yadav,1986-03-10,MALE,XXXXX1234X,XXXXXXXX5678,9918158756,,,"180, Sector 63",,Gurugram,Haryana,122001,28.519027,77.093242,MEDIUM,50,520,9,18,HINDI,SALARIED,f,f,f,f,0,[],6ed797c6-1d93-4ddd-8fb6-f1171df05a08,2026-09-06 13:30:48.854225+00,2026-09-06 13:30:48.854228+00
CUST000157,Odika Narayanan,1990-11-29,MALE,XXXXX8801X,XXXXXXXX2599,9570477095,8585811477,,"20/826, Sood Chowk",,Noida,Uttar Pradesh,414849,28.670338,77.398725,MEDIUM,50,547,9,18,HINDI,SALARIED,t,f,f,f,0,[],6ee09325-b476-4ff7-acfd-dd6aff05eca9,2026-08-27 11:27:59.589253+00,2026-08-27 11:27:59.589253+00
DAILY20260918136,Pooja Verma,1986-03-10,FEMALE,XXXXX1234X,XXXXXXXX5678,9251490217,,,"57, Sector 12",,Delhi,Delhi,110001,28.579543,77.224708,MEDIUM,50,520,9,18,HINDI,SALARIED,f,f,f,f,0,[],6ee9c8a0-c6e3-4dbd-aeeb-22bb6bb5eff7,2026-09-18 06:49:34.795866+00,2026-09-21 05:54:36.127064+00
DAILY20260906141,Rohan Sharma,1986-03-10,MALE,XXXXX1234X,XXXXXXXX5678,9143086618,,,"128, Sector 21",,Gurugram,Haryana,122001,28.409363,77.069359,MEDIUM,50,520,9,18,HINDI,SALARIED,f,f,f,f,0,[],6efda73d-454c-4c10-a0cc-90a19219bf6b,2026-09-06 13:30:49.654277+00,2026-09-06 13:30:49.654279+00
CUST000082,Jyoti Lala,1985-11-12,FEMALE,XXXXX9626X,XXXXXXXX1618,9810741110,,hritik37@example.org,"31/74
Dada Marg",,Delhi,Delhi,237414,28.646454,77.074759,MEDIUM,50,576,9,18,HARYANVI,RETIRED,f,f,f,f,0,[],6f558a8c-9022-4773-97c5-7aa58e839ce0,2026-08-27 11:27:59.589074+00,2026-08-27 11:27:59.589075+00
DAILY20260906166,Sneha Bhatt,1986-03-10,FEMALE,XXXXX1234X,XXXXXXXX5678,9576429820,,,"177, Sector 56",,Gurugram,Haryana,122001,28.468454,77.084964,MEDIUM,50,520,9,18,HINDI,SALARIED,f,f,f,f,0,[],6f6d3984-9022-404e-93d8-71002e08114a,2026-09-06 13:30:49.816202+00,2026-09-21 05:54:36.128166+00
DAILY20260907189,Manish Chauhan,1986-03-10,MALE,XXXXX1234X,XXXXXXXX5678,9868050769,,,"135, Sector 23",,Delhi,Delhi,110001,28.610514,77.226443,MEDIUM,50,600,9,18,HINDI,SALARIED,f,f,f,f,0,[],6f7d7a51-0047-435e-b9ec-9f9859eaf8d7,2026-09-07 04:59:06.906935+00,2026-09-21 05:54:36.129129+00
DAILY20260907123,Nikhil Singh,1986-03-10,FEMALE,XXXXX1234X,XXXXXXXX5678,9741958422,,,"54, Sector 40",,Noida,Uttar Pradesh,201301,28.528193,77.284225,MEDIUM,50,520,9,18,HINDI,SALARIED,f,f,f,f,0,[],6fdd461e-f6d9-4e16-8855-5eb4bd4ff7c3,2026-09-07 04:59:06.526665+00,2026-09-21 05:54:36.129133+00
DAILY2026090704,Deepak Chauhan,1986-03-10,MALE,XXXXX1234X,XXXXXXXX5678,9672507619,,,"26, Sector 66",,Noida,Uttar Pradesh,201301,28.513811,77.32465,MEDIUM,50,520,9,18,HINDI,SALARIED,f,f,f,f,0,[],70f49d03-f704-4d18-a260-6ae27fe8a54f,2026-09-07 04:59:05.737789+00,2026-09-21 05:54:36.129135+00
CUST000132,Adweta Lad,1990-05-29,MALE,XXXXX6642X,XXXXXXXX7244,9943751263,8847655456,,"47/31, Borah Street",,Delhi,Delhi,256466,28.641142,77.1345,MEDIUM,50,553,9,18,PUNJABI,RETIRED,f,f,f,f,0,[],7125e192-ddfa-4bca-9c98-05aa6027715d,2026-08-27 11:27:59.589178+00,2026-08-27 11:27:59.589179+00
DAILY2026091866,Manish Verma,1986-03-10,MALE,XXXXX1234X,XXXXXXXX5678,9310983881,,,"120, Sector 39",,Gurugram,Haryana,122001,28.430858,77.078291,MEDIUM,50,600,9,18,HINDI,SALARIED,f,f,f,f,0,[],71333fa0-2d3f-457f-8a33-c9d654cc8f41,2026-09-18 06:49:34.367972+00,2026-09-18 06:49:34.367975+00
DAILY2026090735,Deepak Gupta,1986-03-10,FEMALE,XXXXX1234X,XXXXXXXX5678,9294978838,,,"74, Sector 15",,Gurugram,Haryana,122001,28.452329,77.134332,MEDIUM,50,520,9,18,HINDI,SALARIED,f,f,f,f,0,[],7225cfc0-d0d9-45a2-82aa-e496ff980162,2026-09-07 04:59:05.913586+00,2026-09-21 05:54:36.130837+00
DAILY2026090650,Rahul Chauhan,1986-03-10,FEMALE,XXXXX1234X,XXXXXXXX5678,9971225095,,,"110, Sector 63",,Gurugram,Haryana,122001,28.428485,77.046542,MEDIUM,50,600,9,18,HINDI,SALARIED,f,f,f,f,0,[],7241fe72-d53a-4dba-8b1d-b265768edb64,2026-09-06 13:30:49.074245+00,2026-09-06 13:30:49.07425+00
CUST000058,Siddharth Lalla,1988-09-30,FEMALE,XXXXX2622X,XXXXXXXX9017,9761051532,,wriddhishghose@example.net,"067, Singhal",,Gurugram,Haryana,134305,28.512988,76.963422,MEDIUM,50,512,9,18,PUNJABI,SELF_EMPLOYED,f,f,f,f,0,[],725c380a-b1ce-45f8-9b0f-5fea83c6dea6,2026-08-27 11:27:59.589024+00,2026-08-27 11:27:59.589024+00
CUST000002,Tejas Kaul,1982-11-09,MALE,XXXXX2604X,XXXXXXXX1828,9800235246,8997677788,,"38/63, Mall Chowk",,Gurugram,Haryana,197793,28.457017,76.957311,MEDIUM,50,338,9,18,ENGLISH,SELF_EMPLOYED,f,f,f,f,0,[],72d9fc11-2301-420f-9030-05a8d067ae68,2026-08-27 11:27:59.588884+00,2026-08-27 11:27:59.588884+00
CUST000346,Balvan Wali,1982-10-12,MALE,XXXXX2932X,XXXXXXXX4396,9958525681,8545207819,,"H.No. 729, Agarwal Circle",,Delhi,Delhi,450006,28.650098,77.071693,MEDIUM,50,312,9,18,PUNJABI,HOMEMAKER,f,f,f,f,0,[],72f1bae1-8cdb-46c4-85bc-1ad9bcca79dc,2026-08-27 11:27:59.589672+00,2026-08-27 11:27:59.589673+00
DAILY2026090300,Rohan Chauhan,1986-03-10,MALE,XXXXX1234X,XXXXXXXX5678,9337951127,,,"101, Sector 30",,Gurugram,Haryana,122001,28.475528,77.109663,MEDIUM,50,600,9,18,HINDI,SALARIED,f,f,f,f,0,[],72f2d11d-5338-4280-ade8-610d417fd9a5,2026-09-02 15:33:15.568998+00,2026-09-21 05:54:36.130842+00
DAILY20260903121,Anjali Nair,1986-03-10,MALE,XXXXX1234X,XXXXXXXX5678,9640703358,,,"109, Sector 67",,Gurugram,Haryana,122001,28.415445,77.042835,MEDIUM,50,520,9,18,HINDI,SALARIED,f,f,f,f,0,[],73155c4a-90b3-4417-9ebb-1588e1c1b0f6,2026-09-02 15:33:16.055238+00,2026-09-02 15:33:16.055238+00
DAILY20260918132,Deepak Reddy,1986-03-10,FEMALE,XXXXX1234X,XXXXXXXX5678,9118577105,,,"114, Sector 39",,Gurugram,Haryana,122001,28.433048,77.106277,MEDIUM,50,520,9,18,HINDI,SALARIED,f,f,f,f,0,[],745de031-6fc0-42a6-b62c-51d2cf62545c,2026-09-18 06:49:34.773019+00,2026-09-21 05:54:36.130844+00
DAILY2026090662,Preeti Singh,1986-03-10,MALE,XXXXX1234X,XXXXXXXX5678,9186930737,,,"7, Sector 45",,Delhi,Delhi,110001,28.662269,77.128078,MEDIUM,50,520,9,18,HINDI,SALARIED,f,f,f,f,0,[],7463cf7b-4bf8-4ce3-952e-a71c229cff19,2026-09-06 13:30:49.162051+00,2026-09-21 05:54:36.133199+00
DAILY20260903109,Sanjay Gupta,1986-03-10,FEMALE,XXXXX1234X,XXXXXXXX5678,9350363790,,,"32, Sector 51",,Gurugram,Haryana,122001,28.447505,77.079816,MEDIUM,50,520,9,18,HINDI,SALARIED,f,f,f,f,0,[],74885f1e-fce8-4514-a181-3f20e5fe5687,2026-09-02 15:33:15.999063+00,2026-09-02 15:33:15.999063+00
DAILY20260921159,Preeti Reddy,1986-03-10,MALE,XXXXX1234X,XXXXXXXX5678,9456765336,,,"161, Sector 48",,Delhi,Delhi,110001,28.576189,77.309902,MEDIUM,50,520,9,18,HINDI,SALARIED,f,f,f,f,0,[],74fb1726-4108-4c55-931c-cbb7ab94e8d5,2026-09-21 04:53:00.543544+00,2026-09-21 05:54:36.133206+00
DAILY20260906115,Neha Bhatt,1986-03-10,FEMALE,XXXXX1234X,XXXXXXXX5678,9492637659,,,"193, Sector 37",,Gurugram,Haryana,122001,28.490893,77.084685,MEDIUM,50,600,9,18,HINDI,SALARIED,f,f,f,f,0,[],75243ddb-fe80-446a-bdd3-83562e81e3e8,2026-09-06 13:30:49.484309+00,2026-09-06 13:30:49.484312+00
DAILY20260907176,Anjali Saxena,1986-03-10,MALE,XXXXX1234X,XXXXXXXX5678,9482542952,,,"190, Sector 60",,Gurugram,Haryana,122001,28.504956,77.083949,MEDIUM,50,520,9,18,HINDI,SALARIED,f,f,f,f,0,[],75486798-05c1-4eed-b3d3-49811f8062df,2026-09-07 04:59:06.824426+00,2026-09-07 04:59:06.824429+00
DAILY20260921114,Vijay Chauhan,1986-03-10,FEMALE,XXXXX1234X,XXXXXXXX5678,9234799605,,,"27, Sector 2",,Gurugram,Haryana,122001,28.429531,77.05657,MEDIUM,50,600,9,18,HINDI,SALARIED,f,f,f,f,0,[],7574bb48-06da-4fae-b8aa-e0cca859119c,2026-09-21 04:53:00.140517+00,2026-09-21 04:53:00.140522+00
CUST000366,Panini Kade,1979-07-31,FEMALE,XXXXX8373X,XXXXXXXX7303,9481508232,,,"H.No. 64
Gole Chowk",,Delhi,Delhi,107790,28.525831,77.209797,MEDIUM,50,517,9,18,HARYANVI,RETIRED,f,f,f,f,0,[],7575b4d8-dd48-4910-ba65-ba4fc633dab1,2026-08-27 11:27:59.589714+00,2026-08-27 11:27:59.589715+00
DAILY2026091869,Rohan Nair,1986-03-10,FEMALE,XXXXX1234X,XXXXXXXX5678,9682816373,,,"172, Sector 31",,Gurugram,Haryana,122001,28.46867,77.062148,MEDIUM,50,520,9,18,HINDI,SALARIED,f,f,f,f,0,[],75d1fe0c-6c4e-4522-b998-caa37ba4c54f,2026-09-18 06:49:34.384988+00,2026-09-21 05:54:36.13548+00
DAILY2026092110,Preeti Sharma,1986-03-10,MALE,XXXXX1234X,XXXXXXXX5678,9330269034,,,"32, Sector 70",,Delhi,Delhi,110001,28.642849,77.023666,MEDIUM,50,600,9,18,HINDI,SALARIED,f,f,f,f,0,[],75f2e26f-91fa-4316-ae69-a02c30bbd596,2026-09-21 04:52:59.424077+00,2026-09-21 05:54:36.137171+00
CUST000046,Xavier Chaudry,1990-02-23,MALE,XXXXX6213X,XXXXXXXX8749,9857232668,8509343829,,"91/905
Sangha Circle",,Gurugram,Haryana,795928,28.43294,77.029811,MEDIUM,50,510,9,18,ENGLISH,RETIRED,f,f,f,f,0,[],760964f0-f607-4d9a-a99d-6cc3482bcf2f,2026-08-27 11:27:59.589001+00,2026-08-27 11:27:59.589001+00
DAILY2026092157,Neha Saxena,1986-03-10,MALE,XXXXX1234X,XXXXXXXX5678,9801646899,,,"103, Sector 25",,Delhi,Delhi,110001,28.485263,77.200765,MEDIUM,50,520,9,18,HINDI,SALARIED,f,f,f,f,0,[],7623d22d-3e67-4622-80b7-6039c6f94297,2026-09-21 04:52:59.700626+00,2026-09-21 05:54:36.137176+00
DAILY2026091837,Sanjay Saxena,1986-03-10,FEMALE,XXXXX1234X,XXXXXXXX5678,9512539715,,,"52, Sector 55",,Noida,Uttar Pradesh,201310,28.449767,77.55508,MEDIUM,50,520,9,18,HINDI,SALARIED,f,f,f,f,0,[],7625a171-18d0-47eb-9ad9-21a95f639c2e,2026-09-18 06:49:34.203106+00,2026-09-21 05:54:36.13718+00
DAILY2026090303,Pooja Sharma,1986-03-10,MALE,XXXXX1234X,XXXXXXXX5678,9577409389,,,"128, Sector 6",,Noida,Uttar Pradesh,201301,28.623095,77.304228,MEDIUM,50,600,9,18,HINDI,SALARIED,f,f,f,f,0,[],7644f9fc-b53d-4411-befc-4ba2e62dea63,2026-09-02 15:33:15.586011+00,2026-09-21 05:54:36.137182+00
DAILY20260918140,Vijay Saxena,1986-03-10,FEMALE,XXXXX1234X,XXXXXXXX5678,9189580872,,,"132, Sector 63",,Delhi,Delhi,110001,28.718686,77.168921,MEDIUM,50,600,9,18,HINDI,SALARIED,f,f,f,f,0,[],7659a717-7a37-48e0-8934-7d917d0702bb,2026-09-18 06:49:34.817214+00,2026-09-21 05:54:36.137183+00
DAILY2026092178,Manish Singh,1986-03-10,MALE,XXXXX1234X,XXXXXXXX5678,9860968404,,,"178, Sector 48",,Noida,Uttar Pradesh,201301,28.605864,77.390904,MEDIUM,50,600,9,18,HINDI,SALARIED,f,f,f,f,0,[],765a109c-3bee-41a1-b424-4192d7da9e4d,2026-09-21 04:52:59.821892+00,2026-09-21 05:54:36.137184+00
CUST000040,David Jhaveri,1995-04-21,MALE,XXXXX6700X,XXXXXXXX7690,9457887167,,,"09/67
Pandey Nagar",,Delhi,Delhi,268637,28.584131,77.167014,MEDIUM,50,346,9,18,PUNJABI,RETIRED,f,f,f,f,0,[],76811064-c74b-48f3-b242-82327284536a,2026-08-27 11:27:59.58899+00,2026-08-27 11:27:59.58899+00
DAILY20260921184,Rahul Chauhan,1986-03-10,FEMALE,XXXXX1234X,XXXXXXXX5678,9904819213,,,"94, Sector 52",,Gurugram,Haryana,122001,28.473066,77.092771,MEDIUM,50,600,9,18,HINDI,SALARIED,f,f,f,f,0,[],76c9da2f-d7b3-4409-ae0d-bde511ae657a,2026-09-21 04:53:00.709954+00,2026-09-21 04:53:00.709959+00
DAILY2026090777,Rahul Reddy,1986-03-10,FEMALE,XXXXX1234X,XXXXXXXX5678,9997133806,,,"103, Sector 33",,Gurugram,Haryana,122001,28.419959,77.031491,MEDIUM,50,600,9,18,HINDI,SALARIED,f,f,f,f,0,[],76f92902-c766-4d51-ae38-abbc3303d01f,2026-09-07 04:59:06.249405+00,2026-09-07 04:59:06.249407+00
DAILY2026092168,Sanjay Verma,1986-03-10,FEMALE,XXXXX1234X,XXXXXXXX5678,9407020524,,,"199, Sector 46",,Delhi,Delhi,110001,28.640385,77.059633,MEDIUM,50,520,9,18,HINDI,SALARIED,f,f,f,f,0,[],7715fab1-768d-468e-8470-227ee33a99dc,2026-09-21 04:52:59.759404+00,2026-09-21 05:54:36.137185+00
CUST000009,Devansh Rajan,1978-02-25,MALE,XXXXX1158X,XXXXXXXX2832,9180792472,8841976666,qwadhwa@example.net,"18/451, Saran Road",,Gurugram,Haryana,672092,28.502935,77.005477,MEDIUM,50,661,9,18,HINDI,BUSINESS_OWNER,f,f,f,f,0,[],776957ca-92f9-4f07-a094-49eed3a767a8,2026-08-27 11:27:59.588898+00,2026-08-27 11:27:59.588899+00
DAILY20260903162,Kiran Singh,1986-03-10,MALE,XXXXX1234X,XXXXXXXX5678,9464057043,,,"147, Sector 55",,Delhi,Delhi,110001,28.599357,77.050621,MEDIUM,50,520,9,18,HINDI,SALARIED,f,f,f,f,0,[],776d4082-b03e-4a49-bb3d-a5a40dd82506,2026-09-02 15:33:16.200157+00,2026-09-21 05:54:36.137186+00
DAILY2026092104,Anjali Malik,1986-03-10,MALE,XXXXX1234X,XXXXXXXX5678,9876919486,,,"33, Sector 19",,Gurugram,Haryana,122001,28.514528,77.094541,MEDIUM,50,520,9,18,HINDI,SALARIED,f,f,f,f,0,[],777200e5-b036-452f-9d13-88e115e8f007,2026-09-21 04:52:59.375728+00,2026-09-21 04:52:59.375734+00
DAILY20260921196,Neha Malik,1986-03-10,FEMALE,XXXXX1234X,XXXXXXXX5678,9919525974,,,"111, Sector 67",,Gurugram,Haryana,122001,28.453692,77.081765,MEDIUM,50,600,9,18,HINDI,SALARIED,f,f,f,f,0,[],77a0aab8-b1f8-4301-8cfc-93aeb8b09eb2,2026-09-21 04:53:00.781051+00,2026-09-21 04:53:00.781053+00
CUST000100,Chakradev Kannan,1978-09-03,MALE,XXXXX6194X,XXXXXXXX2215,9583156434,8655511084,,"H.No. 343, Kumer Street",,Gurugram,Haryana,678083,28.427812,77.079136,MEDIUM,50,337,9,18,HARYANVI,SELF_EMPLOYED,f,f,f,f,0,[],77b5829a-af76-4e86-bcaa-4b8bf1b6f8f9,2026-08-27 11:27:59.589113+00,2026-08-27 11:27:59.589114+00
CUST000293,Chanakya Bava,1988-10-22,FEMALE,XXXXX9821X,XXXXXXXX3859,9937850514,,,"H.No. 167, Dasgupta Marg",,Gurugram,Haryana,635239,28.490781,77.097012,MEDIUM,50,594,9,18,URDU,RETIRED,f,f,f,f,0,[],783b963e-c174-4a0b-b9bf-b5b43a6000bd,2026-08-27 11:27:59.58956+00,2026-08-27 11:27:59.589561+00
DAILY20260921198,Anjali Gupta,1986-03-10,FEMALE,XXXXX1234X,XXXXXXXX5678,9982357417,,,"48, Sector 47",,Noida,Uttar Pradesh,201301,28.592615,77.330354,MEDIUM,50,520,9,18,HINDI,SALARIED,f,f,f,f,0,[],78e7dd99-3bc1-4481-997a-2a4f46d1ab58,2026-09-21 04:53:00.792789+00,2026-09-21 05:54:36.137188+00
DAILY20260903140,Pooja Sharma,1986-03-10,MALE,XXXXX1234X,XXXXXXXX5678,9643182641,,,"17, Sector 19",,Gurugram,Haryana,122001,28.504472,77.07381,MEDIUM,50,520,9,18,HINDI,SALARIED,f,f,f,f,0,[],7a06896b-a93b-47b1-87ae-3eb1ea25513a,2026-09-02 15:33:16.121433+00,2026-09-02 15:33:16.121433+00
DAILY20260903189,Vijay Mehta,1986-03-10,FEMALE,XXXXX1234X,XXXXXXXX5678,9701404709,,,"144, Sector 30",,Gurugram,Haryana,122001,28.474345,77.129344,MEDIUM,50,520,9,18,HINDI,SALARIED,f,f,f,f,0,[],7a2eaf31-53fa-476d-931c-da54075e9c8f,2026-09-02 15:33:16.297842+00,2026-09-21 05:54:36.145157+00
DAILY2026090711,Divya Gupta,1986-03-10,FEMALE,XXXXX1234X,XXXXXXXX5678,9811053629,,,"56, Sector 44",,Gurugram,Haryana,122001,28.425857,77.049642,MEDIUM,50,600,9,18,HINDI,SALARIED,f,f,f,f,0,[],7aa6d5a0-82c2-4c1f-9139-8bb220544a93,2026-09-07 04:59:05.783943+00,2026-09-21 05:54:36.145164+00
DAILY20260918179,Vijay Mehta,1986-03-10,MALE,XXXXX1234X,XXXXXXXX5678,9636118767,,,"37, Sector 55",,Gurugram,Haryana,122001,28.501886,77.061206,MEDIUM,50,600,9,18,HINDI,SALARIED,f,f,f,f,0,[],7ae3a46c-7392-4d97-bb58-c89fb6f6b392,2026-09-18 06:49:35.02393+00,2026-09-18 06:49:35.023933+00
DAILY2026091836,Pooja Malik,1986-03-10,MALE,XXXXX1234X,XXXXXXXX5678,9939550649,,,"123, Sector 51",,Gurugram,Haryana,122001,28.495667,77.040791,MEDIUM,50,520,9,18,HINDI,SALARIED,f,f,f,f,0,[],7aebbdd9-83ec-4d66-8381-6bd1bed4ae74,2026-09-18 06:49:34.198152+00,2026-09-21 05:54:36.145165+00
CUST000043,Siddharth Sha,1976-01-27,MALE,XXXXX4681X,XXXXXXXX2858,9595475899,8795472980,wmall@example.com,"H.No. 708
Palla Nagar",,Delhi,Delhi,622584,28.659649,77.173116,MEDIUM,50,508,9,18,PUNJABI,HOMEMAKER,f,f,f,f,0,[],7b15825d-da60-4c1c-83c0-b319ba915f29,2026-08-27 11:27:59.588995+00,2026-08-27 11:27:59.588996+00
DAILY2026083101,Preeti Reddy,1986-03-10,FEMALE,XXXXX1234X,XXXXXXXX5678,9414963279,,,"40, Sector 29",,Gurugram,Haryana,122001,28.427406,77.063133,MEDIUM,50,600,9,18,HINDI,SALARIED,f,f,f,f,0,[],7c29ea4c-37d7-42fd-9a3f-5e9a0e779672,2026-08-31 04:40:22.224785+00,2026-08-31 04:40:22.224793+00
CUST000063,Upma Pall,1979-03-03,MALE,XXXXX8267X,XXXXXXXX2204,9186748119,,,"12/567
Rattan Road",,Noida,Uttar Pradesh,232321,28.611731,77.386558,MEDIUM,50,355,9,18,PUNJABI,HOMEMAKER,f,f,f,f,0,[],7c31ed7e-04d9-47ed-844e-ee7baab15f68,2026-08-27 11:27:59.589034+00,2026-08-27 11:27:59.589034+00
DAILY20260907143,Deepak Bhatt,1986-03-10,MALE,XXXXX1234X,XXXXXXXX5678,9846360144,,,"51, Sector 46",,Gurugram,Haryana,122001,28.473818,77.071908,MEDIUM,50,600,9,18,HINDI,SALARIED,f,f,f,f,0,[],7c3eb62d-3d5b-4e30-bed1-6c4b705ca15b,2026-09-07 04:59:06.621353+00,2026-09-07 04:59:06.621355+00
DAILY2026090389,Deepak Singh,1986-03-10,MALE,XXXXX1234X,XXXXXXXX5678,9290209469,,,"114, Sector 32",,Gurugram,Haryana,122001,28.5008,77.035274,MEDIUM,50,520,9,18,HINDI,SALARIED,f,f,f,f,0,[],7c7a8e1f-b8b2-402e-9f03-e8aecc0ef05d,2026-09-02 15:33:15.928897+00,2026-09-02 15:33:15.928897+00
CUST000234,Kamya Date,1992-02-22,MALE,XXXXX7566X,XXXXXXXX7557,9590204687,,,"10/564
Bhatt Circle",,Noida,Uttar Pradesh,601476,28.64308,77.305125,MEDIUM,50,393,9,18,URDU,SELF_EMPLOYED,f,f,f,f,0,[],7c887a50-010b-4a74-a65c-d61dd2063927,2026-08-27 11:27:59.589434+00,2026-08-27 11:27:59.589434+00
DAILY2026090610,Rahul Mehta,1986-03-10,MALE,XXXXX1234X,XXXXXXXX5678,9254123070,,,"199, Sector 67",,Gurugram,Haryana,122001,28.44017,77.090222,MEDIUM,50,520,9,18,HINDI,SALARIED,f,f,f,f,0,[],7c89a054-3b52-4453-9579-8b45b2191cfd,2026-09-06 13:30:48.710453+00,2026-09-06 13:30:48.710455+00
DAILY2026090373,Amit Saxena,1986-03-10,MALE,XXXXX1234X,XXXXXXXX5678,9311766421,,,"33, Sector 51",,Gurugram,Haryana,122001,28.434989,77.095407,MEDIUM,50,520,9,18,HINDI,SALARIED,f,f,f,f,0,[],7d16ba8e-a561-46f6-ac37-6511488bb6b7,2026-09-02 15:33:15.8479+00,2026-09-02 15:33:15.8479+00
DAILY2026090739,Deepak Singh,1986-03-10,FEMALE,XXXXX1234X,XXXXXXXX5678,9937732635,,,"10, Sector 5",,Gurugram,Haryana,122001,28.486926,77.042551,MEDIUM,50,600,9,18,HINDI,SALARIED,f,f,f,f,0,[],7d1e057f-4e6f-4818-9946-b1252cd78463,2026-09-07 04:59:06.011426+00,2026-09-07 04:59:06.011429+00
DAILY2026090766,Sneha Chauhan,1986-03-10,MALE,XXXXX1234X,XXXXXXXX5678,9393446199,,,"38, Sector 7",,Gurugram,Haryana,122001,28.437771,77.036555,MEDIUM,50,600,9,18,HINDI,SALARIED,f,f,f,f,0,[],7d290dee-ffe4-4fbb-8f4b-beace57fe6df,2026-09-07 04:59:06.18491+00,2026-09-21 05:54:36.145232+00
DAILY2026091802,Vijay Reddy,1986-03-10,MALE,XXXXX1234X,XXXXXXXX5678,9190081533,,,"166, Sector 2",,Gurugram,Haryana,122001,28.428236,77.092817,MEDIUM,50,520,9,18,HINDI,SALARIED,f,f,f,f,0,[],7d735b07-ba39-483f-8645-852986405422,2026-09-18 06:49:34.029303+00,2026-09-18 06:49:34.029307+00
DAILY2026090304,Pooja Singh,1986-03-10,FEMALE,XXXXX1234X,XXXXXXXX5678,9822918667,,,"173, Sector 62",,Delhi,Delhi,110001,28.694306,77.108948,MEDIUM,50,520,9,18,HINDI,SALARIED,f,f,f,f,0,[],7db5a829-00bd-4edf-baf8-fd606f506bb1,2026-09-02 15:33:15.588007+00,2026-09-21 05:54:36.148188+00
CUST000012,Noah Lanka,1983-09-15,MALE,XXXXX4652X,XXXXXXXX1387,9808705238,,,"834
Prakash Marg",,Noida,Uttar Pradesh,172792,28.621301,77.368309,MEDIUM,50,456,9,18,PUNJABI,BUSINESS_OWNER,f,f,f,f,0,[],7e0cdc29-c5ea-41cf-b6cb-0162e6a80f8d,2026-08-27 11:27:59.588912+00,2026-08-27 11:27:59.588913+00
CUST000399,Nakul Walla,2001-08-05,MALE,XXXXX4030X,XXXXXXXX7068,9773033141,8780110550,,"H.No. 58
Prabhu Path",,Delhi,Delhi,757776,28.458457,77.220598,MEDIUM,50,660,9,18,HINDI,RETIRED,f,f,f,f,0,[],7e47d8d4-e6ea-485f-98ac-cafb02766e7e,2026-08-27 11:27:59.589785+00,2026-08-27 11:27:59.589785+00
DAILY2026090722,Manish Sharma,1986-03-10,FEMALE,XXXXX1234X,XXXXXXXX5678,9339701615,,,"110, Sector 64",,Gurugram,Haryana,122001,28.51045,77.098187,MEDIUM,50,600,9,18,HINDI,SALARIED,f,f,f,f,0,[],7ef43ce6-3ce4-4f9a-82ec-f51ffb479ab6,2026-09-07 04:59:05.848027+00,2026-09-07 04:59:05.84803+00
DAILY2026090670,Amit Chauhan,1986-03-10,MALE,XXXXX1234X,XXXXXXXX5678,9980088988,,,"40, Sector 50",,Gurugram,Haryana,122001,28.403233,77.053995,MEDIUM,50,600,9,18,HINDI,SALARIED,f,f,f,f,0,[],7f153258-b7a4-44dd-89c4-43c534fd32bd,2026-09-06 13:30:49.218915+00,2026-09-06 13:30:49.218919+00
CUST000026,Kala Divan,1979-12-26,MALE,XXXXX2771X,XXXXXXXX1420,9434961542,8502982778,,"H.No. 50, Kade Path",,Noida,Uttar Pradesh,307963,28.605929,77.242426,MEDIUM,50,383,9,18,HINDI,HOMEMAKER,f,f,f,f,0,[],8018e1c1-c98e-4792-8adf-acf30f04e3f7,2026-08-27 11:27:59.588962+00,2026-08-27 11:27:59.588962+00
DAILY2026082802,Divya Singh,1986-03-10,FEMALE,XXXXX1234X,XXXXXXXX5678,9166083577,,,"140, Sector 5",,Gurugram,Haryana,122001,28.462967,77.047,MEDIUM,50,520,9,18,HINDI,SALARIED,f,f,f,f,0,[],802f9b80-c985-4f5d-8b9f-eb9b8b36dd3f,2026-08-28 15:48:57.068036+00,2026-08-28 15:48:57.068042+00
CUST000024,Anita Manda,1986-08-21,MALE,XXXXX5558X,XXXXXXXX7906,9370874491,8604988121,,"487
Behl Road",,Gurugram,Haryana,665621,28.478934,77.047307,MEDIUM,50,472,9,18,HINDI,BUSINESS_OWNER,f,t,f,f,0,[],803cf603-3a7c-4ed6-9f3d-21ff44a9b162,2026-08-27 11:27:59.588954+00,2026-08-27 11:27:59.588955+00
DAILY20260907181,Rohan Nair,1986-03-10,FEMALE,XXXXX1234X,XXXXXXXX5678,9441887921,,,"142, Sector 23",,Gurugram,Haryana,122001,28.463329,77.097024,MEDIUM,50,520,9,18,HINDI,SALARIED,f,f,f,f,0,[],80d8d18f-6cad-47d1-927a-9433f8bcb2f5,2026-09-07 04:59:06.853729+00,2026-09-07 04:59:06.853733+00
DAILY20260903108,Rohan Chauhan,1986-03-10,FEMALE,XXXXX1234X,XXXXXXXX5678,9341464450,,,"88, Sector 59",,Gurugram,Haryana,122001,28.412958,77.060268,MEDIUM,50,520,9,18,HINDI,SALARIED,f,f,f,f,0,[],80db7048-378b-4c64-abf9-1290472dfe7c,2026-09-02 15:33:15.999063+00,2026-09-02 15:33:15.999063+00
DAILY2026090102,Divya Singh,1986-03-10,FEMALE,XXXXX1234X,XXXXXXXX5678,9385771821,,,"193, Sector 6",,Gurugram,Haryana,122001,28.483441,77.075785,MEDIUM,50,520,9,18,HINDI,SALARIED,f,f,f,f,0,[],80e68464-d813-4633-ae54-7d01a7161b48,2026-09-01 04:38:21.169862+00,2026-09-01 04:38:21.169866+00
DAILY2026090369,Nikhil Reddy,1986-03-10,FEMALE,XXXXX1234X,XXXXXXXX5678,9873398930,,,"73, Sector 26",,Noida,Uttar Pradesh,201301,28.649712,77.312082,MEDIUM,50,600,9,18,HINDI,SALARIED,f,f,f,f,0,[],80f2854b-6cd6-4ada-850a-a3ae7c3a6ff9,2026-09-02 15:33:15.840487+00,2026-09-21 05:54:36.148194+00
CUST000045,Aahana Pillay,1970-01-10,MALE,XXXXX8316X,XXXXXXXX9824,9620057604,,gadedeepa@example.org,"H.No. 96, Issac Marg",,Delhi,Delhi,669827,28.637377,77.218807,MEDIUM,50,550,9,18,URDU,RETIRED,f,f,f,f,0,[],812c4842-2f17-4e9b-865d-a14d74e36f1b,2026-08-27 11:27:59.588999+00,2026-08-27 11:27:59.588999+00
DAILY20260906110,Amit Saxena,1986-03-10,FEMALE,XXXXX1234X,XXXXXXXX5678,9669124761,,,"38, Sector 45",,Gurugram,Haryana,122001,28.435513,77.083709,MEDIUM,50,520,9,18,HINDI,SALARIED,f,f,f,f,0,[],8139d883-7145-4e4f-a595-79a979bd1a01,2026-09-06 13:30:49.447359+00,2026-09-06 13:30:49.447361+00
CUST000373,Odika Ganesh,1970-08-22,MALE,XXXXX9724X,XXXXXXXX4828,9507807998,8518834994,,"341, Ganesan Ganj",,Noida,Uttar Pradesh,252200,28.446167,77.06851,MEDIUM,50,454,9,18,HARYANVI,RETIRED,t,f,f,f,0,[],815ac4e2-6ad7-4822-9f85-dd4001ff926b,2026-08-27 11:27:59.589728+00,2026-08-27 11:27:59.589729+00
DAILY2026092112,Rahul Singh,1986-03-10,FEMALE,XXXXX1234X,XXXXXXXX5678,9537994881,,,"88, Sector 42",,Gurugram,Haryana,122001,28.454942,77.009505,MEDIUM,50,520,9,18,HINDI,SALARIED,f,f,f,f,0,[],816f8260-060f-4257-a883-6ca07dc92496,2026-09-21 04:52:59.441397+00,2026-09-21 05:54:36.150637+00
DAILY2026090768,Neha Bhatt,1986-03-10,MALE,XXXXX1234X,XXXXXXXX5678,9379590350,,,"66, Sector 45",,Gurugram,Haryana,122001,28.412829,77.036639,MEDIUM,50,520,9,18,HINDI,SALARIED,f,f,f,f,0,[],820c7482-fbe2-4ac7-b2d8-14ba743ee310,2026-09-07 04:59:06.197914+00,2026-09-07 04:59:06.197918+00
DAILY20260918158,Kiran Yadav,1986-03-10,MALE,XXXXX1234X,XXXXXXXX5678,9286536210,,,"48, Sector 55",,Noida,Uttar Pradesh,201301,28.676244,77.322626,MEDIUM,50,520,9,18,HINDI,SALARIED,f,f,f,f,0,[],82113ba5-c82f-4fa9-a180-1443915c92f1,2026-09-18 06:49:34.911761+00,2026-09-21 05:54:36.152626+00
CUST000039,Gautami Nagarajan,1997-08-03,MALE,XXXXX4750X,XXXXXXXX1339,9921155204,8389385259,devimatthew@example.org,"23/166
Shukla Path",,Delhi,Delhi,283700,28.573884,77.255406,MEDIUM,50,313,9,18,URDU,HOMEMAKER,f,f,f,f,0,[],82440fe5-d534-4f3c-8df1-5d8b99fc4234,2026-08-27 11:27:59.588988+00,2026-08-27 11:27:59.588988+00
DAILY2026090377,Rohan Gupta,1986-03-10,MALE,XXXXX1234X,XXXXXXXX5678,9396432958,,,"161, Sector 53",,Noida,Uttar Pradesh,201301,28.571254,77.369493,MEDIUM,50,520,9,18,HINDI,SALARIED,f,f,f,f,0,[],8259c67c-da4a-47aa-9bb0-0ccce664f05e,2026-09-02 15:33:15.863631+00,2026-09-21 05:54:36.152631+00
DAILY2026092156,Pooja Nair,1986-03-10,FEMALE,XXXXX1234X,XXXXXXXX5678,9836615055,,,"39, Sector 35",,Delhi,Delhi,110001,28.581088,77.282853,MEDIUM,50,520,9,18,HINDI,SALARIED,f,f,f,f,0,[],82ceb899-ad50-466b-8e6c-77a5d3e8cc45,2026-09-21 04:52:59.694742+00,2026-09-21 05:54:36.152632+00
DAILY2026090325,Rohan Bhatt,1986-03-10,FEMALE,XXXXX1234X,XXXXXXXX5678,9377971728,,,"151, Sector 10",,Gurugram,Haryana,122001,28.467656,77.099842,MEDIUM,50,520,9,18,HINDI,SALARIED,f,f,f,f,0,[],82e62f7c-4833-4761-b907-7c71ce12ef79,2026-09-02 15:33:15.656765+00,2026-09-02 15:33:15.656765+00
CUST000011,Ekiya Suresh,1964-05-23,MALE,XXXXX6442X,XXXXXXXX7745,9961393416,8889262019,damyanti30@example.org,"H.No. 718, Dave Street",,Delhi,Delhi,379766,28.616399,77.307542,MEDIUM,50,312,9,18,ENGLISH,SALARIED,f,t,f,f,0,[],830d42f9-f1de-4f55-b7ee-e33edae0c1d3,2026-08-27 11:27:59.588907+00,2026-08-27 11:27:59.588908+00
CUST000206,Nathaniel Narayanan,1984-12-04,MALE,XXXXX7512X,XXXXXXXX8715,9625163699,8384546308,,"622
Randhawa Marg",,Delhi,Delhi,670557,28.650038,77.086227,MEDIUM,50,359,9,18,URDU,SELF_EMPLOYED,f,f,f,f,0,[],8360ebc4-51cb-4b24-b405-9dc2a30de93a,2026-08-27 11:27:59.589357+00,2026-08-27 11:27:59.589358+00
CUST000092,Anvi Nair,1978-02-15,MALE,XXXXX4131X,XXXXXXXX5687,9483298103,8151329185,sudiksha89@example.com,"18/367, Sachdev Ganj",,Gurugram,Haryana,448048,28.460783,77.121771,MEDIUM,50,429,9,18,PUNJABI,SALARIED,f,f,f,f,0,[],839c19c0-3c42-45bf-a3b1-1143b2f27dfc,2026-08-27 11:27:59.589095+00,2026-08-27 11:27:59.589096+00
DAILY20260918186,Sneha Verma,1986-03-10,FEMALE,XXXXX1234X,XXXXXXXX5678,9471617563,,,"101, Sector 69",,Gurugram,Haryana,122001,28.405099,77.088996,MEDIUM,50,600,9,18,HINDI,SALARIED,f,f,f,f,0,[],83aa2ede-1d36-43f6-bd9e-bc2eb1ead4c9,2026-09-18 06:49:35.062329+00,2026-09-18 06:49:35.062332+00
DAILY20260907173,Amit Sharma,1986-03-10,MALE,XXXXX1234X,XXXXXXXX5678,9105115030,,,"93, Sector 54",,Noida,Uttar Pradesh,201301,28.572337,77.30562,MEDIUM,50,520,9,18,HINDI,SALARIED,f,f,f,f,0,[],83ac702f-3bf5-43a1-a705-5adb444a1e44,2026-09-07 04:59:06.805915+00,2026-09-21 05:54:36.152634+00
DAILY2026090759,Divya Nair,1986-03-10,FEMALE,XXXXX1234X,XXXXXXXX5678,9811544389,,,"30, Sector 69",,Delhi,Delhi,110001,28.519666,77.203734,MEDIUM,50,520,9,18,HINDI,SALARIED,f,f,f,f,0,[],83c39e41-e2eb-407c-bebc-bfb4b957b26e,2026-09-07 04:59:06.135608+00,2026-09-21 05:54:36.152635+00
DAILY2026091862,Manish Reddy,1986-03-10,FEMALE,XXXXX1234X,XXXXXXXX5678,9942126013,,,"154, Sector 25",,Delhi,Delhi,110001,28.546447,77.200244,MEDIUM,50,520,9,18,HINDI,SALARIED,f,f,f,f,0,[],83f39bd1-5e69-433c-8c91-00de2feedd8e,2026-09-18 06:49:34.345129+00,2026-09-21 05:54:36.152636+00
DAILY20260921190,Sneha Mehta,1986-03-10,MALE,XXXXX1234X,XXXXXXXX5678,9188341879,,,"18, Sector 56",,Noida,Uttar Pradesh,201301,28.581731,77.411524,MEDIUM,50,600,9,18,HINDI,SALARIED,f,f,f,f,0,[],84629135-6f2d-483c-b8fc-0f74622377e5,2026-09-21 04:53:00.747849+00,2026-09-21 05:54:36.152637+00
CUST000101,Falak Dar,1963-12-12,MALE,XXXXX3653X,XXXXXXXX6286,9861639583,,igill@example.com,"85/16, Sarin Nagar",,Noida,Uttar Pradesh,644103,28.509153,77.113167,MEDIUM,50,455,9,18,PUNJABI,SALARIED,f,f,f,f,0,[],84a8d0eb-0dd9-4552-8f3b-4c6adc7cff8d,2026-08-27 11:27:59.589115+00,2026-08-27 11:27:59.589116+00
CUST000127,Zilmil Loke,1994-02-04,FEMALE,XXXXX7887X,XXXXXXXX7135,9510684364,,bbrar@example.net,"45/11, Merchant Path",,Delhi,Delhi,495833,28.495283,77.253873,MEDIUM,50,369,9,18,URDU,SALARIED,f,f,f,f,0,[],84af29e5-3104-4b3a-ab08-84b86b90579c,2026-08-27 11:27:59.589168+00,2026-08-27 11:27:59.589169+00
CUST000375,Veer Kota,1991-09-06,FEMALE,XXXXX4193X,XXXXXXXX9518,9462287576,8293184033,,"22/820
Parikh Nagar",,Delhi,Delhi,111091,28.556909,77.126583,MEDIUM,50,675,9,18,HINDI,SALARIED,t,f,f,f,0,[],84afbd8b-fd6f-4cd1-86f1-555aeefe9444,2026-08-27 11:27:59.589732+00,2026-08-27 11:27:59.589733+00
DAILY20260907107,Rahul Gupta,1986-03-10,MALE,XXXXX1234X,XXXXXXXX5678,9104856760,,,"45, Sector 1",,Gurugram,Haryana,122001,28.51041,77.054974,MEDIUM,50,600,9,18,HINDI,SALARIED,f,f,f,f,0,[],852f4c90-dcb2-4ded-b668-4c415264f6ee,2026-09-07 04:59:06.430002+00,2026-09-07 04:59:06.430004+00
DAILY2026090335,Nikhil Sharma,1986-03-10,FEMALE,XXXXX1234X,XXXXXXXX5678,9800048320,,,"111, Sector 33",,Noida,Uttar Pradesh,201301,28.559223,77.372304,MEDIUM,50,600,9,18,HINDI,SALARIED,f,f,f,f,0,[],856154eb-4248-4682-bad3-64b024e6a9f5,2026-09-02 15:33:15.702561+00,2026-09-21 05:54:36.152638+00
DAILY20260921141,Rahul Gupta,1986-03-10,MALE,XXXXX1234X,XXXXXXXX5678,9789116317,,,"123, Sector 44",,Gurugram,Haryana,122001,28.50785,77.005775,MEDIUM,50,600,9,18,HINDI,SALARIED,f,f,f,f,0,[],856907a4-e82d-418d-9143-029fab90aa31,2026-09-21 04:53:00.427448+00,2026-09-21 05:54:36.158172+00
BANK0002,Meena Kumari Pillai,1991-02-14,FEMALE,XXXXX5001X,XXXXXXXX6001,9811200004,,,"House 12, Sector 56",,Gurugram,Haryana,122011,28.542,77.192,MEDIUM,50,540,9,18,HINDI,SALARIED,f,f,f,f,0,[],8574289c-e980-41df-92d9-093316037ae4,2026-08-27 11:28:09.799696+00,2026-08-27 11:28:09.799698+00
DAILY2026091822,Anjali Reddy,1986-03-10,FEMALE,XXXXX1234X,XXXXXXXX5678,9952472743,,,"82, Sector 7",,Delhi,Delhi,110001,28.526023,77.295753,MEDIUM,50,520,9,18,HINDI,SALARIED,f,f,f,f,0,[],85864389-3426-4322-8576-8b12c1c49312,2026-09-18 06:49:34.131441+00,2026-09-21 05:54:36.159576+00
DAILY2026092174,Sanjay Sharma,1986-03-10,FEMALE,XXXXX1234X,XXXXXXXX5678,9780809053,,,"70, Sector 3",,Noida,Uttar Pradesh,201301,28.573202,77.265709,MEDIUM,50,520,9,18,HINDI,SALARIED,f,f,f,f,0,[],85c8b6a8-47a6-49e5-b03e-c587eb715302,2026-09-21 04:52:59.798172+00,2026-09-21 05:54:36.159582+00
DAILY2026091842,Sneha Bhatt,1986-03-10,MALE,XXXXX1234X,XXXXXXXX5678,9495524382,,,"112, Sector 57",,Noida,Uttar Pradesh,201301,28.636101,77.300898,MEDIUM,50,520,9,18,HINDI,SALARIED,f,f,f,f,0,[],85fe4b92-3774-465c-8256-63339ef23076,2026-09-18 06:49:34.22908+00,2026-09-21 05:54:36.159583+00
CUST000006,Yash Gade,1981-03-21,MALE,XXXXX8508X,XXXXXXXX2638,9178663096,8643189555,,"83/503
Mutti Nagar",,Delhi,Delhi,465962,28.554908,77.131023,MEDIUM,50,337,9,18,HINDI,SELF_EMPLOYED,f,f,f,f,0,[],86363474-05d5-429d-9afe-a166ca0f3137,2026-08-27 11:27:59.588892+00,2026-08-27 11:27:59.588892+00
CUST000199,Vritti Kibe,1976-01-14,FEMALE,XXXXX8157X,XXXXXXXX8982,9797052007,,maya51@example.net,"82/80, Kadakia Chowk",,Gurugram,Haryana,689275,28.474883,77.080645,MEDIUM,50,380,9,18,HARYANVI,BUSINESS_OWNER,f,f,f,f,0,[],8686c2cc-b01d-4e9f-966c-a2c2ab5bcb98,2026-08-27 11:27:59.589341+00,2026-08-27 11:27:59.589341+00
DAILY2026090692,Manish Mehta,1986-03-10,FEMALE,XXXXX1234X,XXXXXXXX5678,9853172639,,,"134, Sector 53",,Noida,Uttar Pradesh,201310,28.45306,77.518976,MEDIUM,50,600,9,18,HINDI,SALARIED,f,f,f,f,0,[],86966b82-4f06-41b2-8981-7e12e04407e9,2026-09-06 13:30:49.349393+00,2026-09-21 05:54:36.159584+00
DAILY2026090724,Preeti Singh,1986-03-10,FEMALE,XXXXX1234X,XXXXXXXX5678,9311914319,,,"168, Sector 35",,Gurugram,Haryana,122001,28.413941,77.065922,MEDIUM,50,520,9,18,HINDI,SALARIED,f,f,f,f,0,[],86b76125-63bf-4204-91fe-5e846c757ac0,2026-09-07 04:59:05.857875+00,2026-09-07 04:59:05.857878+00
CUST000114,Gayathri Deep,1986-05-07,FEMALE,XXXXX5331X,XXXXXXXX8932,9306442077,8399580835,nicholasgolla@example.net,"70/653, Mane Chowk",,Gurugram,Haryana,335790,28.382703,77.16173,MEDIUM,50,669,9,18,PUNJABI,BUSINESS_OWNER,f,f,f,f,0,[],8727be63-e58f-4434-88fb-0988a8f567d6,2026-08-27 11:27:59.589142+00,2026-08-27 11:27:59.589142+00
DAILY20260906162,Neha Bhatt,1986-03-10,MALE,XXXXX1234X,XXXXXXXX5678,9906644153,,,"84, Sector 39",,Gurugram,Haryana,122001,28.465299,77.056461,MEDIUM,50,520,9,18,HINDI,SALARIED,f,f,f,f,0,[],87348058-550b-4ff3-bde3-4b765b56756c,2026-09-06 13:30:49.788641+00,2026-09-21 05:54:36.165046+00
CUST000282,Dakshesh Raval,1988-10-02,FEMALE,XXXXX6703X,XXXXXXXX6693,9975652436,,atharvtank@example.com,"66
Gupta Nagar",,Noida,Uttar Pradesh,303974,28.561341,77.313587,MEDIUM,50,445,9,18,URDU,RETIRED,f,f,f,f,0,[],87abcf17-b22b-4340-8d92-97904ecfca9e,2026-08-27 11:27:59.589538+00,2026-08-27 11:27:59.589538+00
DAILY20260903145,Rohan Mehta,1986-03-10,FEMALE,XXXXX1234X,XXXXXXXX5678,9611465269,,,"68, Sector 37",,Noida,Uttar Pradesh,201301,28.542185,77.330656,MEDIUM,50,600,9,18,HINDI,SALARIED,f,f,f,f,0,[],87d7258c-32ba-4cfe-8cba-4999c05cac58,2026-09-02 15:33:16.140904+00,2026-09-21 05:54:36.167693+00
DAILY2026092113,Preeti Gupta,1986-03-10,FEMALE,XXXXX1234X,XXXXXXXX5678,9562832660,,,"116, Sector 22",,Noida,Uttar Pradesh,201301,28.608174,77.315629,MEDIUM,50,520,9,18,HINDI,SALARIED,f,f,f,f,0,[],87e008b1-7179-4895-966d-b394891296d1,2026-09-21 04:52:59.448362+00,2026-09-21 05:54:36.167697+00
DAILY2026091835,Rahul Chauhan,1986-03-10,FEMALE,XXXXX1234X,XXXXXXXX5678,9539709704,,,"26, Sector 55",,Delhi,Delhi,110001,28.612174,77.068489,MEDIUM,50,520,9,18,HINDI,SALARIED,f,f,f,f,0,[],88144eb9-1ad4-460b-ac94-bba3b102831c,2026-09-18 06:49:34.193587+00,2026-09-21 05:54:36.167699+00
DAILY2026090101,Sanjay Gupta,1986-03-10,MALE,XXXXX1234X,XXXXXXXX5678,9616722215,,,"192, Sector 14",,Gurugram,Haryana,122001,28.460034,77.053921,MEDIUM,50,600,9,18,HINDI,SALARIED,f,f,f,f,0,[],884b8d69-48b8-467e-95d6-96de24bbe3fb,2026-09-01 04:38:21.153791+00,2026-09-01 04:38:21.153796+00
DAILY2026092145,Amit Chauhan,1986-03-10,MALE,XXXXX1234X,XXXXXXXX5678,9405407244,,,"106, Sector 5",,Noida,Uttar Pradesh,201301,28.585753,77.390764,MEDIUM,50,520,9,18,HINDI,SALARIED,f,f,f,f,0,[],884bbb11-3e1f-41e1-8a19-7e0872133f85,2026-09-21 04:52:59.635874+00,2026-09-21 05:54:36.1677+00
CUST000042,Unni Datta,2000-12-02,MALE,XXXXX5375X,XXXXXXXX9998,9240674381,8570423569,rameshavi@example.org,"720
Raghavan Road",,Gurugram,Haryana,608257,28.461959,77.104118,MEDIUM,50,326,9,18,HINDI,SALARIED,f,f,f,f,0,[],88905f32-435f-4894-b60e-8e85248d3a5d,2026-08-27 11:27:59.588993+00,2026-08-27 11:27:59.588994+00
DAILY2026092138,Vijay Verma,1986-03-10,MALE,XXXXX1234X,XXXXXXXX5678,9815138594,,,"1, Sector 14",,Gurugram,Haryana,122001,28.469782,77.083697,MEDIUM,50,520,9,18,HINDI,SALARIED,f,f,f,f,0,[],891c60d5-8d1b-4c52-8f74-a5b39c681f84,2026-09-21 04:52:59.60032+00,2026-09-21 04:52:59.600322+00
CUST000160,Bhavani Sha,2001-03-28,FEMALE,XXXXX6134X,XXXXXXXX7367,9756387421,,,"874
Chowdhury Ganj",,Noida,Uttar Pradesh,469082,28.611598,77.362215,MEDIUM,50,550,9,18,URDU,HOMEMAKER,f,f,f,f,0,[],89297e6d-ff64-4cf1-a3a2-f15a91f41f32,2026-08-27 11:27:59.589259+00,2026-08-27 11:27:59.589259+00
DAILY2026090319,Amit Bhatt,1986-03-10,FEMALE,XXXXX1234X,XXXXXXXX5678,9915772253,,,"18, Sector 22",,Gurugram,Haryana,122001,28.499895,77.042741,MEDIUM,50,600,9,18,HINDI,SALARIED,f,f,f,f,0,[],89358c52-b266-4e0e-959a-8d919a57bef6,2026-09-02 15:33:15.635456+00,2026-09-02 15:33:15.635456+00
DAILY2026092126,Amit Sharma,1986-03-10,MALE,XXXXX1234X,XXXXXXXX5678,9398579085,,,"156, Sector 11",,Delhi,Delhi,110001,28.697518,77.104222,MEDIUM,50,520,9,18,HINDI,SALARIED,f,f,f,f,0,[],898d8233-f862-4126-a3c6-27b1dd0e1927,2026-09-21 04:52:59.536557+00,2026-09-21 05:54:36.167702+00
CUST000015,Irya Sampath,1979-04-11,FEMALE,XXXXX5844X,XXXXXXXX3085,9305986733,,chaudharidarsh@example.com,"H.No. 333
Sen Circle",,Noida,Uttar Pradesh,282480,28.489082,77.365497,MEDIUM,50,506,9,18,HARYANVI,HOMEMAKER,f,f,f,t,0,[],89d5b709-d034-4e97-837a-504824bd3a86,2026-08-27 11:27:59.588923+00,2026-08-27 11:27:59.588924+00
DAILY2026090769,Deepak Yadav,1986-03-10,FEMALE,XXXXX1234X,XXXXXXXX5678,9427116725,,,"69, Sector 48",,Gurugram,Haryana,122001,28.416892,77.071354,MEDIUM,50,520,9,18,HINDI,SALARIED,f,f,f,f,0,[],89e26dfc-358e-4b16-af20-76b58b8fe47a,2026-09-07 04:59:06.203912+00,2026-09-07 04:59:06.203914+00
DAILY2026090664,Sneha Malik,1986-03-10,MALE,XXXXX1234X,XXXXXXXX5678,9802318999,,,"164, Sector 46",,Noida,Uttar Pradesh,201301,28.555512,77.312872,MEDIUM,50,520,9,18,HINDI,SALARIED,f,f,f,f,0,[],89f08492-ded3-4326-9529-e439b3e551ed,2026-09-06 13:30:49.175718+00,2026-09-21 05:54:36.167703+00
DAILY20260906135,Neha Saxena,1986-03-10,FEMALE,XXXXX1234X,XXXXXXXX5678,9231822186,,,"150, Sector 61",,Delhi,Delhi,110001,28.627511,77.102955,MEDIUM,50,520,9,18,HINDI,SALARIED,f,f,f,f,0,[],8a6802de-4dd7-44cc-a66c-3740500337ea,2026-09-06 13:30:49.614326+00,2026-09-21 05:54:36.167705+00
DAILY2026090780,Amit Chauhan,1986-03-10,FEMALE,XXXXX1234X,XXXXXXXX5678,9225099960,,,"114, Sector 27",,Gurugram,Haryana,122001,28.506014,77.080764,MEDIUM,50,600,9,18,HINDI,SALARIED,f,f,f,f,0,[],8a696b26-97b5-4464-bbe4-02b4e8cdba7e,2026-09-07 04:59:06.267984+00,2026-09-07 04:59:06.267986+00
DAILY2026092163,Kiran Sharma,1986-03-10,FEMALE,XXXXX1234X,XXXXXXXX5678,9636954814,,,"188, Sector 37",,Gurugram,Haryana,122001,28.443064,77.080664,MEDIUM,50,600,9,18,HINDI,SALARIED,f,f,f,f,0,[],8a9cafff-0912-4264-8cd0-1f9fe52e7db8,2026-09-21 04:52:59.731854+00,2026-09-21 04:52:59.731857+00
CUST000044,Ekapad Baria,1992-04-24,MALE,XXXXX9327X,XXXXXXXX3236,9174958005,,ryanbahri@example.net,"271, Kamdar",,Noida,Uttar Pradesh,535098,28.550374,77.349377,MEDIUM,50,496,9,18,PUNJABI,HOMEMAKER,f,t,f,f,0,[],8ac67a04-0429-474b-83f0-f32bec5ecc5b,2026-08-27 11:27:59.588997+00,2026-08-27 11:27:59.588998+00
CUST000286,Odika Bhagat,1996-09-29,MALE,XXXXX5348X,XXXXXXXX4387,9346109712,,,"356, Shankar",,Noida,Uttar Pradesh,748645,28.567673,77.319258,MEDIUM,50,676,9,18,PUNJABI,SELF_EMPLOYED,f,f,f,f,0,[],8ac8961f-1848-49e3-9030-556a7a097c8c,2026-08-27 11:27:59.589546+00,2026-08-27 11:27:59.589547+00
DAILY20260906156,Sanjay Sharma,1986-03-10,FEMALE,XXXXX1234X,XXXXXXXX5678,9698650231,,,"96, Sector 20",,Gurugram,Haryana,122001,28.475944,77.032508,MEDIUM,50,520,9,18,HINDI,SALARIED,f,f,f,f,0,[],8adf5e14-4177-4610-827e-7d53741f2c7a,2026-09-06 13:30:49.750497+00,2026-09-21 05:54:36.173153+00
DAILY20260918169,Sanjay Singh,1986-03-10,FEMALE,XXXXX1234X,XXXXXXXX5678,9902193547,,,"75, Sector 62",,Gurugram,Haryana,122001,28.411599,77.09786,MEDIUM,50,520,9,18,HINDI,SALARIED,f,f,f,f,0,[],8b12c993-e173-4c12-95bd-349cec464a6e,2026-09-18 06:49:34.96889+00,2026-09-18 06:49:34.968893+00
CUST000400,Qushi Naik,1986-10-09,FEMALE,XXXXX4393X,XXXXXXXX2326,9766208705,8890017125,keyakumar@example.com,"60
Mane Nagar",,Delhi,Delhi,639740,28.529335,77.217292,MEDIUM,50,613,9,18,PUNJABI,SALARIED,f,f,f,f,0,[],8b36bef1-f228-4dfd-a9cc-f64a754b542c,2026-08-27 11:27:59.589787+00,2026-08-27 11:27:59.589787+00
DAILY2026090740,Amit Singh,1986-03-10,MALE,XXXXX1234X,XXXXXXXX5678,9152269273,,,"5, Sector 28",,Gurugram,Haryana,122001,28.49986,77.091797,MEDIUM,50,520,9,18,HINDI,SALARIED,f,f,f,f,0,[],8b3db4d6-d678-47e5-888c-88694b84fb2b,2026-09-07 04:59:06.01729+00,2026-09-21 05:54:36.17316+00
DAILY2026090710,Kiran Mehta,1986-03-10,FEMALE,XXXXX1234X,XXXXXXXX5678,9169881420,,,"79, Sector 65",,Gurugram,Haryana,122001,28.429874,77.038487,MEDIUM,50,520,9,18,HINDI,SALARIED,f,f,f,f,0,[],8ba0f68a-a6f0-4068-9476-8625e590b901,2026-09-07 04:59:05.778481+00,2026-09-07 04:59:05.778483+00
CUST000096,Vasatika Kapur,1995-11-07,MALE,XXXXX7095X,XXXXXXXX8273,9919355714,,,"51/49
Sanghvi Ganj",,Delhi,Delhi,484774,28.609262,77.07483,MEDIUM,50,530,9,18,URDU,BUSINESS_OWNER,f,f,f,f,0,[],8bde3a82-4cc7-4aac-9b8f-fbb4b578e152,2026-08-27 11:27:59.589105+00,2026-08-27 11:27:59.589106+00
CUST000349,Abdul Amble,1985-08-13,MALE,XXXXX9779X,XXXXXXXX1306,9323620127,8456180872,venkateshabhimanyu@example.com,"56/512, Kulkarni Marg",,Delhi,Delhi,470771,28.545506,77.318322,MEDIUM,50,647,9,18,HINDI,SELF_EMPLOYED,f,t,f,f,0,[],8be4291b-80e9-45cf-ba15-dde87c9e0842,2026-08-27 11:27:59.589678+00,2026-08-27 11:27:59.589679+00
DAILY2026092196,Divya Bhatt,1986-03-10,FEMALE,XXXXX1234X,XXXXXXXX5678,9949152632,,,"179, Sector 35",,Noida,Uttar Pradesh,201301,28.662208,77.366977,MEDIUM,50,600,9,18,HINDI,SALARIED,f,f,f,f,0,[],8bf98192-65d1-4d2d-9e14-1a54fa03d500,2026-09-21 04:52:59.943449+00,2026-09-21 05:54:36.174826+00
DAILY2026090747,Vijay Nair,1986-03-10,FEMALE,XXXXX1234X,XXXXXXXX5678,9656270474,,,"185, Sector 8",,Gurugram,Haryana,122001,28.4501,77.099407,MEDIUM,50,520,9,18,HINDI,SALARIED,f,f,f,f,0,[],8c1645d9-263b-4e48-a7d7-719bbd8d9a47,2026-09-07 04:59:06.059854+00,2026-09-07 04:59:06.05986+00
DAILY2026090750,Amit Bhatt,1986-03-10,FEMALE,XXXXX1234X,XXXXXXXX5678,9165623032,,,"124, Sector 53",,Gurugram,Haryana,122001,28.417695,77.039662,MEDIUM,50,600,9,18,HINDI,SALARIED,f,f,f,f,0,[],8c4d38f9-6c5b-4680-b32a-b04dee9e9bb3,2026-09-07 04:59:06.081384+00,2026-09-07 04:59:06.081387+00
DAILY2026090705,Deepak Reddy,1986-03-10,FEMALE,XXXXX1234X,XXXXXXXX5678,9780771574,,,"90, Sector 48",,Gurugram,Haryana,122001,28.514461,77.09357,MEDIUM,50,520,9,18,HINDI,SALARIED,f,f,f,f,0,[],8c76a40b-7ac5-42b7-a694-a051f20cfa31,2026-09-07 04:59:05.744227+00,2026-09-07 04:59:05.74423+00
DAILY2026090691,Divya Bhatt,1986-03-10,FEMALE,XXXXX1234X,XXXXXXXX5678,9513053108,,,"55, Sector 26",,Gurugram,Haryana,122001,28.50865,77.041634,MEDIUM,50,600,9,18,HINDI,SALARIED,f,f,f,f,0,[],8c7f2fe8-7693-4981-87d6-9efd1c18086b,2026-09-06 13:30:49.344324+00,2026-09-06 13:30:49.344326+00
CUST000174,Parth Sane,1984-10-10,MALE,XXXXX4490X,XXXXXXXX3480,9542070132,8575006056,padmanabhanlakshmi@example.net,"66/246
Yogi Street",,Delhi,Delhi,190898,28.608616,77.090119,MEDIUM,50,525,9,18,HINDI,SELF_EMPLOYED,f,f,f,f,0,[],8c9bfa80-0c7c-4698-9160-9f791a23cada,2026-08-27 11:27:59.589287+00,2026-08-27 11:27:59.589287+00
DAILY20260903129,Divya Gupta,1986-03-10,MALE,XXXXX1234X,XXXXXXXX5678,9566177025,,,"184, Sector 36",,Gurugram,Haryana,122001,28.492432,77.049562,MEDIUM,50,520,9,18,HINDI,SALARIED,f,f,f,f,0,[],8d132bcd-a778-48fc-8acd-d0d08fca6c2d,2026-09-02 15:33:16.085773+00,2026-09-02 15:33:16.085773+00
DAILY20260918118,Preeti Verma,1986-03-10,MALE,XXXXX1234X,XXXXXXXX5678,9642916916,,,"38, Sector 34",,Gurugram,Haryana,122001,28.484144,77.110732,MEDIUM,50,520,9,18,HINDI,SALARIED,f,f,f,f,0,[],8d34cf47-2ccf-49ec-b513-ac030bb4d184,2026-09-18 06:49:34.699081+00,2026-09-21 05:54:36.175758+00
CUST000099,Anita Savant,1988-10-21,FEMALE,XXXXX7044X,XXXXXXXX8657,9962925204,8239340792,asathe@example.com,"15/61, Sur Road",,Gurugram,Haryana,190403,28.499212,76.993673,MEDIUM,50,484,9,18,HINDI,BUSINESS_OWNER,f,f,f,f,0,[],8d5ea501-7199-446a-a427-67f4991a792b,2026-08-27 11:27:59.589111+00,2026-08-27 11:27:59.589112+00
DAILY2026090708,Amit Saxena,1986-03-10,FEMALE,XXXXX1234X,XXXXXXXX5678,9230434907,,,"143, Sector 2",,Gurugram,Haryana,122001,28.48915,77.041929,MEDIUM,50,600,9,18,HINDI,SALARIED,f,f,f,f,0,[],8d695229-fbc9-4703-abb6-8bda518d7069,2026-09-07 04:59:05.765704+00,2026-09-07 04:59:05.765708+00
CUST000232,Nachiket Yadav,1976-01-26,MALE,XXXXX9383X,XXXXXXXX2229,9876920515,8374762050,mukherjeerajeshri@example.net,"H.No. 316, Setty Zila",,Gurugram,Haryana,578938,28.452324,77.16304,MEDIUM,50,376,9,18,PUNJABI,BUSINESS_OWNER,f,f,f,f,0,[],8d81943d-401e-442f-bdef-4876956a98f3,2026-08-27 11:27:59.58943+00,2026-08-27 11:27:59.589431+00
DAILY20260921102,Manish Bhatt,1986-03-10,MALE,XXXXX1234X,XXXXXXXX5678,9950988900,,,"90, Sector 15",,Gurugram,Haryana,122001,28.404707,77.094069,MEDIUM,50,600,9,18,HINDI,SALARIED,f,f,f,f,0,[],8d869bc5-4338-4d22-b835-4eff7e406b6b,2026-09-21 04:52:59.982034+00,2026-09-21 04:52:59.982044+00
DAILY20260903163,Sanjay Verma,1986-03-10,MALE,XXXXX1234X,XXXXXXXX5678,9953307345,,,"107, Sector 58",,Gurugram,Haryana,122001,28.483385,77.056345,MEDIUM,50,520,9,18,HINDI,SALARIED,f,f,f,f,0,[],8da65e29-dfb6-4fef-931b-a0d3501539ac,2026-09-02 15:33:16.200157+00,2026-09-02 15:33:16.200157+00
DAILY2026092121,Manish Gupta,1986-03-10,MALE,XXXXX1234X,XXXXXXXX5678,9543172123,,,"17, Sector 65",,Gurugram,Haryana,122001,28.51402,77.0912,MEDIUM,50,520,9,18,HINDI,SALARIED,f,f,f,f,0,[],8dc41e64-9597-475e-a6ca-fb20c65e3834,2026-09-21 04:52:59.499249+00,2026-09-21 04:52:59.499252+00
DAILY2026091865,Rohan Saxena,1986-03-10,MALE,XXXXX1234X,XXXXXXXX5678,9345919928,,,"190, Sector 3",,Gurugram,Haryana,122001,28.496782,77.076074,MEDIUM,50,520,9,18,HINDI,SALARIED,f,f,f,f,0,[],8e3951db-1663-4933-a48c-c07e275bf1ff,2026-09-18 06:49:34.362065+00,2026-09-18 06:49:34.362069+00
DAILY2026083100,Rahul Gupta,1986-03-10,FEMALE,XXXXX1234X,XXXXXXXX5678,9755079156,,,"200, Sector 60",,Gurugram,Haryana,122001,28.472438,77.032691,MEDIUM,50,600,9,18,HINDI,SALARIED,f,f,f,f,0,[],8e8fdf57-bff4-4a38-8c2b-382640fb6207,2026-08-31 04:40:22.192727+00,2026-08-31 04:40:22.192734+00
CUST000236,Harshil D’Alia,1972-05-01,FEMALE,XXXXX9598X,XXXXXXXX4669,9819239897,8657379037,,"H.No. 030, Patla Chowk",,Delhi,Delhi,748270,28.579325,77.155652,MEDIUM,50,306,9,18,HINDI,RETIRED,f,f,f,f,0,[],8eb33a0b-636f-4a08-8ad2-00d62337b224,2026-08-27 11:27:59.589438+00,2026-08-27 11:27:59.589438+00
CUST000057,Shravya Savant,1974-12-14,MALE,XXXXX9071X,XXXXXXXX2902,9204359116,,,"H.No. 99
Chaudhary Nagar",,Noida,Uttar Pradesh,507524,28.498949,77.400682,MEDIUM,50,319,9,18,URDU,BUSINESS_OWNER,f,f,f,f,0,[],8f142b89-8c4a-43a3-ad04-f247417e775d,2026-08-27 11:27:59.589022+00,2026-08-27 11:27:59.589023+00
DAILY2026091882,Sneha Singh,1986-03-10,MALE,XXXXX1234X,XXXXXXXX5678,9373531685,,,"191, Sector 34",,Gurugram,Haryana,122001,28.485315,77.095323,MEDIUM,50,520,9,18,HINDI,SALARIED,f,f,f,f,0,[],8f2afab7-104d-4539-8194-1b96f6e3ad73,2026-09-18 06:49:34.463658+00,2026-09-18 06:49:34.463662+00
DAILY2026090311,Amit Singh,1986-03-10,FEMALE,XXXXX1234X,XXXXXXXX5678,9157724944,,,"139, Sector 6",,Gurugram,Haryana,122001,28.451865,77.088809,MEDIUM,50,520,9,18,HINDI,SALARIED,f,f,f,f,0,[],8f5de2bd-3b60-482a-84ec-77614a0d91c1,2026-09-02 15:33:15.604048+00,2026-09-02 15:33:15.604048+00
CUST000172,Wridesh Jhaveri,1966-03-17,MALE,XXXXX1017X,XXXXXXXX4496,9611967311,,sekhonchanakya@example.org,"73, Kalla Circle",,Gurugram,Haryana,644676,28.454815,77.11068,MEDIUM,50,660,9,18,URDU,SALARIED,t,f,f,f,0,[],8f6104f5-f791-478a-b793-413e8421d0e1,2026-08-27 11:27:59.589283+00,2026-08-27 11:27:59.589283+00
DAILY2026091814,Deepak Verma,1986-03-10,FEMALE,XXXXX1234X,XXXXXXXX5678,9160964283,,,"108, Sector 1",,Noida,Uttar Pradesh,201301,28.597817,77.369445,MEDIUM,50,600,9,18,HINDI,SALARIED,f,f,f,f,0,[],8f88ce03-5c00-44e4-a0e2-e082c85aeaba,2026-09-18 06:49:34.092425+00,2026-09-21 05:54:36.176588+00
DAILY2026090314,Pooja Malik,1986-03-10,MALE,XXXXX1234X,XXXXXXXX5678,9442680984,,,"136, Sector 55",,Gurugram,Haryana,122001,28.519222,77.05918,MEDIUM,50,600,9,18,HINDI,SALARIED,f,f,f,f,0,[],8fceab61-7715-4487-974e-fb7d70c202a3,2026-09-02 15:33:15.61982+00,2026-09-02 15:33:15.61982+00
CUST000371,Bhavani Pant,1976-01-03,FEMALE,XXXXX3476X,XXXXXXXX8317,9497034107,8380517824,fsekhon@example.com,"22
Sama Path",,Noida,Uttar Pradesh,347669,28.499438,77.336709,MEDIUM,50,602,9,18,URDU,SELF_EMPLOYED,f,f,f,f,0,[],903c0bf7-45d1-45bb-9a8a-5a9ba0e09942,2026-08-27 11:27:59.589724+00,2026-08-27 11:27:59.589725+00
DAILY20260903147,Sanjay Bhatt,1986-03-10,FEMALE,XXXXX1234X,XXXXXXXX5678,9219025293,,,"167, Sector 25",,Gurugram,Haryana,122001,28.426518,77.080192,MEDIUM,50,600,9,18,HINDI,SALARIED,f,f,f,f,0,[],905f14b5-6e62-49e9-b6e7-a2dc67300364,2026-09-02 15:33:16.140904+00,2026-09-02 15:33:16.140904+00
CUST000285,Ubika Dalal,1981-07-14,MALE,XXXXX6603X,XXXXXXXX2245,9695445137,8611697526,,"38, Raj Zila",,Gurugram,Haryana,329183,28.550305,76.934481,MEDIUM,50,347,9,18,HARYANVI,BUSINESS_OWNER,f,f,f,f,0,[],9066d603-1a07-4392-8406-478468efec70,2026-08-27 11:27:59.589544+00,2026-08-27 11:27:59.589545+00
DAILY2026090392,Sneha Verma,1986-03-10,FEMALE,XXXXX1234X,XXXXXXXX5678,9584556667,,,"76, Sector 13",,Gurugram,Haryana,122001,28.467906,77.061972,MEDIUM,50,520,9,18,HINDI,SALARIED,f,f,f,f,0,[],9085200a-f7d6-450d-80b4-ce41a836a6fc,2026-09-02 15:33:15.939624+00,2026-09-02 15:33:15.939624+00
DAILY2026090370,Neha Sharma,1986-03-10,FEMALE,XXXXX1234X,XXXXXXXX5678,9512255956,,,"185, Sector 11",,Gurugram,Haryana,122001,28.458422,77.09144,MEDIUM,50,520,9,18,HINDI,SALARIED,f,f,f,f,0,[],909d48a9-e22b-495a-b71b-cdbf00345c66,2026-09-02 15:33:15.842492+00,2026-09-21 05:54:36.177468+00
CUST000235,Faraj Taneja,1980-12-13,FEMALE,XXXXX8178X,XXXXXXXX3969,9756403241,,,"H.No. 792
Dugar Path",,Delhi,Delhi,130216,28.654054,77.200763,MEDIUM,50,547,9,18,ENGLISH,RETIRED,f,f,f,f,0,[],90ff85dd-d2b4-421f-b7c9-80f39963a12b,2026-08-27 11:27:59.589436+00,2026-08-27 11:27:59.589436+00
DAILY20260918109,Rohan Verma,1986-03-10,MALE,XXXXX1234X,XXXXXXXX5678,9794205175,,,"148, Sector 2",,Gurugram,Haryana,122001,28.548837,77.042481,MEDIUM,50,520,9,18,HINDI,SALARIED,f,f,f,f,0,[],912a205a-5596-4036-b31f-f590692f3afc,2026-09-18 06:49:34.639361+00,2026-09-21 05:54:36.177472+00
DAILY20260903124,Sneha Verma,1986-03-10,MALE,XXXXX1234X,XXXXXXXX5678,9854620944,,,"73, Sector 11",,Gurugram,Haryana,122001,28.423356,77.129996,MEDIUM,50,520,9,18,HINDI,SALARIED,f,f,f,f,0,[],9244bc83-8959-46d0-9a76-f8fc45509e11,2026-09-02 15:33:16.066237+00,2026-09-21 05:54:36.177474+00
DAILY20260906143,Rohan Verma,1986-03-10,FEMALE,XXXXX1234X,XXXXXXXX5678,9709061119,,,"31, Sector 34",,Delhi,Delhi,110001,28.513619,77.161809,MEDIUM,50,520,9,18,HINDI,SALARIED,f,f,f,f,0,[],924623db-a539-4534-bcdd-79755a731a68,2026-09-06 13:30:49.66595+00,2026-09-21 05:54:36.180649+00
DAILY2026090353,Sneha Gupta,1986-03-10,FEMALE,XXXXX1234X,XXXXXXXX5678,9325959860,,,"58, Sector 24",,Gurugram,Haryana,122001,28.480826,77.059933,MEDIUM,50,520,9,18,HINDI,SALARIED,f,f,f,f,0,[],925f2498-7e16-46cf-8008-6d7516ec1e0d,2026-09-02 15:33:15.768524+00,2026-09-02 15:33:15.768524+00
DAILY2026092108,Vijay Singh,1986-03-10,MALE,XXXXX1234X,XXXXXXXX5678,9596120014,,,"32, Sector 35",,Gurugram,Haryana,122001,28.486313,77.058976,MEDIUM,50,520,9,18,HINDI,SALARIED,f,f,f,f,0,[],92a4c78c-e0c9-457a-977a-f48cbf09ebcc,2026-09-21 04:52:59.408731+00,2026-09-21 04:52:59.408736+00
CUST000067,Bishakha Upadhyay,1990-06-17,MALE,XXXXX7022X,XXXXXXXX2882,9918841563,,,"73
Dhillon Chowk",,Delhi,Delhi,549956,28.750081,77.148783,MEDIUM,50,355,9,18,HARYANVI,HOMEMAKER,f,f,f,f,0,[],9339433d-7018-4df9-8ab1-189b46c9ca29,2026-08-27 11:27:59.589041+00,2026-08-27 11:27:59.589042+00
DAILY20260907182,Anjali Singh,1986-03-10,FEMALE,XXXXX1234X,XXXXXXXX5678,9238107419,,,"136, Sector 6",,Delhi,Delhi,110001,28.540419,77.272798,MEDIUM,50,600,9,18,HINDI,SALARIED,f,f,f,f,0,[],936edb94-eea2-43c0-8f7f-78662dfca387,2026-09-07 04:59:06.860144+00,2026-09-21 05:54:36.180655+00
DAILY2026092122,Preeti Verma,1986-03-10,MALE,XXXXX1234X,XXXXXXXX5678,9421641139,,,"156, Sector 30",,Noida,Uttar Pradesh,201301,28.584486,77.263423,MEDIUM,50,600,9,18,HINDI,SALARIED,f,f,f,f,0,[],93c21e48-e461-45d2-98ea-894bcf698012,2026-09-21 04:52:59.505753+00,2026-09-21 05:54:36.180657+00
CUST000107,Yashica Borah,1975-06-13,FEMALE,XXXXX8710X,XXXXXXXX5681,9676267306,,,"H.No. 054
Chana Zila",,Noida,Uttar Pradesh,240440,28.449242,77.074621,MEDIUM,50,634,9,18,PUNJABI,BUSINESS_OWNER,f,f,f,f,0,[],93f75a61-fb83-4b76-b047-26f7efbc6e4d,2026-08-27 11:27:59.589128+00,2026-08-27 11:27:59.589128+00
DAILY20260918160,Divya Singh,1986-03-10,FEMALE,XXXXX1234X,XXXXXXXX5678,9669666844,,,"88, Sector 6",,Delhi,Delhi,110001,28.530248,77.217149,MEDIUM,50,520,9,18,HINDI,SALARIED,f,f,f,f,0,[],941a0274-fc46-4332-be25-745259c7e20d,2026-09-18 06:49:34.922649+00,2026-09-21 05:54:36.180658+00
CUST000247,Kashish Chad,1985-10-12,FEMALE,XXXXX5105X,XXXXXXXX3399,9166607238,8416904770,,"H.No. 013
Dave Chowk",,Gurugram,Haryana,667460,28.374699,77.048075,MEDIUM,50,446,9,18,HINDI,BUSINESS_OWNER,f,f,f,f,0,[],94484ef4-edc0-4952-a49e-ff298b02b8ba,2026-08-27 11:27:59.58946+00,2026-08-27 11:27:59.58946+00
DAILY20260921193,Preeti Reddy,1986-03-10,MALE,XXXXX1234X,XXXXXXXX5678,9574637392,,,"61, Sector 17",,Noida,Uttar Pradesh,201301,28.533952,77.322256,MEDIUM,50,520,9,18,HINDI,SALARIED,f,f,f,f,0,[],94c085f9-ffe2-45bb-b8e7-c196e52337bb,2026-09-21 04:53:00.764661+00,2026-09-21 05:54:36.180659+00
DAILY20260921117,Amit Chauhan,1986-03-10,FEMALE,XXXXX1234X,XXXXXXXX5678,9468015965,,,"60, Sector 64",,Noida,Uttar Pradesh,201301,28.51476,77.352199,MEDIUM,50,600,9,18,HINDI,SALARIED,f,f,f,f,0,[],94c14b3b-4a67-4e05-9d68-2be1ed2e8ff5,2026-09-21 04:53:00.161588+00,2026-09-21 05:54:36.180661+00
DAILY2026090308,Manish Malik,1986-03-10,FEMALE,XXXXX1234X,XXXXXXXX5678,9963900960,,,"77, Sector 32",,Delhi,Delhi,110001,28.674076,77.122307,MEDIUM,50,520,9,18,HINDI,SALARIED,f,f,f,f,0,[],94eef9ef-2c48-4308-b2d1-0ba0a14eaaa2,2026-09-02 15:33:15.604048+00,2026-09-21 05:54:36.180662+00
DAILY2026090743,Vijay Singh,1986-03-10,FEMALE,XXXXX1234X,XXXXXXXX5678,9406860372,,,"9, Sector 70",,Gurugram,Haryana,122001,28.487193,77.034079,MEDIUM,50,600,9,18,HINDI,SALARIED,f,f,f,f,0,[],9563f3ac-2622-4765-9ed7-e0dfe40868a1,2026-09-07 04:59:06.034636+00,2026-09-07 04:59:06.034639+00
DAILY20260907150,Nikhil Mehta,1986-03-10,MALE,XXXXX1234X,XXXXXXXX5678,9565105396,,,"45, Sector 18",,Gurugram,Haryana,122001,28.470326,77.036627,MEDIUM,50,520,9,18,HINDI,SALARIED,f,f,f,f,0,[],9576b0ea-3bb0-4bf1-9e95-ae39f39556bd,2026-09-07 04:59:06.657635+00,2026-09-21 05:54:36.185234+00
CUST000154,Chameli Mani,1990-06-10,MALE,XXXXX9907X,XXXXXXXX1602,9949030118,8853374076,enadig@example.com,"H.No. 19
Raghavan Circle",,Gurugram,Haryana,662986,28.56561,77.030983,MEDIUM,50,654,9,18,HARYANVI,SALARIED,f,f,f,f,0,[],957a0680-34c4-4244-976e-df6e7935a3ad,2026-08-27 11:27:59.589247+00,2026-08-27 11:27:59.589247+00
CUST000135,Gabriel Bhatti,1975-05-28,MALE,XXXXX8846X,XXXXXXXX4974,9846923032,8319594317,,"66/91
Nadig Street",,Delhi,Delhi,350956,28.601356,77.274687,MEDIUM,50,679,9,18,HARYANVI,BUSINESS_OWNER,f,f,f,f,0,[],95cf3e18-d85d-4685-b2a9-eadf282e3b9f,2026-08-27 11:27:59.589184+00,2026-08-27 11:27:59.589185+00
CUST000223,Dalaja Kaur,1979-12-18,FEMALE,XXXXX2166X,XXXXXXXX8736,9308889819,8830893658,,"10/371, Kara Street",,Gurugram,Haryana,412848,28.559585,77.066627,MEDIUM,50,598,9,18,URDU,SALARIED,f,f,f,f,0,[],95d5e321-1ee6-4abb-a068-7d974a83ffe8,2026-08-27 11:27:59.589392+00,2026-08-27 11:27:59.589392+00
DAILY20260903190,Rahul Nair,1986-03-10,MALE,XXXXX1234X,XXXXXXXX5678,9712009127,,,"56, Sector 66",,Gurugram,Haryana,122001,28.416314,77.054358,MEDIUM,50,520,9,18,HINDI,SALARIED,f,f,f,f,0,[],95edc3b7-fb1a-42c5-ab72-9f977a5bf345,2026-09-02 15:33:16.301408+00,2026-09-02 15:33:16.301408+00
DAILY20260907147,Amit Sharma,1986-03-10,MALE,XXXXX1234X,XXXXXXXX5678,9243146079,,,"94, Sector 35",,Gurugram,Haryana,122001,28.436738,77.097691,MEDIUM,50,600,9,18,HINDI,SALARIED,f,f,f,f,0,[],96b3811b-51b2-46d2-a98b-ca41899cd0b8,2026-09-07 04:59:06.640165+00,2026-09-07 04:59:06.640168+00
DAILY2026090324,Sanjay Yadav,1986-03-10,FEMALE,XXXXX1234X,XXXXXXXX5678,9475949960,,,"84, Sector 16",,Delhi,Delhi,110001,28.704743,77.184469,MEDIUM,50,520,9,18,HINDI,SALARIED,f,f,f,f,0,[],96e2459f-7e52-440e-bfb1-e787a2223bf9,2026-09-02 15:33:15.656765+00,2026-09-21 05:54:36.186308+00
CUST000173,Logan Thakur,2001-05-28,MALE,XXXXX2463X,XXXXXXXX2678,9210811807,,eiravatinagi@example.org,"836
Maharaj Road",,Delhi,Delhi,243790,28.527744,77.210514,MEDIUM,50,417,9,18,URDU,SELF_EMPLOYED,f,f,f,f,0,[],97737dbf-53ea-4ec3-82a5-13765791b483,2026-08-27 11:27:59.589285+00,2026-08-27 11:27:59.589285+00
DAILY20260918156,Sanjay Saxena,1986-03-10,FEMALE,XXXXX1234X,XXXXXXXX5678,9787692314,,,"97, Sector 41",,Delhi,Delhi,110001,28.622715,77.09206,MEDIUM,50,600,9,18,HINDI,SALARIED,f,f,f,f,0,[],977c1909-3ae3-44db-a18a-21f44f23158a,2026-09-18 06:49:34.899694+00,2026-09-21 05:54:36.186313+00
DAILY20260907162,Rohan Malik,1986-03-10,FEMALE,XXXXX1234X,XXXXXXXX5678,9196004744,,,"3, Sector 4",,Gurugram,Haryana,122001,28.461505,77.099495,MEDIUM,50,600,9,18,HINDI,SALARIED,f,f,f,f,0,[],97a0eafa-6fe7-4708-a3a2-144bfe9cb510,2026-09-07 04:59:06.743927+00,2026-09-07 04:59:06.743929+00
DAILY20260907175,Sneha Chauhan,1986-03-10,MALE,XXXXX1234X,XXXXXXXX5678,9596678866,,,"54, Sector 34",,Delhi,Delhi,110001,28.565384,77.079866,MEDIUM,50,600,9,18,HINDI,SALARIED,f,f,f,f,0,[],97d89b52-5e15-4c20-bc79-e67bafe4acb7,2026-09-07 04:59:06.817984+00,2026-09-21 05:54:36.186314+00
DAILY20260921157,Sneha Singh,1986-03-10,FEMALE,XXXXX1234X,XXXXXXXX5678,9869753597,,,"135, Sector 63",,Gurugram,Haryana,122001,28.569099,77.035869,MEDIUM,50,520,9,18,HINDI,SALARIED,f,f,f,f,0,[],98c76e8f-370e-447f-96c1-6db3d8978501,2026-09-21 04:53:00.527988+00,2026-09-21 05:54:36.188857+00
DAILY20260907160,Manish Chauhan,1986-03-10,FEMALE,XXXXX1234X,XXXXXXXX5678,9695849823,,,"54, Sector 58",,Gurugram,Haryana,122001,28.497078,77.050873,MEDIUM,50,600,9,18,HINDI,SALARIED,f,f,f,f,0,[],98e21c1a-69a7-4c17-99b8-020322cff4f5,2026-09-07 04:59:06.734122+00,2026-09-07 04:59:06.734124+00
DAILY20260921139,Vijay Gupta,1986-03-10,MALE,XXXXX1234X,XXXXXXXX5678,9332705494,,,"8, Sector 49",,Delhi,Delhi,110001,28.567065,77.238519,MEDIUM,50,600,9,18,HINDI,SALARIED,f,f,f,f,0,[],995c0a44-a6ba-426d-8059-51b149d3fd1d,2026-09-21 04:53:00.389616+00,2026-09-21 05:54:36.190276+00
DAILY2026090322,Rahul Bhatt,1986-03-10,FEMALE,XXXXX1234X,XXXXXXXX5678,9375471600,,,"158, Sector 48",,Gurugram,Haryana,122001,28.490572,77.063406,MEDIUM,50,600,9,18,HINDI,SALARIED,f,f,f,f,0,[],997e5bd5-f5fd-4795-99b3-e81247f8f19c,2026-09-02 15:33:15.643497+00,2026-09-02 15:33:15.643497+00
DAILY2026090763,Pooja Verma,1986-03-10,MALE,XXXXX1234X,XXXXXXXX5678,9342021886,,,"186, Sector 56",,Gurugram,Haryana,122001,28.480058,77.071137,MEDIUM,50,600,9,18,HINDI,SALARIED,f,f,f,f,0,[],9a4caf91-32cf-4730-af7f-5fd8b4ec374b,2026-09-07 04:59:06.167107+00,2026-09-07 04:59:06.16711+00
DAILY20260903118,Anjali Saxena,1986-03-10,MALE,XXXXX1234X,XXXXXXXX5678,9596244657,,,"178, Sector 1",,Noida,Uttar Pradesh,201310,28.439929,77.523575,MEDIUM,50,520,9,18,HINDI,SALARIED,f,f,f,f,0,[],9a834bac-55bf-41fb-98fb-f8e648aecf1b,2026-09-02 15:33:16.043766+00,2026-09-21 05:54:36.190283+00
DAILY20260918178,Deepak Nair,1986-03-10,FEMALE,XXXXX1234X,XXXXXXXX5678,9987886616,,,"28, Sector 11",,Delhi,Delhi,110001,28.548562,77.233304,MEDIUM,50,520,9,18,HINDI,SALARIED,f,f,f,f,0,[],9ad965b5-5ff5-475c-bc28-a96f3f36d1d8,2026-09-18 06:49:35.019249+00,2026-09-21 05:54:36.190285+00
DAILY20260907152,Rahul Gupta,1986-03-10,MALE,XXXXX1234X,XXXXXXXX5678,9997560607,,,"79, Sector 29",,Gurugram,Haryana,122001,28.507159,77.046986,MEDIUM,50,600,9,18,HINDI,SALARIED,f,f,f,f,0,[],9aecb1ff-1e60-4aac-a016-51ed23a8f416,2026-09-07 04:59:06.688132+00,2026-09-07 04:59:06.688139+00
DAILY20260907183,Divya Reddy,1986-03-10,FEMALE,XXXXX1234X,XXXXXXXX5678,9815425613,,,"127, Sector 8",,Gurugram,Haryana,122001,28.47495,77.082898,MEDIUM,50,520,9,18,HINDI,SALARIED,f,f,f,f,0,[],9af2d1bf-9c01-42fb-81d3-6dd596e5e720,2026-09-07 04:59:06.866293+00,2026-09-07 04:59:06.866296+00
DAILY2026090694,Amit Bhatt,1986-03-10,FEMALE,XXXXX1234X,XXXXXXXX5678,9507261511,,,"138, Sector 45",,Gurugram,Haryana,122001,28.517829,77.052555,MEDIUM,50,520,9,18,HINDI,SALARIED,f,f,f,f,0,[],9b1e53ca-2dca-4fd1-a414-f20d143e5604,2026-09-06 13:30:49.359773+00,2026-09-06 13:30:49.359776+00
DAILY20260903151,Pooja Nair,1986-03-10,MALE,XXXXX1234X,XXXXXXXX5678,9804097989,,,"161, Sector 69",,Gurugram,Haryana,122001,28.44421,77.098745,MEDIUM,50,520,9,18,HINDI,SALARIED,f,f,f,f,0,[],9b4e7894-d6fb-41cb-85b2-559cd2730453,2026-09-02 15:33:16.163146+00,2026-09-02 15:33:16.163146+00
CUST000030,Indali Upadhyay,1978-11-03,FEMALE,XXXXX4130X,XXXXXXXX2402,9359154084,8624606470,ayaan14@example.org,"H.No. 196
Murthy Path",,Delhi,Delhi,351997,28.564274,77.099142,MEDIUM,50,305,9,18,URDU,RETIRED,f,t,f,f,0,[],9b58df38-bebe-4789-ba48-85f2e6c54c73,2026-08-27 11:27:59.58897+00,2026-08-27 11:27:59.588971+00
CUST000374,Harshil Chandran,1966-01-28,MALE,XXXXX9704X,XXXXXXXX6797,9563626557,8800150455,bbhagat@example.com,"H.No. 492, Ramakrishnan Zila",,Gurugram,Haryana,451238,28.473283,77.107199,MEDIUM,50,321,9,18,PUNJABI,BUSINESS_OWNER,f,f,f,f,0,[],9b8b08c8-224d-4345-889e-7caf79340a09,2026-08-27 11:27:59.58973+00,2026-08-27 11:27:59.589731+00
CUST000306,Harshil Raval,1979-04-28,MALE,XXXXX5523X,XXXXXXXX2960,9524995927,8109588354,chanddaksha@example.net,"75/503, Narula Chowk",,Gurugram,Haryana,709303,28.436128,77.155821,MEDIUM,50,307,9,18,URDU,HOMEMAKER,f,f,f,f,0,[],9bc89195-91b9-45b3-801e-89b0ff7225c1,2026-08-27 11:27:59.589587+00,2026-08-27 11:27:59.589587+00
CUST000193,Lopa Nadig,1977-05-11,MALE,XXXXX5026X,XXXXXXXX5835,9635680789,,ahluwaliadarika@example.com,"H.No. 12
Grover Zila",,Delhi,Delhi,163941,28.721745,77.022098,MEDIUM,50,376,9,18,HINDI,BUSINESS_OWNER,f,f,f,f,0,[],9bd1b138-1ded-4ba6-8eba-013a26589c63,2026-08-27 11:27:59.589328+00,2026-08-27 11:27:59.589329+00
CUST000062,Banjeet Gill,1981-07-13,MALE,XXXXX9408X,XXXXXXXX2786,9585337126,8760465943,,"H.No. 29
Swamy Marg",,Gurugram,Haryana,790909,28.457603,77.122057,MEDIUM,50,529,9,18,HARYANVI,BUSINESS_OWNER,f,f,f,f,0,[],9c11d006-70d3-4e77-b7b4-e029a51da401,2026-08-27 11:27:59.589032+00,2026-08-27 11:27:59.589032+00
DAILY2026090320,Nikhil Singh,1986-03-10,FEMALE,XXXXX1234X,XXXXXXXX5678,9215185320,,,"40, Sector 48",,Noida,Uttar Pradesh,201301,28.558973,77.35424,MEDIUM,50,520,9,18,HINDI,SALARIED,f,f,f,f,0,[],9c339a04-e045-4dc5-b0f1-257e3aa872cf,2026-09-02 15:33:15.641808+00,2026-09-21 05:54:36.190287+00
CUST000036,Mugdha Kohli,1969-04-05,MALE,XXXXX2330X,XXXXXXXX3573,9357553274,,,"H.No. 632, Shetty Circle",,Gurugram,Haryana,102805,28.491397,77.077115,MEDIUM,50,408,9,18,URDU,RETIRED,f,f,f,f,0,[],9c8b413a-0404-46b6-b5f1-c52686328deb,2026-08-27 11:27:59.588982+00,2026-08-27 11:27:59.588983+00
DAILY20260921121,Deepak Sharma,1986-03-10,FEMALE,XXXXX1234X,XXXXXXXX5678,9554730100,,,"168, Sector 49",,Delhi,Delhi,110001,28.700831,77.083992,MEDIUM,50,520,9,18,HINDI,SALARIED,f,f,f,f,0,[],9c8caec6-16e1-4f30-b16e-121b77596bc4,2026-09-21 04:53:00.186383+00,2026-09-21 05:54:36.190288+00
DAILY20260906152,Amit Nair,1986-03-10,FEMALE,XXXXX1234X,XXXXXXXX5678,9967637858,,,"88, Sector 58",,Gurugram,Haryana,122001,28.489422,77.093634,MEDIUM,50,520,9,18,HINDI,SALARIED,f,f,f,f,0,[],9cbf673a-f94a-4e10-87ff-954fc66caf42,2026-09-06 13:30:49.723201+00,2026-09-06 13:30:49.723204+00
DAILY2026090699,Divya Yadav,1986-03-10,FEMALE,XXXXX1234X,XXXXXXXX5678,9793577256,,,"187, Sector 24",,Noida,Uttar Pradesh,201310,28.494725,77.49338,MEDIUM,50,520,9,18,HINDI,SALARIED,f,f,f,f,0,[],9d0113e7-4863-4e9a-bb08-124dafabd449,2026-09-06 13:30:49.385548+00,2026-09-21 05:54:36.190289+00
CUST000117,Bhavani Chacko,1992-08-26,MALE,XXXXX8739X,XXXXXXXX2647,9831424323,8105563528,shivani82@example.com,"750, Bera Marg",,Noida,Uttar Pradesh,265613,28.508365,77.335253,MEDIUM,50,511,9,18,URDU,RETIRED,f,f,f,f,0,[],9d36153b-9490-468e-8f0c-6acd4b668a26,2026-08-27 11:27:59.589148+00,2026-08-27 11:27:59.589148+00
DAILY20260921194,Preeti Yadav,1986-03-10,FEMALE,XXXXX1234X,XXXXXXXX5678,9425271353,,,"12, Sector 45",,Gurugram,Haryana,122001,28.375443,77.076651,MEDIUM,50,520,9,18,HINDI,SALARIED,f,f,f,f,0,[],9d4e810a-26ec-405c-8d51-1354ccd34755,2026-09-21 04:53:00.7696+00,2026-09-21 05:54:36.194264+00
DAILY20260906137,Vijay Singh,1986-03-10,FEMALE,XXXXX1234X,XXXXXXXX5678,9711050078,,,"105, Sector 2",,Noida,Uttar Pradesh,201310,28.453641,77.496957,MEDIUM,50,520,9,18,HINDI,SALARIED,f,f,f,f,0,[],9de1eebc-41e6-4def-8a3a-18d681214c30,2026-09-06 13:30:49.627759+00,2026-09-21 05:54:36.195439+00
DAILY2026090698,Neha Reddy,1986-03-10,MALE,XXXXX1234X,XXXXXXXX5678,9807214499,,,"127, Sector 8",,Gurugram,Haryana,122001,28.448804,77.143187,MEDIUM,50,520,9,18,HINDI,SALARIED,f,f,f,f,0,[],9e0cb0bc-f12b-45ac-93ec-341f1b677971,2026-09-06 13:30:49.380596+00,2026-09-21 05:54:36.197432+00
DAILY2026090387,Sneha Nair,1986-03-10,MALE,XXXXX1234X,XXXXXXXX5678,9122332717,,,"123, Sector 16",,Gurugram,Haryana,122001,28.400594,77.032661,MEDIUM,50,600,9,18,HINDI,SALARIED,f,f,f,f,0,[],9e1d46f0-c322-48d8-926a-a006050e861d,2026-09-02 15:33:15.920891+00,2026-09-02 15:33:15.920891+00
CUST000197,Warhi Hayre,1981-01-19,FEMALE,XXXXX6063X,XXXXXXXX3876,9626602103,,,"H.No. 06, Rai Path",,Delhi,Delhi,730889,28.702506,77.106594,MEDIUM,50,552,9,18,ENGLISH,SALARIED,f,t,f,f,0,[],9e22540f-abc7-46a6-a05c-b5c3a65d69ba,2026-08-27 11:27:59.589337+00,2026-08-27 11:27:59.589337+00
DAILY2026091861,Pooja Yadav,1986-03-10,FEMALE,XXXXX1234X,XXXXXXXX5678,9184076584,,,"94, Sector 17",,Gurugram,Haryana,122001,28.428734,77.045942,MEDIUM,50,520,9,18,HINDI,SALARIED,f,f,f,f,0,[],9e8af8da-3abb-46a4-b9e8-7d0db7ec6504,2026-09-18 06:49:34.338423+00,2026-09-18 06:49:34.338428+00
DAILY2026092125,Nikhil Verma,1986-03-10,MALE,XXXXX1234X,XXXXXXXX5678,9331001518,,,"107, Sector 25",,Gurugram,Haryana,122001,28.469404,77.019381,MEDIUM,50,520,9,18,HINDI,SALARIED,f,f,f,f,0,[],9e9941cd-a084-4346-803e-30735ac95bc5,2026-09-21 04:52:59.530132+00,2026-09-21 05:54:36.197438+00
DAILY2026090678,Vijay Nair,1986-03-10,MALE,XXXXX1234X,XXXXXXXX5678,9903106538,,,"187, Sector 68",,Gurugram,Haryana,122001,28.414749,77.033711,MEDIUM,50,520,9,18,HINDI,SALARIED,f,f,f,f,0,[],9ebda412-3077-4bb7-81c2-d2b51c1cf994,2026-09-06 13:30:49.27036+00,2026-09-06 13:30:49.270365+00
DAILY20260906151,Amit Nair,1986-03-10,FEMALE,XXXXX1234X,XXXXXXXX5678,9775432707,,,"23, Sector 40",,Delhi,Delhi,110001,28.49454,77.211415,MEDIUM,50,600,9,18,HINDI,SALARIED,f,f,f,f,0,[],9edea533-4303-421a-8836-3bc1d841615b,2026-09-06 13:30:49.717082+00,2026-09-21 05:54:36.199487+00
CUST000187,Charita Buch,1988-06-29,FEMALE,XXXXX2391X,XXXXXXXX2565,9642698931,,chandernidra@example.com,"70/02
Tata Zila",,Gurugram,Haryana,178465,28.42065,77.106657,MEDIUM,50,534,9,18,HARYANVI,HOMEMAKER,f,f,f,f,0,[],9ef461fd-6129-47ff-b256-f494fc8b0d37,2026-08-27 11:27:59.589316+00,2026-08-27 11:27:59.589316+00
DAILY20260907177,Vijay Sharma,1986-03-10,MALE,XXXXX1234X,XXXXXXXX5678,9859135992,,,"182, Sector 64",,Gurugram,Haryana,122001,28.41998,77.079831,MEDIUM,50,520,9,18,HINDI,SALARIED,f,f,f,f,0,[],9f0cf2ad-b4a1-4164-886b-aaf8ac88300c,2026-09-07 04:59:06.83064+00,2026-09-21 05:54:36.201154+00
CUST000021,Balveer Bumb,1979-08-01,MALE,XXXXX7678X,XXXXXXXX6421,9682624278,8166857303,,"H.No. 35
Lanka Ganj",,Gurugram,Haryana,540552,28.533887,77.096049,MEDIUM,50,332,9,18,URDU,HOMEMAKER,f,t,f,f,0,[],9f305358-f359-44a8-bace-30ece8093e9c,2026-08-27 11:27:59.588943+00,2026-08-27 11:27:59.588944+00
CUST000291,Radha Desai,1976-09-04,MALE,XXXXX9185X,XXXXXXXX3203,9777157408,8873695765,,"H.No. 32
Bahl Marg",,Noida,Uttar Pradesh,610258,28.500465,77.356118,MEDIUM,50,390,9,18,PUNJABI,BUSINESS_OWNER,f,f,f,f,0,[],9f481d78-b8ae-4d67-9ead-c343f18ffe12,2026-08-27 11:27:59.589556+00,2026-08-27 11:27:59.589557+00
DAILY2026090737,Rahul Nair,1986-03-10,FEMALE,XXXXX1234X,XXXXXXXX5678,9593787390,,,"132, Sector 45",,Gurugram,Haryana,122001,28.469964,77.049799,MEDIUM,50,520,9,18,HINDI,SALARIED,f,f,f,f,0,[],9f4a5f6a-a78b-40e4-818b-26629b38b38b,2026-09-07 04:59:05.997711+00,2026-09-07 04:59:05.997714+00
CUST000106,Diya Dora,1980-05-12,MALE,XXXXX9433X,XXXXXXXX8648,9635539154,8634047267,,"44
Bhalla",,Delhi,Delhi,512344,28.672921,77.116999,MEDIUM,50,381,9,18,HARYANVI,RETIRED,f,f,f,f,0,[],9f500c68-1feb-4674-843b-85b0e734ffae,2026-08-27 11:27:59.589126+00,2026-08-27 11:27:59.589126+00
DAILY20260903180,Deepak Reddy,1986-03-10,MALE,XXXXX1234X,XXXXXXXX5678,9712557636,,,"101, Sector 27",,Gurugram,Haryana,122001,28.467903,77.093413,MEDIUM,50,600,9,18,HINDI,SALARIED,f,f,f,f,0,[],9f5b7b97-452d-46f3-89ff-592e10489d93,2026-09-02 15:33:16.265582+00,2026-09-02 15:33:16.265582+00
DAILY2026090609,Divya Yadav,1986-03-10,MALE,XXXXX1234X,XXXXXXXX5678,9751623363,,,"179, Sector 39",,Noida,Uttar Pradesh,201301,28.530302,77.350363,MEDIUM,50,520,9,18,HINDI,SALARIED,f,f,f,f,0,[],9f827319-7116-44c9-8f47-bc88c052a7ca,2026-09-06 13:30:48.705235+00,2026-09-21 05:54:36.202646+00
DAILY20260918123,Rahul Reddy,1986-03-10,FEMALE,XXXXX1234X,XXXXXXXX5678,9789480452,,,"40, Sector 61",,Gurugram,Haryana,122001,28.470073,77.084705,MEDIUM,50,520,9,18,HINDI,SALARIED,f,f,f,f,0,[],9f96bfe9-302d-4162-abad-6332fdf1c130,2026-09-18 06:49:34.725393+00,2026-09-21 05:54:36.203998+00
CUST000156,Anita Devan,1967-10-21,FEMALE,XXXXX9199X,XXXXXXXX3469,9470405910,8618371508,,"083, Ben Ganj",,Noida,Uttar Pradesh,536181,28.503171,77.345668,MEDIUM,50,647,9,18,HINDI,SALARIED,f,f,f,f,0,[],9fc92cd0-ece2-4a0d-9874-ee71c511c0fd,2026-08-27 11:27:59.589251+00,2026-08-27 11:27:59.589251+00
CUST000220,Warda Loyal,1975-12-03,MALE,XXXXX7620X,XXXXXXXX6236,9830955923,,,"H.No. 89
Sundaram Street",,Delhi,Delhi,621533,28.547641,77.118354,MEDIUM,50,423,9,18,PUNJABI,BUSINESS_OWNER,f,f,f,f,0,[],9fd94f19-0418-4061-a80c-b65386790fb9,2026-08-27 11:27:59.589385+00,2026-08-27 11:27:59.589386+00
DAILY2026092134,Vijay Yadav,1986-03-10,MALE,XXXXX1234X,XXXXXXXX5678,9833274040,,,"186, Sector 65",,Gurugram,Haryana,122001,28.489487,77.074593,MEDIUM,50,520,9,18,HINDI,SALARIED,f,f,f,f,0,[],9ffa6f7f-cd29-42af-8c39-972dfba034d8,2026-09-21 04:52:59.581342+00,2026-09-21 04:52:59.581345+00
CUST000185,Yadavi Sani,1994-04-15,MALE,XXXXX4201X,XXXXXXXX9954,9916561565,8261669421,,"H.No. 182, Handa Ganj",,Noida,Uttar Pradesh,529954,28.513254,77.345607,MEDIUM,50,602,9,18,HINDI,SELF_EMPLOYED,f,f,f,f,0,[],a0158dd5-b538-448d-b064-7c85fffff52d,2026-08-27 11:27:59.589312+00,2026-08-27 11:27:59.589312+00
DAILY2026091885,Amit Saxena,1986-03-10,FEMALE,XXXXX1234X,XXXXXXXX5678,9980343933,,,"82, Sector 54",,Noida,Uttar Pradesh,201310,28.457547,77.52817,MEDIUM,50,600,9,18,HINDI,SALARIED,f,f,f,f,0,[],a03ef313-4cd2-4abc-97fb-37b615db8d79,2026-09-18 06:49:34.481557+00,2026-09-21 05:54:36.205655+00
DAILY20260903158,Nikhil Saxena,1986-03-10,MALE,XXXXX1234X,XXXXXXXX5678,9358562774,,,"9, Sector 23",,Noida,Uttar Pradesh,201301,28.562866,77.370222,MEDIUM,50,520,9,18,HINDI,SALARIED,f,f,f,f,0,[],a0408001-7f71-4478-b2af-167579842e8e,2026-09-02 15:33:16.184769+00,2026-09-21 05:54:36.20566+00
CUST000037,Zaid Dara,1980-12-30,MALE,XXXXX4824X,XXXXXXXX5334,9945923902,8733281747,jwali@example.net,"98
Sehgal Marg",,Delhi,Delhi,307428,28.597693,77.052248,MEDIUM,50,532,9,18,URDU,SALARIED,f,f,f,f,0,[],a0809318-6545-4914-bb03-9ee9edd75583,2026-08-27 11:27:59.588984+00,2026-08-27 11:27:59.588985+00
DAILY20260906119,Nikhil Reddy,1986-03-10,FEMALE,XXXXX1234X,XXXXXXXX5678,9615024029,,,"199, Sector 9",,Gurugram,Haryana,122001,28.480847,77.079715,MEDIUM,50,600,9,18,HINDI,SALARIED,f,f,f,f,0,[],a09dec2a-98fb-4634-a86c-faf267ebbb33,2026-09-06 13:30:49.512398+00,2026-09-21 05:54:36.207547+00
DAILY2026092127,Sneha Nair,1986-03-10,MALE,XXXXX1234X,XXXXXXXX5678,9993635234,,,"99, Sector 67",,Gurugram,Haryana,122001,28.512881,77.033914,MEDIUM,50,600,9,18,HINDI,SALARIED,f,f,f,f,0,[],a0c02a1e-eb6d-489a-851c-85538b3569b8,2026-09-21 04:52:59.542189+00,2026-09-21 04:52:59.542193+00
DAILY2026091898,Rahul Reddy,1986-03-10,FEMALE,XXXXX1234X,XXXXXXXX5678,9123783019,,,"25, Sector 43",,Gurugram,Haryana,122001,28.501376,77.039624,MEDIUM,50,520,9,18,HINDI,SALARIED,f,f,f,f,0,[],a142938d-1def-4e82-89df-02b14b1571d7,2026-09-18 06:49:34.566863+00,2026-09-18 06:49:34.566867+00
DEMO0009,Kavitha Rao Pillai,1985-06-15,FEMALE,XXXXX1234X,XXXXXXXX5678,9876541009,,,"Flat 7C, Orchid Petals, Sector 49",,Gurugram,Haryana,122018,28.4192,77.082,MEDIUM,50,600,9,18,HINDI,SALARIED,f,f,t,f,0,[],a15e2e87-6de4-4701-9903-e88d34133ad8,2026-08-27 11:28:09.582884+00,2026-08-27 11:28:09.582886+00
DAILY20260918134,Sneha Singh,1986-03-10,MALE,XXXXX1234X,XXXXXXXX5678,9612497108,,,"31, Sector 29",,Delhi,Delhi,110001,28.568644,77.291179,MEDIUM,50,520,9,18,HINDI,SALARIED,f,f,f,f,0,[],a1d6d46a-5876-4896-b4ff-8129235598cc,2026-09-18 06:49:34.783781+00,2026-09-21 05:54:36.208586+00
DAILY20260903113,Deepak Saxena,1986-03-10,MALE,XXXXX1234X,XXXXXXXX5678,9271603325,,,"134, Sector 15",,Noida,Uttar Pradesh,201301,28.591052,77.272959,MEDIUM,50,520,9,18,HINDI,SALARIED,f,f,f,f,0,[],a1fc9473-3c26-4b7e-90ed-54cff4f3ea41,2026-09-02 15:33:16.022902+00,2026-09-21 05:54:36.208592+00
CUST000110,Nilima Nigam,1989-06-14,FEMALE,XXXXX5902X,XXXXXXXX6511,9644725317,8671595541,,"51/518, Mander Marg",,Delhi,Delhi,690268,28.630786,76.94807,MEDIUM,50,501,9,18,PUNJABI,RETIRED,f,f,f,f,0,[],a1feb658-0220-40bc-9c51-ba28e188cc37,2026-08-27 11:27:59.589134+00,2026-08-27 11:27:59.589134+00
CUST000095,Jason Roy,1977-02-01,FEMALE,XXXXX3621X,XXXXXXXX1510,9253308283,8828092377,sbehl@example.net,"H.No. 19
Kala Circle",,Noida,Uttar Pradesh,136489,28.540859,77.037997,MEDIUM,50,562,9,18,ENGLISH,SALARIED,f,f,f,f,0,[],a24fe76c-e6ae-4b2a-bcf4-2691ff5934e0,2026-08-27 11:27:59.589101+00,2026-08-27 11:27:59.589102+00
CUST000312,Chaitaly Sethi,1994-03-27,FEMALE,XXXXX5193X,XXXXXXXX1804,9493369637,,nitaravala@example.com,"83/339
Pai Road",,Delhi,Delhi,113721,28.632016,77.203133,MEDIUM,50,619,9,18,ENGLISH,RETIRED,f,f,f,f,0,[],a28aa48d-a8a8-4e65-b147-a14037eef4bd,2026-08-27 11:27:59.5896+00,2026-08-27 11:27:59.589601+00
DAILY20260903165,Deepak Yadav,1986-03-10,MALE,XXXXX1234X,XXXXXXXX5678,9516576252,,,"64, Sector 22",,Delhi,Delhi,110001,28.646325,77.035644,MEDIUM,50,520,9,18,HINDI,SALARIED,f,f,f,f,0,[],a294db46-f78a-4163-aee1-4ed53973e32a,2026-09-02 15:33:16.200157+00,2026-09-21 05:54:36.208595+00
CUST000276,Jyoti Shetty,1982-11-06,MALE,XXXXX9515X,XXXXXXXX1117,9502685267,8838483906,balasubramanianwyatt@example.com,"72/79
Palla Circle",,Noida,Uttar Pradesh,528705,28.579585,77.311031,MEDIUM,50,567,9,18,PUNJABI,SALARIED,f,f,f,f,0,[],a2b648d3-427b-4a3c-8974-a9010193f886,2026-08-27 11:27:59.589526+00,2026-08-27 11:27:59.589526+00
DAILY20260903155,Preeti Reddy,1986-03-10,FEMALE,XXXXX1234X,XXXXXXXX5678,9616279859,,,"31, Sector 58",,Gurugram,Haryana,122001,28.509563,77.033474,MEDIUM,50,520,9,18,HINDI,SALARIED,f,f,f,f,0,[],a2c00a7a-494f-4b71-963c-9392989e467c,2026-09-02 15:33:16.177447+00,2026-09-02 15:33:16.177447+00
DAILY2026090765,Sanjay Singh,1986-03-10,FEMALE,XXXXX1234X,XXXXXXXX5678,9395539746,,,"86, Sector 49",,Gurugram,Haryana,122001,28.497852,77.032937,MEDIUM,50,600,9,18,HINDI,SALARIED,f,f,f,f,0,[],a2de110d-6d7b-438c-9ab1-b6ad7395f2f8,2026-09-07 04:59:06.178985+00,2026-09-07 04:59:06.178988+00
DAILY20260903135,Pooja Yadav,1986-03-10,FEMALE,XXXXX1234X,XXXXXXXX5678,9986845441,,,"181, Sector 62",,Gurugram,Haryana,122001,28.569194,77.041713,MEDIUM,50,520,9,18,HINDI,SALARIED,f,f,f,f,0,[],a2ed3086-28be-4acc-915d-fc73499f47c7,2026-09-02 15:33:16.099983+00,2026-09-21 05:54:36.212265+00
DAILY2026091818,Sanjay Reddy,1986-03-10,FEMALE,XXXXX1234X,XXXXXXXX5678,9977432788,,,"186, Sector 26",,Gurugram,Haryana,122001,28.482795,77.066969,MEDIUM,50,520,9,18,HINDI,SALARIED,f,f,f,f,0,[],a2ff129f-e5d9-493d-9bdc-ccfe546ed407,2026-09-18 06:49:34.111874+00,2026-09-18 06:49:34.111904+00
DAILY20260907179,Amit Saxena,1986-03-10,FEMALE,XXXXX1234X,XXXXXXXX5678,9381608638,,,"177, Sector 22",,Gurugram,Haryana,122001,28.431405,77.043715,MEDIUM,50,600,9,18,HINDI,SALARIED,f,f,f,f,0,[],a3084547-5bf2-4d60-b338-3559ef2c6a93,2026-09-07 04:59:06.841632+00,2026-09-07 04:59:06.841653+00
DAILY20260903191,Preeti Nair,1986-03-10,MALE,XXXXX1234X,XXXXXXXX5678,9258395539,,,"152, Sector 69",,Gurugram,Haryana,122001,28.420611,77.047636,MEDIUM,50,520,9,18,HINDI,SALARIED,f,f,f,f,0,[],a31ad1be-2631-4d27-bdfd-a9a01e79b503,2026-09-02 15:33:16.301408+00,2026-09-02 15:33:16.301408+00
DAILY2026091891,Manish Verma,1986-03-10,FEMALE,XXXXX1234X,XXXXXXXX5678,9260964462,,,"67, Sector 55",,Gurugram,Haryana,122001,28.505557,77.084016,MEDIUM,50,520,9,18,HINDI,SALARIED,f,f,f,f,0,[],a3395cc3-ddfa-4e79-8042-42f8fe779df4,2026-09-18 06:49:34.520447+00,2026-09-18 06:49:34.520451+00
CUST000257,Udant Gill,1978-01-11,MALE,XXXXX2189X,XXXXXXXX6860,9639917068,,joshua20@example.net,"02/95
Kant",,Noida,Uttar Pradesh,415989,28.540163,77.405883,MEDIUM,50,599,9,18,HARYANVI,SALARIED,f,f,f,f,0,[],a34cfc06-b72f-45ec-a606-4549fa1be6ad,2026-08-27 11:27:59.589478+00,2026-08-27 11:27:59.589479+00
CUST000262,Raagini Gala,1986-09-24,MALE,XXXXX3496X,XXXXXXXX6971,9967261018,,,"015
Gupta Ganj",,Delhi,Delhi,105066,28.528655,77.06124,MEDIUM,50,637,9,18,PUNJABI,SELF_EMPLOYED,f,f,f,f,0,[],a353c880-b259-4246-9f80-e49b283012dd,2026-08-27 11:27:59.589488+00,2026-08-27 11:27:59.589488+00
CUST000267,Gunbir Chada,1989-01-15,FEMALE,XXXXX4387X,XXXXXXXX9485,9949824193,,,"38/06
Sahota Circle",,Noida,Uttar Pradesh,576728,28.582912,77.23216,MEDIUM,50,321,9,18,HINDI,SALARIED,f,f,f,f,0,[],a3a84c49-dfc9-4194-9a32-da20f8d759df,2026-08-27 11:27:59.589507+00,2026-08-27 11:27:59.589508+00
DAILY2026090771,Nikhil Singh,1986-03-10,FEMALE,XXXXX1234X,XXXXXXXX5678,9412272246,,,"146, Sector 57",,Delhi,Delhi,110001,28.706442,77.153059,MEDIUM,50,520,9,18,HINDI,SALARIED,f,f,f,f,0,[],a3b82e90-13e0-456f-a372-89a15d0559f4,2026-09-07 04:59:06.215449+00,2026-09-21 05:54:36.214421+00
DAILY20260906163,Neha Verma,1986-03-10,MALE,XXXXX1234X,XXXXXXXX5678,9147357155,,,"86, Sector 38",,Noida,Uttar Pradesh,201301,28.511495,77.327899,MEDIUM,50,520,9,18,HINDI,SALARIED,f,f,f,f,0,[],a4217cb6-29b9-4f6c-b1fd-f89223e0cbbc,2026-09-06 13:30:49.795237+00,2026-09-21 05:54:36.214428+00
CUST000297,Indrajit Tak,1969-04-27,FEMALE,XXXXX6846X,XXXXXXXX6328,9611267257,8680447823,vaidyafalan@example.net,"H.No. 37, Lalla Road",,Gurugram,Haryana,675191,28.41696,77.096477,MEDIUM,50,317,9,18,URDU,SELF_EMPLOYED,f,f,f,f,0,[],a45ed2c0-f4e6-453a-9673-07c681b2e42b,2026-08-27 11:27:59.589568+00,2026-08-27 11:27:59.589569+00
DAILY2026092101,Rohan Yadav,1986-03-10,MALE,XXXXX1234X,XXXXXXXX5678,9528375060,,,"112, Sector 9",,Gurugram,Haryana,122001,28.510207,77.092714,MEDIUM,50,520,9,18,HINDI,SALARIED,f,f,f,f,0,[],a481df14-e010-40a3-b9aa-03b555854ba6,2026-09-21 04:52:59.334227+00,2026-09-21 04:52:59.334234+00
CUST000147,Kashvi Nori,1984-11-06,FEMALE,XXXXX3527X,XXXXXXXX7383,9440030663,,,"398
Tella Marg",,Noida,Uttar Pradesh,423241,28.524936,77.030244,MEDIUM,50,664,9,18,URDU,BUSINESS_OWNER,f,f,f,f,0,[],a4a0aec6-22fe-4287-8458-2bab6c671180,2026-08-27 11:27:59.589232+00,2026-08-27 11:27:59.589233+00
DAILY20260921158,Neha Gupta,1986-03-10,MALE,XXXXX1234X,XXXXXXXX5678,9908289376,,,"199, Sector 2",,Delhi,Delhi,110001,28.626479,77.228684,MEDIUM,50,520,9,18,HINDI,SALARIED,f,f,f,f,0,[],a4c9cceb-de44-4371-a3f6-2d7bae1743f8,2026-09-21 04:53:00.534614+00,2026-09-21 05:54:36.21443+00
DAILY20260918159,Pooja Saxena,1986-03-10,FEMALE,XXXXX1234X,XXXXXXXX5678,9473320627,,,"199, Sector 8",,Delhi,Delhi,110001,28.597111,77.223041,MEDIUM,50,520,9,18,HINDI,SALARIED,f,f,f,f,0,[],a5803185-4b84-49c6-af7e-864c0f39883b,2026-09-18 06:49:34.916633+00,2026-09-21 05:54:36.214431+00
DAILY2026091877,Vijay Gupta,1986-03-10,MALE,XXXXX1234X,XXXXXXXX5678,9770994446,,,"30, Sector 38",,Noida,Uttar Pradesh,201301,28.603245,77.3689,MEDIUM,50,520,9,18,HINDI,SALARIED,f,f,f,f,0,[],a6085e7b-37ee-40e8-84a9-39ec9cb11bb3,2026-09-18 06:49:34.433971+00,2026-09-21 05:54:36.214433+00
DAILY20260918187,Preeti Singh,1986-03-10,MALE,XXXXX1234X,XXXXXXXX5678,9437203625,,,"23, Sector 12",,Noida,Uttar Pradesh,201301,28.575482,77.276169,MEDIUM,50,520,9,18,HINDI,SALARIED,f,f,f,f,0,[],a60e6a90-54d6-461a-84d8-85e17c847583,2026-09-18 06:49:35.067042+00,2026-09-21 05:54:36.214434+00
DAILY2026090788,Manish Saxena,1986-03-10,FEMALE,XXXXX1234X,XXXXXXXX5678,9211381917,,,"58, Sector 64",,Delhi,Delhi,110001,28.629566,77.019253,MEDIUM,50,520,9,18,HINDI,SALARIED,f,f,f,f,0,[],a628e6ec-61a9-4825-989c-2f7530f6b9cc,2026-09-07 04:59:06.317872+00,2026-09-21 05:54:36.214436+00
DAILY2026091876,Nikhil Nair,1986-03-10,FEMALE,XXXXX1234X,XXXXXXXX5678,9614085161,,,"97, Sector 43",,Gurugram,Haryana,122001,28.459077,77.038619,MEDIUM,50,520,9,18,HINDI,SALARIED,f,f,f,f,0,[],a638c245-fd3d-4d64-b626-cf762096e691,2026-09-18 06:49:34.42768+00,2026-09-18 06:49:34.427684+00
DAILY20260906117,Rahul Reddy,1986-03-10,MALE,XXXXX1234X,XXXXXXXX5678,9205207208,,,"95, Sector 31",,Gurugram,Haryana,122001,28.443886,76.998023,MEDIUM,50,520,9,18,HINDI,SALARIED,f,f,f,f,0,[],a63e9ed9-18e1-4739-923d-13324393ca2c,2026-09-06 13:30:49.499444+00,2026-09-21 05:54:36.220233+00
CUST000038,Vaishnavi Sengupta,1973-07-02,FEMALE,XXXXX5728X,XXXXXXXX8195,9233523720,8426515425,aradhanaverma@example.com,"H.No. 71, Keer Road",,Delhi,Delhi,385470,28.679412,77.251447,MEDIUM,50,457,9,18,HARYANVI,HOMEMAKER,f,f,f,f,0,[],a68bf52d-24ab-42db-be03-b3b34a1defda,2026-08-27 11:27:59.588986+00,2026-08-27 11:27:59.588986+00
DAILY20260907114,Pooja Bhatt,1986-03-10,MALE,XXXXX1234X,XXXXXXXX5678,9836353561,,,"93, Sector 52",,Gurugram,Haryana,122001,28.400272,77.057438,MEDIUM,50,520,9,18,HINDI,SALARIED,f,f,f,f,0,[],a6fe8e73-3d49-46fb-a5f3-4cefa5fac0f0,2026-09-07 04:59:06.474828+00,2026-09-07 04:59:06.47483+00
DAILY2026091859,Sanjay Mehta,1986-03-10,FEMALE,XXXXX1234X,XXXXXXXX5678,9576778203,,,"51, Sector 68",,Delhi,Delhi,110001,28.498207,77.271588,MEDIUM,50,600,9,18,HINDI,SALARIED,f,f,f,f,0,[],a74616ac-3b2b-43fe-a624-3bc3cabec146,2026-09-18 06:49:34.325713+00,2026-09-21 05:54:36.222535+00
CUST000102,Tripti Brahmbhatt,1996-05-31,FEMALE,XXXXX3762X,XXXXXXXX3526,9283825267,8873773537,travel@example.net,"H.No. 16
Nair Nagar",,Gurugram,Haryana,454019,28.419616,77.110115,MEDIUM,50,347,9,18,HARYANVI,SALARIED,f,t,f,f,0,[],a7798f52-ebce-4071-a993-faac044a3e5e,2026-08-27 11:27:59.589117+00,2026-08-27 11:27:59.589118+00
CUST000340,Ria Gandhi,1972-05-23,MALE,XXXXX2926X,XXXXXXXX3155,9317810361,,siddharth22@example.org,"13/65
Subramaniam Zila",,Noida,Uttar Pradesh,112800,28.661341,77.29377,MEDIUM,50,620,9,18,URDU,RETIRED,f,f,f,t,0,[],a7d4fd49-2925-4af4-8fa2-95102c17cc28,2026-08-27 11:27:59.58966+00,2026-08-27 11:27:59.58966+00
CUST000074,Daksh Memon,1977-04-10,FEMALE,XXXXX2868X,XXXXXXXX9693,9647556857,,pdhingra@example.net,"22/21
Raja",,Noida,Uttar Pradesh,468154,28.66402,77.416352,MEDIUM,50,339,9,18,ENGLISH,SELF_EMPLOYED,f,f,f,f,0,[],a7da5dfe-fb38-46fc-bb2b-1a492d24548a,2026-08-27 11:27:59.589055+00,2026-08-27 11:27:59.589055+00
DAILY20260907161,Manish Sharma,1986-03-10,MALE,XXXXX1234X,XXXXXXXX5678,9165824637,,,"129, Sector 1",,Delhi,Delhi,110001,28.542367,77.009962,MEDIUM,50,600,9,18,HINDI,SALARIED,f,f,f,f,0,[],a7ecc063-b8a0-4563-94c4-2706bded256e,2026-09-07 04:59:06.73919+00,2026-09-21 05:54:36.222612+00
DAILY20260921153,Preeti Reddy,1986-03-10,FEMALE,XXXXX1234X,XXXXXXXX5678,9954785949,,,"42, Sector 40",,Gurugram,Haryana,122001,28.441475,77.030417,MEDIUM,50,600,9,18,HINDI,SALARIED,f,f,f,f,0,[],a86dface-6350-4edf-a4e0-ed5a82ad0a54,2026-09-21 04:53:00.50444+00,2026-09-21 04:53:00.504445+00
DAILY2026091820,Rahul Yadav,1986-03-10,FEMALE,XXXXX1234X,XXXXXXXX5678,9569282087,,,"155, Sector 38",,Gurugram,Haryana,122001,28.518921,77.092306,MEDIUM,50,520,9,18,HINDI,SALARIED,f,f,f,f,0,[],a8b1ea4e-1b02-4959-bcfb-e69c153cfd03,2026-09-18 06:49:34.122295+00,2026-09-18 06:49:34.122298+00
DAILY2026090376,Preeti Bhatt,1986-03-10,MALE,XXXXX1234X,XXXXXXXX5678,9916723404,,,"76, Sector 23",,Noida,Uttar Pradesh,201301,28.626635,77.292681,MEDIUM,50,520,9,18,HINDI,SALARIED,f,f,f,f,0,[],a8d312eb-ba9c-4f37-b8b6-2d19302e4750,2026-09-02 15:33:15.863631+00,2026-09-21 05:54:36.222614+00
DAILY2026090684,Pooja Verma,1986-03-10,MALE,XXXXX1234X,XXXXXXXX5678,9563906148,,,"70, Sector 10",,Gurugram,Haryana,122001,28.458167,77.158069,MEDIUM,50,520,9,18,HINDI,SALARIED,f,f,f,f,0,[],a90e0354-6bbb-412d-911d-749f91dac8aa,2026-09-06 13:30:49.30598+00,2026-09-21 05:54:36.22719+00
DAILY20260918171,Nikhil Sharma,1986-03-10,MALE,XXXXX1234X,XXXXXXXX5678,9156633733,,,"54, Sector 26",,Gurugram,Haryana,122001,28.400796,77.125174,MEDIUM,50,600,9,18,HINDI,SALARIED,f,f,f,f,0,[],a980cfb4-38c9-4f2c-8363-ae4e79e58627,2026-09-18 06:49:34.980449+00,2026-09-21 05:54:36.227196+00
DAILY2026091817,Deepak Singh,1986-03-10,MALE,XXXXX1234X,XXXXXXXX5678,9474538775,,,"21, Sector 15",,Delhi,Delhi,110001,28.542412,77.224508,MEDIUM,50,520,9,18,HINDI,SALARIED,f,f,f,f,0,[],a995cda3-dac0-494f-8e51-88e7c4dcc698,2026-09-18 06:49:34.107063+00,2026-09-21 05:54:36.228934+00
CUST000145,Hritik Sankar,1968-09-28,MALE,XXXXX2284X,XXXXXXXX9204,9900427880,8157656107,,"56/506
Hayer Nagar",,Gurugram,Haryana,343420,28.488981,77.101095,MEDIUM,50,678,9,18,HINDI,BUSINESS_OWNER,f,f,f,f,0,[],a9965e92-21ed-434e-bc19-08616c758d3f,2026-08-27 11:27:59.589228+00,2026-08-27 11:27:59.589229+00
DAILY2026092137,Pooja Bhatt,1986-03-10,MALE,XXXXX1234X,XXXXXXXX5678,9183064412,,,"177, Sector 30",,Noida,Uttar Pradesh,201301,28.585665,77.354125,MEDIUM,50,600,9,18,HINDI,SALARIED,f,f,f,f,0,[],a99f5b0a-bf87-4322-92dd-a9b01cb9e63b,2026-09-21 04:52:59.595751+00,2026-09-21 05:54:36.228937+00
DAILY20260907100,Rahul Sharma,1986-03-10,MALE,XXXXX1234X,XXXXXXXX5678,9571936843,,,"93, Sector 54",,Noida,Uttar Pradesh,201301,28.624815,77.356112,MEDIUM,50,600,9,18,HINDI,SALARIED,f,f,f,f,0,[],a9ac9bb1-fd43-453e-bcea-684e82b10e1b,2026-09-07 04:59:06.386884+00,2026-09-21 05:54:36.228938+00
DAILY2026091888,Nikhil Saxena,1986-03-10,FEMALE,XXXXX1234X,XXXXXXXX5678,9563544414,,,"25, Sector 59",,Delhi,Delhi,110001,28.628682,77.331047,MEDIUM,50,520,9,18,HINDI,SALARIED,f,f,f,f,0,[],a9c2970d-1f9c-4fb7-ae15-aa1686ed21e9,2026-09-18 06:49:34.501179+00,2026-09-21 05:54:36.228939+00
CUST000277,Nihal Kuruvilla,1992-02-11,FEMALE,XXXXX7511X,XXXXXXXX4337,9543700355,8698678367,,"H.No. 06, Gaba Nagar",,Gurugram,Haryana,488196,28.384898,77.162079,MEDIUM,50,441,9,18,HARYANVI,HOMEMAKER,f,f,f,f,0,[],a9ecda50-e818-4cb9-97a8-8c56eeea659a,2026-08-27 11:27:59.589528+00,2026-08-27 11:27:59.589528+00
DAILY2026090665,Divya Reddy,1986-03-10,MALE,XXXXX1234X,XXXXXXXX5678,9747067742,,,"109, Sector 63",,Gurugram,Haryana,122001,28.509082,77.074384,MEDIUM,50,600,9,18,HINDI,SALARIED,f,f,f,f,0,[],aa13ca94-05b4-48c7-aba2-45157c64e40c,2026-09-06 13:30:49.181889+00,2026-09-06 13:30:49.181891+00
DAILY2026090350,Deepak Yadav,1986-03-10,FEMALE,XXXXX1234X,XXXXXXXX5678,9887737584,,,"198, Sector 34",,Gurugram,Haryana,122001,28.475136,77.082805,MEDIUM,50,520,9,18,HINDI,SALARIED,f,f,f,f,0,[],aa97d764-301c-4b51-9dd5-17e6437d252f,2026-09-02 15:33:15.760143+00,2026-09-21 05:54:36.232137+00
CUST000138,Anvi Dass,1987-05-28,MALE,XXXXX8550X,XXXXXXXX3756,9886808192,8281747678,,"29/92, Nazareth Street",,Delhi,Delhi,673095,28.688774,77.271902,MEDIUM,50,678,9,18,URDU,SELF_EMPLOYED,f,f,f,f,0,[],aaa5115f-a8d0-4e95-aabf-f051fc54c9f7,2026-08-27 11:27:59.58919+00,2026-08-27 11:27:59.589193+00
DAILY2026091872,Kiran Yadav,1986-03-10,MALE,XXXXX1234X,XXXXXXXX5678,9901661711,,,"130, Sector 54",,Noida,Uttar Pradesh,201301,28.506441,77.371272,MEDIUM,50,520,9,18,HINDI,SALARIED,f,f,f,f,0,[],aaf235cc-91b0-4ce2-83b8-dc58dece718f,2026-09-18 06:49:34.400938+00,2026-09-21 05:54:36.234179+00
DAILY20260903136,Pooja Malik,1986-03-10,MALE,XXXXX1234X,XXXXXXXX5678,9797709218,,,"192, Sector 22",,Noida,Uttar Pradesh,201310,28.44591,77.546784,MEDIUM,50,520,9,18,HINDI,SALARIED,f,f,f,f,0,[],ab17019d-cb8a-4af7-8d12-48719639dbe2,2026-09-02 15:33:16.099983+00,2026-09-21 05:54:36.234184+00
CUST000307,Januja Sethi,1967-12-26,MALE,XXXXX1979X,XXXXXXXX6824,9792107026,,,"H.No. 554, Vig Circle",,Noida,Uttar Pradesh,212608,28.627338,77.320683,MEDIUM,50,620,9,18,ENGLISH,RETIRED,f,f,f,f,0,[],ab1cd5c0-d1f2-401c-aa5e-4d3b8bc7f522,2026-08-27 11:27:59.589589+00,2026-08-27 11:27:59.589589+00
DAILY20260918165,Vijay Chauhan,1986-03-10,FEMALE,XXXXX1234X,XXXXXXXX5678,9312449798,,,"186, Sector 47",,Delhi,Delhi,110001,28.552402,77.220482,MEDIUM,50,520,9,18,HINDI,SALARIED,f,f,f,f,0,[],ab70725a-3c09-44d6-939b-1f1a6dffbde5,2026-09-18 06:49:34.948191+00,2026-09-21 05:54:36.234185+00
DAILY2026090703,Manish Malik,1986-03-10,MALE,XXXXX1234X,XXXXXXXX5678,9447883803,,,"100, Sector 2",,Noida,Uttar Pradesh,201301,28.56026,77.356018,MEDIUM,50,520,9,18,HINDI,SALARIED,f,f,f,f,0,[],ab7c4c94-0e41-4973-8a69-dfc55303df12,2026-09-07 04:59:05.729473+00,2026-09-21 05:54:36.234186+00
DAILY2026090668,Manish Mehta,1986-03-10,FEMALE,XXXXX1234X,XXXXXXXX5678,9865357537,,,"139, Sector 56",,Gurugram,Haryana,122001,28.450829,77.096718,MEDIUM,50,520,9,18,HINDI,SALARIED,f,f,f,f,0,[],abe16a09-0d87-42c3-9180-f14a58adcd1f,2026-09-06 13:30:49.204234+00,2026-09-06 13:30:49.20424+00
DAILY2026090316,Amit Malik,1986-03-10,MALE,XXXXX1234X,XXXXXXXX5678,9371313031,,,"28, Sector 1",,Gurugram,Haryana,122001,28.447786,77.037844,MEDIUM,50,600,9,18,HINDI,SALARIED,f,f,f,f,0,[],abe75c01-d0a0-4963-bd30-5eaa5415411a,2026-09-02 15:33:15.61982+00,2026-09-02 15:33:15.61982+00
CUST000344,Yasti Lalla,1970-01-09,MALE,XXXXX9595X,XXXXXXXX4438,9847141233,,,"99
Karpe Zila",,Gurugram,Haryana,699121,28.565641,77.048411,MEDIUM,50,569,9,18,HARYANVI,SALARIED,f,f,f,f,0,[],abea6752-eece-420a-bbad-c524aaa9073f,2026-08-27 11:27:59.589668+00,2026-08-27 11:27:59.589669+00
CUST000283,Tristan Warrior,1987-11-28,MALE,XXXXX9409X,XXXXXXXX5222,9677569362,8717287602,,"58/428
Memon Street",,Gurugram,Haryana,564276,28.52593,77.127195,MEDIUM,50,474,9,18,URDU,HOMEMAKER,f,f,f,f,0,[],ac097225-fba9-4e4d-9c4e-a8d4d8fba315,2026-08-27 11:27:59.58954+00,2026-08-27 11:27:59.589541+00
DAILY2026090398,Pooja Saxena,1986-03-10,FEMALE,XXXXX1234X,XXXXXXXX5678,9133979292,,,"13, Sector 15",,Gurugram,Haryana,122001,28.385789,77.000119,MEDIUM,50,520,9,18,HINDI,SALARIED,f,f,f,f,0,[],ac0a547e-4998-4f92-aeff-62bd4332fd02,2026-09-02 15:33:15.951735+00,2026-09-21 05:54:36.237809+00
DAILY2026092192,Deepak Verma,1986-03-10,MALE,XXXXX1234X,XXXXXXXX5678,9881246801,,,"58, Sector 37",,Gurugram,Haryana,122001,28.489443,77.084236,MEDIUM,50,520,9,18,HINDI,SALARIED,f,f,f,f,0,[],ac15e328-cf70-4bca-bde8-547b0d9902c4,2026-09-21 04:52:59.920119+00,2026-09-21 04:52:59.920125+00
DAILY20260903177,Rohan Sharma,1986-03-10,MALE,XXXXX1234X,XXXXXXXX5678,9989448136,,,"163, Sector 23",,Delhi,Delhi,110001,28.609317,77.037405,MEDIUM,50,600,9,18,HINDI,SALARIED,f,f,f,f,0,[],ac2240f6-2504-4b5c-8999-8325a60e5b45,2026-09-02 15:33:16.252949+00,2026-09-21 05:54:36.240684+00
CUST000305,Farhan Sharaf,1980-07-13,MALE,XXXXX3598X,XXXXXXXX1691,9899641923,8659340310,,"H.No. 775
Tank Zila",,Noida,Uttar Pradesh,604605,28.53093,77.405887,MEDIUM,50,459,9,18,PUNJABI,SELF_EMPLOYED,f,t,f,f,0,[],ac3e9e9a-7166-4967-a92f-c7a9e44550d2,2026-08-27 11:27:59.589585+00,2026-08-27 11:27:59.589585+00
DAILY20260921174,Rahul Saxena,1986-03-10,FEMALE,XXXXX1234X,XXXXXXXX5678,9242313194,,,"120, Sector 18",,Noida,Uttar Pradesh,201301,28.585029,77.320017,MEDIUM,50,520,9,18,HINDI,SALARIED,f,f,f,f,0,[],ac53fbf3-8eb1-4f41-8143-fdb3bc44f839,2026-09-21 04:53:00.644642+00,2026-09-21 05:54:36.240691+00
DAILY20260903148,Pooja Nair,1986-03-10,MALE,XXXXX1234X,XXXXXXXX5678,9275231343,,,"54, Sector 15",,Gurugram,Haryana,122001,28.458616,77.124316,MEDIUM,50,520,9,18,HINDI,SALARIED,f,f,f,f,0,[],ac6e6fcc-c2ea-4ba3-b6de-c6660d7024fe,2026-09-02 15:33:16.152147+00,2026-09-21 05:54:36.24274+00
DAILY2026090394,Amit Malik,1986-03-10,FEMALE,XXXXX1234X,XXXXXXXX5678,9124364832,,,"199, Sector 50",,Gurugram,Haryana,122001,28.433514,77.045893,MEDIUM,50,520,9,18,HINDI,SALARIED,f,f,f,f,0,[],acc41cdf-843c-4b53-849f-610e9f120665,2026-09-02 15:33:15.947735+00,2026-09-21 05:54:36.242746+00
DAILY20260903159,Pooja Mehta,1986-03-10,MALE,XXXXX1234X,XXXXXXXX5678,9919559277,,,"76, Sector 30",,Gurugram,Haryana,122001,28.438833,77.044036,MEDIUM,50,520,9,18,HINDI,SALARIED,f,f,f,f,0,[],ace774d3-2348-4315-ac95-cb191a9c9860,2026-09-02 15:33:16.184769+00,2026-09-02 15:33:16.184769+00
DAILY20260903142,Manish Malik,1986-03-10,MALE,XXXXX1234X,XXXXXXXX5678,9727340780,,,"67, Sector 10",,Delhi,Delhi,110001,28.515962,77.246647,MEDIUM,50,520,9,18,HINDI,SALARIED,f,f,f,f,0,[],ad5ac66d-7dcb-44dd-9463-1145f44ba827,2026-09-02 15:33:16.127544+00,2026-09-21 05:54:36.245213+00
DAILY2026090333,Sanjay Nair,1986-03-10,FEMALE,XXXXX1234X,XXXXXXXX5678,9820331877,,,"153, Sector 63",,Gurugram,Haryana,122001,28.491412,77.046902,MEDIUM,50,600,9,18,HINDI,SALARIED,f,f,f,f,0,[],ad6c6567-37de-4e56-af57-92be8a115f44,2026-09-02 15:33:15.697972+00,2026-09-02 15:33:15.697972+00
DAILY20260903134,Deepak Saxena,1986-03-10,FEMALE,XXXXX1234X,XXXXXXXX5678,9200149159,,,"56, Sector 11",,Gurugram,Haryana,122001,28.44956,77.093166,MEDIUM,50,520,9,18,HINDI,SALARIED,f,f,f,f,0,[],ad72cc73-d338-4312-afcf-9b34c680f218,2026-09-02 15:33:16.099983+00,2026-09-02 15:33:16.099983+00
DAILY20260906116,Rohan Mehta,1986-03-10,MALE,XXXXX1234X,XXXXXXXX5678,9831616309,,,"24, Sector 12",,Noida,Uttar Pradesh,201310,28.497447,77.461093,MEDIUM,50,520,9,18,HINDI,SALARIED,f,f,f,f,0,[],ad8510a9-ed2b-429c-82e9-6806585007fe,2026-09-06 13:30:49.493015+00,2026-09-21 05:54:36.245219+00
CUST000027,Harshil Pandya,1993-04-19,FEMALE,XXXXX1672X,XXXXXXXX6688,9672030854,,,"23/22
Bakshi Marg",,Gurugram,Haryana,630538,28.420601,77.183296,MEDIUM,50,361,9,18,PUNJABI,SALARIED,f,f,f,f,0,[],adda5f6b-d1a2-4e63-a162-28c83df99980,2026-08-27 11:27:59.588965+00,2026-08-27 11:27:59.588965+00
DAILY20260906102,Sneha Nair,1986-03-10,FEMALE,XXXXX1234X,XXXXXXXX5678,9830404427,,,"58, Sector 48",,Gurugram,Haryana,122001,28.46459,77.037813,MEDIUM,50,600,9,18,HINDI,SALARIED,f,f,f,f,0,[],ae173d3f-8faa-4213-8e23-db755efe4028,2026-09-06 13:30:49.403044+00,2026-09-21 05:54:36.247358+00
CUST000041,Madhavi Saini,1984-02-08,MALE,XXXXX5135X,XXXXXXXX6296,9224469868,8533979662,vinayakanda@example.com,"06
Ravel Path",,Delhi,Delhi,101206,28.579004,77.353375,MEDIUM,50,345,9,18,HARYANVI,RETIRED,f,f,f,f,0,[],ae38bc80-0ae4-48dd-ba3d-35710c261b87,2026-08-27 11:27:59.588991+00,2026-08-27 11:27:59.588992+00
DAILY2026092139,Amit Saxena,1986-03-10,MALE,XXXXX1234X,XXXXXXXX5678,9405558944,,,"63, Sector 26",,Noida,Uttar Pradesh,201301,28.65611,77.362706,MEDIUM,50,520,9,18,HINDI,SALARIED,f,f,f,f,0,[],ae6eb250-1e3a-49f1-afa3-ed57ad41ce19,2026-09-21 04:52:59.60601+00,2026-09-21 05:54:36.248446+00
DAILY2026092136,Anjali Chauhan,1986-03-10,MALE,XXXXX1234X,XXXXXXXX5678,9368651342,,,"97, Sector 45",,Gurugram,Haryana,122001,28.419671,77.079871,MEDIUM,50,520,9,18,HINDI,SALARIED,f,f,f,f,0,[],ae777ae9-57c5-4f5f-b9d3-4c01755ac728,2026-09-21 04:52:59.591079+00,2026-09-21 05:54:36.249944+00
CUST000308,Hitesh Bath,1997-09-25,MALE,XXXXX1349X,XXXXXXXX7189,9484579421,8369183038,tdey@example.net,"H.No. 493
Dara Ganj",,Gurugram,Haryana,608876,28.457873,77.117945,MEDIUM,50,675,9,18,URDU,HOMEMAKER,f,f,f,f,0,[],ae8dfda9-08e2-4ca3-9de0-1cd8ca6fd22f,2026-08-27 11:27:59.589591+00,2026-08-27 11:27:59.589593+00
DAILY20260903174,Manish Mehta,1986-03-10,MALE,XXXXX1234X,XXXXXXXX5678,9654182830,,,"136, Sector 27",,Delhi,Delhi,110001,28.560566,77.104202,MEDIUM,50,600,9,18,HINDI,SALARIED,f,f,f,f,0,[],ae93daa3-9458-41c3-b07d-f8ca38a5f97a,2026-09-02 15:33:16.240743+00,2026-09-21 05:54:36.251112+00
CUST000060,Umang Dixit,1998-03-04,MALE,XXXXX2124X,XXXXXXXX4394,9729624046,,ekbalbhasin@example.org,"94/71
Modi Chowk",,Gurugram,Haryana,444519,28.394437,77.141414,MEDIUM,50,589,9,18,ENGLISH,HOMEMAKER,t,f,f,f,0,[],aeb13a3f-357b-4509-a2d0-3d841cc5d60d,2026-08-27 11:27:59.589028+00,2026-08-27 11:27:59.589028+00
DAILY20260921127,Sanjay Bhatt,1986-03-10,MALE,XXXXX1234X,XXXXXXXX5678,9648899239,,,"118, Sector 13",,Gurugram,Haryana,122001,28.452844,77.065639,MEDIUM,50,520,9,18,HINDI,SALARIED,f,f,f,f,0,[],aef123c2-8b95-4ada-970c-2a0dd95cbeaa,2026-09-21 04:53:00.227776+00,2026-09-21 05:54:36.253306+00
DAILY2026092148,Amit Verma,1986-03-10,MALE,XXXXX1234X,XXXXXXXX5678,9601784061,,,"105, Sector 61",,Noida,Uttar Pradesh,201301,28.594036,77.333111,MEDIUM,50,520,9,18,HINDI,SALARIED,f,f,f,f,0,[],af85e57c-66f2-4f22-b4c3-831ded2aefdd,2026-09-21 04:52:59.649904+00,2026-09-21 05:54:36.254642+00
CUST000125,Benjamin Mutti,1999-02-14,FEMALE,XXXXX4365X,XXXXXXXX9008,9197647841,8578333394,qsolanki@example.org,"H.No. 50, Mahajan Path",,Delhi,Delhi,575458,28.777236,77.086015,MEDIUM,50,359,9,18,ENGLISH,HOMEMAKER,f,f,f,f,0,[],af8f8ea1-8a4d-4592-8e17-0573d3a20840,2026-08-27 11:27:59.589164+00,2026-08-27 11:27:59.589164+00
DAILY2026090651,Vijay Saxena,1986-03-10,FEMALE,XXXXX1234X,XXXXXXXX5678,9367129927,,,"62, Sector 45",,Noida,Uttar Pradesh,201301,28.544473,77.269837,MEDIUM,50,600,9,18,HINDI,SALARIED,f,f,f,f,0,[],af9784ef-d5eb-4b4b-8a1d-5e2dab434fc1,2026-09-06 13:30:49.080323+00,2026-09-21 05:54:36.254647+00
DAILY20260903168,Sneha Saxena,1986-03-10,MALE,XXXXX1234X,XXXXXXXX5678,9584883644,,,"180, Sector 17",,Gurugram,Haryana,122001,28.442249,77.097001,MEDIUM,50,520,9,18,HINDI,SALARIED,f,f,f,f,0,[],af9e011c-d826-416e-aa04-4ab60e089bdf,2026-09-02 15:33:16.216261+00,2026-09-02 15:33:16.216261+00
DAILY20260918150,Neha Mehta,1986-03-10,MALE,XXXXX1234X,XXXXXXXX5678,9931920761,,,"127, Sector 46",,Noida,Uttar Pradesh,201310,28.456625,77.559228,MEDIUM,50,600,9,18,HINDI,SALARIED,f,f,f,f,0,[],b071d96d-cbf2-4951-ac41-3aa0e55e7ea0,2026-09-18 06:49:34.868919+00,2026-09-21 05:54:36.254648+00
CUST000365,Eshana Pathak,1986-12-09,MALE,XXXXX3359X,XXXXXXXX8974,9806443412,,rachit84@example.org,"95
Gour Path",,Gurugram,Haryana,188776,28.549225,77.060482,MEDIUM,50,631,9,18,ENGLISH,RETIRED,f,f,f,f,0,[],b0b63f01-f844-40f7-b276-5e6b6805959a,2026-08-27 11:27:59.589712+00,2026-08-27 11:27:59.589713+00
CUST000047,Ekapad Toor,1988-04-04,MALE,XXXXX9617X,XXXXXXXX8486,9116479358,8540211187,salvivrishti@example.org,"H.No. 72
Goda Marg",,Noida,Uttar Pradesh,261859,28.636492,77.378222,MEDIUM,50,525,9,18,HINDI,RETIRED,f,f,f,f,0,[],b0b75c27-9481-449b-8497-bf3716cf0ea8,2026-08-27 11:27:59.589003+00,2026-08-27 11:27:59.589003+00
DAILY2026091871,Anjali Verma,1986-03-10,MALE,XXXXX1234X,XXXXXXXX5678,9261585086,,,"49, Sector 4",,Gurugram,Haryana,122001,28.486578,77.062174,MEDIUM,50,520,9,18,HINDI,SALARIED,f,f,f,f,0,[],b0ec672c-9c94-4a8a-8202-228933e83a90,2026-09-18 06:49:34.395203+00,2026-09-21 05:54:36.257064+00
DAILY2026091815,Deepak Reddy,1986-03-10,FEMALE,XXXXX1234X,XXXXXXXX5678,9224349195,,,"161, Sector 64",,Gurugram,Haryana,122001,28.461693,77.048983,MEDIUM,50,600,9,18,HINDI,SALARIED,f,f,f,f,0,[],b12e7367-547a-4dd9-9d49-5c5d83a7c1f6,2026-09-18 06:49:34.097247+00,2026-09-18 06:49:34.09725+00
DAILY2026092131,Manish Verma,1986-03-10,FEMALE,XXXXX1234X,XXXXXXXX5678,9515055245,,,"7, Sector 54",,Gurugram,Haryana,122001,28.437774,77.02441,MEDIUM,50,520,9,18,HINDI,SALARIED,f,f,f,f,0,[],b1586469-fa6b-4cb7-80af-2c04e9ea438f,2026-09-21 04:52:59.565814+00,2026-09-21 05:54:36.257069+00
DAILY2026090689,Anjali Bhatt,1986-03-10,FEMALE,XXXXX1234X,XXXXXXXX5678,9448602946,,,"11, Sector 62",,Gurugram,Haryana,122001,28.483361,77.052286,MEDIUM,50,520,9,18,HINDI,SALARIED,f,f,f,f,0,[],b15c5f5d-2434-4abf-8bcb-24a769dd5ca6,2026-09-06 13:30:49.333454+00,2026-09-06 13:30:49.333456+00
CUST000081,Upkaar Ranganathan,2000-05-29,MALE,XXXXX9331X,XXXXXXXX6928,9119574893,,,"H.No. 604
Dasgupta Circle",,Gurugram,Haryana,324597,28.606528,76.991228,MEDIUM,50,643,9,18,PUNJABI,RETIRED,f,f,f,f,0,[],b1747361-aa85-4164-9047-b7b5f2e7c575,2026-08-27 11:27:59.589072+00,2026-08-27 11:27:59.589073+00
DAILY2026092105,Rohan Singh,1986-03-10,FEMALE,XXXXX1234X,XXXXXXXX5678,9563899988,,,"77, Sector 42",,Gurugram,Haryana,122001,28.515645,77.04079,MEDIUM,50,520,9,18,HINDI,SALARIED,f,f,f,f,0,[],b189107b-72a9-4dcf-b226-518cd18dd7bb,2026-09-21 04:52:59.384553+00,2026-09-21 05:54:36.257072+00
DAILY2026091893,Rahul Mehta,1986-03-10,MALE,XXXXX1234X,XXXXXXXX5678,9739609536,,,"123, Sector 15",,Delhi,Delhi,110001,28.598361,77.028892,MEDIUM,50,520,9,18,HINDI,SALARIED,f,f,f,f,0,[],b1af85a4-f72a-4175-8ad4-c533d7405780,2026-09-18 06:49:34.532513+00,2026-09-21 05:54:36.260053+00
DAILY20260921172,Deepak Chauhan,1986-03-10,MALE,XXXXX1234X,XXXXXXXX5678,9427240240,,,"88, Sector 50",,Delhi,Delhi,110001,28.576863,77.091657,MEDIUM,50,600,9,18,HINDI,SALARIED,f,f,f,f,0,[],b1b50298-f3cd-4d8b-a142-fe1e5fb1e6a0,2026-09-21 04:53:00.628675+00,2026-09-21 05:54:36.260059+00
DAILY2026090327,Neha Gupta,1986-03-10,FEMALE,XXXXX1234X,XXXXXXXX5678,9853189502,,,"117, Sector 32",,Gurugram,Haryana,122001,28.437745,77.048002,MEDIUM,50,520,9,18,HINDI,SALARIED,f,f,f,f,0,[],b1b9fb74-491e-460d-bce6-72b5e4cd7673,2026-09-02 15:33:15.673748+00,2026-09-21 05:54:36.262+00
DAILY20260903152,Rohan Reddy,1986-03-10,MALE,XXXXX1234X,XXXXXXXX5678,9561504773,,,"157, Sector 17",,Delhi,Delhi,110001,28.684258,77.175566,MEDIUM,50,520,9,18,HINDI,SALARIED,f,f,f,f,0,[],b22861ba-d408-4776-8474-a47c68b3dfe8,2026-09-02 15:33:16.16717+00,2026-09-21 05:54:36.262941+00
DAILY2026091883,Sanjay Yadav,1986-03-10,MALE,XXXXX1234X,XXXXXXXX5678,9764740596,,,"14, Sector 6",,Gurugram,Haryana,122001,28.509058,77.055071,MEDIUM,50,520,9,18,HINDI,SALARIED,f,f,f,f,0,[],b23d0987-3fc5-4258-8f40-b767af7bd200,2026-09-18 06:49:34.469872+00,2026-09-18 06:49:34.469876+00
DAILY20260906127,Divya Yadav,1986-03-10,FEMALE,XXXXX1234X,XXXXXXXX5678,9961283961,,,"68, Sector 64",,Gurugram,Haryana,122001,28.433952,77.029572,MEDIUM,50,520,9,18,HINDI,SALARIED,f,f,f,f,0,[],b258d787-b2bf-4fdd-9973-b014762ecc62,2026-09-06 13:30:49.562802+00,2026-09-21 05:54:36.264062+00
DAILY2026090628,Sanjay Gupta,1986-03-10,MALE,XXXXX1234X,XXXXXXXX5678,9735741221,,,"146, Sector 25",,Noida,Uttar Pradesh,201301,28.646369,77.35841,MEDIUM,50,520,9,18,HINDI,SALARIED,f,f,f,f,0,[],b26fa728-e40e-4ce9-9565-1dbbc708cf8d,2026-09-06 13:30:48.834679+00,2026-09-21 05:54:36.265598+00
DAILY2026090718,Kiran Saxena,1986-03-10,MALE,XXXXX1234X,XXXXXXXX5678,9396120335,,,"136, Sector 70",,Delhi,Delhi,110001,28.559418,77.215364,MEDIUM,50,520,9,18,HINDI,SALARIED,f,f,f,f,0,[],b29f9c7b-8a8e-43bd-975b-ee6f491588d4,2026-09-07 04:59:05.825908+00,2026-09-21 05:54:36.265603+00
DAILY20260921169,Nikhil Sharma,1986-03-10,MALE,XXXXX1234X,XXXXXXXX5678,9452073252,,,"130, Sector 6",,Gurugram,Haryana,122001,28.519227,77.088517,MEDIUM,50,520,9,18,HINDI,SALARIED,f,f,f,f,0,[],b2dad64f-eae3-44e7-a04e-162cdd31dac5,2026-09-21 04:53:00.607461+00,2026-09-21 04:53:00.607465+00
DAILY20260918149,Anjali Nair,1986-03-10,FEMALE,XXXXX1234X,XXXXXXXX5678,9521826583,,,"7, Sector 27",,Gurugram,Haryana,122001,28.511731,77.025438,MEDIUM,50,520,9,18,HINDI,SALARIED,f,f,f,f,0,[],b2e0b215-7a45-460f-86e8-1bd6df840a48,2026-09-18 06:49:34.864198+00,2026-09-21 05:54:36.267249+00
DEMO0008,Ramesh Lal Gupta,1985-06-15,MALE,XXXXX1234X,XXXXXXXX5678,9876541008,,,"B-44, DLF Phase 1",,Gurugram,Haryana,122022,28.4724,77.0985,MEDIUM,50,520,9,18,HINDI,SALARIED,t,f,f,f,0,[],b31606a2-ec18-4fe4-9f22-311c5cbd1104,2026-08-27 11:28:09.57949+00,2026-08-27 11:28:09.579492+00
CUST000398,Ishita Shanker,1990-05-08,MALE,XXXXX6872X,XXXXXXXX5846,9356691289,8197420069,,"H.No. 228
Thaman Marg",,Delhi,Delhi,419644,28.614366,77.281355,MEDIUM,50,411,9,18,ENGLISH,RETIRED,f,f,f,f,0,[],b3acac1c-7c5d-4988-84ef-39506ee11a07,2026-08-27 11:27:59.589783+00,2026-08-27 11:27:59.589783+00
DAILY20260907178,Rahul Reddy,1986-03-10,MALE,XXXXX1234X,XXXXXXXX5678,9862020491,,,"65, Sector 65",,Delhi,Delhi,110001,28.751175,77.141818,MEDIUM,50,520,9,18,HINDI,SALARIED,f,f,f,f,0,[],b3e7e876-57b8-46f7-b267-86171acea2f6,2026-09-07 04:59:06.836212+00,2026-09-21 05:54:36.26878+00
CUST000032,Ganga Murthy,1988-11-10,MALE,XXXXX4138X,XXXXXXXX4545,9893070706,8878017216,mitalyashica@example.com,"H.No. 64
Datta Circle",,Noida,Uttar Pradesh,650121,28.562715,77.335974,MEDIUM,50,653,9,18,HARYANVI,BUSINESS_OWNER,f,f,f,f,0,[],b538eede-bdc3-41ac-a081-914bb32b95f5,2026-08-27 11:27:59.588974+00,2026-08-27 11:27:59.588975+00
DAILY20260907105,Sneha Mehta,1986-03-10,MALE,XXXXX1234X,XXXXXXXX5678,9630493763,,,"162, Sector 23",,Gurugram,Haryana,122001,28.379735,77.041398,MEDIUM,50,520,9,18,HINDI,SALARIED,f,f,f,f,0,[],b5456254-8d17-48a8-9f54-d829644f8b80,2026-09-07 04:59:06.414144+00,2026-09-21 05:54:36.272437+00
DAILY2026090762,Preeti Singh,1986-03-10,FEMALE,XXXXX1234X,XXXXXXXX5678,9944387501,,,"139, Sector 16",,Delhi,Delhi,110001,28.600463,77.10662,MEDIUM,50,520,9,18,HINDI,SALARIED,f,f,f,f,0,[],b5ec3bd1-9b95-4b47-82af-31d618f66bcf,2026-09-07 04:59:06.16058+00,2026-09-21 05:54:36.27389+00
DAILY20260921134,Sneha Yadav,1986-03-10,FEMALE,XXXXX1234X,XXXXXXXX5678,9748410388,,,"188, Sector 41",,Delhi,Delhi,110001,28.739346,77.148071,MEDIUM,50,520,9,18,HINDI,SALARIED,f,f,f,f,0,[],b5fe8ecb-6f69-40c7-93dd-4547328762a8,2026-09-21 04:53:00.299515+00,2026-09-21 05:54:36.273896+00
DAILY2026090634,Anjali Yadav,1986-03-10,MALE,XXXXX1234X,XXXXXXXX5678,9632674335,,,"57, Sector 15",,Gurugram,Haryana,122001,28.514017,77.033053,MEDIUM,50,520,9,18,HINDI,SALARIED,f,f,f,f,0,[],b622f291-9a89-459f-89d8-261a6cece962,2026-09-06 13:30:48.875673+00,2026-09-06 13:30:48.875677+00
DAILY2026092153,Pooja Sharma,1986-03-10,FEMALE,XXXXX1234X,XXXXXXXX5678,9410466633,,,"102, Sector 49",,Gurugram,Haryana,122001,28.459106,77.035143,MEDIUM,50,600,9,18,HINDI,SALARIED,f,f,f,f,0,[],b6280a7d-9663-4b43-9e1f-09f6d0b92b02,2026-09-21 04:52:59.676801+00,2026-09-21 04:52:59.676805+00
DAILY20260903150,Kiran Reddy,1986-03-10,MALE,XXXXX1234X,XXXXXXXX5678,9233283997,,,"146, Sector 44",,Gurugram,Haryana,122001,28.521967,77.058257,MEDIUM,50,600,9,18,HINDI,SALARIED,f,f,f,f,0,[],b64b5873-c9a2-4218-911e-35a00d305f19,2026-09-02 15:33:16.160145+00,2026-09-21 05:54:36.275795+00
DAILY20260906154,Vijay Reddy,1986-03-10,MALE,XXXXX1234X,XXXXXXXX5678,9493357607,,,"186, Sector 59",,Delhi,Delhi,110001,28.517199,77.222827,MEDIUM,50,520,9,18,HINDI,SALARIED,f,f,f,f,0,[],b64d5056-3c27-45be-9d6f-cbc31db58fe3,2026-09-06 13:30:49.73769+00,2026-09-21 05:54:36.277727+00
DAILY20260918112,Rohan Yadav,1986-03-10,MALE,XXXXX1234X,XXXXXXXX5678,9229416253,,,"89, Sector 48",,Gurugram,Haryana,122001,28.450472,77.098075,MEDIUM,50,520,9,18,HINDI,SALARIED,f,f,f,f,0,[],b661e6f6-65e9-431f-af93-b55c609e4340,2026-09-18 06:49:34.657532+00,2026-09-18 06:49:34.657538+00
DAILY20260907120,Preeti Verma,1986-03-10,MALE,XXXXX1234X,XXXXXXXX5678,9982918886,,,"109, Sector 23",,Gurugram,Haryana,122001,28.402888,77.065505,MEDIUM,50,600,9,18,HINDI,SALARIED,f,f,f,f,0,[],b685291e-72e9-4db8-9fe3-70b792baa6a3,2026-09-07 04:59:06.510834+00,2026-09-07 04:59:06.510836+00
DAILY20260906126,Rahul Chauhan,1986-03-10,FEMALE,XXXXX1234X,XXXXXXXX5678,9245705372,,,"142, Sector 67",,Noida,Uttar Pradesh,201310,28.444614,77.505229,MEDIUM,50,520,9,18,HINDI,SALARIED,f,f,f,f,0,[],b6b1a96c-0d19-4c21-9bb0-3aac2535b696,2026-09-06 13:30:49.556845+00,2026-09-21 05:54:36.277734+00
DAILY20260906161,Vijay Nair,1986-03-10,FEMALE,XXXXX1234X,XXXXXXXX5678,9971955024,,,"106, Sector 51",,Gurugram,Haryana,122001,28.380937,77.069753,MEDIUM,50,600,9,18,HINDI,SALARIED,f,f,f,f,0,[],b7df95c8-9bf4-4cf2-9e34-2a5849fe9e46,2026-09-06 13:30:49.782091+00,2026-09-21 05:54:36.279439+00
DAILY20260903188,Vijay Yadav,1986-03-10,FEMALE,XXXXX1234X,XXXXXXXX5678,9897501710,,,"89, Sector 17",,Gurugram,Haryana,122001,28.509945,77.148023,MEDIUM,50,520,9,18,HINDI,SALARIED,f,f,f,f,0,[],b8025d76-2a74-4fc4-8cf9-3fc052347499,2026-09-02 15:33:16.293212+00,2026-09-21 05:54:36.279445+00
DAILY2026090309,Nikhil Mehta,1986-03-10,FEMALE,XXXXX1234X,XXXXXXXX5678,9138095663,,,"155, Sector 70",,Gurugram,Haryana,122001,28.457244,77.057856,MEDIUM,50,520,9,18,HINDI,SALARIED,f,f,f,f,0,[],b80a3b32-29e5-40b0-947e-de996ed1a8c2,2026-09-02 15:33:15.604048+00,2026-09-02 15:33:15.604048+00
DAILY20260921191,Deepak Sharma,1986-03-10,FEMALE,XXXXX1234X,XXXXXXXX5678,9802651254,,,"196, Sector 5",,Delhi,Delhi,110001,28.53704,77.158601,MEDIUM,50,520,9,18,HINDI,SALARIED,f,f,f,f,0,[],b81791a1-458d-4179-9a78-dae4e09b031f,2026-09-21 04:53:00.753423+00,2026-09-21 05:54:36.281334+00
DAILY2026092118,Rohan Malik,1986-03-10,FEMALE,XXXXX1234X,XXXXXXXX5678,9923404839,,,"179, Sector 12",,Gurugram,Haryana,122001,28.450091,77.076323,MEDIUM,50,520,9,18,HINDI,SALARIED,f,f,f,f,0,[],b824e09b-3728-4546-ab72-8fa245c6b8b1,2026-09-21 04:52:59.480544+00,2026-09-21 05:54:36.282832+00
DEMO0007,Suresh Chand Bansal,1985-06-15,MALE,XXXXX1234X,XXXXXXXX5678,9876541007,,,"15, Sector 44",,Gurugram,Haryana,122003,28.455772015597812,77.07261228430501,MEDIUM,50,600,9,18,HINDI,SALARIED,f,f,f,f,0,[],b8409718-e40e-4f33-9aa8-d225e8fd5f62,2026-08-27 11:28:09.575324+00,2026-09-23 09:03:47.158575+00
DAILY2026090753,Anjali Malik,1986-03-10,FEMALE,XXXXX1234X,XXXXXXXX5678,9817994717,,,"15, Sector 22",,Gurugram,Haryana,122001,28.412741,77.070892,MEDIUM,50,600,9,18,HINDI,SALARIED,f,f,f,f,0,[],b8669a90-f884-4e19-8700-570811888a6e,2026-09-07 04:59:06.09979+00,2026-09-21 05:54:36.282839+00
DAILY20260903195,Amit Chauhan,1986-03-10,FEMALE,XXXXX1234X,XXXXXXXX5678,9236379273,,,"51, Sector 24",,Delhi,Delhi,110001,28.721981,77.056489,MEDIUM,50,520,9,18,HINDI,SALARIED,f,f,f,f,0,[],b8adfc86-d433-45e3-838a-1f7835ba0c5a,2026-09-02 15:33:16.317057+00,2026-09-21 05:54:36.284351+00
CUST000177,Amrita Purohit,1989-04-02,MALE,XXXXX1273X,XXXXXXXX2106,9114810579,,,"H.No. 398, Srinivas Ganj",,Noida,Uttar Pradesh,163406,28.56469,77.377158,MEDIUM,50,541,9,18,URDU,HOMEMAKER,f,f,f,f,0,[],b8dfb771-23d3-4152-91f7-1409ab8bad9d,2026-08-27 11:27:59.589293+00,2026-08-27 11:27:59.589293+00
DAILY20260903192,Kiran Sharma,1986-03-10,FEMALE,XXXXX1234X,XXXXXXXX5678,9249470871,,,"93, Sector 34",,Gurugram,Haryana,122001,28.376813,77.053936,MEDIUM,50,600,9,18,HINDI,SALARIED,f,f,f,f,0,[],b92ea969-ce1e-4e17-88e1-27f346d26bc0,2026-09-02 15:33:16.301408+00,2026-09-21 05:54:36.286101+00
DAILY2026091896,Rahul Nair,1986-03-10,MALE,XXXXX1234X,XXXXXXXX5678,9487289893,,,"193, Sector 45",,Gurugram,Haryana,122001,28.473621,77.028635,MEDIUM,50,520,9,18,HINDI,SALARIED,f,f,f,f,0,[],b99881e2-f3ad-481a-94e5-c67ae56b5a33,2026-09-18 06:49:34.552118+00,2026-09-21 05:54:36.286107+00
DAILY2026090644,Rahul Nair,1986-03-10,FEMALE,XXXXX1234X,XXXXXXXX5678,9831272281,,,"160, Sector 22",,Noida,Uttar Pradesh,201310,28.496129,77.442662,MEDIUM,50,520,9,18,HINDI,SALARIED,f,f,f,f,0,[],b99d87c6-0904-42a4-8df0-1b8da707ca67,2026-09-06 13:30:49.031619+00,2026-09-21 05:54:36.291122+00
DAILY2026092161,Kiran Reddy,1986-03-10,MALE,XXXXX1234X,XXXXXXXX5678,9617116924,,,"69, Sector 33",,Delhi,Delhi,110001,28.523171,77.282155,MEDIUM,50,520,9,18,HINDI,SALARIED,f,f,f,f,0,[],b9c6af30-1475-4f29-8750-a13ca095ee08,2026-09-21 04:52:59.722239+00,2026-09-21 05:54:36.29113+00
CUST000352,Charles Dyal,1978-06-09,MALE,XXXXX6363X,XXXXXXXX3347,9926224353,8982764505,chandmaanav@example.com,"H.No. 143
Buch Path",,Noida,Uttar Pradesh,641218,28.563379,77.327991,MEDIUM,50,568,9,18,ENGLISH,SELF_EMPLOYED,f,f,f,f,0,[],b9e0ba2b-6819-4413-91b6-8b0e71366ad7,2026-08-27 11:27:59.589686+00,2026-08-27 11:27:59.589686+00
DAILY2026092186,Neha Bhatt,1986-03-10,FEMALE,XXXXX1234X,XXXXXXXX5678,9881160856,,,"30, Sector 18",,Gurugram,Haryana,122001,28.444748,77.117237,MEDIUM,50,600,9,18,HINDI,SALARIED,f,f,f,f,0,[],ba35b8bc-3046-411f-b525-b0006a3124ac,2026-09-21 04:52:59.871787+00,2026-09-21 05:54:36.293112+00
DAILY2026090736,Sanjay Saxena,1986-03-10,MALE,XXXXX1234X,XXXXXXXX5678,9812618687,,,"44, Sector 13",,Gurugram,Haryana,122001,28.526839,77.034533,MEDIUM,50,520,9,18,HINDI,SALARIED,f,f,f,f,0,[],ba3722bc-9bb4-4e63-9fcf-84200f8e28d8,2026-09-07 04:59:05.919581+00,2026-09-21 05:54:36.293117+00
CUST000149,Gayathri Tripathi,1995-02-16,FEMALE,XXXXX3778X,XXXXXXXX7237,9282001119,,,"94/705
Choudhary Path",,Gurugram,Haryana,617077,28.460979,77.017004,MEDIUM,50,592,9,18,ENGLISH,SALARIED,f,f,f,f,0,[],ba61e26c-957f-47e5-84c7-210db74a1652,2026-08-27 11:27:59.589236+00,2026-08-27 11:27:59.589237+00
DAILY20260906148,Neha Chauhan,1986-03-10,MALE,XXXXX1234X,XXXXXXXX5678,9740119968,,,"116, Sector 37",,Noida,Uttar Pradesh,201310,28.486523,77.498583,MEDIUM,50,600,9,18,HINDI,SALARIED,f,f,f,f,0,[],ba67a3a5-a057-459f-b5fb-e099a5848f24,2026-09-06 13:30:49.696875+00,2026-09-21 05:54:36.294921+00
DAILY20260921148,Sneha Mehta,1986-03-10,FEMALE,XXXXX1234X,XXXXXXXX5678,9511337825,,,"48, Sector 50",,Gurugram,Haryana,122001,28.423074,77.083454,MEDIUM,50,600,9,18,HINDI,SALARIED,f,f,f,f,0,[],baabae0d-c8da-4ffe-afe0-356617798680,2026-09-21 04:53:00.478297+00,2026-09-21 04:53:00.478301+00
CUST000322,Aryan Varughese,1994-11-22,MALE,XXXXX2173X,XXXXXXXX5362,9934052476,,yoshita87@example.com,"H.No. 35, Butala Circle",,Gurugram,Haryana,703998,28.453162,77.00955,MEDIUM,50,426,9,18,HINDI,SALARIED,f,f,f,f,0,[],bab2c33c-9877-448a-9467-61373408befc,2026-08-27 11:27:59.589621+00,2026-08-27 11:27:59.589622+00
CUST000394,Gopal Virk,1988-09-09,MALE,XXXXX3917X,XXXXXXXX7346,9501026552,,dayalpranav@example.org,"H.No. 731, Rama Nagar",,Noida,Uttar Pradesh,762722,28.465705,77.060708,MEDIUM,50,612,9,18,PUNJABI,BUSINESS_OWNER,f,f,f,f,0,[],bad3f7d3-7bf5-4374-a30c-4af959f6eb0a,2026-08-27 11:27:59.589774+00,2026-08-27 11:27:59.589775+00
DAILY20260903167,Sanjay Malik,1986-03-10,MALE,XXXXX1234X,XXXXXXXX5678,9818795460,,,"1, Sector 12",,Delhi,Delhi,110001,28.702523,77.169974,MEDIUM,50,520,9,18,HINDI,SALARIED,f,f,f,f,0,[],badd1bb2-a196-4926-bd3a-4f56598eedb3,2026-09-02 15:33:16.216261+00,2026-09-21 05:54:36.294925+00
DAILY20260921145,Preeti Yadav,1986-03-10,FEMALE,XXXXX1234X,XXXXXXXX5678,9808621369,,,"2, Sector 28",,Gurugram,Haryana,122001,28.558939,77.006604,MEDIUM,50,520,9,18,HINDI,SALARIED,f,f,f,f,0,[],bb271403-c007-4ad7-bc2c-b7df60f7775d,2026-09-21 04:53:00.455683+00,2026-09-21 05:54:36.297073+00
CUST000393,Lila Gupta,1983-07-27,MALE,XXXXX4769X,XXXXXXXX2804,9450181809,,,"29/45
Nagy Marg",,Delhi,Delhi,532637,28.705137,77.052217,MEDIUM,50,646,9,18,ENGLISH,RETIRED,f,t,f,f,0,[],bb51949a-6792-4cf6-a26b-966496d2ae2d,2026-08-27 11:27:59.589769+00,2026-08-27 11:27:59.58977+00
DAILY20260918110,Manish Saxena,1986-03-10,MALE,XXXXX1234X,XXXXXXXX5678,9268396478,,,"122, Sector 2",,Gurugram,Haryana,122001,28.459095,77.149743,MEDIUM,50,520,9,18,HINDI,SALARIED,f,f,f,f,0,[],bb8473e5-b8e7-415f-af9a-8eef4eca7c59,2026-09-18 06:49:34.646016+00,2026-09-21 05:54:36.297078+00
DAILY20260918157,Anjali Chauhan,1986-03-10,MALE,XXXXX1234X,XXXXXXXX5678,9253219219,,,"43, Sector 28",,Gurugram,Haryana,122001,28.549438,77.04168,MEDIUM,50,520,9,18,HINDI,SALARIED,f,f,f,f,0,[],bb9582b0-8bf4-4741-9dc9-534c7af09d6d,2026-09-18 06:49:34.906737+00,2026-09-21 05:54:36.297079+00
DAILY20260907137,Pooja Sharma,1986-03-10,FEMALE,XXXXX1234X,XXXXXXXX5678,9542538812,,,"168, Sector 11",,Gurugram,Haryana,122001,28.457038,77.071283,MEDIUM,50,520,9,18,HINDI,SALARIED,f,f,f,f,0,[],bbd0760c-8e5f-4ead-82e0-81a711664b07,2026-09-07 04:59:06.594501+00,2026-09-07 04:59:06.594503+00
DAILY2026090384,Kiran Gupta,1986-03-10,MALE,XXXXX1234X,XXXXXXXX5678,9613634550,,,"36, Sector 25",,Gurugram,Haryana,122001,28.444067,77.054971,MEDIUM,50,600,9,18,HINDI,SALARIED,f,f,f,f,0,[],bbed0ae9-4b98-4cae-9f1b-1639005d7877,2026-09-02 15:33:15.901824+00,2026-09-21 05:54:36.297081+00
DAILY2026090328,Rahul Reddy,1986-03-10,MALE,XXXXX1234X,XXXXXXXX5678,9421980927,,,"15, Sector 37",,Noida,Uttar Pradesh,201301,28.580381,77.330239,MEDIUM,50,600,9,18,HINDI,SALARIED,f,f,f,f,0,[],bbefd13c-55cc-4c5e-a33f-5ace1b4a774d,2026-09-02 15:33:15.678749+00,2026-09-21 05:54:36.301627+00
CUST000203,Tristan Uppal,1992-01-13,MALE,XXXXX3787X,XXXXXXXX7151,9272769884,8687386446,sanayaprasad@example.com,"98/250
Cheema Chowk",,Delhi,Delhi,197627,28.523164,77.328897,MEDIUM,50,337,9,18,PUNJABI,HOMEMAKER,f,f,f,f,0,[],bbf0db48-6ed9-49a7-bbb4-66fb14b93511,2026-08-27 11:27:59.58935+00,2026-08-27 11:27:59.589351+00
DAILY20260921199,Pooja Nair,1986-03-10,MALE,XXXXX1234X,XXXXXXXX5678,9732719188,,,"195, Sector 26",,Gurugram,Haryana,122001,28.443571,77.018048,MEDIUM,50,520,9,18,HINDI,SALARIED,f,f,f,f,0,[],bbfb0b99-99c5-4abc-a127-86f91df92924,2026-09-21 04:53:00.79875+00,2026-09-21 05:54:36.30329+00
DEMO0012,Arun Prasad Singh,1985-06-15,MALE,XXXXX1234X,XXXXXXXX5678,9876541012,,,"Flat 3C, Sector 44",,Gurugram,Haryana,122003,28.454551,77.071423,MEDIUM,50,600,9,18,HINDI,SALARIED,f,f,f,f,0,[],bc13cfe8-1b8c-49e7-837f-f22e5e2e9f40,2026-08-27 11:28:09.596303+00,2026-08-27 11:28:09.596309+00
DAILY20260903100,Anjali Sharma,1986-03-10,MALE,XXXXX1234X,XXXXXXXX5678,9118931976,,,"89, Sector 67",,Delhi,Delhi,110001,28.662318,77.098532,MEDIUM,50,520,9,18,HINDI,SALARIED,f,f,f,f,0,[],bc18849a-7566-46c4-9973-aa3dd513aced,2026-09-02 15:33:15.968218+00,2026-09-21 05:54:36.30485+00
DAILY2026091868,Nikhil Nair,1986-03-10,FEMALE,XXXXX1234X,XXXXXXXX5678,9154358403,,,"157, Sector 69",,Noida,Uttar Pradesh,201301,28.629417,77.354291,MEDIUM,50,600,9,18,HINDI,SALARIED,f,f,f,f,0,[],bc40e4a2-d7d0-43a1-b413-2c9941bd5d2c,2026-09-18 06:49:34.379745+00,2026-09-21 05:54:36.304856+00
DAILY20260907186,Deepak Chauhan,1986-03-10,FEMALE,XXXXX1234X,XXXXXXXX5678,9486819724,,,"7, Sector 7",,Gurugram,Haryana,122001,28.549996,77.002796,MEDIUM,50,520,9,18,HINDI,SALARIED,f,f,f,f,0,[],bc5ca2b2-6bf3-4fd2-9909-17e59ad7e92c,2026-09-07 04:59:06.884601+00,2026-09-21 05:54:36.306982+00
DAILY2026090697,Rohan Gupta,1986-03-10,FEMALE,XXXXX1234X,XXXXXXXX5678,9886114126,,,"116, Sector 9",,Gurugram,Haryana,122001,28.471402,77.057277,MEDIUM,50,600,9,18,HINDI,SALARIED,f,f,f,f,0,[],bc703015-bcee-4f80-ae28-85b59f3e6d11,2026-09-06 13:30:49.375351+00,2026-09-06 13:30:49.375354+00
DAILY2026090752,Preeti Nair,1986-03-10,FEMALE,XXXXX1234X,XXXXXXXX5678,9998780508,,,"55, Sector 11",,Gurugram,Haryana,122001,28.492211,77.095144,MEDIUM,50,520,9,18,HINDI,SALARIED,f,f,f,f,0,[],bc8d2100-9bde-4473-9929-b7f4dc2098b2,2026-09-07 04:59:06.094139+00,2026-09-21 05:54:36.306988+00
DAILY2026092114,Nikhil Saxena,1986-03-10,MALE,XXXXX1234X,XXXXXXXX5678,9183917298,,,"194, Sector 27",,Delhi,Delhi,110001,28.751124,77.150536,MEDIUM,50,520,9,18,HINDI,SALARIED,f,f,f,f,0,[],bc9eb44f-dad7-4a46-b858-91235e6db414,2026-09-21 04:52:59.455077+00,2026-09-21 05:54:36.3104+00
DAILY20260921113,Amit Bhatt,1986-03-10,FEMALE,XXXXX1234X,XXXXXXXX5678,9891325904,,,"190, Sector 1",,Gurugram,Haryana,122001,28.454126,77.047891,MEDIUM,50,600,9,18,HINDI,SALARIED,f,f,f,f,0,[],bcfced97-7c41-4b84-bbb3-e23380310e26,2026-09-21 04:53:00.11962+00,2026-09-21 04:53:00.119626+00
DAILY20260907131,Sanjay Saxena,1986-03-10,MALE,XXXXX1234X,XXXXXXXX5678,9559236053,,,"61, Sector 52",,Gurugram,Haryana,122001,28.440507,77.108538,MEDIUM,50,600,9,18,HINDI,SALARIED,f,f,f,f,0,[],bd155032-ca77-46d3-95a9-64024d984e0c,2026-09-07 04:59:06.566476+00,2026-09-21 05:54:36.312034+00
DAILY2026090629,Kiran Verma,1986-03-10,MALE,XXXXX1234X,XXXXXXXX5678,9172486024,,,"196, Sector 42",,Delhi,Delhi,110001,28.55626,77.239792,MEDIUM,50,520,9,18,HINDI,SALARIED,f,f,f,f,0,[],bd565aaa-5f3c-488e-ab18-c73b43b52e79,2026-09-06 13:30:48.840841+00,2026-09-21 05:54:36.314434+00
DAILY20260921195,Divya Yadav,1986-03-10,FEMALE,XXXXX1234X,XXXXXXXX5678,9518002405,,,"162, Sector 8",,Noida,Uttar Pradesh,201301,28.638101,77.334762,MEDIUM,50,520,9,18,HINDI,SALARIED,f,f,f,f,0,[],bd787d58-7640-496b-bf01-ffd3ab392540,2026-09-21 04:53:00.7751+00,2026-09-21 05:54:36.31444+00
DAILY20260918154,Rohan Malik,1986-03-10,FEMALE,XXXXX1234X,XXXXXXXX5678,9525921146,,,"133, Sector 20",,Gurugram,Haryana,122001,28.492287,77.054027,MEDIUM,50,520,9,18,HINDI,SALARIED,f,f,f,f,0,[],bdb3e872-4c17-4b56-8cd3-c8d4e8f8e79b,2026-09-18 06:49:34.888875+00,2026-09-21 05:54:36.316682+00
DAILY20260907154,Manish Chauhan,1986-03-10,MALE,XXXXX1234X,XXXXXXXX5678,9958884099,,,"176, Sector 33",,Delhi,Delhi,110001,28.65244,77.297181,MEDIUM,50,520,9,18,HINDI,SALARIED,f,f,f,f,0,[],bde50146-dbd1-4f5a-b655-6d02d54fbe77,2026-09-07 04:59:06.702506+00,2026-09-21 05:54:36.31786+00
DAILY20260921163,Kiran Mehta,1986-03-10,MALE,XXXXX1234X,XXXXXXXX5678,9456045863,,,"107, Sector 26",,Gurugram,Haryana,122001,28.473451,77.064497,MEDIUM,50,520,9,18,HINDI,SALARIED,f,f,f,f,0,[],be1a2162-937a-4dc6-b506-020d1bd0c4a8,2026-09-21 04:53:00.569765+00,2026-09-21 05:54:36.31972+00
CUST000389,Viraj Nadig,2000-12-15,MALE,XXXXX7819X,XXXXXXXX8798,9843414103,,,"30
Parmar Marg",,Delhi,Delhi,384111,28.649254,77.143108,MEDIUM,50,603,9,18,HARYANVI,RETIRED,f,f,f,f,0,[],be40bbed-49dc-474b-8ecb-a1069aa03279,2026-08-27 11:27:59.589761+00,2026-08-27 11:27:59.589761+00
CUST000298,Chandresh Chaudhry,1994-07-21,MALE,XXXXX9576X,XXXXXXXX9745,9432496317,8617169553,,"H.No. 55, D’Alia Marg",,Delhi,Delhi,193904,28.557662,77.113686,MEDIUM,50,588,9,18,URDU,BUSINESS_OWNER,f,f,f,f,0,[],be41b684-075a-4c94-a6b6-4c81ce9c1a63,2026-08-27 11:27:59.58957+00,2026-08-27 11:27:59.589571+00
CUST000397,Vihaan Wali,1978-04-18,MALE,XXXXX1656X,XXXXXXXX8711,9887564180,8136099794,,"39/28, Sagar Circle",,Delhi,Delhi,513474,28.757028,77.16956,MEDIUM,50,513,9,18,URDU,SALARIED,f,f,f,f,0,[],be5d23c6-cada-4dc4-a0c8-4d771bc35017,2026-08-27 11:27:59.58978+00,2026-08-27 11:27:59.589781+00
DAILY20260906109,Rohan Nair,1986-03-10,MALE,XXXXX1234X,XXXXXXXX5678,9301838041,,,"14, Sector 68",,Noida,Uttar Pradesh,201301,28.590189,77.293297,MEDIUM,50,520,9,18,HINDI,SALARIED,f,f,f,f,0,[],be92a25e-551b-4bdc-ba60-c43a79282b8f,2026-09-06 13:30:49.442136+00,2026-09-21 05:54:36.320952+00
CUST000272,Neelima Barad,1978-09-10,MALE,XXXXX3794X,XXXXXXXX4594,9991596102,,,"30/745
Nazareth Nagar",,Noida,Uttar Pradesh,710948,28.384428,77.09539,MEDIUM,50,541,9,18,ENGLISH,HOMEMAKER,f,f,f,f,0,[],beae449e-f275-4956-ab72-e57ac5716331,2026-08-27 11:27:59.589518+00,2026-08-27 11:27:59.589518+00
CUST000025,Pallavi Malhotra,1965-04-29,MALE,XXXXX3496X,XXXXXXXX4908,9235528741,8222824732,kalpit42@example.net,"68/01
Dixit Zila",,Delhi,Delhi,328552,28.597998,77.164722,MEDIUM,50,402,9,18,URDU,BUSINESS_OWNER,f,f,f,f,0,[],becb48a3-4d0a-4b95-9c49-553292c440ee,2026-08-27 11:27:59.588958+00,2026-08-27 11:27:59.588959+00
DAILY2026090770,Sanjay Nair,1986-03-10,MALE,XXXXX1234X,XXXXXXXX5678,9235885388,,,"197, Sector 48",,Delhi,Delhi,110001,28.540506,77.213606,MEDIUM,50,520,9,18,HINDI,SALARIED,f,f,f,f,0,[],bf0a5f24-58a9-4812-8c76-0ad096d447bc,2026-09-07 04:59:06.20999+00,2026-09-21 05:54:36.320957+00
DAILY20260918152,Pooja Saxena,1986-03-10,FEMALE,XXXXX1234X,XXXXXXXX5678,9618078116,,,"126, Sector 62",,Delhi,Delhi,110001,28.726394,77.055103,MEDIUM,50,520,9,18,HINDI,SALARIED,f,f,f,f,0,[],bf0daaad-cd61-40e4-ac8b-e84e0a7922e6,2026-09-18 06:49:34.878891+00,2026-09-21 05:54:36.320959+00
DAILY20260903183,Kiran Sharma,1986-03-10,MALE,XXXXX1234X,XXXXXXXX5678,9979249037,,,"94, Sector 1",,Gurugram,Haryana,122001,28.429616,77.084006,MEDIUM,50,520,9,18,HINDI,SALARIED,f,f,f,f,0,[],bf1a5e49-cb68-49a7-b5f8-a8c6dfb26c55,2026-09-02 15:33:16.275813+00,2026-09-21 05:54:36.323349+00
DAILY20260921175,Sneha Sharma,1986-03-10,FEMALE,XXXXX1234X,XXXXXXXX5678,9234069850,,,"159, Sector 6",,Noida,Uttar Pradesh,201310,28.451336,77.521694,MEDIUM,50,600,9,18,HINDI,SALARIED,f,f,f,f,0,[],bf47a381-66cf-433e-9f61-adb1ba090497,2026-09-21 04:53:00.654717+00,2026-09-21 05:54:36.324849+00
DAILY2026090701,Sneha Malik,1986-03-10,FEMALE,XXXXX1234X,XXXXXXXX5678,9153421671,,,"162, Sector 70",,Gurugram,Haryana,122001,28.514139,77.074579,MEDIUM,50,520,9,18,HINDI,SALARIED,f,f,f,f,0,[],bfc81e83-78b6-4a00-9351-d707726d9f2e,2026-09-07 04:59:05.698497+00,2026-09-07 04:59:05.698502+00
DAILY20260907157,Preeti Verma,1986-03-10,FEMALE,XXXXX1234X,XXXXXXXX5678,9942316637,,,"87, Sector 1",,Noida,Uttar Pradesh,201310,28.468353,77.509257,MEDIUM,50,600,9,18,HINDI,SALARIED,f,f,f,f,0,[],bfe0123d-3b1c-45b9-bb6c-6d335f0571eb,2026-09-07 04:59:06.719632+00,2026-09-21 05:54:36.324855+00
DAILY2026090600,Nikhil Reddy,1986-03-10,MALE,XXXXX1234X,XXXXXXXX5678,9130756212,,,"72, Sector 65",,Gurugram,Haryana,122001,28.436878,77.041554,MEDIUM,50,520,9,18,HINDI,SALARIED,f,f,f,f,0,[],c073d5f7-88a3-4efa-aac8-892c4637ac94,2026-09-06 13:30:48.609793+00,2026-09-21 05:54:36.326329+00
DAILY2026092149,Sneha Chauhan,1986-03-10,FEMALE,XXXXX1234X,XXXXXXXX5678,9293830732,,,"76, Sector 12",,Gurugram,Haryana,122001,28.430232,77.095798,MEDIUM,50,520,9,18,HINDI,SALARIED,f,f,f,f,0,[],c085cf70-2cd2-43a2-bab2-3c40a803dd58,2026-09-21 04:52:59.65505+00,2026-09-21 04:52:59.655055+00
DAILY20260907102,Rohan Nair,1986-03-10,MALE,XXXXX1234X,XXXXXXXX5678,9928946133,,,"151, Sector 27",,Noida,Uttar Pradesh,201310,28.488408,77.55679,MEDIUM,50,600,9,18,HINDI,SALARIED,f,f,f,f,0,[],c13e8192-9f10-4209-8eb3-c1ddce8c67ea,2026-09-07 04:59:06.396945+00,2026-09-21 05:54:36.328036+00
CUST000318,Arya Lalla,1968-08-05,FEMALE,XXXXX2264X,XXXXXXXX6319,9951374399,8624282788,abdul57@example.net,"H.No. 259, Mitra Nagar",,Delhi,Delhi,704223,28.545034,77.114739,MEDIUM,50,411,9,18,HINDI,HOMEMAKER,f,t,f,f,0,[],c1555a56-8d49-4eae-9054-e892d3ec72b5,2026-08-27 11:27:59.589613+00,2026-08-27 11:27:59.589613+00
DAILY20260921189,Kiran Chauhan,1986-03-10,FEMALE,XXXXX1234X,XXXXXXXX5678,9841569817,,,"199, Sector 57",,Noida,Uttar Pradesh,201301,28.531327,77.273411,MEDIUM,50,600,9,18,HINDI,SALARIED,f,f,f,f,0,[],c169944e-2a62-4ac9-b7e0-03ba6d709078,2026-09-21 04:53:00.741404+00,2026-09-21 05:54:36.328041+00
CUST000249,Rachit Maharaj,1974-04-15,MALE,XXXXX4327X,XXXXXXXX8259,9991187981,,bakhshikorpal@example.net,"68
Bhat Chowk",,Delhi,Delhi,779091,28.541627,77.052794,MEDIUM,50,680,9,18,PUNJABI,HOMEMAKER,f,f,f,f,0,[],c17d44ac-7449-4cbb-ab24-33e588750d21,2026-08-27 11:27:59.589463+00,2026-08-27 11:27:59.589464+00
CUST000211,Leela Sampath,1970-09-17,MALE,XXXXX2654X,XXXXXXXX5687,9675132064,8541189818,,"27/42, Murty Street",,Delhi,Delhi,786594,28.736337,77.159994,MEDIUM,50,351,9,18,URDU,HOMEMAKER,f,t,f,f,0,[],c1891b49-de15-4716-a446-b16b328be77e,2026-08-27 11:27:59.589367+00,2026-08-27 11:27:59.589368+00
CUST000280,Chasmum Verma,1994-12-23,FEMALE,XXXXX1941X,XXXXXXXX3871,9787507560,8111500207,,"10/85
Mandal Circle",,Gurugram,Haryana,788793,28.567761,77.018597,MEDIUM,50,664,9,18,HARYANVI,BUSINESS_OWNER,f,f,f,f,0,[],c1a58f68-e172-44d6-8446-cc47a706131c,2026-08-27 11:27:59.589534+00,2026-08-27 11:27:59.589535+00
CUST000268,Warinder Soni,1975-01-04,MALE,XXXXX9918X,XXXXXXXX3848,9504435133,8492234424,gbanerjee@example.net,"H.No. 722, Hans Ganj",,Gurugram,Haryana,181618,28.42661,77.087539,MEDIUM,50,679,9,18,HARYANVI,BUSINESS_OWNER,f,f,f,f,0,[],c1e96984-0b42-44e9-8e5d-848c1d7a4a79,2026-08-27 11:27:59.589509+00,2026-08-27 11:27:59.58951+00
CUST000239,Jyoti Iyer,1974-09-25,FEMALE,XXXXX1002X,XXXXXXXX2489,9950170825,8764717221,xavier75@example.net,"832
Rout Nagar",,Delhi,Delhi,633030,28.517325,77.312306,MEDIUM,50,585,9,18,HARYANVI,SELF_EMPLOYED,f,f,f,f,0,[],c231e4e1-dff9-4806-8971-f7225bd6a922,2026-08-27 11:27:59.589444+00,2026-08-27 11:27:59.589444+00
DAILY2026090652,Divya Nair,1986-03-10,MALE,XXXXX1234X,XXXXXXXX5678,9431767800,,,"197, Sector 24",,Gurugram,Haryana,122001,28.490372,77.096715,MEDIUM,50,520,9,18,HINDI,SALARIED,f,f,f,f,0,[],c24e6437-0770-4856-a8ab-63280b03761c,2026-09-06 13:30:49.088069+00,2026-09-06 13:30:49.088072+00
DAILY2026090354,Sanjay Reddy,1986-03-10,FEMALE,XXXXX1234X,XXXXXXXX5678,9256295168,,,"100, Sector 39",,Gurugram,Haryana,122001,28.444308,77.069864,MEDIUM,50,600,9,18,HINDI,SALARIED,f,f,f,f,0,[],c2b8e087-a567-4277-9169-b84d88ed3193,2026-09-02 15:33:15.768524+00,2026-09-02 15:33:15.768524+00
DAILY20260918128,Nikhil Singh,1986-03-10,MALE,XXXXX1234X,XXXXXXXX5678,9287067844,,,"21, Sector 11",,Gurugram,Haryana,122001,28.495588,77.033391,MEDIUM,50,520,9,18,HINDI,SALARIED,f,f,f,f,0,[],c2bee8e8-68e4-40b6-9ea1-d761e19c8647,2026-09-18 06:49:34.750711+00,2026-09-18 06:49:34.750714+00
DAILY20260918119,Anjali Bhatt,1986-03-10,FEMALE,XXXXX1234X,XXXXXXXX5678,9696425328,,,"138, Sector 69",,Gurugram,Haryana,122001,28.405785,77.086797,MEDIUM,50,520,9,18,HINDI,SALARIED,f,f,f,f,0,[],c32683ec-8374-4628-b391-287e0e067604,2026-09-18 06:49:34.704366+00,2026-09-18 06:49:34.704369+00
DAILY2026090643,Sneha Verma,1986-03-10,FEMALE,XXXXX1234X,XXXXXXXX5678,9236374190,,,"126, Sector 40",,Delhi,Delhi,110001,28.58135,77.003884,MEDIUM,50,520,9,18,HINDI,SALARIED,f,f,f,f,0,[],c329eeb2-1313-421e-8374-b5e0725278be,2026-09-06 13:30:49.025527+00,2026-09-21 05:54:36.328043+00
DEMO0015,Seema Agarwal Joshi,1985-06-15,FEMALE,XXXXX1234X,XXXXXXXX5678,9876541015,,,"B-37, Sector 31",,Gurugram,Haryana,122001,28.4564,77.0441,MEDIUM,50,600,9,18,HINDI,SALARIED,f,f,f,f,0,[],c34120e6-6778-4c63-9d4f-089bb0fd435a,2026-08-27 11:28:09.608507+00,2026-08-27 11:28:09.608509+00
CUST000128,Sanaya Sandhu,1969-12-26,MALE,XXXXX9664X,XXXXXXXX3086,9881531720,8996382881,,"H.No. 70
Saran Path",,Noida,Uttar Pradesh,123839,28.511165,77.400032,MEDIUM,50,575,9,18,PUNJABI,RETIRED,f,f,f,f,0,[],c34b25c0-f1f6-4a99-8351-ecf4852a50d4,2026-08-27 11:27:59.58917+00,2026-08-27 11:27:59.589171+00
CUST000348,Aachal Sood,1992-10-03,MALE,XXXXX1582X,XXXXXXXX3224,9617001884,,,"H.No. 98, Kurian Marg",,Noida,Uttar Pradesh,663051,28.635522,77.379702,MEDIUM,50,545,9,18,PUNJABI,RETIRED,f,f,f,f,0,[],c3738b3e-a0a4-4ddb-840b-0839a663abe3,2026-08-27 11:27:59.589676+00,2026-08-27 11:27:59.589677+00
CUST000083,Chakradev Barad,1975-03-21,MALE,XXXXX7731X,XXXXXXXX6968,9826239153,8576954730,gdalia@example.org,"75, Saini Circle",,Noida,Uttar Pradesh,570735,28.527798,77.534707,MEDIUM,50,524,9,18,ENGLISH,HOMEMAKER,f,f,f,f,0,[],c3c059c5-7278-43db-9372-40e1f22229ba,2026-08-27 11:27:59.589076+00,2026-08-27 11:27:59.589077+00
CUST000144,Wridesh Kale,1985-10-26,MALE,XXXXX4394X,XXXXXXXX3362,9907727084,8981437228,,"H.No. 479, Mangal Chowk",,Gurugram,Haryana,180674,28.505798,77.049403,MEDIUM,50,461,9,18,PUNJABI,SELF_EMPLOYED,f,f,f,f,0,[],c3f5d076-db19-4e5c-8254-c10f67aff6cc,2026-08-27 11:27:59.589226+00,2026-08-27 11:27:59.589227+00
CUST000188,Garima Chandran,1997-08-27,FEMALE,XXXXX6345X,XXXXXXXX6211,9586145040,,,"397, Batra Road",,Delhi,Delhi,312559,28.630685,77.081344,MEDIUM,50,501,9,18,ENGLISH,HOMEMAKER,f,f,f,f,0,[],c41f0001-c549-4669-81c9-9152fc88471c,2026-08-27 11:27:59.589318+00,2026-08-27 11:27:59.589318+00
DAILY2026090696,Sneha Malik,1986-03-10,FEMALE,XXXXX1234X,XXXXXXXX5678,9618084024,,,"142, Sector 58",,Gurugram,Haryana,122001,28.51007,77.075059,MEDIUM,50,520,9,18,HINDI,SALARIED,f,f,f,f,0,[],c4325d89-aa89-4b15-b9b3-6d07607b859e,2026-09-06 13:30:49.370014+00,2026-09-06 13:30:49.370016+00
CUST000379,Ranbir Sabharwal,1997-03-05,MALE,XXXXX9857X,XXXXXXXX8065,9334490716,8214084752,prana@example.org,"34
Sami Zila",,Noida,Uttar Pradesh,371577,28.471498,77.508473,MEDIUM,50,355,9,18,HINDI,SALARIED,f,f,f,f,0,[],c4365d0b-bf3f-4c8f-a69a-4fa8831c4390,2026-08-27 11:27:59.58974+00,2026-08-27 11:27:59.589741+00
DAILY20260921108,Neha Reddy,1986-03-10,MALE,XXXXX1234X,XXXXXXXX5678,9591090621,,,"182, Sector 17",,Delhi,Delhi,110001,28.543075,77.249808,MEDIUM,50,600,9,18,HINDI,SALARIED,f,f,f,f,0,[],c43fde5f-db87-40bc-98e8-70ca4fd356cd,2026-09-21 04:53:00.041984+00,2026-09-21 05:54:36.328044+00
DAILY2026092152,Deepak Verma,1986-03-10,FEMALE,XXXXX1234X,XXXXXXXX5678,9617454336,,,"195, Sector 13",,Gurugram,Haryana,122001,28.512146,77.113295,MEDIUM,50,520,9,18,HINDI,SALARIED,f,f,f,f,0,[],c466414c-3d0e-4889-ab34-333cd4331e9a,2026-09-21 04:52:59.67112+00,2026-09-21 05:54:36.332199+00
DAILY20260903130,Nikhil Reddy,1986-03-10,MALE,XXXXX1234X,XXXXXXXX5678,9981030973,,,"40, Sector 20",,Gurugram,Haryana,122001,28.476932,77.054015,MEDIUM,50,520,9,18,HINDI,SALARIED,f,f,f,f,0,[],c474cf95-1454-4e79-8e0e-bc3d126a82fa,2026-09-02 15:33:16.08956+00,2026-09-02 15:33:16.08956+00
DAILY20260918141,Nikhil Chauhan,1986-03-10,MALE,XXXXX1234X,XXXXXXXX5678,9598036354,,,"197, Sector 29",,Gurugram,Haryana,122001,28.54931,77.093888,MEDIUM,50,520,9,18,HINDI,SALARIED,f,f,f,f,0,[],c49bd9c3-75c4-4a55-a5d5-0f69b1a793fe,2026-09-18 06:49:34.822386+00,2026-09-21 05:54:36.332204+00
DAILY2026090745,Anjali Chauhan,1986-03-10,MALE,XXXXX1234X,XXXXXXXX5678,9810452332,,,"166, Sector 25",,Gurugram,Haryana,122001,28.509113,77.036734,MEDIUM,50,600,9,18,HINDI,SALARIED,f,f,f,f,0,[],c4ab57cd-add7-402f-a26d-c028cc798a63,2026-09-07 04:59:06.046478+00,2026-09-07 04:59:06.046483+00
DAILY20260918142,Manish Bhatt,1986-03-10,MALE,XXXXX1234X,XXXXXXXX5678,9189411005,,,"157, Sector 61",,Gurugram,Haryana,122001,28.420063,77.103608,MEDIUM,50,520,9,18,HINDI,SALARIED,f,f,f,f,0,[],c4ece7c7-c4c3-46db-ad50-ee67682d3275,2026-09-18 06:49:34.82792+00,2026-09-21 05:54:36.332205+00
DAILY2026091840,Kiran Malik,1986-03-10,MALE,XXXXX1234X,XXXXXXXX5678,9816363326,,,"12, Sector 46",,Noida,Uttar Pradesh,201301,28.553598,77.310272,MEDIUM,50,520,9,18,HINDI,SALARIED,f,f,f,f,0,[],c52327b2-c4f4-481c-ada4-548cbd2e811a,2026-09-18 06:49:34.217368+00,2026-09-21 05:54:36.338562+00
CUST000064,Suhani Chakrabarti,1975-08-09,MALE,XXXXX2624X,XXXXXXXX2874,9802992685,8925667446,jack68@example.org,"03
Pathak Circle",,Delhi,Delhi,325468,28.559663,77.104602,MEDIUM,50,609,9,18,URDU,RETIRED,f,f,f,f,0,[],c52e3c3a-f668-409c-b38e-eacfaafb3285,2026-08-27 11:27:59.589036+00,2026-08-27 11:27:59.589036+00
DAILY20260903122,Deepak Malik,1986-03-10,FEMALE,XXXXX1234X,XXXXXXXX5678,9365785346,,,"159, Sector 2",,Noida,Uttar Pradesh,201301,28.571971,77.322289,MEDIUM,50,520,9,18,HINDI,SALARIED,f,f,f,f,0,[],c54995a2-96e6-4106-873f-a7bceba56479,2026-09-02 15:33:16.059261+00,2026-09-21 05:54:36.338573+00
DAILY20260921173,Amit Sharma,1986-03-10,FEMALE,XXXXX1234X,XXXXXXXX5678,9207905326,,,"95, Sector 43",,Gurugram,Haryana,122001,28.456671,77.113941,MEDIUM,50,600,9,18,HINDI,SALARIED,f,f,f,f,0,[],c54b3486-9251-4b14-b638-0381122706d6,2026-09-21 04:53:00.637943+00,2026-09-21 05:54:36.341366+00
DAILY20260918137,Divya Singh,1986-03-10,MALE,XXXXX1234X,XXXXXXXX5678,9214998198,,,"145, Sector 48",,Gurugram,Haryana,122001,28.468412,77.07991,MEDIUM,50,520,9,18,HINDI,SALARIED,f,f,f,f,0,[],c55a9b62-bf99-4461-b90b-d6f131c54f21,2026-09-18 06:49:34.801706+00,2026-09-21 05:54:36.341374+00
CUST000192,Rachana Grewal,1989-06-25,MALE,XXXXX1699X,XXXXXXXX8552,9154371817,,xchada@example.net,"114
Rai Street",,Delhi,Delhi,514186,28.494823,77.270428,MEDIUM,50,469,9,18,URDU,SALARIED,f,f,f,f,0,[],c5733aff-893e-4874-894d-65898bc2c1e1,2026-08-27 11:27:59.589326+00,2026-08-27 11:27:59.589327+00
CUST000266,Rachit Sehgal,1965-05-07,FEMALE,XXXXX3717X,XXXXXXXX9423,9250721880,,,"43
Bhatia Road",,Delhi,Delhi,693297,28.613542,77.294943,MEDIUM,50,614,9,18,ENGLISH,RETIRED,f,t,f,f,0,[],c5d11a2f-6027-4b69-825e-48ae5e7f20f1,2026-08-27 11:27:59.589504+00,2026-08-27 11:27:59.589504+00
DAILY2026090656,Amit Mehta,1986-03-10,FEMALE,XXXXX1234X,XXXXXXXX5678,9903169353,,,"180, Sector 48",,Gurugram,Haryana,122001,28.493814,77.069729,MEDIUM,50,520,9,18,HINDI,SALARIED,f,f,f,f,0,[],c609df38-2267-403e-bc51-d112d0cffc0b,2026-09-06 13:30:49.117266+00,2026-09-06 13:30:49.11727+00
DAILY20260918101,Nikhil Nair,1986-03-10,FEMALE,XXXXX1234X,XXXXXXXX5678,9870758915,,,"37, Sector 34",,Gurugram,Haryana,122001,28.451061,77.063151,MEDIUM,50,520,9,18,HINDI,SALARIED,f,f,f,f,0,[],c619a49a-2f72-48d6-a7f6-704569fb57d5,2026-09-18 06:49:34.58559+00,2026-09-18 06:49:34.585593+00
DAILY2026090364,Nikhil Chauhan,1986-03-10,FEMALE,XXXXX1234X,XXXXXXXX5678,9300783255,,,"156, Sector 37",,Gurugram,Haryana,122001,28.478794,77.061358,MEDIUM,50,520,9,18,HINDI,SALARIED,f,f,f,f,0,[],c659c5b5-27fe-41fc-b6fb-36c76e49e841,2026-09-02 15:33:15.81605+00,2026-09-02 15:33:15.81605+00
DEMO0002,Sunita Devi Agarwal,1985-06-15,FEMALE,XXXXX1234X,XXXXXXXX5678,9876541002,,,"House 12, Sector 44",,Gurugram,Haryana,122003,28.455952015777815,77.07185886019903,MEDIUM,50,520,9,18,HINDI,SALARIED,f,f,f,f,0,[],c6776add-1900-4c6f-bbf4-224931ed12c7,2026-08-27 11:28:09.554736+00,2026-09-23 09:03:47.158577+00
CUST000230,Orinder Sinha,1999-12-03,FEMALE,XXXXX3247X,XXXXXXXX7862,9991906567,8649309976,badalekansh@example.org,"006
Mangat Circle",,Gurugram,Haryana,223453,28.503516,77.035125,MEDIUM,50,618,9,18,PUNJABI,SALARIED,f,f,f,f,0,[],c678e71f-9674-4b8a-a1fa-d9655698801f,2026-08-27 11:27:59.589426+00,2026-08-27 11:27:59.589427+00
DAILY2026090676,Rohan Yadav,1986-03-10,MALE,XXXXX1234X,XXXXXXXX5678,9331249964,,,"129, Sector 8",,Gurugram,Haryana,122001,28.492443,77.054808,MEDIUM,50,600,9,18,HINDI,SALARIED,f,f,f,f,0,[],c6947924-bb0b-4ede-b9a9-5b3ce42666dd,2026-09-06 13:30:49.257614+00,2026-09-06 13:30:49.257618+00
CUST000031,Yasti D’Alia,1978-04-16,MALE,XXXXX8753X,XXXXXXXX9698,9469106688,,aachalbasu@example.net,"H.No. 883
Sankar Path",,Gurugram,Haryana,446859,28.569865,77.011987,MEDIUM,50,597,9,18,PUNJABI,RETIRED,f,f,f,f,0,[],c6a2698c-287b-474b-9980-af763d7d98c2,2026-08-27 11:27:59.588972+00,2026-08-27 11:27:59.588973+00
DAILY20260906155,Neha Yadav,1986-03-10,MALE,XXXXX1234X,XXXXXXXX5678,9995581776,,,"166, Sector 4",,Delhi,Delhi,110001,28.494622,77.201373,MEDIUM,50,520,9,18,HINDI,SALARIED,f,f,f,f,0,[],c6d6ca98-1c95-434a-9306-957741e90f65,2026-09-06 13:30:49.744025+00,2026-09-21 05:54:36.34358+00
CUST000196,Dev Ganesh,1980-03-03,MALE,XXXXX6813X,XXXXXXXX3846,9289086333,,,"H.No. 71
Krishnamurthy Path",,Noida,Uttar Pradesh,476211,28.507333,77.126382,MEDIUM,50,594,9,18,HARYANVI,SALARIED,f,f,f,f,0,[],c6df4f28-1e1b-477c-8bee-cb9564db4016,2026-08-27 11:27:59.589334+00,2026-08-27 11:27:59.589335+00
DAILY20260903186,Nikhil Singh,1986-03-10,FEMALE,XXXXX1234X,XXXXXXXX5678,9713060528,,,"126, Sector 50",,Gurugram,Haryana,122001,28.488183,77.040239,MEDIUM,50,600,9,18,HINDI,SALARIED,f,f,f,f,0,[],c72083da-28d8-4eb0-ae8d-ec0d4eeed6a7,2026-09-02 15:33:16.287143+00,2026-09-02 15:33:16.287143+00
DAILY2026091853,Anjali Reddy,1986-03-10,MALE,XXXXX1234X,XXXXXXXX5678,9330518433,,,"13, Sector 27",,Noida,Uttar Pradesh,201301,28.513372,77.365801,MEDIUM,50,520,9,18,HINDI,SALARIED,f,f,f,f,0,[],c73aea17-f6df-4cc2-8f0a-042d8adb54cc,2026-09-18 06:49:34.291417+00,2026-09-21 05:54:36.343587+00
DAILY20260907187,Amit Sharma,1986-03-10,MALE,XXXXX1234X,XXXXXXXX5678,9701652812,,,"137, Sector 46",,Noida,Uttar Pradesh,201301,28.569053,77.354725,MEDIUM,50,520,9,18,HINDI,SALARIED,f,f,f,f,0,[],c75062ac-f4d0-45bb-9d31-bdff7f3c6597,2026-09-07 04:59:06.891041+00,2026-09-21 05:54:36.343588+00
CUST000091,Hritik Swaminathan,1990-09-22,MALE,XXXXX3986X,XXXXXXXX3209,9167753684,8591429705,,"H.No. 159
Bhatti Street",,Delhi,Delhi,311383,28.646666,77.142429,MEDIUM,50,656,9,18,HINDI,SELF_EMPLOYED,f,f,f,f,0,[],c77e10a4-659a-45bc-b298-17404f303324,2026-08-27 11:27:59.589093+00,2026-08-27 11:27:59.589094+00
DAILY2026090618,Pooja Reddy,1986-03-10,FEMALE,XXXXX1234X,XXXXXXXX5678,9983366054,,,"160, Sector 65",,Gurugram,Haryana,122001,28.461383,77.063026,MEDIUM,50,600,9,18,HINDI,SALARIED,f,f,f,f,0,[],c7a42da6-70af-4033-b7c3-5a497e222693,2026-09-06 13:30:48.763234+00,2026-09-06 13:30:48.763238+00
CUST000284,Urishilla Dave,1991-10-22,MALE,XXXXX8896X,XXXXXXXX2904,9376831869,,gautamichakraborty@example.org,"465
Lad Path",,Gurugram,Haryana,331087,28.541969,77.073949,MEDIUM,50,600,9,18,ENGLISH,BUSINESS_OWNER,f,f,f,f,0,[],c7bea2df-f2aa-4f3a-91e0-83e89428e8e9,2026-08-27 11:27:59.589542+00,2026-08-27 11:27:59.589543+00
DAILY20260903132,Manish Mehta,1986-03-10,MALE,XXXXX1234X,XXXXXXXX5678,9722603824,,,"43, Sector 5",,Gurugram,Haryana,122001,28.402103,77.060795,MEDIUM,50,520,9,18,HINDI,SALARIED,f,f,f,f,0,[],c7f06cdf-27ac-4430-a92a-5f87f5c3ec08,2026-09-02 15:33:16.09335+00,2026-09-02 15:33:16.09335+00
DAILY2026090744,Nikhil Sharma,1986-03-10,FEMALE,XXXXX1234X,XXXXXXXX5678,9465795790,,,"102, Sector 29",,Gurugram,Haryana,122001,28.475759,76.985331,MEDIUM,50,520,9,18,HINDI,SALARIED,f,f,f,f,0,[],c808133a-8085-4199-aa81-f9fb812a4bbf,2026-09-07 04:59:06.040453+00,2026-09-21 05:54:36.346663+00
DAILY2026091881,Anjali Saxena,1986-03-10,MALE,XXXXX1234X,XXXXXXXX5678,9893977074,,,"103, Sector 48",,Gurugram,Haryana,122001,28.452264,77.083788,MEDIUM,50,600,9,18,HINDI,SALARIED,f,f,f,f,0,[],c81cd105-4185-4525-bbf2-fed68629f60a,2026-09-18 06:49:34.457467+00,2026-09-18 06:49:34.45747+00
DAILY2026092195,Rohan Bhatt,1986-03-10,MALE,XXXXX1234X,XXXXXXXX5678,9594127805,,,"76, Sector 53",,Gurugram,Haryana,122001,28.400953,77.057062,MEDIUM,50,600,9,18,HINDI,SALARIED,f,f,f,f,0,[],c8287e4a-51eb-4677-b91c-c34b76321a6b,2026-09-21 04:52:59.938151+00,2026-09-21 04:52:59.938154+00
DAILY20260918184,Sanjay Malik,1986-03-10,MALE,XXXXX1234X,XXXXXXXX5678,9703633640,,,"14, Sector 41",,Gurugram,Haryana,122001,28.512293,77.099177,MEDIUM,50,520,9,18,HINDI,SALARIED,f,f,f,f,0,[],c862f06e-8b74-4fe3-84f8-59d323818030,2026-09-18 06:49:35.05148+00,2026-09-18 06:49:35.051483+00
DAILY20260903105,Sneha Yadav,1986-03-10,FEMALE,XXXXX1234X,XXXXXXXX5678,9836776856,,,"180, Sector 8",,Gurugram,Haryana,122001,28.431589,77.08023,MEDIUM,50,600,9,18,HINDI,SALARIED,f,f,f,f,0,[],c86d8361-a539-48ae-9a3d-3abd76a62caf,2026-09-02 15:33:15.983376+00,2026-09-02 15:33:15.983376+00
DAILY2026090683,Vijay Mehta,1986-03-10,MALE,XXXXX1234X,XXXXXXXX5678,9215675901,,,"182, Sector 56",,Gurugram,Haryana,122001,28.478539,77.05263,MEDIUM,50,600,9,18,HINDI,SALARIED,f,f,f,f,0,[],c88de75f-3021-4b10-8119-42518be24b3d,2026-09-06 13:30:49.299974+00,2026-09-21 05:54:36.34667+00
DAILY2026090666,Rohan Mehta,1986-03-10,FEMALE,XXXXX1234X,XXXXXXXX5678,9736735561,,,"29, Sector 62",,Gurugram,Haryana,122001,28.499608,77.107601,MEDIUM,50,520,9,18,HINDI,SALARIED,f,f,f,f,0,[],c8a53ee1-4c1d-409f-974d-75b2d5fff5cd,2026-09-06 13:30:49.188302+00,2026-09-21 05:54:36.346672+00
DAILY20260903131,Amit Mehta,1986-03-10,FEMALE,XXXXX1234X,XXXXXXXX5678,9814370997,,,"166, Sector 12",,Noida,Uttar Pradesh,201301,28.636464,77.323584,MEDIUM,50,520,9,18,HINDI,SALARIED,f,f,f,f,0,[],c8daae57-ba86-4b8a-a696-13b20a929c9a,2026-09-02 15:33:16.092794+00,2026-09-21 05:54:36.348806+00
DAILY20260921162,Amit Reddy,1986-03-10,MALE,XXXXX1234X,XXXXXXXX5678,9190752551,,,"17, Sector 29",,Gurugram,Haryana,122001,28.49628,77.064194,MEDIUM,50,520,9,18,HINDI,SALARIED,f,f,f,f,0,[],c8ded1f9-dd71-461f-8ecb-900937c4ef2f,2026-09-21 04:53:00.56404+00,2026-09-21 05:54:36.350372+00
CUST000361,Wishi Iyengar,1972-07-29,MALE,XXXXX2781X,XXXXXXXX7208,9451551922,8808846515,,"H.No. 33, Krish Ganj",,Gurugram,Haryana,328182,28.488003,77.076143,MEDIUM,50,507,9,18,ENGLISH,HOMEMAKER,f,f,f,t,0,[],c907e8cd-2df0-4149-9ac6-9f5aaa4a9618,2026-08-27 11:27:59.589704+00,2026-08-27 11:27:59.589705+00
CUST000086,Gavin Kala,1988-01-14,FEMALE,XXXXX7126X,XXXXXXXX4862,9514642708,8502559419,,"H.No. 532, Jha",,Noida,Uttar Pradesh,434165,28.602098,77.435926,MEDIUM,50,502,9,18,HINDI,BUSINESS_OWNER,f,f,f,f,0,[],c91c426f-1cf3-44b7-a2a8-5bb8015e300b,2026-08-27 11:27:59.589083+00,2026-08-27 11:27:59.589083+00
DAILY2026090672,Rahul Singh,1986-03-10,FEMALE,XXXXX1234X,XXXXXXXX5678,9657512181,,,"189, Sector 46",,Delhi,Delhi,110001,28.553649,77.310468,MEDIUM,50,520,9,18,HINDI,SALARIED,f,f,f,f,0,[],c9ba6c89-ace0-4d41-a48f-2e81b9897f4a,2026-09-06 13:30:49.231794+00,2026-09-21 05:54:36.352865+00
DAILY20260921126,Neha Sharma,1986-03-10,FEMALE,XXXXX1234X,XXXXXXXX5678,9491926812,,,"29, Sector 8",,Noida,Uttar Pradesh,201301,28.616502,77.367351,MEDIUM,50,520,9,18,HINDI,SALARIED,f,f,f,f,0,[],c9ec3706-d509-4365-bc39-1a1a7ed87050,2026-09-21 04:53:00.220739+00,2026-09-21 05:54:36.352875+00
CUST000369,Hardik Gade,1965-12-07,MALE,XXXXX3744X,XXXXXXXX1578,9846305497,8904689266,,"17
Lad Path",,Gurugram,Haryana,691088,28.506652,76.971147,MEDIUM,50,450,9,18,PUNJABI,SALARIED,f,f,f,f,0,[],ca151c89-12c3-41a3-afc4-d14cd4ac3857,2026-08-27 11:27:59.58972+00,2026-08-27 11:27:59.589721+00
CUST000073,Gautam Saraf,2000-10-30,MALE,XXXXX8538X,XXXXXXXX6928,9194628740,,,"24, Batra Nagar",,Gurugram,Haryana,556839,28.504938,76.953532,MEDIUM,50,466,9,18,HARYANVI,RETIRED,f,f,f,f,0,[],ca948526-5868-475f-b9e4-07d891aa4971,2026-08-27 11:27:59.589053+00,2026-08-27 11:27:59.589053+00
DAILY20260921176,Rahul Verma,1986-03-10,FEMALE,XXXXX1234X,XXXXXXXX5678,9942364550,,,"140, Sector 18",,Gurugram,Haryana,122001,28.408015,77.04909,MEDIUM,50,600,9,18,HINDI,SALARIED,f,f,f,f,0,[],cac90b71-2ba9-4184-871e-11040b9e199f,2026-09-21 04:53:00.661951+00,2026-09-21 04:53:00.661957+00
DAILY20260903101,Manish Gupta,1986-03-10,MALE,XXXXX1234X,XXXXXXXX5678,9776934165,,,"35, Sector 28",,Gurugram,Haryana,122001,28.412032,77.04225,MEDIUM,50,520,9,18,HINDI,SALARIED,f,f,f,f,0,[],caf7ec55-2b7c-4835-b55e-bcd7cc4d5815,2026-09-02 15:33:15.968218+00,2026-09-02 15:33:15.968218+00
CUST000016,Pahal Goswami,1974-03-28,FEMALE,XXXXX6279X,XXXXXXXX8618,9574364121,,,"H.No. 781, Zachariah Nagar",,Delhi,Delhi,596171,28.584267,77.054796,MEDIUM,50,610,9,18,ENGLISH,SALARIED,f,f,f,f,0,[],cb6aa2b7-e049-4fcb-ae64-0feacbf71c37,2026-08-27 11:27:59.588927+00,2026-08-27 11:27:59.588928+00
DAILY20260918130,Divya Verma,1986-03-10,MALE,XXXXX1234X,XXXXXXXX5678,9320146493,,,"9, Sector 69",,Gurugram,Haryana,122001,28.484425,77.029746,MEDIUM,50,520,9,18,HINDI,SALARIED,f,f,f,f,0,[],cb6f104e-39ef-4505-a5f3-989edca7ee05,2026-09-18 06:49:34.761734+00,2026-09-21 05:54:36.356476+00
BANK0004,Poonam Devi Tomar,1988-04-30,FEMALE,XXXXX5003X,XXXXXXXX6003,9811200006,,,"House 12, Sector 56",,Gurugram,Haryana,122011,28.589,77.316,MEDIUM,50,540,9,18,HINDI,SALARIED,f,f,f,f,0,[],cb942210-1b0b-4ffe-acf1-6961f1782043,2026-08-27 11:28:09.805628+00,2026-08-27 11:28:09.80563+00
CUST000275,Krishna Viswanathan,1997-01-25,MALE,XXXXX2600X,XXXXXXXX7971,9243755891,,ghosereyansh@example.org,"070, Issac Path",,Delhi,Delhi,187889,28.515189,77.220499,MEDIUM,50,495,9,18,PUNJABI,HOMEMAKER,f,f,f,f,0,[],cbe3757b-4d39-41f9-855a-1092d8671b3c,2026-08-27 11:27:59.589524+00,2026-08-27 11:27:59.589524+00
DAILY20260918121,Vijay Bhatt,1986-03-10,FEMALE,XXXXX1234X,XXXXXXXX5678,9107549183,,,"24, Sector 62",,Delhi,Delhi,110001,28.649253,77.062551,MEDIUM,50,600,9,18,HINDI,SALARIED,f,f,f,f,0,[],cc57ed40-3a22-4a96-b521-e8ab015ed642,2026-09-18 06:49:34.714753+00,2026-09-21 05:54:36.361661+00
DAILY20260918173,Neha Gupta,1986-03-10,MALE,XXXXX1234X,XXXXXXXX5678,9871080628,,,"150, Sector 24",,Gurugram,Haryana,122001,28.482995,77.074573,MEDIUM,50,600,9,18,HINDI,SALARIED,f,f,f,f,0,[],cc6216b0-75a8-47c6-8b33-5ba839c1adcf,2026-09-18 06:49:34.99118+00,2026-09-18 06:49:34.991182+00
DAILY20260903176,Kiran Yadav,1986-03-10,MALE,XXXXX1234X,XXXXXXXX5678,9728752682,,,"93, Sector 24",,Gurugram,Haryana,122001,28.500643,77.033519,MEDIUM,50,600,9,18,HINDI,SALARIED,f,f,f,f,0,[],ccab2601-5ebb-47e2-ad38-15df092db539,2026-09-02 15:33:16.250478+00,2026-09-02 15:33:16.250478+00
CUST000395,Aahana Bawa,1977-07-28,MALE,XXXXX7852X,XXXXXXXX3804,9916408414,,aryasathvik@example.net,"H.No. 705
Sagar Circle",,Noida,Uttar Pradesh,732958,28.494266,77.100651,MEDIUM,50,538,9,18,ENGLISH,HOMEMAKER,f,f,f,f,0,[],ccb9773a-386d-40ba-897a-6749f16e61e4,2026-08-27 11:27:59.589776+00,2026-08-27 11:27:59.589777+00
CUST000023,Ekapad Konda,1977-09-11,MALE,XXXXX3091X,XXXXXXXX9751,9128955006,8735540030,rakshamittal@example.net,"84/124, Chhabra Zila",,Gurugram,Haryana,128418,28.564187,77.072566,MEDIUM,50,384,9,18,HINDI,RETIRED,f,f,f,f,0,[],ccd54b2f-b166-4fc5-87bc-3c0b196d1d1a,2026-08-27 11:27:59.58895+00,2026-08-27 11:27:59.588951+00
DAILY20260918183,Sanjay Bhatt,1986-03-10,MALE,XXXXX1234X,XXXXXXXX5678,9576850991,,,"15, Sector 40",,Gurugram,Haryana,122001,28.497559,77.073587,MEDIUM,50,520,9,18,HINDI,SALARIED,f,f,f,f,0,[],cdb01913-44b4-4ad0-b444-6a3b48db935d,2026-09-18 06:49:35.046484+00,2026-09-18 06:49:35.046487+00
DAILY2026090712,Divya Saxena,1986-03-10,FEMALE,XXXXX1234X,XXXXXXXX5678,9758198820,,,"186, Sector 62",,Gurugram,Haryana,122001,28.507062,77.098338,MEDIUM,50,520,9,18,HINDI,SALARIED,f,f,f,f,0,[],ce00aa20-d523-4926-9c60-3fea55756edc,2026-09-07 04:59:05.789014+00,2026-09-07 04:59:05.789017+00
DAILY2026092130,Amit Singh,1986-03-10,FEMALE,XXXXX1234X,XXXXXXXX5678,9860600703,,,"149, Sector 37",,Noida,Uttar Pradesh,201301,28.638225,77.397355,MEDIUM,50,520,9,18,HINDI,SALARIED,f,f,f,f,0,[],ce0f6a15-d54a-4249-a155-cc3b7a6f22e8,2026-09-21 04:52:59.560138+00,2026-09-21 05:54:36.36167+00
DAILY20260903182,Kiran Nair,1986-03-10,FEMALE,XXXXX1234X,XXXXXXXX5678,9825509523,,,"145, Sector 68",,Gurugram,Haryana,122001,28.417153,77.042958,MEDIUM,50,600,9,18,HINDI,SALARIED,f,f,f,f,0,[],ce764538-8c5a-4684-9454-02e4cfe65ee0,2026-09-02 15:33:16.272814+00,2026-09-02 15:33:16.272814+00
CUST000069,Sanya Yohannan,1982-01-21,MALE,XXXXX3578X,XXXXXXXX7062,9434618074,8934120892,krishna75@example.org,"63/60, Solanki Path",,Noida,Uttar Pradesh,725185,28.600851,77.230063,MEDIUM,50,532,9,18,HINDI,SALARIED,f,f,f,f,0,[],ceab45b8-8a17-42c8-a78d-76c0c61e632b,2026-08-27 11:27:59.589045+00,2026-08-27 11:27:59.589046+00
DAILY2026090639,Preeti Saxena,1986-03-10,MALE,XXXXX1234X,XXXXXXXX5678,9997938705,,,"166, Sector 16",,Gurugram,Haryana,122001,28.462241,77.047454,MEDIUM,50,600,9,18,HINDI,SALARIED,f,f,f,f,0,[],cedd59e8-dd43-43b1-8b16-ca2a863be223,2026-09-06 13:30:49.001283+00,2026-09-06 13:30:49.001286+00
DAILY20260918151,Nikhil Singh,1986-03-10,MALE,XXXXX1234X,XXXXXXXX5678,9267754495,,,"152, Sector 46",,Delhi,Delhi,110001,28.619768,77.07689,MEDIUM,50,520,9,18,HINDI,SALARIED,f,f,f,f,0,[],cef6ad66-0714-4928-9241-b791a7de2a14,2026-09-18 06:49:34.873683+00,2026-09-21 05:54:36.361671+00
CUST000054,Anusha Bath,2000-09-04,MALE,XXXXX9837X,XXXXXXXX6994,9669998399,8392624015,jonathan71@example.org,"77
Gour Path",,Delhi,Delhi,369452,28.632462,77.084439,MEDIUM,50,402,9,18,URDU,BUSINESS_OWNER,f,f,f,f,0,[],cf7b87d2-87b4-4320-a012-b994bdada55a,2026-08-27 11:27:59.589016+00,2026-08-27 11:27:59.589017+00
CUST000200,Bishakha Biswas,1994-10-10,FEMALE,XXXXX1029X,XXXXXXXX7415,9927672827,8134770706,,"72/434
Sampath Street",,Delhi,Delhi,433674,28.679505,77.008889,MEDIUM,50,390,9,18,HARYANVI,SELF_EMPLOYED,f,f,f,f,0,[],cfd7f981-8a56-4067-919c-03b1c95f4b23,2026-08-27 11:27:59.589343+00,2026-08-27 11:27:59.589343+00
DAILY20260907126,Rahul Verma,1986-03-10,FEMALE,XXXXX1234X,XXXXXXXX5678,9400219023,,,"183, Sector 13",,Gurugram,Haryana,122001,28.433122,77.039903,MEDIUM,50,520,9,18,HINDI,SALARIED,f,f,f,f,0,[],d01b259c-a3c3-44d2-b2f5-9d14cfe698d7,2026-09-07 04:59:06.540406+00,2026-09-07 04:59:06.540415+00
CUST000122,Ekansh Vora,1984-04-29,FEMALE,XXXXX4871X,XXXXXXXX2017,9817029885,,,"70, Prakash Marg",,Noida,Uttar Pradesh,525110,28.538934,77.390673,MEDIUM,50,484,9,18,HARYANVI,BUSINESS_OWNER,f,f,f,f,0,[],d0306031-1151-4993-bed9-6906033425ef,2026-08-27 11:27:59.589158+00,2026-08-27 11:27:59.589158+00
DEMO0001,Rajesh Kumar Sharma,1985-06-15,MALE,XXXXX1234X,XXXXXXXX5678,9876541001,,,"Plot 78-B, Sector 44",,Gurugram,Haryana,122003,28.4614,77.0682,MEDIUM,50,520,9,18,HINDI,SALARIED,f,f,f,f,0,[],d0514cfc-e077-4add-bf05-b8bdcd1caf4a,2026-08-27 11:28:09.548509+00,2026-08-27 11:28:09.548513+00
DAILY20260918162,Amit Chauhan,1986-03-10,FEMALE,XXXXX1234X,XXXXXXXX5678,9187258668,,,"48, Sector 60",,Delhi,Delhi,110001,28.62497,77.096026,MEDIUM,50,520,9,18,HINDI,SALARIED,f,f,f,f,0,[],d08af5f3-174a-4ca9-a351-0dc02eb7a7c2,2026-09-18 06:49:34.933282+00,2026-09-21 05:54:36.361673+00
DAILY20260906153,Rahul Sharma,1986-03-10,MALE,XXXXX1234X,XXXXXXXX5678,9766044432,,,"57, Sector 35",,Gurugram,Haryana,122001,28.454036,77.043577,MEDIUM,50,520,9,18,HINDI,SALARIED,f,f,f,f,0,[],d0a0cf05-c349-4053-a5a8-a182cd00b880,2026-09-06 13:30:49.730765+00,2026-09-21 05:54:36.364619+00
DAILY20260921192,Vijay Singh,1986-03-10,FEMALE,XXXXX1234X,XXXXXXXX5678,9295129597,,,"145, Sector 39",,Delhi,Delhi,110001,28.722551,77.120519,MEDIUM,50,520,9,18,HINDI,SALARIED,f,f,f,f,0,[],d0bd8fe4-328b-478f-ada2-9bd9d09711d9,2026-09-21 04:53:00.759521+00,2026-09-21 05:54:36.365747+00
CUST000255,Kalpit Oak,1990-11-24,MALE,XXXXX4492X,XXXXXXXX7950,9997288545,,,"H.No. 029
Choudhry Street",,Gurugram,Haryana,556379,28.42699,77.162492,MEDIUM,50,333,9,18,HINDI,SELF_EMPLOYED,t,f,f,f,0,[],d0c40131-ea6a-4885-a8a9-8170216f2819,2026-08-27 11:27:59.589475+00,2026-08-27 11:27:59.589475+00
DAILY20260921118,Pooja Sharma,1986-03-10,FEMALE,XXXXX1234X,XXXXXXXX5678,9724174000,,,"164, Sector 36",,Gurugram,Haryana,122001,28.462007,77.062619,MEDIUM,50,520,9,18,HINDI,SALARIED,f,f,f,f,0,[],d0cc0cab-d706-4abe-8020-1b4f17c15879,2026-09-21 04:53:00.166677+00,2026-09-21 04:53:00.16668+00
DAILY20260918125,Pooja Singh,1986-03-10,FEMALE,XXXXX1234X,XXXXXXXX5678,9690232388,,,"149, Sector 39",,Gurugram,Haryana,122001,28.41597,77.090154,MEDIUM,50,600,9,18,HINDI,SALARIED,f,f,f,f,0,[],d10bbed5-28ff-443c-b19c-c16c6ea2e9e9,2026-09-18 06:49:34.736139+00,2026-09-18 06:49:34.736143+00
CUST000289,Ryan Prakash,1999-10-03,MALE,XXXXX6924X,XXXXXXXX5254,9300953401,8354626229,,"30/03
Padmanabhan Ganj",,Delhi,Delhi,742865,28.613851,77.280518,MEDIUM,50,351,9,18,PUNJABI,BUSINESS_OWNER,f,f,f,f,0,[],d167af59-b49f-497b-8003-2df4ed6c687e,2026-08-27 11:27:59.589552+00,2026-08-27 11:27:59.589553+00
CUST000094,Urvi Bhavsar,1967-02-13,MALE,XXXXX8305X,XXXXXXXX7981,9278933456,8477470703,,"H.No. 615, Bhasin Street",,Delhi,Delhi,469685,28.608386,76.94836,MEDIUM,50,451,9,18,HARYANVI,RETIRED,f,f,f,f,0,[],d194e9e1-27b4-44d8-80b3-c5dd6b0e01cc,2026-08-27 11:27:59.589099+00,2026-08-27 11:27:59.5891+00
DAILY20260907180,Pooja Malik,1986-03-10,MALE,XXXXX1234X,XXXXXXXX5678,9482370443,,,"90, Sector 29",,Gurugram,Haryana,122001,28.420325,77.036017,MEDIUM,50,600,9,18,HINDI,SALARIED,f,f,f,f,0,[],d1983c72-59a0-4e11-8913-fab202ef2ca8,2026-09-07 04:59:06.847184+00,2026-09-07 04:59:06.847187+00
DAILY2026090393,Amit Chauhan,1986-03-10,MALE,XXXXX1234X,XXXXXXXX5678,9187988725,,,"138, Sector 14",,Delhi,Delhi,110001,28.57305,77.233093,MEDIUM,50,520,9,18,HINDI,SALARIED,f,f,f,f,0,[],d205f811-8b99-4308-83e8-22704be783d3,2026-09-02 15:33:15.942648+00,2026-09-21 05:54:36.365752+00
DAILY2026092155,Deepak Mehta,1986-03-10,FEMALE,XXXXX1234X,XXXXXXXX5678,9547729273,,,"58, Sector 62",,Gurugram,Haryana,122001,28.508585,77.012647,MEDIUM,50,520,9,18,HINDI,SALARIED,f,f,f,f,0,[],d2282024-d84c-4b8f-b23f-fb5932beb469,2026-09-21 04:52:59.688488+00,2026-09-21 05:54:36.371155+00
CUST000290,Kai Chauhan,1978-03-24,MALE,XXXXX3947X,XXXXXXXX3148,9718360105,8974230575,,"104
Shah Road",,Gurugram,Haryana,383062,28.458549,77.116793,MEDIUM,50,443,9,18,ENGLISH,HOMEMAKER,f,f,f,f,0,[],d23f6808-7ebf-4dba-87d6-0108d1381e9e,2026-08-27 11:27:59.589554+00,2026-08-27 11:27:59.589555+00
CUST000233,Dayamai Gill,1968-03-10,MALE,XXXXX7979X,XXXXXXXX2898,9202003827,8149273037,,"02/758, Lad Circle",,Delhi,Delhi,245117,28.600647,77.14658,MEDIUM,50,646,9,18,ENGLISH,BUSINESS_OWNER,f,f,f,f,0,[],d2a33ff1-ab95-4313-b96e-37e0814c6f2d,2026-08-27 11:27:59.589432+00,2026-08-27 11:27:59.589432+00
DAILY2026092170,Amit Bhatt,1986-03-10,FEMALE,XXXXX1234X,XXXXXXXX5678,9390785627,,,"114, Sector 9",,Gurugram,Haryana,122001,28.468975,77.070408,MEDIUM,50,520,9,18,HINDI,SALARIED,f,f,f,f,0,[],d2afa2d7-1299-4b75-a9eb-b06fe39785d6,2026-09-21 04:52:59.771907+00,2026-09-21 05:54:36.371163+00
DAILY2026090781,Neha Nair,1986-03-10,MALE,XXXXX1234X,XXXXXXXX5678,9867386217,,,"56, Sector 23",,Gurugram,Haryana,122001,28.47018,77.096016,MEDIUM,50,520,9,18,HINDI,SALARIED,f,f,f,f,0,[],d2f475cd-08b0-498f-83f6-3467e7ddd17b,2026-09-07 04:59:06.273565+00,2026-09-07 04:59:06.273568+00
CUST000076,Ethan Sathe,1999-07-28,FEMALE,XXXXX1920X,XXXXXXXX6766,9644748834,,,"64/743
Subramanian Marg",,Noida,Uttar Pradesh,139434,28.418275,77.147389,MEDIUM,50,440,9,18,HINDI,BUSINESS_OWNER,f,t,f,f,0,[],d2f7ea20-5d16-4661-8621-9f6e999f10d1,2026-08-27 11:27:59.589062+00,2026-08-27 11:27:59.589062+00
CUST000089,Alka Ben,1968-06-20,FEMALE,XXXXX2402X,XXXXXXXX9576,9487195336,,,"11/77
Varghese Path",,Noida,Uttar Pradesh,631971,28.470422,77.506173,MEDIUM,50,395,9,18,HARYANVI,HOMEMAKER,t,f,f,f,0,[],d320a4b2-28ea-4bb4-9663-3a43cb57853e,2026-08-27 11:27:59.589089+00,2026-08-27 11:27:59.589089+00
CUST000353,Leena Rattan,1986-12-25,FEMALE,XXXXX2426X,XXXXXXXX6460,9601304182,8210705823,,"90/277
Jaggi Nagar",,Gurugram,Haryana,790995,28.412617,77.088691,MEDIUM,50,322,9,18,PUNJABI,SALARIED,f,f,f,f,0,[],d33f2626-c892-4bd0-bf23-d61d972bdfb4,2026-08-27 11:27:59.589688+00,2026-08-27 11:27:59.589688+00
DAILY20260918126,Nikhil Bhatt,1986-03-10,MALE,XXXXX1234X,XXXXXXXX5678,9576821607,,,"7, Sector 33",,Delhi,Delhi,110001,28.491457,77.179854,MEDIUM,50,600,9,18,HINDI,SALARIED,f,f,f,f,0,[],d358767a-77f4-4170-9d59-228c6b8d5ac4,2026-09-18 06:49:34.741337+00,2026-09-21 05:54:36.382709+00
DAILY2026090341,Deepak Yadav,1986-03-10,MALE,XXXXX1234X,XXXXXXXX5678,9598682428,,,"52, Sector 55",,Gurugram,Haryana,122001,28.484366,77.038456,MEDIUM,50,520,9,18,HINDI,SALARIED,f,f,f,f,0,[],d3873697-1f98-4ca2-9c7d-5ea3d95323f4,2026-09-02 15:33:15.719033+00,2026-09-02 15:33:15.719033+00
DAILY2026090674,Nikhil Gupta,1986-03-10,FEMALE,XXXXX1234X,XXXXXXXX5678,9607815934,,,"109, Sector 63",,Noida,Uttar Pradesh,201301,28.553137,77.339325,MEDIUM,50,520,9,18,HINDI,SALARIED,f,f,f,f,0,[],d3dbfe81-fe86-4841-a528-7dd7251ab902,2026-09-06 13:30:49.245301+00,2026-09-21 05:54:36.382717+00
CUST000004,Tripti Yadav,1968-05-24,MALE,XXXXX8811X,XXXXXXXX9238,9670292350,,jbrar@example.com,"31/03
Buch Road",,Noida,Uttar Pradesh,184002,28.511077,77.354344,MEDIUM,50,329,9,18,ENGLISH,SALARIED,f,f,f,f,0,[],d3e3d046-1c09-46a8-b9c9-f41d0083d51b,2026-08-27 11:27:59.588888+00,2026-08-27 11:27:59.588888+00
DAILY2026090728,Nikhil Bhatt,1986-03-10,FEMALE,XXXXX1234X,XXXXXXXX5678,9206785516,,,"109, Sector 59",,Gurugram,Haryana,122001,28.485621,77.154825,MEDIUM,50,600,9,18,HINDI,SALARIED,f,f,f,f,0,[],d3f6ff7f-df17-49a0-87db-9ecf688f6e80,2026-09-07 04:59:05.878099+00,2026-09-21 05:54:36.384201+00
DAILY2026090630,Sneha Singh,1986-03-10,MALE,XXXXX1234X,XXXXXXXX5678,9979123665,,,"75, Sector 69",,Gurugram,Haryana,122001,28.426702,77.042868,MEDIUM,50,520,9,18,HINDI,SALARIED,f,f,f,f,0,[],d42a2ed9-29ce-496e-92f0-0189941161fb,2026-09-06 13:30:48.847825+00,2026-09-21 05:54:36.384206+00
DAILY2026090358,Anjali Saxena,1986-03-10,FEMALE,XXXXX1234X,XXXXXXXX5678,9608240954,,,"28, Sector 27",,Gurugram,Haryana,122001,28.459622,77.054561,MEDIUM,50,600,9,18,HINDI,SALARIED,f,f,f,f,0,[],d4423acc-7842-46d2-8f18-628558ebd910,2026-09-02 15:33:15.784898+00,2026-09-02 15:33:15.784898+00
CUST000104,Dayita Nori,1972-01-27,MALE,XXXXX8609X,XXXXXXXX4342,9465278987,8435632899,farajuppal@example.net,"83/55, Keer Street",,Noida,Uttar Pradesh,434827,28.54133,77.030363,MEDIUM,50,512,9,18,PUNJABI,RETIRED,f,f,f,f,0,[],d4468f10-63be-4250-9bb8-67f97d285503,2026-08-27 11:27:59.589121+00,2026-08-27 11:27:59.589122+00
DAILY2026090784,Sneha Malik,1986-03-10,MALE,XXXXX1234X,XXXXXXXX5678,9182304795,,,"154, Sector 12",,Gurugram,Haryana,122001,28.496343,77.08889,MEDIUM,50,600,9,18,HINDI,SALARIED,f,f,f,f,0,[],d4896a5a-b1f2-454d-8b7b-c80b26ec211d,2026-09-07 04:59:06.289975+00,2026-09-07 04:59:06.289977+00
CUST000010,Sudiksha Aggarwal,1999-11-24,MALE,XXXXX4441X,XXXXXXXX5088,9816114302,,xiti28@example.org,"89/325
Zacharia Street",,Delhi,Delhi,526117,28.669523,77.02856,MEDIUM,50,320,9,18,HARYANVI,SELF_EMPLOYED,f,f,f,f,0,[],d4e415c0-ee55-472e-a35b-9b8acd2a76e8,2026-08-27 11:27:59.5889+00,2026-08-27 11:27:59.5889+00
DAILY2026090603,Rahul Gupta,1986-03-10,MALE,XXXXX1234X,XXXXXXXX5678,9317376718,,,"109, Sector 3",,Delhi,Delhi,110001,28.584567,77.061451,MEDIUM,50,520,9,18,HINDI,SALARIED,f,f,f,f,0,[],d4e54505-b3e7-47c3-8905-7bb3806226a6,2026-09-06 13:30:48.663354+00,2026-09-21 05:54:36.385811+00
DAILY2026092158,Sneha Yadav,1986-03-10,MALE,XXXXX1234X,XXXXXXXX5678,9238086329,,,"191, Sector 34",,Noida,Uttar Pradesh,201301,28.574212,77.276319,MEDIUM,50,520,9,18,HINDI,SALARIED,f,f,f,f,0,[],d4f6708c-d26e-432f-ba7a-b5a1a2f2d7d7,2026-09-21 04:52:59.705602+00,2026-09-21 05:54:36.385818+00
DAILY2026092116,Vijay Yadav,1986-03-10,MALE,XXXXX1234X,XXXXXXXX5678,9541883915,,,"176, Sector 39",,Gurugram,Haryana,122001,28.427677,77.038037,MEDIUM,50,600,9,18,HINDI,SALARIED,f,f,f,f,0,[],d50025ea-d9b9-4f79-86c7-898a80f0a23d,2026-09-21 04:52:59.468459+00,2026-09-21 04:52:59.468463+00
CUST000360,Bhavna Chander,1978-10-24,FEMALE,XXXXX6606X,XXXXXXXX9921,9845319806,,faqid82@example.com,"H.No. 39
Goswami Road",,Noida,Uttar Pradesh,181678,28.540148,77.403104,MEDIUM,50,522,9,18,HARYANVI,RETIRED,f,f,f,f,0,[],d5044408-d977-4e21-92a6-6a6b695b9164,2026-08-27 11:27:59.589702+00,2026-08-27 11:27:59.589703+00
DAILY2026091819,Nikhil Reddy,1986-03-10,MALE,XXXXX1234X,XXXXXXXX5678,9319704226,,,"99, Sector 26",,Gurugram,Haryana,122001,28.500404,77.034259,MEDIUM,50,520,9,18,HINDI,SALARIED,f,f,f,f,0,[],d5265152-5e7d-42a2-a035-5b644dc56978,2026-09-18 06:49:34.117225+00,2026-09-21 05:54:36.388968+00
DAILY2026091890,Deepak Gupta,1986-03-10,FEMALE,XXXXX1234X,XXXXXXXX5678,9886996682,,,"50, Sector 25",,Delhi,Delhi,110001,28.613684,77.293685,MEDIUM,50,600,9,18,HINDI,SALARIED,f,f,f,f,0,[],d588916f-6779-4251-b3f8-54020b281918,2026-09-18 06:49:34.514471+00,2026-09-21 05:54:36.392964+00
DAILY20260903187,Amit Singh,1986-03-10,MALE,XXXXX1234X,XXXXXXXX5678,9995115900,,,"196, Sector 24",,Gurugram,Haryana,122001,28.478229,77.103232,MEDIUM,50,520,9,18,HINDI,SALARIED,f,f,f,f,0,[],d5b87b87-5530-4bfa-89ec-d32ef4a2807a,2026-09-02 15:33:16.290145+00,2026-09-21 05:54:36.395836+00
CUST000367,Veer Chaudhry,1991-01-16,MALE,XXXXX8917X,XXXXXXXX7038,9221509314,8841415799,,"66/32, Solanki Street",,Gurugram,Haryana,651978,28.432066,77.071546,MEDIUM,50,317,9,18,PUNJABI,RETIRED,f,f,f,f,0,[],d62862f6-8e66-458e-94d9-f23cc3234a06,2026-08-27 11:27:59.589716+00,2026-08-27 11:27:59.589717+00
CUST000229,Xalak Bobal,1983-09-23,MALE,XXXXX2897X,XXXXXXXX7828,9577078832,,,"H.No. 52, Salvi Marg",,Noida,Uttar Pradesh,597440,28.459529,77.076344,MEDIUM,50,310,9,18,ENGLISH,SELF_EMPLOYED,f,f,f,f,0,[],d62f8b44-fbc6-4ad8-8faf-d60cd0920350,2026-08-27 11:27:59.589424+00,2026-08-27 11:27:59.589425+00
CUST000218,Keya Seth,1966-07-10,FEMALE,XXXXX5511X,XXXXXXXX7943,9504237434,8592845370,,"84, Sha Path",,Gurugram,Haryana,589368,28.397892,77.123323,MEDIUM,50,664,9,18,PUNJABI,HOMEMAKER,f,f,f,f,0,[],d6a1fca5-8fed-47e0-a1db-eae9c3775bc9,2026-08-27 11:27:59.589381+00,2026-08-27 11:27:59.589382+00
DAILY2026092124,Sanjay Gupta,1986-03-10,FEMALE,XXXXX1234X,XXXXXXXX5678,9556345687,,,"55, Sector 63",,Gurugram,Haryana,122001,28.456522,76.99234,MEDIUM,50,520,9,18,HINDI,SALARIED,f,f,f,f,0,[],d724f2ae-a4cc-4939-9483-2f0965d27205,2026-09-21 04:52:59.521739+00,2026-09-21 05:54:36.395843+00
DAILY2026090343,Rohan Gupta,1986-03-10,MALE,XXXXX1234X,XXXXXXXX5678,9705950637,,,"26, Sector 26",,Gurugram,Haryana,122001,28.49668,77.064265,MEDIUM,50,600,9,18,HINDI,SALARIED,f,f,f,f,0,[],d74f3d4f-5b1f-42c2-b917-e8d0dcdbbce1,2026-09-02 15:33:15.719033+00,2026-09-02 15:33:15.719033+00
DAILY2026092135,Vijay Reddy,1986-03-10,FEMALE,XXXXX1234X,XXXXXXXX5678,9954695534,,,"156, Sector 13",,Noida,Uttar Pradesh,201301,28.615217,77.312825,MEDIUM,50,520,9,18,HINDI,SALARIED,f,f,f,f,0,[],d78ba493-5e40-4a2e-a959-397c08f2dc9b,2026-09-21 04:52:59.586097+00,2026-09-21 05:54:36.397925+00
DAILY2026092175,Deepak Bhatt,1986-03-10,MALE,XXXXX1234X,XXXXXXXX5678,9791183856,,,"86, Sector 37",,Gurugram,Haryana,122001,28.425496,77.012958,MEDIUM,50,520,9,18,HINDI,SALARIED,f,f,f,f,0,[],d7bc1155-3242-4566-925c-ce6f8092c113,2026-09-21 04:52:59.804784+00,2026-09-21 05:54:36.399094+00
CUST000048,Veda Shroff,1980-03-15,FEMALE,XXXXX7226X,XXXXXXXX6188,9773020489,8915401487,,"H.No. 31
Seshadri Road",,Gurugram,Haryana,667296,28.451614,77.131261,MEDIUM,50,645,9,18,HINDI,HOMEMAKER,f,f,f,f,0,[],d7d8ee64-0d99-4309-9923-ca443baf5db4,2026-08-27 11:27:59.589005+00,2026-08-27 11:27:59.589005+00
DAILY20260903178,Amit Nair,1986-03-10,MALE,XXXXX1234X,XXXXXXXX5678,9853502132,,,"76, Sector 36",,Noida,Uttar Pradesh,201310,28.478715,77.491322,MEDIUM,50,520,9,18,HINDI,SALARIED,f,f,f,f,0,[],d7e8ed9e-625a-4929-8b83-ad2ee0ad3259,2026-09-02 15:33:16.252949+00,2026-09-21 05:54:36.40041+00
DAILY2026090397,Nikhil Chauhan,1986-03-10,FEMALE,XXXXX1234X,XXXXXXXX5678,9925968851,,,"128, Sector 64",,Gurugram,Haryana,122001,28.508138,77.081363,MEDIUM,50,520,9,18,HINDI,SALARIED,f,f,f,f,0,[],d8233ae4-1e41-4fe0-8c10-852a9f46af6e,2026-09-02 15:33:15.951735+00,2026-09-02 15:33:15.951735+00
CUST000139,Ayush Bumb,1965-05-19,FEMALE,XXXXX1794X,XXXXXXXX1104,9542802779,,shivansh96@example.net,"84, Subramanian Road",,Noida,Uttar Pradesh,171269,28.500843,77.123038,MEDIUM,50,338,9,18,ENGLISH,SALARIED,f,f,f,f,0,[],d82ad54b-75b4-4810-ae18-bbb4df1159b6,2026-08-27 11:27:59.589196+00,2026-08-27 11:27:59.589196+00
DAILY20260921186,Preeti Gupta,1986-03-10,FEMALE,XXXXX1234X,XXXXXXXX5678,9946744286,,,"126, Sector 46",,Noida,Uttar Pradesh,201301,28.562953,77.336285,MEDIUM,50,600,9,18,HINDI,SALARIED,f,f,f,f,0,[],d84772ab-f2fd-40c7-be5c-5d76d2671e66,2026-09-21 04:53:00.724628+00,2026-09-21 05:54:36.400415+00
DAILY20260907140,Nikhil Mehta,1986-03-10,MALE,XXXXX1234X,XXXXXXXX5678,9667786670,,,"69, Sector 48",,Gurugram,Haryana,122001,28.479564,77.082718,MEDIUM,50,520,9,18,HINDI,SALARIED,f,f,f,f,0,[],d87eb245-92f6-4194-ac46-2e68dd31f8a5,2026-09-07 04:59:06.608172+00,2026-09-07 04:59:06.608174+00
DAILY20260906103,Neha Chauhan,1986-03-10,FEMALE,XXXXX1234X,XXXXXXXX5678,9555796310,,,"132, Sector 28",,Gurugram,Haryana,122001,28.473539,77.044805,MEDIUM,50,600,9,18,HINDI,SALARIED,f,f,f,f,0,[],d8c37b55-615c-4c57-88d4-91984035e9d4,2026-09-06 13:30:49.409169+00,2026-09-06 13:30:49.409174+00
DAILY2026090746,Manish Malik,1986-03-10,MALE,XXXXX1234X,XXXXXXXX5678,9709430130,,,"60, Sector 32",,Gurugram,Haryana,122001,28.461907,77.076635,MEDIUM,50,600,9,18,HINDI,SALARIED,f,f,f,f,0,[],d8e86592-d9e0-46e4-9c9f-941848ace505,2026-09-07 04:59:06.052063+00,2026-09-07 04:59:06.052065+00
DAILY2026091839,Anjali Verma,1986-03-10,FEMALE,XXXXX1234X,XXXXXXXX5678,9187549007,,,"153, Sector 1",,Delhi,Delhi,110001,28.543649,77.236478,MEDIUM,50,520,9,18,HINDI,SALARIED,f,f,f,f,0,[],d8e8f75e-5ace-4d4b-8658-90b9be02b7a2,2026-09-18 06:49:34.212413+00,2026-09-21 05:54:36.400416+00
DAILY20260903194,Sneha Verma,1986-03-10,FEMALE,XXXXX1234X,XXXXXXXX5678,9545963196,,,"186, Sector 56",,Gurugram,Haryana,122001,28.506853,77.036462,MEDIUM,50,600,9,18,HINDI,SALARIED,f,f,f,f,0,[],d8f414b2-b566-4c6b-8764-20b975e3c027,2026-09-02 15:33:16.301408+00,2026-09-02 15:33:16.301408+00
CUST000182,Triveni Ganguly,1991-07-01,FEMALE,XXXXX2889X,XXXXXXXX4742,9895406424,8147285340,omkaar28@example.com,"08/01, Ahuja Nagar",,Noida,Uttar Pradesh,112884,28.644265,77.282746,MEDIUM,50,593,9,18,ENGLISH,SALARIED,f,f,f,f,0,[],d941cf6e-4431-4d8a-bd2e-bcbf002b4a79,2026-08-27 11:27:59.589306+00,2026-08-27 11:27:59.589306+00
CUST000171,Ladli Karpe,1973-01-21,FEMALE,XXXXX5945X,XXXXXXXX3604,9394226159,,,"431
Saini Nagar",,Delhi,Delhi,186424,28.514455,77.217001,MEDIUM,50,367,9,18,PUNJABI,SELF_EMPLOYED,t,f,f,f,0,[],d94ba74c-5079-4b5a-ac0f-e3c7ccfe599c,2026-08-27 11:27:59.589281+00,2026-08-27 11:27:59.589282+00
DAILY2026090380,Divya Nair,1986-03-10,MALE,XXXXX1234X,XXXXXXXX5678,9360615513,,,"177, Sector 18",,Gurugram,Haryana,122001,28.435051,77.019479,MEDIUM,50,520,9,18,HINDI,SALARIED,f,f,f,f,0,[],d95822d9-fff7-4adb-bf31-737a3877bd6e,2026-09-02 15:33:15.885138+00,2026-09-21 05:54:36.402748+00
DAILY2026090755,Preeti Chauhan,1986-03-10,FEMALE,XXXXX1234X,XXXXXXXX5678,9588024312,,,"62, Sector 44",,Noida,Uttar Pradesh,201301,28.586221,77.313673,MEDIUM,50,520,9,18,HINDI,SALARIED,f,f,f,f,0,[],d95fd9ac-8985-404b-8243-828be99f9eaf,2026-09-07 04:59:06.111003+00,2026-09-21 05:54:36.403871+00
DAILY2026090345,Nikhil Verma,1986-03-10,MALE,XXXXX1234X,XXXXXXXX5678,9138626588,,,"123, Sector 59",,Noida,Uttar Pradesh,201301,28.508395,77.30622,MEDIUM,50,520,9,18,HINDI,SALARIED,f,f,f,f,0,[],d9b362e2-b173-4b75-9065-9748f4027fcb,2026-09-02 15:33:15.740237+00,2026-09-21 05:54:36.403876+00
DEMO0004,Priya Singh Rawat,1985-06-15,FEMALE,XXXXX1234X,XXXXXXXX5678,9311448017,,,"Flat 2A, Sector 44",,Gurugram,Haryana,122003,28.4548,77.0713,MEDIUM,50,600,9,18,HINDI,SALARIED,f,f,f,f,0,[],d9dee504-0523-4639-bb06-439689cec2f6,2026-08-27 11:28:09.563016+00,2026-08-27 11:28:09.563018+00
DAILY2026090671,Neha Nair,1986-03-10,FEMALE,XXXXX1234X,XXXXXXXX5678,9497896276,,,"51, Sector 63",,Gurugram,Haryana,122001,28.438086,77.075024,MEDIUM,50,520,9,18,HINDI,SALARIED,f,f,f,f,0,[],d9f92e3b-bee2-4ddf-9231-d3058ab504bb,2026-09-06 13:30:49.225732+00,2026-09-21 05:54:36.405865+00
DAILY2026090687,Amit Nair,1986-03-10,MALE,XXXXX1234X,XXXXXXXX5678,9446038722,,,"12, Sector 8",,Noida,Uttar Pradesh,201301,28.592811,77.288612,MEDIUM,50,520,9,18,HINDI,SALARIED,f,f,f,f,0,[],d9fa7a8a-80c9-493d-9b34-b44317a3770a,2026-09-06 13:30:49.323002+00,2026-09-21 05:54:36.406924+00
DAILY2026091809,Rohan Bhatt,1986-03-10,MALE,XXXXX1234X,XXXXXXXX5678,9639489778,,,"84, Sector 30",,Gurugram,Haryana,122001,28.418294,77.087215,MEDIUM,50,600,9,18,HINDI,SALARIED,f,f,f,f,0,[],da47d22e-fba9-4b3e-93d5-b7af23f47faf,2026-09-18 06:49:34.06589+00,2026-09-21 05:54:36.407996+00
DAILY20260907168,Anjali Saxena,1986-03-10,FEMALE,XXXXX1234X,XXXXXXXX5678,9523977890,,,"175, Sector 13",,Delhi,Delhi,110001,28.568792,77.207363,MEDIUM,50,520,9,18,HINDI,SALARIED,f,f,f,f,0,[],da791c96-4409-42cc-a3dc-3ba590b281ad,2026-09-07 04:59:06.774454+00,2026-09-21 05:54:36.408881+00
DAILY2026090760,Anjali Mehta,1986-03-10,FEMALE,XXXXX1234X,XXXXXXXX5678,9597026174,,,"120, Sector 59",,Gurugram,Haryana,122001,28.510762,77.042771,MEDIUM,50,520,9,18,HINDI,SALARIED,f,f,f,f,0,[],da87536b-c3a1-4916-a163-4475ef41e05e,2026-09-07 04:59:06.141595+00,2026-09-21 05:54:36.416445+00
CUST000378,Hemangini Mangat,1981-06-25,MALE,XXXXX5543X,XXXXXXXX2022,9511027302,,swamyvansha@example.com,"49, Amble Ganj",,Gurugram,Haryana,370782,28.566639,77.070077,MEDIUM,50,382,9,18,PUNJABI,SELF_EMPLOYED,f,f,f,f,0,[],dac46d22-0a39-4696-9118-2e99f0cbf434,2026-08-27 11:27:59.589738+00,2026-08-27 11:27:59.589739+00
DAILY20260918100,Nikhil Sharma,1986-03-10,MALE,XXXXX1234X,XXXXXXXX5678,9770353128,,,"179, Sector 35",,Delhi,Delhi,110001,28.611709,77.301838,MEDIUM,50,520,9,18,HINDI,SALARIED,f,f,f,f,0,[],dac63d1f-ca1d-4ec0-abf1-d12b8b1bfe3f,2026-09-18 06:49:34.579251+00,2026-09-21 05:54:36.418034+00
CUST000251,Hemangini Thakkar,1975-11-15,MALE,XXXXX6285X,XXXXXXXX1833,9930712117,8761004783,pranit05@example.net,"H.No. 407, Parmar Circle",,Noida,Uttar Pradesh,415783,28.62559,77.380171,MEDIUM,50,320,9,18,URDU,HOMEMAKER,f,t,f,f,0,[],daf84ae7-e591-4810-8608-909ecf5b0e20,2026-08-27 11:27:59.589467+00,2026-08-27 11:27:59.589468+00
DAILY20260921160,Deepak Sharma,1986-03-10,FEMALE,XXXXX1234X,XXXXXXXX5678,9625008303,,,"168, Sector 42",,Gurugram,Haryana,122001,28.460767,77.064843,MEDIUM,50,520,9,18,HINDI,SALARIED,f,f,f,f,0,[],db70a0ca-fd4f-4cab-a438-fd10f2749332,2026-09-21 04:53:00.550706+00,2026-09-21 05:54:36.419277+00
BANK0007,Manish Kumar Trivedi,1982-01-27,MALE,XXXXX5006X,XXXXXXXX6006,9811200009,,,"House 12, Sector 56",,Gurugram,Haryana,122011,28.648,77.238,MEDIUM,50,540,9,18,HINDI,SALARIED,f,f,f,f,0,[],dbf152d8-cd3e-4cf2-8d6e-ffccf54b4202,2026-08-27 11:28:09.814099+00,2026-08-27 11:28:09.814101+00
DAILY20260903138,Nikhil Saxena,1986-03-10,MALE,XXXXX1234X,XXXXXXXX5678,9678932336,,,"4, Sector 64",,Gurugram,Haryana,122001,28.519646,77.043188,MEDIUM,50,600,9,18,HINDI,SALARIED,f,f,f,f,0,[],dc4747f3-7815-4ac4-8001-f67728f355ef,2026-09-02 15:33:16.115215+00,2026-09-02 15:33:16.115215+00
DAILY2026091808,Manish Nair,1986-03-10,MALE,XXXXX1234X,XXXXXXXX5678,9501825759,,,"7, Sector 38",,Delhi,Delhi,110001,28.552706,77.092017,MEDIUM,50,520,9,18,HINDI,SALARIED,f,f,f,f,0,[],dc702d8c-13e3-4032-9483-ad3c7baca529,2026-09-18 06:49:34.06102+00,2026-09-21 05:54:36.42073+00
DAILY2026090323,Rohan Singh,1986-03-10,FEMALE,XXXXX1234X,XXXXXXXX5678,9591647796,,,"76, Sector 29",,Gurugram,Haryana,122001,28.507678,77.051973,MEDIUM,50,520,9,18,HINDI,SALARIED,f,f,f,f,0,[],dc9833c2-f55b-4b09-8251-4dc6a327e39c,2026-09-02 15:33:15.655772+00,2026-09-02 15:33:15.655772+00
DAILY2026092184,Sneha Singh,1986-03-10,FEMALE,XXXXX1234X,XXXXXXXX5678,9263508123,,,"24, Sector 1",,Noida,Uttar Pradesh,201301,28.627434,77.301557,MEDIUM,50,520,9,18,HINDI,SALARIED,f,f,f,f,0,[],dc9dfe4a-4f7e-4e79-9c02-cbae590e8aec,2026-09-21 04:52:59.857609+00,2026-09-21 05:54:36.420735+00
DAILY20260903102,Anjali Nair,1986-03-10,MALE,XXXXX1234X,XXXXXXXX5678,9446401135,,,"189, Sector 69",,Gurugram,Haryana,122001,28.5181,77.032206,MEDIUM,50,520,9,18,HINDI,SALARIED,f,f,f,f,0,[],dcd93fa2-8e8b-4d18-b81e-9d327568ec81,2026-09-02 15:33:15.968218+00,2026-09-02 15:33:15.968218+00
DAILY2026090346,Rohan Verma,1986-03-10,FEMALE,XXXXX1234X,XXXXXXXX5678,9847612867,,,"2, Sector 38",,Gurugram,Haryana,122001,28.427604,77.090177,MEDIUM,50,600,9,18,HINDI,SALARIED,f,f,f,f,0,[],dce28d1b-a368-45be-a4d7-36e8f213227b,2026-09-02 15:33:15.745163+00,2026-09-02 15:33:15.745163+00
DAILY2026092100,Pooja Chauhan,1986-03-10,FEMALE,XXXXX1234X,XXXXXXXX5678,9842519105,,,"135, Sector 3",,Noida,Uttar Pradesh,201301,28.580176,77.406609,MEDIUM,50,520,9,18,HINDI,SALARIED,f,f,f,f,0,[],dd1bbf3b-f161-4f36-9d3a-43cb97645db1,2026-09-21 04:52:59.31524+00,2026-09-21 05:54:36.420737+00
DAILY20260906146,Rohan Mehta,1986-03-10,MALE,XXXXX1234X,XXXXXXXX5678,9712060324,,,"193, Sector 67",,Gurugram,Haryana,122001,28.482304,77.090713,MEDIUM,50,520,9,18,HINDI,SALARIED,f,f,f,f,0,[],dd33a704-bf3a-417d-88e8-97a48d417b9f,2026-09-06 13:30:49.684323+00,2026-09-06 13:30:49.684326+00
DAILY20260921197,Neha Gupta,1986-03-10,FEMALE,XXXXX1234X,XXXXXXXX5678,9359102682,,,"132, Sector 49",,Gurugram,Haryana,122001,28.523486,77.027561,MEDIUM,50,520,9,18,HINDI,SALARIED,f,f,f,f,0,[],ddbe73b9-7398-4c83-a4b9-d483a3523a54,2026-09-21 04:53:00.787205+00,2026-09-21 05:54:36.423002+00
DAILY20260921161,Neha Verma,1986-03-10,MALE,XXXXX1234X,XXXXXXXX5678,9669438042,,,"98, Sector 57",,Gurugram,Haryana,122001,28.418631,77.097899,MEDIUM,50,520,9,18,HINDI,SALARIED,f,f,f,f,0,[],ddc28b88-cb66-4203-8388-0e6056efdf56,2026-09-21 04:53:00.558068+00,2026-09-21 04:53:00.558074+00
DAILY20260918120,Rohan Malik,1986-03-10,MALE,XXXXX1234X,XXXXXXXX5678,9393357839,,,"197, Sector 25",,Gurugram,Haryana,122001,28.401378,77.019263,MEDIUM,50,520,9,18,HINDI,SALARIED,f,f,f,f,0,[],ddc2ac60-46a0-4ed9-80f9-b8e139e64dd6,2026-09-18 06:49:34.709633+00,2026-09-21 05:54:36.423008+00
CUST000181,Advika Sahni,1974-11-14,MALE,XXXXX9582X,XXXXXXXX2046,9382340033,8719175016,forumkarpe@example.com,"85, Suresh Road",,Gurugram,Haryana,620248,28.567717,77.04087,MEDIUM,50,519,9,18,URDU,HOMEMAKER,f,f,f,f,0,[],ddc81210-df10-40b6-899b-86e340098a93,2026-08-27 11:27:59.589304+00,2026-08-27 11:27:59.589304+00
DEMO0006,Anita Kapoor Malhotra,1985-06-15,FEMALE,XXXXX1234X,XXXXXXXX5678,9876541006,,,"C-22, Sector 44",,Gurugram,Haryana,122003,28.45526801509381,77.07251401159553,MEDIUM,50,600,9,18,HINDI,SALARIED,f,f,f,f,0,[],de7484bc-35ef-452e-bc01-b8f8eea164ac,2026-08-27 11:28:09.570783+00,2026-09-23 09:03:47.158579+00
CUST000140,Nidra Mishra,1980-11-20,FEMALE,XXXXX8993X,XXXXXXXX1257,9107099962,8541671360,,"767, Jani Chowk",,Noida,Uttar Pradesh,655134,28.559988,77.476839,MEDIUM,50,547,9,18,PUNJABI,HOMEMAKER,f,t,f,f,0,[],def6ec95-7bb5-4ef4-a2f7-971bf5945771,2026-08-27 11:27:59.589218+00,2026-08-27 11:27:59.589218+00
DAILY2026091812,Kiran Malik,1986-03-10,FEMALE,XXXXX1234X,XXXXXXXX5678,9454642556,,,"17, Sector 21",,Delhi,Delhi,110001,28.583876,77.047723,MEDIUM,50,520,9,18,HINDI,SALARIED,f,f,f,f,0,[],df5abf17-365f-4efc-986d-0c2d2e34cbac,2026-09-18 06:49:34.082843+00,2026-09-21 05:54:36.424554+00
DAILY2026091805,Sneha Yadav,1986-03-10,MALE,XXXXX1234X,XXXXXXXX5678,9151247591,,,"117, Sector 29",,Gurugram,Haryana,122001,28.366921,77.118877,MEDIUM,50,520,9,18,HINDI,SALARIED,f,f,f,f,0,[],df8b4d77-7dea-4d1d-af54-c98454aca707,2026-09-18 06:49:34.043931+00,2026-09-21 05:54:36.42955+00
DAILY2026090623,Sanjay Sharma,1986-03-10,FEMALE,XXXXX1234X,XXXXXXXX5678,9693889304,,,"1, Sector 50",,Gurugram,Haryana,122001,28.466101,77.0753,MEDIUM,50,520,9,18,HINDI,SALARIED,f,f,f,f,0,[],dfa7bd73-5777-4831-b165-8ce1145a8e81,2026-09-06 13:30:48.797715+00,2026-09-06 13:30:48.797717+00
DAILY20260906130,Manish Bhatt,1986-03-10,FEMALE,XXXXX1234X,XXXXXXXX5678,9438315144,,,"24, Sector 22",,Gurugram,Haryana,122001,28.457684,77.087023,MEDIUM,50,600,9,18,HINDI,SALARIED,f,f,f,f,0,[],dfc34fff-638d-49c2-8820-68f059a63adb,2026-09-06 13:30:49.582292+00,2026-09-06 13:30:49.582295+00
CUST000059,Bachittar Kata,1974-08-07,MALE,XXXXX1992X,XXXXXXXX7523,9396225446,,,"71/349
Sandal Ganj",,Gurugram,Haryana,576805,28.492298,77.082021,MEDIUM,50,630,9,18,HINDI,SELF_EMPLOYED,f,f,f,f,0,[],e03b72b6-339d-439d-a8f1-bcca7c80df79,2026-08-27 11:27:59.589026+00,2026-08-27 11:27:59.589026+00
CUST000201,Ethan Sen,2001-04-19,MALE,XXXXX2453X,XXXXXXXX6500,9579565240,,,"68/86
Bansal Circle",,Noida,Uttar Pradesh,171087,28.633131,77.358633,MEDIUM,50,463,9,18,PUNJABI,BUSINESS_OWNER,f,f,f,f,0,[],e0fbf51b-21d4-4b3c-87f8-15692eb0b219,2026-08-27 11:27:59.589345+00,2026-08-27 11:27:59.589345+00
CUST000359,Thomas Karpe,1994-01-22,FEMALE,XXXXX2162X,XXXXXXXX5949,9672031195,8734083157,,"H.No. 88
Lall Nagar",,Delhi,Delhi,751034,28.577755,77.355538,MEDIUM,50,584,9,18,ENGLISH,HOMEMAKER,f,f,f,f,0,[],e12e9aa0-fda9-4023-ba21-6532eae1940e,2026-08-27 11:27:59.5897+00,2026-08-27 11:27:59.589701+00
DAILY2026091806,Amit Yadav,1986-03-10,MALE,XXXXX1234X,XXXXXXXX5678,9822479118,,,"104, Sector 43",,Noida,Uttar Pradesh,201301,28.542408,77.301906,MEDIUM,50,600,9,18,HINDI,SALARIED,f,f,f,f,0,[],e1627018-fabf-4d8a-a3a3-2af5e4719996,2026-09-18 06:49:34.049858+00,2026-09-21 05:54:36.437077+00
DAILY20260921104,Kiran Sharma,1986-03-10,MALE,XXXXX1234X,XXXXXXXX5678,9799439107,,,"8, Sector 34",,Noida,Uttar Pradesh,201301,28.571352,77.356817,MEDIUM,50,600,9,18,HINDI,SALARIED,f,f,f,f,0,[],e16f4bcb-b3c2-4d46-bba9-3df531492f6a,2026-09-21 04:52:59.994204+00,2026-09-21 05:54:36.437087+00
DAILY2026090624,Vijay Sharma,1986-03-10,MALE,XXXXX1234X,XXXXXXXX5678,9732299583,,,"193, Sector 34",,Gurugram,Haryana,122001,28.471833,77.109213,MEDIUM,50,520,9,18,HINDI,SALARIED,f,f,f,f,0,[],e171815b-8579-4f6c-9dde-0e389eea5f78,2026-09-06 13:30:48.804419+00,2026-09-21 05:54:36.439024+00
CUST000071,Tanmayi Aurora,1991-02-08,MALE,XXXXX1125X,XXXXXXXX4349,9423646570,8923935280,,"21/745
Rao",,Gurugram,Haryana,367931,28.554167,77.066911,MEDIUM,50,606,9,18,PUNJABI,BUSINESS_OWNER,f,f,f,f,0,[],e1ade214-ec43-49f2-91d9-003b17885b49,2026-08-27 11:27:59.589049+00,2026-08-27 11:27:59.589049+00
DAILY2026092159,Sneha Bhatt,1986-03-10,FEMALE,XXXXX1234X,XXXXXXXX5678,9280691584,,,"11, Sector 27",,Noida,Uttar Pradesh,201301,28.559427,77.378809,MEDIUM,50,520,9,18,HINDI,SALARIED,f,f,f,f,0,[],e1bd0175-59f1-411d-bc95-c60d0f690bde,2026-09-21 04:52:59.711794+00,2026-09-21 05:54:36.440343+00
DAILY2026090706,Amit Nair,1986-03-10,MALE,XXXXX1234X,XXXXXXXX5678,9480111526,,,"123, Sector 69",,Gurugram,Haryana,122001,28.433568,77.025344,MEDIUM,50,520,9,18,HINDI,SALARIED,f,f,f,f,0,[],e22a959d-de1a-4953-bcf2-4742cf28e161,2026-09-07 04:59:05.750285+00,2026-09-21 05:54:36.44145+00
CUST000392,Sudiksha Acharya,1993-02-19,FEMALE,XXXXX8424X,XXXXXXXX1709,9212121299,8676986599,,"20/959
Nagi Ganj",,Noida,Uttar Pradesh,130477,28.557628,77.385217,MEDIUM,50,471,9,18,URDU,HOMEMAKER,f,f,f,f,0,[],e22c4360-2794-4667-b8db-d3cbcdf9d0a5,2026-08-27 11:27:59.589767+00,2026-08-27 11:27:59.589768+00
DAILY20260903110,Deepak Chauhan,1986-03-10,FEMALE,XXXXX1234X,XXXXXXXX5678,9240208479,,,"46, Sector 22",,Delhi,Delhi,110001,28.595577,77.056895,MEDIUM,50,520,9,18,HINDI,SALARIED,f,f,f,f,0,[],e272ebaf-99a7-4838-860d-aad37a974386,2026-09-02 15:33:15.999063+00,2026-09-21 05:54:36.442518+00
DAILY2026090680,Manish Singh,1986-03-10,MALE,XXXXX1234X,XXXXXXXX5678,9827580126,,,"131, Sector 48",,Delhi,Delhi,110001,28.653405,77.258787,MEDIUM,50,600,9,18,HINDI,SALARIED,f,f,f,f,0,[],e2d18054-7ba1-4c1a-aa68-2853733fe866,2026-09-06 13:30:49.282354+00,2026-09-21 05:54:36.442524+00
CUST000364,Owen Shankar,2000-10-04,MALE,XXXXX8130X,XXXXXXXX9931,9326791535,8609889300,,"H.No. 00
Raghavan Ganj",,Gurugram,Haryana,682401,28.450948,77.126958,MEDIUM,50,507,9,18,URDU,BUSINESS_OWNER,f,f,f,f,0,[],e2d970b8-dd2e-4a19-a0e9-c345621ec3b0,2026-08-27 11:27:59.58971+00,2026-08-27 11:27:59.589711+00
DAILY20260906134,Sneha Malik,1986-03-10,MALE,XXXXX1234X,XXXXXXXX5678,9614570580,,,"188, Sector 22",,Delhi,Delhi,110001,28.52232,77.280535,MEDIUM,50,520,9,18,HINDI,SALARIED,f,f,f,f,0,[],e406f6ee-6e3c-4159-8b1f-b6feaca64d01,2026-09-06 13:30:49.608882+00,2026-09-21 05:54:36.442526+00
DAILY2026092165,Preeti Verma,1986-03-10,FEMALE,XXXXX1234X,XXXXXXXX5678,9621590686,,,"12, Sector 64",,Gurugram,Haryana,122001,28.511847,77.037824,MEDIUM,50,520,9,18,HINDI,SALARIED,f,f,f,f,0,[],e4788432-ddf5-4917-84f8-02597e0d90e1,2026-09-21 04:52:59.743589+00,2026-09-21 05:54:36.444355+00
DAILY20260903117,Preeti Singh,1986-03-10,FEMALE,XXXXX1234X,XXXXXXXX5678,9673517779,,,"128, Sector 30",,Gurugram,Haryana,122001,28.406138,77.078841,MEDIUM,50,520,9,18,HINDI,SALARIED,f,f,f,f,0,[],e49c321c-1faa-4aeb-9185-bdeb92cfd07c,2026-09-02 15:33:16.038661+00,2026-09-02 15:33:16.038661+00
DAILY2026090321,Sneha Reddy,1986-03-10,MALE,XXXXX1234X,XXXXXXXX5678,9629170868,,,"171, Sector 65",,Noida,Uttar Pradesh,201301,28.620713,77.38943,MEDIUM,50,520,9,18,HINDI,SALARIED,f,f,f,f,0,[],e4c93fca-eff5-43ac-b559-2b25a0c7c214,2026-09-02 15:33:15.643497+00,2026-09-21 05:54:36.445217+00
CUST000003,Nathaniel Sami,1976-07-31,MALE,XXXXX8454X,XXXXXXXX5673,9554200826,8884374109,tanveernayar@example.org,"15, Lalla Path",,Noida,Uttar Pradesh,682765,28.491132,77.0973,MEDIUM,50,499,9,18,URDU,SELF_EMPLOYED,f,f,f,f,0,[],e4f99043-20f6-43c4-a389-cec26a3251be,2026-08-27 11:27:59.588886+00,2026-08-27 11:27:59.588886+00
DAILY2026090399,Kiran Mehta,1986-03-10,MALE,XXXXX1234X,XXXXXXXX5678,9839863321,,,"184, Sector 53",,Delhi,Delhi,110001,28.554994,77.168805,MEDIUM,50,520,9,18,HINDI,SALARIED,f,f,f,f,0,[],e5172a0e-38aa-46bc-8bad-3ec9f16d3fe4,2026-09-02 15:33:15.965154+00,2026-09-21 05:54:36.445222+00
DAILY2026090782,Sneha Gupta,1986-03-10,FEMALE,XXXXX1234X,XXXXXXXX5678,9466582221,,,"185, Sector 51",,Gurugram,Haryana,122001,28.498089,77.063323,MEDIUM,50,520,9,18,HINDI,SALARIED,f,f,f,f,0,[],e5412df5-e1e9-40bb-8e4b-17315e197ff6,2026-09-07 04:59:06.279399+00,2026-09-07 04:59:06.279401+00
DAILY20260918117,Sanjay Bhatt,1986-03-10,MALE,XXXXX1234X,XXXXXXXX5678,9222698759,,,"121, Sector 65",,Gurugram,Haryana,122001,28.430898,77.082936,MEDIUM,50,600,9,18,HINDI,SALARIED,f,f,f,f,0,[],e5afa980-3cc2-45e4-a235-0a28a4893d9c,2026-09-18 06:49:34.692353+00,2026-09-21 05:54:36.446549+00
CUST000396,Dalbir Lata,1983-10-03,MALE,XXXXX8757X,XXXXXXXX8581,9399757448,,,"H.No. 13, Chatterjee Circle",,Noida,Uttar Pradesh,358635,28.583551,77.247167,MEDIUM,50,550,9,18,ENGLISH,BUSINESS_OWNER,f,f,f,f,0,[],e63912b9-aaf6-49cb-a648-f6d6f0052298,2026-08-27 11:27:59.589778+00,2026-08-27 11:27:59.589779+00
DAILY2026090375,Divya Saxena,1986-03-10,FEMALE,XXXXX1234X,XXXXXXXX5678,9409652601,,,"87, Sector 4",,Gurugram,Haryana,122001,28.510896,77.094308,MEDIUM,50,520,9,18,HINDI,SALARIED,f,f,f,f,0,[],e66491da-c9ce-43ec-bc67-92e6952bfdea,2026-09-02 15:33:15.863631+00,2026-09-02 15:33:15.863631+00
DAILY2026090799,Manish Mehta,1986-03-10,FEMALE,XXXXX1234X,XXXXXXXX5678,9687047409,,,"114, Sector 11",,Gurugram,Haryana,122001,28.417476,77.062351,MEDIUM,50,520,9,18,HINDI,SALARIED,f,f,f,f,0,[],e696e5e3-05bc-4b1e-967e-962e1a2bb9da,2026-09-07 04:59:06.381205+00,2026-09-07 04:59:06.381209+00
DAILY20260907159,Rahul Nair,1986-03-10,MALE,XXXXX1234X,XXXXXXXX5678,9446501695,,,"107, Sector 60",,Gurugram,Haryana,122001,28.507761,77.093369,MEDIUM,50,520,9,18,HINDI,SALARIED,f,f,f,f,0,[],e6b005fb-868a-48c5-ac9a-4c8c19d9a40d,2026-09-07 04:59:06.729218+00,2026-09-07 04:59:06.729221+00
CUST000136,Shivani Shukla,1989-06-30,MALE,XXXXX2615X,XXXXXXXX8692,9917792874,8318106480,,"892
Sant Street",,Noida,Uttar Pradesh,534037,28.702403,77.331584,MEDIUM,50,554,9,18,HINDI,HOMEMAKER,f,f,f,t,0,[],e70c7872-5096-4394-83b6-d71617a773c3,2026-08-27 11:27:59.589186+00,2026-08-27 11:27:59.589187+00
DAILY2026090655,Preeti Singh,1986-03-10,FEMALE,XXXXX1234X,XXXXXXXX5678,9409593431,,,"24, Sector 10",,Delhi,Delhi,110001,28.537936,77.246348,MEDIUM,50,520,9,18,HINDI,SALARIED,f,f,f,f,0,[],e7552d72-63e9-4816-ab8c-d4ac7308fcc5,2026-09-06 13:30:49.109694+00,2026-09-21 05:54:36.4481+00
DAILY2026090709,Nikhil Malik,1986-03-10,FEMALE,XXXXX1234X,XXXXXXXX5678,9924307702,,,"167, Sector 66",,Gurugram,Haryana,122001,28.446451,77.07511,MEDIUM,50,600,9,18,HINDI,SALARIED,f,f,f,f,0,[],e76ece42-7fe2-4c24-9fe3-8b728a86be23,2026-09-07 04:59:05.772002+00,2026-09-21 05:54:36.451489+00
DAILY20260906165,Nikhil Mehta,1986-03-10,MALE,XXXXX1234X,XXXXXXXX5678,9206428004,,,"115, Sector 15",,Gurugram,Haryana,122001,28.505255,77.033317,MEDIUM,50,520,9,18,HINDI,SALARIED,f,f,f,f,0,[],e793d777-dd23-4e15-af6f-d6f6a785e9b9,2026-09-06 13:30:49.809621+00,2026-09-21 05:54:36.451495+00
DAILY2026091864,Preeti Sharma,1986-03-10,MALE,XXXXX1234X,XXXXXXXX5678,9602414228,,,"175, Sector 41",,Gurugram,Haryana,122001,28.499449,77.098494,MEDIUM,50,520,9,18,HINDI,SALARIED,f,f,f,f,0,[],e7aa3b7b-a866-4972-90ac-dcae8462ca3b,2026-09-18 06:49:34.356147+00,2026-09-18 06:49:34.356152+00
DAILY20260918133,Divya Mehta,1986-03-10,FEMALE,XXXXX1234X,XXXXXXXX5678,9856865793,,,"159, Sector 6",,Gurugram,Haryana,122001,28.479269,77.059837,MEDIUM,50,520,9,18,HINDI,SALARIED,f,f,f,f,0,[],e7c9bbf7-a8e3-4c1f-9208-7cb6767e2962,2026-09-18 06:49:34.778752+00,2026-09-21 05:54:36.451496+00
DAILY2026090785,Preeti Sharma,1986-03-10,FEMALE,XXXXX1234X,XXXXXXXX5678,9396902463,,,"17, Sector 27",,Gurugram,Haryana,122001,28.475968,77.078672,MEDIUM,50,600,9,18,HINDI,SALARIED,f,f,f,f,0,[],e7fafc3b-7bda-4622-9fa6-68402f9b195b,2026-09-07 04:59:06.296408+00,2026-09-07 04:59:06.296413+00
CUST000215,Chameli Bali,1980-09-28,MALE,XXXXX1541X,XXXXXXXX8478,9154287614,8856594938,,"H.No. 713
Panchal Ganj",,Delhi,Delhi,486244,28.629433,77.146994,MEDIUM,50,329,9,18,URDU,HOMEMAKER,f,f,f,f,0,[],e7ff21d2-036b-4d09-8e30-88ed03c97146,2026-08-27 11:27:59.589375+00,2026-08-27 11:27:59.589376+00
CUST000224,Aditya Anand,1990-01-31,MALE,XXXXX6183X,XXXXXXXX3954,9936381727,,,"27, Karnik Zila",,Noida,Uttar Pradesh,285413,28.669091,77.409892,MEDIUM,50,534,9,18,PUNJABI,SALARIED,t,f,f,f,0,[],e83946da-6bc2-458c-a53c-e1d9b40d9073,2026-08-27 11:27:59.589395+00,2026-08-27 11:27:59.589396+00
DAILY2026090756,Preeti Gupta,1986-03-10,MALE,XXXXX1234X,XXXXXXXX5678,9681751078,,,"109, Sector 9",,Gurugram,Haryana,122001,28.509633,77.03839,MEDIUM,50,600,9,18,HINDI,SALARIED,f,f,f,f,0,[],e85ca71f-2b17-403c-bf5d-6ebc83e1c5aa,2026-09-07 04:59:06.117193+00,2026-09-07 04:59:06.117196+00
DAILY2026092176,Vijay Gupta,1986-03-10,FEMALE,XXXXX1234X,XXXXXXXX5678,9394791057,,,"18, Sector 15",,Delhi,Delhi,110001,28.67614,77.114167,MEDIUM,50,520,9,18,HINDI,SALARIED,f,f,f,f,0,[],e8790e45-e0ce-4a48-8382-ed47bc62eeee,2026-09-21 04:52:59.810668+00,2026-09-21 05:54:36.453984+00
DAILY20260903115,Kiran Bhatt,1986-03-10,FEMALE,XXXXX1234X,XXXXXXXX5678,9920792904,,,"122, Sector 10",,Gurugram,Haryana,122001,28.407316,77.085119,MEDIUM,50,520,9,18,HINDI,SALARIED,f,f,f,f,0,[],e891127e-795b-4a5f-a0a2-8231030f3a9c,2026-09-02 15:33:16.02491+00,2026-09-21 05:54:36.457946+00
CUST000208,Jasmit Nanda,1971-02-21,FEMALE,XXXXX8779X,XXXXXXXX4860,9611382735,,,"H.No. 78, Rama Path",,Delhi,Delhi,136415,28.631976,77.204139,MEDIUM,50,574,9,18,HARYANVI,HOMEMAKER,f,f,f,f,0,[],e8d521a4-2a1e-4633-adb6-a450b92c7c87,2026-08-27 11:27:59.589361+00,2026-08-27 11:27:59.589362+00
DAILY2026090625,Preeti Nair,1986-03-10,FEMALE,XXXXX1234X,XXXXXXXX5678,9164052091,,,"66, Sector 19",,Noida,Uttar Pradesh,201301,28.565009,77.375701,MEDIUM,50,520,9,18,HINDI,SALARIED,f,f,f,f,0,[],e8eee75b-f9ef-4735-aceb-66671c020f16,2026-09-06 13:30:48.811468+00,2026-09-21 05:54:36.459398+00
CUST000354,Robert Bandi,1993-06-11,MALE,XXXXX8227X,XXXXXXXX2927,9392760228,,,"20/53, Dugar Nagar",,Delhi,Delhi,115997,28.611034,76.947086,MEDIUM,50,572,9,18,HARYANVI,HOMEMAKER,f,f,f,f,0,[],e8fdea10-d3d1-4f6f-8d4b-ed9e6e2fc1a5,2026-08-27 11:27:59.58969+00,2026-08-27 11:27:59.58969+00
DAILY20260907132,Preeti Verma,1986-03-10,MALE,XXXXX1234X,XXXXXXXX5678,9725124325,,,"153, Sector 15",,Delhi,Delhi,110001,28.576951,77.035449,MEDIUM,50,520,9,18,HINDI,SALARIED,f,f,f,f,0,[],e9842497-85ec-4d44-8be5-87c834e3f1ad,2026-09-07 04:59:06.570888+00,2026-09-21 05:54:36.459403+00
DAILY2026090607,Neha Mehta,1986-03-10,MALE,XXXXX1234X,XXXXXXXX5678,9608412065,,,"133, Sector 58",,Gurugram,Haryana,122001,28.461662,77.083526,MEDIUM,50,520,9,18,HINDI,SALARIED,f,f,f,f,0,[],e9e3e85a-d052-4aba-9172-2f1e3b1aab66,2026-09-06 13:30:48.692627+00,2026-09-06 13:30:48.69263+00
DAILY2026090312,Preeti Verma,1986-03-10,FEMALE,XXXXX1234X,XXXXXXXX5678,9249759193,,,"131, Sector 59",,Gurugram,Haryana,122001,28.436976,77.091894,MEDIUM,50,520,9,18,HINDI,SALARIED,f,f,f,f,0,[],e9edfbdc-4170-411e-8665-093df415daa7,2026-09-02 15:33:15.61982+00,2026-09-02 15:33:15.61982+00
DAILY2026090638,Vijay Nair,1986-03-10,MALE,XXXXX1234X,XXXXXXXX5678,9475699735,,,"167, Sector 33",,Gurugram,Haryana,122001,28.463126,77.121775,MEDIUM,50,520,9,18,HINDI,SALARIED,f,f,f,f,0,[],ea203f9a-e20a-4fdb-a714-7e8715cfc84d,2026-09-06 13:30:48.994411+00,2026-09-21 05:54:36.461551+00
CUST000258,Watika Dhaliwal,1976-03-27,MALE,XXXXX3234X,XXXXXXXX7406,9955525741,8685967190,,"552, Nayak Zila",,Delhi,Delhi,764845,28.693425,77.264213,MEDIUM,50,573,9,18,ENGLISH,BUSINESS_OWNER,f,f,f,f,0,[],ea214349-0295-45d5-82fe-f2ff063ae649,2026-08-27 11:27:59.58948+00,2026-08-27 11:27:59.589481+00
DAILY20260921147,Rahul Saxena,1986-03-10,MALE,XXXXX1234X,XXXXXXXX5678,9540824296,,,"81, Sector 37",,Gurugram,Haryana,122001,28.456258,77.077432,MEDIUM,50,520,9,18,HINDI,SALARIED,f,f,f,f,0,[],ea410858-2180-4f95-90d7-83024db917c6,2026-09-21 04:53:00.471885+00,2026-09-21 05:54:36.461557+00
CUST000052,Urvashi Wali,1976-09-18,MALE,XXXXX5497X,XXXXXXXX1132,9707661655,8935705734,indira74@example.com,"135
Wason Zila",,Delhi,Delhi,151426,28.650461,77.080735,MEDIUM,50,637,9,18,HARYANVI,RETIRED,f,f,f,f,0,[],ea537205-7e04-4fef-846a-8a440d811af9,2026-08-27 11:27:59.589012+00,2026-08-27 11:27:59.589012+00
DAILY20260918102,Pooja Yadav,1986-03-10,MALE,XXXXX1234X,XXXXXXXX5678,9869348783,,,"177, Sector 7",,Delhi,Delhi,110001,28.553494,77.178517,MEDIUM,50,520,9,18,HINDI,SALARIED,f,f,f,f,0,[],ea5a823f-b850-4e46-84f3-8228b86cbae1,2026-09-18 06:49:34.592805+00,2026-09-21 05:54:36.463663+00
CUST000014,Ganga Bobal,1983-03-11,FEMALE,XXXXX9821X,XXXXXXXX4228,9491079829,,vedika38@example.org,"763
Chatterjee Zila",,Noida,Uttar Pradesh,446239,28.561071,77.334925,MEDIUM,50,300,9,18,HARYANVI,BUSINESS_OWNER,f,f,f,f,0,[],ea8bf59f-dae6-4b04-b0c8-72a6f51d8d08,2026-08-27 11:27:59.58892+00,2026-08-27 11:27:59.58892+00
CUST000120,Indrajit Mani,1972-09-06,MALE,XXXXX8518X,XXXXXXXX5215,9871588919,,battawilliam@example.com,"H.No. 179
Babu Circle",,Delhi,Delhi,409355,28.543387,77.12842,MEDIUM,50,469,9,18,HARYANVI,SELF_EMPLOYED,f,f,f,f,0,[],eaa3c7cc-4dca-459d-b00d-ab2c7f69bd9a,2026-08-27 11:27:59.589154+00,2026-08-27 11:27:59.589154+00
CUST000356,Aradhana Kara,1986-09-11,MALE,XXXXX8304X,XXXXXXXX6826,9435480597,,,"69, Lal Nagar",,Gurugram,Haryana,659399,28.521199,77.114366,MEDIUM,50,500,9,18,HINDI,RETIRED,f,f,f,f,0,[],eacfbf44-0224-49f1-8500-76822bcdea0c,2026-08-27 11:27:59.589694+00,2026-08-27 11:27:59.589694+00
CUST000242,Meera Borde,1986-02-22,MALE,XXXXX7790X,XXXXXXXX1761,9779936769,8732231115,,"23, Lal Road",,Delhi,Delhi,572388,28.468209,77.222195,MEDIUM,50,473,9,18,URDU,HOMEMAKER,f,f,f,f,0,[],eaecc769-bb37-42f9-a8ff-94cac68aa572,2026-08-27 11:27:59.589449+00,2026-08-27 11:27:59.58945+00
DAILY20260907103,Rahul Gupta,1986-03-10,FEMALE,XXXXX1234X,XXXXXXXX5678,9545159082,,,"2, Sector 34",,Gurugram,Haryana,122001,28.515779,77.069145,MEDIUM,50,520,9,18,HINDI,SALARIED,f,f,f,f,0,[],eb12945f-3874-4ba5-b90e-dd8e126fcf3e,2026-09-07 04:59:06.402545+00,2026-09-07 04:59:06.402548+00
DAILY20260907145,Sneha Bhatt,1986-03-10,MALE,XXXXX1234X,XXXXXXXX5678,9939928181,,,"33, Sector 4",,Delhi,Delhi,110001,28.489093,77.183388,MEDIUM,50,520,9,18,HINDI,SALARIED,f,f,f,f,0,[],eb37de9a-a1d0-49e5-9d1b-94f3de51f7d5,2026-09-07 04:59:06.629902+00,2026-09-21 05:54:36.463669+00
DAILY2026092188,Divya Sharma,1986-03-10,MALE,XXXXX1234X,XXXXXXXX5678,9394853151,,,"1, Sector 20",,Gurugram,Haryana,122001,28.434494,77.06199,MEDIUM,50,520,9,18,HINDI,SALARIED,f,f,f,f,0,[],eb4ef822-c040-417e-81e0-2a910af1a9aa,2026-09-21 04:52:59.889263+00,2026-09-21 05:54:36.466128+00
CUST000338,Harshil Verma,1987-09-23,MALE,XXXXX6309X,XXXXXXXX3686,9871348981,8197915848,,"49/892
Radhakrishnan Marg",,Noida,Uttar Pradesh,571228,28.628742,77.379012,MEDIUM,50,346,9,18,PUNJABI,SALARIED,f,f,f,f,0,[],eb5373d3-667c-4bd0-9d69-4c9fb6d70086,2026-08-27 11:27:59.589656+00,2026-08-27 11:27:59.589656+00
CUST000351,Hemangini Rao,1991-08-12,MALE,XXXXX2838X,XXXXXXXX7131,9942827184,,,"37/213, Rattan Circle",,Delhi,Delhi,197102,28.557119,77.30759,MEDIUM,50,454,9,18,URDU,HOMEMAKER,t,f,f,f,0,[],eb6261e3-c320-4290-be96-8b1a032f6305,2026-08-27 11:27:59.589684+00,2026-08-27 11:27:59.589684+00
DAILY20260918146,Preeti Bhatt,1986-03-10,FEMALE,XXXXX1234X,XXXXXXXX5678,9537204416,,,"71, Sector 20",,Noida,Uttar Pradesh,201310,28.483155,77.496056,MEDIUM,50,520,9,18,HINDI,SALARIED,f,f,f,f,0,[],eb8f168c-1dd0-4e0f-94c0-3d8574d2b1b7,2026-09-18 06:49:34.849019+00,2026-09-21 05:54:36.467949+00
DAILY2026090366,Kiran Mehta,1986-03-10,FEMALE,XXXXX1234X,XXXXXXXX5678,9896531740,,,"52, Sector 12",,Gurugram,Haryana,122001,28.518805,77.077116,MEDIUM,50,520,9,18,HINDI,SALARIED,f,f,f,f,0,[],eb9ec429-58e8-4447-b417-22af834cce45,2026-09-02 15:33:15.82915+00,2026-09-02 15:33:15.82915+00
DAILY2026090720,Anjali Mehta,1986-03-10,FEMALE,XXXXX1234X,XXXXXXXX5678,9255558965,,,"132, Sector 47",,Gurugram,Haryana,122001,28.462272,77.065545,MEDIUM,50,600,9,18,HINDI,SALARIED,f,f,f,f,0,[],ebb1e728-e37a-4c38-bd85-4ea91728eba8,2026-09-07 04:59:05.837148+00,2026-09-07 04:59:05.837152+00
CUST000335,Krish Shetty,1982-09-11,MALE,XXXXX9530X,XXXXXXXX2791,9584912105,8145543743,ranganathanjanuja@example.net,"39/282, Dutta Chowk",,Delhi,Delhi,357657,28.66948,77.12733,MEDIUM,50,660,9,18,HARYANVI,HOMEMAKER,f,f,f,f,0,[],ebd13b4f-5fe2-4e42-b82f-ac5240ded5f9,2026-08-27 11:27:59.589649+00,2026-08-27 11:27:59.58965+00
DAILY20260906101,Nikhil Sharma,1986-03-10,FEMALE,XXXXX1234X,XXXXXXXX5678,9875095517,,,"27, Sector 18",,Gurugram,Haryana,122001,28.42981,77.037983,MEDIUM,50,520,9,18,HINDI,SALARIED,f,f,f,f,0,[],ec36a268-ff45-4ca0-b328-a8f8b82222a7,2026-09-06 13:30:49.396949+00,2026-09-06 13:30:49.396953+00
CUST000162,Nandini Chandran,1970-09-03,MALE,XXXXX3733X,XXXXXXXX9022,9410133983,,,"53, Lal Nagar",,Noida,Uttar Pradesh,572908,28.524926,77.425548,MEDIUM,50,630,9,18,HARYANVI,SALARIED,f,f,f,f,0,[],ec42d535-b44a-45b9-bbad-86901389c1c4,2026-08-27 11:27:59.589263+00,2026-08-27 11:27:59.589264+00
DAILY20260907170,Rohan Singh,1986-03-10,FEMALE,XXXXX1234X,XXXXXXXX5678,9501216590,,,"36, Sector 57",,Noida,Uttar Pradesh,201301,28.606955,77.33954,MEDIUM,50,600,9,18,HINDI,SALARIED,f,f,f,f,0,[],ec70f0c5-8808-420e-b5a2-e8760359b370,2026-09-07 04:59:06.785432+00,2026-09-21 05:54:36.467957+00
CUST000252,Nathaniel Chaudhry,1973-01-26,FEMALE,XXXXX3611X,XXXXXXXX7814,9683127878,8198725784,,"H.No. 80, Rama Ganj",,Gurugram,Haryana,323717,28.460476,77.125756,MEDIUM,50,334,9,18,PUNJABI,BUSINESS_OWNER,f,f,f,f,0,[],ec7e7d5f-9af6-4660-b822-eaaa0a807d80,2026-08-27 11:27:59.589469+00,2026-08-27 11:27:59.589469+00
DAILY2026090640,Neha Reddy,1986-03-10,MALE,XXXXX1234X,XXXXXXXX5678,9181950134,,,"200, Sector 17",,Gurugram,Haryana,122001,28.443537,77.064193,MEDIUM,50,520,9,18,HINDI,SALARIED,f,f,f,f,0,[],ec7e844f-12f2-4d70-ad94-50f764bf905a,2026-09-06 13:30:49.00703+00,2026-09-06 13:30:49.007032+00
CUST000300,Anita Rajan,1989-11-13,FEMALE,XXXXX8161X,XXXXXXXX7467,9368323917,,psama@example.org,"021, Subramanian Marg",,Gurugram,Haryana,508654,28.475709,77.009786,MEDIUM,50,510,9,18,URDU,SELF_EMPLOYED,f,f,f,f,0,[],eca83412-d8a1-4776-b997-db4ca5c07d87,2026-08-27 11:27:59.589575+00,2026-08-27 11:27:59.589575+00
CUST000314,Pahal Arya,1983-07-08,MALE,XXXXX3931X,XXXXXXXX7802,9901127771,,rajmaanav@example.org,"424, Dhingra Road",,Gurugram,Haryana,475351,28.383865,77.156779,MEDIUM,50,636,9,18,URDU,RETIRED,f,f,f,f,0,[],ed148f40-83cc-47ae-9998-ed2138e66d55,2026-08-27 11:27:59.589605+00,2026-08-27 11:27:59.589605+00
DAILY2026091838,Pooja Verma,1986-03-10,MALE,XXXXX1234X,XXXXXXXX5678,9947196240,,,"61, Sector 3",,Noida,Uttar Pradesh,201301,28.599144,77.326302,MEDIUM,50,520,9,18,HINDI,SALARIED,f,f,f,f,0,[],edae2fc9-c9ac-4b5f-acf9-1abcc68b665f,2026-09-18 06:49:34.207939+00,2026-09-21 05:54:36.467959+00
DAILY2026092103,Preeti Saxena,1986-03-10,FEMALE,XXXXX1234X,XXXXXXXX5678,9306877042,,,"105, Sector 13",,Gurugram,Haryana,122001,28.44398,77.039186,MEDIUM,50,600,9,18,HINDI,SALARIED,f,f,f,f,0,[],edba837f-fb7f-43cd-a330-97254a222287,2026-09-21 04:52:59.365421+00,2026-09-21 04:52:59.365427+00
DAILY2026091887,Anjali Verma,1986-03-10,MALE,XXXXX1234X,XXXXXXXX5678,9873908012,,,"66, Sector 33",,Gurugram,Haryana,122001,28.508351,77.061145,MEDIUM,50,600,9,18,HINDI,SALARIED,f,f,f,f,0,[],ede9414a-61a0-42a6-8543-0423811fde60,2026-09-18 06:49:34.494299+00,2026-09-18 06:49:34.494303+00
DAILY20260907166,Nikhil Gupta,1986-03-10,MALE,XXXXX1234X,XXXXXXXX5678,9817514517,,,"25, Sector 66",,Gurugram,Haryana,122001,28.493281,77.081595,MEDIUM,50,600,9,18,HINDI,SALARIED,f,f,f,f,0,[],edeeab8b-fc39-4cbe-be3b-668007e9a66c,2026-09-07 04:59:06.763257+00,2026-09-07 04:59:06.76326+00
CUST000217,Krishna Sabharwal,1998-07-26,MALE,XXXXX5408X,XXXXXXXX7709,9651131533,,jonathan23@example.org,"672
Luthra",,Noida,Uttar Pradesh,109330,28.658433,77.302265,MEDIUM,50,646,9,18,URDU,SELF_EMPLOYED,f,f,f,t,0,[],ee082364-9f1c-46cd-b0e0-8793ae7a877a,2026-08-27 11:27:59.589379+00,2026-08-27 11:27:59.58938+00
CUST000331,Ekaraj Hari,1975-09-23,MALE,XXXXX6221X,XXXXXXXX7783,9541578219,,nnarasimhan@example.net,"92/995
Sangha Path",,Delhi,Delhi,767782,28.722897,77.035463,MEDIUM,50,672,9,18,PUNJABI,SELF_EMPLOYED,f,f,f,f,0,[],ee240b2e-885a-4a72-95f7-93f7966179fd,2026-08-27 11:27:59.589641+00,2026-08-27 11:27:59.589642+00
DAILY2026090675,Nikhil Chauhan,1986-03-10,FEMALE,XXXXX1234X,XXXXXXXX5678,9192850802,,,"167, Sector 29",,Gurugram,Haryana,122001,28.478476,77.075786,MEDIUM,50,600,9,18,HINDI,SALARIED,f,f,f,f,0,[],ee428a3a-cec7-4fbb-9ba5-0fb1b1be573e,2026-09-06 13:30:49.250923+00,2026-09-06 13:30:49.250926+00
CUST000241,Lucky Mammen,1967-03-10,MALE,XXXXX9067X,XXXXXXXX3301,9982442542,8874768179,,"65/71, Chandran",,Gurugram,Haryana,366641,28.360531,77.121195,MEDIUM,50,323,9,18,HARYANVI,SELF_EMPLOYED,f,f,f,f,0,[],ee9f2ddc-843d-49ba-a0da-c2d8b068c8ca,2026-08-27 11:27:59.589447+00,2026-08-27 11:27:59.589448+00
CUST000079,Dayamai Sastry,1964-12-02,FEMALE,XXXXX6482X,XXXXXXXX2079,9454002758,,karan14@example.com,"328
Wali Path",,Noida,Uttar Pradesh,397949,28.67638,77.393966,MEDIUM,50,623,9,18,PUNJABI,HOMEMAKER,f,f,f,f,0,[],ef17f4ce-e6a5-4702-b0f1-19e4abd6783b,2026-08-27 11:27:59.589068+00,2026-08-27 11:27:59.589068+00
DAILY2026090613,Neha Verma,1986-03-10,MALE,XXXXX1234X,XXXXXXXX5678,9369095827,,,"176, Sector 41",,Delhi,Delhi,110001,28.510718,77.198135,MEDIUM,50,520,9,18,HINDI,SALARIED,f,f,f,f,0,[],ef946408-e04c-43fd-9a80-c32828c11b81,2026-09-06 13:30:48.730377+00,2026-09-21 05:54:36.46796+00
CUST000070,Libni Doshi,1982-06-23,FEMALE,XXXXX8242X,XXXXXXXX7785,9393310667,,,"895, Sarraf Zila",,Noida,Uttar Pradesh,461939,28.385929,77.097092,MEDIUM,50,548,9,18,URDU,SALARIED,f,f,f,f,0,[],efb07e9b-75ca-4efd-88f3-a3f78fabb418,2026-08-27 11:27:59.589047+00,2026-08-27 11:27:59.589047+00
CUST000350,Pallavi Pau,1986-11-26,MALE,XXXXX4070X,XXXXXXXX2914,9940035404,8857273798,ajani@example.net,"588
Kulkarni Chowk",,Noida,Uttar Pradesh,133164,28.43929,77.565475,MEDIUM,50,610,9,18,PUNJABI,RETIRED,f,f,f,f,0,[],efc128df-533f-4df9-8a86-8c8de59e0a2d,2026-08-27 11:27:59.58968+00,2026-08-27 11:27:59.589681+00
DAILY20260921135,Pooja Verma,1986-03-10,MALE,XXXXX1234X,XXXXXXXX5678,9840094023,,,"34, Sector 21",,Delhi,Delhi,110001,28.570131,77.270536,MEDIUM,50,520,9,18,HINDI,SALARIED,f,f,f,f,0,[],f0346e2f-2c3d-412a-b19d-c8b1c9171e33,2026-09-21 04:53:00.313459+00,2026-09-21 05:54:36.467962+00
DAILY20260903111,Preeti Sharma,1986-03-10,FEMALE,XXXXX1234X,XXXXXXXX5678,9914480307,,,"77, Sector 54",,Gurugram,Haryana,122001,28.516803,77.041994,MEDIUM,50,520,9,18,HINDI,SALARIED,f,f,f,f,0,[],f04135d6-40f0-421d-a06f-6ee8e6f8ce43,2026-09-02 15:33:16.01259+00,2026-09-02 15:33:16.01259+00
CUST000342,Yauvani Baral,1997-07-03,MALE,XXXXX1531X,XXXXXXXX5889,9455527819,8152647028,,"H.No. 242, Ravi Circle",,Delhi,Delhi,286906,28.71832,77.028486,MEDIUM,50,318,9,18,ENGLISH,BUSINESS_OWNER,f,f,f,f,0,[],f06083e4-2736-46a2-b92a-2ec8b808dcd2,2026-08-27 11:27:59.589664+00,2026-08-27 11:27:59.589664+00
CUST000035,Manan Bakshi,1965-05-29,FEMALE,XXXXX4697X,XXXXXXXX9561,9508427798,8575368059,,"17/69
Rajagopalan Ganj",,Gurugram,Haryana,717113,28.465733,77.087109,MEDIUM,50,610,9,18,URDU,BUSINESS_OWNER,f,t,f,f,0,[],f081137e-dcf3-4498-a67b-38d1f0036d2c,2026-08-27 11:27:59.58898+00,2026-08-27 11:27:59.588981+00
DAILY20260918103,Pooja Mehta,1986-03-10,FEMALE,XXXXX1234X,XXXXXXXX5678,9812138588,,,"57, Sector 63",,Gurugram,Haryana,122001,28.413846,77.071337,MEDIUM,50,600,9,18,HINDI,SALARIED,f,f,f,f,0,[],f090a69b-e9bb-4e2c-a8a2-510911da3172,2026-09-18 06:49:34.599087+00,2026-09-18 06:49:34.599094+00
CUST000022,Karan Mital,1981-01-10,MALE,XXXXX7389X,XXXXXXXX7865,9677909930,8686405096,andratara@example.net,"H.No. 838, Deo Road",,Delhi,Delhi,331251,28.663712,77.111333,MEDIUM,50,480,9,18,URDU,SELF_EMPLOYED,f,f,f,f,0,[],f0cf9130-ccb9-4b73-9da2-f6397ab9ddb5,2026-08-27 11:27:59.588947+00,2026-08-27 11:27:59.588948+00
DAILY2026090659,Rohan Verma,1986-03-10,MALE,XXXXX1234X,XXXXXXXX5678,9550721627,,,"34, Sector 36",,Gurugram,Haryana,122001,28.453396,77.077032,MEDIUM,50,600,9,18,HINDI,SALARIED,f,f,f,f,0,[],f0de2271-35c1-487c-a7cf-4a2694f27ed3,2026-09-06 13:30:49.139396+00,2026-09-21 05:54:36.471483+00
CUST000053,Rehaan Kalita,1991-09-20,MALE,XXXXX5106X,XXXXXXXX3240,9774576271,,barkha13@example.com,"H.No. 24, Walla Nagar",,Noida,Uttar Pradesh,141337,28.597621,77.231633,MEDIUM,50,625,9,18,PUNJABI,RETIRED,t,f,f,f,0,[],f0e828df-dd39-4105-9fbd-edbff7159e3f,2026-08-27 11:27:59.589014+00,2026-08-27 11:27:59.589014+00
CUST000202,Frederick Chopra,1992-11-15,MALE,XXXXX7204X,XXXXXXXX6754,9686288768,,ojas90@example.net,"H.No. 61
Chaudhari Nagar",,Delhi,Delhi,706135,28.49275,77.297399,MEDIUM,50,511,9,18,ENGLISH,SELF_EMPLOYED,f,f,f,f,0,[],f1197b5f-49fe-4d13-914a-6a9b5bfbea8a,2026-08-27 11:27:59.589347+00,2026-08-27 11:27:59.589347+00
CUST000161,Nicholas Shanker,1988-04-15,MALE,XXXXX4908X,XXXXXXXX6003,9225572934,,akshaynazareth@example.com,"966, Narang Circle",,Noida,Uttar Pradesh,635638,28.476837,77.509292,MEDIUM,50,460,9,18,URDU,RETIRED,f,f,f,f,0,[],f11ca2e2-b606-4e7d-8a04-c4e20d53e445,2026-08-27 11:27:59.589261+00,2026-08-27 11:27:59.589262+00
DAILY20260906118,Sneha Sharma,1986-03-10,FEMALE,XXXXX1234X,XXXXXXXX5678,9805306850,,,"131, Sector 52",,Gurugram,Haryana,122001,28.462796,77.141373,MEDIUM,50,520,9,18,HINDI,SALARIED,f,f,f,f,0,[],f12e7b3e-1960-45a5-b2ab-3e7657279c77,2026-09-06 13:30:49.505616+00,2026-09-21 05:54:36.471489+00
DAILY20260918177,Amit Nair,1986-03-10,MALE,XXXXX1234X,XXXXXXXX5678,9832934908,,,"21, Sector 43",,Delhi,Delhi,110001,28.584283,77.11438,MEDIUM,50,600,9,18,HINDI,SALARIED,f,f,f,f,0,[],f199876a-7da7-482e-81ef-188ffe468a6e,2026-09-18 06:49:35.0136+00,2026-09-21 05:54:36.473946+00
DAILY20260903149,Sneha Singh,1986-03-10,FEMALE,XXXXX1234X,XXXXXXXX5678,9501501279,,,"155, Sector 48",,Gurugram,Haryana,122001,28.528476,77.041387,MEDIUM,50,520,9,18,HINDI,SALARIED,f,f,f,f,0,[],f219bcbe-36b7-437b-97fd-a1bd4eb6c81b,2026-09-02 15:33:16.156186+00,2026-09-21 05:54:36.475128+00
DAILY2026091847,Vijay Malik,1986-03-10,FEMALE,XXXXX1234X,XXXXXXXX5678,9378049126,,,"159, Sector 54",,Gurugram,Haryana,122001,28.512686,77.023928,MEDIUM,50,520,9,18,HINDI,SALARIED,f,f,f,f,0,[],f2294d3b-adc9-493d-87b1-f641964ce5c8,2026-09-18 06:49:34.258158+00,2026-09-21 05:54:36.475134+00
CUST000105,Madhav Kunda,1971-02-24,MALE,XXXXX3308X,XXXXXXXX2586,9154337019,,,"12/779, Sen",,Delhi,Delhi,745270,28.522057,77.054908,MEDIUM,50,530,9,18,URDU,SELF_EMPLOYED,f,f,f,f,0,[],f23ef711-0edb-42cf-93dc-e8cfcc4f0c14,2026-08-27 11:27:59.589123+00,2026-08-27 11:27:59.589124+00
DAILY20260906131,Rahul Malik,1986-03-10,MALE,XXXXX1234X,XXXXXXXX5678,9644254380,,,"195, Sector 44",,Gurugram,Haryana,122001,28.547086,77.033677,MEDIUM,50,520,9,18,HINDI,SALARIED,f,f,f,f,0,[],f2917117-a598-47a7-8b67-81333a5ea6aa,2026-09-06 13:30:49.589484+00,2026-09-21 05:54:36.475135+00
DAILY20260921146,Manish Sharma,1986-03-10,FEMALE,XXXXX1234X,XXXXXXXX5678,9741019945,,,"166, Sector 28",,Gurugram,Haryana,122001,28.446165,77.086089,MEDIUM,50,520,9,18,HINDI,SALARIED,f,f,f,f,0,[],f32bef9b-9476-4897-8c01-851b9f9fd4a1,2026-09-21 04:53:00.463285+00,2026-09-21 04:53:00.46329+00
DAILY2026090686,Vijay Malik,1986-03-10,MALE,XXXXX1234X,XXXXXXXX5678,9924857699,,,"167, Sector 12",,Noida,Uttar Pradesh,201310,28.418265,77.514711,MEDIUM,50,520,9,18,HINDI,SALARIED,f,f,f,f,0,[],f32eea7c-8b47-4a94-996c-50520242934e,2026-09-06 13:30:49.317409+00,2026-09-21 05:54:36.477457+00
CUST000087,Sarthak Kalita,1994-07-20,MALE,XXXXX8349X,XXXXXXXX1086,9185068029,,,"H.No. 29, Malhotra Nagar",,Delhi,Delhi,256782,28.544192,77.326511,MEDIUM,50,661,9,18,HARYANVI,HOMEMAKER,f,f,f,f,0,[],f3665eea-1b6b-4f31-a8a1-8eeeb5e4cc45,2026-08-27 11:27:59.589085+00,2026-08-27 11:27:59.589085+00
DAILY2026090337,Deepak Saxena,1986-03-10,FEMALE,XXXXX1234X,XXXXXXXX5678,9362381630,,,"151, Sector 61",,Gurugram,Haryana,122001,28.445156,77.059015,MEDIUM,50,600,9,18,HINDI,SALARIED,f,f,f,f,0,[],f3978c43-b82c-4f95-aa8b-83307c7251b6,2026-09-02 15:33:15.702561+00,2026-09-21 05:54:36.47863+00
DAILY20260907153,Manish Sharma,1986-03-10,MALE,XXXXX1234X,XXXXXXXX5678,9294755467,,,"140, Sector 17",,Noida,Uttar Pradesh,201301,28.558239,77.371557,MEDIUM,50,520,9,18,HINDI,SALARIED,f,f,f,f,0,[],f3b975b3-13a9-42c3-b5a3-d10eca36bb79,2026-09-07 04:59:06.697278+00,2026-09-21 05:54:36.480031+00
DAILY20260907148,Kiran Chauhan,1986-03-10,FEMALE,XXXXX1234X,XXXXXXXX5678,9398662003,,,"163, Sector 29",,Gurugram,Haryana,122001,28.479683,77.096365,MEDIUM,50,520,9,18,HINDI,SALARIED,f,f,f,f,0,[],f3c2c9dd-3aff-4847-80d9-b69ff8aadea5,2026-09-07 04:59:06.647019+00,2026-09-21 05:54:36.481327+00
DAILY2026090791,Sanjay Mehta,1986-03-10,FEMALE,XXXXX1234X,XXXXXXXX5678,9904417182,,,"60, Sector 19",,Gurugram,Haryana,122001,28.460137,77.062241,MEDIUM,50,520,9,18,HINDI,SALARIED,f,f,f,f,0,[],f3cba88a-55d9-4966-ba08-e4f2bcf1070b,2026-09-07 04:59:06.334403+00,2026-09-21 05:54:36.481333+00
DAILY20260921182,Divya Verma,1986-03-10,FEMALE,XXXXX1234X,XXXXXXXX5678,9650754626,,,"160, Sector 29",,Delhi,Delhi,110001,28.696754,77.108653,MEDIUM,50,600,9,18,HINDI,SALARIED,f,f,f,f,0,[],f4350fc3-492b-4431-bd35-e77d5dfe45b8,2026-09-21 04:53:00.69754+00,2026-09-21 05:54:36.483327+00
CUST000315,Chakrika Jani,1992-04-15,FEMALE,XXXXX8258X,XXXXXXXX6772,9438395096,8448594692,parmersneha@example.org,"86/384, Raj Nagar",,Gurugram,Haryana,532373,28.564808,77.022799,MEDIUM,50,573,9,18,URDU,BUSINESS_OWNER,f,f,f,f,0,[],f45c94fd-7fbc-4f1b-9251-5b344b57ff6d,2026-08-27 11:27:59.589607+00,2026-08-27 11:27:59.589607+00
DAILY2026090658,Divya Gupta,1986-03-10,FEMALE,XXXXX1234X,XXXXXXXX5678,9105107611,,,"15, Sector 25",,Gurugram,Haryana,122001,28.490628,77.034232,MEDIUM,50,520,9,18,HINDI,SALARIED,f,f,f,f,0,[],f48b4b97-94ac-4517-9b5d-637d8090fe7b,2026-09-06 13:30:49.132112+00,2026-09-21 05:54:36.484731+00
DAILY20260921106,Pooja Yadav,1986-03-10,MALE,XXXXX1234X,XXXXXXXX5678,9910612706,,,"14, Sector 16",,Noida,Uttar Pradesh,201301,28.614618,77.360792,MEDIUM,50,520,9,18,HINDI,SALARIED,f,f,f,f,0,[],f4a079d8-fec3-464c-ac8c-7a30ff3624d7,2026-09-21 04:53:00.019072+00,2026-09-21 05:54:36.486154+00
DAILY20260921107,Neha Bhatt,1986-03-10,MALE,XXXXX1234X,XXXXXXXX5678,9721905518,,,"10, Sector 12",,Gurugram,Haryana,122001,28.475451,77.099989,MEDIUM,50,520,9,18,HINDI,SALARIED,f,f,f,f,0,[],f4a8914a-c6cd-4cea-82f7-dfcdf4fa60f3,2026-09-21 04:53:00.035953+00,2026-09-21 05:54:36.487701+00
DAILY2026090627,Manish Singh,1986-03-10,FEMALE,XXXXX1234X,XXXXXXXX5678,9608700887,,,"129, Sector 3",,Gurugram,Haryana,122001,28.463024,77.098215,MEDIUM,50,600,9,18,HINDI,SALARIED,f,f,f,f,0,[],f4ff983b-55aa-49be-9704-aa2168b875dd,2026-09-06 13:30:48.827195+00,2026-09-06 13:30:48.827197+00
CUST000260,Kritika Panchal,1984-05-26,MALE,XXXXX3637X,XXXXXXXX4014,9337069279,8371379423,,"93, Seth Street",,Noida,Uttar Pradesh,290167,28.582673,77.451031,MEDIUM,50,562,9,18,HARYANVI,SALARIED,f,f,f,f,0,[],f5795911-e27a-41da-a809-be2325d85e66,2026-08-27 11:27:59.589484+00,2026-08-27 11:27:59.589485+00
DAILY2026090754,Sneha Mehta,1986-03-10,FEMALE,XXXXX1234X,XXXXXXXX5678,9809403902,,,"55, Sector 63",,Noida,Uttar Pradesh,201310,28.454924,77.492614,MEDIUM,50,600,9,18,HINDI,SALARIED,f,f,f,f,0,[],f5851f9a-3d17-4775-8634-6f25f123e7de,2026-09-07 04:59:06.105314+00,2026-09-21 05:54:36.489171+00
CUST000256,Elijah Prakash,1990-06-04,MALE,XXXXX4729X,XXXXXXXX5237,9537692362,,vchaudhuri@example.com,"267
Ghosh Path",,Noida,Uttar Pradesh,554059,28.524185,77.049934,MEDIUM,50,585,9,18,PUNJABI,SALARIED,f,f,f,t,0,[],f5dba720-9b9e-4b9c-b139-5effd773a51b,2026-08-27 11:27:59.589476+00,2026-08-27 11:27:59.589477+00
DAILY20260918144,Rohan Bhatt,1986-03-10,FEMALE,XXXXX1234X,XXXXXXXX5678,9330637768,,,"32, Sector 27",,Noida,Uttar Pradesh,201310,28.508938,77.47117,MEDIUM,50,520,9,18,HINDI,SALARIED,f,f,f,f,0,[],f6030545-2456-4eea-8c10-f56890d1b13e,2026-09-18 06:49:34.838957+00,2026-09-21 05:54:36.489176+00
DAILY2026090317,Anjali Bhatt,1986-03-10,FEMALE,XXXXX1234X,XXXXXXXX5678,9326823010,,,"127, Sector 68",,Gurugram,Haryana,122001,28.51492,77.092842,MEDIUM,50,520,9,18,HINDI,SALARIED,f,f,f,f,0,[],f63e3b7c-7880-42b2-9ae2-dacf7253922d,2026-09-02 15:33:15.61982+00,2026-09-02 15:33:15.61982+00
DAILY20260903112,Manish Malik,1986-03-10,FEMALE,XXXXX1234X,XXXXXXXX5678,9539019194,,,"129, Sector 41",,Gurugram,Haryana,122001,28.506433,77.007184,MEDIUM,50,520,9,18,HINDI,SALARIED,f,f,f,f,0,[],f64c0588-9757-4118-91af-55389ce19099,2026-09-02 15:33:16.017899+00,2026-09-21 05:54:36.49079+00
DAILY20260906107,Amit Nair,1986-03-10,FEMALE,XXXXX1234X,XXXXXXXX5678,9592011571,,,"90, Sector 49",,Gurugram,Haryana,122001,28.472418,77.092368,MEDIUM,50,520,9,18,HINDI,SALARIED,f,f,f,f,0,[],f6cad4f1-23b5-4c88-831a-ac081a4300eb,2026-09-06 13:30:49.432579+00,2026-09-06 13:30:49.432581+00
DAILY2026091884,Rohan Gupta,1986-03-10,FEMALE,XXXXX1234X,XXXXXXXX5678,9323879679,,,"98, Sector 14",,Noida,Uttar Pradesh,201301,28.612979,77.328557,MEDIUM,50,520,9,18,HINDI,SALARIED,f,f,f,f,0,[],f6d39908-9c8e-4428-a6d5-4b57759331b6,2026-09-18 06:49:34.475136+00,2026-09-21 05:54:36.492108+00
DAILY2026090642,Nikhil Malik,1986-03-10,FEMALE,XXXXX1234X,XXXXXXXX5678,9424090627,,,"112, Sector 43",,Noida,Uttar Pradesh,201301,28.635082,77.364982,MEDIUM,50,520,9,18,HINDI,SALARIED,f,f,f,f,0,[],f6db1451-166b-4da7-8708-f985f9dda772,2026-09-06 13:30:49.019628+00,2026-09-21 05:54:36.492112+00
DAILY20260906125,Amit Mehta,1986-03-10,MALE,XXXXX1234X,XXXXXXXX5678,9826674266,,,"107, Sector 47",,Gurugram,Haryana,122001,28.47931,77.093048,MEDIUM,50,600,9,18,HINDI,SALARIED,f,f,f,f,0,[],f74bd4c7-edc1-4dde-a06d-66b796984272,2026-09-06 13:30:49.550299+00,2026-09-06 13:30:49.550302+00
CUST000245,Nakul Modi,1995-01-21,FEMALE,XXXXX4560X,XXXXXXXX4291,9325177291,8412007357,kalefalak@example.org,"35/680, Lad Road",,Delhi,Delhi,239116,28.640473,77.214551,MEDIUM,50,664,9,18,ENGLISH,HOMEMAKER,f,f,f,f,0,[],f7522faf-3dd9-48db-80ca-993ef3d205e0,2026-08-27 11:27:59.589456+00,2026-08-27 11:27:59.589456+00
DAILY2026090614,Sanjay Reddy,1986-03-10,FEMALE,XXXXX1234X,XXXXXXXX5678,9493739846,,,"191, Sector 57",,Gurugram,Haryana,122001,28.504653,77.053834,MEDIUM,50,520,9,18,HINDI,SALARIED,f,f,f,f,0,[],f759f638-2783-49ea-977e-fca3944a71b3,2026-09-06 13:30:48.736681+00,2026-09-06 13:30:48.736683+00
CUST000222,Samaksh Deo,1997-03-05,FEMALE,XXXXX6499X,XXXXXXXX2463,9338642889,,nathan41@example.net,"H.No. 15
Ben Street",,Gurugram,Haryana,422002,28.518167,77.009082,MEDIUM,50,393,9,18,URDU,BUSINESS_OWNER,f,f,f,f,0,[],f76b87ca-9218-4e78-9377-c55b4850be3b,2026-08-27 11:27:59.58939+00,2026-08-27 11:27:59.58939+00
DAILY20260921178,Kiran Reddy,1986-03-10,MALE,XXXXX1234X,XXXXXXXX5678,9945681204,,,"5, Sector 28",,Gurugram,Haryana,122001,28.480843,77.113401,MEDIUM,50,520,9,18,HINDI,SALARIED,f,f,f,f,0,[],f7c953c4-95fe-45ee-a595-f22bc82b32dc,2026-09-21 04:53:00.676078+00,2026-09-21 05:54:36.493934+00
DAILY2026090338,Anjali Malik,1986-03-10,FEMALE,XXXXX1234X,XXXXXXXX5678,9584216681,,,"3, Sector 1",,Gurugram,Haryana,122001,28.48516,77.034217,MEDIUM,50,520,9,18,HINDI,SALARIED,f,f,f,f,0,[],f7ece5ca-2cb3-4c98-91c4-13c746f25130,2026-09-02 15:33:15.702561+00,2026-09-02 15:33:15.702561+00
DAILY2026090356,Deepak Bhatt,1986-03-10,MALE,XXXXX1234X,XXXXXXXX5678,9246746552,,,"129, Sector 1",,Noida,Uttar Pradesh,201301,28.6347,77.374626,MEDIUM,50,520,9,18,HINDI,SALARIED,f,f,f,f,0,[],f855c6b1-44e9-498f-8070-45f57dcfa9b4,2026-09-02 15:33:15.784898+00,2026-09-21 05:54:36.495246+00
DAILY20260921120,Preeti Singh,1986-03-10,MALE,XXXXX1234X,XXXXXXXX5678,9297958147,,,"182, Sector 43",,Delhi,Delhi,110001,28.6108,77.068542,MEDIUM,50,520,9,18,HINDI,SALARIED,f,f,f,f,0,[],f8bc6eae-e9fd-440f-ad4f-5fb0ec8178cf,2026-09-21 04:53:00.18017+00,2026-09-21 05:54:36.49525+00
CUST000130,Warinder Peri,1977-05-31,MALE,XXXXX7590X,XXXXXXXX8191,9351619881,8910015485,dubeshivani@example.com,"19
Wagle Street",,Gurugram,Haryana,159185,28.483758,77.092392,MEDIUM,50,679,9,18,ENGLISH,HOMEMAKER,f,f,f,f,0,[],f8e81db2-daf7-446d-9379-5491607b5ec7,2026-08-27 11:27:59.589174+00,2026-08-27 11:27:59.589175+00
DAILY2026091826,Rahul Malik,1986-03-10,MALE,XXXXX1234X,XXXXXXXX5678,9235318981,,,"126, Sector 25",,Gurugram,Haryana,122001,28.469602,77.052173,MEDIUM,50,600,9,18,HINDI,SALARIED,f,f,f,f,0,[],fa3742ed-b78a-460f-ae64-2cc1a68f7e5b,2026-09-18 06:49:34.150446+00,2026-09-18 06:49:34.150449+00
DAILY2026092160,Neha Mehta,1986-03-10,FEMALE,XXXXX1234X,XXXXXXXX5678,9515359652,,,"96, Sector 23",,Gurugram,Haryana,122001,28.462328,77.089431,MEDIUM,50,600,9,18,HINDI,SALARIED,f,f,f,f,0,[],fa879272-fdc5-403a-8d97-2c85da89caaa,2026-09-21 04:52:59.717268+00,2026-09-21 04:52:59.717273+00
DAILY2026090616,Preeti Mehta,1986-03-10,FEMALE,XXXXX1234X,XXXXXXXX5678,9280011245,,,"46, Sector 47",,Gurugram,Haryana,122001,28.472764,77.092743,MEDIUM,50,520,9,18,HINDI,SALARIED,f,f,f,f,0,[],fa8b993d-a52c-44d3-84e4-5ed3f8704345,2026-09-06 13:30:48.750387+00,2026-09-21 05:54:36.496841+00
DAILY2026090621,Rohan Bhatt,1986-03-10,MALE,XXXXX1234X,XXXXXXXX5678,9406159593,,,"13, Sector 18",,Gurugram,Haryana,122001,28.44052,77.08929,MEDIUM,50,520,9,18,HINDI,SALARIED,f,f,f,f,0,[],faa3def3-4c57-493f-9036-c9fb1a89cd9b,2026-09-06 13:30:48.785098+00,2026-09-21 05:54:36.496845+00
CUST000243,Maya Narain,1975-09-27,FEMALE,XXXXX8912X,XXXXXXXX9328,9938679870,8290269669,vivaan13@example.org,"127, Murthy Chowk",,Gurugram,Haryana,282085,28.474429,77.137112,MEDIUM,50,521,9,18,ENGLISH,SALARIED,f,f,f,f,0,[],fb003551-696e-48e1-a3f3-fb8cc47620b0,2026-08-27 11:27:59.589452+00,2026-08-27 11:27:59.589452+00
DAILY20260921170,Amit Reddy,1986-03-10,FEMALE,XXXXX1234X,XXXXXXXX5678,9327851423,,,"107, Sector 67",,Gurugram,Haryana,122001,28.427302,77.088038,MEDIUM,50,600,9,18,HINDI,SALARIED,f,f,f,f,0,[],fb1a3a9a-3861-4bf9-9c47-ea4fca79a232,2026-09-21 04:53:00.615364+00,2026-09-21 05:54:36.496846+00
DAILY2026090767,Rohan Chauhan,1986-03-10,MALE,XXXXX1234X,XXXXXXXX5678,9129737471,,,"17, Sector 45",,Gurugram,Haryana,122001,28.481142,77.099093,MEDIUM,50,520,9,18,HINDI,SALARIED,f,f,f,f,0,[],fb2cb2cd-4e27-4a6c-843e-b1de35d4f18a,2026-09-07 04:59:06.189935+00,2026-09-07 04:59:06.189937+00
DAILY2026091833,Rohan Malik,1986-03-10,FEMALE,XXXXX1234X,XXXXXXXX5678,9194769234,,,"96, Sector 35",,Noida,Uttar Pradesh,201301,28.586452,77.319823,MEDIUM,50,600,9,18,HINDI,SALARIED,f,f,f,f,0,[],fb72fcb4-bc3e-40c5-b229-e7f05032a8ef,2026-09-18 06:49:34.182287+00,2026-09-21 05:54:36.498725+00
DAILY2026091800,Kiran Sharma,1986-03-10,MALE,XXXXX1234X,XXXXXXXX5678,9362235297,,,"18, Sector 32",,Gurugram,Haryana,122001,28.503888,77.145354,MEDIUM,50,520,9,18,HINDI,SALARIED,f,f,f,f,0,[],fb9ce252-5103-4cde-8148-31f49b96a5d9,2026-09-18 06:49:34.004343+00,2026-09-21 05:54:36.499682+00
CUST000098,Krisha Saini,1980-11-21,MALE,XXXXX6692X,XXXXXXXX2063,9690554938,8422076028,kalamuni@example.net,"91/02
Bawa Street",,Noida,Uttar Pradesh,768676,28.616562,77.354542,MEDIUM,50,649,9,18,ENGLISH,BUSINESS_OWNER,f,f,f,f,0,[],fbc0a1a5-8e5c-4cd1-8192-a38d6697d56e,2026-08-27 11:27:59.589109+00,2026-08-27 11:27:59.58911+00
DAILY20260907139,Neha Nair,1986-03-10,MALE,XXXXX1234X,XXXXXXXX5678,9942676919,,,"185, Sector 11",,Delhi,Delhi,110001,28.495999,77.223884,MEDIUM,50,520,9,18,HINDI,SALARIED,f,f,f,f,0,[],fbfd7dad-a6a3-48ae-b14a-06688208d5d4,2026-09-07 04:59:06.603479+00,2026-09-21 05:54:36.50077+00
DAILY20260918115,Kiran Yadav,1986-03-10,FEMALE,XXXXX1234X,XXXXXXXX5678,9783896044,,,"195, Sector 16",,Gurugram,Haryana,122001,28.487194,77.031665,MEDIUM,50,600,9,18,HINDI,SALARIED,f,f,f,f,0,[],fc042834-99db-4e92-b44b-fe9a221785a0,2026-09-18 06:49:34.679711+00,2026-09-18 06:49:34.679715+00
DAILY2026091860,Sneha Bhatt,1986-03-10,FEMALE,XXXXX1234X,XXXXXXXX5678,9342847021,,,"117, Sector 61",,Noida,Uttar Pradesh,201301,28.589487,77.373071,MEDIUM,50,520,9,18,HINDI,SALARIED,f,f,f,f,0,[],fc1da785-5291-4e53-a0ef-6baec17224c2,2026-09-18 06:49:34.331628+00,2026-09-21 05:54:36.500775+00
CUST000119,Liam Singh,1980-09-12,MALE,XXXXX1151X,XXXXXXXX5888,9709844411,8459748735,,"H.No. 043, Wable Street",,Gurugram,Haryana,772464,28.398812,77.13981,MEDIUM,50,448,9,18,HARYANVI,HOMEMAKER,f,f,f,f,0,[],fc22a1ea-02a4-4ddd-a5e2-a462034ab115,2026-08-27 11:27:59.589152+00,2026-08-27 11:27:59.589152+00
DAILY20260906114,Vijay Singh,1986-03-10,FEMALE,XXXXX1234X,XXXXXXXX5678,9926467469,,,"25, Sector 42",,Gurugram,Haryana,122001,28.484865,77.069864,MEDIUM,50,520,9,18,HINDI,SALARIED,f,f,f,f,0,[],fcacc73a-8a8c-4af5-9fd6-d61f0c12b649,2026-09-06 13:30:49.478053+00,2026-09-21 05:54:36.502181+00
DAILY2026090633,Sanjay Gupta,1986-03-10,FEMALE,XXXXX1234X,XXXXXXXX5678,9328779004,,,"62, Sector 35",,Delhi,Delhi,110001,28.557316,77.181941,MEDIUM,50,520,9,18,HINDI,SALARIED,f,f,f,f,0,[],fd0a1adc-db86-4b79-a112-86dd04f758c1,2026-09-06 13:30:48.868627+00,2026-09-21 05:54:36.503085+00
CUST000210,Jacob Khare,1975-04-04,MALE,XXXXX7358X,XXXXXXXX7510,9692763677,,,"H.No. 28, Sahota Marg",,Gurugram,Haryana,580412,28.507209,77.014251,MEDIUM,50,334,9,18,HINDI,HOMEMAKER,f,f,f,f,0,[],fd232674-c408-4a21-8340-5c44ccb0b516,2026-08-27 11:27:59.589365+00,2026-08-27 11:27:59.589366+00
CUST000033,Osha Raghavan,1989-05-23,MALE,XXXXX5494X,XXXXXXXX1745,9158546865,8848846217,charviravi@example.net,"H.No. 43, Nagy Marg",,Noida,Uttar Pradesh,768854,28.554773,77.372276,MEDIUM,50,573,9,18,URDU,SALARIED,f,f,f,f,0,[],fd43a479-ff98-41e7-9901-d682854af95f,2026-08-27 11:27:59.588976+00,2026-08-27 11:27:59.588977+00
DAILY2026092107,Divya Reddy,1986-03-10,FEMALE,XXXXX1234X,XXXXXXXX5678,9767485471,,,"103, Sector 52",,Gurugram,Haryana,122001,28.414856,77.0403,MEDIUM,50,520,9,18,HINDI,SALARIED,f,f,f,f,0,[],fd5b8d4c-55b4-41f4-9bcf-668fbb48900b,2026-09-21 04:52:59.400437+00,2026-09-21 04:52:59.400444+00
DAILY2026090619,Rahul Yadav,1986-03-10,FEMALE,XXXXX1234X,XXXXXXXX5678,9982754731,,,"121, Sector 13",,Gurugram,Haryana,122001,28.450695,77.117653,MEDIUM,50,520,9,18,HINDI,SALARIED,f,f,f,f,0,[],fd5ce6d4-2fee-4060-8b82-dc050cb2bc17,2026-09-06 13:30:48.769371+00,2026-09-21 05:54:36.504072+00
CUST000191,Harini Ranganathan,2000-06-21,MALE,XXXXX4246X,XXXXXXXX7563,9499689381,8792225271,,"H.No. 477
Parekh Ganj",,Gurugram,Haryana,714590,28.496096,76.980375,MEDIUM,50,413,9,18,PUNJABI,SALARIED,t,t,f,f,0,[],fd9040a4-411f-4166-91ca-41b5b158f218,2026-08-27 11:27:59.589324+00,2026-08-27 11:27:59.589325+00
DAILY2026091874,Neha Sharma,1986-03-10,MALE,XXXXX1234X,XXXXXXXX5678,9352897135,,,"45, Sector 58",,Delhi,Delhi,110001,28.660683,77.10366,MEDIUM,50,600,9,18,HINDI,SALARIED,f,f,f,f,0,[],fd9d8158-2209-4b22-a80f-8c1cc0da3105,2026-09-18 06:49:34.413542+00,2026-09-21 05:54:36.50506+00
DAILY2026091811,Nikhil Verma,1986-03-10,FEMALE,XXXXX1234X,XXXXXXXX5678,9525841633,,,"175, Sector 7",,Noida,Uttar Pradesh,201301,28.550597,77.333482,MEDIUM,50,520,9,18,HINDI,SALARIED,f,f,f,f,0,[],fdfb9725-5ebf-4ca3-8f27-8bb8aeb70816,2026-09-18 06:49:34.077559+00,2026-09-21 05:54:36.505065+00
CUST000246,Azaan Ravel,1996-02-16,FEMALE,XXXXX7839X,XXXXXXXX9747,9407012827,8553533911,girindrashere@example.org,"H.No. 003, Hora Street",,Gurugram,Haryana,648122,28.503051,77.146287,MEDIUM,50,592,9,18,HINDI,SALARIED,f,t,f,f,0,[],fe5713e5-46f3-447a-8e5f-1afe7937c7c2,2026-08-27 11:27:59.589457+00,2026-08-27 11:27:59.589458+00
DAILY20260921103,Pooja Yadav,1986-03-10,FEMALE,XXXXX1234X,XXXXXXXX5678,9743772211,,,"77, Sector 52",,Gurugram,Haryana,122001,28.485647,77.036725,MEDIUM,50,520,9,18,HINDI,SALARIED,f,f,f,f,0,[],fe727fff-cd7e-469a-8b2b-7bd28d659965,2026-09-21 04:52:59.98898+00,2026-09-21 05:54:36.506612+00
DAILY2026091889,Anjali Gupta,1986-03-10,MALE,XXXXX1234X,XXXXXXXX5678,9294810460,,,"71, Sector 1",,Gurugram,Haryana,122001,28.496722,77.124027,MEDIUM,50,600,9,18,HINDI,SALARIED,f,f,f,f,0,[],fe890ba5-f227-4c3f-9718-2ff72623edcd,2026-09-18 06:49:34.50799+00,2026-09-21 05:54:36.506617+00
DAILY20260903169,Sneha Sharma,1986-03-10,FEMALE,XXXXX1234X,XXXXXXXX5678,9996598145,,,"147, Sector 59",,Gurugram,Haryana,122001,28.492324,76.984626,MEDIUM,50,520,9,18,HINDI,SALARIED,f,f,f,f,0,[],fead6848-1b1e-4259-97c6-4cd10179b026,2026-09-02 15:33:16.216261+00,2026-09-21 05:54:36.506619+00
DAILY2026091851,Amit Chauhan,1986-03-10,FEMALE,XXXXX1234X,XXXXXXXX5678,9569140996,,,"133, Sector 38",,Gurugram,Haryana,122001,28.456844,77.074447,MEDIUM,50,520,9,18,HINDI,SALARIED,f,f,f,f,0,[],feb0cc61-8377-4419-93e5-0943bc4e99ae,2026-09-18 06:49:34.280006+00,2026-09-21 05:54:36.50662+00
DAILY20260903156,Kiran Saxena,1986-03-10,FEMALE,XXXXX1234X,XXXXXXXX5678,9625811168,,,"134, Sector 53",,Delhi,Delhi,110001,28.613675,77.060465,MEDIUM,50,520,9,18,HINDI,SALARIED,f,f,f,f,0,[],fec336c0-9db1-4b29-b784-a78d4140cb46,2026-09-02 15:33:16.181472+00,2026-09-21 05:54:36.508977+00
DAILY2026092144,Manish Sharma,1986-03-10,MALE,XXXXX1234X,XXXXXXXX5678,9742853571,,,"58, Sector 19",,Gurugram,Haryana,122001,28.434072,77.030653,MEDIUM,50,600,9,18,HINDI,SALARIED,f,f,f,f,0,[],fef953a0-f7a5-4f89-a6f0-ecda9bf12b8b,2026-09-21 04:52:59.631118+00,2026-09-21 04:52:59.631121+00
DAILY20260918111,Sanjay Bhatt,1986-03-10,MALE,XXXXX1234X,XXXXXXXX5678,9245046350,,,"188, Sector 10",,Noida,Uttar Pradesh,201301,28.557314,77.298814,MEDIUM,50,520,9,18,HINDI,SALARIED,f,f,f,f,0,[],ff32b22a-4a89-4e79-9af2-a97d0c6e11e3,2026-09-18 06:49:34.651716+00,2026-09-21 05:54:36.508981+00
DAILY20260907136,Nikhil Sharma,1986-03-10,MALE,XXXXX1234X,XXXXXXXX5678,9816190041,,,"191, Sector 18",,Gurugram,Haryana,122001,28.462317,76.982798,MEDIUM,50,520,9,18,HINDI,SALARIED,f,f,f,f,0,[],ff4ebeb5-39fb-4188-a047-9ca47428e1e7,2026-09-07 04:59:06.590004+00,2026-09-21 05:54:36.510438+00
DAILY20260903133,Rohan Bhatt,1986-03-10,FEMALE,XXXXX1234X,XXXXXXXX5678,9785160017,,,"160, Sector 19",,Gurugram,Haryana,122001,28.445724,77.050337,MEDIUM,50,600,9,18,HINDI,SALARIED,f,f,f,f,0,[],ff50f4ac-41b2-4f58-9c1b-f429eb54d499,2026-09-02 15:33:16.09944+00,2026-09-02 15:33:16.09944+00
DAILY2026090315,Neha Chauhan,1986-03-10,FEMALE,XXXXX1234X,XXXXXXXX5678,9209930427,,,"48, Sector 60",,Delhi,Delhi,110001,28.555865,77.245313,MEDIUM,50,520,9,18,HINDI,SALARIED,f,f,f,f,0,[],ff8f6e04-e648-490b-9273-37c9f4f17730,2026-09-02 15:33:15.61982+00,2026-09-21 05:54:36.511363+00
DAILY20260918153,Divya Nair,1986-03-10,MALE,XXXXX1234X,XXXXXXXX5678,9302794097,,,"91, Sector 54",,Delhi,Delhi,110001,28.59397,77.305279,MEDIUM,50,520,9,18,HINDI,SALARIED,f,f,f,f,0,[],ff927059-4594-48cd-a414-18488f898db1,2026-09-18 06:49:34.883974+00,2026-09-21 05:54:36.511367+00
DAILY2026090615,Kiran Reddy,1986-03-10,FEMALE,XXXXX1234X,XXXXXXXX5678,9677117999,,,"129, Sector 68",,Gurugram,Haryana,122001,28.492422,77.046779,MEDIUM,50,520,9,18,HINDI,SALARIED,f,f,f,f,0,[],ffa3a19c-f5c3-4efd-821c-f3ffc48b5870,2026-09-06 13:30:48.744329+00,2026-09-06 13:30:48.744331+00
DAILY20260907119,Rohan Reddy,1986-03-10,FEMALE,XXXXX1234X,XXXXXXXX5678,9140300987,,,"159, Sector 25",,Gurugram,Haryana,122001,28.515366,77.080973,MEDIUM,50,520,9,18,HINDI,SALARIED,f,f,f,f,0,[],ffe0343a-e2b6-436c-b3f6-bbea2cf50922,2026-09-07 04:59:06.505918+00,2026-09-07 04:59:06.50592+00
