loan_account_number,customer_id,loan_type,bank_name,branch_code,sanctioned_amount,disbursed_amount,outstanding_principal,total_outstanding,overdue_amount,emi_amount,disbursement_date,maturity_date,last_payment_date,next_due_date,dpd,dpd_bucket,status,interest_rate,outstanding_interest,penal_charges,tenure_months,last_payment_amount,npa_flag,legal_status,settlement_status,bank_risk_score,collection_priority_score,recovery_potential,id,created_at,updated_at
DAILY20260921LN30,ce0f6a15-d54a-4249-a155-cc3b7a6f22e8,GOLD,ABC Bank,GGN044,881342,818389,629530,673597.1,21340,10670,2022-01-15,2025-01-15,2025-11-10,2026-09-21,65,BUCKET_3,ACTIVE,14.5,37771.8,6295.3,,0,f,NONE,NONE,54.2,54.2,,00213778-41e2-4cb7-8b83-e693f129bdb8,2026-09-21 04:52:59.563544+00,2026-09-21 04:52:59.563546+00
DAILY20260921LN82,28eec40c-0857-498d-a520-ba8c38c1dfb8,HOME,ABC Bank,GGN044,2887920,2681640,2062800,2207196,206280,68760,2022-01-15,2025-01-15,2025-11-10,2026-09-21,95,NPA,NPA,14.5,123768,20628,,0,t,NONE,NONE,79.2,79.2,,003ab1e7-5f02-4719-b2c6-d21ca61cce7a,2026-09-21 04:52:59.846818+00,2026-09-21 04:52:59.846822+00
LN000000293,7c887a50-010b-4a74-a65c-d61dd2063927,CREDIT_CARD,ABC Bank,BR6166,111613.17,109079.46,77572.18,83682.98,11228.57,5180,2023-03-04,2025-02-21,2026-07-09,2026-09-03,42,BUCKET_2,ACTIVE,12.89,3079.44,1860.45,24,4117.58,f,NONE,NONE,61.3,30.05,,005c9e15-105d-4e45-86af-ec6af4095843,2026-08-27 11:28:00.060498+00,2026-09-02 15:27:18.365594+00
LN000000414,2941db57-a823-4c8c-81df-42d797c63d2c,PERSONAL,ABC Bank,BR1151,593137.91,539353.14,266448.02,285390.9,47008.49,20670,2025-05-17,2028-05-01,2026-07-05,2026-09-22,42,BUCKET_2,ACTIVE,22.26,14414.39,3494.16,36,17090.35,f,NONE,NONE,39.6,52.09,,00e44e3d-6e6f-407c-8bf4-dbce40373191,2026-08-27 11:28:00.060641+00,2026-09-02 15:27:18.365594+00
LN000000409,2c79ffad-474c-4617-93fe-dfcfd00de543,MICROFINANCE,ABC Bank,BR1647,118175.2,114378.7,46038.81,48438.82,7750.89,2740,2022-12-15,2029-11-08,2026-06-23,2026-09-03,65,BUCKET_3,ACTIVE,22.85,1311.06,321.07,84,2446.43,f,NONE,NONE,47.2,39.64,,01201eff-dd06-425c-9650-eb0f1e47b8d3,2026-08-27 11:28:00.060634+00,2026-09-02 15:27:18.365594+00
LN000000120,c5d11a2f-6027-4b69-825e-48ae5e7f20f1,HOME,ABC Bank,BR7554,646050.28,643299.58,274750.19,308395.48,84395.8,32250,2024-08-09,2026-07-30,2026-05-25,2026-09-05,80,BUCKET_3,ACTIVE,18.43,12559.1,14297.63,24,14510.94,f,NONE,NONE,63.6,38.34,,0139f897-e451-4cc0-be17-6b4d9e184c8f,2026-08-27 11:28:00.060287+00,2026-09-02 15:27:18.365594+00
LN000000217,689703aa-4ec3-4c30-9f88-8a31db74f125,CREDIT_CARD,ABC Bank,BR3344,133918.13,121563.9,66309.88,72262.18,6515.04,2970,2025-01-07,2029-12-12,2026-07-23,2026-09-22,35,BUCKET_2,ACTIVE,16.21,1938.06,2620.29,60,1769.9,f,NONE,NONE,37.4,21.05,,01964828-8b49-403b-87be-d4e290c0abc8,2026-08-27 11:28:00.060405+00,2026-09-02 15:27:18.365594+00
DAILY20260921LN95,c8287e4a-51eb-4677-b91c-c34b76321a6b,HOME,ABC Bank,GGN044,1159312,1076504,828080,886045.6,37640,37640,2022-01-15,2025-01-15,2025-11-10,2026-09-21,47,BUCKET_2,ACTIVE,14.5,49684.8,8280.8,,0,f,NONE,NONE,39.2,39.2,,01a58664-a86d-4263-ba2b-4bcefae75db3,2026-09-21 04:52:59.941459+00,2026-09-21 04:52:59.941462+00
DAILY20260918LN79,11ee38fb-c4b3-4431-9280-0682e9fb32c1,CREDIT_CARD,ABC Bank,GGN044,320656,297752,229040,245072.8,16360,8180,2022-01-15,2025-01-15,2025-11-10,2026-09-18,65,BUCKET_3,ACTIVE,14.5,13742.4,2290.4,,0,f,NONE,NONE,54.2,54.2,,01deddf5-ded9-45cd-9c3b-a6421e0a00ca,2026-09-18 06:49:34.449669+00,2026-09-18 06:49:34.449672+00
LN000000337,2c37b2b2-ddc4-4f71-ad73-a2d174fdaaf8,EDUCATION,ABC Bank,BR6954,438245.58,410353.89,194322.7,200625.83,20559.18,11330,2023-03-11,2027-02-18,2026-07-02,2026-09-21,42,BUCKET_2,ACTIVE,14.56,3921.99,1018.68,48,8258.7,f,NONE,NONE,37.5,41.09,,021490de-675c-4a58-a8bf-88ddfd36f9ca,2026-08-27 11:28:00.06055+00,2026-09-02 15:27:18.365594+00
DAILY20260921LN52,c466414c-3d0e-4889-ab34-333cd4331e9a,MICROFINANCE,ABC Bank,GGN044,82320,76440,58800,62916,11760,3920,2022-01-15,2025-01-15,2025-11-10,2026-09-21,95,NPA,NPA,14.5,3528,588,,0,t,NONE,NONE,79.2,79.2,,0230fdd9-5dcf-487c-b488-5bf5724ab25f,2026-09-21 04:52:59.674455+00,2026-09-21 04:52:59.67446+00
DAILY20260903LN129,8d132bcd-a778-48fc-8acd-d0d08fca6c2d,HOME,ABC Bank,GGN044,1297800,1205100,927000,991890,139050,46350,2022-01-15,2025-01-15,2025-11-10,2026-09-03,95,NPA,NPA,14.5,55620,9270,,0,t,NONE,NONE,79.2,79.2,,02350db6-4187-4ef2-8720-1f82227d988c,2026-09-02 15:33:16.087958+00,2026-09-02 15:33:16.087958+00
LN000000177,c3f5d076-db19-4e5c-8254-c10f67aff6cc,BUSINESS,ABC Bank,BR3803,1658645.94,1505192.03,813812.14,847948.53,173936.09,47830,2023-09-21,2027-08-31,2026-05-14,2026-09-04,95,NPA,NPA,22.5,30471.47,2981.01,48,36097.43,t,NONE,NONE,81.1,100,,025c135a-9ab8-4b53-93b8-e33f77280be7,2026-08-27 11:28:00.060357+00,2026-09-02 15:27:18.365594+00
DAILY20260907LN102,c13e8192-9f10-4209-8eb3-c1ddce8c67ea,MICROFINANCE,ABC Bank,GGN044,242256,224952,173040,185152.8,3090,3090,2022-01-15,2025-01-15,2025-11-10,2026-09-07,32,BUCKET_2,ACTIVE,14.5,10382.4,1730.4,,0,f,NONE,NONE,26.7,26.7,,025f085c-608a-4b9c-b761-8ba828350e95,2026-09-07 04:59:06.400422+00,2026-09-07 04:59:06.400424+00
DAILY20260903LN141,516e44db-7470-489c-85b0-2187f7b45365,HOME,ABC Bank,GGN044,1307250,1213875,933750,999112.5,149400,37350,2022-01-15,2025-01-15,2025-11-10,2026-09-03,120,NPA,NPA,14.5,56025,9337.5,,0,t,NONE,NONE,100,100,,02ac6d0d-46fe-496f-84a2-6029106d8b72,2026-09-02 15:33:16.127544+00,2026-09-02 15:33:16.127544+00
DAILY20260903LN63,368ce54e-5dc1-4eca-922b-65cb8035de8d,CREDIT_CARD,ABC Bank,GGN044,947226,879567,676590,723951.3,59350,11870,2022-01-15,2025-01-15,2025-11-10,2026-09-03,155,NPA,NPA,14.5,40595.4,6765.9,,0,t,NONE,NONE,129.2,129.2,,02c24a41-cfe7-4e1d-af93-a90dfff9540f,2026-09-02 15:33:15.81605+00,2026-09-02 15:33:15.81605+00
DAILY20260918LN147,3e2f0f66-f295-4902-b4db-18afd03f2765,GOLD,ABC Bank,GGN044,690690,641355,493350,527884.5,74750,14950,2022-01-15,2025-01-15,2025-11-10,2026-09-18,155,NPA,NPA,14.5,29601,4933.5,,0,t,NONE,NONE,129.2,129.2,,02d3ca2a-4a99-432a-b45a-c0b2ac0c3f66,2026-09-18 06:49:34.857273+00,2026-09-18 06:49:34.857276+00
LN000000260,19a6a5c4-dcb8-42c9-976d-e7e5544aee65,PERSONAL,ABC Bank,BR8964,938993.51,920798.54,766224.23,780704.27,33459.14,17690,2023-11-23,2030-10-17,2026-07-04,2026-08-29,42,BUCKET_2,ACTIVE,14.85,9477.04,4036.35,84,11559.96,f,NONE,NONE,63.3,73.45,,034b28ba-0847-41c6-aefd-ed10d18ff9b8,2026-08-27 11:28:00.060458+00,2026-09-02 15:27:18.365594+00
LN000000362,ee9f2ddc-843d-49ba-a0da-c2d8b068c8ca,BUSINESS,ABC Bank,BR1589,1560990.69,1455303.85,1177809.43,1237394.81,103502.41,32830,2023-04-21,2030-03-15,2026-06-17,2026-09-12,65,BUCKET_3,ACTIVE,20.58,51614.57,6188.26,84,17652.81,f,NONE,NONE,79,94.31,,035ab2f9-b11a-4d7f-b949-ff243a0d9656,2026-08-27 11:28:00.06058+00,2026-09-02 15:27:18.365594+00
DAILY20260918LN150,b071d96d-cbf2-4951-ac41-3aa0e55e7ea0,MICROFINANCE,ABC Bank,GGN044,161112,149604,115080,123135.6,2740,2740,2022-01-15,2025-01-15,2025-11-10,2026-09-18,32,BUCKET_2,ACTIVE,14.5,6904.8,1150.8,,0,f,NONE,NONE,26.7,26.7,,03b0fa99-d4db-41e0-92ba-22bec79503f7,2026-09-18 06:49:34.871645+00,2026-09-18 06:49:34.871649+00
DAILY20260921LN63,8a9cafff-0912-4264-8cd0-1f9fe52e7db8,BUSINESS,ABC Bank,GGN044,4051446,3762057,2893890,3096462.3,50770,50770,2022-01-15,2025-01-15,2025-11-10,2026-09-21,47,BUCKET_2,ACTIVE,14.5,173633.4,28938.9,,0,f,NONE,NONE,39.2,39.2,,03b8e528-a622-4c5e-8408-bd343e53d6cb,2026-09-21 04:52:59.735122+00,2026-09-21 04:52:59.735126+00
LN000000024,00a419ac-a1d7-4f27-ba0c-02c0e1d9802a,BUSINESS,ABC Bank,BR8433,1788293.01,1761796.03,774398.71,806362.75,102826.33,38040,2024-09-14,2029-08-19,2026-06-08,2026-09-19,65,BUCKET_3,ACTIVE,10.7,28054.36,3875.17,60,17920.93,f,NONE,NONE,63.7,85.89,,03dc1f24-2d15-4409-9347-1729a058beef,2026-08-27 11:28:00.060167+00,2026-09-02 15:27:18.365594+00
DAILY20260907LN164,650da0e3-98ae-4fd0-ba0f-f85ca9aefddf,GOLD,ABC Bank,GGN044,420854,390793,300610,321652.7,13070,13070,2022-01-15,2025-01-15,2025-11-10,2026-09-07,32,BUCKET_2,ACTIVE,14.5,18036.6,3006.1,,0,f,NONE,NONE,26.7,26.7,,04324640-a496-4363-a2f4-1626a676e231,2026-09-07 04:59:06.756325+00,2026-09-07 04:59:06.756327+00
LN000000498,414ea351-9932-44a5-97dd-6087537e80e3,PERSONAL,ABC Bank,BR5006,358000.71,336948.13,250806.76,258591.19,125052.87,30000,2024-04-30,2025-04-25,2026-05-18,2026-09-06,95,NPA,ACTIVE,12.4,7399.77,222.73,12,17763.67,t,NONE,NONE,99.3,100,,0433f1af-2ff1-468f-9411-1fdf39173bbe,2026-08-27 11:28:00.060742+00,2026-09-02 15:27:18.365594+00
LN000000458,489a3403-a471-407c-9f57-f36a8e43f3e7,CREDIT_CARD,ABC Bank,BR4190,72747.38,71354.37,29634.44,35502.72,6178.4,1680,2024-07-21,2031-06-15,2026-05-09,2026-09-02,105,NPA,ACTIVE,22.19,1045.03,3921.49,84,1493.47,t,NONE,NONE,80.7,48.7,,0482b900-a5aa-4fc8-96e3-879af1a4cfcf,2026-08-27 11:28:00.060694+00,2026-09-02 15:27:18.365594+00
LN000000199,5167984b-a17b-4e18-836c-b99e99997a78,MICROFINANCE,ABC Bank,BR6558,51302.5,50699.31,32973.97,34992.4,34665.5,4610,2024-02-27,2025-02-21,2025-11-16,2026-09-22,270,NPA,NPA,16.42,1691.53,268.68,12,3822.19,t,NONE,NONE,100,100,,04d74b8f-de7f-49de-919b-d9f94347cf9c,2026-08-27 11:28:00.060383+00,2026-09-02 15:27:18.365594+00
DAILY20260921LN09,17f273ee-fdf7-4a28-bea1-0777f12f14c7,MICROFINANCE,ABC Bank,GGN044,163016,151372,116440,124590.8,5680,2840,2022-01-15,2025-01-15,2025-11-10,2026-09-21,88,BUCKET_3,ACTIVE,14.5,6986.4,1164.4,,0,f,NONE,NONE,73.3,73.3,,04e1be88-040f-4aa0-adc8-b0fb5d44b142,2026-09-21 04:52:59.421128+00,2026-09-21 04:52:59.421133+00
DAILY20260903LN69,80f2854b-6cd6-4ada-850a-a3ae7c3a6ff9,EDUCATION,ABC Bank,GGN044,878080,815360,627200,671104,11200,11200,2022-01-15,2025-01-15,2025-11-10,2026-09-03,47,BUCKET_2,ACTIVE,14.5,37632,6272,,0,f,NONE,NONE,39.2,39.2,,051804c3-4dd3-413b-adca-1b0e51bf58de,2026-09-02 15:33:15.842492+00,2026-09-02 15:33:15.842492+00
LN000000242,0ad74479-badd-4029-84a2-a208c9b36f28,MICROFINANCE,ABC Bank,BR4319,57165.88,53421.28,37431.27,39283.78,5124.51,2470,2023-10-10,2025-09-29,2026-07-06,2026-08-31,50,BUCKET_2,ACTIVE,10.2,620.49,1012.47,24,1866.29,f,NONE,NONE,46.5,30.04,,0527005f-919c-44c3-95a3-0ef6d8230aa6,2026-08-27 11:28:00.060434+00,2026-09-02 15:27:18.365594+00
DAILY20260903LN70,909d48a9-e22b-495a-b71b-cdbf00345c66,AUTO,ABC Bank,GGN044,247520,229840,176800,189176,55250,11050,2022-01-15,2025-01-15,2025-11-10,2026-09-03,155,NPA,NPA,14.5,10608,1768,,0,t,NONE,NONE,129.2,129.2,,05641cdf-5227-45ba-b172-b42ade6a25ba,2026-09-02 15:33:15.8479+00,2026-09-02 15:33:15.8479+00
DAILY20260921LN166,5f40c296-5964-43de-a646-782cb064f27b,MICROFINANCE,ABC Bank,GGN044,201894,187473,144210,154304.7,21850,4370,2022-01-15,2025-01-15,2025-11-10,2026-09-21,155,NPA,NPA,14.5,8652.6,1442.1,,0,t,NONE,NONE,129.2,129.2,,05886d75-bf6f-422f-991d-96cc1c465f58,2026-09-21 04:53:00.592518+00,2026-09-21 04:53:00.592524+00
LN000000350,812c4842-2f17-4e9b-865d-a14d74e36f1b,MICROFINANCE,ABC Bank,BR2079,160107.37,145376.72,109715.91,114769.29,10673.57,3290,2021-12-27,2028-11-20,2026-06-08,2026-09-07,72,BUCKET_3,ACTIVE,20.7,3769.7,999.29,84,2751.39,f,NONE,NONE,63.3,80.48,,05db36ce-7ae0-44a3-b602-f37042b2df08,2026-08-27 11:28:00.060566+00,2026-09-02 15:27:18.365594+00
DAILY20260906LN155,c6d6ca98-1c95-434a-9306-957741e90f65,MICROFINANCE,ABC Bank,GGN044,224952,208884,160680,171927.6,15450,3090,2022-01-15,2025-01-15,2025-11-10,2026-09-06,155,NPA,NPA,14.5,9640.8,1606.8,,0,t,NONE,NONE,129.2,129.2,,06254356-ee56-4dc2-98ae-34f565d490aa,2026-09-06 13:30:49.74779+00,2026-09-06 13:30:49.747794+00
LN000000363,7c31ed7e-04d9-47ed-844e-ee7baab15f68,HOME,ABC Bank,BR4302,1478148.01,1463156.48,1315553.84,1363009.34,129100.18,69080,2026-02-13,2028-02-03,2026-07-08,2026-09-07,42,BUCKET_2,ACTIVE,12.3,45455.65,1505.86,24,41495.77,f,NONE,NONE,63.8,100,,0628d50e-01fb-435d-a82c-5b2668550ae4,2026-08-27 11:28:00.060581+00,2026-09-02 15:27:18.365594+00
LN000000273,258d4abe-44b3-487a-888f-e603bd520d78,HOME,ABC Bank,BR7657,1369251.39,1293073.52,950186.06,993634.23,543720.7,61710,2023-05-11,2025-04-30,2026-01-14,2026-08-30,210,NPA,ACTIVE,13.39,37776.47,4088.38,24,56606.67,t,NOTICE_SENT,NONE,100,100,,0648deca-5cf7-48c6-8a8e-935049d755cd,2026-08-27 11:28:00.060474+00,2026-09-02 15:27:18.365594+00
DAILY20260918LN137,c55a9b62-bf99-4461-b90b-d6f131c54f21,AUTO,ABC Bank,GGN044,1685992,1565564,1204280,1288579.6,52360,26180,2022-01-15,2025-01-15,2025-11-10,2026-09-18,65,BUCKET_3,ACTIVE,14.5,72256.8,12042.8,,0,f,NONE,NONE,54.2,54.2,,0652a586-6953-484e-a4b2-7ed4d17eeab2,2026-09-18 06:49:34.804562+00,2026-09-18 06:49:34.804564+00
LN000000426,c231e4e1-dff9-4806-8971-f7225bd6a922,BUSINESS,ABC Bank,BR1667,1006762.38,990801.89,829247.95,879495.84,179061.51,25000,2025-09-18,2030-08-23,2026-02-19,2026-09-10,180,NPA,NPA,17.7,33501.89,14473.47,60,23782.58,t,NONE,OFFERED,100,99.52,,06759fbd-2db8-43b3-9f61-2318381729ec,2026-08-27 11:28:00.060656+00,2026-09-02 15:27:18.365594+00
DAILY20260903LN77,8259c67c-da4a-47aa-9bb0-0ccce664f05e,GOLD,ABC Bank,GGN044,214816,199472,153440,164180.8,28770,9590,2022-01-15,2025-01-15,2025-11-10,2026-09-03,95,NPA,NPA,14.5,9206.4,1534.4,,0,t,NONE,NONE,79.2,79.2,,06937371-deac-4463-a4ce-d06060c0c4c8,2026-09-02 15:33:15.863631+00,2026-09-02 15:33:15.863631+00
BANKLOAN00008,247be24b-c38a-4088-952e-28575bf58b4b,AUTO,ABC Bank,GGN056,732239.83,683423.84,488159.89,529653.48,170855.96,13560,2022-06-01,2025-06-01,2026-05-12,2026-08-27,107,NPA,NPA,16,34171.19,7322.4,,0,t,NONE,NONE,89.2,89.2,,06baebda-99a5-427b-a5b1-118b189d6544,2026-08-27 11:28:09.818426+00,2026-09-02 15:27:18.392385+00
LN000000146,24b981b0-ef33-4522-8f36-9a40e36d55c9,CREDIT_CARD,ABC Bank,BR1035,297581.23,288271.72,147784.22,154500.55,20233.05,10530,2025-07-31,2028-07-15,2026-06-26,2026-09-01,58,BUCKET_2,ACTIVE,18.75,5950.87,365.81,36,9126.04,f,NONE,NONE,48.9,86.15,,06c39d1c-4569-4a07-90cd-a7562c9dfc5a,2026-08-27 11:28:00.060318+00,2026-09-02 15:27:18.393387+00
LN000000254,3fe20a9b-4db5-458d-b0cb-fb7873bc5e4b,HOME,ABC Bank,BR8759,517391.02,475332.88,380849.58,432644.84,71569.15,23050,2025-02-12,2027-02-02,2026-06-09,2026-09-08,72,BUCKET_3,ACTIVE,15.01,11350.75,28466.91,24,12713.1,f,NONE,NONE,65,35.97,,06cf972f-4781-4830-bc31-e850b6000255,2026-08-27 11:28:00.06045+00,2026-09-02 15:27:18.393387+00
DAILY20260907LN94,2ad930f9-58bc-4ca3-ab38-888c6e0acc60,GOLD,ABC Bank,GGN044,269080,249860,192200,205654,28830,9610,2022-01-15,2025-01-15,2025-11-10,2026-09-07,95,NPA,NPA,14.5,11532,1922,,0,t,NONE,NONE,79.2,79.2,,0735f731-3fee-49f1-814c-5363961224da,2026-09-07 04:59:06.354375+00,2026-09-07 04:59:06.354378+00
DAILY20260903LN146,0841659d-fadd-469c-a4cf-8ddf6d5ea29b,EDUCATION,ABC Bank,GGN044,1037960,963820,741400,793298,40440,13480,2022-01-15,2025-01-15,2025-11-10,2026-09-03,95,NPA,NPA,14.5,44484,7414,,0,t,NONE,NONE,79.2,79.2,,074d0185-43b6-45ad-9662-001b08d84856,2026-09-02 15:33:16.140904+00,2026-09-02 15:33:16.140904+00
DAILY20260918LN110,bb8473e5-b8e7-415f-af9a-8eef4eca7c59,MICROFINANCE,ABC Bank,GGN044,176484,163878,126060,134884.2,7640,3820,2022-01-15,2025-01-15,2025-11-10,2026-09-18,88,BUCKET_3,ACTIVE,14.5,7563.6,1260.6,,0,f,NONE,NONE,73.3,73.3,,078f1307-46c8-40f3-9793-d7ef4a3e7c2a,2026-09-18 06:49:34.649347+00,2026-09-18 06:49:34.649352+00
DAILY20260907LN179,a3084547-5bf2-4d60-b338-3559ef2c6a93,HOME,ABC Bank,GGN044,1118152,1038284,798680,854587.6,19480,19480,2022-01-15,2025-01-15,2025-11-10,2026-09-07,32,BUCKET_2,ACTIVE,14.5,47920.8,7986.8,,0,f,NONE,NONE,26.7,26.7,,07944fc3-5c2f-47ba-a063-bd0cfe739573,2026-09-07 04:59:06.844875+00,2026-09-07 04:59:06.844878+00
LN000000496,0b2c8dd8-f345-4d01-94f7-6c59689252ce,MICROFINANCE,ABC Bank,BR1535,65161.61,63773.17,50897.11,55217.34,6323.37,2030,2024-09-13,2028-08-23,2026-06-06,2026-08-30,72,BUCKET_3,ACTIVE,22.6,2048,1781.7,48,985.5,f,NONE,NONE,56.8,39.08,,07d20d21-d6f5-4890-a2c0-78beffc31b61,2026-08-27 11:28:00.06074+00,2026-09-02 15:27:18.393387+00
DAILY20260903LN72,2bd665d9-40bf-4544-aac8-2ea5b4b2c8dc,CREDIT_CARD,ABC Bank,GGN044,296352,275184,211680,226497.6,3780,3780,2022-01-15,2025-01-15,2025-11-10,2026-09-03,32,BUCKET_2,ACTIVE,14.5,12700.8,2116.8,,0,f,NONE,NONE,26.7,26.7,,08af6824-f578-430b-ae2c-f552c2ce934e,2026-09-02 15:33:15.8479+00,2026-09-02 15:33:15.8479+00
DAILY20260918LN140,7659a717-7a37-48e0-8934-7d917d0702bb,PERSONAL,ABC Bank,GGN044,422170,392015,301550,322658.5,8150,8150,2022-01-15,2025-01-15,2025-11-10,2026-09-18,32,BUCKET_2,ACTIVE,14.5,18093,3015.5,,0,f,NONE,NONE,26.7,26.7,,08b280c0-c20d-4ce1-8c13-d5eb23e3af0e,2026-09-18 06:49:34.820432+00,2026-09-18 06:49:34.820435+00
DAILY20260906LN152,9cbf673a-f94a-4e10-87ff-954fc66caf42,BUSINESS,ABC Bank,GGN044,1615460,1500070,1153900,1234673,83920,20980,2022-01-15,2025-01-15,2025-11-10,2026-09-06,120,NPA,NPA,14.5,69234,11539,,0,t,NONE,NONE,100,100,,09ba8a76-57f5-45e2-a8de-6e6dace67768,2026-09-06 13:30:49.727193+00,2026-09-06 13:30:49.727196+00
DAILY20260918LN104,3c09aec6-cbb6-4a13-9b5b-341a5ce41e17,PERSONAL,ABC Bank,GGN044,879060,816270,627900,671853,109200,27300,2022-01-15,2025-01-15,2025-11-10,2026-09-18,120,NPA,NPA,14.5,37674,6279,,0,t,NONE,NONE,100,100,,09cd524e-0765-4c77-8047-6d07f17a3954,2026-09-18 06:49:34.609162+00,2026-09-18 06:49:34.609166+00
DAILY20260903LN02,126af0d5-f39b-4f68-9c21-4c0bd9e75b20,BUSINESS,ABC Bank,GGN044,2289840,2126280,1635600,1750092,104400,34800,2022-01-15,2025-01-15,2025-11-10,2026-09-03,95,NPA,NPA,14.5,98136,16356,,0,t,NONE,NONE,79.2,79.2,,09fa6c49-33a2-4539-ab6a-a233ff4fb340,2026-09-02 15:33:15.58401+00,2026-09-02 15:33:15.58401+00
LN000000031,635f2e4b-2bdd-4221-992a-9cc1bdf0a747,AUTO,ABC Bank,BR3118,714610.83,690281.14,378036.71,386415.55,75856.03,24390,2026-02-17,2029-02-01,2026-06-02,2026-09-22,80,BUCKET_3,ACTIVE,16.36,5678.81,1561.51,36,22389.22,f,NONE,NONE,59.8,92.18,,0a2b88b3-fe71-4678-a022-a17ad99f4a75,2026-08-27 11:28:00.060175+00,2026-09-02 15:27:18.393387+00
LN000000424,00a419ac-a1d7-4f27-ba0c-02c0e1d9802a,HOME,ABC Bank,BR7750,3308616.68,3249777.76,2433739.71,2567242.44,107295.96,50670,2024-06-24,2034-05-03,2026-07-14,2026-09-08,42,BUCKET_2,ACTIVE,14.11,120027.87,9273.8,120,49913.89,f,NONE,NONE,48.5,100,,0a7254b5-bc6c-4fb9-b613-22826bd3f95e,2026-08-27 11:28:00.060654+00,2026-09-02 15:27:18.393387+00
DEMOLOAN00009,a15e2e87-6de4-4701-9903-e88d34133ad8,PERSONAL,ABC Bank,GGN044,421343.35,391247.4,300959.54,322026.7,90287.86,8360,2022-01-15,2025-01-15,2025-11-10,2026-08-27,44,BUCKET_2,ACTIVE,14.5,18057.57,3009.6,,0,f,NONE,NONE,36.7,36.7,,0a7d4f55-27b9-4df8-9f5c-e42d5b089d42,2026-08-27 11:28:09.58501+00,2026-09-02 15:27:18.39843+00
DAILY20260907LN47,8c1645d9-263b-4e48-a7d7-719bbd8d9a47,BUSINESS,ABC Bank,GGN044,1349712,1253304,964080,1031565.6,80340,26780,2022-01-15,2025-01-15,2025-11-10,2026-09-07,95,NPA,NPA,14.5,57844.8,9640.8,,0,t,NONE,NONE,79.2,79.2,,0a99e299-90c4-48c0-8041-0f13c7579523,2026-09-07 04:59:06.065725+00,2026-09-07 04:59:06.065743+00
DAILY20260903LN145,87d7258c-32ba-4cfe-8cba-4999c05cac58,CREDIT_CARD,ABC Bank,GGN044,136416,126672,97440,104260.8,6090,6090,2022-01-15,2025-01-15,2025-11-10,2026-09-03,47,BUCKET_2,ACTIVE,14.5,5846.4,974.4,,0,f,NONE,NONE,39.2,39.2,,0aa53099-3561-4e2a-bc32-d7d6d7a4b177,2026-09-02 15:33:16.140904+00,2026-09-02 15:33:16.140904+00
DAILY20260907LN08,8d695229-fbc9-4703-abb6-8bda518d7069,HOME,ABC Bank,GGN044,549780,510510,392700,420189,18700,18700,2022-01-15,2025-01-15,2025-11-10,2026-09-07,47,BUCKET_2,ACTIVE,14.5,23562,3927,,0,f,NONE,NONE,39.2,39.2,,0ac7c021-a537-4dc3-b9e2-24b9f1744876,2026-09-07 04:59:05.769239+00,2026-09-07 04:59:05.769242+00
DAILY20260918LN73,5b4bc22f-9b5b-4061-a367-4755991a8d2f,EDUCATION,ABC Bank,GGN044,1079568,1002456,771120,825098.4,27540,13770,2022-01-15,2025-01-15,2025-11-10,2026-09-18,65,BUCKET_3,ACTIVE,14.5,46267.2,7711.2,,0,f,NONE,NONE,54.2,54.2,,0ad8924c-2965-4b97-8178-c726909372ba,2026-09-18 06:49:34.410908+00,2026-09-18 06:49:34.410911+00
LN000000121,815ac4e2-6ad7-4822-9f85-dd4001ff926b,EDUCATION,ABC Bank,BR8104,639384.06,622291.72,356750.73,380555.28,50412.05,15330,2022-02-26,2029-01-20,2026-05-19,2026-09-16,88,BUCKET_3,ACTIVE,23.94,21985.45,1455.33,84,6370.32,f,NONE,NONE,78.3,100,,0ada53b2-8032-4c01-b010-271be8c5916e,2026-08-27 11:28:00.060288+00,2026-09-02 15:27:18.399428+00
DAILY20260906LN69,1b6e9b19-fe9a-4690-8d7d-97c002f20091,CREDIT_CARD,ABC Bank,GGN044,562464,522288,401760,429883.2,41850,8370,2022-01-15,2025-01-15,2025-11-10,2026-09-06,155,NPA,NPA,14.5,24105.6,4017.6,,0,t,NONE,NONE,129.2,129.2,,0adf08e7-1401-41bc-974c-b29b03f8253c,2026-09-06 13:30:49.216289+00,2026-09-06 13:30:49.216292+00
DAILY20260906LN132,40811cbc-b6af-40ff-b91e-4b69514a6459,AUTO,ABC Bank,GGN044,1001742,930189,715530,765617.1,155550,31110,2022-01-15,2025-01-15,2025-11-10,2026-09-06,155,NPA,NPA,14.5,42931.8,7155.3,,0,t,NONE,NONE,129.2,129.2,,0af27910-fe6c-4822-aa39-232e19750aa7,2026-09-06 13:30:49.599025+00,2026-09-06 13:30:49.599028+00
DAILY20260903LN74,5e0d1f9d-74ad-4631-b037-5896de1b7768,HOME,ABC Bank,GGN044,4067644,3777098,2905460,3108842.2,54820,54820,2022-01-15,2025-01-15,2025-11-10,2026-09-03,32,BUCKET_2,ACTIVE,14.5,174327.6,29054.6,,0,f,NONE,NONE,26.7,26.7,,0b07cedf-54b6-41e4-a361-0f7e0259b6a3,2026-09-02 15:33:15.863631+00,2026-09-02 15:33:15.863631+00
DAILY20260907LN141,0feb4196-d6b6-47e2-ab89-56892325e214,AUTO,ABC Bank,GGN044,485716,451022,346940,371225.8,15770,15770,2022-01-15,2025-01-15,2025-11-10,2026-09-07,32,BUCKET_2,ACTIVE,14.5,20816.4,3469.4,,0,f,NONE,NONE,26.7,26.7,,0bd359f0-9f03-4f6c-9ba7-5978cae283df,2026-09-07 04:59:06.615642+00,2026-09-07 04:59:06.615645+00
DAILY20260906LN42,f6db1451-166b-4da7-8708-f985f9dda772,AUTO,ABC Bank,GGN044,508214,471913,363010,388420.7,23420,11710,2022-01-15,2025-01-15,2025-11-10,2026-09-06,65,BUCKET_3,ACTIVE,14.5,21780.6,3630.1,,0,f,NONE,NONE,54.2,54.2,,0bd6cf98-09d9-46d4-a96a-310bd6fdcd61,2026-09-06 13:30:49.023073+00,2026-09-06 13:30:49.023076+00
LN000000102,d33f2626-c892-4bd0-bf23-d61d972bdfb4,BUSINESS,ABC Bank,BR2806,342595.37,336304.96,223635.12,232904.17,126549.27,29570,2023-10-27,2024-10-21,2026-04-30,2026-09-03,105,NPA,NPA,10.02,5753.86,2154.55,12,21889.35,t,NONE,NONE,100,57.75,,0bdab2cd-6fa1-459c-bdb1-18ac9b13b490,2026-08-27 11:28:00.060264+00,2026-09-02 15:27:18.399428+00
LN000000167,4fc81864-f8fa-40a0-b6ea-525e092b8b70,AUTO,ABC Bank,BR7792,339085.51,329042.98,159375.9,165003.19,164460.56,30540,2021-10-11,2022-10-06,2026-02-27,2026-09-01,180,NPA,NPA,20.38,5084.66,269.59,12,12500.57,t,NONE,NONE,100,100,,0bf23828-deb6-466a-afa7-1e25cc821c4e,2026-08-27 11:28:00.060343+00,2026-09-02 15:27:18.399428+00
LN000000329,fb003551-696e-48e1-a3f3-fb8cc47620b0,CREDIT_CARD,ABC Bank,BR6074,221357.8,219533.45,158735.47,163601.99,24132.92,10710,2024-10-12,2026-10-02,2026-07-10,2026-09-17,42,BUCKET_2,ACTIVE,15.63,3713.75,835.19,24,10326.19,f,NONE,NONE,52.8,82.56,,0bf68863-54ec-456f-9eb6-f9ebe1be540a,2026-08-27 11:28:00.06054+00,2026-09-02 15:27:18.399428+00
DAILY20260907LN65,a2de110d-6d7b-438c-9ab1-b6ad7395f2f8,PERSONAL,ABC Bank,GGN044,738192,685464,527280,564189.6,20280,20280,2022-01-15,2025-01-15,2025-11-10,2026-09-07,32,BUCKET_2,ACTIVE,14.5,31636.8,5272.8,,0,f,NONE,NONE,26.7,26.7,,0c14f76e-bbfe-4ff9-af39-b0de0e34bb8b,2026-09-07 04:59:06.182738+00,2026-09-07 04:59:06.182741+00
LN000000358,484210c8-33de-4f32-82fc-dc8fc87f7825,EDUCATION,ABC Bank,BR8276,412431.59,377129.9,149805.73,159381.44,21324.67,6330,2023-10-19,2030-09-12,2026-05-21,2026-09-05,88,BUCKET_3,ACTIVE,10.35,3188,2945.88,84,2941.22,f,NONE,NONE,85.4,44.01,,0c522f7e-6779-4e66-851e-9925d74e4c78,2026-08-27 11:28:00.060575+00,2026-09-02 15:27:18.399428+00
DAILY20260918LN46,5a6a48e4-6390-486f-afb8-14f08d6789b4,MICROFINANCE,ABC Bank,GGN044,43260,40170,30900,33063,4120,2060,2022-01-15,2025-01-15,2025-11-10,2026-09-18,88,BUCKET_3,ACTIVE,14.5,1854,309,,0,f,NONE,NONE,73.3,73.3,,0cb29a42-d11c-46c5-8279-023d24fc0f11,2026-09-18 06:49:34.25591+00,2026-09-18 06:49:34.255913+00
DAILY20260907LN149,0e52f070-0f58-4dee-8ea4-e8c000c3253d,MICROFINANCE,ABC Bank,GGN044,72352,67184,51680,55297.6,3040,3040,2022-01-15,2025-01-15,2025-11-10,2026-09-07,47,BUCKET_2,ACTIVE,14.5,3100.8,516.8,,0,f,NONE,NONE,39.2,39.2,,0cba4b23-6e66-476b-8b10-8d69f645490d,2026-09-07 04:59:06.65557+00,2026-09-07 04:59:06.655572+00
LN000000154,f5795911-e27a-41da-a809-be2325d85e66,HOME,ABC Bank,BR9250,1652457.89,1502614.81,976894.44,1004674.53,199589.82,51590,2023-12-06,2026-11-20,2026-05-11,2026-09-21,105,NPA,NPA,14.32,23069.89,4195.73,36,36180.39,t,NONE,NONE,83.2,90.93,,0d1afef5-c9cb-453d-9abb-163b483dd9f6,2026-08-27 11:28:00.060327+00,2026-09-02 15:27:18.399428+00
DAILY20260903LN151,9b4e7894-d6fb-41cb-85b2-559cd2730453,PERSONAL,ABC Bank,GGN044,1150198,1068041,821570,879079.9,113320,28330,2022-01-15,2025-01-15,2025-11-10,2026-09-03,120,NPA,NPA,14.5,49294.2,8215.7,,0,t,NONE,NONE,100,100,,0d3e1287-8f0e-4c05-841e-82b55188d89d,2026-09-02 15:33:16.165146+00,2026-09-02 15:33:16.165146+00
DAILY20260903LN188,b8025d76-2a74-4fc4-8cf9-3fc052347499,GOLD,ABC Bank,GGN044,84420,78390,60300,64521,13400,3350,2022-01-15,2025-01-15,2025-11-10,2026-09-03,120,NPA,NPA,14.5,3618,603,,0,t,NONE,NONE,100,100,,0d735fd7-28b6-4420-bb6e-cd65af334569,2026-09-02 15:33:16.295814+00,2026-09-02 15:33:16.295814+00
DAILY20260918LN178,9ad965b5-5ff5-475c-bc28-a96f3f36d1d8,EDUCATION,ABC Bank,GGN044,747600,694200,534000,571380,17800,8900,2022-01-15,2025-01-15,2025-11-10,2026-09-18,88,BUCKET_3,ACTIVE,14.5,32040,5340,,0,f,NONE,NONE,73.3,73.3,,0d750225-22ea-4ca3-bedf-b564e7b95e7f,2026-09-18 06:49:35.02204+00,2026-09-18 06:49:35.022042+00
LN000000189,94484ef4-edc0-4952-a49e-ff298b02b8ba,HOME,ABC Bank,BR8360,735021.89,687774.26,389040.84,481359.16,53617.31,14760,2023-09-30,2028-09-03,2026-05-09,2026-09-18,105,NPA,NPA,10.43,11404.16,64725.1,60,8253.62,t,SARFAESI,NONE,93.9,49.43,,0d8abaa4-af71-4fe7-8069-2cf58d4bea6e,2026-08-27 11:28:00.060371+00,2026-09-02 15:27:18.399428+00
LN000000244,9ef461fd-6129-47ff-b256-f494fc8b0d37,PERSONAL,ABC Bank,BR9552,355882.07,352179.24,263748.92,281175.96,38054.26,7610,2023-10-11,2028-09-14,2026-04-19,2026-09-25,120,NPA,NPA,10.73,4763.61,5709.51,60,5467.09,t,NONE,NONE,88.8,57.16,,0e11d1e5-6549-43db-89ba-3d97c536fcc5,2026-08-27 11:28:00.060437+00,2026-09-02 15:27:18.399428+00
LN000000455,c34b25c0-f1f6-4a99-8351-ecf4852a50d4,MICROFINANCE,ABC Bank,BR7662,101289.03,91649.66,69403.52,73099.07,12902.07,4830,2022-08-16,2024-08-05,2026-06-07,2026-08-30,80,BUCKET_3,ACTIVE,23.66,3497.34,126.85,24,4028.3,f,NONE,NONE,59.3,100,,0e57832a-3e9d-447e-9358-542375a1c057,2026-08-27 11:28:00.06069+00,2026-09-02 15:27:18.399428+00
LN000000302,08ba962e-0ef6-4f27-a9fe-8ed646f6755b,HOME,ABC Bank,BR9429,1164627.56,1114791.62,661510.79,717173.33,78127.31,39620,2022-12-04,2025-11-18,2026-07-06,2026-09-25,42,BUCKET_2,ACTIVE,16.77,38617.52,11111.31,36,23865.2,f,NONE,NONE,54.3,27.49,,0e723fb6-3ae5-4c4d-aa77-7d5d2362b5f0,2026-08-27 11:28:00.060509+00,2026-09-02 15:27:18.399428+00
LN000000286,ef17f4ce-e6a5-4702-b0f1-19e4abd6783b,CREDIT_CARD,ABC Bank,BR4267,161198.71,145392.85,76604.32,81907.58,20985.1,7390,2024-09-22,2026-09-12,2026-05-25,2026-09-11,88,BUCKET_3,ACTIVE,19.86,2751.31,2215.41,24,5694.24,f,NONE,NONE,63.6,52.46,,0e8b2d65-4ddf-4fef-91d5-c137310767a1,2026-08-27 11:28:00.060489+00,2026-09-02 15:27:18.399428+00
DAILY20260918LN19,d5265152-5e7d-42a2-a035-5b644dc56978,CREDIT_CARD,ABC Bank,GGN044,325248,302016,232320,248582.4,19360,4840,2022-01-15,2025-01-15,2025-11-10,2026-09-18,120,NPA,NPA,14.5,13939.2,2323.2,,0,t,NONE,NONE,100,100,,0ecbc099-82de-4a8d-9526-240e884722d7,2026-09-18 06:49:34.120226+00,2026-09-18 06:49:34.12023+00
DAILY20260907LN87,2a4ed832-46e5-47ae-bef0-9c7a929e8a5e,AUTO,ABC Bank,GGN044,911232,846144,650880,696441.6,36160,18080,2022-01-15,2025-01-15,2025-11-10,2026-09-07,88,BUCKET_3,ACTIVE,14.5,39052.8,6508.8,,0,f,NONE,NONE,73.3,73.3,,0ecd1c56-9078-4bfe-90c1-5c94a2e12630,2026-09-07 04:59:06.315679+00,2026-09-07 04:59:06.315682+00
DAILY20260906LN54,06d56131-2464-441d-bfc9-d84c29a7e736,EDUCATION,ABC Bank,GGN044,146300,135850,104500,111815,27500,5500,2022-01-15,2025-01-15,2025-11-10,2026-09-06,155,NPA,NPA,14.5,6270,1045,,0,t,NONE,NONE,129.2,129.2,,0ef12b4e-26ed-43be-992b-c71e7ea398c2,2026-09-06 13:30:49.107148+00,2026-09-06 13:30:49.10715+00
LN000000038,d4468f10-63be-4250-9bb8-67f97d285503,BUSINESS,ABC Bank,BR2908,632287.43,582288,503628.85,579743.53,22088.39,12610,2022-08-26,2029-07-20,2026-07-03,2026-09-20,50,BUCKET_2,ACTIVE,19.08,21661.68,50849.77,84,11871.68,f,NONE,NONE,53.4,25.95,,0ef2cb90-5394-4922-be00-a4d26ccb13a9,2026-08-27 11:28:00.060183+00,2026-09-02 15:27:18.399428+00
LN000000046,adda5f6b-d1a2-4e63-a162-28c83df99980,EDUCATION,ABC Bank,BR3692,248771.85,243662.26,86736.27,90792.66,74784.13,22000,2021-11-04,2022-10-30,2026-06-03,2026-09-21,72,BUCKET_3,ACTIVE,15.06,3889.78,90.97,12,9611.38,f,NONE,NONE,88,96.98,,0f783a11-b0d1-4387-b225-816d6f715253,2026-08-27 11:28:00.060193+00,2026-09-02 15:27:18.399428+00
DAILY20260918LN69,75d1fe0c-6c4e-4522-b998-caa37ba4c54f,MICROFINANCE,ABC Bank,GGN044,81396,75582,58140,62209.8,6460,3230,2022-01-15,2025-01-15,2025-11-10,2026-09-18,65,BUCKET_3,ACTIVE,14.5,3488.4,581.4,,0,f,NONE,NONE,54.2,54.2,,0fd36fa1-deed-439f-8a15-cb307ea17b47,2026-09-18 06:49:34.38804+00,2026-09-18 06:49:34.388043+00
DAILY20260903LN73,7d16ba8e-a561-46f6-ac37-6511488bb6b7,PERSONAL,ABC Bank,GGN044,241164,223938,172260,184318.2,28710,9570,2022-01-15,2025-01-15,2025-11-10,2026-09-03,95,NPA,NPA,14.5,10335.6,1722.6,,0,t,NONE,NONE,79.2,79.2,,0fd51814-fbd1-4c2b-a60a-0e8e87884094,2026-09-02 15:33:15.8479+00,2026-09-02 15:33:15.8479+00
DEMOLOAN00003,1c86c8f3-c878-42c1-b7c2-4a42f6240244,AUTO,ABC Bank,GGN044,462168.6,429156.55,330120.43,353228.86,99036.13,9170,2022-01-15,2025-01-15,2025-11-10,2026-08-27,45,BUCKET_2,ACTIVE,14.5,19807.23,3301.2,,0,f,NONE,NONE,37.5,37.5,,105068a3-8244-4cbf-ab9d-4702d29b025f,2026-08-27 11:28:09.561677+00,2026-09-02 15:27:18.41129+00
DAILY20260906LN134,e406f6ee-6e3c-4159-8b1f-b6feaca64d01,CREDIT_CARD,ABC Bank,GGN044,565992,525564,404280,432579.6,22460,11230,2022-01-15,2025-01-15,2025-11-10,2026-09-06,65,BUCKET_3,ACTIVE,14.5,24256.8,4042.8,,0,f,NONE,NONE,54.2,54.2,,10558ac9-56a7-47c8-a516-571b8c7b06a9,2026-09-06 13:30:49.61212+00,2026-09-06 13:30:49.612122+00
DAILY20260906LN135,8a6802de-4dd7-44cc-a66c-3740500337ea,CREDIT_CARD,ABC Bank,GGN044,416570,386815,297550,318378.5,16230,5410,2022-01-15,2025-01-15,2025-11-10,2026-09-06,95,NPA,NPA,14.5,17853,2975.5,,0,t,NONE,NONE,79.2,79.2,,10715221-8506-45d6-9a24-33729d849f6a,2026-09-06 13:30:49.617187+00,2026-09-06 13:30:49.617189+00
DAILY20260906LN86,f32eea7c-8b47-4a94-996c-50520242934e,CREDIT_CARD,ABC Bank,GGN044,117740,109330,84100,89987,11600,2900,2022-01-15,2025-01-15,2025-11-10,2026-09-06,120,NPA,NPA,14.5,5046,841,,0,t,NONE,NONE,100,100,,10859885-6bc0-4e42-bba2-bfde35e573fa,2026-09-06 13:30:49.320828+00,2026-09-06 13:30:49.320831+00
DAILY20260907LN02,68be72a3-42c5-4152-9da1-e0ac32e62211,AUTO,ABC Bank,GGN044,1648696,1530932,1177640,1260074.8,19960,19960,2022-01-15,2025-01-15,2025-11-10,2026-09-07,32,BUCKET_2,ACTIVE,14.5,70658.4,11776.4,,0,f,NONE,NONE,26.7,26.7,,10cda1fd-4b84-404d-a6ee-fa8fd8f472a5,2026-09-07 04:59:05.725441+00,2026-09-07 04:59:05.725445+00
DAILY20260907LN36,ba3722bc-9bb4-4e63-9fcf-84200f8e28d8,GOLD,ABC Bank,GGN044,521976,484692,372840,398938.8,71700,14340,2022-01-15,2025-01-15,2025-11-10,2026-09-07,155,NPA,NPA,14.5,22370.4,3728.4,,0,t,NONE,NONE,129.2,129.2,,10e96813-a2ac-4bb6-821e-d42d4a4e8a51,2026-09-07 04:59:05.99491+00,2026-09-07 04:59:05.994914+00
DAILY20260903LN19,89358c52-b266-4e0e-959a-8d919a57bef6,GOLD,ABC Bank,GGN044,597016,554372,426440,456290.8,15230,15230,2022-01-15,2025-01-15,2025-11-10,2026-09-03,47,BUCKET_2,ACTIVE,14.5,25586.4,4264.4,,0,f,NONE,NONE,39.2,39.2,,1111f893-b42c-4e44-bd41-da6d130e6620,2026-09-02 15:33:15.64027+00,2026-09-02 15:33:15.64027+00
DAILY20260921LN90,5b36ebc8-708c-40f4-b570-72acdecfc91c,EDUCATION,ABC Bank,GGN044,260960,242320,186400,199448,4660,4660,2022-01-15,2025-01-15,2025-11-10,2026-09-21,47,BUCKET_2,ACTIVE,14.5,11184,1864,,0,f,NONE,NONE,39.2,39.2,,1129c72d-e151-4e13-b41f-7d48ec6e11de,2026-09-21 04:52:59.907745+00,2026-09-21 04:52:59.90775+00
LN000000218,ab1cd5c0-d1f2-401c-aa5e-4d3b8bc7f522,CREDIT_CARD,ABC Bank,BR9326,115756.62,115090.79,60367.83,61677.85,21245.98,10340,2025-11-29,2026-11-24,2026-07-05,2026-09-09,42,BUCKET_2,ACTIVE,14.12,1027.05,190.01,12,9967.39,f,NONE,NONE,35.9,43.39,,113591ee-b2f4-4ae5-a485-557b5d629756,2026-08-27 11:28:00.060406+00,2026-09-02 15:27:18.413286+00
LN000000128,62ca4503-91fd-4e76-a546-66da4597fc2d,EDUCATION,ABC Bank,BR8058,661317.39,629278.48,241956.34,246824.17,118572.74,20000,2023-06-05,2027-05-15,2026-03-15,2026-09-13,150,NPA,NPA,22.51,4443.36,379.87,48,10370.53,t,NOTICE_SENT,NONE,100,100,,1140dec4-3aeb-4138-b71a-55f99aa8377d,2026-08-27 11:28:00.060296+00,2026-09-02 15:27:18.413286+00
DAILY20260918LN63,6035b8c9-e52a-4d30-ac3b-68318f401fbf,MICROFINANCE,ABC Bank,GGN044,86562,80379,61830,66158.1,9160,2290,2022-01-15,2025-01-15,2025-11-10,2026-09-18,120,NPA,NPA,14.5,3709.8,618.3,,0,t,NONE,NONE,100,100,,11891863-0216-4abb-b390-bde93f1379a2,2026-09-18 06:49:34.353652+00,2026-09-18 06:49:34.353655+00
DAILY20260906LN127,b258d787-b2bf-4fdd-9973-b014762ecc62,MICROFINANCE,ABC Bank,GGN044,232260,215670,165900,177513,23700,4740,2022-01-15,2025-01-15,2025-11-10,2026-09-06,155,NPA,NPA,14.5,9954,1659,,0,t,NONE,NONE,129.2,129.2,,1201c85b-b307-44dd-afd0-88c0055c2821,2026-09-06 13:30:49.567068+00,2026-09-06 13:30:49.567071+00
DAILY20260921LN122,05cb73f1-673d-4220-9cff-aaba6f817ead,CREDIT_CARD,ABC Bank,GGN044,399168,370656,285120,305078.4,23760,11880,2022-01-15,2025-01-15,2025-11-10,2026-09-21,65,BUCKET_3,ACTIVE,14.5,17107.2,2851.2,,0,f,NONE,NONE,54.2,54.2,,1209b3ef-46d0-4ae8-8dd2-03ea5155a8e9,2026-09-21 04:53:00.196933+00,2026-09-21 04:53:00.196937+00
LN000000404,19b65599-9a6e-4186-9398-f1f877e31ad6,HOME,ABC Bank,BR8907,1284406.26,1180839.99,594067.29,637383.05,155045.52,60790,2022-12-23,2024-12-12,2026-06-21,2026-09-26,65,BUCKET_3,ACTIVE,21.19,41211.46,586.97,24,32307.25,f,NONE,NONE,54.2,89.41,,121cc219-9185-4041-912d-c5bce5993290,2026-08-27 11:28:00.060629+00,2026-09-02 15:27:18.413286+00
DAILY20260906LN18,c7a42da6-70af-4033-b7c3-5a497e222693,HOME,ABC Bank,GGN044,5344080,4962360,3817200,4084404,63620,63620,2022-01-15,2025-01-15,2025-11-10,2026-09-06,32,BUCKET_2,ACTIVE,14.5,229032,38172,,0,f,NONE,NONE,26.7,26.7,,1248d51d-bf9b-4a7d-a77c-8be6ca954cdc,2026-09-06 13:30:48.766858+00,2026-09-06 13:30:48.766862+00
DEMOLOAN00013,6dd7267f-29a7-42d5-8281-5fb34cdec5fc,HOME,ABC Bank,GGN044,1347191.68,1250963.7,962279.77,1029639.35,288683.93,26730,2022-01-15,2025-01-15,2025-11-10,2026-08-27,83,BUCKET_3,ACTIVE,14.5,57736.79,9622.8,,0,f,NONE,NONE,69.2,69.2,,125f92ed-4bd8-4454-b9a5-f9a935b12451,2026-08-27 11:28:09.603015+00,2026-09-02 15:27:18.416005+00
DAILY20260906LN70,7f153258-b7a4-44dd-89c4-43c534fd32bd,AUTO,ABC Bank,GGN044,2354520,2186340,1681800,1799526,28030,28030,2022-01-15,2025-01-15,2025-11-10,2026-09-06,47,BUCKET_2,ACTIVE,14.5,100908,16818,,0,f,NONE,NONE,39.2,39.2,,126ab90a-2781-4815-a646-7d2c7951d854,2026-09-06 13:30:49.222882+00,2026-09-06 13:30:49.222885+00
DAILY20260903LN12,e9edfbdc-4170-411e-8665-093df415daa7,AUTO,ABC Bank,GGN044,1534680,1425060,1096200,1172934,73080,24360,2022-01-15,2025-01-15,2025-11-10,2026-09-03,95,NPA,NPA,14.5,65772,10962,,0,t,NONE,NONE,79.2,79.2,,129a6141-ccb9-4e9f-ba20-a2e8ecdd1590,2026-09-02 15:33:15.61982+00,2026-09-02 15:33:15.61982+00
DAILY20260903LN48,64f50958-06c6-43f9-8c82-736fc3e1c9ec,EDUCATION,ABC Bank,GGN044,402500,373750,287500,307625,5750,5750,2022-01-15,2025-01-15,2025-11-10,2026-09-03,32,BUCKET_2,ACTIVE,14.5,17250,2875,,0,f,NONE,NONE,26.7,26.7,,12ae0300-7cd5-4b3c-904f-93f09a7d3c9b,2026-09-02 15:33:15.754294+00,2026-09-02 15:33:15.754294+00
DAILY20260921LN103,fe727fff-cd7e-469a-8b2b-7bd28d659965,BUSINESS,ABC Bank,GGN044,745192,691964,532280,569539.6,190100,38020,2022-01-15,2025-01-15,2025-11-10,2026-09-21,155,NPA,NPA,14.5,31936.8,5322.8,,0,t,NONE,NONE,129.2,129.2,,12bcf766-4964-499f-8d3f-8db7e6e52e04,2026-09-21 04:52:59.992051+00,2026-09-21 04:52:59.992054+00
LN000000391,f23ef711-0edb-42cf-93dc-e8cfcc4f0c14,GOLD,ABC Bank,BR7693,208646.71,192392.58,99598.26,103870.86,59674.54,9460,2024-12-04,2026-11-24,2026-03-16,2026-09-20,150,NPA,NPA,16.43,1323.37,1749.08,24,6295.79,t,NONE,NONE,100,79.53,,12c87976-d347-4fd3-9175-19709359f283,2026-08-27 11:28:00.060614+00,2026-09-02 15:27:18.417066+00
DAILY20260907LN154,bde50146-dbd1-4f5a-b655-6d02d54fbe77,BUSINESS,ABC Bank,GGN044,1012704,940368,723360,773995.2,87680,21920,2022-01-15,2025-01-15,2025-11-10,2026-09-07,120,NPA,NPA,14.5,43401.6,7233.6,,0,t,NONE,NONE,100,100,,1305190e-04e7-499b-bc39-0d78c4495f2e,2026-09-07 04:59:06.705298+00,2026-09-07 04:59:06.7053+00
DAILY20260918LN171,a980cfb4-38c9-4f2c-8363-ae4e79e58627,CREDIT_CARD,ABC Bank,GGN044,950418,882531,678870,726390.9,11910,11910,2022-01-15,2025-01-15,2025-11-10,2026-09-18,47,BUCKET_2,ACTIVE,14.5,40732.2,6788.7,,0,f,NONE,NONE,39.2,39.2,,134bfdf7-7753-45f4-aa9b-5cad21731bf7,2026-09-18 06:49:34.984401+00,2026-09-18 06:49:34.984404+00
LN000000419,a28aa48d-a8a8-4e65-b147-a14037eef4bd,HOME,ABC Bank,BR6070,2094533.14,1889413.6,1406619.85,1491894.33,129319.6,33170,2025-03-19,2032-02-11,2026-05-22,2026-09-01,95,NPA,ACTIVE,11.82,43452.89,38583.1,84,14785.02,t,NONE,NONE,71.7,58.18,,138ee666-eebe-4b90-ab79-e2a1deceea36,2026-08-27 11:28:00.060648+00,2026-09-02 15:27:18.417066+00
DAILY20260903LN17,f63e3b7c-7880-42b2-9ae2-dacf7253922d,EDUCATION,ABC Bank,GGN044,851214,790413,608010,650570.7,46770,15590,2022-01-15,2025-01-15,2025-11-10,2026-09-03,95,NPA,NPA,14.5,36480.6,6080.1,,0,t,NONE,NONE,79.2,79.2,,13a237a7-12cc-4704-9f9e-b77db1e65d1f,2026-09-02 15:33:15.635456+00,2026-09-02 15:33:15.635456+00
DAILY20260907LN138,49cf2d4f-cb0e-478d-aadf-29bb558e95e4,HOME,ABC Bank,GGN044,2972452,2760134,2123180,2271802.6,80120,40060,2022-01-15,2025-01-15,2025-11-10,2026-09-07,65,BUCKET_3,ACTIVE,14.5,127390.8,21231.8,,0,f,NONE,NONE,54.2,54.2,,13a98e92-f26f-462a-b0af-4a6893683d53,2026-09-07 04:59:06.601663+00,2026-09-07 04:59:06.601665+00
DAILY20260921LN38,891c60d5-8d1b-4c52-8f74-a5b39c681f84,AUTO,ABC Bank,GGN044,1032640,958880,737600,789232,46100,23050,2022-01-15,2025-01-15,2025-11-10,2026-09-21,88,BUCKET_3,ACTIVE,14.5,44256,7376,,0,f,NONE,NONE,73.3,73.3,,13ca511f-3b4e-4df4-b17a-ace1782478f5,2026-09-21 04:52:59.603781+00,2026-09-21 04:52:59.603784+00
DAILY20260907LN150,9576b0ea-3bb0-4bf1-9e95-ae39f39556bd,MICROFINANCE,ABC Bank,GGN044,232932,216294,166380,178026.6,11280,2820,2022-01-15,2025-01-15,2025-11-10,2026-09-07,120,NPA,NPA,14.5,9982.8,1663.8,,0,t,NONE,NONE,100,100,,14252d1f-190f-4204-8de2-474152f031bd,2026-09-07 04:59:06.666887+00,2026-09-07 04:59:06.666892+00
DAILY20260907LN06,e22a959d-de1a-4953-bcf2-4742cf28e161,EDUCATION,ABC Bank,GGN044,1253980,1164410,895700,958399,84500,16900,2022-01-15,2025-01-15,2025-11-10,2026-09-07,155,NPA,NPA,14.5,53742,8957,,0,t,NONE,NONE,129.2,129.2,,1472eb1b-148a-4df9-b61f-0122de45828c,2026-09-07 04:59:05.755313+00,2026-09-07 04:59:05.755317+00
DAILY20260921LN110,4648c544-8f9e-443a-8f7a-4e674dc0263a,EDUCATION,ABC Bank,GGN044,216216,200772,154440,165250.8,4680,4680,2022-01-15,2025-01-15,2025-11-10,2026-09-21,32,BUCKET_2,ACTIVE,14.5,9266.4,1544.4,,0,f,NONE,NONE,26.7,26.7,,14738e29-c95a-4e76-a715-403d51224b12,2026-09-21 04:53:00.082468+00,2026-09-21 04:53:00.082471+00
DAILY20260918LN175,2438494e-0041-4279-ad8a-dedd1a02bbc1,AUTO,ABC Bank,GGN044,839160,779220,599400,641358,53280,13320,2022-01-15,2025-01-15,2025-11-10,2026-09-18,120,NPA,NPA,14.5,35964,5994,,0,t,NONE,NONE,100,100,,14db1a51-c913-408a-93f2-14bd0767c2dc,2026-09-18 06:49:35.006051+00,2026-09-18 06:49:35.006055+00
DAILY20260906LN104,39b8194a-ea42-4ef8-bfeb-b41ad425cee5,PERSONAL,ABC Bank,GGN044,1741754,1617343,1244110,1331197.7,50780,25390,2022-01-15,2025-01-15,2025-11-10,2026-09-06,65,BUCKET_3,ACTIVE,14.5,74646.6,12441.1,,0,f,NONE,NONE,54.2,54.2,,1559c24e-ea84-4424-9234-85b4464f758b,2026-09-06 13:30:49.418489+00,2026-09-06 13:30:49.418492+00
DAILY20260903LN161,41ac982a-9965-4420-99d3-0965472dce91,CREDIT_CARD,ABC Bank,GGN044,403200,374400,288000,308160,7200,7200,2022-01-15,2025-01-15,2025-11-10,2026-09-03,47,BUCKET_2,ACTIVE,14.5,17280,2880,,0,f,NONE,NONE,39.2,39.2,,155b5bd7-b141-496f-9a5a-d23d11f120b9,2026-09-02 15:33:16.200157+00,2026-09-02 15:33:16.200157+00
LN000000300,1b0c8ea9-befb-46a5-b970-af6259d5a825,GOLD,ABC Bank,BR2724,550629.67,532372.55,249029.11,254596.66,49247.4,13850,2022-12-17,2026-11-26,2026-05-07,2026-09-02,105,NPA,ACTIVE,11.35,3934.71,1498.82,48,7419.92,t,NONE,NONE,70.6,100,,1566f390-22b9-4589-be81-c470bc75a080,2026-08-27 11:28:00.060507+00,2026-09-02 15:27:18.417066+00
LN000000125,3c721e90-821f-405e-8303-aaf8933d93ce,BUSINESS,ABC Bank,BR1175,1411700.93,1379313.46,681411.26,699188.81,65793.77,32170,2022-01-26,2028-12-20,2026-07-10,2026-09-26,35,BUCKET_2,ACTIVE,21.83,15663.25,1204.07,84,25936.09,f,NONE,NONE,60,54.07,,15672bda-d778-45be-84c4-c5959fc9bb31,2026-08-27 11:28:00.060293+00,2026-09-02 15:27:18.417066+00
DAILY20260906LN103,d8c37b55-615c-4c57-88d4-91984035e9d4,BUSINESS,ABC Bank,GGN044,1573824,1461408,1124160,1202851.2,23420,23420,2022-01-15,2025-01-15,2025-11-10,2026-09-06,32,BUCKET_2,ACTIVE,14.5,67449.6,11241.6,,0,f,NONE,NONE,26.7,26.7,,1569402b-0e5e-4c3c-b7f7-d623cda05563,2026-09-06 13:30:49.412399+00,2026-09-06 13:30:49.412403+00
LN000000248,d94ba74c-5079-4b5a-ac0f-e3c7ccfe599c,AUTO,ABC Bank,BR3772,1344758.18,1305839.65,970321.3,1015851.43,58669.11,20590,2025-01-27,2034-12-06,2026-05-28,2026-09-18,80,BUCKET_3,ACTIVE,14.4,38997.48,4392.61,120,14614.87,f,NONE,NONE,91,100,,162703e2-798d-4809-9ab3-ceaf08d592e4,2026-08-27 11:28:00.060443+00,2026-09-02 15:27:18.417066+00
DAILY20260906LN84,a90e0354-6bbb-412d-911d-749f91dac8aa,MICROFINANCE,ABC Bank,GGN044,269892,250614,192780,206274.6,9180,4590,2022-01-15,2025-01-15,2025-11-10,2026-09-06,88,BUCKET_3,ACTIVE,14.5,11566.8,1927.8,,0,f,NONE,NONE,73.3,73.3,,16722453-1e77-468f-bc36-0aec10f99a7d,2026-09-06 13:30:49.309378+00,2026-09-06 13:30:49.309381+00
DAILY20260921LN133,2f720ba0-a74a-4563-85db-491527fdd3c6,BUSINESS,ABC Bank,GGN044,878598,815841,627570,671499.9,11010,11010,2022-01-15,2025-01-15,2025-11-10,2026-09-21,47,BUCKET_2,ACTIVE,14.5,37654.2,6275.7,,0,f,NONE,NONE,39.2,39.2,,168d47b0-5037-4105-b575-e95c1c9af941,2026-09-21 04:53:00.295236+00,2026-09-21 04:53:00.29524+00
LN000000322,0c1f9092-ef1b-4766-a09c-5aa61702bc8e,AUTO,ABC Bank,BR7141,578769.62,571783.96,232884.29,241669.97,28386.46,12390,2024-01-26,2028-12-30,2026-07-21,2026-09-03,35,BUCKET_2,ACTIVE,10.85,2033.71,2548.04,60,12060.74,f,NONE,NONE,32.1,18.81,,169806ab-f404-4fa4-b662-74df62e53f97,2026-08-27 11:28:00.060532+00,2026-09-02 15:27:18.417066+00
DAILY20260906LN66,c8a53ee1-4c1d-409f-974d-75b2d5fff5cd,CREDIT_CARD,ABC Bank,GGN044,572810,531895,409150,437790.5,16700,8350,2022-01-15,2025-01-15,2025-11-10,2026-09-06,88,BUCKET_3,ACTIVE,14.5,24549,4091.5,,0,f,NONE,NONE,73.3,73.3,,169b0b21-af6c-4131-9a28-17640832c205,2026-09-06 13:30:49.192379+00,2026-09-06 13:30:49.192382+00
DAILY20260828LN00,66ffba99-174b-414b-b6b2-ddb2599051d7,MICROFINANCE,ABC Bank,GGN044,77111.88,71603.89,55079.91,58935.51,16523.97,1530,2022-01-15,2025-01-15,2025-11-10,2026-08-28,88,BUCKET_3,ACTIVE,14.5,3304.8,550.8,,0,f,NONE,NONE,73.3,73.3,,16c72664-a4aa-479c-b00d-c53cc1458f66,2026-08-28 15:48:57.036382+00,2026-09-02 15:27:18.424045+00
DAILY20260918LN136,6ee9c8a0-c6e3-4dbd-aeeb-22bb6bb5eff7,GOLD,ABC Bank,GGN044,416346,386607,297390,318207.3,64650,12930,2022-01-15,2025-01-15,2025-11-10,2026-09-18,155,NPA,NPA,14.5,17843.4,2973.9,,0,t,NONE,NONE,129.2,129.2,,16e0f753-a8c4-4bc7-a95e-4000e4754a49,2026-09-18 06:49:34.799747+00,2026-09-18 06:49:34.799751+00
DAILY20260921LN108,c43fde5f-db87-40bc-98e8-70ca4fd356cd,EDUCATION,ABC Bank,GGN044,266700,247650,190500,203835,6350,6350,2022-01-15,2025-01-15,2025-11-10,2026-09-21,47,BUCKET_2,ACTIVE,14.5,11430,1905,,0,f,NONE,NONE,39.2,39.2,,17359f44-62db-4992-b18f-04ed2e053feb,2026-09-21 04:53:00.054471+00,2026-09-21 04:53:00.054476+00
DAILY20260906LN128,440e002b-db90-4583-9841-c9cf81deda17,CREDIT_CARD,ABC Bank,GGN044,427700,397150,305500,326885,23500,11750,2022-01-15,2025-01-15,2025-11-10,2026-09-06,88,BUCKET_3,ACTIVE,14.5,18330,3055,,0,f,NONE,NONE,73.3,73.3,,1735dc42-8144-4b19-b403-f6d2639ad0a4,2026-09-06 13:30:49.573676+00,2026-09-06 13:30:49.573679+00
LN000000003,8eb33a0b-636f-4a08-8ad2-00d62337b224,BUSINESS,ABC Bank,BR8633,624169.03,598539.44,561897.26,580706.69,109164.73,54350,2024-03-04,2025-02-27,2026-07-13,2026-09-12,42,BUCKET_2,ACTIVE,16.16,17656.43,702.11,12,38688.32,f,NONE,NONE,70.8,100,,1754efdb-8175-48d8-ac64-8c2ce7f688be,2026-08-27 11:28:00.060141+00,2026-09-02 15:27:18.425723+00
DAILY20260921LN43,102fb9b5-a6d1-46c9-9085-766bdcd71f5f,AUTO,ABC Bank,GGN044,1083684,1006278,774060,828244.2,20370,20370,2022-01-15,2025-01-15,2025-11-10,2026-09-21,32,BUCKET_2,ACTIVE,14.5,46443.6,7740.6,,0,f,NONE,NONE,26.7,26.7,,17b30f8a-2a68-4046-ac25-001212c89faf,2026-09-21 04:52:59.629409+00,2026-09-21 04:52:59.629412+00
DAILY20260921LN160,db70a0ca-fd4f-4cab-a438-fd10f2749332,EDUCATION,ABC Bank,GGN044,680400,631800,486000,520020,19440,9720,2022-01-15,2025-01-15,2025-11-10,2026-09-21,65,BUCKET_3,ACTIVE,14.5,29160,4860,,0,f,NONE,NONE,54.2,54.2,,17d5e8f1-cb68-4a04-9918-69c6bc3bc2d6,2026-09-21 04:53:00.555661+00,2026-09-21 04:53:00.555667+00
DAILY20260907LN43,9563f3ac-2622-4765-9ed7-e0dfe40868a1,EDUCATION,ABC Bank,GGN044,934976,868192,667840,714588.8,20870,20870,2022-01-15,2025-01-15,2025-11-10,2026-09-07,47,BUCKET_2,ACTIVE,14.5,40070.4,6678.4,,0,f,NONE,NONE,39.2,39.2,,17db49fe-7822-4cd8-b636-6e82fbcda07d,2026-09-07 04:59:06.037923+00,2026-09-07 04:59:06.037925+00
DAILY20260921LN144,5f3228eb-756a-40f3-9acf-5a327e4367e9,BUSINESS,ABC Bank,GGN044,1049888,974896,749920,802414.4,93740,46870,2022-01-15,2025-01-15,2025-11-10,2026-09-21,65,BUCKET_3,ACTIVE,14.5,44995.2,7499.2,,0,f,NONE,NONE,54.2,54.2,,17dc3188-7e8d-4687-8f14-1f4cb9751828,2026-09-21 04:53:00.453172+00,2026-09-21 04:53:00.453177+00
LN000000346,69d0107d-ed57-4ab5-9446-51e2c64fb953,AUTO,ABC Bank,BR2153,261015.7,236856.46,193588.96,216906.19,29450.4,11510,2024-10-31,2026-10-21,2026-06-04,2026-09-24,80,BUCKET_3,ACTIVE,15.23,9232.59,2800.56,24,8628.53,f,NONE,NONE,75,38.05,,17e065de-8c87-4b3f-8241-aa24a2a98ba3,2026-08-27 11:28:00.060561+00,2026-09-02 15:27:18.425723+00
LN000000366,c17d44ac-7449-4cbb-ab24-33e588750d21,GOLD,ABC Bank,BR3613,298102.44,286666.34,247765.6,271071.04,13548.58,6000,2025-11-18,2035-09-27,2026-07-20,2026-09-03,35,BUCKET_2,ACTIVE,22.38,18612.28,3323.24,120,2592.74,f,NONE,NONE,27.9,27.97,,17e82720-cf29-4176-bb99-ea425b6974e0,2026-08-27 11:28:00.060585+00,2026-09-02 15:27:18.425723+00
DAILY20260907LN125,1c5241a9-5d33-4e52-aa59-e870de84d79e,BUSINESS,ABC Bank,GGN044,3477824,3229408,2484160,2658051.2,133080,44360,2022-01-15,2025-01-15,2025-11-10,2026-09-07,95,NPA,NPA,14.5,149049.6,24841.6,,0,t,NONE,NONE,79.2,79.2,,181e3d5b-0adf-4e24-b269-9d5315eb53af,2026-09-07 04:59:06.538626+00,2026-09-07 04:59:06.538629+00
LN000000285,9bc89195-91b9-45b3-801e-89b0ff7225c1,EDUCATION,ABC Bank,BR1092,317657.8,315571.74,248047.52,266685.95,22670.5,12000,2024-04-16,2027-04-01,2026-07-04,2026-09-10,42,BUCKET_2,ACTIVE,21.68,16343.95,1432.84,36,5198.21,f,NONE,NONE,75.2,47.86,,182559cb-657a-4d6e-b0db-94b118bf7eaa,2026-08-27 11:28:00.060488+00,2026-09-02 15:27:18.425723+00
DAILY20260921LN35,d78ba493-5e40-4a2e-a959-397c08f2dc9b,EDUCATION,ABC Bank,GGN044,728308,676286,520220,556635.4,27380,13690,2022-01-15,2025-01-15,2025-11-10,2026-09-21,65,BUCKET_3,ACTIVE,14.5,31213.2,5202.2,,0,f,NONE,NONE,54.2,54.2,,18505340-5ba8-4de6-90c3-580b544e87b4,2026-09-21 04:52:59.588944+00,2026-09-21 04:52:59.588947+00
DAILY20260918LN44,1cbd977b-6e26-4117-b46b-76d7ba4660bf,CREDIT_CARD,ABC Bank,GGN044,327894,304473,234210,250604.7,31650,6330,2022-01-15,2025-01-15,2025-11-10,2026-09-18,155,NPA,NPA,14.5,14052.6,2342.1,,0,t,NONE,NONE,129.2,129.2,,18be7b1b-046e-48df-8492-ece56e82c622,2026-09-18 06:49:34.244668+00,2026-09-18 06:49:34.244672+00
DAILY20260921LN142,4fe3c504-e420-4fb9-a868-3e080b39ed92,MICROFINANCE,ABC Bank,GGN044,98420,91390,70300,75221,1900,1900,2022-01-15,2025-01-15,2025-11-10,2026-09-21,47,BUCKET_2,ACTIVE,14.5,4218,703,,0,f,NONE,NONE,39.2,39.2,,18c7f309-5f4e-4162-abd5-70c760b5de95,2026-09-21 04:53:00.438593+00,2026-09-21 04:53:00.438597+00
DAILY20260918LN152,bf0daaad-cd61-40e4-ac8b-e84e0a7922e6,BUSINESS,ABC Bank,GGN044,529984,492128,378560,405059.2,23660,11830,2022-01-15,2025-01-15,2025-11-10,2026-09-18,65,BUCKET_3,ACTIVE,14.5,22713.6,3785.6,,0,f,NONE,NONE,54.2,54.2,,18d26867-a853-46cd-986d-0ac9b6180bb7,2026-09-18 06:49:34.882101+00,2026-09-18 06:49:34.882104+00
DAILY20260903LN107,486f6b4d-3e26-49f2-b2d2-bde7016bba70,BUSINESS,ABC Bank,GGN044,1328488,1233596,948920,1015344.4,67780,33890,2022-01-15,2025-01-15,2025-11-10,2026-09-03,88,BUCKET_3,ACTIVE,14.5,56935.2,9489.2,,0,f,NONE,NONE,73.3,73.3,,18f2a1c0-7b2a-4ed8-b411-cfe7dc047b28,2026-09-02 15:33:15.999063+00,2026-09-02 15:33:15.999063+00
DAILY20260906LN37,653a72ad-9d7e-4166-ab22-25f25b875bc8,HOME,ABC Bank,GGN044,581000,539500,415000,444050,16600,16600,2022-01-15,2025-01-15,2025-11-10,2026-09-06,32,BUCKET_2,ACTIVE,14.5,24900,4150,,0,f,NONE,NONE,26.7,26.7,,198023d2-ab07-4235-a4ee-5a951b7d7358,2026-09-06 13:30:48.991869+00,2026-09-06 13:30:48.991872+00
DAILY20260906LN21,faa3def3-4c57-493f-9036-c9fb1a89cd9b,CREDIT_CARD,ABC Bank,GGN044,398216,369772,284440,304350.8,10940,5470,2022-01-15,2025-01-15,2025-11-10,2026-09-06,88,BUCKET_3,ACTIVE,14.5,17066.4,2844.4,,0,f,NONE,NONE,73.3,73.3,,19c9eb29-b99c-4963-833d-a50eb6188a5b,2026-09-06 13:30:48.789187+00,2026-09-06 13:30:48.789191+00
DAILY20260921LN74,85c8b6a8-47a6-49e5-b03e-c587eb715302,PERSONAL,ABC Bank,GGN044,1467144,1362348,1047960,1121317.2,127800,25560,2022-01-15,2025-01-15,2025-11-10,2026-09-21,155,NPA,NPA,14.5,62877.6,10479.6,,0,t,NONE,NONE,129.2,129.2,,1a071ce3-dd24-4179-b52a-8c3b1ed41de4,2026-09-21 04:52:59.80263+00,2026-09-21 04:52:59.802636+00
DAILY20260903LN156,fec336c0-9db1-4b29-b784-a78d4140cb46,GOLD,ABC Bank,GGN044,536536,498212,383240,410066.8,22110,7370,2022-01-15,2025-01-15,2025-11-10,2026-09-03,95,NPA,NPA,14.5,22994.4,3832.4,,0,t,NONE,NONE,79.2,79.2,,1a2b7fd1-e734-49a3-9748-0dabd241b591,2026-09-02 15:33:16.183451+00,2026-09-02 15:33:16.183451+00
LN000000085,ac097225-fba9-4e4d-9c4e-a8d4d8fba315,BUSINESS,ABC Bank,BR5717,862832.19,862062.99,573714.92,631914.47,48682.95,14570,2024-10-11,2034-08-20,2026-06-09,2026-09-23,65,BUCKET_3,ACTIVE,16.24,30353.95,19372.2,120,8859.57,f,NONE,NONE,69.2,35.91,,1a6fcf64-6d1f-4d14-aec2-120edc5ff3c5,2026-08-27 11:28:00.06024+00,2026-09-02 15:27:18.425723+00
LN000000192,eca83412-d8a1-4776-b997-db4ca5c07d87,GOLD,ABC Bank,BR7328,575829.92,527174.42,246736.84,253738.88,30265.34,17310,2022-01-19,2025-01-03,2026-07-03,2026-09-25,42,BUCKET_2,ACTIVE,11.2,6579.69,253.99,36,11069.19,f,NONE,NONE,48.5,100,,1aaa7ce7-72f5-4258-94ef-fd4b777d524e,2026-08-27 11:28:00.060375+00,2026-09-02 15:27:18.425723+00
DAILY20260921LN15,6dac0f40-c215-4a60-be80-7b19d9c4a8e3,AUTO,ABC Bank,GGN044,985600,915200,704000,753280,110000,22000,2022-01-15,2025-01-15,2025-11-10,2026-09-21,155,NPA,NPA,14.5,42240,7040,,0,t,NONE,NONE,129.2,129.2,,1b124b1d-9605-4461-8aa1-e8f2ea6b57d3,2026-09-21 04:52:59.466085+00,2026-09-21 04:52:59.46609+00
DAILY20260907LN71,a3b82e90-13e0-456f-a372-89a15d0559f4,PERSONAL,ABC Bank,GGN044,164444,152698,117460,125682.2,33560,8390,2022-01-15,2025-01-15,2025-11-10,2026-09-07,120,NPA,NPA,14.5,7047.6,1174.6,,0,t,NONE,NONE,100,100,,1b2298a0-1eb2-46b0-9ab4-b015636e385c,2026-09-07 04:59:06.218818+00,2026-09-07 04:59:06.218821+00
DAILY20260903LN172,220610ef-ebf5-4120-ba7c-3f3e5d7efe70,GOLD,ABC Bank,GGN044,773696,718432,552640,591324.8,12560,12560,2022-01-15,2025-01-15,2025-11-10,2026-09-03,32,BUCKET_2,ACTIVE,14.5,33158.4,5526.4,,0,f,NONE,NONE,26.7,26.7,,1b4e04b8-9577-4970-acf1-40125d103177,2026-09-02 15:33:16.231937+00,2026-09-02 15:33:16.231937+00
LN000000380,1c3fa0ab-b9a1-4a20-a0de-d81681719186,EDUCATION,ABC Bank,BR4039,460046.37,430494.95,181929.98,186132.56,150105.55,21000,2025-05-23,2027-05-13,2026-02-15,2026-08-29,180,NPA,NPA,15.62,3516.02,551.9,24,9859.71,t,NONE,NONE,100,100,,1b7f6480-6a5b-421c-913f-d2f10a7ab1ee,2026-08-27 11:28:00.060601+00,2026-09-02 15:27:18.425723+00
DAILY20260907LN95,66516561-ea2d-4064-8803-320fb62a3676,CREDIT_CARD,ABC Bank,GGN044,316806,294177,226290,242130.3,3970,3970,2022-01-15,2025-01-15,2025-11-10,2026-09-07,32,BUCKET_2,ACTIVE,14.5,13577.4,2262.9,,0,f,NONE,NONE,26.7,26.7,,1b84f65d-bd82-4ea3-8b70-9da5c13660fe,2026-09-07 04:59:06.361221+00,2026-09-07 04:59:06.361224+00
LN000000145,0cdc1fb5-87e9-47d4-8bfa-f59fcef10dd7,PERSONAL,ABC Bank,BR1710,1299335.81,1219393.37,550843.2,566774,157296.25,25520,2023-05-28,2033-04-05,2026-02-24,2026-09-13,180,NPA,NPA,22.38,13527.67,2108.43,120,12934.57,t,NONE,NEGOTIATING,100,100,,1be2ce40-09d8-4f5f-bb3a-af2fce21ae9d,2026-08-27 11:28:00.060317+00,2026-09-02 15:27:18.425723+00
DEMOLOAN00007,b8409718-e40e-4f33-9aa8-d225e8fd5f62,GOLD,ABC Bank,GGN044,151199.07,140399.14,107999.34,115559.29,32399.8,3000,2022-01-15,2025-01-15,2025-11-10,2026-08-27,44,BUCKET_2,ACTIVE,14.5,6479.96,1079.99,,0,f,NONE,NONE,36.7,36.7,,1bf44762-1279-40f4-8c9d-d85f0262928f,2026-08-27 11:28:09.577895+00,2026-09-02 15:27:18.433415+00
LN000000448,598573b9-8c04-44bf-bc0b-b3a1d7eb941c,CREDIT_CARD,ABC Bank,BR7149,47760.2,44919.35,29512.44,32538.83,6457.05,2240,2024-08-26,2026-08-16,2026-06-22,2026-08-29,65,BUCKET_3,ACTIVE,17.88,1833.8,575.43,24,1638.62,f,NONE,NONE,77.4,31.56,,1c136dbb-cb98-4e60-bfb0-180ac89f35ca,2026-08-27 11:28:00.060682+00,2026-09-02 15:27:18.43508+00
DAILY20260903LN116,2e5e6d39-d89c-4fd1-9bb8-80fa4e04ef12,HOME,ABC Bank,GGN044,2759218,2562131,1970870,2108830.9,96140,48070,2022-01-15,2025-01-15,2025-11-10,2026-09-03,65,BUCKET_3,ACTIVE,14.5,118252.2,19708.7,,0,f,NONE,NONE,54.2,54.2,,1c2d8b36-1701-4ae7-b826-e24cb51b0598,2026-09-02 15:33:16.037615+00,2026-09-02 15:33:16.037615+00
LN000000132,42cd08cc-8393-4497-94ad-36812465f1c3,MICROFINANCE,ABC Bank,BR9230,261759.44,248965.68,235659.52,240620.38,8309.07,3790,2024-09-07,2034-07-17,2026-07-11,2026-09-24,42,BUCKET_2,ACTIVE,13.49,4667.26,142.11,120,1945.03,f,NONE,NONE,49.9,100,,1c8cbaf1-b89b-442f-9a54-24e3e7f782ab,2026-08-27 11:28:00.060301+00,2026-09-02 15:27:18.43508+00
DAILY20260918LN39,d8e8f75e-5ace-4d4b-8658-90b9be02b7a2,EDUCATION,ABC Bank,GGN044,294784,273728,210560,225299.2,15040,7520,2022-01-15,2025-01-15,2025-11-10,2026-09-18,65,BUCKET_3,ACTIVE,14.5,12633.6,2105.6,,0,f,NONE,NONE,54.2,54.2,,1ca1b56a-b6d5-44d6-bcb5-c02e49502197,2026-09-18 06:49:34.215183+00,2026-09-18 06:49:34.215187+00
LN000000135,ec7e7d5f-9af6-4660-b822-eaaa0a807d80,AUTO,ABC Bank,BR2971,347121.54,323906.47,216148.36,239230.53,50581.61,12100,2022-11-10,2025-10-25,2026-05-13,2026-09-26,105,NPA,NPA,20.38,7942.99,9734.65,36,9098.43,t,NONE,NONE,100,49.43,,1ca4aca3-03a2-45cb-bee2-a5cdaae8d722,2026-08-27 11:28:00.060304+00,2026-09-02 15:27:18.43508+00
DAILY20260918LN56,5ec5f492-fe18-4f17-9d5e-15cb597d9b56,GOLD,ABC Bank,GGN044,637700,592150,455500,487385,18220,9110,2022-01-15,2025-01-15,2025-11-10,2026-09-18,88,BUCKET_3,ACTIVE,14.5,27330,4555,,0,f,NONE,NONE,73.3,73.3,,1cc76f96-64bc-4eb7-af73-ac646e900761,2026-09-18 06:49:34.312372+00,2026-09-18 06:49:34.312378+00
DAILY20260907LN133,27a5812a-7b42-47de-aad5-1c5401efdba9,EDUCATION,ABC Bank,GGN044,958496,890032,684640,732564.8,77800,15560,2022-01-15,2025-01-15,2025-11-10,2026-09-07,155,NPA,NPA,14.5,41078.4,6846.4,,0,t,NONE,NONE,129.2,129.2,,1d0d9b22-8b36-4efe-a52f-abcadfc413b7,2026-09-07 04:59:06.579042+00,2026-09-07 04:59:06.579044+00
DAILY20260903LN132,c7f06cdf-27ac-4430-a92a-5f87f5c3ec08,HOME,ABC Bank,GGN044,1141140,1059630,815100,872157,108680,54340,2022-01-15,2025-01-15,2025-11-10,2026-09-03,88,BUCKET_3,ACTIVE,14.5,48906,8151,,0,f,NONE,NONE,73.3,73.3,,1d2f15e7-3936-469f-b1df-62d6863468a7,2026-09-02 15:33:16.09335+00,2026-09-02 15:33:16.09335+00
DAILY20260921LN116,00c2164d-f9c2-4b07-b0aa-0f517f58e9a9,GOLD,ABC Bank,GGN044,1255212,1165554,896580,959340.6,87900,17580,2022-01-15,2025-01-15,2025-11-10,2026-09-21,155,NPA,NPA,14.5,53794.8,8965.8,,0,t,NONE,NONE,129.2,129.2,,1d62faab-e310-45eb-9ef7-b67c443efe16,2026-09-21 04:53:00.159274+00,2026-09-21 04:53:00.159277+00
LN000000126,9fd94f19-0418-4061-a80c-b65386790fb9,PERSONAL,ABC Bank,BR9652,1201261.58,1164969.3,412835.01,426899.09,56839.33,28130,2021-12-24,2026-11-28,2026-07-15,2026-09-02,42,BUCKET_2,ACTIVE,15.68,12603.56,742.93,60,21503.25,f,NONE,NONE,61.3,100,,1d6e15b2-913a-4ceb-bbed-0849838af6d2,2026-08-27 11:28:00.060294+00,2026-09-02 15:27:18.43508+00
DAILY20260903LN52,326f2280-e8f8-460b-b283-57a1592c0fbc,CREDIT_CARD,ABC Bank,GGN044,264208,245336,188720,201930.4,13480,6740,2022-01-15,2025-01-15,2025-11-10,2026-09-03,65,BUCKET_3,ACTIVE,14.5,11323.2,1887.2,,0,f,NONE,NONE,54.2,54.2,,1d9970dc-74dc-48cb-8842-5548ea9848dc,2026-09-02 15:33:15.768524+00,2026-09-02 15:33:15.768524+00
LN000000190,a7798f52-ebce-4071-a993-faac044a3e5e,CREDIT_CARD,ABC Bank,BR3410,276888.61,257764.56,109234.63,115334.51,22643.97,5550,2022-09-23,2027-08-28,2026-05-10,2026-09-13,95,NPA,ACTIVE,10.58,3404.83,2320.23,60,4487.48,t,NONE,NONE,100,60.42,,1dd6eb3f-47fe-415e-91a1-2692de0fe49a,2026-08-27 11:28:00.060372+00,2026-09-02 15:27:18.43508+00
BANKLOAN00003,07eea67d-6db2-4a89-8a06-711401425d4a,AUTO,ABC Bank,GGN056,779760.45,727776.42,519840.3,564026.72,181944.1,14440,2022-06-01,2025-06-01,2026-05-24,2026-08-27,95,NPA,NPA,16,36388.82,7797.6,,0,t,NONE,NONE,79.2,79.2,,1e0eb769-c60e-443d-b713-52e0f2c426a1,2026-08-27 11:28:09.804424+00,2026-09-02 15:27:18.440202+00
DAILY20260921LN141,856907a4-e82d-418d-9143-029fab90aa31,CREDIT_CARD,ABC Bank,GGN044,278208,258336,198720,212630.4,5520,5520,2022-01-15,2025-01-15,2025-11-10,2026-09-21,47,BUCKET_2,ACTIVE,14.5,11923.2,1987.2,,0,f,NONE,NONE,39.2,39.2,,1e18b77e-28d2-4e64-b23a-c386c460e131,2026-09-21 04:53:00.431793+00,2026-09-21 04:53:00.431799+00
DAILY20260903LN58,d4423acc-7842-46d2-8f18-628558ebd910,AUTO,ABC Bank,GGN044,876512,813904,626080,669905.6,12040,12040,2022-01-15,2025-01-15,2025-11-10,2026-09-03,32,BUCKET_2,ACTIVE,14.5,37564.8,6260.8,,0,f,NONE,NONE,26.7,26.7,,1e616b52-84bc-411a-baa6-bf2096737f10,2026-09-02 15:33:15.784898+00,2026-09-02 15:33:15.784898+00
LN000000357,d62862f6-8e66-458e-94d9-f23cc3234a06,HOME,ABC Bank,BR9577,788421.85,771367.03,678747.53,727995.41,272102.12,24890,2022-10-09,2026-09-18,2025-11-21,2026-09-09,270,NPA,NPA,23.39,21279.27,11416.95,48,13662.99,t,NONE,NONE,100,100,,1e70fcbd-9552-4e59-82df-d687b8ebf5ca,2026-08-27 11:28:00.060574+00,2026-09-02 15:27:18.44271+00
DEMOLOAN00001,d0514cfc-e077-4add-bf05-b8bdcd1caf4a,PERSONAL,ABC Bank,GGN044,609335.87,565811.88,435239.91,465706.7,130571.97,12090,2022-01-15,2025-01-15,2025-11-10,2026-08-27,95,NPA,NPA,14.5,26114.39,4352.4,,0,t,NONE,NONE,79.2,79.2,,1e8e277c-5d36-45c0-9dd0-b3bf3b1d56d6,2026-08-27 11:28:09.552511+00,2026-09-02 15:27:18.444523+00
LN000000324,0ae89c05-ac7c-4c5f-ad67-d354891ebd4b,GOLD,ABC Bank,BR2906,140723.96,139319.97,125666.53,143328.08,7809.8,3460,2022-09-22,2027-08-27,2026-07-14,2026-09-08,42,BUCKET_2,ACTIVE,16.97,7104.71,8424.89,60,2086.41,f,NONE,NONE,45.1,22.79,,1ea7594b-86be-48c4-86bd-8413c10c54ab,2026-08-27 11:28:00.060535+00,2026-09-02 15:27:18.446045+00
DAILY20260903LN104,25aa835a-45da-40d7-b0f3-12c6c6d21100,EDUCATION,ABC Bank,GGN044,324170,301015,231550,247758.5,8420,4210,2022-01-15,2025-01-15,2025-11-10,2026-09-03,88,BUCKET_3,ACTIVE,14.5,13893,2315.5,,0,f,NONE,NONE,73.3,73.3,,1ed1775f-037a-4475-9aae-ec3efb7d6e76,2026-09-02 15:33:15.983376+00,2026-09-02 15:33:15.983376+00
LN000000116,b538eede-bdc3-41ac-a081-914bb32b95f5,AUTO,ABC Bank,BR8856,332226.22,320011.37,135438.71,141984.8,65264.68,29070,2025-09-12,2026-09-07,2026-07-08,2026-08-31,42,BUCKET_2,ACTIVE,16.23,5565.91,543.04,12,23727.97,f,NONE,NONE,39,51.39,,1eec0f90-5a8d-4529-aeaa-1fea1c345f4e,2026-08-27 11:28:00.060282+00,2026-09-02 15:27:18.446045+00
LN000000410,eaa3c7cc-4dca-459d-b00d-ab2c7f69bd9a,PERSONAL,ABC Bank,BR2574,762046.84,731059.74,380638.62,390139.49,38818.21,18810,2022-09-23,2027-08-28,2026-07-08,2026-09-19,35,BUCKET_2,ACTIVE,18.62,6911.3,1448.34,60,14368.77,f,NONE,NONE,52.7,54.19,,1f3b7367-3427-406c-98d6-8118f91aad82,2026-08-27 11:28:00.060636+00,2026-09-02 15:27:18.446045+00
LN000000295,14d6810c-2c1a-47cf-bfa9-4e0b9d870528,AUTO,ABC Bank,BR9305,673164.56,640616.8,508896.51,520551.77,69467.77,30240,2023-06-03,2025-05-23,2026-07-05,2026-09-13,42,BUCKET_2,ACTIVE,12.28,11046.84,517.98,24,20768.45,f,NONE,NONE,32.5,100,,1f41983b-7da8-42ee-8b76-6a7d347f6632,2026-08-27 11:28:00.060501+00,2026-09-02 15:27:18.446045+00
DAILY20260921LN50,37ed9c42-81e8-4751-872b-29ed0328ee99,AUTO,ABC Bank,GGN044,1126398,1045941,804570,860889.9,103150,20630,2022-01-15,2025-01-15,2025-11-10,2026-09-21,155,NPA,NPA,14.5,48274.2,8045.7,,0,t,NONE,NONE,129.2,129.2,,1f4223a1-05ef-401c-97fe-50fb52d6fe17,2026-09-21 04:52:59.663297+00,2026-09-21 04:52:59.6633+00
DAILY20260918LN113,2e6abc7c-15e5-4dba-87c7-bcb36516c940,MICROFINANCE,ABC Bank,GGN044,84728,78676,60520,64756.4,14240,3560,2022-01-15,2025-01-15,2025-11-10,2026-09-18,120,NPA,NPA,14.5,3631.2,605.2,,0,t,NONE,NONE,100,100,,1f83ac13-f68f-4f88-9b12-5b0ee9e458b0,2026-09-18 06:49:34.669534+00,2026-09-18 06:49:34.669538+00
DAILY20260907LN73,44726bb0-fb12-42bf-ab5a-b607bd0f141a,HOME,ABC Bank,GGN044,1082578,1005251,773270,827398.9,58360,14590,2022-01-15,2025-01-15,2025-11-10,2026-09-07,120,NPA,NPA,14.5,46396.2,7732.7,,0,t,NONE,NONE,100,100,,20142a42-f50c-43ae-90bc-bb1342ab4119,2026-09-07 04:59:06.230362+00,2026-09-07 04:59:06.230365+00
LN000000289,a4a0aec6-22fe-4287-8458-2bab6c671180,AUTO,ABC Bank,BR1379,495752.5,491047.98,238948.55,249575.69,43847.32,24100,2023-07-15,2025-07-04,2026-07-12,2026-09-10,42,BUCKET_2,ACTIVE,16.24,6900.13,3388.78,24,11363.49,f,NONE,NONE,33.9,51.61,,20400f74-9d13-417a-9208-1712de2107c5,2026-08-27 11:28:00.060493+00,2026-09-02 15:27:18.446045+00
DAILY20260921LN12,816f8260-060f-4257-a883-6ca07dc92496,PERSONAL,ABC Bank,GGN044,187936,174512,134240,143636.8,16780,8390,2022-01-15,2025-01-15,2025-11-10,2026-09-21,65,BUCKET_3,ACTIVE,14.5,8054.4,1342.4,,0,f,NONE,NONE,54.2,54.2,,205221d4-9015-45b5-a102-b3266041d225,2026-09-21 04:52:59.445575+00,2026-09-21 04:52:59.44558+00
DAILY20260907LN114,a6fe8e73-3d49-46fb-a5f3-4cefa5fac0f0,HOME,ABC Bank,GGN044,2779588,2581046,1985420,2124399.4,107320,53660,2022-01-15,2025-01-15,2025-11-10,2026-09-07,88,BUCKET_3,ACTIVE,14.5,119125.2,19854.2,,0,f,NONE,NONE,73.3,73.3,,20f9a0c7-6629-4094-96f2-2501dbdf541b,2026-09-07 04:59:06.479162+00,2026-09-07 04:59:06.479164+00
LN000000382,be41b684-075a-4c94-a6b6-4c81ce9c1a63,MICROFINANCE,ABC Bank,BR3698,54264.81,52240.9,45173.09,46493.36,10544.36,4890,2025-06-13,2026-06-08,2026-07-09,2026-09-10,42,BUCKET_2,ACTIVE,22.02,1186.37,77.52,12,3795.44,f,NONE,NONE,37.1,100,,218a3bff-5750-4e6a-a221-abae2040d50f,2026-08-27 11:28:00.060603+00,2026-09-02 15:27:18.446045+00
DAILY20260907LN109,16f18993-02f1-4fee-8f86-02862132e338,MICROFINANCE,ABC Bank,GGN044,236726,219817,169090,180926.3,13710,4570,2022-01-15,2025-01-15,2025-11-10,2026-09-07,95,NPA,NPA,14.5,10145.4,1690.9,,0,t,NONE,NONE,79.2,79.2,,21b759f6-6cc8-4e11-a7f7-66955fdf785e,2026-09-07 04:59:06.445365+00,2026-09-07 04:59:06.445369+00
LN000000012,58c36194-ac80-4d4c-9ac4-3ded3c732c24,CREDIT_CARD,ABC Bank,BR7586,124622.06,119821.96,102855.22,111248.4,7362.12,3340,2022-08-07,2026-07-17,2026-07-01,2026-08-30,50,BUCKET_2,ACTIVE,15.09,4539.32,3236.42,48,2587.64,f,NONE,NONE,36.7,30.84,,21dcce6e-2063-4a6f-8b60-4ec976b3ae31,2026-08-27 11:28:00.060152+00,2026-09-02 15:27:18.446045+00
DAILY20260903LN183,bf1a5e49-cb68-49a7-b5f8-a8c6dfb26c55,GOLD,ABC Bank,GGN044,494228,458926,353020,377731.4,46450,9290,2022-01-15,2025-01-15,2025-11-10,2026-09-03,155,NPA,NPA,14.5,21181.2,3530.2,,0,t,NONE,NONE,129.2,129.2,,21ef6733-5939-47ca-b7e9-3621da8d55a9,2026-09-02 15:33:16.277813+00,2026-09-02 15:33:16.277813+00
DAILY20260918LN139,546a790e-0e50-4faf-a06d-bad554eed481,MICROFINANCE,ABC Bank,GGN044,289926,269217,207090,221586.3,14040,3510,2022-01-15,2025-01-15,2025-11-10,2026-09-18,120,NPA,NPA,14.5,12425.4,2070.9,,0,t,NONE,NONE,100,100,,228f49c2-0dab-4d5a-ae03-854ac20441dc,2026-09-18 06:49:34.815156+00,2026-09-18 06:49:34.815159+00
LN000000484,6d7f5b9d-9880-4b50-9071-8f58c57f45a9,CREDIT_CARD,ABC Bank,BR5819,100769.19,92384.38,79588.12,84978.48,17443.9,4820,2024-03-29,2026-03-19,2026-05-09,2026-09-17,105,NPA,NPA,22.6,2741.66,2018.53,24,3773.97,t,NONE,NONE,83,57.14,,22be95d4-ba60-4bc0-aeea-9716b14c7501,2026-08-27 11:28:00.060726+00,2026-09-02 15:27:18.446045+00
DEMOLOAN00014,033f659c-3746-4c9e-8a52-e53dcaa34bb8,HOME,ABC Bank,GGN044,2135951.2,1983383.25,1525679.43,1632476.99,457703.83,42380,2022-01-15,2025-01-15,2025-11-10,2026-08-27,210,NPA,NPA,14.5,91540.77,15256.79,,0,t,NONE,NONE,175,175,,22e70915-8199-4924-a214-9b59f77b9756,2026-08-27 11:28:09.607128+00,2026-09-02 15:27:18.455628+00
DAILY20260907LN37,9f4a5f6a-a78b-40e4-818b-26629b38b38b,HOME,ABC Bank,GGN044,4655336,4322812,3325240,3558006.8,112720,56360,2022-01-15,2025-01-15,2025-11-10,2026-09-07,88,BUCKET_3,ACTIVE,14.5,199514.4,33252.4,,0,f,NONE,NONE,73.3,73.3,,230056e8-90f7-4745-85f2-b8d1e8ca12d9,2026-09-07 04:59:06.002733+00,2026-09-07 04:59:06.002736+00
DAILY20260903LN15,ff8f6e04-e648-490b-9273-37c9f4f17730,EDUCATION,ABC Bank,GGN044,91532,84994,65380,69956.6,9340,4670,2022-01-15,2025-01-15,2025-11-10,2026-09-03,65,BUCKET_3,ACTIVE,14.5,3922.8,653.8,,0,f,NONE,NONE,54.2,54.2,,230581d9-da5f-4e36-b3f5-1341858c404a,2026-09-02 15:33:15.61982+00,2026-09-02 15:33:15.61982+00
DAILY20260903LN03,7644f9fc-b53d-4411-befc-4ba2e62dea63,EDUCATION,ABC Bank,GGN044,692160,642720,494400,529008,8240,8240,2022-01-15,2025-01-15,2025-11-10,2026-09-03,32,BUCKET_2,ACTIVE,14.5,29664,4944,,0,f,NONE,NONE,26.7,26.7,,233e0bbc-f438-44b7-831a-469ceeb01053,2026-09-02 15:33:15.588007+00,2026-09-02 15:33:15.588007+00
DAILY20260906LN46,11ceaf8a-25db-4118-b8c1-bdeeff627852,CREDIT_CARD,ABC Bank,GGN044,193284,179478,138060,147724.2,7670,7670,2022-01-15,2025-01-15,2025-11-10,2026-09-06,32,BUCKET_2,ACTIVE,14.5,8283.6,1380.6,,0,f,NONE,NONE,26.7,26.7,,235c8aa5-a9b4-4b98-ba41-9a796c9d506c,2026-09-06 13:30:49.049753+00,2026-09-06 13:30:49.049755+00
DAILY20260907LN69,89e26dfc-358e-4b16-af20-76b58b8fe47a,BUSINESS,ABC Bank,GGN044,2343936,2176512,1674240,1791436.8,104640,52320,2022-01-15,2025-01-15,2025-11-10,2026-09-07,88,BUCKET_3,ACTIVE,14.5,100454.4,16742.4,,0,f,NONE,NONE,73.3,73.3,,235cfa6f-0a43-4a09-be5b-9cf044f1fd11,2026-09-07 04:59:06.207645+00,2026-09-07 04:59:06.207648+00
DAILY20260918LN174,44a33518-b3f0-48ca-b806-648ccb54e2ac,AUTO,ABC Bank,GGN044,1167040,1083680,833600,891952,104200,20840,2022-01-15,2025-01-15,2025-11-10,2026-09-18,155,NPA,NPA,14.5,50016,8336,,0,t,NONE,NONE,129.2,129.2,,23712c4f-e48e-4857-b03d-25226c81d7e8,2026-09-18 06:49:35.000995+00,2026-09-18 06:49:35.000997+00
DAILY20260903LN140,7a06896b-a93b-47b1-87ae-3eb1ea25513a,EDUCATION,ABC Bank,GGN044,1034446,960557,738890,790612.3,99850,19970,2022-01-15,2025-01-15,2025-11-10,2026-09-03,155,NPA,NPA,14.5,44333.4,7388.9,,0,t,NONE,NONE,129.2,129.2,,2371aec5-3103-4aba-8311-5049c097ebac,2026-09-02 15:33:16.123443+00,2026-09-02 15:33:16.123443+00
DAILY20260906LN16,fa8b993d-a52c-44d3-84e4-5ed3f8704345,GOLD,ABC Bank,GGN044,61740,57330,44100,47187,12600,3150,2022-01-15,2025-01-15,2025-11-10,2026-09-06,120,NPA,NPA,14.5,2646,441,,0,t,NONE,NONE,100,100,,237d57df-e462-4ab6-af77-026e40141ec1,2026-09-06 13:30:48.754008+00,2026-09-06 13:30:48.754011+00
DAILY20260906LN119,a09dec2a-98fb-4634-a86c-faf267ebbb33,PERSONAL,ABC Bank,GGN044,235592,218764,168280,180059.6,12020,12020,2022-01-15,2025-01-15,2025-11-10,2026-09-06,47,BUCKET_2,ACTIVE,14.5,10096.8,1682.8,,0,f,NONE,NONE,39.2,39.2,,2419d00e-785f-4c8b-a57e-6ca3ff4d20f4,2026-09-06 13:30:49.515787+00,2026-09-06 13:30:49.515789+00
DAILY20260903LN14,8fceab61-7715-4487-974e-fb7d70c202a3,MICROFINANCE,ABC Bank,GGN044,33600,31200,24000,25680,1500,1500,2022-01-15,2025-01-15,2025-11-10,2026-09-03,47,BUCKET_2,ACTIVE,14.5,1440,240,,0,f,NONE,NONE,39.2,39.2,,243ddc8d-305e-4acc-bcc3-b42aa218850c,2026-09-02 15:33:15.61982+00,2026-09-02 15:33:15.61982+00
DAILY20260906LN147,6111289c-188c-4024-b378-4d309db726dc,AUTO,ABC Bank,GGN044,1787520,1659840,1276800,1366176,30400,30400,2022-01-15,2025-01-15,2025-11-10,2026-09-06,32,BUCKET_2,ACTIVE,14.5,76608,12768,,0,f,NONE,NONE,26.7,26.7,,24772652-d994-4fc0-8cdc-0a86302d0c8b,2026-09-06 13:30:49.693743+00,2026-09-06 13:30:49.693747+00
LN000000277,1caf8c4a-5be6-45c9-ad8c-542527a9deff,GOLD,ABC Bank,BR9467,649220.42,603277.23,422256.79,431637.07,20094.21,11770,2024-12-22,2031-11-16,2026-06-26,2026-09-25,50,BUCKET_2,ACTIVE,15.38,7796.52,1075.78,84,8076.39,f,NONE,NONE,52.4,98.32,,248b891b-3a8d-4f2c-ae9a-8b2099b3d578,2026-08-27 11:28:00.060479+00,2026-09-02 15:27:18.458379+00
LN000000301,9d36153b-9490-468e-8f0c-6acd4b668a26,GOLD,ABC Bank,BR4242,458509.48,436359.08,238586.49,249910.86,61048.45,17080,2025-06-04,2028-05-19,2026-05-09,2026-09-17,105,NPA,NPA,23.83,10300.18,719.36,36,6978.77,t,NOTICE_SENT,NONE,86.2,100,,249effaa-b709-4c2a-b3c1-e5c118ecefe2,2026-08-27 11:28:00.060508+00,2026-09-02 15:27:18.458379+00
DAILY20260906LN08,5143b16b-c878-4e9b-86be-cbc3c49d9706,EDUCATION,ABC Bank,GGN044,1036056,962052,740040,791842.8,70480,17620,2022-01-15,2025-01-15,2025-11-10,2026-09-06,120,NPA,NPA,14.5,44402.4,7400.4,,0,t,NONE,NONE,100,100,,24a06742-39af-4d82-8381-cddb221897cb,2026-09-06 13:30:48.703242+00,2026-09-06 13:30:48.703245+00
DAILY20260907LN136,ff4ebeb5-39fb-4188-a047-9ca47428e1e7,EDUCATION,ABC Bank,GGN044,280896,260832,200640,214684.8,25080,6270,2022-01-15,2025-01-15,2025-11-10,2026-09-07,120,NPA,NPA,14.5,12038.4,2006.4,,0,t,NONE,NONE,100,100,,24e245c8-0117-4b34-b40a-a90bf59d6639,2026-09-07 04:59:06.592611+00,2026-09-07 04:59:06.592613+00
LN000000279,30226d3a-2d1e-4854-9b00-46ea0cd54d7e,MICROFINANCE,ABC Bank,BR2301,171327.53,168684.74,79537.89,83943.92,26526.82,4560,2022-01-02,2026-12-07,2026-03-29,2026-09-13,150,NPA,ACTIVE,20.96,4324.26,45.52,60,3045.99,t,NONE,NONE,100,100,,251e903a-ba61-47c3-a624-b064b123779c,2026-08-27 11:28:00.060481+00,2026-09-02 15:27:18.458379+00
DAILY20260906LN144,0f343bb3-c515-409b-a992-2f71e25c319d,AUTO,ABC Bank,GGN044,431200,400400,308000,329560,96250,19250,2022-01-15,2025-01-15,2025-11-10,2026-09-06,155,NPA,NPA,14.5,18480,3080,,0,t,NONE,NONE,129.2,129.2,,25590049-c8fa-4129-a16f-8668925fb16c,2026-09-06 13:30:49.67578+00,2026-09-06 13:30:49.675784+00
DAILY20260906LN145,32342a4a-c4e3-4dd4-b77f-ee7c578d85c0,PERSONAL,ABC Bank,GGN044,1699740,1578330,1214100,1299087,42600,21300,2022-01-15,2025-01-15,2025-11-10,2026-09-06,88,BUCKET_3,ACTIVE,14.5,72846,12141,,0,f,NONE,NONE,73.3,73.3,,25cefbbb-9124-41ea-8525-3be54ad62fbb,2026-09-06 13:30:49.681799+00,2026-09-06 13:30:49.681802+00
DAILY20260921LN106,f4a079d8-fec3-464c-ac8c-7a30ff3624d7,EDUCATION,ABC Bank,GGN044,575344,534248,410960,439727.2,18680,9340,2022-01-15,2025-01-15,2025-11-10,2026-09-21,65,BUCKET_3,ACTIVE,14.5,24657.6,4109.6,,0,f,NONE,NONE,54.2,54.2,,25e6c01c-09cd-4f54-97ce-27f942599ef3,2026-09-21 04:53:00.033062+00,2026-09-21 04:53:00.033068+00
LN000000394,f081137e-dcf3-4498-a67b-38d1f0036d2c,CREDIT_CARD,ABC Bank,BR3601,275044.66,251888.6,168403.13,172629.22,14824.49,5740,2022-10-21,2027-09-25,2026-05-29,2026-09-14,88,BUCKET_3,ACTIVE,13.07,2923.43,1249.16,60,4415.61,f,NONE,NONE,61.7,66.3,,25fa76b5-13f4-4931-b793-b7a041dea7f0,2026-08-27 11:28:00.060617+00,2026-09-02 15:27:18.458379+00
LN000000205,95d5e321-1ee6-4abb-a068-7d974a83ffe8,GOLD,ABC Bank,BR2816,252662.02,249439.13,123432.22,130968.76,17174.68,8310,2022-12-08,2025-11-22,2026-07-08,2026-09-05,35,BUCKET_2,ACTIVE,12.21,3312.57,2555.2,36,7995.52,f,NONE,NONE,36.8,23.79,,2610d56d-260d-427d-aa6e-d555b2a233a0,2026-08-27 11:28:00.06039+00,2026-09-02 15:27:18.458379+00
DAILY20260903LN64,c659c5b5-27fe-41fc-b6fb-36c76e49e841,AUTO,ABC Bank,GGN044,728406,676377,520290,556710.3,57810,19270,2022-01-15,2025-01-15,2025-11-10,2026-09-03,95,NPA,NPA,14.5,31217.4,5202.9,,0,t,NONE,NONE,79.2,79.2,,263c1cd0-2c94-4778-bd23-92ba1083759f,2026-09-02 15:33:15.81605+00,2026-09-02 15:33:15.81605+00
DAILY20260907LN157,bfe0123d-3b1c-45b9-bb6c-6d335f0571eb,MICROFINANCE,ABC Bank,GGN044,105798,98241,75570,80859.9,2290,2290,2022-01-15,2025-01-15,2025-11-10,2026-09-07,47,BUCKET_2,ACTIVE,14.5,4534.2,755.7,,0,f,NONE,NONE,39.2,39.2,,267e6a72-1c44-4974-b4ef-c50c1acdce79,2026-09-07 04:59:06.722324+00,2026-09-07 04:59:06.722326+00
DAILY20260921LN161,ddc28b88-cb66-4203-8388-0e6056efdf56,BUSINESS,ABC Bank,GGN044,4117932,3823794,2941380,3147276.6,272350,54470,2022-01-15,2025-01-15,2025-11-10,2026-09-21,155,NPA,NPA,14.5,176482.8,29413.8,,0,t,NONE,NONE,129.2,129.2,,26d3c357-436c-47bc-9016-b5fdf07d5f79,2026-09-21 04:53:00.561492+00,2026-09-21 04:53:00.561496+00
DAILY20260921LN163,be1a2162-937a-4dc6-b506-020d1bd0c4a8,GOLD,ABC Bank,GGN044,942144,874848,672960,720067.2,70100,14020,2022-01-15,2025-01-15,2025-11-10,2026-09-21,155,NPA,NPA,14.5,40377.6,6729.6,,0,t,NONE,NONE,129.2,129.2,,26eea26d-addc-4ac6-8ea1-9f1b06000ae3,2026-09-21 04:53:00.573501+00,2026-09-21 04:53:00.573505+00
DAILY20260906LN164,363fa101-94b7-4b81-b7a7-63aea6cf584f,GOLD,ABC Bank,GGN044,347060,322270,247900,265253,26800,6700,2022-01-15,2025-01-15,2025-11-10,2026-09-06,120,NPA,NPA,14.5,14874,2479,,0,t,NONE,NONE,100,100,,276f9429-1dbf-4005-b8d0-2f6e757490f0,2026-09-06 13:30:49.807158+00,2026-09-06 13:30:49.807161+00
LN000000304,6ee09325-b476-4ff7-acfd-dd6aff05eca9,GOLD,ABC Bank,BR3486,883361.11,881975.27,519073.19,539715.66,112473.29,12230,2025-02-20,2034-12-30,2026-01-28,2026-09-08,210,NPA,ACTIVE,11.16,19358.78,561.86,120,10764.31,t,NONE,OFFERED,100,100,,27a1e140-d797-47ed-8e5e-ace07bbd574c,2026-08-27 11:28:00.060511+00,2026-09-02 15:27:18.458379+00
LN000000074,4d74c47e-09f5-498d-a352-4f8cf08845f4,BUSINESS,ABC Bank,BR2818,425181.38,397111.64,339819.89,383095.66,33875.15,19780,2025-03-05,2027-02-23,2026-07-06,2026-09-06,42,BUCKET_2,ACTIVE,17.76,19670.61,19610.67,24,19021.81,f,NONE,NONE,34.4,24.47,,27e7782c-45f5-43eb-86db-d57672919818,2026-08-27 11:28:00.060226+00,2026-09-02 15:27:18.458379+00
DAILY20260903LN16,abe75c01-d0a0-4963-bd30-5eaa5415411a,HOME,ABC Bank,GGN044,2956800,2745600,2112000,2259840,38400,38400,2022-01-15,2025-01-15,2025-11-10,2026-09-03,32,BUCKET_2,ACTIVE,14.5,126720,21120,,0,f,NONE,NONE,26.7,26.7,,283aa698-df58-40ae-b64f-f7a9d240c126,2026-09-02 15:33:15.61982+00,2026-09-02 15:33:15.61982+00
DAILY20260906LN17,5ddd0f61-1cfb-4265-8112-96b004a3830c,PERSONAL,ABC Bank,GGN044,303296,281632,216640,231804.8,6770,6770,2022-01-15,2025-01-15,2025-11-10,2026-09-06,32,BUCKET_2,ACTIVE,14.5,12998.4,2166.4,,0,f,NONE,NONE,26.7,26.7,,28449f5e-7fda-4c8f-8b92-ad19036212a2,2026-09-06 13:30:48.760973+00,2026-09-06 13:30:48.760976+00
DAILY20260918LN105,3ffd79ba-e49d-444b-b6e3-96abd8203423,EDUCATION,ABC Bank,GGN044,699174,649233,499410,534368.7,64440,16110,2022-01-15,2025-01-15,2025-11-10,2026-09-18,120,NPA,NPA,14.5,29964.6,4994.1,,0,t,NONE,NONE,100,100,,2846bd27-73ff-42b1-9198-510021ba5c93,2026-09-18 06:49:34.617614+00,2026-09-18 06:49:34.617617+00
DAILY20260907LN38,424130f3-583f-48fe-8f2b-a0d517c7fe69,EDUCATION,ABC Bank,GGN044,557060,517270,397900,425753,86500,17300,2022-01-15,2025-01-15,2025-11-10,2026-09-07,155,NPA,NPA,14.5,23874,3979,,0,t,NONE,NONE,129.2,129.2,,28eaae62-4736-48f1-b11b-f5b0a0095d47,2026-09-07 04:59:06.009186+00,2026-09-07 04:59:06.009189+00
DAILY20260903LN26,56979640-25cc-4abb-a3d2-8f975f81998d,AUTO,ABC Bank,GGN044,1098720,1020240,784800,839736,52320,26160,2022-01-15,2025-01-15,2025-11-10,2026-09-03,65,BUCKET_3,ACTIVE,14.5,47088,7848,,0,f,NONE,NONE,54.2,54.2,,29044c99-732e-40ff-b943-7954c84d96f0,2026-09-02 15:33:15.671751+00,2026-09-02 15:33:15.671751+00
DAILY20260921LN23,3796f3f0-4129-4ac7-801e-b66e8256fcd8,AUTO,ABC Bank,GGN044,495600,460200,354000,378780,118000,23600,2022-01-15,2025-01-15,2025-11-10,2026-09-21,155,NPA,NPA,14.5,21240,3540,,0,t,NONE,NONE,129.2,129.2,,295064ae-c40b-463a-8aaf-16fe31dd1a5f,2026-09-21 04:52:59.517879+00,2026-09-21 04:52:59.517885+00
DAILY20260907LN76,5bf30335-816c-4948-a75a-6e2912cbef2e,PERSONAL,ABC Bank,GGN044,1076544,999648,768960,822787.2,64080,21360,2022-01-15,2025-01-15,2025-11-10,2026-09-07,95,NPA,NPA,14.5,46137.6,7689.6,,0,t,NONE,NONE,79.2,79.2,,296350fb-156b-4699-9cd6-b6470415e415,2026-09-07 04:59:06.247392+00,2026-09-07 04:59:06.247394+00
LN000000162,cf7b87d2-87b4-4320-a012-b994bdada55a,EDUCATION,ABC Bank,BR3369,542509.9,539360.18,501256.49,521132.89,59919.92,13330,2025-04-05,2030-03-10,2026-05-14,2026-09-23,95,NPA,NPA,16.74,16611.24,2152.64,60,10643.17,t,SARFAESI,NONE,88.4,100,,29c04c9c-7a4b-491c-af21-baf4daadb6d3,2026-08-27 11:28:00.060337+00,2026-09-02 15:27:18.458379+00
LN000000262,39a9292a-e237-472a-bb6d-20dc92274a73,GOLD,ABC Bank,BR1385,185483.07,175001.2,109577.07,111930.08,32788.78,15920,2023-06-02,2024-05-27,2026-07-08,2026-09-08,42,BUCKET_2,ACTIVE,16.51,1691.54,475.67,12,8075.21,f,NONE,NONE,65.1,63.86,,2a107b17-3ebc-4b6b-9d99-5783252c3d51,2026-08-27 11:28:00.06046+00,2026-09-02 15:27:18.458379+00
DAILY20260907LN123,6fdd461e-f6d9-4e16-8855-5eb4bd4ff7c3,EDUCATION,ABC Bank,GGN044,407008,377936,290720,311070.4,25280,12640,2022-01-15,2025-01-15,2025-11-10,2026-09-07,65,BUCKET_3,ACTIVE,14.5,17443.2,2907.2,,0,f,NONE,NONE,54.2,54.2,,2a208ef2-04e7-4caf-90e6-fa2f72b92a68,2026-09-07 04:59:06.529931+00,2026-09-07 04:59:06.529933+00
LN000000225,0c8029d7-3e34-44b7-847f-ba2b017924f0,PERSONAL,ABC Bank,BR2738,1189638.77,1095738.28,448901.97,462021.42,145533.81,27390,2024-05-26,2029-04-30,2026-03-23,2026-09-01,150,NPA,NPA,17.27,12161.75,631.9,60,21908.17,t,NONE,NEGOTIATING,100,100,,2a428cf7-9bf6-4cdc-8c3b-bef844e97836,2026-08-27 11:28:00.060414+00,2026-09-02 15:27:18.458379+00
LN000000079,e7ff21d2-036b-4d09-8e30-88ed03c97146,PERSONAL,ABC Bank,BR6394,474652.91,441167.01,227578.18,247417.99,29144.31,10970,2021-10-03,2026-09-07,2026-05-23,2026-09-23,88,BUCKET_3,ACTIVE,17.02,5481.97,9498.34,60,6380.46,f,NONE,NONE,94,43.71,,2a4855fe-be51-4255-bde8-994ce84dd8ce,2026-08-27 11:28:00.060232+00,2026-09-02 15:27:18.458379+00
LN000000407,4a23c276-a1c6-4a07-8906-3352637ad1cb,CREDIT_CARD,ABC Bank,BR2937,269173.39,244439.83,95280.78,99351.59,57805.15,6470,2022-06-12,2026-05-22,2026-01-20,2026-09-25,210,NPA,ACTIVE,12.27,1926.96,1300.03,48,3502.92,t,NONE,NONE,100,100,,2a4d03f0-1fb7-41f5-a817-fdbbbe1f4d2c,2026-08-27 11:28:00.060632+00,2026-09-02 15:27:18.458379+00
LN000000023,c1a58f68-e172-44d6-8446-cc47a706131c,PERSONAL,ABC Bank,BR7182,450960.37,426224.74,300834.65,312996.97,41418.78,22160,2022-04-23,2024-04-12,2026-07-01,2026-08-28,50,BUCKET_2,ACTIVE,22.23,11264.5,454.97,24,9139.69,f,NONE,NONE,36.3,67.17,,2a5223e4-0cc7-4f85-8be7-0f20434419b7,2026-08-27 11:28:00.060166+00,2026-09-02 15:27:18.458379+00
DAILY20260906LN101,ec36a268-ff45-4ca0-b328-a8f8b82222a7,BUSINESS,ABC Bank,GGN044,1905106,1769027,1360790,1456045.3,132760,33190,2022-01-15,2025-01-15,2025-11-10,2026-09-06,120,NPA,NPA,14.5,81647.4,13607.9,,0,t,NONE,NONE,100,100,,2a8de197-7a75-4086-824d-a076e23ebe14,2026-09-06 13:30:49.400889+00,2026-09-06 13:30:49.400892+00
LN000000313,7575b4d8-dd48-4910-ba65-ba4fc633dab1,CREDIT_CARD,ABC Bank,BR7652,123158.37,121245.97,96259.06,106411.11,12754.79,4630,2023-02-22,2026-02-06,2026-06-13,2026-09-17,65,BUCKET_3,ACTIVE,21.99,6473.53,3519.25,36,3579.36,f,NONE,NONE,64.2,39.91,,2aba6ef7-4d66-488a-b6e3-8313a57b33e8,2026-08-27 11:28:00.060522+00,2026-09-02 15:27:18.458379+00
DAILY20260918LN179,7ae3a46c-7392-4d97-bb58-c89fb6f6b392,BUSINESS,ABC Bank,GGN044,2537640,2356380,1812600,1939482,50350,50350,2022-01-15,2025-01-15,2025-11-10,2026-09-18,32,BUCKET_2,ACTIVE,14.5,108756,18126,,0,f,NONE,NONE,26.7,26.7,,2ad1038d-87f7-4f7b-8844-f8699c9c25ca,2026-09-18 06:49:35.026724+00,2026-09-18 06:49:35.026727+00
LN000000390,e1ade214-ec43-49f2-91d9-003b17885b49,GOLD,ABC Bank,BR4328,573234.43,548620.73,241953.67,250732.22,35976.73,12690,2024-11-01,2029-10-06,2026-06-23,2026-08-30,65,BUCKET_3,ACTIVE,13.73,7626.49,542.21,60,12343.36,f,NONE,NONE,55.4,86.43,,2b3e133d-6448-4155-93e9-92f797be5482,2026-08-27 11:28:00.060612+00,2026-09-02 15:27:18.458379+00
DAILY20260907LN53,b8669a90-f884-4e19-8700-570811888a6e,MICROFINANCE,ABC Bank,GGN044,188552,175084,134680,144107.6,3640,3640,2022-01-15,2025-01-15,2025-11-10,2026-09-07,47,BUCKET_2,ACTIVE,14.5,8080.8,1346.8,,0,f,NONE,NONE,39.2,39.2,,2b722f6b-a2fe-474f-9bf4-8fd644b695fc,2026-09-07 04:59:06.103008+00,2026-09-07 04:59:06.10301+00
DAILY20260921LN138,30210674-32a6-42a5-a2c8-c39915b228aa,HOME,ABC Bank,GGN044,2027592,1882764,1448280,1549659.6,160920,53640,2022-01-15,2025-01-15,2025-11-10,2026-09-21,95,NPA,NPA,14.5,86896.8,14482.8,,0,t,NONE,NONE,79.2,79.2,,2bc34af6-2da7-4179-ba39-66f7a7b9ef68,2026-09-21 04:53:00.380503+00,2026-09-21 04:53:00.38051+00
LN000000395,c907e8cd-2df0-4149-9ac6-9f5aaa4a9618,HOME,ABC Bank,BR3882,675209.58,627482.6,305868.39,331952.99,144704.82,23970,2025-02-13,2028-01-29,2026-03-21,2026-09-10,150,NPA,ACTIVE,22.02,11054.14,13376.44,36,17468.45,t,NOTICE_SENT,OFFERED,100,69.74,,2bc6f546-9228-4156-9a5c-f1370e7f1dba,2026-08-27 11:28:00.060618+00,2026-09-02 15:27:18.458379+00
DAILY20260907LN127,371b9bc9-5b5b-457b-9abf-f9a54e87cea5,EDUCATION,ABC Bank,GGN044,628992,584064,449280,480729.6,34560,17280,2022-01-15,2025-01-15,2025-11-10,2026-09-07,88,BUCKET_3,ACTIVE,14.5,26956.8,4492.8,,0,f,NONE,NONE,73.3,73.3,,2c16012c-42fb-4de7-8b1e-41915dca414a,2026-09-07 04:59:06.550694+00,2026-09-07 04:59:06.550698+00
DAILY20260918LN106,66ca7c76-4ffd-476c-b82d-f21453861d58,MICROFINANCE,ABC Bank,GGN044,177408,164736,126720,135590.4,7920,2640,2022-01-15,2025-01-15,2025-11-10,2026-09-18,95,NPA,NPA,14.5,7603.2,1267.2,,0,t,NONE,NONE,79.2,79.2,,2c2d1efb-176e-44fd-a372-dfc8cb6aa294,2026-09-18 06:49:34.623203+00,2026-09-18 06:49:34.623206+00
LN000000354,12b59d6e-de66-4588-8b8c-f9a8124f94aa,BUSINESS,ABC Bank,BR8758,695028.69,649058.14,460486.93,499437.73,43483.34,15220,2025-06-24,2030-05-29,2026-06-21,2026-09-08,65,BUCKET_3,ACTIVE,14.35,14734.47,14894.19,60,6249.71,f,NONE,NONE,64.4,35.01,,2c5c34f9-4c80-4bb8-abc4-dc9010f04b91,2026-08-27 11:28:00.06057+00,2026-09-02 15:27:18.458379+00
DAILY20260921LN188,1e27f137-d69c-4313-a358-7ead794cb401,BUSINESS,ABC Bank,GGN044,1162616,1079572,830440,888570.8,159700,31940,2022-01-15,2025-01-15,2025-11-10,2026-09-21,155,NPA,NPA,14.5,49826.4,8304.4,,0,t,NONE,NONE,129.2,129.2,,2cbd8333-7dfa-4952-833f-a0d3c5fe3511,2026-09-21 04:53:00.73911+00,2026-09-21 04:53:00.739113+00
DAILY20260907LN52,bc8d2100-9bde-4473-9929-b7f4dc2098b2,CREDIT_CARD,ABC Bank,GGN044,463008,429936,330720,353870.4,20670,6890,2022-01-15,2025-01-15,2025-11-10,2026-09-07,95,NPA,NPA,14.5,19843.2,3307.2,,0,t,NONE,NONE,79.2,79.2,,2d00bb86-09fb-4e26-81b8-5ba530d28789,2026-09-07 04:59:06.097646+00,2026-09-07 04:59:06.097649+00
DAILY20260906LN31,6ed797c6-1d93-4ddd-8fb6-f1171df05a08,PERSONAL,ABC Bank,GGN044,769440,714480,549600,588072,54960,27480,2022-01-15,2025-01-15,2025-11-10,2026-09-06,88,BUCKET_3,ACTIVE,14.5,32976,5496,,0,f,NONE,NONE,73.3,73.3,,2d127fd2-7575-4eb3-b4f6-1d53cb7b0c9c,2026-09-06 13:30:48.857977+00,2026-09-06 13:30:48.85798+00
LN000000447,c4365d0b-bf3f-4c8f-a69a-4fa8831c4390,MICROFINANCE,ABC Bank,BR5280,70961.59,65112.4,35060.96,38965.75,5261.25,1750,2025-12-04,2030-11-08,2026-05-24,2026-09-17,88,BUCKET_3,ACTIVE,20.69,1498.32,2329.43,60,1096.79,f,NONE,NONE,88.3,42.73,,2d3950fc-39c2-4e36-9f4e-588ed72b086c,2026-08-27 11:28:00.060681+00,2026-09-02 15:27:18.458379+00
DAILY20260921LN42,14f9c5c3-553b-4982-a3d7-94154686ffcf,MICROFINANCE,ABC Bank,GGN044,154882,143819,110630,118374.1,19240,4810,2022-01-15,2025-01-15,2025-11-10,2026-09-21,120,NPA,NPA,14.5,6637.8,1106.3,,0,t,NONE,NONE,100,100,,2d44284c-48aa-401d-bb6b-dfa4d974567f,2026-09-21 04:52:59.623807+00,2026-09-21 04:52:59.62381+00
DAILY20260907LN92,64db40a1-c22d-47a6-b0a5-3759b4d690b5,CREDIT_CARD,ABC Bank,GGN044,143010,132795,102150,109300.5,6810,2270,2022-01-15,2025-01-15,2025-11-10,2026-09-07,95,NPA,NPA,14.5,6129,1021.5,,0,t,NONE,NONE,79.2,79.2,,2d778126-8f64-4662-bcfe-b36f07eac493,2026-09-07 04:59:06.343486+00,2026-09-07 04:59:06.343489+00
DAILY20260906LN121,1b99a4bd-c4d7-4d66-9e89-01539bc5648e,PERSONAL,ABC Bank,GGN044,248192,230464,177280,189689.6,11080,5540,2022-01-15,2025-01-15,2025-11-10,2026-09-06,65,BUCKET_3,ACTIVE,14.5,10636.8,1772.8,,0,f,NONE,NONE,54.2,54.2,,2d89925b-1f6f-4992-9340-d422294f88e8,2026-09-06 13:30:49.528942+00,2026-09-06 13:30:49.528945+00
DAILY20260903LN68,299d148e-07cf-4a59-983c-52f8a365a1f9,GOLD,ABC Bank,GGN044,426300,395850,304500,325815,30450,6090,2022-01-15,2025-01-15,2025-11-10,2026-09-03,155,NPA,NPA,14.5,18270,3045,,0,t,NONE,NONE,129.2,129.2,,2da40e5d-6e59-4ae2-86c1-da26a1ef4121,2026-09-02 15:33:15.839482+00,2026-09-02 15:33:15.839482+00
DAILY20260903LN150,b64b5873-c9a2-4218-911e-35a00d305f19,GOLD,ABC Bank,GGN044,258496,240032,184640,197564.8,11540,11540,2022-01-15,2025-01-15,2025-11-10,2026-09-03,32,BUCKET_2,ACTIVE,14.5,11078.4,1846.4,,0,f,NONE,NONE,26.7,26.7,,2dfdbe4e-01a9-4e86-813b-3268b7904864,2026-09-02 15:33:16.16216+00,2026-09-02 15:33:16.16216+00
DAILY20260907LN18,b29f9c7b-8a8e-43bd-975b-ee6f491588d4,EDUCATION,ABC Bank,GGN044,443520,411840,316800,338976,26400,6600,2022-01-15,2025-01-15,2025-11-10,2026-09-07,120,NPA,NPA,14.5,19008,3168,,0,t,NONE,NONE,100,100,,2dfec055-a1f7-4f9a-b9fa-046e27439fd9,2026-09-07 04:59:05.828825+00,2026-09-07 04:59:05.828828+00
LN000000361,039f2e69-e6e6-4f6a-b283-2a959682d8a4,AUTO,ABC Bank,BR4694,1059456.96,1037179.62,642116.75,657197.86,153460.17,27320,2024-12-31,2029-12-05,2026-04-14,2026-09-04,120,NPA,NPA,19.72,14073.28,779.88,60,11622.94,t,NONE,NONE,100,100,,2e1b9318-34bb-45a4-bec5-f0f2bcf984ab,2026-08-27 11:28:00.060579+00,2026-09-02 15:27:18.458379+00
LN000000315,23151370-b146-4f5e-92f9-f19a63e4dde3,EDUCATION,ABC Bank,BR5485,162187,152403.18,127827.23,138896.96,67220.14,14330,2022-01-13,2023-01-08,2026-04-29,2026-09-23,120,NPA,NPA,22.9,9354.84,1630.68,12,9983.65,t,NONE,NONE,100,75.8,,2e7cc40b-a10b-4b4f-8f80-fb4580922c80,2026-08-27 11:28:00.060524+00,2026-09-02 15:27:18.458379+00
DAILY20260918LN187,a60e6a90-54d6-461a-84d8-85e17c847583,GOLD,ABC Bank,GGN044,479780,445510,342700,366689,14900,7450,2022-01-15,2025-01-15,2025-11-10,2026-09-18,88,BUCKET_3,ACTIVE,14.5,20562,3427,,0,f,NONE,NONE,73.3,73.3,,2ea3c9b1-b19d-4a76-8e51-e15fa525f340,2026-09-18 06:49:35.070041+00,2026-09-18 06:49:35.070043+00
LN000000486,ae38bc80-0ae4-48dd-ba3d-35710c261b87,MICROFINANCE,ABC Bank,BR1420,96993.33,88960.9,49461.82,52399.22,29587.19,4670,2024-11-30,2026-11-20,2026-03-15,2026-09-09,150,NPA,NPA,23.24,2807,42.93,24,3322.06,t,NONE,OFFERED,100,100,,2ea93007-185b-4ce7-820b-dec6f9b6381e,2026-08-27 11:28:00.060728+00,2026-09-02 15:27:18.458379+00
DAILY20260918LN164,2963c07f-70dd-49e9-8657-a6995be7d067,PERSONAL,ABC Bank,GGN044,779492,723814,556780,595754.6,13580,13580,2022-01-15,2025-01-15,2025-11-10,2026-09-18,32,BUCKET_2,ACTIVE,14.5,33406.8,5567.8,,0,f,NONE,NONE,26.7,26.7,,2ebc3156-0973-4802-b4b1-830455cd23aa,2026-09-18 06:49:34.946268+00,2026-09-18 06:49:34.946271+00
LN000000450,c77e10a4-659a-45bc-b298-17404f303324,HOME,ABC Bank,BR5835,2243941.35,2059364.85,1357941.08,1417644.32,429417.69,66320,2024-10-07,2028-09-16,2026-03-25,2026-09-17,150,NPA,NPA,23.28,57557.52,2056.98,48,47288.42,t,NONE,NONE,95.7,100,,2ee12012-45cd-42a1-80b2-059535665e53,2026-08-27 11:28:00.060685+00,2026-09-02 15:27:18.458379+00
DAILY20260903LN106,05ecc102-00e7-4d85-ac3e-b550bec2f50b,AUTO,ABC Bank,GGN044,847840,787280,605600,647992,15140,15140,2022-01-15,2025-01-15,2025-11-10,2026-09-03,32,BUCKET_2,ACTIVE,14.5,36336,6056,,0,f,NONE,NONE,26.7,26.7,,2f10ba4a-e7be-46a0-88f5-a5f8b7eb9e4f,2026-09-02 15:33:15.994906+00,2026-09-02 15:33:15.994906+00
DAILY20260906LN161,b7df95c8-9bf4-4cf2-9e34-2a5849fe9e46,HOME,ABC Bank,GGN044,1018458,945711,727470,778392.9,12330,12330,2022-01-15,2025-01-15,2025-11-10,2026-09-06,32,BUCKET_2,ACTIVE,14.5,43648.2,7274.7,,0,f,NONE,NONE,26.7,26.7,,2f143add-30a0-4858-b3d0-8c65b318fe6b,2026-09-06 13:30:49.786199+00,2026-09-06 13:30:49.786202+00
LN000000452,0206ed96-6702-4d9b-8861-5ca0019ddc4f,CREDIT_CARD,ABC Bank,BR6041,253665.43,248304.44,114759.66,119307.83,20506.15,9240,2022-05-01,2025-04-15,2026-06-17,2026-09-24,58,BUCKET_2,ACTIVE,20.1,3038.43,1130.01,36,8087.37,f,NONE,NONE,59.1,62.15,,2f512eb0-bce2-4170-a2b5-36cd562cc688,2026-08-27 11:28:00.060687+00,2026-09-02 15:27:18.458379+00
LN000000430,f76b87ca-9218-4e78-9377-c55b4850be3b,AUTO,ABC Bank,BR1225,668725.06,668601,287349.51,310995.42,34180.12,15020,2023-12-13,2030-11-06,2026-07-10,2026-09-03,35,BUCKET_2,ACTIVE,20.43,8153.32,11014.06,84,6971.87,f,NONE,NONE,61.3,23.08,,2f644575-2af6-42a6-b63c-134ec828e39d,2026-08-27 11:28:00.060661+00,2026-09-02 15:27:18.458379+00
DAILY20260907LN29,509ff808-c006-4310-ba06-a8949c1e9ecb,PERSONAL,ABC Bank,GGN044,341600,317200,244000,261080,19520,9760,2022-01-15,2025-01-15,2025-11-10,2026-09-07,65,BUCKET_3,ACTIVE,14.5,14640,2440,,0,f,NONE,NONE,54.2,54.2,,2f70757f-40cd-4dbf-8873-0f15be5911a1,2026-09-07 04:59:05.885721+00,2026-09-07 04:59:05.885723+00
DAILY20260921LN131,46d56edc-cdd7-4bc8-8ee5-5a55f4ed42b3,MICROFINANCE,ABC Bank,GGN044,79856,74152,57040,61032.8,5520,1840,2022-01-15,2025-01-15,2025-11-10,2026-09-21,95,NPA,NPA,14.5,3422.4,570.4,,0,t,NONE,NONE,79.2,79.2,,2f75094e-52b8-4613-b407-ea0a3a269e89,2026-09-21 04:53:00.262755+00,2026-09-21 04:53:00.262759+00
DAILY20260906LN49,2858bc85-f077-44a9-bae8-c0b960760ba9,GOLD,ABC Bank,GGN044,163450,151775,116750,124922.5,4670,4670,2022-01-15,2025-01-15,2025-11-10,2026-09-06,47,BUCKET_2,ACTIVE,14.5,7005,1167.5,,0,f,NONE,NONE,39.2,39.2,,2ff4ddee-e914-468c-94dc-15702531e1b6,2026-09-06 13:30:49.071489+00,2026-09-06 13:30:49.071493+00
DAILY20260918LN185,11ca8551-e574-4bb5-a002-500da76d391e,EDUCATION,ABC Bank,GGN044,801570,744315,572550,612628.5,41640,10410,2022-01-15,2025-01-15,2025-11-10,2026-09-18,120,NPA,NPA,14.5,34353,5725.5,,0,t,NONE,NONE,100,100,,2ff719c2-37c6-4618-b65b-ad7c50f0d149,2026-09-18 06:49:35.060092+00,2026-09-18 06:49:35.060095+00
LN000000108,daf84ae7-e591-4810-8608-909ecf5b0e20,AUTO,ABC Bank,BR8803,199460.52,194538.88,71499.47,80968.84,34031.42,17950,2022-02-24,2023-02-19,2026-07-13,2026-09-26,42,BUCKET_2,ACTIVE,19.24,4550.23,3938.09,12,14347.18,f,NONE,NONE,73.3,22.34,,301596b8-fb92-4220-9bbc-fa76543b3e90,2026-08-27 11:28:00.060272+00,2026-09-02 15:27:18.458379+00
DAILY20260918LN81,c81cd105-4185-4525-bbf2-fed68629f60a,BUSINESS,ABC Bank,GGN044,1030470,956865,736050,787573.5,35050,35050,2022-01-15,2025-01-15,2025-11-10,2026-09-18,32,BUCKET_2,ACTIVE,14.5,44163,7360.5,,0,f,NONE,NONE,26.7,26.7,,301f7970-440a-4998-ad26-cae8455b298e,2026-09-18 06:49:34.461352+00,2026-09-18 06:49:34.461358+00
DAILY20260828LN01,0dde083e-ba47-4923-9eca-168c2af29efd,BUSINESS,ABC Bank,GGN044,964151.23,895283.28,688679.45,736887.01,206603.83,19130,2022-01-15,2025-01-15,2025-11-10,2026-08-28,47,BUCKET_2,ACTIVE,14.5,41320.75,6886.81,,0,f,NONE,NONE,39.2,39.2,,3026d191-fa6d-49f8-99c9-f69d16eb6562,2026-08-28 15:48:57.064136+00,2026-09-02 15:27:18.482089+00
DAILY20260903LN75,e66491da-c9ce-43ec-bc67-92e6952bfdea,BUSINESS,ABC Bank,GGN044,1224608,1137136,874720,935950.4,62480,15620,2022-01-15,2025-01-15,2025-11-10,2026-09-03,120,NPA,NPA,14.5,52483.2,8747.2,,0,t,NONE,NONE,100,100,,3047a99b-d79c-471a-80b9-604d35e970c8,2026-09-02 15:33:15.863631+00,2026-09-02 15:33:15.863631+00
DAILY20260918LN177,f199876a-7da7-482e-81ef-188ffe468a6e,EDUCATION,ABC Bank,GGN044,318444,295698,227460,243382.2,13380,13380,2022-01-15,2025-01-15,2025-11-10,2026-09-18,47,BUCKET_2,ACTIVE,14.5,13647.6,2274.6,,0,f,NONE,NONE,39.2,39.2,,304d1952-18ab-45bd-bc07-fa33c8cea69a,2026-09-18 06:49:35.017308+00,2026-09-18 06:49:35.017311+00
LN000000249,d167af59-b49f-497b-8003-2df4ed6c687e,EDUCATION,ABC Bank,BR1052,282224.49,277286.9,170819.64,184123.44,10314.92,5670,2025-03-12,2032-02-04,2026-06-29,2026-09-08,50,BUCKET_2,ACTIVE,17.02,4489.07,7863.78,84,3199.34,f,NONE,NONE,74.6,27.81,,30779a15-f82d-4e06-8886-b583ddab50c4,2026-08-27 11:28:00.060444+00,2026-09-02 15:27:18.483092+00
DAILY20260921LN20,6c059200-4718-468e-8301-ee8e6d0932d6,BUSINESS,ABC Bank,GGN044,1725696,1602432,1232640,1318924.8,205440,51360,2022-01-15,2025-01-15,2025-11-10,2026-09-21,120,NPA,NPA,14.5,73958.4,12326.4,,0,t,NONE,NONE,100,100,,308050ba-e28b-480c-bb8e-a7c3b3fa7e1c,2026-09-21 04:52:59.496577+00,2026-09-21 04:52:59.496582+00
LN000000062,8ac67a04-0429-474b-83f0-f32bec5ecc5b,MICROFINANCE,ABC Bank,BR9816,30263.08,28628.26,21123.82,23816.55,18280.37,2630,2025-05-31,2026-05-26,2026-02-26,2026-09-17,180,NPA,NPA,18.39,312.98,1862.16,12,2294.37,t,SARFAESI,OFFERED,100,84.94,,3081d549-dfbe-4609-a442-37b1f2648b81,2026-08-27 11:28:00.060212+00,2026-09-02 15:27:18.483092+00
DAILY20260918LN119,c32683ec-8374-4628-b391-287e0e067604,HOME,ABC Bank,GGN044,2506448,2327416,1790320,1915642.4,127880,63940,2022-01-15,2025-01-15,2025-11-10,2026-09-18,65,BUCKET_3,ACTIVE,14.5,107419.2,17903.2,,0,f,NONE,NONE,54.2,54.2,,30a4cfcb-5dc1-45bb-8056-6aa4367e36de,2026-09-18 06:49:34.707367+00,2026-09-18 06:49:34.70737+00
DAILY20260918LN154,bdb3e872-4c17-4b56-8cd3-c8d4e8f8e79b,CREDIT_CARD,ABC Bank,GGN044,195804,181818,139860,149650.2,15540,5180,2022-01-15,2025-01-15,2025-11-10,2026-09-18,95,NPA,NPA,14.5,8391.6,1398.6,,0,t,NONE,NONE,79.2,79.2,,31422da3-07a4-4c2e-84fa-ac47879206a2,2026-09-18 06:49:34.891681+00,2026-09-18 06:49:34.891684+00
DAILY20260921LN79,35c40e15-86d9-420c-b1d1-4461f75d5143,HOME,ABC Bank,GGN044,1512756,1404702,1080540,1156177.8,74520,37260,2022-01-15,2025-01-15,2025-11-10,2026-09-21,65,BUCKET_3,ACTIVE,14.5,64832.4,10805.4,,0,f,NONE,NONE,54.2,54.2,,31f9ec04-2463-4288-81fa-36c117a041d1,2026-09-21 04:52:59.829902+00,2026-09-21 04:52:59.829904+00
DAILY20260907LN34,07564fe8-ef21-4d13-b31a-2d776cbba813,BUSINESS,ABC Bank,GGN044,1255800,1166100,897000,959790,17940,17940,2022-01-15,2025-01-15,2025-11-10,2026-09-07,32,BUCKET_2,ACTIVE,14.5,53820,8970,,0,f,NONE,NONE,26.7,26.7,,320b0d49-e22d-4434-be13-72a6e688749d,2026-09-07 04:59:05.91119+00,2026-09-07 04:59:05.911193+00
DAILY20260903LN41,d3873697-1f98-4ca2-9c7d-5ea3d95323f4,AUTO,ABC Bank,GGN044,1322048,1227616,944320,1010422.4,54480,18160,2022-01-15,2025-01-15,2025-11-10,2026-09-03,95,NPA,NPA,14.5,56659.2,9443.2,,0,t,NONE,NONE,79.2,79.2,,323679c0-18f6-4e9b-bf76-3e7c22f91509,2026-09-02 15:33:15.719033+00,2026-09-02 15:33:15.719033+00
LN000000013,6826e06a-4b50-4c8e-b3d4-9584ddbeb0e5,AUTO,ABC Bank,BR9443,1686502.93,1598006.78,1043152.81,1066858.27,49934.16,23800,2024-06-20,2034-04-29,2026-07-09,2026-09-14,35,BUCKET_2,ACTIVE,12.94,21722.97,1380.47,120,19109.88,f,NONE,NONE,63.1,100,,32451d0a-7b8d-4bbd-a665-567207bca658,2026-08-27 11:28:00.060153+00,2026-09-02 15:27:18.483092+00
BANKLOAN00001,6b8d88f3-baf7-420d-89b2-ca5c882020d0,HOME,ABC Bank,GGN056,747358.91,697534.99,498239.28,540589.61,174383.75,13840,2022-06-01,2025-06-01,2026-07-13,2026-08-27,45,BUCKET_3,ACTIVE,16,34876.75,7473.59,,0,f,NONE,NONE,37.5,37.5,,32730ccf-a566-4487-ae2a-f7e0bebf08b1,2026-08-27 11:28:09.798447+00,2026-09-02 15:27:18.486865+00
DAILY20260906LN04,6baf2c9f-b515-49ec-a67f-11d5c13b8cae,EDUCATION,ABC Bank,GGN044,1548554,1437943,1106110,1183537.7,20870,20870,2022-01-15,2025-01-15,2025-11-10,2026-09-06,32,BUCKET_2,ACTIVE,14.5,66366.6,11061.1,,0,f,NONE,NONE,26.7,26.7,,32cca1da-8486-4839-97c2-fe2c8926b428,2026-09-06 13:30:48.676545+00,2026-09-06 13:30:48.67655+00
LN000000353,599721d4-2cd5-40cb-834a-f14ef792aa42,HOME,ABC Bank,BR5740,2770183.91,2570085.1,1570487.88,1636228.17,231238.55,58030,2023-09-26,2028-08-30,2026-05-20,2026-09-12,95,NPA,ACTIVE,12.66,61618.02,3455.45,60,31399.54,t,SUIT_FILED,NONE,90.5,100,,3325597c-f6c7-458a-8130-e1f06599f61b,2026-08-27 11:28:00.060569+00,2026-09-02 15:27:18.488174+00
DAILY20260903LN160,1e326364-010c-4099-a7e1-9c0a1bd8c0f5,MICROFINANCE,ABC Bank,GGN044,278432,258544,198880,212801.6,4520,4520,2022-01-15,2025-01-15,2025-11-10,2026-09-03,47,BUCKET_2,ACTIVE,14.5,11932.8,1988.8,,0,f,NONE,NONE,39.2,39.2,,33661fdc-4182-422a-a575-186ef1e83701,2026-09-02 15:33:16.194476+00,2026-09-02 15:33:16.194476+00
DAILY20260921LN29,6317229f-33e6-46e7-bce7-2135c631a696,PERSONAL,ABC Bank,GGN044,1134336,1053312,810240,866956.8,25320,25320,2022-01-15,2025-01-15,2025-11-10,2026-09-21,32,BUCKET_2,ACTIVE,14.5,48614.4,8102.4,,0,f,NONE,NONE,26.7,26.7,,338af6eb-7a1b-463f-9224-2afa0f0a141d,2026-09-21 04:52:59.557981+00,2026-09-21 04:52:59.557988+00
LN000000411,c6a2698c-287b-474b-9980-af763d7d98c2,GOLD,ABC Bank,BR6351,656333.16,621722.1,480836.43,496520.66,33265.05,15230,2022-07-01,2027-06-05,2026-06-24,2026-09-01,58,BUCKET_2,ACTIVE,16.34,14789.7,388.08,60,8291.35,f,NONE,NONE,47.3,100,,33d023e5-6a35-4446-9e71-36b23147c740,2026-08-27 11:28:00.060637+00,2026-09-02 15:27:18.488174+00
DAILY20260906LN03,d4e54505-b3e7-47c3-8905-7bb3806226a6,EDUCATION,ABC Bank,GGN044,476168,442156,340120,363928.4,30920,15460,2022-01-15,2025-01-15,2025-11-10,2026-09-06,65,BUCKET_3,ACTIVE,14.5,20407.2,3401.2,,0,f,NONE,NONE,54.2,54.2,,33d3eff1-b796-4c66-810e-f072eb79433b,2026-09-06 13:30:48.669062+00,2026-09-06 13:30:48.669065+00
DAILY20260918LN168,41592437-acf1-4b5d-919a-bca81c965c3b,CREDIT_CARD,ABC Bank,GGN044,297360,276120,212400,227268,10800,3600,2022-01-15,2025-01-15,2025-11-10,2026-09-18,95,NPA,NPA,14.5,12744,2124,,0,t,NONE,NONE,79.2,79.2,,33dbab2c-78ee-4fa6-84e7-0015c91accb4,2026-09-18 06:49:34.966821+00,2026-09-18 06:49:34.966825+00
LN000000060,a0158dd5-b538-448d-b064-7c85fffff52d,BUSINESS,ABC Bank,BR7228,1401096.12,1266841.98,1182279.11,1212770.48,86957.5,25650,2022-07-02,2032-05-10,2026-05-20,2026-09-03,88,BUCKET_3,ACTIVE,21.38,20255.92,7129.14,120,23225.13,f,NONE,NONE,68.7,80.07,,33e09eac-9106-4694-a9b4-4e117e3e19c2,2026-08-27 11:28:00.06021+00,2026-09-02 15:27:18.488174+00
DAILY20260906LN22,17a7a47c-b204-45af-bef4-a7ed19492807,PERSONAL,ABC Bank,GGN044,662088,614796,472920,506024.4,11260,11260,2022-01-15,2025-01-15,2025-11-10,2026-09-06,32,BUCKET_2,ACTIVE,14.5,28375.2,4729.2,,0,f,NONE,NONE,26.7,26.7,,33e7b99b-c373-4f57-9583-89049915b35b,2026-09-06 13:30:48.795335+00,2026-09-06 13:30:48.795338+00
DAILY20260921LN194,9d4e810a-26ec-405c-8d51-1354ccd34755,EDUCATION,ABC Bank,GGN044,1192128,1106976,851520,911126.4,35480,17740,2022-01-15,2025-01-15,2025-11-10,2026-09-21,65,BUCKET_3,ACTIVE,14.5,51091.2,8515.2,,0,f,NONE,NONE,54.2,54.2,,3402e898-ffc4-4efe-bacd-4145551a5dd3,2026-09-21 04:53:00.772759+00,2026-09-21 04:53:00.772763+00
DAILY20260903LN27,b1b9fb74-491e-460d-bce6-72b5e4cd7673,EDUCATION,ABC Bank,GGN044,832608,773136,594720,636350.4,28320,14160,2022-01-15,2025-01-15,2025-11-10,2026-09-03,88,BUCKET_3,ACTIVE,14.5,35683.2,5947.2,,0,f,NONE,NONE,73.3,73.3,,34abf5b1-6367-401b-8114-0f5e99fa2460,2026-09-02 15:33:15.676749+00,2026-09-02 15:33:15.676749+00
LN000000057,03f86dca-2e8f-417a-b504-e5736d9c217e,MICROFINANCE,ABC Bank,BR7672,96103.69,86724.52,81336.47,85760.44,4715.45,2520,2025-07-09,2029-06-18,2026-07-03,2026-09-07,50,BUCKET_2,ACTIVE,17.39,3200.72,547.91,48,1097.08,f,NONE,NONE,73.8,38.88,,353c7892-0614-4bf6-b5e7-355200402cf8,2026-08-27 11:28:00.060206+00,2026-09-02 15:27:18.488174+00
LN000000181,d320a4b2-28ea-4bb4-9663-3a43cb57853e,BUSINESS,ABC Bank,BR2278,522585.58,510704.28,396729.81,410419.77,102405.65,46520,2024-07-02,2025-06-27,2026-07-06,2026-08-29,50,BUCKET_2,ACTIVE,16.76,11655.4,1107.18,12,45731.91,f,NONE,NONE,70.8,72.05,,354e808b-fe28-4329-a7a4-8868befad978,2026-08-27 11:28:00.060362+00,2026-09-02 15:27:18.488174+00
DAILY20260918LN53,c73aea17-f6df-4cc2-8f0a-042d8adb54cc,BUSINESS,ABC Bank,GGN044,282450,262275,201750,215872.5,26900,13450,2022-01-15,2025-01-15,2025-11-10,2026-09-18,65,BUCKET_3,ACTIVE,14.5,12105,2017.5,,0,f,NONE,NONE,54.2,54.2,,3550817f-52d3-4020-8d18-f1e30102d915,2026-09-18 06:49:34.294626+00,2026-09-18 06:49:34.294629+00
DAILY20260906LN76,c6947924-bb0b-4ede-b9a9-5b3ce42666dd,HOME,ABC Bank,GGN044,1837080,1705860,1312200,1404054,36450,36450,2022-01-15,2025-01-15,2025-11-10,2026-09-06,32,BUCKET_2,ACTIVE,14.5,78732,13122,,0,f,NONE,NONE,26.7,26.7,,358e34b6-7edb-40ad-9ac8-2567ab27eaf7,2026-09-06 13:30:49.2613+00,2026-09-06 13:30:49.261303+00
LN000000349,88905f32-435f-4894-b60e-8e85248d3a5d,CREDIT_CARD,ABC Bank,BR5611,513501.08,477387.55,238965.83,246063.97,17374.84,9420,2023-10-09,2030-09-02,2026-06-25,2026-08-30,58,BUCKET_2,ACTIVE,15.77,6523.5,98.45,84,4133.42,f,NONE,NONE,81.2,100,,35a2dcde-3508-41a0-82a8-6c26fb293354,2026-08-27 11:28:00.060564+00,2026-09-02 15:27:18.488174+00
DAILY20260907LN98,49741b7c-4ff8-4607-b56b-b53b7b832e37,CREDIT_CARD,ABC Bank,GGN044,598500,555750,427500,457425,19000,9500,2022-01-15,2025-01-15,2025-11-10,2026-09-07,65,BUCKET_3,ACTIVE,14.5,25650,4275,,0,f,NONE,NONE,54.2,54.2,,35b8c3d6-303e-4887-ad28-17871e2a2686,2026-09-07 04:59:06.378475+00,2026-09-07 04:59:06.378478+00
DAILY20260907LN168,da791c96-4409-42cc-a3dc-3ba590b281ad,EDUCATION,ABC Bank,GGN044,360906,335127,257790,275835.3,13220,6610,2022-01-15,2025-01-15,2025-11-10,2026-09-07,65,BUCKET_3,ACTIVE,14.5,15467.4,2577.9,,0,f,NONE,NONE,54.2,54.2,,35cb8954-d00d-4f8f-9d9b-8875610822b1,2026-09-07 04:59:06.777444+00,2026-09-07 04:59:06.777447+00
DAILY20260906LN39,cedd59e8-dd43-43b1-8b16-ca2a863be223,AUTO,ABC Bank,GGN044,932470,865865,666050,712673.5,19030,19030,2022-01-15,2025-01-15,2025-11-10,2026-09-06,47,BUCKET_2,ACTIVE,14.5,39963,6660.5,,0,f,NONE,NONE,39.2,39.2,,3626d9d3-8eec-4794-ab41-15f767f96300,2026-09-06 13:30:49.00489+00,2026-09-06 13:30:49.004893+00
LN000000445,9339433d-7018-4df9-8ab1-189b46c9ca29,MICROFINANCE,ABC Bank,BR4119,30320.88,27389.17,9984.02,12016.7,8281.76,2410,2022-04-16,2023-04-11,2026-04-29,2026-08-31,105,NPA,NPA,10.16,302.93,972.51,12,2342.16,t,NONE,NONE,98,48.46,,365700b5-d1d8-4a82-83a7-543fd6e3856c,2026-08-27 11:28:00.060679+00,2026-09-02 15:27:18.488174+00
LN000000427,4fbb62fe-f822-4234-984e-7cb360c81779,AUTO,ABC Bank,BR5056,216449.47,196845.97,73918.6,80842.86,36034.22,18540,2023-06-28,2024-06-22,2026-07-14,2026-09-02,42,BUCKET_2,ACTIVE,23.23,5125.81,1316.58,12,11132.12,f,NONE,NONE,44.8,23.05,,3665d1c4-e4f3-4fc0-9ed5-33728ce227e9,2026-08-27 11:28:00.060657+00,2026-09-02 15:27:18.488174+00
LN000000246,4bba3b50-9406-4d03-b681-44f4b49d1462,BUSINESS,ABC Bank,BR5504,487322.71,448133.98,245161.07,271577.6,48903.8,21740,2024-06-03,2026-05-24,2026-07-08,2026-09-19,35,BUCKET_2,ACTIVE,15.05,12030.73,14255.69,24,13891.33,f,NONE,NONE,58.5,19.96,,3669d545-41c0-40e6-be35-46b2c2740479,2026-08-27 11:28:00.06044+00,2026-09-02 15:27:18.488174+00
DAILY20260918LN134,a1d6d46a-5876-4896-b4ff-8129235598cc,GOLD,ABC Bank,GGN044,134106,124527,95790,102495.3,15450,3090,2022-01-15,2025-01-15,2025-11-10,2026-09-18,155,NPA,NPA,14.5,5747.4,957.9,,0,t,NONE,NONE,129.2,129.2,,36a5e7ba-5326-4308-b439-b68b078d9031,2026-09-18 06:49:34.787743+00,2026-09-18 06:49:34.787748+00
DAILY20260903LN163,8da65e29-dfb6-4fef-931b-a0d3501539ac,EDUCATION,ABC Bank,GGN044,1007440,935480,719600,769972,41120,20560,2022-01-15,2025-01-15,2025-11-10,2026-09-03,88,BUCKET_3,ACTIVE,14.5,43176,7196,,0,f,NONE,NONE,73.3,73.3,,3706463a-2684-4036-bc32-197ff225000b,2026-09-02 15:33:16.200157+00,2026-09-02 15:33:16.200157+00
DAILY20260903LN134,ad72cc73-d338-4312-afcf-9b34c680f218,GOLD,ABC Bank,GGN044,366128,339976,261520,279826.4,9340,4670,2022-01-15,2025-01-15,2025-11-10,2026-09-03,65,BUCKET_3,ACTIVE,14.5,15691.2,2615.2,,0,f,NONE,NONE,54.2,54.2,,37210474-346a-4f05-b428-4e5b68e69a24,2026-09-02 15:33:16.099983+00,2026-09-02 15:33:16.099983+00
DAILY20260903LN47,681ef830-3431-498e-9f57-8433ee5a2628,CREDIT_CARD,ABC Bank,GGN044,675108,626886,482220,515975.4,8460,8460,2022-01-15,2025-01-15,2025-11-10,2026-09-03,32,BUCKET_2,ACTIVE,14.5,28933.2,4822.2,,0,f,NONE,NONE,26.7,26.7,,375ac423-8bdc-41fc-b585-f319eb44b80f,2026-09-02 15:33:15.751251+00,2026-09-02 15:33:15.751251+00
DAILY20260918LN51,feb0cc61-8377-4419-93e5-0943bc4e99ae,AUTO,ABC Bank,GGN044,498540,462930,356100,381027,59350,11870,2022-01-15,2025-01-15,2025-11-10,2026-09-18,155,NPA,NPA,14.5,21366,3561,,0,t,NONE,NONE,129.2,129.2,,37854599-cb69-4ac5-bc9d-9aeb6577572a,2026-09-18 06:49:34.283715+00,2026-09-18 06:49:34.28372+00
DAILY20260907LN183,9af2d1bf-9c01-42fb-81d3-6dd596e5e720,PERSONAL,ABC Bank,GGN044,1862700,1729650,1330500,1423635,79830,26610,2022-01-15,2025-01-15,2025-11-10,2026-09-07,95,NPA,NPA,14.5,79830,13305,,0,t,NONE,NONE,79.2,79.2,,37aa5aaf-c8a2-47a4-bcbd-b6b76b547997,2026-09-07 04:59:06.869979+00,2026-09-07 04:59:06.869982+00
DAILY20260906LN97,bc703015-bcee-4f80-ae28-85b59f3e6d11,PERSONAL,ABC Bank,GGN044,2104872,1954524,1503480,1608723.6,29480,29480,2022-01-15,2025-01-15,2025-11-10,2026-09-06,32,BUCKET_2,ACTIVE,14.5,90208.8,15034.8,,0,f,NONE,NONE,26.7,26.7,,37cd9cbc-0739-4baf-9a4c-710bb73ce699,2026-09-06 13:30:49.378452+00,2026-09-06 13:30:49.378455+00
DAILY20260903LN164,1216f151-7a98-47d0-9429-0927237354c5,HOME,ABC Bank,GGN044,4508308,4186286,3220220,3445635.4,218320,54580,2022-01-15,2025-01-15,2025-11-10,2026-09-03,120,NPA,NPA,14.5,193213.2,32202.2,,0,t,NONE,NONE,100,100,,37e02029-56ae-42e4-8d21-97306c4881c9,2026-09-02 15:33:16.200157+00,2026-09-02 15:33:16.200157+00
DAILY20260903LN105,c86d8361-a539-48ae-9a3d-3abd76a62caf,CREDIT_CARD,ABC Bank,GGN044,956536,888212,683240,731066.8,11780,11780,2022-01-15,2025-01-15,2025-11-10,2026-09-03,47,BUCKET_2,ACTIVE,14.5,40994.4,6832.4,,0,f,NONE,NONE,39.2,39.2,,37ed9ac8-b701-4e4c-a30c-9cc507314cbd,2026-09-02 15:33:15.983376+00,2026-09-02 15:33:15.983376+00
LN000000383,dac46d22-0a39-4696-9118-2e99f0cbf434,CREDIT_CARD,ABC Bank,BR8853,348140.25,314820.05,247416.18,255903.47,17098.71,8680,2022-05-25,2026-05-04,2026-07-10,2026-09-21,35,BUCKET_2,ACTIVE,14.49,6483.75,1822.16,48,6836.58,f,NONE,NONE,64.4,70.73,,37fdfdef-2fe9-4209-ba0b-9a19e2e4c063,2026-08-27 11:28:00.060605+00,2026-09-02 15:27:18.488174+00
LN000000375,ea214349-0295-45d5-82fe-f2ff063ae649,MICROFINANCE,ABC Bank,BR7225,71742.85,68155.67,54643.86,59580.83,9221.09,2360,2024-01-05,2026-12-20,2026-05-23,2026-09-21,95,NPA,NPA,14.92,2346.89,1683.19,36,2307.28,t,NOTICE_SENT,NONE,77.4,51.77,,381b7125-3ea6-4b52-9f0a-3465d570df0d,2026-08-27 11:28:00.060596+00,2026-09-02 15:27:18.488174+00
LN000000017,03835aab-6c3f-498b-87bb-b14e81a4c4a7,CREDIT_CARD,ABC Bank,BR9605,123200.24,121928.48,104328.12,107661.58,34499.24,11260,2022-02-06,2023-02-01,2026-06-15,2026-08-30,65,BUCKET_3,ACTIVE,19.4,2909.58,390.63,12,7858.02,f,NONE,NONE,72.9,97.02,,382da318-93e3-4fe5-8aea-b819f08d93ef,2026-08-27 11:28:00.060158+00,2026-09-02 15:27:18.488174+00
DAILY20260921LN98,3a419c21-2b5e-4a96-aa60-ff50841fa649,AUTO,ABC Bank,GGN044,645260,599170,460900,493163,16760,8380,2022-01-15,2025-01-15,2025-11-10,2026-09-21,65,BUCKET_3,ACTIVE,14.5,27654,4609,,0,f,NONE,NONE,54.2,54.2,,3849e0c3-ae4d-4d56-9ab9-4ca72738fb1f,2026-09-21 04:52:59.95779+00,2026-09-21 04:52:59.957794+00
DAILY20260921LN45,884bbb11-3e1f-41e1-8a19-7e0872133f85,CREDIT_CARD,ABC Bank,GGN044,209300,194350,149500,159965,23920,5980,2022-01-15,2025-01-15,2025-11-10,2026-09-21,120,NPA,NPA,14.5,8970,1495,,0,t,NONE,NONE,100,100,,38534993-1aaa-4f75-8b76-fa318546fd19,2026-09-21 04:52:59.63893+00,2026-09-21 04:52:59.638932+00
LN000000446,adda5f6b-d1a2-4e63-a162-28c83df99980,MICROFINANCE,ABC Bank,BR3609,190292.04,185505.66,99747.58,104914.59,8598.41,3950,2024-03-07,2031-01-30,2026-07-14,2026-09-01,42,BUCKET_2,ACTIVE,18.47,4817.02,290.89,84,2873.49,f,NONE,NONE,64.5,100,,38f399df-88ee-44ca-98ed-4b361502d6ef,2026-08-27 11:28:00.06068+00,2026-09-02 15:27:18.488174+00
DAILY20260921LN124,1fcc1af1-1f6e-449b-91d6-6c4a56e56f4b,AUTO,ABC Bank,GGN044,1330560,1235520,950400,1016928,35200,17600,2022-01-15,2025-01-15,2025-11-10,2026-09-21,88,BUCKET_3,ACTIVE,14.5,57024,9504,,0,f,NONE,NONE,73.3,73.3,,38f71a6a-3e70-4627-8434-cf8d69cd890a,2026-09-21 04:53:00.211582+00,2026-09-21 04:53:00.211586+00
DAILY20260921LN156,1df07b37-6722-4b12-954a-03fab912a2db,GOLD,ABC Bank,GGN044,556080,516360,397200,425004,66200,16550,2022-01-15,2025-01-15,2025-11-10,2026-09-21,120,NPA,NPA,14.5,23832,3972,,0,t,NONE,NONE,100,100,,3907a10c-8e84-4d9f-869e-a68441f7bbe4,2026-09-21 04:53:00.526044+00,2026-09-21 04:53:00.526047+00
LN000000196,1fddf75a-dadc-458b-ac1c-465ce467e304,PERSONAL,ABC Bank,BR9516,1121454.65,1081045.06,900910.64,928966.89,34915.65,19180,2026-02-15,2033-01-09,2026-06-27,2026-08-31,58,BUCKET_2,ACTIVE,12.17,27226.57,569.28,84,10516.85,f,NONE,NONE,67,100,,393114b1-59e1-4de7-b49e-8d8a9004bc20,2026-08-27 11:28:00.06038+00,2026-09-02 15:27:18.488174+00
LN000000083,760964f0-f607-4d9a-a99d-6cc3482bcf2f,AUTO,ABC Bank,BR7322,692531.22,689895.32,520823.58,535331.06,55490.01,25270,2025-07-30,2028-07-14,2026-07-14,2026-09-06,35,BUCKET_2,ACTIVE,18.95,12626.69,1851.13,36,13229.74,f,NONE,NONE,43.1,100,,39cf3678-f3d8-441c-928c-17c9d9f2ee08,2026-08-27 11:28:00.060237+00,2026-09-02 15:27:18.488174+00
LN000000014,2941db57-a823-4c8c-81df-42d797c63d2c,PERSONAL,ABC Bank,BR4287,793633.92,760050.78,388204.74,429182.24,49563.97,11340,2023-07-17,2033-05-25,2026-05-03,2026-09-04,105,NPA,NPA,12.98,12711.43,20269.44,120,7682.76,t,NOTICE_SENT,NONE,71,54.59,,3a1246da-0fc8-4375-a91e-9422d154adde,2026-08-27 11:28:00.060155+00,2026-09-02 15:27:18.488174+00
DAILY20260906LN122,65d5fd47-1687-4435-baff-3d892d2869ad,PERSONAL,ABC Bank,GGN044,1087408,1009736,776720,831090.4,40880,20440,2022-01-15,2025-01-15,2025-11-10,2026-09-06,88,BUCKET_3,ACTIVE,14.5,46603.2,7767.2,,0,f,NONE,NONE,73.3,73.3,,3a29c012-73ca-438f-b5b0-f1f1b31f67eb,2026-09-06 13:30:49.535204+00,2026-09-06 13:30:49.535206+00
LN000000187,a1feb658-0220-40bc-9c51-ba28e188cc37,MICROFINANCE,ABC Bank,BR5762,32850.24,30126.06,21085.09,22797.51,7763.73,2800,2023-07-04,2024-06-28,2026-06-01,2026-09-02,80,BUCKET_3,ACTIVE,20.64,922.1,276.27,12,2002.45,f,NONE,NONE,72.8,41.6,,3ad5b910-d826-4390-94a5-300d28e8a30c,2026-08-27 11:28:00.060369+00,2026-09-02 15:27:18.488174+00
DAILY20260903LN56,f855c6b1-44e9-498f-8070-45f57dcfa9b4,CREDIT_CARD,ABC Bank,GGN044,156240,145080,111600,119412,7440,1860,2022-01-15,2025-01-15,2025-11-10,2026-09-03,120,NPA,NPA,14.5,6696,1116,,0,t,NONE,NONE,100,100,,3b34f3aa-42e7-463a-aa3b-150465af64bc,2026-09-02 15:33:15.784898+00,2026-09-02 15:33:15.784898+00
LN000000042,ea8bf59f-dae6-4b04-b0c8-72a6f51d8d08,PERSONAL,ABC Bank,BR9248,436085.98,433602.68,411730.34,426637.06,39765.9,21420,2025-11-24,2027-11-14,2026-07-07,2026-09-07,50,BUCKET_2,ACTIVE,16.91,12316.06,2368.1,24,18937.19,f,NONE,NONE,81.4,80.4,,3b7b8485-7db8-4854-bc33-3ebda2fb30e9,2026-08-27 11:28:00.060188+00,2026-09-02 15:27:18.488174+00
LN000000176,f1197b5f-49fe-4d13-914a-6a9b5bfbea8a,EDUCATION,ABC Bank,BR2085,503195.09,471577.35,359801.93,373283.47,28648.89,15670,2024-05-17,2027-05-02,2026-07-04,2026-09-03,42,BUCKET_2,ACTIVE,12.03,11840.36,1364.43,36,8934.54,f,NONE,NONE,47.2,93.92,,3b838c11-f643-4d97-a6cc-b5d098af998b,2026-08-27 11:28:00.060356+00,2026-09-02 15:27:18.488174+00
LN000000049,65d0ed44-6d1a-461a-8814-cfec36409756,GOLD,ABC Bank,BR9314,194723.88,192588.14,102527.23,115233.46,13861.9,6920,2021-10-27,2024-10-11,2026-06-27,2026-09-21,50,BUCKET_2,ACTIVE,17.56,3495.09,6479.87,36,3282.07,f,NONE,NONE,49.6,27.91,,3ba17d4d-fd7d-4470-98f0-cd4052b0a326,2026-08-27 11:28:00.060196+00,2026-09-02 15:27:18.488174+00
LN000000140,3c32f948-3b0e-4554-97cb-604c3df714fc,GOLD,ABC Bank,BR7258,153196.63,152970.84,120584.77,124605.55,65246.45,14080,2024-12-06,2025-12-01,2026-04-21,2026-09-17,120,NPA,NPA,18.76,3518.67,119.7,12,12981.98,t,SARFAESI,NONE,100,90.64,,3ba3fa4c-6834-4cee-83a4-f17f96ed0233,2026-08-27 11:28:00.06031+00,2026-09-02 15:27:18.488174+00
DAILY20260918LN07,41e6daa6-3eb4-4cba-8401-5430d456221c,HOME,ABC Bank,GGN044,5128704,4762368,3663360,3919795.2,135680,67840,2022-01-15,2025-01-15,2025-11-10,2026-09-18,88,BUCKET_3,ACTIVE,14.5,219801.6,36633.6,,0,f,NONE,NONE,73.3,73.3,,3bbe9365-7d5a-4924-ad26-3af3c27d6fe4,2026-09-18 06:49:34.059106+00,2026-09-18 06:49:34.05911+00
LN000000317,c1891b49-de15-4716-a446-b16b328be77e,GOLD,ABC Bank,BR8794,256889.77,239425.24,119266.62,139898.27,8210.93,4620,2022-03-23,2029-02-14,2026-07-06,2026-09-23,42,BUCKET_2,ACTIVE,15,4030.97,12775.52,84,2138.53,f,NONE,NONE,67.7,23.07,,3bcaf15d-cb0d-45e2-b5b1-7ac03ec72a19,2026-08-27 11:28:00.060526+00,2026-09-02 15:27:18.488174+00
LN000000473,f8e81db2-daf7-446d-9379-5491607b5ec7,PERSONAL,ABC Bank,BR2287,461813.45,424989.31,385167.84,420306.49,24755.66,13580,2023-02-09,2027-01-19,2026-07-11,2026-08-31,42,BUCKET_2,ACTIVE,22.82,18050.37,12737.15,48,5435.78,f,NONE,NONE,33,33.13,,3c149a2e-dedf-4b12-92e3-54ec3d6e054a,2026-08-27 11:28:00.060712+00,2026-09-02 15:27:18.488174+00
DAILY20260918LN80,67e84366-bde8-43e2-91f5-adb39e278882,EDUCATION,ABC Bank,GGN044,433440,402480,309600,331272,51600,12900,2022-01-15,2025-01-15,2025-11-10,2026-09-18,120,NPA,NPA,14.5,18576,3096,,0,t,NONE,NONE,100,100,,3c1a4d92-7a19-4b2b-a79a-1b1b8fdb3db0,2026-09-18 06:49:34.455612+00,2026-09-18 06:49:34.455616+00
DAILY20260907LN88,a628e6ec-61a9-4825-989c-2f7530f6b9cc,PERSONAL,ABC Bank,GGN044,251160,233220,179400,191958,17940,8970,2022-01-15,2025-01-15,2025-11-10,2026-09-07,88,BUCKET_3,ACTIVE,14.5,10764,1794,,0,f,NONE,NONE,73.3,73.3,,3c1db281-53da-4209-ad1e-3c1fd2dee3f2,2026-09-07 04:59:06.321336+00,2026-09-07 04:59:06.321339+00
DAILY20260921LN177,21f3fe94-8552-402c-9bb5-4338738a9e57,MICROFINANCE,ABC Bank,GGN044,229824,213408,164160,175651.2,6080,3040,2022-01-15,2025-01-15,2025-11-10,2026-09-21,88,BUCKET_3,ACTIVE,14.5,9849.6,1641.6,,0,f,NONE,NONE,73.3,73.3,,3c421b47-86d7-4006-91a6-97385fb15004,2026-09-21 04:53:00.673786+00,2026-09-21 04:53:00.673791+00
DAILY20260903LN35,856154eb-4248-4682-bad3-64b024e6a9f5,EDUCATION,ABC Bank,GGN044,660744,613548,471960,504997.2,12420,12420,2022-01-15,2025-01-15,2025-11-10,2026-09-03,32,BUCKET_2,ACTIVE,14.5,28317.6,4719.6,,0,f,NONE,NONE,26.7,26.7,,3c5c8f5f-28e8-479f-a9be-d262e8a604ba,2026-09-02 15:33:15.702561+00,2026-09-02 15:33:15.702561+00
DAILY20260906LN83,c88de75f-3021-4b10-8119-42518be24b3d,EDUCATION,ABC Bank,GGN044,131488,122096,93920,100494.4,5870,5870,2022-01-15,2025-01-15,2025-11-10,2026-09-06,47,BUCKET_2,ACTIVE,14.5,5635.2,939.2,,0,f,NONE,NONE,39.2,39.2,,3c79275d-17b6-4c0c-836b-90fbaad57bd8,2026-09-06 13:30:49.303667+00,2026-09-06 13:30:49.303671+00
DAILY20260906LN149,5d74c92c-6a7e-4373-bcdb-6547b01b5faa,AUTO,ABC Bank,GGN044,873950,811525,624250,667947.5,49940,24970,2022-01-15,2025-01-15,2025-11-10,2026-09-06,88,BUCKET_3,ACTIVE,14.5,37455,6242.5,,0,f,NONE,NONE,73.3,73.3,,3cb4183c-81af-4f64-9653-f3bd189e75b1,2026-09-06 13:30:49.70705+00,2026-09-06 13:30:49.707053+00
DAILY20260921LN175,bf47a381-66cf-433e-9f61-adb1ba090497,GOLD,ABC Bank,GGN044,223300,207350,159500,170665,3190,3190,2022-01-15,2025-01-15,2025-11-10,2026-09-21,47,BUCKET_2,ACTIVE,14.5,9570,1595,,0,f,NONE,NONE,39.2,39.2,,3d383c8b-35bb-4b21-9169-95e5af77d08f,2026-09-21 04:53:00.659015+00,2026-09-21 04:53:00.65902+00
LN000000453,fd232674-c408-4a21-8340-5c44ccb0b516,GOLD,ABC Bank,BR2008,196258.94,191784.97,124771.82,134517.16,16369.07,7150,2022-04-02,2025-03-17,2026-06-28,2026-09-18,50,BUCKET_2,ACTIVE,20.23,3235.65,3292.99,36,3021.05,f,NONE,NONE,73.7,29.01,,3d6dd96d-6329-4058-893f-e843cf026e97,2026-08-27 11:28:00.060688+00,2026-09-02 15:27:18.488174+00
DAILY20260906LN143,924623db-a539-4534-bcdd-79755a731a68,MICROFINANCE,ABC Bank,GGN044,147560,137020,105400,112778,6800,3400,2022-01-15,2025-01-15,2025-11-10,2026-09-06,65,BUCKET_3,ACTIVE,14.5,6324,1054,,0,f,NONE,NONE,54.2,54.2,,3d7d9b29-8695-4ffe-828d-fd1a8bba3dd2,2026-09-06 13:30:49.669516+00,2026-09-06 13:30:49.66952+00
DAILY20260906LN117,a63e9ed9-18e1-4739-923d-13324393ca2c,BUSINESS,ABC Bank,GGN044,427140,396630,305100,326457,101700,20340,2022-01-15,2025-01-15,2025-11-10,2026-09-06,155,NPA,NPA,14.5,18306,3051,,0,t,NONE,NONE,129.2,129.2,,3d8f97a2-bfcb-448e-b375-bee6e2f7296a,2026-09-06 13:30:49.503271+00,2026-09-06 13:30:49.503274+00
DAILY20260906LN95,5f5aa3ed-19bc-4540-9962-2e3e106c7e3c,PERSONAL,ABC Bank,GGN044,1516508,1408186,1083220,1159045.4,79260,26420,2022-01-15,2025-01-15,2025-11-10,2026-09-06,95,NPA,NPA,14.5,64993.2,10832.2,,0,t,NONE,NONE,79.2,79.2,,3dfe58ef-4f5b-4313-acdf-181d11f9e9a7,2026-09-06 13:30:49.367932+00,2026-09-06 13:30:49.367936+00
DAILY20260907LN177,9f0cf2ad-b4a1-4164-886b-aaf8ac88300c,EDUCATION,ABC Bank,GGN044,752976,699192,537840,575488.8,49800,9960,2022-01-15,2025-01-15,2025-11-10,2026-09-07,155,NPA,NPA,14.5,32270.4,5378.4,,0,t,NONE,NONE,129.2,129.2,,3e00ca46-8933-47a6-a896-b711d607f624,2026-09-07 04:59:06.834129+00,2026-09-07 04:59:06.834131+00
LN000000155,0699fab6-ae8e-4ccf-bd1a-55446ed01aeb,PERSONAL,ABC Bank,BR3638,234502.45,217855.58,88443.81,127053.68,12826.2,5750,2022-08-27,2026-08-06,2026-07-13,2026-09-01,35,BUCKET_2,ACTIVE,12.12,2937.31,27453.83,48,3843.79,f,NONE,NONE,54.8,16.82,,3e0e90a2-bdea-40c1-a5fb-236fc4d2fee0,2026-08-27 11:28:00.060328+00,2026-09-02 15:27:18.488174+00
DAILY20260921LN44,fef953a0-f7a5-4f89-a6f0-ecda9bf12b8b,HOME,ABC Bank,GGN044,3102148,2880566,2215820,2370927.4,48170,48170,2022-01-15,2025-01-15,2025-11-10,2026-09-21,32,BUCKET_2,ACTIVE,14.5,132949.2,22158.2,,0,f,NONE,NONE,26.7,26.7,,3e48bc14-6317-43e8-a792-54ac70926b33,2026-09-21 04:52:59.634062+00,2026-09-21 04:52:59.634068+00
DAILY20260906LN36,1d6ef6a3-a908-4d03-bf31-c38ec818afb3,PERSONAL,ABC Bank,GGN044,1375304,1277068,982360,1051125.2,47920,23960,2022-01-15,2025-01-15,2025-11-10,2026-09-06,65,BUCKET_3,ACTIVE,14.5,58941.6,9823.6,,0,f,NONE,NONE,54.2,54.2,,3e5dd32f-abc3-464c-b80c-f689e668ccb5,2026-09-06 13:30:48.984035+00,2026-09-06 13:30:48.984038+00
DAILY20260918LN138,4e362b35-3e85-48c1-b017-9b8d4d4cda03,HOME,ABC Bank,GGN044,3795344,3524248,2710960,2900727.2,242050,48410,2022-01-15,2025-01-15,2025-11-10,2026-09-18,155,NPA,NPA,14.5,162657.6,27109.6,,0,t,NONE,NONE,129.2,129.2,,3eaf4713-b2dc-40ff-aa1d-0f18fcf9703a,2026-09-18 06:49:34.810008+00,2026-09-18 06:49:34.81001+00
DAILY20260921LN189,c169944e-2a62-4ac9-b7e0-03ba6d709078,CREDIT_CARD,ABC Bank,GGN044,478940,444730,342100,366047,6220,6220,2022-01-15,2025-01-15,2025-11-10,2026-09-21,47,BUCKET_2,ACTIVE,14.5,20526,3421,,0,f,NONE,NONE,39.2,39.2,,3eb68e36-05b7-443f-a283-da071d6ca64a,2026-09-21 04:53:00.745204+00,2026-09-21 04:53:00.745208+00
DAILY20260903LN38,f7ece5ca-2cb3-4c98-91c4-13c746f25130,HOME,ABC Bank,GGN044,972972,903474,694980,743628.6,42120,21060,2022-01-15,2025-01-15,2025-11-10,2026-09-03,65,BUCKET_3,ACTIVE,14.5,41698.8,6949.8,,0,f,NONE,NONE,54.2,54.2,,3efd3c91-80ad-435c-92bf-53c5d9bfa084,2026-09-02 15:33:15.702561+00,2026-09-02 15:33:15.702561+00
LN000000253,a353c880-b259-4246-9f80-e49b283012dd,GOLD,ABC Bank,BR6281,434044.58,401962,255296.47,269721.88,32128.22,11310,2025-02-12,2030-01-17,2026-05-28,2026-09-24,88,BUCKET_3,ACTIVE,22.91,12056.13,1671.24,60,8795.6,f,NONE,NONE,65.5,82.45,,3f0e5cdd-98c4-41a8-8094-40cc25bcd6a1,2026-08-27 11:28:00.060449+00,2026-09-02 15:27:18.488174+00
LN000000111,c52e3c3a-f668-409c-b38e-eacfaafb3285,PERSONAL,ABC Bank,BR1562,579776.54,522331.61,445198.9,469279.3,39331.27,19930,2024-07-01,2027-06-16,2026-07-06,2026-09-19,42,BUCKET_2,ACTIVE,21.93,20989.43,2842.71,36,11665.72,f,NONE,NONE,40.7,65.75,,3f5dcbd6-44ff-4050-a51f-2f899afae8a5,2026-08-27 11:28:00.060276+00,2026-09-02 15:27:18.488174+00
DAILY20260921LN139,995c0a44-a6ba-426d-8059-51b149d3fd1d,CREDIT_CARD,ABC Bank,GGN044,213360,198120,152400,163068,5080,5080,2022-01-15,2025-01-15,2025-11-10,2026-09-21,47,BUCKET_2,ACTIVE,14.5,9144,1524,,0,f,NONE,NONE,39.2,39.2,,3f61092c-5369-4bd8-8659-10e3d4131d7c,2026-09-21 04:53:00.393952+00,2026-09-21 04:53:00.393956+00
DAILY20260903LN101,caf7ec55-2b7c-4835-b55e-bcd7cc4d5815,AUTO,ABC Bank,GGN044,1991808,1849536,1422720,1522310.4,54720,27360,2022-01-15,2025-01-15,2025-11-10,2026-09-03,65,BUCKET_3,ACTIVE,14.5,85363.2,14227.2,,0,f,NONE,NONE,54.2,54.2,,3f7fe973-1fe1-49d8-b3b3-3fb3c2f64330,2026-09-02 15:33:15.968218+00,2026-09-02 15:33:15.968218+00
LN000000166,6a20c865-a7eb-4f1e-b99f-89928e7ab559,AUTO,ABC Bank,BR7243,406486.49,386016.05,251688.98,309535.79,21720.49,10340,2023-09-03,2028-08-07,2026-07-20,2026-09-12,35,BUCKET_2,ACTIVE,20.52,15372.36,38886.02,60,5349.25,f,NONE,NONE,30.1,18.23,,3f8f1692-5103-40f9-a88d-f5d27d483565,2026-08-27 11:28:00.060342+00,2026-09-02 15:27:18.488174+00
DAILY20260921LN140,08075e1c-06ec-4bea-8ca5-55cf9a83ba9d,CREDIT_CARD,ABC Bank,GGN044,177870,165165,127050,135943.5,7700,3850,2022-01-15,2025-01-15,2025-11-10,2026-09-21,88,BUCKET_3,ACTIVE,14.5,7623,1270.5,,0,f,NONE,NONE,73.3,73.3,,3fad978b-4052-4ca6-9a51-a4a560499fda,2026-09-21 04:53:00.419409+00,2026-09-21 04:53:00.419415+00
DAILY20260903LN180,9f5b7b97-452d-46f3-89ff-592e10489d93,PERSONAL,ABC Bank,GGN044,696850,647075,497750,532592.5,19910,19910,2022-01-15,2025-01-15,2025-11-10,2026-09-03,47,BUCKET_2,ACTIVE,14.5,29865,4977.5,,0,f,NONE,NONE,39.2,39.2,,3fe1614f-6b80-426c-8756-acc4fff5d22b,2026-09-02 15:33:16.265582+00,2026-09-02 15:33:16.265582+00
DAILY20260906LN38,ea203f9a-e20a-4fdb-a714-7e8715cfc84d,CREDIT_CARD,ABC Bank,GGN044,324282,301119,231630,247844.1,22060,11030,2022-01-15,2025-01-15,2025-11-10,2026-09-06,65,BUCKET_3,ACTIVE,14.5,13897.8,2316.3,,0,f,NONE,NONE,54.2,54.2,,40114674-66cc-4947-a004-da9c8b8005e6,2026-09-06 13:30:48.998774+00,2026-09-06 13:30:48.998776+00
LN000000201,7125e192-ddfa-4bca-9c98-05aa6027715d,EDUCATION,ABC Bank,BR7292,253013.98,230155.19,112527.63,141871.28,13502.15,4000,2021-11-25,2028-10-19,2026-06-03,2026-08-29,72,BUCKET_3,ACTIVE,11.49,3727.54,24421.66,84,3813.71,f,NONE,NONE,65.7,33.79,,404d858f-ea71-4712-bd9c-5b78c5156c26,2026-08-27 11:28:00.060385+00,2026-09-02 15:27:18.488174+00
DAILY20260918LN11,fdfb9725-5ebf-4ca3-8f27-8bb8aeb70816,EDUCATION,ABC Bank,GGN044,1539776,1429792,1099840,1176828.8,78560,19640,2022-01-15,2025-01-15,2025-11-10,2026-09-18,120,NPA,NPA,14.5,65990.4,10998.4,,0,t,NONE,NONE,100,100,,406c22a3-4510-4eb9-9a1e-d14a4ba249e3,2026-09-18 06:49:34.08055+00,2026-09-18 06:49:34.080553+00
LN000000258,e4f99043-20f6-43c4-a389-cec26a3251be,PERSONAL,ABC Bank,BR7047,872283.15,848763.96,545743,571496.44,73959.2,24030,2024-03-20,2028-02-28,2026-05-28,2026-09-23,80,BUCKET_3,ACTIVE,15.94,24356.84,757.32,48,14511.97,f,NONE,NONE,75,100,,407f51f0-d6c2-4baf-bd18-5436429bda23,2026-08-27 11:28:00.060455+00,2026-09-02 15:27:18.488174+00
LN000000040,ebd13b4f-5fe2-4e42-b82f-ac5240ded5f9,MICROFINANCE,ABC Bank,BR4149,213880.09,199247.48,83716.71,86684.46,10647.31,3400,2023-07-05,2030-05-29,2026-06-08,2026-09-04,65,BUCKET_3,ACTIVE,10.89,2261.95,527.19,84,2061.45,f,NONE,NONE,42.7,65.69,,408fdceb-2e60-488d-b631-6824dbb73bcd,2026-08-27 11:28:00.060186+00,2026-09-02 15:27:18.488174+00
LN000000206,aaa5115f-a8d0-4e95-aabf-f051fc54c9f7,HOME,ABC Bank,BR1579,630691.86,576407.45,431153.79,497608.7,22096.4,12000,2021-11-30,2028-10-24,2026-06-19,2026-09-10,58,BUCKET_2,ACTIVE,17.66,24146.04,11383.34,84,11863.64,f,NONE,NONE,44.3,28.16,,40fc9807-c642-4c10-b19b-e87aeb4abe06,2026-08-27 11:28:00.060391+00,2026-09-02 15:27:18.488174+00
DAILY20260906LN43,c329eeb2-1313-421e-8374-b5e0725278be,BUSINESS,ABC Bank,GGN044,1341424,1245608,958160,1025231.2,68440,17110,2022-01-15,2025-01-15,2025-11-10,2026-09-06,120,NPA,NPA,14.5,57489.6,9581.6,,0,t,NONE,NONE,100,100,,412b0578-4161-42ab-a694-9706d0bea0b8,2026-09-06 13:30:49.02936+00,2026-09-06 13:30:49.029363+00
LN000000288,d194e9e1-27b4-44d8-80b3-c5dd6b0e01cc,AUTO,ABC Bank,BR9700,589377.96,554827.29,260766.93,266421.16,72453.91,26150,2022-12-11,2024-11-30,2026-05-30,2026-09-01,80,BUCKET_3,ACTIVE,12.12,3280.68,1606.8,24,21279.36,f,NONE,NONE,75.3,82.25,,415c6a32-6585-4cdf-bde8-b10e2a663c8e,2026-08-27 11:28:00.060492+00,2026-09-02 15:27:18.488174+00
DAILY20260921LN100,1d54e87c-ab1c-4dfd-ad43-4805a4114a79,EDUCATION,ABC Bank,GGN044,274638,255021,196170,209901.9,10060,5030,2022-01-15,2025-01-15,2025-11-10,2026-09-21,65,BUCKET_3,ACTIVE,14.5,11770.2,1961.7,,0,f,NONE,NONE,54.2,54.2,,418fdf95-4b29-4d50-afda-7df1064de54b,2026-09-21 04:52:59.969397+00,2026-09-21 04:52:59.969402+00
LN000000401,46f4128a-126f-42cb-afcd-6429fa74c715,CREDIT_CARD,ABC Bank,BR9302,353150.11,320594.03,120003.04,126772.01,16562.29,5000,2023-06-27,2033-05-05,2026-06-11,2026-08-31,72,BUCKET_3,ACTIVE,14.12,5843.32,466.01,120,2033.17,f,NONE,NONE,53.1,47.58,,41dfae8f-6c9e-479e-a14a-2dc0572af1ef,2026-08-27 11:28:00.060625+00,2026-09-02 15:27:18.488174+00
DAILY20260907LN83,43882b95-42f5-46cd-82a2-d1877b1af831,GOLD,ABC Bank,GGN044,581952,540384,415680,444777.6,34640,8660,2022-01-15,2025-01-15,2025-11-10,2026-09-07,120,NPA,NPA,14.5,24940.8,4156.8,,0,t,NONE,NONE,100,100,,41e8b283-3a6f-4e37-b1bf-33c0e4232cbf,2026-09-07 04:59:06.28771+00,2026-09-07 04:59:06.287713+00
DAILY20260903LN175,317fd798-268d-417a-8634-921d4c6f3813,CREDIT_CARD,ABC Bank,GGN044,161280,149760,115200,123264,11520,2880,2022-01-15,2025-01-15,2025-11-10,2026-09-03,120,NPA,NPA,14.5,6912,1152,,0,t,NONE,NONE,100,100,,41f208ec-6de1-444c-8eca-16c8c5e4ad6e,2026-09-02 15:33:16.248458+00,2026-09-02 15:33:16.248458+00
DAILY20260906LN74,d3dbfe81-fe86-4841-a528-7dd7251ab902,CREDIT_CARD,ABC Bank,GGN044,805182,747669,575130,615389.1,20180,10090,2022-01-15,2025-01-15,2025-11-10,2026-09-06,65,BUCKET_3,ACTIVE,14.5,34507.8,5751.3,,0,f,NONE,NONE,54.2,54.2,,422e24d6-c3f4-4023-9160-fcfcd025116b,2026-09-06 13:30:49.248705+00,2026-09-06 13:30:49.248708+00
LN000000303,4755f156-4efa-4951-9b03-68cfe7f62724,PERSONAL,ABC Bank,BR8494,1536169.08,1452650.02,737536.58,763021.15,39704.95,20300,2023-04-02,2033-02-08,2026-06-27,2026-09-19,58,BUCKET_2,ACTIVE,11.35,24372.66,330.9,120,9584.98,f,NONE,NONE,41.8,100,,428bb16a-19c3-4fcf-960e-9a21ca10fc6a,2026-08-27 11:28:00.06051+00,2026-09-02 15:27:18.488174+00
BANKLOAN00006,4c7c7e7a-533c-4594-b154-1023f84532bf,HOME,ABC Bank,GGN056,697681.74,651169.63,465121.16,504656.46,162792.41,12920,2022-06-01,2025-06-01,2026-07-16,2026-08-27,42,BUCKET_3,ACTIVE,16,32558.48,6976.82,,0,f,NONE,NONE,35,35,,428da014-5890-400b-94a3-2f7d634ec37e,2026-08-27 11:28:09.813+00,2026-09-02 15:27:18.516619+00
DAILY20260907LN180,d1983c72-59a0-4e11-8913-fab202ef2ca8,HOME,ABC Bank,GGN044,3808980,3536910,2720700,2911149,60460,60460,2022-01-15,2025-01-15,2025-11-10,2026-09-07,47,BUCKET_2,ACTIVE,14.5,163242,27207,,0,f,NONE,NONE,39.2,39.2,,430c90f9-9a38-4eab-8729-940ead736a10,2026-09-07 04:59:06.850885+00,2026-09-07 04:59:06.850887+00
DAILY20260903LN187,d5b87b87-5530-4bfa-89ec-d32ef4a2807a,MICROFINANCE,ABC Bank,GGN044,117320,108940,83800,89666,16760,4190,2022-01-15,2025-01-15,2025-11-10,2026-09-03,120,NPA,NPA,14.5,5028,838,,0,t,NONE,NONE,100,100,,4338e5b8-cb87-4e17-b7af-e99abaf21eff,2026-09-02 15:33:16.292215+00,2026-09-02 15:33:16.292215+00
LN000000388,239d5d90-a364-4347-bcf6-6d0e2c11cc3a,CREDIT_CARD,ABC Bank,BR4263,119544.45,117310.34,106363.34,112155.6,25423.2,11080,2024-09-25,2025-09-20,2026-07-15,2026-09-10,35,BUCKET_2,ACTIVE,23.77,5127.83,567.68,12,4771,f,NONE,NONE,62.6,70.38,,435548de-ec9a-42c9-88eb-044150dab6a5,2026-08-27 11:28:00.06061+00,2026-09-02 15:27:18.520164+00
DAILY20260907LN96,5f7fa995-97f0-442a-9cae-a4bcab8d0888,EDUCATION,ABC Bank,GGN044,1035832,961844,739880,791671.6,27920,13960,2022-01-15,2025-01-15,2025-11-10,2026-09-07,88,BUCKET_3,ACTIVE,14.5,44392.8,7398.8,,0,f,NONE,NONE,73.3,73.3,,4365d565-d740-4cf9-94ff-a4ce151ae3db,2026-09-07 04:59:06.366927+00,2026-09-07 04:59:06.366929+00
DAILY20260903LN170,1436e1ef-de5e-42f4-8c9c-be27860c7a9d,EDUCATION,ABC Bank,GGN044,1147398,1065441,819570,876939.9,16070,16070,2022-01-15,2025-01-15,2025-11-10,2026-09-03,32,BUCKET_2,ACTIVE,14.5,49174.2,8195.7,,0,f,NONE,NONE,26.7,26.7,,437aa6c7-fea9-4735-a78a-6415e0bc7c44,2026-09-02 15:33:16.216261+00,2026-09-02 15:33:16.216261+00
LN000000234,5417fae7-c9a0-461a-8165-0321b7e6452f,BUSINESS,ABC Bank,BR7190,1435307.67,1306491.77,693590.18,711837.14,79485.04,36740,2024-07-29,2028-07-08,2026-07-11,2026-09-20,35,BUCKET_2,ACTIVE,15.57,15346.92,2152.8,48,17588.02,f,NONE,NONE,24.2,61.08,,437e67ea-bf7e-4ef5-b54e-3b91a0291882,2026-08-27 11:28:00.060424+00,2026-09-02 15:27:18.520164+00
LN000000283,aeb13a3f-357b-4509-a2d0-3d841cc5d60d,GOLD,ABC Bank,BR9824,258659.94,245405.7,112218.41,121616.62,18208.27,5770,2025-03-31,2030-03-05,2026-06-11,2026-08-31,72,BUCKET_3,ACTIVE,14.47,4632.65,1518.38,60,2978.23,f,NONE,NONE,56.3,37.36,,43dddd77-c81e-45f3-b178-de617423a8e8,2026-08-27 11:28:00.060486+00,2026-09-02 15:27:18.520164+00
LN000000061,ba61e26c-957f-47e5-84c7-210db74a1652,GOLD,ABC Bank,BR6613,555848.3,505250.27,479630.42,512848.2,17698.88,9690,2023-01-16,2032-11-24,2026-07-08,2026-09-19,42,BUCKET_2,ACTIVE,19.78,30083.9,2007.12,120,9571.63,f,NONE,NONE,44.7,80.12,,440b122c-991d-437b-99b9-ff66c8d76c0a,2026-08-27 11:28:00.060211+00,2026-09-02 15:27:18.520164+00
LN000000194,47f4e93b-916c-4fd9-b281-9c6bdf64ae32,MICROFINANCE,ABC Bank,BR3085,124871.75,118233.31,43344.77,45762.33,30478.23,3350,2023-07-30,2027-07-09,2026-01-20,2026-09-24,210,NPA,NPA,15.99,1600.1,504.58,48,1447.61,t,NONE,NONE,100,100,,4417763a-199d-4c21-9293-2ae50d2dd6e7,2026-08-27 11:28:00.060377+00,2026-09-02 15:27:18.520164+00
LN000000377,ddc81210-df10-40b6-899b-86e340098a93,HOME,ABC Bank,BR9466,1290434.58,1282116.19,985022.47,1046953.52,70648.78,31330,2024-08-15,2029-07-20,2026-07-01,2026-09-11,42,BUCKET_2,ACTIVE,16.22,29530.57,31547.16,60,15801.34,f,NONE,NONE,49.9,28.79,,442098ed-1088-41f3-9f74-2c4f356cd6b9,2026-08-27 11:28:00.060598+00,2026-09-02 15:27:18.520164+00
DAILY20260921LN109,5416e116-157f-42aa-99e4-9721116af50d,AUTO,ABC Bank,GGN044,1282400,1190800,916000,980120,18320,18320,2022-01-15,2025-01-15,2025-11-10,2026-09-21,32,BUCKET_2,ACTIVE,14.5,54960,9160,,0,f,NONE,NONE,26.7,26.7,,444a3726-e4ad-4f11-9bc1-6b6c91ac5b8d,2026-09-21 04:53:00.071564+00,2026-09-21 04:53:00.07157+00
DAILY20260918LN12,df5abf17-365f-4efc-986d-0c2d2e34cbac,GOLD,ABC Bank,GGN044,613704,569868,438360,469045.2,16860,8430,2022-01-15,2025-01-15,2025-11-10,2026-09-18,65,BUCKET_3,ACTIVE,14.5,26301.6,4383.6,,0,f,NONE,NONE,54.2,54.2,,44775755-92d7-4881-bdc9-500b5a6f2f86,2026-09-18 06:49:34.085723+00,2026-09-18 06:49:34.085725+00
DAILY20260907LN01,bfc81e83-78b6-4a00-9351-d707726d9f2e,BUSINESS,ABC Bank,GGN044,510986,474487,364990,390539.3,38420,19210,2022-01-15,2025-01-15,2025-11-10,2026-09-07,65,BUCKET_3,ACTIVE,14.5,21899.4,3649.9,,0,f,NONE,NONE,54.2,54.2,,447999a2-cfc8-4315-8035-44e464b1f7dd,2026-09-07 04:59:05.717171+00,2026-09-07 04:59:05.717175+00
DAILY20260918LN145,631da6f2-9ece-4f79-babf-b1f5fdd82aa9,AUTO,ABC Bank,GGN044,859600,798200,614000,656980,49120,12280,2022-01-15,2025-01-15,2025-11-10,2026-09-18,120,NPA,NPA,14.5,36840,6140,,0,t,NONE,NONE,100,100,,447fb9e1-7268-4058-a461-d3fb49d93452,2026-09-18 06:49:34.846892+00,2026-09-18 06:49:34.846895+00
DAILY20260918LN62,83f39bd1-5e69-433c-8c91-00de2feedd8e,PERSONAL,ABC Bank,GGN044,411320,381940,293800,314366,44070,14690,2022-01-15,2025-01-15,2025-11-10,2026-09-18,95,NPA,NPA,14.5,17628,2938,,0,t,NONE,NONE,79.2,79.2,,44837cc9-0e3d-431d-9ca2-ee5475f9e394,2026-09-18 06:49:34.348338+00,2026-09-18 06:49:34.348341+00
LN000000415,8018e1c1-c98e-4792-8adf-acf30f04e3f7,CREDIT_CARD,ABC Bank,BR4222,624168.72,574342.16,457424.17,466843.7,29480.47,10160,2022-01-12,2028-12-06,2026-05-18,2026-09-20,88,BUCKET_3,ACTIVE,12.07,8492.64,663.63,84,8756.16,f,NONE,NONE,93.9,100,,44e93ca3-f2b0-4162-8641-56697e070045,2026-08-27 11:28:00.060642+00,2026-09-02 15:27:18.520164+00
DAILY20260918LN10,2cae6d70-7db2-4341-a440-8c444064074f,PERSONAL,ABC Bank,GGN044,787920,731640,562800,602196,16080,16080,2022-01-15,2025-01-15,2025-11-10,2026-09-18,32,BUCKET_2,ACTIVE,14.5,33768,5628,,0,f,NONE,NONE,26.7,26.7,,452745ba-4da0-4f9f-a633-65b26a6aa58a,2026-09-18 06:49:34.075683+00,2026-09-18 06:49:34.075686+00
DAILY20260921LN25,9e9941cd-a084-4346-803e-30735ac95bc5,CREDIT_CARD,ABC Bank,GGN044,241528,224276,172520,184596.4,13620,4540,2022-01-15,2025-01-15,2025-11-10,2026-09-21,95,NPA,NPA,14.5,10351.2,1725.2,,0,t,NONE,NONE,79.2,79.2,,457731af-0c34-46c6-9826-959a287ef6f6,2026-09-21 04:52:59.534561+00,2026-09-21 04:52:59.534564+00
DAILY20260921LN187,4f800e3a-46ce-407e-937b-f7644552c71d,PERSONAL,ABC Bank,GGN044,627480,582660,448200,479574,33200,16600,2022-01-15,2025-01-15,2025-11-10,2026-09-21,88,BUCKET_3,ACTIVE,14.5,26892,4482,,0,f,NONE,NONE,73.3,73.3,,45a04b97-37c5-4ef1-b965-49dcd5eb0e93,2026-09-21 04:53:00.7336+00,2026-09-21 04:53:00.733603+00
DAILY20260918LN16,284fe133-e649-434b-bc0e-d31285bfaa4e,AUTO,ABC Bank,GGN044,2468214,2291913,1763010,1886420.7,154650,30930,2022-01-15,2025-01-15,2025-11-10,2026-09-18,155,NPA,NPA,14.5,105780.6,17630.1,,0,t,NONE,NONE,129.2,129.2,,45c1873a-9009-4387-8c74-8853858099f3,2026-09-18 06:49:34.10512+00,2026-09-18 06:49:34.105123+00
DAILY20260921LN55,d2282024-d84c-4b8f-b23f-fb5932beb469,GOLD,ABC Bank,GGN044,251636,233662,179740,192321.8,12540,4180,2022-01-15,2025-01-15,2025-11-10,2026-09-21,95,NPA,NPA,14.5,10784.4,1797.4,,0,t,NONE,NONE,79.2,79.2,,45c3e9a1-2cc3-410a-8e95-55334871d240,2026-09-21 04:52:59.69201+00,2026-09-21 04:52:59.692015+00
LN000000268,40f90733-b0f3-4fae-955d-fab58561ab64,CREDIT_CARD,ABC Bank,BR4845,211644.43,191105.7,116367.8,125647.81,24707.96,9610,2022-12-30,2024-12-19,2026-05-19,2026-09-01,88,BUCKET_3,ACTIVE,18.75,7611.27,1374.58,24,9155.5,f,NONE,NONE,66.4,78.73,,45daba13-1f43-4565-acd6-8a06bce2a88c,2026-08-27 11:28:00.060467+00,2026-09-02 15:27:18.520164+00
DAILY20260918LN04,22183040-e158-4f8e-9a45-30a81b95e653,BUSINESS,ABC Bank,GGN044,2240000,2080000,1600000,1712000,160000,32000,2022-01-15,2025-01-15,2025-11-10,2026-09-18,155,NPA,NPA,14.5,96000,16000,,0,t,NONE,NONE,129.2,129.2,,4680ce05-856f-4f94-8114-3de6108b3003,2026-09-18 06:49:34.041968+00,2026-09-18 06:49:34.041971+00
DAILY20260907LN00,607274b0-4599-4bf2-894a-7c84e6934a41,EDUCATION,ABC Bank,GGN044,1318240,1224080,941600,1007512,17120,17120,2022-01-15,2025-01-15,2025-11-10,2026-09-07,47,BUCKET_2,ACTIVE,14.5,56496,9416,,0,f,NONE,NONE,39.2,39.2,,4690831f-c144-4c16-b9f0-1b1a2a296f70,2026-09-07 04:59:05.688259+00,2026-09-07 04:59:05.688263+00
LN000000171,a7da5dfe-fb38-46fc-bb2b-1a492d24548a,AUTO,ABC Bank,BR2250,179192.38,166334.66,149307.23,171591.82,27479.89,15610,2024-02-19,2025-02-13,2026-07-17,2026-09-09,35,BUCKET_2,ACTIVE,22.52,4578.89,14854.15,12,12681.58,f,NONE,NONE,65,19.46,,46915ca1-4634-4218-9992-51678a862490,2026-08-27 11:28:00.06035+00,2026-09-02 15:27:18.520164+00
DAILY20260903LN06,08bfc94b-f4a3-45ae-b761-5a2222bda48d,AUTO,ABC Bank,GGN044,1113280,1033760,795200,850864,14200,14200,2022-01-15,2025-01-15,2025-11-10,2026-09-03,32,BUCKET_2,ACTIVE,14.5,47712,7952,,0,f,NONE,NONE,26.7,26.7,,4698f10e-19c8-419a-880f-054f8246aa12,2026-09-02 15:33:15.588007+00,2026-09-02 15:33:15.588007+00
DAILY20260906LN90,2be4a602-801f-4fd0-b188-2cb742cbff6d,CREDIT_CARD,ABC Bank,GGN044,446880,414960,319200,341544,5700,5700,2022-01-15,2025-01-15,2025-11-10,2026-09-06,47,BUCKET_2,ACTIVE,14.5,19152,3192,,0,f,NONE,NONE,39.2,39.2,,46c63841-a95a-48cf-9f22-d3a8a6a978cc,2026-09-06 13:30:49.341962+00,2026-09-06 13:30:49.341964+00
DAILY20260921LN84,dc9dfe4a-4f7e-4e79-9c02-cbae590e8aec,PERSONAL,ABC Bank,GGN044,260400,241800,186000,199020,18600,6200,2022-01-15,2025-01-15,2025-11-10,2026-09-21,95,NPA,NPA,14.5,11160,1860,,0,t,NONE,NONE,79.2,79.2,,46d5807d-635d-4403-ab44-7fd19becf8f7,2026-09-21 04:52:59.862403+00,2026-09-21 04:52:59.862408+00
LN000000213,e83946da-6bc2-458c-a53c-e1d9b40d9073,CREDIT_CARD,ABC Bank,BR9761,643911.99,593464.33,515984.82,532863.13,56259.21,9970,2023-09-24,2030-08-18,2026-04-15,2026-09-20,120,NPA,NPA,10.38,15606.35,912.26,84,6523.38,t,SUIT_FILED,NEGOTIATING,88.5,100,,479e7432-cd6d-43bf-b4f8-ee96f5eb6720,2026-08-27 11:28:00.0604+00,2026-09-02 15:27:18.520164+00
DAILY20260906LN45,0d24dae7-98cc-494b-9bc3-c3f3eaed6b46,EDUCATION,ABC Bank,GGN044,399448,370916,285320,305292.4,20380,20380,2022-01-15,2025-01-15,2025-11-10,2026-09-06,47,BUCKET_2,ACTIVE,14.5,17119.2,2853.2,,0,f,NONE,NONE,39.2,39.2,,48371c79-b26f-4e00-ab05-7084ef95ea9c,2026-09-06 13:30:49.042459+00,2026-09-06 13:30:49.042462+00
DAILY20260903LN125,17c49de4-7aee-4c1f-9f23-b8b3e01440a2,AUTO,ABC Bank,GGN044,1449000,1345500,1035000,1107450,45000,22500,2022-01-15,2025-01-15,2025-11-10,2026-09-03,65,BUCKET_3,ACTIVE,14.5,62100,10350,,0,f,NONE,NONE,54.2,54.2,,4885685c-10ee-4940-bee9-43bc17b6e98f,2026-09-02 15:33:16.068244+00,2026-09-02 15:33:16.068244+00
DAILY20260907LN44,c808133a-8085-4199-aa81-f9fb812a4bbf,HOME,ABC Bank,GGN044,960568,891956,686120,734148.4,80720,20180,2022-01-15,2025-01-15,2025-11-10,2026-09-07,120,NPA,NPA,14.5,41167.2,6861.2,,0,t,NONE,NONE,100,100,,48a3c376-007a-4d7f-a120-3b24d0403352,2026-09-07 04:59:06.043998+00,2026-09-07 04:59:06.044+00
LN000000321,41fca73b-4b15-4500-9bb1-6370c024f56e,MICROFINANCE,ABC Bank,BR7576,103124.48,98731.41,75810.82,78220.82,15152.52,3180,2024-01-10,2027-12-20,2026-04-23,2026-09-17,120,NPA,NPA,23.29,2072.49,180.09,48,1704.43,t,SARFAESI,NONE,88.6,84.12,,48a4316a-42e5-4648-9fd3-9a5d6089100f,2026-08-27 11:28:00.060531+00,2026-09-02 15:27:18.520164+00
DAILY20260906LN88,3c204773-6e39-4ebb-bf32-2f8572da79a8,BUSINESS,ABC Bank,GGN044,1916488,1779596,1368920,1464744.4,48890,48890,2022-01-15,2025-01-15,2025-11-10,2026-09-06,47,BUCKET_2,ACTIVE,14.5,82135.2,13689.2,,0,f,NONE,NONE,39.2,39.2,,48b27b0b-33bb-4f9c-af26-4074502d386a,2026-09-06 13:30:49.331236+00,2026-09-06 13:30:49.331239+00
DAILY20260921LN171,35c8be36-010b-40ff-b00f-fc9e5fa2a301,HOME,ABC Bank,GGN044,3053680,2835560,2181200,2333884,249280,62320,2022-01-15,2025-01-15,2025-11-10,2026-09-21,120,NPA,NPA,14.5,130872,21812,,0,t,NONE,NONE,100,100,,48e67bbc-456b-4b0c-9dba-d0651a67ce65,2026-09-21 04:53:00.62603+00,2026-09-21 04:53:00.626035+00
LN000000259,0212a882-e655-4907-a63c-0a2ee780157a,HOME,ABC Bank,BR8875,831528.24,767506.67,311385.29,321562.54,126554.78,70000,2023-09-21,2024-09-15,2026-07-07,2026-09-10,50,BUCKET_2,ACTIVE,17,9723.74,288.43,12,38962.82,f,NONE,NONE,42.3,100,,4922ad89-3579-4c03-98ea-481df42aced1,2026-08-27 11:28:00.060456+00,2026-09-02 15:27:18.520164+00
DAILY20260921LN77,0d78b641-8f6e-4d1e-b551-394afa82bf79,AUTO,ABC Bank,GGN044,1681680,1561560,1201200,1285284,87360,21840,2022-01-15,2025-01-15,2025-11-10,2026-09-21,120,NPA,NPA,14.5,72072,12012,,0,t,NONE,NONE,100,100,,492d7aff-7acf-4ab1-be85-32ebf56b8280,2026-09-21 04:52:59.81974+00,2026-09-21 04:52:59.819742+00
DAILY20260907LN108,190d7f3a-bae8-4438-93d4-09d92a39ac7c,CREDIT_CARD,ABC Bank,GGN044,855792,794664,611280,654069.6,11320,11320,2022-01-15,2025-01-15,2025-11-10,2026-09-07,32,BUCKET_2,ACTIVE,14.5,36676.8,6112.8,,0,f,NONE,NONE,26.7,26.7,,497a84ea-0b3b-4de3-b6d7-5402dde20f88,2026-09-07 04:59:06.438516+00,2026-09-07 04:59:06.438519+00
DAILY20260918LN58,37cc6948-91e2-4098-bc34-e8912b368099,AUTO,ABC Bank,GGN044,733600,681200,524000,560680,62880,20960,2022-01-15,2025-01-15,2025-11-10,2026-09-18,95,NPA,NPA,14.5,31440,5240,,0,t,NONE,NONE,79.2,79.2,,49a5976c-e09f-4bd2-94be-11430c739017,2026-09-18 06:49:34.323317+00,2026-09-18 06:49:34.32332+00
DAILY20260906LN167,5591f7b8-bcea-4f36-9ae0-33f04836a963,GOLD,ABC Bank,GGN044,230496,214032,164640,176164.8,29400,5880,2022-01-15,2025-01-15,2025-11-10,2026-09-06,155,NPA,NPA,14.5,9878.4,1646.4,,0,t,NONE,NONE,129.2,129.2,,49a84b7f-3651-48f3-89d5-40c73ab93f3a,2026-09-06 13:30:49.826241+00,2026-09-06 13:30:49.826244+00
LN000000233,9c8b413a-0404-46b6-b5f1-c52686328deb,HOME,ABC Bank,BR3644,1853822.8,1810599.47,1027078.22,1083663.57,67784.71,37780,2024-12-24,2031-11-18,2026-07-12,2026-09-03,35,BUCKET_2,ACTIVE,17.74,24339.24,20527.18,84,22626.5,f,NONE,NONE,54.7,29.12,,49b4eb30-7a2e-412e-b904-53a7fb1785f6,2026-08-27 11:28:00.060423+00,2026-09-02 15:27:18.520164+00
DAILY20260918LN01,0f1ae83c-9f0f-42ce-8449-c01ecfb0d7a5,BUSINESS,ABC Bank,GGN044,885248,822016,632320,676582.4,33280,33280,2022-01-15,2025-01-15,2025-11-10,2026-09-18,32,BUCKET_2,ACTIVE,14.5,37939.2,6323.2,,0,f,NONE,NONE,26.7,26.7,,49e7ca87-6e68-4f9e-acf9-46fbde93fcfb,2026-09-18 06:49:34.02686+00,2026-09-18 06:49:34.026863+00
DAILY20260903LN87,9e1d46f0-c322-48d8-926a-a006050e861d,EDUCATION,ABC Bank,GGN044,1016750,944125,726250,777087.5,20750,20750,2022-01-15,2025-01-15,2025-11-10,2026-09-03,32,BUCKET_2,ACTIVE,14.5,43575,7262.5,,0,f,NONE,NONE,26.7,26.7,,4a25d481-ec51-4b47-aa18-20faaed32dba,2026-09-02 15:33:15.922892+00,2026-09-02 15:33:15.922892+00
DAILY20260907LN42,5d843c82-7383-4d92-be2f-0e548bb882b5,MICROFINANCE,ABC Bank,GGN044,126336,117312,90240,96556.8,1880,1880,2022-01-15,2025-01-15,2025-11-10,2026-09-07,32,BUCKET_2,ACTIVE,14.5,5414.4,902.4,,0,f,NONE,NONE,26.7,26.7,,4a3e5506-d5be-4d18-926b-630916c79ad9,2026-09-07 04:59:06.032205+00,2026-09-07 04:59:06.032208+00
DAILY20260907LN122,57efe0e2-21be-4355-84c4-4fb51e86a90c,HOME,ABC Bank,GGN044,536928,498576,383520,410366.4,15980,15980,2022-01-15,2025-01-15,2025-11-10,2026-09-07,32,BUCKET_2,ACTIVE,14.5,23011.2,3835.2,,0,f,NONE,NONE,26.7,26.7,,4a46947a-3cec-4b2d-ba24-70046b968598,2026-09-07 04:59:06.524558+00,2026-09-07 04:59:06.52456+00
LN000000342,65f3403d-3e79-40fb-bb72-59ff9d8b27e0,PERSONAL,ABC Bank,BR3903,381897.22,366093.38,253756.2,274671.28,85861.05,14330,2022-11-19,2025-11-03,2026-02-24,2026-09-18,180,NPA,NPA,23.83,12140.58,5924,36,11097.42,t,NONE,NONE,100,90.76,,4a570f88-62af-484a-8183-28f819c782fe,2026-08-27 11:28:00.060556+00,2026-09-02 15:27:18.520164+00
DAILY20260907LN79,0053961a-a138-4591-ad17-2199c4636e13,MICROFINANCE,ABC Bank,GGN044,42924,39858,30660,32806.2,7300,1460,2022-01-15,2025-01-15,2025-11-10,2026-09-07,155,NPA,NPA,14.5,1839.6,306.6,,0,t,NONE,NONE,129.2,129.2,,4a5a43c3-7f0c-41ca-bf1d-58da6f94bdb6,2026-09-07 04:59:06.265861+00,2026-09-07 04:59:06.265865+00
DAILY20260921LN183,5ca748d8-7ffb-45dd-98ba-37e8d3c22de8,CREDIT_CARD,ABC Bank,GGN044,325710,302445,232650,248935.5,9900,4950,2022-01-15,2025-01-15,2025-11-10,2026-09-21,65,BUCKET_3,ACTIVE,14.5,13959,2326.5,,0,f,NONE,NONE,54.2,54.2,,4a62b3e4-cae0-4340-9fbf-083805e19cbf,2026-09-21 04:53:00.707521+00,2026-09-21 04:53:00.707525+00
LN000000462,8ac67a04-0429-474b-83f0-f32bec5ecc5b,GOLD,ABC Bank,BR7132,526099.22,520646.75,242851.26,249363.04,110031.72,11080,2021-10-15,2026-09-19,2025-11-27,2026-09-18,270,NPA,NPA,10.07,3926.75,1988.52,60,4787,t,NONE,NONE,100,100,,4ac5c589-f393-488b-975d-28f9e0d31ee0,2026-08-27 11:28:00.060699+00,2026-09-02 15:27:18.520164+00
DAILY20260907LN116,14fcce86-2ce0-4b37-9184-ad20a8eb319e,GOLD,ABC Bank,GGN044,568288,527696,405920,434334.4,13760,6880,2022-01-15,2025-01-15,2025-11-10,2026-09-07,88,BUCKET_3,ACTIVE,14.5,24355.2,4059.2,,0,f,NONE,NONE,73.3,73.3,,4b175601-1e6b-4598-8cbf-8527518a182b,2026-09-07 04:59:06.491332+00,2026-09-07 04:59:06.491334+00
DAILY20260918LN109,912a205a-5596-4036-b31f-f590692f3afc,AUTO,ABC Bank,GGN044,385056,357552,275040,294292.8,61120,15280,2022-01-15,2025-01-15,2025-11-10,2026-09-18,120,NPA,NPA,14.5,16502.4,2750.4,,0,t,NONE,NONE,100,100,,4b7a6136-be8c-4a34-b925-382bec73f02e,2026-09-18 06:49:34.643321+00,2026-09-18 06:49:34.643324+00
DAILY20260907LN174,4485d06b-9424-4cb3-8bfe-fea8db857201,MICROFINANCE,ABC Bank,GGN044,235788,218946,168420,180209.4,8020,4010,2022-01-15,2025-01-15,2025-11-10,2026-09-07,65,BUCKET_3,ACTIVE,14.5,10105.2,1684.2,,0,f,NONE,NONE,54.2,54.2,,4bb9853a-9399-4a95-a3ab-f1c7b24516a3,2026-09-07 04:59:06.815982+00,2026-09-07 04:59:06.815985+00
DAILY20260903LN127,23e16078-a892-43f5-b59d-db8f7587f66d,HOME,ABC Bank,GGN044,1780240,1653080,1271600,1360612,69360,23120,2022-01-15,2025-01-15,2025-11-10,2026-09-03,95,NPA,NPA,14.5,76296,12716,,0,t,NONE,NONE,79.2,79.2,,4bc2db9c-311a-43fe-88e9-d1dd981d7b47,2026-09-02 15:33:16.080245+00,2026-09-02 15:33:16.080245+00
DAILY20260831LN01,7c29ea4c-37d7-42fd-9a3f-5e9a0e779672,BUSINESS,ABC Bank,GGN044,898632.71,834444.66,641880.5,686812.13,192564.15,17830,2022-01-15,2025-01-15,2025-11-10,2026-08-31,32,BUCKET_2,ACTIVE,14.5,38512.82,6418.81,,0,f,NONE,NONE,26.7,26.7,,4bc7df84-4d85-469f-a548-b8d9149c1ae2,2026-08-31 04:40:22.255605+00,2026-09-02 15:27:18.534178+00
DAILY20260903LN137,2629fec0-8412-45a2-bfe9-c19f55f6dc59,PERSONAL,ABC Bank,GGN044,618240,574080,441600,472512,36800,7360,2022-01-15,2025-01-15,2025-11-10,2026-09-03,155,NPA,NPA,14.5,26496,4416,,0,t,NONE,NONE,129.2,129.2,,4bd03e49-4ae3-44bc-b46f-97b056ba6efa,2026-09-02 15:33:16.099983+00,2026-09-02 15:33:16.099983+00
DAILY20260921LN69,17205e32-4e5f-4dd9-96f0-9c69f235f471,CREDIT_CARD,ABC Bank,GGN044,184632,171444,131880,141111.6,25120,6280,2022-01-15,2025-01-15,2025-11-10,2026-09-21,120,NPA,NPA,14.5,7912.8,1318.8,,0,t,NONE,NONE,100,100,,4be512be-891d-4fdf-87c7-4707947e4d53,2026-09-21 04:52:59.769204+00,2026-09-21 04:52:59.769209+00
DAILY20260906LN32,07816f56-9533-48bf-8339-6d4490f9e429,CREDIT_CARD,ABC Bank,GGN044,558432,518544,398880,426801.6,11080,11080,2022-01-15,2025-01-15,2025-11-10,2026-09-06,47,BUCKET_2,ACTIVE,14.5,23932.8,3988.8,,0,f,NONE,NONE,39.2,39.2,,4bf8b235-f456-4bce-af4f-d6c4c8a52f77,2026-09-06 13:30:48.864684+00,2026-09-06 13:30:48.864688+00
LN000000227,630a7599-12b4-4892-866d-d96edb9ace45,AUTO,ABC Bank,BR9402,556591.57,528386.6,396939.52,414820.12,269281.59,24680,2022-01-22,2024-01-12,2025-11-28,2026-09-07,270,NPA,ACTIVE,11.22,15203.01,2412.85,24,20338.44,t,NONE,NONE,100,100,,4c0fe415-9342-4c27-a79a-1291d2e51afb,2026-08-27 11:28:00.060416+00,2026-09-02 15:27:18.536197+00
DAILY20260907LN86,55a51110-80ce-483b-bc1a-7608daf60b30,GOLD,ABC Bank,GGN044,429030,398385,306450,327901.5,13620,6810,2022-01-15,2025-01-15,2025-11-10,2026-09-07,88,BUCKET_3,ACTIVE,14.5,18387,3064.5,,0,f,NONE,NONE,73.3,73.3,,4c2a4483-d8f9-46cf-aad7-e520191ed96d,2026-09-07 04:59:06.310262+00,2026-09-07 04:59:06.310265+00
DAILY20260907LN55,d95fd9ac-8985-404b-8243-828be99f9eaf,GOLD,ABC Bank,GGN044,469560,436020,335400,358878,38700,12900,2022-01-15,2025-01-15,2025-11-10,2026-09-07,95,NPA,NPA,14.5,20124,3354,,0,t,NONE,NONE,79.2,79.2,,4c7c6965-22a5-4909-a592-fee699918724,2026-09-07 04:59:06.114758+00,2026-09-07 04:59:06.114761+00
DAILY20260903LN178,d7e8ed9e-625a-4929-8b83-ad2ee0ad3259,PERSONAL,ABC Bank,GGN044,199584,185328,142560,152539.2,21120,5280,2022-01-15,2025-01-15,2025-11-10,2026-09-03,120,NPA,NPA,14.5,8553.6,1425.6,,0,t,NONE,NONE,100,100,,4c82cc04-98fe-4912-a682-49c6a8a41740,2026-09-02 15:33:16.252949+00,2026-09-02 15:33:16.252949+00
DAILY20260903LN76,a8d312eb-ba9c-4f37-b8b6-2d19302e4750,GOLD,ABC Bank,GGN044,191114,177463,136510,146065.7,40150,8030,2022-01-15,2025-01-15,2025-11-10,2026-09-03,155,NPA,NPA,14.5,8190.6,1365.1,,0,t,NONE,NONE,129.2,129.2,,4d451810-bbb6-4420-b93a-b1893f8642c7,2026-09-02 15:33:15.863631+00,2026-09-02 15:33:15.863631+00
DAILY20260921LN73,456570c2-b329-4617-894a-947bc9e00ab6,PERSONAL,ABC Bank,GGN044,574728,533676,410520,439256.4,46650,9330,2022-01-15,2025-01-15,2025-11-10,2026-09-21,155,NPA,NPA,14.5,24631.2,4105.2,,0,t,NONE,NONE,129.2,129.2,,4d4540f5-4a76-4618-b7ba-2e06b79a0901,2026-09-21 04:52:59.795869+00,2026-09-21 04:52:59.795873+00
DAILY20260921LN16,d50025ea-d9b9-4f79-86c7-898a80f0a23d,HOME,ABC Bank,GGN044,1698928,1577576,1213520,1298466.4,55160,55160,2022-01-15,2025-01-15,2025-11-10,2026-09-21,47,BUCKET_2,ACTIVE,14.5,72811.2,12135.2,,0,f,NONE,NONE,39.2,39.2,,4d554318-bdc3-44af-9335-98b35e8d53ed,2026-09-21 04:52:59.4721+00,2026-09-21 04:52:59.472105+00
DAILY20260921LN107,f4a8914a-c6cd-4cea-82f7-dfcdf4fa60f3,PERSONAL,ABC Bank,GGN044,274400,254800,196000,209720,24500,12250,2022-01-15,2025-01-15,2025-11-10,2026-09-21,65,BUCKET_3,ACTIVE,14.5,11760,1960,,0,f,NONE,NONE,54.2,54.2,,4d8bba13-6441-49cc-ae99-33ec3369f528,2026-09-21 04:53:00.039716+00,2026-09-21 04:53:00.03972+00
DAILY20260906LN24,e171815b-8579-4f6c-9dde-0e389eea5f78,GOLD,ABC Bank,GGN044,286650,266175,204750,219082.5,16380,8190,2022-01-15,2025-01-15,2025-11-10,2026-09-06,88,BUCKET_3,ACTIVE,14.5,12285,2047.5,,0,f,NONE,NONE,73.3,73.3,,4d918fd4-6bb8-4503-a1c8-03ff98e451cd,2026-09-06 13:30:48.808143+00,2026-09-06 13:30:48.808146+00
DAILY20260906LN165,e793d777-dd23-4e15-af6f-d6f6a785e9b9,MICROFINANCE,ABC Bank,GGN044,93016,86372,66440,71090.8,3020,1510,2022-01-15,2025-01-15,2025-11-10,2026-09-06,88,BUCKET_3,ACTIVE,14.5,3986.4,664.4,,0,f,NONE,NONE,73.3,73.3,,4d97527a-2ca0-42d6-8cce-d1041419d9e1,2026-09-06 13:30:49.8136+00,2026-09-06 13:30:49.813603+00
LN000000077,4bd7b5e4-b853-4646-9e8d-f0d0e3bffa6f,PERSONAL,ABC Bank,BR6013,1055145.95,1050477.13,735743.22,747980.47,71162.16,25900,2021-09-23,2026-08-28,2026-06-10,2026-09-15,65,BUCKET_3,ACTIVE,16.63,10999.31,542.87,60,24170.54,f,NONE,NONE,84.8,100,,4dbf0f3b-04ed-4ce4-891f-251802f5241d,2026-08-27 11:28:00.06023+00,2026-09-02 15:27:18.536197+00
DAILY20260906LN53,3d384f89-0dda-4b20-bee1-381aeb959b31,BUSINESS,ABC Bank,GGN044,1003212,931554,716580,766740.6,53080,26540,2022-01-15,2025-01-15,2025-11-10,2026-09-06,65,BUCKET_3,ACTIVE,14.5,42994.8,7165.8,,0,f,NONE,NONE,54.2,54.2,,4e3fcdc6-4eec-41da-9e2d-eaa16f32d241,2026-09-06 13:30:49.099529+00,2026-09-06 13:30:49.099533+00
DAILY20260903LN166,235eee70-e529-4207-bf55-986f826ab245,EDUCATION,ABC Bank,GGN044,909440,844480,649600,695072,58000,11600,2022-01-15,2025-01-15,2025-11-10,2026-09-03,155,NPA,NPA,14.5,38976,6496,,0,t,NONE,NONE,129.2,129.2,,4e4c0f9c-0271-4cdd-a2eb-96868d10d571,2026-09-02 15:33:16.216261+00,2026-09-02 15:33:16.216261+00
DAILY20260903LN181,4f0bf68a-1376-4469-9cfc-3affacbf95a1,BUSINESS,ABC Bank,GGN044,1546244,1435798,1104460,1181772.2,48020,48020,2022-01-15,2025-01-15,2025-11-10,2026-09-03,47,BUCKET_2,ACTIVE,14.5,66267.6,11044.6,,0,f,NONE,NONE,39.2,39.2,,4e52f2c8-0e70-4def-9fda-bdd0c99845ae,2026-09-02 15:33:16.271815+00,2026-09-02 15:33:16.271815+00
LN000000437,4f8bfadf-b2bc-41d8-82ef-ac42eac891d6,AUTO,ABC Bank,BR4425,629643.48,575224.73,289840.74,310981.24,85708.25,29370,2025-12-16,2027-12-06,2026-06-21,2026-09-04,65,BUCKET_3,ACTIVE,20.33,19324.49,1460.86,24,17753.83,f,NONE,NONE,68.5,100,,4e616207-c78b-4df0-9375-cc3ab4b46ddd,2026-08-27 11:28:00.06067+00,2026-09-02 15:27:18.536197+00
DAILY20260921LN00,dd1bbf3b-f161-4f36-9d3a-43cb97645db1,PERSONAL,ABC Bank,GGN044,984480,914160,703200,752424,87900,17580,2022-01-15,2025-01-15,2025-11-10,2026-09-21,155,NPA,NPA,14.5,42192,7032,,0,t,NONE,NONE,129.2,129.2,,4f6b2ea1-3e7b-40bf-ba5f-dcaaab471f87,2026-09-21 04:52:59.323245+00,2026-09-21 04:52:59.323253+00
LN000000412,58c36194-ac80-4d4c-9ac4-3ded3c732c24,PERSONAL,ABC Bank,BR5956,211994.53,193077.72,156821.59,189462.17,38821.77,9480,2024-07-30,2026-07-20,2026-05-18,2026-09-17,95,NPA,ACTIVE,16.28,6785.15,21162.8,24,8886.13,t,NOTICE_SENT,NONE,70.6,44.84,,4f6de79b-dfbe-472c-a286-8614d60f8a6f,2026-08-27 11:28:00.060639+00,2026-09-02 15:27:18.536197+00
DAILY20260903LN165,a294db46-f78a-4163-aee1-4ed53973e32a,PERSONAL,ABC Bank,GGN044,822416,763672,587440,628560.8,20980,10490,2022-01-15,2025-01-15,2025-11-10,2026-09-03,65,BUCKET_3,ACTIVE,14.5,35246.4,5874.4,,0,f,NONE,NONE,54.2,54.2,,4f934b70-5818-4073-9123-7eeaafd2c457,2026-09-02 15:33:16.200157+00,2026-09-02 15:33:16.200157+00
LN000000421,903c0bf7-45d1-45bb-9a8a-5a9ba0e09942,PERSONAL,ABC Bank,BR1488,1314652.37,1185583.42,476432.06,488114.46,179821.27,25150,2021-11-12,2031-09-21,2026-01-19,2026-09-22,210,NPA,NPA,22.79,10547.93,465.63,120,22939.41,t,NONE,NEGOTIATING,100,100,,4fa285a5-856d-4e7d-bc64-cbb5fa2f6116,2026-08-27 11:28:00.06065+00,2026-09-02 15:27:18.536197+00
DAILY20260903LN179,531cc0e6-6aa5-4b27-b6ba-4ab467591897,HOME,ABC Bank,GGN044,1427328,1325376,1019520,1090886.4,63720,63720,2022-01-15,2025-01-15,2025-11-10,2026-09-03,47,BUCKET_2,ACTIVE,14.5,61171.2,10195.2,,0,f,NONE,NONE,39.2,39.2,,4fb80cd1-5bb9-450a-b98f-1e26e5e19261,2026-09-02 15:33:16.264+00,2026-09-02 15:33:16.264+00
LN000000136,84af29e5-3104-4b3a-ab08-84b86b90579c,BUSINESS,ABC Bank,BR6690,1466355.25,1410488.63,945217.14,966134.52,343791.29,38700,2025-01-11,2028-12-21,2025-11-19,2026-09-19,270,NPA,NPA,14.22,16330.43,2890.26,48,25893.76,t,NOTICE_SENT,OFFERED,100,100,,4fc9b9d5-efd8-41d4-8c83-5265c3c7437b,2026-08-27 11:28:00.060306+00,2026-09-02 15:27:18.536197+00
LN000000157,13f4cf5d-84f8-4fe3-a737-9f00fba0ade3,CREDIT_CARD,ABC Bank,BR1648,248920.76,233072.68,117647.27,121689.08,40371.75,10890,2023-07-31,2025-07-20,2026-05-13,2026-09-09,95,NPA,ACTIVE,11.25,2749.85,1012.71,24,9968.73,t,NONE,NONE,65.2,91.54,,4ff26bc5-5968-4a0b-94a5-eb695747bd0a,2026-08-27 11:28:00.060331+00,2026-09-02 15:27:18.536197+00
DAILY20260906LN87,d9fa7a8a-80c9-493d-9b34-b44317a3770a,GOLD,ABC Bank,GGN044,810670,752765,579050,619583.5,31300,15650,2022-01-15,2025-01-15,2025-11-10,2026-09-06,65,BUCKET_3,ACTIVE,14.5,34743,5790.5,,0,f,NONE,NONE,54.2,54.2,,50044d95-853f-4e5c-b607-f34124db9254,2026-09-06 13:30:49.326412+00,2026-09-06 13:30:49.326415+00
DAILY20260918LN67,398b7d0b-e909-4019-b3ae-aef064d44358,HOME,ABC Bank,GGN044,2436728,2262676,1740520,1862356.4,65680,32840,2022-01-15,2025-01-15,2025-11-10,2026-09-18,65,BUCKET_3,ACTIVE,14.5,104431.2,17405.2,,0,f,NONE,NONE,54.2,54.2,,500fd23a-879e-4f04-8d88-a9f0b34663bd,2026-09-18 06:49:34.377327+00,2026-09-18 06:49:34.37733+00
DAILY20260921LN164,5c58bb80-ea71-444c-b2a0-a097dcac0af9,HOME,ABC Bank,GGN044,1732416,1608672,1237440,1324060.8,206240,51560,2022-01-15,2025-01-15,2025-11-10,2026-09-21,120,NPA,NPA,14.5,74246.4,12374.4,,0,t,NONE,NONE,100,100,,50163df1-889b-41c2-8b68-c5c7a1411f24,2026-09-21 04:53:00.58013+00,2026-09-21 04:53:00.580136+00
DAILY20260918LN76,a638c245-fd3d-4d64-b626-cf762096e691,HOME,ABC Bank,GGN044,1403808,1303536,1002720,1072910.4,41780,20890,2022-01-15,2025-01-15,2025-11-10,2026-09-18,88,BUCKET_3,ACTIVE,14.5,60163.2,10027.2,,0,f,NONE,NONE,73.3,73.3,,50166153-4328-40dd-b4d1-4a21e303bbf1,2026-09-18 06:49:34.431692+00,2026-09-18 06:49:34.431697+00
LN000000195,c6df4f28-1e1b-477c-8bee-cb9564db4016,EDUCATION,ABC Bank,BR2989,259503.85,245496.37,101691.8,104889.89,47525.87,21670,2022-07-09,2023-07-04,2026-07-07,2026-09-13,50,BUCKET_2,ACTIVE,10.76,2631.46,394.32,12,17789.85,f,NONE,NONE,48.8,95.58,,501d8076-54a0-4226-8397-d3fce7e5a8de,2026-08-27 11:28:00.060378+00,2026-09-02 15:27:18.536197+00
DAILY20260903LN60,5b11bcaa-7143-449c-9d1d-c440eb9b009b,GOLD,ABC Bank,GGN044,575960,534820,411400,440198,18700,9350,2022-01-15,2025-01-15,2025-11-10,2026-09-03,88,BUCKET_3,ACTIVE,14.5,24684,4114,,0,f,NONE,NONE,73.3,73.3,,5096f25a-0951-4c9f-a0b2-e71bdf0b688a,2026-09-02 15:33:15.800372+00,2026-09-02 15:33:15.800372+00
DAILY20260921LN02,109d6106-554e-4a61-a86f-b46c37df6fa3,AUTO,ABC Bank,GGN044,614880,570960,439200,469944,54900,27450,2022-01-15,2025-01-15,2025-11-10,2026-09-21,88,BUCKET_3,ACTIVE,14.5,26352,4392,,0,f,NONE,NONE,73.3,73.3,,50a9b784-b503-4467-aa52-b6328c581493,2026-09-21 04:52:59.362056+00,2026-09-21 04:52:59.362062+00
DAILY20260918LN88,a9c2970d-1f9c-4fb7-ae15-aa1686ed21e9,EDUCATION,ABC Bank,GGN044,576072,534924,411480,440283.6,45720,15240,2022-01-15,2025-01-15,2025-11-10,2026-09-18,95,NPA,NPA,14.5,24688.8,4114.8,,0,t,NONE,NONE,79.2,79.2,,50e2f0cc-860b-4158-b97d-53f7649ecc61,2026-09-18 06:49:34.505217+00,2026-09-18 06:49:34.505222+00
LN000000429,4ad4940f-85d4-4a79-9f13-81b88dd0d9f3,BUSINESS,ABC Bank,BR5144,1250637.38,1177042.75,911198.95,936284.44,87910.97,42610,2025-06-18,2028-06-02,2026-07-04,2026-09-23,50,BUCKET_2,ACTIVE,18.1,24544.8,323.19,36,31785.76,f,NONE,NONE,74.1,100,,50f48933-ce98-46d7-87ed-3562f5d5335e,2026-08-27 11:28:00.06066+00,2026-09-02 15:27:18.536197+00
LN000000134,26eef40b-9a0b-44e8-b11a-3ced97476655,AUTO,ABC Bank,BR5133,445093.25,411576.33,307142.32,321777.4,40155.74,21460,2025-11-14,2027-11-04,2026-07-08,2026-09-06,35,BUCKET_2,ACTIVE,22.53,11546.14,1817.55,24,13265.47,f,NONE,NONE,41.8,41.93,,5115d79b-2d6b-4606-b528-4caaf22020c4,2026-08-27 11:28:00.060303+00,2026-09-02 15:27:18.536197+00
DAILY20260907LN124,0fc3f14b-948a-4ce9-b8a0-4f02f0ac5ac3,AUTO,ABC Bank,GGN044,752836,699062,537740,575381.8,23380,23380,2022-01-15,2025-01-15,2025-11-10,2026-09-07,32,BUCKET_2,ACTIVE,14.5,32264.4,5377.4,,0,f,NONE,NONE,26.7,26.7,,51668af1-ef34-461b-9c10-8bb8f8827403,2026-09-07 04:59:06.534207+00,2026-09-07 04:59:06.534209+00
DAILY20260906LN137,9de1eebc-41e6-4def-8a3a-18d681214c30,GOLD,ABC Bank,GGN044,1186332,1101594,847380,906696.6,43830,14610,2022-01-15,2025-01-15,2025-11-10,2026-09-06,95,NPA,NPA,14.5,50842.8,8473.8,,0,t,NONE,NONE,79.2,79.2,,51721c17-bdf5-4726-8c98-b4c74fde0d9b,2026-09-06 13:30:49.631611+00,2026-09-06 13:30:49.631613+00
DAILY20260918LN34,46186810-c259-4188-8be0-1f95d05a2953,AUTO,ABC Bank,GGN044,1249598,1160341,892570,955049.9,21770,21770,2022-01-15,2025-01-15,2025-11-10,2026-09-18,32,BUCKET_2,ACTIVE,14.5,53554.2,8925.7,,0,f,NONE,NONE,26.7,26.7,,52537944-f372-43f2-bf77-9a199b7c8f68,2026-09-18 06:49:34.191938+00,2026-09-18 06:49:34.191941+00
DAILY20260907LN131,bd155032-ca77-46d3-95a9-64024d984e0c,GOLD,ABC Bank,GGN044,531440,493480,379600,406172,14600,14600,2022-01-15,2025-01-15,2025-11-10,2026-09-07,32,BUCKET_2,ACTIVE,14.5,22776,3796,,0,f,NONE,NONE,26.7,26.7,,527261c5-e3ad-4597-b3fe-712263ff62f5,2026-09-07 04:59:06.56913+00,2026-09-07 04:59:06.569133+00
DAILY20260907LN60,da87536b-c3a1-4916-a163-4475ef41e05e,CREDIT_CARD,ABC Bank,GGN044,91560,85020,65400,69978,21800,4360,2022-01-15,2025-01-15,2025-11-10,2026-09-07,155,NPA,NPA,14.5,3924,654,,0,t,NONE,NONE,129.2,129.2,,52bd9298-8d1e-44a9-9fec-636ffcf10891,2026-09-07 04:59:06.147166+00,2026-09-07 04:59:06.14717+00
DAILY20260921LN89,4d61079b-983b-4156-9218-8b44dd2a71cc,AUTO,ABC Bank,GGN044,251804,233818,179860,192450.2,42320,10580,2022-01-15,2025-01-15,2025-11-10,2026-09-21,120,NPA,NPA,14.5,10791.6,1798.6,,0,t,NONE,NONE,100,100,,52cedd27-607d-4696-aee9-a907102b8bf3,2026-09-21 04:52:59.901128+00,2026-09-21 04:52:59.901133+00
DAILY20260918LN128,c2bee8e8-68e4-40b6-9ea1-d761e19c8647,HOME,ABC Bank,GGN044,1186752,1101984,847680,907017.6,70640,35320,2022-01-15,2025-01-15,2025-11-10,2026-09-18,88,BUCKET_3,ACTIVE,14.5,50860.8,8476.8,,0,f,NONE,NONE,73.3,73.3,,5306920d-d2f8-4874-8cbf-ef391203198b,2026-09-18 06:49:34.754006+00,2026-09-18 06:49:34.754009+00
DAILY20260921LN78,765a109c-3bee-41a1-b424-4192d7da9e4d,AUTO,ABC Bank,GGN044,722260,670670,515900,552013,14740,14740,2022-01-15,2025-01-15,2025-11-10,2026-09-21,47,BUCKET_2,ACTIVE,14.5,30954,5159,,0,f,NONE,NONE,39.2,39.2,,530d945a-f0b8-4223-963e-b161f13dd074,2026-09-21 04:52:59.825421+00,2026-09-21 04:52:59.825425+00
DAILY20260921LN26,898d8233-f862-4126-a3c6-27b1dd0e1927,HOME,ABC Bank,GGN044,1033760,959920,738400,790088,113600,28400,2022-01-15,2025-01-15,2025-11-10,2026-09-21,120,NPA,NPA,14.5,44304,7384,,0,t,NONE,NONE,100,100,,532d095b-8ff0-40c6-adf5-94f90353e30f,2026-09-21 04:52:59.540033+00,2026-09-21 04:52:59.540038+00
LN000000460,a0158dd5-b538-448d-b064-7c85fffff52d,BUSINESS,ABC Bank,BR2448,641763.5,580562.26,475006.79,483995.24,185296.7,53700,2023-10-09,2024-10-03,2026-05-14,2026-09-18,105,NPA,NPA,19.71,7944.78,413.21,12,33926.07,t,NONE,NONE,73.7,100,,535742d9-b971-409d-9612-e3a8e0140a65,2026-08-27 11:28:00.060696+00,2026-09-02 15:27:18.536197+00
LN000000010,eaa3c7cc-4dca-459d-b00d-ab2c7f69bd9a,HOME,ABC Bank,BR2391,1937856.3,1749283.47,974501.01,1015935.77,192719.41,67240,2023-10-06,2026-09-20,2026-06-21,2026-08-31,65,BUCKET_3,ACTIVE,22.48,38660.96,2441.57,36,61952.51,f,NONE,NONE,68.8,100,,53616736-7990-44bc-b42a-9ba30151a911,2026-08-27 11:28:00.06015+00,2026-09-02 15:27:18.536197+00
DAILY20260906LN73,40dd818d-8a59-451f-b7fb-7420c0262175,CREDIT_CARD,ABC Bank,GGN044,94276,87542,67340,72053.8,9620,4810,2022-01-15,2025-01-15,2025-11-10,2026-09-06,65,BUCKET_3,ACTIVE,14.5,4040.4,673.4,,0,f,NONE,NONE,54.2,54.2,,5384168a-234b-496e-8dfd-f7ae0dc2344e,2026-09-06 13:30:49.242952+00,2026-09-06 13:30:49.242955+00
DAILY20260906LN02,239fa4e1-3046-47d7-b85e-41f64fb5a47f,BUSINESS,ABC Bank,GGN044,2845920,2642640,2032800,2175096,147840,36960,2022-01-15,2025-01-15,2025-11-10,2026-09-06,120,NPA,NPA,14.5,121968,20328,,0,t,NONE,NONE,100,100,,53c40748-4144-4453-9a58-d370816ce7c4,2026-09-06 13:30:48.659926+00,2026-09-06 13:30:48.659929+00
DAILY20260918LN28,427ece6c-1287-4fba-8f35-d7780a67ca8d,AUTO,ABC Bank,GGN044,1311100,1217450,936500,1002055,37460,18730,2022-01-15,2025-01-15,2025-11-10,2026-09-18,88,BUCKET_3,ACTIVE,14.5,56190,9365,,0,f,NONE,NONE,73.3,73.3,,53cf288b-5cd1-40c7-a783-031d8e7f1622,2026-09-18 06:49:34.162287+00,2026-09-18 06:49:34.162291+00
DAILY20260918LN100,dac63d1f-ca1d-4ec0-abf1-d12b8b1bfe3f,GOLD,ABC Bank,GGN044,788928,732576,563520,602966.4,35220,11740,2022-01-15,2025-01-15,2025-11-10,2026-09-18,95,NPA,NPA,14.5,33811.2,5635.2,,0,t,NONE,NONE,79.2,79.2,,53ecf1f5-94ea-4ca0-953c-1cbe1f85022b,2026-09-18 06:49:34.583134+00,2026-09-18 06:49:34.583138+00
LN000000393,5dd5f473-7452-4010-8d6e-8af3a52f362a,BUSINESS,ABC Bank,BR8296,1020030.61,1009672.46,919972.47,948690.71,239480.72,28260,2022-04-25,2026-04-04,2026-01-16,2026-09-05,210,NPA,NPA,15.31,20552.62,5050.63,48,12820.9,t,NONE,NONE,100,100,,54124161-4f31-479e-bf84-ac5d88b6899a,2026-08-27 11:28:00.060616+00,2026-09-02 15:27:18.536197+00
LN000000047,c4365d0b-bf3f-4c8f-a69a-4fa8831c4390,HOME,ABC Bank,BR6139,1268059.14,1265235.55,1181219.73,1284761.13,92550.21,27650,2023-04-01,2033-02-07,2026-05-20,2026-09-05,88,BUCKET_3,ACTIVE,23.72,54136.81,33948.18,120,11191.12,f,NONE,NONE,95,51.13,,541781f3-c75a-4c5c-9c35-952a09bdca9b,2026-08-27 11:28:00.060194+00,2026-09-02 15:27:18.536197+00
DAILY20260907LN24,86b76125-63bf-4204-91fe-5e846c757ac0,HOME,ABC Bank,GGN044,1648388,1530646,1177420,1259839.4,346300,69260,2022-01-15,2025-01-15,2025-11-10,2026-09-07,155,NPA,NPA,14.5,70645.2,11774.2,,0,t,NONE,NONE,129.2,129.2,,5435fe96-d322-4273-98f7-be1258b3322a,2026-09-07 04:59:05.860647+00,2026-09-07 04:59:05.860649+00
DAILY20260903LN42,085939f0-aa3c-4523-90f6-c75f66ff82f5,HOME,ABC Bank,GGN044,2453220,2277990,1752300,1874961,58410,58410,2022-01-15,2025-01-15,2025-11-10,2026-09-03,32,BUCKET_2,ACTIVE,14.5,105138,17523,,0,f,NONE,NONE,26.7,26.7,,543b7715-4327-4025-81b5-548942be0565,2026-09-02 15:33:15.719033+00,2026-09-02 15:33:15.719033+00
DAILY20260921LN18,b824e09b-3728-4546-ab72-8fa245c6b8b1,EDUCATION,ABC Bank,GGN044,364168,338156,260120,278328.4,37160,18580,2022-01-15,2025-01-15,2025-11-10,2026-09-21,88,BUCKET_3,ACTIVE,14.5,15607.2,2601.2,,0,f,NONE,NONE,73.3,73.3,,543b950f-e53b-4f9c-b62f-2f7a92142ce2,2026-09-21 04:52:59.483671+00,2026-09-21 04:52:59.483673+00
DAILY20260921LN66,030eb0d4-5b3e-44b9-8414-f9fc107fd33f,GOLD,ABC Bank,GGN044,238700,221650,170500,182435,5500,5500,2022-01-15,2025-01-15,2025-11-10,2026-09-21,47,BUCKET_2,ACTIVE,14.5,10230,1705,,0,f,NONE,NONE,39.2,39.2,,546af4d0-876d-4a43-9992-f8d3a1e33d7a,2026-09-21 04:52:59.752769+00,2026-09-21 04:52:59.752771+00
DAILY20260921LN126,c9ec3706-d509-4365-bc39-1a1a7ed87050,MICROFINANCE,ABC Bank,GGN044,110880,102960,79200,84744,9600,2400,2022-01-15,2025-01-15,2025-11-10,2026-09-21,120,NPA,NPA,14.5,4752,792,,0,t,NONE,NONE,100,100,,5479d12d-ef1d-4d51-9467-a0f73687daea,2026-09-21 04:53:00.224974+00,2026-09-21 04:53:00.224979+00
LN000000339,d0c40131-ea6a-4885-a8a9-8170216f2819,PERSONAL,ABC Bank,BR9693,459097.02,442626.37,238971.51,275163.1,17123.19,7990,2023-11-09,2033-09-17,2026-07-15,2026-09-22,42,BUCKET_2,ACTIVE,18.05,6312.55,24198.5,120,6437.67,f,NONE,NONE,70.8,22.35,,548ca334-7008-4686-8b47-96591923b97b,2026-08-27 11:28:00.060552+00,2026-09-02 15:27:18.536197+00
LN000000045,9339433d-7018-4df9-8ab1-189b46c9ca29,PERSONAL,ABC Bank,BR9677,281527.88,260281.42,104409.37,126502.88,21206.14,9850,2025-03-15,2028-02-28,2026-06-17,2026-09-01,58,BUCKET_2,ACTIVE,21.33,4020.74,11138.88,36,8592.44,f,NONE,NONE,72.6,27.58,,55291a6e-04bd-47e9-96e1-bf0e7ec35dad,2026-08-27 11:28:00.060192+00,2026-09-02 15:27:18.536197+00
LN000000076,cfd7f981-8a56-4067-919c-03b1c95f4b23,PERSONAL,ABC Bank,BR9342,367661.81,362202.11,297295.18,325988.71,24247.88,11720,2025-09-15,2029-08-25,2026-06-27,2026-09-11,50,BUCKET_2,ACTIVE,23.56,20560.12,4890.32,48,8194.07,f,NONE,NONE,71.6,28.63,,555e8367-e70f-4c64-81d7-0987f30c8452,2026-08-27 11:28:00.060229+00,2026-09-02 15:27:18.536197+00
DAILY20260918LN29,173efe2d-e016-4858-9423-d197ea307f19,PERSONAL,ABC Bank,GGN044,1011780,939510,722700,773289,26280,13140,2022-01-15,2025-01-15,2025-11-10,2026-09-18,88,BUCKET_3,ACTIVE,14.5,43362,7227,,0,f,NONE,NONE,73.3,73.3,,558774c9-d0a3-47d8-b4ba-48015cada9ae,2026-09-18 06:49:34.167081+00,2026-09-18 06:49:34.167084+00
DAILY20260903LN55,02715279-743d-4b28-aaa2-b10fa76606a2,PERSONAL,ABC Bank,GGN044,2186352,2030184,1561680,1670997.6,144600,28920,2022-01-15,2025-01-15,2025-11-10,2026-09-03,155,NPA,NPA,14.5,93700.8,15616.8,,0,t,NONE,NONE,129.2,129.2,,559aa7cd-9df4-49f0-882c-e20e0669fb61,2026-09-02 15:33:15.784898+00,2026-09-02 15:33:15.784898+00
DAILY20260918LN55,44f171a8-63c3-4a89-a244-a81de09c7aaa,PERSONAL,ABC Bank,GGN044,812224,754208,580160,620771.2,47360,11840,2022-01-15,2025-01-15,2025-11-10,2026-09-18,120,NPA,NPA,14.5,34809.6,5801.6,,0,t,NONE,NONE,100,100,,55e8c3d1-63cb-4c6e-92a0-a91deab7e57b,2026-09-18 06:49:34.306213+00,2026-09-18 06:49:34.306216+00
DAILY20260918LN20,a8b1ea4e-1b02-4959-bcfb-e69c153cfd03,PERSONAL,ABC Bank,GGN044,2102730,1952535,1501950,1607086.5,79050,26350,2022-01-15,2025-01-15,2025-11-10,2026-09-18,95,NPA,NPA,14.5,90117,15019.5,,0,t,NONE,NONE,79.2,79.2,,560b3c89-e83d-4cc0-970e-01b2986f1d14,2026-09-18 06:49:34.125273+00,2026-09-18 06:49:34.125276+00
LN000000170,9b8b08c8-224d-4345-889e-7caf79340a09,PERSONAL,ABC Bank,BR3355,413382.29,381953.74,300134.51,323959.53,28324.9,14700,2024-10-14,2027-09-29,2026-07-16,2026-09-15,42,BUCKET_2,ACTIVE,22.57,20181.6,3426.6,36,11510.57,f,NONE,NONE,66.8,31.56,,56480281-ae6b-491f-939e-07d0cf81d7c4,2026-08-27 11:28:00.060346+00,2026-09-02 15:27:18.536197+00
DAILY20260918LN165,ab70725a-3c09-44d6-939b-1f1a6dffbde5,PERSONAL,ABC Bank,GGN044,501732,465894,358380,383466.6,79640,19910,2022-01-15,2025-01-15,2025-11-10,2026-09-18,120,NPA,NPA,14.5,21502.8,3583.8,,0,t,NONE,NONE,100,100,,5663bc76-00ff-41d8-b787-7d19e820c07a,2026-09-18 06:49:34.951037+00,2026-09-18 06:49:34.95104+00
DAILY20260903LN144,153f5cb2-20ec-40cf-8a5f-9289331a9c9a,EDUCATION,ABC Bank,GGN044,1436050,1333475,1025750,1097552.5,18650,18650,2022-01-15,2025-01-15,2025-11-10,2026-09-03,32,BUCKET_2,ACTIVE,14.5,61545,10257.5,,0,f,NONE,NONE,26.7,26.7,,5693a29c-8b74-44ac-85c5-b5149ac970de,2026-09-02 15:33:16.136153+00,2026-09-02 15:33:16.136153+00
LN000000208,86363474-05d5-429d-9afe-a166ca0f3137,HOME,ABC Bank,BR4902,2485846.45,2268393.89,954530.02,1003588.66,134236.37,59870,2023-09-16,2028-08-20,2026-07-09,2026-08-28,42,BUCKET_2,ACTIVE,19.82,46580.05,1866.42,60,27252.5,f,NONE,NONE,73.4,100,,5697759e-f68d-4430-8009-58474da82aa5,2026-08-27 11:28:00.060394+00,2026-09-02 15:27:18.536197+00
LN000000103,0a99b2b1-64d9-4196-be30-c6ebb342aa5b,PERSONAL,ABC Bank,BR1486,346545.23,320878.43,133330.54,146186.29,26795.09,10220,2022-08-30,2026-08-09,2026-06-09,2026-09-18,72,BUCKET_3,ACTIVE,22.63,7599.22,3960.32,48,7018.48,f,NONE,NONE,70,34.31,,56c00e94-00bb-4fcd-8423-c0708cf5cb9b,2026-08-27 11:28:00.060265+00,2026-09-02 15:27:18.536197+00
DAILY20260918LN95,19945855-8309-4931-833c-622cebc9a1f7,CREDIT_CARD,ABC Bank,GGN044,621040,576680,443600,474652,33270,11090,2022-01-15,2025-01-15,2025-11-10,2026-09-18,95,NPA,NPA,14.5,26616,4436,,0,t,NONE,NONE,79.2,79.2,,56cab6a6-f5a0-48bb-a4c9-b6967e9852eb,2026-09-18 06:49:34.549481+00,2026-09-18 06:49:34.549484+00
DAILY20260921LN181,1ce5b061-3e0b-4b6a-9ea7-196d293bc89f,AUTO,ABC Bank,GGN044,1627864,1511588,1162760,1244153.2,85080,28360,2022-01-15,2025-01-15,2025-11-10,2026-09-21,95,NPA,NPA,14.5,69765.6,11627.6,,0,t,NONE,NONE,79.2,79.2,,56ccd2e1-f0ff-40db-86e4-c6686f496b7a,2026-09-21 04:53:00.695244+00,2026-09-21 04:53:00.695247+00
DAILY20260906LN77,0547279f-01de-4ce3-acf9-5acbdaefd517,MICROFINANCE,ABC Bank,GGN044,275702,256009,196930,210715.1,4190,4190,2022-01-15,2025-01-15,2025-11-10,2026-09-06,32,BUCKET_2,ACTIVE,14.5,11815.8,1969.3,,0,f,NONE,NONE,26.7,26.7,,56daee3e-2388-4eac-8027-f173d799d832,2026-09-06 13:30:49.267326+00,2026-09-06 13:30:49.267329+00
DAILY20260918LN159,a5803185-4b84-49c6-af7e-864c0f39883b,GOLD,ABC Bank,GGN044,381150,353925,272250,291307.5,54450,10890,2022-01-15,2025-01-15,2025-11-10,2026-09-18,155,NPA,NPA,14.5,16335,2722.5,,0,t,NONE,NONE,129.2,129.2,,57339654-e330-44e6-aa7e-ea511dcb8c6a,2026-09-18 06:49:34.919775+00,2026-09-18 06:49:34.919778+00
DAILY20260903LN171,5768f4b2-bb51-4b03-acf6-ab9b317dc58f,GOLD,ABC Bank,GGN044,516670,479765,369050,394883.5,13420,6710,2022-01-15,2025-01-15,2025-11-10,2026-09-03,65,BUCKET_3,ACTIVE,14.5,22143,3690.5,,0,f,NONE,NONE,54.2,54.2,,573a9364-0338-4d0b-8554-b66784f475fe,2026-09-02 15:33:16.231937+00,2026-09-02 15:33:16.231937+00
DAILY20260918LN64,e7aa3b7b-a866-4972-90ac-dcae8462ca3b,AUTO,ABC Bank,GGN044,505876,469742,361340,386633.8,51620,25810,2022-01-15,2025-01-15,2025-11-10,2026-09-18,65,BUCKET_3,ACTIVE,14.5,21680.4,3613.4,,0,f,NONE,NONE,54.2,54.2,,575f177b-356c-4b7b-b3ad-fc3b7667404b,2026-09-18 06:49:34.359737+00,2026-09-18 06:49:34.35974+00
DAILY20260918LN118,8d34cf47-2ccf-49ec-b513-ac030bb4d184,EDUCATION,ABC Bank,GGN044,777700,722150,555500,594385,40400,10100,2022-01-15,2025-01-15,2025-11-10,2026-09-18,120,NPA,NPA,14.5,33330,5555,,0,t,NONE,NONE,100,100,,57696f0f-3fc4-4173-80e8-d82ee6ebafc9,2026-09-18 06:49:34.702146+00,2026-09-18 06:49:34.702149+00
LN000000156,109ca576-3c7b-4114-b736-57cf14e3b726,CREDIT_CARD,ABC Bank,BR6071,79236.97,78370.74,55966.61,65231.14,4937.14,2420,2022-09-27,2026-09-06,2026-07-06,2026-09-11,50,BUCKET_2,ACTIVE,20.84,3949.7,5126.59,48,1692.42,f,NONE,NONE,31.3,27.43,,57881767-9af5-44d6-b9f6-7f2c19210ab0,2026-08-27 11:28:00.060329+00,2026-09-02 15:27:18.536197+00
DAILY20260903LN39,3e530179-8293-4003-8e70-6492f99745c0,CREDIT_CARD,ABC Bank,GGN044,157080,145860,112200,120054,7480,1870,2022-01-15,2025-01-15,2025-11-10,2026-09-03,120,NPA,NPA,14.5,6732,1122,,0,t,NONE,NONE,100,100,,57a70a80-e89d-44b7-b0a7-2565fc123fe9,2026-09-02 15:33:15.718667+00,2026-09-02 15:33:15.718667+00
LN000000109,4acff2d3-83ee-4200-8f28-0b5f0075d617,MICROFINANCE,ABC Bank,BR4823,209037.61,204153.18,162461.16,171135.07,9080.81,4340,2022-02-20,2029-01-14,2026-06-23,2026-09-06,58,BUCKET_2,ACTIVE,18.41,8247.44,293.36,84,2410.68,f,NONE,NONE,72.8,100,,57b07402-7600-4549-8e8b-2ee8d676ea9e,2026-08-27 11:28:00.060273+00,2026-09-02 15:27:18.536197+00
DAILY20260903LN153,4925978f-b138-4ad7-887b-a059c38679e3,PERSONAL,ABC Bank,GGN044,1297296,1204632,926640,991504.8,102960,25740,2022-01-15,2025-01-15,2025-11-10,2026-09-03,120,NPA,NPA,14.5,55598.4,9266.4,,0,t,NONE,NONE,100,100,,57f3728d-fc99-476a-9640-9bca6d428a38,2026-09-02 15:33:16.172447+00,2026-09-02 15:33:16.172447+00
LN000000131,e8fdea10-d3d1-4f6f-8d4b-ed9e6e2fc1a5,EDUCATION,ABC Bank,BR1131,657993.36,600841.22,334351.51,342480.46,27438.61,13000,2025-04-16,2035-02-23,2026-07-10,2026-09-06,35,BUCKET_2,ACTIVE,23.41,6549.48,416.06,120,8945.5,f,NONE,NONE,38.5,58.48,,580a1006-73d2-4615-a65c-34f729707495,2026-08-27 11:28:00.0603+00,2026-09-02 15:27:18.536197+00
LN000000365,a34cfc06-b72f-45ec-a606-4549fa1be6ad,BUSINESS,ABC Bank,BR3707,2624113.76,2367951.07,1121962.73,1166776.97,60932.67,31520,2024-04-16,2034-02-23,2026-07-01,2026-09-16,42,BUCKET_2,ACTIVE,10.17,38308.59,3254.2,120,21689.08,f,NONE,NONE,41.1,79.8,,5818f629-a124-41b5-be74-850be7db45b8,2026-08-27 11:28:00.060584+00,2026-09-02 15:27:18.536197+00
DAILY20260906LN118,f12e7b3e-1960-45a5-b2ab-3e7657279c77,PERSONAL,ABC Bank,GGN044,234220,217490,167300,179011,59750,11950,2022-01-15,2025-01-15,2025-11-10,2026-09-06,155,NPA,NPA,14.5,10038,1673,,0,t,NONE,NONE,129.2,129.2,,58460658-e15f-447d-83d7-70934526f8b6,2026-09-06 13:30:49.509915+00,2026-09-06 13:30:49.509923+00
DAILY20260903LN78,374c0fa7-2349-4070-a2d7-061e0048c3bd,CREDIT_CARD,ABC Bank,GGN044,613760,569920,438400,469088,54800,10960,2022-01-15,2025-01-15,2025-11-10,2026-09-03,155,NPA,NPA,14.5,26304,4384,,0,t,NONE,NONE,129.2,129.2,,5859a4ee-08b5-4e26-90b7-545664ba8bab,2026-09-02 15:33:15.879281+00,2026-09-02 15:33:15.879281+00
LN000000444,d82ad54b-75b4-4810-ae18-bbb4df1159b6,AUTO,ABC Bank,BR9957,623950.72,564302.17,272165.57,313026.1,19625.15,9760,2021-09-25,2031-08-04,2026-07-06,2026-09-07,50,BUCKET_2,ACTIVE,16.87,11558.66,28139.09,120,8224.21,f,NONE,NONE,75.8,25.23,,587ad0f3-bfc2-4771-909e-8aa12de3a8a9,2026-08-27 11:28:00.060678+00,2026-09-02 15:27:18.536197+00
DAILY20260907LN91,f3cba88a-55d9-4966-ba08-e4f2bcf1070b,HOME,ABC Bank,GGN044,510650,474175,364750,390282.5,29180,14590,2022-01-15,2025-01-15,2025-11-10,2026-09-07,88,BUCKET_3,ACTIVE,14.5,21885,3647.5,,0,f,NONE,NONE,73.3,73.3,,58b49987-1a86-4c09-8685-03eff042e896,2026-09-07 04:59:06.337833+00,2026-09-07 04:59:06.337836+00
LN000000368,b8dfb771-23d3-4152-91f7-1409ab8bad9d,AUTO,ABC Bank,BR8630,1502090.19,1435614.41,1132499.38,1153296.39,69729,26730,2025-10-22,2032-09-15,2026-05-26,2026-08-28,80,BUCKET_3,ACTIVE,13.78,18945.16,1822.59,84,13499.02,f,NONE,NONE,67.6,100,,58c693cb-5dc5-4101-ba9c-bba3eb57b8ee,2026-08-27 11:28:00.060587+00,2026-09-02 15:27:18.536197+00
DAILY20260906LN99,9d0113e7-4863-4e9a-bb08-124dafabd449,BUSINESS,ABC Bank,GGN044,741440,688480,529600,566672,165500,33100,2022-01-15,2025-01-15,2025-11-10,2026-09-06,155,NPA,NPA,14.5,31776,5296,,0,t,NONE,NONE,129.2,129.2,,5988835f-b684-4fc8-8f32-c7abaddec474,2026-09-06 13:30:49.388763+00,2026-09-06 13:30:49.388767+00
DAILY20260907LN25,041f309a-1ded-45ba-9194-57beba04dc67,HOME,ABC Bank,GGN044,944720,877240,674800,722036,134960,33740,2022-01-15,2025-01-15,2025-11-10,2026-09-07,120,NPA,NPA,14.5,40488,6748,,0,t,NONE,NONE,100,100,,59ab3b5e-7461-4a03-b231-9938e5b82d6c,2026-09-07 04:59:05.866083+00,2026-09-07 04:59:05.866085+00
DAILY20260907LN121,0041b0b4-f91f-47bd-814a-47eec75c5027,EDUCATION,ABC Bank,GGN044,357966,332397,255690,273588.3,47350,9470,2022-01-15,2025-01-15,2025-11-10,2026-09-07,155,NPA,NPA,14.5,15341.4,2556.9,,0,t,NONE,NONE,129.2,129.2,,5a038ae9-8739-416d-ac7f-648c19ea7f3a,2026-09-07 04:59:06.519078+00,2026-09-07 04:59:06.51908+00
DAILY20260921LN75,d7bc1155-3242-4566-925c-ce6f8092c113,EDUCATION,ABC Bank,GGN044,731640,679380,522600,559182,20100,10050,2022-01-15,2025-01-15,2025-11-10,2026-09-21,88,BUCKET_3,ACTIVE,14.5,31356,5226,,0,f,NONE,NONE,73.3,73.3,,5a112fd3-956e-4549-831b-ecb8e7ed14fd,2026-09-21 04:52:59.808322+00,2026-09-21 04:52:59.808325+00
DAILY20260907LN66,7d290dee-ffe4-4fbb-8f4b-beace57fe6df,PERSONAL,ABC Bank,GGN044,192192,178464,137280,146889.6,5280,5280,2022-01-15,2025-01-15,2025-11-10,2026-09-07,32,BUCKET_2,ACTIVE,14.5,8236.8,1372.8,,0,f,NONE,NONE,26.7,26.7,,5a9cd17a-aff6-4093-8938-3b1d9a67233d,2026-09-07 04:59:06.188009+00,2026-09-07 04:59:06.188011+00
LN000000107,b0b75c27-9481-449b-8497-bf3716cf0ea8,MICROFINANCE,ABC Bank,BR9990,213987.44,200824.19,175869.85,185470.04,9116.4,4280,2023-03-31,2030-02-22,2026-07-02,2026-09-11,42,BUCKET_2,ACTIVE,18.5,9497.87,33.84,84,2143.56,f,NONE,NONE,44.2,100,,5ac92066-69b4-410c-8a48-e2606ad0525d,2026-08-27 11:28:00.060271+00,2026-09-02 15:27:18.536197+00
LN000000240,f3665eea-1b6b-4f31-a8a1-8eeeb5e4cc45,EDUCATION,ABC Bank,BR7082,330708.43,321446.71,284071.16,301182.95,33283,12330,2022-09-18,2025-09-02,2026-06-08,2026-09-03,72,BUCKET_3,ACTIVE,22.32,14726.48,1349.29,36,8424.67,f,NONE,NONE,52.9,65.81,,5b199899-7aef-49f6-992a-6243bb6a18a5,2026-08-27 11:28:00.060432+00,2026-09-02 15:27:18.536197+00
DAILY20260906LN55,e7552d72-63e9-4816-ab8c-d4ac7308fcc5,GOLD,ABC Bank,GGN044,742882,689819,530630,567774.1,33870,11290,2022-01-15,2025-01-15,2025-11-10,2026-09-06,95,NPA,NPA,14.5,31837.8,5306.3,,0,t,NONE,NONE,79.2,79.2,,5b2d87d5-85ff-4c42-8501-3e06f24c2bdf,2026-09-06 13:30:49.113538+00,2026-09-06 13:30:49.113541+00
DAILY20260918LN57,3bcc0dc3-6031-4847-b7bf-cb8a58eb2765,PERSONAL,ABC Bank,GGN044,993356,922402,709540,759207.8,54580,27290,2022-01-15,2025-01-15,2025-11-10,2026-09-18,65,BUCKET_3,ACTIVE,14.5,42572.4,7095.4,,0,f,NONE,NONE,54.2,54.2,,5b3ecedc-3d95-41ad-9759-1d0d92849846,2026-09-18 06:49:34.317786+00,2026-09-18 06:49:34.317789+00
DAILY20260907LN143,7c3eb62d-3d5b-4e30-bed1-6c4b705ca15b,HOME,ABC Bank,GGN044,2416876,2244242,1726340,1847183.8,29260,29260,2022-01-15,2025-01-15,2025-11-10,2026-09-07,32,BUCKET_2,ACTIVE,14.5,103580.4,17263.4,,0,f,NONE,NONE,26.7,26.7,,5b5a542e-307d-4774-8d7b-a767f1b15360,2026-09-07 04:59:06.624054+00,2026-09-07 04:59:06.624057+00
LN000000335,bab2c33c-9877-448a-9467-61373408befc,AUTO,ABC Bank,BR8850,865247.47,785118.98,456650.99,484041.27,158979.58,23510,2022-07-19,2026-06-28,2026-02-24,2026-09-25,180,NPA,NPA,19.08,23104.12,3906.04,48,15811.27,t,NONE,NEGOTIATING,100,100,,5b82bf7a-a68d-4aaa-aba3-bbbabbd84695,2026-08-27 11:28:00.060547+00,2026-09-02 15:27:18.536197+00
DAILY20260907LN130,0d3434c7-a76f-4d6e-9ce9-76b8b38e27d4,BUSINESS,ABC Bank,GGN044,1425900,1324050,1018500,1089795,72750,24250,2022-01-15,2025-01-15,2025-11-10,2026-09-07,95,NPA,NPA,14.5,61110,10185,,0,t,NONE,NONE,79.2,79.2,,5baa0d6b-0017-4cb2-8bf6-0c57c16b5b7d,2026-09-07 04:59:06.564658+00,2026-09-07 04:59:06.564746+00
DAILY20260918LN65,8e3951db-1663-4933-a48c-c07e275bf1ff,HOME,ABC Bank,GGN044,2798852,2598934,1999180,2139122.6,105220,52610,2022-01-15,2025-01-15,2025-11-10,2026-09-18,65,BUCKET_3,ACTIVE,14.5,119950.8,19991.8,,0,f,NONE,NONE,54.2,54.2,,5beefe5b-0633-4bd7-a9d0-f0d50b90a58a,2026-09-18 06:49:34.365425+00,2026-09-18 06:49:34.365428+00
LN000000319,275400d3-f21d-416d-85ea-fa23b85053dd,PERSONAL,ABC Bank,BR9821,731116.08,699660.08,450921.05,487872.13,38380.1,16940,2022-10-23,2029-09-16,2026-07-14,2026-09-15,35,BUCKET_2,ACTIVE,23.26,28336.86,7963.17,84,10135.54,f,NONE,NONE,58.2,42.38,,5c1e5558-9586-4d31-9504-dfcc6c6b32c3,2026-08-27 11:28:00.060529+00,2026-09-02 15:27:18.536197+00
DAILY20260921LN149,3d755d05-68af-4f56-8a7b-8c24e90c0f4a,AUTO,ABC Bank,GGN044,2065224,1917708,1475160,1578421.2,129400,25880,2022-01-15,2025-01-15,2025-11-10,2026-09-21,155,NPA,NPA,14.5,88509.6,14751.6,,0,t,NONE,NONE,129.2,129.2,,5c47d429-3588-4d72-bfb6-c81ee6d0a944,2026-09-21 04:53:00.486737+00,2026-09-21 04:53:00.486741+00
LN000000056,e22c4360-2794-4667-b8db-d3cbcdf9d0a5,HOME,ABC Bank,BR9741,2612857.24,2585909.35,1331685.17,1358179.38,125517.18,57110,2026-01-21,2030-12-26,2026-07-06,2026-08-29,42,BUCKET_2,ACTIVE,11.68,21093.41,4300.03,60,36612.01,f,NONE,NONE,50.2,100,,5c56e197-c343-43ba-aef0-d034fe15aa6b,2026-08-27 11:28:00.060205+00,2026-09-02 15:27:18.536197+00
DAILY20260831LN00,8e8fdf57-bff4-4a38-8c2b-382640fb6207,MICROFINANCE,ABC Bank,GGN044,69047.93,64115.94,49319.95,52772.35,14795.98,1370,2022-01-15,2025-01-15,2025-11-10,2026-08-31,32,BUCKET_2,ACTIVE,14.5,2959.2,493.2,,0,f,NONE,NONE,26.7,26.7,,5c667a4f-2857-4a5c-87ca-37bbb4e1d779,2026-08-31 04:40:22.21158+00,2026-09-02 15:27:18.562252+00
DAILY20260921LN115,68f65abc-68b0-4b5a-af7c-e1e6d2c9e79c,AUTO,ABC Bank,GGN044,1252160,1162720,894400,957008,44720,22360,2022-01-15,2025-01-15,2025-11-10,2026-09-21,65,BUCKET_3,ACTIVE,14.5,53664,8944,,0,f,NONE,NONE,54.2,54.2,,5c70da4c-5700-4f99-b4d6-860d0096bed5,2026-09-21 04:53:00.151989+00,2026-09-21 04:53:00.151993+00
DAILY20260906LN01,55cfdc1f-5237-44ef-aa9a-9da6858d3527,GOLD,ABC Bank,GGN044,1348620,1252290,963300,1030731,16900,16900,2022-01-15,2025-01-15,2025-11-10,2026-09-06,32,BUCKET_2,ACTIVE,14.5,57798,9633,,0,f,NONE,NONE,26.7,26.7,,5d212080-a1de-405c-aab4-32706a55d6db,2026-09-06 13:30:48.650979+00,2026-09-06 13:30:48.650983+00
DAILY20260921LN33,3ec7039d-157d-4c9a-b401-c3bb0354f8f0,CREDIT_CARD,ABC Bank,GGN044,153272,142324,109480,117143.6,11900,2380,2022-01-15,2025-01-15,2025-11-10,2026-09-21,155,NPA,NPA,14.5,6568.8,1094.8,,0,t,NONE,NONE,129.2,129.2,,5d4a9e2f-1e7a-4399-89d1-23b9144af945,2026-09-21 04:52:59.579215+00,2026-09-21 04:52:59.579219+00
LN000000034,77b5829a-af76-4e86-bcaa-4b8bf1b6f8f9,AUTO,ABC Bank,BR3093,322280.26,310923.43,206704.01,260181.91,27846.63,9460,2022-07-14,2026-06-23,2026-06-07,2026-09-13,72,BUCKET_3,ACTIVE,19.99,6549.11,39232.57,48,8560.57,f,NONE,NONE,82.4,34.31,,5d778fcc-acf4-4fd5-82cd-a9e216105603,2026-08-27 11:28:00.060179+00,2026-09-02 15:27:18.564253+00
LN000000500,26f02717-8e95-4da1-bd80-7ca2a17be532,PERSONAL,ABC Bank,BR2614,970761.1,961157.61,401290.85,417116.51,185264.98,23660,2022-02-17,2027-01-22,2026-02-24,2026-09-09,180,NPA,NPA,16.56,14113.29,1077.58,60,20724.75,t,SARFAESI,NONE,100,100,,5d8b6496-4372-42df-99a7-4de86d3640aa,2026-08-27 11:28:00.060744+00,2026-09-02 15:27:18.564253+00
DAILY20260906LN111,47b2c8e1-5821-44a1-b45c-d3442a5efe16,MICROFINANCE,ABC Bank,GGN044,154280,143260,110200,117914,2900,2900,2022-01-15,2025-01-15,2025-11-10,2026-09-06,32,BUCKET_2,ACTIVE,14.5,6612,1102,,0,f,NONE,NONE,26.7,26.7,,5df49dd4-b378-4ff5-b5f0-d7e523fea864,2026-09-06 13:30:49.455978+00,2026-09-06 13:30:49.455981+00
DAILY20260903LN79,261b6514-df21-44e6-ba8d-7bd46a8aafe9,EDUCATION,ABC Bank,GGN044,478268,444106,341620,365533.4,89900,17980,2022-01-15,2025-01-15,2025-11-10,2026-09-03,155,NPA,NPA,14.5,20497.2,3416.2,,0,t,NONE,NONE,129.2,129.2,,5e212071-f11c-4759-ba65-d482ad091fdc,2026-09-02 15:33:15.885138+00,2026-09-02 15:33:15.885138+00
DAILY20260921LN165,202e8e82-a8c3-4f42-bb21-dc29798f305c,HOME,ABC Bank,GGN044,2109184,1958528,1506560,1612019.2,188320,47080,2022-01-15,2025-01-15,2025-11-10,2026-09-21,120,NPA,NPA,14.5,90393.6,15065.6,,0,t,NONE,NONE,100,100,,5e2433ec-66df-472e-adae-000978a78b9a,2026-09-21 04:53:00.586714+00,2026-09-21 04:53:00.586719+00
DAILY20260907LN128,14855adb-8ec2-497a-bd1c-44aba247c897,PERSONAL,ABC Bank,GGN044,426426,395967,304590,325911.3,18460,9230,2022-01-15,2025-01-15,2025-11-10,2026-09-07,88,BUCKET_3,ACTIVE,14.5,18275.4,3045.9,,0,f,NONE,NONE,73.3,73.3,,5e281528-8c15-4ede-8ed1-6cd4bdb4eb1c,2026-09-07 04:59:06.555697+00,2026-09-07 04:59:06.555699+00
LN000000267,189de033-a7f1-48ad-950e-ac44aaf17e7b,EDUCATION,ABC Bank,BR6657,476424.29,445283.59,212125.28,222596.63,79965.12,12670,2023-05-14,2027-04-23,2026-03-28,2026-09-13,150,NPA,NPA,16.22,9235.05,1188.7,48,6645.8,t,SUIT_FILED,NONE,97.3,92.55,,5e30404d-41b5-4003-93a1-7fd185a7525a,2026-08-27 11:28:00.060466+00,2026-09-02 15:27:18.564253+00
DAILY20260921LN128,6da624cb-7056-4322-91b5-e225e5eb0d7c,BUSINESS,ABC Bank,GGN044,3015936,2800512,2154240,2305036.8,244800,48960,2022-01-15,2025-01-15,2025-11-10,2026-09-21,155,NPA,NPA,14.5,129254.4,21542.4,,0,t,NONE,NONE,129.2,129.2,,5e3e15d7-a033-46de-b545-c1ec2f6a1bfb,2026-09-21 04:53:00.242039+00,2026-09-21 04:53:00.242042+00
LN000000004,19b65599-9a6e-4186-9398-f1f877e31ad6,CREDIT_CARD,ABC Bank,BR2140,298778.98,283652.19,216207.62,228431.07,21888.63,7950,2024-05-31,2028-05-10,2026-05-24,2026-09-08,80,BUCKET_3,ACTIVE,15.39,10216.33,1096.02,48,7659.42,f,NONE,NONE,64.2,77.63,,5e59824a-79cd-44da-9fd6-9e2b3a084690,2026-08-27 11:28:00.060143+00,2026-09-02 15:27:18.564253+00
DAILY20260906LN160,22e0eb10-9913-4d74-ba85-f61e3456e63e,MICROFINANCE,ABC Bank,GGN044,71554,66443,51110,54687.7,2690,2690,2022-01-15,2025-01-15,2025-11-10,2026-09-06,47,BUCKET_2,ACTIVE,14.5,3066.6,511.1,,0,f,NONE,NONE,39.2,39.2,,5e6644ff-0e20-4431-a568-1f8ae8c65e8c,2026-09-06 13:30:49.779161+00,2026-09-06 13:30:49.779164+00
LN000000355,02b1d4f2-47f8-4560-a341-fc11f18e84e5,EDUCATION,ABC Bank,BR4883,478149.6,460643.18,255405.64,275804.48,62171.39,14670,2023-01-19,2026-12-29,2026-05-07,2026-09-12,105,NPA,NPA,22.63,17008.64,2423.75,48,10168.55,t,NONE,NONE,100,92.59,,5e7a9373-a2d0-49dc-b254-ccf70d7d1955,2026-08-27 11:28:00.060571+00,2026-09-02 15:27:18.564253+00
DAILY20260907LN112,19ea22ac-532f-41c1-86e4-cef4f1d0b350,BUSINESS,ABC Bank,GGN044,1478232,1372644,1055880,1129791.6,87990,29330,2022-01-15,2025-01-15,2025-11-10,2026-09-07,95,NPA,NPA,14.5,63352.8,10558.8,,0,t,NONE,NONE,79.2,79.2,,5e7cb378-07c1-4f13-9522-79b7c09ca84c,2026-09-07 04:59:06.464623+00,2026-09-07 04:59:06.464626+00
DAILY20260906LN112,2a4b6f17-7541-4f59-982f-70b477d54657,PERSONAL,ABC Bank,GGN044,618772,574574,441980,472918.6,40180,20090,2022-01-15,2025-01-15,2025-11-10,2026-09-06,88,BUCKET_3,ACTIVE,14.5,26518.8,4419.8,,0,f,NONE,NONE,73.3,73.3,,5ea58c50-3bed-468c-aff5-1310310bc63b,2026-09-06 13:30:49.462064+00,2026-09-06 13:30:49.462067+00
DAILY20260903LN91,2996249e-d6dc-4ebf-8988-cf05cf1c33dc,GOLD,ABC Bank,GGN044,896784,832728,640560,685399.2,50240,12560,2022-01-15,2025-01-15,2025-11-10,2026-09-03,120,NPA,NPA,14.5,38433.6,6405.6,,0,t,NONE,NONE,100,100,,5f3a3aec-901b-4336-a200-9dc1fedb5826,2026-09-02 15:33:15.938624+00,2026-09-02 15:33:15.938624+00
LN000000282,f0cf9130-ccb9-4b73-9da2-f6397ab9ddb5,AUTO,ABC Bank,BR5079,988537.87,969337.09,778121.93,814085.27,287161.53,28780,2024-10-01,2028-09-10,2025-11-20,2026-09-14,270,NPA,NPA,18.6,35081.11,480.95,48,16265.68,t,SUIT_FILED,NONE,100,100,,5f5772e8-3fdb-4557-8008-aea3fc537c21,2026-08-27 11:28:00.060485+00,2026-09-02 15:27:18.564253+00
DAILY20260903LN30,2c6652ef-48a9-4802-85ae-77221825a170,CREDIT_CARD,ABC Bank,GGN044,120428,111826,86020,92041.4,7480,1870,2022-01-15,2025-01-15,2025-11-10,2026-09-03,120,NPA,NPA,14.5,5161.2,860.2,,0,t,NONE,NONE,100,100,,5f614d1f-4b1e-4c55-9cca-2dfbc3f4466c,2026-09-02 15:33:15.690258+00,2026-09-02 15:33:15.690258+00
DAILY20260906LN125,f74bd4c7-edc1-4dde-a06d-66b796984272,EDUCATION,ABC Bank,GGN044,671496,623532,479640,513214.8,11420,11420,2022-01-15,2025-01-15,2025-11-10,2026-09-06,32,BUCKET_2,ACTIVE,14.5,28778.4,4796.4,,0,f,NONE,NONE,26.7,26.7,,5f68329a-f08a-43f9-9021-1ebf2a2f8dac,2026-09-06 13:30:49.553818+00,2026-09-06 13:30:49.553825+00
DAILY20260918LN157,bb9582b0-8bf4-4741-9dc9-534c7af09d6d,GOLD,ABC Bank,GGN044,1166592,1083264,833280,891609.6,34720,17360,2022-01-15,2025-01-15,2025-11-10,2026-09-18,65,BUCKET_3,ACTIVE,14.5,49996.8,8332.8,,0,f,NONE,NONE,54.2,54.2,,5f85573d-1af9-4d6e-810b-326aff44dd14,2026-09-18 06:49:34.909997+00,2026-09-18 06:49:34.91+00
LN000000479,e7ff21d2-036b-4d09-8e30-88ed03c97146,MICROFINANCE,ABC Bank,BR4853,121548.33,118296.78,111083.19,117636.52,14856.45,2080,2025-10-03,2035-08-12,2026-02-15,2026-09-14,180,NPA,NPA,17.32,2259.87,3324.12,120,1610.05,t,NONE,NONE,100,95.57,,5fb325ee-3c45-4360-8168-75a54cf569c7,2026-08-27 11:28:00.06072+00,2026-09-02 15:27:18.564253+00
LN000000002,16791195-a842-4ef7-b058-6ccd52230bb0,HOME,ABC Bank,BR9800,2819091.44,2635240.6,1304690.53,1344944.21,207440.73,58950,2022-09-22,2027-08-27,2026-05-14,2026-08-31,105,NPA,ACTIVE,12.25,37386.42,2842.6,60,58015.52,t,NONE,NONE,80.7,100,,5fd6b519-11a3-4e00-9256-b8a6ee401c0c,2026-08-27 11:28:00.06014+00,2026-09-02 15:27:18.564253+00
LN000000278,5372c7eb-4b00-4575-a421-f4d3d71a072e,PERSONAL,ABC Bank,BR5559,1436859.19,1338333.22,604220.68,627586.34,137676.05,21790,2022-07-12,2032-05-20,2026-02-25,2026-09-08,180,NPA,NPA,15.24,20426.79,2921.61,120,17214.06,t,NONE,NONE,100,100,,5ff1ed22-aa07-4cea-85b1-244dd444a36e,2026-08-27 11:28:00.06048+00,2026-09-02 15:27:18.564253+00
DAILY20260907LN106,1b5b1fb5-50bd-44ff-afe3-a83b533eaa04,MICROFINANCE,ABC Bank,GGN044,133056,123552,95040,101692.8,1760,1760,2022-01-15,2025-01-15,2025-11-10,2026-09-07,47,BUCKET_2,ACTIVE,14.5,5702.4,950.4,,0,f,NONE,NONE,39.2,39.2,,600ca470-5b22-4b97-812b-3d39283069fd,2026-09-07 04:59:06.427845+00,2026-09-07 04:59:06.427852+00
DAILY20260907LN120,b685291e-72e9-4db8-9fe3-70b792baa6a3,PERSONAL,ABC Bank,GGN044,1383116,1284322,987940,1057095.8,21020,21020,2022-01-15,2025-01-15,2025-11-10,2026-09-07,47,BUCKET_2,ACTIVE,14.5,59276.4,9879.4,,0,f,NONE,NONE,39.2,39.2,,601ce7f4-c06d-45f2-977b-7251bdd71158,2026-09-07 04:59:06.513909+00,2026-09-07 04:59:06.513911+00
DAILY20260921LN167,3b8faab1-64c8-4179-805f-64a9a9951111,PERSONAL,ABC Bank,GGN044,495264,459888,353760,378523.2,16080,16080,2022-01-15,2025-01-15,2025-11-10,2026-09-21,32,BUCKET_2,ACTIVE,14.5,21225.6,3537.6,,0,f,NONE,NONE,26.7,26.7,,604f5c59-0c5e-49fe-a2a1-d306803bcb4b,2026-09-21 04:53:00.599587+00,2026-09-21 04:53:00.599591+00
LN000000006,7b15825d-da60-4c1c-83c0-b319ba915f29,EDUCATION,ABC Bank,BR9379,533018.18,520482.5,432307.84,465699.02,26791.22,14000,2021-09-26,2026-08-31,2026-06-30,2026-09-11,50,BUCKET_2,ACTIVE,20.72,29983.08,2244.75,60,6837.94,f,NONE,NONE,59.5,85.78,,605d601a-6f20-4c81-abee-2a201b75b42e,2026-08-27 11:28:00.060145+00,2026-09-02 15:27:18.564253+00
DAILY20260906LN00,c073d5f7-88a3-4efa-aac8-892c4637ac94,MICROFINANCE,ABC Bank,GGN044,84084,78078,60060,64264.2,14300,2860,2022-01-15,2025-01-15,2025-11-10,2026-09-06,155,NPA,NPA,14.5,3603.6,600.6,,0,t,NONE,NONE,129.2,129.2,,6063e54e-a8c8-4b35-95ea-ffc6b57701e3,2026-09-06 13:30:48.620661+00,2026-09-06 13:30:48.620664+00
DAILY20260907LN126,d01b259c-a3c3-44d2-b2f5-9d14cfe698d7,BUSINESS,ABC Bank,GGN044,1912176,1775592,1365840,1461448.8,97560,48780,2022-01-15,2025-01-15,2025-11-10,2026-09-07,65,BUCKET_3,ACTIVE,14.5,81950.4,13658.4,,0,f,NONE,NONE,54.2,54.2,,6071829d-642f-424b-a220-f0d6bea08986,2026-09-07 04:59:06.543573+00,2026-09-07 04:59:06.543576+00
LN000000422,3dd02813-2be4-400d-82fe-f7dd030407ea,EDUCATION,ABC Bank,BR6279,195498.16,179223.37,137717.54,171155.06,22884.78,5330,2021-12-20,2025-11-29,2026-05-03,2026-08-29,105,NPA,NPA,18.7,8845.34,17386.04,48,2768.77,t,NONE,NONE,70.8,49.88,,61280367-b4d2-408c-8279-d10789ce6fdb,2026-08-27 11:28:00.060651+00,2026-09-02 15:27:18.564253+00
LN000000397,6eae988a-e6ef-45c7-b9c0-92b44ad3ddeb,HOME,ABC Bank,BR1692,903555.05,835058.86,523951.92,582327.98,96983.2,30410,2024-08-06,2027-07-22,2026-06-06,2026-09-01,80,BUCKET_3,ACTIVE,18.53,19688.16,35719.24,36,30097.17,f,NONE,NONE,61.1,40.7,,613a3991-bf43-4bb4-8379-986e7cb6d770,2026-08-27 11:28:00.060621+00,2026-09-02 15:27:18.564253+00
DAILY20260921LN10,75f2e26f-91fa-4316-ae69-a02c30bbd596,GOLD,ABC Bank,GGN044,506814,470613,362010,387350.7,10970,10970,2022-01-15,2025-01-15,2025-11-10,2026-09-21,32,BUCKET_2,ACTIVE,14.5,21720.6,3620.1,,0,f,NONE,NONE,26.7,26.7,,61b212a1-5b72-4649-86d3-3e00e522e4a0,2026-09-21 04:52:59.433134+00,2026-09-21 04:52:59.433139+00
DAILY20260921LN47,4f5eab7c-f64a-420d-b827-e765ad733397,MICROFINANCE,ABC Bank,GGN044,269724,250458,192660,206146.2,3380,3380,2022-01-15,2025-01-15,2025-11-10,2026-09-21,47,BUCKET_2,ACTIVE,14.5,11559.6,1926.6,,0,f,NONE,NONE,39.2,39.2,,6205ae16-d090-4b7b-aaf7-89c98581808f,2026-09-21 04:52:59.647873+00,2026-09-21 04:52:59.647875+00
DAILY20260907LN162,97a0eafa-6fe7-4708-a3a2-144bfe9cb510,PERSONAL,ABC Bank,GGN044,1453410,1349595,1038150,1110820.5,23070,23070,2022-01-15,2025-01-15,2025-11-10,2026-09-07,32,BUCKET_2,ACTIVE,14.5,62289,10381.5,,0,f,NONE,NONE,26.7,26.7,,62085667-6c6f-44ab-8906-f0ebea8c5d5b,2026-09-07 04:59:06.746653+00,2026-09-07 04:59:06.746655+00
DAILY20260903LN109,74885f1e-fce8-4514-a181-3f20e5fe5687,BUSINESS,ABC Bank,GGN044,787920,731640,562800,602196,56280,28140,2022-01-15,2025-01-15,2025-11-10,2026-09-03,65,BUCKET_3,ACTIVE,14.5,33768,5628,,0,f,NONE,NONE,54.2,54.2,,620ffe8c-8140-4b81-8032-d6784c99c948,2026-09-02 15:33:15.999063+00,2026-09-02 15:33:15.999063+00
LN000000432,5831efe8-5398-4538-8ce8-e7e241cfc522,EDUCATION,ABC Bank,BR8753,190614.82,186447.85,88060.05,99861.78,12160.76,4330,2024-07-16,2031-06-10,2026-06-14,2026-09-08,72,BUCKET_3,ACTIVE,21.67,2095.66,8073,84,3255.7,f,NONE,NONE,76.7,33.72,,62128d4e-fbac-450d-a59b-03966d67946e,2026-08-27 11:28:00.060663+00,2026-09-02 15:27:18.564253+00
LN000000022,3dd02813-2be4-400d-82fe-f7dd030407ea,AUTO,ABC Bank,BR2347,1447394.89,1349951.69,621306.86,646166.89,53888.44,25850,2022-07-26,2032-06-03,2026-07-20,2026-09-13,35,BUCKET_2,ACTIVE,19.73,24486.02,174.16,120,12787.83,f,NONE,NONE,30.4,100,,62306470-a7ef-4fad-b624-a1b8df5827af,2026-08-27 11:28:00.060165+00,2026-09-02 15:27:18.564253+00
DAILY20260918LN75,4e678b5a-0669-455d-808e-e1677e18f5a8,HOME,ABC Bank,GGN044,2975924,2763358,2125660,2274456.2,184840,46210,2022-01-15,2025-01-15,2025-11-10,2026-09-18,120,NPA,NPA,14.5,127539.6,21256.6,,0,t,NONE,NONE,100,100,,623f530d-f134-41cc-aac9-0a1f81a9f89f,2026-09-18 06:49:34.424314+00,2026-09-18 06:49:34.424353+00
DAILY20260918LN41,6710fd5f-5722-4d6b-bf48-d028cd215862,CREDIT_CARD,ABC Bank,GGN044,479080,444860,342200,366154,23600,11800,2022-01-15,2025-01-15,2025-11-10,2026-09-18,65,BUCKET_3,ACTIVE,14.5,20532,3422,,0,f,NONE,NONE,54.2,54.2,,6361c46d-2335-48e0-9253-72e5ce48ac69,2026-09-18 06:49:34.226969+00,2026-09-18 06:49:34.226972+00
LN000000090,9f305358-f359-44a8-bace-30ece8093e9c,MICROFINANCE,ABC Bank,BR2582,37507.4,37240.43,22456.34,25995.11,3443.11,1810,2026-01-27,2028-01-17,2026-07-11,2026-08-29,42,BUCKET_2,ACTIVE,15.25,1188.32,1155.67,24,1510.27,f,NONE,NONE,67,20.93,,63874047-d309-4411-afce-b6b6e5bfd373,2026-08-27 11:28:00.060247+00,2026-09-02 15:27:18.564253+00
LN000000051,24ec8685-728f-4fd9-ad1f-3d85956050d2,AUTO,ABC Bank,BR5320,790903.98,747745.11,303097.85,312067.28,87612.82,19710,2025-09-14,2029-08-24,2026-04-14,2026-09-11,120,NPA,NPA,12.05,7112.82,1671.17,48,15410.79,t,NONE,NONE,84.9,76.3,,63942e6b-20b5-4abf-b473-5e53719756d8,2026-08-27 11:28:00.060199+00,2026-09-02 15:27:18.564253+00
LN000000054,f0e828df-dd39-4105-9fbd-edbff7159e3f,AUTO,ABC Bank,BR3440,1054732.62,996972.77,847636.3,864375.44,73847.64,27610,2022-02-15,2026-01-25,2026-06-06,2026-09-16,72,BUCKET_3,ACTIVE,14.73,14465.27,1586.45,48,12523.59,f,NONE,NONE,55.6,100,,63a0a691-adaa-4542-9a7d-5268b1b3018c,2026-08-27 11:28:00.060202+00,2026-09-02 15:27:18.564253+00
DAILY20260903LN162,776d4082-b03e-4a49-bb3d-a5a40dd82506,CREDIT_CARD,ABC Bank,GGN044,343000,318500,245000,262150,19600,9800,2022-01-15,2025-01-15,2025-11-10,2026-09-03,88,BUCKET_3,ACTIVE,14.5,14700,2450,,0,f,NONE,NONE,73.3,73.3,,63a50f69-aa63-4d68-a6a9-355f001eb118,2026-09-02 15:33:16.200157+00,2026-09-02 15:33:16.200157+00
LN000000235,4c7c9de4-0a7f-48e2-83b3-fdcebb1cc5a9,GOLD,ABC Bank,BR9394,203413.58,198580.18,141572.4,144719.27,77094.87,18000,2023-02-15,2024-02-10,2026-05-14,2026-09-11,105,NPA,NPA,15.82,2709.18,401.39,12,10463.26,t,NONE,NONE,95.1,100,,63ca636d-5267-4d5a-85a0-7b87644ac306,2026-08-27 11:28:00.060426+00,2026-09-02 15:27:18.564253+00
LN000000067,0152a258-885f-46d5-af53-c71c808f2748,HOME,ABC Bank,BR8077,1009823.98,1008840.91,908155.65,943495.06,52485.81,18440,2025-09-29,2032-08-23,2026-06-23,2026-09-17,65,BUCKET_3,ACTIVE,13.16,15912.51,6627.52,84,13931.75,f,NONE,NONE,68.6,36.87,,63e6f5d7-7c75-44ea-ae02-ae10e4ee2327,2026-08-27 11:28:00.060218+00,2026-09-02 15:27:18.564253+00
DAILY20260906LN07,e9e3e85a-d052-4aba-9172-2f1e3b1aab66,BUSINESS,ABC Bank,GGN044,1008000,936000,720000,770400,40000,20000,2022-01-15,2025-01-15,2025-11-10,2026-09-06,88,BUCKET_3,ACTIVE,14.5,43200,7200,,0,f,NONE,NONE,73.3,73.3,,63f0a692-6fe3-49e7-b66d-f7f935c0c9e6,2026-09-06 13:30:48.697316+00,2026-09-06 13:30:48.697318+00
LN000000306,9f481d78-b8ae-4d67-9ead-c343f18ffe12,MICROFINANCE,ABC Bank,BR4972,95491.95,86657.71,62209,68701.76,3332.22,1920,2022-01-18,2028-12-12,2026-06-18,2026-09-17,58,BUCKET_2,ACTIVE,19.92,4200.27,2045.83,84,1673.83,f,NONE,NONE,75.4,32.31,,6404d812-af86-4ab9-9454-760be2b69045,2026-08-27 11:28:00.060514+00,2026-09-02 15:27:18.564253+00
DAILY20260906LN81,5a1f0087-ca76-4752-addd-df15568806c0,MICROFINANCE,ABC Bank,GGN044,215824,200408,154160,164951.2,3280,3280,2022-01-15,2025-01-15,2025-11-10,2026-09-06,47,BUCKET_2,ACTIVE,14.5,9249.6,1541.6,,0,f,NONE,NONE,39.2,39.2,,642eb4c1-fdb9-4776-95a7-ef5d9e1c0d4a,2026-09-06 13:30:49.291732+00,2026-09-06 13:30:49.291736+00
DAILY20260903LN31,0bb4ce50-ea24-40e9-89e8-9754d9b9bfbd,CREDIT_CARD,ABC Bank,GGN044,219072,203424,156480,167433.6,9780,9780,2022-01-15,2025-01-15,2025-11-10,2026-09-03,32,BUCKET_2,ACTIVE,14.5,9388.8,1564.8,,0,f,NONE,NONE,26.7,26.7,,647280c7-4a9a-4117-94cb-82d50cacd7d8,2026-09-02 15:33:15.69297+00,2026-09-02 15:33:15.69297+00
DAILY20260918LN18,a2ff129f-e5d9-493d-9bdc-ccfe546ed407,PERSONAL,ABC Bank,GGN044,845964,785538,604260,646558.2,44760,22380,2022-01-15,2025-01-15,2025-11-10,2026-09-18,65,BUCKET_3,ACTIVE,14.5,36255.6,6042.6,,0,f,NONE,NONE,54.2,54.2,,649aef63-c846-41cf-bf0c-6918d733422b,2026-09-18 06:49:34.11488+00,2026-09-18 06:49:34.114885+00
DAILY20260906LN67,4d697883-6c3f-4bca-9c11-a1d107fe451f,BUSINESS,ABC Bank,GGN044,916342,850889,654530,700347.1,35380,17690,2022-01-15,2025-01-15,2025-11-10,2026-09-06,65,BUCKET_3,ACTIVE,14.5,39271.8,6545.3,,0,f,NONE,NONE,54.2,54.2,,64a5edbf-c8da-44f4-b7d4-d521a637cd2b,2026-09-06 13:30:49.199244+00,2026-09-06 13:30:49.19925+00
LN000000212,16cabbd5-74b8-4b05-a95a-0a529b52adf8,MICROFINANCE,ABC Bank,BR9872,95169.87,93525.13,60530.82,62870.4,17782.65,3070,2024-01-04,2026-12-19,2026-03-19,2026-09-26,150,NPA,ACTIVE,11.18,2118.38,127.06,36,2954.37,t,NONE,NONE,100,90.48,,64a8a098-b2a5-4383-8334-5c3692f1b518,2026-08-27 11:28:00.060399+00,2026-09-02 15:27:18.564253+00
LN000000316,a45ed2c0-f4e6-453a-9673-07c681b2e42b,BUSINESS,ABC Bank,BR7342,296299.18,270976.76,231077.72,253365.13,148345.25,24350,2023-06-15,2024-06-09,2026-03-22,2026-09-08,150,NPA,NPA,14.16,6277.62,12707.87,12,20065.57,t,NONE,NONE,100,71.86,,64f393db-4e26-4d38-bac9-7e6d8ebb2234,2026-08-27 11:28:00.060525+00,2026-09-02 15:27:18.564253+00
DAILY20260918LN17,a995cda3-dac0-494f-8e51-88e7c4dcc698,EDUCATION,ABC Bank,GGN044,740544,687648,528960,565987.2,44080,11020,2022-01-15,2025-01-15,2025-11-10,2026-09-18,120,NPA,NPA,14.5,31737.6,5289.6,,0,t,NONE,NONE,100,100,,65064818-1588-4707-9b8d-a192d04850a2,2026-09-18 06:49:34.109997+00,2026-09-18 06:49:34.11+00
DAILY20260903LN24,96e2459f-7e52-440e-bfb1-e787a2223bf9,AUTO,ABC Bank,GGN044,1022700,949650,730500,781635,73050,14610,2022-01-15,2025-01-15,2025-11-10,2026-09-03,155,NPA,NPA,14.5,43830,7305,,0,t,NONE,NONE,129.2,129.2,,6522ffa9-9159-4996-8fe5-805283395fd7,2026-09-02 15:33:15.656765+00,2026-09-02 15:33:15.656765+00
LN000000336,a3a84c49-dfc9-4194-9a32-da20f8d759df,CREDIT_CARD,ABC Bank,BR6782,202257.3,202239.91,168520.51,175338.54,30666.89,7760,2023-09-28,2026-09-12,2026-05-08,2026-09-10,105,NPA,ACTIVE,22.35,4476.8,1831.04,36,7489.4,t,NONE,NONE,100,78.86,,6555ae80-6711-4091-8bf9-d66781b95db6,2026-08-27 11:28:00.060548+00,2026-09-02 15:27:18.564253+00
DAILY20260921LN04,777200e5-b036-452f-9d13-88e115e8f007,EDUCATION,ABC Bank,GGN044,376740,349830,269100,287937,11700,5850,2022-01-15,2025-01-15,2025-11-10,2026-09-21,65,BUCKET_3,ACTIVE,14.5,16146,2691,,0,f,NONE,NONE,54.2,54.2,,65760072-d7d6-46a9-a1d2-1767e6bd53b2,2026-09-21 04:52:59.38113+00,2026-09-21 04:52:59.381136+00
LN000000221,803cf603-3a7c-4ed6-9f3d-21ff44a9b162,PERSONAL,ABC Bank,BR8439,931618.03,892933.09,480671.78,488433.88,115711.88,29630,2024-03-31,2027-03-16,2026-05-14,2026-09-10,105,NPA,NPA,11.93,5851.42,1566.83,36,14816.85,t,NOTICE_SENT,NONE,93.2,100,,65cd8a28-309f-4e18-bdae-21e15f9713a7,2026-08-27 11:28:00.060409+00,2026-09-02 15:27:18.564253+00
DAILY20260918LN186,83aa2ede-1d36-43f6-bd9e-bc2eb1ead4c9,BUSINESS,ABC Bank,GGN044,702576,652392,501840,536968.8,27880,27880,2022-01-15,2025-01-15,2025-11-10,2026-09-18,47,BUCKET_2,ACTIVE,14.5,30110.4,5018.4,,0,f,NONE,NONE,39.2,39.2,,65d9203d-98d2-4b55-bdc4-f348965baf7a,2026-09-18 06:49:35.065157+00,2026-09-18 06:49:35.06516+00
DAILY20260906LN148,ba67a3a5-a057-459f-b5fb-e099a5848f24,CREDIT_CARD,ABC Bank,GGN044,280840,260780,200600,214642,10030,10030,2022-01-15,2025-01-15,2025-11-10,2026-09-06,32,BUCKET_2,ACTIVE,14.5,12036,2006,,0,f,NONE,NONE,26.7,26.7,,65fea20a-d9e1-45e5-8a7f-e13f2fb76654,2026-09-06 13:30:49.700703+00,2026-09-06 13:30:49.700706+00
LN000000340,d2f7ea20-5d16-4661-8621-9f6e999f10d1,AUTO,ABC Bank,BR8317,365891.97,341432.4,315747.82,353086.78,19518.48,11220,2025-04-26,2028-04-10,2026-06-23,2026-09-02,50,BUCKET_2,ACTIVE,11.26,5796.3,26664.97,36,6767.61,f,NONE,NONE,66.3,25.9,,66f063d3-1c7a-4de4-ad70-451f0dd302c7,2026-08-27 11:28:00.060554+00,2026-09-02 15:27:18.564253+00
LN000000068,192fc0f4-437f-446a-bddd-93857fa66ad0,CREDIT_CARD,ABC Bank,BR6132,220244.96,216556.24,176590.72,188536.04,25556.16,5920,2025-10-02,2030-09-06,2026-05-12,2026-08-29,105,NPA,ACTIVE,21.5,9389.85,1914.74,60,5147.96,t,NONE,NONE,76.9,75.39,,67320861-5584-4be9-99d0-c9f7cd452aa6,2026-08-27 11:28:00.060219+00,2026-09-02 15:27:18.564253+00
DAILY20260903LN142,ad5ac66d-7dcb-44dd-9463-1145f44ba827,GOLD,ABC Bank,GGN044,433398,402441,309570,331239.9,30350,6070,2022-01-15,2025-01-15,2025-11-10,2026-09-03,155,NPA,NPA,14.5,18574.2,3095.7,,0,t,NONE,NONE,129.2,129.2,,67342331-8baa-4790-82b4-d3e6b1e73106,2026-09-02 15:33:16.131319+00,2026-09-02 15:33:16.131319+00
LN000000281,0b547eaa-2b69-48cc-a066-58e1e3def0fa,BUSINESS,ABC Bank,BR5914,2779280.28,2746384.91,1749390.69,1789435.21,111363.58,37390,2025-01-22,2034-12-01,2026-05-31,2026-09-24,88,BUCKET_3,ACTIVE,10.72,37361.12,1110.88,120,28006.16,f,NONE,NONE,71.2,100,,6741fff2-e981-4cfc-8136-69817e7bbd52,2026-08-27 11:28:00.060483+00,2026-09-02 15:27:18.564253+00
LN000000467,0152a258-885f-46d5-af53-c71c808f2748,CREDIT_CARD,ABC Bank,BR5358,146641.28,145207.84,120922,131218.52,8280.33,4260,2023-01-31,2027-01-10,2026-06-28,2026-09-09,58,BUCKET_2,ACTIVE,17.93,6323.66,3146.87,48,3706.88,f,NONE,NONE,65.9,40.13,,6758ea86-12a4-4bce-aa9b-09cb91ae5f32,2026-08-27 11:28:00.060705+00,2026-09-02 15:27:18.564253+00
DAILY20260918LN94,4b140a50-bf87-4a0b-b04f-5ea2095000cf,GOLD,ABC Bank,GGN044,357714,332163,255510,273395.7,15030,5010,2022-01-15,2025-01-15,2025-11-10,2026-09-18,95,NPA,NPA,14.5,15330.6,2555.1,,0,t,NONE,NONE,79.2,79.2,,67e6911b-5294-4931-89f7-6d784fab27d9,2026-09-18 06:49:34.543878+00,2026-09-18 06:49:34.543881+00
DAILY20260918LN05,df8b4d77-7dea-4d1d-af54-c98454aca707,CREDIT_CARD,ABC Bank,GGN044,707630,657085,505450,540831.5,18380,9190,2022-01-15,2025-01-15,2025-11-10,2026-09-18,88,BUCKET_3,ACTIVE,14.5,30327,5054.5,,0,f,NONE,NONE,73.3,73.3,,68220886-944c-4ce2-820c-5b9936c747f5,2026-09-18 06:49:34.04781+00,2026-09-18 06:49:34.047813+00
DAILY20260921LN32,14dd51d0-df77-4156-bc6d-fd5cd4feb810,BUSINESS,ABC Bank,GGN044,636916,591422,454940,486785.8,59340,19780,2022-01-15,2025-01-15,2025-11-10,2026-09-21,95,NPA,NPA,14.5,27296.4,4549.4,,0,t,NONE,NONE,79.2,79.2,,68487c4b-0882-4b87-ac25-25af79e7bc1d,2026-09-21 04:52:59.574334+00,2026-09-21 04:52:59.574338+00
DAILY20260903LN185,31d4be87-ea11-431f-b7ab-de946ce1e3fa,AUTO,ABC Bank,GGN044,576828,535626,412020,440861.4,45780,15260,2022-01-15,2025-01-15,2025-11-10,2026-09-03,95,NPA,NPA,14.5,24721.2,4120.2,,0,t,NONE,NONE,79.2,79.2,,68889c5b-94a7-464e-891d-790af30b5095,2026-09-02 15:33:16.285086+00,2026-09-02 15:33:16.285086+00
LN000000398,4f45ad63-4981-4f8e-aad3-93ddfaf33a1e,HOME,ABC Bank,BR9576,1886459.85,1801628.72,1650240.03,1725083.4,148248.85,47900,2022-07-14,2027-06-18,2026-06-03,2026-09-24,72,BUCKET_3,ACTIVE,20.17,58428.75,11878.99,60,23956.59,f,NONE,NONE,91.6,81.08,,689d7e25-af4c-484d-8934-404789cc9136,2026-08-27 11:28:00.060622+00,2026-09-02 15:27:18.564253+00
DAILY20260907LN117,4a2b9c47-efe9-4ba8-b7b1-40cf368df54c,CREDIT_CARD,ABC Bank,GGN044,561792,521664,401280,429369.6,21120,10560,2022-01-15,2025-01-15,2025-11-10,2026-09-07,88,BUCKET_3,ACTIVE,14.5,24076.8,4012.8,,0,f,NONE,NONE,73.3,73.3,,68e46d9b-f5a4-4def-a757-fc251f117d94,2026-09-07 04:59:06.497875+00,2026-09-07 04:59:06.497878+00
LN000000463,def6ec95-7bb5-4ef4-a2f7-971bf5945771,CREDIT_CARD,ABC Bank,BR7893,115758.2,110055.94,57389.63,66930.39,10803.81,3160,2024-07-16,2029-06-20,2026-05-12,2026-09-18,95,NPA,NPA,23.9,1770.82,5656.69,60,2912.72,t,NONE,NONE,77.9,47.07,,69265f3c-103b-4ffe-becb-b9912a5aafaf,2026-08-27 11:28:00.0607+00,2026-09-02 15:27:18.564253+00
LN000000428,671c141e-2e73-404d-a72b-220fecd28281,AUTO,ABC Bank,BR8040,1301717.12,1188033.14,585880.82,613583.61,146902.26,23220,2023-04-22,2033-02-28,2026-03-24,2026-09-09,150,NPA,NPA,20.33,22647.07,4061,120,17831.91,t,NOTICE_SENT,NONE,91.9,100,,69326459-fdd4-4f93-a098-676f97e48780,2026-08-27 11:28:00.060658+00,2026-09-02 15:27:18.564253+00
LN000000150,ed148f40-83cc-47ae-9998-ed2138e66d55,EDUCATION,ABC Bank,BR8696,189647.07,179725.24,78138.52,90816.66,15367.38,9000,2024-02-11,2026-01-31,2026-07-19,2026-09-19,35,BUCKET_2,ACTIVE,18.31,2091.74,8929.34,24,7639.78,f,NONE,NONE,34.8,19.09,,695d44b1-3808-4d87-b57f-819c1db40ae4,2026-08-27 11:28:00.060322+00,2026-09-02 15:27:18.564253+00
DAILY20260921LN145,bb271403-c007-4ad7-bc2c-b7df60f7775d,EDUCATION,ABC Bank,GGN044,943334,875953,673810,720976.7,31340,15670,2022-01-15,2025-01-15,2025-11-10,2026-09-21,88,BUCKET_3,ACTIVE,14.5,40428.6,6738.1,,0,f,NONE,NONE,73.3,73.3,,699cddac-bc50-412d-b294-ed86840808e0,2026-09-21 04:53:00.459895+00,2026-09-21 04:53:00.459901+00
DAILY20260918LN182,284d46e8-9f00-4dca-a3ac-f25021546486,MICROFINANCE,ABC Bank,GGN044,127596,118482,91140,97519.8,8680,4340,2022-01-15,2025-01-15,2025-11-10,2026-09-18,65,BUCKET_3,ACTIVE,14.5,5468.4,911.4,,0,f,NONE,NONE,54.2,54.2,,69b863ff-fc5e-4512-9083-5b4d66c27a64,2026-09-18 06:49:35.044402+00,2026-09-18 06:49:35.044405+00
LN000000495,49990be3-78b7-4671-a955-7b3eaf1c075c,AUTO,ABC Bank,BR8588,387846.2,349336.35,123968.61,126062.71,58009.53,31410,2022-01-08,2023-01-03,2026-07-12,2026-09-02,35,BUCKET_2,ACTIVE,14.27,1844.15,209.22,12,13020.55,f,NONE,NONE,39.7,100,,69c230a3-59b0-457e-a4a8-c6faa2a76acf,2026-08-27 11:28:00.060739+00,2026-09-02 15:27:18.564253+00
DAILY20260907LN28,d3f6ff7f-df17-49a0-87db-9ecf688f6e80,HOME,ABC Bank,GGN044,997458,926211,712470,762342.9,13970,13970,2022-01-15,2025-01-15,2025-11-10,2026-09-07,32,BUCKET_2,ACTIVE,14.5,42748.2,7124.7,,0,f,NONE,NONE,26.7,26.7,,69cc5c7d-e69a-469c-a167-5e3fd45f91d0,2026-09-07 04:59:05.880919+00,2026-09-07 04:59:05.880922+00
DAILY20260918LN142,c4ece7c7-c4c3-46db-ad50-ee67682d3275,AUTO,ABC Bank,GGN044,593096,550732,423640,453294.8,74760,24920,2022-01-15,2025-01-15,2025-11-10,2026-09-18,95,NPA,NPA,14.5,25418.4,4236.4,,0,t,NONE,NONE,79.2,79.2,,6a108a3e-d1cc-4bfc-9088-15cf16c460cc,2026-09-18 06:49:34.831094+00,2026-09-18 06:49:34.831097+00
DAILY20260903LN50,aa97d764-301c-4b51-9dd5-17e6437d252f,CREDIT_CARD,ABC Bank,GGN044,414960,385320,296400,317148,14820,4940,2022-01-15,2025-01-15,2025-11-10,2026-09-03,95,NPA,NPA,14.5,17784,2964,,0,t,NONE,NONE,79.2,79.2,,6a7707be-3ef0-42eb-a872-27636ae45209,2026-09-02 15:33:15.76257+00,2026-09-02 15:33:15.76257+00
LN000000376,59c33cae-ac22-4a38-80c3-387db6c9a143,AUTO,ABC Bank,BR8392,327663.04,322113.42,177944.99,186928.15,88159.95,29660,2021-12-17,2022-12-12,2026-06-10,2026-08-31,72,BUCKET_3,ACTIVE,18.84,8144.89,534.79,12,22785.71,f,NONE,NONE,68.4,90.33,,6a8347ec-4916-4c76-b5a0-1111e2620884,2026-08-27 11:28:00.060597+00,2026-09-02 15:27:18.564253+00
DAILY20260921LN72,6ec90334-1a24-4aa4-ac97-3f57d99f86d2,HOME,ABC Bank,GGN044,1500408,1393236,1071720,1146740.4,164880,41220,2022-01-15,2025-01-15,2025-11-10,2026-09-21,120,NPA,NPA,14.5,64303.2,10717.2,,0,t,NONE,NONE,100,100,,6ac05d19-55de-4a6c-813b-fb75e5f8b724,2026-09-21 04:52:59.789621+00,2026-09-21 04:52:59.789626+00
LN000000481,2116ea56-720b-426f-be95-b1c2fe197cc5,AUTO,ABC Bank,BR4059,1211760.39,1152085.42,855883.94,878461.26,197083.8,24980,2022-04-07,2032-02-14,2026-02-28,2026-09-11,180,NPA,NPA,23.47,21045.31,890.38,120,23989.36,t,NONE,NONE,100,100,,6b10f644-4584-43f5-984a-c2d4b27300ec,2026-08-27 11:28:00.060723+00,2026-09-02 15:27:18.564253+00
DAILY20260921LN143,1996dc2d-47ca-4785-a05d-2ee00be598a9,CREDIT_CARD,ABC Bank,GGN044,113834,105703,81310,87001.7,8650,1730,2022-01-15,2025-01-15,2025-11-10,2026-09-21,155,NPA,NPA,14.5,4878.6,813.1,,0,t,NONE,NONE,129.2,129.2,,6b7457e7-b69b-4afc-9193-19eeb3ea6ee8,2026-09-21 04:53:00.445746+00,2026-09-21 04:53:00.44575+00
DAILY20260918LN78,30c67ec2-ddfb-4ce9-a468-b051044e6b54,PERSONAL,ABC Bank,GGN044,1315104,1221168,939360,1005115.2,65920,16480,2022-01-15,2025-01-15,2025-11-10,2026-09-18,120,NPA,NPA,14.5,56361.6,9393.6,,0,t,NONE,NONE,100,100,,6bd8973e-9d1b-4b7f-93fc-ae391e264665,2026-09-18 06:49:34.443933+00,2026-09-18 06:49:34.443937+00
LN000000175,abea6752-eece-420a-bbad-c524aaa9073f,GOLD,ABC Bank,BR1490,520823.37,479142.96,215781.76,221530.98,46307.24,9230,2023-08-23,2030-07-17,2026-04-26,2026-09-07,120,NPA,NPA,14.94,2873.03,2438.23,84,4688.31,t,NOTICE_SENT,NEGOTIATING,85.3,79.36,,6c0cd4ca-4bdf-49a7-8d62-0961a9283415,2026-08-27 11:28:00.060354+00,2026-09-02 15:27:18.564253+00
LN000000008,394b6e07-ddd3-4bef-8ddb-1fb4de03ac48,GOLD,ABC Bank,BR5965,162039,158951.86,150118.41,159669.17,103029.3,14540,2025-12-26,2026-12-21,2026-01-24,2026-09-01,210,NPA,NPA,17.57,8376.61,707.25,12,10103.67,t,NONE,NONE,100,100,,6c5dd43e-bb40-4366-b019-332c50203f9d,2026-08-27 11:28:00.060148+00,2026-09-02 15:27:18.564253+00
DAILY20260903LN92,9085200a-f7d6-450d-80b4-ce41a836a6fc,BUSINESS,ABC Bank,GGN044,1463224,1358708,1045160,1118321.2,61480,30740,2022-01-15,2025-01-15,2025-11-10,2026-09-03,65,BUCKET_3,ACTIVE,14.5,62709.6,10451.6,,0,f,NONE,NONE,54.2,54.2,,6c6b363d-6eea-48f7-bf6f-b6ecd38bc9d3,2026-09-02 15:33:15.94165+00,2026-09-02 15:33:15.94165+00
DAILY20260906LN35,179acb34-f31a-47f0-9040-0c9fc68ddf6d,EDUCATION,ABC Bank,GGN044,1049048,974116,749320,801772.4,34060,17030,2022-01-15,2025-01-15,2025-11-10,2026-09-06,88,BUCKET_3,ACTIVE,14.5,44959.2,7493.2,,0,f,NONE,NONE,73.3,73.3,,6c73ba79-14ac-483b-99d8-aef8b9efcb8b,2026-09-06 13:30:48.887228+00,2026-09-06 13:30:48.887232+00
LN000000215,32f26267-1756-4d30-a1c7-f1be5aa626b5,CREDIT_CARD,ABC Bank,BR2049,133091.99,125637.63,60394.7,63614.53,15107.53,4450,2023-01-16,2025-12-31,2026-06-02,2026-09-21,72,BUCKET_3,ACTIVE,16.53,956.58,1322.36,36,2260.08,f,NONE,NONE,79.8,39.05,,6c9b2a57-97db-4982-b0ed-ad240fa89d31,2026-08-27 11:28:00.060402+00,2026-09-02 15:27:18.564253+00
LN000000264,e8d521a4-2a1e-4633-adb6-a450b92c7c87,CREDIT_CARD,ABC Bank,BR2298,41878.47,39290.02,31414.74,38722.97,6356.82,3710,2022-08-04,2023-07-30,2026-06-17,2026-09-22,58,BUCKET_2,ACTIVE,23.72,1446.45,5323.93,12,3632.45,f,NONE,NONE,53.3,28.48,,6ccffa1d-2a3b-4cb7-a654-e3815f514735,2026-08-27 11:28:00.060462+00,2026-09-02 15:27:18.564253+00
DAILY20260903LN120,54aee680-81ec-48fa-afac-00586d660c25,GOLD,ABC Bank,GGN044,500192,464464,357280,382289.6,6160,6160,2022-01-15,2025-01-15,2025-11-10,2026-09-03,32,BUCKET_2,ACTIVE,14.5,21436.8,3572.8,,0,f,NONE,NONE,26.7,26.7,,6cfe8509-c883-45fe-b898-1e7012101141,2026-09-02 15:33:16.053237+00,2026-09-02 15:33:16.053237+00
DAILY20260921LN87,6790c567-bf69-428c-a48a-5cf23129a1a8,CREDIT_CARD,ABC Bank,GGN044,249480,231660,178200,190674,16200,4050,2022-01-15,2025-01-15,2025-11-10,2026-09-21,120,NPA,NPA,14.5,10692,1782,,0,t,NONE,NONE,100,100,,6d87e974-01b5-4666-b7d2-bf74585d76d4,2026-09-21 04:52:59.886131+00,2026-09-21 04:52:59.886137+00
DAILY20260918LN93,b1af85a4-f72a-4175-8ad4-c533d7405780,CREDIT_CARD,ABC Bank,GGN044,429240,398580,306600,328062,17520,8760,2022-01-15,2025-01-15,2025-11-10,2026-09-18,88,BUCKET_3,ACTIVE,14.5,18396,3066,,0,f,NONE,NONE,73.3,73.3,,6d98033c-28fc-498b-9e7f-e37563b54f84,2026-09-18 06:49:34.536781+00,2026-09-18 06:49:34.536785+00
DAILY20260918LN183,cdb01913-44b4-4ad0-b444-6a3b48db935d,BUSINESS,ABC Bank,GGN044,3622766,3363997,2587690,2768828.3,264050,52810,2022-01-15,2025-01-15,2025-11-10,2026-09-18,155,NPA,NPA,14.5,155261.4,25876.9,,0,t,NONE,NONE,129.2,129.2,,6e043d85-240b-4b60-8282-7d8398b1aa88,2026-09-18 06:49:35.049498+00,2026-09-18 06:49:35.0495+00
LN000000015,8018e1c1-c98e-4792-8adf-acf30f04e3f7,PERSONAL,ABC Bank,BR3456,306036.76,285185.04,145490.24,152041.82,71782.17,26640,2023-11-07,2024-11-01,2026-05-25,2026-09-22,88,BUCKET_3,ACTIVE,21.62,4954.91,1418.82,12,11098.82,f,NONE,NONE,87.1,73.88,,6e5e2e22-e988-49ba-a6ac-b972a239c7d9,2026-08-27 11:28:00.060156+00,2026-09-02 15:27:18.564253+00
DAILY20260918LN135,1a77507f-db4c-4fe8-8396-14b97f650850,GOLD,ABC Bank,GGN044,202272,187824,144480,154593.6,27520,6880,2022-01-15,2025-01-15,2025-11-10,2026-09-18,120,NPA,NPA,14.5,8668.8,1444.8,,0,t,NONE,NONE,100,100,,6ea0ec82-d3a4-4205-b03e-8629bc3d3714,2026-09-18 06:49:34.793412+00,2026-09-18 06:49:34.793415+00
DAILY20260906LN124,65758571-ea90-4292-945b-cbc2824ef6df,MICROFINANCE,ABC Bank,GGN044,303478,281801,216770,231943.9,8180,4090,2022-01-15,2025-01-15,2025-11-10,2026-09-06,65,BUCKET_3,ACTIVE,14.5,13006.2,2167.7,,0,f,NONE,NONE,54.2,54.2,,6ecca9a9-6537-4d71-a887-4028f0e08254,2026-09-06 13:30:49.547757+00,2026-09-06 13:30:49.54776+00
LN000000330,01bec68e-6cbc-49d5-9bc3-5d11bc4bd4a1,GOLD,ABC Bank,BR2888,330138.18,306305.06,217500.42,237234.57,25029.67,6460,2024-09-27,2034-08-06,2026-05-09,2026-09-12,105,NPA,NPA,22.62,12255.89,6052.54,120,6081,t,NONE,NONE,99.5,59,,6ed61914-91d7-4e38-9874-af6982d9ac28,2026-08-27 11:28:00.060542+00,2026-09-02 15:27:18.564253+00
DAILY20260921LN76,e8790e45-e0ce-4a48-8382-ed47bc62eeee,CREDIT_CARD,ABC Bank,GGN044,116844,108498,83460,89302.2,6420,2140,2022-01-15,2025-01-15,2025-11-10,2026-09-21,95,NPA,NPA,14.5,5007.6,834.6,,0,t,NONE,NONE,79.2,79.2,,6eebb76b-10c6-4d8e-b5fa-02632d5bb7c3,2026-09-21 04:52:59.814347+00,2026-09-21 04:52:59.814351+00
DAILY20260903LN36,51f6030a-fa4f-444d-a4b0-3133a1b87c56,AUTO,ABC Bank,GGN044,2000040,1857180,1428600,1528602,23810,23810,2022-01-15,2025-01-15,2025-11-10,2026-09-03,47,BUCKET_2,ACTIVE,14.5,85716,14286,,0,f,NONE,NONE,39.2,39.2,,71710e02-d5ac-4b55-adfe-fdc06e564015,2026-09-02 15:33:15.702561+00,2026-09-02 15:33:15.702561+00
LN000000318,be40bbed-49dc-474b-8ecb-a1069aa03279,BUSINESS,ABC Bank,BR8347,1521027.35,1493812.76,935340.89,961303.34,155423.07,50430,2025-11-12,2028-10-27,2026-06-07,2026-09-12,80,BUCKET_3,ACTIVE,13.14,24354.27,398.75,36,47278.38,f,NONE,NONE,56,100,,71c5cdba-a7b8-4019-9df5-9384c6b47a68,2026-08-27 11:28:00.060528+00,2026-09-02 15:27:18.564253+00
LN000000092,84afbd8b-fd6f-4cd1-86f1-555aeefe9444,GOLD,ABC Bank,BR3177,230582.39,217003.32,168724.13,185011.51,75374.03,6690,2025-08-04,2029-07-14,2025-11-20,2026-09-21,270,NPA,ACTIVE,20.75,10278.25,5187.06,48,3379.78,t,NONE,NONE,100,100,,71e11b4c-3128-4047-879b-4a13ffc30cbe,2026-08-27 11:28:00.06025+00,2026-09-02 15:27:18.564253+00
LN000000075,47e30ef7-8957-428d-be7b-a7b0524f8143,MICROFINANCE,ABC Bank,BR1756,138421.56,138104.6,58155.29,62720.19,24009.44,4500,2025-10-18,2029-09-27,2026-03-24,2026-09-06,150,NPA,NPA,23.97,4437.12,69.78,48,4106.98,t,NONE,NONE,100,100,,72615092-a694-4c7b-8ed4-93290716826f,2026-08-27 11:28:00.060227+00,2026-09-02 15:27:18.564253+00
LN000000210,14ea770e-652f-483b-bc15-02d7708f01a4,AUTO,ABC Bank,BR6224,1422497.51,1384832.43,736220.33,760956.03,45369.04,22340,2022-03-01,2032-01-08,2026-07-05,2026-09-25,50,BUCKET_2,ACTIVE,15,19772.07,4494.4,120,9659.78,f,NONE,NONE,53.3,91.19,,727b15e1-2192-4ade-9dab-efae16582eb9,2026-08-27 11:28:00.060396+00,2026-09-02 15:27:18.564253+00
DAILY20260918LN86,417a76cb-2def-40f2-a211-356175b36e53,CREDIT_CARD,ABC Bank,GGN044,193550,179725,138250,147927.5,5530,5530,2022-01-15,2025-01-15,2025-11-10,2026-09-18,47,BUCKET_2,ACTIVE,14.5,8295,1382.5,,0,f,NONE,NONE,39.2,39.2,,72d67019-a840-4102-bd15-de016afac58d,2026-09-18 06:49:34.491196+00,2026-09-18 06:49:34.4912+00
DAILY20260907LN175,97d89b52-5e15-4c20-bc79-e67bafe4acb7,GOLD,ABC Bank,GGN044,325080,301860,232200,248454,5160,5160,2022-01-15,2025-01-15,2025-11-10,2026-09-07,47,BUCKET_2,ACTIVE,14.5,13932,2322,,0,f,NONE,NONE,39.2,39.2,,73175eca-b6c4-4fff-bc70-66b844170741,2026-09-07 04:59:06.821839+00,2026-09-07 04:59:06.821841+00
LN000000164,f45c94fd-7fbc-4f1b-9251-5b344b57ff6d,EDUCATION,ABC Bank,BR9177,338263.99,316212.07,180921.96,196387.95,21642.82,7670,2026-01-30,2032-12-24,2026-05-25,2026-09-08,80,BUCKET_3,ACTIVE,23.33,7523.75,4231.68,84,4973.48,f,NONE,NONE,60.4,42.74,,732f6fe4-99c7-4777-8fa1-21666c8ec7b1,2026-08-27 11:28:00.060339+00,2026-09-02 15:27:18.564253+00
DAILY20260903LN22,997e5bd5-f5fd-4795-99b3-e81247f8f19c,HOME,ABC Bank,GGN044,1376928,1278576,983520,1052366.4,54640,54640,2022-01-15,2025-01-15,2025-11-10,2026-09-03,32,BUCKET_2,ACTIVE,14.5,59011.2,9835.2,,0,f,NONE,NONE,26.7,26.7,,737cbc12-aaca-4dcd-bb5a-6efde7945ce0,2026-09-02 15:33:15.653032+00,2026-09-02 15:33:15.653032+00
LN000000387,a9ecda50-e818-4cb9-97a8-8c56eeea659a,CREDIT_CARD,ABC Bank,BR8935,356592.31,341677.8,250503.55,257418.13,26565.88,6110,2024-07-12,2031-06-06,2026-05-16,2026-09-11,95,NPA,NPA,12.43,4219.9,2491.3,84,5862.48,t,NONE,NONE,84.6,82.81,,737f95f7-e522-403e-9eab-9eb0d8cd402c,2026-08-27 11:28:00.060609+00,2026-09-02 15:27:18.564253+00
DAILY20260921LN59,e1bd0175-59f1-411d-bc95-c60d0f690bde,CREDIT_CARD,ABC Bank,GGN044,749476,695942,535340,572813.8,36920,9230,2022-01-15,2025-01-15,2025-11-10,2026-09-21,120,NPA,NPA,14.5,32120.4,5353.4,,0,t,NONE,NONE,100,100,,73bf2709-8226-4bc5-9fab-23e7bfcc15ee,2026-09-21 04:52:59.715006+00,2026-09-21 04:52:59.71501+00
DAILY20260921LN157,98c76e8f-370e-447f-96c1-6db3d8978501,EDUCATION,ABC Bank,GGN044,1437170,1334515,1026550,1098408.5,104750,20950,2022-01-15,2025-01-15,2025-11-10,2026-09-21,155,NPA,NPA,14.5,61593,10265.5,,0,t,NONE,NONE,129.2,129.2,,73d6e9df-f072-4d3c-8929-3b06f7599662,2026-09-21 04:53:00.531348+00,2026-09-21 04:53:00.531352+00
DAILY20260918LN107,43aa8d62-1463-4e43-9789-519d2df2be9a,AUTO,ABC Bank,GGN044,1331232,1236144,950880,1017441.6,50940,16980,2022-01-15,2025-01-15,2025-11-10,2026-09-18,95,NPA,NPA,14.5,57052.8,9508.8,,0,t,NONE,NONE,79.2,79.2,,743d0f8e-f7ea-4d65-bd3d-757d4245b08d,2026-09-18 06:49:34.630218+00,2026-09-18 06:49:34.630221+00
LN000000331,41cc1b96-fb44-46c2-bc99-cb2fc25d320f,AUTO,ABC Bank,BR4311,798619.46,795051,414908,449246.31,49189.27,17660,2023-02-26,2030-01-20,2026-06-21,2026-09-12,65,BUCKET_3,ACTIVE,20.01,25819.54,7153.49,84,12942.13,f,NONE,NONE,52.5,50.49,,74449b9e-ca4a-4080-a3ae-2337a172f911,2026-08-27 11:28:00.060543+00,2026-09-02 15:27:18.564253+00
DAILY20260903LN135,a2ed3086-28be-4acc-915d-fc73499f47c7,MICROFINANCE,ABC Bank,GGN044,217728,202176,155520,166406.4,24300,4860,2022-01-15,2025-01-15,2025-11-10,2026-09-03,155,NPA,NPA,14.5,9331.2,1555.2,,0,t,NONE,NONE,129.2,129.2,,74d3e831-ea06-4d6f-869c-80684ea6a8f3,2026-09-02 15:33:16.099983+00,2026-09-02 15:33:16.099983+00
DAILY20260906LN157,0414fa3b-b8b5-4517-8337-42d9ed29c060,MICROFINANCE,ABC Bank,GGN044,92834,86203,66310,70951.7,6980,3490,2022-01-15,2025-01-15,2025-11-10,2026-09-06,88,BUCKET_3,ACTIVE,14.5,3978.6,663.1,,0,f,NONE,NONE,73.3,73.3,,74ea9689-4c63-4bc0-9bcf-b2c30bd05d65,2026-09-06 13:30:49.76078+00,2026-09-06 13:30:49.760783+00
DAILY20260918LN89,fe890ba5-f227-4c3f-9718-2ff72623edcd,GOLD,ABC Bank,GGN044,625408,580736,446720,477990.4,13960,13960,2022-01-15,2025-01-15,2025-11-10,2026-09-18,32,BUCKET_2,ACTIVE,14.5,26803.2,4467.2,,0,f,NONE,NONE,26.7,26.7,,751a2d06-22e0-4c97-b6a1-97fdf2dcff29,2026-09-18 06:49:34.511925+00,2026-09-18 06:49:34.511928+00
DAILY20260921LN08,92a4c78c-e0c9-457a-977a-f48cbf09ebcc,AUTO,ABC Bank,GGN044,1016260,943670,725900,776713,41480,20740,2022-01-15,2025-01-15,2025-11-10,2026-09-21,88,BUCKET_3,ACTIVE,14.5,43554,7259,,0,f,NONE,NONE,73.3,73.3,,7522c1ce-077b-4d50-a8a0-fcf1dda910a0,2026-09-21 04:52:59.4138+00,2026-09-21 04:52:59.413806+00
DAILY20260918LN00,fb9ce252-5103-4cde-8148-31f49b96a5d9,CREDIT_CARD,ABC Bank,GGN044,554442,514839,396030,423752.1,18420,9210,2022-01-15,2025-01-15,2025-11-10,2026-09-18,88,BUCKET_3,ACTIVE,14.5,23761.8,3960.3,,0,f,NONE,NONE,73.3,73.3,,75894175-716e-4339-aa8a-b8dfadbb0faa,2026-09-18 06:49:34.009144+00,2026-09-18 06:49:34.009147+00
LN000000328,41f340d5-3658-42af-8270-b282883c6623,HOME,ABC Bank,BR1077,956332.86,928829.73,681995.74,702475.75,146348.72,43300,2022-12-17,2024-12-06,2026-06-09,2026-09-26,72,BUCKET_3,ACTIVE,11.02,6329.75,7035.65,24,34456.26,f,NONE,NONE,63.8,43.9,,75bb5a95-b343-4564-8be9-53ed37356c2c,2026-08-27 11:28:00.060539+00,2026-09-02 15:27:18.564253+00
DAILY20260918LN132,745de031-6fc0-42a6-b62c-51d2cf62545c,GOLD,ABC Bank,GGN044,406000,377000,290000,310300,10000,5000,2022-01-15,2025-01-15,2025-11-10,2026-09-18,88,BUCKET_3,ACTIVE,14.5,17400,2900,,0,f,NONE,NONE,73.3,73.3,,75da8274-cc06-4c9c-9112-94e684b442f6,2026-09-18 06:49:34.776492+00,2026-09-18 06:49:34.776495+00
LN000000179,d62f8b44-fbc6-4ad8-8faf-d60cd0920350,CREDIT_CARD,ABC Bank,BR7043,97169.31,92246.1,37972.75,40219.04,38985,8500,2022-09-12,2023-09-07,2026-04-29,2026-09-24,120,NPA,NPA,18.98,1012.25,420.48,12,8163.96,t,NOTICE_SENT,NONE,100,61.68,,75f41ef3-59c5-49c1-b18f-3e06d69a1826,2026-08-27 11:28:00.060359+00,2026-09-02 15:27:18.564253+00
LN000000456,e22c4360-2794-4667-b8db-d3cbcdf9d0a5,MICROFINANCE,ABC Bank,BR2748,138347.67,137804.52,121970,126121.11,7741.59,2850,2023-03-22,2033-01-28,2026-05-29,2026-08-31,80,BUCKET_3,ACTIVE,22.02,2225.74,1328.1,120,2471.46,f,NONE,NONE,70.7,72.21,,760b9b1e-94c7-4882-ac7c-17e5972ea843,2026-08-27 11:28:00.060692+00,2026-09-02 15:27:18.564253+00
DAILY20260918LN127,63c33280-e9c8-4c19-ae94-ab3ad56e6c6e,HOME,ABC Bank,GGN044,1353240,1256580,966600,1034262,26850,26850,2022-01-15,2025-01-15,2025-11-10,2026-09-18,32,BUCKET_2,ACTIVE,14.5,57996,9666,,0,f,NONE,NONE,26.7,26.7,,7690f3ae-5c6c-4a1f-bf17-22295dd9e305,2026-09-18 06:49:34.748672+00,2026-09-18 06:49:34.748675+00
DAILY20260907LN72,3fde8f4f-a583-4f9c-8144-112a842fac20,BUSINESS,ABC Bank,GGN044,2276456,2113852,1626040,1739862.8,30680,30680,2022-01-15,2025-01-15,2025-11-10,2026-09-07,47,BUCKET_2,ACTIVE,14.5,97562.4,16260.4,,0,f,NONE,NONE,39.2,39.2,,76b56382-763a-4fed-9313-19e9a723c4c8,2026-09-07 04:59:06.224208+00,2026-09-07 04:59:06.224211+00
DAILY20260907LN84,d4896a5a-b1f2-454d-8b7b-c80b26ec211d,HOME,ABC Bank,GGN044,735770,683215,525550,562338.5,22850,22850,2022-01-15,2025-01-15,2025-11-10,2026-09-07,32,BUCKET_2,ACTIVE,14.5,31533,5255.5,,0,f,NONE,NONE,26.7,26.7,,76d8e612-e418-4af1-9a7f-d46bbaa5a39e,2026-09-07 04:59:06.293721+00,2026-09-07 04:59:06.293724+00
DAILY20260903LN130,c474cf95-1454-4e79-8e0e-bc3d126a82fa,PERSONAL,ABC Bank,GGN044,1939560,1801020,1385400,1482378,115450,23090,2022-01-15,2025-01-15,2025-11-10,2026-09-03,155,NPA,NPA,14.5,83124,13854,,0,t,NONE,NONE,129.2,129.2,,773a92c8-0694-4a00-9421-6823b5bf7db0,2026-09-02 15:33:16.091721+00,2026-09-02 15:33:16.091721+00
LN000000359,ccb9773a-386d-40ba-897a-6749f16e61e4,MICROFINANCE,ABC Bank,BR6306,31167.21,29878.39,20363.47,22872.92,5081.85,2690,2024-05-01,2025-04-26,2026-07-04,2026-09-16,42,BUCKET_2,ACTIVE,14.52,530.96,1546.25,12,1363.29,f,NONE,NONE,48.2,23.33,,77439b2e-9dbe-4508-a3dd-758a4840a3c9,2026-08-27 11:28:00.060576+00,2026-09-02 15:27:18.564253+00
LN000000408,394b6e07-ddd3-4bef-8ddb-1fb4de03ac48,MICROFINANCE,ABC Bank,BR2512,129126.05,127182.06,56661.54,58225.44,14253.2,2960,2024-04-11,2029-03-16,2026-04-25,2026-08-28,120,NPA,NPA,14.01,1336.29,186.63,60,2945.5,t,NONE,NONE,77.4,73.76,,77498ae5-dd8a-4de3-a1bd-b75f2d37c229,2026-08-27 11:28:00.060633+00,2026-09-02 15:27:18.564253+00
LN000000052,0206ed96-6702-4d9b-8861-5ca0019ddc4f,MICROFINANCE,ABC Bank,BR7694,94543.48,86291.01,74897.4,76856.83,32092.4,4390,2023-04-14,2025-04-03,2026-01-26,2026-09-15,210,NPA,NPA,19.96,1672.16,184.98,24,2074.36,t,NONE,NEGOTIATING,100,100,,775cdd25-33e5-4548-894c-19587a0f68f9,2026-08-27 11:28:00.0602+00,2026-09-02 15:27:18.564253+00
DAILY20260918LN06,e1627018-fabf-4d8a-a3a3-2af5e4719996,CREDIT_CARD,ABC Bank,GGN044,428736,398112,306240,327676.8,9280,9280,2022-01-15,2025-01-15,2025-11-10,2026-09-18,32,BUCKET_2,ACTIVE,14.5,18374.4,3062.4,,0,f,NONE,NONE,26.7,26.7,,77760595-f288-4d34-9d41-8c5aac3c7d8f,2026-09-18 06:49:34.05365+00,2026-09-18 06:49:34.053655+00
LN000000236,0cfbcde8-ced6-40c2-b657-a9fa69c97352,BUSINESS,ABC Bank,BR7106,1413216.52,1313053.2,683646.13,710623.8,102592.54,34130,2023-06-15,2027-05-25,2026-06-05,2026-09-15,80,BUCKET_3,ACTIVE,11.3,20846.15,3253.45,48,22913.59,f,NONE,NONE,87.4,78.02,,77a83725-c597-4f1f-8518-a7a381ec7189,2026-08-27 11:28:00.060427+00,2026-09-02 15:27:18.564253+00
DAILY20260906LN13,ef946408-e04c-43fd-9a80-c32828c11b81,CREDIT_CARD,ABC Bank,GGN044,177772,165074,126980,135868.6,18140,9070,2022-01-15,2025-01-15,2025-11-10,2026-09-06,65,BUCKET_3,ACTIVE,14.5,7618.8,1269.8,,0,f,NONE,NONE,54.2,54.2,,77af71fc-95bc-4376-9eb3-295256ffa32a,2026-09-06 13:30:48.734154+00,2026-09-06 13:30:48.734158+00
LN000000418,d6a1fca5-8fed-47e0-a1db-eae9c3775bc9,EDUCATION,ABC Bank,BR6383,826111.7,808597.62,386549.07,407722.92,34323.55,18330,2022-11-28,2029-10-22,2026-07-18,2026-09-03,35,BUCKET_2,ACTIVE,20.76,20752.46,278.22,84,13326.61,f,NONE,NONE,33.9,100,,77c82297-697f-408f-a7ab-4f0492e5a7cf,2026-08-27 11:28:00.060646+00,2026-09-02 15:27:18.564253+00
DAILY20260921LN178,f7c953c4-95fe-45ee-a595-f22bc82b32dc,CREDIT_CARD,ABC Bank,GGN044,485870,451165,347050,371343.5,31550,6310,2022-01-15,2025-01-15,2025-11-10,2026-09-21,155,NPA,NPA,14.5,20823,3470.5,,0,t,NONE,NONE,129.2,129.2,,77d90694-b343-440f-ac64-84dff8a526fd,2026-09-21 04:53:00.679445+00,2026-09-21 04:53:00.679449+00
DAILY20260918LN123,9f96bfe9-302d-4162-abad-6332fdf1c130,GOLD,ABC Bank,GGN044,505064,468988,360760,386013.2,18660,6220,2022-01-15,2025-01-15,2025-11-10,2026-09-18,95,NPA,NPA,14.5,21645.6,3607.6,,0,t,NONE,NONE,79.2,79.2,,780dea7b-93a9-46e9-8f35-096765609e48,2026-09-18 06:49:34.728617+00,2026-09-18 06:49:34.72862+00
DAILY20260907LN51,6baf7bdd-46d0-42ab-a8fe-b24c8b65ad2c,GOLD,ABC Bank,GGN044,422268,392106,301620,322733.4,27420,9140,2022-01-15,2025-01-15,2025-11-10,2026-09-07,95,NPA,NPA,14.5,18097.2,3016.2,,0,t,NONE,NONE,79.2,79.2,,780e29ad-23e6-4167-945d-6de5af271d61,2026-09-07 04:59:06.091537+00,2026-09-07 04:59:06.091542+00
DAILY20260906LN141,6efda73d-454c-4c10-a0cc-90a19219bf6b,BUSINESS,ABC Bank,GGN044,2309328,2144376,1649520,1764986.4,91640,45820,2022-01-15,2025-01-15,2025-11-10,2026-09-06,65,BUCKET_3,ACTIVE,14.5,98971.2,16495.2,,0,f,NONE,NONE,54.2,54.2,,788bafe0-1cad-42f8-89c7-58124c2e5e5d,2026-09-06 13:30:49.65785+00,2026-09-06 13:30:49.657853+00
DAILY20260918LN43,348dfb53-967f-43fd-8a7c-5321ff20f7a8,PERSONAL,ABC Bank,GGN044,626640,581880,447600,478932,59680,29840,2022-01-15,2025-01-15,2025-11-10,2026-09-18,88,BUCKET_3,ACTIVE,14.5,26856,4476,,0,f,NONE,NONE,73.3,73.3,,789a422c-5b2f-490d-9e03-3ec0a3e7b88d,2026-09-18 06:49:34.237988+00,2026-09-18 06:49:34.237992+00
LN000000106,3ce65814-38c6-4945-97e1-02ce641caf5a,MICROFINANCE,ABC Bank,BR2333,50808.09,50592.4,47139.9,50072.63,14915.84,4720,2025-11-27,2026-11-22,2026-05-20,2026-09-26,88,BUCKET_3,ACTIVE,21.38,2808.14,75.71,12,3099.86,f,NONE,NONE,91.2,100,,793be8fc-e30f-4b9e-a802-56bec40bbb7e,2026-08-27 11:28:00.060269+00,2026-09-02 15:27:18.564253+00
DAILY20260907LN178,b3e7e876-57b8-46f7-b267-86171acea2f6,GOLD,ABC Bank,GGN044,581700,540150,415500,444585,16620,8310,2022-01-15,2025-01-15,2025-11-10,2026-09-07,88,BUCKET_3,ACTIVE,14.5,24930,4155,,0,f,NONE,NONE,73.3,73.3,,79466c36-e70c-4730-aefb-6e586efe56fa,2026-09-07 04:59:06.839302+00,2026-09-07 04:59:06.839305+00
DAILY20260906LN59,f0de2271-35c1-487c-a7cf-4a2694f27ed3,AUTO,ABC Bank,GGN044,336336,312312,240240,257056.8,10920,10920,2022-01-15,2025-01-15,2025-11-10,2026-09-06,32,BUCKET_2,ACTIVE,14.5,14414.4,2402.4,,0,f,NONE,NONE,26.7,26.7,,79567f75-6424-4690-8388-c60df45a5dab,2026-09-06 13:30:49.1447+00,2026-09-06 13:30:49.144705+00
LN000000029,4ad4940f-85d4-4a79-9f13-81b88dd0d9f3,BUSINESS,ABC Bank,BR6727,983421.25,927998.56,875372.84,927845.05,59674.1,30220,2024-02-29,2028-02-08,2026-07-21,2026-09-06,35,BUCKET_2,ACTIVE,23.93,48485.07,1529.4,48,15782.1,f,NONE,NONE,61.4,61.7,,7984752d-da51-4c50-84a7-f35ec32d02a4,2026-08-27 11:28:00.060173+00,2026-09-02 15:27:18.564253+00
LN000000035,119a6328-3709-4881-836e-1e3fbe5085e2,EDUCATION,ABC Bank,BR8583,217988.12,207381.14,162210.62,183194.32,11479.64,6000,2022-06-16,2026-05-26,2026-07-18,2026-09-23,35,BUCKET_2,ACTIVE,17.15,8330.36,8599.56,48,5230.24,f,NONE,NONE,59.1,21.09,,79883189-812d-44c4-b946-9a66c0c28064,2026-08-27 11:28:00.06018+00,2026-09-02 15:27:18.564253+00
DAILY20260918LN176,50f6c9aa-b3e4-41e7-82ce-d22b8d589bf5,HOME,ABC Bank,GGN044,2798880,2598960,1999200,2139144,156800,39200,2022-01-15,2025-01-15,2025-11-10,2026-09-18,120,NPA,NPA,14.5,119952,19992,,0,t,NONE,NONE,100,100,,798b6eb7-785d-4cc0-ae07-ac5a24724144,2026-09-18 06:49:35.011386+00,2026-09-18 06:49:35.011389+00
LN000000160,65f3b5ba-95e5-4d3d-8310-035453c5d856,CREDIT_CARD,ABC Bank,BR6922,136761.69,129598.38,56674.44,58382.04,35603.92,11630,2023-07-12,2024-07-06,2026-05-26,2026-09-03,80,BUCKET_3,ACTIVE,13.9,1084.05,481.99,12,11480.4,f,NONE,NONE,58.8,91.35,,799e1879-0521-46ab-92d7-c97163af173c,2026-08-27 11:28:00.060334+00,2026-09-02 15:27:18.564253+00
DAILY20260907LN100,a9ac9bb1-fd43-453e-bcea-684e82b10e1b,CREDIT_CARD,ABC Bank,GGN044,213360,198120,152400,163068,10160,10160,2022-01-15,2025-01-15,2025-11-10,2026-09-07,47,BUCKET_2,ACTIVE,14.5,9144,1524,,0,f,NONE,NONE,39.2,39.2,,79b21539-6a12-4ee2-a415-8ae5869df2ef,2026-09-07 04:59:06.390035+00,2026-09-07 04:59:06.390037+00
DAILY20260903LN33,ad6c6567-37de-4e56-af57-92be8a115f44,PERSONAL,ABC Bank,GGN044,616000,572000,440000,470800,13750,13750,2022-01-15,2025-01-15,2025-11-10,2026-09-03,32,BUCKET_2,ACTIVE,14.5,26400,4400,,0,f,NONE,NONE,26.7,26.7,,79b87ad7-1b48-4b58-ae34-b7213452a618,2026-09-02 15:33:15.700552+00,2026-09-02 15:33:15.700552+00
DAILY20260921LN13,87e008b1-7179-4895-966d-b394891296d1,CREDIT_CARD,ABC Bank,GGN044,322140,299130,230100,246207,23010,7670,2022-01-15,2025-01-15,2025-11-10,2026-09-21,95,NPA,NPA,14.5,13806,2301,,0,t,NONE,NONE,79.2,79.2,,7abd7901-437f-4e46-9cf8-1c8994065cf9,2026-09-21 04:52:59.4525+00,2026-09-21 04:52:59.452504+00
DAILY20260903LN169,fead6848-1b1e-4259-97c6-4cd10179b026,PERSONAL,ABC Bank,GGN044,598080,555360,427200,457104,17800,8900,2022-01-15,2025-01-15,2025-11-10,2026-09-03,65,BUCKET_3,ACTIVE,14.5,25632,4272,,0,f,NONE,NONE,54.2,54.2,,7ada922c-293a-49e1-92db-4c7638e54023,2026-09-02 15:33:16.216261+00,2026-09-02 15:33:16.216261+00
LN000000072,d4e415c0-ee55-472e-a35b-9b8acd2a76e8,BUSINESS,ABC Bank,BR1691,720306.8,696382.53,599728.26,640080.5,60150.66,21090,2024-04-21,2028-03-31,2026-05-24,2026-08-28,80,BUCKET_3,ACTIVE,19.73,27547.58,9423.12,48,11212.36,f,NONE,NONE,88.3,46.05,,7b057dd8-8920-4359-9786-88f636110e66,2026-08-27 11:28:00.060224+00,2026-09-02 15:27:18.564253+00
DAILY20260921LN117,94c14b3b-4a67-4e05-9d68-2be1ed2e8ff5,PERSONAL,ABC Bank,GGN044,349986,324987,249990,267489.3,6410,6410,2022-01-15,2025-01-15,2025-11-10,2026-09-21,47,BUCKET_2,ACTIVE,14.5,14999.4,2499.9,,0,f,NONE,NONE,39.2,39.2,,7b2b05b2-b833-437c-8d56-4e9aebd40559,2026-09-21 04:53:00.164961+00,2026-09-21 04:53:00.164964+00
DAILY20260903LN11,8f5de2bd-3b60-482a-84ec-77614a0d91c1,CREDIT_CARD,ABC Bank,GGN044,937664,870688,669760,716643.2,59800,11960,2022-01-15,2025-01-15,2025-11-10,2026-09-03,155,NPA,NPA,14.5,40185.6,6697.6,,0,t,NONE,NONE,129.2,129.2,,7b6bb67e-3b06-42ff-8e98-bf62d7ca5866,2026-09-02 15:33:15.604048+00,2026-09-02 15:33:15.604048+00
LN000000183,d3e3d046-1c09-46a8-b9c9-f41d0083d51b,EDUCATION,ABC Bank,BR9698,370579.09,340486.34,251629.55,257697.27,72691.94,16330,2022-12-04,2024-11-23,2026-05-10,2026-08-31,95,NPA,NPA,13.89,4185.98,1682.3,24,9980.47,t,NONE,NONE,94.8,96.86,,7bb08619-5667-484e-8fa6-3a6f0ba9294a,2026-08-27 11:28:00.060364+00,2026-09-02 15:27:18.564253+00
DAILY20260906LN89,b15c5f5d-2434-4abf-8bcb-24a769dd5ca6,AUTO,ABC Bank,GGN044,750890,697255,536350,573894.5,63100,31550,2022-01-15,2025-01-15,2025-11-10,2026-09-06,65,BUCKET_3,ACTIVE,14.5,32181,5363.5,,0,f,NONE,NONE,54.2,54.2,,7be0b751-bb27-4b5d-aeed-5cd9c0461b75,2026-09-06 13:30:49.336547+00,2026-09-06 13:30:49.33655+00
LN000000271,0aaac964-9f44-42f1-a16d-23c8337b7ac4,MICROFINANCE,ABC Bank,BR1374,124685.11,120359.83,86818.63,89890.38,8080.61,3900,2025-12-31,2029-12-10,2026-07-06,2026-09-02,42,BUCKET_2,ACTIVE,23.64,2409.75,540.38,48,2986.96,f,NONE,NONE,53.1,95.71,,7bf695f9-7032-4e03-861f-b73b3453ac38,2026-08-27 11:28:00.060471+00,2026-09-02 15:27:18.564253+00
DAILY20260907LN145,eb37de9a-a1d0-49e5-9d1b-94f3de51f7d5,GOLD,ABC Bank,GGN044,223720,207740,159800,170986,18800,4700,2022-01-15,2025-01-15,2025-11-10,2026-09-07,120,NPA,NPA,14.5,9588,1598,,0,t,NONE,NONE,100,100,,7ca8f14a-7933-4699-9d4c-e2a05b88d827,2026-09-07 04:59:06.632527+00,2026-09-07 04:59:06.632529+00
DAILY20260918LN36,7aebbdd9-83ec-4d66-8381-6bd1bed4ae74,GOLD,ABC Bank,GGN044,1344168,1248156,960120,1027328.4,88900,17780,2022-01-15,2025-01-15,2025-11-10,2026-09-18,155,NPA,NPA,14.5,57607.2,9601.2,,0,t,NONE,NONE,129.2,129.2,,7cb42d03-7ebc-4080-a5d7-5db1fbdded77,2026-09-18 06:49:34.201328+00,2026-09-18 06:49:34.201331+00
LN000000247,a68bf52d-24ab-42db-be03-b3b34a1defda,GOLD,ABC Bank,BR3509,174479.95,172092.81,78175.31,90441.06,15194.05,4850,2023-05-31,2028-05-04,2026-05-26,2026-09-01,88,BUCKET_3,ACTIVE,22.99,5076.05,6732.74,60,4474.35,f,NONE,NONE,80.1,42.31,,7cbc62b2-94b7-4f66-b83a-f0619b65b1c5,2026-08-27 11:28:00.060441+00,2026-09-02 15:27:18.564253+00
DAILY20260918LN161,1b052ac8-6fb7-442a-bdc2-5c8e07557bfd,AUTO,ABC Bank,GGN044,1103508,1024686,788220,843395.4,81540,27180,2022-01-15,2025-01-15,2025-11-10,2026-09-18,95,NPA,NPA,14.5,47293.2,7882.2,,0,t,NONE,NONE,79.2,79.2,,7d704bb0-bfca-4741-ad82-a23a070d5d06,2026-09-18 06:49:34.931253+00,2026-09-18 06:49:34.931256+00
DAILY20260907LN63,9a4caf91-32cf-4730-af7f-5fd8b4ec374b,EDUCATION,ABC Bank,GGN044,1045856,971152,747040,799332.8,12880,12880,2022-01-15,2025-01-15,2025-11-10,2026-09-07,32,BUCKET_2,ACTIVE,14.5,44822.4,7470.4,,0,f,NONE,NONE,26.7,26.7,,7d92768d-6347-4607-839c-9491d9437734,2026-09-07 04:59:06.170229+00,2026-09-07 04:59:06.170232+00
DEMOLOAN00005,57a3f9c2-e690-42e0-8789-f769e80e5835,BUSINESS,ABC Bank,GGN044,536757.44,498417.62,383398.17,410236.04,115019.45,10650,2022-01-15,2025-01-15,2025-11-10,2026-08-27,55,BUCKET_2,ACTIVE,14.5,23003.89,3833.98,,0,f,NONE,NONE,45.8,45.8,,7dd35c87-fcb5-47aa-8f7b-99b612b48f11,2026-08-27 11:28:09.569312+00,2026-09-02 15:27:18.613418+00
DAILY20260918LN111,ff32b22a-4a89-4e79-9af2-a97d0c6e11e3,GOLD,ABC Bank,GGN044,711816,660972,508440,544030.8,26760,13380,2022-01-15,2025-01-15,2025-11-10,2026-09-18,65,BUCKET_3,ACTIVE,14.5,30506.4,5084.4,,0,f,NONE,NONE,54.2,54.2,,7e0178ee-9233-4ce1-8d9b-981b71ec1da6,2026-09-18 06:49:34.654983+00,2026-09-18 06:49:34.654986+00
LN000000055,c34b25c0-f1f6-4a99-8351-ecf4852a50d4,EDUCATION,ABC Bank,BR3028,282486.25,281302.06,244612.43,276012.32,13628.12,6670,2025-08-31,2032-07-25,2026-07-06,2026-09-16,50,BUCKET_2,ACTIVE,22.46,14886.18,12435.53,84,3438.09,f,NONE,NONE,47.8,29.86,,7e193414-f6ad-49e4-a5a7-e8b34b0742df,2026-08-27 11:28:00.060204+00,2026-09-02 15:27:18.614427+00
LN000000475,47e30ef7-8957-428d-be7b-a7b0524f8143,HOME,ABC Bank,BR9186,402722.14,379813.7,288365.64,335189.15,66120.44,34100,2025-01-05,2025-12-31,2026-07-03,2026-08-30,50,BUCKET_2,ACTIVE,13.99,12286.96,21350.72,12,32364.41,f,NONE,NONE,65.7,25.87,,7e7e35fa-08dd-47a9-9307-f2181dc97d37,2026-08-27 11:28:00.060715+00,2026-09-02 15:27:18.614427+00
DAILY20260903LN34,4faf5fb2-8159-49bf-a7b7-5efbf7d9ae50,AUTO,ABC Bank,GGN044,1226456,1138852,876040,937362.8,19910,19910,2022-01-15,2025-01-15,2025-11-10,2026-09-03,47,BUCKET_2,ACTIVE,14.5,52562.4,8760.4,,0,f,NONE,NONE,39.2,39.2,,7e8f1fe9-ef85-4b2b-a5b1-e06f5eda8cff,2026-09-02 15:33:15.702561+00,2026-09-02 15:33:15.702561+00
LN000000033,3bc906ec-1f51-4fe6-841e-0ddcf2b0f1ed,EDUCATION,ABC Bank,BR7033,1005489.58,918141.36,591075.37,628797.82,51622.53,17330,2025-01-15,2034-11-24,2026-06-18,2026-09-10,65,BUCKET_3,ACTIVE,19.32,36430.35,1018.41,120,11445.83,f,NONE,NONE,88.6,100,,7e92b660-798a-45b7-94fd-685a07117a7a,2026-08-27 11:28:00.060178+00,2026-09-02 15:27:18.614427+00
DAILY20260906LN56,c609df38-2267-403e-bc51-d112d0cffc0b,HOME,ABC Bank,GGN044,2835000,2632500,2025000,2166750,202500,40500,2022-01-15,2025-01-15,2025-11-10,2026-09-06,155,NPA,NPA,14.5,121500,20250,,0,t,NONE,NONE,129.2,129.2,,7e966e6b-5756-4108-90d8-992a604cc0bf,2026-09-06 13:30:49.121242+00,2026-09-06 13:30:49.121245+00
LN000000050,c77e10a4-659a-45bc-b298-17404f303324,AUTO,ABC Bank,BR3293,768717.11,767406.49,575027.14,616404.83,57638.28,20880,2022-08-23,2027-07-28,2026-05-27,2026-09-04,80,BUCKET_3,ACTIVE,21.28,37682.26,2137.15,60,14862.39,f,NONE,NONE,58,79.85,,7ea2436c-e95f-4bcf-8828-f0086ea559c2,2026-08-27 11:28:00.060197+00,2026-09-02 15:27:18.614427+00
DAILY20260907LN97,47e0599b-cf64-49ee-b475-64ccbaba270a,CREDIT_CARD,ABC Bank,GGN044,553812,514254,395580,423270.6,6940,6940,2022-01-15,2025-01-15,2025-11-10,2026-09-07,47,BUCKET_2,ACTIVE,14.5,23734.8,3955.8,,0,f,NONE,NONE,39.2,39.2,,7ee1b82b-0041-46a8-84b0-7d1876749775,2026-09-07 04:59:06.372743+00,2026-09-07 04:59:06.372748+00
LN000000043,ee240b2e-885a-4a72-95f7-93f7966179fd,EDUCATION,ABC Bank,BR8173,343901.62,318378.01,279099.13,289714.05,39395.55,11000,2021-11-04,2024-10-19,2026-04-30,2026-09-21,105,NPA,NPA,14.76,6272.75,3412.57,36,10753.47,t,NOTICE_SENT,NONE,71.3,74.52,,7f1855bb-6469-46f3-ab47-e0dea712a539,2026-08-27 11:28:00.060189+00,2026-09-02 15:27:18.614427+00
DAILY20260906LN151,9edea533-4303-421a-8836-3bc1d841615b,MICROFINANCE,ABC Bank,GGN044,34720,32240,24800,26536,1240,1240,2022-01-15,2025-01-15,2025-11-10,2026-09-06,47,BUCKET_2,ACTIVE,14.5,1488,248,,0,f,NONE,NONE,39.2,39.2,,7f2c71d7-7898-47d6-bb16-f60ed7542d3e,2026-09-06 13:30:49.720899+00,2026-09-06 13:30:49.720902+00
DAILY20260921LN170,fb1a3a9a-3861-4bf9-9c47-ea4fca79a232,MICROFINANCE,ABC Bank,GGN044,219240,203580,156600,167562,2900,2900,2022-01-15,2025-01-15,2025-11-10,2026-09-21,32,BUCKET_2,ACTIVE,14.5,9396,1566,,0,f,NONE,NONE,26.7,26.7,,7f3c30a6-8261-4c07-955e-32d2029a0afa,2026-09-21 04:53:00.619217+00,2026-09-21 04:53:00.61922+00
DAILY20260906LN120,4ac79e84-1e7d-4751-ac75-ba67ce3c5336,AUTO,ABC Bank,GGN044,1892268,1757106,1351620,1446233.4,125150,25030,2022-01-15,2025-01-15,2025-11-10,2026-09-06,155,NPA,NPA,14.5,81097.2,13516.2,,0,t,NONE,NONE,129.2,129.2,,7f93a3d9-43f0-4533-8735-ef3429516993,2026-09-06 13:30:49.522473+00,2026-09-06 13:30:49.522476+00
DAILY20260918LN92,1afa7797-a6aa-4be8-94ed-6be4c04cebe5,AUTO,ABC Bank,GGN044,1009372,937274,720980,771448.6,15340,15340,2022-01-15,2025-01-15,2025-11-10,2026-09-18,32,BUCKET_2,ACTIVE,14.5,43258.8,7209.8,,0,f,NONE,NONE,26.7,26.7,,7f9a80cd-f36b-48b6-9564-9126adf2ee62,2026-09-18 06:49:34.530096+00,2026-09-18 06:49:34.530099+00
DAILY20260918LN70,15c4cd98-3924-4294-92c7-3ce406943f72,CREDIT_CARD,ABC Bank,GGN044,576730,535535,411950,440786.5,14980,7490,2022-01-15,2025-01-15,2025-11-10,2026-09-18,88,BUCKET_3,ACTIVE,14.5,24717,4119.5,,0,f,NONE,NONE,73.3,73.3,,800c0522-d517-4285-90a2-9206f1289f86,2026-09-18 06:49:34.392865+00,2026-09-18 06:49:34.392869+00
DAILY20260907LN03,ab7c4c94-0e41-4973-8a69-dfc55303df12,HOME,ABC Bank,GGN044,1776320,1649440,1268800,1357616,126880,31720,2022-01-15,2025-01-15,2025-11-10,2026-09-07,120,NPA,NPA,14.5,76128,12688,,0,t,NONE,NONE,100,100,,801a37d9-a5fc-4027-a9ec-56d50a5aa7f6,2026-09-07 04:59:05.73504+00,2026-09-07 04:59:05.735044+00
DAILY20260903LN192,b92ea969-ce1e-4e17-88e1-27f346d26bc0,EDUCATION,ABC Bank,GGN044,251328,233376,179520,192086.4,5280,5280,2022-01-15,2025-01-15,2025-11-10,2026-09-03,32,BUCKET_2,ACTIVE,14.5,10771.2,1795.2,,0,f,NONE,NONE,26.7,26.7,,8066ecbb-794c-410b-918c-73c7beae7eb2,2026-09-02 15:33:16.301408+00,2026-09-02 15:33:16.301408+00
DAILY20260903LN65,5cf5c8c0-4142-4f4c-8e15-e1329c9a638b,HOME,ABC Bank,GGN044,2097830,1947985,1498450,1603341.5,130300,65150,2022-01-15,2025-01-15,2025-11-10,2026-09-03,65,BUCKET_3,ACTIVE,14.5,89907,14984.5,,0,f,NONE,NONE,54.2,54.2,,80a08ed3-c35c-420a-a66d-184d5f892165,2026-09-02 15:33:15.827144+00,2026-09-02 15:33:15.827144+00
DAILY20260918LN82,8f2afab7-104d-4539-8194-1b96f6e3ad73,GOLD,ABC Bank,GGN044,573216,532272,409440,438100.8,34120,17060,2022-01-15,2025-01-15,2025-11-10,2026-09-18,65,BUCKET_3,ACTIVE,14.5,24566.4,4094.4,,0,f,NONE,NONE,54.2,54.2,,8107faeb-66b8-4119-842e-8934d33d8c56,2026-09-18 06:49:34.467696+00,2026-09-18 06:49:34.4677+00
DAILY20260906LN146,dd33a704-bf3a-417d-88e8-97a48d417b9f,EDUCATION,ABC Bank,GGN044,839132,779194,599380,641336.6,26060,13030,2022-01-15,2025-01-15,2025-11-10,2026-09-06,65,BUCKET_3,ACTIVE,14.5,35962.8,5993.8,,0,f,NONE,NONE,54.2,54.2,,81927a26-d86a-4fb4-bf3e-9254217f4fc6,2026-09-06 13:30:49.688026+00,2026-09-06 13:30:49.688029+00
DAILY20260918LN61,9e8af8da-3abb-46a4-b9e8-7d0db7ec6504,BUSINESS,ABC Bank,GGN044,2093784,1944228,1495560,1600249.2,135960,45320,2022-01-15,2025-01-15,2025-11-10,2026-09-18,95,NPA,NPA,14.5,89733.6,14955.6,,0,t,NONE,NONE,79.2,79.2,,81ac2bd4-6f6d-47b2-b423-bdbc11c91f8b,2026-09-18 06:49:34.342538+00,2026-09-18 06:49:34.342542+00
DAILY20260918LN184,c862f06e-8b74-4fe3-84f8-59d323818030,BUSINESS,ABC Bank,GGN044,1697430,1576185,1212450,1297321.5,41100,20550,2022-01-15,2025-01-15,2025-11-10,2026-09-18,65,BUCKET_3,ACTIVE,14.5,72747,12124.5,,0,f,NONE,NONE,54.2,54.2,,81d11a85-473a-4b2c-95a8-68f924382ac8,2026-09-18 06:49:35.054336+00,2026-09-18 06:49:35.054339+00
DAILY20260921LN120,f8bc6eae-e9fd-440f-ad4f-5fb0ec8178cf,CREDIT_CARD,ABC Bank,GGN044,186116,172822,132940,142245.8,19550,3910,2022-01-15,2025-01-15,2025-11-10,2026-09-21,155,NPA,NPA,14.5,7976.4,1329.4,,0,t,NONE,NONE,129.2,129.2,,81e490a8-b7a1-4d06-b26a-a0c072cd713a,2026-09-21 04:53:00.183571+00,2026-09-21 04:53:00.183574+00
DAILY20260906LN40,ec7e844f-12f2-4d70-ad94-50f764bf905a,BUSINESS,ABC Bank,GGN044,838320,778440,598800,640716,79840,39920,2022-01-15,2025-01-15,2025-11-10,2026-09-06,88,BUCKET_3,ACTIVE,14.5,35928,5988,,0,f,NONE,NONE,73.3,73.3,,81f20284-0241-4ee3-b593-5380c78e7758,2026-09-06 13:30:49.010454+00,2026-09-06 13:30:49.010457+00
LN000000089,d23f6808-7ebf-4dba-87d6-0108d1381e9e,AUTO,ABC Bank,BR9566,517607.2,469862.34,265402.76,307210.67,18290.7,10630,2023-09-10,2030-08-04,2026-07-05,2026-09-06,50,BUCKET_2,ACTIVE,20.69,7605.47,30631.5,84,6743.38,f,NONE,NONE,63.9,25.11,,821290bb-8bd6-4b5d-aadb-fca96d9f0e6c,2026-08-27 11:28:00.060246+00,2026-09-02 15:27:18.614427+00
DAILY20260921LN54,686d24ce-befb-4faa-8927-1256a69d9972,AUTO,ABC Bank,GGN044,1593340,1479530,1138100,1217767,89850,29950,2022-01-15,2025-01-15,2025-11-10,2026-09-21,95,NPA,NPA,14.5,68286,11381,,0,t,NONE,NONE,79.2,79.2,,8252ae3b-62af-4af7-b7b0-2d9afcfd0788,2026-09-21 04:52:59.686484+00,2026-09-21 04:52:59.686488+00
DAILY20260903LN93,d205f811-8b99-4308-83e8-22704be783d3,EDUCATION,ABC Bank,GGN044,977592,907764,698280,747159.6,63480,15870,2022-01-15,2025-01-15,2025-11-10,2026-09-03,120,NPA,NPA,14.5,41896.8,6982.8,,0,t,NONE,NONE,100,100,,82a8580b-8624-4ed9-8c65-eab4c7d41b24,2026-09-02 15:33:15.945728+00,2026-09-02 15:33:15.945728+00
DAILY20260921LN11,5e2086c5-61ba-49e6-8ace-35ca4014c220,EDUCATION,ABC Bank,GGN044,989100,918450,706500,755955,78500,15700,2022-01-15,2025-01-15,2025-11-10,2026-09-21,155,NPA,NPA,14.5,42390,7065,,0,t,NONE,NONE,129.2,129.2,,82c1248a-2023-4bb1-9cee-d6a5b95fd563,2026-09-21 04:52:59.439031+00,2026-09-21 04:52:59.439035+00
DAILY20260906LN52,c24e6437-0770-4856-a8ab-63280b03761c,AUTO,ABC Bank,GGN044,815500,757250,582500,623275,46600,23300,2022-01-15,2025-01-15,2025-11-10,2026-09-06,88,BUCKET_3,ACTIVE,14.5,34950,5825,,0,f,NONE,NONE,73.3,73.3,,82d53941-865a-441a-a8d8-85fa41e6109f,2026-09-06 13:30:49.092205+00,2026-09-06 13:30:49.092209+00
LN000000169,678f9729-f6be-4980-8f4c-96c8a45dca61,PERSONAL,ABC Bank,BR9907,1034972.98,943726.94,849353.51,897117.65,124602.97,27760,2022-08-24,2026-08-03,2026-04-27,2026-08-28,120,NPA,ACTIVE,18.08,46995.17,701.69,48,20627.8,t,NONE,OFFERED,100,100,,8385bbf7-7867-4c0b-a7eb-0dd574ae4a04,2026-08-27 11:28:00.060345+00,2026-09-02 15:27:18.614427+00
DAILY20260903LN07,50dd75ff-5d9a-481c-a32a-714befc2b95a,CREDIT_CARD,ABC Bank,GGN044,339920,315640,242800,259796,30350,6070,2022-01-15,2025-01-15,2025-11-10,2026-09-03,155,NPA,NPA,14.5,14568,2428,,0,t,NONE,NONE,129.2,129.2,,83a7fd53-79fb-4e4c-b125-49a79c771822,2026-09-02 15:33:15.604048+00,2026-09-02 15:33:15.604048+00
DAILY20260918LN72,aaf235cc-91b0-4ce2-83b8-dc58dece718f,MICROFINANCE,ABC Bank,GGN044,32718,30381,23370,25005.9,6150,1230,2022-01-15,2025-01-15,2025-11-10,2026-09-18,155,NPA,NPA,14.5,1402.2,233.7,,0,t,NONE,NONE,129.2,129.2,,83aed06c-c002-4291-ba28-4d9eeb55d983,2026-09-18 06:49:34.404936+00,2026-09-18 06:49:34.40494+00
LN000000078,89297e6d-ff64-4cf1-a3a2-f15a91f41f32,PERSONAL,ABC Bank,BR9151,564235.79,550221.47,206160.14,222813.56,36629.13,12840,2022-11-21,2027-10-26,2026-06-13,2026-08-28,65,BUCKET_3,ACTIVE,14.13,6359.79,7715.79,60,7239.34,f,NONE,NONE,57,35.11,,84125783-ada1-4e21-b8fd-fd632ca66b12,2026-08-27 11:28:00.060231+00,2026-09-02 15:27:18.614427+00
LN000000096,0b2c8dd8-f345-4d01-94f7-6c59689252ce,AUTO,ABC Bank,BR4299,541592.09,500231.23,391683.19,416804.5,23268.54,8590,2025-03-29,2032-02-21,2026-06-08,2026-09-12,72,BUCKET_3,ACTIVE,11.09,6350.02,13785.96,84,7880.92,f,NONE,NONE,52.7,36.04,,8457ea0a-02f5-41d0-8387-b2019389d5bb,2026-08-27 11:28:00.060256+00,2026-09-02 15:27:18.614427+00
LN000000165,957a0680-34c4-4244-976e-df6e7935a3ad,CREDIT_CARD,ABC Bank,BR5640,275138.48,250744.15,177259.84,185284.73,19270.09,6660,2023-01-23,2027-01-02,2026-06-20,2026-09-22,65,BUCKET_3,ACTIVE,12.46,5004.19,2319.91,48,6641.47,f,NONE,NONE,46.2,60.24,,84a6160f-0d63-4914-b15a-12b06fd72f94,2026-08-27 11:28:00.06034+00,2026-09-02 15:27:18.614427+00
DAILY20260903LN102,dcd93fa2-8e8b-4d18-b81e-9d327568ec81,GOLD,ABC Bank,GGN044,453964,421538,324260,346958.2,52300,10460,2022-01-15,2025-01-15,2025-11-10,2026-09-03,155,NPA,NPA,14.5,19455.6,3242.6,,0,t,NONE,NONE,129.2,129.2,,85160520-06c7-4bbe-b61c-e73fda50be1a,2026-09-02 15:33:15.968218+00,2026-09-02 15:33:15.968218+00
DAILY20260921LN19,22b991ba-3584-4ece-b638-a97a18e5996c,BUSINESS,ABC Bank,GGN044,598878,556101,427770,457713.9,40740,20370,2022-01-15,2025-01-15,2025-11-10,2026-09-21,65,BUCKET_3,ACTIVE,14.5,25666.2,4277.7,,0,f,NONE,NONE,54.2,54.2,,854cbcd0-e910-4389-89fe-ad18663d5414,2026-09-21 04:52:59.490211+00,2026-09-21 04:52:59.490215+00
LN000000011,c6a2698c-287b-474b-9980-af763d7d98c2,CREDIT_CARD,ABC Bank,BR9001,312615.82,308344.51,194818.21,198927.34,17103.67,9050,2022-04-05,2026-03-15,2026-07-05,2026-09-03,50,BUCKET_2,ACTIVE,17.95,3007.99,915.74,48,7371.39,f,NONE,NONE,40.8,83.21,,860130ba-5875-4418-874e-626504958c0e,2026-08-27 11:28:00.060151+00,2026-09-02 15:27:18.614427+00
DAILY20260906LN166,6f6d3984-9022-404e-93d8-71002e08114a,PERSONAL,ABC Bank,GGN044,1382472,1283724,987480,1056603.6,101280,25320,2022-01-15,2025-01-15,2025-11-10,2026-09-06,120,NPA,NPA,14.5,59248.8,9874.8,,0,t,NONE,NONE,100,100,,86315a78-a9ff-484f-ac6e-6674f292f060,2026-09-06 13:30:49.820143+00,2026-09-06 13:30:49.820148+00
LN000000099,0549a0ef-cfda-4123-acaa-366ba52ffd7e,AUTO,ABC Bank,BR1945,961341.89,954817.23,776039.36,824383.53,39662.53,13850,2024-09-24,2034-08-03,2026-06-11,2026-09-20,65,BUCKET_3,ACTIVE,12.27,26946.97,16119.68,120,13239.37,f,NONE,NONE,78.6,45.7,,86c3b500-1e34-4d21-b191-5720656dbc0e,2026-08-27 11:28:00.06026+00,2026-09-02 15:27:18.614427+00
DAILY20260921LN179,348a33d6-f27b-4d27-adc2-106a1515a075,AUTO,ABC Bank,GGN044,344386,319787,245990,263209.3,28940,14470,2022-01-15,2025-01-15,2025-11-10,2026-09-21,88,BUCKET_3,ACTIVE,14.5,14759.4,2459.9,,0,f,NONE,NONE,73.3,73.3,,8712c156-f4be-484b-bac7-621c8191679b,2026-09-21 04:53:00.684256+00,2026-09-21 04:53:00.684259+00
DAILY20260906LN92,86966b82-4f06-41b2-8981-7e12e04407e9,GOLD,ABC Bank,GGN044,143864,133588,102760,109953.2,7340,7340,2022-01-15,2025-01-15,2025-11-10,2026-09-06,47,BUCKET_2,ACTIVE,14.5,6165.6,1027.6,,0,f,NONE,NONE,39.2,39.2,,872c135a-a95c-4eb5-ad65-9b705cfb17f2,2026-09-06 13:30:49.352502+00,2026-09-06 13:30:49.352505+00
DAILY20260918LN87,ede9414a-61a0-42a6-8543-0423811fde60,EDUCATION,ABC Bank,GGN044,661500,614250,472500,505575,17500,17500,2022-01-15,2025-01-15,2025-11-10,2026-09-18,47,BUCKET_2,ACTIVE,14.5,28350,4725,,0,f,NONE,NONE,39.2,39.2,,872ff037-417a-4957-be75-7f518b2eaa37,2026-09-18 06:49:34.498716+00,2026-09-18 06:49:34.49872+00
DAILY20260918LN188,35a5f3a9-9e7b-4d34-a602-2a594558410f,EDUCATION,ABC Bank,GGN044,1407560,1307020,1005400,1075778,18280,18280,2022-01-15,2025-01-15,2025-11-10,2026-09-18,32,BUCKET_2,ACTIVE,14.5,60324,10054,,0,f,NONE,NONE,26.7,26.7,,8735c064-3347-46c2-9411-d8f27a25d94b,2026-09-18 06:49:35.07485+00,2026-09-18 06:49:35.074853+00
DAILY20260921LN102,8d869bc5-4338-4d22-b835-4eff7e406b6b,HOME,ABC Bank,GGN044,2968672,2756624,2120480,2268913.6,36560,36560,2022-01-15,2025-01-15,2025-11-10,2026-09-21,32,BUCKET_2,ACTIVE,14.5,127228.8,21204.8,,0,f,NONE,NONE,26.7,26.7,,87637b73-4f73-4f68-8dff-04ce4591aa90,2026-09-21 04:52:59.986617+00,2026-09-21 04:52:59.986621+00
LN000000216,51f70ed9-0888-4ca1-89b4-3698488d5705,GOLD,ABC Bank,BR1996,101494.46,92835.99,34637.21,40738.67,18927.56,8540,2022-06-29,2023-06-24,2026-06-30,2026-08-28,50,BUCKET_2,ACTIVE,18.65,1710.68,4279.69,12,8413.34,f,NONE,NONE,70.1,24.58,,8791109c-6b52-42b1-af05-3e2bdfb4c685,2026-08-27 11:28:00.060404+00,2026-09-02 15:27:18.614427+00
LN000000326,26976eb1-42c6-400c-b45a-101b41ce3537,MICROFINANCE,ABC Bank,BR1903,46011.79,43412.76,29813.79,31350.84,10849.18,3840,2024-05-11,2025-05-06,2026-06-15,2026-08-30,72,BUCKET_3,ACTIVE,11.15,813.39,560.48,12,1969.33,f,NONE,NONE,85.3,57.35,,87ce57a0-b54e-4a8c-963c-f358a52ba258,2026-08-27 11:28:00.060537+00,2026-09-02 15:27:18.614427+00
LN000000186,a2b648d3-427b-4a3c-8974-a9010193f886,BUSINESS,ABC Bank,BR8458,2472349.34,2225882.53,1186828.35,1237481.99,110590.3,40000,2022-01-07,2028-12-01,2026-05-27,2026-09-18,88,BUCKET_3,ACTIVE,12.59,48536.46,1973.56,84,39093.83,f,NONE,NONE,66.1,100,,88378772-3224-42f8-b28b-fca7bc87384a,2026-08-27 11:28:00.060368+00,2026-09-02 15:27:18.614427+00
DAILY20260921LN80,1ef9ed75-fec9-43aa-8402-958b65f2f3a1,CREDIT_CARD,ABC Bank,GGN044,102256,94952,73040,78152.8,1660,1660,2022-01-15,2025-01-15,2025-11-10,2026-09-21,47,BUCKET_2,ACTIVE,14.5,4382.4,730.4,,0,f,NONE,NONE,39.2,39.2,,888bbf3f-f0a1-4dad-9c63-9fb8746469b0,2026-09-21 04:52:59.834261+00,2026-09-21 04:52:59.834264+00
DAILY20260907LN82,e5412df5-e1e9-40bb-8e4b-17315e197ff6,BUSINESS,ABC Bank,GGN044,1755950,1630525,1254250,1342047.5,216250,43250,2022-01-15,2025-01-15,2025-11-10,2026-09-07,155,NPA,NPA,14.5,75255,12542.5,,0,t,NONE,NONE,129.2,129.2,,88c4b861-4ae5-41d4-b990-b23c0f47c289,2026-09-07 04:59:06.282698+00,2026-09-07 04:59:06.282701+00
DAILY20260903LN111,f04135d6-40f0-421d-a06f-6ee8e6f8ce43,PERSONAL,ABC Bank,GGN044,257600,239200,184000,196880,36800,9200,2022-01-15,2025-01-15,2025-11-10,2026-09-03,120,NPA,NPA,14.5,11040,1840,,0,t,NONE,NONE,100,100,,88d972e9-bb78-4e1b-aa81-934074932fad,2026-09-02 15:33:16.01552+00,2026-09-02 15:33:16.01552+00
DAILY20260906LN114,fcacc73a-8a8c-4af5-9fd6-d61f0c12b649,PERSONAL,ABC Bank,GGN044,667408,619736,476720,510090.4,32320,8080,2022-01-15,2025-01-15,2025-11-10,2026-09-06,120,NPA,NPA,14.5,28603.2,4767.2,,0,t,NONE,NONE,100,100,,88e1a01b-3475-4d59-92ed-cbb2fb7ffe99,2026-09-06 13:30:49.481903+00,2026-09-06 13:30:49.481906+00
LN000000080,bad3f7d3-7bf5-4374-a30c-4af959f6eb0a,GOLD,ABC Bank,BR3445,194160.64,189108.99,159491.74,170594.76,69028.87,17770,2024-07-31,2025-07-26,2026-05-02,2026-09-20,105,NPA,NPA,22.77,10585.74,346.92,12,9534.44,t,NONE,NONE,73.8,100,,89033730-a589-45d7-a8c2-2afbbf7f99b5,2026-08-27 11:28:00.060233+00,2026-09-02 15:27:18.614427+00
DAILY20260921LN71,079a057c-fec6-4900-9327-dc57809c1fc7,CREDIT_CARD,ABC Bank,GGN044,830200,770900,593000,634510,11860,11860,2022-01-15,2025-01-15,2025-11-10,2026-09-21,47,BUCKET_2,ACTIVE,14.5,35580,5930,,0,f,NONE,NONE,39.2,39.2,,890fa7fb-7e65-4406-a3a2-20a89f15ec45,2026-09-21 04:52:59.783794+00,2026-09-21 04:52:59.783799+00
DAILY20260906LN25,e8eee75b-f9ef-4735-aceb-66671c020f16,EDUCATION,ABC Bank,GGN044,432936,402012,309240,330886.8,17180,8590,2022-01-15,2025-01-15,2025-11-10,2026-09-06,65,BUCKET_3,ACTIVE,14.5,18554.4,3092.4,,0,f,NONE,NONE,54.2,54.2,,89181bc2-a6cb-4b57-97fa-c5f1332093c1,2026-09-06 13:30:48.816095+00,2026-09-06 13:30:48.8161+00
DAILY20260907LN107,852f4c90-dcb2-4ded-b668-4c415264f6ee,PERSONAL,ABC Bank,GGN044,644322,598299,460230,492446.1,15870,15870,2022-01-15,2025-01-15,2025-11-10,2026-09-07,47,BUCKET_2,ACTIVE,14.5,27613.8,4602.3,,0,f,NONE,NONE,39.2,39.2,,8962534b-2246-48b5-86b4-6f259407267e,2026-09-07 04:59:06.433144+00,2026-09-07 04:59:06.433147+00
DAILY20260903LN71,204ada08-23e4-46d2-b9f9-dbc2265f9ecb,MICROFINANCE,ABC Bank,GGN044,197568,183456,141120,150998.4,12600,2520,2022-01-15,2025-01-15,2025-11-10,2026-09-03,155,NPA,NPA,14.5,8467.2,1411.2,,0,t,NONE,NONE,129.2,129.2,,896679ee-d89f-42cb-8165-7f42529b08f0,2026-09-02 15:33:15.8479+00,2026-09-02 15:33:15.8479+00
DAILY20260921LN64,123f3583-d811-4084-b009-f2cefff672e7,GOLD,ABC Bank,GGN044,1461600,1357200,1044000,1117080,34800,17400,2022-01-15,2025-01-15,2025-11-10,2026-09-21,88,BUCKET_3,ACTIVE,14.5,62640,10440,,0,f,NONE,NONE,73.3,73.3,,89a404c8-301a-47ea-ae63-65751dff1358,2026-09-21 04:52:59.740931+00,2026-09-21 04:52:59.740936+00
LN000000291,c3c059c5-7278-43db-9372-40e1f22229ba,AUTO,ABC Bank,BR3493,1057222.15,1040972.58,833969.36,862091.69,79380.76,27020,2025-02-03,2029-01-13,2026-05-21,2026-09-17,88,BUCKET_3,ACTIVE,11.23,26886.01,810.45,48,11991.89,f,NONE,NONE,77.8,100,,89a9f6b8-820d-4638-9d92-d7e26154c140,2026-08-27 11:28:00.060496+00,2026-09-02 15:27:18.614427+00
DAILY20260907LN104,2c771eff-8766-4cce-8913-ac24a2486b78,MICROFINANCE,ABC Bank,GGN044,211232,196144,150880,161441.6,18400,3680,2022-01-15,2025-01-15,2025-11-10,2026-09-07,155,NPA,NPA,14.5,9052.8,1508.8,,0,t,NONE,NONE,129.2,129.2,,89cea843-964f-4743-939b-80f58ccbb907,2026-09-07 04:59:06.411234+00,2026-09-07 04:59:06.411237+00
DAILY20260921LN01,a481df14-e010-40a3-b9aa-03b555854ba6,PERSONAL,ABC Bank,GGN044,653464,606788,466760,499433.2,83350,16670,2022-01-15,2025-01-15,2025-11-10,2026-09-21,155,NPA,NPA,14.5,28005.6,4667.6,,0,t,NONE,NONE,129.2,129.2,,89d875fc-1ff1-4cb5-b6d1-4da31f7e5d19,2026-09-21 04:52:59.35196+00,2026-09-21 04:52:59.351967+00
DAILY20260921LN57,7623d22d-3e67-4622-80b7-6039c6f94297,CREDIT_CARD,ABC Bank,GGN044,378840,351780,270600,289542,13200,6600,2022-01-15,2025-01-15,2025-11-10,2026-09-21,65,BUCKET_3,ACTIVE,14.5,16236,2706,,0,f,NONE,NONE,54.2,54.2,,8a03f738-3015-4e1c-b353-362b81c92caa,2026-09-21 04:52:59.70358+00,2026-09-21 04:52:59.703583+00
DAILY20260906LN79,537936a0-b71a-48ab-b45d-14f48c48095d,MICROFINANCE,ABC Bank,GGN044,293216,272272,209440,224100.8,9520,4760,2022-01-15,2025-01-15,2025-11-10,2026-09-06,65,BUCKET_3,ACTIVE,14.5,12566.4,2094.4,,0,f,NONE,NONE,54.2,54.2,,8a21008b-ec82-40dd-8ca3-c12ff14d9ed8,2026-09-06 13:30:49.280063+00,2026-09-06 13:30:49.280066+00
DAILY20260907LN184,3d62650e-409b-4869-9227-eea6f0f1bea8,AUTO,ABC Bank,GGN044,441000,409500,315000,337050,67500,22500,2022-01-15,2025-01-15,2025-11-10,2026-09-07,95,NPA,NPA,14.5,18900,3150,,0,t,NONE,NONE,79.2,79.2,,8a849dab-4ceb-4df3-87e9-69b07487215d,2026-09-07 04:59:06.875936+00,2026-09-07 04:59:06.875938+00
DAILY20260903LN86,0f631b63-6ca3-4dcf-ba57-97c8114e2014,GOLD,ABC Bank,GGN044,323918,300781,231370,247565.9,27220,13610,2022-01-15,2025-01-15,2025-11-10,2026-09-03,65,BUCKET_3,ACTIVE,14.5,13882.2,2313.7,,0,f,NONE,NONE,54.2,54.2,,8aa05354-4f9a-4735-9a03-7a081a4cf9f8,2026-09-02 15:33:15.918892+00,2026-09-02 15:33:15.918892+00
LN000000274,4ceb89c9-53a9-48e3-a93e-876e7fa71bfc,EDUCATION,ABC Bank,BR9381,695863.44,680317.61,434372.27,458449.77,66289.99,17670,2023-09-14,2028-08-18,2026-05-10,2026-08-31,95,NPA,NPA,19.06,22851.88,717.88,60,11611.9,t,NONE,NONE,91.2,100,,8aa10808-7cd8-4ed4-9310-ee04a75d763e,2026-08-27 11:28:00.060475+00,2026-09-02 15:27:18.614427+00
LN000000296,a7d4fd49-2925-4af4-8fa2-95102c17cc28,AUTO,ABC Bank,BR7384,475453.01,446940.49,380757.9,405858.59,56553.38,17070,2024-06-04,2027-05-20,2026-06-08,2026-09-05,65,BUCKET_3,ACTIVE,22,16524.17,4106.5,36,6990.34,f,NONE,NONE,46.4,44.22,,8ae69813-f5f9-4438-bed9-4c216112deae,2026-08-27 11:28:00.060502+00,2026-09-02 15:27:18.614427+00
LN000000030,f76b87ca-9218-4e78-9377-c55b4850be3b,PERSONAL,ABC Bank,BR2998,1070812.81,1059129.66,704966.49,735829.99,263327.43,27010,2026-02-20,2031-01-25,2025-11-18,2026-09-26,270,NPA,NPA,18.2,30036.72,263.18,60,16857.89,t,SARFAESI,NONE,100,100,,8b1a2d0c-b400-44b4-84ac-8c033b3e7782,2026-08-27 11:28:00.060174+00,2026-09-02 15:27:18.614427+00
LN000000348,e0fbf51b-21d4-4b3c-87f8-15692eb0b219,MICROFINANCE,ABC Bank,BR3031,137862.96,132235.56,52594.71,57057.78,7747.68,4170,2026-02-16,2030-01-26,2026-07-14,2026-09-24,42,BUCKET_2,ACTIVE,22.05,3978.65,389.53,48,2138.87,f,NONE,NONE,52.1,76.07,,8b58fe61-739a-41c3-956f-03d8c114cfa2,2026-08-27 11:28:00.060563+00,2026-09-02 15:27:18.614427+00
LN000000471,2439d400-d1c2-4c8b-935a-25904e153bbb,EDUCATION,ABC Bank,BR7744,719088.51,667299.77,346262.23,351756.04,54279.03,17000,2022-10-21,2026-09-30,2026-06-12,2026-09-08,72,BUCKET_3,ACTIVE,10.24,4388.52,997.21,48,12882.38,f,NONE,NONE,51.7,100,,8ba24c11-7436-439a-858f-dc44975aba8f,2026-08-27 11:28:00.06071+00,2026-09-02 15:27:18.614427+00
DAILY20260918LN98,a142938d-1def-4e82-89df-02b14b1571d7,HOME,ABC Bank,GGN044,3251402,3019159,2322430,2485000.1,108020,54010,2022-01-15,2025-01-15,2025-11-10,2026-09-18,65,BUCKET_3,ACTIVE,14.5,139345.8,23224.3,,0,f,NONE,NONE,54.2,54.2,,8ba4d3b5-79a3-4b80-870a-ee5276632a72,2026-09-18 06:49:34.57091+00,2026-09-18 06:49:34.570916+00
LN000000352,68b2a5d7-cbc6-4f20-814a-ede49aefc636,MICROFINANCE,ABC Bank,BR8737,55569.18,54865.45,24120.52,30929.54,16665.35,1700,2022-08-14,2026-07-24,2025-11-26,2026-09-03,270,NPA,ACTIVE,21.04,906.92,4186.97,48,956.31,t,SARFAESI,NONE,100,100,,8bd0ac5f-39ea-4098-a4cb-c7868aeebcc5,2026-08-27 11:28:00.060568+00,2026-09-02 15:27:18.614427+00
DAILY20260903LN122,c54995a2-96e6-4106-873f-a7bceba56479,GOLD,ABC Bank,GGN044,401016,372372,286440,306490.8,18480,9240,2022-01-15,2025-01-15,2025-11-10,2026-09-03,65,BUCKET_3,ACTIVE,14.5,17186.4,2864.4,,0,f,NONE,NONE,54.2,54.2,,8bdf54fe-3bb2-4cf7-b35b-24e3487223c9,2026-09-02 15:33:16.061235+00,2026-09-02 15:33:16.061235+00
DAILY20260921LN180,3d1dd3eb-a003-407c-b51e-b6452de4802e,MICROFINANCE,ABC Bank,GGN044,247422,229749,176730,189101.1,12330,4110,2022-01-15,2025-01-15,2025-11-10,2026-09-21,95,NPA,NPA,14.5,10603.8,1767.3,,0,t,NONE,NONE,79.2,79.2,,8c56dded-2d5a-4848-8188-860ea9d2f1f7,2026-09-21 04:53:00.689213+00,2026-09-21 04:53:00.689217+00
DAILY20260906LN41,0c858f3e-d40f-4560-9f01-5e940047d23c,GOLD,ABC Bank,GGN044,196588,182546,140420,150249.4,24780,8260,2022-01-15,2025-01-15,2025-11-10,2026-09-06,95,NPA,NPA,14.5,8425.2,1404.2,,0,t,NONE,NONE,79.2,79.2,,8caf907c-971b-4a53-919b-03611869b68a,2026-09-06 13:30:49.017338+00,2026-09-06 13:30:49.017342+00
LN000000147,15a6e880-cb48-47c0-9909-08c99dcad730,CREDIT_CARD,ABC Bank,BR6463,281136.85,275925.97,120524.66,125319.16,51234.88,7210,2024-08-07,2028-07-17,2026-01-25,2026-09-17,210,NPA,NPA,11.58,2334.78,2103.99,48,6354.06,t,NONE,NEGOTIATING,100,100,,8cb04402-3b57-48eb-99f0-94d42d526acf,2026-08-27 11:28:00.060319+00,2026-09-02 15:27:18.614427+00
DAILY20260907LN85,e7fafc3b-7bda-4622-9fa6-68402f9b195b,BUSINESS,ABC Bank,GGN044,1847664,1715688,1319760,1412143.2,36660,36660,2022-01-15,2025-01-15,2025-11-10,2026-09-07,32,BUCKET_2,ACTIVE,14.5,79185.6,13197.6,,0,f,NONE,NONE,26.7,26.7,,8ccf348c-764b-4a06-9ccb-db1c47f6d563,2026-09-07 04:59:06.302934+00,2026-09-07 04:59:06.302938+00
DAILY20260907LN155,038f79cb-3043-4d5c-b289-e6269ac0203a,AUTO,ABC Bank,GGN044,1311828,1218126,937020,1002611.4,22310,22310,2022-01-15,2025-01-15,2025-11-10,2026-09-07,32,BUCKET_2,ACTIVE,14.5,56221.2,9370.2,,0,f,NONE,NONE,26.7,26.7,,8d40f485-3523-4000-9287-7293d244337b,2026-09-07 04:59:06.712161+00,2026-09-07 04:59:06.712164+00
LN000000009,2c79ffad-474c-4617-93fe-dfcfd00de543,GOLD,ABC Bank,BR6779,519764.04,493284.85,339060.95,347589.55,32398.04,12460,2023-06-30,2028-06-03,2026-05-30,2026-08-28,80,BUCKET_3,ACTIVE,17.75,7355.87,683.29,60,7379.93,f,NONE,NONE,58.4,100,,8d4cfb51-4678-4f6d-89b2-cdadcc73f39b,2026-08-27 11:28:00.060149+00,2026-09-02 15:27:18.614427+00
DAILY20260921LN112,1b3e8be1-a880-4f28-9248-0ffba30b9877,AUTO,ABC Bank,GGN044,2097984,1948128,1498560,1603459.2,156100,31220,2022-01-15,2025-01-15,2025-11-10,2026-09-21,155,NPA,NPA,14.5,89913.6,14985.6,,0,t,NONE,NONE,129.2,129.2,,8dc920c6-4dad-409d-954e-93e34c355c5c,2026-09-21 04:53:00.105475+00,2026-09-21 04:53:00.105478+00
LN000000265,364b95b7-fedb-416f-ba02-3d96077eb4bc,BUSINESS,ABC Bank,BR1749,2631369.75,2593015.86,1643326.5,1712304.43,77211.29,39350,2022-12-12,2032-10-20,2026-07-11,2026-09-18,35,BUCKET_2,ACTIVE,13.41,62904.21,4392.71,120,37219.12,f,NONE,NONE,52.4,100,,8de135b7-e907-4f92-9d1e-40704c98ecb5,2026-08-27 11:28:00.060464+00,2026-09-02 15:27:18.614427+00
LN000000114,e70c7872-5096-4394-83b6-d71617a773c3,GOLD,ABC Bank,BR3418,312599.33,296420.49,138544.88,147681.93,29642.01,15460,2021-12-19,2023-12-09,2026-06-26,2026-09-10,50,BUCKET_2,ACTIVE,22.56,7996.66,1092.13,24,14999.89,f,NONE,NONE,52.4,74.9,,8df94ee2-07d4-4d00-8db5-5f90481c3b6d,2026-08-27 11:28:00.06028+00,2026-09-02 15:27:18.614427+00
DAILY20260921LN14,bc9eb44f-dad7-4a46-b858-91235e6db414,AUTO,ABC Bank,GGN044,760914,706563,543510,581555.7,100650,20130,2022-01-15,2025-01-15,2025-11-10,2026-09-21,155,NPA,NPA,14.5,32610.6,5435.1,,0,t,NONE,NONE,129.2,129.2,,8dfbd1b3-ae03-48db-b529-c6c065785c50,2026-09-21 04:52:59.459205+00,2026-09-21 04:52:59.459211+00
DAILY20260903LN126,33d8db2f-8fca-4c26-a928-908f6f8c63bd,MICROFINANCE,ABC Bank,GGN044,98854,91793,70610,75552.7,15350,3070,2022-01-15,2025-01-15,2025-11-10,2026-09-03,155,NPA,NPA,14.5,4236.6,706.1,,0,t,NONE,NONE,129.2,129.2,,8e5ea134-2ad8-4404-88bc-5fb9517ae49b,2026-09-02 15:33:16.068244+00,2026-09-02 15:33:16.068244+00
DAILY20260902LN01,2ea2d544-37b4-423d-bb76-2972930810f6,MICROFINANCE,ABC Bank,GGN044,63503.89,58967.9,45359.93,48535.12,13607.97,1260,2022-01-15,2025-01-15,2025-11-10,2026-09-02,88,BUCKET_3,ACTIVE,14.5,2721.6,453.6,,0,f,NONE,NONE,73.3,73.3,,8e60b202-b8c1-4d1a-a092-da7df3ec0637,2026-09-02 05:53:50.396538+00,2026-09-02 15:27:18.631571+00
DAILY20260906LN58,f48b4b97-94ac-4517-9b5d-637d8090fe7b,CREDIT_CARD,ABC Bank,GGN044,495110,459745,353650,378405.5,12860,6430,2022-01-15,2025-01-15,2025-11-10,2026-09-06,88,BUCKET_3,ACTIVE,14.5,21219,3536.5,,0,f,NONE,NONE,73.3,73.3,,8e6ea27d-72ab-4a41-ba51-3d7191a1be4b,2026-09-06 13:30:49.136565+00,2026-09-06 13:30:49.136571+00
LN000000229,8ac8961f-1848-49e3-9030-556a7a097c8c,AUTO,ABC Bank,BR9691,655242.42,618176.58,230757.68,254610.21,31682.18,15320,2025-03-01,2030-02-03,2026-07-03,2026-09-23,50,BUCKET_2,ACTIVE,16.87,10345.32,11905.16,60,14197.56,f,NONE,NONE,34.5,28.31,,8e7f2bd1-79ac-4493-be62-5156c8b4745d,2026-08-27 11:28:00.060419+00,2026-09-02 15:27:18.632572+00
DAILY20260918LN143,412df4ac-6968-4fa3-ab11-46c89d8e0408,EDUCATION,ABC Bank,GGN044,822738,763971,587670,628806.9,51550,10310,2022-01-15,2025-01-15,2025-11-10,2026-09-18,155,NPA,NPA,14.5,35260.2,5876.7,,0,t,NONE,NONE,129.2,129.2,,8ec68572-e077-4265-8a3a-12a443a76554,2026-09-18 06:49:34.83667+00,2026-09-18 06:49:34.836674+00
LN000000204,0c6dbe7b-6c5d-4d4e-9acf-ee39611a9414,MICROFINANCE,ABC Bank,BR9856,100774.33,98774.93,68302.02,71148.18,5940.58,1970,2025-10-06,2032-08-30,2026-06-13,2026-09-23,65,BUCKET_3,ACTIVE,16.14,1260.84,723.76,84,814.64,f,NONE,NONE,42.7,36.01,,8ece2da9-d4d5-4630-beb6-63a31d958d94,2026-08-27 11:28:00.060389+00,2026-09-02 15:27:18.632572+00
LN000000138,f11ca2e2-b606-4e7d-8a04-c4e20d53e445,EDUCATION,ABC Bank,BR4609,223142.16,204935.25,179829.24,194914.84,28622.2,9670,2026-02-10,2028-01-31,2026-05-30,2026-09-14,80,BUCKET_3,ACTIVE,12.24,6459.72,6785.58,24,7977.3,f,NONE,NONE,74.7,44.79,,8ef7859d-318f-4be9-af14-29ecc9da4195,2026-08-27 11:28:00.060308+00,2026-09-02 15:27:18.632572+00
DAILY20260918LN129,45ee30fe-e5e9-4ea6-a367-9ba5c8ade652,PERSONAL,ABC Bank,GGN044,337120,313040,240800,257656,12040,12040,2022-01-15,2025-01-15,2025-11-10,2026-09-18,32,BUCKET_2,ACTIVE,14.5,14448,2408,,0,f,NONE,NONE,26.7,26.7,,8efcabe5-1b94-462e-a559-b8162b06441f,2026-09-18 06:49:34.759737+00,2026-09-18 06:49:34.75974+00
DAILY20260907LN68,820c7482-fbe2-4ac7-b2d8-14ba743ee310,AUTO,ABC Bank,GGN044,2260720,2099240,1614800,1727836,58720,29360,2022-01-15,2025-01-15,2025-11-10,2026-09-07,88,BUCKET_3,ACTIVE,14.5,96888,16148,,0,f,NONE,NONE,73.3,73.3,,8f261a91-3d32-4a1c-93cd-4ad111977368,2026-09-07 04:59:06.201747+00,2026-09-07 04:59:06.20175+00
LN000000392,e2d970b8-dd2e-4a19-a0e9-c345621ec3b0,EDUCATION,ABC Bank,BR7187,492950.59,453767.36,252010.25,258144.41,54804.01,13670,2023-03-23,2027-03-02,2026-05-09,2026-09-03,105,NPA,ACTIVE,19.43,4190.34,1399.33,48,11931.75,t,NONE,NONE,81.1,83.51,,8f869310-bea3-461f-98c5-6df62b7e4b4d,2026-08-27 11:28:00.060615+00,2026-09-02 15:27:18.632572+00
DAILY20260921LN158,a4c9cceb-de44-4371-a3f6-2d7bae1743f8,CREDIT_CARD,ABC Bank,GGN044,652540,605930,466100,498727,31600,7900,2022-01-15,2025-01-15,2025-11-10,2026-09-21,120,NPA,NPA,14.5,27966,4661,,0,t,NONE,NONE,100,100,,8fabaa2b-bfcc-4d13-ac43-b9e2d0961db4,2026-09-21 04:53:00.54054+00,2026-09-21 04:53:00.540546+00
DAILY20260907LN147,96b3811b-51b2-46d2-a98b-ca41899cd0b8,HOME,ABC Bank,GGN044,2908836,2701062,2077740,2223181.8,49470,49470,2022-01-15,2025-01-15,2025-11-10,2026-09-07,32,BUCKET_2,ACTIVE,14.5,124664.4,20777.4,,0,f,NONE,NONE,26.7,26.7,,8fb1f1eb-546f-4c2b-a963-a39cfb66b1e5,2026-09-07 04:59:06.643325+00,2026-09-07 04:59:06.643327+00
DAILY20260921LN118,d0cc0cab-d706-4abe-8020-1b4f17c15879,HOME,ABC Bank,GGN044,2003204,1860118,1430860,1531020.2,74010,24670,2022-01-15,2025-01-15,2025-11-10,2026-09-21,95,NPA,NPA,14.5,85851.6,14308.6,,0,t,NONE,NONE,79.2,79.2,,8fb7ca1e-5bc0-4eea-8bb8-94e4aed09b8e,2026-09-21 04:53:00.171003+00,2026-09-21 04:53:00.171007+00
LN000000016,2a15516f-d306-43e7-9555-1ce7dc5b5296,GOLD,ABC Bank,BR1326,471256.1,466810.06,384559.02,393055.35,31857.35,15690,2024-09-17,2027-09-02,2026-07-15,2026-08-30,42,BUCKET_2,ACTIVE,12.83,7646.18,830.41,36,14368.12,f,NONE,NONE,37.1,100,,8fea4460-1d00-4746-8dbc-44b3db283e32,2026-08-27 11:28:00.060157+00,2026-09-02 15:27:18.632572+00
LN000000226,20afa76a-c2d7-44a2-a263-75b112de3ee9,AUTO,ABC Bank,BR8288,529104.4,507855.1,179780.23,210717.49,28125.06,10930,2025-01-25,2029-12-30,2026-06-04,2026-09-06,80,BUCKET_3,ACTIVE,10.56,5784.15,10496.81,60,9821.94,f,NONE,NONE,70.8,37.64,,8fffc779-9d7e-4dc2-8778-29ce69a62a8d,2026-08-27 11:28:00.060415+00,2026-09-02 15:27:18.632572+00
DAILY20260921LN07,fd5b8d4c-55b4-41f4-9bcf-668fbb48900b,HOME,ABC Bank,GGN044,4425190,4109105,3160850,3382109.5,172410,57470,2022-01-15,2025-01-15,2025-11-10,2026-09-21,95,NPA,NPA,14.5,189651,31608.5,,0,t,NONE,NONE,79.2,79.2,,90388167-f9fc-44a8-9963-1679201d40b3,2026-09-21 04:52:59.405457+00,2026-09-21 04:52:59.405464+00
DAILY20260906LN63,44fca079-09f0-4912-bce4-5fd38099b07c,MICROFINANCE,ABC Bank,GGN044,87234,81003,62310,66671.7,10050,2010,2022-01-15,2025-01-15,2025-11-10,2026-09-06,155,NPA,NPA,14.5,3738.6,623.1,,0,t,NONE,NONE,129.2,129.2,,904589fd-eb30-4068-a9e5-03e673472c12,2026-09-06 13:30:49.173286+00,2026-09-06 13:30:49.173289+00
DAILY20260903LN66,eb9ec429-58e8-4447-b417-22af834cce45,AUTO,ABC Bank,GGN044,830256,770952,593040,634552.8,28240,14120,2022-01-15,2025-01-15,2025-11-10,2026-09-03,88,BUCKET_3,ACTIVE,14.5,35582.4,5930.4,,0,f,NONE,NONE,73.3,73.3,,905201cd-abe9-49ae-ba58-4b0c950d2371,2026-09-02 15:33:15.831157+00,2026-09-02 15:33:15.831157+00
DAILY20260918LN160,941a0274-fc46-4332-be25-745259c7e20d,GOLD,ABC Bank,GGN044,1226932,1139294,876380,937726.6,75550,15110,2022-01-15,2025-01-15,2025-11-10,2026-09-18,155,NPA,NPA,14.5,52582.8,8763.8,,0,t,NONE,NONE,129.2,129.2,,90eafc4a-49e2-4e46-9bbd-a9f2525ff81c,2026-09-18 06:49:34.926149+00,2026-09-18 06:49:34.926153+00
LN000000115,18545dbd-a5d0-4449-814f-81cb0d9cce0a,PERSONAL,ABC Bank,BR5959,567830.52,564711.05,344639.11,354902.5,39875.69,12460,2022-11-01,2027-10-06,2026-05-26,2026-09-09,88,BUCKET_3,ACTIVE,11.64,4819.65,4723.52,60,9864.31,f,NONE,NONE,55.7,49.34,,913ddefe-b463-41c0-bd00-ffb777223978,2026-08-27 11:28:00.060281+00,2026-09-02 15:27:18.632572+00
DAILY20260918LN31,0819c238-f941-4756-8194-915ed4d0b02b,EDUCATION,ABC Bank,GGN044,931588,865046,665420,711999.4,54320,13580,2022-01-15,2025-01-15,2025-11-10,2026-09-18,120,NPA,NPA,14.5,39925.2,6654.2,,0,t,NONE,NONE,100,100,,91848a28-e73e-4647-b638-f266599ff194,2026-09-18 06:49:34.175643+00,2026-09-18 06:49:34.175645+00
DAILY20260907LN163,08270c0e-2af1-4c08-a509-8ee29b690b2e,HOME,ABC Bank,GGN044,2305268,2140606,1646620,1761883.4,283900,56780,2022-01-15,2025-01-15,2025-11-10,2026-09-07,155,NPA,NPA,14.5,98797.2,16466.2,,0,t,NONE,NONE,129.2,129.2,,91919e0f-572c-4e18-ae20-0129ade96c1c,2026-09-07 04:59:06.751163+00,2026-09-07 04:59:06.751164+00
LN000000402,16791195-a842-4ef7-b058-6ccd52230bb0,PERSONAL,ABC Bank,BR3020,347353.76,320214.8,265492.23,275438.89,90955.66,29250,2024-04-15,2025-04-10,2026-06-02,2026-09-10,72,BUCKET_3,ACTIVE,17.3,9379.98,535.65,12,25011.54,f,NONE,NONE,64.7,100,,91982683-11af-4614-a23c-bfce8332880b,2026-08-27 11:28:00.060626+00,2026-09-02 15:27:18.632572+00
DAILY20260918LN144,f6030545-2456-4eea-8c10-f56890d1b13e,MICROFINANCE,ABC Bank,GGN044,148694,138073,106210,113644.7,4940,2470,2022-01-15,2025-01-15,2025-11-10,2026-09-18,88,BUCKET_3,ACTIVE,14.5,6372.6,1062.1,,0,f,NONE,NONE,73.3,73.3,,91a09a3b-a7be-49c0-8e92-2a6bcf0eb175,2026-09-18 06:49:34.84182+00,2026-09-18 06:49:34.841823+00
DAILY20260907LN16,3724f366-c109-4b14-b867-9ed3dcf44b0b,CREDIT_CARD,ABC Bank,GGN044,149688,138996,106920,114404.4,3960,1980,2022-01-15,2025-01-15,2025-11-10,2026-09-07,88,BUCKET_3,ACTIVE,14.5,6415.2,1069.2,,0,f,NONE,NONE,73.3,73.3,,91b092cb-eaf7-44b1-b051-f2982fd9717f,2026-09-07 04:59:05.815142+00,2026-09-07 04:59:05.815146+00
DAILY20260907LN46,d8e86592-d9e0-46e4-9c9f-941848ace505,BUSINESS,ABC Bank,GGN044,4321464,4012788,3086760,3302833.2,53220,53220,2022-01-15,2025-01-15,2025-11-10,2026-09-07,47,BUCKET_2,ACTIVE,14.5,185205.6,30867.6,,0,f,NONE,NONE,39.2,39.2,,91b508fa-915b-4fa1-b9fa-a23c60145497,2026-09-07 04:59:06.055894+00,2026-09-07 04:59:06.055899+00
DAILY20260921LN186,d84772ab-f2fd-40c7-be5c-5d76d2671e66,CREDIT_CARD,ABC Bank,GGN044,257712,239304,184080,196965.6,7670,7670,2022-01-15,2025-01-15,2025-11-10,2026-09-21,32,BUCKET_2,ACTIVE,14.5,11044.8,1840.8,,0,f,NONE,NONE,26.7,26.7,,91c02a42-269e-4533-8e03-48d3492e92c0,2026-09-21 04:53:00.728136+00,2026-09-21 04:53:00.728143+00
LN000000309,6a46cc14-b7ce-4a3c-aea4-979f82889741,AUTO,ABC Bank,BR5116,728359.87,673098.66,405881.5,431700.81,117445.89,21170,2023-09-27,2027-09-06,2026-04-18,2026-08-31,120,NPA,NPA,21.9,22423.84,1850.44,48,9523.45,t,NONE,NONE,93.9,87.57,,91d5039a-2aca-407c-9ed2-a68e806a4ce5,2026-08-27 11:28:00.060517+00,2026-09-02 15:27:18.632572+00
LN000000200,84a8d0eb-0dd9-4552-8f3b-4c6adc7cff8d,PERSONAL,ABC Bank,BR6309,687225.74,623190.74,444649.76,460648.49,62318.56,19550,2023-07-08,2027-06-17,2026-06-12,2026-09-23,65,BUCKET_3,ACTIVE,21.75,12447.17,2433.49,48,14676.1,f,NONE,NONE,66.5,76.06,,9246f6f0-0999-410f-ae00-c64f0f8af8a4,2026-08-27 11:28:00.060384+00,2026-09-02 15:27:18.632572+00
LN000000173,93f75a61-fb83-4b76-b047-26f7efbc6e4d,HOME,ABC Bank,BR6710,836468.76,825333.22,397692.3,428419.52,87613.28,38700,2025-05-21,2027-05-11,2026-07-14,2026-09-22,35,BUCKET_2,ACTIVE,11.61,12762.92,11396.57,24,26324.76,f,NONE,NONE,36.9,20.8,,927bbc4b-7484-4f97-8db7-47347f33f48f,2026-08-27 11:28:00.060352+00,2026-09-02 15:27:18.632572+00
LN000000086,ae38bc80-0ae4-48dd-ba3d-35710c261b87,GOLD,ABC Bank,BR3587,492943.84,455930.4,408741.54,423113.49,33220.03,10850,2024-01-03,2030-11-27,2026-06-15,2026-09-14,65,BUCKET_3,ACTIVE,22.6,11965.14,1321.01,84,10085.44,f,NONE,NONE,78.5,92.97,,92a2920b-c3fc-4ca3-a04f-5361399da05d,2026-08-27 11:28:00.060241+00,2026-09-02 15:27:18.632572+00
LN000000251,eaecc769-bb37-42f9-a8ff-94cac68aa572,BUSINESS,ABC Bank,BR4264,471823.73,459905.87,240183.95,270471.62,35010.03,17170,2022-03-16,2025-02-28,2026-07-18,2026-09-05,35,BUCKET_2,ACTIVE,20.33,7585.51,13392.62,36,16956.53,f,NONE,NONE,48,19.43,,9323662b-9e0a-40d0-80a4-3666e4745ccb,2026-08-27 11:28:00.060447+00,2026-09-02 15:27:18.632572+00
DAILY20260903LN20,9c339a04-e045-4dc5-b0f1-257e3aa872cf,MICROFINANCE,ABC Bank,GGN044,122472,113724,87480,93603.6,14580,4860,2022-01-15,2025-01-15,2025-11-10,2026-09-03,95,NPA,NPA,14.5,5248.8,874.8,,0,t,NONE,NONE,79.2,79.2,,9373af5c-8372-4ff3-bcd2-45f10b4ddd48,2026-09-02 15:33:15.643497+00,2026-09-02 15:33:15.643497+00
DAILY20260921LN68,7715fab1-768d-468e-8470-227ee33a99dc,GOLD,ABC Bank,GGN044,576800,535600,412000,440840,82400,16480,2022-01-15,2025-01-15,2025-11-10,2026-09-21,155,NPA,NPA,14.5,24720,4120,,0,t,NONE,NONE,129.2,129.2,,93db59cd-4cdf-4269-a548-f4b418e21fec,2026-09-21 04:52:59.76277+00,2026-09-21 04:52:59.762774+00
DAILY20260907LN99,e696e5e3-05bc-4b1e-967e-962e1a2bb9da,AUTO,ABC Bank,GGN044,1012536,940212,723240,773866.8,51660,25830,2022-01-15,2025-01-15,2025-11-10,2026-09-07,88,BUCKET_3,ACTIVE,14.5,43394.4,7232.4,,0,f,NONE,NONE,73.3,73.3,,9413fda6-d1bb-4ee5-ace3-e22024c7c23f,2026-09-07 04:59:06.384851+00,2026-09-07 04:59:06.384854+00
DAILY20260903LN124,9244bc83-8959-46d0-9a76-f8fc45509e11,GOLD,ABC Bank,GGN044,721224,669708,515160,551221.2,38880,9720,2022-01-15,2025-01-15,2025-11-10,2026-09-03,120,NPA,NPA,14.5,30909.6,5151.6,,0,t,NONE,NONE,100,100,,943a6aa4-9ba7-4a3f-8819-f07a66877c0f,2026-09-02 15:33:16.068244+00,2026-09-02 15:33:16.068244+00
DAILY20260921LN81,156c3ecf-9301-439d-9ae4-7f66e7d6ed9c,PERSONAL,ABC Bank,GGN044,167860,155870,119900,128293,10900,5450,2022-01-15,2025-01-15,2025-11-10,2026-09-21,65,BUCKET_3,ACTIVE,14.5,7194,1199,,0,f,NONE,NONE,54.2,54.2,,94649ccf-2eab-44ba-94e6-6f44d0ed825f,2026-09-21 04:52:59.840467+00,2026-09-21 04:52:59.840472+00
DAILY20260918LN42,85fe4b92-3774-465c-8256-63339ef23076,MICROFINANCE,ABC Bank,GGN044,213332,198094,152380,163046.6,8020,4010,2022-01-15,2025-01-15,2025-11-10,2026-09-18,65,BUCKET_3,ACTIVE,14.5,9142.8,1523.8,,0,f,NONE,NONE,54.2,54.2,,946578c4-eed9-4b94-bd16-d6931d910658,2026-09-18 06:49:34.232262+00,2026-09-18 06:49:34.232264+00
LN000000044,d82ad54b-75b4-4810-ae18-bbb4df1159b6,AUTO,ABC Bank,BR2626,234204.18,230073.05,200743.73,210870.55,36404.71,20290,2025-07-02,2026-06-27,2026-07-12,2026-09-07,42,BUCKET_2,ACTIVE,10.59,6928.05,2143.62,12,15993.71,f,NONE,NONE,69.2,33.79,,94aaf612-9749-425a-9b6e-1fe96d8e899c,2026-08-27 11:28:00.06019+00,2026-09-02 15:27:18.632572+00
LN000000151,efb07e9b-75ca-4efd-88f3-a3f78fabb418,GOLD,ABC Bank,BR8443,361926.29,350896.48,129576.06,135076.71,33733.32,16850,2022-07-24,2024-07-13,2026-07-15,2026-09-13,35,BUCKET_2,ACTIVE,14.01,5135.69,68.91,24,16032.61,f,NONE,NONE,43.7,81.16,,94f5e8c6-0c81-4142-8943-dbe80e555ea9,2026-08-27 11:28:00.060323+00,2026-09-02 15:27:18.632572+00
DAILY20260903LN51,2bf4816a-767e-4df2-b3f0-0a41ed7a523c,EDUCATION,ABC Bank,GGN044,1131312,1050504,808080,864645.6,28860,14430,2022-01-15,2025-01-15,2025-11-10,2026-09-03,88,BUCKET_3,ACTIVE,14.5,48484.8,8080.8,,0,f,NONE,NONE,73.3,73.3,,953ac6a6-32be-4ee1-becc-32940f77d0f8,2026-09-02 15:33:15.766518+00,2026-09-02 15:33:15.766518+00
LN000000064,82440fe5-d534-4f3c-8df1-5d8b99fc4234,HOME,ABC Bank,BR7489,1112544.8,1011299.52,496097.77,540427.63,176725.24,36860,2024-12-03,2027-11-18,2026-04-26,2026-09-15,120,NPA,NPA,18.59,19672.2,12078.85,36,33983.05,t,NONE,NONE,100,59.75,,954a8b84-2fcf-4d1e-9021-085541d8579f,2026-08-27 11:28:00.060214+00,2026-09-02 15:27:18.632572+00
DAILY20260921LN24,d724f2ae-a4cc-4939-9483-2f0965d27205,BUSINESS,ABC Bank,GGN044,1536780,1427010,1097700,1174539,146360,36590,2022-01-15,2025-01-15,2025-11-10,2026-09-21,120,NPA,NPA,14.5,65862,10977,,0,t,NONE,NONE,100,100,,95c887f9-565c-4812-98fe-eccbc12b8527,2026-09-21 04:52:59.526604+00,2026-09-21 04:52:59.526609+00
DAILY20260921LN129,5654b9b4-0b56-40aa-9d09-fd7e4356904f,BUSINESS,ABC Bank,GGN044,615384,571428,439560,470329.2,59400,11880,2022-01-15,2025-01-15,2025-11-10,2026-09-21,155,NPA,NPA,14.5,26373.6,4395.6,,0,t,NONE,NONE,129.2,129.2,,95e5d199-14d3-4a5d-a58a-7253aa522c0e,2026-09-21 04:53:00.247177+00,2026-09-21 04:53:00.247179+00
DAILY20260906LN29,bd565aaa-5f3c-488e-ab18-c73b43b52e79,CREDIT_CARD,ABC Bank,GGN044,401940,373230,287100,307197,28710,9570,2022-01-15,2025-01-15,2025-11-10,2026-09-06,95,NPA,NPA,14.5,17226,2871,,0,t,NONE,NONE,79.2,79.2,,95e87830-be4a-40a9-83c0-f54a60863a46,2026-09-06 13:30:48.845141+00,2026-09-06 13:30:48.84516+00
DAILY20260921LN192,d0bd8fe4-328b-478f-ada2-9bd9d09711d9,EDUCATION,ABC Bank,GGN044,117992,109564,84280,90179.6,12040,6020,2022-01-15,2025-01-15,2025-11-10,2026-09-21,88,BUCKET_3,ACTIVE,14.5,5056.8,842.8,,0,f,NONE,NONE,73.3,73.3,,96350a8a-44b3-411c-874b-f6b7cc7c1657,2026-09-21 04:53:00.762652+00,2026-09-21 04:53:00.762656+00
DAILY20260921LN97,01a976fc-7146-45ae-a861-307a0ba16537,HOME,ABC Bank,GGN044,1180704,1096368,843360,902395.2,20080,20080,2022-01-15,2025-01-15,2025-11-10,2026-09-21,32,BUCKET_2,ACTIVE,14.5,50601.6,8433.6,,0,f,NONE,NONE,26.7,26.7,,964dd91a-6aff-431e-bf0f-72112f70d245,2026-09-21 04:52:59.952469+00,2026-09-21 04:52:59.952472+00
DAILY20260906LN44,b99d87c6-0904-42a4-8df0-1b8da707ca67,GOLD,ABC Bank,GGN044,287840,267280,205600,219992,51400,12850,2022-01-15,2025-01-15,2025-11-10,2026-09-06,120,NPA,NPA,14.5,12336,2056,,0,t,NONE,NONE,100,100,,97171f8a-a58b-439a-94dc-21a242566be6,2026-09-06 13:30:49.035339+00,2026-09-06 13:30:49.035342+00
DAILY20260918LN156,977c1909-3ae3-44db-a18a-21f44f23158a,GOLD,ABC Bank,GGN044,425166,394797,303690,324948.3,5730,5730,2022-01-15,2025-01-15,2025-11-10,2026-09-18,32,BUCKET_2,ACTIVE,14.5,18221.4,3036.9,,0,f,NONE,NONE,26.7,26.7,,974d734c-4745-4e5f-b958-87b2f8d93f43,2026-09-18 06:49:34.904113+00,2026-09-18 06:49:34.904118+00
DAILY20260907LN41,49ef3c8d-8479-4f8f-a829-8cd6cfc2e53a,EDUCATION,ABC Bank,GGN044,1054802,979459,753430,806170.1,25540,12770,2022-01-15,2025-01-15,2025-11-10,2026-09-07,88,BUCKET_3,ACTIVE,14.5,45205.8,7534.3,,0,f,NONE,NONE,73.3,73.3,,975672c0-7032-46b0-956a-6a41b736ed29,2026-09-07 04:59:06.026935+00,2026-09-07 04:59:06.026938+00
DAILY20260907LN75,32d2709c-8d88-4d5b-899a-10a66a6aeb7c,GOLD,ABC Bank,GGN044,660674,613483,471910,504943.7,11510,11510,2022-01-15,2025-01-15,2025-11-10,2026-09-07,32,BUCKET_2,ACTIVE,14.5,28314.6,4719.1,,0,f,NONE,NONE,26.7,26.7,,97652496-981c-4232-abcb-fc2459451c08,2026-09-07 04:59:06.242024+00,2026-09-07 04:59:06.242027+00
DAILY20260906LN61,6a568f6b-3168-48e5-b5da-91377cd7c980,BUSINESS,ABC Bank,GGN044,1555554,1444443,1111110,1188887.7,52910,52910,2022-01-15,2025-01-15,2025-11-10,2026-09-06,32,BUCKET_2,ACTIVE,14.5,66666.6,11111.1,,0,f,NONE,NONE,26.7,26.7,,977ab33e-dc4e-499c-b23c-1d0cb9c989c2,2026-09-06 13:30:49.159551+00,2026-09-06 13:30:49.159557+00
DAILY20260903LN103,3a8651a8-850a-42bc-bbee-f076a3b48559,HOME,ABC Bank,GGN044,2736454,2540993,1954610,2091432.7,39890,39890,2022-01-15,2025-01-15,2025-11-10,2026-09-03,47,BUCKET_2,ACTIVE,14.5,117276.6,19546.1,,0,f,NONE,NONE,39.2,39.2,,978bd205-2707-4ede-8656-b92b8cfe760f,2026-09-02 15:33:15.983376+00,2026-09-02 15:33:15.983376+00
DAILY20260906LN130,dfc34fff-638d-49c2-8820-68f059a63adb,EDUCATION,ABC Bank,GGN044,1630524,1514058,1164660,1246186.2,19740,19740,2022-01-15,2025-01-15,2025-11-10,2026-09-06,32,BUCKET_2,ACTIVE,14.5,69879.6,11646.6,,0,f,NONE,NONE,26.7,26.7,,97b30b95-d1a9-4013-8583-fea54d0b5e07,2026-09-06 13:30:49.586331+00,2026-09-06 13:30:49.586336+00
DAILY20260918LN33,fb72fcb4-bc3e-40c5-b229-e7f05032a8ef,GOLD,ABC Bank,GGN044,399700,371150,285500,305485,11420,11420,2022-01-15,2025-01-15,2025-11-10,2026-09-18,32,BUCKET_2,ACTIVE,14.5,17130,2855,,0,f,NONE,NONE,26.7,26.7,,97c70eaf-bc4d-46e5-8f45-5ee8f823de7e,2026-09-18 06:49:34.186044+00,2026-09-18 06:49:34.186048+00
DAILY20260906LN156,8adf5e14-4177-4610-827e-7d53741f2c7a,CREDIT_CARD,ABC Bank,GGN044,279216,259272,199440,213400.8,22160,11080,2022-01-15,2025-01-15,2025-11-10,2026-09-06,88,BUCKET_3,ACTIVE,14.5,11966.4,1994.4,,0,f,NONE,NONE,73.3,73.3,,97d324e1-06ce-4ae6-80db-9834833acbba,2026-09-06 13:30:49.75433+00,2026-09-06 13:30:49.754333+00
DAILY20260903LN157,31c1428a-0d64-4e9d-a0f1-1c2419c53b86,AUTO,ABC Bank,GGN044,1558592,1447264,1113280,1191209.6,39760,19880,2022-01-15,2025-01-15,2025-11-10,2026-09-03,88,BUCKET_3,ACTIVE,14.5,66796.8,11132.8,,0,f,NONE,NONE,73.3,73.3,,98218dae-7fac-4f00-a69e-efbabaf573cd,2026-09-02 15:33:16.184769+00,2026-09-02 15:33:16.184769+00
DAILY20260921LN198,78e7dd99-3bc1-4481-997a-2a4f46d1ab58,EDUCATION,ABC Bank,GGN044,620900,576550,443500,474545,35480,8870,2022-01-15,2025-01-15,2025-11-10,2026-09-21,120,NPA,NPA,14.5,26610,4435,,0,t,NONE,NONE,100,100,,9870f03b-2be2-4c3f-a6a5-94c340ce6d8b,2026-09-21 04:53:00.796067+00,2026-09-21 04:53:00.796071+00
DAILY20260921LN152,6c015baa-bd52-4358-90de-2b796fe04632,MICROFINANCE,ABC Bank,GGN044,127204,118118,90860,97220.2,16520,4130,2022-01-15,2025-01-15,2025-11-10,2026-09-21,120,NPA,NPA,14.5,5451.6,908.6,,0,t,NONE,NONE,100,100,,9883e551-e3e8-40d9-b63e-1ae10ee5167c,2026-09-21 04:53:00.501988+00,2026-09-21 04:53:00.501992+00
DAILY20260903LN139,1954c1f6-bdd4-48d6-82f4-6a51def78ca7,GOLD,ABC Bank,GGN044,1071560,995020,765400,818978,53400,17800,2022-01-15,2025-01-15,2025-11-10,2026-09-03,95,NPA,NPA,14.5,45924,7654,,0,t,NONE,NONE,79.2,79.2,,9899ddf7-0f0c-4481-ae03-6ea8b41576f7,2026-09-02 15:33:16.121433+00,2026-09-02 15:33:16.121433+00
LN000000091,0e603b84-71ce-4946-a57b-0eaa9e30fcdd,EDUCATION,ABC Bank,BR7376,766949.13,704791.55,297762.01,303929.58,45934.7,16000,2023-10-06,2028-09-09,2026-06-17,2026-08-30,65,BUCKET_3,ACTIVE,12.9,5289.89,525.74,60,10804.25,f,NONE,NONE,45.4,90.13,,989b1ec1-215c-442a-9619-01c6efb9ad6e,2026-08-27 11:28:00.060249+00,2026-09-02 15:27:18.632572+00
LN000000142,fbc0a1a5-8e5c-4cd1-8192-a38d6697d56e,PERSONAL,ABC Bank,BR1193,302693.3,297169.12,180036.05,195329.31,31452.16,15070,2025-10-04,2027-09-24,2026-07-20,2026-08-28,35,BUCKET_2,ACTIVE,19.62,7166.66,5024.11,24,9444.74,f,NONE,NONE,27,23.12,,98acb3a9-b350-438a-9ccf-79b98a427151,2026-08-27 11:28:00.060313+00,2026-09-02 15:27:18.632572+00
LN000000122,ec42d535-b44a-45b9-bbad-86901389c1c4,BUSINESS,ABC Bank,BR4640,618306.44,581627.34,475097.97,484327.47,171225.59,52390,2024-04-16,2025-04-11,2026-06-11,2026-09-22,65,BUCKET_3,ACTIVE,14.61,8295.91,837.21,12,50874.34,f,NONE,NONE,54.2,100,,98ccb323-a764-416a-a592-8d531bf7368a,2026-08-27 11:28:00.060289+00,2026-09-02 15:27:18.632572+00
DAILY20260918LN14,8f88ce03-5c00-44e4-a0e2-e082c85aeaba,GOLD,ABC Bank,GGN044,576576,535392,411840,440668.8,12480,12480,2022-01-15,2025-01-15,2025-11-10,2026-09-18,47,BUCKET_2,ACTIVE,14.5,24710.4,4118.4,,0,f,NONE,NONE,39.2,39.2,,98da83dc-c80b-48c2-9527-ce72b86ebf26,2026-09-18 06:49:34.095139+00,2026-09-18 06:49:34.095141+00
DAILY20260918LN172,581942a2-9d8d-483e-abb2-9aec32f057d8,CREDIT_CARD,ABC Bank,GGN044,410592,381264,293280,313809.6,11280,5640,2022-01-15,2025-01-15,2025-11-10,2026-09-18,65,BUCKET_3,ACTIVE,14.5,17596.8,2932.8,,0,f,NONE,NONE,54.2,54.2,,98f534ca-d8dd-40d1-a6cd-1f8088fe6bb9,2026-09-18 06:49:34.989322+00,2026-09-18 06:49:34.989324+00
DAILY20260921LN94,5649eed5-440c-4a5e-8868-20c75bf215c4,EDUCATION,ABC Bank,GGN044,104860,97370,74900,80143,21400,5350,2022-01-15,2025-01-15,2025-11-10,2026-09-21,120,NPA,NPA,14.5,4494,749,,0,t,NONE,NONE,100,100,,99246629-69d9-4d25-b8aa-92df1f7efe03,2026-09-21 04:52:59.936286+00,2026-09-21 04:52:59.936289+00
DAILY20260907LN45,c4ab57cd-add7-402f-a26d-c028cc798a63,EDUCATION,ABC Bank,GGN044,584472,542724,417480,446703.6,8520,8520,2022-01-15,2025-01-15,2025-11-10,2026-09-07,47,BUCKET_2,ACTIVE,14.5,25048.8,4174.8,,0,f,NONE,NONE,39.2,39.2,,997d86e0-0f82-4db0-bc0d-1edd81567e85,2026-09-07 04:59:06.050102+00,2026-09-07 04:59:06.050105+00
DAILY20260918LN112,b661e6f6-65e9-431f-af93-b55c609e4340,HOME,ABC Bank,GGN044,1698480,1577160,1213200,1298124,121320,60660,2022-01-15,2025-01-15,2025-11-10,2026-09-18,65,BUCKET_3,ACTIVE,14.5,72792,12132,,0,f,NONE,NONE,54.2,54.2,,99d45b92-37b8-4ca6-8c51-5fb4b8844240,2026-09-18 06:49:34.661748+00,2026-09-18 06:49:34.661751+00
DAILY20260906LN72,c9ba6c89-ace0-4d41-a48f-2e81b9897f4a,PERSONAL,ABC Bank,GGN044,301952,280384,215680,230777.6,53920,13480,2022-01-15,2025-01-15,2025-11-10,2026-09-06,120,NPA,NPA,14.5,12940.8,2156.8,,0,t,NONE,NONE,100,100,,99efc3d9-4c94-487d-b9e9-ce44519553d8,2026-09-06 13:30:49.236+00,2026-09-06 13:30:49.236005+00
DAILY20260901LN00,0909f0a5-82d4-40b4-93e1-c89e482bdaff,CREDIT_CARD,ABC Bank,GGN044,103320.1,95940.09,73800.07,78966.08,22140.02,2050,2022-01-15,2025-01-15,2025-11-10,2026-09-01,88,BUCKET_3,ACTIVE,14.5,4428,738,,0,f,NONE,NONE,73.3,73.3,,99f2f456-22ad-4594-addb-69361e0577f0,2026-09-01 04:38:21.145576+00,2026-09-02 15:27:18.644119+00
LN000000466,b0b63f01-f844-40f7-b276-5e6b6805959a,MICROFINANCE,ABC Bank,BR1286,168070.14,154186.11,75068.01,78390.15,26612.35,3510,2022-02-06,2027-01-11,2026-01-20,2026-09-25,210,NPA,NPA,13.02,2383.53,626.58,60,3147.8,t,SARFAESI,NONE,100,100,,9a0a0bd6-46f0-4dc2-9cfa-e267d702193b,2026-08-27 11:28:00.060704+00,2026-09-02 15:27:18.64512+00
BANKLOAN00005,470e5e3d-0f42-4a7f-826a-35301cb829ad,BUSINESS,ABC Bank,GGN056,1279800,1194480,853200,925722,298620,23700,2022-06-01,2025-06-01,2026-04-15,2026-08-27,134,NPA,NPA,16,59724,12798,,0,t,NONE,NONE,111.7,111.7,,9a3f4dc7-2faf-4063-bf4c-d11e30b1a0c9,2026-08-27 11:28:09.810161+00,2026-09-02 15:27:18.646118+00
DAILY20260903LN29,4d3d7b29-fa51-4d9d-94c5-d5a70f4be7f4,AUTO,ABC Bank,GGN044,301896,280332,215640,230734.8,11980,11980,2022-01-15,2025-01-15,2025-11-10,2026-09-03,47,BUCKET_2,ACTIVE,14.5,12938.4,2156.4,,0,f,NONE,NONE,39.2,39.2,,9a75868b-1ad0-4059-ba14-a1123f66731e,2026-09-02 15:33:15.685679+00,2026-09-02 15:33:15.685679+00
DAILY20260906LN62,7463cf7b-4bf8-4ce3-952e-a71c229cff19,GOLD,ABC Bank,GGN044,221200,205400,158000,169060,9480,3160,2022-01-15,2025-01-15,2025-11-10,2026-09-06,95,NPA,NPA,14.5,9480,1580,,0,t,NONE,NONE,79.2,79.2,,9a7e6a82-b630-4e93-b0bc-5425b9c3c48c,2026-09-06 13:30:49.166384+00,2026-09-06 13:30:49.166387+00
DAILY20260906LN06,15a6253d-788d-4a04-952f-8cb381b7d33b,BUSINESS,ABC Bank,GGN044,605430,562185,432450,462721.5,69750,13950,2022-01-15,2025-01-15,2025-11-10,2026-09-06,155,NPA,NPA,14.5,25947,4324.5,,0,t,NONE,NONE,129.2,129.2,,9ae0a69d-d9a9-48ff-8f00-4ee354675a9c,2026-09-06 13:30:48.689829+00,2026-09-06 13:30:48.689832+00
DAILY20260918LN47,f2294d3b-adc9-493d-87b1-f641964ce5c8,CREDIT_CARD,ABC Bank,GGN044,168644,156598,120460,128892.2,6340,3170,2022-01-15,2025-01-15,2025-11-10,2026-09-18,65,BUCKET_3,ACTIVE,14.5,7227.6,1204.6,,0,f,NONE,NONE,54.2,54.2,,9af0563c-1ca8-4dd9-9e83-992c9fcb501e,2026-09-18 06:49:34.261249+00,2026-09-18 06:49:34.261252+00
LN000000477,4bd7b5e4-b853-4646-9e8d-f0d0e3bffa6f,BUSINESS,ABC Bank,BR8023,1526623.77,1401015.7,682777.96,721492.4,176629.53,51740,2024-04-06,2027-03-22,2026-06-11,2026-08-31,65,BUCKET_3,ACTIVE,19.54,37702.24,224.55,36,41829.06,f,NONE,NONE,86.8,100,,9b36c306-4c3f-4122-8d89-5ef2dc8f21e4,2026-08-27 11:28:00.060718+00,2026-09-02 15:27:18.647117+00
LN000000032,5831efe8-5398-4538-8ce8-e7e241cfc522,GOLD,ABC Bank,BR3525,322855.9,302883.74,263299.66,268320.35,32662.49,14770,2021-11-03,2023-10-24,2026-07-05,2026-09-22,50,BUCKET_2,ACTIVE,15.58,4270.71,318.06,24,8553.72,f,NONE,NONE,59.6,100,,9b5d81a7-a5fc-4e81-b17f-0921d85e7b06,2026-08-27 11:28:00.060176+00,2026-09-02 15:27:18.647117+00
DAILY20260921LN105,481a30d9-a555-400f-8f4c-67e8ecd142bf,EDUCATION,ABC Bank,GGN044,702604,652418,501860,536990.2,21820,10910,2022-01-15,2025-01-15,2025-11-10,2026-09-21,88,BUCKET_3,ACTIVE,14.5,30111.6,5018.6,,0,f,NONE,NONE,73.3,73.3,,9c16936b-ba6d-42de-a048-4e77ff44fd57,2026-09-21 04:53:00.016263+00,2026-09-21 04:53:00.01627+00
DAILY20260918LN30,172c3f40-2bd4-4bf6-a529-1f4de0eac92f,GOLD,ABC Bank,GGN044,293706,272727,209790,224475.3,17010,5670,2022-01-15,2025-01-15,2025-11-10,2026-09-18,95,NPA,NPA,14.5,12587.4,2097.9,,0,t,NONE,NONE,79.2,79.2,,9c366256-f9ec-4600-94cf-9df9763ef590,2026-09-18 06:49:34.171466+00,2026-09-18 06:49:34.171468+00
LN000000141,5d016fd0-4cd9-47ff-bb8b-6fa26e95a44e,BUSINESS,ABC Bank,BR3885,1446900.95,1393336.77,1097792.13,1148748.1,78555.01,43910,2024-11-11,2028-10-21,2026-07-10,2026-09-20,42,BUCKET_2,ACTIVE,22.02,47648.17,2425.86,48,32572.21,f,NONE,NONE,36,100,,9c727bad-0642-4a2a-a303-6552d9941aa5,2026-08-27 11:28:00.060312+00,2026-09-02 15:27:18.647117+00
DAILY20260921LN195,bd787d58-7640-496b-bf01-ffd3ab392540,GOLD,ABC Bank,GGN044,123648,114816,88320,94502.4,19200,3840,2022-01-15,2025-01-15,2025-11-10,2026-09-21,155,NPA,NPA,14.5,5299.2,883.2,,0,t,NONE,NONE,129.2,129.2,,9cdfe20c-0d90-40c0-a790-5a0d0754dc19,2026-09-21 04:53:00.778706+00,2026-09-21 04:53:00.778709+00
DAILY20260921LN168,640b65e9-b90f-48ef-b107-b29d21a49065,CREDIT_CARD,ABC Bank,GGN044,473200,439400,338000,361660,13000,6500,2022-01-15,2025-01-15,2025-11-10,2026-09-21,65,BUCKET_3,ACTIVE,14.5,20280,3380,,0,f,NONE,NONE,54.2,54.2,,9ceea946-2591-40f3-a953-5dcec2e151ff,2026-09-21 04:53:00.605387+00,2026-09-21 04:53:00.60539+00
DAILY20260907LN146,2fcffa39-f8f5-40d1-baab-c2374252f514,GOLD,ABC Bank,GGN044,374556,347802,267540,286267.8,25480,12740,2022-01-15,2025-01-15,2025-11-10,2026-09-07,88,BUCKET_3,ACTIVE,14.5,16052.4,2675.4,,0,f,NONE,NONE,73.3,73.3,,9d06ea4f-5a5b-4167-aa81-c6085338a406,2026-09-07 04:59:06.638265+00,2026-09-07 04:59:06.638268+00
LN000000113,669d763f-4f30-48a7-b5ef-a2d336382e6a,PERSONAL,ABC Bank,BR6298,927549.33,878706.59,690709.74,709324.55,82490.48,24400,2023-03-15,2027-02-22,2026-06-22,2026-09-19,65,BUCKET_3,ACTIVE,14.88,16053.81,1992.21,48,22201.21,f,NONE,NONE,44,100,,9d0e9c37-a57c-422c-a9e5-3cb73d032c59,2026-08-27 11:28:00.060278+00,2026-09-02 15:27:18.647117+00
DAILY20260907LN132,e9842497-85ec-4d44-8be5-87c834e3f1ad,CREDIT_CARD,ABC Bank,GGN044,604968,561756,432120,462368.4,44320,11080,2022-01-15,2025-01-15,2025-11-10,2026-09-07,120,NPA,NPA,14.5,25927.2,4321.2,,0,t,NONE,NONE,100,100,,9d83ee55-fea4-4ed2-b336-fa1e54ffd52d,2026-09-07 04:59:06.574261+00,2026-09-07 04:59:06.574264+00
LN000000153,72d9fc11-2301-420f-9030-05a8d067ae68,HOME,ABC Bank,BR4937,1439723.83,1310782.16,647156.66,671424.04,93529.68,21210,2026-01-02,2035-11-11,2026-04-21,2026-09-15,120,NPA,NPA,15.08,12094.25,11984.24,120,9566.19,t,NONE,NONE,100,60.1,,9de46033-23b5-4549-8e74-8c07f7f6e1f6,2026-08-27 11:28:00.060326+00,2026-09-02 15:27:18.647117+00
DAILY20260907LN105,b5456254-8d17-48a8-9f54-d829644f8b80,GOLD,ABC Bank,GGN044,850080,789360,607200,649704,50600,10120,2022-01-15,2025-01-15,2025-11-10,2026-09-07,155,NPA,NPA,14.5,36432,6072,,0,t,NONE,NONE,129.2,129.2,,9dea1f7a-40ae-4f23-b547-217589f6a348,2026-09-07 04:59:06.419648+00,2026-09-07 04:59:06.419654+00
DAILY20260918LN102,ea5a823f-b850-4e46-84f3-8228b86cbae1,CREDIT_CARD,ABC Bank,GGN044,65702,61009,46930,50215.1,4940,2470,2022-01-15,2025-01-15,2025-11-10,2026-09-18,65,BUCKET_3,ACTIVE,14.5,2815.8,469.3,,0,f,NONE,NONE,54.2,54.2,,9e140a7e-24b4-4c70-ba5e-acfe1a3068b5,2026-09-18 06:49:34.596302+00,2026-09-18 06:49:34.596305+00
DAILY20260907LN58,6cb68f08-4fd1-4b2b-95e0-80ccf1fef144,GOLD,ABC Bank,GGN044,241808,224536,172720,184810.4,10160,5080,2022-01-15,2025-01-15,2025-11-10,2026-09-07,65,BUCKET_3,ACTIVE,14.5,10363.2,1727.2,,0,f,NONE,NONE,54.2,54.2,,9e7f191c-b0fc-4477-8ed3-52a0ce8c469a,2026-09-07 04:59:06.133507+00,2026-09-07 04:59:06.13351+00
DAILY20260907LN09,e76ece42-7fe2-4c24-9fe3-8b728a86be23,GOLD,ABC Bank,GGN044,373086,346437,266490,285144.3,12690,12690,2022-01-15,2025-01-15,2025-11-10,2026-09-07,32,BUCKET_2,ACTIVE,14.5,15989.4,2664.9,,0,f,NONE,NONE,26.7,26.7,,9ea5502e-97c3-4106-8007-a6fe996512a4,2026-09-07 04:59:05.776203+00,2026-09-07 04:59:05.776207+00
LN000000019,a28aa48d-a8a8-4e65-b147-a14037eef4bd,AUTO,ABC Bank,BR1895,568092.86,561243.56,473026.87,487711.68,74421.91,21760,2024-02-06,2027-01-21,2026-06-09,2026-09-09,72,BUCKET_3,ACTIVE,23.12,9370.42,3541.7,36,12006.95,f,NONE,NONE,56.2,72.42,,9eab58c8-0897-487b-a608-112720978484,2026-08-27 11:28:00.060161+00,2026-09-02 15:27:18.647117+00
LN000000252,1ca49b3c-bae3-4b4f-97fe-d55af158dab2,MICROFINANCE,ABC Bank,BR6683,169339.27,165484.61,61566.67,65808.74,8430.6,2910,2025-03-16,2035-01-23,2026-05-22,2026-09-19,88,BUCKET_3,ACTIVE,17.32,3256.81,864.74,120,1526.2,f,NONE,NONE,77.4,58.48,,9ee58896-2988-4ab4-885b-0a8905b404cd,2026-08-27 11:28:00.060448+00,2026-09-02 15:27:18.647117+00
DAILY20260918LN25,1f772dab-a4e2-4151-8fe9-8678cbb4e055,AUTO,ABC Bank,GGN044,639800,594100,457000,488990,9140,9140,2022-01-15,2025-01-15,2025-11-10,2026-09-18,32,BUCKET_2,ACTIVE,14.5,27420,4570,,0,f,NONE,NONE,26.7,26.7,,9f365c0d-52dd-43f6-8f01-f69bc5059860,2026-09-18 06:49:34.148643+00,2026-09-18 06:49:34.148647+00
DAILY20260921LN121,9c8caec6-16e1-4f30-b16e-121b77596bc4,MICROFINANCE,ABC Bank,GGN044,122472,113724,87480,93603.6,4860,1620,2022-01-15,2025-01-15,2025-11-10,2026-09-21,95,NPA,NPA,14.5,5248.8,874.8,,0,t,NONE,NONE,79.2,79.2,,9f3dd61e-579c-4a4b-ae5f-48b2263a83ac,2026-09-21 04:53:00.191145+00,2026-09-21 04:53:00.191148+00
DAILY20260921LN56,82ceb899-ad50-466b-8e6c-77a5d3e8cc45,AUTO,ABC Bank,GGN044,356454,330993,254610,272432.7,44280,11070,2022-01-15,2025-01-15,2025-11-10,2026-09-21,120,NPA,NPA,14.5,15276.6,2546.1,,0,t,NONE,NONE,100,100,,9f54cfde-6626-4885-aebc-b90fd740757e,2026-09-21 04:52:59.698447+00,2026-09-21 04:52:59.698451+00
DAILY20260918LN90,d588916f-6779-4251-b3f8-54020b281918,MICROFINANCE,ABC Bank,GGN044,131712,122304,94080,100665.6,3360,3360,2022-01-15,2025-01-15,2025-11-10,2026-09-18,32,BUCKET_2,ACTIVE,14.5,5644.8,940.8,,0,f,NONE,NONE,26.7,26.7,,9f80e6ae-350b-451c-9721-7d3065f250fb,2026-09-18 06:49:34.51791+00,2026-09-18 06:49:34.517916+00
LN000000112,45e0aa28-87fa-43c2-a599-21b16a73f6eb,AUTO,ABC Bank,BR3933,1275056.18,1253212.85,1176372.95,1211775.03,224593.76,25560,2025-10-31,2032-09-24,2026-01-14,2026-09-06,210,NPA,NPA,16.93,33847.75,755.66,84,21379.34,t,NOTICE_SENT,NONE,100,100,,9fa8d647-d3a4-4a1c-851c-d6f1ce2c6637,2026-08-27 11:28:00.060277+00,2026-09-02 15:27:18.647117+00
DAILY20260903LN110,e272ebaf-99a7-4838-860d-aad37a974386,GOLD,ABC Bank,GGN044,809424,751608,578160,618631.2,52560,13140,2022-01-15,2025-01-15,2025-11-10,2026-09-03,120,NPA,NPA,14.5,34689.6,5781.6,,0,t,NONE,NONE,100,100,,9ff394eb-df77-4a11-a278-5eb3b7ba01b6,2026-09-02 15:33:16.010835+00,2026-09-02 15:33:16.010835+00
DAILY20260903LN80,d95822d9-fff7-4adb-bf31-737a3877bd6e,EDUCATION,ABC Bank,GGN044,272538,253071,194670,208296.9,14420,7210,2022-01-15,2025-01-15,2025-11-10,2026-09-03,88,BUCKET_3,ACTIVE,14.5,11680.2,1946.7,,0,f,NONE,NONE,73.3,73.3,,a0026b67-a4e2-4fad-a516-d6d82f103e53,2026-09-02 15:33:15.889001+00,2026-09-02 15:33:15.889001+00
LN000000127,cb6aa2b7-e049-4fcb-ae64-0feacbf71c37,BUSINESS,ABC Bank,BR8915,980333.26,975675.08,539328.94,574462.3,60715.38,27610,2025-07-12,2029-06-21,2026-07-07,2026-08-28,42,BUCKET_2,ACTIVE,15.92,22608.6,9115.55,48,15429.86,f,NONE,NONE,36.8,43.09,,a00626ea-f626-4cae-954d-f1a27883a7fe,2026-08-27 11:28:00.060295+00,2026-09-02 15:27:18.647117+00
DAILY20260918LN45,1d4d14d5-4aad-4458-b45b-a9b5d46bb8bd,MICROFINANCE,ABC Bank,GGN044,149380,138710,106700,114169,24250,4850,2022-01-15,2025-01-15,2025-11-10,2026-09-18,155,NPA,NPA,14.5,6402,1067,,0,t,NONE,NONE,129.2,129.2,,a02a6d6d-579a-483b-9d2d-9cf80f91b74f,2026-09-18 06:49:34.250004+00,2026-09-18 06:49:34.250006+00
LN000000320,fc22a1ea-02a4-4ddd-a5e2-a462034ab115,EDUCATION,ABC Bank,BR3938,193408.65,190753.8,133998.56,143592.12,62733.89,18000,2024-02-26,2025-02-20,2026-05-19,2026-09-26,95,NPA,ACTIVE,23.59,9140.98,199.37,12,7518.47,t,NONE,NONE,91.1,81.63,,a0b272c9-8bab-432c-8166-169bf69bb029,2026-08-27 11:28:00.06053+00,2026-09-02 15:27:18.647117+00
LN000000174,6783d72d-0ff9-47ba-849d-cea95472fcdb,MICROFINANCE,ABC Bank,BR8101,171630.07,157435.57,64822.01,68844.88,7101.81,3460,2023-12-17,2030-11-10,2026-06-16,2026-09-20,58,BUCKET_2,ACTIVE,19.62,3740.81,208.25,84,2263.68,f,NONE,NONE,67.9,58.32,,a0ddd3cb-da88-4e40-b972-8b986f6bae60,2026-08-27 11:28:00.060353+00,2026-09-02 15:27:18.647117+00
DAILY20260903LN143,355bdce9-01de-4513-9426-87c61477f016,BUSINESS,ABC Bank,GGN044,1981686,1840137,1415490,1514574.3,244050,48810,2022-01-15,2025-01-15,2025-11-10,2026-09-03,155,NPA,NPA,14.5,84929.4,14154.9,,0,t,NONE,NONE,129.2,129.2,,a108547f-8356-4f44-bc51-c7148e81dea9,2026-09-02 15:33:16.135459+00,2026-09-02 15:33:16.135459+00
DAILY20260906LN10,7c89a054-3b52-4453-9579-8b45b2191cfd,HOME,ABC Bank,GGN044,2100924,1950858,1500660,1605706.2,111160,27790,2022-01-15,2025-01-15,2025-11-10,2026-09-06,120,NPA,NPA,14.5,90039.6,15006.6,,0,t,NONE,NONE,100,100,,a12a61c9-e13c-4ddc-9e57-cd7431e64d7f,2026-09-06 13:30:48.714164+00,2026-09-06 13:30:48.714167+00
LN000000144,ea537205-7e04-4fef-846a-8a440d811af9,MICROFINANCE,ABC Bank,BR4675,107320.91,97188.48,82119.88,86754.78,6028.52,2140,2026-01-16,2032-12-10,2026-06-08,2026-09-09,80,BUCKET_3,ACTIVE,19.69,1742.29,1832.3,84,1147.05,f,NONE,NONE,53.4,47.22,,a1486494-d1b0-4db6-b589-4891a68e119e,2026-08-27 11:28:00.060315+00,2026-09-02 15:27:18.647117+00
LN000000459,ceab45b8-8a17-42c8-a78d-76c0c61e632b,BUSINESS,ABC Bank,BR7010,540937.27,501720.38,384945.09,405954.56,84849.41,45220,2025-12-16,2026-12-11,2026-07-23,2026-09-07,35,BUCKET_2,ACTIVE,14.73,17658.08,2622.74,12,39197.2,f,NONE,NONE,46.1,54.28,,a16baf03-dada-4d41-87d8-b26c0f5a23a6,2026-08-27 11:28:00.060695+00,2026-09-02 15:27:18.647117+00
DAILY20260907LN77,76f92902-c766-4d51-ae38-abbc3303d01f,PERSONAL,ABC Bank,GGN044,1412460,1311570,1008900,1079523,26550,26550,2022-01-15,2025-01-15,2025-11-10,2026-09-07,32,BUCKET_2,ACTIVE,14.5,60534,10089,,0,f,NONE,NONE,26.7,26.7,,a1b59572-cb7a-462a-9e24-b891b7768001,2026-09-07 04:59:06.252781+00,2026-09-07 04:59:06.252785+00
DAILY20260921LN58,d4f6708c-d26e-432f-ba7a-b5a1a2f2d7d7,MICROFINANCE,ABC Bank,GGN044,139776,129792,99840,106828.8,9600,1920,2022-01-15,2025-01-15,2025-11-10,2026-09-21,155,NPA,NPA,14.5,5990.4,998.4,,0,t,NONE,NONE,129.2,129.2,,a1c44d11-f89e-4cc7-afb8-eec8f2fb77cf,2026-09-21 04:52:59.709415+00,2026-09-21 04:52:59.709418+00
DAILY20260906LN60,1b44c196-6b6c-44e3-9ff3-169e8f31e665,BUSINESS,ABC Bank,GGN044,1359204,1262118,970860,1038820.2,88260,29420,2022-01-15,2025-01-15,2025-11-10,2026-09-06,95,NPA,NPA,14.5,58251.6,9708.6,,0,t,NONE,NONE,79.2,79.2,,a1ed4d7f-6479-456e-ac73-d400b8ce3232,2026-09-06 13:30:49.151606+00,2026-09-06 13:30:49.15161+00
DAILY20260906LN14,f759f638-2783-49ea-977e-fca3944a71b3,PERSONAL,ABC Bank,GGN044,2137212,1984554,1526580,1633440.6,84810,28270,2022-01-15,2025-01-15,2025-11-10,2026-09-06,95,NPA,NPA,14.5,91594.8,15265.8,,0,t,NONE,NONE,79.2,79.2,,a264019e-5d6f-4ade-bc66-c43cc7f4a82b,2026-09-06 13:30:48.741281+00,2026-09-06 13:30:48.741285+00
DAILY20260906LN142,51667a22-bdea-475f-8b14-1be074f4ba0e,PERSONAL,ABC Bank,GGN044,184926,171717,132090,141336.3,18870,6290,2022-01-15,2025-01-15,2025-11-10,2026-09-06,95,NPA,NPA,14.5,7925.4,1320.9,,0,t,NONE,NONE,79.2,79.2,,a26c0b31-d9ec-4f2c-93cd-91f0505b73a1,2026-09-06 13:30:49.663227+00,2026-09-06 13:30:49.663231+00
DAILY20260906LN15,ffa3a19c-f5c3-4efd-821c-f3ffc48b5870,BUSINESS,ABC Bank,GGN044,1226400,1138800,876000,937320,43800,21900,2022-01-15,2025-01-15,2025-11-10,2026-09-06,88,BUCKET_3,ACTIVE,14.5,52560,8760,,0,f,NONE,NONE,73.3,73.3,,a297be52-4623-4cdc-99e2-6ac95c579dc9,2026-09-06 13:30:48.747953+00,2026-09-06 13:30:48.747956+00
LN000000266,2561c753-64f6-43a1-a1c0-13bff93a2c12,GOLD,ABC Bank,BR8547,376962.87,364041.06,196908.22,202212.16,25457.35,9920,2022-08-08,2026-07-18,2026-05-26,2026-09-07,80,BUCKET_3,ACTIVE,13.85,3810.55,1402.06,48,7746.17,f,NONE,NONE,75.7,60.28,,a2998541-421c-4096-bbd6-2bc67e333c68,2026-08-27 11:28:00.060465+00,2026-09-02 15:27:18.647117+00
DAILY20260921LN92,ac15e328-cf70-4bca-bde8-547b0d9902c4,BUSINESS,ABC Bank,GGN044,908320,843440,648800,694216,32440,16220,2022-01-15,2025-01-15,2025-11-10,2026-09-21,88,BUCKET_3,ACTIVE,14.5,38928,6488,,0,f,NONE,NONE,73.3,73.3,,a29dc6ad-e07b-4ad0-aa35-47feb5d00c80,2026-09-21 04:52:59.924763+00,2026-09-21 04:52:59.924768+00
DAILY20260907LN161,a7ecc063-b8a0-4563-94c4-2706bded256e,MICROFINANCE,ABC Bank,GGN044,98154,91143,70110,75017.7,1710,1710,2022-01-15,2025-01-15,2025-11-10,2026-09-07,47,BUCKET_2,ACTIVE,14.5,4206.6,701.1,,0,f,NONE,NONE,39.2,39.2,,a2b5142b-c862-4279-a91b-71d0e3004661,2026-09-07 04:59:06.742224+00,2026-09-07 04:59:06.742227+00
DAILY20260903LN189,7a2eaf31-53fa-476d-931c-da54075e9c8f,CREDIT_CARD,ABC Bank,GGN044,508872,472524,363480,388923.6,13980,6990,2022-01-15,2025-01-15,2025-11-10,2026-09-03,65,BUCKET_3,ACTIVE,14.5,21808.8,3634.8,,0,f,NONE,NONE,54.2,54.2,,a2c8f907-0ef7-4bb8-84eb-bd97bddd3b43,2026-09-02 15:33:16.299816+00,2026-09-02 15:33:16.299816+00
DAILY20260903LN18,6c30edfc-ef0e-44ff-83fb-4ca44a8a3240,PERSONAL,ABC Bank,GGN044,813400,755300,581000,621670,46480,23240,2022-01-15,2025-01-15,2025-11-10,2026-09-03,88,BUCKET_3,ACTIVE,14.5,34860,5810,,0,f,NONE,NONE,73.3,73.3,,a2db563b-ef5e-42c2-86d4-67de18a333fa,2026-09-02 15:33:15.635456+00,2026-09-02 15:33:15.635456+00
DAILY20260903LN177,ac2240f6-2504-4b5c-8999-8325a60e5b45,MICROFINANCE,ABC Bank,GGN044,208768,193856,149120,159558.4,4660,4660,2022-01-15,2025-01-15,2025-11-10,2026-09-03,32,BUCKET_2,ACTIVE,14.5,8947.2,1491.2,,0,f,NONE,NONE,26.7,26.7,,a3082f11-4266-4318-bb61-8917b154312b,2026-09-02 15:33:16.252949+00,2026-09-02 15:33:16.252949+00
DAILY20260903LN155,a2c00a7a-494f-4b71-963c-9392989e467c,HOME,ABC Bank,GGN044,917952,852384,655680,701577.6,54640,27320,2022-01-15,2025-01-15,2025-11-10,2026-09-03,65,BUCKET_3,ACTIVE,14.5,39340.8,6556.8,,0,f,NONE,NONE,54.2,54.2,,a3211890-76f7-42db-bcc1-f534c9fd09e5,2026-09-02 15:33:16.179447+00,2026-09-02 15:33:16.179447+00
LN000000100,26f02717-8e95-4da1-bd80-7ca2a17be532,BUSINESS,ABC Bank,BR3644,2651851.72,2574035.5,1835960.12,1902384.62,116050.6,43260,2024-09-11,2031-08-06,2026-05-31,2026-08-30,88,BUCKET_3,ACTIVE,10.4,63928.46,1437.35,84,20333.86,f,NONE,NONE,81.1,100,,a332a32e-08ae-48cf-81ed-6286b682ff77,2026-08-27 11:28:00.060261+00,2026-09-02 15:27:18.647117+00
DAILY20260907LN173,83ac702f-3bf5-43a1-a705-5adb444a1e44,GOLD,ABC Bank,GGN044,341362,316979,243830,260898.1,19770,6590,2022-01-15,2025-01-15,2025-11-10,2026-09-07,95,NPA,NPA,14.5,14629.8,2438.3,,0,t,NONE,NONE,79.2,79.2,,a33f8255-9c69-44c6-af0e-a4045228f0fc,2026-09-07 04:59:06.809432+00,2026-09-07 04:59:06.809435+00
LN000000159,be5d23c6-cada-4dc4-a0c8-4d771bc35017,HOME,ABC Bank,BR8096,2160652.97,2030858.32,824735.36,850077.23,328527.35,52510,2022-05-30,2026-05-09,2026-03-24,2026-08-30,150,NPA,ACTIVE,11.02,18706,5565.47,48,33654.31,t,NOTICE_SENT,NEGOTIATING,100,100,,a342f9c8-9561-455e-b74f-e63cde709ea2,2026-08-27 11:28:00.060333+00,2026-09-02 15:27:18.647117+00
DAILY20260918LN83,b23d0987-3fc5-4258-8f40-b767af7bd200,BUSINESS,ABC Bank,GGN044,1649760,1531920,1178400,1260888,39280,19640,2022-01-15,2025-01-15,2025-11-10,2026-09-18,88,BUCKET_3,ACTIVE,14.5,70704,11784,,0,f,NONE,NONE,73.3,73.3,,a34b1946-a57c-4f12-b2b9-0b4dcbf02132,2026-09-18 06:49:34.473046+00,2026-09-18 06:49:34.47305+00
LN000000223,273e3301-de4a-4fdc-b8cc-c077bef82888,CREDIT_CARD,ABC Bank,BR9345,142150.5,129467.43,119103.75,127202.55,49883.98,12000,2024-03-04,2025-02-27,2026-05-22,2026-08-28,95,NPA,NPA,20.11,7805.65,241.11,12,5896.25,t,NOTICE_SENT,NONE,64.1,100,,a3b32a3b-848e-4269-889a-bf9dc4024eb5,2026-08-27 11:28:00.060412+00,2026-09-02 15:27:18.647117+00
DAILY20260918LN22,85864389-3426-4322-8576-8b12c1c49312,EDUCATION,ABC Bank,GGN044,235004,218218,167860,179610.2,35970,11990,2022-01-15,2025-01-15,2025-11-10,2026-09-18,95,NPA,NPA,14.5,10071.6,1678.6,,0,t,NONE,NONE,79.2,79.2,,a3b39ed1-1b53-4d91-97d0-b760328b46e1,2026-09-18 06:49:34.134698+00,2026-09-18 06:49:34.134701+00
BANKLOAN00004,cb942210-1b0b-4ffe-acf1-6961f1782043,PERSONAL,ABC Bank,GGN056,390960,364896,260640,282794.4,91224,7240,2022-06-01,2025-06-01,2026-07-05,2026-08-27,53,BUCKET_3,ACTIVE,16,18244.8,3909.6,,0,f,NONE,NONE,44.2,44.2,,a3ba4228-1e4a-4685-93fc-25577bccbdb0,2026-08-27 11:28:09.807297+00,2026-09-02 15:27:18.657396+00
DAILY20260907LN165,6d22b4ed-6415-4438-9e7a-99c9d071597f,HOME,ABC Bank,GGN044,1440992,1338064,1029280,1101329.6,64330,64330,2022-01-15,2025-01-15,2025-11-10,2026-09-07,47,BUCKET_2,ACTIVE,14.5,61756.8,10292.8,,0,f,NONE,NONE,39.2,39.2,,a3bc68b1-1206-4346-b9ad-ac7096e1829b,2026-09-07 04:59:06.761289+00,2026-09-07 04:59:06.761292+00
LN000000334,7e0cdc29-c5ea-41cf-b6cb-0162e6a80f8d,PERSONAL,ABC Bank,BR1056,348846.88,316234.28,248069.23,257123.64,74642.87,28880,2025-03-18,2026-03-13,2026-05-30,2026-09-21,88,BUCKET_3,ACTIVE,17.25,7140.82,1491.82,12,25651.9,f,NONE,NONE,76.6,100,,a3d8a566-68fa-4aa5-8c69-dc8895df03fd,2026-08-27 11:28:00.060546+00,2026-09-02 15:27:18.658395+00
DAILY20260921LN184,76c9da2f-d7b3-4409-ae0d-bde511ae657a,EDUCATION,ABC Bank,GGN044,558376,518492,398840,426758.8,15340,15340,2022-01-15,2025-01-15,2025-11-10,2026-09-21,47,BUCKET_2,ACTIVE,14.5,23930.4,3988.4,,0,f,NONE,NONE,39.2,39.2,,a3f27bac-1ddb-4491-923d-053062117519,2026-09-21 04:53:00.714591+00,2026-09-21 04:53:00.714596+00
LN000000021,903c0bf7-45d1-45bb-9a8a-5a9ba0e09942,PERSONAL,ABC Bank,BR2644,1806943.89,1699663.61,1553997.77,1591259.94,44623.56,22910,2021-10-16,2031-08-25,2026-07-18,2026-09-13,35,BUCKET_2,ACTIVE,10.47,33725.29,2687.42,120,18765.34,f,NONE,NONE,39.7,100,,a44dfd38-e8fa-43e8-9d01-5225ee1efec5,2026-08-27 11:28:00.060163+00,2026-09-02 15:27:18.658395+00
LN000000344,58266cef-59d1-4693-9c40-c5ce985286db,HOME,ABC Bank,BR1174,979344.58,950014.69,760010.39,805353.93,50970.96,25810,2024-08-19,2028-07-29,2026-06-30,2026-09-03,58,BUCKET_2,ACTIVE,13.68,29653.24,6273.67,48,15011.76,f,NONE,NONE,40.2,33.79,,a44e4d10-edfe-4e79-892f-fbb7159b43d2,2026-08-27 11:28:00.060559+00,2026-09-02 15:27:18.658395+00
DAILY20260903LN182,ce764538-8c5a-4684-9454-02e4cfe65ee0,HOME,ABC Bank,GGN044,2206162,2048579,1575830,1686138.1,42590,42590,2022-01-15,2025-01-15,2025-11-10,2026-09-03,32,BUCKET_2,ACTIVE,14.5,94549.8,15758.3,,0,f,NONE,NONE,26.7,26.7,,a464f0d4-44ef-4646-82d6-51873a947f6f,2026-09-02 15:33:16.274815+00,2026-09-02 15:33:16.274815+00
LN000000193,2e0ec7cc-3dcc-4204-b83a-c5bda7ad54f4,AUTO,ABC Bank,BR7159,475325.5,454596.92,345490.34,364192.48,74730.34,16780,2025-05-19,2028-05-03,2026-04-16,2026-09-13,120,NPA,ACTIVE,19.5,9020.96,8108.62,36,7678.96,t,NONE,NONE,95.9,65.24,,a4c1c26e-0726-403e-b501-2ab6e86d5e90,2026-08-27 11:28:00.060376+00,2026-09-02 15:27:18.658395+00
LN000000332,24f406f0-18ea-428e-9360-8b08b5638e21,BUSINESS,ABC Bank,BR1672,568061.06,517583.5,396556.99,438737.94,26010.41,13260,2021-11-20,2025-10-30,2026-07-10,2026-09-20,42,BUCKET_2,ACTIVE,10.53,4101.47,22734.64,48,11418.58,f,NONE,NONE,43.4,22.1,,a4f264d4-e4e6-4077-a9e5-e2b554e1f5d6,2026-08-27 11:28:00.060544+00,2026-09-02 15:27:18.658395+00
LN000000297,becb48a3-4d0a-4b95-9c49-553292c440ee,CREDIT_CARD,ABC Bank,BR3580,92583.22,84509.48,32680.57,43836.5,4994.56,1500,2025-12-11,2032-11-04,2026-06-03,2026-09-26,72,BUCKET_3,ACTIVE,12.18,1180.85,8282.62,84,755.18,f,NONE,NONE,77.8,33.29,,a4f56e56-8fd4-4a9e-98f0-06c44d222118,2026-08-27 11:28:00.060503+00,2026-09-02 15:27:18.658395+00
DAILY20260918LN59,a74616ac-3b2b-43fe-a624-3bc3cabec146,GOLD,ABC Bank,GGN044,487382,452569,348130,372499.1,11230,11230,2022-01-15,2025-01-15,2025-11-10,2026-09-18,47,BUCKET_2,ACTIVE,14.5,20887.8,3481.3,,0,f,NONE,NONE,39.2,39.2,,a5078986-de7e-47f1-96c2-b038c09671e0,2026-09-18 06:49:34.32928+00,2026-09-18 06:49:34.329283+00
LN000000214,95cf3e18-d85d-4685-b2a9-eadf282e3b9f,GOLD,ABC Bank,BR1202,265284.57,242254.49,97222.07,110974.89,13085.9,3230,2024-08-16,2034-06-25,2026-05-21,2026-09-18,95,NPA,NPA,10.21,1464.34,8837.45,120,1886.76,t,NONE,NONE,62.3,44.22,,a50920b5-7324-4a69-a0b7-0744de6b46f5,2026-08-27 11:28:00.060401+00,2026-09-02 15:27:18.658395+00
DAILY20260907LN185,3736300f-daba-4378-a7a0-64302faa603b,BUSINESS,ABC Bank,GGN044,1226820,1139190,876300,937641,114300,38100,2022-01-15,2025-01-15,2025-11-10,2026-09-07,95,NPA,NPA,14.5,52578,8763,,0,t,NONE,NONE,79.2,79.2,,a536d1ce-e088-48e0-888f-5ed3598ea2db,2026-09-07 04:59:06.882017+00,2026-09-07 04:59:06.88202+00
LN000000369,fd9040a4-411f-4166-91ca-41b5b158f218,HOME,ABC Bank,BR8132,3347733.34,3107221.66,1594556.14,1681430.27,98358.81,53430,2022-05-26,2032-04-03,2026-06-23,2026-09-19,50,BUCKET_2,ACTIVE,16.71,84040.42,2829.42,120,46760.78,f,NONE,NONE,66.7,100,,a54019df-8d2b-473e-9b19-2e093e6b945b,2026-08-27 11:28:00.060589+00,2026-09-02 15:27:18.658395+00
DAILY20260921LN03,edba837f-fb7f-43cd-a330-97254a222287,BUSINESS,ABC Bank,GGN044,1497160,1390220,1069400,1144258,53470,53470,2022-01-15,2025-01-15,2025-11-10,2026-09-21,47,BUCKET_2,ACTIVE,14.5,64164,10694,,0,f,NONE,NONE,39.2,39.2,,a552c392-ed48-412f-95b5-1e8930a0d904,2026-09-21 04:52:59.370875+00,2026-09-21 04:52:59.37088+00
DAILY20260907LN151,55e0362a-0cf2-4e18-96bb-5e43ada2e11b,EDUCATION,ABC Bank,GGN044,212100,196950,151500,162105,5050,5050,2022-01-15,2025-01-15,2025-11-10,2026-09-07,32,BUCKET_2,ACTIVE,14.5,9090,1515,,0,f,NONE,NONE,26.7,26.7,,a5d4b179-ab1d-442b-8db1-6f3496444d82,2026-09-07 04:59:06.674492+00,2026-09-07 04:59:06.674504+00
LN000000400,c41f0001-c549-4669-81c9-9152fc88471c,PERSONAL,ABC Bank,BR3384,346311.42,342865.75,266658.4,284667.51,36119.09,13210,2023-07-19,2026-07-03,2026-06-13,2026-08-29,72,BUCKET_3,ACTIVE,22.65,10891.8,2414.56,36,7625.48,f,NONE,NONE,65.1,41.79,,a5df26c0-ddb9-4e25-bb68-67ad9ee0f688,2026-08-27 11:28:00.060624+00,2026-09-02 15:27:18.658395+00
LN000000494,bb51949a-6792-4cf6-a26b-966496d2ae2d,BUSINESS,ABC Bank,BR3832,1057504.98,1052160.09,599496.06,625172.62,227355.86,53040,2025-06-08,2027-05-29,2026-05-11,2026-09-03,105,NPA,ACTIVE,19,24965.69,436.26,24,44671.76,t,SUIT_FILED,NONE,70.1,100,,a5fdf1ab-daac-4624-9368-fd4b54a7c9d5,2026-08-27 11:28:00.060737+00,2026-09-02 15:27:18.658395+00
DAILY20260921LN197,ddbe73b9-7398-4c83-a4b9-d483a3523a54,AUTO,ABC Bank,GGN044,937664,870688,669760,716643.2,38640,12880,2022-01-15,2025-01-15,2025-11-10,2026-09-21,95,NPA,NPA,14.5,40185.6,6697.6,,0,t,NONE,NONE,79.2,79.2,,a61d3cdf-862e-4134-81e3-0158bf6184e7,2026-09-21 04:53:00.79053+00,2026-09-21 04:53:00.790533+00
DAILY20260907LN33,0bf4a930-3fed-4007-ac1e-64e7006f5b3e,HOME,ABC Bank,GGN044,3727920,3461640,2662800,2849196,44380,44380,2022-01-15,2025-01-15,2025-11-10,2026-09-07,32,BUCKET_2,ACTIVE,14.5,159768,26628,,0,f,NONE,NONE,26.7,26.7,,a6aa845c-d64b-4b58-9fc5-aaf3c5d64918,2026-09-07 04:59:05.905622+00,2026-09-07 04:59:05.905626+00
DAILY20260903LN05,237f0473-063c-4632-8665-b287d82f80d1,AUTO,ABC Bank,GGN044,776160,720720,554400,593208,12320,12320,2022-01-15,2025-01-15,2025-11-10,2026-09-03,32,BUCKET_2,ACTIVE,14.5,33264,5544,,0,f,NONE,NONE,26.7,26.7,,a7183810-bad2-42cc-bc71-801c4c2eae7c,2026-09-02 15:33:15.588007+00,2026-09-02 15:33:15.588007+00
DAILY20260921LN174,ac53fbf3-8eb1-4f41-8143-fdb3bc44f839,MICROFINANCE,ABC Bank,GGN044,350784,325728,250560,268099.2,18560,4640,2022-01-15,2025-01-15,2025-11-10,2026-09-21,120,NPA,NPA,14.5,15033.6,2505.6,,0,t,NONE,NONE,100,100,,a72a0ca4-4b8a-4be9-a97e-158feb70b883,2026-09-21 04:53:00.651177+00,2026-09-21 04:53:00.651183+00
LN000000007,4a23c276-a1c6-4a07-8906-3352637ad1cb,AUTO,ABC Bank,BR2253,469740.96,424163.09,155264.64,181703.75,17100.19,8290,2022-05-12,2032-03-20,2026-07-08,2026-09-03,35,BUCKET_2,ACTIVE,20.33,4051.43,17120.43,120,7259.06,f,NONE,NONE,41.1,17.16,,a74edeba-84d1-4dcf-b429-20c2d3f95ef1,2026-08-27 11:28:00.060146+00,2026-09-02 15:27:18.658395+00
DAILY20260901LN02,80e68464-d813-4633-ae54-7d01a7161b48,GOLD,ABC Bank,GGN044,267624.2,248508.19,191160.14,204541.35,57348.05,5310,2022-01-15,2025-01-15,2025-11-10,2026-09-01,155,NPA,NPA,14.5,11469.61,1911.6,,0,t,NONE,NONE,129.2,129.2,,a76d7c73-6b34-4fea-aeb3-9fcbb256f119,2026-09-01 04:38:21.175112+00,2026-09-02 15:27:18.665392+00
DAILY20260907LN70,bf0a5f24-58a9-4812-8c76-0ad096d447bc,GOLD,ABC Bank,GGN044,643720,597740,459800,491986,24200,12100,2022-01-15,2025-01-15,2025-11-10,2026-09-07,88,BUCKET_3,ACTIVE,14.5,27588,4598,,0,f,NONE,NONE,73.3,73.3,,a7785b20-72b9-4a31-b09e-bdc4b4edf59d,2026-09-07 04:59:06.213289+00,2026-09-07 04:59:06.213292+00
DAILY20260903LN195,b8adfc86-d433-45e3-838a-1f7835ba0c5a,PERSONAL,ABC Bank,GGN044,646800,600600,462000,494340,30800,7700,2022-01-15,2025-01-15,2025-11-10,2026-09-03,120,NPA,NPA,14.5,27720,4620,,0,t,NONE,NONE,100,100,,a79a5512-d66f-42b2-a81d-65af44870cf7,2026-09-02 15:33:16.317057+00,2026-09-02 15:33:16.317057+00
LN000000087,08261f05-6d9a-4fd9-a6c1-b6d1549ba303,GOLD,ABC Bank,BR9291,308828.43,306009.95,121155.51,129341.92,16458.62,5080,2024-02-04,2033-12-13,2026-06-07,2026-08-30,80,BUCKET_3,ACTIVE,15.76,2069.73,4191.39,120,3440.69,f,NONE,NONE,60.2,40.66,,a8064e09-7177-4d12-88f0-c2ee6d3f5b18,2026-08-27 11:28:00.060243+00,2026-09-02 15:27:18.666394+00
LN000000403,8eb33a0b-636f-4a08-8ad2-00d62337b224,HOME,ABC Bank,BR7289,2804124.77,2542581.01,1979558.75,2111572.93,172535.49,55270,2022-06-17,2032-04-25,2026-06-15,2026-08-29,65,BUCKET_3,ACTIVE,23.55,129383.6,1074.86,120,35187.07,f,NONE,NONE,82.4,100,,a8554c7d-0599-49ae-8635-57557f159ddf,2026-08-27 11:28:00.060627+00,2026-09-02 15:27:18.666394+00
DAILY20260918LN162,d08af5f3-174a-4ca9-a351-0dc02eb7a7c2,PERSONAL,ABC Bank,GGN044,620144,575848,442960,473967.2,31640,15820,2022-01-15,2025-01-15,2025-11-10,2026-09-18,65,BUCKET_3,ACTIVE,14.5,26577.6,4429.6,,0,f,NONE,NONE,54.2,54.2,,a880e8ef-7fd6-43be-88a8-25496269b867,2026-09-18 06:49:34.936232+00,2026-09-18 06:49:34.936235+00
DAILY20260907LN89,5e4aae5c-8a39-42fa-b8f9-5567321c1a04,MICROFINANCE,ABC Bank,GGN044,50064,46488,35760,38263.2,1490,1490,2022-01-15,2025-01-15,2025-11-10,2026-09-07,32,BUCKET_2,ACTIVE,14.5,2145.6,357.6,,0,f,NONE,NONE,26.7,26.7,,a8d150cb-85d7-4b0b-8d40-3e13da2e2d18,2026-09-07 04:59:06.326609+00,2026-09-07 04:59:06.326612+00
DAILY20260903LN67,32528685-dd12-4f9a-8635-7f4d3de06713,BUSINESS,ABC Bank,GGN044,455280,422760,325200,347964,13550,13550,2022-01-15,2025-01-15,2025-11-10,2026-09-03,32,BUCKET_2,ACTIVE,14.5,19512,3252,,0,f,NONE,NONE,26.7,26.7,,a8d31676-2c52-4386-b154-27f1732df2d2,2026-09-02 15:33:15.835467+00,2026-09-02 15:33:15.835467+00
DAILY20260907LN26,1403a285-ed64-494e-bca8-5a8c68c88b4b,EDUCATION,ABC Bank,GGN044,1549912,1439204,1107080,1184575.6,63870,21290,2022-01-15,2025-01-15,2025-11-10,2026-09-07,95,NPA,NPA,14.5,66424.8,11070.8,,0,t,NONE,NONE,79.2,79.2,,a8da0bfa-4832-45a7-80c2-66720ba6aecf,2026-09-07 04:59:05.871176+00,2026-09-07 04:59:05.87118+00
DAILY20260918LN21,1b04d3de-acc2-4bcf-acce-4182199840e6,EDUCATION,ABC Bank,GGN044,345534,320853,246810,264086.7,8660,4330,2022-01-15,2025-01-15,2025-11-10,2026-09-18,65,BUCKET_3,ACTIVE,14.5,14808.6,2468.1,,0,f,NONE,NONE,54.2,54.2,,a8e270df-5a8a-4b95-812c-974254c09ce2,2026-09-18 06:49:34.129609+00,2026-09-18 06:49:34.129611+00
DAILY20260918LN167,04be6c36-275f-44ad-8453-95be4afff410,EDUCATION,ABC Bank,GGN044,162316,150722,115940,124055.8,5270,5270,2022-01-15,2025-01-15,2025-11-10,2026-09-18,32,BUCKET_2,ACTIVE,14.5,6956.4,1159.4,,0,f,NONE,NONE,26.7,26.7,,a8ea81e6-ef94-4fa1-adcc-651ffef45dbf,2026-09-18 06:49:34.962009+00,2026-09-18 06:49:34.962011+00
DAILY20260921LN91,185c47c8-111a-4f0f-ac2b-3d4a8a222273,CREDIT_CARD,ABC Bank,GGN044,560196,520182,400140,428149.8,14040,7020,2022-01-15,2025-01-15,2025-11-10,2026-09-21,88,BUCKET_3,ACTIVE,14.5,24008.4,4001.4,,0,f,NONE,NONE,73.3,73.3,,a90278eb-b4ee-4452-a03e-8aedace36313,2026-09-21 04:52:59.916734+00,2026-09-21 04:52:59.91674+00
LN000000224,8f142b89-8c4a-43a3-ad04-f247417e775d,CREDIT_CARD,ABC Bank,BR5673,151074.95,143652.14,92795.85,98502.83,5247.69,2610,2024-06-30,2034-05-09,2026-07-13,2026-09-21,35,BUCKET_2,ACTIVE,18.23,1574.16,3076.21,120,1645.45,f,NONE,NONE,71.6,23.59,,a932c992-de97-4e51-aa1f-26f577d076c1,2026-08-27 11:28:00.060413+00,2026-09-02 15:27:18.666394+00
DAILY20260918LN120,ddc2ac60-46a0-4ed9-80f9-b8e139e64dd6,MICROFINANCE,ABC Bank,GGN044,135744,126048,96960,103747.2,8080,4040,2022-01-15,2025-01-15,2025-11-10,2026-09-18,65,BUCKET_3,ACTIVE,14.5,5817.6,969.6,,0,f,NONE,NONE,54.2,54.2,,a935cf08-ef5b-4eff-9464-1ed48d10416e,2026-09-18 06:49:34.712817+00,2026-09-18 06:49:34.71282+00
DAILY20260903LN45,d9b362e2-b173-4b75-9065-9748f4027fcb,MICROFINANCE,ABC Bank,GGN044,156240,145080,111600,119412,8370,2790,2022-01-15,2025-01-15,2025-11-10,2026-09-03,95,NPA,NPA,14.5,6696,1116,,0,t,NONE,NONE,79.2,79.2,,a93c3a72-6528-4ad6-ab83-ea9fd9bd6ed2,2026-09-02 15:33:15.743067+00,2026-09-02 15:33:15.743067+00
DAILY20260921LN06,016ccc5c-1c53-464b-a41b-fdd5dc089788,BUSINESS,ABC Bank,GGN044,3827670,3554265,2734050,2925433.5,49710,49710,2022-01-15,2025-01-15,2025-11-10,2026-09-21,47,BUCKET_2,ACTIVE,14.5,164043,27340.5,,0,f,NONE,NONE,39.2,39.2,,a946243b-044a-4781-bd29-689d0d153888,2026-09-21 04:52:59.397234+00,2026-09-21 04:52:59.39724+00
DAILY20260906LN159,5ea301fa-093b-4a4c-a6db-cc5ae10ad92e,PERSONAL,ABC Bank,GGN044,1526532,1417494,1090380,1166706.6,64140,21380,2022-01-15,2025-01-15,2025-11-10,2026-09-06,95,NPA,NPA,14.5,65422.8,10903.8,,0,t,NONE,NONE,79.2,79.2,,a95e27d3-e86b-4c46-a7df-02bb10b711a1,2026-09-06 13:30:49.773601+00,2026-09-06 13:30:49.773603+00
DAILY20260906LN30,d42a2ed9-29ce-496e-92f0-0189941161fb,AUTO,ABC Bank,GGN044,1033060,959270,737900,789553,78500,15700,2022-01-15,2025-01-15,2025-11-10,2026-09-06,155,NPA,NPA,14.5,44274,7379,,0,t,NONE,NONE,129.2,129.2,,a969d6f3-a171-4f03-b4c1-143f4c92f26b,2026-09-06 13:30:48.851644+00,2026-09-06 13:30:48.851647+00
LN000000440,ebd13b4f-5fe2-4e42-b82f-ac5240ded5f9,BUSINESS,ABC Bank,BR3807,738815.58,710640.54,405054.75,488787.48,90277.57,11960,2025-01-06,2031-12-01,2026-02-17,2026-09-02,180,NPA,NPA,10.44,12022.49,60178.75,84,5036.05,t,NOTICE_SENT,NONE,100,82.73,,a96f8c41-41f0-47d3-ab7d-bef307ff93f5,2026-08-27 11:28:00.060673+00,2026-09-02 15:27:18.666394+00
DAILY20260921LN17,05d0dba9-4194-48dc-8fd2-14db0de55d3c,CREDIT_CARD,ABC Bank,GGN044,172578,160251,123270,131898.9,17610,5870,2022-01-15,2025-01-15,2025-11-10,2026-09-21,95,NPA,NPA,14.5,7396.2,1232.7,,0,t,NONE,NONE,79.2,79.2,,a970fdeb-35ae-43a3-8f23-1a20e20c4e68,2026-09-21 04:52:59.478515+00,2026-09-21 04:52:59.478521+00
DAILY20260907LN78,063415cc-3221-4049-b722-c67488f40646,GOLD,ABC Bank,GGN044,110194,102323,78710,84219.7,4630,4630,2022-01-15,2025-01-15,2025-11-10,2026-09-07,32,BUCKET_2,ACTIVE,14.5,4722.6,787.1,,0,f,NONE,NONE,26.7,26.7,,a9b9f325-f0d1-4e95-8265-3691a096a34a,2026-09-07 04:59:06.259984+00,2026-09-07 04:59:06.259989+00
LN000000261,ae8dfda9-08e2-4ca3-9de0-1cd8ca6fd22f,GOLD,ABC Bank,BR2310,469079.62,445722.34,415886.65,427825.71,18344.13,10150,2023-03-01,2030-01-23,2026-06-26,2026-09-26,58,BUCKET_2,ACTIVE,20.93,9590,1450.79,84,4102.37,f,NONE,NONE,44.3,89.08,,aa04166f-b582-4588-8313-2a32059b8e56,2026-08-27 11:28:00.060459+00,2026-09-02 15:27:18.666394+00
LN000000311,beae449e-f275-4956-ab72-e57ac5716331,BUSINESS,ABC Bank,BR8074,518638.21,509058.11,312636.54,326378.58,104625.27,47170,2021-09-28,2022-09-23,2026-06-30,2026-09-02,58,BUCKET_2,ACTIVE,20.06,12816.44,365.23,12,24982.35,f,NONE,NONE,58.5,65.82,,aa38b925-9284-4a6e-8a11-5312311c62c3,2026-08-27 11:28:00.060519+00,2026-09-02 15:27:18.666394+00
LN000000211,9e22540f-abc7-46a6-a05c-b5c3a65d69ba,EDUCATION,ABC Bank,BR8213,318140.34,315342.27,214993.87,229466,18509.98,8670,2022-01-01,2026-12-06,2026-06-24,2026-08-28,50,BUCKET_2,ACTIVE,21.78,5297.94,9022.73,60,8425.74,f,NONE,NONE,47.1,31.39,,aa4f556c-d0ea-48f3-b413-d854441c98ed,2026-08-27 11:28:00.060397+00,2026-09-02 15:27:18.666394+00
LN000000207,87abcf17-b22b-4340-8d92-97904ecfca9e,AUTO,ABC Bank,BR4214,1179920.51,1066853.56,649617.1,665402.98,50673.01,22930,2024-03-13,2029-02-15,2026-06-26,2026-09-20,50,BUCKET_2,ACTIVE,10.5,11043.05,4703.97,60,18554.14,f,NONE,NONE,57.2,86.74,,aa725892-d610-4d08-bd73-8bc32835cfc4,2026-08-27 11:28:00.060393+00,2026-09-02 15:27:18.666394+00
DAILY20260918LN153,ff927059-4594-48cd-a414-18488f898db1,CREDIT_CARD,ABC Bank,GGN044,138586,128687,98990,105919.3,10420,5210,2022-01-15,2025-01-15,2025-11-10,2026-09-18,88,BUCKET_3,ACTIVE,14.5,5939.4,989.9,,0,f,NONE,NONE,73.3,73.3,,aa84b867-dcfe-443a-89ba-b29bea3397a3,2026-09-18 06:49:34.887002+00,2026-09-18 06:49:34.887005+00
DAILY20260918LN158,82113ba5-c82f-4fa9-a180-1443915c92f1,MICROFINANCE,ABC Bank,GGN044,163436,151762,116740,124911.8,8980,4490,2022-01-15,2025-01-15,2025-11-10,2026-09-18,65,BUCKET_3,ACTIVE,14.5,7004.4,1167.4,,0,f,NONE,NONE,54.2,54.2,,aa896d04-b482-4e37-8f9e-e1ef03bf5a02,2026-09-18 06:49:34.914748+00,2026-09-18 06:49:34.914751+00
DAILY20260907LN172,3a3ca50c-fef7-43e6-9232-1163d480bd85,PERSONAL,ABC Bank,GGN044,1308230,1214785,934450,999861.5,33980,16990,2022-01-15,2025-01-15,2025-11-10,2026-09-07,88,BUCKET_3,ACTIVE,14.5,56067,9344.5,,0,f,NONE,NONE,73.3,73.3,,aa8e9f00-69c7-4c06-bfe0-2fa2a31985d8,2026-09-07 04:59:06.803116+00,2026-09-07 04:59:06.803119+00
DAILY20260903LN96,4b10fe62-03c1-41a4-bff8-9555fd791309,GOLD,ABC Bank,GGN044,398524,370058,284660,304586.2,19860,6620,2022-01-15,2025-01-15,2025-11-10,2026-09-03,95,NPA,NPA,14.5,17079.6,2846.6,,0,t,NONE,NONE,79.2,79.2,,abb1375d-e79d-4e17-accb-e305c3adb5aa,2026-09-02 15:33:15.951735+00,2026-09-02 15:33:15.951735+00
DAILY20260918LN116,6331fb95-f477-4ecf-b2dc-d6cb12823052,PERSONAL,ABC Bank,GGN044,977550,907725,698250,747127.5,14250,14250,2022-01-15,2025-01-15,2025-11-10,2026-09-18,32,BUCKET_2,ACTIVE,14.5,41895,6982.5,,0,f,NONE,NONE,26.7,26.7,,abe26df7-ad66-4ab9-a5b7-05fba38d433a,2026-09-18 06:49:34.689922+00,2026-09-18 06:49:34.689927+00
LN000000276,a24fe76c-e6ae-4b2a-bcf4-2691ff5934e0,GOLD,ABC Bank,BR3593,516073.73,493791.27,258281.6,267922.73,17302.6,9000,2023-03-28,2033-02-03,2026-07-07,2026-09-11,42,BUCKET_2,ACTIVE,18.32,6609.79,2384.48,120,6166.54,f,NONE,NONE,48.7,39.6,,abf3798f-7773-4432-8db9-d7e81a321168,2026-08-27 11:28:00.060477+00,2026-09-02 15:27:18.666394+00
DAILY20260921LN60,fa879272-fdc5-403a-8d97-2c85da89caaa,AUTO,ABC Bank,GGN044,1171464,1087788,836760,895333.2,22020,22020,2022-01-15,2025-01-15,2025-11-10,2026-09-21,47,BUCKET_2,ACTIVE,14.5,50205.6,8367.6,,0,f,NONE,NONE,39.2,39.2,,ac459bc7-7753-4a1c-b3a0-7c96fb5f83d9,2026-09-21 04:52:59.720391+00,2026-09-21 04:52:59.720394+00
DAILY20260906LN51,af9784ef-d5eb-4b4b-8a1d-5e2dab434fc1,GOLD,ABC Bank,GGN044,236236,219362,168740,180551.8,7670,7670,2022-01-15,2025-01-15,2025-11-10,2026-09-06,32,BUCKET_2,ACTIVE,14.5,10124.4,1687.4,,0,f,NONE,NONE,26.7,26.7,,ac526df1-bbe2-4de8-bd03-38e5d1ef4446,2026-09-06 13:30:49.085035+00,2026-09-06 13:30:49.08504+00
DAILY20260921LN86,ba35b8bc-3046-411f-b525-b0006a3124ac,AUTO,ABC Bank,GGN044,483392,448864,345280,369449.6,10790,10790,2022-01-15,2025-01-15,2025-11-10,2026-09-21,32,BUCKET_2,ACTIVE,14.5,20716.8,3452.8,,0,f,NONE,NONE,26.7,26.7,,ac545306-4f62-4d86-b46e-6ddbadab5091,2026-09-21 04:52:59.877635+00,2026-09-21 04:52:59.877641+00
LN000000435,119a6328-3709-4881-836e-1e3fbe5085e2,HOME,ABC Bank,BR7585,2398698.47,2259508.28,1784043.03,1860192.63,122435.96,62630,2025-07-21,2029-06-30,2026-07-05,2026-09-12,42,BUCKET_2,ACTIVE,14.78,72407.85,3274.71,48,28662.87,f,NONE,NONE,64.8,100,,ac8615dd-5dc7-4880-a0b8-7c8a0b3b752e,2026-08-27 11:28:00.060667+00,2026-09-02 15:27:18.666394+00
LN000000168,97737dbf-53ea-4ec3-82a5-13765791b483,CREDIT_CARD,ABC Bank,BR7396,269743.05,251807.56,117240.65,126626.45,17862.67,8130,2023-12-20,2027-11-29,2026-07-03,2026-09-07,50,BUCKET_2,ACTIVE,23.43,6976.65,1902.52,48,5218.41,f,NONE,NONE,61.1,46.29,,aca513ed-0d62-4e6f-9343-34c14805cb61,2026-08-27 11:28:00.060344+00,2026-09-02 15:27:18.666394+00
LN000000476,cfd7f981-8a56-4067-919c-03b1c95f4b23,HOME,ABC Bank,BR8175,3175085.82,3027839.3,2750341.84,2820949.37,111064.87,54350,2023-04-02,2030-02-24,2026-07-09,2026-09-24,42,BUCKET_2,ACTIVE,12.55,66761.7,2117.9,84,46454.41,f,NONE,NONE,66.2,100,,acc34335-0c63-4a9d-b2d6-22e49e94e051,2026-08-27 11:28:00.060716+00,2026-09-02 15:27:18.666394+00
DAILY20260906LN100,62e2c98f-1882-4f22-ba03-9b657b0c3d63,HOME,ABC Bank,GGN044,1044848,970216,746320,798562.4,19640,19640,2022-01-15,2025-01-15,2025-11-10,2026-09-06,47,BUCKET_2,ACTIVE,14.5,44779.2,7463.2,,0,f,NONE,NONE,39.2,39.2,,acdbe575-9398-4784-8e7b-d4a89ff57a1c,2026-09-06 13:30:49.394741+00,2026-09-06 13:30:49.394744+00
LN000000441,1b8e7e04-098a-440a-9cfb-132f9348703c,EDUCATION,ABC Bank,BR8422,249123.61,234551.2,182531.99,213782.16,26038.72,4670,2024-09-01,2031-07-27,2026-04-24,2026-09-16,120,NPA,NPA,16.08,8006.51,14499.29,84,4190.23,t,SUIT_FILED,NONE,100,56.72,,acebc99d-37b7-426b-9d28-ae8e5e78f2e3,2026-08-27 11:28:00.060674+00,2026-09-02 15:27:18.666394+00
DAILY20260918LN117,e5afa980-3cc2-45e4-a235-0a28a4893d9c,GOLD,ABC Bank,GGN044,410816,381472,293440,313980.8,5240,5240,2022-01-15,2025-01-15,2025-11-10,2026-09-18,32,BUCKET_2,ACTIVE,14.5,17606.4,2934.4,,0,f,NONE,NONE,26.7,26.7,,acf40091-2ffe-4aef-bedc-668721c6625b,2026-09-18 06:49:34.696555+00,2026-09-18 06:49:34.696559+00
LN000000314,0984faa1-314e-4568-b8f0-cf91a86cf052,PERSONAL,ABC Bank,BR7520,489477.57,457690.59,248826.17,263145.38,70940.12,17310,2025-03-20,2028-03-04,2026-05-12,2026-08-30,105,NPA,NPA,21.28,5830.51,6595.08,36,8986.86,t,NOTICE_SENT,NONE,72.8,63.23,,ad1ab0ac-a924-494c-bf7b-38833e2b2142,2026-08-27 11:28:00.060523+00,2026-09-02 15:27:18.666394+00
DAILY20260903LN158,a0408001-7f71-4478-b2af-167579842e8e,MICROFINANCE,ABC Bank,GGN044,242144,224848,172960,185067.2,7360,3680,2022-01-15,2025-01-15,2025-11-10,2026-09-03,88,BUCKET_3,ACTIVE,14.5,10377.6,1729.6,,0,f,NONE,NONE,73.3,73.3,,ad4f5620-6ca2-4da1-8b42-6601d99c27cf,2026-09-02 15:33:16.184769+00,2026-09-02 15:33:16.184769+00
DAILY20260903LN21,e4c93fca-eff5-43ac-b559-2b25a0c7c214,MICROFINANCE,ABC Bank,GGN044,141750,131625,101250,108337.5,8100,4050,2022-01-15,2025-01-15,2025-11-10,2026-09-03,65,BUCKET_3,ACTIVE,14.5,6075,1012.5,,0,f,NONE,NONE,54.2,54.2,,ad8764fc-4a8e-42f9-ad25-f2bf4b1c8e2d,2026-09-02 15:33:15.643497+00,2026-09-02 15:33:15.643497+00
DAILY20260907LN187,c75062ac-f4d0-45bb-9d31-bdff7f3c6597,BUSINESS,ABC Bank,GGN044,1161160,1078220,829400,887458,75400,18850,2022-01-15,2025-01-15,2025-11-10,2026-09-07,120,NPA,NPA,14.5,49764,8294,,0,t,NONE,NONE,100,100,,ad940fe0-f27c-4c40-b1c2-bf677eba1abb,2026-09-07 04:59:06.89558+00,2026-09-07 04:59:06.895583+00
LN000000305,179bb5f7-66c6-4094-8948-06aef8f0037e,BUSINESS,ABC Bank,BR5857,978432.52,890387.11,762120.84,829894.66,85280.49,15870,2024-11-22,2031-10-17,2026-03-18,2026-09-10,150,NPA,NPA,12.32,26550.49,33198.43,84,14926.89,t,NONE,NEGOTIATING,100,77.09,,ada62e6e-a761-48f4-b3a8-1d33d055ca49,2026-08-27 11:28:00.060513+00,2026-09-02 15:27:18.666394+00
DAILY20260921LN151,4b48ee6f-183a-4a4e-8467-dfdb24259d2e,MICROFINANCE,ABC Bank,GGN044,110838,102921,79170,84711.9,5460,2730,2022-01-15,2025-01-15,2025-11-10,2026-09-21,65,BUCKET_3,ACTIVE,14.5,4750.2,791.7,,0,f,NONE,NONE,54.2,54.2,,adfe20dc-6ce8-4973-86b0-84f4757df1b6,2026-09-21 04:53:00.496393+00,2026-09-21 04:53:00.496396+00
DAILY20260907LN166,edeeab8b-fc39-4cbe-be3b-668007e9a66c,AUTO,ABC Bank,GGN044,1372560,1274520,980400,1049028,25800,25800,2022-01-15,2025-01-15,2025-11-10,2026-09-07,32,BUCKET_2,ACTIVE,14.5,58824,9804,,0,f,NONE,NONE,26.7,26.7,,ae1706fc-d22f-44cc-ad65-2ffc57e27d2b,2026-09-07 04:59:06.766508+00,2026-09-07 04:59:06.76651+00
LN000000399,8b36bef1-f228-4dfd-a9cc-f64a754b542c,MICROFINANCE,ABC Bank,BR3411,100259.71,98675.06,56656.66,58303.83,7040.39,2580,2024-06-25,2028-06-04,2026-06-09,2026-09-22,65,BUCKET_3,ACTIVE,11.62,1085.56,180.79,48,2371.33,f,NONE,NONE,52.7,40.55,,ae2aa584-5338-43f5-b54f-ada8bbb84834,2026-08-27 11:28:00.060623+00,2026-09-02 15:27:18.666394+00
DAILY20260907LN21,0765b445-a29b-4d9e-81af-714f7990b032,BUSINESS,ABC Bank,GGN044,1266804,1176318,904860,968200.2,109680,27420,2022-01-15,2025-01-15,2025-11-10,2026-09-07,120,NPA,NPA,14.5,54291.6,9048.6,,0,t,NONE,NONE,100,100,,ae2d9f12-0ce7-40c4-bce6-76fa250ef64a,2026-09-07 04:59:05.846159+00,2026-09-07 04:59:05.846162+00
DAILY20260906LN12,4cae6f6d-a4bc-450b-a81c-34a9081d54b9,PERSONAL,ABC Bank,GGN044,1801576,1672892,1286840,1376918.8,97120,24280,2022-01-15,2025-01-15,2025-11-10,2026-09-06,120,NPA,NPA,14.5,77210.4,12868.4,,0,t,NONE,NONE,100,100,,ae3b9d36-dcb8-4701-8fa6-8f0cdb942402,2026-09-06 13:30:48.727649+00,2026-09-06 13:30:48.727653+00
DAILY20260903LN114,42d5dc90-947e-4ac9-b1fd-be2f4197d123,AUTO,ABC Bank,GGN044,1056888,981396,754920,807764.4,83880,27960,2022-01-15,2025-01-15,2025-11-10,2026-09-03,95,NPA,NPA,14.5,45295.2,7549.2,,0,t,NONE,NONE,79.2,79.2,,ae6d6360-b9b7-4cd2-b35c-ca4d5208b597,2026-09-02 15:33:16.02491+00,2026-09-02 15:33:16.02491+00
DAILY20260921LN41,2c58a970-340a-4a7c-8db8-627080aa6a4d,CREDIT_CARD,ABC Bank,GGN044,259560,241020,185400,198378,16480,4120,2022-01-15,2025-01-15,2025-11-10,2026-09-21,120,NPA,NPA,14.5,11124,1854,,0,t,NONE,NONE,100,100,,aec2b5c2-6607-4fda-a083-025ccc1bdfa1,2026-09-21 04:52:59.618382+00,2026-09-21 04:52:59.618385+00
LN000000269,c678e71f-9674-4b8a-a1fa-d9655698801f,EDUCATION,ABC Bank,BR5569,274043.5,252429.83,204499.66,220374.11,19053.53,8330,2025-04-09,2028-03-24,2026-07-06,2026-09-17,42,BUCKET_2,ACTIVE,11.55,8166.5,6275.23,36,7182.95,f,NONE,NONE,35.2,27.71,,aecc0492-57c7-4eb4-9a96-7c67e4b2590c,2026-08-27 11:28:00.060469+00,2026-09-02 15:27:18.666394+00
LN000000434,77b5829a-af76-4e86-bcaa-4b8bf1b6f8f9,CREDIT_CARD,ABC Bank,BR9682,374103.26,356014.64,329061.66,334679.27,21922.41,9790,2022-12-25,2026-12-04,2026-07-18,2026-09-13,35,BUCKET_2,ACTIVE,14.34,5140.85,364.91,48,7602.05,f,NONE,NONE,69.9,100,,aed06a74-ef36-4de7-a573-5e1b1634b53f,2026-08-27 11:28:00.060666+00,2026-09-02 15:27:18.666394+00
DAILY20260907LN49,57d41b86-4f50-4dcd-9792-dcc2eaabba3a,BUSINESS,ABC Bank,GGN044,767144,712348,547960,586317.2,39140,19570,2022-01-15,2025-01-15,2025-11-10,2026-09-07,88,BUCKET_3,ACTIVE,14.5,32877.6,5479.6,,0,f,NONE,NONE,73.3,73.3,,aef29324-da98-476d-ac4f-bd18efe38cb5,2026-09-07 04:59:06.07867+00,2026-09-07 04:59:06.078674+00
DAILY20260906LN106,477a8f83-2164-402e-a771-c09ed419e88b,AUTO,ABC Bank,GGN044,1507142,1399489,1076530,1151887.1,65910,21970,2022-01-15,2025-01-15,2025-11-10,2026-09-06,95,NPA,NPA,14.5,64591.8,10765.3,,0,t,NONE,NONE,79.2,79.2,,af3db6d0-ae64-4f18-8eef-a2a187487f25,2026-09-06 13:30:49.430646+00,2026-09-06 13:30:49.430649+00
DAILY20260906LN47,087ce244-d4ad-4f9e-9179-ba438d33cde6,EDUCATION,ABC Bank,GGN044,444808,413036,317720,339960.4,6110,6110,2022-01-15,2025-01-15,2025-11-10,2026-09-06,32,BUCKET_2,ACTIVE,14.5,19063.2,3177.2,,0,f,NONE,NONE,26.7,26.7,,afa44e0f-ab50-4bdb-8306-6ccedd21ebe2,2026-09-06 13:30:49.057295+00,2026-09-06 13:30:49.0573+00
DAILY20260918LN85,a03ef313-4cd2-4abc-97fb-37b615db8d79,EDUCATION,ABC Bank,GGN044,809760,751920,578400,618888,14460,14460,2022-01-15,2025-01-15,2025-11-10,2026-09-18,47,BUCKET_2,ACTIVE,14.5,34704,5784,,0,f,NONE,NONE,39.2,39.2,,afbaeea1-fe3a-4e98-a2a2-6712e3455c2e,2026-09-18 06:49:34.485589+00,2026-09-18 06:49:34.485592+00
DAILY20260907LN59,83c39e41-e2eb-407c-bebc-bfb4b957b26e,GOLD,ABC Bank,GGN044,888370,824915,634550,678968.5,68600,17150,2022-01-15,2025-01-15,2025-11-10,2026-09-07,120,NPA,NPA,14.5,38073,6345.5,,0,t,NONE,NONE,100,100,,afe47156-93b3-4e72-83f7-e3af684f8691,2026-09-07 04:59:06.139063+00,2026-09-07 04:59:06.139066+00
DAILY20260921LN62,57d4ba38-01fd-4eec-9262-08258ed9e336,GOLD,ABC Bank,GGN044,877464,814788,626760,670633.2,17410,17410,2022-01-15,2025-01-15,2025-11-10,2026-09-21,47,BUCKET_2,ACTIVE,14.5,37605.6,6267.6,,0,f,NONE,NONE,39.2,39.2,,afed7890-b367-4490-bc8b-98c6bcd8e13f,2026-09-21 04:52:59.729956+00,2026-09-21 04:52:59.729959+00
DAILY20260907LN153,f3b975b3-13a9-42c3-b5a3-d10eca36bb79,CREDIT_CARD,ABC Bank,GGN044,229824,213408,164160,175651.2,20520,10260,2022-01-15,2025-01-15,2025-11-10,2026-09-07,88,BUCKET_3,ACTIVE,14.5,9849.6,1641.6,,0,f,NONE,NONE,73.3,73.3,,afeef8cc-dd92-4419-98a3-47eca2e0909a,2026-09-07 04:59:06.70063+00,2026-09-07 04:59:06.700633+00
DAILY20260907LN129,23e6f23c-1d5d-4cb1-9321-bf10a1b0d31c,MICROFINANCE,ABC Bank,GGN044,109326,101517,78090,83556.3,1370,1370,2022-01-15,2025-01-15,2025-11-10,2026-09-07,47,BUCKET_2,ACTIVE,14.5,4685.4,780.9,,0,f,NONE,NONE,39.2,39.2,,affa9ab1-90da-48ba-9231-38f5f9f05e0f,2026-09-07 04:59:06.560291+00,2026-09-07 04:59:06.560293+00
LN000000439,9bd1b138-1ded-4ba6-8eba-013a26589c63,AUTO,ABC Bank,BR1740,433696.84,408850.59,313818.74,330876.73,49765.75,14150,2023-01-16,2025-12-31,2026-05-09,2026-09-03,105,NPA,NPA,14.89,4076.33,12823.75,36,7322.82,t,NONE,NONE,96.5,54.31,,b028c6eb-242a-4eb1-b041-77b2b4eea3b7,2026-08-27 11:28:00.060672+00,2026-09-02 15:27:18.666394+00
LN000000203,eacfbf44-0224-49f1-8500-76822bcdea0c,EDUCATION,ABC Bank,BR9653,242926.46,219222.74,194225.78,202825.19,40199.36,20670,2025-05-17,2026-05-12,2026-06-23,2026-09-03,50,BUCKET_2,ACTIVE,23.44,8061.1,514.18,12,10626.08,f,NONE,NONE,52.4,100,,b0b10730-3fca-4fe5-b2a6-773b3c376780,2026-08-27 11:28:00.060388+00,2026-09-02 15:27:18.666394+00
DAILY20260918LN151,cef6ad66-0714-4928-9241-b791a7de2a14,EDUCATION,ABC Bank,GGN044,773892,718614,552780,591474.6,59760,14940,2022-01-15,2025-01-15,2025-11-10,2026-09-18,120,NPA,NPA,14.5,33166.8,5527.8,,0,t,NONE,NONE,100,100,,b0c04ff7-4c92-4f69-8dbb-ee3481df6732,2026-09-18 06:49:34.8766+00,2026-09-18 06:49:34.876604+00
DAILY20260907LN134,26b6be77-0f53-451a-9f23-95d0b07b16f3,HOME,ABC Bank,GGN044,2756334,2559453,1968810,2106626.7,127020,63510,2022-01-15,2025-01-15,2025-11-10,2026-09-07,88,BUCKET_3,ACTIVE,14.5,118128.6,19688.1,,0,f,NONE,NONE,73.3,73.3,,b0d34183-5482-4c87-b772-6c32261d8ae5,2026-09-07 04:59:06.583874+00,2026-09-07 04:59:06.583876+00
DAILY20260907LN81,d2f475cd-08b0-498f-83f6-3467e7ddd17b,AUTO,ABC Bank,GGN044,2353624,2185508,1681160,1798841.2,63440,31720,2022-01-15,2025-01-15,2025-11-10,2026-09-07,88,BUCKET_3,ACTIVE,14.5,100869.6,16811.6,,0,f,NONE,NONE,73.3,73.3,,b0d349bd-a125-4724-ac17-3a26bc81870c,2026-09-07 04:59:06.277387+00,2026-09-07 04:59:06.27739+00
DAILY20260921LN111,461778fb-4c4c-42e4-a4b8-dfdb45a1a5d6,GOLD,ABC Bank,GGN044,786240,730080,561600,600912,9360,9360,2022-01-15,2025-01-15,2025-11-10,2026-09-21,32,BUCKET_2,ACTIVE,14.5,33696,5616,,0,f,NONE,NONE,26.7,26.7,,b0d44604-4c12-4c55-860f-05ac4323c4ba,2026-09-21 04:53:00.098961+00,2026-09-21 04:53:00.098964+00
LN000000413,6826e06a-4b50-4c8e-b3d4-9584ddbeb0e5,HOME,ABC Bank,BR7919,828966.29,748670.91,470242.01,554328.94,93005.43,28570,2023-05-16,2026-04-30,2026-06-13,2026-09-21,65,BUCKET_3,ACTIVE,21.94,35182.92,40973.92,36,27851.15,f,NONE,NONE,85.4,33.69,,b102ca21-de05-4922-8e70-f148bf0f124e,2026-08-27 11:28:00.06064+00,2026-09-02 15:27:18.666394+00
LN000000323,b9e0ba2b-6819-4413-91b6-8b0e71366ad7,MICROFINANCE,ABC Bank,BR1635,159933.29,158535.71,122678.19,130084.34,7334.37,4060,2023-09-10,2028-08-14,2026-07-13,2026-09-06,42,BUCKET_2,ACTIVE,18.4,7165.58,95.46,60,3590.35,f,NONE,NONE,38.9,100,,b14e2fa1-ba6a-45a7-851c-f13184388aa6,2026-08-27 11:28:00.060533+00,2026-09-02 15:27:18.666394+00
DAILY20260903LN191,a31ad1be-2631-4d27-bdfd-a9a01e79b503,HOME,ABC Bank,GGN044,4084570,3792815,2917550,3121778.5,203550,67850,2022-01-15,2025-01-15,2025-11-10,2026-09-03,95,NPA,NPA,14.5,175053,29175.5,,0,t,NONE,NONE,79.2,79.2,,b18a53a7-cb5a-4786-bb0c-b1cc9d97de5c,2026-09-02 15:33:16.301408+00,2026-09-02 15:33:16.301408+00
DAILY20260907LN189,6f7d7a51-0047-435e-b9ec-9f9859eaf8d7,CREDIT_CARD,ABC Bank,GGN044,147840,137280,105600,112992,3200,3200,2022-01-15,2025-01-15,2025-11-10,2026-09-07,32,BUCKET_2,ACTIVE,14.5,6336,1056,,0,f,NONE,NONE,26.7,26.7,,b1a98319-33ea-4628-8203-715c0ec430f6,2026-09-07 04:59:06.911113+00,2026-09-07 04:59:06.911116+00
DAILY20260906LN85,60678d77-1f8f-4542-aefd-4d1a1a58feea,HOME,ABC Bank,GGN044,1710884,1588678,1222060,1307604.2,56840,28420,2022-01-15,2025-01-15,2025-11-10,2026-09-06,88,BUCKET_3,ACTIVE,14.5,73323.6,12220.6,,0,f,NONE,NONE,73.3,73.3,,b1c53c6a-869c-4bbe-8b82-370010d3b7db,2026-09-06 13:30:49.315196+00,2026-09-06 13:30:49.315199+00
LN000000059,ceab45b8-8a17-42c8-a78d-76c0c61e632b,EDUCATION,ABC Bank,BR4333,221497.32,205309.39,140190.29,162566.42,9413.84,5000,2021-11-19,2028-10-13,2026-07-12,2026-09-02,42,BUCKET_2,ACTIVE,23.49,9615.47,11915.85,84,3119.92,f,NONE,NONE,48.9,21.17,,b1ed3bba-75e3-488f-987c-687f8bb59752,2026-08-27 11:28:00.060208+00,2026-09-02 15:27:18.666394+00
LN000000110,776957ca-92f9-4f07-a094-49eed3a767a8,AUTO,ABC Bank,BR7941,366550.11,357189.08,329485.93,350598.65,20071.86,11800,2024-05-28,2027-05-13,2026-07-06,2026-09-22,42,BUCKET_2,ACTIVE,11.63,9030.9,4530.84,36,10180.65,f,NONE,NONE,36.7,22.87,,b1fc631b-7099-4fef-b437-dab989c0604c,2026-08-27 11:28:00.060275+00,2026-09-02 15:27:18.666394+00
LN000000338,3f502a66-2711-4816-bb42-4438264c28ca,EDUCATION,ABC Bank,BR1390,348887.36,317789.29,277133.41,290252.78,74323.44,11670,2021-10-26,2024-10-10,2026-02-22,2026-09-18,180,NPA,NPA,19.13,10141.1,1583.9,36,7370.57,t,SARFAESI,NONE,100,100,,b1ffd5e7-0693-4de3-b91e-a01b27f82e87,2026-08-27 11:28:00.060551+00,2026-09-02 15:27:18.666394+00
DAILY20260918LN26,fa3742ed-b78a-460f-ae64-2cc1a68f7e5b,BUSINESS,ABC Bank,GGN044,2887192,2680964,2062280,2206639.6,47960,47960,2022-01-15,2025-01-15,2025-11-10,2026-09-18,32,BUCKET_2,ACTIVE,14.5,123736.8,20622.8,,0,f,NONE,NONE,26.7,26.7,,b23d71fd-f0bc-4052-ac9c-233d5fa9ed52,2026-09-18 06:49:34.153136+00,2026-09-18 06:49:34.153139+00
DAILY20260921LN85,0a2529d8-8ddd-4865-8f0a-7406b37c70ce,GOLD,ABC Bank,GGN044,107198,99541,76570,81929.9,12090,4030,2022-01-15,2025-01-15,2025-11-10,2026-09-21,95,NPA,NPA,14.5,4594.2,765.7,,0,t,NONE,NONE,79.2,79.2,,b24ed1f2-317f-48ab-8b39-dfb9e4d5a6c5,2026-09-21 04:52:59.869125+00,2026-09-21 04:52:59.869134+00
DAILY20260921LN31,b1586469-fa6b-4cb7-80af-2c04e9ea438f,EDUCATION,ABC Bank,GGN044,150080,139360,107200,114704,33500,6700,2022-01-15,2025-01-15,2025-11-10,2026-09-21,155,NPA,NPA,14.5,6432,1072,,0,t,NONE,NONE,129.2,129.2,,b273921e-05fb-4826-87a6-314d2d2c5c9c,2026-09-21 04:52:59.569157+00,2026-09-21 04:52:59.569162+00
LN000000123,e12e9aa0-fda9-4023-ba21-6532eae1940e,AUTO,ABC Bank,BR7597,926648,842836.44,432065.25,442987.84,103726.68,20000,2023-01-26,2027-12-31,2026-03-15,2026-09-05,150,NPA,ACTIVE,14.88,6865.08,2277.13,60,15107.72,t,NOTICE_SENT,NONE,100,99.51,,b29d0757-5980-4d79-9203-0985bc52299f,2026-08-27 11:28:00.060291+00,2026-09-02 15:27:18.666394+00
DAILY20260906LN150,0359b1a7-7c30-4639-9453-f0af761d6a46,CREDIT_CARD,ABC Bank,GGN044,530278,492401,378770,405283.9,23190,7730,2022-01-15,2025-01-15,2025-11-10,2026-09-06,95,NPA,NPA,14.5,22726.2,3787.7,,0,t,NONE,NONE,79.2,79.2,,b2c5faf1-5eea-423a-9839-84fe83a528ba,2026-09-06 13:30:49.714729+00,2026-09-06 13:30:49.714732+00
DAILY20260907LN48,3582e07d-c10c-4cf1-82b4-a901c1bd8949,MICROFINANCE,ABC Bank,GGN044,211470,196365,151050,161623.5,8550,2850,2022-01-15,2025-01-15,2025-11-10,2026-09-07,95,NPA,NPA,14.5,9063,1510.5,,0,t,NONE,NONE,79.2,79.2,,b2d34d6e-8a5d-4b13-8874-b75fb250cb9e,2026-09-07 04:59:06.071201+00,2026-09-07 04:59:06.071205+00
DAILY20260921LN185,16414e5d-e97b-46fb-b395-b7d3f75ddfc1,BUSINESS,ABC Bank,GGN044,3542154,3289143,2530110,2707217.7,248050,49610,2022-01-15,2025-01-15,2025-11-10,2026-09-21,155,NPA,NPA,14.5,151806.6,25301.1,,0,t,NONE,NONE,129.2,129.2,,b3071869-3bf5-4a39-b072-db1170011bf3,2026-09-21 04:53:00.722353+00,2026-09-21 04:53:00.722358+00
LN000000490,9f305358-f359-44a8-bace-30ece8093e9c,MICROFINANCE,ABC Bank,BR6315,84222.81,75857.18,51938.12,55002.15,17860.11,3680,2023-03-18,2025-03-07,2026-04-16,2026-09-11,120,NPA,NPA,15.05,2244.63,589.1,24,3221.39,t,SARFAESI,OFFERED,100,91.3,,b31bff5b-3c5a-4537-9592-fbd7a852f357,2026-08-27 11:28:00.060733+00,2026-09-02 15:27:18.666394+00
DAILY20260903LN57,43309289-ff4c-4369-a21f-a2c239bbeca7,PERSONAL,ABC Bank,GGN044,296520,275340,211800,226626,28240,7060,2022-01-15,2025-01-15,2025-11-10,2026-09-03,120,NPA,NPA,14.5,12708,2118,,0,t,NONE,NONE,100,100,,b38ffb12-69de-421e-ae67-a2fbef14589b,2026-09-02 15:33:15.784898+00,2026-09-02 15:33:15.784898+00
DAILY20260907LN07,292ae318-80b9-40f6-b04e-05b187ec6c91,HOME,ABC Bank,GGN044,767746,712907,548390,586777.3,70760,17690,2022-01-15,2025-01-15,2025-11-10,2026-09-07,120,NPA,NPA,14.5,32903.4,5483.9,,0,t,NONE,NONE,100,100,,b3ce1105-9b05-44f2-bc58-07f323e2eb70,2026-09-07 04:59:05.763262+00,2026-09-07 04:59:05.763265+00
LN000000373,ee082364-9f1c-46cd-b0e0-8793ae7a877a,EDUCATION,ABC Bank,BR7653,157591.8,145391.29,67315.97,75256.9,39878.07,7330,2021-12-09,2023-11-29,2026-04-20,2026-09-14,120,NPA,ACTIVE,19.01,1026.06,6429.49,24,6561.37,t,NONE,NEGOTIATING,75.6,56.02,,b3d105a1-c3cf-4675-986a-8acaf23aeb6c,2026-08-27 11:28:00.060593+00,2026-09-02 15:27:18.666394+00
LN000000493,c5733aff-893e-4874-894d-65898bc2c1e1,BUSINESS,ABC Bank,BR9038,591258.85,569584.34,296380.79,376652.29,22734.25,11300,2025-08-07,2032-07-01,2026-07-12,2026-09-24,42,BUCKET_2,ACTIVE,15.96,7415.78,59436.7,84,7907.22,f,NONE,NONE,55.8,20.2,,b3f7bdc5-548f-45f5-af25-68708add76b4,2026-08-27 11:28:00.060736+00,2026-09-02 15:27:18.666394+00
LN000000063,def6ec95-7bb5-4ef4-a2f7-971bf5945771,AUTO,ABC Bank,BR4161,1246601.27,1205743.4,680979.09,699218.04,62911.09,19410,2022-10-16,2032-08-24,2026-06-09,2026-09-20,65,BUCKET_3,ACTIVE,14.94,13007.93,5208.02,120,7873.05,f,NONE,NONE,58.3,73.82,,b40d3a0c-c1d9-40e6-bdb3-dd3a39d85f4c,2026-08-27 11:28:00.060213+00,2026-09-02 15:27:18.666394+00
DAILY20260903LN10,09394f21-b825-45ae-8d98-5e23484538b4,CREDIT_CARD,ABC Bank,GGN044,174454,161993,124610,133332.7,29320,7330,2022-01-15,2025-01-15,2025-11-10,2026-09-03,120,NPA,NPA,14.5,7476.6,1246.1,,0,t,NONE,NONE,100,100,,b449e8b9-db43-4fe1-adb1-6dde0563599f,2026-09-02 15:33:15.604048+00,2026-09-02 15:33:15.604048+00
LN000000396,4f9ad0b1-c2d5-4ef4-9853-7eba0f4e2e32,PERSONAL,ABC Bank,BR3814,726390.78,659348.36,442008.67,469992.86,125886.32,24780,2025-02-27,2028-02-12,2026-04-21,2026-08-28,120,NPA,NPA,20.82,26719.07,1086.59,36,17542.94,t,NONE,OFFERED,84.1,100,,b49d5738-3adb-4118-bc90-baeb04a8b3e6,2026-08-27 11:28:00.060619+00,2026-09-02 15:27:18.666394+00
DAILY20260918LN146,eb8f168c-1dd0-4e0f-94c0-3d8574d2b1b7,CREDIT_CARD,ABC Bank,GGN044,163758,152061,116970,125157.9,11140,5570,2022-01-15,2025-01-15,2025-11-10,2026-09-18,88,BUCKET_3,ACTIVE,14.5,7018.2,1169.7,,0,f,NONE,NONE,73.3,73.3,,b4a82d36-40f8-4e62-acd0-b91cad9f2dae,2026-09-18 06:49:34.850899+00,2026-09-18 06:49:34.850902+00
DAILY20260921LN61,b9c6af30-1475-4f29-8750-a13ca095ee08,HOME,ABC Bank,GGN044,842800,782600,602000,644140,86000,17200,2022-01-15,2025-01-15,2025-11-10,2026-09-21,155,NPA,NPA,14.5,36120,6020,,0,t,NONE,NONE,129.2,129.2,,b4b218ce-f09f-437f-b42a-82da4b4b6f8a,2026-09-21 04:52:59.724954+00,2026-09-21 04:52:59.724956+00
DAILY20260907LN80,8a696b26-97b5-4464-bbe4-02b4e8cdba7e,HOME,ABC Bank,GGN044,2366280,2197260,1690200,1808514,56340,56340,2022-01-15,2025-01-15,2025-11-10,2026-09-07,47,BUCKET_2,ACTIVE,14.5,101412,16902,,0,f,NONE,NONE,39.2,39.2,,b4b52388-4b90-4b33-abec-e8c41f08d773,2026-09-07 04:59:06.271262+00,2026-09-07 04:59:06.271264+00
DAILY20260903LN138,dc4747f3-7815-4ac4-8001-f67728f355ef,BUSINESS,ABC Bank,GGN044,296548,275366,211820,226647.4,15130,15130,2022-01-15,2025-01-15,2025-11-10,2026-09-03,32,BUCKET_2,ACTIVE,14.5,12709.2,2118.2,,0,f,NONE,NONE,26.7,26.7,,b4ca2252-6b49-476c-9e05-db0673562698,2026-09-02 15:33:16.117416+00,2026-09-02 15:33:16.117416+00
DEMOLOAN00004,d9dee504-0523-4639-bb06-439689cec2f6,PERSONAL,ABC Bank,GGN044,270647.74,251315.75,193319.81,206852.2,57995.94,5370,2022-01-15,2025-01-15,2025-11-10,2026-08-27,38,BUCKET_2,ACTIVE,14.5,11599.19,1933.2,,0,f,NONE,NONE,31.7,31.7,,b4e2a280-42ca-4cdb-8bb0-eca37fcb36fd,2026-08-27 11:28:09.565167+00,2026-09-02 15:27:18.684044+00
LN000000431,635f2e4b-2bdd-4221-992a-9cc1bdf0a747,MICROFINANCE,ABC Bank,BR4977,170181.56,158696.21,97764.33,100287.65,9770.44,3130,2024-08-14,2031-07-09,2026-06-01,2026-09-05,72,BUCKET_3,ACTIVE,15.76,2070.51,298.56,84,2170.18,f,NONE,NONE,54,72.29,,b4f390cf-2b27-4ba2-b063-efd50bdbc239,2026-08-27 11:28:00.060662+00,2026-09-02 15:27:18.685146+00
LN000000371,5ae0aafa-aa07-484b-9ed7-c72a096af296,AUTO,ABC Bank,BR3285,933710.56,900607.18,795996.74,824116.93,148902.27,22050,2025-03-29,2030-03-03,2026-03-24,2026-09-09,150,NPA,NPA,16.31,22426.4,5395.48,60,19730.59,t,NOTICE_SENT,OFFERED,96.6,100,,b4f88427-b05e-4656-91bf-e6fbc5c84855,2026-08-27 11:28:00.060591+00,2026-09-02 15:27:18.685146+00
LN000000088,2f47fe20-20f7-480e-a1fa-0b6bdbb1fe0b,MICROFINANCE,ABC Bank,BR3643,180921.18,163512.49,122990.39,126869.89,20894.93,3020,2024-04-30,2031-03-25,2026-02-23,2026-09-16,180,NPA,NPA,13.51,3411.65,169.43,84,2727.35,t,NONE,NONE,100,100,,b51dbb94-d04f-46f6-9b6b-ce7250dda31e,2026-08-27 11:28:00.060244+00,2026-09-02 15:27:18.685146+00
DAILY20260921LN169,b2dad64f-eae3-44e7-a04e-162cdd31dac5,CREDIT_CARD,ABC Bank,GGN044,394506,366327,281790,301515.3,18180,9090,2022-01-15,2025-01-15,2025-11-10,2026-09-21,65,BUCKET_3,ACTIVE,14.5,16907.4,2817.9,,0,f,NONE,NONE,54.2,54.2,,b5af0c2b-49cc-4144-84a2-e8e5493016e4,2026-09-21 04:53:00.611892+00,2026-09-21 04:53:00.611898+00
DAILY20260907LN139,fbfd7dad-a6a3-48ae-b14a-06688208d5d4,EDUCATION,ABC Bank,GGN044,1043910,969345,745650,797845.5,33140,16570,2022-01-15,2025-01-15,2025-11-10,2026-09-07,88,BUCKET_3,ACTIVE,14.5,44739,7456.5,,0,f,NONE,NONE,73.3,73.3,,b5b36cf8-3ae9-4187-a93d-3559b1c89f65,2026-09-07 04:59:06.606616+00,2026-09-07 04:59:06.606618+00
DAILY20260903LN09,b80a3b32-29e5-40b0-947e-de996ed1a8c2,AUTO,ABC Bank,GGN044,770560,715520,550400,588928,51200,12800,2022-01-15,2025-01-15,2025-11-10,2026-09-03,120,NPA,NPA,14.5,33024,5504,,0,t,NONE,NONE,100,100,,b5c2ad99-3f40-4221-ad6a-7f84145e5e4e,2026-09-02 15:33:15.604048+00,2026-09-02 15:33:15.604048+00
LN000000028,671c141e-2e73-404d-a72b-220fecd28281,GOLD,ABC Bank,BR8208,358389.93,344517.78,305106.01,317217.16,44510.8,12920,2023-09-20,2026-09-04,2026-06-15,2026-08-29,72,BUCKET_3,ACTIVE,20.66,10414.11,1581.78,36,6632.51,f,NONE,NONE,54.8,100,,b5d00381-a6c2-4534-a7a8-34f3919ee9b0,2026-08-27 11:28:00.060172+00,2026-09-02 15:27:18.685146+00
LN000000245,a9965e92-21ed-434e-bc19-08616c758d3f,BUSINESS,ABC Bank,BR8636,1891938.55,1729777.47,865448.19,883676.71,165066.28,49130,2021-09-27,2025-09-06,2026-06-05,2026-09-03,72,BUCKET_3,ACTIVE,16.12,15691.35,2308.48,48,41126.47,f,NONE,NONE,51.7,100,,b5e35bd7-8232-4c48-8d28-c5da0d400610,2026-08-27 11:28:00.060438+00,2026-09-02 15:27:18.685146+00
BANKLOAN00002,8574289c-e980-41df-92d9-093316037ae4,PERSONAL,ABC Bank,GGN056,471419.18,439991.23,314279.45,340993.21,109997.81,8730,2022-06-01,2025-06-01,2026-06-10,2026-08-27,78,BUCKET_3,ACTIVE,16,21999.56,4714.19,,0,f,NONE,NONE,65,65,,b5fcaa96-20ed-44fe-8f06-f741495ad053,2026-08-27 11:28:09.801428+00,2026-09-02 15:27:18.687516+00
DAILY20260921LN123,030f0a52-fdf1-4983-8a18-ac32a8a318f0,CREDIT_CARD,ABC Bank,GGN044,74088,68796,52920,56624.4,10080,2520,2022-01-15,2025-01-15,2025-11-10,2026-09-21,120,NPA,NPA,14.5,3175.2,529.2,,0,t,NONE,NONE,100,100,,b625150b-7c67-46d2-99b9-3209171af0be,2026-09-21 04:53:00.203432+00,2026-09-21 04:53:00.203436+00
DEMOLOAN00010,29c07ea6-3dc4-4723-8101-7db652689c58,BUSINESS,ABC Bank,GGN044,832607.54,773135.57,594719.67,636350.05,178415.9,16520,2022-01-15,2025-01-15,2025-11-10,2026-08-27,72,BUCKET_3,ACTIVE,14.5,35683.18,5947.2,,0,f,NONE,NONE,60,60,,b659fa14-51b3-4269-bd9d-d0f4c266d82d,2026-08-27 11:28:09.588917+00,2026-09-02 15:27:18.687516+00
DAILY20260903LN115,e891127e-795b-4a5f-a0a2-8231030f3a9c,AUTO,ABC Bank,GGN044,348544,323648,248960,266387.2,31120,15560,2022-01-15,2025-01-15,2025-11-10,2026-09-03,65,BUCKET_3,ACTIVE,14.5,14937.6,2489.6,,0,f,NONE,NONE,54.2,54.2,,b6797c83-cd0d-459d-aabe-c9522e952aa6,2026-09-02 15:33:16.02491+00,2026-09-02 15:33:16.02491+00
DAILY20260918LN141,c49bd9c3-75c4-4a55-a5d5-0f69b1a793fe,AUTO,ABC Bank,GGN044,520296,483132,371640,397654.8,19560,9780,2022-01-15,2025-01-15,2025-11-10,2026-09-18,65,BUCKET_3,ACTIVE,14.5,22298.4,3716.4,,0,f,NONE,NONE,54.2,54.2,,b67a62a2-8a36-4db5-99f6-97e03dc56874,2026-09-18 06:49:34.825649+00,2026-09-18 06:49:34.825652+00
DAILY20260907LN115,29ecb3be-886f-477d-bdf1-54b0ffb851d8,EDUCATION,ABC Bank,GGN044,484036,449462,345740,369941.8,5860,5860,2022-01-15,2025-01-15,2025-11-10,2026-09-07,32,BUCKET_2,ACTIVE,14.5,20744.4,3457.4,,0,f,NONE,NONE,26.7,26.7,,b6b4bac7-dd46-4a9b-989b-40cd6e5f14be,2026-09-07 04:59:06.485506+00,2026-09-07 04:59:06.485508+00
DAILY20260921LN199,bbfb0b99-99c5-4abc-a127-86f91df92924,GOLD,ABC Bank,GGN044,296058,274911,211470,226272.9,55650,11130,2022-01-15,2025-01-15,2025-11-10,2026-09-21,155,NPA,NPA,14.5,12688.2,2114.7,,0,t,NONE,NONE,129.2,129.2,,b6cc1121-1df9-41ab-9fd0-b1ba6aea6141,2026-09-21 04:53:00.802372+00,2026-09-21 04:53:00.802377+00
DAILY20260907LN23,140753ba-0921-4c11-938d-fb1cd8ed0fa9,GOLD,ABC Bank,GGN044,368060,341770,262900,281303,9560,4780,2022-01-15,2025-01-15,2025-11-10,2026-09-07,88,BUCKET_3,ACTIVE,14.5,15774,2629,,0,f,NONE,NONE,73.3,73.3,,b6d10b0a-a76c-4209-9a10-ea08142e9fdc,2026-09-07 04:59:05.856+00,2026-09-07 04:59:05.856003+00
LN000000364,06095920-7424-42cf-92ed-75bf431eed5d,GOLD,ABC Bank,BR4511,415616.15,399131.48,183959.39,190511.36,45314.54,10380,2025-01-05,2029-12-10,2026-05-05,2026-08-29,105,NPA,ACTIVE,19.12,3209.43,2334.18,60,6399.92,t,NONE,NONE,92,75.37,,b7158b40-1898-4157-99cf-d99380748109,2026-08-27 11:28:00.060582+00,2026-09-02 15:27:18.691003+00
DAILY20260906LN98,9e0cb0bc-f12b-45ac-93ec-341f1b677971,MICROFINANCE,ABC Bank,GGN044,201600,187200,144000,154080,9000,4500,2022-01-15,2025-01-15,2025-11-10,2026-09-06,65,BUCKET_3,ACTIVE,14.5,8640,1440,,0,f,NONE,NONE,54.2,54.2,,b71bbc19-af44-4738-baec-b1d723fd9af3,2026-09-06 13:30:49.383598+00,2026-09-06 13:30:49.3836+00
DAILY20260921LN99,1085d3bc-1845-44ac-b402-eb211b1c28ae,BUSINESS,ABC Bank,GGN044,703584,653328,502560,537739.2,31410,31410,2022-01-15,2025-01-15,2025-11-10,2026-09-21,32,BUCKET_2,ACTIVE,14.5,30153.6,5025.6,,0,f,NONE,NONE,26.7,26.7,,b728fb73-c12a-4dc6-80cc-048f4ba7280c,2026-09-21 04:52:59.963549+00,2026-09-21 04:52:59.963553+00
DAILY20260903LN13,517db1c5-f60f-495f-87d4-4c38b2a0f768,EDUCATION,ABC Bank,GGN044,1178688,1094496,841920,900854.4,52620,17540,2022-01-15,2025-01-15,2025-11-10,2026-09-03,95,NPA,NPA,14.5,50515.2,8419.2,,0,t,NONE,NONE,79.2,79.2,,b72bc5ae-4a51-4d24-805f-290453242d28,2026-09-02 15:33:15.61982+00,2026-09-02 15:33:15.61982+00
DAILY20260918LN15,b12e7367-547a-4dd9-9d49-5c5d83a7c1f6,BUSINESS,ABC Bank,GGN044,1885128,1750476,1346520,1440776.4,48090,48090,2022-01-15,2025-01-15,2025-11-10,2026-09-18,47,BUCKET_2,ACTIVE,14.5,80791.2,13465.2,,0,f,NONE,NONE,39.2,39.2,,b74100ef-15b6-44fc-b317-834651c20967,2026-09-18 06:49:34.100319+00,2026-09-18 06:49:34.100321+00
DAILY20260921LN193,94c085f9-ffe2-45bb-b8e7-c196e52337bb,MICROFINANCE,ABC Bank,GGN044,93688,86996,66920,71604.4,14340,4780,2022-01-15,2025-01-15,2025-11-10,2026-09-21,95,NPA,NPA,14.5,4015.2,669.2,,0,t,NONE,NONE,79.2,79.2,,b7610629-1fd5-4b61-ac9c-91a01f8c7159,2026-09-21 04:53:00.767573+00,2026-09-21 04:53:00.767575+00
DAILY20260907LN90,3edac40d-d270-43ff-b790-1010507a3c94,HOME,ABC Bank,GGN044,1205316,1119222,860940,921205.8,95660,47830,2022-01-15,2025-01-15,2025-11-10,2026-09-07,88,BUCKET_3,ACTIVE,14.5,51656.4,8609.4,,0,f,NONE,NONE,73.3,73.3,,b7b6665a-367d-43e9-a2fc-c622d104b7b8,2026-09-07 04:59:06.332189+00,2026-09-07 04:59:06.332192+00
DAILY20260903LN08,94eef9ef-2c48-4308-b2d1-0ba0a14eaaa2,EDUCATION,ABC Bank,GGN044,867300,805350,619500,662865,37170,12390,2022-01-15,2025-01-15,2025-11-10,2026-09-03,95,NPA,NPA,14.5,37170,6195,,0,t,NONE,NONE,79.2,79.2,,b7c574f9-2329-4f56-bc03-ce9895c3be67,2026-09-02 15:33:15.604048+00,2026-09-02 15:33:15.604048+00
LN000000101,b1747361-aa85-4164-9047-b7b5f2e7c575,EDUCATION,ABC Bank,BR2790,413850.76,410124,313786.73,329611.52,107712.28,21330,2024-09-29,2026-09-19,2026-04-18,2026-09-05,120,NPA,NPA,22.26,15032.48,635.93,24,18952.49,t,NOTICE_SENT,NEGOTIATING,82.2,100,,b7d9fc05-0660-4bbe-9813-d60628601ca0,2026-08-27 11:28:00.060263+00,2026-09-02 15:27:18.691003+00
LN000000129,4df512da-7e9d-4eb0-b763-0751aadf3132,PERSONAL,ABC Bank,BR3291,641645.05,593530.32,525461.9,549225.05,39169.94,21040,2023-10-05,2026-09-19,2026-06-19,2026-08-28,58,BUCKET_2,ACTIVE,16.59,19599.57,3334.65,36,17847.28,f,NONE,NONE,55.4,100,,b82d30d4-5ee6-489b-b695-010cc82507df,2026-08-27 11:28:00.060297+00,2026-09-02 15:27:18.691003+00
DAILY20260906LN57,41166248-a99b-4153-9935-c3d999b3987b,CREDIT_CARD,ABC Bank,GGN044,500906,465127,357790,382835.3,19340,9670,2022-01-15,2025-01-15,2025-11-10,2026-09-06,88,BUCKET_3,ACTIVE,14.5,21467.4,3577.9,,0,f,NONE,NONE,73.3,73.3,,b882154e-589b-4bc6-bc2e-bf9a59bfa94e,2026-09-06 13:30:49.128097+00,2026-09-06 13:30:49.128102+00
DAILY20260921LN65,e4788432-ddf5-4917-84f8-02597e0d90e1,MICROFINANCE,ABC Bank,GGN044,163184,151528,116560,124719.2,9920,2480,2022-01-15,2025-01-15,2025-11-10,2026-09-21,120,NPA,NPA,14.5,6993.6,1165.6,,0,t,NONE,NONE,100,100,,b88b0529-d308-41f5-a2d5-e85ad4ee087b,2026-09-21 04:52:59.747734+00,2026-09-21 04:52:59.747739+00
DAILY20260903LN01,60734859-beae-4513-a70b-dc6eec815443,AUTO,ABC Bank,GGN044,659442,612339,471030,504002.1,44860,22430,2022-01-15,2025-01-15,2025-11-10,2026-09-03,65,BUCKET_3,ACTIVE,14.5,28261.8,4710.3,,0,f,NONE,NONE,54.2,54.2,,b8ecc429-bedc-4b65-af23-3e1e9c83f01c,2026-09-02 15:33:15.580012+00,2026-09-02 15:33:15.580012+00
DAILY20260906LN133,4a5a188d-f3cd-4f74-9b9c-d69bfcf24e76,CREDIT_CARD,ABC Bank,GGN044,304584,282828,217560,232789.2,11760,5880,2022-01-15,2025-01-15,2025-11-10,2026-09-06,88,BUCKET_3,ACTIVE,14.5,13053.6,2175.6,,0,f,NONE,NONE,73.3,73.3,,b949dbbd-3bbc-45b4-9e79-eb3e2282b282,2026-09-06 13:30:49.606374+00,2026-09-06 13:30:49.606377+00
DAILY20260906LN65,aa13ca94-05b4-48c7-aba2-45157c64e40c,PERSONAL,ABC Bank,GGN044,297136,275912,212240,227096.8,15160,15160,2022-01-15,2025-01-15,2025-11-10,2026-09-06,32,BUCKET_2,ACTIVE,14.5,12734.4,2122.4,,0,f,NONE,NONE,26.7,26.7,,b951dadd-9aa6-4153-aa06-ddef7bb8a9e3,2026-09-06 13:30:49.185348+00,2026-09-06 13:30:49.185351+00
DAILY20260921LN70,d2afa2d7-1299-4b75-a9eb-b06fe39785d6,MICROFINANCE,ABC Bank,GGN044,294840,273780,210600,225342,7800,3900,2022-01-15,2025-01-15,2025-11-10,2026-09-21,65,BUCKET_3,ACTIVE,14.5,12636,2106,,0,f,NONE,NONE,54.2,54.2,,b96eaaef-7084-4a9e-8780-50f4e391dc1e,2026-09-21 04:52:59.776719+00,2026-09-21 04:52:59.776725+00
DAILY20260921LN96,8bf98192-65d1-4d2d-9e14-1a54fa03d500,EDUCATION,ABC Bank,GGN044,226576,210392,161840,173168.8,5780,5780,2022-01-15,2025-01-15,2025-11-10,2026-09-21,47,BUCKET_2,ACTIVE,14.5,9710.4,1618.4,,0,f,NONE,NONE,39.2,39.2,,b9929ff7-d5b3-4631-b51d-0fb43075096b,2026-09-21 04:52:59.946777+00,2026-09-21 04:52:59.94678+00
DAILY20260921LN155,6069f22b-1280-4dbb-b1cd-be65d0a17257,MICROFINANCE,ABC Bank,GGN044,341292,316914,243780,260844.6,14340,4780,2022-01-15,2025-01-15,2025-11-10,2026-09-21,95,NPA,NPA,14.5,14626.8,2437.8,,0,t,NONE,NONE,79.2,79.2,,b996065d-f69c-462b-9f68-14e580edc4f1,2026-09-21 04:53:00.520107+00,2026-09-21 04:53:00.52011+00
DAILY20260918LN131,49c91e6c-6b17-4bd2-868d-74f4d2e44991,AUTO,ABC Bank,GGN044,748440,694980,534600,572022,36450,12150,2022-01-15,2025-01-15,2025-11-10,2026-09-18,95,NPA,NPA,14.5,32076,5346,,0,t,NONE,NONE,79.2,79.2,,b9a3d576-0e23-4fb0-848c-732dceea78f4,2026-09-18 06:49:34.770723+00,2026-09-18 06:49:34.770726+00
DAILY20260921LN36,ae777ae9-57c5-4f5f-b9d3-4c01755ac728,EDUCATION,ABC Bank,GGN044,329728,306176,235520,252006.4,10240,5120,2022-01-15,2025-01-15,2025-11-10,2026-09-21,65,BUCKET_3,ACTIVE,14.5,14131.2,2355.2,,0,f,NONE,NONE,54.2,54.2,,b9a6fe37-e719-49bd-bba4-917e4f763a74,2026-09-21 04:52:59.5942+00,2026-09-21 04:52:59.594203+00
LN000000082,6c57f4a2-ff3a-49d7-b773-e649e7f6e00a,HOME,ABC Bank,BR7404,1036089.21,975907.7,656358.84,732189.33,101088.38,29490,2022-04-16,2026-03-26,2026-05-02,2026-09-09,105,NPA,ACTIVE,19.6,21618.68,37833.12,48,15409.19,t,SUIT_FILED,NONE,66.7,53.32,,b9c9d4ca-63c8-4132-a3a0-d6310cbae355,2026-08-27 11:28:00.060236+00,2026-09-02 15:27:18.691003+00
DAILY20260918LN148,2e1f1998-cc2c-42be-85f6-aeeb28d59418,PERSONAL,ABC Bank,GGN044,692132,642694,494380,528986.6,26020,26020,2022-01-15,2025-01-15,2025-11-10,2026-09-18,32,BUCKET_2,ACTIVE,14.5,29662.8,4943.8,,0,f,NONE,NONE,26.7,26.7,,b9f62a6a-3212-404b-a53d-d774238144f8,2026-09-18 06:49:34.862114+00,2026-09-18 06:49:34.862117+00
LN000000491,0e603b84-71ce-4946-a57b-0eaa9e30fcdd,MICROFINANCE,ABC Bank,BR3111,199734.13,186509.55,125858.45,130058.58,21987.55,3570,2024-08-05,2031-06-30,2026-03-21,2026-09-26,150,NPA,NPA,14.72,3180.94,778.6,84,3480.05,t,NOTICE_SENT,NONE,91.2,100,,ba0a4497-fa96-4300-830d-317c020a69a1,2026-08-27 11:28:00.060734+00,2026-09-02 15:27:18.691003+00
DAILY20260903LN83,1c84f408-764a-4efd-9e30-2ead93c240c7,GOLD,ABC Bank,GGN044,740544,687648,528960,565987.2,11020,11020,2022-01-15,2025-01-15,2025-11-10,2026-09-03,47,BUCKET_2,ACTIVE,14.5,31737.6,5289.6,,0,f,NONE,NONE,39.2,39.2,,ba2063cc-96f8-4221-ad36-f33194b43f0a,2026-09-02 15:33:15.901824+00,2026-09-02 15:33:15.901824+00
LN000000036,8686c2cc-b01d-4e9f-966c-a2c2ab5bcb98,EDUCATION,ABC Bank,BR5248,554436.92,531550.23,294904.4,312339.81,34986.99,10670,2024-09-04,2031-07-30,2026-06-13,2026-08-28,72,BUCKET_3,ACTIVE,16.37,15829.15,1443.62,84,7045.18,f,NONE,NONE,85.9,57.53,,ba391d18-de2a-490b-bf96-da9828fc5b38,2026-08-27 11:28:00.060181+00,2026-09-02 15:27:18.691003+00
LN000000117,9066d603-1a07-4392-8406-478468efec70,PERSONAL,ABC Bank,BR9830,336325.73,321911.58,148379.96,154850.21,97609.56,28510,2023-02-24,2024-02-19,2026-05-21,2026-09-03,95,NPA,NPA,11.39,5062.23,1047.19,12,24293.51,t,NONE,NONE,97.7,81.93,,ba3b2fa7-bde8-457f-bccd-5a7b98717f61,2026-08-27 11:28:00.060283+00,2026-09-02 15:27:18.691003+00
LN000000231,f06083e4-2736-46a2-b92a-2ec8b808dcd2,AUTO,ABC Bank,BR6295,702136.9,690911.19,253825.25,269687.97,52457.55,19120,2024-11-05,2029-10-10,2026-06-15,2026-09-10,65,BUCKET_3,ACTIVE,22.1,8544.04,6211.3,60,15391.47,f,NONE,NONE,84.7,45.76,,ba680cd4-91a9-4bc6-ab4e-4e526830005b,2026-08-27 11:28:00.060421+00,2026-09-02 15:27:18.691003+00
LN000000228,24b5cb1d-9037-4cd9-85f4-2c9cf2ee1daa,HOME,ABC Bank,BR4065,2855914.82,2624699.57,2413436.26,2535771.5,260393.46,46980,2025-12-18,2035-10-27,2026-03-15,2026-09-03,150,NPA,ACTIVE,17.81,107212.53,9856.99,120,26757.93,t,NONE,NONE,96.1,100,,badb50c4-1728-465e-85ea-4b1a203404a5,2026-08-27 11:28:00.060418+00,2026-09-02 15:27:18.691003+00
DAILY20260918LN49,50ff60af-4a78-4de9-b92b-550da845bfc9,BUSINESS,ABC Bank,GGN044,655956,609102,468540,501337.8,130150,26030,2022-01-15,2025-01-15,2025-11-10,2026-09-18,155,NPA,NPA,14.5,28112.4,4685.4,,0,t,NONE,NONE,129.2,129.2,,bb3ea1d2-c7d0-4e50-8124-952b6e90e020,2026-09-18 06:49:34.272391+00,2026-09-18 06:49:34.272397+00
LN000000272,08fa3de6-4b4c-45ca-830d-c82509604d78,MICROFINANCE,ABC Bank,BR4273,140723.68,139084.42,119638.39,123146.26,10433.41,3620,2025-01-29,2030-01-03,2026-06-06,2026-08-30,72,BUCKET_3,ACTIVE,19.16,2832.26,628.79,60,1736.12,f,NONE,NONE,56.4,100,,bb4aaa28-ce9f-40d1-92e2-f0e6eb28a97a,2026-08-27 11:28:00.060472+00,2026-09-02 15:27:18.691003+00
DAILY20260906LN93,1ff0eae6-8de6-40b9-b5dc-0eb9aaa23f99,HOME,ABC Bank,GGN044,2258102,2096809,1612930,1725835.1,150040,37510,2022-01-15,2025-01-15,2025-11-10,2026-09-06,120,NPA,NPA,14.5,96775.8,16129.3,,0,t,NONE,NONE,100,100,,bb842dd9-ceca-4a0d-a089-2814ef2d9612,2026-09-06 13:30:49.357671+00,2026-09-06 13:30:49.357674+00
DAILY20260907LN118,4471194b-407c-495a-b00f-2327b5b55bf4,CREDIT_CARD,ABC Bank,GGN044,419580,389610,299700,320679,19980,9990,2022-01-15,2025-01-15,2025-11-10,2026-09-07,65,BUCKET_3,ACTIVE,14.5,17982,2997,,0,f,NONE,NONE,54.2,54.2,,bbac084f-fe24-45e4-b05c-e39455f1094a,2026-09-07 04:59:06.503722+00,2026-09-07 04:59:06.503724+00
LN000000148,51417b54-60aa-4d4a-b522-dab8378f3432,BUSINESS,ABC Bank,BR1046,1036784.35,988312.03,596055.39,635190.42,65323.99,30870,2022-02-25,2026-02-04,2026-07-17,2026-08-28,35,BUCKET_2,ACTIVE,21.5,30246.78,6607.88,48,30757.11,f,NONE,NONE,61.5,48.64,,bbac72b9-6605-482d-b23b-bbd5ec54a0db,2026-08-27 11:28:00.06032+00,2026-09-02 15:27:18.691003+00
DAILY20260907LN182,936edb94-eea2-43c0-8f7f-78662dfca387,MICROFINANCE,ABC Bank,GGN044,204624,190008,146160,156391.2,2520,2520,2022-01-15,2025-01-15,2025-11-10,2026-09-07,47,BUCKET_2,ACTIVE,14.5,8769.6,1461.6,,0,f,NONE,NONE,39.2,39.2,,bbb238c0-f4a8-47fe-ac9f-ef528fb12c1f,2026-09-07 04:59:06.863644+00,2026-09-07 04:59:06.863646+00
DAILY20260903LN99,e5172a0e-38aa-46bc-8bad-3ec9f16d3fe4,MICROFINANCE,ABC Bank,GGN044,196308,182286,140220,150035.4,4920,2460,2022-01-15,2025-01-15,2025-11-10,2026-09-03,88,BUCKET_3,ACTIVE,14.5,8413.2,1402.2,,0,f,NONE,NONE,73.3,73.3,,bc059020-78b5-48f4-9754-1f1f12a58437,2026-09-02 15:33:15.968218+00,2026-09-02 15:33:15.968218+00
DAILY20260906LN82,307f320f-f01c-4c72-8edd-e058552c6108,PERSONAL,ABC Bank,GGN044,466452,433134,333180,356502.6,12340,12340,2022-01-15,2025-01-15,2025-11-10,2026-09-06,47,BUCKET_2,ACTIVE,14.5,19990.8,3331.8,,0,f,NONE,NONE,39.2,39.2,,bc154d9f-9849-4e6e-88fa-18dbd33f329b,2026-09-06 13:30:49.297756+00,2026-09-06 13:30:49.297759+00
DAILY20260921LN159,74fb1726-4108-4c55-931c-cbb7ab94e8d5,CREDIT_CARD,ABC Bank,GGN044,421428,391326,301020,322091.4,51900,10380,2022-01-15,2025-01-15,2025-11-10,2026-09-21,155,NPA,NPA,14.5,18061.2,3010.2,,0,t,NONE,NONE,129.2,129.2,,bc19416f-036a-471f-a8d6-b5caf2c236f1,2026-09-21 04:53:00.54771+00,2026-09-21 04:53:00.547715+00
LN000000449,65d0ed44-6d1a-461a-8814-cfec36409756,MICROFINANCE,ABC Bank,BR7417,211612.15,202264.44,146568.68,154028.3,42207.9,3730,2021-10-31,2031-09-09,2025-11-22,2026-08-31,270,NPA,ACTIVE,18.65,6883.8,535.86,120,3360.5,t,NONE,NONE,100,100,,bc26b72a-f1cf-41ec-a47a-90646d26576b,2026-08-27 11:28:00.060683+00,2026-09-02 15:27:18.691003+00
DAILY20260918LN181,18ece4bf-5e54-4d8c-89f0-432fc9978d85,AUTO,ABC Bank,GGN044,658560,611520,470400,503328,23520,23520,2022-01-15,2025-01-15,2025-11-10,2026-09-18,32,BUCKET_2,ACTIVE,14.5,28224,4704,,0,f,NONE,NONE,26.7,26.7,,bc35419b-6961-4296-a5a1-db62488b4a6b,2026-09-18 06:49:35.038727+00,2026-09-18 06:49:35.03873+00
LN000000172,63208e49-c41b-4a3a-8ebb-83ca74b6c423,CREDIT_CARD,ABC Bank,BR9548,310285.69,279571.76,117510.8,123647.41,18002.64,6290,2025-12-26,2030-11-30,2026-05-23,2026-09-03,88,BUCKET_3,ACTIVE,12.5,2534.99,2937.52,60,6012.92,f,NONE,NONE,69.3,58.22,,bc6afa88-1c4f-4e75-9063-b90a9c249f02,2026-08-27 11:28:00.060351+00,2026-09-02 15:27:18.691003+00
LN000000442,ea8bf59f-dae6-4b04-b0c8-72a6f51d8d08,BUSINESS,ABC Bank,BR1881,783408.27,726938.27,618896.51,637562.44,228526.23,34780,2021-11-01,2023-10-22,2026-02-21,2026-09-14,180,NPA,ACTIVE,13.64,11229.55,6087.56,24,29291.79,t,NONE,OFFERED,100,100,,bcbacbbe-a80e-46b4-adc4-0e1d19a6ee48,2026-08-27 11:28:00.060675+00,2026-09-02 15:27:18.691003+00
LN000000374,8be4291b-80e9-45cf-ba15-dde87c9e0842,AUTO,ABC Bank,BR4415,1186177.27,1081921.26,543189.75,576083.67,62110.19,15900,2025-10-14,2035-08-23,2026-05-15,2026-09-15,95,NPA,NPA,12.6,23049.42,7133.57,120,10448.11,t,NONE,NONE,63.1,56.76,,bd052574-ad17-4432-a3b5-32d04fcacc3f,2026-08-27 11:28:00.060594+00,2026-09-02 15:27:18.691003+00
DAILY20260906LN20,3ecb689c-5258-4a5f-8648-edbe782117ac,BUSINESS,ABC Bank,GGN044,1099322,1020799,785230,840196.1,101320,25330,2022-01-15,2025-01-15,2025-11-10,2026-09-06,120,NPA,NPA,14.5,47113.8,7852.3,,0,t,NONE,NONE,100,100,,bd33d65c-eb8d-4214-824d-c414d31421c0,2026-09-06 13:30:48.782715+00,2026-09-06 13:30:48.782718+00
DEMOLOAN00015,c34120e6-6778-4c63-9d4f-089bb0fd435a,PERSONAL,ABC Bank,GGN044,346248,321516,247320,264632.4,74196,6870,2022-01-15,2025-01-15,2025-11-10,2026-08-27,48,BUCKET_2,ACTIVE,14.5,14839.2,2473.2,,0,f,NONE,NONE,40,40,,bd742dbe-9edd-463a-bad4-57d01df0f64e,2026-08-27 11:28:09.610282+00,2026-09-02 15:27:18.694605+00
LN000000499,0549a0ef-cfda-4123-acaa-366ba52ffd7e,GOLD,ABC Bank,BR8320,364432.25,355090.39,176934.86,180331.88,83296.34,17540,2024-07-15,2026-07-05,2026-04-15,2026-09-15,120,NPA,NPA,16.9,2550.6,678.29,24,7044.29,t,NONE,OFFERED,100,100,,bd8ebb05-5e27-49fb-884e-0541ac42b15f,2026-08-27 11:28:00.060743+00,2026-09-02 15:27:18.700396+00
LN000000292,c91c426f-1cf3-44b7-a2a8-5bb8015e300b,CREDIT_CARD,ABC Bank,BR6351,256482.97,253646.19,91648.2,94308.91,17352.29,8870,2023-12-23,2026-12-07,2026-07-09,2026-09-03,35,BUCKET_2,ACTIVE,15.62,2015.86,506.21,36,7026.53,f,NONE,NONE,48.7,42.08,,bdc5787c-9532-473b-b01f-21ff4ec28636,2026-08-27 11:28:00.060497+00,2026-09-02 15:27:18.700396+00
DAILY20260921LN39,ae6eb250-1e3a-49f1-afa3-ed57ad41ce19,AUTO,ABC Bank,GGN044,1963472,1823224,1402480,1500653.6,149200,29840,2022-01-15,2025-01-15,2025-11-10,2026-09-21,155,NPA,NPA,14.5,84148.8,14024.8,,0,t,NONE,NONE,129.2,129.2,,bde09357-c2ef-42aa-8f84-a9604468fb03,2026-09-21 04:52:59.609798+00,2026-09-21 04:52:59.609801+00
LN000000250,505da88c-b72f-452b-ba9e-41071b03d29b,AUTO,ABC Bank,BR7136,354143.65,351674.3,162260.88,167403.78,70936.77,31120,2025-09-05,2026-08-31,2026-07-02,2026-09-20,42,BUCKET_2,ACTIVE,11.23,4367.81,562.24,12,13965.57,f,NONE,NONE,39.6,100,,be0f4c00-cd51-43b5-8e22-c8cf92b95c8d,2026-08-27 11:28:00.060445+00,2026-09-02 15:27:18.700396+00
LN000000094,bb51949a-6792-4cf6-a26b-966496d2ae2d,BUSINESS,ABC Bank,BR1648,1251422.47,1151560.43,816277.98,870838.22,47994.17,22390,2022-02-04,2028-12-29,2026-07-10,2026-09-06,35,BUCKET_2,ACTIVE,15.26,41778.4,9974.95,84,17661.84,f,NONE,NONE,32.4,30.11,,be305f50-43bc-4f3a-aebd-d3146b0028a0,2026-08-27 11:28:00.060253+00,2026-09-02 15:27:18.700396+00
DAILY20260918LN91,a3395cc3-ddfa-4e79-8042-42f8fe779df4,BUSINESS,ABC Bank,GGN044,2084390,1935505,1488850,1593069.5,81210,27070,2022-01-15,2025-01-15,2025-11-10,2026-09-18,95,NPA,NPA,14.5,89331,14888.5,,0,t,NONE,NONE,79.2,79.2,,be6205d2-4907-495c-ba1f-e6319f8ddf1a,2026-09-18 06:49:34.524055+00,2026-09-18 06:49:34.524058+00
DAILY20260907LN64,64e8e19c-9f57-465a-9bfb-e029b98afad3,BUSINESS,ABC Bank,GGN044,1269016,1178372,906440,969890.8,29240,29240,2022-01-15,2025-01-15,2025-11-10,2026-09-07,32,BUCKET_2,ACTIVE,14.5,54386.4,9064.4,,0,f,NONE,NONE,26.7,26.7,,be6999db-fab4-494e-92c0-d011595c7d73,2026-09-07 04:59:06.176076+00,2026-09-07 04:59:06.17608+00
LN000000095,49990be3-78b7-4671-a955-7b3eaf1c075c,HOME,ABC Bank,BR1853,729460.56,695855.2,534254.53,585060.78,184560.75,16600,2022-04-23,2029-03-17,2025-11-26,2026-09-01,270,NPA,NPA,22.69,16980.55,30071.77,84,15985.21,t,NONE,NONE,100,100,,be6c4a25-bdf0-4f47-a21c-528db917fdf1,2026-08-27 11:28:00.060254+00,2026-09-02 15:27:18.700396+00
DAILY20260906LN138,3ca2480e-e0cf-4669-aecc-33780cef3fe5,HOME,ABC Bank,GGN044,1210496,1124032,864640,925164.8,27020,27020,2022-01-15,2025-01-15,2025-11-10,2026-09-06,47,BUCKET_2,ACTIVE,14.5,51878.4,8646.4,,0,f,NONE,NONE,39.2,39.2,,be70c77d-e882-4668-a2ad-d9670971c980,2026-09-06 13:30:49.638329+00,2026-09-06 13:30:49.638333+00
DAILY20260906LN102,ae173d3f-8faa-4213-8e23-db755efe4028,AUTO,ABC Bank,GGN044,461552,428584,329680,352757.6,12680,12680,2022-01-15,2025-01-15,2025-11-10,2026-09-06,47,BUCKET_2,ACTIVE,14.5,19780.8,3296.8,,0,f,NONE,NONE,39.2,39.2,,be74e6b8-7f7f-4f90-ab1c-a58f0d6514b1,2026-09-06 13:30:49.40687+00,2026-09-06 13:30:49.406874+00
LN000000188,540fd0f4-e42e-489e-bf37-4ae508e0225f,PERSONAL,ABC Bank,BR8935,613215.75,579649.33,291054.74,308581.66,33938.24,15450,2023-06-08,2028-05-12,2026-07-05,2026-09-13,50,BUCKET_2,ACTIVE,20.29,12037.57,4027.53,60,8682.32,f,NONE,NONE,75.4,34.18,,be8f1f00-972e-45a0-b10e-8e10453acb3c,2026-08-27 11:28:00.06037+00,2026-09-02 15:27:18.700396+00
DAILY20260906LN34,b622f291-9a89-459f-89d8-261a6cece962,EDUCATION,ABC Bank,GGN044,490952,455884,350680,375227.6,47820,15940,2022-01-15,2025-01-15,2025-11-10,2026-09-06,95,NPA,NPA,14.5,21040.8,3506.8,,0,t,NONE,NONE,79.2,79.2,,be94be44-f403-4a57-9f2b-7c9a2fa3efce,2026-09-06 13:30:48.880955+00,2026-09-06 13:30:48.880959+00
DAILY20260921LN49,c085cf70-2cd2-43a2-bab2-3c40a803dd58,BUSINESS,ABC Bank,GGN044,1464120,1359540,1045800,1119006,74700,37350,2022-01-15,2025-01-15,2025-11-10,2026-09-21,65,BUCKET_3,ACTIVE,14.5,62748,10458,,0,f,NONE,NONE,54.2,54.2,,beb21719-d804-45e7-bb00-e3f7d0e48ed1,2026-09-21 04:52:59.658077+00,2026-09-21 04:52:59.65808+00
DAILY20260918LN97,64e8a33d-0d6e-4ac5-961e-04c04320e8c0,EDUCATION,ABC Bank,GGN044,707952,657384,505680,541077.6,20640,10320,2022-01-15,2025-01-15,2025-11-10,2026-09-18,88,BUCKET_3,ACTIVE,14.5,30340.8,5056.8,,0,f,NONE,NONE,73.3,73.3,,bf7d0f99-37b4-437e-9182-6805925e55e8,2026-09-18 06:49:34.564192+00,2026-09-18 06:49:34.564196+00
LN000000423,c1a58f68-e172-44d6-8446-cc47a706131c,HOME,ABC Bank,BR9099,1889021.57,1876538.93,1748465.59,1858734.62,196792.57,56190,2026-02-13,2030-01-23,2026-05-04,2026-09-22,105,NPA,NPA,19.08,104344.07,4696.86,48,26513.35,t,NONE,NONE,64.2,100,,bf8c4ea4-2ba5-442c-891c-0bc87411243f,2026-08-27 11:28:00.060653+00,2026-09-02 15:27:18.700396+00
DAILY20260907LN13,23d9b4b2-2d07-4dd9-94e7-458c8d79366b,HOME,ABC Bank,GGN044,838096,778232,598640,640544.8,21380,21380,2022-01-15,2025-01-15,2025-11-10,2026-09-07,32,BUCKET_2,ACTIVE,14.5,35918.4,5986.4,,0,f,NONE,NONE,26.7,26.7,,bfa8051a-6ece-4c7b-ba0a-0c0e73d0370c,2026-09-07 04:59:05.797491+00,2026-09-07 04:59:05.797494+00
DAILY20260918LN169,8b12c993-e173-4c12-95bd-349cec464a6e,HOME,ABC Bank,GGN044,1077804,1000818,769860,823750.2,85540,42770,2022-01-15,2025-01-15,2025-11-10,2026-09-18,88,BUCKET_3,ACTIVE,14.5,46191.6,7698.6,,0,f,NONE,NONE,73.3,73.3,,bfba65c6-63df-4281-8996-ade070c325fd,2026-09-18 06:49:34.971821+00,2026-09-18 06:49:34.971823+00
LN000000152,182daf5f-de3d-46af-a44c-c5c3c8a41663,GOLD,ABC Bank,BR6131,174720.36,166360.01,120016.48,129954.36,31751.19,8770,2023-12-01,2025-11-20,2026-05-02,2026-09-02,105,NPA,NPA,23.69,3955.18,4691.26,24,7861.01,t,NOTICE_SENT,NONE,67,56.02,,bfd02eaa-db51-4dc2-a481-c5a89a6d4faa,2026-08-27 11:28:00.060325+00,2026-09-02 15:27:18.700396+00
DAILY20260918LN166,0df80162-dd02-45b2-8e7c-2546b8fd9597,EDUCATION,ABC Bank,GGN044,316008,293436,225720,241520.4,50160,12540,2022-01-15,2025-01-15,2025-11-10,2026-09-18,120,NPA,NPA,14.5,13543.2,2257.2,,0,t,NONE,NONE,100,100,,bfff6561-4b5d-4d7f-b7fe-133f1a2aafff,2026-09-18 06:49:34.956498+00,2026-09-18 06:49:34.956501+00
LN000000299,ca151c89-12c3-41a3-afc4-d14cd4ac3857,EDUCATION,ABC Bank,BR1011,629238.01,576994.91,347310.39,352102.59,130030.58,19000,2025-08-24,2028-08-08,2026-03-21,2026-09-25,150,NPA,NPA,11.4,3877.05,697.19,36,13029.18,t,NONE,OFFERED,100,100,,c08282b9-a21f-41d8-8952-42854c2e0e99,2026-08-27 11:28:00.060506+00,2026-09-02 15:27:18.700396+00
DAILY20260907LN93,4f791e48-c001-4585-942f-114ab4b6a55e,HOME,ABC Bank,GGN044,3712590,3447405,2651850,2837479.5,294650,58930,2022-01-15,2025-01-15,2025-11-10,2026-09-07,155,NPA,NPA,14.5,159111,26518.5,,0,t,NONE,NONE,129.2,129.2,,c09945e7-9ab1-4eac-8ab3-440d3b334f6c,2026-09-07 04:59:06.348764+00,2026-09-07 04:59:06.348767+00
LN000000018,d6a1fca5-8fed-47e0-a1db-eae9c3775bc9,BUSINESS,ABC Bank,BR1916,1816317.95,1768591.72,850347.8,872691.1,74327.11,40650,2023-10-16,2030-09-09,2026-06-23,2026-09-19,50,BUCKET_2,ACTIVE,21.28,19696.64,1789.82,84,29271.33,f,NONE,NONE,41,95.17,,c0b2232d-e6eb-4b15-a88c-6fa6145be9ae,2026-08-27 11:28:00.06016+00,2026-09-02 15:27:18.700396+00
LN000000333,0d6340d7-76ec-49c1-90b5-321839e7f0ba,CREDIT_CARD,ABC Bank,BR2136,111732.25,110858.95,64828.88,66540.08,35242.19,5370,2025-11-05,2027-10-26,2026-02-21,2026-09-06,180,NPA,ACTIVE,14.9,1172.18,344.49,24,4086.55,t,NOTICE_SENT,NONE,100,91.04,,c0da946b-46ec-4acb-bf51-c72e3831cd97,2026-08-27 11:28:00.060545+00,2026-09-02 15:27:18.700396+00
DAILY20260921LN88,eb4ef822-c040-417e-81e0-2a910af1a9aa,AUTO,ABC Bank,GGN044,2576280,2392260,1840200,1969014,122680,30670,2022-01-15,2025-01-15,2025-11-10,2026-09-21,120,NPA,NPA,14.5,110412,18402,,0,t,NONE,NONE,100,100,,c0e28a0e-ea58-462c-97e2-194d847c30a8,2026-09-21 04:52:59.893978+00,2026-09-21 04:52:59.893984+00
BANKLOAN00007,dbf152d8-cd3e-4cf2-8d6e-ffccf54b4202,PERSONAL,ABC Bank,GGN056,572399.64,534239.66,381599.76,414035.74,133559.92,10600,2022-06-01,2025-06-01,2026-05-31,2026-08-27,88,BUCKET_3,ACTIVE,16,26711.98,5724,,0,f,NONE,NONE,73.3,73.3,,c153f7b8-648e-4e75-a3cd-39cde16be903,2026-08-27 11:28:09.815708+00,2026-09-02 15:27:18.706165+00
DAILY20260907LN30,1382ab00-3f83-458b-b08a-ffe67e2466e5,MICROFINANCE,ABC Bank,GGN044,155540,144430,111100,118877,8080,2020,2022-01-15,2025-01-15,2025-11-10,2026-09-07,120,NPA,NPA,14.5,6666,1111,,0,t,NONE,NONE,100,100,,c1a3455f-715a-4e90-a8a7-c2d3de24ad84,2026-09-07 04:59:05.890858+00,2026-09-07 04:59:05.890861+00
LN000000470,1b32f61d-8e4a-4b58-87fa-3a92c8baf6d7,BUSINESS,ABC Bank,BR3903,940961.38,851373.97,440627.1,477546.9,38141.24,18480,2022-07-12,2027-06-16,2026-07-17,2026-09-11,35,BUCKET_2,ACTIVE,10.93,7661.24,25686.69,60,17058.96,f,NONE,NONE,48.5,22.69,,c1aa728b-8613-40ae-b9a9-2e6d13695b59,2026-08-27 11:28:00.060709+00,2026-09-02 15:27:18.707167+00
LN000000239,02750d35-bc1c-4780-a7d3-bf83613ef162,AUTO,ABC Bank,BR8982,764207.54,745628.65,456742.86,487377.13,22870,13270,2025-01-20,2031-12-15,2026-07-12,2026-09-14,42,BUCKET_2,ACTIVE,12.27,19188.79,10047.61,84,11271.49,f,NONE,NONE,70.1,28.71,,c1aae9a4-8d81-4131-bd36-1462a4f16e98,2026-08-27 11:28:00.06043+00,2026-09-02 15:27:18.707167+00
LN000000372,0df43380-a050-44fd-8b41-28df032bed43,AUTO,ABC Bank,BR7116,395851.17,357927.77,268009.93,272374.84,58221.76,31710,2023-01-28,2024-01-23,2026-06-26,2026-09-23,50,BUCKET_2,ACTIVE,11.45,3820.75,464.08,12,22636.9,f,NONE,NONE,61.2,100,,c1cdbe96-1044-47cf-ae61-55d6dbc5ced1,2026-08-27 11:28:00.060592+00,2026-09-02 15:27:18.707167+00
LN000000069,6ebc511e-6b0c-4ef6-a7f6-dcfb54a056f8,MICROFINANCE,ABC Bank,BR2659,40682.94,39371.18,16043.68,21287.73,6531.53,1420,2023-11-29,2026-11-13,2026-04-19,2026-09-18,120,NPA,ACTIVE,17.83,809.62,3176.33,36,1122.58,t,NONE,OFFERED,100,54.85,,c1eecfd5-b181-410a-9584-0ecca64a974b,2026-08-27 11:28:00.06022+00,2026-09-02 15:27:18.707167+00
DAILY20260907LN142,48ec48d7-6409-4c9a-b151-937f1593a1f7,BUSINESS,ABC Bank,GGN044,2172786,2017587,1551990,1660629.3,141090,47030,2022-01-15,2025-01-15,2025-11-10,2026-09-07,95,NPA,NPA,14.5,93119.4,15519.9,,0,t,NONE,NONE,79.2,79.2,,c22a4533-5a6c-4097-ba84-ce04f3b20103,2026-09-07 04:59:06.619568+00,2026-09-07 04:59:06.61957+00
LN000000139,783b963e-c174-4a0b-b9bf-b5b43a6000bd,AUTO,ABC Bank,BR6317,346970.04,334465.76,292333,330603.24,103944.5,12980,2024-08-24,2027-08-09,2026-02-26,2026-09-25,180,NPA,ACTIVE,23.19,6366,29554.09,36,12562.78,t,NOTICE_SENT,NONE,100,84.7,,c230db93-1805-4cd1-81bd-1286262f0c1c,2026-08-27 11:28:00.060309+00,2026-09-02 15:27:18.707167+00
DAILY20260918LN180,184d5e27-8a9e-4f57-8ae5-6f88b6dd2487,BUSINESS,ABC Bank,GGN044,1525440,1416480,1089600,1165872,54480,27240,2022-01-15,2025-01-15,2025-11-10,2026-09-18,65,BUCKET_3,ACTIVE,14.5,65376,10896,,0,f,NONE,NONE,54.2,54.2,,c24f0244-6d28-463d-9f4d-0b5313a710ea,2026-09-18 06:49:35.033424+00,2026-09-18 06:49:35.033473+00
DAILY20260907LN11,7aa6d5a0-82c2-4c1f-9139-8bb220544a93,GOLD,ABC Bank,GGN044,328328,304876,234520,250936.4,5330,5330,2022-01-15,2025-01-15,2025-11-10,2026-09-07,47,BUCKET_2,ACTIVE,14.5,14071.2,2345.2,,0,f,NONE,NONE,39.2,39.2,,c27611b1-8186-4b9b-980f-dd552ada8957,2026-09-07 04:59:05.787042+00,2026-09-07 04:59:05.787044+00
LN000000149,efc128df-533f-4df9-8a86-8c8de59e0a2d,CREDIT_CARD,ABC Bank,BR3344,116713.75,115679.22,60941.94,68499.64,12409.25,1870,2025-05-19,2035-03-28,2026-03-18,2026-09-19,150,NPA,ACTIVE,15.05,1090.83,4784.43,120,1570.52,t,NOTICE_SENT,NONE,95.3,72.62,,c289818a-ebcd-4972-b255-7f1adca1af34,2026-08-27 11:28:00.060321+00,2026-09-02 15:27:18.707167+00
LN000000379,35cd97c1-5099-4852-bbb7-9088652c75b0,MICROFINANCE,ABC Bank,BR8760,81661.31,74324.34,51110.06,56750.2,10060.83,1310,2022-10-08,2029-09-01,2026-01-28,2026-09-14,210,NPA,NPA,11.95,1210.95,4382.17,84,743.22,t,NOTICE_SENT,NONE,100,97.35,,c313d0f3-40ba-4ec2-b782-b88dcf1d8482,2026-08-27 11:28:00.0606+00,2026-09-02 15:27:18.707167+00
DAILY20260921LN132,596729be-29f8-45a1-b7c1-201531ff7ee6,AUTO,ABC Bank,GGN044,1398600,1298700,999000,1068930,83250,16650,2022-01-15,2025-01-15,2025-11-10,2026-09-21,155,NPA,NPA,14.5,59940,9990,,0,t,NONE,NONE,129.2,129.2,,c326c18b-e4cd-420f-b5fb-3be345f0a752,2026-09-21 04:53:00.277229+00,2026-09-21 04:53:00.277236+00
DAILY20260903LN98,ac0a547e-4998-4f92-aeff-62bd4332fd02,CREDIT_CARD,ABC Bank,GGN044,48636,45162,34740,37171.8,7720,1930,2022-01-15,2025-01-15,2025-11-10,2026-09-03,120,NPA,NPA,14.5,2084.4,347.4,,0,t,NONE,NONE,100,100,,c32fb2a0-d23d-4d67-82e8-df9c4a375895,2026-09-02 15:33:15.951735+00,2026-09-02 15:33:15.951735+00
LN000000443,ee240b2e-885a-4a72-95f7-93f7966179fd,AUTO,ABC Bank,BR9831,1223609.96,1191503.93,988192.54,1008003.68,45753.23,26440,2024-11-11,2029-10-16,2026-07-14,2026-09-14,42,BUCKET_2,ACTIVE,11.89,17033.13,2249.21,60,15955.67,f,NONE,NONE,27.7,100,,c359d325-fef2-4533-ad65-aba3d937fa27,2026-08-27 11:28:00.060677+00,2026-09-02 15:27:18.707167+00
DAILY20260907LN61,37a550ac-3acd-4621-8266-8ce40d0b3c8e,MICROFINANCE,ABC Bank,GGN044,101136,93912,72240,77296.8,1290,1290,2022-01-15,2025-01-15,2025-11-10,2026-09-07,32,BUCKET_2,ACTIVE,14.5,4334.4,722.4,,0,f,NONE,NONE,26.7,26.7,,c385e1a9-9370-4e88-ac86-6e5308ebcd96,2026-09-07 04:59:06.155934+00,2026-09-07 04:59:06.155941+00
LN000000356,c1555a56-8d49-4eae-9054-e892d3ec72b5,HOME,ABC Bank,BR1967,776744.29,747508.18,380933.42,433552.69,62946.51,19370,2022-01-30,2026-01-09,2026-06-01,2026-09-17,72,BUCKET_3,ACTIVE,11.14,8543.64,39047.24,48,10613.85,f,NONE,NONE,74.1,35.77,,c42463ca-bb0b-4815-88c5-1891917ff09c,2026-08-27 11:28:00.060573+00,2026-09-02 15:27:18.707167+00
DAILY20260903LN112,f64c0588-9757-4118-91af-55389ce19099,CREDIT_CARD,ABC Bank,GGN044,266112,247104,190080,203385.6,10560,3520,2022-01-15,2025-01-15,2025-11-10,2026-09-03,95,NPA,NPA,14.5,11404.8,1900.8,,0,t,NONE,NONE,79.2,79.2,,c425252d-49c5-465c-87e9-9779f467a2b6,2026-09-02 15:33:16.020487+00,2026-09-02 15:33:16.020487+00
DAILY20260921LN34,9ffa6f7f-cd29-42af-8c39-972dfba034d8,AUTO,ABC Bank,GGN044,1290800,1198600,922000,986540,36880,18440,2022-01-15,2025-01-15,2025-11-10,2026-09-21,88,BUCKET_3,ACTIVE,14.5,55320,9220,,0,f,NONE,NONE,73.3,73.3,,c42d5d67-797f-401e-979f-3bf91728a71d,2026-09-21 04:52:59.584295+00,2026-09-21 04:52:59.584298+00
DAILY20260903LN113,a1fc9473-3c26-4b7e-90ed-54cff4f3ea41,CREDIT_CARD,ABC Bank,GGN044,467236,433862,333740,357101.8,45100,9020,2022-01-15,2025-01-15,2025-11-10,2026-09-03,155,NPA,NPA,14.5,20024.4,3337.4,,0,t,NONE,NONE,129.2,129.2,,c434e605-38da-49fb-8be6-68fd67707055,2026-09-02 15:33:16.02491+00,2026-09-02 15:33:16.02491+00
LN000000488,2f47fe20-20f7-480e-a1fa-0b6bdbb1fe0b,CREDIT_CARD,ABC Bank,BR7872,216350.64,199262.96,108809.67,113886.16,12068.04,6840,2025-07-23,2028-07-07,2026-06-15,2026-09-13,58,BUCKET_2,ACTIVE,14.31,2622.9,2072.17,36,5723.06,f,NONE,NONE,50.1,44.58,,c45f749e-417e-45cc-a509-1ff5abee6e07,2026-08-27 11:28:00.060731+00,2026-09-02 15:27:18.707167+00
DAILY20260918LN126,d358767a-77f4-4170-9d59-228c6b8d5ac4,EDUCATION,ABC Bank,GGN044,366506,340327,261790,280115.3,5570,5570,2022-01-15,2025-01-15,2025-11-10,2026-09-18,47,BUCKET_2,ACTIVE,14.5,15707.4,2617.9,,0,f,NONE,NONE,39.2,39.2,,c478f094-c698-44a0-8180-663f735780da,2026-09-18 06:49:34.744085+00,2026-09-18 06:49:34.744088+00
DAILY20260903LN88,67f85480-f9f8-49d1-a97b-fc507dbab80e,EDUCATION,ABC Bank,GGN044,123522,114699,88230,94406.1,10380,5190,2022-01-15,2025-01-15,2025-11-10,2026-09-03,65,BUCKET_3,ACTIVE,14.5,5293.8,882.3,,0,f,NONE,NONE,54.2,54.2,,c4907e1b-52bf-4f1d-8c52-4aace9d3ea80,2026-09-02 15:33:15.926896+00,2026-09-02 15:33:15.926896+00
DAILY20260903LN154,0a783773-61c1-4c55-98ff-64f646e5902d,MICROFINANCE,ABC Bank,GGN044,141750,131625,101250,108337.5,20250,4050,2022-01-15,2025-01-15,2025-11-10,2026-09-03,155,NPA,NPA,14.5,6075,1012.5,,0,t,NONE,NONE,129.2,129.2,,c594503d-9624-496e-bd8b-c29dba86f588,2026-09-02 15:33:16.176447+00,2026-09-02 15:33:16.176447+00
LN000000485,ac097225-fba9-4e4d-9c4e-a8d4d8fba315,PERSONAL,ABC Bank,BR9733,481765.64,473590.48,431309.17,442300.81,60812.46,22540,2022-12-14,2024-12-03,2026-05-29,2026-09-26,80,BUCKET_3,ACTIVE,13.11,9717.77,445.26,24,18786.02,f,NONE,NONE,73.4,99.32,,c5c0e293-29b4-429b-bd2a-c60cd386e8e3,2026-08-27 11:28:00.060727+00,2026-09-02 15:27:18.707167+00
DAILY20260906LN80,e2d18054-7ba1-4c1a-aa68-2853733fe866,EDUCATION,ABC Bank,GGN044,391776,363792,279840,299428.8,5830,5830,2022-01-15,2025-01-15,2025-11-10,2026-09-06,47,BUCKET_2,ACTIVE,14.5,16790.4,2798.4,,0,f,NONE,NONE,39.2,39.2,,c5c67634-8988-4c58-a0ee-85df9a7b3294,2026-09-06 13:30:49.28588+00,2026-09-06 13:30:49.285883+00
DAILY20260903LN43,d74f3d4f-5b1f-42c2-b917-e8d0dcdbbce1,AUTO,ABC Bank,GGN044,701428,651326,501020,536091.4,19270,19270,2022-01-15,2025-01-15,2025-11-10,2026-09-03,47,BUCKET_2,ACTIVE,14.5,30061.2,5010.2,,0,f,NONE,NONE,39.2,39.2,,c627cc17-5791-4135-a6a5-a00adb522f30,2026-09-02 15:33:15.734118+00,2026-09-02 15:33:15.734118+00
DAILY20260907LN188,627572a4-5026-4ddc-a8ac-c2ae4f51a821,EDUCATION,ABC Bank,GGN044,378672,351624,270480,289413.6,48300,9660,2022-01-15,2025-01-15,2025-11-10,2026-09-07,155,NPA,NPA,14.5,16228.8,2704.8,,0,t,NONE,NONE,129.2,129.2,,c6285309-2abc-41da-9605-c62fa9ab1a93,2026-09-07 04:59:06.904629+00,2026-09-07 04:59:06.904631+00
DAILY20260918LN108,0b24b693-ad05-41e1-b183-a00b4588cad8,GOLD,ABC Bank,GGN044,350840,325780,250600,268142,35800,17900,2022-01-15,2025-01-15,2025-11-10,2026-09-18,88,BUCKET_3,ACTIVE,14.5,15036,2506,,0,f,NONE,NONE,73.3,73.3,,c6793f27-892a-42c3-a0ba-d7e336b2a847,2026-09-18 06:49:34.637082+00,2026-09-18 06:49:34.637086+00
DAILY20260907LN57,171dbce5-50c5-4fdd-ad93-a82bbda55edd,AUTO,ABC Bank,GGN044,2553992,2371564,1824280,1951979.6,61840,30920,2022-01-15,2025-01-15,2025-11-10,2026-09-07,88,BUCKET_3,ACTIVE,14.5,109456.8,18242.8,,0,f,NONE,NONE,73.3,73.3,,c693139c-06c7-4acf-8b78-1a87db0909d9,2026-09-07 04:59:06.126997+00,2026-09-07 04:59:06.127+00
LN000000290,cbe3757b-4d39-41f9-855a-1092d8671b3c,EDUCATION,ABC Bank,BR6468,469879.96,425724.7,403328.46,437245.99,37071.55,16670,2023-09-17,2026-09-01,2026-07-21,2026-09-15,35,BUCKET_2,ACTIVE,23.86,32630.3,831.88,36,14013.81,f,NONE,NONE,45.6,100,,c69ed97c-a280-4e4a-8a45-fff7903f82be,2026-08-27 11:28:00.060494+00,2026-09-02 15:27:18.707167+00
DEMOLOAN00008,b31606a2-ec18-4fe4-9f22-311c5cbd1104,HOME,ABC Bank,GGN044,1811375.24,1681991.29,1293839.46,1384408.22,388151.84,35940,2022-01-15,2025-01-15,2025-11-10,2026-08-27,120,NPA,NPA,14.5,77630.37,12938.39,,0,t,NONE,NONE,100,100,,c6c9ea7c-ca5a-4382-93b9-4e67b269d542,2026-08-27 11:28:09.581568+00,2026-09-02 15:27:18.713669+00
DAILY20260907LN74,6d6eae71-b399-4172-bb0d-6abff46e2622,BUSINESS,ABC Bank,GGN044,1459080,1354860,1042200,1115154,77200,38600,2022-01-15,2025-01-15,2025-11-10,2026-09-07,88,BUCKET_3,ACTIVE,14.5,62532,10422,,0,f,NONE,NONE,73.3,73.3,,c6e5dea2-7cc4-4c30-91af-631a6de8fdb8,2026-09-07 04:59:06.236008+00,2026-09-07 04:59:06.236011+00
DEMOLOAN00006,de7484bc-35ef-452e-bc01-b8f8eea164ac,PERSONAL,ABC Bank,GGN044,252000,234000,180000,192600,54000,5000,2022-01-15,2025-01-15,2025-11-10,2026-08-27,33,BUCKET_2,ACTIVE,14.5,10800,1800,,0,f,NONE,NONE,27.5,27.5,,c7461ee2-93e9-4694-bcac-30d7aa1881bd,2026-08-27 11:28:09.573346+00,2026-09-02 15:27:18.713669+00
DAILY20260907LN167,3ac74adb-2700-40e7-b254-babca54387e0,BUSINESS,ABC Bank,GGN044,877296,814632,626640,670504.8,22380,22380,2022-01-15,2025-01-15,2025-11-10,2026-09-07,32,BUCKET_2,ACTIVE,14.5,37598.4,6266.4,,0,f,NONE,NONE,26.7,26.7,,c759066e-0d37-4384-9b55-9dae56f780d0,2026-09-07 04:59:06.772724+00,2026-09-07 04:59:06.772727+00
LN000000343,13f677a8-835a-4540-a8f5-22b7d8a8a179,EDUCATION,ABC Bank,BR4146,604037.68,555541.42,222129.69,232726.79,88622.15,20330,2021-10-02,2024-09-16,2026-05-16,2026-09-25,95,NPA,NPA,18.88,10180.39,78.42,36,20110.88,t,NONE,NONE,77,100,,c7d7827d-133a-4d6e-881c-30fa7f4c4264,2026-08-27 11:28:00.060557+00,2026-09-02 15:27:18.715677+00
DAILY20260906LN11,1ddc5885-852d-4521-a60d-909f9a9c6908,MICROFINANCE,ABC Bank,GGN044,133840,124280,95600,102292,4780,2390,2022-01-15,2025-01-15,2025-11-10,2026-09-06,65,BUCKET_3,ACTIVE,14.5,5736,956,,0,f,NONE,NONE,54.2,54.2,,c816a65a-5ad5-49cd-872e-b7afe295a531,2026-09-06 13:30:48.720291+00,2026-09-06 13:30:48.720294+00
DAILY20260918LN08,dc702d8c-13e3-4032-9483-ad3c7baca529,GOLD,ABC Bank,GGN044,188370,174915,134550,143968.5,29250,5850,2022-01-15,2025-01-15,2025-11-10,2026-09-18,155,NPA,NPA,14.5,8073,1345.5,,0,t,NONE,NONE,129.2,129.2,,c8448e36-09d7-4616-86ed-a651bcff6d8c,2026-09-18 06:49:34.064073+00,2026-09-18 06:49:34.064076+00
LN000000256,46559ac6-05cc-4ad0-a720-ca141135be29,PERSONAL,ABC Bank,BR4869,351984.87,327672.33,147192.13,184090.75,11607.34,6490,2023-12-11,2033-10-19,2026-06-24,2026-09-20,58,BUCKET_2,ACTIVE,20.72,2446.98,30571.86,120,4295.93,f,NONE,NONE,62.1,27.84,,c84a47b7-37e8-45e7-bf88-73d21411df09,2026-08-27 11:28:00.060453+00,2026-09-02 15:27:18.715677+00
DAILY20260903LN168,af9e011c-d826-416e-aa04-4ab60e089bdf,CREDIT_CARD,ABC Bank,GGN044,209440,194480,149600,160072,17600,8800,2022-01-15,2025-01-15,2025-11-10,2026-09-03,65,BUCKET_3,ACTIVE,14.5,8976,1496,,0,f,NONE,NONE,54.2,54.2,,c86dd716-1a6c-411f-9ef4-32d66fc22d43,2026-09-02 15:33:16.216261+00,2026-09-02 15:33:16.216261+00
DAILY20260903LN100,bc18849a-7566-46c4-9973-aa3dd513aced,GOLD,ABC Bank,GGN044,459928,427076,328520,351516.4,38200,7640,2022-01-15,2025-01-15,2025-11-10,2026-09-03,155,NPA,NPA,14.5,19711.2,3285.2,,0,t,NONE,NONE,129.2,129.2,,c87928bc-7104-4eb0-815a-5187a7c7eca6,2026-09-02 15:33:15.968218+00,2026-09-02 15:33:15.968218+00
DAILY20260907LN101,11dad063-44fd-4417-9231-ba10e6d2c41c,EDUCATION,ABC Bank,GGN044,1325352,1230684,946680,1012947.6,19320,19320,2022-01-15,2025-01-15,2025-11-10,2026-09-07,32,BUCKET_2,ACTIVE,14.5,56800.8,9466.8,,0,f,NONE,NONE,26.7,26.7,,c87f2a22-2c3a-4cbd-8e65-97628953d2c8,2026-09-07 04:59:06.394947+00,2026-09-07 04:59:06.39495+00
DAILY20260921LN148,baabae0d-c8da-4ffe-afe0-356617798680,PERSONAL,ABC Bank,GGN044,2219280,2060760,1585200,1696164,26420,26420,2022-01-15,2025-01-15,2025-11-10,2026-09-21,47,BUCKET_2,ACTIVE,14.5,95112,15852,,0,f,NONE,NONE,39.2,39.2,,c8a929e7-757f-4321-ae3d-f87879ff9417,2026-09-21 04:53:00.481278+00,2026-09-21 04:53:00.481281+00
DAILY20260918LN121,cc57ed40-3a22-4a96-b521-e8ab015ed642,PERSONAL,ABC Bank,GGN044,391776,363792,279840,299428.8,8480,8480,2022-01-15,2025-01-15,2025-11-10,2026-09-18,32,BUCKET_2,ACTIVE,14.5,16790.4,2798.4,,0,f,NONE,NONE,26.7,26.7,,c8b7f2b2-e163-4dee-8380-389f43864c08,2026-09-18 06:49:34.718002+00,2026-09-18 06:49:34.718005+00
DAILY20260921LN125,3e01ee75-c4d5-477c-aff4-c7a995414529,AUTO,ABC Bank,GGN044,471898,438191,337070,360664.9,45550,9110,2022-01-15,2025-01-15,2025-11-10,2026-09-21,155,NPA,NPA,14.5,20224.2,3370.7,,0,t,NONE,NONE,129.2,129.2,,c8b96672-41fa-4f1a-9356-7b19f13729d6,2026-09-21 04:53:00.218135+00,2026-09-21 04:53:00.218141+00
LN000000483,760964f0-f607-4d9a-a99d-6cc3482bcf2f,BUSINESS,ABC Bank,BR6904,1840109.54,1714660.78,1243334.99,1275534.37,129262.97,49780,2022-05-03,2026-04-12,2026-05-19,2026-09-16,88,BUCKET_3,ACTIVE,17.34,31073.99,1086.71,48,31289.89,f,NONE,NONE,79.5,100,,c8e52205-a9d9-4ae1-a25c-0e728de8fe19,2026-08-27 11:28:00.060725+00,2026-09-02 15:27:18.715677+00
LN000000420,0cf79da7-545f-4c74-a7f6-517536fa5cf4,AUTO,ABC Bank,BR2364,622107.24,619938.81,501902.37,525793.5,32062.69,16200,2023-05-11,2027-04-20,2026-06-19,2026-09-08,58,BUCKET_2,ACTIVE,11.59,16892.97,2897.16,48,14149.07,f,NONE,NONE,38.8,40.49,,c9146f2e-a92a-4302-ad6e-7daed32c5689,2026-08-27 11:28:00.060649+00,2026-09-02 15:27:18.715677+00
LN000000001,46f4128a-126f-42cb-afcd-6429fa74c715,AUTO,ABC Bank,BR4365,323986.8,295081.29,124333.47,173998.65,20877,8000,2023-07-14,2028-06-17,2026-06-02,2026-09-08,80,BUCKET_3,ACTIVE,21.1,3891.43,32439.33,60,4086.95,f,NONE,NONE,62.3,36.82,,c9efae4c-855e-463a-a866-0df32f7b47d3,2026-08-27 11:28:00.060133+00,2026-09-02 15:27:18.715677+00
DAILY20260921LN28,54f8c3bb-1dfb-4308-90ab-ed33557dab6f,PERSONAL,ABC Bank,GGN044,523572,486174,373980,400158.6,16260,16260,2022-01-15,2025-01-15,2025-11-10,2026-09-21,32,BUCKET_2,ACTIVE,14.5,22438.8,3739.8,,0,f,NONE,NONE,26.7,26.7,,ca0a6e5a-fbf4-4606-a5ed-8ae437009c0b,2026-09-21 04:52:59.552249+00,2026-09-21 04:52:59.552252+00
LN000000066,b0b63f01-f844-40f7-b276-5e6b6805959a,GOLD,ABC Bank,BR5553,183053.43,176481.2,107570.39,117215.6,92960.05,16620,2024-05-08,2025-05-03,2026-03-17,2026-09-07,150,NPA,NPA,23.2,8702.88,753.92,12,11957.2,t,NOTICE_SENT,OFFERED,93.8,100,,ca2a0590-6424-45fb-8f7a-11ab549edad2,2026-08-27 11:28:00.060217+00,2026-09-02 15:27:18.715677+00
LN000000041,1b8e7e04-098a-440a-9cfb-132f9348703c,BUSINESS,ABC Bank,BR5627,1596590.9,1541821.15,1427544.48,1481904.86,214972.86,51090,2023-12-22,2026-12-06,2026-05-22,2026-09-01,95,NPA,NPA,11.84,51523.51,2030.16,36,40883.95,t,NOTICE_SENT,NONE,89.8,100,,ca50d7dd-db99-42bd-8429-910ed9f0aa69,2026-08-27 11:28:00.060187+00,2026-09-02 15:27:18.715677+00
LN000000105,9c11d006-70d3-4e77-b7b4-e029a51da401,CREDIT_CARD,ABC Bank,BR5072,334421.53,314305.11,110588.51,117717.57,66676.27,11450,2025-08-07,2028-07-22,2026-03-19,2026-09-18,150,NPA,ACTIVE,18.55,6463.37,472.06,36,7684.68,t,NONE,NONE,100,100,,ca5d0bac-dab4-4b2f-b54c-c8fb154fc6a8,2026-08-27 11:28:00.060268+00,2026-09-02 15:27:18.715677+00
DAILY20260907LN20,ebb1e728-e37a-4c38-bd85-4ea91728eba8,AUTO,ABC Bank,GGN044,1883700,1749150,1345500,1439685,29250,29250,2022-01-15,2025-01-15,2025-11-10,2026-09-07,47,BUCKET_2,ACTIVE,14.5,80730,13455,,0,f,NONE,NONE,39.2,39.2,,ca7ba4d4-da18-4777-bd19-f1525e7e0e5b,2026-09-07 04:59:05.840556+00,2026-09-07 04:59:05.840559+00
DAILY20260921LN67,664952a1-12b0-488e-bf7b-e659e1d0b526,MICROFINANCE,ABC Bank,GGN044,61446,57057,43890,46962.3,2310,2310,2022-01-15,2025-01-15,2025-11-10,2026-09-21,32,BUCKET_2,ACTIVE,14.5,2633.4,438.9,,0,f,NONE,NONE,26.7,26.7,,ca9033e7-96f7-4261-8c40-8cfdd1c29705,2026-09-21 04:52:59.757543+00,2026-09-21 04:52:59.757546+00
DAILY20260906LN139,68c97d00-c1bd-49a6-8c31-fa46c288441f,PERSONAL,ABC Bank,GGN044,372036,345462,265740,284341.8,6180,6180,2022-01-15,2025-01-15,2025-11-10,2026-09-06,32,BUCKET_2,ACTIVE,14.5,15944.4,2657.4,,0,f,NONE,NONE,26.7,26.7,,cb503a77-f84c-4fc9-91c8-15672ebb5bff,2026-09-06 13:30:49.645539+00,2026-09-06 13:30:49.645541+00
LN000000255,c7bea2df-f2aa-4f3a-91e0-83e89428e8e9,CREDIT_CARD,ABC Bank,BR9586,129276.89,126215.27,102795.2,112343.45,6849.79,3530,2023-10-10,2028-09-13,2026-07-10,2026-09-15,42,BUCKET_2,ACTIVE,22.61,7846.65,539.91,60,3427.27,f,NONE,NONE,44.2,26.82,,cb52162a-3622-4358-a270-5d77df3236d3,2026-08-27 11:28:00.060451+00,2026-09-02 15:27:18.715677+00
DAILY20260918LN68,bc40e4a2-d7d0-43a1-b413-2c9941bd5d2c,GOLD,ABC Bank,GGN044,1126510,1046045,804650,860975.5,14630,14630,2022-01-15,2025-01-15,2025-11-10,2026-09-18,32,BUCKET_2,ACTIVE,14.5,48279,8046.5,,0,f,NONE,NONE,26.7,26.7,,cb566304-d377-4020-99e3-e7324630da52,2026-09-18 06:49:34.382751+00,2026-09-18 06:49:34.382756+00
DAILY20260907LN50,8c4d38f9-6c5b-4680-b32a-b04dee9e9bb3,HOME,ABC Bank,GGN044,3186708,2959086,2276220,2435555.4,38580,38580,2022-01-15,2025-01-15,2025-11-10,2026-09-07,47,BUCKET_2,ACTIVE,14.5,136573.2,22762.2,,0,f,NONE,NONE,39.2,39.2,,cb6e3fdf-9908-4b79-bcd8-71579d79d38b,2026-09-07 04:59:06.085582+00,2026-09-07 04:59:06.085585+00
DAILY20260921LN153,a86dface-6350-4edf-a4e0-ed5a82ad0a54,HOME,ABC Bank,GGN044,3591840,3335280,2565600,2745192,64140,64140,2022-01-15,2025-01-15,2025-11-10,2026-09-21,32,BUCKET_2,ACTIVE,14.5,153936,25656,,0,f,NONE,NONE,26.7,26.7,,cb834161-19cf-4a40-8804-1ab5636f2804,2026-09-21 04:53:00.508031+00,2026-09-21 04:53:00.508034+00
LN000000161,eb5373d3-667c-4bd0-9d69-4c9fb6d70086,HOME,ABC Bank,BR5250,582666.27,540122.78,320315.01,345327.7,105834.36,49750,2024-08-17,2025-08-12,2026-07-11,2026-08-30,42,BUCKET_2,ACTIVE,18.9,9719.48,12496.54,12,44691.89,f,NONE,NONE,69.9,29.49,,cbc9a22d-ab31-4b68-8de0-f1f29849e94f,2026-08-27 11:28:00.060336+00,2026-09-02 15:27:18.715677+00
DAILY20260907LN160,98e21c1a-69a7-4c17-99b8-020322cff4f5,PERSONAL,ABC Bank,GGN044,581532,539994,415380,444456.6,29670,29670,2022-01-15,2025-01-15,2025-11-10,2026-09-07,47,BUCKET_2,ACTIVE,14.5,24922.8,4153.8,,0,f,NONE,NONE,39.2,39.2,,cbe1ab7e-288b-4c87-a621-2074db0edd91,2026-09-07 04:59:06.736973+00,2026-09-07 04:59:06.736976+00
LN000000487,08261f05-6d9a-4fd9-a6c1-b6d1549ba303,CREDIT_CARD,ABC Bank,BR8884,141996.94,131876.88,95466.75,99907.53,26433.31,11820,2022-08-22,2023-08-17,2026-07-01,2026-09-03,42,BUCKET_2,ACTIVE,13.66,4135,295.88,12,5896.87,f,NONE,NONE,44.9,100,,cc0686e6-fb52-4057-aa7c-d077b585c083,2026-08-27 11:28:00.06073+00,2026-09-02 15:27:18.715677+00
LN000000386,e03b72b6-339d-439d-a8f1-bcca7c80df79,AUTO,ABC Bank,BR3281,580900.16,557340.81,259029.68,275440.16,119624.69,18830,2022-12-27,2025-12-11,2026-02-19,2026-09-18,180,NPA,NPA,13.19,11702.77,2813.43,36,9678.24,t,NONE,NONE,100,96.64,,cc089159-81cd-4f24-bb32-a0d0103e3493,2026-08-27 11:28:00.060608+00,2026-09-02 15:27:18.715677+00
DAILY20260906LN105,65ed81a2-6f4f-437d-82cc-c6e38c0999c9,CREDIT_CARD,ABC Bank,GGN044,113792,105664,81280,86969.6,2540,2540,2022-01-15,2025-01-15,2025-11-10,2026-09-06,32,BUCKET_2,ACTIVE,14.5,4876.8,812.8,,0,f,NONE,NONE,26.7,26.7,,cc0b2ad1-65db-4055-bb85-486f3b9309c8,2026-09-06 13:30:49.425056+00,2026-09-06 13:30:49.425062+00
DAILY20260921LN135,f0346e2f-2c3d-412a-b19d-c8b1c9171e33,MICROFINANCE,ABC Bank,GGN044,312550,290225,223250,238877.5,14250,4750,2022-01-15,2025-01-15,2025-11-10,2026-09-21,95,NPA,NPA,14.5,13395,2232.5,,0,t,NONE,NONE,79.2,79.2,,cc29d361-4d98-435e-98d4-80c3a9bfe20c,2026-09-21 04:53:00.320637+00,2026-09-21 04:53:00.320641+00
DAILY20260906LN158,039bbfd7-b772-4196-bff6-b6b5ee085458,MICROFINANCE,ABC Bank,GGN044,215712,200304,154080,164865.6,12840,4280,2022-01-15,2025-01-15,2025-11-10,2026-09-06,95,NPA,NPA,14.5,9244.8,1540.8,,0,t,NONE,NONE,79.2,79.2,,cc2a4264-f41c-4815-93f3-e6f92c9efa17,2026-09-06 13:30:49.767221+00,2026-09-06 13:30:49.767224+00
DAILY20260918LN48,2baa9606-b4d7-4be9-9f60-2ec2d609f97a,AUTO,ABC Bank,GGN044,1179024,1094808,842160,901111.2,29040,29040,2022-01-15,2025-01-15,2025-11-10,2026-09-18,47,BUCKET_2,ACTIVE,14.5,50529.6,8421.6,,0,f,NONE,NONE,39.2,39.2,,cc3d44e0-3e1f-4346-9c4f-059baa2b8ecb,2026-09-18 06:49:34.266648+00,2026-09-18 06:49:34.26665+00
LN000000307,9fc92cd0-ece2-4a0d-9874-ee71c511c0fd,EDUCATION,ABC Bank,BR9589,192559.19,177660.97,139568.23,150524.87,58873.89,9330,2025-06-21,2027-06-11,2026-03-27,2026-09-16,150,NPA,NPA,23.29,7741.74,2659.05,24,8051.75,t,NONE,NONE,95,73.1,,cc48abe0-ec62-4ba0-9e8c-78aeeea9ea71,2026-08-27 11:28:00.060515+00,2026-09-02 15:27:18.715677+00
LN000000433,3bc906ec-1f51-4fe6-841e-0ddcf2b0f1ed,GOLD,ABC Bank,BR9350,300994.31,296162.39,181511.29,188788.11,25025.7,11540,2024-12-04,2027-11-19,2026-07-12,2026-09-20,42,BUCKET_2,ACTIVE,23.49,4947.47,1915.44,36,5376.43,f,NONE,NONE,78.1,49.02,,cc867f58-7a3b-48e1-ac7f-ece462d4cef1,2026-08-27 11:28:00.060664+00,2026-09-02 15:27:18.715677+00
DAILY20260921LN104,e16f4bcb-b3c2-4d46-bba9-3df531492f6a,PERSONAL,ABC Bank,GGN044,305550,283725,218250,233527.5,8730,8730,2022-01-15,2025-01-15,2025-11-10,2026-09-21,47,BUCKET_2,ACTIVE,14.5,13095,2182.5,,0,f,NONE,NONE,39.2,39.2,,cc9fb23a-4bd7-4e23-8fab-b3de80cb8ce1,2026-09-21 04:52:59.999155+00,2026-09-21 04:52:59.99916+00
DAILY20260903LN176,ccab2601-5ebb-47e2-ad38-15df092db539,PERSONAL,ABC Bank,GGN044,916272,850824,654480,700293.6,24240,24240,2022-01-15,2025-01-15,2025-11-10,2026-09-03,47,BUCKET_2,ACTIVE,14.5,39268.8,6544.8,,0,f,NONE,NONE,39.2,39.2,,ccd28594-e56a-40a4-a58c-a775f5f805ed,2026-09-02 15:33:16.252949+00,2026-09-02 15:33:16.252949+00
DAILY20260907LN137,bbd0760c-8e5f-4ead-82e0-81a711664b07,HOME,ABC Bank,GGN044,2018016,1873872,1441440,1542340.8,184800,36960,2022-01-15,2025-01-15,2025-11-10,2026-09-07,155,NPA,NPA,14.5,86486.4,14414.4,,0,t,NONE,NONE,129.2,129.2,,cd044826-9802-4845-97f0-e1fec9a5aa75,2026-09-07 04:59:06.597435+00,2026-09-07 04:59:06.597438+00
DAILY20260906LN28,b26fa728-e40e-4ce9-9565-1dbbc708cf8d,CREDIT_CARD,ABC Bank,GGN044,375200,348400,268000,286760,42880,10720,2022-01-15,2025-01-15,2025-11-10,2026-09-06,120,NPA,NPA,14.5,16080,2680,,0,t,NONE,NONE,100,100,,cd66dbed-94fa-4d7d-81bd-aa3886a77e62,2026-09-06 13:30:48.838431+00,2026-09-06 13:30:48.838434+00
LN000000027,4fbb62fe-f822-4234-984e-7cb360c81779,EDUCATION,ABC Bank,BR1723,451890.22,408559.6,358199.75,364173.15,54811.87,19330,2024-04-05,2026-03-26,2026-06-12,2026-09-23,72,BUCKET_3,ACTIVE,12.51,5181.45,723.25,24,13521.84,f,NONE,NONE,53.3,100,,cd783db4-6ec9-48a2-b49f-db5cfcffb7a4,2026-08-27 11:28:00.06017+00,2026-09-02 15:27:18.715677+00
DAILY20260906LN116,ad8510a9-ed2b-429c-82e9-6806585007fe,GOLD,ABC Bank,GGN044,577080,535860,412200,441054,54960,13740,2022-01-15,2025-01-15,2025-11-10,2026-09-06,120,NPA,NPA,14.5,24732,4122,,0,t,NONE,NONE,100,100,,cd942da3-8757-4548-837c-cebad7a7106c,2026-09-06 13:30:49.497166+00,2026-09-06 13:30:49.497169+00
DAILY20260921LN51,55b0a408-f2f7-44e2-bc37-6cc5e09e1fc0,MICROFINANCE,ABC Bank,GGN044,217560,202020,155400,166278,8400,4200,2022-01-15,2025-01-15,2025-11-10,2026-09-21,65,BUCKET_3,ACTIVE,14.5,9324,1554,,0,f,NONE,NONE,54.2,54.2,,cdc43cff-7067-47bf-905b-7acadf4e254f,2026-09-21 04:52:59.668789+00,2026-09-21 04:52:59.668794+00
DAILY20260921LN114,7574bb48-06da-4fae-b8aa-e0cca859119c,AUTO,ABC Bank,GGN044,1476930,1371435,1054950,1128796.5,27050,27050,2022-01-15,2025-01-15,2025-11-10,2026-09-21,47,BUCKET_2,ACTIVE,14.5,63297,10549.5,,0,f,NONE,NONE,39.2,39.2,,cdee8383-c125-4c64-9adf-3ffa4d494506,2026-09-21 04:53:00.143914+00,2026-09-21 04:53:00.143918+00
DAILY20260907LN40,8b3db4d6-d678-47e5-888c-88694b84fb2b,GOLD,ABC Bank,GGN044,279888,259896,199920,213914.4,14280,4760,2022-01-15,2025-01-15,2025-11-10,2026-09-07,95,NPA,NPA,14.5,11995.2,1999.2,,0,t,NONE,NONE,79.2,79.2,,cdf767b5-933e-451e-ab38-5f7d6298ffd5,2026-09-07 04:59:06.021113+00,2026-09-07 04:59:06.021116+00
DAILY20260921LN93,64e29f32-1dd5-4574-87c6-5287e2fa8c3e,GOLD,ABC Bank,GGN044,510048,473616,364320,389822.4,55200,11040,2022-01-15,2025-01-15,2025-11-10,2026-09-21,155,NPA,NPA,14.5,21859.2,3643.2,,0,t,NONE,NONE,129.2,129.2,,ce15069e-a65f-45ed-84ef-b9bede837244,2026-09-21 04:52:59.930794+00,2026-09-21 04:52:59.930797+00
LN000000327,25bf5d35-049f-4dbb-97e2-00faa8db1a8c,GOLD,ABC Bank,BR9329,286819.41,276520.66,160642.14,175534.69,14927.22,7380,2024-06-18,2029-05-23,2026-07-18,2026-09-18,35,BUCKET_2,ACTIVE,20.35,5720,7016.15,60,5204.72,f,NONE,NONE,58.8,24.73,,ce21f9b0-c883-4be4-ac70-6e3c67ba9827,2026-08-27 11:28:00.060538+00,2026-09-02 15:27:18.715677+00
DAILY20260906LN113,07e92b73-71cd-4b5c-bdfd-ef6208bb1336,EDUCATION,ABC Bank,GGN044,254072,235924,181480,194183.6,6980,6980,2022-01-15,2025-01-15,2025-11-10,2026-09-06,47,BUCKET_2,ACTIVE,14.5,10888.8,1814.8,,0,f,NONE,NONE,39.2,39.2,,ce91ae15-8e18-42e1-90c2-fbd19852581c,2026-09-06 13:30:49.475626+00,2026-09-06 13:30:49.475629+00
LN000000241,8727be63-e58f-4434-88fb-0988a8f567d6,CREDIT_CARD,ABC Bank,BR2537,139463.75,127807.9,58476.65,62208.11,8931.39,3890,2023-10-30,2027-10-09,2026-07-09,2026-08-29,35,BUCKET_2,ACTIVE,20.01,2422.67,268.06,48,2328.63,f,NONE,NONE,25.4,22.65,,cea23c72-efbe-4ea2-aa19-35f8f86182d7,2026-08-27 11:28:00.060433+00,2026-09-02 15:27:18.715677+00
DAILY20260903LN136,ab17019d-cb8a-4af7-8d12-48719639dbe2,MICROFINANCE,ABC Bank,GGN044,176904,164268,126360,135205.2,24300,4860,2022-01-15,2025-01-15,2025-11-10,2026-09-03,155,NPA,NPA,14.5,7581.6,1263.6,,0,t,NONE,NONE,129.2,129.2,,cea3687d-bb8e-41e7-9fee-230fd1a317da,2026-09-02 15:33:16.099983+00,2026-09-02 15:33:16.099983+00
DAILY20260918LN84,f6d39908-9c8e-4428-a6d5-4b57759331b6,AUTO,ABC Bank,GGN044,650804,604318,464860,497400.2,105650,21130,2022-01-15,2025-01-15,2025-11-10,2026-09-18,155,NPA,NPA,14.5,27891.6,4648.6,,0,t,NONE,NONE,129.2,129.2,,cec57280-7404-4dab-841b-1e8495d86228,2026-09-18 06:49:34.478745+00,2026-09-18 06:49:34.478748+00
LN000000098,414ea351-9932-44a5-97dd-6087537e80e3,GOLD,ABC Bank,BR7113,360693.98,346483.56,153434.93,156581.97,55158.73,16150,2025-01-24,2027-01-14,2026-05-12,2026-09-17,95,NPA,NPA,11.01,2215.8,616.16,24,11203.75,t,SARFAESI,NONE,100,100,,ced64856-325d-4ca6-9043-eead876ca3a7,2026-08-27 11:28:00.060258+00,2026-09-02 15:27:18.715677+00
LN000000370,fd43a479-ff98-41e7-9901-d682854af95f,HOME,ABC Bank,BR9102,1359956.37,1298022.68,567777.73,601936.48,172260.78,45140,2023-02-17,2026-02-01,2026-05-11,2026-09-10,95,NPA,NPA,15.23,24076.12,6045.17,36,27815.16,t,NONE,NONE,70.4,52.39,,ced88f70-c27e-4cd2-bdea-8bd54daf826e,2026-08-27 11:28:00.06059+00,2026-09-02 15:27:18.715677+00
DAILY20260906LN110,8139d883-7145-4e4f-a595-79a979bd1a01,HOME,ABC Bank,GGN044,1115100,1035450,796500,852255,95580,31860,2022-01-15,2025-01-15,2025-11-10,2026-09-06,95,NPA,NPA,14.5,47790,7965,,0,t,NONE,NONE,79.2,79.2,,ceef11e7-9c8c-48e8-8cd8-9cbeca08b976,2026-09-06 13:30:49.450581+00,2026-09-06 13:30:49.450583+00
LN000000143,d7d8ee64-0d99-4309-9923-ca443baf5db4,AUTO,ABC Bank,BR2392,480712.21,438994.99,311590.88,345709.7,28125.97,16490,2022-08-24,2025-08-08,2026-07-10,2026-09-21,42,BUCKET_2,ACTIVE,20.78,19034.24,12041.11,36,7973.54,f,NONE,NONE,38.2,28.66,,cf576340-d5d7-4b61-ae7b-41f19e26802d,2026-08-27 11:28:00.060314+00,2026-09-02 15:27:18.715677+00
DAILY20260906LN27,f4ff983b-55aa-49be-9704-aa2168b875dd,BUSINESS,ABC Bank,GGN044,2315264,2149888,1653760,1769523.2,48640,48640,2022-01-15,2025-01-15,2025-11-10,2026-09-06,32,BUCKET_2,ACTIVE,14.5,99225.6,16537.6,,0,f,NONE,NONE,26.7,26.7,,cfc0618a-6737-4c80-aa8f-20ee9c56709c,2026-09-06 13:30:48.831707+00,2026-09-06 13:30:48.83171+00
DAILY20260918LN32,2b0efb03-42f3-49db-b79d-e571c1d3ed84,BUSINESS,ABC Bank,GGN044,491400,456300,351000,375570,56160,14040,2022-01-15,2025-01-15,2025-11-10,2026-09-18,120,NPA,NPA,14.5,21060,3510,,0,t,NONE,NONE,100,100,,cfc9a7db-e1d9-416c-a100-a2284bd37257,2026-09-18 06:49:34.180581+00,2026-09-18 06:49:34.180584+00
DAILY20260921LN147,ea410858-2180-4f95-90d7-83024db917c6,EDUCATION,ABC Bank,GGN044,429324,398658,306660,328126.2,40350,8070,2022-01-15,2025-01-15,2025-11-10,2026-09-21,155,NPA,NPA,14.5,18399.6,3066.6,,0,t,NONE,NONE,129.2,129.2,,cfdf50e6-a83b-48c3-9f33-06809fd1e507,2026-09-21 04:53:00.475884+00,2026-09-21 04:53:00.475888+00
DAILY20260921LN146,f32bef9b-9476-4897-8c01-851b9f9fd4a1,PERSONAL,ABC Bank,GGN044,1328964,1234038,949260,1015708.2,48680,24340,2022-01-15,2025-01-15,2025-11-10,2026-09-21,65,BUCKET_3,ACTIVE,14.5,56955.6,9492.6,,0,f,NONE,NONE,54.2,54.2,,cfe44bb1-c7eb-42aa-97f0-3d4c28390465,2026-09-21 04:53:00.469184+00,2026-09-21 04:53:00.469188+00
DAILY20260918LN52,1de01e4a-18f0-4b66-8624-e76e5c3de2bb,CREDIT_CARD,ABC Bank,GGN044,141050,130975,100750,107802.5,16250,3250,2022-01-15,2025-01-15,2025-11-10,2026-09-18,155,NPA,NPA,14.5,6045,1007.5,,0,t,NONE,NONE,129.2,129.2,,d02af049-b265-4057-b235-c6d5082167a4,2026-09-18 06:49:34.2892+00,2026-09-18 06:49:34.289202+00
LN000000039,9bd1b138-1ded-4ba6-8eba-013a26589c63,MICROFINANCE,ABC Bank,BR1606,278052.85,256993.95,141426.35,143886.04,22140.99,4010,2025-11-16,2035-09-25,2026-04-14,2026-09-13,120,NPA,NPA,14.13,2152.25,230.53,120,2565.63,t,NONE,OFFERED,100,100,,d078a832-b509-4044-88da-09b286783278,2026-08-27 11:28:00.060184+00,2026-09-02 15:27:18.715677+00
DAILY20260903LN94,acc41cdf-843c-4b53-849f-610e9f120665,GOLD,ABC Bank,GGN044,299040,277680,213600,228552,13350,4450,2022-01-15,2025-01-15,2025-11-10,2026-09-03,95,NPA,NPA,14.5,12816,2136,,0,t,NONE,NONE,79.2,79.2,,d078d9ac-a54d-481f-8917-47db588112a8,2026-09-02 15:33:15.949736+00,2026-09-02 15:33:15.949736+00
LN000000084,6d7f5b9d-9880-4b50-9071-8f58c57f45a9,AUTO,ABC Bank,BR8778,469897.15,463304.85,311281.46,328033.39,197023.32,22630,2025-06-09,2027-05-30,2025-11-25,2026-09-06,270,NPA,ACTIVE,15.75,10254.21,4853.01,24,17249.16,t,NONE,NONE,100,100,,d0a326ca-b378-4225-9b54-517ae8806dd3,2026-08-27 11:28:00.060239+00,2026-09-02 15:27:18.715677+00
LN000000451,24ec8685-728f-4fd9-ad1f-3d85956050d2,GOLD,ABC Bank,BR7387,471610.12,460125.44,280001.72,287214.85,36787.66,8080,2023-03-14,2030-02-05,2026-05-19,2026-09-21,95,NPA,ACTIVE,11.83,3580.03,2299.21,84,4951.47,t,NONE,NONE,72.7,59.68,,d0bd1e88-77f7-42b1-8e02-d37dca9063bd,2026-08-27 11:28:00.060686+00,2026-09-02 15:27:18.715677+00
LN000000070,1b32f61d-8e4a-4b58-87fa-3a92c8baf6d7,HOME,ABC Bank,BR1722,927100.42,835529.63,745812.15,788865.62,88756.3,22130,2025-01-28,2030-01-02,2026-05-13,2026-09-15,105,NPA,NPA,19.99,16994.99,17894.34,60,10547.35,t,NONE,NONE,84.3,54.58,,d0caaa32-6a79-4efc-9987-22f2797241a8,2026-08-27 11:28:00.060222+00,2026-09-02 15:27:18.715677+00
DAILY20260918LN125,d10bbed5-28ff-443c-b19c-c16c6ea2e9e9,BUSINESS,ABC Bank,GGN044,614040,570180,438600,469302,21930,21930,2022-01-15,2025-01-15,2025-11-10,2026-09-18,47,BUCKET_2,ACTIVE,14.5,26316,4386,,0,f,NONE,NONE,39.2,39.2,,d0f13f19-e53d-4337-8e99-96744135727f,2026-09-18 06:49:34.739102+00,2026-09-18 06:49:34.739105+00
DAILY20260906LN09,9f827319-7116-44c9-8f47-bc88c052a7ca,EDUCATION,ABC Bank,GGN044,950040,882180,678600,726102,75400,18850,2022-01-15,2025-01-15,2025-11-10,2026-09-06,120,NPA,NPA,14.5,40716,6786,,0,t,NONE,NONE,100,100,,d118f9b0-33d4-48e1-9f0d-c433d9c9eb2c,2026-09-06 13:30:48.708238+00,2026-09-06 13:30:48.70824+00
DAILY20260907LN148,f3c2c9dd-3aff-4847-80d9-b69ff8aadea5,CREDIT_CARD,ABC Bank,GGN044,392196,364182,280140,299749.8,13340,6670,2022-01-15,2025-01-15,2025-11-10,2026-09-07,65,BUCKET_3,ACTIVE,14.5,16808.4,2801.4,,0,f,NONE,NONE,54.2,54.2,,d15d40e6-9602-4528-b1d1-039589b054b1,2026-09-07 04:59:06.650536+00,2026-09-07 04:59:06.650539+00
DAILY20260903LN23,dc9833c2-f55b-4b09-8251-4dc6a327e39c,BUSINESS,ABC Bank,GGN044,682864,634088,487760,521903.2,93800,18760,2022-01-15,2025-01-15,2025-11-10,2026-09-03,155,NPA,NPA,14.5,29265.6,4877.6,,0,t,NONE,NONE,129.2,129.2,,d1878efa-1b5b-4ecd-8259-b2ed922462a1,2026-09-02 15:33:15.656765+00,2026-09-02 15:33:15.656765+00
DAILY20260907LN32,3a79bdd0-6c53-44b9-aabc-cb5045401738,GOLD,ABC Bank,GGN044,936712,869804,669080,715915.6,46680,15560,2022-01-15,2025-01-15,2025-11-10,2026-09-07,95,NPA,NPA,14.5,40144.8,6690.8,,0,t,NONE,NONE,79.2,79.2,,d189454a-f949-4008-a30e-29b731669924,2026-09-07 04:59:05.900192+00,2026-09-07 04:59:05.900194+00
LN000000005,33f12778-7bf9-4da4-8e58-36cfe69c78d3,PERSONAL,ABC Bank,BR4261,301687.37,284734.3,168099.89,178658,46262.35,26270,2023-12-13,2024-12-07,2026-07-06,2026-09-24,42,BUCKET_2,ACTIVE,19.22,7736.23,2023.86,12,13664.55,f,NONE,NONE,63.4,55.74,,d1e05eba-5267-46ee-abe1-f04c56c5a455,2026-08-27 11:28:00.060144+00,2026-09-02 15:27:18.715677+00
DAILY20260907LN119,ffe0343a-e2b6-436c-b3f6-bbea2cf50922,GOLD,ABC Bank,GGN044,541198,502541,386570,413629.9,24940,12470,2022-01-15,2025-01-15,2025-11-10,2026-09-07,88,BUCKET_3,ACTIVE,14.5,23194.2,3865.7,,0,f,NONE,NONE,73.3,73.3,,d202deab-d3ea-43dc-9c19-5080587f4932,2026-09-07 04:59:06.509151+00,2026-09-07 04:59:06.509153+00
DAILY20260907LN156,1d7bafb9-1a52-4926-98ee-e3a08dcca343,BUSINESS,ABC Bank,GGN044,841232,781144,600880,642941.6,81200,16240,2022-01-15,2025-01-15,2025-11-10,2026-09-07,155,NPA,NPA,14.5,36052.8,6008.8,,0,t,NONE,NONE,129.2,129.2,,d210ec8a-5c4f-41a7-98f1-588f51e09a51,2026-09-07 04:59:06.717737+00,2026-09-07 04:59:06.71774+00
DAILY20260918LN149,b2e0b215-7a45-460f-86e8-1bd6df840a48,PERSONAL,ABC Bank,GGN044,672672,624624,480480,514113.6,43680,14560,2022-01-15,2025-01-15,2025-11-10,2026-09-18,95,NPA,NPA,14.5,28828.8,4804.8,,0,t,NONE,NONE,79.2,79.2,,d225beca-225c-4ba2-bd42-86db0a214f1e,2026-09-18 06:49:34.866957+00,2026-09-18 06:49:34.866959+00
DAILY20260903LN149,f219bcbe-36b7-437b-97fd-a1bd4eb6c81b,MICROFINANCE,ABC Bank,GGN044,111244,103298,79460,85022.2,2740,1370,2022-01-15,2025-01-15,2025-11-10,2026-09-03,88,BUCKET_3,ACTIVE,14.5,4767.6,794.6,,0,f,NONE,NONE,73.3,73.3,,d228753a-b59e-424c-813c-ead24b623587,2026-09-02 15:33:16.159176+00,2026-09-02 15:33:16.159176+00
LN000000243,d2a33ff1-ab95-4313-b96e-37e0814c6f2d,BUSINESS,ABC Bank,BR1043,1166043.5,1117922.87,796928.23,858172.46,134840.1,41960,2022-11-04,2025-10-19,2026-06-01,2026-08-30,80,BUCKET_3,ACTIVE,20.72,56319.71,3212.68,36,41685.26,f,NONE,NONE,53.1,100,,d25b8769-b7f4-4946-a62d-53caed299e4e,2026-08-27 11:28:00.060435+00,2026-09-02 15:27:18.715677+00
DEMOLOAN00012,bc13cfe8-1b8c-49e7-837f-f22e5e2e9f40,PERSONAL,ABC Bank,GGN044,308448.95,286416.88,220320.68,235743.13,66096.2,6120,2022-01-15,2025-01-15,2025-11-10,2026-08-27,35,BUCKET_2,ACTIVE,14.5,13219.24,2203.21,,0,f,NONE,NONE,29.2,29.2,,d2840674-750b-4a90-b613-6717af2ce65d,2026-08-27 11:28:09.599376+00,2026-09-02 15:27:18.730017+00
DAILY20260903LN95,3a1075b2-94d9-45a1-a6c9-15497dd0947c,BUSINESS,ABC Bank,GGN044,413532,383994,295380,316056.6,21880,10940,2022-01-15,2025-01-15,2025-11-10,2026-09-03,65,BUCKET_3,ACTIVE,14.5,17722.8,2953.8,,0,f,NONE,NONE,54.2,54.2,,d29efd79-6066-4e81-a083-5e9d66b6cdef,2026-09-02 15:33:15.951735+00,2026-09-02 15:33:15.951735+00
DAILY20260903LN49,29d07d0f-e556-4d0f-b843-6f616ff990a9,MICROFINANCE,ABC Bank,GGN044,106372,98774,75980,81298.6,3930,1310,2022-01-15,2025-01-15,2025-11-10,2026-09-03,95,NPA,NPA,14.5,4558.8,759.8,,0,t,NONE,NONE,79.2,79.2,,d2f55ce4-73a1-4ec9-b980-ef3638e40632,2026-09-02 15:33:15.758109+00,2026-09-02 15:33:15.758109+00
DAILY20260921LN176,cac90b71-2ba9-4184-871e-11040b9e199f,AUTO,ABC Bank,GGN044,1184386,1099787,845990,905209.3,27290,27290,2022-01-15,2025-01-15,2025-11-10,2026-09-21,32,BUCKET_2,ACTIVE,14.5,50759.4,8459.9,,0,f,NONE,NONE,26.7,26.7,,d32ea72b-7552-4cb8-994a-ab73924deb96,2026-09-21 04:53:00.666012+00,2026-09-21 04:53:00.666018+00
DAILY20260906LN33,fd0a1adc-db86-4b79-a112-86dd04f758c1,CREDIT_CARD,ABC Bank,GGN044,288512,267904,206080,220505.6,17920,4480,2022-01-15,2025-01-15,2025-11-10,2026-09-06,120,NPA,NPA,14.5,12364.8,2060.8,,0,t,NONE,NONE,100,100,,d35eda7c-124c-4dfc-92ee-a343c8d0a67e,2026-09-06 13:30:48.87263+00,2026-09-06 13:30:48.872638+00
DAILY20260921LN46,4624e520-f276-4b98-b597-9d3c21637279,EDUCATION,ABC Bank,GGN044,237538,220571,169670,181546.9,35720,8930,2022-01-15,2025-01-15,2025-11-10,2026-09-21,120,NPA,NPA,14.5,10180.2,1696.7,,0,t,NONE,NONE,100,100,,d37f4ecb-7ad6-45dc-9c6d-c0852e9a92f8,2026-09-21 04:52:59.64353+00,2026-09-21 04:52:59.643532+00
DAILY20260903LN53,925f2498-7e16-46cf-8008-6d7516ec1e0d,HOME,ABC Bank,GGN044,2966040,2754180,2118600,2266902,128400,64200,2022-01-15,2025-01-15,2025-11-10,2026-09-03,88,BUCKET_3,ACTIVE,14.5,127116,21186,,0,f,NONE,NONE,73.3,73.3,,d3b18cf7-2e30-4a31-ac17-907d313eaf8b,2026-09-02 15:33:15.768524+00,2026-09-02 15:33:15.768524+00
DAILY20260907LN186,bc5ca2b2-6bf3-4fd2-9909-17e59ad7e92c,EDUCATION,ABC Bank,GGN044,381640,354380,272600,291682,29000,5800,2022-01-15,2025-01-15,2025-11-10,2026-09-07,155,NPA,NPA,14.5,16356,2726,,0,t,NONE,NONE,129.2,129.2,,d3e2d835-ad52-4560-bb9f-b6cd931f5a45,2026-09-07 04:59:06.888044+00,2026-09-07 04:59:06.888046+00
DAILY20260921LN134,b5fe8ecb-6f69-40c7-93dd-4547328762a8,MICROFINANCE,ABC Bank,GGN044,184240,171080,131600,140812,7050,2350,2022-01-15,2025-01-15,2025-11-10,2026-09-21,95,NPA,NPA,14.5,7896,1316,,0,t,NONE,NONE,79.2,79.2,,d3fd0914-93e6-4bc2-9904-fd88f1d28138,2026-09-21 04:53:00.30966+00,2026-09-21 04:53:00.309664+00
LN000000037,4f8bfadf-b2bc-41d8-82ef-ac42eac891d6,HOME,ABC Bank,BR5958,1535858.33,1488524.14,791418.51,885609.2,108739.55,35020,2023-06-08,2030-05-02,2026-06-06,2026-08-28,80,BUCKET_3,ACTIVE,22.16,52540.79,27606.42,84,16636.36,f,NONE,NONE,74.6,45.33,,d4ad7bd2-f764-434c-b88d-c8cc1656abf6,2026-08-27 11:28:00.060182+00,2026-09-02 15:27:18.731019+00
DAILY20260906LN26,36a1043d-810f-4ab4-9b69-cdb7e846ec1b,AUTO,ABC Bank,GGN044,743036,689962,530740,567891.8,15610,15610,2022-01-15,2025-01-15,2025-11-10,2026-09-06,32,BUCKET_2,ACTIVE,14.5,31844.4,5307.4,,0,f,NONE,NONE,26.7,26.7,,d4dda636-9772-45fb-8c06-58325354685d,2026-09-06 13:30:48.824366+00,2026-09-06 13:30:48.82437+00
DAILY20260921LN83,4363f307-8aca-4fcf-af7c-d28853e5de38,HOME,ABC Bank,GGN044,3334380,3096210,2381700,2548419,93400,46700,2022-01-15,2025-01-15,2025-11-10,2026-09-21,65,BUCKET_3,ACTIVE,14.5,142902,23817,,0,f,NONE,NONE,54.2,54.2,,d4f2d8b5-ebe5-4d09-8d6b-10de5597c774,2026-09-21 04:52:59.854263+00,2026-09-21 04:52:59.854269+00
LN000000351,90ff85dd-d2b4-421f-b7c9-80f39963a12b,MICROFINANCE,ABC Bank,BR7606,175069.79,170927.86,77316.1,81391.45,6304.52,3240,2022-11-14,2029-10-08,2026-07-02,2026-09-11,42,BUCKET_2,ACTIVE,14.39,2965.12,976.4,84,2984.72,f,NONE,NONE,48.9,52.4,,d4fd067f-6908-44ce-8860-7bac8a40c631,2026-08-27 11:28:00.060567+00,2026-09-02 15:27:18.731019+00
DAILY20260906LN64,89f08492-ded3-4326-9529-e439b3e551ed,PERSONAL,ABC Bank,GGN044,751296,697632,536640,574204.8,44720,11180,2022-01-15,2025-01-15,2025-11-10,2026-09-06,120,NPA,NPA,14.5,32198.4,5366.4,,0,t,NONE,NONE,100,100,,d5098952-0f83-4ba6-a32a-17982d23d743,2026-09-06 13:30:49.179369+00,2026-09-06 13:30:49.179372+00
LN000000425,11721135-0a03-4f14-a72b-f26994b00c33,AUTO,ABC Bank,BR6468,666284.33,665035.3,604414.81,639165.11,28034.73,12680,2025-05-23,2032-04-16,2026-07-13,2026-09-02,35,BUCKET_2,ACTIVE,14.59,21407.64,12255.79,84,11831,f,NONE,NONE,51.2,25.08,,d5195d7c-e73d-4b1b-8602-ec0683cd2d20,2026-08-27 11:28:00.060655+00,2026-09-02 15:27:18.731019+00
DAILY20260907LN15,65768d87-0e6a-4734-a20a-4b98f47c4a2d,MICROFINANCE,ABC Bank,GGN044,294882,273819,210630,225374.1,4130,4130,2022-01-15,2025-01-15,2025-11-10,2026-09-07,32,BUCKET_2,ACTIVE,14.5,12637.8,2106.3,,0,f,NONE,NONE,26.7,26.7,,d55bf73c-c757-4781-ae6f-9d5d65807c34,2026-09-07 04:59:05.808534+00,2026-09-07 04:59:05.808537+00
LN000000492,84afbd8b-fd6f-4cd1-86f1-555aeefe9444,AUTO,ABC Bank,BR2896,335444.76,302752.18,134290.54,141314.43,139332.62,28490,2025-12-03,2026-11-28,2026-03-20,2026-08-30,150,NPA,ACTIVE,23.06,5042.09,1288.5,12,26241.88,t,NONE,NONE,94.9,97.29,,d55f5757-0378-441f-8a3b-6f5030bbba8e,2026-08-27 11:28:00.060735+00,2026-09-02 15:27:18.731019+00
DAILY20260907LN111,141202c6-655d-4645-888f-8ba34bac8d5b,EDUCATION,ABC Bank,GGN044,1082424,1005108,773160,827281.2,30320,15160,2022-01-15,2025-01-15,2025-11-10,2026-09-07,88,BUCKET_3,ACTIVE,14.5,46389.6,7731.6,,0,f,NONE,NONE,73.3,73.3,,d5a36ba7-f4c5-4ca1-ac0f-8aa5c12b7e97,2026-09-07 04:59:06.457827+00,2026-09-07 04:59:06.45783+00
DAILY20260906LN19,fd5ce6d4-2fee-4060-8b82-dc050cb2bc17,CREDIT_CARD,ABC Bank,GGN044,667590,619905,476850,510229.5,37400,9350,2022-01-15,2025-01-15,2025-11-10,2026-09-06,120,NPA,NPA,14.5,28611,4768.5,,0,t,NONE,NONE,100,100,,d5cae345-dd41-4996-b14a-63da66ccc7db,2026-09-06 13:30:48.775967+00,2026-09-06 13:30:48.77597+00
DAILY20260921LN172,b1b50298-f3cd-4d8b-a142-fe1e5fb1e6a0,CREDIT_CARD,ABC Bank,GGN044,143640,133380,102600,109782,2700,2700,2022-01-15,2025-01-15,2025-11-10,2026-09-21,32,BUCKET_2,ACTIVE,14.5,6156,1026,,0,f,NONE,NONE,26.7,26.7,,d6067ae8-b6b2-48b7-ad0c-863476e58de3,2026-09-21 04:53:00.63435+00,2026-09-21 04:53:00.634355+00
LN000000360,c3738b3e-a0a4-4ddb-840b-0839a663abe3,HOME,ABC Bank,BR6540,1207057.07,1192965.85,463260.55,509596.61,72676.45,20290,2023-05-18,2030-04-11,2026-05-22,2026-09-21,95,NPA,ACTIVE,10.78,4911.58,25290.13,84,13139.47,t,NOTICE_SENT,NONE,80.3,47.08,,d61c12fc-f910-4d1e-8ee1-788ea0d7e44a,2026-08-27 11:28:00.060578+00,2026-09-02 15:27:18.731019+00
LN000000020,0cf79da7-545f-4c74-a7f6-517536fa5cf4,GOLD,ABC Bank,BR4857,791958.96,722429.22,647205.16,674325.54,51452.9,15000,2026-02-12,2035-12-22,2026-06-07,2026-09-25,72,BUCKET_3,ACTIVE,22.14,26663.78,410.59,120,7893.48,f,NONE,NONE,52,100,,d62a2c34-cfcf-4f26-88ea-6af51e289cd9,2026-08-27 11:28:00.060162+00,2026-09-02 15:27:18.731019+00
DAILY20260903LN190,95edc3b7-fb1a-42c5-ab72-9f977a5bf345,PERSONAL,ABC Bank,GGN044,1816500,1686750,1297500,1388325,51900,25950,2022-01-15,2025-01-15,2025-11-10,2026-09-03,65,BUCKET_3,ACTIVE,14.5,77850,12975,,0,f,NONE,NONE,54.2,54.2,,d69b331e-54b5-4cfa-9507-a51f22ac18bd,2026-09-02 15:33:16.301408+00,2026-09-02 15:33:16.301408+00
LN000000478,89297e6d-ff64-4cf1-a3a2-f15a91f41f32,MICROFINANCE,ABC Bank,BR7444,143299.21,132350.43,75314.25,77669.69,11083.44,2190,2026-01-28,2035-12-07,2026-04-18,2026-09-07,120,NPA,ACTIVE,15.67,951.38,435.14,120,895.49,t,NOTICE_SENT,NONE,85.5,65.1,,d6f15937-d6b6-4d7b-801d-1fbb0c516d6d,2026-08-27 11:28:00.060719+00,2026-09-02 15:27:18.731019+00
DAILY20260918LN155,1df00851-632b-4c59-aa40-2a7589cea176,BUSINESS,ABC Bank,GGN044,3123778,2900651,2231270,2387458.9,259450,51890,2022-01-15,2025-01-15,2025-11-10,2026-09-18,155,NPA,NPA,14.5,133876.2,22312.7,,0,t,NONE,NONE,129.2,129.2,,d761a9f3-743c-43d8-98d4-6b0f8f966b10,2026-09-18 06:49:34.896848+00,2026-09-18 06:49:34.896851+00
LN000000219,89d5b709-d034-4e97-837a-504824bd3a86,HOME,ABC Bank,BR8738,1609544.19,1461215.84,1064049.52,1098413.04,206870.41,68160,2022-12-10,2024-11-29,2026-05-25,2026-09-03,80,BUCKET_3,ACTIVE,11.08,32801.94,544.1,24,40225.55,f,NONE,NONE,74.5,100,,d776d92b-ed76-434e-a6fd-2791a838400e,2026-08-27 11:28:00.060407+00,2026-09-02 15:27:18.731019+00
DAILY20260907LN110,27ed6fc7-61f0-49b5-89bb-98e96ff7c539,GOLD,ABC Bank,GGN044,313208,290836,223720,239380.4,31960,7990,2022-01-15,2025-01-15,2025-11-10,2026-09-07,120,NPA,NPA,14.5,13423.2,2237.2,,0,t,NONE,NONE,100,100,,d777ef12-8f20-4687-8fbe-ae44d4721718,2026-09-07 04:59:06.451782+00,2026-09-07 04:59:06.451785+00
DAILY20260921LN22,93c21e48-e461-45d2-98ea-894bcf698012,AUTO,ABC Bank,GGN044,923328,857376,659520,705686.4,18320,18320,2022-01-15,2025-01-15,2025-11-10,2026-09-21,32,BUCKET_2,ACTIVE,14.5,39571.2,6595.2,,0,f,NONE,NONE,26.7,26.7,,d7f074b9-ea0d-4d14-95b4-f4c4c3a41446,2026-09-21 04:52:59.509537+00,2026-09-21 04:52:59.509541+00
DAILY20260903LN174,ae93daa3-9458-41c3-b07d-f8ca38a5f97a,CREDIT_CARD,ABC Bank,GGN044,108192,100464,77280,82689.6,3360,3360,2022-01-15,2025-01-15,2025-11-10,2026-09-03,32,BUCKET_2,ACTIVE,14.5,4636.8,772.8,,0,f,NONE,NONE,26.7,26.7,,d80cdb99-4a2a-47a7-b127-5c73f87d9063,2026-09-02 15:33:16.240743+00,2026-09-02 15:33:16.240743+00
LN000000417,03835aab-6c3f-498b-87bb-b14e81a4c4a7,MICROFINANCE,ABC Bank,BR2246,65358.05,63190.99,30807.66,32883.68,4078.8,1860,2023-03-10,2027-02-17,2026-06-30,2026-09-25,50,BUCKET_2,ACTIVE,18.11,780.63,1291.58,48,1341.35,f,NONE,NONE,58.4,25.5,,d8102c1f-f024-452d-98b1-b92ea2092f68,2026-08-27 11:28:00.060645+00,2026-09-02 15:27:18.731019+00
DAILY20260906LN153,d0a0cf05-c349-4053-a5a8-a182cd00b880,PERSONAL,ABC Bank,GGN044,829080,769860,592200,633654,65800,16450,2022-01-15,2025-01-15,2025-11-10,2026-09-06,120,NPA,NPA,14.5,35532,5922,,0,t,NONE,NONE,100,100,,d81aa489-918c-46c0-bb1c-6e76ba0f2408,2026-09-06 13:30:49.735099+00,2026-09-06 13:30:49.735102+00
DAILY20260906LN163,a4217cb6-29b9-4f6c-b1fd-f89223e0cbbc,PERSONAL,ABC Bank,GGN044,425880,395460,304200,325494,20280,10140,2022-01-15,2025-01-15,2025-11-10,2026-09-06,65,BUCKET_3,ACTIVE,14.5,18252,3042,,0,f,NONE,NONE,54.2,54.2,,d85d0665-d1a2-4f8e-8b94-ad485a994b0e,2026-09-06 13:30:49.799381+00,2026-09-06 13:30:49.799385+00
LN000000436,8686c2cc-b01d-4e9f-966c-a2c2ab5bcb98,BUSINESS,ABC Bank,BR1718,901049.8,853418.84,788986.64,804622.66,75704.92,28910,2023-09-30,2026-09-14,2026-06-10,2026-09-14,72,BUCKET_3,ACTIVE,13.38,8911.21,6188.11,36,19666.03,f,NONE,NONE,80.2,68.25,,d8729724-f115-43b4-9112-796cd28e00a9,2026-08-27 11:28:00.060668+00,2026-09-02 15:27:18.731019+00
LN000000133,5070f778-7f9b-4b86-ab66-4098aef6394c,PERSONAL,ABC Bank,BR2005,377141.44,374467.44,216521.41,254205.21,19292.86,9100,2025-11-16,2030-10-21,2026-07-03,2026-09-06,42,BUCKET_2,ACTIVE,15.97,7666.65,27672.07,60,7155.54,f,NONE,NONE,46,22.35,,d8d73b58-2ea3-4015-a153-4b6df9349d3a,2026-08-27 11:28:00.060302+00,2026-09-02 15:27:18.731019+00
DAILY20260903LN54,c2b8e087-a567-4277-9169-b84d88ed3193,PERSONAL,ABC Bank,GGN044,1263780,1173510,902700,965889,20060,20060,2022-01-15,2025-01-15,2025-11-10,2026-09-03,32,BUCKET_2,ACTIVE,14.5,54162,9027,,0,f,NONE,NONE,26.7,26.7,,d8ff665d-fe2c-4d15-b87c-55f9e42d3584,2026-09-02 15:33:15.768524+00,2026-09-02 15:33:15.768524+00
DAILY20260921LN182,f4350fc3-492b-4431-bd35-e77d5dfe45b8,AUTO,ABC Bank,GGN044,528710,490945,377650,404085.5,10790,10790,2022-01-15,2025-01-15,2025-11-10,2026-09-21,47,BUCKET_2,ACTIVE,14.5,22659,3776.5,,0,f,NONE,NONE,39.2,39.2,,d914cc0f-e2a5-4a90-a806-4de4d4549961,2026-09-21 04:53:00.701629+00,2026-09-21 04:53:00.701634+00
DAILY20260906LN48,32f15328-7830-47fd-b50c-819f50a7bcad,EDUCATION,ABC Bank,GGN044,566370,525915,404550,432868.5,41850,13950,2022-01-15,2025-01-15,2025-11-10,2026-09-06,95,NPA,NPA,14.5,24273,4045.5,,0,t,NONE,NONE,79.2,79.2,,d91f0719-a47c-4731-bf19-774cd9a2ca87,2026-09-06 13:30:49.064271+00,2026-09-06 13:30:49.064275+00
DAILY20260906LN129,27bbc090-022c-4631-bd0c-9b69fbbe85bc,PERSONAL,ABC Bank,GGN044,348880,323960,249200,266644,12460,12460,2022-01-15,2025-01-15,2025-11-10,2026-09-06,32,BUCKET_2,ACTIVE,14.5,14952,2492,,0,f,NONE,NONE,26.7,26.7,,d9983159-d1c9-486a-a0dc-21d47bfcb0f9,2026-09-06 13:30:49.5793+00,2026-09-06 13:30:49.579305+00
DAILY20260918LN09,da47d22e-fba9-4b3e-93d5-b7af23f47faf,MICROFINANCE,ABC Bank,GGN044,80080,74360,57200,61204,2200,2200,2022-01-15,2025-01-15,2025-11-10,2026-09-18,47,BUCKET_2,ACTIVE,14.5,3432,572,,0,f,NONE,NONE,39.2,39.2,,d9a89ecc-feca-4279-bf42-5e00e721dcc1,2026-09-18 06:49:34.069479+00,2026-09-18 06:49:34.069484+00
LN000000198,0b69a0a3-3f45-481a-8840-b0720961f695,BUSINESS,ABC Bank,BR5960,1697562.82,1611490.29,1012625.4,1072653.15,130088.8,48480,2025-07-24,2029-07-03,2026-06-22,2026-09-25,65,BUCKET_3,ACTIVE,19.35,58706.32,1161.95,48,38156.93,f,NONE,NONE,62.6,100,,d9d0f84b-c00d-4171-8a22-f34a0c69a644,2026-08-27 11:28:00.060382+00,2026-09-02 15:27:18.731019+00
LN000000480,bad3f7d3-7bf5-4374-a30c-4af959f6eb0a,GOLD,ABC Bank,BR3129,244050.09,241418.65,184703.61,193325.44,34619.42,7850,2022-10-08,2025-09-22,2026-05-05,2026-09-07,105,NPA,NPA,10.53,2762.44,3718.92,36,7296.53,t,NONE,NONE,78.4,57.84,,d9f2936c-05cc-4fc9-8c94-9843c3ecf02b,2026-08-27 11:28:00.060721+00,2026-09-02 15:27:18.731019+00
LN000000025,11721135-0a03-4f14-a72b-f26994b00c33,BUSINESS,ABC Bank,BR8388,1297905.19,1264995.9,606363.08,636912.12,227038.08,35430,2022-10-19,2026-09-28,2026-03-23,2026-09-18,150,NPA,NPA,15.35,28154.31,1868.26,48,22029.76,t,NONE,NEGOTIATING,100,100,,da55fe5a-babe-4496-b19b-1d6daaeecadf,2026-08-27 11:28:00.060168+00,2026-09-02 15:27:18.731019+00
DAILY20260903LN117,e49c321c-1faa-4aeb-9185-bdeb92cfd07c,BUSINESS,ABC Bank,GGN044,1916376,1779492,1368840,1464658.8,80520,26840,2022-01-15,2025-01-15,2025-11-10,2026-09-03,95,NPA,NPA,14.5,82130.4,13688.4,,0,t,NONE,NONE,79.2,79.2,,dadec44a-2121-4a43-bb64-3f62f2dd9f2f,2026-09-02 15:33:16.041747+00,2026-09-02 15:33:16.041747+00
DAILY20260907LN35,7225cfc0-d0d9-45a2-82aa-e496ff980162,CREDIT_CARD,ABC Bank,GGN044,318696,295932,227640,243574.8,54200,10840,2022-01-15,2025-01-15,2025-11-10,2026-09-07,155,NPA,NPA,14.5,13658.4,2276.4,,0,t,NONE,NONE,129.2,129.2,,db033ce1-bf2d-4249-8f9f-d6466e8c1780,2026-09-07 04:59:05.91734+00,2026-09-07 04:59:05.917343+00
DAILY20260907LN158,30d21a11-c722-4cfa-a546-596428314fc6,GOLD,ABC Bank,GGN044,1094688,1016496,781920,836654.4,81450,16290,2022-01-15,2025-01-15,2025-11-10,2026-09-07,155,NPA,NPA,14.5,46915.2,7819.2,,0,t,NONE,NONE,129.2,129.2,,db093893-769a-4522-9b81-ed7545122843,2026-09-07 04:59:06.727464+00,2026-09-07 04:59:06.727467+00
LN000000385,658f8f95-f53f-42f2-add4-333c400e10db,CREDIT_CARD,ABC Bank,BR9022,376441.94,353331.94,319437.65,338459.64,26165.63,8320,2023-01-08,2029-12-02,2026-05-29,2026-09-16,80,BUCKET_3,ACTIVE,22.2,17258.19,1364.08,84,5987.43,f,NONE,NONE,82.6,100,,db5f136a-a6ea-4a35-8e0f-d3ef53eaa8d8,2026-08-27 11:28:00.060607+00,2026-09-02 15:27:18.731019+00
LN000000048,598573b9-8c04-44bf-bc0b-b3a1d7eb941c,PERSONAL,ABC Bank,BR9527,813933.66,783359.03,579101.46,611367.69,103762.91,23280,2021-10-12,2025-09-21,2026-05-15,2026-09-13,95,NPA,NPA,18.65,31259.12,415.45,48,12297.44,t,NOTICE_SENT,NONE,100,100,,db7e249b-c427-450b-87be-5b74d39cee67,2026-08-27 11:28:00.060195+00,2026-09-02 15:27:18.731019+00
DAILY20260903LN148,ac6e6fcc-c2ea-4ba3-b6de-c6660d7024fe,CREDIT_CARD,ABC Bank,GGN044,287434,266903,205310,219681.7,16760,4190,2022-01-15,2025-01-15,2025-11-10,2026-09-03,120,NPA,NPA,14.5,12318.6,2053.1,,0,t,NONE,NONE,100,100,,db8a7ce9-f468-4996-82c1-ac11434a88a2,2026-09-02 15:33:16.155188+00,2026-09-02 15:33:16.155188+00
LN000000118,09bb1651-55d3-44d1-9b94-6f90f25ae1cf,AUTO,ABC Bank,BR5891,352344.85,332868.38,246849.96,251595.57,55528.99,29950,2025-01-02,2025-12-28,2026-07-05,2026-09-02,42,BUCKET_2,ACTIVE,14.4,3686.61,1017.01,12,29343.98,f,NONE,NONE,36.2,100,,dbd61214-d0a6-40ec-b4f8-105df207d041,2026-08-27 11:28:00.060285+00,2026-09-02 15:27:18.731019+00
LN000000345,76811064-c74b-48f3-b242-82327284536a,MICROFINANCE,ABC Bank,BR2389,189093.02,177277.39,107201.15,111788.12,22580.64,4230,2021-10-07,2026-09-11,2026-03-20,2026-09-25,150,NPA,ACTIVE,15.14,4396.42,152.02,60,3878.43,t,NONE,NONE,100,100,,dbea9fe3-d0ae-4eb5-82ac-cff57e80a416,2026-08-27 11:28:00.06056+00,2026-09-02 15:27:18.731019+00
DAILY20260921LN130,208c3736-c1bb-42b7-8546-dddb31670212,GOLD,ABC Bank,GGN044,291424,270608,208160,222731.2,65050,13010,2022-01-15,2025-01-15,2025-11-10,2026-09-21,155,NPA,NPA,14.5,12489.6,2081.6,,0,t,NONE,NONE,129.2,129.2,,dc17aeb8-fa72-4e4d-a28e-d328e0087d32,2026-09-21 04:53:00.256176+00,2026-09-21 04:53:00.256182+00
LN000000405,33f12778-7bf9-4da4-8e58-36cfe69c78d3,PERSONAL,ABC Bank,BR9520,880328.34,863750.86,797588.45,824741.58,134889.16,16570,2023-07-14,2030-06-07,2026-01-21,2026-09-21,210,NPA,NPA,14.8,17666.98,7074.98,84,14643.13,t,NOTICE_SENT,NONE,100,100,,dc40c0e4-522b-41b4-98e6-6afc4f13dd00,2026-08-27 11:28:00.06063+00,2026-09-02 15:27:18.731019+00
LN000000130,ac3e9e9a-7166-4967-a92f-c7a9e44550d2,CREDIT_CARD,ABC Bank,BR9119,396919.14,358825.07,160103.26,165594.87,13972.67,7030,2025-12-26,2032-11-19,2026-06-26,2026-09-21,58,BUCKET_2,ACTIVE,15.52,3323.65,1892.98,84,4182.38,f,NONE,NONE,63.8,53.63,,dc6ec10c-43e2-4289-88b3-07427cf0cef5,2026-08-27 11:28:00.060299+00,2026-09-02 15:27:18.731019+00
LN000000202,ccd54b2f-b166-4fc5-87bc-3c0b196d1d1a,GOLD,ABC Bank,BR5687,273891.92,263115.18,163054,168265.3,28362.8,13620,2022-03-31,2024-03-20,2026-06-23,2026-09-02,58,BUCKET_2,ACTIVE,21.77,4116.42,972.67,24,7092.15,f,NONE,NONE,72.8,72.78,,dc7bc4db-22b4-439a-ad7c-5907b4751388,2026-08-27 11:28:00.060387+00,2026-09-02 15:27:18.731019+00
LN000000158,603e0110-90f9-471f-9f02-bccfb8407a98,EDUCATION,ABC Bank,BR1934,431699.81,410653.55,245536.55,257296.14,50095.02,15000,2022-05-03,2025-04-17,2026-06-16,2026-09-14,65,BUCKET_3,ACTIVE,18.74,9275.28,2444.87,36,12297.71,f,NONE,NONE,76.4,76.7,,dce8f3c2-3039-40f8-9510-f13fc83f7ed3,2026-08-27 11:28:00.060332+00,2026-09-02 15:27:18.731019+00
DAILY20260918LN40,c52327b2-c4f4-481c-ada4-548cbd2e811a,GOLD,ABC Bank,GGN044,309400,287300,221000,236470,35360,8840,2022-01-15,2025-01-15,2025-11-10,2026-09-18,120,NPA,NPA,14.5,13260,2210,,0,t,NONE,NONE,100,100,,dd3bc272-1057-4f5c-8a86-78d2716283eb,2026-09-18 06:49:34.221211+00,2026-09-18 06:49:34.221214+00
LN000000220,c1e96984-0b42-44e9-8e5d-848c1d7a4a79,GOLD,ABC Bank,BR8355,161091.14,148701.47,117426.43,123881.6,51302.36,13380,2023-09-01,2024-08-26,2026-05-11,2026-09-23,95,NPA,NPA,14.41,5374.23,728.83,12,7196.54,t,NOTICE_SENT,NONE,61.7,72.58,,dd850cff-1fc3-4381-beab-607ff776f1ee,2026-08-27 11:28:00.060408+00,2026-09-02 15:27:18.731019+00
DAILY20260906LN140,23b4abc0-be57-47d7-a9bf-dd0592e12519,HOME,ABC Bank,GGN044,1410752,1309984,1007680,1078217.6,314900,62980,2022-01-15,2025-01-15,2025-11-10,2026-09-06,155,NPA,NPA,14.5,60460.8,10076.8,,0,t,NONE,NONE,129.2,129.2,,dd93bbad-b098-41a0-8061-fb620e6ca454,2026-09-06 13:30:49.651869+00,2026-09-06 13:30:49.651872+00
DAILY20260918LN35,88144eb9-1ad4-460b-ac94-bba3b102831c,GOLD,ABC Bank,GGN044,436954,405743,312110,333957.7,26450,5290,2022-01-15,2025-01-15,2025-11-10,2026-09-18,155,NPA,NPA,14.5,18726.6,3121.1,,0,t,NONE,NONE,129.2,129.2,,ddaaf472-a66b-4150-97ac-d607c3c9d814,2026-09-18 06:49:34.196177+00,2026-09-18 06:49:34.19618+00
DAILY20260828LN02,802f9b80-c985-4f5d-8b9f-eb9b8b36dd3f,AUTO,ABC Bank,GGN044,742392.61,689364.57,530280.44,567400.06,159084.13,14730,2022-01-15,2025-01-15,2025-11-10,2026-08-28,88,BUCKET_3,ACTIVE,14.5,31816.82,5302.81,,0,f,NONE,NONE,73.3,73.3,,ddda6f00-2fec-48c9-9420-b0180d6bc979,2026-08-28 15:48:57.073789+00,2026-09-02 15:27:18.74361+00
LN000000270,2d5a75e9-0241-4f60-98fe-5461da045389,AUTO,ABC Bank,BR5725,1039534.5,968614.86,626596.89,650960.89,61918.26,28200,2023-11-24,2027-11-03,2026-07-08,2026-09-07,50,BUCKET_2,ACTIVE,17.5,22505.75,1082.87,48,20292.7,f,NONE,NONE,66.9,100,,de34afad-9f4e-4518-9dc0-8157720924aa,2026-08-27 11:28:00.06047+00,2026-09-02 15:27:18.745611+00
DAILY20260906LN131,f2917117-a598-47a7-8b67-81333a5ea6aa,CREDIT_CARD,ABC Bank,GGN044,34944,32448,24960,26707.2,3120,1560,2022-01-15,2025-01-15,2025-11-10,2026-09-06,65,BUCKET_3,ACTIVE,14.5,1497.6,249.6,,0,f,NONE,NONE,54.2,54.2,,de378cd7-b934-4032-8426-9ba54f25b129,2026-09-06 13:30:49.59306+00,2026-09-06 13:30:49.593062+00
DAILY20260907LN159,e6b005fb-868a-48c5-ac9a-4c8c19d9a40d,BUSINESS,ABC Bank,GGN044,2071916,1923922,1479940,1583535.8,238700,47740,2022-01-15,2025-01-15,2025-11-10,2026-09-07,155,NPA,NPA,14.5,88796.4,14799.4,,0,t,NONE,NONE,129.2,129.2,,de635497-2cb9-4b36-9245-6fd12955c20e,2026-09-07 04:59:06.732193+00,2026-09-07 04:59:06.732196+00
DAILY20260903LN61,44a35be6-4064-40b6-bac7-9e1da3793772,HOME,ABC Bank,GGN044,2816352,2615184,2011680,2152497.6,55880,55880,2022-01-15,2025-01-15,2025-11-10,2026-09-03,47,BUCKET_2,ACTIVE,14.5,120700.8,20116.8,,0,f,NONE,NONE,39.2,39.2,,de9a5fe3-d0a7-4e47-b74b-476308be11d5,2026-09-02 15:33:15.800372+00,2026-09-02 15:33:15.800372+00
DAILY20260918LN115,fc042834-99db-4e92-b44b-fe9a221785a0,AUTO,ABC Bank,GGN044,768180,713310,548700,587109,17700,17700,2022-01-15,2025-01-15,2025-11-10,2026-09-18,32,BUCKET_2,ACTIVE,14.5,32922,5487,,0,f,NONE,NONE,26.7,26.7,,de9a6f82-9188-4e16-bc48-76c631b7ea47,2026-09-18 06:49:34.683389+00,2026-09-18 06:49:34.683392+00
DAILY20260907LN140,d87eb245-92f6-4194-ac46-2e68dd31f8a5,PERSONAL,ABC Bank,GGN044,658350,611325,470250,503167.5,37620,18810,2022-01-15,2025-01-15,2025-11-10,2026-09-07,88,BUCKET_3,ACTIVE,14.5,28215,4702.5,,0,f,NONE,NONE,73.3,73.3,,debfd4ec-c831-4d0d-af9a-51605827b393,2026-09-07 04:59:06.610976+00,2026-09-07 04:59:06.610979+00
DAILY20260903LN118,9a834bac-55bf-41fb-98fb-f8e648aecf1b,CREDIT_CARD,ABC Bank,GGN044,330372,306774,235980,252498.6,20700,4140,2022-01-15,2025-01-15,2025-11-10,2026-09-03,155,NPA,NPA,14.5,14158.8,2359.8,,0,t,NONE,NONE,129.2,129.2,,dedee35c-51a6-4d29-b906-773ef0a9d75f,2026-09-02 15:33:16.044747+00,2026-09-02 15:33:16.044747+00
LN000000406,7b15825d-da60-4c1c-83c0-b319ba915f29,BUSINESS,ABC Bank,BR3510,1090074.7,1083527.72,998211.04,1026867.3,226555.99,20430,2025-11-15,2032-10-09,2025-11-27,2026-09-13,270,NPA,ACTIVE,14.21,22847.03,4329.4,84,16720.51,t,NOTICE_SENT,OFFERED,100,100,,df281442-6a47-4d2a-a170-6f3c85f699fe,2026-08-27 11:28:00.060631+00,2026-09-02 15:27:18.745611+00
DAILY20260906LN71,d9f92e3b-bee2-4ddf-9231-d3058ab504bb,PERSONAL,ABC Bank,GGN044,712320,661440,508800,544416,47700,15900,2022-01-15,2025-01-15,2025-11-10,2026-09-06,95,NPA,NPA,14.5,30528,5088,,0,t,NONE,NONE,79.2,79.2,,df4b4f68-faca-4259-8396-0cebd6bf33ff,2026-09-06 13:30:49.229694+00,2026-09-06 13:30:49.229696+00
DAILY20260918LN103,f090a69b-e9bb-4e2c-a8a2-510911da3172,PERSONAL,ABC Bank,GGN044,897120,833040,640800,685656,26700,26700,2022-01-15,2025-01-15,2025-11-10,2026-09-18,32,BUCKET_2,ACTIVE,14.5,38448,6408,,0,f,NONE,NONE,26.7,26.7,,df901039-364d-49ca-aa13-30499d63d1d9,2026-09-18 06:49:34.602565+00,2026-09-18 06:49:34.602568+00
DAILY20260918LN23,06c11942-9c85-4c36-87dc-52b614234094,EDUCATION,ABC Bank,GGN044,1274504,1183468,910360,974085.2,41380,20690,2022-01-15,2025-01-15,2025-11-10,2026-09-18,65,BUCKET_3,ACTIVE,14.5,54621.6,9103.6,,0,f,NONE,NONE,54.2,54.2,,e036e301-2b06-4044-87df-3da04ae317b1,2026-09-18 06:49:34.139353+00,2026-09-18 06:49:34.139356+00
LN000000180,e63912b9-aaf6-49cb-a648-f6d6f0052298,HOME,ABC Bank,BR7771,2281305.34,2070294.22,1059881.4,1087352.64,174094.38,48830,2024-01-13,2028-12-17,2026-04-30,2026-09-13,105,NPA,NPA,14.61,19510.41,7264.91,60,39109.95,t,NOTICE_SENT,NONE,84.4,81.29,,e0d2733f-41f4-4110-8cad-a0c67e85ad21,2026-08-27 11:28:00.060361+00,2026-09-02 15:27:18.745611+00
DAILY20260903LN04,7db5a829-00bd-4edf-baf8-fd606f506bb1,GOLD,ABC Bank,GGN044,656600,609700,469000,501830,26800,13400,2022-01-15,2025-01-15,2025-11-10,2026-09-03,65,BUCKET_3,ACTIVE,14.5,28140,4690,,0,f,NONE,NONE,54.2,54.2,,e0df47d1-9434-4704-b4c8-5afaf5320796,2026-09-02 15:33:15.588007+00,2026-09-02 15:33:15.588007+00
DAILY20260918LN114,5660e4b5-421f-4e9e-940c-b609d9a61812,MICROFINANCE,ABC Bank,GGN044,205800,191100,147000,157290,5880,2940,2022-01-15,2025-01-15,2025-11-10,2026-09-18,88,BUCKET_3,ACTIVE,14.5,8820,1470,,0,f,NONE,NONE,73.3,73.3,,e0e84ac7-32bf-4c9f-94c8-1e74e694138c,2026-09-18 06:49:34.677076+00,2026-09-18 06:49:34.677079+00
LN000000058,489a3403-a471-407c-9f57-f36a8e43f3e7,PERSONAL,ABC Bank,BR2885,460552.47,421058.27,160476.62,170431.2,49983.46,16190,2025-06-26,2028-06-10,2026-06-15,2026-09-11,65,BUCKET_3,ACTIVE,22.5,5225.15,2830.13,36,7064.97,f,NONE,NONE,53.6,36.62,,e1055b3b-8746-4a61-9287-5cb4803af6bb,2026-08-27 11:28:00.060207+00,2026-09-02 15:27:18.745611+00
DAILY20260918LN124,3dec7d7c-9ef3-43be-81ca-462863c3a294,CREDIT_CARD,ABC Bank,GGN044,489020,454090,349300,373751,49900,9980,2022-01-15,2025-01-15,2025-11-10,2026-09-18,155,NPA,NPA,14.5,20958,3493,,0,t,NONE,NONE,129.2,129.2,,e12f6e6c-1c58-428b-81b9-b06d97775ffe,2026-09-18 06:49:34.733677+00,2026-09-18 06:49:34.73368+00
DAILY20260903LN32,689045ac-c812-44e3-ad84-618c7f8c9ea0,EDUCATION,ABC Bank,GGN044,783300,727350,559500,598665,11190,11190,2022-01-15,2025-01-15,2025-11-10,2026-09-03,32,BUCKET_2,ACTIVE,14.5,33570,5595,,0,f,NONE,NONE,26.7,26.7,,e162df39-8bf3-4c7d-a4d7-b58e8479628b,2026-09-02 15:33:15.696971+00,2026-09-02 15:33:15.696971+00
DAILY20260907LN170,ec70f0c5-8808-420e-b5a2-e8760359b370,GOLD,ABC Bank,GGN044,878318,815581,627370,671285.9,14590,14590,2022-01-15,2025-01-15,2025-11-10,2026-09-07,47,BUCKET_2,ACTIVE,14.5,37642.2,6273.7,,0,f,NONE,NONE,39.2,39.2,,e16d726a-0c43-4e12-95a8-150bce3097a7,2026-09-07 04:59:06.790886+00,2026-09-07 04:59:06.790898+00
LN000000457,03f86dca-2e8f-417a-b504-e5736d9c217e,PERSONAL,ABC Bank,BR4501,952859.64,893524.23,464801.93,495815.17,47998.62,18060,2022-01-27,2028-12-21,2026-06-04,2026-09-22,72,BUCKET_3,ACTIVE,16.61,26586.47,3658.48,84,11210.62,f,NONE,NONE,84.5,77.25,,e19d3e8f-7365-4f29-9615-5af85dfe22b0,2026-08-27 11:28:00.060693+00,2026-09-02 15:27:18.745611+00
DAILY20260903LN159,ace774d3-2348-4315-ac95-cb191a9c9860,BUSINESS,ABC Bank,GGN044,2466310,2290145,1761650,1884965.5,64060,32030,2022-01-15,2025-01-15,2025-11-10,2026-09-03,65,BUCKET_3,ACTIVE,14.5,105699,17616.5,,0,f,NONE,NONE,54.2,54.2,,e1b938b3-1f31-412d-9de4-f6c2aba691eb,2026-09-02 15:33:16.194476+00,2026-09-02 15:33:16.194476+00
DAILY20260918LN99,4f238178-dbb8-454a-bdaa-e0d490643463,HOME,ABC Bank,GGN044,376754,349843,269110,287947.7,15830,15830,2022-01-15,2025-01-15,2025-11-10,2026-09-18,47,BUCKET_2,ACTIVE,14.5,16146.6,2691.1,,0,f,NONE,NONE,39.2,39.2,,e1c25359-629c-42ec-80fc-d8583428e747,2026-09-18 06:49:34.57663+00,2026-09-18 06:49:34.576633+00
DAILY20260906LN162,87348058-550b-4ff3-bde3-4b765b56756c,MICROFINANCE,ABC Bank,GGN044,290290,269555,207350,221864.5,7540,3770,2022-01-15,2025-01-15,2025-11-10,2026-09-06,65,BUCKET_3,ACTIVE,14.5,12441,2073.5,,0,f,NONE,NONE,54.2,54.2,,e1ff171d-78ea-438b-9b20-9afee2da5152,2026-09-06 13:30:49.792544+00,2026-09-06 13:30:49.792547+00
DAILY20260921LN127,aef123c2-8b95-4ada-970c-2a0dd95cbeaa,HOME,ABC Bank,GGN044,505932,469794,361380,386676.6,95100,19020,2022-01-15,2025-01-15,2025-11-10,2026-09-21,155,NPA,NPA,14.5,21682.8,3613.8,,0,t,NONE,NONE,129.2,129.2,,e243d76d-3149-4b0d-b988-401ab7ac9446,2026-09-21 04:53:00.233303+00,2026-09-21 04:53:00.233312+00
DAILY20260903LN123,38f5c1ce-174d-4bce-b752-4df7aae40306,AUTO,ABC Bank,GGN044,718956,667602,513540,549487.8,142650,28530,2022-01-15,2025-01-15,2025-11-10,2026-09-03,155,NPA,NPA,14.5,30812.4,5135.4,,0,t,NONE,NONE,129.2,129.2,,e244a074-8f93-44f6-a400-37adf6dd1584,2026-09-02 15:33:16.064235+00,2026-09-02 15:33:16.064235+00
DAILY20260906LN94,9b1e53ca-2dca-4fd1-a414-f20d143e5604,AUTO,ABC Bank,GGN044,1307376,1213992,933840,999208.8,51880,25940,2022-01-15,2025-01-15,2025-11-10,2026-09-06,88,BUCKET_3,ACTIVE,14.5,56030.4,9338.4,,0,f,NONE,NONE,73.3,73.3,,e2473efb-160a-4177-8814-5bc0b41b9bd0,2026-09-06 13:30:49.363046+00,2026-09-06 13:30:49.363048+00
DAILY20260918LN130,cb6f104e-39ef-4505-a5f3-989edca7ee05,GOLD,ABC Bank,GGN044,939680,872560,671200,718184,33560,16780,2022-01-15,2025-01-15,2025-11-10,2026-09-18,65,BUCKET_3,ACTIVE,14.5,40272,6712,,0,f,NONE,NONE,54.2,54.2,,e250428d-49b1-41d2-a4aa-f72104d6c0d3,2026-09-18 06:49:34.765703+00,2026-09-18 06:49:34.765707+00
LN000000472,d4e415c0-ee55-472e-a35b-9b8acd2a76e8,HOME,ABC Bank,BR4251,2370068.68,2281283.46,1572381.07,1662507.79,398303.5,65400,2025-04-05,2029-03-15,2026-02-22,2026-08-30,180,NPA,NPA,16.64,86795.27,3295.95,48,43969.72,t,NOTICE_SENT,NONE,100,100,,e2c9936e-6f80-4c0e-bd95-c1920dd1995a,2026-08-27 11:28:00.060711+00,2026-09-02 15:27:18.745611+00
LN000000182,ca948526-5868-475f-b9e4-07d891aa4971,BUSINESS,ABC Bank,BR2731,659138.39,625367.13,411714.51,518474.78,33999.48,10000,2023-03-16,2033-01-22,2026-06-04,2026-09-08,80,BUCKET_3,ACTIVE,14.77,10007.34,72304.25,120,5312.66,f,NONE,NONE,79.5,37.54,,e33f239a-211b-4699-bb67-e41926da356b,2026-08-27 11:28:00.060363+00,2026-09-02 15:27:18.745611+00
DAILY20260921LN136,6dc52e6d-6ad7-42ab-a894-575dd3b2646d,AUTO,ABC Bank,GGN044,882000,819000,630000,674100,15000,15000,2022-01-15,2025-01-15,2025-11-10,2026-09-21,32,BUCKET_2,ACTIVE,14.5,37800,6300,,0,f,NONE,NONE,26.7,26.7,,e387717d-ec1a-440f-9d35-b1913401597b,2026-09-21 04:53:00.330628+00,2026-09-21 04:53:00.330633+00
LN000000367,8d81943d-401e-442f-bdef-4876956a98f3,BUSINESS,ABC Bank,BR1497,2085753.34,1964255.51,1043471.58,1076465.78,59387.39,26300,2025-06-28,2035-05-07,2026-07-08,2026-08-31,35,BUCKET_2,ACTIVE,10.31,16243.53,12541.18,120,13274.89,f,NONE,NONE,58,51.28,,e38bdafd-cc2a-43a2-85cb-d842b4d3acda,2026-08-27 11:28:00.060586+00,2026-09-02 15:27:18.745611+00
DAILY20260918LN66,71333fa0-2d3f-457f-8a33-c9d654cc8f41,HOME,ABC Bank,GGN044,2450448,2275416,1750320,1872842.4,39780,39780,2022-01-15,2025-01-15,2025-11-10,2026-09-18,32,BUCKET_2,ACTIVE,14.5,105019.2,17503.2,,0,f,NONE,NONE,26.7,26.7,,e3980197-ed0d-4ba5-b4f6-225e50647565,2026-09-18 06:49:34.371745+00,2026-09-18 06:49:34.371749+00
DAILY20260907LN17,67d1bfa3-22c7-4ab9-ad7e-ed7d0eba2c00,BUSINESS,ABC Bank,GGN044,526176,488592,375840,402148.8,69600,13920,2022-01-15,2025-01-15,2025-11-10,2026-09-07,155,NPA,NPA,14.5,22550.4,3758.4,,0,t,NONE,NONE,129.2,129.2,,e3bb8494-6cca-4401-9256-5ede0480745d,2026-09-07 04:59:05.823543+00,2026-09-07 04:59:05.823545+00
LN000000081,2116ea56-720b-426f-be95-b1c2fe197cc5,BUSINESS,ABC Bank,BR3276,1627424.76,1582265.4,960871.46,1024989.37,52588.52,26960,2025-02-09,2034-12-19,2026-07-19,2026-09-20,35,BUCKET_2,ACTIVE,16.46,52874.8,6711.77,120,15726.93,f,NONE,NONE,38.4,48.11,,e3c514f5-d125-41bb-81cb-fba5d210e8d7,2026-08-27 11:28:00.060234+00,2026-09-02 15:27:18.745611+00
LN000000381,d5044408-d977-4e21-92a6-6a6b695b9164,BUSINESS,ABC Bank,BR8870,1868399.62,1683651.07,1261975.13,1315818.79,39290.43,23040,2023-03-22,2033-01-28,2026-07-17,2026-09-12,35,BUCKET_2,ACTIVE,10.84,32572.01,20107.6,120,11824.14,f,NONE,NONE,49,42.3,,e4099e4c-3674-4534-bb50-5f255ff2b4a5,2026-08-27 11:28:00.060602+00,2026-09-02 15:27:18.745611+00
DAILY20260921LN191,b81791a1-458d-4179-9a78-dae4e09b031f,BUSINESS,ABC Bank,GGN044,2120734,1969253,1514810,1620846.7,96690,32230,2022-01-15,2025-01-15,2025-11-10,2026-09-21,95,NPA,NPA,14.5,90888.6,15148.1,,0,t,NONE,NONE,79.2,79.2,,e41d3286-0778-435a-b0bf-6610df904e32,2026-09-21 04:53:00.75721+00,2026-09-21 04:53:00.757214+00
LN000000464,82440fe5-d534-4f3c-8df1-5d8b99fc4234,GOLD,ABC Bank,BR6412,774381.19,753454.17,397317.86,415870.95,41206.54,14310,2023-03-27,2033-02-02,2026-06-13,2026-09-21,72,BUCKET_3,ACTIVE,19.5,17391.6,629.63,120,8251.78,f,NONE,NONE,86,100,,e43a4ad8-9187-41ee-a2c8-7a7ccf53047d,2026-08-27 11:28:00.060702+00,2026-09-02 15:27:18.745611+00
DAILY20260906LN05,6bf57759-ee44-41ed-9421-2c9e2d069843,CREDIT_CARD,ABC Bank,GGN044,418460,388570,298900,319823,17080,8540,2022-01-15,2025-01-15,2025-11-10,2026-09-06,65,BUCKET_3,ACTIVE,14.5,17934,2989,,0,f,NONE,NONE,54.2,54.2,,e478bfcc-8ac8-4c80-a153-575c035259ef,2026-09-06 13:30:48.683066+00,2026-09-06 13:30:48.683069+00
DAILY20260918LN96,b99881e2-f3ad-481a-94e5-c67ae56b5a33,EDUCATION,ABC Bank,GGN044,819000,760500,585000,625950,81250,16250,2022-01-15,2025-01-15,2025-11-10,2026-09-18,155,NPA,NPA,14.5,35100,5850,,0,t,NONE,NONE,129.2,129.2,,e4da01a2-45cc-43eb-89c3-8e3049be8596,2026-09-18 06:49:34.556761+00,2026-09-18 06:49:34.556764+00
DAILY20260918LN173,cc6216b0-75a8-47c6-8b33-5ba839c1adcf,HOME,ABC Bank,GGN044,1610140,1495130,1150100,1230607,37100,37100,2022-01-15,2025-01-15,2025-11-10,2026-09-18,32,BUCKET_2,ACTIVE,14.5,69006,11501,,0,f,NONE,NONE,26.7,26.7,,e4e0fd53-1fc1-45cb-ac38-d5786f720fa0,2026-09-18 06:49:34.994768+00,2026-09-18 06:49:34.994771+00
LN000000416,2a15516f-d306-43e7-9555-1ce7dc5b5296,HOME,ABC Bank,BR4783,1798600.41,1798023.08,1265074.94,1339891.21,110446.88,63560,2023-11-17,2026-11-01,2026-06-20,2026-09-04,58,BUCKET_2,ACTIVE,16.39,70616.88,3540.14,36,57260.02,f,NONE,NONE,43.4,100,,e5040fbf-6099-4864-b6e8-49a60bcca331,2026-08-27 11:28:00.060644+00,2026-09-02 15:27:18.745611+00
DAILY20260907LN39,7d1e057f-4e6f-4818-9946-b1252cd78463,PERSONAL,ABC Bank,GGN044,1244880,1155960,889200,951444,24700,24700,2022-01-15,2025-01-15,2025-11-10,2026-09-07,32,BUCKET_2,ACTIVE,14.5,53352,8892,,0,f,NONE,NONE,26.7,26.7,,e5186fbe-ad4f-4bbf-ae92-71c92a148074,2026-09-07 04:59:06.015073+00,2026-09-07 04:59:06.015077+00
LN000000465,af8f8ea1-8a4d-4592-8e17-0573d3a20840,GOLD,ABC Bank,BR8749,314762.34,311316.94,163957.87,174731.95,19985.64,4380,2024-11-29,2034-10-08,2026-05-10,2026-08-31,105,NPA,NPA,11.52,2231.01,5789.64,120,2797.93,t,NONE,NONE,100,52.67,,e5400961-d5cd-4e63-824d-8a754a965b52,2026-08-27 11:28:00.060703+00,2026-09-02 15:27:18.745611+00
LN000000308,eb6261e3-c320-4290-be96-8b1a032f6305,MICROFINANCE,ABC Bank,BR8983,56455.79,55004.38,49300.63,50806.15,27948.93,5000,2021-12-07,2022-12-02,2026-03-21,2026-08-31,150,NPA,NPA,16.36,1388.76,102,12,2673.9,t,NONE,NONE,100,100,,e5d16327-2689-47e4-aa54-c4370ecd687f,2026-08-27 11:28:00.060516+00,2026-09-02 15:27:18.745611+00
DAILY20260906LN123,53f7ac8d-7063-4497-a742-bf6d62ae821a,CREDIT_CARD,ABC Bank,GGN044,464870,431665,332050,355293.5,34350,11450,2022-01-15,2025-01-15,2025-11-10,2026-09-06,95,NPA,NPA,14.5,19923,3320.5,,0,t,NONE,NONE,79.2,79.2,,e5d8ecbb-5240-4f82-b0cc-5b007d47848f,2026-09-06 13:30:49.541903+00,2026-09-06 13:30:49.541906+00
DAILY20260903LN82,37fa5430-57a1-4da8-8af6-5c63c3b77847,MICROFINANCE,ABC Bank,GGN044,151578,140751,108270,115848.9,4010,4010,2022-01-15,2025-01-15,2025-11-10,2026-09-03,47,BUCKET_2,ACTIVE,14.5,6496.2,1082.7,,0,f,NONE,NONE,39.2,39.2,,e6109630-9f24-4ad9-8fa0-bc6945e94527,2026-09-02 15:33:15.899365+00,2026-09-02 15:33:15.899365+00
LN000000497,bbf0db48-6ed9-49a7-bbb4-66fb14b93511,MICROFINANCE,ABC Bank,BR4049,49196.64,46207.92,34066.89,35994.43,9081.78,2300,2025-06-26,2027-06-16,2026-05-24,2026-09-02,95,NPA,NPA,17.69,767.81,712.01,24,1369.63,t,NONE,NONE,99.3,48.29,,e628c22b-8334-42e1-9fb3-01628f5cb896,2026-08-27 11:28:00.060741+00,2026-09-02 15:27:18.745611+00
DAILY20260921LN150,20b3ad25-b97e-40f8-b115-e858d8218852,MICROFINANCE,ABC Bank,GGN044,43092,40014,30780,32934.6,8100,1620,2022-01-15,2025-01-15,2025-11-10,2026-09-21,155,NPA,NPA,14.5,1846.8,307.8,,0,t,NONE,NONE,129.2,129.2,,e662ed9e-aa30-4fa6-9adf-cd686431332f,2026-09-21 04:53:00.491639+00,2026-09-21 04:53:00.491643+00
LN000000191,317a0596-0ba7-4956-8cba-bec12edcce0b,GOLD,ABC Bank,BR1817,427746.11,387735.44,327745.93,333614.68,21165.87,10620,2024-07-29,2028-07-08,2026-07-15,2026-09-25,35,BUCKET_2,ACTIVE,14.13,5246.84,209.85,48,5125.54,f,NONE,NONE,62.2,65.99,,e6694f16-b384-48ef-a50d-24b38a7aeb74,2026-08-27 11:28:00.060374+00,2026-09-02 15:27:18.745611+00
LN000000238,4ebd4493-2e36-49cd-b2b7-f0838465d0e5,EDUCATION,ABC Bank,BR8559,583706.1,565552.7,268939.82,286302.7,20590.13,10330,2022-04-17,2032-02-24,2026-07-08,2026-09-24,35,BUCKET_2,ACTIVE,18.38,11462.03,3517.65,120,7320.44,f,NONE,NONE,41.2,35.05,,e683c1aa-9f4b-41fe-a914-ccf6147a32b9,2026-08-27 11:28:00.060429+00,2026-09-02 15:27:18.745611+00
DAILY20260906LN23,dfa7bd73-5777-4831-b165-8ce1145a8e81,BUSINESS,ABC Bank,GGN044,1939910,1801345,1385650,1482645.5,187250,37450,2022-01-15,2025-01-15,2025-11-10,2026-09-06,155,NPA,NPA,14.5,83139,13856.5,,0,t,NONE,NONE,129.2,129.2,,e6a99acf-fabd-49e8-b129-62272209b41f,2026-09-06 13:30:48.801706+00,2026-09-06 13:30:48.801709+00
DAILY20260921LN27,a0c02a1e-eb6d-489a-851c-85538b3569b8,EDUCATION,ABC Bank,GGN044,825174,766233,589410,630668.7,9990,9990,2022-01-15,2025-01-15,2025-11-10,2026-09-21,32,BUCKET_2,ACTIVE,14.5,35364.6,5894.1,,0,f,NONE,NONE,26.7,26.7,,e6f0ae20-1039-4561-ae9d-f18a9b4582af,2026-09-21 04:52:59.545689+00,2026-09-21 04:52:59.545694+00
LN000000178,fe5713e5-46f3-447a-8e5f-1afe7937c7c2,HOME,ABC Bank,BR6665,1019626.39,1010617.27,896920.5,984754.07,108096.16,15680,2025-12-15,2035-10-24,2026-01-17,2026-09-21,210,NPA,ACTIVE,13.98,41114.62,44963.16,120,7022.45,t,NOTICE_SENT,OFFERED,100,99.72,,e734e4de-22e4-4c70-9f8c-85ab9c36bddb,2026-08-27 11:28:00.060358+00,2026-09-02 15:27:18.745611+00
DAILY20260921LN200,39c189b5-68c0-4968-9f91-68a1ef6e1007,HOME,ABC Bank,GGN044,1509200,1401400,1078000,1153460,43120,43120,2022-01-15,2025-01-15,2025-11-10,2026-09-21,47,BUCKET_2,ACTIVE,14.5,64680,10780,,0,f,NONE,NONE,39.2,39.2,,e792d7ce-eae2-43e6-9a43-77a81e3ea870,2026-09-21 04:53:00.809026+00,2026-09-21 04:53:00.80903+00
LN000000026,c231e4e1-dff9-4806-8971-f7225bd6a922,MICROFINANCE,ABC Bank,BR1745,176602.83,165963.47,117554.84,119218.45,18104.38,4450,2022-01-13,2025-12-23,2026-05-24,2026-09-16,95,NPA,NPA,12.97,1520.62,34.58,48,2457.26,t,NONE,NONE,72.2,100,,e796a31a-42eb-4c4b-9dca-897046464a52,2026-08-27 11:28:00.060169+00,2026-09-02 15:27:18.745611+00
DAILY20260907LN113,231d25bd-53ee-4727-a61b-ba5af7da2579,CREDIT_CARD,ABC Bank,GGN044,605514,562263,432510,462785.7,33270,11090,2022-01-15,2025-01-15,2025-11-10,2026-09-07,95,NPA,NPA,14.5,25950.6,4325.1,,0,t,NONE,NONE,79.2,79.2,,e7ad2d09-3669-4469-a09a-2c1e21885716,2026-09-07 04:59:06.473066+00,2026-09-07 04:59:06.473069+00
LN000000263,f5dba720-9b9e-4b9c-b139-5effd773a51b,EDUCATION,ABC Bank,BR4999,769401.57,701054.35,319078.01,334210.76,66302.13,18670,2024-10-07,2029-09-11,2026-05-10,2026-09-07,95,NPA,NPA,20.25,14499.8,327.26,60,7923.26,t,NONE,NONE,70.7,100,,e7b67ddf-0ba8-4ee9-b196-6ffe9acd1720,2026-08-27 11:28:00.060461+00,2026-09-02 15:27:18.745611+00
LN000000280,2832bcb2-3b90-403f-902a-c6c824f3ee2a,BUSINESS,ABC Bank,BR3171,2000733.72,1972227.79,1849213.03,1893985.56,101042.22,36090,2025-12-08,2032-11-01,2026-06-07,2026-09-04,72,BUCKET_3,ACTIVE,13.2,37033.98,5680.75,84,15753.98,f,NONE,NONE,70,100,,e7cfb93b-a11a-4f4b-86c0-071cd03f88a2,2026-08-27 11:28:00.060482+00,2026-09-02 15:27:18.745611+00
DAILY20260907LN152,9aecb1ff-1e60-4aac-a016-51ed23a8f416,PERSONAL,ABC Bank,GGN044,1407056,1306552,1005040,1075392.8,29560,29560,2022-01-15,2025-01-15,2025-11-10,2026-09-07,47,BUCKET_2,ACTIVE,14.5,60302.4,10050.4,,0,f,NONE,NONE,39.2,39.2,,e7d43696-f60a-4260-833a-4600ea9b1382,2026-09-07 04:59:06.69408+00,2026-09-07 04:59:06.694084+00
LN000000185,8d5ea501-7199-446a-a427-67f4991a792b,HOME,ABC Bank,BR5395,838835.53,830032.66,427695.65,470920.37,87883.06,41460,2025-08-06,2027-07-27,2026-07-08,2026-09-22,35,BUCKET_2,ACTIVE,18.05,24577.01,13984.02,24,21701.11,f,NONE,NONE,46.2,22.04,,e831f4f7-231d-4bf4-8091-545ff2ecedbe,2026-08-27 11:28:00.060367+00,2026-09-02 15:27:18.745611+00
LN000000438,d4468f10-63be-4250-9bb8-67f97d285503,AUTO,ABC Bank,BR4544,344469.85,331693.71,223775.53,235969.33,97924.77,30830,2024-08-10,2025-08-05,2026-06-03,2026-08-31,72,BUCKET_3,ACTIVE,20.65,11899.19,52.49,12,28748.39,f,NONE,NONE,69.6,100,,e84d6b35-87d2-4344-aeb7-b3feda15be7e,2026-08-27 11:28:00.060671+00,2026-09-02 15:27:18.745611+00
LN000000053,fd232674-c408-4a21-8340-5c44ccb0b516,GOLD,ABC Bank,BR9008,474681.42,441608.47,310792.8,323320.78,17042.52,7620,2021-10-07,2031-08-16,2026-07-16,2026-09-08,42,BUCKET_2,ACTIVE,16.8,4863.77,7029.92,120,3607.28,f,NONE,NONE,72.7,37.68,,e854ced2-e26d-4a43-92a2-93ee76a9c00d,2026-08-27 11:28:00.060201+00,2026-09-02 15:27:18.745611+00
DAILY20260907LN19,2e0e915b-7d71-4d30-bb36-cf64953edbc9,HOME,ABC Bank,GGN044,1389150,1289925,992250,1061707.5,147000,36750,2022-01-15,2025-01-15,2025-11-10,2026-09-07,120,NPA,NPA,14.5,59535,9922.5,,0,t,NONE,NONE,100,100,,e870ff52-0fe5-4cf9-8f88-c7fb6b40f074,2026-09-07 04:59:05.834915+00,2026-09-07 04:59:05.834918+00
LN000000275,9f500c68-1feb-4674-843b-85b0e734ffae,AUTO,ABC Bank,BR9053,471550.04,458440.67,379282.55,417491.49,15613.46,8880,2024-10-19,2031-09-13,2026-06-23,2026-09-07,58,BUCKET_2,ACTIVE,15.13,7846.15,29144.37,84,7585.21,f,NONE,NONE,77.2,29.93,,e88d3f52-61fd-4af1-a566-e10d5f8e4e2d,2026-08-27 11:28:00.060476+00,2026-09-02 15:27:18.745611+00
LN000000197,6f558a8c-9022-4773-97c5-7aa58e839ce0,MICROFINANCE,ABC Bank,BR4943,34656.3,32230.09,16313.68,20578.23,7804.83,1590,2023-02-05,2025-01-25,2026-04-24,2026-09-19,120,NPA,ACTIVE,16.77,671.57,3364.25,24,1123.98,t,NONE,NONE,88.4,54.91,,e8a20b35-75a1-4148-b1b0-91f3b30171e4,2026-08-27 11:28:00.060381+00,2026-09-02 15:27:18.745611+00
DAILY20260903LN59,4c028ea5-d2b8-452a-8ea2-a1a8ca6f180d,MICROFINANCE,ABC Bank,GGN044,217672,202124,155480,166363.6,3380,3380,2022-01-15,2025-01-15,2025-11-10,2026-09-03,32,BUCKET_2,ACTIVE,14.5,9328.8,1554.8,,0,f,NONE,NONE,26.7,26.7,,e8b5cc13-f3b3-4089-a368-938e81e44e1e,2026-09-02 15:33:15.800372+00,2026-09-02 15:33:15.800372+00
DAILY20260907LN04,70f49d03-f704-4d18-a260-6ae27fe8a54f,CREDIT_CARD,ABC Bank,GGN044,899640,835380,642600,687582,35700,11900,2022-01-15,2025-01-15,2025-11-10,2026-09-07,95,NPA,NPA,14.5,38556,6426,,0,t,NONE,NONE,79.2,79.2,,e8e0acf1-468e-4cbc-8b10-514abb37ea04,2026-09-07 04:59:05.74169+00,2026-09-07 04:59:05.741693+00
LN000000347,839c19c0-3c42-45bf-a3b1-1143b2f27dfc,MICROFINANCE,ABC Bank,BR4156,103097.64,94045.44,43387.38,45903.88,29360.34,4780,2025-09-15,2027-09-05,2026-02-13,2026-09-19,180,NPA,ACTIVE,19.86,2360.14,100.95,24,4256.74,t,NOTICE_SENT,NONE,100,100,,e8f2bf97-e40e-4ffb-b1f0-8c5b55bc84e3,2026-08-27 11:28:00.060562+00,2026-09-02 15:27:18.745611+00
DAILY20260903LN173,463ca011-f473-4a85-889d-468a50d81ef2,GOLD,ABC Bank,GGN044,946428,878826,676020,723341.4,47440,11860,2022-01-15,2025-01-15,2025-11-10,2026-09-03,120,NPA,NPA,14.5,40561.2,6760.2,,0,t,NONE,NONE,100,100,,e938338a-a0c4-4857-bc79-40c57276e9c9,2026-09-02 15:33:16.240743+00,2026-09-02 15:33:16.240743+00
DAILY20260918LN27,26b73248-faea-4e0c-976d-6457edff4548,BUSINESS,ABC Bank,GGN044,2999584,2785328,2142560,2292539.2,38260,38260,2022-01-15,2025-01-15,2025-11-10,2026-09-18,47,BUCKET_2,ACTIVE,14.5,128553.6,21425.6,,0,f,NONE,NONE,39.2,39.2,,e93cafdf-b6e2-44c5-80eb-02ccef9f3a08,2026-09-18 06:49:34.157538+00,2026-09-18 06:49:34.15754+00
DAILY20260907LN144,4906b269-ba95-4471-bbb7-ab0454eb2fcd,EDUCATION,ABC Bank,GGN044,789264,732888,563760,603223.2,83520,20880,2022-01-15,2025-01-15,2025-11-10,2026-09-07,120,NPA,NPA,14.5,33825.6,5637.6,,0,t,NONE,NONE,100,100,,e946bdeb-09d3-408a-a148-705ac41d07af,2026-09-07 04:59:06.628176+00,2026-09-07 04:59:06.628178+00
DAILY20260907LN31,4cf1866e-8536-4b46-816a-d0ffaa757ebd,EDUCATION,ABC Bank,GGN044,370888,344396,264920,283464.4,14320,7160,2022-01-15,2025-01-15,2025-11-10,2026-09-07,88,BUCKET_3,ACTIVE,14.5,15895.2,2649.2,,0,f,NONE,NONE,73.3,73.3,,e98d8243-cfc0-4b69-8765-62d13f022d5c,2026-09-07 04:59:05.895591+00,2026-09-07 04:59:05.895594+00
LN000000378,5ba3abe3-9942-47ed-aa9a-1e8dd755a238,GOLD,ABC Bank,BR1718,421039.76,383553.52,246144.89,259799.12,11996.56,5540,2023-06-17,2033-04-25,2026-07-14,2026-09-07,35,BUCKET_2,ACTIVE,12.17,2441.93,7925.98,120,2823.22,f,NONE,NONE,58.2,27.76,,e9ad3752-647f-4a09-96a7-6bdadc174ac2,2026-08-27 11:28:00.060599+00,2026-09-02 15:27:18.745611+00
DAILY20260903LN128,4e84807a-6cbd-4bf4-9517-83dcdb01b266,HOME,ABC Bank,GGN044,2081800,1933100,1487000,1591090,29740,29740,2022-01-15,2025-01-15,2025-11-10,2026-09-03,32,BUCKET_2,ACTIVE,14.5,89220,14870,,0,f,NONE,NONE,26.7,26.7,,e9b3a4da-2f95-43ea-8d17-bf5e770b7529,2026-09-02 15:33:16.084688+00,2026-09-02 15:33:16.084688+00
LN000000384,f7522faf-3dd9-48db-80ca-993ef3d205e0,PERSONAL,ABC Bank,BR6594,167952.34,158425.11,140204.67,148746.03,43656.55,13960,2022-03-19,2023-03-14,2026-05-30,2026-09-16,80,BUCKET_3,ACTIVE,10.43,1745.07,4994.92,12,12589.05,f,NONE,NONE,53.6,41.07,,e9f2e265-53dc-4063-aa23-62e374b1dc79,2026-08-27 11:28:00.060606+00,2026-09-02 15:27:18.745611+00
LN000000454,f0e828df-dd39-4105-9fbd-edbff7159e3f,HOME,ABC Bank,BR2674,1173097.33,1080297.97,545151.05,580030.58,86160.73,40540,2023-03-19,2026-03-03,2026-07-14,2026-09-16,42,BUCKET_2,ACTIVE,20.71,18637.09,13622.1,36,18516.44,f,NONE,NONE,33.6,26.98,,ea68ee5a-9bb6-4f8c-b61b-5cb86c87ab2e,2026-08-27 11:28:00.060689+00,2026-09-02 15:27:18.745611+00
DAILY20260903LN194,d8f414b2-b566-4c6b-8764-20b975e3c027,EDUCATION,ABC Bank,GGN044,777784,722228,555560,594449.2,12920,12920,2022-01-15,2025-01-15,2025-11-10,2026-09-03,47,BUCKET_2,ACTIVE,14.5,33333.6,5555.6,,0,f,NONE,NONE,39.2,39.2,,ea75ac16-f7ea-47d1-9d49-f545801d680c,2026-09-02 15:33:16.317057+00,2026-09-02 15:33:16.317057+00
LN000000341,725c380a-b1ce-45f8-9b0f-5fea83c6dea6,GOLD,ABC Bank,BR3402,205189.18,188020.1,128115.53,144859.99,14255.14,4150,2023-01-05,2027-12-10,2026-06-09,2026-08-29,65,BUCKET_3,ACTIVE,11.66,3088.5,9241.22,60,1901.7,f,NONE,NONE,67.3,33.61,,ea76f7f3-4814-4274-94d9-48ee6670b0c1,2026-08-27 11:28:00.060555+00,2026-09-02 15:27:18.745611+00
LN000000163,a0809318-6545-4914-bb03-9ee9edd75583,CREDIT_CARD,ABC Bank,BR2596,440751.31,434770.37,340586.77,357107.04,25764.35,7580,2023-03-30,2030-02-21,2026-06-22,2026-09-03,65,BUCKET_3,ACTIVE,11.59,13691.14,2219.61,84,4026.3,f,NONE,NONE,61.7,92.69,,eaa86b64-4319-4ba5-a722-d4c42ab554f5,2026-08-27 11:28:00.060338+00,2026-09-02 15:27:18.745611+00
DAILY20260906LN107,f6cad4f1-23b5-4c88-831a-ac081a4300eb,BUSINESS,ABC Bank,GGN044,1499960,1392820,1071400,1146398,77920,19480,2022-01-15,2025-01-15,2025-11-10,2026-09-06,120,NPA,NPA,14.5,64284,10714,,0,t,NONE,NONE,100,100,,eaab4509-20f0-444d-945f-d2a2da90a040,2026-09-06 13:30:49.43516+00,2026-09-06 13:30:49.435162+00
LN000000065,af8f8ea1-8a4d-4592-8e17-0573d3a20840,MICROFINANCE,ABC Bank,BR4143,55676.07,53907.71,20971.69,21587.02,15130.79,4940,2021-12-24,2022-12-19,2026-06-08,2026-09-19,80,BUCKET_3,ACTIVE,17.91,563.84,30.11,12,4916.14,f,NONE,NONE,90.7,100,,eb68ec01-8012-448e-b363-f673eb74089b,2026-08-27 11:28:00.060216+00,2026-09-02 15:27:18.745611+00
DEMOLOAN00011,50644e10-d6ff-4775-b820-e551c5bda213,GOLD,ABC Bank,GGN044,197568.18,183456.16,141120.13,150998.54,42336.04,3920,2022-01-15,2025-01-15,2025-11-10,2026-08-27,55,BUCKET_2,ACTIVE,14.5,8467.21,1411.2,,0,f,NONE,NONE,45.8,45.8,,eb858ef9-5910-4f78-8562-25c379855ba9,2026-08-27 11:28:09.593541+00,2026-09-02 15:27:18.762564+00
LN000000294,3a7c144c-c15a-4a83-8de0-c68126435e7f,GOLD,ABC Bank,BR4254,147807.26,144442.35,52758.19,58072.27,8164.17,3690,2024-01-22,2028-01-01,2026-07-10,2026-09-15,42,BUCKET_2,ACTIVE,10.38,1721.19,3353.08,48,3182.96,f,NONE,NONE,47.2,20.62,,eb93c208-3d6e-4f5b-ad09-76aacc1f1565,2026-08-27 11:28:00.0605+00,2026-09-02 15:27:18.763565+00
LN000000104,d941cf6e-4431-4d8a-bd2e-bcbf002b4a79,AUTO,ABC Bank,BR8036,353470.65,338711.32,194894.32,205418.33,72871.51,32000,2026-02-14,2027-02-09,2026-06-28,2026-09-25,50,BUCKET_2,ACTIVE,23.83,10235.6,182.01,12,19919.07,f,NONE,NONE,47.8,100,,ebc85b95-d769-49e1-a104-5efb58fe9191,2026-08-27 11:28:00.060266+00,2026-09-02 15:27:18.763565+00
DAILY20260903LN62,32bd22c7-f43b-45c2-9cee-daac28aa4f39,AUTO,ABC Bank,GGN044,559132,519194,399380,427336.6,105100,21020,2022-01-15,2025-01-15,2025-11-10,2026-09-03,155,NPA,NPA,14.5,23962.8,3993.8,,0,t,NONE,NONE,129.2,129.2,,ec180f2f-3a72-4914-acd2-9b63c63a0afd,2026-09-02 15:33:15.800372+00,2026-09-02 15:33:15.800372+00
LN000000184,8bde3a82-4cc7-4aac-9b8f-fbb4b578e152,AUTO,ABC Bank,BR9676,588146.35,559205.25,413349.44,429834.07,53449.21,18240,2025-11-20,2028-11-04,2026-06-08,2026-08-31,65,BUCKET_3,ACTIVE,10.74,12330.32,2871.77,36,12971.76,f,NONE,NONE,61.5,52.25,,ed276693-f4ba-4231-9c4a-36b2a4ac2018,2026-08-27 11:28:00.060365+00,2026-09-02 15:27:18.763565+00
DAILY20260903LN00,72f2d11d-5338-4280-ade8-610d417fd9a5,EDUCATION,ABC Bank,GGN044,226100,209950,161500,172805,4250,4250,2022-01-15,2025-01-15,2025-11-10,2026-09-03,32,BUCKET_2,ACTIVE,14.5,9690,1615,,0,f,NONE,NONE,26.7,26.7,,edd1465e-cd84-4fd6-8eda-d5dde9a6164f,2026-09-02 15:33:15.574105+00,2026-09-02 15:33:15.574105+00
DAILY20260903LN119,03a693ea-88ce-41a3-8bcc-c531799cb097,HOME,ABC Bank,GGN044,4169704,3871868,2978360,3186845.2,135380,67690,2022-01-15,2025-01-15,2025-11-10,2026-09-03,65,BUCKET_3,ACTIVE,14.5,178701.6,29783.6,,0,f,NONE,NONE,54.2,54.2,,edf69bef-3bbe-43ed-af2f-ecc4892fcac4,2026-09-02 15:33:16.049431+00,2026-09-02 15:33:16.049431+00
DAILY20260906LN126,b6b1a96c-0d19-4c21-9bb0-3aac2535b696,GOLD,ABC Bank,GGN044,468930,435435,334950,358396.5,23100,11550,2022-01-15,2025-01-15,2025-11-10,2026-09-06,65,BUCKET_3,ACTIVE,14.5,20097,3349.5,,0,f,NONE,NONE,54.2,54.2,,ee60cf91-f1b5-44d3-adac-c6f136827b15,2026-09-06 13:30:49.560364+00,2026-09-06 13:30:49.560366+00
DAILY20260903LN25,82e62f7c-4833-4761-b907-7c71ce12ef79,HOME,ABC Bank,GGN044,1092336,1014312,780240,834856.8,65020,32510,2022-01-15,2025-01-15,2025-11-10,2026-09-03,65,BUCKET_3,ACTIVE,14.5,46814.4,7802.4,,0,f,NONE,NONE,54.2,54.2,,ee7158ad-a5df-4ac6-8e34-72e8171f5264,2026-09-02 15:33:15.667741+00,2026-09-02 15:33:15.667741+00
DAILY20260918LN60,fc1da785-5291-4e53-a0ef-6baec17224c2,MICROFINANCE,ABC Bank,GGN044,47712,44304,34080,36465.6,4260,2130,2022-01-15,2025-01-15,2025-11-10,2026-09-18,88,BUCKET_3,ACTIVE,14.5,2044.8,340.8,,0,f,NONE,NONE,73.3,73.3,,ef5fe510-7972-47e4-b0bc-628bfcfd94df,2026-09-18 06:49:34.335532+00,2026-09-18 06:49:34.335538+00
DAILY20260903LN147,905f14b5-6e62-49e9-b6e7-a2dc67300364,PERSONAL,ABC Bank,GGN044,877268,814606,626620,670483.4,16490,16490,2022-01-15,2025-01-15,2025-11-10,2026-09-03,32,BUCKET_2,ACTIVE,14.5,37597.2,6266.2,,0,f,NONE,NONE,26.7,26.7,,ef8dc838-19ca-4b2c-9179-1ff452d7bb45,2026-09-02 15:33:16.140904+00,2026-09-02 15:33:16.140904+00
LN000000257,2592fed1-241a-4897-b6b1-1d1c4e9266ec,BUSINESS,ABC Bank,BR2569,529046.51,501395.57,385707.48,457006.19,43838.64,13910,2023-12-14,2027-11-23,2026-05-27,2026-09-21,80,BUCKET_3,ACTIVE,14.83,18668.86,40035.74,48,6636.5,f,NONE,NONE,64.3,39.45,,efd6fcae-522b-4eee-95c3-5031694d0c8b,2026-08-27 11:28:00.060454+00,2026-09-02 15:27:18.763565+00
DAILY20260907LN62,b5ec3bd1-9b95-4b47-82af-31d618f66bcf,GOLD,ABC Bank,GGN044,979454,909493,699610,748582.7,81350,16270,2022-01-15,2025-01-15,2025-11-10,2026-09-07,155,NPA,NPA,14.5,41976.6,6996.1,,0,t,NONE,NONE,129.2,129.2,,f01a2756-5e72-41a6-a8a4-6adfcccabf9d,2026-09-07 04:59:06.164455+00,2026-09-07 04:59:06.164458+00
DAILY20260903LN90,01088c0f-beea-4392-bf66-f460fc9b9a8f,GOLD,ABC Bank,GGN044,268128,248976,191520,204926.4,3990,3990,2022-01-15,2025-01-15,2025-11-10,2026-09-03,47,BUCKET_2,ACTIVE,14.5,11491.2,1915.2,,0,f,NONE,NONE,39.2,39.2,,f03f3384-7d29-4c15-9b3d-afa1fd22dccd,2026-09-02 15:33:15.934578+00,2026-09-02 15:33:15.934578+00
DEMOLOAN00002,c6776add-1900-4c6f-bbf4-224931ed12c7,HOME,ABC Bank,GGN044,883008,819936,630720,674870.4,189216,17520,2022-01-15,2025-01-15,2025-11-10,2026-08-27,62,BUCKET_3,ACTIVE,14.5,37843.2,6307.2,,0,f,NONE,NONE,51.7,51.7,,f0673c47-4322-420e-aa3e-31c6180b11ea,2026-08-27 11:28:09.55798+00,2026-09-02 15:27:18.765565+00
DAILY20260901LN03,398f2903-694b-43ac-b3dd-a91012909275,CREDIT_CARD,ABC Bank,GGN044,140616.02,130572.02,100440.01,107470.82,30132,2790,2022-01-15,2025-01-15,2025-11-10,2026-09-01,120,NPA,NPA,14.5,6026.4,1004.4,,0,t,NONE,NONE,100,100,,f095d12b-10f2-4aab-960e-3f6419589ed6,2026-09-01 04:38:21.182069+00,2026-09-02 15:27:18.765565+00
DAILY20260907LN12,ce00aa20-d523-4926-9c60-3fea55756edc,EDUCATION,ABC Bank,GGN044,974680,905060,696200,744934,59000,11800,2022-01-15,2025-01-15,2025-11-10,2026-09-07,155,NPA,NPA,14.5,41772,6962,,0,t,NONE,NONE,129.2,129.2,,f0ba12e3-51d2-4d63-86ce-5306ccde124b,2026-09-07 04:59:05.791903+00,2026-09-07 04:59:05.791905+00
LN000000468,192fc0f4-437f-446a-bddd-93857fa66ad0,EDUCATION,ABC Bank,BR2969,270324.76,243695.96,214299.44,232276.75,15290.38,7000,2022-04-26,2026-04-05,2026-07-15,2026-09-21,35,BUCKET_2,ACTIVE,16.75,10298.36,5670.28,48,6341.9,f,NONE,NONE,46.9,22.02,,f0e91159-448b-4da0-939b-83aaa0a5d345,2026-08-27 11:28:00.060707+00,2026-09-02 15:27:18.767429+00
DAILY20260921LN196,77a0aab8-b1f8-4301-8cfc-93aeb8b09eb2,AUTO,ABC Bank,GGN044,1956864,1817088,1397760,1495603.2,26880,26880,2022-01-15,2025-01-15,2025-11-10,2026-09-21,47,BUCKET_2,ACTIVE,14.5,83865.6,13977.6,,0,f,NONE,NONE,39.2,39.2,,f10e08f5-8675-4bf5-804b-fe2196ef6786,2026-09-21 04:53:00.784569+00,2026-09-21 04:53:00.784572+00
DAILY20260921LN190,84629135-6f2d-483c-b8fc-0f74622377e5,CREDIT_CARD,ABC Bank,GGN044,437472,406224,312480,334353.6,7440,7440,2022-01-15,2025-01-15,2025-11-10,2026-09-21,47,BUCKET_2,ACTIVE,14.5,18748.8,3124.8,,0,f,NONE,NONE,39.2,39.2,,f12521b3-2701-4f84-8e8c-030858b68ba3,2026-09-21 04:53:00.751115+00,2026-09-21 04:53:00.751119+00
DAILY20260907LN67,fb2cb2cd-4e27-4a6c-843e-b1de35d4f18a,BUSINESS,ABC Bank,GGN044,693000,643500,495000,529650,30000,15000,2022-01-15,2025-01-15,2025-11-10,2026-09-07,65,BUCKET_3,ACTIVE,14.5,29700,4950,,0,f,NONE,NONE,54.2,54.2,,f1459eae-f9ba-42f2-8160-880bcd7d7798,2026-09-07 04:59:06.193296+00,2026-09-07 04:59:06.1933+00
DAILY20260907LN171,6ce52fb2-43e5-413e-93b4-50bcb58ea7bd,CREDIT_CARD,ABC Bank,GGN044,203280,188760,145200,155364,12100,2420,2022-01-15,2025-01-15,2025-11-10,2026-09-07,155,NPA,NPA,14.5,8712,1452,,0,t,NONE,NONE,129.2,129.2,,f158d427-3781-4904-b5e4-9175e32ba7e7,2026-09-07 04:59:06.797943+00,2026-09-07 04:59:06.797946+00
DAILY20260903LN133,ff50f4ac-41b2-4f58-9c1b-f429eb54d499,PERSONAL,ABC Bank,GGN044,520086,482937,371490,397494.3,17690,17690,2022-01-15,2025-01-15,2025-11-10,2026-09-03,32,BUCKET_2,ACTIVE,14.5,22289.4,3714.9,,0,f,NONE,NONE,26.7,26.7,,f16ba889-3af7-4d37-8345-9bac725c8bf2,2026-09-02 15:33:16.099983+00,2026-09-02 15:33:16.099983+00
DAILY20260921LN137,23a3a884-35fe-4721-82bf-bb657719195c,CREDIT_CARD,ABC Bank,GGN044,477120,443040,340800,364656,53250,10650,2022-01-15,2025-01-15,2025-11-10,2026-09-21,155,NPA,NPA,14.5,20448,3408,,0,t,NONE,NONE,129.2,129.2,,f17034a5-e68f-4d5a-9423-0d1e9447f73b,2026-09-21 04:53:00.357133+00,2026-09-21 04:53:00.357139+00
LN000000389,8f6104f5-f791-478a-b793-413e8421d0e1,MICROFINANCE,ABC Bank,BR1981,126486.81,115605.49,43308.22,46922.86,7234.35,1640,2025-11-09,2035-09-18,2026-04-29,2026-09-16,120,NPA,ACTIVE,11.72,502.41,2869.26,120,765.65,t,NOTICE_SENT,NONE,72.1,57.42,,f179b39d-57e0-40de-8c32-39a9585f1677,2026-08-27 11:28:00.060611+00,2026-09-02 15:27:18.767429+00
LN000000325,830d42f9-f1de-4f55-b7ee-e33edae0c1d3,PERSONAL,ABC Bank,BR7458,791332.58,715490.51,554206.4,576536.78,81058.28,18430,2022-06-19,2026-05-29,2026-04-23,2026-09-01,120,NPA,NPA,10.82,18383.37,2717.36,48,10496.57,t,NONE,NONE,100,100,,f1e4b15b-d9cd-426d-9356-e56f286f8188,2026-08-27 11:28:00.060536+00,2026-09-02 15:27:18.767429+00
LN000000287,b3acac1c-7c5d-4988-84ef-39506ee11a07,GOLD,ABC Bank,BR5522,144052.5,143209.7,109223.26,116803.53,52395.51,13150,2023-12-23,2024-12-17,2026-05-03,2026-09-06,105,NPA,NPA,18.3,6504.45,632.92,12,8716.8,t,NONE,NONE,97.4,73.6,,f1f6c29c-b389-4c9b-80b2-5b17d836f924,2026-08-27 11:28:00.060491+00,2026-09-02 15:27:18.767429+00
DAILY20260903LN121,73155c4a-90b3-4417-9ebb-1588e1c1b0f6,BUSINESS,ABC Bank,GGN044,1744512,1619904,1246080,1333305.6,56640,28320,2022-01-15,2025-01-15,2025-11-10,2026-09-03,65,BUCKET_3,ACTIVE,14.5,74764.8,12460.8,,0,f,NONE,NONE,54.2,54.2,,f1f9f7fd-26b2-4c2e-9846-71e53e943560,2026-09-02 15:33:16.057263+00,2026-09-02 15:33:16.057263+00
LN000000474,4d74c47e-09f5-498d-a352-4f8cf08845f4,BUSINESS,ABC Bank,BR1805,1943634.61,1811031.3,1042409.08,1070276.51,131603.64,44570,2024-03-24,2029-02-26,2026-06-03,2026-09-07,80,BUCKET_3,ACTIVE,16.55,22667.26,4235.97,60,40948.01,f,NONE,NONE,50.7,100,,f2511841-3b33-42bb-8a8b-c4ce010cbcdb,2026-08-27 11:28:00.060714+00,2026-09-02 15:27:18.767429+00
DAILY20260903LN85,441e6c45-a29c-441a-ada9-cb9124069afc,EDUCATION,ABC Bank,GGN044,517888,480896,369920,395814.4,23120,11560,2022-01-15,2025-01-15,2025-11-10,2026-09-03,88,BUCKET_3,ACTIVE,14.5,22195.2,3699.2,,0,f,NONE,NONE,73.3,73.3,,f252fe4b-4aa2-4812-bc1c-1562eb3448d3,2026-09-02 15:33:15.911393+00,2026-09-02 15:33:15.911393+00
DAILY20260906LN78,9ebda412-3077-4bb7-81c2-d2b51c1cf994,PERSONAL,ABC Bank,GGN044,1413720,1312740,1009800,1080486,59400,29700,2022-01-15,2025-01-15,2025-11-10,2026-09-06,88,BUCKET_3,ACTIVE,14.5,60588,10098,,0,f,NONE,NONE,73.3,73.3,,f2567c4d-18ef-4c70-aefb-04b4c3008766,2026-09-06 13:30:49.274001+00,2026-09-06 13:30:49.274004+00
DAILY20260918LN133,e7c9bbf7-a8e3-4c1f-9208-7cb6767e2962,AUTO,ABC Bank,GGN044,819490,760955,585350,626324.5,101800,25450,2022-01-15,2025-01-15,2025-11-10,2026-09-18,120,NPA,NPA,14.5,35121,5853.5,,0,t,NONE,NONE,100,100,,f29c2150-dbb2-44db-a264-789906d6be5a,2026-09-18 06:49:34.781737+00,2026-09-18 06:49:34.78174+00
DAILY20260903LN46,dce28d1b-a368-45be-a4d7-36e8f213227b,GOLD,ABC Bank,GGN044,477162,443079,340830,364688.1,16230,16230,2022-01-15,2025-01-15,2025-11-10,2026-09-03,32,BUCKET_2,ACTIVE,14.5,20449.8,3408.3,,0,f,NONE,NONE,26.7,26.7,,f2c52fcc-8ca6-4b68-b1b8-236184e9145f,2026-09-02 15:33:15.746163+00,2026-09-02 15:33:15.746163+00
DAILY20260906LN96,c4325d89-aa89-4b15-b9b3-6d07607b859e,BUSINESS,ABC Bank,GGN044,1829520,1698840,1306800,1398276,217800,54450,2022-01-15,2025-01-15,2025-11-10,2026-09-06,120,NPA,NPA,14.5,78408,13068,,0,t,NONE,NONE,100,100,,f2e4dd4a-43fa-4bbe-8638-c0eb237606f7,2026-09-06 13:30:49.373483+00,2026-09-06 13:30:49.373486+00
DAILY20260921LN113,bcfced97-7c41-4b84-bbb3-e23380310e26,HOME,ABC Bank,GGN044,1806112,1677104,1290080,1380385.6,58640,58640,2022-01-15,2025-01-15,2025-11-10,2026-09-21,32,BUCKET_2,ACTIVE,14.5,77404.8,12900.8,,0,f,NONE,NONE,26.7,26.7,,f326678f-140e-48fa-91c4-e2f4e7fceeef,2026-09-21 04:53:00.137671+00,2026-09-21 04:53:00.137677+00
DAILY20260918LN170,3b67dde7-ad4f-4330-bd6d-4c07e57202d3,EDUCATION,ABC Bank,GGN044,1263500,1173250,902500,965675,18050,18050,2022-01-15,2025-01-15,2025-11-10,2026-09-18,47,BUCKET_2,ACTIVE,14.5,54150,9025,,0,f,NONE,NONE,39.2,39.2,,f3486934-a4c7-4499-a15f-a332e015a8ad,2026-09-18 06:49:34.978645+00,2026-09-18 06:49:34.978648+00
DAILY20260906LN68,abe16a09-0d87-42c3-9180-f14a58adcd1f,CREDIT_CARD,ABC Bank,GGN044,786968,730756,562120,601468.4,35880,11960,2022-01-15,2025-01-15,2025-11-10,2026-09-06,95,NPA,NPA,14.5,33727.2,5621.2,,0,t,NONE,NONE,79.2,79.2,,f38ef5ab-fc11-4151-88a2-fff3f03ae12f,2026-09-06 13:30:49.208977+00,2026-09-06 13:30:49.208982+00
DAILY20260906LN108,4d22c035-6462-42b4-95c4-f0b996fddee4,PERSONAL,ABC Bank,GGN044,1134350,1053325,810250,866967.5,23150,23150,2022-01-15,2025-01-15,2025-11-10,2026-09-06,32,BUCKET_2,ACTIVE,14.5,48615,8102.5,,0,f,NONE,NONE,26.7,26.7,,f3a9ea0e-564f-4eac-b37a-b304f882a22d,2026-09-06 13:30:49.440104+00,2026-09-06 13:30:49.440106+00
DAILY20260918LN38,edae2fc9-c9ac-4b5f-acf9-1abcc68b665f,PERSONAL,ABC Bank,GGN044,583016,541372,416440,445590.8,14360,7180,2022-01-15,2025-01-15,2025-11-10,2026-09-18,65,BUCKET_3,ACTIVE,14.5,24986.4,4164.4,,0,f,NONE,NONE,54.2,54.2,,f3eab8e6-f3e5-4ece-a32e-8c095a8d7f7a,2026-09-18 06:49:34.210527+00,2026-09-18 06:49:34.210529+00
DAILY20260907LN22,7ef43ce6-3ce4-4f9a-82ec-f51ffb479ab6,CREDIT_CARD,ABC Bank,GGN044,615888,571896,439920,470714.4,9360,9360,2022-01-15,2025-01-15,2025-11-10,2026-09-07,47,BUCKET_2,ACTIVE,14.5,26395.2,4399.2,,0,f,NONE,NONE,39.2,39.2,,f42e77f0-8bdc-49aa-a355-cbfe83e88b4b,2026-09-07 04:59:05.851343+00,2026-09-07 04:59:05.851346+00
DAILY20260907LN176,75486798-05c1-4eed-b3d3-49811f8062df,EDUCATION,ABC Bank,GGN044,1286824,1194908,919160,983501.2,41780,20890,2022-01-15,2025-01-15,2025-11-10,2026-09-07,65,BUCKET_3,ACTIVE,14.5,55149.6,9191.6,,0,f,NONE,NONE,54.2,54.2,,f4338cee-fbc8-4129-8a87-5821193f125b,2026-09-07 04:59:06.82819+00,2026-09-07 04:59:06.828193+00
DAILY20260903LN167,badd1bb2-a196-4926-bd3a-4f56598eedb3,MICROFINANCE,ABC Bank,GGN044,159978,148551,114270,122268.9,8790,2930,2022-01-15,2025-01-15,2025-11-10,2026-09-03,95,NPA,NPA,14.5,6856.2,1142.7,,0,t,NONE,NONE,79.2,79.2,,f468262d-3365-412d-b2c4-ca775691eb3e,2026-09-02 15:33:16.216261+00,2026-09-02 15:33:16.216261+00
DAILY20260918LN77,a6085e7b-37ee-40e8-84a9-39ec9cb11bb3,EDUCATION,ABC Bank,GGN044,1329860,1234870,949900,1016393,32200,16100,2022-01-15,2025-01-15,2025-11-10,2026-09-18,65,BUCKET_3,ACTIVE,14.5,56994,9499,,0,f,NONE,NONE,54.2,54.2,,f46a2400-4746-48c1-a636-fd89bd0c7d64,2026-09-18 06:49:34.437647+00,2026-09-18 06:49:34.43765+00
DAILY20260921LN40,16714cf5-f860-4d2f-a1f4-2da7e8b06835,PERSONAL,ABC Bank,GGN044,1425312,1323504,1018080,1089345.6,42420,21210,2022-01-15,2025-01-15,2025-11-10,2026-09-21,65,BUCKET_3,ACTIVE,14.5,61084.8,10180.8,,0,f,NONE,NONE,54.2,54.2,,f48316af-92d5-4c8b-8370-6337914af4bd,2026-09-21 04:52:59.614215+00,2026-09-21 04:52:59.614217+00
DAILY20260907LN103,eb12945f-3874-4ba5-b90e-dd8e126fcf3e,GOLD,ABC Bank,GGN044,937440,870480,669600,716472,29760,14880,2022-01-15,2025-01-15,2025-11-10,2026-09-07,88,BUCKET_3,ACTIVE,14.5,40176,6696,,0,f,NONE,NONE,73.3,73.3,,f48ddbe3-3bd2-4328-ae11-965d7faca7cb,2026-09-07 04:59:06.40594+00,2026-09-07 04:59:06.405943+00
DAILY20260918LN71,b0ec672c-9c94-4a8a-8202-228933e83a90,AUTO,ABC Bank,GGN044,2114112,1963104,1510080,1615785.6,157300,31460,2022-01-15,2025-01-15,2025-11-10,2026-09-18,155,NPA,NPA,14.5,90604.8,15100.8,,0,t,NONE,NONE,129.2,129.2,,f4f6dc8b-1b28-45f8-adec-1eaafb26c651,2026-09-18 06:49:34.398398+00,2026-09-18 06:49:34.398401+00
LN000000137,8360ebc4-51cb-4b24-b405-9dc2a30de93a,AUTO,ABC Bank,BR9412,853795.6,835941.47,437860.97,458530,96895.36,27900,2025-06-09,2028-05-24,2026-05-22,2026-09-21,95,NPA,NPA,12.34,18262.14,2242.7,36,13930.78,t,NONE,NONE,96.5,100,,f5197e5b-857f-4e10-a9e3-b0997a228992,2026-08-27 11:28:00.060307+00,2026-09-02 15:27:18.767429+00
DAILY20260921LN154,3fc5a795-938e-4665-b2e5-73175c537e9b,BUSINESS,ABC Bank,GGN044,772926,717717,552090,590736.3,83650,16730,2022-01-15,2025-01-15,2025-11-10,2026-09-21,155,NPA,NPA,14.5,33125.4,5520.9,,0,t,NONE,NONE,129.2,129.2,,f54b32af-16c1-44dc-8bb9-870af7632996,2026-09-21 04:53:00.513881+00,2026-09-21 04:53:00.513887+00
LN000000489,d23f6808-7ebf-4dba-87d6-0108d1381e9e,AUTO,ABC Bank,BR7273,603649.75,544254.01,452508.86,484859.71,21726.67,10050,2022-07-22,2032-05-30,2026-07-13,2026-09-13,42,BUCKET_2,ACTIVE,18.69,13239.69,6330.26,120,8217.37,f,NONE,NONE,54.2,23.61,,f555a4b3-552b-4116-b1bb-e8230801d5f0,2026-08-27 11:28:00.060732+00,2026-09-02 15:27:18.767429+00
DAILY20260903LN152,b22861ba-d408-4776-8474-a47c68b3dfe8,EDUCATION,ABC Bank,GGN044,762720,708240,544800,582936,54480,13620,2022-01-15,2025-01-15,2025-11-10,2026-09-03,120,NPA,NPA,14.5,32688,5448,,0,t,NONE,NONE,100,100,,f5694aa7-37cb-46d6-906c-647889cdbf61,2026-09-02 15:33:16.169447+00,2026-09-02 15:33:16.169447+00
DAILY20260903LN193,080b4874-aa34-46f4-944b-8cd03ccef097,EDUCATION,ABC Bank,GGN044,142128,131976,101520,108626.4,16920,5640,2022-01-15,2025-01-15,2025-11-10,2026-09-03,95,NPA,NPA,14.5,6091.2,1015.2,,0,t,NONE,NONE,79.2,79.2,,f57caca2-a3fb-4072-b201-b560fa15851c,2026-09-02 15:33:16.301408+00,2026-09-02 15:33:16.301408+00
DAILY20260907LN27,5cf55da2-aefd-4f4e-8218-a34b84b55c41,CREDIT_CARD,ABC Bank,GGN044,684516,635622,488940,523165.8,8430,8430,2022-01-15,2025-01-15,2025-11-10,2026-09-07,32,BUCKET_2,ACTIVE,14.5,29336.4,4889.4,,0,f,NONE,NONE,26.7,26.7,,f59c77b7-e25d-43f9-a5ce-cf144ce79fbc,2026-09-07 04:59:05.876213+00,2026-09-07 04:59:05.876215+00
DAILY20260918LN54,532df6fa-5c15-4854-ad49-f4eb4237d1cd,AUTO,ABC Bank,GGN044,1450890,1347255,1036350,1108894.5,63450,21150,2022-01-15,2025-01-15,2025-11-10,2026-09-18,95,NPA,NPA,14.5,62181,10363.5,,0,t,NONE,NONE,79.2,79.2,,f5a65da9-3c63-43c1-9a10-12699b088cb4,2026-09-18 06:49:34.30039+00,2026-09-18 06:49:34.300394+00
DAILY20260918LN24,33ce6c4b-1046-4498-b9fa-d9b90c1a9a25,AUTO,ABC Bank,GGN044,2073120,1925040,1480800,1584456,49360,24680,2022-01-15,2025-01-15,2025-11-10,2026-09-18,88,BUCKET_3,ACTIVE,14.5,88848,14808,,0,f,NONE,NONE,73.3,73.3,,f5c3257f-ed2c-4e22-8395-d814d25056d2,2026-09-18 06:49:34.143975+00,2026-09-18 06:49:34.143979+00
DAILY20260906LN109,be92a25e-551b-4bdc-ba60-c43a79282b8f,MICROFINANCE,ABC Bank,GGN044,155820,144690,111300,119091,6360,3180,2022-01-15,2025-01-15,2025-11-10,2026-09-06,88,BUCKET_3,ACTIVE,14.5,6678,1113,,0,f,NONE,NONE,73.3,73.3,,f5c9450d-bd9e-4560-967e-fa3763e2450f,2026-09-06 13:30:49.445254+00,2026-09-06 13:30:49.445257+00
LN000000093,c5733aff-893e-4874-894d-65898bc2c1e1,CREDIT_CARD,ABC Bank,BR6060,144063.66,138424.04,67752.38,72692.32,14033.33,4080,2022-01-01,2025-12-11,2026-06-09,2026-09-21,72,BUCKET_3,ACTIVE,18.19,2940.83,1096.12,48,3438.41,f,NONE,NONE,75.2,40.32,,f5cbf4df-ae63-41e9-94a0-0295035f3160,2026-08-27 11:28:00.060251+00,2026-09-02 15:27:18.767429+00
LN000000230,9b58df38-bebe-4789-ba48-85f2e6c54c73,BUSINESS,ABC Bank,BR7960,1754840.81,1648183.35,687985.44,723820.85,98757.04,45870,2024-12-07,2028-11-16,2026-06-27,2026-09-07,58,BUCKET_2,ACTIVE,15,32800.11,1448.47,48,23197.22,f,NONE,NONE,79.9,100,,f5e7a214-9915-4974-905a-e224365328d8,2026-08-27 11:28:00.06042+00,2026-09-02 15:27:18.767429+00
DAILY20260903LN44,035ed79d-f635-43cb-8490-cf7a593ba36c,GOLD,ABC Bank,GGN044,772464,717288,551760,590383.2,72600,14520,2022-01-15,2025-01-15,2025-11-10,2026-09-03,155,NPA,NPA,14.5,33105.6,5517.6,,0,t,NONE,NONE,129.2,129.2,,f5e82af2-4e52-4037-8657-813ac8a5d7f8,2026-09-02 15:33:15.738269+00,2026-09-02 15:33:15.738269+00
DAILY20260903LN28,bbefd13c-55cc-4c5e-a33f-5ace1b4a774d,CREDIT_CARD,ABC Bank,GGN044,258622,240149,184730,197661.1,3770,3770,2022-01-15,2025-01-15,2025-11-10,2026-09-03,47,BUCKET_2,ACTIVE,14.5,11083.8,1847.3,,0,f,NONE,NONE,39.2,39.2,,f5ec9689-191a-486c-bf0e-d686f5c9c296,2026-09-02 15:33:15.680258+00,2026-09-02 15:33:15.680258+00
LN000000298,72f1bae1-8cdb-46c4-85bc-1ad9bcca79dc,PERSONAL,ABC Bank,BR8708,348843.65,341397.81,195931.77,203377.43,32797.21,15820,2022-08-28,2024-08-17,2026-06-29,2026-09-01,58,BUCKET_2,ACTIVE,10.42,6271.35,1059.28,24,13304.15,f,NONE,NONE,76.2,33.7,,f600e2f7-9ca7-44a8-be24-2ae3c19e2138,2026-08-27 11:28:00.060505+00,2026-09-02 15:27:18.767429+00
DAILY20260921LN101,55db4e93-2eb4-4c74-ac4e-f14ac325b83c,MICROFINANCE,ABC Bank,GGN044,239904,222768,171360,183355.2,4760,4760,2022-01-15,2025-01-15,2025-11-10,2026-09-21,32,BUCKET_2,ACTIVE,14.5,10281.6,1713.6,,0,f,NONE,NONE,26.7,26.7,,f60ca94b-be53-4e10-bb37-79eb78f3f90a,2026-09-21 04:52:59.978263+00,2026-09-21 04:52:59.978268+00
DAILY20260921LN48,af85e57c-66f2-4f22-b4c3-831ded2aefdd,AUTO,ABC Bank,GGN044,637686,592137,455490,487374.3,86760,21690,2022-01-15,2025-01-15,2025-11-10,2026-09-21,120,NPA,NPA,14.5,27329.4,4554.9,,0,t,NONE,NONE,100,100,,f6275339-76f2-46ca-9376-a646b44fb9ba,2026-09-21 04:52:59.653224+00,2026-09-21 04:52:59.653228+00
DAILY20260903LN131,c8daae57-ba86-4b8a-a696-13b20a929c9a,PERSONAL,ABC Bank,GGN044,564256,523952,403040,431252.8,18320,9160,2022-01-15,2025-01-15,2025-11-10,2026-09-03,88,BUCKET_3,ACTIVE,14.5,24182.4,4030.4,,0,f,NONE,NONE,73.3,73.3,,f6297030-514b-40ef-95d4-930cd874084e,2026-09-02 15:33:16.09335+00,2026-09-02 15:33:16.09335+00
DAILY20260903LN97,d8233ae4-1e41-4fe0-8c10-852a9f46af6e,CREDIT_CARD,ABC Bank,GGN044,658560,611520,470400,503328,16800,8400,2022-01-15,2025-01-15,2025-11-10,2026-09-03,88,BUCKET_3,ACTIVE,14.5,28224,4704,,0,f,NONE,NONE,73.3,73.3,,f6683e5e-7419-4f18-ad4a-ef820f7fb0a7,2026-09-02 15:33:15.951735+00,2026-09-02 15:33:15.951735+00
DAILY20260907LN135,6273be0a-3f65-499c-957b-4e498e021a2c,AUTO,ABC Bank,GGN044,1228136,1140412,877240,938646.8,33740,16870,2022-01-15,2025-01-15,2025-11-10,2026-09-07,65,BUCKET_3,ACTIVE,14.5,52634.4,8772.4,,0,f,NONE,NONE,54.2,54.2,,f6758265-9a37-4bba-970d-197ef6f5ad2c,2026-09-07 04:59:06.588418+00,2026-09-07 04:59:06.58842+00
DAILY20260907LN05,8c76a40b-7ac5-42b7-a694-a051f20cfa31,AUTO,ABC Bank,GGN044,874146,811707,624390,668097.3,32020,16010,2022-01-15,2025-01-15,2025-11-10,2026-09-07,65,BUCKET_3,ACTIVE,14.5,37463.4,6243.9,,0,f,NONE,NONE,54.2,54.2,,f67df1ce-31ed-449f-b32e-60cfbf28bb45,2026-09-07 04:59:05.748081+00,2026-09-07 04:59:05.748084+00
DAILY20260918LN122,5a276633-2def-4eaa-b5f2-c0b2e3a0fffd,EDUCATION,ABC Bank,GGN044,264768,245856,189120,202358.4,5910,5910,2022-01-15,2025-01-15,2025-11-10,2026-09-18,32,BUCKET_2,ACTIVE,14.5,11347.2,1891.2,,0,f,NONE,NONE,26.7,26.7,,f6802b9c-0028-4d66-97cf-c50659b83fb2,2026-09-18 06:49:34.723138+00,2026-09-18 06:49:34.723141+00
DAILY20260921LN53,b6280a7d-9663-4b43-9e1f-09f6d0b92b02,BUSINESS,ABC Bank,GGN044,867986,805987,619990,663389.3,36470,36470,2022-01-15,2025-01-15,2025-11-10,2026-09-21,47,BUCKET_2,ACTIVE,14.5,37199.4,6199.9,,0,f,NONE,NONE,39.2,39.2,,f6a76df8-9db6-4cfc-ab8d-f841eb4ed070,2026-09-21 04:52:59.68068+00,2026-09-21 04:52:59.680685+00
DAILY20260906LN154,b64d5056-3c27-45be-9d6f-cbc31db58fe3,CREDIT_CARD,ABC Bank,GGN044,223020,207090,159300,170451,42480,10620,2022-01-15,2025-01-15,2025-11-10,2026-09-06,120,NPA,NPA,14.5,9558,1593,,0,t,NONE,NONE,100,100,,f6baa4cd-926b-4b12-bcb6-20f5acbec5bf,2026-09-06 13:30:49.741164+00,2026-09-06 13:30:49.741167+00
DAILY20260918LN37,7625a171-18d0-47eb-9ad9-21a95f639c2e,EDUCATION,ABC Bank,GGN044,582680,541060,416200,445334,104050,20810,2022-01-15,2025-01-15,2025-11-10,2026-09-18,155,NPA,NPA,14.5,24972,4162,,0,t,NONE,NONE,129.2,129.2,,f727f510-02b8-4ade-9f71-e63b98f826c3,2026-09-18 06:49:34.206031+00,2026-09-18 06:49:34.206034+00
DAILY20260902LN00,04acf58f-98ed-417d-b39c-268018b6beca,MICROFINANCE,ABC Bank,GGN044,60480.12,56160.1,43200.08,46224.08,12960.02,1200,2022-01-15,2025-01-15,2025-11-10,2026-09-02,88,BUCKET_3,ACTIVE,14.5,2592.01,432,,0,f,NONE,NONE,73.3,73.3,,f78a06fc-b684-4751-8037-cdfd38cc03dd,2026-09-02 05:53:50.378331+00,2026-09-02 15:27:18.772927+00
LN000000073,f8e81db2-daf7-446d-9379-5491607b5ec7,BUSINESS,ABC Bank,BR6896,884471.43,860996.34,407414.7,423290.61,192001.68,33480,2024-01-21,2027-01-05,2026-04-28,2026-09-03,120,NPA,ACTIVE,23.34,12335.63,3312.79,36,32984.02,t,NONE,NONE,71.5,77.1,,f7ece3a3-d924-4202-8b32-0d9e527b41f2,2026-08-27 11:28:00.060225+00,2026-09-02 15:27:18.772927+00
DAILY20260903LN84,bbed0ae9-4b98-4cae-9f1b-1639005d7877,EDUCATION,ABC Bank,GGN044,230860,214370,164900,176443,4850,4850,2022-01-15,2025-01-15,2025-11-10,2026-09-03,47,BUCKET_2,ACTIVE,14.5,9894,1649,,0,f,NONE,NONE,39.2,39.2,,f824781a-8017-44ed-a8f6-5a14130c78a3,2026-09-02 15:33:15.908664+00,2026-09-02 15:33:15.908664+00
LN000000232,8c9bfa80-0c7c-4698-9160-9f791a23cada,EDUCATION,ABC Bank,BR6401,289550,268364.12,143603.36,151852.61,30652.56,10000,2025-11-27,2028-11-11,2026-05-27,2026-08-28,88,BUCKET_3,ACTIVE,20.19,5528.85,2009.63,36,7629.77,f,NONE,NONE,75.1,46.61,,f82a674d-39c0-4809-a674-f5f1ff4c6140,2026-08-27 11:28:00.060422+00,2026-09-02 15:27:18.772927+00
DAILY20260906LN115,75243ddb-fe80-446a-bdd3-83562e81e3e8,EDUCATION,ABC Bank,GGN044,633850,588575,452750,484442.5,18110,18110,2022-01-15,2025-01-15,2025-11-10,2026-09-06,32,BUCKET_2,ACTIVE,14.5,27165,4527.5,,0,f,NONE,NONE,26.7,26.7,,f8cb42a2-0aba-4b8a-905e-e7320cc0e304,2026-09-06 13:30:49.488962+00,2026-09-06 13:30:49.488968+00
DAILY20260921LN173,c54b3486-9251-4b14-b638-0381122706d6,EDUCATION,ABC Bank,GGN044,296016,274872,211440,226240.8,8810,8810,2022-01-15,2025-01-15,2025-11-10,2026-09-21,47,BUCKET_2,ACTIVE,14.5,12686.4,2114.4,,0,f,NONE,NONE,39.2,39.2,,f91c52bf-85cd-4fd5-8cfb-2dfaad4e0c10,2026-09-21 04:53:00.64176+00,2026-09-21 04:53:00.64177+00
DAILY20260918LN02,7d735b07-ba39-483f-8645-852986405422,GOLD,ABC Bank,GGN044,855540,794430,611100,653877,34920,17460,2022-01-15,2025-01-15,2025-11-10,2026-09-18,65,BUCKET_3,ACTIVE,14.5,36666,6111,,0,f,NONE,NONE,54.2,54.2,,f941a35b-7494-4bf6-a790-63fdd83aaa23,2026-09-18 06:49:34.03284+00,2026-09-18 06:49:34.032843+00
DAILY20260903LN40,343c5276-dc69-4801-825b-c46a82364e0b,CREDIT_CARD,ABC Bank,GGN044,177576,164892,126840,135718.8,22650,4530,2022-01-15,2025-01-15,2025-11-10,2026-09-03,155,NPA,NPA,14.5,7610.4,1268.4,,0,t,NONE,NONE,129.2,129.2,,f945d527-2103-4a3e-8f5e-a86aa9bd677e,2026-09-02 15:33:15.719033+00,2026-09-02 15:33:15.719033+00
LN000000469,6ebc511e-6b0c-4ef6-a7f6-dcfb54a056f8,GOLD,ABC Bank,BR7343,135825.58,133784.98,85227.78,89203.55,61340.69,12000,2025-03-29,2026-03-24,2026-03-24,2026-09-18,150,NPA,NPA,13.81,1652.19,1954.18,12,5340.41,t,SARFAESI,NONE,100,84.7,,f97e2fbc-e5a0-4a60-9163-ec620f562605,2026-08-27 11:28:00.060708+00,2026-09-02 15:27:18.772927+00
DAILY20260903LN186,c72083da-28d8-4eb0-ae8d-ec0d4eeed6a7,BUSINESS,ABC Bank,GGN044,670320,622440,478800,512316,13300,13300,2022-01-15,2025-01-15,2025-11-10,2026-09-03,47,BUCKET_2,ACTIVE,14.5,28728,4788,,0,f,NONE,NONE,39.2,39.2,,f980949b-c44c-4c60-9bd7-0e8b193b1e1d,2026-09-02 15:33:16.289143+00,2026-09-02 15:33:16.289143+00
DAILY20260921LN119,0d67368a-9f11-47ca-8688-94d5e363f2f6,CREDIT_CARD,ABC Bank,GGN044,654934,608153,467810,500556.7,22820,11410,2022-01-15,2025-01-15,2025-11-10,2026-09-21,88,BUCKET_3,ACTIVE,14.5,28068.6,4678.1,,0,f,NONE,NONE,73.3,73.3,,f9bafdf1-da7b-4666-9b7a-4c972cd1739f,2026-09-21 04:53:00.177742+00,2026-09-21 04:53:00.177747+00
DAILY20260903LN81,64a7e048-533f-4e7a-8107-cb4f26fd5c8d,GOLD,ABC Bank,GGN044,968240,899080,691600,740012,66500,13300,2022-01-15,2025-01-15,2025-11-10,2026-09-03,155,NPA,NPA,14.5,41496,6916,,0,t,NONE,NONE,129.2,129.2,,f9fdb365-1ea0-4622-95eb-9c55746f4656,2026-09-02 15:33:15.895002+00,2026-09-02 15:33:15.895002+00
DAILY20260906LN75,ee428a3a-cec7-4fbb-9ba5-0fb1b1be573e,GOLD,ABC Bank,GGN044,398412,369954,284580,304500.6,10540,10540,2022-01-15,2025-01-15,2025-11-10,2026-09-06,47,BUCKET_2,ACTIVE,14.5,17074.8,2845.8,,0,f,NONE,NONE,39.2,39.2,,fa035eac-9dcf-4da2-a53c-d4b77ff17f72,2026-09-06 13:30:49.254782+00,2026-09-06 13:30:49.254785+00
DAILY20260921LN05,b189107b-72a9-4dcf-b226-518cd18dd7bb,GOLD,ABC Bank,GGN044,394380,366210,281700,301419,12520,6260,2022-01-15,2025-01-15,2025-11-10,2026-09-21,65,BUCKET_3,ACTIVE,14.5,16902,2817,,0,f,NONE,NONE,54.2,54.2,,fa30b079-6b37-4aa2-8c42-99de2b3a44eb,2026-09-21 04:52:59.389117+00,2026-09-21 04:52:59.389123+00
DAILY20260918LN50,1efb9dac-1aa5-4443-892d-0d6e532778f1,BUSINESS,ABC Bank,GGN044,280868,260806,200620,214663.4,42990,14330,2022-01-15,2025-01-15,2025-11-10,2026-09-18,95,NPA,NPA,14.5,12037.2,2006.2,,0,t,NONE,NONE,79.2,79.2,,fa435d4a-bc00-4126-ba02-23d6f74c7eca,2026-09-18 06:49:34.277979+00,2026-09-18 06:49:34.277981+00
LN000000310,3135c626-469d-4275-82f4-857877c885e6,MICROFINANCE,ABC Bank,BR2615,201912.97,187087.6,133577.62,141537.38,17007.17,4120,2023-01-07,2032-11-15,2026-05-21,2026-09-21,95,NPA,ACTIVE,23.96,7448.86,397.6,120,1938.39,t,NONE,NONE,100,100,,fa45b3e9-7ebe-4de2-ae61-23f4a3c18b50,2026-08-27 11:28:00.060518+00,2026-09-02 15:27:18.772927+00
DAILY20260903LN108,80db7048-378b-4c64-abf9-1290472dfe7c,PERSONAL,ABC Bank,GGN044,696528,646776,497520,532346.4,138200,27640,2022-01-15,2025-01-15,2025-11-10,2026-09-03,155,NPA,NPA,14.5,29851.2,4975.2,,0,t,NONE,NONE,129.2,129.2,,fa4bc952-caf3-43aa-be98-cf842cba3c7d,2026-09-02 15:33:15.999063+00,2026-09-02 15:33:15.999063+00
DAILY20260906LN136,0ae5ea8a-838f-4ba8-88dc-dff30ef5220a,EDUCATION,ABC Bank,GGN044,754348,700466,538820,576537.4,18580,9290,2022-01-15,2025-01-15,2025-11-10,2026-09-06,88,BUCKET_3,ACTIVE,14.5,32329.2,5388.2,,0,f,NONE,NONE,73.3,73.3,,faa3a34e-e1cf-45d2-8166-370f687f428a,2026-09-06 13:30:49.625246+00,2026-09-06 13:30:49.625251+00
DAILY20260903LN184,4dbe7922-3c93-4d8e-bc40-614c3fc27f93,PERSONAL,ABC Bank,GGN044,770574,715533,550410,588938.7,131050,26210,2022-01-15,2025-01-15,2025-11-10,2026-09-03,155,NPA,NPA,14.5,33024.6,5504.1,,0,t,NONE,NONE,129.2,129.2,,facb02c3-b48a-48c6-9e3e-45c106fbdf6a,2026-09-02 15:33:16.281839+00,2026-09-02 15:33:16.281839+00
DAILY20260907LN56,e85ca71f-2b17-403c-bf5d-6ebc83e1c5aa,AUTO,ABC Bank,GGN044,1375836,1277562,982740,1051531.8,29780,29780,2022-01-15,2025-01-15,2025-11-10,2026-09-07,32,BUCKET_2,ACTIVE,14.5,58964.4,9827.4,,0,f,NONE,NONE,26.7,26.7,,fae7d5a5-291f-4c65-bfdb-c2b3a6f0d5a0,2026-09-07 04:59:06.121267+00,2026-09-07 04:59:06.12127+00
LN000000312,645cdd78-581e-4e19-b5c6-0f9bb80063bf,HOME,ABC Bank,BR3631,2317936.94,2272017.51,1910814.56,1989922.25,303015.02,44220,2024-02-25,2034-01-03,2026-03-24,2026-09-24,150,NPA,ACTIVE,20.21,66756.65,7888.52,120,32505.55,t,NONE,NEGOTIATING,100,100,,faea680c-90ae-4a8f-a6fe-eeb1d152ed8a,2026-08-27 11:28:00.06052+00,2026-09-02 15:27:18.772927+00
DAILY20260918LN101,c619a49a-2f72-48d6-a7f6-704569fb57d5,BUSINESS,ABC Bank,GGN044,1880088,1745796,1342920,1436924.4,70680,35340,2022-01-15,2025-01-15,2025-11-10,2026-09-18,65,BUCKET_3,ACTIVE,14.5,80575.2,13429.2,,0,f,NONE,NONE,54.2,54.2,,fb1b779e-db89-46d6-9a37-8d82913b4bc7,2026-09-18 06:49:34.589803+00,2026-09-18 06:49:34.589806+00
DAILY20260921LN21,8dc41e64-9597-475e-a6ca-fb20c65e3834,BUSINESS,ABC Bank,GGN044,2173248,2018016,1552320,1660982.4,73920,36960,2022-01-15,2025-01-15,2025-11-10,2026-09-21,88,BUCKET_3,ACTIVE,14.5,93139.2,15523.2,,0,f,NONE,NONE,73.3,73.3,,fb2676f5-5819-423b-8611-39298f20330f,2026-09-21 04:52:59.503296+00,2026-09-21 04:52:59.503301+00
DAILY20260907LN10,8ba0f68a-a6f0-4068-9476-8625e590b901,BUSINESS,ABC Bank,GGN044,1511720,1403740,1079800,1155386,161970,53990,2022-01-15,2025-01-15,2025-11-10,2026-09-07,95,NPA,NPA,14.5,64788,10798,,0,t,NONE,NONE,79.2,79.2,,fb9fa479-cbb7-4c43-8429-c9f9d1f600f7,2026-09-07 04:59:05.782174+00,2026-09-07 04:59:05.782176+00
DAILY20260907LN54,f5851f9a-3d17-4775-8634-6f25f123e7de,GOLD,ABC Bank,GGN044,332640,308880,237600,254232,7200,7200,2022-01-15,2025-01-15,2025-11-10,2026-09-07,32,BUCKET_2,ACTIVE,14.5,14256,2376,,0,f,NONE,NONE,26.7,26.7,,fbadc0d2-466d-4179-98f6-53428174362b,2026-09-07 04:59:06.108818+00,2026-09-07 04:59:06.108821+00
LN000000071,2439d400-d1c2-4c8b-935a-25904e153bbb,EDUCATION,ABC Bank,BR9308,387766.37,383315.66,213023.92,221979.8,50301.57,19670,2022-10-12,2024-10-01,2026-06-15,2026-09-03,72,BUCKET_3,ACTIVE,20.86,7978.97,690.19,24,12849.17,f,NONE,NONE,48.2,100,,fbd1a7b1-db2c-42b2-abf7-215fac770676,2026-08-27 11:28:00.060223+00,2026-09-02 15:27:18.772927+00
LN000000461,ba61e26c-957f-47e5-84c7-210db74a1652,MICROFINANCE,ABC Bank,BR3336,44614.28,43577.42,28562.63,33448.6,4535.96,1480,2023-10-02,2026-09-16,2026-06-17,2026-09-23,65,BUCKET_3,ACTIVE,13.56,501.5,2716.48,36,1465.72,f,NONE,NONE,52.9,31.5,,fbed731d-1996-468e-a003-d4217b44e940,2026-08-27 11:28:00.060698+00,2026-09-02 15:27:18.772927+00
DAILY20260921LN162,c8ded1f9-dd71-461f-8ecb-900937c4ef2f,GOLD,ABC Bank,GGN044,361900,336050,258500,276595,14100,4700,2022-01-15,2025-01-15,2025-11-10,2026-09-21,95,NPA,NPA,14.5,15510,2585,,0,t,NONE,NONE,79.2,79.2,,fbfde8ad-81ae-485e-b469-a4bbe5165b0e,2026-09-21 04:53:00.567537+00,2026-09-21 04:53:00.567541+00
DAILY20260907LN14,325503a2-2cb0-4e4b-828c-11930fe935bb,GOLD,ABC Bank,GGN044,627172,582374,447980,479338.6,34460,17230,2022-01-15,2025-01-15,2025-11-10,2026-09-07,65,BUCKET_3,ACTIVE,14.5,26878.8,4479.8,,0,f,NONE,NONE,54.2,54.2,,fc6d2a25-903a-4ed7-9a3e-c828d1f44072,2026-09-07 04:59:05.803098+00,2026-09-07 04:59:05.803101+00
LN000000237,7e47d8d4-e6ea-485f-98ac-cafb02766e7e,HOME,ABC Bank,BR4808,1469300.74,1338378.47,545032.44,557451.79,357686.14,64480,2025-09-10,2027-08-31,2026-04-28,2026-09-05,120,NPA,ACTIVE,14.35,9830.19,2194.8,24,55481.5,t,NOTICE_SENT,NONE,78.9,100,,fc9d2b83-1e89-45f5-8986-717aab006e65,2026-08-27 11:28:00.060428+00,2026-09-02 15:27:18.772927+00
DAILY20260918LN74,fd9d8158-2209-4b22-a80f-8c1cc0da3105,GOLD,ABC Bank,GGN044,1051400,976300,751000,803570,15020,15020,2022-01-15,2025-01-15,2025-11-10,2026-09-18,47,BUCKET_2,ACTIVE,14.5,45060,7510,,0,f,NONE,NONE,39.2,39.2,,fc9e91a4-2c90-4c66-b43e-14f0197c9972,2026-09-18 06:49:34.416803+00,2026-09-18 06:49:34.416806+00
DAILY20260906LN50,7241fe72-d53a-4dba-8b1d-b265768edb64,BUSINESS,ABC Bank,GGN044,3132080,2908360,2237200,2393804,47600,47600,2022-01-15,2025-01-15,2025-11-10,2026-09-06,47,BUCKET_2,ACTIVE,14.5,134232,22372,,0,f,NONE,NONE,39.2,39.2,,fcae592f-b408-4a80-8c46-f30ecb9c7373,2026-09-06 13:30:49.077969+00,2026-09-06 13:30:49.077972+00
LN000000284,d0306031-1151-4993-bed9-6906033425ef,BUSINESS,ABC Bank,BR3574,1660153.25,1572476.52,696227.49,718566.35,89201.33,41300,2022-05-24,2027-04-28,2026-06-28,2026-09-12,50,BUCKET_2,ACTIVE,19.59,16667.32,4051.27,60,40227.2,f,NONE,NONE,58.4,88.15,,fd142269-3ee6-4e42-bd7e-c2d203648026,2026-08-27 11:28:00.060487+00,2026-09-02 15:27:18.772927+00
DAILY20260903LN89,7c7a8e1f-b8b2-402e-9f03-e8aecc0ef05d,HOME,ABC Bank,GGN044,3393810,3151395,2424150,2593840.5,107740,53870,2022-01-15,2025-01-15,2025-11-10,2026-09-03,65,BUCKET_3,ACTIVE,14.5,145449,24241.5,,0,f,NONE,NONE,54.2,54.2,,fd1dcdcf-751e-4f1c-8a84-a7bbf18844dd,2026-09-02 15:33:15.930895+00,2026-09-02 15:33:15.930895+00
LN000000119,6c83b4ab-db73-4b6d-93ba-0f3eece78751,EDUCATION,ABC Bank,BR9818,458236.57,455771.93,281189.48,304141.84,16936.49,8000,2023-03-03,2033-01-09,2026-06-24,2026-09-18,58,BUCKET_2,ACTIVE,17.27,11452.7,6889.13,120,6502.07,f,NONE,NONE,41.3,36.6,,fd76feb1-00ba-49da-bca3-f07f059dcde5,2026-08-27 11:28:00.060286+00,2026-09-02 15:27:18.772927+00
DAILY20260921LN37,a99f5b0a-bf87-4322-92dd-a9b01cb9e63b,MICROFINANCE,ABC Bank,GGN044,280350,260325,200250,214267.5,4450,4450,2022-01-15,2025-01-15,2025-11-10,2026-09-21,47,BUCKET_2,ACTIVE,14.5,12015,2002.5,,0,f,NONE,NONE,39.2,39.2,,fd854213-72d1-4e74-a79d-efe3de405d62,2026-09-21 04:52:59.598425+00,2026-09-21 04:52:59.598428+00
LN000000222,49d9dc54-c7a3-4821-b8c2-82685d2a5eab,GOLD,ABC Bank,BR7591,266734.53,243432.55,229790.61,243758.35,13831.4,6230,2025-03-24,2029-03-03,2026-07-16,2026-08-31,35,BUCKET_2,ACTIVE,10.48,2786.52,8178.76,48,5153.4,f,NONE,NONE,50.5,28.01,,fd9c57cc-c70e-4bda-8dc6-a5e77c16219b,2026-08-27 11:28:00.060411+00,2026-09-02 15:27:18.772927+00
DAILY20260918LN163,0fc9df36-d8ed-4a06-982b-1da51265be9f,CREDIT_CARD,ABC Bank,GGN044,183148,170066,130820,139977.4,4220,4220,2022-01-15,2025-01-15,2025-11-10,2026-09-18,47,BUCKET_2,ACTIVE,14.5,7849.2,1308.2,,0,f,NONE,NONE,39.2,39.2,,fdad0135-e0e8-4464-af75-4b6d89ab5201,2026-09-18 06:49:34.94108+00,2026-09-18 06:49:34.941084+00
LN000000097,bbf0db48-6ed9-49a7-bbb4-66fb14b93511,AUTO,ABC Bank,BR5918,898386.4,848200.39,713983.09,757134.28,44603.2,17370,2025-04-15,2032-03-09,2026-06-19,2026-09-02,65,BUCKET_3,ACTIVE,17.07,35872.2,4130.17,84,12709.82,f,NONE,NONE,84.6,63.75,,fde9d02d-f3e4-4fbc-a5b7-d5d1f2642a77,2026-08-27 11:28:00.060257+00,2026-09-02 15:27:18.772927+00
DAILY20260903LN37,f3978c43-b82c-4f95-aa8b-83307c7251b6,AUTO,ABC Bank,GGN044,308700,286650,220500,235935,14700,14700,2022-01-15,2025-01-15,2025-11-10,2026-09-03,32,BUCKET_2,ACTIVE,14.5,13230,2205,,0,f,NONE,NONE,26.7,26.7,,fe068ec7-bac0-4e9d-bf57-0f20f0e06b11,2026-09-02 15:33:15.702561+00,2026-09-02 15:33:15.702561+00
LN000000482,6c57f4a2-ff3a-49d7-b773-e649e7f6e00a,GOLD,ABC Bank,BR3521,525163.99,505618.38,293604.83,303240.7,50962.72,16380,2023-05-27,2027-05-06,2026-05-27,2026-09-15,88,BUCKET_3,ACTIVE,23.63,8357.54,1059.95,48,9698.1,f,NONE,NONE,61.2,100,,fe22bf19-1b6c-40fc-a02c-1bf6dd87ddc8,2026-08-27 11:28:00.060724+00,2026-09-02 15:27:18.772927+00
DAILY20260918LN03,4983a9ee-c9f0-41a2-8680-333e5a39041a,GOLD,ABC Bank,GGN044,283402,263159,202430,216600.1,26120,6530,2022-01-15,2025-01-15,2025-11-10,2026-09-18,120,NPA,NPA,14.5,12145.8,2024.3,,0,t,NONE,NONE,100,100,,fe6787b1-c496-4a74-8c7b-748e39bb1f3f,2026-09-18 06:49:34.03757+00,2026-09-18 06:49:34.037573+00
DAILY20260906LN91,8c7f2fe8-7693-4981-87d6-9efd1c18086b,CREDIT_CARD,ABC Bank,GGN044,709100,658450,506500,541955,10130,10130,2022-01-15,2025-01-15,2025-11-10,2026-09-06,32,BUCKET_2,ACTIVE,14.5,30390,5065,,0,f,NONE,NONE,26.7,26.7,,fe67fa76-e762-4df7-b68d-2aa7151dda79,2026-09-06 13:30:49.347436+00,2026-09-06 13:30:49.347438+00
DAILY20260901LN01,884b8d69-48b8-467e-95d6-96de24bbe3fb,MICROFINANCE,ABC Bank,GGN044,113399.96,105299.96,80999.97,86669.97,24299.99,2250,2022-01-15,2025-01-15,2025-11-10,2026-09-01,47,BUCKET_2,ACTIVE,14.5,4860,810,,0,f,NONE,NONE,39.2,39.2,,fe7e4bc7-58cc-4238-a2fb-420045901a26,2026-09-01 04:38:21.167179+00,2026-09-02 15:27:18.780932+00
DAILY20260907LN181,80d8d18f-6cad-47d1-927a-9433f8bcb2f5,BUSINESS,ABC Bank,GGN044,1049706,974727,749790,802275.3,83310,27770,2022-01-15,2025-01-15,2025-11-10,2026-09-07,95,NPA,NPA,14.5,44987.4,7497.9,,0,t,NONE,NONE,79.2,79.2,,fe8204a8-c9a1-4c61-9da3-8dcaafaba258,2026-09-07 04:59:06.858065+00,2026-09-07 04:59:06.858067+00
LN000000124,6e41bc48-426c-4fe9-9719-ded346a3f1b8,HOME,ABC Bank,BR5519,529346.63,496463.64,464044.52,506704.02,298152.58,46060,2022-07-30,2023-07-25,2026-02-15,2026-09-19,180,NPA,ACTIVE,20.3,25525.76,12077.85,12,32811.15,t,SUIT_FILED,OFFERED,100,91.68,,ff1b8131-7be5-4907-87a1-3b81e1c656cc,2026-08-27 11:28:00.060292+00,2026-09-02 15:27:18.780932+00
DAILY20260918LN13,529ceed4-acd7-4f2e-adbc-a3a590c6581f,AUTO,ABC Bank,GGN044,249900,232050,178500,190995,11900,11900,2022-01-15,2025-01-15,2025-11-10,2026-09-18,47,BUCKET_2,ACTIVE,14.5,10710,1785,,0,f,NONE,NONE,39.2,39.2,,ff32f8f3-a04a-488c-9d9c-365f4374de15,2026-09-18 06:49:34.090397+00,2026-09-18 06:49:34.0904+00
LN000000209,39334edd-11cd-4f7e-8371-d26ccbffecae,BUSINESS,ABC Bank,BR7517,608297.04,582021.56,487485.63,499482.32,293044.87,55000,2024-10-05,2025-09-30,2026-03-15,2026-09-18,150,NPA,NPA,23.87,11717.55,260.7,12,43700.23,t,NOTICE_SENT,NONE,100,100,,ff45d848-3f4d-429d-ba59-83e90910c413,2026-08-27 11:28:00.060395+00,2026-09-02 15:27:18.780932+00
DAILY20260907LN169,490d37d1-039a-4786-a189-d40f9ee5ab5f,MICROFINANCE,ABC Bank,GGN044,217560,202020,155400,166278,4440,4440,2022-01-15,2025-01-15,2025-11-10,2026-09-07,32,BUCKET_2,ACTIVE,14.5,9324,1554,,0,f,NONE,NONE,26.7,26.7,,ff9bae2e-a100-4855-9a99-6d2115bdf5aa,2026-09-07 04:59:06.782526+00,2026-09-07 04:59:06.782528+00
