case_id,visit_id,agent_id,amount,mode,status,receipt_number,upi_reference,cheque_number,bank_reference,receipt_photo_key,payment_date,verified_at,verified_by_id,receipt_sms_sent,id,created_at,updated_at
a1f3d27d-22a6-4e71-bd40-e869083d9d8d,966630ca-a5e3-48b3-bf47-66271cd33ca4,2dfc73e0-dba9-4aa5-babf-d5141ded5497,7611.32,CHEQUE,VERIFIED,RCP00000321,,,,,2026-08-26 09:57:00+00,,,t,006061ce-a8ba-4d4f-9c86-5f56052097c1,2026-08-27 11:28:22.635417+00,2026-09-02 15:27:19.322365+00
8ecb6405-44a3-4dab-a70b-cb4acb71e1df,cf2c45ea-2f44-4161-ae46-1f1a85ccf4f3,cd9e6eca-028e-4c61-8e82-048327bc4476,52028.25,CHEQUE,VERIFIED,RCP00000001,,,,,2026-08-06 14:36:00+00,2026-08-06 14:36:00+00,,t,01155932-eb54-47b9-b238-d6633315873d,2026-08-27 11:28:00.89406+00,2026-09-02 15:27:19.322365+00
3e689969-007a-40ce-9ee5-f8de67c7401f,12032406-2ab1-4a83-a189-8835fe53b95d,c6ca60b7-2143-412b-887e-c30ae9cda031,1456.47,UPI,VERIFIED,RCP00000370,,,,,2026-08-26 11:52:00+00,,,t,01272c30-edb2-497a-b105-6ac8aa24d4aa,2026-08-27 11:28:23.538353+00,2026-09-02 15:27:19.322365+00
758e3854-5f4b-4002-9311-ba1e44c87b38,ef352211-dd23-4aa7-ba44-856b80132d73,8e59153e-dc8e-4efa-af65-1db304a6f3f1,9056.12,CASH,VERIFIED,RCP2026090297358,,,,,2026-09-17 09:12:00+00,2026-09-17 09:12:00+00,,t,01939cca-d288-4dbe-b41b-b23b6941b476,2026-09-17 06:31:13.480365+00,2026-09-17 06:31:13.480368+00
0ed7a25b-2132-4531-8270-32c460c4893d,aa438589-76a6-43be-ba5a-43c1928120f3,5fbae4d6-59d1-4e6c-8a80-fe57244a45bb,213.78,CASH,VERIFIED,RCPT-DAY-0323,,,,,2026-08-27 13:29:00+00,2026-08-27 13:31:00+00,,f,025cbe7e-8a16-453f-8c6f-f82793519fc6,2026-08-27 11:28:10.591887+00,2026-09-02 15:27:19.322365+00
7791e0a4-9d1c-49f5-8128-ae3bef34c860,efa63341-a495-4861-aefc-b4b202397b51,c6ca60b7-2143-412b-887e-c30ae9cda031,26350,CASH,VERIFIED,RCP2026090297482,,,,,2026-09-21 03:40:00+00,2026-09-21 03:40:00+00,,t,02d82d53-7215-4d7d-9289-284c7c2d9b5b,2026-09-21 06:09:25.59878+00,2026-09-21 06:09:25.598783+00
3f1e1974-3e2f-4b59-a1ac-53be1e4bb93e,0898a7fb-fa01-427f-bbcd-def3a8ebc28c,2b6de8aa-0976-4be0-8a40-043ff86ffa54,36750,CASH,VERIFIED,RCP2026090297385,,,,,2026-09-18 10:00:00+00,2026-09-18 10:00:00+00,,t,02ee4ad4-e511-4eda-9f1b-a0ba87af2cf7,2026-09-18 06:37:21.674279+00,2026-09-18 06:37:21.674283+00
939dd91b-ef27-419b-a94e-1581e7a0b98a,0d466d8c-67db-4e99-a883-62d0db6fa821,a2e2555c-f597-43af-a77a-fe708f967218,13270,UPI,VERIFIED,RCP00000222,,,,,2026-03-17 15:41:00+00,2026-03-17 15:41:00+00,,t,032d2e15-8840-45ba-81f2-ad1ebbed3e76,2026-08-27 11:28:07.504479+00,2026-09-02 15:27:19.322365+00
4d76689b-6d37-4f34-bdcf-0365937ea1de,898a56ba-ea9a-4134-bb74-a84b334f45f3,b06cd5a3-f1c0-4cdb-b241-9ce2d6c5e791,33170,NEFT,VERIFIED,RCP00000277,,,,,2026-03-25 17:59:00+00,2026-03-25 17:59:00+00,,t,03910779-c1a8-4f22-9535-9d527cda89bc,2026-08-27 11:28:08.466534+00,2026-09-02 15:27:19.322365+00
883a9464-ebb3-4f6d-8aff-4de09ce61aab,74882437-ceec-4875-ac17-c013f97ef201,2b6de8aa-0976-4be0-8a40-043ff86ffa54,9940.77,NEFT,VERIFIED,RCP2026090297298,,,,,2026-09-17 05:48:00+00,2026-09-17 05:48:00+00,,t,03ae9b7c-bad5-4c78-9208-76db868f9879,2026-09-17 06:31:12.578046+00,2026-09-17 06:31:12.57805+00
3f8d7383-34d2-42a7-810a-e6bd39a85224,0177f546-f554-494e-b2ab-56de367c6bbe,c37b6a5c-9d1c-46d4-8ece-dfce290dc74b,15870,CASH,VERIFIED,RCP00000304,,,,,2026-08-25 11:03:00+00,,,t,0407e06d-6e38-4ad6-a929-700e1bf8d994,2026-08-27 11:28:22.211375+00,2026-09-02 15:27:19.322365+00
cccefdf0-b4f4-4bd7-a054-e0eb63e0686a,716c48c1-3f8d-4b48-8ab4-575660869929,4a182f53-a1a1-4f15-945a-6a56f4e04b64,37260,CASH,VERIFIED,RCP2026090297496,,,,,2026-09-21 04:33:00+00,2026-09-21 04:33:00+00,,t,04409473-eac6-4687-8740-46ba7261c458,2026-09-21 06:09:25.741341+00,2026-09-21 06:09:25.741347+00
f0e13135-fc84-417e-9bcb-9a06e95c69e1,27c134df-63f2-44a3-952b-c045f322b595,1d5e58e8-954e-4d6c-b13c-6e6d614cb588,27951.21,CASH,VERIFIED,RCPT-DAY-0391,,,,,2026-08-27 14:58:00+00,2026-08-27 15:00:00+00,,f,049a6ca7-261d-48cd-b850-0b68435d2652,2026-08-27 11:28:11.149727+00,2026-09-02 15:27:19.322365+00
1d09cd5e-7624-409b-9722-566194e3323b,88187b41-0c80-4128-a32b-1b6b1082fdee,a2e2555c-f597-43af-a77a-fe708f967218,4377.53,UPI,VERIFIED,RCP2026090297314,,,,,2026-09-17 07:05:00+00,2026-09-17 07:05:00+00,,t,04d82819-af90-47d8-b913-de57d8891690,2026-09-17 06:31:12.725605+00,2026-09-17 06:31:12.725608+00
e582a376-413c-4536-9794-19dd378390a4,16cb23ff-186e-4146-9375-2c8868f63593,a2e2555c-f597-43af-a77a-fe708f967218,575.61,DD,VERIFIED,RCP00000040,,,,,2026-08-08 15:29:00+00,2026-08-08 15:29:00+00,,t,04e439ee-259c-4a45-ad35-a59e7a6c11a7,2026-08-27 11:28:01.814961+00,2026-09-02 15:27:19.322365+00
262556e4-d500-4f02-9f88-b94feb0ecdca,0172bf65-e40d-410e-aa5f-13de3b92c616,a2e2555c-f597-43af-a77a-fe708f967218,9050,CASH,VERIFIED,RCPT-DAY-0318,,,,,2026-08-27 16:19:00+00,2026-08-27 16:21:00+00,,f,050a03d5-623c-479e-b1cb-54bd45bfefe7,2026-08-27 11:28:10.553712+00,2026-09-02 15:27:19.322365+00
8fad95dc-2d26-4086-ac8f-c42f5ee62269,40f4c2b7-034e-43c3-832e-e2fc9082bfc1,c2f2e0ce-5aeb-4ece-8325-2167edfe139e,15670,RTGS,VERIFIED,RCP00000148,,,,,2026-05-23 16:43:00+00,2026-05-24 16:43:00+00,,t,05943576-4248-4e94-8f9d-76aef6de6718,2026-08-27 11:28:04.780844+00,2026-09-02 15:27:19.322365+00
36a4a6cd-e4ac-4482-81f8-0f3eff465e2e,813fff12-f53a-41fd-a619-a79b33152fb7,3aa13103-bd03-4578-9292-44d88d58da00,8502.38,CASH,VERIFIED,REC-20260901-47748,UPI-20260901-161639,,,,2026-09-01 09:41:00+00,,,f,0597016e-bd6d-4d7c-b817-d1ee3e029e34,2026-09-02 07:19:28.621345+00,2026-09-02 15:27:19.322365+00
cb2b92fc-05ae-4718-a5fa-614cf047f591,,3aa13103-bd03-4578-9292-44d88d58da00,6870,UPI,VERIFIED,RCP00000422,,,,,2026-08-19 17:56:00+00,2026-08-19 17:56:00+00,,t,05d6c7af-8ecc-4493-b2aa-13e38232bc7c,2026-08-27 11:28:24.494552+00,2026-09-02 15:27:19.322365+00
29dc3255-867e-47ac-9b60-7d27a7ae5c41,6ef78e8e-e866-4da2-ab4e-c293a7e3ff0b,3e9c4168-1de9-43e8-b9f2-fbf3f931949d,22540,RTGS,VERIFIED,RCP00000272,,,,,2026-03-16 16:48:00+00,2026-03-16 16:48:00+00,,t,0605106b-9056-45e5-8878-34ebef80f84f,2026-08-27 11:28:08.368325+00,2026-09-02 15:27:19.322365+00
1b025605-e86a-4edd-b675-5450ee339135,e18cb91b-33ae-455a-9848-4d6a73cb066c,3aa13103-bd03-4578-9292-44d88d58da00,1640,UPI,VERIFIED,REC-20260901-37899,UPI-20260901-447497,,,,2026-09-01 11:38:00+00,,,f,063c9d8b-11d1-4ed6-b33d-2ae7355e8f03,2026-09-02 07:19:28.63714+00,2026-09-02 15:27:19.322365+00
729d8eef-3e5c-40f6-bead-c87ea9fa3577,,4a182f53-a1a1-4f15-945a-6a56f4e04b64,2970,UPI,VERIFIED,RCP00000035,,,,,2026-07-13 18:44:00+00,2026-07-13 18:44:00+00,,t,06446e9b-907a-46b2-8572-e7ceb0bc3783,2026-08-27 11:28:01.721546+00,2026-09-02 15:27:19.322365+00
009b5ac4-994a-4b15-84a2-1b69a6304f42,eca73c61-406c-4a75-9fa3-37018cbc9372,3aa13103-bd03-4578-9292-44d88d58da00,18700,NEFT,VERIFIED,RCP2026090297260,,,,,2026-09-17 05:28:00+00,2026-09-17 05:28:00+00,,t,06d4b6aa-8a1d-4c17-bf3d-59103d44fd38,2026-09-17 06:31:12.161946+00,2026-09-17 06:31:12.16195+00
d0b60cc2-1609-4be4-a5af-3b8cf472974e,bf163b97-5de9-4942-9114-6590e389b0c9,c33350cc-f581-492e-807f-14262d56ebcb,39620,DD,VERIFIED,RCP00000119,,,,,2026-05-23 10:20:00+00,2026-05-23 10:20:00+00,,t,06db7ddb-cbe0-4955-a2fd-ab1a6a1e4e8b,2026-08-27 11:28:04.432129+00,2026-09-02 15:27:19.322365+00
ec2e7637-9dc3-4d0e-8dd8-3ea3e91b9d45,,cd9e6eca-028e-4c61-8e82-048327bc4476,255.7,UPI,VERIFIED,RCP00000098,,,,,2026-05-16 12:11:00+00,2026-05-16 12:11:00+00,,t,073c58af-ac43-474d-b374-14b4a3019c17,2026-08-27 11:28:04.023159+00,2026-09-02 15:27:19.322365+00
2542c63e-9609-4a84-9c31-8db2975c0aba,ef06044a-67a9-425c-ba90-29be46504c7a,3e9c4168-1de9-43e8-b9f2-fbf3f931949d,8857.68,CASH,VERIFIED,REC-20260901-72628,UPI-20260901-138977,,,,2026-09-01 10:19:00+00,,,f,076153ea-491b-4cc2-a003-fce1ab2a002c,2026-09-02 07:19:29.945272+00,2026-09-02 15:27:19.322365+00
26cefbee-92c4-4c5b-967b-bf2ad3ede143,9132a0e9-d499-4ec5-aebd-7acc15fd89d4,c2f2e0ce-5aeb-4ece-8325-2167edfe139e,9764.44,CHEQUE,VERIFIED,RCP2026090297303,,,,,2026-09-17 11:00:00+00,2026-09-17 11:00:00+00,,t,07789890-52e7-407d-b492-78c9a36498e5,2026-09-17 06:31:12.624183+00,2026-09-17 06:31:12.624186+00
d35f16f0-cfc8-4958-ac31-eeaa51119197,,1d5e58e8-954e-4d6c-b13c-6e6d614cb588,41460,NEFT,VERIFIED,RCP00000026,,,,,2026-07-17 16:50:00+00,2026-07-17 16:50:00+00,,t,07dac9fb-d06e-4baa-89af-dca7d9294fdd,2026-08-27 11:28:01.628098+00,2026-09-02 15:27:19.322365+00
0a2d819c-d811-402b-be4c-f2af86c8e8b7,72e0cede-0c66-403f-bc8c-b6f95b63fed7,5fbae4d6-59d1-4e6c-8a80-fe57244a45bb,4670,UPI,VERIFIED,REC-20260901-87848,UPI-20260901-495422,,,,2026-09-01 10:31:00+00,,,f,07f57e39-854e-451a-a7ec-d2f7fadc2361,2026-09-02 07:19:29.685102+00,2026-09-02 15:27:19.322365+00
7ea303b1-f01b-4927-a4e4-6c36e1431481,f7ca0691-0b1a-4b78-be85-26df7d8daddb,2b6de8aa-0976-4be0-8a40-043ff86ffa54,16862.63,CASH,VERIFIED,RCP00000296,,,,,2026-08-25 14:26:00+00,,,t,08211657-ffb2-4dcc-9145-54ae4098c39d,2026-08-27 11:28:22.052092+00,2026-09-02 15:27:19.322365+00
1e5e4dd4-1e72-424c-b8b0-284a9c3b3d15,3926c9da-09c6-40da-8951-8dca411ad550,2b6de8aa-0976-4be0-8a40-043ff86ffa54,45140,NEFT,VERIFIED,RCP00000293,,,,,2026-08-26 17:59:00+00,,,t,0854f0f2-6c77-4090-8180-611fbebf9570,2026-08-27 11:28:22.018401+00,2026-09-02 15:27:19.322365+00
8e3bc2b3-151b-408d-8525-475abd5aa93e,696edd6a-bf9f-49ed-8d71-e8a6cefb8e43,c6ca60b7-2143-412b-887e-c30ae9cda031,5921.25,CHEQUE,VERIFIED,RCP2026090297451,,,,,2026-09-18 09:56:00+00,2026-09-18 09:56:00+00,,t,089d177a-7c0e-4435-8230-482468222e83,2026-09-18 06:37:22.564046+00,2026-09-18 06:37:22.56405+00
3d6f3ec1-6eca-4bf6-86e7-a280a4b09ba5,ba90742b-1d0d-4866-866f-6e971aac058b,357e2e09-b637-468e-818b-57a5dce18e9c,10670,RTGS,VERIFIED,RCP00000226,,,,,2026-03-30 12:47:00+00,2026-03-30 12:47:00+00,,t,08e3f448-b24c-4ff2-90bd-a104db885018,2026-08-27 11:28:07.59269+00,2026-09-02 15:27:19.322365+00
dc95f817-c541-486d-9b01-4c88eb5b5e79,0f839c3b-70ca-4e4a-a55c-fd6476133aa8,3aa13103-bd03-4578-9292-44d88d58da00,6991.93,CHEQUE,VERIFIED,RCP2026090297221,,,,,2026-09-10 12:02:00+00,2026-09-10 12:02:00+00,,t,0919cf02-797e-4700-87f2-3878ad2e63ec,2026-09-10 10:42:26.73036+00,2026-09-10 10:42:26.730365+00
4c49d03f-12db-465c-a124-730c4533b75a,e06f82e7-9a3e-49a6-99d1-f63614cecc4d,a2e2555c-f597-43af-a77a-fe708f967218,1934.06,CASH,VERIFIED,RCP2026090297469,,,,,2026-09-18 11:08:00+00,2026-09-18 11:08:00+00,,t,09467a4d-f6ac-47f4-ba18-c17b07344e83,2026-09-18 06:37:22.893309+00,2026-09-18 06:37:22.893312+00
62078084-965a-489b-bc20-3f2af392aded,dad1464c-9122-478f-b9de-fe141266c2be,c33350cc-f581-492e-807f-14262d56ebcb,3856.42,NEFT,VERIFIED,RCP2026090297477,,,,,2026-09-18 05:01:00+00,2026-09-18 05:01:00+00,,t,094688ca-2793-4263-b5ab-7335423fc49f,2026-09-18 06:37:23.020273+00,2026-09-18 06:37:23.020278+00
928a5663-d99d-46e5-bb35-bb2be4584e23,1bfe9f89-3f7f-492d-9779-c216d0e28555,b06cd5a3-f1c0-4cdb-b241-9ce2d6c5e791,8590,UPI,VERIFIED,REC-20260901-87018,UPI-20260901-809067,,,,2026-09-01 11:46:00+00,,,f,0992b7df-2e3b-415c-b9df-d52d7328152d,2026-09-02 07:19:30.362705+00,2026-09-02 15:27:19.322365+00
8b928131-2349-4459-accc-358b5e77c242,c4066e0c-76be-41eb-b025-eb46a88b4ab5,5fbae4d6-59d1-4e6c-8a80-fe57244a45bb,9755.64,CASH,VERIFIED,REC-20260901-18504,UPI-20260901-691536,,,,2026-09-01 09:43:00+00,,,f,09b67450-8a30-47a3-a991-13fd60689179,2026-09-02 07:19:29.674948+00,2026-09-02 15:27:19.322365+00
908078f5-9d44-4242-9e59-2a8d76ec932d,5d39ee01-f608-4d4f-88c0-1077b8142d98,3aa13103-bd03-4578-9292-44d88d58da00,9819.25,CASH,VERIFIED,RCP00000344,,,,,2026-08-25 09:46:00+00,,,t,09f9cbd3-575d-447a-b43e-dc066f29c16e,2026-08-27 11:28:23.116287+00,2026-09-02 15:27:19.322365+00
3c65fc4e-c1ac-4ee1-b3a5-cb158a253967,e443d5e3-9e69-482c-9925-db9720c6140e,8e59153e-dc8e-4efa-af65-1db304a6f3f1,438.7,CASH,VERIFIED,RCPT-DAY-0327,,,,,2026-08-27 11:56:00+00,2026-08-27 11:58:00+00,,f,0a20836b-284b-4b5a-b073-d4a10d157be0,2026-08-27 11:28:10.638052+00,2026-09-02 15:27:19.322365+00
be420060-4b66-410a-a747-e88a79e18205,1af05383-e8b0-4390-9989-5b65300accb4,1d5e58e8-954e-4d6c-b13c-6e6d614cb588,22701,NEFT,VERIFIED,RCP00000393,,,,,2026-08-26 09:41:00+00,,,t,0a91aab2-1192-4944-ab16-c18f1f57b4a1,2026-08-27 11:28:23.90547+00,2026-09-02 15:27:19.322365+00
ecc596da-01f8-4713-90df-95567361aaf8,83b48f9d-4c1f-480a-8787-3cb2d8a34e57,c6ca60b7-2143-412b-887e-c30ae9cda031,15247.7,UPI,VERIFIED,REC-20260902-46060,UPI-20260902-146494,,,,2026-09-02 16:12:00+00,,,f,0b025932-c21d-4b66-a125-0d7bf6aa8301,2026-09-02 07:19:30.715046+00,2026-09-02 15:27:19.322365+00
d57dea5e-a963-4383-9e0c-785c5f2f1699,d8e628ba-1401-48ba-82e2-ba4dfa8f5d90,1d5e58e8-954e-4d6c-b13c-6e6d614cb588,1956.01,UPI,VERIFIED,REC-20260902-10903,UPI-20260902-524242,,,,2026-09-02 09:47:00+00,,,f,0bc2ccad-2210-444b-8519-73ff863369bc,2026-09-02 07:19:28.835069+00,2026-09-02 15:27:19.322365+00
4297f49f-ebb3-4f5c-a638-50637aa18533,4d65078f-a6e1-42e0-8905-c60e41799cb6,3e9c4168-1de9-43e8-b9f2-fbf3f931949d,39270.92,RTGS,VERIFIED,RCP2026090297367,,,,,2026-09-18 06:27:00+00,2026-09-18 06:27:00+00,,t,0bfd5a30-5166-4663-a35c-d8eade730a5b,2026-09-18 06:37:21.453334+00,2026-09-18 06:37:21.453338+00
dd81e163-b4c4-49eb-a895-e825f0116bef,35ffa894-1960-4c67-b397-43c06f96b37c,1d5e58e8-954e-4d6c-b13c-6e6d614cb588,14980.77,NEFT,VERIFIED,RCPT-DAY-0389,,,,,2026-08-27 14:03:00+00,2026-08-27 14:05:00+00,,f,0ca46f66-ceb2-4364-a507-2d316c0fef6e,2026-08-27 11:28:11.140486+00,2026-09-02 15:27:19.322365+00
d746456f-7775-4027-9165-1ecce762e6cb,,a13886ca-739b-47b4-a473-724e03f7332a,12670,NEFT,VERIFIED,RCP00000143,,,,,2026-06-03 15:07:00+00,2026-06-03 15:07:00+00,,t,0cac2470-b8c1-4e89-a107-532637eaea07,2026-08-27 11:28:04.714214+00,2026-09-02 15:27:19.322365+00
f7e9d62a-7578-4e24-97e8-7c5be5cb42ac,a7456c9c-8e4b-4172-a966-1c10c06ffa4a,3aa13103-bd03-4578-9292-44d88d58da00,2397.09,UPI,VERIFIED,RCP00000255,,,,,2026-04-03 16:23:00+00,2026-04-03 16:23:00+00,,t,0cc51524-e8ad-400c-9862-c42b7ade7784,2026-08-27 11:28:08.097319+00,2026-09-02 15:27:19.322365+00
a162b704-6a33-4df6-937d-52033ff4a5cb,b807d089-6f10-4c8c-9421-22192b3ce120,3aa13103-bd03-4578-9292-44d88d58da00,1128.64,CHEQUE,VERIFIED,REC-20260901-79549,UPI-20260901-782746,,,,2026-09-01 12:34:00+00,,,f,0cf6ea1a-7fea-4b8f-b207-9fa08ad62bf7,2026-09-02 07:19:28.704954+00,2026-09-02 15:27:19.322365+00
95eaada2-57b3-44c7-8a13-a901d665fe57,a35de011-8d03-48e1-9992-5fa466ce97ad,a2e2555c-f597-43af-a77a-fe708f967218,2713.35,DD,VERIFIED,RCP00000018,,,,,2026-07-18 11:49:00+00,2026-07-19 11:49:00+00,,t,0d48f915-5ce4-4169-b01a-9eab7737c009,2026-08-27 11:28:01.430842+00,2026-09-02 15:27:19.322365+00
da07f1f9-34df-4388-b0a1-67fe02530aa8,7b4bd638-9189-41f3-89cd-8d518131c3ea,5fbae4d6-59d1-4e6c-8a80-fe57244a45bb,23220,CHEQUE,VERIFIED,REC-20260902-60325,UPI-20260902-107261,,,,2026-09-02 12:13:00+00,,,f,0d8e3538-882d-4160-838f-d0a2d81bdcc7,2026-09-02 07:19:29.777627+00,2026-09-02 15:27:19.322365+00
3f5ec6fd-8033-4390-8954-85546d6acc7f,d9054377-e398-4e1e-8fa2-0d84cb5a0763,2dfc73e0-dba9-4aa5-babf-d5141ded5497,10928.66,CHEQUE,VERIFIED,RCP00000327,,,,,2026-08-26 17:23:00+00,,,t,0dd9b820-076a-4f5c-b95b-0dddf1c731dd,2026-08-27 11:28:22.723181+00,2026-09-02 15:27:19.322365+00
1cc30a7c-58d1-4ae8-8285-d02e6197090a,8245a956-268f-4927-b08b-2c7bc3b4e063,2b6de8aa-0976-4be0-8a40-043ff86ffa54,2250,CASH,VERIFIED,REC-20260901-71488,UPI-20260901-134690,,,,2026-09-01 09:11:00+00,,,f,0deae745-5f5e-4af5-8f06-06900c750219,2026-09-02 07:19:28.905204+00,2026-09-02 15:27:19.322365+00
3c65fc4e-c1ac-4ee1-b3a5-cb158a253967,b7484013-adf7-4fc7-a240-1d1c387741ba,8e59153e-dc8e-4efa-af65-1db304a6f3f1,4561.3,RTGS,VERIFIED,RCP00000047,,,,,2026-08-08 09:59:00+00,2026-08-09 09:59:00+00,,t,0e019a82-f1ce-4f10-9ce9-b4ee3e626dc0,2026-08-27 11:28:02.032428+00,2026-09-02 15:27:19.322365+00
b09bcc21-ce43-4ae2-a076-7ae065282484,3e49375f-4230-4b01-9b3e-5548ee2c2c6b,2dfc73e0-dba9-4aa5-babf-d5141ded5497,8705.03,NEFT,VERIFIED,RCP2026090297282,,,,,2026-09-17 08:46:00+00,2026-09-17 08:46:00+00,,t,0e3067bf-1a25-4569-b79d-223da45aad5f,2026-09-17 06:31:12.411164+00,2026-09-17 06:31:12.411168+00
40147f68-8a18-4627-a1ac-f2a2721ea63c,f4e82626-9ee1-4aef-9474-e6bd32184452,e9dced65-f61b-4c24-bae7-d4170299ed46,338.52,CHEQUE,VERIFIED,RCP2026090297442,,,,,2026-09-18 06:47:00+00,2026-09-18 06:47:00+00,,t,0e54b885-5b58-4e66-a877-acd0687b055e,2026-09-18 06:37:22.411866+00,2026-09-18 06:37:22.411869+00
3aaa86ab-74a1-46d5-9f94-67bc87be3934,e499de62-c4d4-4f25-9cdf-8ef22d822a19,a2e2555c-f597-43af-a77a-fe708f967218,12980,CASH,VERIFIED,RCPT-DAY-0315,,,,,2026-08-27 11:26:00+00,2026-08-27 11:28:00+00,,f,0eaf94ae-b583-4078-8a15-0039be24a832,2026-08-27 11:28:10.519192+00,2026-09-02 15:27:19.322365+00
20c8bbc5-f97a-4080-9144-96f4881fe040,f0a0249d-ccbf-49ae-88d9-44cea11cd7cc,3aa13103-bd03-4578-9292-44d88d58da00,6576.9,NEFT,VERIFIED,RCP2026090297423,,,,,2026-09-18 05:07:00+00,2026-09-18 05:07:00+00,,t,0ecb17ee-b72f-4513-9ec8-4d17ee9e9495,2026-09-18 06:37:22.107605+00,2026-09-18 06:37:22.107608+00
bf90e2f4-1b51-405a-a902-5921456472ea,4c055f2b-6372-4237-96a8-1094c935d855,a13886ca-739b-47b4-a473-724e03f7332a,227.33,CASH,VERIFIED,REC-20260901-21752,UPI-20260901-398764,,,,2026-09-01 13:39:00+00,,,f,0f0aa0cb-3b85-41cc-8b1f-41e84df3c483,2026-09-02 07:19:30.234022+00,2026-09-02 15:27:19.322365+00
ac5d159e-3de8-4a59-8f93-e2562757642c,817ee226-6018-43f8-81e6-7b9595e6440f,e9dced65-f61b-4c24-bae7-d4170299ed46,3825.76,UPI,VERIFIED,RCP2026090297360,,,,,2026-09-17 06:04:00+00,2026-09-17 06:04:00+00,,t,0f18db1b-0df5-4e57-9f84-eb8a5601b597,2026-09-17 06:31:13.509995+00,2026-09-17 06:31:13.51+00
2b3fe190-52e9-4307-bca1-7484d97e10de,9fb01273-ce13-42de-86a0-ef30f6b132aa,357e2e09-b637-468e-818b-57a5dce18e9c,9022.2,CASH,VERIFIED,RCP00000381,,,,,2026-08-25 09:01:00+00,,,t,0f6ee379-1520-4ff4-a5e9-b4aad30841bc,2026-08-27 11:28:23.672723+00,2026-09-02 15:27:19.322365+00
7f1013df-c0da-4abe-b60c-9a468a1dbc95,72f33e38-e1e8-4f83-9a7e-4785c7922beb,2dfc73e0-dba9-4aa5-babf-d5141ded5497,2728.99,CHEQUE,VERIFIED,REC-20260902-19154,UPI-20260902-155310,,,,2026-09-02 12:48:00+00,,,f,0f6f611e-4cee-4882-bc33-7bfb2740bcb1,2026-09-02 07:19:28.465473+00,2026-09-02 15:27:19.322365+00
60238f85-7171-4ad6-919c-9391ada6b41b,1bf4d9b2-7927-4cdf-9a54-9e7660badc04,3aa13103-bd03-4578-9292-44d88d58da00,10477.26,CASH,VERIFIED,RCP2026090297349,,,,,2026-09-17 03:43:00+00,2026-09-17 03:43:00+00,,t,0fbb1928-4cea-49da-9ba1-5eaea2c5891a,2026-09-17 06:31:13.344066+00,2026-09-17 06:31:13.34407+00
42bd6353-1665-4fd7-b5f4-9614bc753e15,f5a300c6-5d7b-44a3-a3a6-b4ad830a75cb,c6ca60b7-2143-412b-887e-c30ae9cda031,5968.89,UPI,VERIFIED,RCPT-DAY-0369,,,,,2026-08-27 10:32:00+00,2026-08-27 10:34:00+00,,f,0ff10974-ea24-4a22-9961-439cbd475c97,2026-08-27 11:28:10.989767+00,2026-09-02 15:27:19.322365+00
617a7a6a-7b62-4af9-bd79-cd6932dd4c0a,2edfc9ef-cbdb-4371-b136-0d44aa627b84,cd9e6eca-028e-4c61-8e82-048327bc4476,19930,DD,VERIFIED,RCP00000271,,,,,2026-03-26 13:03:00+00,2026-03-26 13:03:00+00,,t,106820d9-2d6e-4117-a594-37a0712809c1,2026-08-27 11:28:08.357448+00,2026-09-02 15:27:19.322365+00
ac66f7cf-ee61-4c97-9db9-2ef6e35facbe,858dd4b7-2646-47c4-a8bc-eb0ddb525a79,5fbae4d6-59d1-4e6c-8a80-fe57244a45bb,23220,CASH,VERIFIED,REC-20260902-48339,UPI-20260902-763457,,,,2026-09-02 09:46:00+00,,,f,107f909e-3f34-46a3-829b-8af7b8486de7,2026-09-02 07:19:29.745268+00,2026-09-02 15:27:19.322365+00
748cc964-da0b-49e9-ac0c-8210e15ed103,9a6581f4-286a-4e64-981e-0560f3bc1c83,2b6de8aa-0976-4be0-8a40-043ff86ffa54,39920,CASH,VERIFIED,RCP2026090297263,,,,,2026-09-17 07:43:00+00,2026-09-17 07:43:00+00,,t,108416f4-121d-4c4b-b7a9-ef2c2be25306,2026-09-17 06:31:12.195485+00,2026-09-17 06:31:12.195488+00
e2267c0c-144d-415f-99ae-410faf7f070c,ad0d315a-0468-44ed-a724-77eb834d712e,4a182f53-a1a1-4f15-945a-6a56f4e04b64,50104.39,NEFT,VERIFIED,RCP00000193,,,,,2026-04-14 10:26:00+00,2026-04-14 10:26:00+00,,t,1099e55e-1424-42c7-ac07-d6154161ac6c,2026-08-27 11:28:06.217959+00,2026-09-02 15:27:19.322365+00
ebeff264-775d-4321-b5be-214f9fddc10e,af336d24-15ff-4ca7-93b4-2bda8a52eed5,3e9c4168-1de9-43e8-b9f2-fbf3f931949d,27657.77,CASH,VERIFIED,RCP2026090297517,,,,,2026-09-21 07:14:00+00,2026-09-21 07:14:00+00,,t,10a00aa7-47e8-4e57-afa9-ec759a519e5a,2026-09-21 06:09:25.942927+00,2026-09-21 06:09:25.942932+00
0b5613f3-4573-48dc-827a-9e62be9e700e,8666be44-e4c9-4e55-a477-fadb654aba80,8e59153e-dc8e-4efa-af65-1db304a6f3f1,267.31,CHEQUE,VERIFIED,REC-20260902-34670,UPI-20260902-111629,,,,2026-09-02 11:35:00+00,,,f,10a9d613-912f-4c21-992b-4e0e7c4f463d,2026-09-02 07:19:29.657299+00,2026-09-02 15:27:19.322365+00
8bceb26c-a503-477d-8c41-66acfb64965d,544a38a7-9293-4389-afac-cd579305f30c,c37b6a5c-9d1c-46d4-8ece-dfce290dc74b,6512.34,RTGS,VERIFIED,RCP2026090297566,,,,,2026-09-21 07:40:00+00,2026-09-21 07:40:00+00,,t,10c41b2b-d34d-4a2b-a112-ee69b5d2d9bc,2026-09-21 06:09:26.422966+00,2026-09-21 06:09:26.42297+00
b4ac78d0-3925-40ec-a355-16c7b92aeaec,33517a62-f953-4908-87fa-f0b63b7d60b2,5fbae4d6-59d1-4e6c-8a80-fe57244a45bb,1803.3,UPI,VERIFIED,RCP2026090297343,,,,,2026-09-17 04:54:00+00,2026-09-17 04:54:00+00,,t,1119497d-2dd9-47e6-a746-8820e1c68f6c,2026-09-17 06:31:13.242782+00,2026-09-17 06:31:13.242785+00
f719c759-0fd3-4695-88d5-58f05fb8e1f0,aefe6d6b-d16b-4992-ab36-2ac1819ff551,2b6de8aa-0976-4be0-8a40-043ff86ffa54,19640,CHEQUE,VERIFIED,RCP2026090297249,,,,,2026-09-17 11:12:00+00,2026-09-17 11:12:00+00,,t,1162f7e1-9d1b-4e25-94a9-78427a293b9f,2026-09-17 06:31:12.035959+00,2026-09-17 06:31:12.035964+00
4d4b7559-839c-4d88-a795-cb04ebd25107,2471efcf-1fc3-40f4-92a6-1407a80a3a2a,357e2e09-b637-468e-818b-57a5dce18e9c,8933.39,CHEQUE,VERIFIED,RCP2026090297476,,,,,2026-09-18 05:34:00+00,2026-09-18 05:34:00+00,,t,11e993c5-67c3-4a7a-b1cd-551b1325fe77,2026-09-18 06:37:23.004221+00,2026-09-18 06:37:23.004225+00
ab424df4-f91b-4d3a-bf7e-77671eab8c75,40ccde79-cb49-4b7f-8d42-829fe8ba4210,c2f2e0ce-5aeb-4ece-8325-2167edfe139e,1220.2,UPI,VERIFIED,RCPT-DAY-0337,,,,,2026-08-27 09:22:00+00,2026-08-27 09:24:00+00,,f,1233ebd5-9f27-4084-abb6-154d7e57364b,2026-08-27 11:28:10.730447+00,2026-09-02 15:27:19.322365+00
ff9de9f9-14e8-4bfe-863a-8a6f58ee3147,a062e67d-416b-40f5-873d-0b45fffb74e1,cd9e6eca-028e-4c61-8e82-048327bc4476,16010,CASH,VERIFIED,RCP2026090297253,,,,,2026-09-17 07:05:00+00,2026-09-17 07:05:00+00,,t,12574f06-05b4-41ef-9150-5d96b619d4e2,2026-09-17 06:31:12.082627+00,2026-09-17 06:31:12.08263+00
24711dfc-e44a-4132-8071-79e36e413a13,0e2b029b-f628-4461-a73a-ec1157cdfb91,8e59153e-dc8e-4efa-af65-1db304a6f3f1,18943.39,DD,VERIFIED,RCP00000189,,,,,2026-05-02 18:49:00+00,2026-05-02 18:49:00+00,,t,1325eaa8-f2ed-4be8-9b3b-a05076cf9633,2026-08-27 11:28:06.178482+00,2026-09-02 15:27:19.322365+00
85858dd3-a720-4de0-9f80-d4be45351430,ac91fdf5-8899-4d05-86c9-c7898d590941,5fbae4d6-59d1-4e6c-8a80-fe57244a45bb,8670,UPI,VERIFIED,RCP00000192,,,,,2026-05-09 09:14:00+00,2026-05-09 09:14:00+00,,t,1351b265-a00d-43df-9f9b-667a97fd7eea,2026-08-27 11:28:06.210734+00,2026-09-02 15:27:19.322365+00
e582a376-413c-4536-9794-19dd378390a4,e59ba84f-6eb9-4b55-9ae4-8efa9a920f7b,a2e2555c-f597-43af-a77a-fe708f967218,11578.04,RTGS,VERIFIED,RCP00000039,,,,,2026-08-08 15:32:00+00,2026-08-08 15:32:00+00,,t,13a55820-4c1a-4f81-beac-73a49b6f9bc7,2026-08-27 11:28:01.80981+00,2026-09-02 15:27:19.322365+00
dd59d29b-4bd9-476f-9fae-75e5a5d1b921,4f940451-e735-4134-b027-f5a338e8e577,c2f2e0ce-5aeb-4ece-8325-2167edfe139e,850.75,CASH,VERIFIED,RCP2026090297518,,,,,2026-09-21 08:42:00+00,2026-09-21 08:42:00+00,,t,13be7737-be17-458a-b915-b1e74c71467a,2026-09-21 06:09:25.952731+00,2026-09-21 06:09:25.952733+00
da73b133-4ffb-473d-a1cf-faca95f0a318,aed42066-2df3-473e-8b9d-e7732974989e,2b6de8aa-0976-4be0-8a40-043ff86ffa54,6280.44,UPI,VERIFIED,RCP2026090297218,,,,,2026-09-10 10:48:00+00,2026-09-10 10:48:00+00,,t,13cebf50-e2e6-4fad-8cf6-f52f78a9afe0,2026-09-10 10:42:26.586013+00,2026-09-10 10:42:26.586018+00
4c2cb39e-5e93-40fc-9610-6908d68832b1,4d74e5ed-28a9-426c-bd84-89f9b93897b7,5fbae4d6-59d1-4e6c-8a80-fe57244a45bb,5539.32,UPI,VERIFIED,RCP2026090297398,,,,,2026-09-18 09:13:00+00,2026-09-18 09:13:00+00,,t,13efc5d5-4af9-43bc-9970-990505e1da94,2026-09-18 06:37:21.8265+00,2026-09-18 06:37:21.826504+00
1d527e03-1b3e-44dc-993c-33a1f11c639d,eace3c2e-26f9-4f85-90c4-845b8298f4b3,c37b6a5c-9d1c-46d4-8ece-dfce290dc74b,28910,UPI,VERIFIED,RCP2026090297383,,,,,2026-09-18 05:08:00+00,2026-09-18 05:08:00+00,,t,13ff8ce8-d248-4776-8430-5fae484c7d51,2026-09-18 06:37:21.649137+00,2026-09-18 06:37:21.64914+00
e1ced437-5690-4273-87b2-869495f5e1cf,e5a4fffc-a543-4cd8-8bd3-0fe58ceec689,c37b6a5c-9d1c-46d4-8ece-dfce290dc74b,579.02,CASH,VERIFIED,REC-20260902-42704,UPI-20260902-834871,,,,2026-09-02 11:25:00+00,,,f,14502d32-0c69-4ca7-8538-d879a1441e45,2026-09-02 07:19:29.114902+00,2026-09-02 15:27:19.322365+00
a6523406-7495-4e41-b1e5-0d38859cb75f,577e38ec-fc56-4a43-a04e-a754a4c929d9,1d5e58e8-954e-4d6c-b13c-6e6d614cb588,2690,CHEQUE,VERIFIED,RCP00000196,,,,,2026-04-15 10:49:00+00,2026-04-15 10:49:00+00,,t,1480bf02-c2eb-4c34-8ef7-37fa666f9059,2026-08-27 11:28:06.290855+00,2026-09-02 15:27:19.322365+00
3d66de68-8914-4aec-aead-b463c4b65d13,24e6da38-c55e-4ee2-8f2a-fceae0ce61bc,3e9c4168-1de9-43e8-b9f2-fbf3f931949d,12141.66,CHEQUE,VERIFIED,RCP00000167,,,,,2026-04-28 10:09:00+00,2026-04-28 10:09:00+00,,t,1552fa8a-5acf-4ea8-9c88-91132945d095,2026-08-27 11:28:05.792303+00,2026-09-02 15:27:19.322365+00
883a9464-ebb3-4f6d-8aff-4de09ce61aab,f93ffd83-9a38-4cc6-975e-1450bda539cb,2b6de8aa-0976-4be0-8a40-043ff86ffa54,8206.32,RTGS,VERIFIED,RCP2026090297528,,,,,2026-09-21 06:53:00+00,2026-09-21 06:53:00+00,,t,1554ae69-7cfc-4a9f-8ba5-d5ecd44e0883,2026-09-21 06:09:26.057783+00,2026-09-21 06:09:26.057787+00
ab424df4-f91b-4d3a-bf7e-77671eab8c75,11142635-3c8c-4135-99dc-87c17e02e0bb,c2f2e0ce-5aeb-4ece-8325-2167edfe139e,7570.6,NEFT,VERIFIED,RCP00000022,,,,,2026-08-07 09:16:00+00,2026-08-07 09:16:00+00,,t,155a1839-9d8c-488f-a328-d3a7729b5b7b,2026-08-27 11:28:01.506575+00,2026-09-02 15:27:19.322365+00
764a395d-f72f-4849-bee0-7ff04ce5d506,a97faee8-26f6-4b2e-abf9-ccc9bcfc3ba2,4a182f53-a1a1-4f15-945a-6a56f4e04b64,4232.46,RTGS,VERIFIED,RCP2026090297474,,,,,2026-09-18 03:35:00+00,2026-09-18 03:35:00+00,,t,15cea896-d8a4-4843-b38c-52992f1f4103,2026-09-18 06:37:22.97456+00,2026-09-18 06:37:22.974563+00
564838a5-5e72-4e81-bdcd-e96d18fd7365,39cc49de-c196-4fe9-a371-1814fc851567,8e59153e-dc8e-4efa-af65-1db304a6f3f1,9912.42,NEFT,VERIFIED,RCP2026090297412,,,,,2026-09-18 07:23:00+00,2026-09-18 07:23:00+00,,t,15f4df74-e539-4055-a1bc-98ccd6394cc3,2026-09-18 06:37:21.983533+00,2026-09-18 06:37:21.983537+00
94f0cda2-110e-4b23-8669-2d48049891f1,4510a753-4c20-4efb-a049-df13726517b4,c37b6a5c-9d1c-46d4-8ece-dfce290dc74b,4480.96,NEFT,VERIFIED,RCP2026090297545,,,,,2026-09-21 10:31:00+00,2026-09-21 10:31:00+00,,t,1628d9cd-01ab-47f3-b205-162a51dd7d1b,2026-09-21 06:09:26.224141+00,2026-09-21 06:09:26.224144+00
fb7525c6-6804-4e7d-a8fb-b49dd824b4e0,3817d4ab-64cb-4839-95ff-c1d918be8e2d,2dfc73e0-dba9-4aa5-babf-d5141ded5497,2775.79,NEFT,VERIFIED,RCP2026090297219,,,,,2026-09-10 13:43:00+00,2026-09-10 13:43:00+00,,t,162c7301-0112-43ff-8918-a17581275fa0,2026-09-10 10:42:26.628837+00,2026-09-10 10:42:26.628841+00
f87bc957-012e-43c5-bbcc-25b04609584f,bd297951-4e27-4cd8-b283-f60e9137b355,3e9c4168-1de9-43e8-b9f2-fbf3f931949d,991.71,CASH,VERIFIED,RCP00000203,,,,,2026-04-27 09:18:00+00,2026-04-27 09:18:00+00,,t,1672620e-3e71-4ece-bab8-c8a7a9e056d8,2026-08-27 11:28:06.353063+00,2026-09-02 15:27:19.322365+00
97639cbb-962c-4c74-b331-0a695b556ef1,390733c6-3549-4394-beb2-adb551e5678f,e9dced65-f61b-4c24-bae7-d4170299ed46,4010,UPI,VERIFIED,RCP00000278,,,,,2026-03-14 15:06:00+00,2026-03-14 15:06:00+00,,t,16760b71-54ee-41b6-a051-a655568d20e9,2026-08-27 11:28:08.487066+00,2026-09-02 15:27:19.322365+00
1e351d76-0cec-46f7-bc12-f548a9e2baff,b667b31c-a461-46e5-bc6d-59b96aacbca1,3aa13103-bd03-4578-9292-44d88d58da00,21501.04,CHEQUE,VERIFIED,RCP2026090297456,,,,,2026-09-18 10:39:00+00,2026-09-18 10:39:00+00,,t,1686ce33-cdb0-4863-a8dc-8e65c56ce31a,2026-09-18 06:37:22.666393+00,2026-09-18 06:37:22.666397+00
5fd1413d-4975-48fa-a46c-e9a077122ad4,48331b1d-aba0-4a78-bd6b-01f56a4b8fce,c33350cc-f581-492e-807f-14262d56ebcb,16900,CASH,VERIFIED,RCP2026090297246,,,,,2026-09-17 08:15:00+00,2026-09-17 08:15:00+00,,t,16cf0ceb-a216-444d-bc08-ed23d95ec8e4,2026-09-17 06:31:12.000163+00,2026-09-17 06:31:12.000166+00
8e17b1ce-8791-4a5a-9665-0e63c6a71f6a,49c1b0e8-3a46-4ef3-aa46-35822a7ce45b,4a182f53-a1a1-4f15-945a-6a56f4e04b64,1096.58,CASH,VERIFIED,RCPT-DAY-0384,,,,,2026-08-27 14:46:00+00,2026-08-27 14:48:00+00,,f,170be4ad-172a-4378-84ca-aeb5213908ae,2026-08-27 11:28:11.091869+00,2026-09-02 15:27:19.322365+00
8c8d3f47-9c96-4134-b384-a39748f9bcbe,06109c60-5646-4551-b247-05e5861d9049,2dfc73e0-dba9-4aa5-babf-d5141ded5497,7510.61,UPI,VERIFIED,RCPT-DAY-0334,,,,,2026-08-27 16:17:00+00,2026-08-27 16:19:00+00,,f,1741d5ad-fd8e-4dfb-8d73-77df14a88320,2026-08-27 11:28:10.712365+00,2026-09-02 15:27:19.322365+00
7e6a068c-81ea-4d8d-bfd9-5568ca5914bd,3bc5f436-b7d8-4a87-8f8a-2422029da61f,cd9e6eca-028e-4c61-8e82-048327bc4476,19930,CHEQUE,VERIFIED,RCP00000019,,,,,2026-07-11 15:47:00+00,2026-07-11 15:47:00+00,,t,178f2db3-8942-44b2-af7c-f2cf875c63f5,2026-08-27 11:28:01.441196+00,2026-09-02 15:27:19.322365+00
5ddcba28-0f00-4e30-b083-baece89b7858,40ed82c6-b78a-4608-8c8a-d58926e013b5,b06cd5a3-f1c0-4cdb-b241-9ce2d6c5e791,15884.32,CASH,VERIFIED,RCP00000417,,,,,2026-08-26 14:25:00+00,,,t,183cd650-e5a7-4d78-9328-2274bd10e3c0,2026-08-27 11:28:24.280255+00,2026-09-02 15:27:19.322365+00
caef9f74-2f06-4aeb-b672-b7f468b501ea,eabc9196-e28c-43ab-ab7c-6ea53c27d116,5fbae4d6-59d1-4e6c-8a80-fe57244a45bb,185.43,NEFT,VERIFIED,RCP2026090297465,,,,,2026-09-18 05:12:00+00,2026-09-18 05:12:00+00,,t,18fc6e54-d0c7-4440-b74c-6941d4b74f39,2026-09-18 06:37:22.82625+00,2026-09-18 06:37:22.826254+00
a9560ff7-3dd0-45d2-a2a6-79a8c05d2133,3ab50944-35dc-4433-9c94-1301b66e1003,a2e2555c-f597-43af-a77a-fe708f967218,3358.06,DD,VERIFIED,RCP00000106,,,,,2026-06-02 15:47:00+00,2026-06-02 15:47:00+00,,t,1913bb70-97e6-477d-baad-638d040f7918,2026-08-27 11:28:04.209471+00,2026-09-02 15:27:19.322365+00
4855d7b0-7acf-4756-9f34-41e0e9461c2a,,3e9c4168-1de9-43e8-b9f2-fbf3f931949d,8290,NEFT,VERIFIED,RCP00000205,,,,,2026-04-25 12:33:00+00,2026-04-25 12:33:00+00,,t,1914d954-2e0c-4992-ab3c-04f63766bcfd,2026-08-27 11:28:06.394685+00,2026-09-02 15:27:19.322365+00
b4ac78d0-3925-40ec-a355-16c7b92aeaec,8ed1aabc-ae24-443f-9d7e-4b7251c29167,e9dced65-f61b-4c24-bae7-d4170299ed46,7846.55,UPI,VERIFIED,REC-20260901-77558,UPI-20260901-694473,,,,2026-09-01 14:44:00+00,,,f,1918fcdb-af9c-480f-ba19-6d90cbc19914,2026-09-02 07:19:29.520358+00,2026-09-02 15:27:19.322365+00
e19c5466-f318-4cd8-a5dc-7d0f24ec305a,4e80b01d-a768-4abd-87ef-227007fdfa25,a2e2555c-f597-43af-a77a-fe708f967218,15196.09,CASH,VERIFIED,RCP2026090297519,,,,,2026-09-21 04:54:00+00,2026-09-21 04:54:00+00,,t,191cfd6f-5dce-4887-8ef0-ec3cbbb8baa8,2026-09-21 06:09:25.964294+00,2026-09-21 06:09:25.964297+00
a21d500a-dc5a-4171-9faf-8c8d545d0015,1efc79e6-278c-4b2e-a70b-e4d0db2ef516,1d5e58e8-954e-4d6c-b13c-6e6d614cb588,29492.45,CHEQUE,VERIFIED,RCP00000182,,,,,2026-04-25 12:38:00+00,2026-04-26 12:38:00+00,,t,194005f4-1ba4-4ff3-b7df-600541141fbe,2026-08-27 11:28:06.004977+00,2026-09-02 15:27:19.322365+00
3a9a2c94-7320-442d-b606-fb3739e815f3,56cf33ae-c5b4-41a2-b87d-6b03a50fcd9c,8e59153e-dc8e-4efa-af65-1db304a6f3f1,64140,CHEQUE,VERIFIED,RCP2026090297494,,,,,2026-09-21 07:52:00+00,2026-09-21 07:52:00+00,,t,19b95947-9ba8-4194-b73e-8d5f33c09bcb,2026-09-21 06:09:25.719465+00,2026-09-21 06:09:25.719469+00
d08aa9f8-8150-4874-9038-95d58b359782,39631717-6b32-4679-94e4-02c565e8280d,a13886ca-739b-47b4-a473-724e03f7332a,9599.77,NEFT,VERIFIED,RCP00000166,,,,,2026-04-29 12:29:00+00,2026-04-29 12:29:00+00,,t,1a282a02-e7c1-492c-9056-c30970d8f699,2026-08-27 11:28:05.769478+00,2026-09-02 15:27:19.322365+00
41327fd8-83b0-44b6-91df-db6b2732543d,e15ae1d7-7fb4-41bb-b6fe-fdd374ba41fe,b06cd5a3-f1c0-4cdb-b241-9ce2d6c5e791,28879.61,UPI,VERIFIED,RCP00000107,,,,,2026-05-28 09:33:00+00,2026-05-28 09:33:00+00,,t,1a546bae-7c51-4b49-8a84-e56876a56921,2026-08-27 11:28:04.234881+00,2026-09-02 15:27:19.322365+00
bc2e2994-7024-4e3d-8d46-35a62f623827,1276e19b-3622-44c3-b73b-7d3bb9f532c8,357e2e09-b637-468e-818b-57a5dce18e9c,241.89,CASH,VERIFIED,RCPT-DAY-0376,,,,,2026-08-27 11:44:00+00,2026-08-27 11:46:00+00,,f,1a7ac11e-64b1-4420-97ed-4e9593213ff1,2026-08-27 11:28:11.029785+00,2026-09-02 15:27:19.322365+00
6d08c32d-ae6d-4acb-aca1-b48e3be8c64d,417d0a88-5dc2-4ff2-a0a8-4bc1fba6fe1e,c2f2e0ce-5aeb-4ece-8325-2167edfe139e,5703.76,CHEQUE,VERIFIED,RCP2026090297354,,,,,2026-09-17 07:25:00+00,2026-09-17 07:25:00+00,,t,1aeb491f-3d7f-4f86-8915-386fb3d620e7,2026-09-17 06:31:13.421705+00,2026-09-17 06:31:13.421708+00
dbab7860-646a-4de4-bbaf-f4240f81b396,8424439c-55c6-4fc2-b1a7-75380ea01d71,c2f2e0ce-5aeb-4ece-8325-2167edfe139e,4827.09,CHEQUE,VERIFIED,RCP2026090297307,,,,,2026-09-17 09:43:00+00,2026-09-17 09:43:00+00,,t,1b19f0cf-033a-487d-a345-fc371aaa676e,2026-09-17 06:31:12.65844+00,2026-09-17 06:31:12.658444+00
8fa2a549-fa74-4fdd-9305-6119b67000e1,7b779c24-bd8d-4553-b30d-797cccd75bc1,cd9e6eca-028e-4c61-8e82-048327bc4476,10346.33,CASH,VERIFIED,RCPT-DAY-0304,,,,,2026-08-27 13:33:00+00,2026-08-27 13:35:00+00,,f,1b37fce3-2dad-42cf-a9ac-4dbba10eaf47,2026-08-27 11:28:10.429188+00,2026-09-02 15:27:19.322365+00
1ad395fb-93cd-414d-ab3f-7221f6d8c2c0,101d8dc4-376e-43ba-9b8f-0912a01073a0,3aa13103-bd03-4578-9292-44d88d58da00,38260,RTGS,VERIFIED,RCP2026090297514,,,,,2026-09-21 04:52:00+00,2026-09-21 04:52:00+00,,t,1b4e66ff-18df-4010-9301-ee3cef094713,2026-09-21 06:09:25.912619+00,2026-09-21 06:09:25.912623+00
2e7b44a7-cff8-456f-85f2-f412c28a5e99,ed8f35d0-0e44-433b-b298-d23a58a9ec6c,a13886ca-739b-47b4-a473-724e03f7332a,369.06,CASH,VERIFIED,RCP00000399,,,,,2026-08-26 10:01:00+00,,,t,1b561062-d57c-4d06-962d-3946e3600211,2026-08-27 11:28:24.054544+00,2026-09-02 15:27:19.322365+00
1bec0358-0880-47b6-9a51-bac2318dda9d,01262c9b-d4ac-443e-bedd-7aa30846ac19,3e9c4168-1de9-43e8-b9f2-fbf3f931949d,19320,NEFT,VERIFIED,RCP2026090297254,,,,,2026-09-17 07:02:00+00,2026-09-17 07:02:00+00,,t,1b6245a6-0646-48e4-81ec-f2840378a92d,2026-09-17 06:31:12.094+00,2026-09-17 06:31:12.094003+00
9fb225f3-97d7-45d6-963d-6743a14603e0,,1d5e58e8-954e-4d6c-b13c-6e6d614cb588,66320,UPI,VERIFIED,RCP00000008,,,,,2026-08-26 12:34:00+00,2026-08-26 12:34:00+00,,t,1c7e3174-ba19-42f5-a063-c650ff90fe0f,2026-08-27 11:28:01.096411+00,2026-09-02 15:27:19.322365+00
7885a34f-f31a-4b33-88e6-b927e0af1c4a,a51fe115-fc4d-4da7-8d5b-c1bee923521f,c37b6a5c-9d1c-46d4-8ece-dfce290dc74b,8306.4,UPI,VERIFIED,RCP2026090297313,,,,,2026-09-17 06:14:00+00,2026-09-17 06:14:00+00,,t,1ccf7eec-9194-452a-88f5-3cbdcb28ef65,2026-09-17 06:31:12.709762+00,2026-09-17 06:31:12.709766+00
d486499c-4d1a-4f5b-b26d-e82a16e52408,032af682-c0d4-4c96-ae0b-b2a6707f54e3,3e9c4168-1de9-43e8-b9f2-fbf3f931949d,39250.15,RTGS,VERIFIED,RCP00000363,,,,,2026-08-26 17:37:00+00,,,t,1d0a19c3-f7fb-47f2-90a6-d6c8f5b09835,2026-08-27 11:28:23.459082+00,2026-09-02 15:27:19.322365+00
d5347a0c-cd3c-46f2-a5d9-70c82abec616,2e7c0c1a-8196-4ecb-adc1-96c0af53e184,2b6de8aa-0976-4be0-8a40-043ff86ffa54,2610,UPI,VERIFIED,REC-20260901-54145,UPI-20260901-402092,,,,2026-09-01 15:36:00+00,,,f,1d26e769-cf63-4362-8470-27ae505e3e3d,2026-09-02 07:19:28.945193+00,2026-09-02 15:27:19.322365+00
a8de3deb-e913-4377-9917-665b3839e0b8,4f3dbef7-04b2-4db3-b624-5efb6427c4de,c6ca60b7-2143-412b-887e-c30ae9cda031,13750,CASH,VERIFIED,RCP2026090297247,,,,,2026-09-17 05:07:00+00,2026-09-17 05:07:00+00,,t,1d36e260-f1b3-40dd-8ce7-ea3e2dc969d1,2026-09-17 06:31:12.012866+00,2026-09-17 06:31:12.012872+00
a6ec0231-d847-4053-b2fc-0e7cbc5fb83c,80854488-260e-4c12-880b-5057b078cfbb,2b6de8aa-0976-4be0-8a40-043ff86ffa54,4065.94,CHEQUE,VERIFIED,RCP00000295,,,,,2026-08-25 13:51:00+00,,,t,1d40401f-9dd6-4f65-8263-1c5bc5dc090b,2026-08-27 11:28:22.047741+00,2026-09-02 15:27:19.322365+00
ccf5cd35-5af5-476b-940c-5d0361b945bc,1060a099-f709-47bf-a8fd-29680ca8ab2d,3e9c4168-1de9-43e8-b9f2-fbf3f931949d,2726.3,DD,VERIFIED,RCP00000262,,,,,2026-03-14 08:50:00+00,2026-03-15 08:50:00+00,,t,1d4c4d30-eaa9-469f-96ba-6a103316b150,2026-08-27 11:28:08.183145+00,2026-09-02 15:27:19.322365+00
7021452b-ac8d-43df-a12b-261c28d4a06f,241509e8-f3e7-4e0d-be86-6367577f90b5,357e2e09-b637-468e-818b-57a5dce18e9c,34630.52,NEFT,VERIFIED,RCP00000180,,,,,2026-04-21 18:05:00+00,2026-04-21 18:05:00+00,,t,1da2dffb-37b1-4b8a-8ee8-8fedb1e0de1a,2026-08-27 11:28:05.993239+00,2026-09-02 15:27:19.322365+00
cc6a8b99-d32d-4f4f-993c-b2ae46c9b0f0,38802ffb-47bc-4d70-a991-602c2879e6a8,a2e2555c-f597-43af-a77a-fe708f967218,12987.68,CASH,VERIFIED,RCP00000305,,,,,2026-08-26 08:39:00+00,,,t,1da7bced-5fc2-48b9-834a-fef5e4114524,2026-08-27 11:28:22.259405+00,2026-09-02 15:27:19.322365+00
155cc034-5ebd-434f-81a4-c8bd4239db88,3670604f-7890-458a-a1e8-d0c2c77b9451,3e9c4168-1de9-43e8-b9f2-fbf3f931949d,22763.73,CASH,VERIFIED,REC-20260902-59612,UPI-20260902-783767,,,,2026-09-02 16:17:00+00,,,f,1e404a69-f914-42c7-9467-d0d6bf72f33b,2026-09-02 07:19:30.015139+00,2026-09-02 15:27:19.322365+00
a02c182c-26e0-4a15-9618-c8ba98a3ac46,,8e59153e-dc8e-4efa-af65-1db304a6f3f1,6460,NEFT,VERIFIED,RCP00000256,,,,,2026-04-04 16:28:00+00,2026-04-04 16:28:00+00,,t,1e83cd35-2d3d-4c91-b505-bedbf724a68b,2026-08-27 11:28:08.115497+00,2026-09-02 15:27:19.322365+00
93cc1d05-9926-43e1-b55d-a8d353d54a01,700af686-d130-43ec-a8b8-f58198092e6a,2b6de8aa-0976-4be0-8a40-043ff86ffa54,2646.34,UPI,VERIFIED,REC-20260901-36649,UPI-20260901-326142,,,,2026-09-01 11:38:00+00,,,f,1ec0deb4-31c3-4b15-80bd-6b66a34ea9dc,2026-09-02 07:19:28.977636+00,2026-09-02 15:27:19.322365+00
434f104f-2837-4e38-bfb2-4f6542716c53,c28bf110-d870-4a85-9268-b787aa012fd4,3e9c4168-1de9-43e8-b9f2-fbf3f931949d,9412.37,NEFT,VERIFIED,RCP00000209,,,,,2026-05-02 16:45:00+00,2026-05-02 16:45:00+00,,t,1eeb1dfe-52f5-47bd-accd-70ef8a57841e,2026-08-27 11:28:06.468663+00,2026-09-02 15:27:19.322365+00
1aab570c-e5fc-422f-bfb5-a6bfed82dcef,066a6a36-3431-4208-b8d9-469dc5479b90,3aa13103-bd03-4578-9292-44d88d58da00,3019.95,NEFT,VERIFIED,REC-20260901-53122,UPI-20260901-817487,,,,2026-09-01 09:49:00+00,,,f,1f0ce6e8-bb57-492a-86b2-a37d3faf7cd4,2026-09-02 07:19:28.688727+00,2026-09-02 15:27:19.322365+00
a7430508-cd1f-4fa1-ac5a-ac37aaebaf92,963af5b8-8d4a-418f-92c6-2c0541e6f611,3aa13103-bd03-4578-9292-44d88d58da00,7595.4,UPI,VERIFIED,RCPT-HIST-V01,,,,,2026-08-07 17:20:00+00,,,f,1f3e5591-19de-4566-a257-e18e7c3dff9e,2026-08-27 11:28:09.696582+00,2026-09-02 15:27:19.322365+00
86525fed-2999-49a3-8668-3270dcbd31fc,7a8185c5-49dc-43ad-a8cf-41bd93eb3d0f,c6ca60b7-2143-412b-887e-c30ae9cda031,7088.34,RTGS,VERIFIED,RCP00000368,,,,,2026-08-26 09:57:00+00,,,t,1f570191-5359-4776-931f-b48e9e5f604a,2026-08-27 11:28:23.529531+00,2026-09-02 15:27:19.322365+00
7f9d4bc3-17fa-4bfe-bc18-89149994ca41,21cbcb7a-6224-4c23-a2c6-0043e1a605ab,3aa13103-bd03-4578-9292-44d88d58da00,12404.05,UPI,VERIFIED,RCP2026090297327,,,,,2026-09-17 07:57:00+00,2026-09-17 07:57:00+00,,t,1fc860b1-a030-48b7-a7e9-58c90692f40e,2026-09-17 06:31:12.99627+00,2026-09-17 06:31:12.996274+00
11f85ef0-010d-4aac-b797-36231234cada,93e95f03-cf7c-4572-8e7a-fe9a880c82ca,e9dced65-f61b-4c24-bae7-d4170299ed46,8341.25,CHEQUE,VERIFIED,RCP2026090297410,,,,,2026-09-18 05:06:00+00,2026-09-18 05:06:00+00,,t,1ff6da82-263b-40a5-99ff-40f24fb55dfe,2026-09-18 06:37:21.961502+00,2026-09-18 06:37:21.961505+00
a516b196-ece7-4bcf-92b8-bb368b1e3317,f10f2461-e6a9-4e43-bf70-788fc0285715,2dfc73e0-dba9-4aa5-babf-d5141ded5497,35320,RTGS,VERIFIED,RCP2026090297478,,,,,2026-09-21 09:33:00+00,2026-09-21 09:33:00+00,,t,202a8d35-951a-412f-9031-25c87d0aa819,2026-09-21 06:09:25.552792+00,2026-09-21 06:09:25.552796+00
7021452b-ac8d-43df-a12b-261c28d4a06f,8deaa508-a633-49c8-9986-115f1641e5a1,357e2e09-b637-468e-818b-57a5dce18e9c,4069.48,RTGS,VERIFIED,RCP00000181,,,,,2026-04-25 12:10:00+00,2026-04-25 12:10:00+00,,t,2082ada9-8272-412a-9338-fc3a37be6497,2026-08-27 11:28:05.997869+00,2026-09-02 15:27:19.322365+00
f7c5dfb4-1476-4194-bd8f-e8d5fbcdae12,4e17f7c6-9558-49fe-a4c0-eb1976f554ff,2dfc73e0-dba9-4aa5-babf-d5141ded5497,6693.46,DD,VERIFIED,RCP00000329,,,,,2026-08-25 13:24:00+00,,,t,20be4a63-9743-49f6-bc88-f30702d4b2ca,2026-08-27 11:28:22.780123+00,2026-09-02 15:27:19.322365+00
dde20218-facc-44f5-8973-16002c276647,a3d3cd9d-0295-476b-bd8b-c615663ca027,8e59153e-dc8e-4efa-af65-1db304a6f3f1,12000,CASH,VERIFIED,RCP00000318,,,,,2026-08-26 14:58:00+00,,,t,20cd4eec-555a-46e5-92ac-62135a03ee33,2026-08-27 11:28:22.524347+00,2026-09-02 15:27:19.322365+00
982d3485-6d75-4d79-952f-fb316821e338,a59acae5-fd6f-4826-85e8-c6e8ff62815b,e9dced65-f61b-4c24-bae7-d4170299ed46,20000,UPI,VERIFIED,REC-20260902-15204,UPI-20260902-560301,,,,2026-09-02 09:48:00+00,,,f,20db67f9-b70b-4550-9529-1361d753682b,2026-09-02 07:19:29.54511+00,2026-09-02 15:27:19.322365+00
535dc9cb-a1c5-4232-addf-fb6a3ad930c7,41233be0-89ac-4562-a419-0ec25d452b44,1d5e58e8-954e-4d6c-b13c-6e6d614cb588,11080,UPI,VERIFIED,RCP00000073,,,,,2026-06-18 08:07:00+00,2026-06-18 08:07:00+00,,t,20f743d6-6373-4dd2-bd45-9b22225d4bc4,2026-08-27 11:28:03.151864+00,2026-09-02 15:27:19.322365+00
007b3fab-26d9-4836-a08b-194327dadcfc,84939468-31c2-4f81-ad17-7fcaf95a3207,2b6de8aa-0976-4be0-8a40-043ff86ffa54,27610,UPI,VERIFIED,REC-20260901-83188,UPI-20260901-922908,,,,2026-09-01 13:39:00+00,,,f,2102ad07-465a-4729-83c2-0aa3281d6f76,2026-09-02 07:19:28.935088+00,2026-09-02 15:27:19.322365+00
7e11458d-c812-46e8-af48-d562d3b7d4a6,d8e898f6-feab-4d3e-84eb-289bbf8fac52,3aa13103-bd03-4578-9292-44d88d58da00,10330,CHEQUE,VERIFIED,RCP00000238,,,,,2026-03-12 12:05:00+00,2026-03-12 12:05:00+00,,t,2157ba75-2e14-43a4-a263-e46ea19f91ff,2026-08-27 11:28:07.795534+00,2026-09-02 15:27:19.322365+00
eec21eda-489f-4d58-bf9e-3aace2acc70e,549add7b-4150-4011-955e-0c79dc439f7c,3aa13103-bd03-4578-9292-44d88d58da00,34100,NEFT,VERIFIED,RCP00000016,,,,,2026-08-19 10:34:00+00,2026-08-19 10:34:00+00,,t,215fb61b-d415-4dcf-ba90-c0f45eed95f4,2026-08-27 11:28:01.245562+00,2026-09-02 15:27:19.322365+00
66acbc4e-f192-45f1-9e45-3b47214212bf,3d16a482-c424-4014-80af-4ecdc4dcb0c2,e9dced65-f61b-4c24-bae7-d4170299ed46,12144.83,CHEQUE,VERIFIED,RCP2026090297316,,,,,2026-09-17 07:09:00+00,2026-09-17 07:09:00+00,,t,21662e16-2934-4ec0-a96a-e8ba90fc6ade,2026-09-17 06:31:12.742504+00,2026-09-17 06:31:12.742506+00
847d6a94-ac2d-49bd-a272-cc11ad9dd1e1,383a89cd-13d4-49fb-b792-73a0a32f4328,2dfc73e0-dba9-4aa5-babf-d5141ded5497,11697.63,NEFT,VERIFIED,RCP2026090297407,,,,,2026-09-18 10:43:00+00,2026-09-18 10:43:00+00,,t,2175361d-f2d2-4fe8-b44a-d63b5869b93c,2026-09-18 06:37:21.928907+00,2026-09-18 06:37:21.928912+00
9e12f965-5f74-49df-b7f0-ea15d8258903,5d42b260-b8bf-4e90-bc5e-2fb2970674ee,357e2e09-b637-468e-818b-57a5dce18e9c,9141.24,CHEQUE,VERIFIED,RCP00000131,,,,,2026-05-27 11:46:00+00,2026-05-27 11:46:00+00,,t,2191167c-f2db-48ca-ad41-cc4d8debf516,2026-08-27 11:28:04.567066+00,2026-09-02 15:27:19.322365+00
b87e866d-4f49-4a1f-9ed7-57cdeb8a5665,2fcb6721-cbf3-4446-9bbf-c5f39263e1fc,cd9e6eca-028e-4c61-8e82-048327bc4476,2527.24,UPI,VERIFIED,RCP2026090297454,,,,,2026-09-18 08:33:00+00,2026-09-18 08:33:00+00,,t,21a10aa7-381b-4248-9c02-9087e886103f,2026-09-18 06:37:22.628938+00,2026-09-18 06:37:22.628944+00
19cde866-4a31-4862-bd15-c59584585719,2bb35275-3835-4fe0-8ac6-1968efe9efb8,1d5e58e8-954e-4d6c-b13c-6e6d614cb588,8540,UPI,VERIFIED,REC-20260901-19666,UPI-20260901-509251,,,,2026-09-01 10:42:00+00,,,f,21ea9290-d3a8-4dad-8b2d-6905d8a06123,2026-09-02 07:19:28.815153+00,2026-09-02 15:27:19.322365+00
42d121da-cc66-42cb-918e-5bc22b52c2ab,478f778f-d393-466d-b582-2bf39867051e,3e9c4168-1de9-43e8-b9f2-fbf3f931949d,2829.21,UPI,VERIFIED,RCP00000361,,,,,2026-08-26 14:53:00+00,,,t,220bbf81-b9da-4dc0-b97b-291747214a97,2026-08-27 11:28:23.444627+00,2026-09-02 15:27:19.322365+00
72ceaf79-8f10-443e-8415-108e6e11cda1,58f8ed55-a330-4fe3-86d2-c928bc96411d,1d5e58e8-954e-4d6c-b13c-6e6d614cb588,2255.12,UPI,VERIFIED,RCP00000077,,,,,2026-06-27 10:46:00+00,2026-06-27 10:46:00+00,,t,220bf956-f624-4fe9-a937-ee629c1e32d4,2026-08-27 11:28:03.238919+00,2026-09-02 15:27:19.322365+00
fb3407fa-7c1e-4725-8e63-f7fdf4e73b1f,7f69c46c-2438-448f-917d-10d5380d7393,3aa13103-bd03-4578-9292-44d88d58da00,19550,CHEQUE,VERIFIED,REC-20260901-72569,UPI-20260901-330841,,,,2026-09-01 10:28:00+00,,,f,23de8db4-e67d-49c4-8004-705cc82a72ba,2026-09-02 07:19:28.625112+00,2026-09-02 15:27:19.322365+00
be62b223-b46d-40a3-af2a-9c41a76176d2,10f36748-0be1-4ded-b025-5caa6a4f32b6,c2f2e0ce-5aeb-4ece-8325-2167edfe139e,1005.74,UPI,VERIFIED,RCP2026090297440,,,,,2026-09-18 03:41:00+00,2026-09-18 03:41:00+00,,t,24014b57-9f3b-404c-ab0a-ace70fe0854d,2026-09-18 06:37:22.380095+00,2026-09-18 06:37:22.3801+00
007965d0-f49b-4a1f-a6e2-fbffa7b8dbc1,59f179bb-7ba6-467b-9579-654633dae006,b06cd5a3-f1c0-4cdb-b241-9ce2d6c5e791,18240.57,UPI,VERIFIED,RCPT-DAY-0400,,,,,2026-08-27 10:45:00+00,2026-08-27 10:47:00+00,,f,24575450-2af2-4bd6-b0f9-b778bbca477b,2026-08-27 11:28:11.226832+00,2026-09-02 15:27:19.322365+00
dc95f817-c541-486d-9b01-4c88eb5b5e79,853bfe1f-5528-4a97-861b-19ba6d87a4d0,3aa13103-bd03-4578-9292-44d88d58da00,7425.83,CASH,VERIFIED,RCP2026090297293,,,,,2026-09-17 11:03:00+00,2026-09-17 11:03:00+00,,t,247d26bb-cb78-4a11-94ed-2d0396e16063,2026-09-17 06:31:12.526032+00,2026-09-17 06:31:12.526035+00
30c35475-ed2b-4036-a826-44d3b264f5bb,c7ded9a7-61e6-4bb4-9dcf-aac4ce1c693f,c37b6a5c-9d1c-46d4-8ece-dfce290dc74b,45074.66,CASH,VERIFIED,RCP00000299,,,,,2026-08-26 14:40:00+00,,,t,24805671-f270-4a5b-b167-c6c53c0aeebe,2026-08-27 11:28:22.169941+00,2026-09-02 15:27:19.322365+00
a48f0618-380b-4bb2-8717-c4b5cc6a17f3,,1d5e58e8-954e-4d6c-b13c-6e6d614cb588,6670,RTGS,VERIFIED,RCP00000041,,,,,2026-07-16 11:16:00+00,2026-07-16 11:16:00+00,,t,24888209-424d-430a-bcc1-7c65a7662160,2026-08-27 11:28:01.823989+00,2026-09-02 15:27:19.322365+00
8751c324-1e29-4524-acf5-18dfae6caa54,7c6cdd9e-ca5c-4388-a146-1b23f38fe367,c37b6a5c-9d1c-46d4-8ece-dfce290dc74b,26180,UPI,VERIFIED,RCP2026090297479,,,,,2026-09-21 04:51:00+00,2026-09-21 04:51:00+00,,t,24ab55aa-ea24-4da8-a6d6-a44f27b6261f,2026-09-21 06:09:25.567148+00,2026-09-21 06:09:25.567152+00
f1a6b125-9436-490c-b7e7-8e795219910e,fbd5f90f-9641-4b07-b92b-84b63f5a78ff,3e9c4168-1de9-43e8-b9f2-fbf3f931949d,22930,CASH,VERIFIED,RCP00000227,,,,,2026-04-03 15:47:00+00,2026-04-03 15:47:00+00,,t,25606e98-591e-450c-a5ef-310b17879bef,2026-08-27 11:28:07.60209+00,2026-09-02 15:27:19.322365+00
58ae6edc-aa29-46bc-a8e9-a858ec5a0f79,db39e4d3-3b0d-41f0-a399-84bedb160493,c33350cc-f581-492e-807f-14262d56ebcb,14934.71,NEFT,VERIFIED,RCPT-DAY-0355,,,,,2026-08-27 14:31:00+00,2026-08-27 14:33:00+00,,f,257424d3-1ea4-4357-ae4c-cbe8d47badbd,2026-08-27 11:28:10.881857+00,2026-09-02 15:27:19.322365+00
281f75bd-a956-467e-857e-7d91157d9c03,8dbdb908-4dff-4a13-b6a9-9274b960bf01,357e2e09-b637-468e-818b-57a5dce18e9c,25030,UPI,VERIFIED,RCP2026090297498,,,,,2026-09-21 07:55:00+00,2026-09-21 07:55:00+00,,t,25f3e2c6-9606-4737-9710-268a76657f29,2026-09-21 06:09:25.760464+00,2026-09-21 06:09:25.760468+00
0569666a-8294-4033-9737-c4a4ad4a7123,,2b6de8aa-0976-4be0-8a40-043ff86ffa54,3460,UPI,VERIFIED,RCP00000283,,,,,2026-08-12 17:04:00+00,2026-08-12 17:04:00+00,,t,26105f6f-7114-404e-b580-1fc8a1be5ce3,2026-08-27 11:28:21.786394+00,2026-09-02 15:27:19.322365+00
f8ea6cef-bba3-4281-bf4a-79266dc0077b,fab53563-5ec3-46e2-8f40-76ac826001a4,2b6de8aa-0976-4be0-8a40-043ff86ffa54,8275.46,NEFT,VERIFIED,RCP2026090297362,,,,,2026-09-17 04:52:00+00,2026-09-17 04:52:00+00,,t,262c1649-1700-4055-85e0-b2f7e0fab315,2026-09-17 06:31:13.541141+00,2026-09-17 06:31:13.541145+00
2838c047-7849-4c99-9b47-060632b896ac,7e14847b-b3a4-47e7-98bb-0da918377e72,4a182f53-a1a1-4f15-945a-6a56f4e04b64,4114.3,UPI,VERIFIED,RCP00000158,,,,,2026-04-18 16:26:00+00,2026-04-19 16:26:00+00,,t,2638eb93-d69e-4c5b-a7e4-cbbfed349c94,2026-08-27 11:28:05.615866+00,2026-09-02 15:27:19.322365+00
474eba0e-ab92-4550-8d3b-1169451bb869,19966401-7c82-4119-9632-f2b522a14094,4a182f53-a1a1-4f15-945a-6a56f4e04b64,5391.85,CASH,VERIFIED,RCP2026090297548,,,,,2026-09-21 06:33:00+00,2026-09-21 06:33:00+00,,t,2658783d-0572-40cf-b9f5-5f051c63b7cd,2026-09-21 06:09:26.251509+00,2026-09-21 06:09:26.251513+00
5ddcba28-0f00-4e30-b083-baece89b7858,974f82e5-c9ca-4436-9166-d092ff3f0644,1d5e58e8-954e-4d6c-b13c-6e6d614cb588,895.68,NEFT,VERIFIED,RCP2026090297217,,,,,2026-09-10 09:47:00+00,2026-09-10 09:47:00+00,,t,26bb853b-1158-4fe9-bb6c-65cf4e91f526,2026-09-10 10:42:26.565493+00,2026-09-10 10:42:26.565497+00
b71d3bd8-3f3d-46d1-8582-16b013a8d03d,d2d52333-9ea8-49e4-9f19-8c21dea0248e,cd9e6eca-028e-4c61-8e82-048327bc4476,21420,CHEQUE,VERIFIED,RCP00000249,,,,,2026-04-06 08:40:00+00,2026-04-06 08:40:00+00,,t,26d06547-04b2-4e0f-b672-3944344bc449,2026-08-27 11:28:08.002266+00,2026-09-02 15:27:19.322365+00
2f356325-7463-446f-90d3-45cab93106d2,12b9cd12-1bdd-4a21-bbb6-08edbfd06676,357e2e09-b637-468e-818b-57a5dce18e9c,6868.31,NEFT,VERIFIED,RCP2026090297302,,,,,2026-09-17 09:08:00+00,2026-09-17 09:08:00+00,,t,26f0c41f-643d-4074-8099-85af768a78fb,2026-09-17 06:31:12.614987+00,2026-09-17 06:31:12.61499+00
6e6d2afb-24ce-4273-8946-9b817857a3c5,ab8497e6-e413-4daa-94f5-f869b75fc379,357e2e09-b637-468e-818b-57a5dce18e9c,15920,UPI,VERIFIED,RCP00000045,,,,,2026-07-11 13:27:00+00,2026-07-12 13:27:00+00,,t,26f11a42-2225-4fb6-a51e-c52285b427e1,2026-08-27 11:28:01.931296+00,2026-09-02 15:27:19.322365+00
aec51496-5e60-4d0d-82cc-e74bc7dd32fb,e22808db-2ae4-46dd-b5e4-8eb194e6856c,2b6de8aa-0976-4be0-8a40-043ff86ffa54,2483.24,UPI,VERIFIED,RCPT-HIST-P02,,,,,2026-08-20 12:15:00+00,,,f,271db9ef-19f0-4f48-9d92-7bfb414de029,2026-08-27 11:28:09.726406+00,2026-09-02 15:27:19.322365+00
97d5c206-b198-4604-8d22-7f2bd260d47b,a456560b-701b-4ca3-8aec-c9f662de8d64,a2e2555c-f597-43af-a77a-fe708f967218,22050,CASH,VERIFIED,RCP00000075,,,,,2026-06-27 17:45:00+00,2026-06-28 17:45:00+00,,t,2734ba37-827a-4ae5-89c7-fb4ab412d222,2026-08-27 11:28:03.218049+00,2026-09-02 15:27:19.322365+00
e865f0a7-cd14-44eb-9135-31b72454e565,2b6c6f22-07ca-490c-a5bf-54bb66d6c6a5,c6ca60b7-2143-412b-887e-c30ae9cda031,44220,UPI,VERIFIED,RCPT-DAY-0368,,,,,2026-08-27 09:50:00+00,2026-08-27 09:52:00+00,,f,27911e52-994f-44ec-9c44-53119d3e0298,2026-08-27 11:28:10.985944+00,2026-09-02 15:27:19.322365+00
3403140c-55c9-4a00-8f90-b0db0ed5417e,7d419619-9d76-4a52-bae4-f77202372c03,1d5e58e8-954e-4d6c-b13c-6e6d614cb588,3840,CASH,VERIFIED,REC-20260902-53561,UPI-20260902-590230,,,,2026-09-02 10:32:00+00,,,f,27a2c53c-3ec6-488e-a7c4-c20b88594c0b,2026-09-02 07:19:28.840186+00,2026-09-02 15:27:19.322365+00
0833802c-4ef9-4778-9b25-1139e04beb28,,a2e2555c-f597-43af-a77a-fe708f967218,348.96,UPI,VERIFIED,RCP00000058,,,,,2026-07-02 12:44:00+00,2026-07-02 12:44:00+00,,t,27a5bcf7-331a-447b-b7ec-96629da8f062,2026-08-27 11:28:02.652316+00,2026-09-02 15:27:19.322365+00
dd59d29b-4bd9-476f-9fae-75e5a5d1b921,b7708875-2cbb-4e0d-9115-a74bf9cac35d,4a182f53-a1a1-4f15-945a-6a56f4e04b64,23557.45,CASH,VERIFIED,RCPT-DAY-0381,,,,,2026-08-27 09:44:00+00,2026-08-27 09:46:00+00,,f,28185e2e-2a75-4306-98c3-e4b164788a93,2026-08-27 11:28:11.072144+00,2026-09-02 15:27:19.322365+00
0f11262e-46de-4a7a-9341-990db867dfa6,2c3903f5-db1c-431f-8e78-a468b4ef2d51,357e2e09-b637-468e-818b-57a5dce18e9c,28200,UPI,VERIFIED,RCP00000379,,,,,2026-08-26 10:40:00+00,,,t,287c2712-7262-4bfb-9e6d-52cbf8987910,2026-08-27 11:28:23.641648+00,2026-09-02 15:27:19.322365+00
f7e9d62a-7578-4e24-97e8-7c5be5cb42ac,ae14e078-f49c-4b00-8cdd-432c401a1f93,3aa13103-bd03-4578-9292-44d88d58da00,7982.91,CASH,VERIFIED,RCP00000254,,,,,2026-03-25 10:58:00+00,2026-03-25 10:58:00+00,,t,28a98126-d7b1-4f9d-8deb-6c43bb01f8e1,2026-08-27 11:28:08.091867+00,2026-09-02 15:27:19.322365+00
840f0308-1ee3-47f1-8d0c-c2ab2fa4d876,4cce5323-0888-41c5-a8f5-313e40b8e4aa,3e9c4168-1de9-43e8-b9f2-fbf3f931949d,9540.86,CASH,VERIFIED,REC-20260901-33992,UPI-20260901-781783,,,,2026-09-01 13:34:00+00,,,f,290d3dbe-5099-4d9c-9bf0-28d313d93503,2026-09-02 07:19:29.915278+00,2026-09-02 15:27:19.322365+00
0ed7a25b-2132-4531-8270-32c460c4893d,8cf933fd-a3d5-4b38-8a52-e3919261cb7d,5fbae4d6-59d1-4e6c-8a80-fe57244a45bb,8786.22,DD,VERIFIED,RCP00000050,,,,,2026-07-29 10:51:00+00,2026-07-29 10:51:00+00,,t,298289a3-d73a-4da2-9be8-54fc0c194083,2026-08-27 11:28:02.131931+00,2026-09-02 15:27:19.322365+00
d2b6e704-5ac5-45c1-b5cb-4a10ff082bd9,ba68768e-1d50-4796-ac67-1ff430bb3871,357e2e09-b637-468e-818b-57a5dce18e9c,10768.91,CASH,VERIFIED,RCP2026090297340,,,,,2026-09-17 10:01:00+00,2026-09-17 10:01:00+00,,t,29e32879-8035-4629-a90a-02f48a31aa07,2026-09-17 06:31:13.198873+00,2026-09-17 06:31:13.198876+00
005c52e5-8036-448d-8886-d0a5b16f0f59,6e7e5d12-3822-4be3-8cc2-34d9f517bdd1,c37b6a5c-9d1c-46d4-8ece-dfce290dc74b,2985.69,DD,VERIFIED,RCP00000241,,,,,2026-03-26 18:15:00+00,2026-03-26 18:15:00+00,,t,2a408511-231e-4417-942a-c033be074388,2026-08-27 11:28:07.892922+00,2026-09-02 15:27:19.322365+00
cf77428d-5a65-4f22-b553-fcacb366209c,90578cad-d523-49c9-bfbf-532f4812d851,cd9e6eca-028e-4c61-8e82-048327bc4476,18430,UPI,VERIFIED,RCP00000160,,,,,2026-05-01 12:51:00+00,2026-05-01 12:51:00+00,,t,2a60fe1e-c155-45f2-ac34-37332269da88,2026-08-27 11:28:05.654024+00,2026-09-02 15:27:19.322365+00
e1ced437-5690-4273-87b2-869495f5e1cf,1dad580e-44d9-4cca-9c04-965bd23f18e9,e9dced65-f61b-4c24-bae7-d4170299ed46,16730.98,UPI,VERIFIED,RCPT-DAY-0360,,,,,2026-08-27 11:39:00+00,2026-08-27 11:41:00+00,,f,2ac984b9-c7dc-416c-a148-90bafc34f505,2026-08-27 11:28:10.913771+00,2026-09-02 15:27:19.322365+00
b0817725-39e4-401a-a69e-b9734187d920,ec6c39dc-5dcd-46fb-a5c3-52614b7f89b2,357e2e09-b637-468e-818b-57a5dce18e9c,4963.07,CHEQUE,VERIFIED,RCP2026090297466,,,,,2026-09-18 08:05:00+00,2026-09-18 08:05:00+00,,t,2af7ceb0-d031-43eb-b21a-91204be4ba4b,2026-09-18 06:37:22.842774+00,2026-09-18 06:37:22.842777+00
cce14ef2-1448-41bc-9117-373666b41230,,4a182f53-a1a1-4f15-945a-6a56f4e04b64,11330,UPI,VERIFIED,RCP00000269,,,,,2026-03-21 14:01:00+00,2026-03-22 14:01:00+00,,t,2b17ceea-cb6e-4306-aab9-8fcf380f615c,2026-08-27 11:28:08.33662+00,2026-09-02 15:27:19.322365+00
f90bc0ff-52c7-466e-8183-7c15bc337c2f,d7838c1b-a2e7-4c55-88f5-9149d3569364,2dfc73e0-dba9-4aa5-babf-d5141ded5497,2039.06,CASH,VERIFIED,REC-20260901-68159,UPI-20260901-600535,,,,2026-09-01 16:41:00+00,,,f,2b34d4cf-b11c-4271-a2d2-0fa844e91713,2026-09-02 07:19:28.415403+00,2026-09-02 15:27:19.322365+00
82017589-4410-4904-bed8-b44598dbaa64,b7ccf947-1d6f-42e4-a9e9-0a62aceb814b,3e9c4168-1de9-43e8-b9f2-fbf3f931949d,2865.31,UPI,VERIFIED,RCP00000367,,,,,2026-08-25 12:58:00+00,,,t,2b58d470-b04f-4b3e-be4b-8c8a30719048,2026-08-27 11:28:23.489595+00,2026-09-02 15:27:19.322365+00
a2e9c642-b032-4b68-bc31-c4484e11410c,772ce4e6-1365-4236-a45f-6e8897618bcd,c33350cc-f581-492e-807f-14262d56ebcb,30870,RTGS,VERIFIED,RCP00000234,,,,,2026-03-17 16:43:00+00,2026-03-17 16:43:00+00,,t,2ba65016-4199-4b82-80bc-5515b9f1798b,2026-08-27 11:28:07.719683+00,2026-09-02 15:27:19.322365+00
7894476f-64f4-49e1-ad34-ac107cb31942,306ddd05-f314-466c-b31f-2bdc49d0a72f,b06cd5a3-f1c0-4cdb-b241-9ce2d6c5e791,3535.23,CHEQUE,VERIFIED,REC-20260901-43419,UPI-20260901-539100,,,,2026-09-01 13:14:00+00,,,f,2bb82fee-80e2-4787-9bd1-bd123b4bcfa5,2026-09-02 07:19:30.38711+00,2026-09-02 15:27:19.322365+00
5c3011de-a1ea-4b75-a929-a5f531af11c1,3edbbd8b-8113-4087-a944-e5b25ae29d29,4a182f53-a1a1-4f15-945a-6a56f4e04b64,2515.05,DD,VERIFIED,RCP00000011,,,,,2026-08-11 11:50:00+00,2026-08-11 11:50:00+00,,t,2c55435a-81ad-42b4-805c-f3373545eb0d,2026-08-27 11:28:01.120563+00,2026-09-02 15:27:19.322365+00
4061ee12-be08-483b-a04e-c7654f4d23f7,91659835-7059-4e50-ba7d-8dbfef15b4f7,c6ca60b7-2143-412b-887e-c30ae9cda031,4217.32,UPI,VERIFIED,REC-20260901-79688,UPI-20260901-587315,,,,2026-09-01 11:22:00+00,,,f,2c87a5f9-910b-48fc-9879-0d9dc4b64c89,2026-09-02 07:19:30.58457+00,2026-09-02 15:27:19.322365+00
40d91150-df8b-4994-886b-47b3c907138a,62571807-ae22-4a0f-8bf9-bf3ba96d4a07,2dfc73e0-dba9-4aa5-babf-d5141ded5497,890.56,UPI,VERIFIED,REC-20260902-78174,UPI-20260902-863207,,,,2026-09-02 16:14:00+00,,,f,2c97f643-2368-4fa6-8bb2-d4353f0eb474,2026-09-02 07:19:28.495178+00,2026-09-02 15:27:19.322365+00
caef9f74-2f06-4aeb-b672-b7f468b501ea,b3088f1d-0d66-4847-9c3d-f86619ed3d96,5fbae4d6-59d1-4e6c-8a80-fe57244a45bb,6249.39,UPI,VERIFIED,REC-20260902-83074,UPI-20260902-714714,,,,2026-09-02 10:21:00+00,,,f,2d6e6989-d5b9-4c88-aab3-8e29e710e1a8,2026-09-02 07:19:29.755163+00,2026-09-02 15:27:19.322365+00
877a1b0f-4c8e-4c17-89c2-12292609cba4,a4971a7a-2928-403d-ae65-c45d6e77a6ee,5fbae4d6-59d1-4e6c-8a80-fe57244a45bb,2975.35,CHEQUE,VERIFIED,RCP2026090297444,,,,,2026-09-18 03:47:00+00,2026-09-18 03:47:00+00,,t,2d911e74-210c-41af-a79b-44c2eeb6701a,2026-09-18 06:37:22.445255+00,2026-09-18 06:37:22.445259+00
1b86f9e5-3e02-41bf-85e1-fd879a889e73,e225db1c-f363-49bd-8346-197ad699bad3,a2e2555c-f597-43af-a77a-fe708f967218,13862.88,CASH,VERIFIED,RCP2026090297455,,,,,2026-09-18 07:28:00+00,2026-09-18 07:28:00+00,,t,2dcea648-2163-4c3c-b3da-e58c1dc17897,2026-09-18 06:37:22.647054+00,2026-09-18 06:37:22.647059+00
26347393-051a-4f58-9258-a0b6b1b47360,,4a182f53-a1a1-4f15-945a-6a56f4e04b64,49750,UPI,VERIFIED,RCP00000218,,,,,2026-03-26 12:31:00+00,2026-03-26 12:31:00+00,,t,2deb39da-2950-4e00-ae71-44ba638840d1,2026-08-27 11:28:07.453754+00,2026-09-02 15:27:19.322365+00
ffe94d1b-afe5-497e-bcb7-0fe8fbe13169,34719c4e-04d4-49c0-a57a-808125cb0e33,b06cd5a3-f1c0-4cdb-b241-9ce2d6c5e791,2784.8,CHEQUE,VERIFIED,RCP2026090297228,,,,,2026-09-10 10:10:00+00,2026-09-10 10:10:00+00,,t,2e2709d7-2fb1-49b9-adfc-513fa48d2fe5,2026-09-10 10:42:26.980328+00,2026-09-10 10:42:26.980333+00
21059f5e-ab66-42bd-8e9f-7f69db8124ba,e6f5109c-ef09-468d-b29c-b0e4e6db2a57,c2f2e0ce-5aeb-4ece-8325-2167edfe139e,22199.98,NEFT,VERIFIED,RCP00000330,,,,,2026-08-26 09:43:00+00,,,t,2e70189e-7fe6-4570-a7f1-72a6bd098b58,2026-08-27 11:28:22.884332+00,2026-09-02 15:27:19.322365+00
e0efa5dc-8c0c-4d42-b51d-1596aee20ed8,e5a0e68b-c905-4155-9cf7-e33e64e50f7a,8e59153e-dc8e-4efa-af65-1db304a6f3f1,40650,DD,VERIFIED,RCP00000270,,,,,2026-04-04 10:47:00+00,2026-04-05 10:47:00+00,,t,2e79a48d-0fe7-4e32-8e46-dd165d4029a2,2026-08-27 11:28:08.352678+00,2026-09-02 15:27:19.322365+00
54648463-acce-4159-9266-84cd8b8c5048,652860c8-dbee-4611-9485-b5a253a4df0b,357e2e09-b637-468e-818b-57a5dce18e9c,24232.78,CASH,VERIFIED,RCP00000382,,,,,2026-08-25 09:42:00+00,,,t,2e8cd31c-f32e-4517-9e69-30e521b702fb,2026-08-27 11:28:23.678388+00,2026-09-02 15:27:19.322365+00
a4b310fb-cd88-4002-b5c8-29aa673feaac,7daa7d59-1a84-4109-9d2c-66eed4bcc490,c33350cc-f581-492e-807f-14262d56ebcb,29889.67,CHEQUE,VERIFIED,RCP2026090297376,,,,,2026-09-18 03:37:00+00,2026-09-18 03:37:00+00,,t,2eb66c8c-f142-4779-9075-6dd991cd4ad4,2026-09-18 06:37:21.565585+00,2026-09-18 06:37:21.56559+00
2e7b44a7-cff8-456f-85f2-f412c28a5e99,328019cc-0ea3-4472-9307-c2116509b73b,a13886ca-739b-47b4-a473-724e03f7332a,8960.94,UPI,VERIFIED,RCP00000118,,,,,2026-05-23 08:39:00+00,2026-05-23 08:39:00+00,,t,2f905a49-5834-4cd0-9cd1-da92bf69dd1a,2026-08-27 11:28:04.375717+00,2026-09-02 15:27:19.322365+00
d1012402-fa11-4d46-af2f-d2e2e4dafd0e,,c37b6a5c-9d1c-46d4-8ece-dfce290dc74b,21040,UPI,VERIFIED,RCP00000125,,,,,2026-05-27 11:59:00+00,2026-05-27 11:59:00+00,,t,30337323-c2e7-4f17-a738-03436d8b176c,2026-08-27 11:28:04.508143+00,2026-09-02 15:27:19.322365+00
a234277b-a259-4bf7-9559-bcba54112280,03277e20-07b8-48fe-a18a-05e4f15778cc,cd9e6eca-028e-4c61-8e82-048327bc4476,8697.6,UPI,VERIFIED,RCP2026090297344,,,,,2026-09-17 04:44:00+00,2026-09-17 04:44:00+00,,t,306ab88d-ecba-424a-9975-e17530f91d7d,2026-09-17 06:31:13.257342+00,2026-09-17 06:31:13.257347+00
00bf314b-95ea-4928-af92-d78931325e03,ab014dd1-86da-4d75-b6c3-a14c8121e6fd,5fbae4d6-59d1-4e6c-8a80-fe57244a45bb,2910,NEFT,VERIFIED,RCPT-DAY-0320,,,,,2026-08-27 10:50:00+00,2026-08-27 10:52:00+00,,f,307e1b91-0686-4d79-a7f1-22bfab7c1c41,2026-08-27 11:28:10.573205+00,2026-09-02 15:27:19.322365+00
09d603f5-7b4e-47b1-a402-47ae03487952,e9a75fa1-b8bd-4d67-ad78-5e71a7889c90,c33350cc-f581-492e-807f-14262d56ebcb,6660,CASH,VERIFIED,RCPT-DAY-0351,,,,,2026-08-27 10:28:00+00,2026-08-27 10:30:00+00,,f,30972f44-968c-4bdc-8b9c-828343fc6608,2026-08-27 11:28:10.857355+00,2026-09-02 15:27:19.322365+00
2fea180c-8f49-419d-a986-026ae1074426,86610953-7c36-45ec-9db1-4d206fa8f0f6,e9dced65-f61b-4c24-bae7-d4170299ed46,7580,UPI,VERIFIED,RCPT-DAY-0358,,,,,2026-08-27 09:48:00+00,2026-08-27 09:50:00+00,,f,30b8d068-de4d-4edd-82b1-7d4c5c323e89,2026-08-27 11:28:10.902018+00,2026-09-02 15:27:19.322365+00
f90bc0ff-52c7-466e-8183-7c15bc337c2f,766c112c-2d67-478f-b76c-dd761b18f9d1,2b6de8aa-0976-4be0-8a40-043ff86ffa54,47708.78,DD,VERIFIED,RCP00000030,,,,,2026-07-07 13:14:00+00,2026-07-07 13:14:00+00,,t,30f16952-e0ed-49c2-8f07-d0303a3ba9ba,2026-08-27 11:28:01.684516+00,2026-09-02 15:27:19.322365+00
6800c67f-3417-4634-8547-e8e3c2b2d39e,f94ff0fb-9580-4244-8daa-864f8a8e361c,cd9e6eca-028e-4c61-8e82-048327bc4476,19410,NEFT,VERIFIED,RCP00000286,,,,,2026-08-26 12:58:00+00,,,t,311873f1-f94e-41d0-a804-46551fbd15f2,2026-08-27 11:28:21.873644+00,2026-09-02 15:27:19.322365+00
bc2e2994-7024-4e3d-8d46-35a62f623827,10838582-336f-46e0-a6de-cd38c26b3323,357e2e09-b637-468e-818b-57a5dce18e9c,24965.85,UPI,VERIFIED,RCP00000074,,,,,2026-06-18 13:34:00+00,2026-06-18 13:34:00+00,,t,313ff71f-0143-469b-acb8-4eb27fe99230,2026-08-27 11:28:03.186992+00,2026-09-02 15:27:19.322365+00
e5b94ea4-b80f-477b-b3a6-829848a2e7ec,dc694797-2ba8-485d-a336-21fe6f391412,a2e2555c-f597-43af-a77a-fe708f967218,4985.62,UPI,VERIFIED,RCP2026090297448,,,,,2026-09-18 10:33:00+00,2026-09-18 10:33:00+00,,t,31838a83-7c2e-42c1-96df-a9c73d5549a2,2026-09-18 06:37:22.514589+00,2026-09-18 06:37:22.514592+00
4137aacf-3645-4113-ae8b-fd76bdc93055,83ba791f-0b18-4544-a3df-a42120d0d7d8,3e9c4168-1de9-43e8-b9f2-fbf3f931949d,20670,DD,VERIFIED,RCP00000204,,,,,2026-04-17 16:41:00+00,2026-04-17 16:41:00+00,,t,31896a46-93da-442b-bf66-0952fe098409,2026-08-27 11:28:06.365042+00,2026-09-02 15:27:19.322365+00
20dc7a0e-bb49-4fd7-b54e-ded7d5c05d1a,95c993b1-9264-4cca-9636-c6a77d6b92c4,e9dced65-f61b-4c24-bae7-d4170299ed46,129.47,DD,VERIFIED,RCP00000353,,,,,2026-08-26 08:21:00+00,,,t,319f35f3-2ef5-4f2c-941c-3865a99e8f14,2026-08-27 11:28:23.321061+00,2026-09-02 15:27:19.322365+00
d2d794a1-3672-45d6-ad51-a1ed39daed56,21be3d47-2732-481d-98b0-b465520e97e6,357e2e09-b637-468e-818b-57a5dce18e9c,6230,RTGS,VERIFIED,RCP00000245,,,,,2026-03-13 08:59:00+00,2026-03-13 08:59:00+00,,t,31b8edbb-00f0-4183-8f6f-37e8411cb762,2026-08-27 11:28:07.96084+00,2026-09-02 15:27:19.322365+00
ce7acbd1-955d-4f1e-98a5-4f03ef8b64a8,98a4e793-028d-46a5-8206-307c446b655f,8e59153e-dc8e-4efa-af65-1db304a6f3f1,55160,CASH,VERIFIED,RCP2026090297504,,,,,2026-09-21 09:49:00+00,2026-09-21 09:49:00+00,,t,31f060d0-1121-4a0a-a2cf-d960c03528ba,2026-09-21 06:09:25.816809+00,2026-09-21 06:09:25.816812+00
1753234f-57d9-48f9-b3b6-c9d90959b81b,,3e9c4168-1de9-43e8-b9f2-fbf3f931949d,5681.99,UPI,VERIFIED,RCP00000052,,,,,2026-08-01 10:31:00+00,2026-08-02 10:31:00+00,,t,32097596-fc19-44ee-8fed-29187ddb1d76,2026-08-27 11:28:02.167121+00,2026-09-02 15:27:19.322365+00
cc00d26b-c20b-4b2a-b910-32483a7ea449,494582e2-4f2a-48e6-b5c3-eea40adab305,4a182f53-a1a1-4f15-945a-6a56f4e04b64,3474.68,CHEQUE,VERIFIED,RCP2026090297532,,,,,2026-09-21 07:40:00+00,2026-09-21 07:40:00+00,,t,323218f7-fd3e-4650-9103-1912e0ce0428,2026-09-21 06:09:26.096204+00,2026-09-21 06:09:26.096209+00
80307e9a-8b7e-4e71-b038-325d5f18d8ca,95b5219a-3f78-4525-a5fb-5541cb26d761,3aa13103-bd03-4578-9292-44d88d58da00,8112.81,CASH,VERIFIED,RCP2026090297445,,,,,2026-09-18 04:44:00+00,2026-09-18 04:44:00+00,,t,3233b955-ee49-44a2-8304-7f1318531014,2026-09-18 06:37:22.461972+00,2026-09-18 06:37:22.461976+00
8a6a5a70-6690-497a-b5c3-315b5ad7789f,35cfdfa0-a147-4d6c-a4b6-15581dbb711e,2b6de8aa-0976-4be0-8a40-043ff86ffa54,10891.89,CASH,PENDING_VERIFICATION,RCPT-DEMO-001,,,,,2026-08-27 09:45:00+00,,,f,327b0986-b3fd-41e3-9d01-7f23020ac327,2026-08-27 11:28:09.756448+00,2026-09-02 15:27:19.322365+00
431598c9-666d-4457-a972-b4a6821d845a,19ab3c1b-1263-4125-8024-9274b0e7bf38,8e59153e-dc8e-4efa-af65-1db304a6f3f1,9405.69,CASH,VERIFIED,RCP00000317,,,,,2026-08-26 11:03:00+00,,,t,328a5902-6ee6-43da-9b52-37fda0144c63,2026-08-27 11:28:22.501685+00,2026-09-02 15:27:19.322365+00
e25d32ff-e3c9-438b-84b7-f21339d59898,22f81d8e-0ce8-4e78-8e5f-ff446571bb9f,3e9c4168-1de9-43e8-b9f2-fbf3f931949d,1374.2,CHEQUE,VERIFIED,REC-20260901-54831,UPI-20260901-724557,,,,2026-09-01 10:31:00+00,,,f,32ed2f12-c5df-4a7a-b3b8-a34de6b8a0c7,2026-09-02 07:19:29.8951+00,2026-09-02 15:27:19.322365+00
e6b0feef-4ece-4716-8339-b9130ed25df1,bc57540c-b4ca-4a15-ac64-08d7fa5a2775,b06cd5a3-f1c0-4cdb-b241-9ce2d6c5e791,10150,NEFT,VERIFIED,RCP00000239,,,,,2026-04-02 16:18:00+00,2026-04-02 16:18:00+00,,t,333323ad-18ff-4114-b740-5c89bbfe6e04,2026-08-27 11:28:07.816861+00,2026-09-02 15:27:19.322365+00
1e260079-3d00-4d7b-bd44-2b90b2a7353f,b548b14a-689b-4660-ad58-920847699260,c33350cc-f581-492e-807f-14262d56ebcb,3181.47,UPI,VERIFIED,RCP2026090297270,,,,,2026-09-17 05:20:00+00,2026-09-17 05:20:00+00,,t,33b67705-c80c-4eaa-b214-4e094baf10c9,2026-09-17 06:31:12.280666+00,2026-09-17 06:31:12.280671+00
20dc7a0e-bb49-4fd7-b54e-ded7d5c05d1a,06926999-243f-47f4-adc2-6f55d8bec68e,e9dced65-f61b-4c24-bae7-d4170299ed46,2769.49,RTGS,VERIFIED,RCP00000105,,,,,2026-05-28 11:26:00+00,2026-05-28 11:26:00+00,,t,343c466d-2063-4731-891a-bc53234e00aa,2026-08-27 11:28:04.201032+00,2026-09-02 15:27:19.322365+00
23098913-3108-4799-a107-fb41b6c5df65,4a7838dd-03e9-4432-8ffb-1af7e1ae81eb,4a182f53-a1a1-4f15-945a-6a56f4e04b64,28130,UPI,VERIFIED,RCP00000034,,,,,2026-07-14 08:00:00+00,2026-07-14 08:00:00+00,,t,343f754a-214f-444d-b97a-872a3d749637,2026-08-27 11:28:01.714793+00,2026-09-02 15:27:19.322365+00
a6688004-2297-4398-8aa8-5c81fa8ec678,9fc19dca-6f7f-41a7-8db0-c27112be47de,3e9c4168-1de9-43e8-b9f2-fbf3f931949d,13976.07,UPI,VERIFIED,RCP2026090297272,,,,,2026-09-17 07:12:00+00,2026-09-17 07:12:00+00,,t,34620c72-d750-45da-a7bd-5931db0f37be,2026-09-17 06:31:12.303046+00,2026-09-17 06:31:12.303049+00
b5d02f22-c9e0-4462-b54d-34f78e3b19df,a734f10d-21d9-4d1f-a4c5-391a918b07f6,3e9c4168-1de9-43e8-b9f2-fbf3f931949d,34800,UPI,VERIFIED,RCP2026090297374,,,,,2026-09-18 05:58:00+00,2026-09-18 05:58:00+00,,t,34beff21-a45b-4ad8-994f-0ee88a860ab8,2026-09-18 06:37:21.541209+00,2026-09-18 06:37:21.541213+00
43c61aa2-6ccb-47a9-9af1-1ca05a53ce22,8e83f114-0d75-49b3-9514-a686aa84fcfe,c2f2e0ce-5aeb-4ece-8325-2167edfe139e,7950,CHEQUE,VERIFIED,RCP00000336,,,,,2026-08-26 15:16:00+00,,,t,34d36b96-9747-45de-9ee0-a084d87834b6,2026-08-27 11:28:22.967619+00,2026-09-02 15:27:19.322365+00
dd021a3a-20dc-4947-8e81-4b2002f120f2,bd3768ac-ba2a-4655-8977-89d8d8da3e57,1d5e58e8-954e-4d6c-b13c-6e6d614cb588,19022.68,RTGS,VERIFIED,RCP00000055,,,,,2026-06-06 16:17:00+00,2026-06-07 16:17:00+00,,t,34d9149a-4da9-49c1-9238-2786cca2f12b,2026-08-27 11:28:02.570916+00,2026-09-02 15:27:19.322365+00
0833802c-4ef9-4778-9b25-1139e04beb28,33a3c16f-73f1-459c-8c7b-41efcd2dd7cb,a2e2555c-f597-43af-a77a-fe708f967218,2171.04,NEFT,VERIFIED,RCP00000057,,,,,2026-07-04 15:58:00+00,2026-07-05 15:58:00+00,,t,355d4bc6-44a8-4a10-ab79-9d853b61ca00,2026-08-27 11:28:02.640217+00,2026-09-02 15:27:19.322365+00
a234277b-a259-4bf7-9559-bcba54112280,26864e61-7811-4c2b-aa74-be52c711177c,cd9e6eca-028e-4c61-8e82-048327bc4476,25125.69,UPI,VERIFIED,REC-20260901-23352,UPI-20260901-883944,,,,2026-09-01 11:18:00+00,,,f,357db551-03c9-4501-a1cf-425c3b1fe36b,2026-09-02 07:19:29.155167+00,2026-09-02 15:27:19.322365+00
cb823cd9-42bf-4b15-925b-98c916e86f58,315e1e4a-7a0f-4bec-aa19-9f04006279ce,2b6de8aa-0976-4be0-8a40-043ff86ffa54,28200,DD,VERIFIED,RCP00000165,,,,,2026-04-15 17:19:00+00,2026-04-15 17:19:00+00,,t,35d5a135-ab99-4e6c-867b-d3299624642b,2026-08-27 11:28:05.764285+00,2026-09-02 15:27:19.322365+00
bfb9ea3c-2590-44da-b365-d46a3cdc48c5,795c9290-88f0-498b-a38d-e6eb3ba8d40f,3e9c4168-1de9-43e8-b9f2-fbf3f931949d,3324.16,CASH,VERIFIED,RCPT-DAY-0364,,,,,2026-08-27 10:36:00+00,2026-08-27 10:38:00+00,,f,36ccfa84-a7ca-4c49-a6ff-e4edba5758e1,2026-08-27 11:28:10.958164+00,2026-09-02 15:27:19.322365+00
4c2cb39e-5e93-40fc-9610-6908d68832b1,1897aa83-d7e3-460d-a259-6d693c76e671,5fbae4d6-59d1-4e6c-8a80-fe57244a45bb,9218.8,UPI,VERIFIED,RCP2026090297274,,,,,2026-09-17 06:04:00+00,2026-09-17 06:04:00+00,,t,373c96d4-cd69-4cbf-9048-45fde29957e1,2026-09-17 06:31:12.326671+00,2026-09-17 06:31:12.326674+00
5c60a22f-6016-4eeb-aa97-84ad3d246f49,94e2e20d-af64-4817-809f-be6a5da78c16,8e59153e-dc8e-4efa-af65-1db304a6f3f1,6784.75,RTGS,VERIFIED,REC-20260901-75684,UPI-20260901-701480,,,,2026-09-01 11:33:00+00,,,f,37a7342d-24cd-4373-ac53-5ca8132d5499,2026-09-02 07:19:29.599415+00,2026-09-02 15:27:19.322365+00
93545374-d9a6-4842-ab1d-bd6980b81ed9,2e26447e-e533-4eaf-b709-5bf390318d1a,a2e2555c-f597-43af-a77a-fe708f967218,8680,NEFT,VERIFIED,RCP00000029,,,,,2026-07-21 09:41:00+00,2026-07-21 09:41:00+00,,t,37b116e7-2bf6-4901-a395-0df81af19eff,2026-08-27 11:28:01.664134+00,2026-09-02 15:27:19.322365+00
ccb78dcb-7d9f-49ec-beb9-c61b83562aba,2c7161b4-dc97-46b6-8d6c-d8f2c2820213,c6ca60b7-2143-412b-887e-c30ae9cda031,3821.55,CASH,VERIFIED,RCP2026090297414,,,,,2026-09-18 05:32:00+00,2026-09-18 05:32:00+00,,t,37b37ed8-016f-46ed-961b-b251238feff5,2026-09-18 06:37:22.011091+00,2026-09-18 06:37:22.011095+00
fd7ea94f-7d73-424e-b64b-c53c41494161,27235063-cb68-4489-9a25-af549add58b5,a13886ca-739b-47b4-a473-724e03f7332a,1260,CHEQUE,VERIFIED,REC-20260901-15057,UPI-20260901-965329,,,,2026-09-01 11:35:00+00,,,f,380cbdd0-b7f7-4c18-b6ed-437bf7613975,2026-09-02 07:19:30.213403+00,2026-09-02 15:27:19.322365+00
c9ef62d7-ec24-49fa-80f7-354555d86963,e176b6d2-d277-4274-af11-0334b9c96792,3aa13103-bd03-4578-9292-44d88d58da00,10315.67,CASH,VERIFIED,RCP2026090297462,,,,,2026-09-18 08:11:00+00,2026-09-18 08:11:00+00,,t,3897131e-65a8-4b62-8edd-a7414f9fe969,2026-09-18 06:37:22.773758+00,2026-09-18 06:37:22.773762+00
30837126-ce1f-49ef-8bc9-c7d8e85a56df,,c6ca60b7-2143-412b-887e-c30ae9cda031,7670,UPI,VERIFIED,RCP00000124,,,,,2026-06-06 12:06:00+00,2026-06-06 12:06:00+00,,t,389c5123-94e6-49be-8a28-b2f84b9bc332,2026-08-27 11:28:04.499348+00,2026-09-02 15:27:19.322365+00
655f95e5-c2cf-4492-b38f-3b31be327a2b,9d760750-c4e6-4f85-9f51-ad7213d7e22b,1d5e58e8-954e-4d6c-b13c-6e6d614cb588,4120,UPI,VERIFIED,RCPT-DAY-0386,,,,,2026-08-27 08:18:00+00,2026-08-27 08:20:00+00,,f,38ad8346-6a52-40b0-8c13-200fc8a2454c,2026-08-27 11:28:11.110636+00,2026-09-02 15:27:19.322365+00
35912c01-b04f-48bb-bf85-876c4fc1f918,0feab081-bb61-423a-878c-6e309170e4b5,4a182f53-a1a1-4f15-945a-6a56f4e04b64,3656.08,NEFT,VERIFIED,RCP2026090297353,,,,,2026-09-17 10:12:00+00,2026-09-17 10:12:00+00,,t,38c35ed0-75a2-42e2-a9e8-a229fe684473,2026-09-17 06:31:13.406015+00,2026-09-17 06:31:13.406019+00
5ca900a1-476b-4590-966a-61c7b16363fb,45a927ea-f151-4da0-950a-7c4fecf24f53,4a182f53-a1a1-4f15-945a-6a56f4e04b64,5007.47,CASH,VERIFIED,RCP00000390,,,,,2026-08-26 14:41:00+00,,,t,39545a90-1f8e-4fbf-885c-b7957d0554cb,2026-08-27 11:28:23.803779+00,2026-09-02 15:27:19.322365+00
2abb2db2-c967-4273-9fdc-c95bbc36897e,913ab4c1-c087-46c2-88de-2a1962a47745,e9dced65-f61b-4c24-bae7-d4170299ed46,2542.57,UPI,VERIFIED,RCP2026090297235,,,,,2026-09-10 14:34:00+00,2026-09-10 14:34:00+00,,t,3958c889-481a-486a-b146-c7daf0fa354b,2026-09-10 10:42:27.196292+00,2026-09-10 10:42:27.196296+00
354b9357-bae4-4886-b7a6-766074b3b81b,19f985d3-4c13-4c4b-9cc1-c950b04110fc,4a182f53-a1a1-4f15-945a-6a56f4e04b64,6029.59,UPI,VERIFIED,RCP2026090297397,,,,,2026-09-18 04:18:00+00,2026-09-18 04:18:00+00,,t,3984abbe-20a3-4afc-8b66-2140da01c79d,2026-09-18 06:37:21.816512+00,2026-09-18 06:37:21.816516+00
e3786997-9b28-4d02-8a35-e3d8dd695140,25b5d5a9-62a7-4705-8e33-2ea58f5b0256,357e2e09-b637-468e-818b-57a5dce18e9c,4650.39,NEFT,VERIFIED,RCPT-DAY-0377,,,,,2026-08-27 12:49:00+00,2026-08-27 12:51:00+00,,f,3a56c109-9220-4f04-924a-055b87bee62c,2026-08-27 11:28:11.035453+00,2026-09-02 15:27:19.322365+00
3700d57d-53f2-470d-a3c7-09ea8c03b51b,2984d34b-0b87-4cf0-a5fc-aca3ca927870,c33350cc-f581-492e-807f-14262d56ebcb,9430.39,NEFT,VERIFIED,RCP2026090297441,,,,,2026-09-18 09:58:00+00,2026-09-18 09:58:00+00,,t,3a59c47f-f8ae-4b98-9828-def282467097,2026-09-18 06:37:22.396469+00,2026-09-18 06:37:22.396473+00
49c85ecd-cbfa-4208-824a-c6a2e090e8ca,10241b53-62fe-499e-ae11-b73acf8cb7ad,c37b6a5c-9d1c-46d4-8ece-dfce290dc74b,8150.99,NEFT,VERIFIED,RCP2026090297346,,,,,2026-09-17 06:20:00+00,2026-09-17 06:20:00+00,,t,3a671b4e-288d-47d5-bbc6-463057ce70f3,2026-09-17 06:31:13.291521+00,2026-09-17 06:31:13.291526+00
ce4fc42a-0193-4857-b8b0-5e0d22d93fe6,,2dfc73e0-dba9-4aa5-babf-d5141ded5497,20880,RTGS,VERIFIED,RCP00000251,,,,,2026-04-09 12:16:00+00,2026-04-09 12:16:00+00,,t,3aa62dbf-e9ef-47f4-b535-c941255a2c3f,2026-08-27 11:28:08.061063+00,2026-09-02 15:27:19.322365+00
0df3d468-4961-410c-adf2-ceffea0d2936,7bfa0a3d-1408-4c5b-912f-9b349a09fb24,3e9c4168-1de9-43e8-b9f2-fbf3f931949d,13687.18,CHEQUE,VERIFIED,REC-20260901-31282,UPI-20260901-322857,,,,2026-09-01 09:30:00+00,,,f,3b89d9e9-9d93-475c-b173-b89b2cd2c1fd,2026-09-02 07:19:29.945272+00,2026-09-02 15:27:19.322365+00
b94303d5-749f-4502-bbe3-d44a25cbb5f5,07f7223f-61a3-43ab-a844-c1648ca085ac,8e59153e-dc8e-4efa-af65-1db304a6f3f1,67850,CHEQUE,VERIFIED,RCP2026090297268,,,,,2026-09-17 07:40:00+00,2026-09-17 07:40:00+00,,t,3c9d7173-127f-469a-80bd-c5346fa73798,2026-09-17 06:31:12.257961+00,2026-09-17 06:31:12.257963+00
58563990-5036-4e44-8cb5-27ff1f5e8eae,da291581-42e2-4e09-b517-1b35f9799b86,2dfc73e0-dba9-4aa5-babf-d5141ded5497,1920,CHEQUE,VERIFIED,RCP00000323,,,,,2026-08-26 13:42:00+00,,,t,3ca15fed-4330-4273-a2b5-40377f99c8fb,2026-08-27 11:28:22.682155+00,2026-09-02 15:27:19.322365+00
a9560ff7-3dd0-45d2-a2a6-79a8c05d2133,991c54de-9d1a-4059-b272-d221ff81ee01,a2e2555c-f597-43af-a77a-fe708f967218,1031.94,RTGS,VERIFIED,RCP00000306,,,,,2026-08-26 10:33:00+00,,,t,3cbccfdd-2030-47dd-9bd8-e1cf51098df2,2026-08-27 11:28:22.267717+00,2026-09-02 15:27:19.322365+00
4c49d03f-12db-465c-a124-730c4533b75a,12f18b71-933d-493f-a363-9c00b75bf7c1,2b6de8aa-0976-4be0-8a40-043ff86ffa54,21380.63,CASH,VERIFIED,RCP00000289,,,,,2026-08-26 11:36:00+00,,,t,3d850bfd-11c2-42ce-b152-54008162ded9,2026-08-27 11:28:21.986815+00,2026-09-02 15:27:19.322365+00
e25d32ff-e3c9-438b-84b7-f21339d59898,e9693789-0e7b-4a36-a378-9ab61f048a2f,357e2e09-b637-468e-818b-57a5dce18e9c,10988.62,CHEQUE,VERIFIED,RCP00000013,,,,,2026-08-14 12:45:00+00,2026-08-14 12:45:00+00,,t,3dcf7b60-867e-4262-bc2d-32579f8dfe82,2026-08-27 11:28:01.210881+00,2026-09-02 15:27:19.322365+00
30cd97a1-177c-4b16-88f6-85e8b13f14c3,d3481f31-017b-4085-a39e-60fcc72cfaba,e9dced65-f61b-4c24-bae7-d4170299ed46,4402.73,DD,VERIFIED,RCP00000067,,,,,2026-06-09 15:37:00+00,2026-06-09 15:37:00+00,,t,3defff2d-506a-4639-bd56-6624541c01d7,2026-08-27 11:28:02.992033+00,2026-09-02 15:27:19.322365+00
19995051-c48f-46a0-a78d-a83be0d4ed07,821ba5b7-964b-46e2-8ecb-ce2dc34545cb,c2f2e0ce-5aeb-4ece-8325-2167edfe139e,3264.65,NEFT,VERIFIED,RCP00000090,,,,,2026-07-03 14:04:00+00,2026-07-03 14:04:00+00,,t,3e496a3b-ff80-4f96-a8d6-3bb30c62c7f4,2026-08-27 11:28:03.525781+00,2026-09-02 15:27:19.322365+00
b03e7c23-2d12-4752-9b3c-1530b26910f5,ce676f41-6518-4264-8d3f-8a383c8d4165,357e2e09-b637-468e-818b-57a5dce18e9c,33100,NEFT,VERIFIED,RCP2026090297507,,,,,2026-09-21 05:21:00+00,2026-09-21 05:21:00+00,,t,3e580dfb-cd1d-46b3-a129-75be1ac6dcbe,2026-09-21 06:09:25.845786+00,2026-09-21 06:09:25.845791+00
ec02cf30-b430-42aa-92a6-d943976866b1,ff8109e4-0596-40e0-a74e-dc7090f63b9e,357e2e09-b637-468e-818b-57a5dce18e9c,2317.53,CASH,VERIFIED,RCP2026090297278,,,,,2026-09-17 09:26:00+00,2026-09-17 09:26:00+00,,t,3f8da7d4-8755-403b-8c53-7b1212fb0ad2,2026-09-17 06:31:12.372216+00,2026-09-17 06:31:12.37222+00
04a305d8-1560-41bc-a1ac-3f7d72ec1b63,71090cfb-ad2c-4531-9a8d-2718fe282fc0,2dfc73e0-dba9-4aa5-babf-d5141ded5497,15680,CHEQUE,VERIFIED,RCP00000324,,,,,2026-08-26 14:46:00+00,,,t,3faab658-aad9-4b66-b603-94c7284c49e7,2026-08-27 11:28:22.693993+00,2026-09-02 15:27:19.322365+00
0f76db77-f023-41f8-bd7c-120685fcdd1a,3bfee120-8af3-4c9e-a9ab-42310b676b29,cd9e6eca-028e-4c61-8e82-048327bc4476,7842.77,CHEQUE,VERIFIED,RCP2026090297453,,,,,2026-09-18 06:43:00+00,2026-09-18 06:43:00+00,,t,3ff0f666-1391-4fa1-a4e4-938dbc89d990,2026-09-18 06:37:22.607724+00,2026-09-18 06:37:22.60773+00
bc20a3b3-87a5-441f-8eef-875fa6a96b3d,2fab8b25-518b-4e88-97e4-af9399c137cc,b06cd5a3-f1c0-4cdb-b241-9ce2d6c5e791,39859.09,DD,VERIFIED,RCP00000062,,,,,2026-06-12 18:36:00+00,2026-06-12 18:36:00+00,,t,404a9e3d-a23b-47a9-b4bf-76104e5199b8,2026-08-27 11:28:02.896757+00,2026-09-02 15:27:19.322365+00
dc05b7d2-2d28-4755-93e9-6f66050c5217,b0c599fc-203c-475a-8e8a-d7588341679a,c33350cc-f581-492e-807f-14262d56ebcb,26620.33,CASH,VERIFIED,RCP00000059,,,,,2026-06-18 13:34:00+00,2026-06-18 13:34:00+00,,t,408e68a0-81ca-4773-b911-086f5783ca91,2026-08-27 11:28:02.707134+00,2026-09-02 15:27:19.322365+00
f0dafc7e-4014-4f52-9b70-8d885e3bf155,edaa8a49-d415-4166-b549-4933c0f9f002,5fbae4d6-59d1-4e6c-8a80-fe57244a45bb,15220,CHEQUE,VERIFIED,REC-20260901-64214,UPI-20260901-455001,,,,2026-09-01 15:47:00+00,,,f,40d901c0-1fe4-49e5-a145-90fe6c99d366,2026-09-02 07:19:29.715021+00,2026-09-02 15:27:19.322365+00
8af081b0-e835-41f7-a657-9335ed171df4,1c05bb4b-c3c4-44fd-83ca-2ca3291b2065,a2e2555c-f597-43af-a77a-fe708f967218,8083.03,CASH,VERIFIED,RCP00000007,,,,,2026-08-26 14:13:00+00,2026-08-26 14:13:00+00,,t,411a3229-78e1-48d6-9684-bed679ec1443,2026-08-27 11:28:01.088573+00,2026-09-02 15:27:19.322365+00
f191ac71-5669-405d-b611-ded1c658990c,c2b24a86-1b94-42e0-ae47-2d28f26fbf87,a2e2555c-f597-43af-a77a-fe708f967218,5000,UPI,VERIFIED,REC-20260901-45074,UPI-20260901-958532,,,,2026-09-01 14:18:00+00,,,f,41243c23-f8fd-4a43-8bc9-62f82af1168c,2026-09-02 07:19:29.275098+00,2026-09-02 15:27:19.322365+00
bf865e39-62f6-4616-af57-c6e4b50ab726,3d7bf4d7-abf5-4303-ac01-238f22a2efb1,e9dced65-f61b-4c24-bae7-d4170299ed46,2683.74,CHEQUE,VERIFIED,RCP2026090297276,,,,,2026-09-17 10:20:00+00,2026-09-17 10:20:00+00,,t,4153f1cf-ae09-4c93-bb42-95b81b958daf,2026-09-17 06:31:12.350199+00,2026-09-17 06:31:12.350203+00
e444c0da-8a79-4d68-9c98-0280a62ade8b,ff7f1bdf-e1ed-42ec-8c16-13ba5818a155,c6ca60b7-2143-412b-887e-c30ae9cda031,9951.46,CHEQUE,VERIFIED,RCP2026090297323,,,,,2026-09-17 04:00:00+00,2026-09-17 04:00:00+00,,t,41af8fa6-49c0-4003-a700-655caa157db0,2026-09-17 06:31:12.941697+00,2026-09-17 06:31:12.9417+00
d07825db-d43c-479a-ba05-bcb371149f3d,2badec91-c076-4846-a384-849b9d55cf26,c33350cc-f581-492e-807f-14262d56ebcb,17950,DD,VERIFIED,RCP00000170,,,,,2026-04-21 13:48:00+00,2026-04-21 13:48:00+00,,t,41b13e47-68e3-404b-b04d-ef3293d4dedf,2026-08-27 11:28:05.821611+00,2026-09-02 15:27:19.322365+00
71c58814-576f-4502-b879-07b031ab52de,42905055-0669-415d-80b9-1f02fe308732,4a182f53-a1a1-4f15-945a-6a56f4e04b64,20372.05,CASH,VERIFIED,RCP2026090297309,,,,,2026-09-17 07:24:00+00,2026-09-17 07:24:00+00,,t,423a5203-1687-4153-9e9f-672ba975d7cc,2026-09-17 06:31:12.675409+00,2026-09-17 06:31:12.675412+00
307bb3f8-39e7-4e74-b969-31741e5fbfca,306f7fdb-dfb6-4f59-b89f-3b07d49cb08e,3e9c4168-1de9-43e8-b9f2-fbf3f931949d,7638.24,CHEQUE,VERIFIED,RCP2026090297428,,,,,2026-09-18 04:22:00+00,2026-09-18 04:22:00+00,,t,42deacda-ded9-4e27-813d-5a0aa8f53a64,2026-09-18 06:37:22.164791+00,2026-09-18 06:37:22.164794+00
210783f0-6af8-49c2-b0f7-a7e78544b732,3be2542b-9a79-4ece-874b-1de9b3bbb357,357e2e09-b637-468e-818b-57a5dce18e9c,12000,RTGS,VERIFIED,RCP00000044,,,,,2026-07-27 10:17:00+00,2026-07-27 10:17:00+00,,t,4304331a-7bec-4dcb-8aee-58ef13406d93,2026-08-27 11:28:01.898182+00,2026-09-02 15:27:19.322365+00
7fa68fdc-8fb6-4811-89fe-76519d76eef6,205b95e3-99ed-4bf4-895a-92a3b41c41cd,5fbae4d6-59d1-4e6c-8a80-fe57244a45bb,5853.47,NEFT,VERIFIED,RCP2026090297334,,,,,2026-09-17 04:06:00+00,2026-09-17 04:06:00+00,,t,43321818-8123-46a8-9ab4-35a9d8dc1091,2026-09-17 06:31:13.111051+00,2026-09-17 06:31:13.111054+00
a79bf2d9-491b-49c3-b311-4464122f5f03,520ce578-6b49-4e8f-b2cc-502c7b1ad5e1,5fbae4d6-59d1-4e6c-8a80-fe57244a45bb,15460,UPI,VERIFIED,RCP2026090297259,,,,,2026-09-17 03:38:00+00,2026-09-17 03:38:00+00,,t,436e458f-de75-45f4-acb6-eea767dbc813,2026-09-17 06:31:12.14968+00,2026-09-17 06:31:12.149684+00
c6916708-ef92-47ea-ace7-dafececb3f8d,e9453738-1372-4022-8688-2781cb6e130f,a13886ca-739b-47b4-a473-724e03f7332a,30220,CHEQUE,VERIFIED,RCP00000232,,,,,2026-03-30 16:16:00+00,2026-03-30 16:16:00+00,,t,4375ad5b-8e75-47ad-bb4a-e8419548aa1a,2026-08-27 11:28:07.698017+00,2026-09-02 15:27:19.322365+00
36ce7c7b-b3e1-46f2-8ad1-75f73879c325,e09f1cb6-f366-492c-8320-3bf4cfcca338,2b6de8aa-0976-4be0-8a40-043ff86ffa54,1974.36,UPI,VERIFIED,TIQ-2026-1170493B,,,,,2026-09-01 12:17:53.324851+00,2026-09-01 12:17:53.324851+00,,f,43840c3f-eb7e-4a1d-bba6-b07e0cf80e51,2026-09-01 12:17:53.325655+00,2026-09-02 15:27:19.322365+00
a9f60804-09fd-4777-90a8-de972b4484fd,a2d46ce7-4719-489e-9cc2-6050dffe490d,a2e2555c-f597-43af-a77a-fe708f967218,4533.02,NEFT,VERIFIED,RCP2026090297294,,,,,2026-09-17 04:44:00+00,2026-09-17 04:44:00+00,,t,4416b5c0-57d2-4b24-ad61-99df6a5405d7,2026-09-17 06:31:12.535799+00,2026-09-17 06:31:12.535802+00
bc7bb043-9276-4e43-9e51-6c70ae80c57c,31352bf7-56a5-43c7-b3d5-7a120e24593f,c6ca60b7-2143-412b-887e-c30ae9cda031,37100,RTGS,VERIFIED,RCP2026090297499,,,,,2026-09-21 11:12:00+00,2026-09-21 11:12:00+00,,t,44499260-8a75-4e1f-820c-3524e0e7db35,2026-09-21 06:09:25.770201+00,2026-09-21 06:09:25.770205+00
bccbd26e-82b3-464c-a44f-2ff8b9130a63,2f6d65be-780c-416c-826c-f16967b11d5e,c37b6a5c-9d1c-46d4-8ece-dfce290dc74b,4174.47,UPI,VERIFIED,RCP2026090297232,,,,,2026-09-10 12:28:00+00,2026-09-10 12:28:00+00,,t,4454c47c-a23e-4885-a83e-fbfc32186083,2026-09-10 10:42:27.085218+00,2026-09-10 10:42:27.085221+00
092a09a3-05e0-453c-8a30-b30de6456cbf,d80e4d0b-79c4-43c1-a490-9fdfc37f346f,c37b6a5c-9d1c-46d4-8ece-dfce290dc74b,4695.8,UPI,VERIFIED,RCP2026090297279,,,,,2026-09-17 07:56:00+00,2026-09-17 07:56:00+00,,t,445a753a-af2e-421f-a440-4781f06fa010,2026-09-17 06:31:12.382499+00,2026-09-17 06:31:12.382502+00
45998f36-bca9-464c-8dce-a707c75f63dd,948b53c8-be20-44ed-a06a-512811de9b69,c2f2e0ce-5aeb-4ece-8325-2167edfe139e,2850,NEFT,VERIFIED,RCP2026090297257,,,,,2026-09-17 06:25:00+00,2026-09-17 06:25:00+00,,t,44d23b8d-ce2f-4d2e-9f87-b6df4dca77fe,2026-09-17 06:31:12.128541+00,2026-09-17 06:31:12.128545+00
9b929523-5e83-4d44-bc3c-bf621abee8df,1e3c3995-eee0-40fd-9fda-6d8638863940,2dfc73e0-dba9-4aa5-babf-d5141ded5497,1381.01,UPI,VERIFIED,RCP2026090297464,,,,,2026-09-18 11:09:00+00,2026-09-18 11:09:00+00,,t,44d421ff-c3be-40ee-b9f9-a2c692f05084,2026-09-18 06:37:22.809804+00,2026-09-18 06:37:22.809808+00
e6d120a1-64d7-43ac-97a6-2c5406b69d5a,b1dc1eb1-113b-40c4-b7ab-8b9bef5638cf,c2f2e0ce-5aeb-4ece-8325-2167edfe139e,17310,CHEQUE,VERIFIED,RCP00000333,,,,,2026-08-26 12:25:00+00,,,t,451c59c6-1b01-473e-995e-cf3e35d3ff8f,2026-08-27 11:28:22.933746+00,2026-09-02 15:27:19.322365+00
9f187eed-ad0e-401a-afb0-7d1b71fda30b,82a0f36b-1353-4639-b6be-1509e67d0ed5,2b6de8aa-0976-4be0-8a40-043ff86ffa54,9170,CHEQUE,VERIFIED,REC-20260902-87052,UPI-20260902-269037,,,,2026-09-02 09:40:00+00,,,f,45c0051c-c817-44aa-b98e-c78535e823d3,2026-09-02 07:19:28.990022+00,2026-09-02 15:27:19.322365+00
e0ac4089-241b-4178-a797-e760590597a1,b8731224-e7d1-4629-af03-41c00cc54108,a2e2555c-f597-43af-a77a-fe708f967218,9240,NEFT,VERIFIED,RCP00000023,,,,,2026-08-11 17:36:00+00,2026-08-11 17:36:00+00,,t,45f12ce8-42a7-410b-872a-c660ffbf30ae,2026-08-27 11:28:01.529466+00,2026-09-02 15:27:19.322365+00
ed421789-3122-419b-a2c1-a759c3f05654,998bc2fe-9955-4578-ba59-f4d0cda4fd02,8e59153e-dc8e-4efa-af65-1db304a6f3f1,8210.58,NEFT,VERIFIED,RCP00000005,,,,,2026-08-22 14:17:00+00,2026-08-23 14:17:00+00,,t,460a9b18-f57f-4aad-bfe9-68620b01f436,2026-08-27 11:28:01.015087+00,2026-09-02 15:27:19.322365+00
b4ac78d0-3925-40ec-a355-16c7b92aeaec,9cbdfe2a-1319-4883-b06f-6ecda4400887,1d5e58e8-954e-4d6c-b13c-6e6d614cb588,9994.55,CHEQUE,VERIFIED,REC-20260902-47846,UPI-20260902-751961,,,,2026-09-02 12:33:00+00,,,f,462b4632-4343-4e87-8178-9f8293c16ebe,2026-09-02 07:19:28.855561+00,2026-09-02 15:27:19.322365+00
74dd0cbb-1234-49ca-aa9f-3032483dc9c6,9f3c0f07-8439-4424-a1e0-aa96c60a7a32,5fbae4d6-59d1-4e6c-8a80-fe57244a45bb,45870,NEFT,VERIFIED,RCPT-DAY-0324,,,,,2026-08-27 15:19:00+00,2026-08-27 15:21:00+00,,f,469a68d3-037e-454c-bad9-c35ed517ccea,2026-08-27 11:28:10.603359+00,2026-09-02 15:27:19.322365+00
06fc8a44-7257-468a-a276-941ab46266be,388f26ea-5907-49f1-8c97-ed4bd6a8a39e,4a182f53-a1a1-4f15-945a-6a56f4e04b64,9326.77,CHEQUE,VERIFIED,RCP2026090297339,,,,,2026-09-17 10:55:00+00,2026-09-17 10:55:00+00,,t,46a116ca-7ceb-4eac-9240-3e6b5a8cc137,2026-09-17 06:31:13.185676+00,2026-09-17 06:31:13.18568+00
698853f8-d649-4ede-8b01-d9e80b5f15c2,0b53fce9-a5ef-487d-98fe-e14d68aec014,1d5e58e8-954e-4d6c-b13c-6e6d614cb588,4940.58,CASH,VERIFIED,REC-20260901-31491,UPI-20260901-175071,,,,2026-09-01 09:45:00+00,,,f,46a85443-f867-4229-a596-ccb8d3f792da,2026-09-02 07:19:28.804977+00,2026-09-02 15:27:19.322365+00
1ffc2df9-89c4-4401-b47f-37f2e76d5cf1,8bf5e889-24f0-4002-bcc7-63947a26afa3,8e59153e-dc8e-4efa-af65-1db304a6f3f1,14573.31,RTGS,VERIFIED,RCP2026090297390,,,,,2026-09-18 11:15:00+00,2026-09-18 11:15:00+00,,t,46f3ddc3-5d53-422d-abc2-fe563df3238c,2026-09-18 06:37:21.734983+00,2026-09-18 06:37:21.734986+00
d0e4dca5-a091-4e5f-ab0c-2fc1540559dd,e6b317c7-2025-4057-a800-21802c4f30c6,3e9c4168-1de9-43e8-b9f2-fbf3f931949d,8330,CASH,VERIFIED,RCP00000136,,,,,2026-05-16 11:45:00+00,2026-05-17 11:45:00+00,,t,47296f37-21c6-409a-bd70-21eca0d9698c,2026-08-27 11:28:04.634597+00,2026-09-02 15:27:19.322365+00
0a313444-d014-4a6c-bfb5-f4b770c585b3,c381e4c9-e03b-4063-a751-4e98561d5155,8e59153e-dc8e-4efa-af65-1db304a6f3f1,8054.03,CASH,VERIFIED,REC-20260901-46032,UPI-20260901-668515,,,,2026-09-01 14:17:00+00,,,f,4782df24-0d1d-4b6c-9439-349d11ff132b,2026-09-02 07:19:29.618519+00,2026-09-02 15:27:19.322365+00
e4d46194-2b0e-4660-8eef-00dd32a4f522,86355f3e-7c57-4706-aa6e-e9ff93af51b7,3aa13103-bd03-4578-9292-44d88d58da00,3858.54,CASH,VERIFIED,REC-20260902-60092,UPI-20260902-594913,,,,2026-09-02 10:16:00+00,,,f,479ad67e-2978-426b-9818-f289508f961d,2026-09-02 07:19:28.740092+00,2026-09-02 15:27:19.322365+00
a961c4cb-299c-4776-89da-bacf7f957e06,510b12d1-7d1e-4f7f-8593-ebf32e9a9956,357e2e09-b637-468e-818b-57a5dce18e9c,1040.04,DD,VERIFIED,RCP00000162,,,,,2026-04-17 10:53:00+00,2026-04-17 10:53:00+00,,t,47b56db5-85fb-4214-aaa3-f214d36ce915,2026-08-27 11:28:05.670527+00,2026-09-02 15:27:19.322365+00
8ba8c641-fb20-49a5-a4aa-afaa93a0aa3b,170a8f02-6dcf-4ba0-86d2-57b9dd1d0aee,5fbae4d6-59d1-4e6c-8a80-fe57244a45bb,13620,CASH,VERIFIED,RCPT-DAY-0319,,,,,2026-08-27 08:40:00+00,2026-08-27 08:42:00+00,,f,47c937d8-09f1-4110-8658-61144aecfc39,2026-08-27 11:28:10.560126+00,2026-09-02 15:27:19.322365+00
bdccc693-4329-4648-bcee-c98457d9770d,885033f4-22d6-46bd-9e4a-667fc4743f9e,c2f2e0ce-5aeb-4ece-8325-2167edfe139e,19336.78,NEFT,VERIFIED,RCP00000115,,,,,2026-05-09 12:12:00+00,2026-05-10 12:12:00+00,,t,47f42b9f-968a-4d2e-b4df-199812b4d8e5,2026-08-27 11:28:04.330865+00,2026-09-02 15:27:19.322365+00
94f0cda2-110e-4b23-8669-2d48049891f1,a4ed8987-1a8b-43cf-bf66-abdb6a478053,c33350cc-f581-492e-807f-14262d56ebcb,10428.86,CASH,VERIFIED,RCP2026090297231,,,,,2026-09-10 13:04:00+00,2026-09-10 13:04:00+00,,t,4834769b-7b39-4e69-aa90-69ce129c4227,2026-09-10 10:42:27.060309+00,2026-09-10 10:42:27.060313+00
04af600c-adbf-4aef-9973-fc17ce684dbf,ff9df40c-af69-4b89-9aa3-7df11990fd9a,3e9c4168-1de9-43e8-b9f2-fbf3f931949d,279.92,UPI,VERIFIED,REC-20260902-75443,UPI-20260902-910906,,,,2026-09-02 15:27:00+00,,,f,4847f1a3-c4e0-47da-8c6c-51c0aa4ea38b,2026-09-02 07:19:30.009263+00,2026-09-02 15:27:19.322365+00
3ff85e97-29bd-4f1c-bf53-95d65a217064,cf1258f6-2909-4d1d-a904-13c886315d7d,8e59153e-dc8e-4efa-af65-1db304a6f3f1,2766.81,CASH,VERIFIED,REC-20260901-32103,UPI-20260901-574442,,,,2026-09-01 16:19:00+00,,,f,4867059b-a6ed-425f-ac85-38004854ca09,2026-09-02 07:19:29.635038+00,2026-09-02 15:27:19.322365+00
530787a8-46ff-4d60-9928-0c31cd48f9c9,69d0f629-a2ff-4fe7-a8c4-0017f7f88e48,e9dced65-f61b-4c24-bae7-d4170299ed46,2643.42,RTGS,VERIFIED,RCP00000063,,,,,2026-06-18 14:11:00+00,2026-06-18 14:11:00+00,,t,486e3999-4d65-4ca5-826a-b930aa11767f,2026-08-27 11:28:02.930919+00,2026-09-02 15:27:19.322365+00
2e30a1bb-a1ad-4543-a6ea-63768b0f306e,ddccbdf8-cfa6-451d-b21a-04b3dc552b1a,c6ca60b7-2143-412b-887e-c30ae9cda031,28920,UPI,VERIFIED,RCP2026090297380,,,,,2026-09-18 08:38:00+00,2026-09-18 08:38:00+00,,t,488e30e2-db05-4b5a-8910-31f572a81804,2026-09-18 06:37:21.614119+00,2026-09-18 06:37:21.614122+00
4f6ee7d6-ce14-4e3d-9d39-439cfb5dbe71,afd8cdb2-9a77-48fc-ab68-0362114b6e03,e9dced65-f61b-4c24-bae7-d4170299ed46,9043.38,RTGS,VERIFIED,RCP00000095,,,,,2026-05-20 14:27:00+00,2026-05-20 14:27:00+00,,t,4895ea5f-414b-445b-830e-98010825dfd2,2026-08-27 11:28:03.998504+00,2026-09-02 15:27:19.322365+00
a162b704-6a33-4df6-937d-52033ff4a5cb,63265905-c5f0-4cfe-932b-d5c159f758c6,3aa13103-bd03-4578-9292-44d88d58da00,29741.36,RTGS,VERIFIED,RCP00000042,,,,,2026-08-01 11:16:00+00,2026-08-02 11:16:00+00,,t,499ba890-ca08-4b2b-84a3-f91154e7cd95,2026-08-27 11:28:01.835404+00,2026-09-02 15:27:19.322365+00
fc79a74a-122a-47ac-abb0-46de96b74cdc,96efcdb0-eb22-4670-ad79-1e035f6e5613,1d5e58e8-954e-4d6c-b13c-6e6d614cb588,2456.2,CHEQUE,VERIFIED,RCP00000396,,,,,2026-08-26 17:44:00+00,,,t,49c0c00e-9564-4835-a112-351e1a085a90,2026-08-27 11:28:23.954558+00,2026-09-02 15:27:19.322365+00
4422fba0-b2b9-435f-a227-6a12a6eefc3e,c9c4f8b6-345a-4f8f-a6f2-0e9582f05d0e,3aa13103-bd03-4578-9292-44d88d58da00,15770,CASH,VERIFIED,RCP2026090297245,,,,,2026-09-17 06:38:00+00,2026-09-17 06:38:00+00,,t,4a2f0ccb-12ff-4d28-bf44-752fbec126bb,2026-09-17 06:31:11.98886+00,2026-09-17 06:31:11.988863+00
3898c8c6-bce0-4559-b646-e208974cdb18,4ff6d993-4f24-46dd-a601-b449e95a8c7b,1d5e58e8-954e-4d6c-b13c-6e6d614cb588,25490.82,NEFT,VERIFIED,RCPT-DAY-0388,,,,,2026-08-27 12:59:00+00,2026-08-27 13:01:00+00,,f,4aef53c8-3737-4940-a7b3-a1f8ab5f7ad0,2026-08-27 11:28:11.131304+00,2026-09-02 15:27:19.322365+00
07d7d245-c8ed-4aaa-b677-1a26887aa87c,536cd46f-0aa5-41a8-b90b-338ac486dab7,c6ca60b7-2143-412b-887e-c30ae9cda031,1915.96,NEFT,VERIFIED,RCP00000155,,,,,2026-05-26 18:39:00+00,2026-05-26 18:39:00+00,,t,4b5a2e24-51a9-45fb-8203-27f430d687f3,2026-08-27 11:28:04.899647+00,2026-09-02 15:27:19.322365+00
4a93d0b4-35ac-46e8-8ea3-6ba9b0afbc39,6ba5c6b7-ec10-4b99-a618-c58eff8b287d,c37b6a5c-9d1c-46d4-8ece-dfce290dc74b,3721.26,NEFT,VERIFIED,REC-20260901-66861,UPI-20260901-934660,,,,2026-09-01 09:15:00+00,,,f,4bb65b96-0e22-49d6-9c5c-9a5d55e9d8f4,2026-09-02 07:19:29.045094+00,2026-09-02 15:27:19.322365+00
6f8ba136-7d73-4439-b168-8b2d39db688e,c060d765-56c1-4f43-ab8b-fb3670e677ea,4a182f53-a1a1-4f15-945a-6a56f4e04b64,5959.3,NEFT,VERIFIED,RCP2026090297296,,,,,2026-09-17 08:21:00+00,2026-09-17 08:21:00+00,,t,4c41eeab-c698-49d1-b009-7a12deb75ce4,2026-09-17 06:31:12.555978+00,2026-09-17 06:31:12.555982+00
19ab1259-1a65-41b1-bb0b-683e3b2f0fd3,8244c439-dcdb-4a03-a332-1918e7e56270,c6ca60b7-2143-412b-887e-c30ae9cda031,16600,DD,VERIFIED,RCP00000373,,,,,2026-08-26 15:26:00+00,,,t,4c9c86a1-dc7b-4458-850a-23c8a150e591,2026-08-27 11:28:23.555768+00,2026-09-02 15:27:19.322365+00
7d70e38d-db1f-4c51-ab35-52d8d59a2df2,,a13886ca-739b-47b4-a473-724e03f7332a,6815.61,UPI,VERIFIED,RCP00000176,,,,,2026-04-18 14:52:00+00,2026-04-18 14:52:00+00,,t,4d10d683-af58-4c23-a6a9-402fe62be168,2026-08-27 11:28:05.882035+00,2026-09-02 15:27:19.322365+00
6d08c32d-ae6d-4acb-aca1-b48e3be8c64d,7813cdc5-0129-46ad-b28c-281b37984986,3e9c4168-1de9-43e8-b9f2-fbf3f931949d,53663.16,RTGS,VERIFIED,RCP00000365,,,,,2026-08-25 10:35:00+00,,,t,4d643eb2-8432-4f12-b693-0768b9ffd137,2026-08-27 11:28:23.471632+00,2026-09-02 15:27:19.322365+00
38b5a631-94e3-491d-b6b8-2e0a136989e6,a4f629ba-c606-4662-a065-8e2a0fedb9cc,c2f2e0ce-5aeb-4ece-8325-2167edfe139e,497.13,RTGS,VERIFIED,RCP00000221,,,,,2026-04-07 12:32:00+00,2026-04-07 12:32:00+00,,t,4e138e23-34da-43e9-906a-61d397f9c082,2026-08-27 11:28:07.496227+00,2026-09-02 15:27:19.322365+00
2d118c91-9a72-472f-ae95-ead74690cb06,ece5ae7a-fa7b-46d5-8b4e-0b9ec3d12584,8e59153e-dc8e-4efa-af65-1db304a6f3f1,46700,CHEQUE,VERIFIED,RCP2026090297511,,,,,2026-09-21 06:00:00+00,2026-09-21 06:00:00+00,,t,4ec3e8b5-c57c-4f59-a1dc-660e0cdad84e,2026-09-21 06:09:25.883382+00,2026-09-21 06:09:25.883386+00
adaf7d4e-1d31-43ac-98b5-3161a6cd7b92,,3aa13103-bd03-4578-9292-44d88d58da00,4499.49,NEFT,VERIFIED,RCP00000088,,,,,2026-06-15 11:30:00+00,2026-06-15 11:30:00+00,,t,4f0b52f3-5bbe-4227-986d-423e2cad2dc0,2026-08-27 11:28:03.510718+00,2026-09-02 15:27:19.322365+00
dc05b7d2-2d28-4755-93e9-6f66050c5217,514aa8e5-df9b-4fec-90c0-49e5d4443691,c2f2e0ce-5aeb-4ece-8325-2167edfe139e,107.82,UPI,VERIFIED,REC-20260902-17933,UPI-20260902-293554,,,,2026-09-02 13:18:00+00,,,f,4f1d7d92-3b4e-4e29-8534-5ffd8d18a72e,2026-09-02 07:19:29.875335+00,2026-09-02 15:27:19.322365+00
adaf7d4e-1d31-43ac-98b5-3161a6cd7b92,bfef0aa9-6172-4d2d-af3d-581d62a5a6d9,3aa13103-bd03-4578-9292-44d88d58da00,15170.51,NEFT,VERIFIED,RCP00000087,,,,,2026-06-15 14:27:00+00,2026-06-15 14:27:00+00,,t,4f3a6584-772c-4725-afb0-1ff8aff629bb,2026-08-27 11:28:03.505709+00,2026-09-02 15:27:19.322365+00
6a22de15-0fec-4967-9bda-1224814a439f,a2c0d3d7-5542-4b65-84a1-dca6c1e28091,a2e2555c-f597-43af-a77a-fe708f967218,467.21,UPI,VERIFIED,REC-20260902-39651,UPI-20260902-553368,,,,2026-09-02 13:35:00+00,,,f,4f59e432-591b-480b-86d3-3d70a4c51897,2026-09-02 07:19:29.345273+00,2026-09-02 15:27:19.322365+00
18b3d950-6ba8-43cf-a907-2e3f7135c64a,aee7b035-9c33-480d-a7f0-38acb50c9080,a13886ca-739b-47b4-a473-724e03f7332a,314.02,DD,VERIFIED,RCP00000406,,,,,2026-08-25 12:54:00+00,,,t,4fa0fa5a-65c6-40f1-9cc5-725b3eee2045,2026-08-27 11:28:24.114757+00,2026-09-02 15:27:19.322365+00
1b86f9e5-3e02-41bf-85e1-fd879a889e73,7e183e56-4ed0-488a-bbc1-ec1e6259c91d,a2e2555c-f597-43af-a77a-fe708f967218,12508.78,NEFT,VERIFIED,RCP2026090297308,,,,,2026-09-17 10:47:00+00,2026-09-17 10:47:00+00,,t,4fb6483f-45ec-4652-9904-93336ccb5b25,2026-09-17 06:31:12.667102+00,2026-09-17 06:31:12.667105+00
5a268e43-3d7e-4292-ac2e-fa3f83005655,7c21e6dc-e912-4f94-ab1b-486e4f524fc6,a2e2555c-f597-43af-a77a-fe708f967218,2020.75,UPI,VERIFIED,RCPT-DAY-0317,,,,,2026-08-27 15:53:00+00,2026-08-27 15:55:00+00,,f,4fb925fa-aae1-4d2a-8c4f-08d7f536e010,2026-08-27 11:28:10.546235+00,2026-09-02 15:27:19.322365+00
e2944314-a60a-4504-9072-027127c075b4,c8429d8f-dfd7-4b02-b1de-4ad8e2516cc1,a13886ca-739b-47b4-a473-724e03f7332a,7799.31,RTGS,VERIFIED,RCP00000402,,,,,2026-08-26 15:56:00+00,,,t,502c73af-3e9d-4b22-9e13-63818936d795,2026-08-27 11:28:24.078801+00,2026-09-02 15:27:19.322365+00
cb0abc92-1503-478e-8b3b-3786454b0976,9960042b-6c73-4103-91f8-05b6bb40c228,4a182f53-a1a1-4f15-945a-6a56f4e04b64,15368.85,CASH,VERIFIED,RCPT-DAY-0385,,,,,2026-08-27 16:59:00+00,2026-08-27 17:01:00+00,,f,5044ac80-31fd-4d4c-8204-ee80a6cbf164,2026-08-27 11:28:11.102041+00,2026-09-02 15:27:19.322365+00
32171089-f235-47ac-a469-f548f9a6648c,c47edbe0-e3f7-42d5-944f-defda4a56686,5fbae4d6-59d1-4e6c-8a80-fe57244a45bb,1909.97,DD,VERIFIED,RCP00000054,,,,,2026-08-03 15:36:00+00,2026-08-03 15:36:00+00,,t,50611277-d5a7-431a-9855-21b4cf80559e,2026-08-27 11:28:02.182335+00,2026-09-02 15:27:19.322365+00
b471bba1-d71a-4e92-b3a9-df72eecc22ee,62a1ba96-8182-4ed0-a1e5-afa179b026fd,4a182f53-a1a1-4f15-945a-6a56f4e04b64,10305.79,CHEQUE,VERIFIED,REC-20260901-30511,UPI-20260901-523124,,,,2026-09-01 16:32:00+00,,,f,5115abb0-8fc3-4fe4-b153-bb499caf1dad,2026-09-02 07:19:30.075109+00,2026-09-02 15:27:19.322365+00
16950419-bf0b-46d4-98a0-7ca6980b606a,d647df27-c9a4-477d-958d-b46ccdbd6428,3e9c4168-1de9-43e8-b9f2-fbf3f931949d,4252.89,CASH,VERIFIED,REC-20260901-67839,UPI-20260901-593206,,,,2026-09-01 12:23:00+00,,,f,516844bd-4bfa-4300-a177-6495b8215188,2026-09-02 07:19:29.910424+00,2026-09-02 15:27:19.322365+00
564838a5-5e72-4e81-bdcd-e96d18fd7365,5608ce6f-45a4-4cbd-8b9d-b3265ca0971a,8e59153e-dc8e-4efa-af65-1db304a6f3f1,4631.72,RTGS,VERIFIED,RCP2026090297540,,,,,2026-09-21 09:56:00+00,2026-09-21 09:56:00+00,,t,52157650-b14a-4bdb-874e-7d7009b30350,2026-09-21 06:09:26.173696+00,2026-09-21 06:09:26.1737+00
5b2cdbd7-5cba-4ff6-84c0-4653c18b82b3,daf21e43-140a-4e14-b2f9-edf2a90c880a,357e2e09-b637-468e-818b-57a5dce18e9c,10557.41,UPI,VERIFIED,RCP2026090297470,,,,,2026-09-18 11:03:00+00,2026-09-18 11:03:00+00,,t,5231012a-93f6-462d-aa6d-1ba452cc4c78,2026-09-18 06:37:22.910321+00,2026-09-18 06:37:22.910326+00
aec51496-5e60-4d0d-82cc-e74bc7dd32fb,385e8360-1262-4638-9c1c-120c87dacc42,cd9e6eca-028e-4c61-8e82-048327bc4476,1552.02,UPI,VERIFIED,RCPT-HIST-P01,,,,,2026-08-12 12:50:00+00,,,f,52471b57-18d3-4030-b75c-e0175b7e89b3,2026-08-27 11:28:09.662345+00,2026-09-02 15:27:19.322365+00
2ad60466-849b-40a8-a749-5d33e5d806a8,24c21443-6a82-4ad0-8126-c93de090db86,1d5e58e8-954e-4d6c-b13c-6e6d614cb588,18440,CASH,VERIFIED,RCPT-DAY-0390,,,,,2026-08-27 14:21:00+00,2026-08-27 14:23:00+00,,f,53047643-74f1-49fa-88fb-680cdf36f683,2026-08-27 11:28:11.145076+00,2026-09-02 15:27:19.322365+00
dd0aa156-1c6f-43eb-9f3d-82b10db23aa4,7e212ed6-25c6-4f52-912f-e25decd61714,a2e2555c-f597-43af-a77a-fe708f967218,56190,RTGS,VERIFIED,RCP00000211,,,,,2026-04-18 13:16:00+00,2026-04-19 13:16:00+00,,t,531d5387-013e-4f93-bf36-ca46d48e4d72,2026-08-27 11:28:06.503341+00,2026-09-02 15:27:19.322365+00
5716d861-5833-4350-b34c-909162feb767,284a07ec-60f6-49a0-a6fc-551b4b71e92a,4a182f53-a1a1-4f15-945a-6a56f4e04b64,6288.18,UPI,VERIFIED,RCP00000012,,,,,2026-08-15 16:52:00+00,2026-08-16 16:52:00+00,,t,5349ee09-7bdf-490b-945c-ef5c13ceada8,2026-08-27 11:28:01.142966+00,2026-09-02 15:27:19.322365+00
44965e61-1bcc-4667-a06c-db2573241888,116191cd-6226-4c07-b27c-3516c9a839d2,a2e2555c-f597-43af-a77a-fe708f967218,4814.07,RTGS,VERIFIED,RCP00000103,,,,,2026-05-29 09:50:00+00,2026-05-29 09:50:00+00,,t,535ae4fb-ef2d-483e-8d67-31ff2a705ddb,2026-08-27 11:28:04.177938+00,2026-09-02 15:27:19.322365+00
84cf0e65-84f0-4d57-bf8f-74dbb3e22d5e,37b5e2d3-f94d-402a-a267-1cba0ac58f0a,c2f2e0ce-5aeb-4ece-8325-2167edfe139e,19136.93,NEFT,VERIFIED,RCPT-DAY-0342,,,,,2026-08-27 16:16:00+00,2026-08-27 16:18:00+00,,f,536ecfad-f6b3-4683-a3dd-ca006e06d297,2026-08-27 11:28:10.775416+00,2026-09-02 15:27:19.322365+00
e9435aec-179a-4550-a85c-30fde78b8ec9,,a13886ca-739b-47b4-a473-724e03f7332a,11330,UPI,VERIFIED,RCP00000129,,,,,2026-06-01 12:44:00+00,2026-06-01 12:44:00+00,,t,53a0354c-8a78-4d05-b029-58707e0f197f,2026-08-27 11:28:04.549483+00,2026-09-02 15:27:19.322365+00
20ab749d-4aec-4b7f-99f9-61ad189fa4c4,e09066ef-eb4c-4c73-804b-b17da8e43d78,357e2e09-b637-468e-818b-57a5dce18e9c,440.32,CASH,VERIFIED,REC-20260902-10498,UPI-20260902-761102,,,,2026-09-02 11:28:00+00,,,f,53b844d0-6a84-46ff-a46e-cfbd2b8e07d4,2026-09-02 07:19:28.58495+00,2026-09-02 15:27:19.322365+00
7ca8c218-7e88-4ee8-b17a-f8748618f9e7,8b1e9db9-e677-4995-9fe4-306a7d8e83d0,cd9e6eca-028e-4c61-8e82-048327bc4476,13295.64,UPI,VERIFIED,REC-20260902-52163,UPI-20260902-663994,,,,2026-09-02 10:20:00+00,,,f,5416ede3-7e68-4040-a58c-e175ae3151ce,2026-09-02 07:19:29.216667+00,2026-09-02 15:27:19.322365+00
5f8f455a-f0fa-4510-972c-4f769e3ec36c,cbb4ad21-89ee-44f1-a857-994c48ccb5f4,2dfc73e0-dba9-4aa5-babf-d5141ded5497,5998.4,CHEQUE,VERIFIED,RCP00000186,,,,,2026-04-16 18:39:00+00,2026-04-16 18:39:00+00,,t,54902688-fa16-42b6-bf13-5bf6d6b478a0,2026-08-27 11:28:06.081679+00,2026-09-02 15:27:19.322365+00
40147f68-8a18-4627-a1ac-f2a2721ea63c,68cdba43-5ae1-4135-b8dc-accf88a9a37e,c2f2e0ce-5aeb-4ece-8325-2167edfe139e,14463.68,CASH,VERIFIED,RCPT-DAY-0335,,,,,2026-08-27 08:58:00+00,2026-08-27 09:00:00+00,,f,55531bda-5a02-4321-bb9e-e632e73dc157,2026-08-27 11:28:10.718573+00,2026-09-02 15:27:19.322365+00
09efe1d7-f0c8-49fc-8af9-a7a73a1ce323,a380f190-bf99-4618-a95c-3f344e9e37a0,c6ca60b7-2143-412b-887e-c30ae9cda031,4140.33,NEFT,VERIFIED,RCP2026090297395,,,,,2026-09-18 04:55:00+00,2026-09-18 04:55:00+00,,t,5572760c-683f-4e42-bf9d-ecd9fdb7cfb5,2026-09-18 06:37:21.79327+00,2026-09-18 06:37:21.793273+00
d681c8ce-8090-4fce-b6d5-6f16ba776d0b,5b1037dc-1c7c-4f68-bf5c-34062760af40,2b6de8aa-0976-4be0-8a40-043ff86ffa54,2790,CASH,VERIFIED,REC-20260901-17038,UPI-20260901-831544,,,,2026-09-01 10:26:00+00,,,f,55e520b1-44de-437e-b4af-90955bae48cf,2026-09-02 07:19:28.912862+00,2026-09-02 15:27:19.322365+00
41327fd8-83b0-44b6-91df-db6b2732543d,,b06cd5a3-f1c0-4cdb-b241-9ce2d6c5e791,2450.39,UPI,VERIFIED,RCP00000108,,,,,2026-05-26 16:48:00+00,2026-05-26 16:48:00+00,,t,55f1e8aa-6742-474d-8eb2-6db261a4a228,2026-08-27 11:28:04.241023+00,2026-09-02 15:27:19.322365+00
714085f0-81e2-490e-8294-4d997ffcf6e3,e774e886-9182-4fed-9215-25bae52112dc,8e59153e-dc8e-4efa-af65-1db304a6f3f1,35604.25,NEFT,VERIFIED,RCP00000199,,,,,2026-04-17 16:34:00+00,2026-04-17 16:34:00+00,,t,56c6ee5a-d986-4314-b5f8-b82c7f042040,2026-08-27 11:28:06.317039+00,2026-09-02 15:27:19.322365+00
fc40f146-0bfe-468e-b2a8-65b08be8ab39,,3aa13103-bd03-4578-9292-44d88d58da00,7580,NEFT,VERIFIED,RCP00000094,,,,,2026-05-12 11:45:00+00,2026-05-12 11:45:00+00,,t,5721395b-7a23-499e-b4c1-26292041de9f,2026-08-27 11:28:03.984036+00,2026-09-02 15:27:19.322365+00
21c73e2e-1511-48ec-a91d-720066f8a198,95e44bef-6afd-4cdf-915e-99bc74a932b7,c33350cc-f581-492e-807f-14262d56ebcb,7762.4,CASH,VERIFIED,RCP00000348,,,,,2026-08-26 11:48:00+00,,,t,57319f72-e2a9-4ef1-bd90-ae78437a1ade,2026-08-27 11:28:23.22095+00,2026-09-02 15:27:19.322365+00
8d49d305-1270-451b-ab35-2d28ce9c879c,9265c0a5-e11e-43e7-9802-ea87aeea8149,c37b6a5c-9d1c-46d4-8ece-dfce290dc74b,9073.39,RTGS,VERIFIED,RCP2026090297335,,,,,2026-09-17 08:51:00+00,2026-09-17 08:51:00+00,,t,5737747a-2df1-4c8a-97a6-99d3e842c72d,2026-09-17 06:31:13.126108+00,2026-09-17 06:31:13.126111+00
4d2af631-7807-4569-8292-b03b1f222a49,47d82057-aa9b-4720-b37b-9deca02f337e,3e9c4168-1de9-43e8-b9f2-fbf3f931949d,36235.19,CASH,VERIFIED,RCP2026090297375,,,,,2026-09-18 06:54:00+00,2026-09-18 06:54:00+00,,t,578f6751-4b3b-48b3-b01e-23eb51e8eed6,2026-09-18 06:37:21.55229+00,2026-09-18 06:37:21.552293+00
724c3ed9-c91d-452d-8b52-b8ab1de479b2,,2dfc73e0-dba9-4aa5-babf-d5141ded5497,21740,NEFT,VERIFIED,RCP00000150,,,,,2026-05-13 12:40:00+00,2026-05-13 12:40:00+00,,t,579a8a8a-9af5-44ae-9611-0f21eb4a2c32,2026-08-27 11:28:04.810713+00,2026-09-02 15:27:19.322365+00
91fc5b94-4e86-4042-9808-7dc124a121ad,446e8f5d-837a-4a20-8c33-56724e49fa78,a13886ca-739b-47b4-a473-724e03f7332a,4280,RTGS,VERIFIED,RCP00000401,,,,,2026-08-26 13:23:00+00,,,t,57cfa86c-e843-42d9-b28f-c80b25717188,2026-08-27 11:28:24.070975+00,2026-09-02 15:27:19.322365+00
f1a9ae9c-e76f-4576-a5f2-ba3e6eb257b5,d481b193-229a-4d97-917d-b551053d177f,4a182f53-a1a1-4f15-945a-6a56f4e04b64,9542.83,UPI,VERIFIED,RCP2026090297467,,,,,2026-09-18 08:03:00+00,2026-09-18 08:03:00+00,,t,57d56c49-434d-4bdc-b075-c443d0c429ab,2026-09-18 06:37:22.858686+00,2026-09-18 06:37:22.858689+00
499256e2-b77d-44f4-94fd-54dd69bedc72,fcb7bea7-4750-40ff-9025-6ec4fd3f76fe,c33350cc-f581-492e-807f-14262d56ebcb,1175.68,NEFT,VERIFIED,RCP00000352,,,,,2026-08-24 08:35:00+00,,,t,57d785d8-1a9f-4df5-bc3f-9a1deeb64105,2026-08-27 11:28:23.2777+00,2026-09-02 15:27:19.322365+00
b7923353-c297-4ccf-a19e-30bcb1bf3de3,dedf3edc-6e6c-4582-ac52-e39fda8f8073,c33350cc-f581-492e-807f-14262d56ebcb,36960,CASH,VERIFIED,RCP2026090297508,,,,,2026-09-21 07:02:00+00,2026-09-21 07:02:00+00,,t,58c36f93-b37d-4b7f-96fb-28d650ad249e,2026-09-21 06:09:25.855596+00,2026-09-21 06:09:25.8556+00
bf90e2f4-1b51-405a-a902-5921456472ea,ab41cf9b-2d00-4d8a-89af-57d1dd2b692e,b06cd5a3-f1c0-4cdb-b241-9ce2d6c5e791,2732.67,NEFT,VERIFIED,RCP00000415,,,,,2026-08-26 11:16:00+00,,,t,58dd3598-b3b5-4bf7-a890-4bf7c332fd04,2026-08-27 11:28:24.266522+00,2026-09-02 15:27:19.322365+00
c78b7fd5-3987-48bc-aaa7-d496b7edd83e,35b48b2f-b6bb-445d-b155-5e8a318a09e0,a13886ca-739b-47b4-a473-724e03f7332a,17060.64,NEFT,VERIFIED,RCP00000398,,,,,2026-08-26 08:39:00+00,,,t,58f08808-d089-451f-959d-e122d560f121,2026-08-27 11:28:24.050002+00,2026-09-02 15:27:19.322365+00
ef52c8f8-deca-4213-8129-7f49fcba2004,4d21443c-2392-4d0b-a9a6-60ae2af6cb05,c37b6a5c-9d1c-46d4-8ece-dfce290dc74b,37780,NEFT,VERIFIED,RCP2026090297368,,,,,2026-09-18 10:46:00+00,2026-09-18 10:46:00+00,,t,58fe06f9-0da6-4a60-80b9-f2c0d4af6d40,2026-09-18 06:37:21.4651+00,2026-09-18 06:37:21.465103+00
dbe64da2-e230-4c4a-a933-a8695d2066e3,a96c6abc-fdaa-448e-8291-326bccb1aba7,2dfc73e0-dba9-4aa5-babf-d5141ded5497,47080,NEFT,VERIFIED,RCP2026090297510,,,,,2026-09-21 06:00:00+00,2026-09-21 06:00:00+00,,t,5900d9fe-f790-42d6-bc3e-d17bfaa97312,2026-09-21 06:09:25.87427+00,2026-09-21 06:09:25.874274+00
5f8f455a-f0fa-4510-972c-4f769e3ec36c,2d32678f-75b9-4033-87b5-fcb6c27b711d,2dfc73e0-dba9-4aa5-babf-d5141ded5497,671.6,UPI,VERIFIED,RCPT-DAY-0333,,,,,2026-08-27 13:17:00+00,2026-08-27 13:19:00+00,,f,590bd73e-b905-4c65-9c2f-a3c6f4b71e32,2026-08-27 11:28:10.698471+00,2026-09-02 15:27:19.322365+00
ab5d1e55-44aa-4f54-b94e-55fcdf4bac01,3cf2ad83-4c4e-48bc-bfc5-a779b7a1d06d,c37b6a5c-9d1c-46d4-8ece-dfce290dc74b,56129.99,NEFT,VERIFIED,RCPT-DAY-0311,,,,,2026-08-27 14:24:00+00,2026-08-27 14:26:00+00,,f,596ba2b4-ec01-4fc3-961e-c7455d189c89,2026-08-27 11:28:10.490163+00,2026-09-02 15:27:19.322365+00
7ff1d5f4-a4c4-495a-9e14-23978ad7072d,b3e0176a-0ea0-4554-a76b-bc322a72955c,c33350cc-f581-492e-807f-14262d56ebcb,3184.23,CHEQUE,VERIFIED,RCP2026090297433,,,,,2026-09-18 05:31:00+00,2026-09-18 05:31:00+00,,t,59ce6cba-afd7-4871-8742-5ad62abe82f0,2026-09-18 06:37:22.262638+00,2026-09-18 06:37:22.262641+00
4925d180-0d94-49fd-80ab-22dbcb5475f5,54ef0061-ec06-4b37-b50c-9ce9c2cf18b8,c33350cc-f581-492e-807f-14262d56ebcb,5606.75,CASH,VERIFIED,RCPT-DAY-0352,,,,,2026-08-27 12:04:00+00,2026-08-27 12:06:00+00,,f,5a6a2eec-94ea-4418-be60-9507d4f7c253,2026-08-27 11:28:10.861051+00,2026-09-02 15:27:19.322365+00
d4e4c522-e626-48b5-8558-d84d8ae45747,87f755b0-e8cb-404c-bce3-09bac07203c8,cd9e6eca-028e-4c61-8e82-048327bc4476,17503.53,UPI,VERIFIED,RCPT-DAY-0307,,,,,2026-08-27 16:23:00+00,2026-08-27 16:25:00+00,,f,5a6ff248-f04f-4a41-bccf-d09dd94b4fa0,2026-08-27 11:28:10.445567+00,2026-09-02 15:27:19.322365+00
4d4b7559-839c-4d88-a795-cb04ebd25107,d5444de0-f33b-4bd9-9a6c-b86e6c9715b2,357e2e09-b637-468e-818b-57a5dce18e9c,30539.21,CASH,VERIFIED,RCP2026090297322,,,,,2026-09-17 06:12:00+00,2026-09-17 06:12:00+00,,t,5acd7b02-a244-4f35-ad18-e7560b758abd,2026-09-17 06:31:12.792354+00,2026-09-17 06:31:12.792358+00
2041c96a-9606-46f8-95ef-5fa5b59cce65,35e00d29-1f1f-423d-9afb-942f76252717,4a182f53-a1a1-4f15-945a-6a56f4e04b64,46060,UPI,VERIFIED,RCPT-DAY-0382,,,,,2026-08-27 10:23:00+00,2026-08-27 10:25:00+00,,f,5ad6fd72-f290-44da-8b16-607bedd9b03d,2026-08-27 11:28:11.076309+00,2026-09-02 15:27:19.322365+00
776b7f6d-ad1d-43a3-9b7b-8b59f9003813,c171221c-1139-4c16-bd44-4edac069ac08,357e2e09-b637-468e-818b-57a5dce18e9c,62487.99,RTGS,VERIFIED,RCP00000384,,,,,2026-08-25 15:05:00+00,,,t,5b828bf8-6025-46ef-a134-321c69a9af81,2026-08-27 11:28:23.703168+00,2026-09-02 15:27:19.322365+00
21059f5e-ab66-42bd-8e9f-7f69db8124ba,5ea2358f-b790-43ca-9811-39db892a3c9a,357e2e09-b637-468e-818b-57a5dce18e9c,2957.17,RTGS,VERIFIED,REC-20260902-49136,UPI-20260902-384413,,,,2026-09-02 12:12:00+00,,,f,5b930666-d7aa-46bb-8131-13601a927c63,2026-09-02 07:19:28.595154+00,2026-09-02 15:27:19.322365+00
2fc06593-4740-4714-bf33-b3e7b2620054,,c37b6a5c-9d1c-46d4-8ece-dfce290dc74b,51090,NEFT,VERIFIED,RCP00000260,,,,,2026-03-24 16:18:00+00,2026-03-24 16:18:00+00,,t,5b9b7081-5974-4c1b-9fd2-24dfbf84c52e,2026-08-27 11:28:08.153634+00,2026-09-02 15:27:19.322365+00
d08aa9f8-8150-4874-9038-95d58b359782,30adaf06-883b-4740-9eba-f5497e555236,a13886ca-739b-47b4-a473-724e03f7332a,1558.25,NEFT,VERIFIED,RCP00000405,,,,,2026-08-25 11:47:00+00,,,t,5beabf8c-dd7a-4221-a41e-29767a0684a6,2026-08-27 11:28:24.105767+00,2026-09-02 15:27:19.322365+00
0d00cfef-981e-4175-a757-5eb74c4bf90c,ae238002-e403-4bb0-8b7c-c11878eac58c,3e9c4168-1de9-43e8-b9f2-fbf3f931949d,54470,UPI,VERIFIED,RCP2026090297493,,,,,2026-09-21 11:26:00+00,2026-09-21 11:26:00+00,,t,5c7922f9-1f8e-4e81-91fa-3826a72b7dbe,2026-09-21 06:09:25.710106+00,2026-09-21 06:09:25.710109+00
7e5d5916-19dc-4987-871a-2fd3e308e2ad,ff202104-f494-447f-960b-db6120058dea,cd9e6eca-028e-4c61-8e82-048327bc4476,6330,CHEQUE,VERIFIED,RCP00000288,,,,,2026-08-25 09:53:00+00,,,t,5c7d55f5-b5ff-421f-9844-542f66297cf8,2026-08-27 11:28:21.90228+00,2026-09-02 15:27:19.322365+00
8e17b1ce-8791-4a5a-9665-0e63c6a71f6a,df1597d8-9b3c-4578-a052-e6ef0ca911dd,4a182f53-a1a1-4f15-945a-6a56f4e04b64,6071.01,UPI,VERIFIED,RCP00000070,,,,,2026-06-27 09:34:00+00,2026-06-27 09:34:00+00,,t,5ca42c8d-7792-4f95-add9-67bb0e2f56be,2026-08-27 11:28:03.103159+00,2026-09-02 15:27:19.322365+00
577f98bb-d705-4134-8393-a6f6934e1e4f,700dcb2b-77b7-427e-aaae-adf13733ea3f,357e2e09-b637-468e-818b-57a5dce18e9c,1470.46,DD,VERIFIED,RCP00000139,,,,,2026-05-27 13:23:00+00,2026-05-27 13:23:00+00,,t,5cd4ee84-77c0-45b5-b258-6d732022a237,2026-08-27 11:28:04.668974+00,2026-09-02 15:27:19.322365+00
8d3faa6e-13c3-4177-9659-1041524431d6,49fdedd5-2269-4e99-a207-2d12d5e03e19,2dfc73e0-dba9-4aa5-babf-d5141ded5497,18480,CASH,VERIFIED,RCPT-DAY-0332,,,,,2026-08-27 11:57:00+00,2026-08-27 11:59:00+00,,f,5d0a307c-7928-4861-95f0-5ad267f0274b,2026-08-27 11:28:10.68371+00,2026-09-02 15:27:19.322365+00
59c59b25-6240-408f-a173-60906d265833,e6c000b1-2fbc-4929-8a08-52e52f2ab2c8,4a182f53-a1a1-4f15-945a-6a56f4e04b64,4448.1,CHEQUE,VERIFIED,RCP2026090297318,,,,,2026-09-17 11:24:00+00,2026-09-17 11:24:00+00,,t,5d13068d-d70e-4d6c-8994-3121f4060c2e,2026-09-17 06:31:12.75918+00,2026-09-17 06:31:12.759182+00
93993985-c111-4838-9bc1-1f04f4d77303,829a2f98-68a2-4e8e-973b-344ba4a22c9d,2dfc73e0-dba9-4aa5-babf-d5141ded5497,15127.73,RTGS,VERIFIED,RCP2026090297460,,,,,2026-09-18 04:41:00+00,2026-09-18 04:41:00+00,,t,5d21c2c0-ca20-4f95-8c0f-6724116e9395,2026-09-18 06:37:22.742489+00,2026-09-18 06:37:22.742495+00
c92b5f6a-e1c3-4e58-b51f-629d0d1e2ce3,cbfee4ba-9bf2-4225-ac74-7f3992c114f5,cd9e6eca-028e-4c61-8e82-048327bc4476,6614.55,NEFT,VERIFIED,REC-20260901-61943,UPI-20260901-123881,,,,2026-09-01 10:31:00+00,,,f,5d3380bd-c6e8-4473-bc5e-2661027928f5,2026-09-02 07:19:29.155167+00,2026-09-02 15:27:19.322365+00
2177bcc9-fb49-4931-ac5d-617b3df17159,4b6d73ca-0506-4e2f-914e-948f1c6b90da,c6ca60b7-2143-412b-887e-c30ae9cda031,2978.93,NEFT,VERIFIED,RCP00000369,,,,,2026-08-26 10:40:00+00,,,t,5d3f3e92-3108-466a-b125-b6b2b061c1c0,2026-08-27 11:28:23.533899+00,2026-09-02 15:27:19.322365+00
3ff85e97-29bd-4f1c-bf53-95d65a217064,708623f3-be86-4884-96bf-078ff6f4fd64,357e2e09-b637-468e-818b-57a5dce18e9c,12233.19,RTGS,VERIFIED,RCP00000378,,,,,2026-08-26 08:15:00+00,,,t,5dd286dd-9974-4d91-8490-6827dbf77f72,2026-08-27 11:28:23.632321+00,2026-09-02 15:27:19.322365+00
72bdd4c1-d2b7-453e-8b18-44d4e38a3efa,19c4e1a0-bab8-49df-99e6-c723198d5300,cd9e6eca-028e-4c61-8e82-048327bc4476,795.85,RTGS,VERIFIED,RCP00000185,,,,,2026-04-23 13:59:00+00,2026-04-23 13:59:00+00,,t,5e3b1d42-7105-4989-98ba-cab3f8c69a25,2026-08-27 11:28:06.038454+00,2026-09-02 15:27:19.322365+00
b58eccf9-05a2-4eee-a9bf-3b289f549297,b8e0a103-cb96-4f07-b8b7-032e4bf7b5f0,cd9e6eca-028e-4c61-8e82-048327bc4476,9360,CASH,VERIFIED,RCP2026090297242,,,,,2026-09-17 07:00:00+00,2026-09-17 07:00:00+00,,t,5e78404d-37be-4195-99ff-603f2bdaa4c3,2026-09-17 06:31:11.954994+00,2026-09-17 06:31:11.954998+00
8a36f96b-19d3-4e6f-a1c5-9c0c4a4f3dd4,9e690aaf-34dd-4887-8f79-0671756ad273,c37b6a5c-9d1c-46d4-8ece-dfce290dc74b,31480.78,NEFT,VERIFIED,RCPT-DAY-0308,,,,,2026-08-27 08:58:00+00,2026-08-27 09:00:00+00,,f,5e8eed0f-403c-4a97-ad0b-9a0be0f9b4b0,2026-08-27 11:28:10.450846+00,2026-09-02 15:27:19.322365+00
19995051-c48f-46a0-a78d-a83be0d4ed07,a4dc94bd-cfac-40c7-a765-841a524aa159,c2f2e0ce-5aeb-4ece-8325-2167edfe139e,425.35,CHEQUE,VERIFIED,RCP00000339,,,,,2026-08-25 09:46:00+00,,,t,5ea2d66b-bad6-466b-9744-6b16101be777,2026-08-27 11:28:23.005512+00,2026-09-02 15:27:19.322365+00
05568278-e64e-4408-9875-2190a42ba943,,3aa13103-bd03-4578-9292-44d88d58da00,8590,NEFT,VERIFIED,RCP00000112,,,,,2026-06-04 14:39:00+00,2026-06-04 14:39:00+00,,t,5f88ef18-50a1-458f-8695-d3b9c6425213,2026-08-27 11:28:04.297638+00,2026-09-02 15:27:19.322365+00
b65c242c-7f7c-4374-a2c0-abba634f337a,eb0ea22f-f6c1-407a-887e-a9701b9eea05,cd9e6eca-028e-4c61-8e82-048327bc4476,32230,CHEQUE,VERIFIED,RCP2026090297505,,,,,2026-09-21 03:45:00+00,2026-09-21 03:45:00+00,,t,5fe12532-881b-4deb-9f6e-001f1d3a13f9,2026-09-21 06:09:25.82558+00,2026-09-21 06:09:25.825583+00
e3f86e57-454d-41e4-9c11-f64a8f17ca59,abae8999-179c-484a-a49a-2975c422f317,5fbae4d6-59d1-4e6c-8a80-fe57244a45bb,7240,NEFT,VERIFIED,RCP2026090297250,,,,,2026-09-17 04:27:00+00,2026-09-17 04:27:00+00,,t,60121db6-ddca-45ce-9e5b-68385d9abb81,2026-09-17 06:31:12.047201+00,2026-09-17 06:31:12.047204+00
8d1d0ca6-981d-461a-92f2-c4f81f8ca8e0,abd71a51-a189-4f34-aae0-0785cedc32e3,8e59153e-dc8e-4efa-af65-1db304a6f3f1,48699.76,RTGS,VERIFIED,RCP00000319,,,,,2026-08-26 15:46:00+00,,,t,6036e3ca-4a50-44d6-9602-64a35025ffbd,2026-08-27 11:28:22.529997+00,2026-09-02 15:27:19.322365+00
faae3a17-a2cc-40b0-b189-e7a98d8d1adb,609f9eb8-687f-49d9-9b9e-a964d0b1948f,3e9c4168-1de9-43e8-b9f2-fbf3f931949d,49119.37,NEFT,VERIFIED,RCPT-DAY-0363,,,,,2026-08-27 08:25:00+00,2026-08-27 08:27:00+00,,f,607b52fc-32a1-44d2-b0db-22ee842ac6c8,2026-08-27 11:28:10.946077+00,2026-09-02 15:27:19.322365+00
40d91150-df8b-4994-886b-47b3c907138a,0a99c48a-8701-4c12-a1ff-36b26d470527,2dfc73e0-dba9-4aa5-babf-d5141ded5497,535.72,CASH,VERIFIED,REC-20260901-34871,UPI-20260901-512159,,,,2026-09-01 09:29:00+00,,,f,609e23e3-da48-4d16-a0d4-da055dd45cb7,2026-09-02 07:19:28.425105+00,2026-09-02 15:27:19.322365+00
1cd98bf4-461d-464a-b46b-e31f42261d3b,a4e4c9fe-2b4a-44a0-9420-457392815641,2b6de8aa-0976-4be0-8a40-043ff86ffa54,23485.55,DD,VERIFIED,RCP00000297,,,,,2026-08-24 08:24:00+00,,,t,60cd48f1-3b8d-4101-b747-55f3a14f72a6,2026-08-27 11:28:22.07228+00,2026-09-02 15:27:19.322365+00
c066956e-1c3c-4e98-9da7-9d9410edf3e7,96c30732-62c1-4498-9b0c-941a773b9a95,a2e2555c-f597-43af-a77a-fe708f967218,3730,UPI,VERIFIED,REC-20260902-48088,UPI-20260902-124799,,,,2026-09-02 12:28:00+00,,,f,60e66ddd-15bd-4299-b286-cf56f191f0eb,2026-09-02 07:19:29.345273+00,2026-09-02 15:27:19.322365+00
8bf80df2-c17e-4c73-9eb3-be0abeb52885,4fc91ac8-06d9-4e30-8c0f-9de4055614d1,c6ca60b7-2143-412b-887e-c30ae9cda031,6302.66,NEFT,VERIFIED,RCP2026090297234,,,,,2026-09-10 15:33:00+00,2026-09-10 15:33:00+00,,t,610e93c9-d3e4-4850-962e-03b2dd75d76f,2026-09-10 10:42:27.131688+00,2026-09-10 10:42:27.131691+00
a76b37d9-6fce-465e-9853-677cb0915d5e,123305ad-5f8d-4d38-8fa8-39d77384e678,357e2e09-b637-468e-818b-57a5dce18e9c,1657.28,UPI,VERIFIED,RCP2026090297328,,,,,2026-09-17 05:45:00+00,2026-09-17 05:45:00+00,,t,6127f3ef-b6e8-426a-90c5-2e0b79c2d415,2026-09-17 06:31:13.011449+00,2026-09-17 06:31:13.011454+00
740e8351-618f-4398-ba96-0384cffbf434,a8911734-3304-4a45-9542-5345fd9dadd6,c37b6a5c-9d1c-46d4-8ece-dfce290dc74b,7437.71,CHEQUE,VERIFIED,RCP2026090297538,,,,,2026-09-21 06:18:00+00,2026-09-21 06:18:00+00,,t,61c17e38-6933-4d7a-8257-a6b994c82b44,2026-09-21 06:09:26.152106+00,2026-09-21 06:09:26.15211+00
8676404a-7c84-4b36-bc00-746798ca4f94,55e5310a-dc06-42ec-b7e9-c6897015f131,8e59153e-dc8e-4efa-af65-1db304a6f3f1,29420,CASH,VERIFIED,RCP2026090297364,,,,,2026-09-18 09:40:00+00,2026-09-18 09:40:00+00,,t,61cbd671-2d38-4f50-b8f7-67dad3b1d98c,2026-09-18 06:37:21.41252+00,2026-09-18 06:37:21.412523+00
cb5f9f1a-b16e-4d75-a1ec-18161b6abd9f,1462242e-af71-4eca-868c-dfe553eb7023,3aa13103-bd03-4578-9292-44d88d58da00,8629.49,CASH,VERIFIED,RCP2026090297471,,,,,2026-09-18 06:56:00+00,2026-09-18 06:56:00+00,,t,620e8199-f236-4d40-a311-3ac4c28d15a7,2026-09-18 06:37:22.927937+00,2026-09-18 06:37:22.927941+00
e0d8b9d7-68fd-41a9-886b-88918fef181f,8902b3d7-e767-45c5-b083-a6be53dc9018,4a182f53-a1a1-4f15-945a-6a56f4e04b64,2992.98,UPI,VERIFIED,RCP2026090297561,,,,,2026-09-21 06:06:00+00,2026-09-21 06:06:00+00,,t,624fe9b8-a30b-480c-8d75-d7a90483db68,2026-09-21 06:09:26.375142+00,2026-09-21 06:09:26.375148+00
2c4fa512-92ac-4acb-ac71-6fb8285beebb,d672270e-4e98-4e25-87e4-b05f7e051695,3e9c4168-1de9-43e8-b9f2-fbf3f931949d,27792.16,CHEQUE,VERIFIED,RCP2026090297381,,,,,2026-09-18 07:49:00+00,2026-09-18 07:49:00+00,,t,62502c0c-9997-4d7d-bd46-43a13689672f,2026-09-18 06:37:21.625171+00,2026-09-18 06:37:21.625175+00
7299b004-4631-41c9-b7ed-a0731f95db4b,f359a093-6277-4c6a-a649-8f1d99b2677d,3e9c4168-1de9-43e8-b9f2-fbf3f931949d,9989.95,RTGS,VERIFIED,RCP00000364,,,,,2026-08-25 08:42:00+00,,,t,627c3f2e-a94d-410e-b7d2-9f9902cf90f5,2026-08-27 11:28:23.463509+00,2026-09-02 15:27:19.322365+00
50a0f4e1-2632-46b7-a11c-6a46537efab1,6c962955-e878-4292-8fdf-2ad45442c9ba,3aa13103-bd03-4578-9292-44d88d58da00,5448.59,RTGS,VERIFIED,REC-20260902-96486,UPI-20260902-364528,,,,2026-09-02 09:18:00+00,,,f,63484f1e-e921-4056-ad99-64d208d13477,2026-09-02 07:19:28.725227+00,2026-09-02 15:27:19.322365+00
1b152f4d-7a21-461c-a5b2-5bf1726bed39,2b6430a0-3eb8-4fd4-a06b-d86d3fd82c32,c6ca60b7-2143-412b-887e-c30ae9cda031,19655.01,DD,VERIFIED,RCP00000372,,,,,2026-08-26 13:17:00+00,,,t,6412d719-2cd5-4df0-8063-05467db7b7dc,2026-08-27 11:28:23.547857+00,2026-09-02 15:27:19.322365+00
66023087-8bde-4b8f-a924-ae8e512c2178,,c33350cc-f581-492e-807f-14262d56ebcb,1446.66,UPI,VERIFIED,RCP00000092,,,,,2026-06-26 13:29:00+00,2026-06-26 13:29:00+00,,t,6439cf2d-3d9a-4816-b7e7-f70168dfc5cb,2026-08-27 11:28:03.531644+00,2026-09-02 15:27:19.322365+00
a1f3d27d-22a6-4e71-bd40-e869083d9d8d,44a06cef-6ed3-4efd-a8d2-af72ed41487a,3aa13103-bd03-4578-9292-44d88d58da00,588.86,NEFT,VERIFIED,REC-20260902-30423,UPI-20260902-636266,,,,2026-09-02 14:36:00+00,,,f,64737313-087f-4b99-94fc-16d99584f2d7,2026-09-02 07:19:28.773261+00,2026-09-02 15:27:19.322365+00
f7fc3f1d-ee12-422e-a805-0998744ab2e5,35f09795-24f3-47fd-8ec4-bd9e11f28d4e,2dfc73e0-dba9-4aa5-babf-d5141ded5497,18972.49,NEFT,VERIFIED,RCP2026090297359,,,,,2026-09-17 07:40:00+00,2026-09-17 07:40:00+00,,t,65264882-98ce-4243-b229-060b7cfa2ea3,2026-09-17 06:31:13.495056+00,2026-09-17 06:31:13.49506+00
a83eee23-11f3-43ba-b2ad-20208abb9199,d0293ffb-f472-4e5a-be8f-6de584509d04,a2e2555c-f597-43af-a77a-fe708f967218,25880,CHEQUE,VERIFIED,RCP2026090297516,,,,,2026-09-21 09:59:00+00,2026-09-21 09:59:00+00,,t,653821d8-1e29-4b2e-860e-b74554881f6e,2026-09-21 06:09:25.930123+00,2026-09-21 06:09:25.930126+00
e464ec2c-fb93-4517-b0d2-d52f4401678e,5df0b2c8-adda-45f7-8daa-b3f6fc5a5dcb,3aa13103-bd03-4578-9292-44d88d58da00,6322.92,UPI,VERIFIED,RCPT-DAY-0347,,,,,2026-08-27 12:46:00+00,2026-08-27 12:48:00+00,,f,658fd39c-91a1-4aad-a4be-354cc32094c4,2026-08-27 11:28:10.813589+00,2026-09-02 15:27:19.322365+00
98f1c837-d8a1-4225-9406-d3ed7591bc06,724d455a-b507-4a27-a397-3da6cf837c88,e9dced65-f61b-4c24-bae7-d4170299ed46,15670,CASH,VERIFIED,RCP2026090297243,,,,,2026-09-17 04:18:00+00,2026-09-17 04:18:00+00,,t,65cdb190-ba13-4642-a0d3-cef4ac8ce127,2026-09-17 06:31:11.966556+00,2026-09-17 06:31:11.966559+00
9b6a6612-0467-4542-8742-767cc7d146ab,ddcf534a-9f5d-48d0-906f-8543cc86ee37,4a182f53-a1a1-4f15-945a-6a56f4e04b64,26300,CASH,VERIFIED,RCP00000233,,,,,2026-03-18 11:08:00+00,2026-03-18 11:08:00+00,,t,665e93bf-bb48-4a3c-97d2-e1479d63e9ae,2026-08-27 11:28:07.71039+00,2026-09-02 15:27:19.322365+00
5b5d3f98-2180-4865-ab2d-6be53e6be2a9,ef99309f-ac38-45b4-bedc-7843ca14475b,3aa13103-bd03-4578-9292-44d88d58da00,29075.58,UPI,VERIFIED,RCP00000258,,,,,2026-03-16 18:59:00+00,2026-03-16 18:59:00+00,,t,66bfd520-3a9b-413d-b9db-4305b9a2ffe1,2026-08-27 11:28:08.128053+00,2026-09-02 15:27:19.322365+00
577f98bb-d705-4134-8393-a6f6934e1e4f,e5752e6a-8292-4bf3-bfc0-3881d6a1585a,357e2e09-b637-468e-818b-57a5dce18e9c,29.54,NEFT,VERIFIED,RCP00000385,,,,,2026-08-25 15:21:00+00,,,t,66f12058-695f-4ef8-8ca4-b946b5cae003,2026-08-27 11:28:23.708333+00,2026-09-02 15:27:19.322365+00
665d80b4-5571-4293-8947-e8ac5a92d539,9b6fb0ed-29c6-44f7-82b5-87a00defdabf,2b6de8aa-0976-4be0-8a40-043ff86ffa54,15867.71,RTGS,VERIFIED,RCP2026090297271,,,,,2026-09-17 10:11:00+00,2026-09-17 10:11:00+00,,t,66f40249-3e70-4198-b972-00e88f476a3e,2026-09-17 06:31:12.292074+00,2026-09-17 06:31:12.292078+00
f9e52765-4052-431b-96b8-5e8f9046e2cc,c2ea233c-f3b9-477a-bedf-6613306ad2a7,4a182f53-a1a1-4f15-945a-6a56f4e04b64,51051.64,DD,VERIFIED,RCP00000130,,,,,2026-05-08 09:17:00+00,2026-05-08 09:17:00+00,,t,6701c6a2-073c-40a3-bfdd-31b28f57672c,2026-08-27 11:28:04.563483+00,2026-09-02 15:27:19.322365+00
31286e1e-a18d-4955-8905-2717afcd7ef1,0dd4552c-80f6-4f5a-bcfd-31789aa62713,a2e2555c-f597-43af-a77a-fe708f967218,11960,CASH,VERIFIED,RCP2026090297258,,,,,2026-09-17 06:50:00+00,2026-09-17 06:50:00+00,,t,67150152-bf88-498f-a8bf-44907f0cb728,2026-09-17 06:31:12.139166+00,2026-09-17 06:31:12.139169+00
7b1212df-d523-48b3-8394-e43dd312bc9d,b8ab3b51-0cc3-4153-99bf-f321948b546f,3e9c4168-1de9-43e8-b9f2-fbf3f931949d,49610,RTGS,VERIFIED,RCP2026090297509,,,,,2026-09-21 08:48:00+00,2026-09-21 08:48:00+00,,t,674ac955-01e0-497d-bce3-8d440eab97a7,2026-09-21 06:09:25.864941+00,2026-09-21 06:09:25.864944+00
3d6aefac-5b91-482c-b033-e11f15822263,9f2e57ca-217b-410f-a7d1-05d309d54e5e,b06cd5a3-f1c0-4cdb-b241-9ce2d6c5e791,26730,DD,VERIFIED,RCP00000020,,,,,2026-07-11 17:18:00+00,2026-07-12 17:18:00+00,,t,677f3cb7-c0ef-46e3-9f29-7e0a015927ec,2026-08-27 11:28:01.446652+00,2026-09-02 15:27:19.322365+00
d47d58ea-da4a-47e7-9077-7da63163d97e,1f9b7093-1b0c-4f6e-9288-502f39cedf6e,3e9c4168-1de9-43e8-b9f2-fbf3f931949d,9785.22,RTGS,VERIFIED,RCP2026090297396,,,,,2026-09-18 08:42:00+00,2026-09-18 08:42:00+00,,t,679296a0-00ce-421c-9fc3-737419afe450,2026-09-18 06:37:21.805889+00,2026-09-18 06:37:21.805893+00
7ffe8337-d842-40bf-86a1-ec35033c945c,02c672dd-e618-45a0-83b3-799786a49ee9,8e59153e-dc8e-4efa-af65-1db304a6f3f1,14671.03,CASH,VERIFIED,RCP2026090297306,,,,,2026-09-17 03:40:00+00,2026-09-17 03:40:00+00,,t,679a522c-0446-41aa-b3bf-e0f58f7ec8c2,2026-09-17 06:31:12.649986+00,2026-09-17 06:31:12.649989+00
34a83a97-bdaa-4b85-81c3-980fba9da7b3,85173ac0-677e-4826-b539-bf9017824915,8e59153e-dc8e-4efa-af65-1db304a6f3f1,3779.83,CASH,VERIFIED,RCPT-DAY-0328,,,,,2026-08-27 13:21:00+00,2026-08-27 13:23:00+00,,f,67a403b2-efd7-494f-81ce-1edce0343806,2026-08-27 11:28:10.648273+00,2026-09-02 15:27:19.322365+00
bf42e209-ca15-4b80-8cb6-677c2eac83bd,,c6ca60b7-2143-412b-887e-c30ae9cda031,11540,NEFT,VERIFIED,RCP00000003,,,,,2026-08-10 11:06:00+00,2026-08-10 11:06:00+00,,t,67af2d7c-9a2f-4659-b7c0-f611a52f996e,2026-08-27 11:28:00.931507+00,2026-09-02 15:27:19.322365+00
972a7acd-08d1-43e9-a889-cc08ca6ad27d,fa5ab12e-ac9a-4b44-9290-5c1370b79c2b,c6ca60b7-2143-412b-887e-c30ae9cda031,678.19,UPI,VERIFIED,RCPT-DAY-0370,,,,,2026-08-27 12:48:00+00,2026-08-27 12:50:00+00,,f,67d98f76-723d-4eb9-8d64-4f4a2e98af9e,2026-08-27 11:28:10.995939+00,2026-09-02 15:27:19.322365+00
ec73065d-e2ca-4ff7-adba-59d8bf842ef5,,a2e2555c-f597-43af-a77a-fe708f967218,9970,UPI,VERIFIED,RCP00000017,,,,,2026-08-06 10:33:00+00,2026-08-06 10:33:00+00,,t,68269c5f-2cab-46ce-bf06-2a8bbbe231a9,2026-08-27 11:28:01.398798+00,2026-09-02 15:27:19.322365+00
c2fcb94b-c282-41a1-b640-40d865fb9609,5c1d3bbe-3aa4-4b05-9e23-5070d5696fca,e9dced65-f61b-4c24-bae7-d4170299ed46,13850,CASH,VERIFIED,REC-20260901-74777,UPI-20260901-457307,,,,2026-09-01 10:42:00+00,,,f,6833bca5-9b1d-4185-9601-8d6b5b5f0b86,2026-09-02 07:19:29.491659+00,2026-09-02 15:27:19.322365+00
1476da6b-1d90-4c4f-924a-d10101c5ce96,c3c329a0-d848-4159-9f17-fe04efc923ee,c2f2e0ce-5aeb-4ece-8325-2167edfe139e,48960,CHEQUE,VERIFIED,RCP2026090297502,,,,,2026-09-21 07:37:00+00,2026-09-21 07:37:00+00,,t,685cbaef-73e6-4ff9-a5f5-43fc1007a556,2026-09-21 06:09:25.798004+00,2026-09-21 06:09:25.798008+00
733ec455-55c4-4cfb-b5eb-7ba264774c02,c27c9349-1733-4acb-b661-e504f89a7886,3aa13103-bd03-4578-9292-44d88d58da00,25359.69,NEFT,VERIFIED,RCP00000032,,,,,2026-07-23 15:20:00+00,2026-07-23 15:20:00+00,,t,68dc70be-ef65-4bcb-84c9-2262a3157a47,2026-08-27 11:28:01.707194+00,2026-09-02 15:27:19.322365+00
ac3b168c-a835-406d-a7c0-133833186e2b,403c1b49-38c8-4907-a4ca-8f2bcd61166a,c33350cc-f581-492e-807f-14262d56ebcb,25150,CHEQUE,VERIFIED,REC-20260901-14986,UPI-20260901-156609,,,,2026-09-01 12:30:00+00,,,f,692efc06-14c5-4b6a-b39a-9f9229db5c79,2026-09-02 07:19:29.387618+00,2026-09-02 15:27:19.322365+00
d781f855-2d18-4461-b9bc-3a7d05dbdc9c,,2b6de8aa-0976-4be0-8a40-043ff86ffa54,25000,UPI,VERIFIED,RCP00000279,,,,,2026-08-24 13:35:00+00,2026-08-24 13:35:00+00,,t,694c1b48-31d8-44b5-bff9-e71321e416f3,2026-08-27 11:28:21.777812+00,2026-09-02 15:27:19.322365+00
38b5a631-94e3-491d-b6b8-2e0a136989e6,b0b544e0-0e9a-4058-8510-249f3391ee83,2dfc73e0-dba9-4aa5-babf-d5141ded5497,5502.87,RTGS,VERIFIED,RCP00000220,,,,,2026-04-04 14:12:00+00,2026-04-05 14:12:00+00,,t,6a1963a3-461b-44f3-a2a8-5d2cb69e01df,2026-08-27 11:28:07.489237+00,2026-09-02 15:27:19.322365+00
b586d7d7-f387-4601-a35b-004b927e52ad,c656fb17-6787-484e-ac30-64c24d1160cb,3aa13103-bd03-4578-9292-44d88d58da00,18066.27,CASH,VERIFIED,RCP2026090297337,,,,,2026-09-17 05:14:00+00,2026-09-17 05:14:00+00,,t,6ae3284a-e6ef-49ce-a9aa-9e20045646a3,2026-09-17 06:31:13.154655+00,2026-09-17 06:31:13.154659+00
209ada90-3341-4870-a460-21158956474b,5c2e5919-46ee-4488-8d26-124e96a74d93,2dfc73e0-dba9-4aa5-babf-d5141ded5497,39239.15,DD,VERIFIED,RCP00000322,,,,,2026-08-26 11:15:00+00,,,t,6b36cfc5-4f82-4814-a2dd-269c7d32923e,2026-08-27 11:28:22.652633+00,2026-09-02 15:27:19.322365+00
58d84a6d-0aaf-47a2-bd89-8902658beaa9,16e597da-aedc-4382-b6b9-aca8ced9ca75,cd9e6eca-028e-4c61-8e82-048327bc4476,6946.1,CASH,VERIFIED,RCP2026090297526,,,,,2026-09-21 08:23:00+00,2026-09-21 08:23:00+00,,t,6b6338c6-f2b2-43c7-97f6-341843a2e3b1,2026-09-21 06:09:26.037044+00,2026-09-21 06:09:26.037047+00
707e39ac-161d-4c00-8816-e1b2db4970e9,a22e9879-53b8-4724-aaf3-1488bbe00155,3aa13103-bd03-4578-9292-44d88d58da00,44805.05,RTGS,VERIFIED,RCP00000163,,,,,2026-05-04 13:45:00+00,2026-05-04 13:45:00+00,,t,6b73efeb-8b8b-493a-9e1a-43fd676669e8,2026-08-27 11:28:05.689824+00,2026-09-02 15:27:19.322365+00
c225c89c-2247-40a6-9d26-a44dc94f1a53,98f2b9f0-8cf4-4a4b-b30d-35b5aa9b0582,c6ca60b7-2143-412b-887e-c30ae9cda031,3890.52,CHEQUE,VERIFIED,REC-20260901-78444,UPI-20260901-492275,,,,2026-09-01 09:34:00+00,,,f,6ba75f25-7b65-4fbc-9b48-e895b3ff8c31,2026-09-02 07:19:30.564368+00,2026-09-02 15:27:19.322365+00
4ad428ab-76d5-4644-89cb-36543d6e1cde,ea7fb537-2f61-44ec-ae9f-ed8940af16ad,2dfc73e0-dba9-4aa5-babf-d5141ded5497,10464.13,RTGS,VERIFIED,RCP2026090297388,,,,,2026-09-18 04:12:00+00,2026-09-18 04:12:00+00,,t,6bd73a8c-0a3b-48cf-a591-9b071880d415,2026-09-18 06:37:21.709808+00,2026-09-18 06:37:21.709811+00
f90bc0ff-52c7-466e-8183-7c15bc337c2f,0b16712b-a5e8-4a92-afce-e2dfb016f504,2b6de8aa-0976-4be0-8a40-043ff86ffa54,10122.17,CASH,VERIFIED,RCP00000290,,,,,2026-08-26 12:47:00+00,,,t,6bee2738-fe22-403f-921e-991569535f4a,2026-08-27 11:28:21.992316+00,2026-09-02 15:27:19.322365+00
dff94c5f-74a8-4801-8781-aad04ce3f675,7d9d86d5-99dd-4c57-884b-b1231fcefeec,3e9c4168-1de9-43e8-b9f2-fbf3f931949d,17284.02,UPI,VERIFIED,RCP00000362,,,,,2026-08-26 15:20:00+00,,,t,6c300b4c-daea-4c52-b133-d52368fa6ef7,2026-08-27 11:28:23.44929+00,2026-09-02 15:27:19.322365+00
85cb7dd0-18c1-494d-85f6-25b742f821a0,02e4dfcb-b07e-42fb-b500-c689463307df,c2f2e0ce-5aeb-4ece-8325-2167edfe139e,552.75,NEFT,VERIFIED,RCP2026090297427,,,,,2026-09-18 09:00:00+00,2026-09-18 09:00:00+00,,t,6c48fee0-237c-4002-bfdf-c65274e85a30,2026-09-18 06:37:22.152307+00,2026-09-18 06:37:22.152311+00
da73b133-4ffb-473d-a1cf-faca95f0a318,a60dbab6-c8f0-4cf2-9a0a-c14c9a1762c9,2b6de8aa-0976-4be0-8a40-043ff86ffa54,5561.7,RTGS,VERIFIED,RCP2026090297550,,,,,2026-09-21 08:04:00+00,2026-09-21 08:04:00+00,,t,6cb35bd5-30f6-4754-aaf4-6b2d1f6780a9,2026-09-21 06:09:26.270517+00,2026-09-21 06:09:26.27052+00
7ae223e3-451b-4ff2-a8db-033357dc61c2,c7e6002d-7b50-49b6-a76b-185ddbafb0e1,3aa13103-bd03-4578-9292-44d88d58da00,30807.21,UPI,VERIFIED,RCP00000341,,,,,2026-08-26 12:21:00+00,,,t,6ccd8c25-ffa9-4131-a5f0-4f7ac6a26453,2026-08-27 11:28:23.082409+00,2026-09-02 15:27:19.322365+00
d0f3d701-d1e0-460e-a589-4653472a491b,e71de95a-005c-41da-a728-c9f3c2a4cfdf,357e2e09-b637-468e-818b-57a5dce18e9c,3228.97,UPI,VERIFIED,RCPT-DAY-0374,,,,,2026-08-27 09:26:00+00,2026-08-27 09:28:00+00,,f,6d0a3a44-4bd7-489d-9fb9-865d2a9570c8,2026-08-27 11:28:11.021369+00,2026-09-02 15:27:19.322365+00
abbcc397-4f17-466e-9ab9-cda86c3cb54c,88dc839f-beb0-4a76-8056-57f097ba4b43,c33350cc-f581-492e-807f-14262d56ebcb,13172.11,RTGS,VERIFIED,RCP00000349,,,,,2026-08-26 16:20:00+00,,,t,6d3bb2fd-f5a8-4222-83d2-0893dc340e53,2026-08-27 11:28:23.249705+00,2026-09-02 15:27:19.322365+00
bdeb6756-f0dd-4437-8ca2-0a6368f11396,,2b6de8aa-0976-4be0-8a40-043ff86ffa54,11820,UPI,VERIFIED,RCP00000217,,,,,2026-04-07 17:58:00+00,2026-04-07 17:58:00+00,,t,6da6f4b9-b5dc-46b5-8bb0-f2d5a84a58ef,2026-08-27 11:28:07.441106+00,2026-09-02 15:27:19.322365+00
707e39ac-161d-4c00-8816-e1b2db4970e9,7e6bb6c0-0430-4b81-886c-17c35ac67e0c,3aa13103-bd03-4578-9292-44d88d58da00,6528.87,NEFT,VERIFIED,RCPT-DAY-0346,,,,,2026-08-27 11:54:00+00,2026-08-27 11:56:00+00,,f,6dda4706-f64b-4513-864d-af70d51eaad6,2026-08-27 11:28:10.808042+00,2026-09-02 15:27:19.322365+00
89f8b248-8afd-4a94-beb6-49f6c3754d45,f43bbca3-6961-4687-8ff7-097fc59a072b,5fbae4d6-59d1-4e6c-8a80-fe57244a45bb,10000,UPI,VERIFIED,RCP00000242,,,,,2026-03-14 13:52:00+00,2026-03-15 13:52:00+00,,t,6e249046-1d36-49a7-a391-86dcd762ace5,2026-08-27 11:28:07.911427+00,2026-09-02 15:27:19.322365+00
bc46efb3-9b47-4440-8d49-a3da5f71955c,02aaff88-8cf7-4798-9466-923329eb533b,c2f2e0ce-5aeb-4ece-8325-2167edfe139e,2601.19,DD,VERIFIED,RCP00000147,,,,,2026-05-27 10:43:00+00,2026-05-27 10:43:00+00,,t,6e580b5c-8b9f-43fb-abb4-39d62da0e2bd,2026-08-27 11:28:04.750623+00,2026-09-02 15:27:19.322365+00
734df75f-a710-4580-9f6b-860a6956e8e2,d3a4e2a2-1a2a-4f5b-bd36-940bb712a7fa,cd9e6eca-028e-4c61-8e82-048327bc4476,2334.66,CASH,VERIFIED,RCP2026090297524,,,,,2026-09-21 05:31:00+00,2026-09-21 05:31:00+00,,t,6e621475-1c52-4a1e-be66-7121f0f62b4b,2026-09-21 06:09:26.017971+00,2026-09-21 06:09:26.017975+00
20ab749d-4aec-4b7f-99f9-61ad189fa4c4,45672448-c7cf-43f3-8227-c0b98c2c0ef3,c2f2e0ce-5aeb-4ece-8325-2167edfe139e,21633.17,NEFT,VERIFIED,RCPT-DAY-0341,,,,,2026-08-27 13:00:00+00,2026-08-27 13:02:00+00,,f,6ec1abee-9cd7-403f-a33a-eb11b6d379b5,2026-08-27 11:28:10.754318+00,2026-09-02 15:27:19.322365+00
a7fa61bb-a70c-4031-af85-8c7048113077,26bc825c-b1be-430c-a864-2b105772c920,2dfc73e0-dba9-4aa5-babf-d5141ded5497,5704.51,NEFT,VERIFIED,RCP2026090297461,,,,,2026-09-18 09:22:00+00,2026-09-18 09:22:00+00,,t,6ed8aeb8-184c-42c2-99e9-709d7f6c91a0,2026-09-18 06:37:22.757914+00,2026-09-18 06:37:22.757919+00
b6efe7bb-38b7-4282-b585-6b3a41260367,b00683fa-3df0-485c-be5e-0c4fa65b2ec1,a13886ca-739b-47b4-a473-724e03f7332a,6821.28,CASH,VERIFIED,RCP2026090297225,,,,,2026-09-10 14:31:00+00,2026-09-10 14:31:00+00,,t,6ede0267-68a1-4b4b-be3c-d8b6d18ed8be,2026-09-10 10:42:26.884887+00,2026-09-10 10:42:26.88489+00
4061ee12-be08-483b-a04e-c7654f4d23f7,e64c36be-f4a7-4675-9604-03a6c7e3c013,c6ca60b7-2143-412b-887e-c30ae9cda031,3967.37,NEFT,VERIFIED,RCP2026090297522,,,,,2026-09-21 10:03:00+00,2026-09-21 10:03:00+00,,t,6eefe30d-d8ba-4f2b-b016-dfd9f82b2416,2026-09-21 06:09:25.997276+00,2026-09-21 06:09:25.997281+00
af3f3cc9-b9a2-4669-b322-284846e8e545,ebf6dc6f-91a8-474b-9d83-7d436131c279,5fbae4d6-59d1-4e6c-8a80-fe57244a45bb,2888.07,CHEQUE,VERIFIED,RCP00000146,,,,,2026-06-03 10:26:00+00,2026-06-03 10:26:00+00,,t,6f4e2a4b-6db7-446d-894d-08cccf6f6c54,2026-08-27 11:28:04.745941+00,2026-09-02 15:27:19.322365+00
66a60730-c389-4b71-82ce-e56283b99fae,06e0a81a-a193-45f2-9772-0d14bfc30028,a13886ca-739b-47b4-a473-724e03f7332a,12390,RTGS,VERIFIED,RCP00000172,,,,,2026-04-11 11:32:00+00,2026-04-12 11:32:00+00,,t,6f9e522c-5a3e-40d5-ae65-0e4b7f0582d8,2026-08-27 11:28:05.834382+00,2026-09-02 15:27:19.322365+00
a824826c-91a1-4dc3-9395-2ae53f32a7bf,aab1503b-2f3e-49a7-9642-138646ec6090,2b6de8aa-0976-4be0-8a40-043ff86ffa54,7022.64,CASH,VERIFIED,RCP2026090297443,,,,,2026-09-18 06:02:00+00,2026-09-18 06:02:00+00,,t,70089ce1-404d-4d1d-bee1-b83d9e94250a,2026-09-18 06:37:22.428884+00,2026-09-18 06:37:22.428887+00
8bf712c7-ffb3-43a7-92d3-45c262290799,e050714a-cee4-47bf-a4ed-9469cdca1de3,a2e2555c-f597-43af-a77a-fe708f967218,792.12,UPI,VERIFIED,REC-20260902-55823,UPI-20260902-955059,,,,2026-09-02 09:43:00+00,,,f,703935ba-ec43-4ede-ad75-8ddb45c2f7f3,2026-09-02 07:19:29.315184+00,2026-09-02 15:27:19.322365+00
62a2ab72-9406-4113-877d-ffae4cc392d3,,2b6de8aa-0976-4be0-8a40-043ff86ffa54,48480,NEFT,VERIFIED,RCP00000281,,,,,2026-08-18 15:09:00+00,2026-08-18 15:09:00+00,,t,70a8e5e0-62d8-4e0d-a6bd-1bf10b6e8cce,2026-08-27 11:28:21.781801+00,2026-09-02 15:27:19.322365+00
ec2e7637-9dc3-4d0e-8dd8-3ea3e91b9d45,a31eada8-0f39-46dd-bfe5-c5f05657996b,cd9e6eca-028e-4c61-8e82-048327bc4476,3084.3,RTGS,VERIFIED,RCP00000097,,,,,2026-05-19 18:12:00+00,2026-05-19 18:12:00+00,,t,711009ce-7a48-4a9b-a8df-aedd9914c755,2026-08-27 11:28:04.017038+00,2026-09-02 15:27:19.322365+00
c296924e-0655-421f-bac8-defbca23600c,d9c41d80-f676-4d69-a997-4e510983f419,a2e2555c-f597-43af-a77a-fe708f967218,15900,UPI,VERIFIED,RCP00000308,,,,,2026-08-26 15:33:00+00,,,t,71333cf0-2e96-4c14-ba3f-86a7a1c8cfeb,2026-08-27 11:28:22.286211+00,2026-09-02 15:27:19.322365+00
30cd97a1-177c-4b16-88f6-85e8b13f14c3,,e9dced65-f61b-4c24-bae7-d4170299ed46,1267.27,NEFT,VERIFIED,RCP00000068,,,,,2026-06-16 11:41:00+00,2026-06-16 11:41:00+00,,t,7148adaa-e005-4206-824e-384c8e65d53c,2026-08-27 11:28:03.001646+00,2026-09-02 15:27:19.322365+00
8b2bf31d-564b-4588-ad15-dd8fd6167e23,32ff81a5-26e1-4799-8348-71506dccee6c,cd9e6eca-028e-4c61-8e82-048327bc4476,35430,CASH,VERIFIED,RCPT-DAY-0301,,,,,2026-08-27 08:37:00+00,2026-08-27 08:39:00+00,,f,716e23bd-0441-4aa9-a700-d8bfcf60de73,2026-08-27 11:28:10.395729+00,2026-09-02 15:27:19.322365+00
52d8fbf1-832b-44f0-b85b-ad0599fea9ae,f5ff1998-2396-4008-a054-7807265beb5b,8e59153e-dc8e-4efa-af65-1db304a6f3f1,12123.1,RTGS,VERIFIED,RCP2026090297405,,,,,2026-09-18 08:20:00+00,2026-09-18 08:20:00+00,,t,71888320-9742-4bd0-9787-354587d25a46,2026-09-18 06:37:21.90773+00,2026-09-18 06:37:21.907733+00
dcaf8d18-ffa3-4551-95e6-327c21dac884,52d1bee1-14f8-4bf2-93ec-00a1729cee44,5fbae4d6-59d1-4e6c-8a80-fe57244a45bb,21790,CHEQUE,VERIFIED,RCP00000313,,,,,2026-08-26 11:38:00+00,,,t,71a8f0cb-5b87-45bb-9e14-62fb3364b91f,2026-08-27 11:28:22.406598+00,2026-09-02 15:27:19.322365+00
1f1d9473-39ee-419d-8ee8-1a1a456dcc51,a9dcc7c5-b479-4900-a2a9-9a6473c02281,cd9e6eca-028e-4c61-8e82-048327bc4476,4475.03,CHEQUE,VERIFIED,RCP2026090297560,,,,,2026-09-21 11:27:00+00,2026-09-21 11:27:00+00,,t,71aac070-0879-4ad6-abaf-e9d832ad89f8,2026-09-21 06:09:26.366025+00,2026-09-21 06:09:26.366028+00
72ceaf79-8f10-443e-8415-108e6e11cda1,2ed23d21-860d-46df-8a73-9ca4bbe331bb,1d5e58e8-954e-4d6c-b13c-6e6d614cb588,18472.15,NEFT,VERIFIED,RCP00000076,,,,,2026-06-19 18:53:00+00,2026-06-19 18:53:00+00,,t,72f7aaba-f562-48b2-b309-b4f462b40e86,2026-08-27 11:28:03.234572+00,2026-09-02 15:27:19.322365+00
964f7c46-2a07-42a4-a431-767d0bae94bb,dc2b6079-f801-4445-b0af-3b556e8d30a2,b06cd5a3-f1c0-4cdb-b241-9ce2d6c5e791,16044.53,UPI,VERIFIED,REC-20260902-46710,UPI-20260902-662217,,,,2026-09-02 09:43:00+00,,,f,735eb37a-b30a-48ba-aa14-cb977319182b,2026-09-02 07:19:30.409268+00,2026-09-02 15:27:19.322365+00
7c0bce40-35dd-43b5-a38b-4e513d67651c,46c30349-f25d-40a5-90ee-2dab9d91817e,c2f2e0ce-5aeb-4ece-8325-2167edfe139e,8297.62,CHEQUE,VERIFIED,RCP2026090297520,,,,,2026-09-21 05:31:00+00,2026-09-21 05:31:00+00,,t,73bd2242-5834-4582-9186-95252c95603d,2026-09-21 06:09:25.974184+00,2026-09-21 06:09:25.974187+00
ccc5ccf5-bc0e-4f79-89f9-4e4adf3cd0da,f1df78df-4997-4f0e-939a-ba1616752c0d,c37b6a5c-9d1c-46d4-8ece-dfce290dc74b,7056.54,RTGS,VERIFIED,RCP00000303,,,,,2026-08-25 09:45:00+00,,,t,73c9d0d7-3f8f-4750-8d0d-9b78bb6fee0d,2026-08-27 11:28:22.199118+00,2026-09-02 15:27:19.322365+00
faae1aba-6a78-41f8-b757-687ae75899d2,bfbb071a-127f-4f61-bddc-a12eb7022b5f,3e9c4168-1de9-43e8-b9f2-fbf3f931949d,18087.08,UPI,VERIFIED,RCP2026090297357,,,,,2026-09-17 06:39:00+00,2026-09-17 06:39:00+00,,t,73dc4649-9e37-4aad-afd9-7b312bba7dc6,2026-09-17 06:31:13.465217+00,2026-09-17 06:31:13.46522+00
f95e4162-8c63-48c2-bcef-d6b689ae8aa5,,5fbae4d6-59d1-4e6c-8a80-fe57244a45bb,10710,NEFT,VERIFIED,RCP00000152,,,,,2026-06-06 17:25:00+00,2026-06-07 17:25:00+00,,t,73e036b2-553c-4081-83cf-9a90f8a445c1,2026-08-27 11:28:04.829835+00,2026-09-02 15:27:19.322365+00
3e9059c1-1f44-4766-8f94-6ee0cd763d3d,cce47824-066a-4382-8d55-cd15acc4ba25,3e9c4168-1de9-43e8-b9f2-fbf3f931949d,29240,RTGS,VERIFIED,RCP2026090297490,,,,,2026-09-21 09:33:00+00,2026-09-21 09:33:00+00,,t,73f33843-9ecf-47a2-ae78-14e39c37c188,2026-09-21 06:09:25.681913+00,2026-09-21 06:09:25.681916+00
bb9bf9d5-ea0d-4afc-8aa6-316df8f388b5,07f64e5f-4643-4657-aa05-7c892aca7e16,c2f2e0ce-5aeb-4ece-8325-2167edfe139e,12000,UPI,VERIFIED,RCP2026090297256,,,,,2026-09-17 11:09:00+00,2026-09-17 11:09:00+00,,t,744ddb5e-6406-4222-916a-45dfc94a2121,2026-09-17 06:31:12.117241+00,2026-09-17 06:31:12.117245+00
a94e2f16-8b0e-4d3e-90e5-24565d32b3c5,26d20a0f-7689-4977-a673-93d7833e7203,2b6de8aa-0976-4be0-8a40-043ff86ffa54,14816.01,NEFT,VERIFIED,RCP2026090297280,,,,,2026-09-17 04:55:00+00,2026-09-17 04:55:00+00,,t,746cf878-b854-4181-b190-66e2c6955180,2026-09-17 06:31:12.392015+00,2026-09-17 06:31:12.392018+00
572d8401-b7ad-463e-a567-1de62fac03f2,,2b6de8aa-0976-4be0-8a40-043ff86ffa54,5000,NEFT,VERIFIED,RCP00000423,,,,,2026-08-24 10:17:00+00,2026-08-24 10:17:00+00,,t,74703afe-4f15-4154-ae3a-8154bd308db4,2026-08-27 11:28:24.497997+00,2026-09-02 15:27:19.322365+00
c81719bb-c27b-4302-b204-28d1d90c0bea,0c39bebc-da7b-4514-84b5-e78f35091079,c6ca60b7-2143-412b-887e-c30ae9cda031,14811.89,UPI,VERIFIED,RCP2026090297432,,,,,2026-09-18 06:37:00+00,2026-09-18 06:37:00+00,,t,74780f71-884a-4765-865d-d673fad658bf,2026-09-18 06:37:22.2465+00,2026-09-18 06:37:22.246505+00
0bd3f278-38f8-4e20-9960-385cd6684216,5daf605d-11db-4c6c-ba4d-2f84b01714fc,1d5e58e8-954e-4d6c-b13c-6e6d614cb588,37390,CASH,VERIFIED,RCP00000111,,,,,2026-05-29 18:03:00+00,2026-05-29 18:03:00+00,,t,74f55df4-cd59-40d1-b5b1-14f8bd7cf6f9,2026-08-27 11:28:04.270079+00,2026-09-02 15:27:19.322365+00
ccf5cd35-5af5-476b-940c-5d0361b945bc,159e67ec-180a-4965-85e9-4b12d8f0ba98,a2e2555c-f597-43af-a77a-fe708f967218,8203.7,CASH,VERIFIED,RCP00000261,,,,,2026-03-11 15:57:00+00,2026-03-11 15:57:00+00,,t,74fd2576-f0a0-4fd7-87eb-312166eb9369,2026-08-27 11:28:08.177511+00,2026-09-02 15:27:19.322365+00
87d59810-fe9a-4652-ab81-81c3f3b520fc,357544f2-b4bb-4edc-ba4a-47954c6db1c4,1d5e58e8-954e-4d6c-b13c-6e6d614cb588,12000,UPI,VERIFIED,RCP00000240,,,,,2026-04-03 16:34:00+00,2026-04-03 16:34:00+00,,t,74fd5d69-fdb2-4a7e-8083-c8792725bb14,2026-08-27 11:28:07.852236+00,2026-09-02 15:27:19.322365+00
faf49903-1264-4117-86f9-5eaf333333c1,1f17e473-67e2-4f36-9e79-6e0a5b21338f,c2f2e0ce-5aeb-4ece-8325-2167edfe139e,532.32,UPI,VERIFIED,RCP2026090297241,,,,,2026-09-17 05:58:00+00,2026-09-17 05:58:00+00,,t,75113724-887a-4149-a816-1b2567fe8580,2026-09-17 06:31:11.942728+00,2026-09-17 06:31:11.942731+00
eeeb32a5-929c-4f1c-8e40-5cacf8200f1e,f28da79b-115e-4b2d-ad26-2c1553b0c16d,2dfc73e0-dba9-4aa5-babf-d5141ded5497,2630,NEFT,VERIFIED,RCPT-DAY-0331,,,,,2026-08-27 10:31:00+00,2026-08-27 10:33:00+00,,f,752e62f9-2982-496a-9ef3-fde242781ae1,2026-08-27 11:28:10.679064+00,2026-09-02 15:27:19.322365+00
40e408fc-2d14-4ea8-a1fc-f9a9a4a8cc61,6849f96a-8fc9-4a89-8431-46c26dad642b,8e59153e-dc8e-4efa-af65-1db304a6f3f1,5202.74,RTGS,VERIFIED,RCP2026090297555,,,,,2026-09-21 04:10:00+00,2026-09-21 04:10:00+00,,t,75644214-4dcc-42ba-8dc3-e5ef890f4224,2026-09-21 06:09:26.318425+00,2026-09-21 06:09:26.318428+00
eb4f218d-7ede-48fd-af7d-171361fd3dbc,44a30bd0-8bb3-4f9a-a308-480f172c58cc,c37b6a5c-9d1c-46d4-8ece-dfce290dc74b,3680,DD,VERIFIED,RCP00000082,,,,,2026-06-18 12:17:00+00,2026-06-18 12:17:00+00,,t,76880a0f-49a8-406c-b52d-8602c0a584c7,2026-08-27 11:28:03.380078+00,2026-09-02 15:27:19.322365+00
85267f82-1ce7-446b-93cf-fe7cd09f73f2,47e1306d-3321-4ef6-80fa-839d193e55ca,4a182f53-a1a1-4f15-945a-6a56f4e04b64,4170,CASH,VERIFIED,RCP00000387,,,,,2026-08-26 10:52:00+00,,,t,76b28226-a3a0-47d0-bc25-a0a4c946972b,2026-08-27 11:28:23.784772+00,2026-09-02 15:27:19.322365+00
733ec455-55c4-4cfb-b5eb-7ba264774c02,29fa4241-6722-44a2-985d-e50fe1ce3420,3aa13103-bd03-4578-9292-44d88d58da00,2850.06,DD,VERIFIED,RCP00000033,,,,,2026-08-03 10:58:00+00,2026-08-03 10:58:00+00,,t,76de8423-88b1-4250-817d-17b643e48acb,2026-08-27 11:28:01.711083+00,2026-09-02 15:27:19.322365+00
11992cab-311c-4712-8f01-8bee220077f4,ea19698b-02a0-4ef0-bef5-ca17f1251af9,b06cd5a3-f1c0-4cdb-b241-9ce2d6c5e791,6000,UPI,VERIFIED,RCP00000010,,,,,2026-08-26 14:31:00+00,2026-08-26 14:31:00+00,,t,77317dea-3f17-435c-b5ef-c87990ee705f,2026-08-27 11:28:01.113327+00,2026-09-02 15:27:19.322365+00
1714a093-5050-429e-ade8-4b75b125a650,ab111a8b-362d-40e0-8c91-8f4bc250b9c1,2b6de8aa-0976-4be0-8a40-043ff86ffa54,29250,CASH,VERIFIED,RCP2026090297387,,,,,2026-09-18 10:07:00+00,2026-09-18 10:07:00+00,,t,77780d65-9adb-4dcd-90b2-8b169529ab0d,2026-09-18 06:37:21.69856+00,2026-09-18 06:37:21.698563+00
698853f8-d649-4ede-8b01-d9e80b5f15c2,7fbd7a93-d545-453c-b329-d4a372bf9143,1d5e58e8-954e-4d6c-b13c-6e6d614cb588,34679.42,CHEQUE,VERIFIED,RCP00000394,,,,,2026-08-26 14:25:00+00,,,t,77815005-57db-4321-8788-19649e5afa1b,2026-08-27 11:28:23.935543+00,2026-09-02 15:27:19.322365+00
b1b1d46f-3727-4796-a4c5-375c7e8db188,3949f012-3d2e-4a24-a412-38794c4220ea,4a182f53-a1a1-4f15-945a-6a56f4e04b64,51360,RTGS,VERIFIED,RCP2026090297506,,,,,2026-09-21 07:35:00+00,2026-09-21 07:35:00+00,,t,779a9fdc-3dff-4584-bc42-9f0cd76c83e0,2026-09-21 06:09:25.835337+00,2026-09-21 06:09:25.83534+00
0dcbdcf7-94d5-4e0e-9783-aa99e78e017d,14636d9a-9729-4f4a-be33-5ccddf7a5e7e,2dfc73e0-dba9-4aa5-babf-d5141ded5497,10000,CHEQUE,VERIFIED,RCP00000207,,,,,2026-04-29 12:32:00+00,2026-04-29 12:32:00+00,,t,7836f282-dbb3-4fd0-8fc6-050d2c48d471,2026-08-27 11:28:06.452131+00,2026-09-02 15:27:19.322365+00
6aa74f00-3b33-47cb-bc69-343917e53638,1ab9259e-e685-4d3c-af42-30ce8990ba61,cd9e6eca-028e-4c61-8e82-048327bc4476,17690,UPI,VERIFIED,RCP2026090297248,,,,,2026-09-17 10:40:00+00,2026-09-17 10:40:00+00,,t,7844f03b-66f3-4cfe-b665-398df96a05f9,2026-09-17 06:31:12.025625+00,2026-09-17 06:31:12.025629+00
aa7879bb-bb87-4d9c-9d1a-f62d3fe2cc80,e04517fa-45f6-47fa-a835-03f943d86f3b,e9dced65-f61b-4c24-bae7-d4170299ed46,1914.42,CHEQUE,VERIFIED,RCP2026090297236,,,,,2026-09-10 10:30:00+00,2026-09-10 10:30:00+00,,t,786a32e5-fd96-49f7-a2e4-a952787f2322,2026-09-10 10:42:27.215251+00,2026-09-10 10:42:27.215256+00
4297f49f-ebb3-4f5c-a638-50637aa18533,e35d0a45-10e6-4af4-9306-4a7b10f09634,3e9c4168-1de9-43e8-b9f2-fbf3f931949d,10199.08,UPI,VERIFIED,RCP2026090297222,,,,,2026-09-10 09:05:00+00,2026-09-10 09:05:00+00,,t,787bc8ad-da13-4e33-ab45-c54da88d5104,2026-09-10 10:42:26.746889+00,2026-09-10 10:42:26.746893+00
832180a5-65b9-4d90-bb8b-b32cce32c52d,da73f9cd-9c9b-43dc-b726-068a60caef20,c6ca60b7-2143-412b-887e-c30ae9cda031,2482.94,UPI,VERIFIED,RCP2026090297539,,,,,2026-09-21 08:07:00+00,2026-09-21 08:07:00+00,,t,790ee114-6ebd-4da3-8a4b-c2b70829c99e,2026-09-21 06:09:26.161911+00,2026-09-21 06:09:26.161937+00
4e1884d2-56dd-4e27-be8e-3812627417f9,949eb784-a852-4d0f-b786-d32d89b889ab,cd9e6eca-028e-4c61-8e82-048327bc4476,3038.61,UPI,VERIFIED,RCPT-DAY-0305,,,,,2026-08-27 14:34:00+00,2026-08-27 14:36:00+00,,f,79a5ac11-46a5-47f0-b632-154220d39b0f,2026-08-27 11:28:10.433219+00,2026-09-02 15:27:19.322365+00
a6ec0231-d847-4053-b2fc-0e7cbc5fb83c,48f17ba6-6fef-41bf-8fbe-8c47dbc65a77,2b6de8aa-0976-4be0-8a40-043ff86ffa54,21131.96,CHEQUE,VERIFIED,RCP00000276,,,,,2026-03-21 09:08:00+00,2026-03-21 09:08:00+00,,t,79b2a0d1-8d0f-4094-a39e-a5fc0ba1bbdd,2026-08-27 11:28:08.453321+00,2026-09-02 15:27:19.322365+00
bccbd26e-82b3-464c-a44f-2ff8b9130a63,a44b6e9d-3005-4c7b-8f79-eb0718f5f7dc,8e59153e-dc8e-4efa-af65-1db304a6f3f1,5868.74,UPI,VERIFIED,RCP2026090297326,,,,,2026-09-17 11:24:00+00,2026-09-17 11:24:00+00,,t,7af67648-f9ac-4721-a884-3d0fa2ea6fe4,2026-09-17 06:31:12.981656+00,2026-09-17 06:31:12.981659+00
c7bcf5df-0b3b-4ffc-a768-53ed82bac9e0,328a33d7-0108-4001-85cc-3a2e219bd91c,5fbae4d6-59d1-4e6c-8a80-fe57244a45bb,247.55,CHEQUE,VERIFIED,RCP2026090297415,,,,,2026-09-18 11:06:00+00,2026-09-18 11:06:00+00,,t,7b7c93c8-bbcb-4d53-8c1d-91c3a49184d5,2026-09-18 06:37:22.022928+00,2026-09-18 06:37:22.022933+00
964f7c46-2a07-42a4-a431-767d0bae94bb,1497cb08-d547-442e-8f56-73f699195abd,5fbae4d6-59d1-4e6c-8a80-fe57244a45bb,3004.75,NEFT,VERIFIED,RCP2026090297435,,,,,2026-09-18 06:04:00+00,2026-09-18 06:04:00+00,,t,7cf3a165-e6f6-458d-81f6-859e5b960b57,2026-09-18 06:37:22.295226+00,2026-09-18 06:37:22.295229+00
1e6a6472-5ea3-4327-bbec-7ee1647aac70,eeb47ecf-99fe-4690-8bd5-775e0357a917,2b6de8aa-0976-4be0-8a40-043ff86ffa54,4080,RTGS,VERIFIED,RCP00000292,,,,,2026-08-26 16:01:00+00,,,t,7d36011c-51a5-42e6-8132-0cd661c4f00d,2026-08-27 11:28:22.00473+00,2026-09-02 15:27:19.322365+00
72ceaf79-8f10-443e-8415-108e6e11cda1,ee314d8f-21f6-4d8d-bb2d-48080da3affc,1d5e58e8-954e-4d6c-b13c-6e6d614cb588,152.73,UPI,VERIFIED,RCPT-DAY-0387,,,,,2026-08-27 10:45:00+00,2026-08-27 10:47:00+00,,f,7d90598d-b73a-494d-8b10-593ceae1d832,2026-08-27 11:28:11.118171+00,2026-09-02 15:27:19.322365+00
af4f5de6-8e03-44a0-a5e0-f76537706eeb,d4919c94-3879-4617-9711-7d2115448abd,c37b6a5c-9d1c-46d4-8ece-dfce290dc74b,17812.23,NEFT,VERIFIED,RCP2026090297554,,,,,2026-09-21 07:01:00+00,2026-09-21 07:01:00+00,,t,7def0224-ab9f-4345-9268-ed52b4255b3e,2026-09-21 06:09:26.309025+00,2026-09-21 06:09:26.30903+00
dae56ea0-7ca4-4938-b5a8-5ccd8865f478,728a5199-4202-451d-bd33-65702aeccb27,c33350cc-f581-492e-807f-14262d56ebcb,14545.78,NEFT,VERIFIED,RCPT-DAY-0353,,,,,2026-08-27 13:03:00+00,2026-08-27 13:05:00+00,,f,7e19832a-94e1-4660-840e-39572bf3e255,2026-08-27 11:28:10.864958+00,2026-09-02 15:27:19.322365+00
7c212083-a481-4c99-86bb-f68143a9266b,fadb4241-770a-4e3e-aef5-a529bd309738,a13886ca-739b-47b4-a473-724e03f7332a,2690,DD,VERIFIED,RCP00000009,,,,,2026-08-08 18:47:00+00,2026-08-08 18:47:00+00,,t,7e6dfd18-f828-43d6-a5df-18bd567536a3,2026-08-27 11:28:01.102117+00,2026-09-02 15:27:19.322365+00
7331a6e0-df5e-4d88-adca-c2be5ff98d08,b01caa20-561a-49bc-8c63-76478d2efe9c,c33350cc-f581-492e-807f-14262d56ebcb,755.29,UPI,VERIFIED,REC-20260902-29401,UPI-20260902-470102,,,,2026-09-02 09:21:00+00,,,f,7e8903a9-9fb4-40b9-92b9-0d790bf0c6f3,2026-09-02 07:19:29.440886+00,2026-09-02 15:27:19.322365+00
0cd4bee2-44c5-462d-94aa-f521702e7c90,23cef0e4-6fe8-468c-8e5b-05fe9a7331ca,a13886ca-739b-47b4-a473-724e03f7332a,6250.35,CASH,VERIFIED,REC-20260902-46811,UPI-20260902-561294,,,,2026-09-02 09:45:00+00,,,f,7eba5116-a878-46a1-8d0e-50cc0e74542a,2026-09-02 07:19:30.269026+00,2026-09-02 15:27:19.322365+00
dd59d29b-4bd9-476f-9fae-75e5a5d1b921,7ac22396-44fe-4177-bd04-6746d78b32ff,c2f2e0ce-5aeb-4ece-8325-2167edfe139e,1727.82,RTGS,VERIFIED,RCP2026090297417,,,,,2026-09-18 10:22:00+00,2026-09-18 10:22:00+00,,t,7efad5c7-f8cf-4b27-b7dd-fded57d5891c,2026-09-18 06:37:22.044684+00,2026-09-18 06:37:22.044687+00
f1304f49-ec15-41f7-8ca8-9014ba280e6e,a8208df5-c1f4-49ae-b197-08600768bde8,8e59153e-dc8e-4efa-af65-1db304a6f3f1,15000,CASH,VERIFIED,RCPT-DAY-0325,,,,,2026-08-27 09:38:00+00,2026-08-27 09:40:00+00,,f,7f3933ff-44ec-4080-ba2e-4b4811f6236f,2026-08-27 11:28:10.627794+00,2026-09-02 15:27:19.322365+00
36ce7c7b-b3e1-46f2-8ad1-75f73879c325,ef8286b4-9c93-4570-8c68-137129d5284b,2b6de8aa-0976-4be0-8a40-043ff86ffa54,1025.64,CASH,VERIFIED,RCPT-HIST-SU01,,,,,2026-08-17 16:45:00+00,,,f,7f3eabfd-1ce0-43fc-b8fb-b2ada0647781,2026-08-27 11:28:09.685104+00,2026-09-02 15:27:19.322365+00
4df45b7d-97fe-4dd8-a401-1084b36d43f1,6e7a25d8-b1ce-4332-b8d8-bd9eb6728c2f,c37b6a5c-9d1c-46d4-8ece-dfce290dc74b,13260,NEFT,VERIFIED,RCP00000264,,,,,2026-03-16 15:08:00+00,2026-03-16 15:08:00+00,,t,7f6febc6-f63f-4e30-9844-d4a902c45eca,2026-08-27 11:28:08.213218+00,2026-09-02 15:27:19.322365+00
2f6c83a1-b4af-454c-bac1-4e13d65435e2,9c4a94b2-636b-4f49-a6a2-b6e1f1090a9b,b06cd5a3-f1c0-4cdb-b241-9ce2d6c5e791,6254.23,CASH,VERIFIED,RCP00000419,,,,,2026-08-25 11:27:00+00,,,t,805eb740-ec0e-4217-b011-a898b331d7bd,2026-08-27 11:28:24.312562+00,2026-09-02 15:27:19.322365+00
c721b712-1ed7-46f7-a0c7-344db42d0bce,89d69e48-dfaa-4ce3-a7f8-060447276f7b,c6ca60b7-2143-412b-887e-c30ae9cda031,6470,NEFT,VERIFIED,REC-20260902-26999,UPI-20260902-544051,,,,2026-09-02 15:20:00+00,,,f,80da3055-8785-47f2-b97e-5bb0388cb95f,2026-09-02 07:19:30.710183+00,2026-09-02 15:27:19.322365+00
f2d8a4c4-2b3a-4783-b176-ec1e22e9d595,10a2abfa-500a-4b23-a6cb-5b60e12eb483,2dfc73e0-dba9-4aa5-babf-d5141ded5497,5129,NEFT,VERIFIED,RCP2026090297525,,,,,2026-09-21 07:37:00+00,2026-09-21 07:37:00+00,,t,8137d10e-83fd-44e8-a670-c4b4e2e898e0,2026-09-21 06:09:26.027503+00,2026-09-21 06:09:26.027506+00
8aa0d4d5-8fc4-4e03-adac-0832c46a801d,d803deab-97ae-4135-a6f0-419edef9bdd3,3aa13103-bd03-4578-9292-44d88d58da00,1880.79,UPI,VERIFIED,REC-20260902-50398,UPI-20260902-563454,,,,2026-09-02 13:35:00+00,,,f,822bcd50-8ac6-4a09-9f46-16a9cfd35120,2026-09-02 07:19:28.765174+00,2026-09-02 15:27:19.322365+00
b8229b8e-ad88-42eb-a6a5-3bad34066859,810c53ea-2c28-4df7-b33c-ae2aa2ec6ef8,b06cd5a3-f1c0-4cdb-b241-9ce2d6c5e791,14942.92,CHEQUE,VERIFIED,REC-20260902-85456,UPI-20260902-588658,,,,2026-09-02 10:34:00+00,,,f,82318b7a-933e-4ed0-ab3e-2c5a19ac9d9c,2026-09-02 07:19:30.426103+00,2026-09-02 15:27:19.322365+00
4e6ad45b-83bb-4791-af37-428f2793c8fe,66f99bb0-7b26-4133-870e-4dff56b9bfc9,cd9e6eca-028e-4c61-8e82-048327bc4476,17406.03,CHEQUE,VERIFIED,RCP2026090297531,,,,,2026-09-21 07:39:00+00,2026-09-21 07:39:00+00,,t,82b9f1b8-6628-4e70-850a-0b9f067c12d9,2026-09-21 06:09:26.085424+00,2026-09-21 06:09:26.085427+00
2423e23e-c503-48ed-bd5a-a3975b02d085,fb61f8a6-4298-4b05-8578-22de3935c338,a2e2555c-f597-43af-a77a-fe708f967218,4080,UPI,VERIFIED,RCPT-DAY-0313,,,,,2026-08-27 09:03:00+00,2026-08-27 09:05:00+00,,f,82bc1f12-6291-4552-a9f0-c5023648cff3,2026-08-27 11:28:10.501888+00,2026-09-02 15:27:19.322365+00
80f5c6a0-0ebc-456b-b9dd-d9f9481b96c7,ad428f34-27fd-4f1c-b145-cb0b1453eb6c,8e59153e-dc8e-4efa-af65-1db304a6f3f1,9684.61,CASH,VERIFIED,REC-20260902-64078,UPI-20260902-430773,,,,2026-09-02 12:27:00+00,,,f,82dd3224-0edb-486f-85a9-bd2246ffd91f,2026-09-02 07:19:29.665068+00,2026-09-02 15:27:19.322365+00
37d13be1-72f5-469b-aea7-263733614457,fe5aabfe-3b90-4676-98bb-8845febcd33d,8e59153e-dc8e-4efa-af65-1db304a6f3f1,9350.63,CHEQUE,VERIFIED,RCP2026090297350,,,,,2026-09-17 06:10:00+00,2026-09-17 06:10:00+00,,t,832324db-c64d-4a58-a202-2e082d6fbbb6,2026-09-17 06:31:13.359564+00,2026-09-17 06:31:13.359569+00
ebdd0c9c-b635-4380-9020-3cb45cdd3e5a,ea3b8b5f-4b2f-4ef1-a6f6-5c474ab694d0,3e9c4168-1de9-43e8-b9f2-fbf3f931949d,18918.42,NEFT,VERIFIED,RCP2026090297269,,,,,2026-09-17 03:30:00+00,2026-09-17 03:30:00+00,,t,83629aff-e37f-4a21-9fdc-98d5703bc351,2026-09-17 06:31:12.268951+00,2026-09-17 06:31:12.268954+00
a67c0b14-770b-43aa-954c-5852368e67fd,ae004cc9-e091-44c5-996d-80e56a73609e,357e2e09-b637-468e-818b-57a5dce18e9c,1508.51,NEFT,VERIFIED,RCP2026090297333,,,,,2026-09-17 04:56:00+00,2026-09-17 04:56:00+00,,t,837b8d6c-e15f-4af0-aa3b-59730ef554d9,2026-09-17 06:31:13.096286+00,2026-09-17 06:31:13.096306+00
007965d0-f49b-4a1f-a6e2-fbffa7b8dbc1,ed138c34-b2e1-4b4e-b30d-dfee8765f134,c6ca60b7-2143-412b-887e-c30ae9cda031,1057.07,CHEQUE,VERIFIED,REC-20260902-96069,UPI-20260902-199607,,,,2026-09-02 13:41:00+00,,,f,83a3e4aa-27ad-4b90-94ba-2356e7b83533,2026-09-02 07:19:30.694879+00,2026-09-02 15:27:19.322365+00
d94f5c6b-4f3e-49fc-ac84-65a66974c4f7,3724a82c-8a5e-4264-bbcb-b6f6aa5c718f,c37b6a5c-9d1c-46d4-8ece-dfce290dc74b,15820,UPI,VERIFIED,RCPT-DAY-0310,,,,,2026-08-27 14:03:00+00,2026-08-27 14:05:00+00,,f,83f67d54-38f8-46df-b3b7-8e860763974d,2026-08-27 11:28:10.485453+00,2026-09-02 15:27:19.322365+00
dd1d5e99-3030-4e8d-9bbe-4577909d869c,dea3ac7a-7b40-4b65-9ca5-9c7b7171e840,5fbae4d6-59d1-4e6c-8a80-fe57244a45bb,23220,UPI,VERIFIED,REC-20260901-15520,UPI-20260901-201342,,,,2026-09-01 13:22:00+00,,,f,8426cd37-7006-4c98-9bed-836442fbc0d1,2026-09-02 07:19:29.705061+00,2026-09-02 15:27:19.322365+00
31c8ddcb-f60f-4720-abab-3b1559821ff7,667270c2-a5cb-4ba7-837b-c0996a4c14b0,3e9c4168-1de9-43e8-b9f2-fbf3f931949d,11757.73,UPI,VERIFIED,RCP2026090297300,,,,,2026-09-17 11:26:00+00,2026-09-17 11:26:00+00,,t,843c99c6-7484-47d8-918b-f0d870821126,2026-09-17 06:31:12.596427+00,2026-09-17 06:31:12.59643+00
7f04975c-6b12-42ab-b616-9887acfd3418,a782caca-5112-4d3e-b157-4ce112245e40,e9dced65-f61b-4c24-bae7-d4170299ed46,31720,RTGS,VERIFIED,RCP2026090297480,,,,,2026-09-21 03:34:00+00,2026-09-21 03:34:00+00,,t,843e0090-5c1f-41aa-b850-304ef4aa458b,2026-09-21 06:09:25.577853+00,2026-09-21 06:09:25.577856+00
dc05b7d2-2d28-4755-93e9-6f66050c5217,d3b16dc5-2bc5-4c31-bfe1-72bb60de5043,c33350cc-f581-492e-807f-14262d56ebcb,591.85,DD,VERIFIED,RCP00000351,,,,,2026-08-26 17:57:00+00,,,t,846b184b-1445-47db-8114-42fc019a143b,2026-08-27 11:28:23.264259+00,2026-09-02 15:27:19.322365+00
229b9d2b-8a26-406c-8468-c4f97cb05b43,,a13886ca-739b-47b4-a473-724e03f7332a,962.96,NEFT,VERIFIED,RCP00000214,,,,,2026-05-04 10:56:00+00,2026-05-04 10:56:00+00,,t,84ae5fd7-9024-4717-8fba-5962313774ca,2026-08-27 11:28:06.526088+00,2026-09-02 15:27:19.322365+00
95eaada2-57b3-44c7-8a13-a901d665fe57,8093dfa2-c20e-4774-beec-d111cb12d576,a2e2555c-f597-43af-a77a-fe708f967218,547.94,RTGS,VERIFIED,RCP00000311,,,,,2026-08-25 13:29:00+00,,,t,84ffd933-3973-4efb-a276-d36c48527cea,2026-08-27 11:28:22.336792+00,2026-09-02 15:27:19.322365+00
abbcc397-4f17-466e-9ab9-cda86c3cb54c,8832c4b3-fb1b-4e81-a05d-edfd5408b1a2,c33350cc-f581-492e-807f-14262d56ebcb,7157.89,NEFT,VERIFIED,REC-20260902-50915,UPI-20260902-774072,,,,2026-09-02 12:49:00+00,,,f,8537fe2c-bbfa-45f5-97f5-06803ac3a9bf,2026-09-02 07:19:29.461799+00,2026-09-02 15:27:19.322365+00
be17e49c-000f-47f9-ab77-041d069a8b56,fb1cd537-5751-4cf9-8f1a-c0b0c552e848,3e9c4168-1de9-43e8-b9f2-fbf3f931949d,25042.08,CASH,VERIFIED,RCPT-DAY-0366,,,,,2026-08-27 15:22:00+00,2026-08-27 15:24:00+00,,f,853e6ee1-c0fd-4f9d-8f91-bafb14101699,2026-08-27 11:28:10.97381+00,2026-09-02 15:27:19.322365+00
ebeff264-775d-4321-b5be-214f9fddc10e,75d32226-9bba-4f00-b483-4258bd7998c8,3e9c4168-1de9-43e8-b9f2-fbf3f931949d,19372.23,RTGS,VERIFIED,RCP2026090297400,,,,,2026-09-18 07:51:00+00,2026-09-18 07:51:00+00,,t,858d86c9-d176-4aa8-83ff-f1413d2442c3,2026-09-18 06:37:21.847707+00,2026-09-18 06:37:21.847713+00
4bbe7904-6f54-4e3a-a6bd-2cbf93ec7073,79dfd21f-45d2-4c35-92e7-cf72b6573d11,2b6de8aa-0976-4be0-8a40-043ff86ffa54,6690,NEFT,VERIFIED,RCP00000083,,,,,2026-07-02 14:30:00+00,2026-07-02 14:30:00+00,,t,8620bb2e-d58c-40c8-ae85-671b2b22747e,2026-08-27 11:28:03.397759+00,2026-09-02 15:27:19.322365+00
8fde9f37-749a-47d2-87f0-7fa71c1892fc,3c28d042-c1f8-425c-af96-8c54c0215034,4a182f53-a1a1-4f15-945a-6a56f4e04b64,5655.33,NEFT,VERIFIED,RCP00000065,,,,,2026-06-16 09:24:00+00,2026-06-16 09:24:00+00,,t,862404d3-08bf-44c9-b5ba-b11408b986cd,2026-08-27 11:28:02.948865+00,2026-09-02 15:27:19.322365+00
0b1c4cbe-4a8f-4df9-bb99-ee02c91644f3,50d57b68-054b-4b9a-8648-e2abb288929c,2b6de8aa-0976-4be0-8a40-043ff86ffa54,1449.01,NEFT,VERIFIED,RCP00000072,,,,,2026-07-07 08:11:00+00,2026-07-07 08:11:00+00,,t,86995092-0d12-4edb-bf50-91aee7f41a37,2026-08-27 11:28:03.140586+00,2026-09-02 15:27:19.322365+00
a7430508-cd1f-4fa1-ac5a-ac37aaebaf92,2e47400e-e6da-4070-9745-e98ebc99563c,2b6de8aa-0976-4be0-8a40-043ff86ffa54,7595.4,UPI,VERIFIED,TIQ-2026-06A1E26F,,,,,2026-09-01 12:15:22.438626+00,2026-09-01 12:15:22.438626+00,,f,86f330fb-9abe-4032-926e-17285949ef3a,2026-09-01 12:15:22.439624+00,2026-09-02 15:27:19.322365+00
8c57bb80-5d4e-4478-85d8-0de77fa0cdd4,,c37b6a5c-9d1c-46d4-8ece-dfce290dc74b,4340,NEFT,VERIFIED,RCP00000043,,,,,2026-08-05 12:51:00+00,2026-08-05 12:51:00+00,,t,87534ec7-3f84-4fa6-888a-f0c144eeb1e6,2026-08-27 11:28:01.868625+00,2026-09-02 15:27:19.322365+00
1ffc2df9-89c4-4401-b47f-37f2e76d5cf1,b33f85a2-903c-4e9d-b612-9ad99bdbae29,8e59153e-dc8e-4efa-af65-1db304a6f3f1,7866.06,UPI,VERIFIED,RCP2026090297527,,,,,2026-09-21 06:53:00+00,2026-09-21 06:53:00+00,,t,878917c9-e571-48be-8724-37580264203f,2026-09-21 06:09:26.0469+00,2026-09-21 06:09:26.046903+00
1c835b8a-3fdb-4d95-83fe-512b15750a37,b5b22222-0b53-4fe4-a550-f072ea8357b3,c6ca60b7-2143-412b-887e-c30ae9cda031,16200,UPI,VERIFIED,RCP00000110,,,,,2026-05-23 10:06:00+00,2026-05-24 10:06:00+00,,t,87946703-9957-4731-ae3c-959ce36e5d08,2026-08-27 11:28:04.259353+00,2026-09-02 15:27:19.322365+00
c3eb0d7d-a9d2-4ada-be39-9382a9878f4f,dad643a6-99b6-4888-b710-a571183924d2,5fbae4d6-59d1-4e6c-8a80-fe57244a45bb,3791.27,CASH,VERIFIED,RCP2026090297562,,,,,2026-09-21 09:27:00+00,2026-09-21 09:27:00+00,,t,88152242-6f6f-4843-8e61-dcc33750ae6f,2026-09-21 06:09:26.384327+00,2026-09-21 06:09:26.38433+00
5504ab5e-06e0-46fa-a8f9-7a5bd577d6d9,332d7c82-5f55-4053-aa63-193d76d66791,cd9e6eca-028e-4c61-8e82-048327bc4476,12639.84,UPI,VERIFIED,RCPT-DAY-0306,,,,,2026-08-27 16:03:00+00,2026-08-27 16:05:00+00,,f,881e54a0-fe4c-4bc0-94a8-4f824288650b,2026-08-27 11:28:10.439562+00,2026-09-02 15:27:19.322365+00
d96c5d4e-68b7-4e0d-93a9-508bab058069,a6690731-9ad7-40f1-9f20-c5ada8704a2b,a2e2555c-f597-43af-a77a-fe708f967218,4414.67,NEFT,VERIFIED,RCP2026090297473,,,,,2026-09-18 08:48:00+00,2026-09-18 08:48:00+00,,t,8864d416-89b9-4c50-97bc-138b2d79fe66,2026-09-18 06:37:22.956302+00,2026-09-18 06:37:22.956305+00
6b0c8095-27f1-430a-9b63-5c7cc65434a8,a2f84045-b76b-4bb3-8a78-b49f22895c9d,1d5e58e8-954e-4d6c-b13c-6e6d614cb588,4620,UPI,VERIFIED,RCP00000395,,,,,2026-08-26 16:55:00+00,,,t,88df0880-eed1-4297-b104-6a73dc8c7a5f,2026-08-27 11:28:23.947597+00,2026-09-02 15:27:19.322365+00
56a636c7-ac45-48bd-bc8f-d0e46920e8e2,0fd7373f-19d2-4b49-ac53-8dadfae8fa18,4a182f53-a1a1-4f15-945a-6a56f4e04b64,4610.74,NEFT,VERIFIED,RCP2026090297438,,,,,2026-09-18 06:53:00+00,2026-09-18 06:53:00+00,,t,88e44816-7b92-438d-bb5e-78d2602a5a85,2026-09-18 06:37:22.342493+00,2026-09-18 06:37:22.342497+00
7ca8c218-7e88-4ee8-b17a-f8748618f9e7,9bee4de4-4047-4f1f-b19a-29ed00b5bced,cd9e6eca-028e-4c61-8e82-048327bc4476,3073.4,UPI,VERIFIED,RCP2026090297446,,,,,2026-09-18 05:24:00+00,2026-09-18 05:24:00+00,,t,88ed8da6-b66d-4b59-8b65-528fc818dc0e,2026-09-18 06:37:22.481564+00,2026-09-18 06:37:22.481569+00
3947f7ab-b060-407d-928c-2f395770bd9e,3f890b93-7717-4cfd-b34c-7d51c64973f2,2dfc73e0-dba9-4aa5-babf-d5141ded5497,63560,CHEQUE,VERIFIED,RCP00000004,,,,,2026-08-22 10:07:00+00,2026-08-22 10:07:00+00,,t,8907cff6-7d4c-4b31-a9a6-8a1e8456bb04,2026-08-27 11:28:00.993185+00,2026-09-02 15:27:19.322365+00
fc5ba9da-92fb-4297-a5ba-5f8cbca733cf,c5bb54b2-260e-4b81-82d5-fba38b653dbc,a13886ca-739b-47b4-a473-724e03f7332a,24100,CASH,VERIFIED,RCP00000404,,,,,2026-08-25 09:58:00+00,,,t,8920408f-92fe-4c78-815d-9794cf9eaee3,2026-08-27 11:28:24.09731+00,2026-09-02 15:27:19.322365+00
11f174ec-baee-4918-baea-69c1d0584104,bba41fa0-931f-4461-b49a-b0d4eb229eac,2dfc73e0-dba9-4aa5-babf-d5141ded5497,12126.88,UPI,VERIFIED,RCP00000326,,,,,2026-08-26 16:44:00+00,,,t,893c3357-55bd-431a-be14-076ed773d52e,2026-08-27 11:28:22.713434+00,2026-09-02 15:27:19.322365+00
d4cae12e-8e54-4e96-aa9b-ecb7754eeb1d,5494eb34-9d0c-467e-b7af-0b574a3d1b34,357e2e09-b637-468e-818b-57a5dce18e9c,3191.81,RTGS,VERIFIED,RCP2026090297563,,,,,2026-09-21 06:46:00+00,2026-09-21 06:46:00+00,,t,8941a605-4e26-4b11-b974-b747993af633,2026-09-21 06:09:26.393981+00,2026-09-21 06:09:26.393984+00
0f96fe04-53ed-4442-a955-c8cdac83f198,5885ae2e-a129-447f-833a-a449088eacd0,3aa13103-bd03-4578-9292-44d88d58da00,9074.9,CASH,VERIFIED,REC-20260901-72288,UPI-20260901-611124,,,,2026-09-01 10:11:00+00,,,f,89557330-4d84-4d7d-9c41-b564f307be1b,2026-09-02 07:19:28.695104+00,2026-09-02 15:27:19.322365+00
292341e4-c9e3-4039-a4f5-f6c3f6b080e1,660c9554-1039-450f-8491-4c4b35e29d2c,e9dced65-f61b-4c24-bae7-d4170299ed46,3867.1,CASH,VERIFIED,REC-20260901-28991,UPI-20260901-517386,,,,2026-09-01 15:31:00+00,,,f,899b4af9-1a10-4216-bbfc-430d03bc1b53,2026-09-02 07:19:29.525105+00,2026-09-02 15:27:19.322365+00
02caa05c-d94b-496e-b4e3-d09fb5948ba4,125d3daa-4410-4ddb-ac90-48a2f17f90b9,3aa13103-bd03-4578-9292-44d88d58da00,7861.2,CASH,VERIFIED,RCP2026090297281,,,,,2026-09-17 07:11:00+00,2026-09-17 07:11:00+00,,t,89b23e38-aacd-4466-aeb0-bb20ab1e730a,2026-09-17 06:31:12.401921+00,2026-09-17 06:31:12.401924+00
8abb3c89-e63d-4bb6-9cfd-a72942f4fcd2,3fd22215-7f39-4fe3-86a3-69e3a336e170,c37b6a5c-9d1c-46d4-8ece-dfce290dc74b,4101.72,UPI,VERIFIED,RCP2026090297537,,,,,2026-09-21 04:36:00+00,2026-09-21 04:36:00+00,,t,89eb5383-a8e7-4060-98f5-9ba9965dbabc,2026-09-21 06:09:26.143245+00,2026-09-21 06:09:26.14325+00
8c3faef2-4c23-4681-bfb6-0ab9431494b1,53d1696d-d93d-4d76-9887-afe7c94868a1,5fbae4d6-59d1-4e6c-8a80-fe57244a45bb,25330,NEFT,VERIFIED,RCP2026090297513,,,,,2026-09-21 05:00:00+00,2026-09-21 05:00:00+00,,t,89f9fe83-a127-4fcf-92e4-a59e71122d9c,2026-09-21 06:09:25.902881+00,2026-09-21 06:09:25.902885+00
d7adc8a4-0239-4c96-b15c-b1014918a5cb,01aad850-9734-489b-9cda-e34bae913557,c37b6a5c-9d1c-46d4-8ece-dfce290dc74b,632.99,UPI,VERIFIED,RCP00000298,,,,,2026-08-26 09:22:00+00,,,t,8a1a4fe8-77eb-4671-bd20-8653a38f61cf,2026-08-27 11:28:22.149556+00,2026-09-02 15:27:19.322365+00
d1483dff-17f9-45b3-a291-e57d854c32a4,edffcd0d-5d5f-4d26-9363-8236f752bacf,357e2e09-b637-468e-818b-57a5dce18e9c,3328.47,CHEQUE,VERIFIED,RCP2026090297220,,,,,2026-09-10 11:06:00+00,2026-09-10 11:06:00+00,,t,8a4f1a2f-027e-4f6d-9de2-2782d43356c3,2026-09-10 10:42:26.681076+00,2026-09-10 10:42:26.681081+00
2838c047-7849-4c99-9b47-060632b896ac,6bb439c5-26f1-4e23-a713-f0a6c3c098e2,4a182f53-a1a1-4f15-945a-6a56f4e04b64,370.86,UPI,VERIFIED,RCPT-DAY-0383,,,,,2026-08-27 12:35:00+00,2026-08-27 12:37:00+00,,f,8a6dacfb-b73a-461b-bc97-499e1fed3849,2026-08-27 11:28:11.083573+00,2026-09-02 15:27:19.322365+00
f6214dfe-4902-40b4-a96b-3ab55abfafd9,bb37f56b-6d7a-4a3c-b1f7-f8f63f8a76e7,c37b6a5c-9d1c-46d4-8ece-dfce290dc74b,1310,DD,VERIFIED,RCP00000301,,,,,2026-08-26 17:20:00+00,,,t,8c135144-87b6-4228-bf1a-2b1045a87eb4,2026-08-27 11:28:22.183192+00,2026-09-02 15:27:19.322365+00
7710fef3-54cd-402c-8a40-cfa46e2dd2d7,6003092f-3e82-4daf-9304-53c08f7ebfa6,3e9c4168-1de9-43e8-b9f2-fbf3f931949d,42770,UPI,VERIFIED,RCP2026090297485,,,,,2026-09-21 08:40:00+00,2026-09-21 08:40:00+00,,t,8c6486c4-7c06-4763-945c-67c189213e76,2026-09-21 06:09:25.63349+00,2026-09-21 06:09:25.633493+00
e0bab7f4-428d-4db6-9bd0-b5ac9bde72f5,8e366ff0-cb3d-409a-bb40-f647caa4434e,a2e2555c-f597-43af-a77a-fe708f967218,49780,UPI,VERIFIED,RCPT-DAY-0316,,,,,2026-08-27 15:01:00+00,2026-08-27 15:03:00+00,,f,8c7c7a22-434a-42b4-a4c1-35fa5933251b,2026-08-27 11:28:10.541777+00,2026-09-02 15:27:19.322365+00
c2ef0022-5414-4b2f-b227-a51255386a9a,e0ed47e5-73e7-40d9-9d2d-626475a6446f,c2f2e0ce-5aeb-4ece-8325-2167edfe139e,3690,RTGS,VERIFIED,RCP00000337,,,,,2026-08-26 17:20:00+00,,,t,8cc10a54-c5d7-4bc7-968a-6322fbba2ab1,2026-08-27 11:28:22.979646+00,2026-09-02 15:27:19.322365+00
efcf5b68-75d1-4595-812c-d49a3f2ee45b,,8e59153e-dc8e-4efa-af65-1db304a6f3f1,4837.22,UPI,VERIFIED,RCP00000157,,,,,2026-06-04 15:15:00+00,2026-06-04 15:15:00+00,,t,8ccab7e4-d08f-4789-8c11-318a0f36177a,2026-08-27 11:28:04.954272+00,2026-09-02 15:27:19.322365+00
1fdc5e0f-fb7a-45e3-84ca-b0f0d25e3ccb,54e89d2c-d690-43e5-8576-77d1cfba5ca8,c6ca60b7-2143-412b-887e-c30ae9cda031,3633.07,CHEQUE,VERIFIED,RCP2026090297324,,,,,2026-09-17 05:30:00+00,2026-09-17 05:30:00+00,,t,8d0399d0-abda-4298-ad52-9bfa77de6c32,2026-09-17 06:31:12.954915+00,2026-09-17 06:31:12.954918+00
1d52bd4e-f848-4df5-b573-a3785cd74a18,ebd365ff-69dd-48f7-a6e6-0f3866a66137,a2e2555c-f597-43af-a77a-fe708f967218,3537.71,CHEQUE,VERIFIED,RCP2026090297341,,,,,2026-09-17 09:14:00+00,2026-09-17 09:14:00+00,,t,8d1896f9-534e-4db0-a4e5-238e8a53393d,2026-09-17 06:31:13.214275+00,2026-09-17 06:31:13.214278+00
5ef7ec75-c1d3-4d9c-b5b3-1ad438c25898,1e83e0c3-587e-4632-a6af-443247fdca1a,4a182f53-a1a1-4f15-945a-6a56f4e04b64,13579.73,CHEQUE,VERIFIED,REC-20260902-97216,UPI-20260902-380085,,,,2026-09-02 12:11:00+00,,,f,8d25bb15-ffd8-481e-9970-63c6b4bb80ea,2026-09-02 07:19:30.140531+00,2026-09-02 15:27:19.322365+00
fc74bf9e-b236-4cd9-b3e5-002e72da0ad6,7a2326cb-b297-4b95-ac93-70c047cd8689,3aa13103-bd03-4578-9292-44d88d58da00,4232.86,UPI,VERIFIED,RCP00000346,,,,,2026-08-25 12:47:00+00,,,t,8d2b0802-50d3-4c61-b513-97a5aa4ae511,2026-08-27 11:28:23.146313+00,2026-09-02 15:27:19.322365+00
4d2af631-7807-4569-8292-b03b1f222a49,bf32ac4f-b6cd-42cc-a5c2-c17fc12ba052,3e9c4168-1de9-43e8-b9f2-fbf3f931949d,28094.81,NEFT,VERIFIED,RCP2026090297310,,,,,2026-09-17 06:37:00+00,2026-09-17 06:37:00+00,,t,8d5a6ea8-b2e5-44e3-aeb5-444c3ee9efa7,2026-09-17 06:31:12.684817+00,2026-09-17 06:31:12.68482+00
d71c5dd8-8199-4430-a763-ad9c76ca11f5,6a99cfae-bde3-43ff-9adf-a354cb6f38c8,2b6de8aa-0976-4be0-8a40-043ff86ffa54,6216.62,CASH,VERIFIED,REC-20260901-96629,UPI-20260901-882459,,,,2026-09-01 09:44:00+00,,,f,8d67b289-7970-46d8-91d4-124dd2a25859,2026-09-02 07:19:28.965147+00,2026-09-02 15:27:19.322365+00
63cc3b08-5f7c-4787-872c-bfb6de16b2c3,3ad60f70-ba4b-482d-bd9e-a8a66771af1b,c6ca60b7-2143-412b-887e-c30ae9cda031,34100,CASH,VERIFIED,RCPT-DAY-0372,,,,,2026-08-27 15:24:00+00,2026-08-27 15:26:00+00,,f,8d7c0f13-3a1b-49fd-9a80-d8518ad27e4a,2026-08-27 11:28:11.00849+00,2026-09-02 15:27:19.322365+00
bf865e39-62f6-4616-af57-c6e4b50ab726,25ba965b-73bf-4f5d-8bf9-f845c296493f,e9dced65-f61b-4c24-bae7-d4170299ed46,8930.21,UPI,VERIFIED,RCP2026090297389,,,,,2026-09-18 04:48:00+00,2026-09-18 04:48:00+00,,t,8e109f40-45c4-4ba7-8c9c-62575dada2d7,2026-09-18 06:37:21.722335+00,2026-09-18 06:37:21.722339+00
71c58b4f-55d5-4feb-a8de-8a27c3b4d37c,969ef48e-ce16-412c-ba02-cfc221bcee4b,c33350cc-f581-492e-807f-14262d56ebcb,7651.44,CHEQUE,VERIFIED,RCP2026090297361,,,,,2026-09-17 08:30:00+00,2026-09-17 08:30:00+00,,t,8e1be3e9-5829-4ac7-a5c1-c8e4d0ea6dd6,2026-09-17 06:31:13.525687+00,2026-09-17 06:31:13.525694+00
84fc47d7-5436-4a7c-8322-8e396301c34e,90e6e667-5de8-4fdc-b26f-59471b00bf88,5fbae4d6-59d1-4e6c-8a80-fe57244a45bb,49780,DD,VERIFIED,RCP00000235,,,,,2026-03-21 10:45:00+00,2026-03-22 10:45:00+00,,t,8e6e89a1-ac5f-49bc-b7c5-69ee01cc6dbe,2026-08-27 11:28:07.749771+00,2026-09-02 15:27:19.322365+00
d397060f-996d-44eb-afe8-5de486bbd411,5de59f4f-f938-4c1f-9adb-7fb1867d3cf5,8e59153e-dc8e-4efa-af65-1db304a6f3f1,48780,NEFT,VERIFIED,RCP2026090297224,,,,,2026-09-10 11:37:00+00,2026-09-10 11:37:00+00,,t,8e92cd8a-c697-41b5-a5c7-99ae59d6b01e,2026-09-10 10:42:26.843156+00,2026-09-10 10:42:26.843159+00
6380955b-a9f4-4ec4-8740-c0e3a57e72c4,5d21162a-cc21-4395-80d4-aabc19040d24,2dfc73e0-dba9-4aa5-babf-d5141ded5497,23410.89,CHEQUE,VERIFIED,RCP2026090297437,,,,,2026-09-18 03:30:00+00,2026-09-18 03:30:00+00,,t,8eb2ae66-3bca-40b1-a1d1-c7bf82206be4,2026-09-18 06:37:22.326613+00,2026-09-18 06:37:22.326617+00
8fde9f37-749a-47d2-87f0-7fa71c1892fc,91c21b34-9165-4c5f-a897-b13ae80c3684,4a182f53-a1a1-4f15-945a-6a56f4e04b64,1329.75,NEFT,VERIFIED,RCP00000386,,,,,2026-08-26 08:22:00+00,,,t,8ee7175d-8c76-49d6-9836-a6b404874a6e,2026-08-27 11:28:23.774754+00,2026-09-02 15:27:19.322365+00
6aaa775a-1485-4eed-a4df-9f14a4c2b89b,,c2f2e0ce-5aeb-4ece-8325-2167edfe139e,2849.15,NEFT,VERIFIED,RCP00000121,,,,,2026-06-03 15:07:00+00,2026-06-03 15:07:00+00,,t,8eee8510-751e-4605-ad26-a31579f99b2b,2026-08-27 11:28:04.474104+00,2026-09-02 15:27:19.322365+00
be17e49c-000f-47f9-ab77-041d069a8b56,e856e76c-8dd5-4d2f-92c3-f2d25cc63f6d,c6ca60b7-2143-412b-887e-c30ae9cda031,1107.92,RTGS,VERIFIED,REC-20260902-93890,UPI-20260902-510299,,,,2026-09-02 12:23:00+00,,,f,8feaac8d-a544-498a-b704-b4418ce5d0b7,2026-09-02 07:19:30.685342+00,2026-09-02 15:27:19.322365+00
42d121da-cc66-42cb-918e-5bc22b52c2ab,be194081-254c-4ef2-b58d-9a05ba3bc0af,3e9c4168-1de9-43e8-b9f2-fbf3f931949d,13555.22,DD,VERIFIED,RCP00000187,,,,,2026-04-25 15:24:00+00,2026-04-26 15:24:00+00,,t,9034e362-7bb2-4eac-a83f-2725ba441673,2026-08-27 11:28:06.10428+00,2026-09-02 15:27:19.322365+00
8b280147-6af2-4e13-a908-6a2f86128349,58c8fa3a-26e2-4aaf-bc2d-0370238cd425,2dfc73e0-dba9-4aa5-babf-d5141ded5497,19710,CASH,VERIFIED,RCP00000250,,,,,2026-03-23 18:52:00+00,2026-03-23 18:52:00+00,,t,9040591a-a002-485d-a896-683388eb894d,2026-08-27 11:28:08.010634+00,2026-09-02 15:27:19.322365+00
48cc17b2-8f5e-4a71-9224-e9b3d3f3b19f,6e0aa69c-0084-49b5-82b7-2cddb4e648f9,c37b6a5c-9d1c-46d4-8ece-dfce290dc74b,11450,CHEQUE,VERIFIED,REC-20260902-18420,UPI-20260902-634266,,,,2026-09-02 12:43:00+00,,,f,905ad027-ecc4-4c08-a776-748d1a078007,2026-09-02 07:19:29.124903+00,2026-09-02 15:27:19.322365+00
0dd8e62a-6fed-4336-908e-830044c97213,f70910a6-0897-446a-9ca8-088e9bbe5538,c6ca60b7-2143-412b-887e-c30ae9cda031,15070,NEFT,VERIFIED,RCP00000031,,,,,2026-07-13 12:07:00+00,2026-07-13 12:07:00+00,,t,9064e34d-b0d7-44cf-8c2f-bf8c095d24f5,2026-08-27 11:28:01.694755+00,2026-09-02 15:27:19.322365+00
26bdf503-7fd2-44b1-9065-93841530fe3f,f6a91ec3-9eb3-456d-854e-56099a9a30fe,8e59153e-dc8e-4efa-af65-1db304a6f3f1,22677.53,NEFT,VERIFIED,RCP2026090297347,,,,,2026-09-17 07:21:00+00,2026-09-17 07:21:00+00,,t,908348c0-c302-4586-b218-d5d7b664db15,2026-09-17 06:31:13.310882+00,2026-09-17 06:31:13.310886+00
94afb3e9-d0ad-404e-bc13-cf1654dc4ef1,6ca7b416-dc8f-4f2a-be9f-1a76e5444253,c37b6a5c-9d1c-46d4-8ece-dfce290dc74b,15884.79,DD,VERIFIED,RCP00000134,,,,,2026-05-22 17:15:00+00,2026-05-22 17:15:00+00,,t,90fc972b-67ac-4cd5-959b-e9000436dc65,2026-08-27 11:28:04.610411+00,2026-09-02 15:27:19.322365+00
cc00d26b-c20b-4b2a-b910-32483a7ea449,ec9ddd03-b48a-4af3-ad2c-0245f02b13b8,4a182f53-a1a1-4f15-945a-6a56f4e04b64,2967.9,NEFT,VERIFIED,RCP2026090297426,,,,,2026-09-18 08:54:00+00,2026-09-18 08:54:00+00,,t,91738728-2bdb-446e-af1a-9d1b423d12bb,2026-09-18 06:37:22.141445+00,2026-09-18 06:37:22.14145+00
9c2c2742-538c-47a5-b4ce-393bf37ab97d,edfa8e26-d50e-4431-ba87-aef4ea31a8ab,e9dced65-f61b-4c24-bae7-d4170299ed46,35430,CASH,VERIFIED,RCPT-DAY-0361,,,,,2026-08-27 12:26:00+00,2026-08-27 12:28:00+00,,f,91afa2a0-90d9-41eb-ac63-1781a328c04a,2026-08-27 11:28:10.918983+00,2026-09-02 15:27:19.322365+00
8f232ce3-7ff4-47a3-9e19-ccb8cd576b0a,70f64ef6-09d2-4a15-b500-28ce35bc9443,c33350cc-f581-492e-807f-14262d56ebcb,2778.87,RTGS,VERIFIED,RCP00000100,,,,,2026-05-30 11:40:00+00,2026-05-31 11:40:00+00,,t,91be0822-e2b7-4ee9-a0ae-10106485e9c1,2026-08-27 11:28:04.04871+00,2026-09-02 15:27:19.322365+00
18295667-56d1-4b7a-be8b-a84f22a51c34,91cb3185-fc4c-4de1-95b5-141ee27618c1,4a182f53-a1a1-4f15-945a-6a56f4e04b64,12000,RTGS,VERIFIED,RCP00000028,,,,,2026-07-31 16:52:00+00,2026-07-31 16:52:00+00,,t,91ec0d42-48a6-4e0d-ad22-5b2b52032904,2026-08-27 11:28:01.656945+00,2026-09-02 15:27:19.322365+00
faf49903-1264-4117-86f9-5eaf333333c1,b00c87f2-1a86-41ac-a8b5-cb4c61831144,357e2e09-b637-468e-818b-57a5dce18e9c,1657.68,UPI,VERIFIED,RCP00000383,,,,,2026-08-25 11:33:00+00,,,t,924ddc2a-1f34-4929-9132-b8cbacfc13f4,2026-08-27 11:28:23.688228+00,2026-09-02 15:27:19.322365+00
11a9c6df-ad17-4697-a827-b3ff241e4530,,c37b6a5c-9d1c-46d4-8ece-dfce290dc74b,8880,UPI,VERIFIED,RCP00000252,,,,,2026-03-13 15:43:00+00,2026-03-13 15:43:00+00,,t,92c47f5b-1395-4a32-b039-b645b08ab812,2026-08-27 11:28:08.067039+00,2026-09-02 15:27:19.322365+00
714085f0-81e2-490e-8294-4d997ffcf6e3,a001c8a0-eaad-425a-953e-489f77a68898,8e59153e-dc8e-4efa-af65-1db304a6f3f1,16135.75,UPI,VERIFIED,RCP00000200,,,,,2026-04-27 17:30:00+00,2026-04-27 17:30:00+00,,t,931c9591-9d84-4dc5-921d-3dd0c54db353,2026-08-27 11:28:06.32204+00,2026-09-02 15:27:19.322365+00
983a10de-c757-493e-859f-bdbc533cd8d9,23b65474-c83a-4e42-9193-f3af1f25d3b6,2b6de8aa-0976-4be0-8a40-043ff86ffa54,16036.83,UPI,VERIFIED,RCPT-DEMO-003,,,,,2026-08-27 12:00:00+00,,,f,93225927-21f6-4893-8e5d-973957a1eca1,2026-08-27 11:28:09.765347+00,2026-09-02 15:27:19.322365+00
f7af24f5-aeba-4868-b1f9-ec794bbca1f3,f5e18a6c-0096-4e00-a232-2893a3b83316,a13886ca-739b-47b4-a473-724e03f7332a,3950,NEFT,VERIFIED,RCP00000225,,,,,2026-03-09 16:48:00+00,2026-03-09 16:48:00+00,,t,93884b63-f051-4060-b1a8-0fb0a30df403,2026-08-27 11:28:07.583065+00,2026-09-02 15:27:19.322365+00
4988c57e-5ccd-439c-9a74-42d4ef6c88c6,c6483f91-8c9f-4902-85cf-1bfe86fd4514,c6ca60b7-2143-412b-887e-c30ae9cda031,1129.37,CASH,VERIFIED,REC-20260901-74613,UPI-20260901-999425,,,,2026-09-01 12:39:00+00,,,f,93d85ef5-fa47-4b75-b609-7f2e44677877,2026-09-02 07:19:30.597817+00,2026-09-02 15:27:19.322365+00
fdd9a91f-c1b8-4546-9181-773c7b0e9717,43afc134-377a-434b-a80f-5453ac95a508,e9dced65-f61b-4c24-bae7-d4170299ed46,7676.01,RTGS,VERIFIED,RCP00000144,,,,,2026-05-29 13:12:00+00,2026-05-29 13:12:00+00,,t,940f0037-d84e-4f46-9144-2807b4b12e6b,2026-08-27 11:28:04.72923+00,2026-09-02 15:27:19.322365+00
b4bcc423-98c5-4c1a-b4ba-619ad678910f,716ea92b-21cd-4fe8-b56a-3d22a1dfcf98,2b6de8aa-0976-4be0-8a40-043ff86ffa54,6480.31,UPI,VERIFIED,RCP2026090297459,,,,,2026-09-18 10:48:00+00,2026-09-18 10:48:00+00,,t,941381db-addc-4c8d-93d6-201d545f6bdc,2026-09-18 06:37:22.72326+00,2026-09-18 06:37:22.723266+00
3e926492-2fb7-45df-8cc7-4dbf17099a2f,2068dc43-d6dc-43a4-8db2-5b84f7e0f87e,c6ca60b7-2143-412b-887e-c30ae9cda031,16246.66,RTGS,VERIFIED,RCP00000048,,,,,2026-07-21 14:18:00+00,2026-07-21 14:18:00+00,,t,95128d48-76d6-4980-bb9e-5bc5e0427fc4,2026-08-27 11:28:02.04941+00,2026-09-02 15:27:19.322365+00
ca0dc962-7643-46e0-bd8e-8058f7ec6031,2bef25b3-e649-4271-934c-f0027fb404bc,357e2e09-b637-468e-818b-57a5dce18e9c,43303.5,CASH,VERIFIED,RCPT-DAY-0375,,,,,2026-08-27 10:32:00+00,2026-08-27 10:34:00+00,,f,951fee24-7e05-45ae-b6f3-c92354fcee11,2026-08-27 11:28:11.024624+00,2026-09-02 15:27:19.322365+00
bdccc693-4329-4648-bcee-c98457d9770d,6dd5bcc8-237e-4689-94eb-e2e5ddfb86b6,b06cd5a3-f1c0-4cdb-b241-9ce2d6c5e791,73.22,DD,VERIFIED,RCP00000116,,,,,2026-05-14 18:58:00+00,2026-05-14 18:58:00+00,,t,9594edd0-3990-4c7b-b7a3-99073b45d7d0,2026-08-27 11:28:04.333519+00,2026-09-02 15:27:19.322365+00
3635d152-b667-4fd9-8c62-a21f4d601211,6e6ebaa7-2a42-48a8-abf5-566e290df928,a2e2555c-f597-43af-a77a-fe708f967218,36860,NEFT,VERIFIED,RCP00000309,,,,,2026-08-26 17:41:00+00,,,t,964b4bef-5deb-4414-9288-1b1c6fd04a3f,2026-08-27 11:28:22.3016+00,2026-09-02 15:27:19.322365+00
7bd447a1-3659-4eda-a558-5383c7cebdfc,5b85b897-8ed2-40c4-8e24-530b869cc190,2dfc73e0-dba9-4aa5-babf-d5141ded5497,2088.55,UPI,VERIFIED,RCP00000273,,,,,2026-03-28 14:44:00+00,2026-03-29 14:44:00+00,,t,968b31f3-dcb8-47c5-8e95-3460cd5b6e3d,2026-08-27 11:28:08.371599+00,2026-09-02 15:27:19.322365+00
0c751000-c8fa-4772-a41a-28dd7b868a85,eed79c52-19b0-4cf7-aa91-4f488bf65069,c6ca60b7-2143-412b-887e-c30ae9cda031,5366.42,UPI,VERIFIED,RCP2026090297348,,,,,2026-09-17 05:02:00+00,2026-09-17 05:02:00+00,,t,976a7038-dafb-4ac4-bfdb-ef10fbab35fd,2026-09-17 06:31:13.325729+00,2026-09-17 06:31:13.325734+00
a750abe2-09b8-48dc-b63d-b175c4457002,c01b5323-4360-4b75-b0e4-2d9d6f4c94b5,3aa13103-bd03-4578-9292-44d88d58da00,28320,UPI,VERIFIED,RCP2026090297365,,,,,2026-09-18 04:47:00+00,2026-09-18 04:47:00+00,,t,97815869-f54a-48c3-bc17-6fa30ad8835c,2026-09-18 06:37:21.426731+00,2026-09-18 06:37:21.426733+00
11f85ef0-010d-4aac-b797-36231234cada,a9c7441f-fa37-411f-bdf0-27f322d17cc7,3aa13103-bd03-4578-9292-44d88d58da00,21095.21,CASH,VERIFIED,RCPT-DAY-0344,,,,,2026-08-27 08:57:00+00,2026-08-27 08:59:00+00,,f,97a0452d-dcc6-408b-ab2e-49cdd8c528ea,2026-08-27 11:28:10.787216+00,2026-09-02 15:27:19.322365+00
fe454d89-af3b-4810-9a99-86f1438bcf0c,5dc7e07c-0666-4779-850d-89bc71029ab4,3aa13103-bd03-4578-9292-44d88d58da00,13270.7,CASH,VERIFIED,RCP00000345,,,,,2026-08-25 10:59:00+00,,,t,980dcf97-817e-4ab1-a18a-6011f1e5ee61,2026-08-27 11:28:23.124018+00,2026-09-02 15:27:19.322365+00
197f73a0-ba74-47eb-952a-b22aa1993bdc,b914b7c9-cf4d-4414-bf31-e93c5c16c552,cd9e6eca-028e-4c61-8e82-048327bc4476,35234.41,CASH,VERIFIED,RCPT-DAY-0302,,,,,2026-08-27 10:57:00+00,2026-08-27 10:59:00+00,,f,98373606-4955-4a0a-8092-569ec38fe51e,2026-08-27 11:28:10.410806+00,2026-09-02 15:27:19.322365+00
a91b2719-8e08-4b6a-80dd-211650b9c023,527c4724-1bb5-4e34-8013-52a0bef6d58e,5fbae4d6-59d1-4e6c-8a80-fe57244a45bb,31518.72,NEFT,VERIFIED,RCP00000138,,,,,2026-05-09 11:29:00+00,2026-05-09 11:29:00+00,,t,984d0094-5d2d-42c5-ac61-e632e56c0cc9,2026-08-27 11:28:04.656254+00,2026-09-02 15:27:19.322365+00
4cd6c121-79c6-4c9e-9b92-2572d136b91e,2ec08fb2-a16d-4956-aa9c-5142450a4cd8,b06cd5a3-f1c0-4cdb-b241-9ce2d6c5e791,3422.55,NEFT,VERIFIED,RCP00000416,,,,,2026-08-26 13:05:00+00,,,t,984d0aa6-6f47-4c3b-866f-1945563e27b1,2026-08-27 11:28:24.271367+00,2026-09-02 15:27:19.322365+00
7ffe8337-d842-40bf-86a1-ec35033c945c,a9826a2d-ff26-4645-8849-b79bf780d2f0,8e59153e-dc8e-4efa-af65-1db304a6f3f1,39908.97,UPI,VERIFIED,RCP2026090297372,,,,,2026-09-18 09:09:00+00,2026-09-18 09:09:00+00,,t,984e20be-9c35-4938-ac35-f34ae343f67e,2026-09-18 06:37:21.513562+00,2026-09-18 06:37:21.513565+00
efcf5b68-75d1-4595-812c-d49a3f2ee45b,0c1347ec-aa99-486a-ad18-58d0c247390f,8e59153e-dc8e-4efa-af65-1db304a6f3f1,22122.78,NEFT,VERIFIED,RCP00000156,,,,,2026-06-04 12:05:00+00,2026-06-04 12:05:00+00,,t,9942b185-c188-4226-9e65-56fcd1c6ebaa,2026-08-27 11:28:04.949165+00,2026-09-02 15:27:19.322365+00
69f3815e-7a65-4036-bb6f-cc51adf67f2b,9fec8ea2-5978-41dd-864d-3a32747d1331,3e9c4168-1de9-43e8-b9f2-fbf3f931949d,42380,UPI,VERIFIED,REC-20260902-28977,UPI-20260902-708562,,,,2026-09-02 13:35:00+00,,,f,9a14c0ca-2e3e-4c4e-b9f5-e5b287a8013e,2026-09-02 07:19:29.994877+00,2026-09-02 15:27:19.322365+00
40924c9a-cb1c-4994-b4f6-91d8d73b8976,fd589af5-dc58-4d7d-80ba-9d8971d6b6e4,b06cd5a3-f1c0-4cdb-b241-9ce2d6c5e791,11886.32,CHEQUE,VERIFIED,RCP00000420,,,,,2026-08-25 16:05:00+00,,,t,9a376c02-6b99-4a57-a87d-ac5101b8fbe0,2026-08-27 11:28:24.340816+00,2026-09-02 15:27:19.322365+00
eae3aaea-e518-4d78-a556-20ebbb16c5b7,91039263-f142-431a-b1be-5f33351f4fda,a13886ca-739b-47b4-a473-724e03f7332a,635.79,RTGS,VERIFIED,REC-20260901-41392,UPI-20260901-867532,,,,2026-09-01 10:20:00+00,,,f,9a4efdcf-1e62-4df8-97ed-e7da0bde0240,2026-09-02 07:19:30.204403+00,2026-09-02 15:27:19.322365+00
7f5bab5a-5be9-476c-a7db-2998e9c530ef,4a20368e-135a-4941-88b6-519cbb0ce615,e9dced65-f61b-4c24-bae7-d4170299ed46,40414.23,DD,VERIFIED,RCP00000015,,,,,2026-08-25 11:00:00+00,2026-08-25 11:00:00+00,,t,9a76ff81-1091-4f4b-bc37-2c8cec9d8a28,2026-08-27 11:28:01.237723+00,2026-09-02 15:27:19.322365+00
afe616d9-16c5-4bd2-b6fa-774fae54c02c,f750b95c-4a16-4cd0-8997-af47bd068a47,2b6de8aa-0976-4be0-8a40-043ff86ffa54,3480.06,CASH,VERIFIED,REC-20260902-35215,UPI-20260902-487800,,,,2026-09-02 13:45:00+00,,,f,9ac740eb-2ac6-4c0e-a631-223af531f7a3,2026-09-02 07:19:29.014879+00,2026-09-02 15:27:19.322365+00
07be6b9f-5f8e-4a9d-825c-6fdd353731b6,2639108f-f076-4a58-985a-adaff242021c,a13886ca-739b-47b4-a473-724e03f7332a,7380,CHEQUE,VERIFIED,RCP00000410,,,,,2026-08-24 15:01:00+00,,,t,9ad0d4c4-9ca7-49e3-849c-c87e90f868d8,2026-08-27 11:28:24.193058+00,2026-09-02 15:27:19.322365+00
3453e14a-d97b-4a57-a664-99abe04c98b7,5c25c582-8e3c-465e-b034-2818bf376786,c37b6a5c-9d1c-46d4-8ece-dfce290dc74b,2202.25,CASH,VERIFIED,RCPT-HIST-M10A,,,,,2026-07-28 10:15:00+00,,,f,9adbfa30-39b2-4ce0-a053-0a02519358c1,2026-08-27 11:28:09.703034+00,2026-09-02 15:27:19.322365+00
f4f8dd22-78f4-40f3-8b26-4f8567da2da4,b7eb6919-0e5a-4868-8b70-fb4089265840,c37b6a5c-9d1c-46d4-8ece-dfce290dc74b,1762.61,CASH,VERIFIED,RCP2026090297534,,,,,2026-09-21 05:44:00+00,2026-09-21 05:44:00+00,,t,9ae21490-82f6-4c6c-b231-1e613c9477c0,2026-09-21 06:09:26.115074+00,2026-09-21 06:09:26.115078+00
c7bcf5df-0b3b-4ffc-a768-53ed82bac9e0,72dc16bb-534d-432f-82e9-e2e93e5b03c5,b06cd5a3-f1c0-4cdb-b241-9ce2d6c5e791,19799.08,UPI,VERIFIED,RCP00000414,,,,,2026-08-26 09:31:00+00,,,t,9afbcaa0-f895-439f-b5d8-f4770138ecda,2026-08-27 11:28:24.256868+00,2026-09-02 15:27:19.322365+00
040d1b3e-b365-4dd1-943e-eaeb1e543898,da38f085-adcb-45f0-962f-ccef58f3be6e,cd9e6eca-028e-4c61-8e82-048327bc4476,4060,RTGS,VERIFIED,RCP00000171,,,,,2026-04-29 10:47:00+00,2026-04-29 10:47:00+00,,t,9b084331-9f48-42e9-b28b-3f803ffd24d2,2026-08-27 11:28:05.830075+00,2026-09-02 15:27:19.322365+00
ad0ffdb4-bb03-47da-b46a-07ccdcdf5194,a003ec78-1c68-4f8c-882d-2f851412fc2b,c33350cc-f581-492e-807f-14262d56ebcb,11234.42,CHEQUE,VERIFIED,RCP2026090297439,,,,,2026-09-18 09:48:00+00,2026-09-18 09:48:00+00,,t,9b64aac0-5aa8-46c1-8140-624288397a30,2026-09-18 06:37:22.359505+00,2026-09-18 06:37:22.35951+00
fc9f191e-ec5f-4aba-abbd-09216c6daee0,aa826487-3ea5-439b-814b-015be9ca6b0f,b06cd5a3-f1c0-4cdb-b241-9ce2d6c5e791,1041.05,UPI,VERIFIED,REC-20260902-57304,UPI-20260902-635209,,,,2026-09-02 09:43:00+00,,,f,9b67213c-d7c6-44e7-b75f-782978941389,2026-09-02 07:19:30.53188+00,2026-09-02 15:27:19.322365+00
d2b6e704-5ac5-45c1-b5cb-4a10ff082bd9,ce43727a-a290-4aa9-a98c-7fdcb00d5afc,357e2e09-b637-468e-818b-57a5dce18e9c,16648.86,UPI,VERIFIED,REC-20260901-26492,UPI-20260901-981258,,,,2026-09-01 10:41:00+00,,,f,9ba22034-a40e-4e63-aecf-8a3136d789c5,2026-09-02 07:19:28.525044+00,2026-09-02 15:27:19.322365+00
39ee893d-f6ad-4cde-a77c-e21d92ca4010,e19731e8-4bfc-4fb3-a0bc-c0b3a8f67d66,2b6de8aa-0976-4be0-8a40-043ff86ffa54,18650,UPI,VERIFIED,RCP2026090297255,,,,,2026-09-17 11:05:00+00,2026-09-17 11:05:00+00,,t,9ba526c3-3f06-473d-a44d-4494cffeefa1,2026-09-17 06:31:12.104919+00,2026-09-17 06:31:12.104924+00
d96c5d4e-68b7-4e0d-93a9-508bab058069,6cbea144-47d8-4f0f-b56d-de408da7607a,a2e2555c-f597-43af-a77a-fe708f967218,12127.08,CASH,VERIFIED,RCP2026090297315,,,,,2026-09-17 07:32:00+00,2026-09-17 07:32:00+00,,t,9beff36e-d3a6-46c0-8bdc-65e16c193c5f,2026-09-17 06:31:12.734662+00,2026-09-17 06:31:12.734665+00
4925d180-0d94-49fd-80ab-22dbcb5475f5,6f310c5a-4603-48f7-96cf-7b62f539614c,c33350cc-f581-492e-807f-14262d56ebcb,19340.59,DD,VERIFIED,RCP00000140,,,,,2026-05-16 13:29:00+00,2026-05-16 13:29:00+00,,t,9c4ea9dc-d530-41c0-9916-384805b112d0,2026-08-27 11:28:04.692927+00,2026-09-02 15:27:19.322365+00
1c0da5ee-6603-45eb-b062-d5d1fde8f516,5b08c499-9ebc-4f3a-8bae-dfabf0df2aca,3aa13103-bd03-4578-9292-44d88d58da00,16780,UPI,VERIFIED,RCP00000079,,,,,2026-06-15 08:40:00+00,2026-06-15 08:40:00+00,,t,9c5c1c86-75c9-42b4-9a11-d65bd87f0307,2026-08-27 11:28:03.291557+00,2026-09-02 15:27:19.322365+00
bec9af05-44fe-44b5-8287-a7db65383f03,0f676107-97e7-4f3f-9cea-cdaa1e0130c4,3aa13103-bd03-4578-9292-44d88d58da00,26270,NEFT,VERIFIED,RCP00000343,,,,,2026-08-25 08:52:00+00,,,t,9c6ce0d6-f458-4b93-ae51-23de69681aeb,2026-08-27 11:28:23.110258+00,2026-09-02 15:27:19.322365+00
4d7d4851-2464-44eb-a0b9-fb71a584108c,39c91321-099f-4918-8018-75d9c884ac9c,c6ca60b7-2143-412b-887e-c30ae9cda031,27240,CASH,VERIFIED,RCP2026090297497,,,,,2026-09-21 07:23:00+00,2026-09-21 07:23:00+00,,t,9c98449b-e94b-4125-a767-0fd9c240c88c,2026-09-21 06:09:25.751044+00,2026-09-21 06:09:25.751084+00
36650bd1-675d-4d69-9157-e61cd7802849,d40acf1c-9494-4b10-865a-2a27b0cf76b4,c33350cc-f581-492e-807f-14262d56ebcb,20009.68,UPI,VERIFIED,RCP00000350,,,,,2026-08-26 17:34:00+00,,,t,9cad3a3f-fc49-4977-a2f7-cafc99d1ec60,2026-08-27 11:28:23.257698+00,2026-09-02 15:27:19.322365+00
8526cd7e-d33a-4458-bff0-9ecc0e591695,38c4b692-0136-4abf-a449-e20a541216e6,8e59153e-dc8e-4efa-af65-1db304a6f3f1,29360,CASH,VERIFIED,RCP2026090297386,,,,,2026-09-18 04:52:00+00,2026-09-18 04:52:00+00,,t,9cbaa5bd-fcaa-486e-b653-e2c9dbc0efe3,2026-09-18 06:37:21.686566+00,2026-09-18 06:37:21.68657+00
c225c89c-2247-40a6-9d26-a44dc94f1a53,40e2633d-b545-49e4-8c71-f3ecfe6e5b1a,a2e2555c-f597-43af-a77a-fe708f967218,4060.39,CASH,VERIFIED,RCP2026090297402,,,,,2026-09-18 07:20:00+00,2026-09-18 07:20:00+00,,t,9d83817a-51e8-4328-91be-6fb7903dc12d,2026-09-18 06:37:21.870395+00,2026-09-18 06:37:21.870397+00
aa7879bb-bb87-4d9c-9d1a-f62d3fe2cc80,c6ff2a2f-286a-4335-afbc-43a5c8b5b74e,e9dced65-f61b-4c24-bae7-d4170299ed46,6894.78,RTGS,VERIFIED,RCP2026090297342,,,,,2026-09-17 07:53:00+00,2026-09-17 07:53:00+00,,t,9d8abcce-d137-4693-96ac-81d18eb94c15,2026-09-17 06:31:13.228847+00,2026-09-17 06:31:13.228851+00
c82bc922-a062-4400-a475-fe15e721e62e,5aed0261-4165-4016-9bd9-54982a81b267,a13886ca-739b-47b4-a473-724e03f7332a,67240,NEFT,VERIFIED,REC-20260902-85149,UPI-20260902-716040,,,,2026-09-02 10:43:00+00,,,f,9d94c428-6b5d-4624-98af-98275e857c5c,2026-09-02 07:19:30.284462+00,2026-09-02 15:27:19.322365+00
dc95f817-c541-486d-9b01-4c88eb5b5e79,d151d3af-2000-49b8-a3a8-337ca0c57952,3aa13103-bd03-4578-9292-44d88d58da00,6694.88,CASH,VERIFIED,RCP2026090297529,,,,,2026-09-21 08:26:00+00,2026-09-21 08:26:00+00,,t,9e04387b-608c-4096-8b93-5c688f27e3f7,2026-09-21 06:09:26.066931+00,2026-09-21 06:09:26.066934+00
65f53b7f-f072-4528-a02d-8f36380cb68d,71930daf-cb61-4d4c-a65e-128dc49d9e8c,c37b6a5c-9d1c-46d4-8ece-dfce290dc74b,20654.39,CASH,VERIFIED,RCPT-DAY-0309,,,,,2026-08-27 11:55:00+00,2026-08-27 11:57:00+00,,f,9e29477f-67d4-4f16-961f-a09e645959f0,2026-08-27 11:28:10.47471+00,2026-09-02 15:27:19.322365+00
057b3003-ef24-4180-bb92-e5172efd3273,9341d197-e136-4463-b0ce-a387c14433d6,5fbae4d6-59d1-4e6c-8a80-fe57244a45bb,14760,CASH,VERIFIED,RCP00000314,,,,,2026-08-26 15:04:00+00,,,t,9e300531-3b71-4baf-b606-40ad4ee7be9c,2026-08-27 11:28:22.417893+00,2026-09-02 15:27:19.322365+00
c52f3e2b-174e-4f6e-9307-5b31ddbddff9,77eb223c-1eda-49cf-a1e4-e4d7bda6ff4c,3e9c4168-1de9-43e8-b9f2-fbf3f931949d,41689.38,RTGS,VERIFIED,RCP2026090297371,,,,,2026-09-18 06:00:00+00,2026-09-18 06:00:00+00,,t,9e44e0d5-5496-4ce3-bd38-2f1ce03ce450,2026-09-18 06:37:21.502538+00,2026-09-18 06:37:21.50254+00
24d8d22a-0eba-4e41-b44d-a5f4400de443,aa29071a-a247-4c9b-8079-af5fd825f448,b06cd5a3-f1c0-4cdb-b241-9ce2d6c5e791,2190,CASH,VERIFIED,RCPT-DAY-0397,,,,,2026-08-27 08:41:00+00,2026-08-27 08:43:00+00,,f,9e63652d-cdcf-4f65-a44f-d4d22c2ca11b,2026-08-27 11:28:11.209513+00,2026-09-02 15:27:19.322365+00
4af9921c-9c9a-48e4-be92-a91fda622f2b,d0b9b70e-d013-4169-a395-b2f77c1cc50f,4a182f53-a1a1-4f15-945a-6a56f4e04b64,42968.93,CHEQUE,VERIFIED,RCP00000247,,,,,2026-04-06 11:33:00+00,2026-04-06 11:33:00+00,,t,9e67fe7b-5219-4119-ab41-be305c39fcdd,2026-08-27 11:28:07.987365+00,2026-09-02 15:27:19.322365+00
d6897c7a-dfb6-4503-8228-b5861a8a379d,f8b66c22-2c44-4271-a83e-6508e1b88b2e,a2e2555c-f597-43af-a77a-fe708f967218,2493.81,UPI,VERIFIED,RCP2026090297330,,,,,2026-09-17 07:51:00+00,2026-09-17 07:51:00+00,,t,9e70e6ba-2618-43b5-9f6c-9700f1fcc542,2026-09-17 06:31:13.048156+00,2026-09-17 06:31:13.048163+00
2be44aa4-b49b-4b64-a9da-c40aadb57ee7,1f79221e-3901-470d-87b6-831f86c6ae59,2dfc73e0-dba9-4aa5-babf-d5141ded5497,10122.92,CHEQUE,VERIFIED,RCP2026090297536,,,,,2026-09-21 09:21:00+00,2026-09-21 09:21:00+00,,t,9ec3882b-5e45-40ca-b388-fd00a2551a9b,2026-09-21 06:09:26.13386+00,2026-09-21 06:09:26.133863+00
c4a9556c-8149-4e19-a977-75a54bd4102b,64364bb8-5728-439d-99b5-80c444e364ce,b06cd5a3-f1c0-4cdb-b241-9ce2d6c5e791,4489.3,NEFT,VERIFIED,RCP2026090297227,,,,,2026-09-10 15:41:00+00,2026-09-10 15:41:00+00,,t,9eefc74e-9174-4976-b3c7-30d16656a34f,2026-09-10 10:42:26.965957+00,2026-09-10 10:42:26.965961+00
a4b310fb-cd88-4002-b5c8-29aa673feaac,c7068d5b-5f02-4447-8167-7572b67b1a61,c33350cc-f581-492e-807f-14262d56ebcb,10610.33,CASH,VERIFIED,RCP2026090297289,,,,,2026-09-17 03:31:00+00,2026-09-17 03:31:00+00,,t,9f1da117-9ddc-43af-83d2-29cdbb81af43,2026-09-17 06:31:12.48798+00,2026-09-17 06:31:12.487983+00
f87138f2-aad5-41b9-a820-b6480e6acedb,b9eb895b-9d27-4ab1-a8ce-868858be871f,8e59153e-dc8e-4efa-af65-1db304a6f3f1,7921.79,CHEQUE,VERIFIED,RCP2026090297394,,,,,2026-09-18 08:56:00+00,2026-09-18 08:56:00+00,,t,9f3505e8-d52a-404a-ad8e-93fc95cf1477,2026-09-18 06:37:21.782461+00,2026-09-18 06:37:21.782464+00
21c73e2e-1511-48ec-a91d-720066f8a198,3c35591e-ba73-4cdd-a792-83889ed3ee3b,2dfc73e0-dba9-4aa5-babf-d5141ded5497,2157.6,UPI,VERIFIED,REC-20260902-37929,UPI-20260902-565150,,,,2026-09-02 10:25:00+00,,,f,9f3fb3a3-95ac-4994-b071-9c03a0c6fc24,2026-09-02 07:19:28.451172+00,2026-09-02 15:27:19.322365+00
7a76194c-91ef-4ffc-bdb0-53df184bc555,91e683f7-7dbf-4f1f-818a-6960696bf55d,c33350cc-f581-492e-807f-14262d56ebcb,4184.76,CHEQUE,VERIFIED,RCP2026090297399,,,,,2026-09-18 07:11:00+00,2026-09-18 07:11:00+00,,t,9f4d5c26-d3b3-46c8-bc82-71bf3182cb4b,2026-09-18 06:37:21.837258+00,2026-09-18 06:37:21.837261+00
d0a5c54e-7091-49c3-8003-f144d332b54a,97509b94-5540-459d-87c4-d71cbb712f2c,3aa13103-bd03-4578-9292-44d88d58da00,46210,RTGS,VERIFIED,RCP2026090297515,,,,,2026-09-21 11:16:00+00,2026-09-21 11:16:00+00,,t,9f9adf68-5f5c-463c-9091-2bb41f5b3aef,2026-09-21 06:09:25.921312+00,2026-09-21 06:09:25.921315+00
fc9f191e-ec5f-4aba-abbd-09216c6daee0,8e97ce61-ed66-4bac-a41b-57a90eb629d8,2b6de8aa-0976-4be0-8a40-043ff86ffa54,16038.95,NEFT,VERIFIED,RCP00000294,,,,,2026-08-25 09:54:00+00,,,t,9fb50b08-e5d0-4ea4-a9bd-d29187293741,2026-08-27 11:28:22.028511+00,2026-09-02 15:27:19.322365+00
58cfa0ea-7663-494d-8175-9fc3b06218b2,8f2c5099-e35c-4150-bd73-79228fd07beb,c33350cc-f581-492e-807f-14262d56ebcb,43910,NEFT,VERIFIED,RCP2026090297366,,,,,2026-09-18 10:43:00+00,2026-09-18 10:43:00+00,,t,a00a8844-b332-4fe7-b3ed-42788d59b568,2026-09-18 06:37:21.440545+00,2026-09-18 06:37:21.440549+00
1484c2d5-18ee-4af6-88c4-26cd52210993,ffbd25bd-4426-4981-b90a-0a3216588e1d,357e2e09-b637-468e-818b-57a5dce18e9c,32250,RTGS,VERIFIED,RCP00000236,,,,,2026-04-06 15:02:00+00,2026-04-06 15:02:00+00,,t,a04fc2c4-99b1-46f9-8ed5-7ddf2ca8fb71,2026-08-27 11:28:07.760912+00,2026-09-02 15:27:19.322365+00
6d91eb24-c44d-4f16-86a5-3bd86f382850,611f1179-952c-4c6e-a5fb-0872a9962a37,2dfc73e0-dba9-4aa5-babf-d5141ded5497,13596.19,UPI,VERIFIED,RCP00000325,,,,,2026-08-26 15:51:00+00,,,t,a10361c5-d4d8-4b9a-af6e-34fb451b0725,2026-08-27 11:28:22.701995+00,2026-09-02 15:27:19.322365+00
a382f56d-1faa-4a1c-872f-01b52b6bae30,181a4daf-043e-4625-a8ea-5495a3491ae7,2b6de8aa-0976-4be0-8a40-043ff86ffa54,37510,CHEQUE,VERIFIED,RCP2026090297363,,,,,2026-09-18 08:51:00+00,2026-09-18 08:51:00+00,,t,a14c99df-afda-43c7-bafd-f4b0bd7cfe79,2026-09-18 06:37:21.393464+00,2026-09-18 06:37:21.393469+00
499256e2-b77d-44f4-94fd-54dd69bedc72,016e3a13-03c6-4643-842d-11f24b31a144,c33350cc-f581-492e-807f-14262d56ebcb,10544.32,CASH,VERIFIED,RCP00000037,,,,,2026-07-22 11:28:00+00,2026-07-22 11:28:00+00,,t,a2260dbd-a640-43c4-a947-779e3f700acf,2026-08-27 11:28:01.766889+00,2026-09-02 15:27:19.322365+00
9a89d221-937b-4e5c-8e56-86cc5261a4c7,392350f0-f405-4f59-bd1f-c635ee7d940d,b06cd5a3-f1c0-4cdb-b241-9ce2d6c5e791,35430,CASH,VERIFIED,RCP00000253,,,,,2026-03-05 16:19:00+00,2026-03-05 16:19:00+00,,t,a22777c6-7d1c-464d-a102-a7f2ca6a81ec,2026-08-27 11:28:08.08544+00,2026-09-02 15:27:19.322365+00
ebe27796-28a6-43df-96d4-2259a18e7d9e,322affbe-cf55-47dc-aaed-d0f025bcf9b0,e9dced65-f61b-4c24-bae7-d4170299ed46,769.1,NEFT,VERIFIED,RCP2026090297425,,,,,2026-09-18 10:03:00+00,2026-09-18 10:03:00+00,,t,a2798d85-500c-4cde-add9-bf4a7067a36c,2026-09-18 06:37:22.130476+00,2026-09-18 06:37:22.13048+00
1c022ea5-644b-4107-921a-065c6303d789,54d5afef-5aa3-4250-a8a7-ffa6330fc829,a13886ca-739b-47b4-a473-724e03f7332a,8963.26,RTGS,VERIFIED,RCP00000400,,,,,2026-08-26 11:34:00+00,,,t,a2c4074f-e63c-4f5c-90b2-dab4b38b0470,2026-08-27 11:28:24.063263+00,2026-09-02 15:27:19.322365+00
a4e78773-773f-4229-b881-503c2b15a749,d16b0544-7586-4fec-b349-313450f688e3,3aa13103-bd03-4578-9292-44d88d58da00,6386.61,CHEQUE,VERIFIED,REC-20260902-41493,UPI-20260902-982571,,,,2026-09-02 16:50:00+00,,,f,a2e5e4dd-3fc5-495e-85f2-3e3a511d995c,2026-09-02 07:19:28.789418+00,2026-09-02 15:27:19.322365+00
62fb9e5a-22d0-459b-98a2-a15ed7eff9ff,b769d893-241d-4964-8b87-2b293cc6ccbe,8e59153e-dc8e-4efa-af65-1db304a6f3f1,38400,CASH,VERIFIED,RCP2026090297384,,,,,2026-09-18 03:45:00+00,2026-09-18 03:45:00+00,,t,a302f133-f5ad-4ca4-93d1-5f883d733a8c,2026-09-18 06:37:21.661351+00,2026-09-18 06:37:21.661353+00
9044e2bd-36b2-42f2-b7b7-e461935fa985,a8d76f45-d57e-438d-8114-14de6e61f05c,c6ca60b7-2143-412b-887e-c30ae9cda031,8098.52,CHEQUE,VERIFIED,RCP00000374,,,,,2026-08-26 16:42:00+00,,,t,a302f9d4-0424-4b63-b555-81074558f884,2026-08-27 11:28:23.56035+00,2026-09-02 15:27:19.322365+00
0338a53c-19e4-4e9c-8978-8a1cbb51b413,76e7d615-e0f0-4494-8ceb-0c00c7613da8,2b6de8aa-0976-4be0-8a40-043ff86ffa54,3738.57,UPI,VERIFIED,RCP2026090297406,,,,,2026-09-18 04:52:00+00,2026-09-18 04:52:00+00,,t,a3f80682-fdab-40c9-b646-68704e9b3424,2026-09-18 06:37:21.918514+00,2026-09-18 06:37:21.918519+00
e869dc09-2da4-42e4-9ae1-037aa6b2ce55,e24749af-694c-40c9-81ea-ebad7e2015d8,2b6de8aa-0976-4be0-8a40-043ff86ffa54,6185.11,UPI,VERIFIED,RCP2026090297458,,,,,2026-09-18 07:43:00+00,2026-09-18 07:43:00+00,,t,a40dc95e-442d-47f3-8979-d0ccfe5f2c93,2026-09-18 06:37:22.701976+00,2026-09-18 06:37:22.70198+00
7a7d3afd-2cab-4ebb-98e0-4f64e0796e8a,,2b6de8aa-0976-4be0-8a40-043ff86ffa54,3710,UPI,VERIFIED,RCP00000282,,,,,2026-08-15 15:04:00+00,2026-08-15 15:04:00+00,,t,a444873d-b873-463b-adb6-ce4811a531e3,2026-08-27 11:28:21.783761+00,2026-09-02 15:27:19.322365+00
0fc889f2-5b6c-4054-b130-83e9b82c30ec,5cfc30d6-d75d-4b80-bd23-e883ed479cfe,c37b6a5c-9d1c-46d4-8ece-dfce290dc74b,12230,UPI,VERIFIED,RCP00000300,,,,,2026-08-26 16:16:00+00,,,t,a44859f2-4c5a-43fb-863e-6788b3337466,2026-08-27 11:28:22.17882+00,2026-09-02 15:27:19.322365+00
e2ce08de-fbe0-428a-be32-9858ee09130d,15b0b85e-c27b-45dd-a99e-d3da7fad92af,b06cd5a3-f1c0-4cdb-b241-9ce2d6c5e791,30266.08,UPI,VERIFIED,REC-20260902-24342,UPI-20260902-137670,,,,2026-09-02 13:43:00+00,,,f,a465104a-71c0-4770-806e-37c891200287,2026-09-02 07:19:30.477232+00,2026-09-02 15:27:19.322365+00
04af600c-adbf-4aef-9973-fc17ce684dbf,3e5930db-a46f-4095-a2e9-bfe5c7902d50,c6ca60b7-2143-412b-887e-c30ae9cda031,16570.08,CHEQUE,VERIFIED,RCP00000371,,,,,2026-08-26 12:49:00+00,,,t,a4753055-4520-44b1-90b1-4ae9b312218f,2026-08-27 11:28:23.543442+00,2026-09-02 15:27:19.322365+00
deaada1c-e6ed-49f7-9d1d-815e171c64e4,8b829741-b732-4d5a-82a6-15faae340e6c,2dfc73e0-dba9-4aa5-babf-d5141ded5497,8590,UPI,VERIFIED,REC-20260901-55105,UPI-20260901-520522,,,,2026-09-01 15:18:00+00,,,f,a4763299-3a19-41ca-b8ac-d46ea3cad139,2026-09-02 07:19:28.411702+00,2026-09-02 15:27:19.322365+00
6ec7dd21-0b29-4e6e-b9ef-cf46d17c86ce,48e4e758-c76a-4999-b8af-ef3cd1e0e855,c6ca60b7-2143-412b-887e-c30ae9cda031,30325.65,CASH,VERIFIED,RCP00000376,,,,,2026-08-25 09:15:00+00,,,t,a51623ef-b7ae-4939-841a-f2a0d0862abd,2026-08-27 11:28:23.574302+00,2026-09-02 15:27:19.322365+00
883a9464-ebb3-4f6d-8aff-4de09ce61aab,37c19b9f-a49a-4e8a-9b28-b4ba5647203e,2b6de8aa-0976-4be0-8a40-043ff86ffa54,6039.1,CHEQUE,VERIFIED,RCP2026090297421,,,,,2026-09-18 03:36:00+00,2026-09-18 03:36:00+00,,t,a523523e-9d91-4738-aed9-5251510c9ea5,2026-09-18 06:37:22.087615+00,2026-09-18 06:37:22.087619+00
2225f3bc-7cec-4e92-a285-e44e953ecfc9,af8772de-e59f-4f38-93e5-94faa7ad4ccf,c2f2e0ce-5aeb-4ece-8325-2167edfe139e,2165.21,UPI,VERIFIED,RCPT-DAY-0338,,,,,2026-08-27 10:41:00+00,2026-08-27 10:43:00+00,,f,a59337e3-b002-4353-983f-e945a27303df,2026-08-27 11:28:10.737325+00,2026-09-02 15:27:19.322365+00
010963c0-2f2b-4141-a66f-90766e95e06d,06a3bde0-d987-4584-a9a4-031983d1f828,5fbae4d6-59d1-4e6c-8a80-fe57244a45bb,8395.18,CHEQUE,VERIFIED,RCP00000127,,,,,2026-05-25 08:16:00+00,2026-05-25 08:16:00+00,,t,a59f253b-9a98-4ebd-bea2-79e62267d4f7,2026-08-27 11:28:04.522782+00,2026-09-02 15:27:19.322365+00
1b5331b4-e62c-4be1-9d6f-df9e5fad6d66,d43bc5ef-5326-4a3b-b677-1b7dbac25fbf,a13886ca-739b-47b4-a473-724e03f7332a,10630,NEFT,VERIFIED,RCP00000411,,,,,2026-08-24 15:59:00+00,,,t,a5a8525f-bc3d-4d21-a2c9-58511abc9b05,2026-08-27 11:28:24.197016+00,2026-09-02 15:27:19.322365+00
50664ed5-e23c-4ae7-b9a0-1f80ab19dba5,2e6d147f-597b-4ca4-b149-8189f9346466,c6ca60b7-2143-412b-887e-c30ae9cda031,256.2,RTGS,VERIFIED,REC-20260901-19120,UPI-20260901-284152,,,,2026-09-01 09:25:00+00,,,f,a5c29552-c30a-4837-83ce-9500884b533f,2026-09-02 07:19:30.636352+00,2026-09-02 15:27:19.322365+00
d742b556-ee96-48f2-abda-22632caa4e2f,e263dc67-545a-414c-b337-6aa8b508eb7b,8e59153e-dc8e-4efa-af65-1db304a6f3f1,12330,CHEQUE,VERIFIED,RCP00000061,,,,,2026-06-16 08:25:00+00,2026-06-16 08:25:00+00,,t,a61066ea-313a-4717-908d-3ddaca20a464,2026-08-27 11:28:02.814002+00,2026-09-02 15:27:19.322365+00
3e0a185d-f499-41df-8a87-47f1385ad8b1,83cec898-c182-489b-99ab-91f83d0b90e4,2dfc73e0-dba9-4aa5-babf-d5141ded5497,6969.94,RTGS,VERIFIED,RCP2026090297408,,,,,2026-09-18 10:42:00+00,2026-09-18 10:42:00+00,,t,a68c1936-04e4-49e9-9c9d-4373ba89278c,2026-09-18 06:37:21.940437+00,2026-09-18 06:37:21.94044+00
d85f5244-952a-43b7-bb6c-089dac6410ef,,c37b6a5c-9d1c-46d4-8ece-dfce290dc74b,17770,UPI,VERIFIED,RCP00000174,,,,,2026-04-29 10:30:00+00,2026-04-29 10:30:00+00,,t,a707a645-f027-4c36-96fc-d0f0188390e7,2026-08-27 11:28:05.859591+00,2026-09-02 15:27:19.322365+00
57569954-dc72-4d3a-a5a9-ee12723295dc,3947b638-9921-417b-ac2f-0d19455d50c9,c2f2e0ce-5aeb-4ece-8325-2167edfe139e,13000,CASH,VERIFIED,RCP00000338,,,,,2026-08-26 17:25:00+00,,,t,a772c710-d2dd-4e25-8257-502de1959336,2026-08-27 11:28:22.986144+00,2026-09-02 15:27:19.322365+00
09d34050-ca46-495a-a92f-cbc3ef76e5a7,,c33350cc-f581-492e-807f-14262d56ebcb,45870,NEFT,VERIFIED,RCP00000151,,,,,2026-05-09 15:12:00+00,2026-05-10 15:12:00+00,,t,a7940209-96af-40e1-b9b6-0a4d90fb7784,2026-08-27 11:28:04.822655+00,2026-09-02 15:27:19.322365+00
afb66245-a212-40b6-ad73-d68b5fd106d2,8aaba488-b028-445b-a0dd-08eea9e8c37f,b06cd5a3-f1c0-4cdb-b241-9ce2d6c5e791,16231.23,CHEQUE,VERIFIED,RCP00000418,,,,,2026-08-26 16:34:00+00,,,t,a7cc5cb6-e2b2-4759-b2ff-4eeb86abcbbc,2026-08-27 11:28:24.289517+00,2026-09-02 15:27:19.322365+00
4e1884d2-56dd-4e27-be8e-3812627417f9,27dfa8a4-63ad-43ca-a499-60c457d81bda,cd9e6eca-028e-4c61-8e82-048327bc4476,409.45,CHEQUE,VERIFIED,REC-20260901-53857,UPI-20260901-645334,,,,2026-09-01 13:39:00+00,,,f,a8040ed6-5464-42b0-be8f-6cdc7d80870f,2026-09-02 07:19:29.176995+00,2026-09-02 15:27:19.322365+00
192014b9-32bd-457b-86f8-74273390fcc9,a6bf85ab-ff13-4269-901e-fcc0188deab2,c2f2e0ce-5aeb-4ece-8325-2167edfe139e,22786.3,CASH,VERIFIED,REC-20260901-20868,UPI-20260901-692282,,,,2026-09-01 09:32:00+00,,,f,a81a61cb-c34a-4c85-a008-76d873b810b5,2026-09-02 07:19:29.797149+00,2026-09-02 15:27:19.322365+00
0a82052f-30a7-4e30-a1df-7956741a99b5,9d873d7a-ead9-45b6-b8fb-ed2b0d923c8b,c37b6a5c-9d1c-46d4-8ece-dfce290dc74b,19783.93,CHEQUE,VERIFIED,RCP00000302,,,,,2026-08-26 17:39:00+00,,,t,a834a688-04ea-4665-9398-66d95293a6ac,2026-08-27 11:28:22.188665+00,2026-09-02 15:27:19.322365+00
42179948-c504-4a0e-bd3d-d63ac011fc03,234b2df4-b5f5-4b45-ba76-b9f668230b62,c6ca60b7-2143-412b-887e-c30ae9cda031,65400,CASH,VERIFIED,REC-20260902-78104,UPI-20260902-454243,,,,2026-09-02 09:12:00+00,,,f,a85fe690-0805-4c99-b3f3-46f9b33551e5,2026-09-02 07:19:30.665171+00,2026-09-02 15:27:19.322365+00
c5e9df53-56d5-4409-b004-b12450b713b7,f19f115a-22d3-49ad-a02e-1030ee6342df,3aa13103-bd03-4578-9292-44d88d58da00,1988.98,CHEQUE,VERIFIED,RCP00000342,,,,,2026-08-26 16:24:00+00,,,t,a87f6060-464b-4f0a-bce0-02ed30fff06b,2026-08-27 11:28:23.104542+00,2026-09-02 15:27:19.322365+00
a8651e2d-af97-4fed-860f-9b4d12d1c472,07116188-755c-4f2f-a5ec-0ec27b4f5f1c,8e59153e-dc8e-4efa-af65-1db304a6f3f1,14125.84,UPI,VERIFIED,RCP00000215,,,,,2026-05-06 11:13:00+00,2026-05-06 11:13:00+00,,t,a90eacce-67c2-4edf-b272-fa9e66454cdf,2026-08-27 11:28:06.572521+00,2026-09-02 15:27:19.322365+00
3e26b206-d022-4f98-ac02-4bab96eb06b9,39f3b469-a702-45fb-bbf3-fd234c42c0a6,c6ca60b7-2143-412b-887e-c30ae9cda031,40000,CASH,VERIFIED,RCP00000375,,,,,2026-08-25 08:27:00+00,,,t,a97d979c-0d8a-4b28-8c80-5979cd64ca0a,2026-08-27 11:28:23.569974+00,2026-09-02 15:27:19.322365+00
45b09bb9-2d54-4654-82bb-deb3abdcab07,b9d90137-bd63-46fc-9d3d-4b3b05b97206,8e59153e-dc8e-4efa-af65-1db304a6f3f1,9924.52,UPI,VERIFIED,REC-20260902-47615,UPI-20260902-532414,,,,2026-09-02 10:31:00+00,,,f,aa10e701-f01b-4777-9818-0e84efefa61e,2026-09-02 07:19:29.650662+00,2026-09-02 15:27:19.322365+00
58d84a6d-0aaf-47a2-bd89-8902658beaa9,db06b61d-5d91-4daf-bb42-8fdda1797241,cd9e6eca-028e-4c61-8e82-048327bc4476,4664.33,CHEQUE,VERIFIED,RCP2026090297297,,,,,2026-09-17 06:51:00+00,2026-09-17 06:51:00+00,,t,aa28611e-0951-4141-9315-1df84d7c4b1f,2026-09-17 06:31:12.56658+00,2026-09-17 06:31:12.566585+00
a8ef490a-dceb-4cb5-97a5-3ead28266b87,b1804d6e-100b-421d-b73d-3d5b2c9d513c,c2f2e0ce-5aeb-4ece-8325-2167edfe139e,19370,CASH,VERIFIED,RCPT-DAY-0336,,,,,2026-08-27 08:55:00+00,2026-08-27 08:57:00+00,,f,aa5859f8-71b2-47c6-9db7-a1291d7b59f7,2026-08-27 11:28:10.724514+00,2026-09-02 15:27:19.322365+00
34a83a97-bdaa-4b85-81c3-980fba9da7b3,bb1fa2ab-e779-4e13-9169-ea36fbe43215,2dfc73e0-dba9-4aa5-babf-d5141ded5497,780.17,CHEQUE,VERIFIED,REC-20260901-28491,UPI-20260901-767223,,,,2026-09-01 09:27:00+00,,,f,aa6113f4-7466-4987-8a94-440b3197c220,2026-09-02 07:19:28.345056+00,2026-09-02 15:27:19.322365+00
192014b9-32bd-457b-86f8-74273390fcc9,60f21db6-b2f8-40a2-8df0-ff5e6e7e0ab7,c2f2e0ce-5aeb-4ece-8325-2167edfe139e,28999.46,CASH,VERIFIED,RCP2026090297379,,,,,2026-09-18 04:35:00+00,2026-09-18 04:35:00+00,,t,aa62c417-56c2-4627-9d2f-90aa8370bccc,2026-09-18 06:37:21.602158+00,2026-09-18 06:37:21.602161+00
033f2440-fa40-4f9f-affa-b88536412d19,b08c0604-5ac2-4e65-a661-265342d216e4,5fbae4d6-59d1-4e6c-8a80-fe57244a45bb,2290.07,RTGS,VERIFIED,RCP2026090297449,,,,,2026-09-18 07:26:00+00,2026-09-18 07:26:00+00,,t,aa7bd21c-06ed-4236-9749-1047172b0578,2026-09-18 06:37:22.531858+00,2026-09-18 06:37:22.531861+00
4861cc77-0523-4e2c-829a-462c06b586bb,,2b6de8aa-0976-4be0-8a40-043ff86ffa54,10630,UPI,VERIFIED,RCP00000280,,,,,2026-08-21 13:47:00+00,2026-08-21 13:47:00+00,,t,aa8e6b9a-2770-4ac3-8f03-4af35e4463d8,2026-08-27 11:28:21.779834+00,2026-09-02 15:27:19.322365+00
e37a8752-2948-4534-8143-9347f373071a,53c30c03-b820-4adb-b32a-1f64c9201bda,2dfc73e0-dba9-4aa5-babf-d5141ded5497,5417.27,CHEQUE,VERIFIED,RCP2026090297551,,,,,2026-09-21 10:25:00+00,2026-09-21 10:25:00+00,,t,ab0339cf-c63d-4c52-8db9-acecae9e25ad,2026-09-21 06:09:26.280219+00,2026-09-21 06:09:26.280222+00
987ac84e-2408-45ae-be5d-d1cc92786bdc,a0396e91-74ec-4e47-85e6-a3fc4f249e97,2dfc73e0-dba9-4aa5-babf-d5141ded5497,36450,RTGS,VERIFIED,RCP2026090297265,,,,,2026-09-17 03:43:00+00,2026-09-17 03:43:00+00,,t,ab807b44-c8d1-4708-a19f-07a812ccb5d6,2026-09-17 06:31:12.220935+00,2026-09-17 06:31:12.220939+00
ec02cf30-b430-42aa-92a6-d943976866b1,20128d15-17fa-4b8b-ba32-ef087ab2e245,357e2e09-b637-468e-818b-57a5dce18e9c,24611.2,UPI,VERIFIED,RCPT-DAY-0379,,,,,2026-08-27 14:54:00+00,2026-08-27 14:56:00+00,,f,ac07522b-4c56-47c3-99b9-e844a23d8e7c,2026-08-27 11:28:11.05009+00,2026-09-02 15:27:19.322365+00
7bd447a1-3659-4eda-a558-5383c7cebdfc,,2dfc73e0-dba9-4aa5-babf-d5141ded5497,521.45,NEFT,VERIFIED,RCP00000274,,,,,2026-04-04 18:17:00+00,2026-04-05 18:17:00+00,,t,ac51dcb5-16e5-4ede-bfd3-e480d23d53ad,2026-08-27 11:28:08.379634+00,2026-09-02 15:27:19.322365+00
09cb4b42-6ae3-406e-a4f0-91cc989a879a,35ced298-eee2-4e72-80da-d40c9e9983b5,c33350cc-f581-492e-807f-14262d56ebcb,26880,CHEQUE,VERIFIED,RCP2026090297481,,,,,2026-09-21 06:10:00+00,2026-09-21 06:10:00+00,,t,ac620ba7-ffff-49a5-a1ab-3307291fbfdb,2026-09-21 06:09:25.588993+00,2026-09-21 06:09:25.588996+00
c52f3e2b-174e-4f6e-9307-5b31ddbddff9,90a92a82-288f-460b-aabd-8ffa16968361,3e9c4168-1de9-43e8-b9f2-fbf3f931949d,10630.62,NEFT,VERIFIED,RCP2026090297273,,,,,2026-09-17 11:03:00+00,2026-09-17 11:03:00+00,,t,ac8b5b53-39a9-4a34-b48e-58264d66cbb6,2026-09-17 06:31:12.314015+00,2026-09-17 06:31:12.314019+00
6d8f30b3-e77e-4660-89e3-cd80645cface,20b91a09-7c11-471b-99a9-d1db7e4c5458,2b6de8aa-0976-4be0-8a40-043ff86ffa54,49710,NEFT,VERIFIED,RCP2026090297491,,,,,2026-09-21 07:51:00+00,2026-09-21 07:51:00+00,,t,ac99e146-b120-49d5-a285-28b0a75dfac3,2026-09-21 06:09:25.691524+00,2026-09-21 06:09:25.691527+00
8a0e2eff-0848-4a01-b93b-a8fce2ce2f9c,9263fe01-c915-4b62-a6f2-989ad885987c,2dfc73e0-dba9-4aa5-babf-d5141ded5497,5503.35,UPI,VERIFIED,RCP00000201,,,,,2026-04-20 18:06:00+00,2026-04-20 18:06:00+00,,t,ace08baf-8b71-49c6-9096-04d342249656,2026-08-27 11:28:06.346507+00,2026-09-02 15:27:19.322365+00
70ceef92-4e87-4a0a-8067-e81896fca058,b296299e-8eaa-4609-9f92-120ac096b2bc,c2f2e0ce-5aeb-4ece-8325-2167edfe139e,2059.09,CASH,VERIFIED,RCP2026090297556,,,,,2026-09-21 08:31:00+00,2026-09-21 08:31:00+00,,t,acea8466-6b64-4863-bd32-a3aa58b11b9c,2026-09-21 06:09:26.327376+00,2026-09-21 06:09:26.327379+00
ed421789-3122-419b-a2c1-a759c3f05654,f8cf529e-1a2e-4a02-be4a-7418ce22d799,2dfc73e0-dba9-4aa5-babf-d5141ded5497,379.42,CHEQUE,VERIFIED,REC-20260901-52236,UPI-20260901-305201,,,,2026-09-01 12:45:00+00,,,f,ad0ace1e-b57f-4193-aff3-1594364a5f25,2026-09-02 07:19:28.374913+00,2026-09-02 15:27:19.322365+00
38379579-1967-4c68-b2a6-fec47a12b809,08be7db2-47b5-4ea4-96ea-63087027ee65,4a182f53-a1a1-4f15-945a-6a56f4e04b64,23397.1,NEFT,VERIFIED,RCP00000080,,,,,2026-06-20 12:21:00+00,2026-06-20 12:21:00+00,,t,ad3daffb-4d14-410f-a25f-95f072e8a321,2026-08-27 11:28:03.330614+00,2026-09-02 15:27:19.322365+00
e8865019-332f-4eec-ab41-e66e011af248,a0e9a7a3-4375-4ae7-a714-ae9a9cf7a3ba,5fbae4d6-59d1-4e6c-8a80-fe57244a45bb,6271.72,RTGS,VERIFIED,RCP2026090297312,,,,,2026-09-17 09:05:00+00,2026-09-17 09:05:00+00,,t,ad9000b7-d2c8-442e-8746-71e64f0c5da9,2026-09-17 06:31:12.700975+00,2026-09-17 06:31:12.700978+00
cb2aff7e-8a25-4539-b666-eb2ee3cd72bd,2e70acd6-bdd7-4463-b1af-1a99feb27240,a13886ca-739b-47b4-a473-724e03f7332a,14150,CASH,VERIFIED,RCP00000230,,,,,2026-03-19 15:09:00+00,2026-03-19 15:09:00+00,,t,ad96c721-babc-4293-9358-fff0691af4cf,2026-08-27 11:28:07.671112+00,2026-09-02 15:27:19.322365+00
4be607c9-39d5-40bd-9faf-33deba6f4862,8af0b50e-b881-4077-939d-79c047ee5f8a,8e59153e-dc8e-4efa-af65-1db304a6f3f1,29225.06,UPI,VERIFIED,RCP00000316,,,,,2026-08-26 09:58:00+00,,,t,ade5881e-4833-46c8-ab64-d8aafd9ae888,2026-08-27 11:28:22.495998+00,2026-09-02 15:27:19.322365+00
9dbeb5ad-5cd2-434f-952d-2021b44c2a6f,3fe49e8c-da51-4932-b838-e1cda3d9fe23,c2f2e0ce-5aeb-4ece-8325-2167edfe139e,2420,DD,VERIFIED,RCP00000334,,,,,2026-08-26 13:31:00+00,,,t,adf0899e-ff9f-4219-9e83-0117cd93f0fd,2026-08-27 11:28:22.948375+00,2026-09-02 15:27:19.322365+00
f4aeb768-8bb1-4996-8a9a-394eb6f494b7,,357e2e09-b637-468e-818b-57a5dce18e9c,26150,NEFT,VERIFIED,RCP00000194,,,,,2026-04-14 17:35:00+00,2026-04-14 17:35:00+00,,t,adff3181-48ea-4d7a-9795-56d47eeea438,2026-08-27 11:28:06.231934+00,2026-09-02 15:27:19.322365+00
48f6da6d-8144-43c5-9190-85dd36b86026,,2b6de8aa-0976-4be0-8a40-043ff86ffa54,8870,NEFT,VERIFIED,RCP00000285,,,,,2026-08-06 10:43:00+00,2026-08-06 10:43:00+00,,t,ae3c741c-eec1-4d75-9ae7-a0fdb7958d3c,2026-08-27 11:28:21.794812+00,2026-09-02 15:27:19.322365+00
931e4d55-27ca-45c5-bf0a-2004e805c490,88c74255-ad30-407b-861e-f5eef6b43663,357e2e09-b637-468e-818b-57a5dce18e9c,24902.46,RTGS,VERIFIED,RCP00000006,,,,,2026-08-11 12:11:00+00,2026-08-11 12:11:00+00,,t,ae5a79be-d920-441f-b77a-92e1bf3d0f53,2026-08-27 11:28:01.03916+00,2026-09-02 15:27:19.322365+00
9e12f965-5f74-49df-b7f0-ea15d8258903,19d99810-8161-42c3-a905-f33508d64f1c,357e2e09-b637-468e-818b-57a5dce18e9c,98.76,NEFT,VERIFIED,RCP00000132,,,,,2026-06-06 18:53:00+00,2026-06-06 18:53:00+00,,t,ae9242f0-937a-4161-8de5-1423484214ce,2026-08-27 11:28:04.572072+00,2026-09-02 15:27:19.322365+00
a23520af-090d-483e-8565-ff1b6b09711e,,a13886ca-739b-47b4-a473-724e03f7332a,15070,NEFT,VERIFIED,RCP00000268,,,,,2026-03-19 14:45:00+00,2026-03-19 14:45:00+00,,t,aec859ac-8b6e-42df-bbd1-44e582517f4d,2026-08-27 11:28:08.328678+00,2026-09-02 15:27:19.322365+00
769bdf28-f901-40ef-9448-711f51e38e6d,f004f4a7-d6a7-4d61-8ad3-e2341d743d35,3aa13103-bd03-4578-9292-44d88d58da00,3007.72,NEFT,VERIFIED,RCP2026090297567,,,,,2026-09-21 06:22:00+00,2026-09-21 06:22:00+00,,t,aef561ce-d9b9-42b9-bda3-1ddcc67742e9,2026-09-21 06:09:26.433538+00,2026-09-21 06:09:26.433541+00
d14b16b1-6ba1-487f-bd9f-d61d7c369b0c,0b735f4c-8748-4a47-8e1e-bed36555d890,a2e2555c-f597-43af-a77a-fe708f967218,30860.28,CASH,VERIFIED,RCPT-DAY-0314,,,,,2026-08-27 09:30:00+00,2026-08-27 09:32:00+00,,f,af765429-3969-4a9d-90bd-364b4d8a29a0,2026-08-27 11:28:10.510592+00,2026-09-02 15:27:19.322365+00
fe9878c9-fb26-4b84-8124-952f04706816,fa8264a9-9ad5-48f1-b462-d31169693135,cd9e6eca-028e-4c61-8e82-048327bc4476,17000,RTGS,VERIFIED,REC-20260902-11679,UPI-20260902-897064,,,,2026-09-02 09:13:00+00,,,f,afce2d2e-a78a-4adb-811d-5122080a2f5c,2026-09-02 07:19:29.205127+00,2026-09-02 15:27:19.322365+00
22c5120c-7fcb-4cd9-b531-fdd0e84483b4,78a38b86-2a22-49f6-b678-ac4862eebdbb,5fbae4d6-59d1-4e6c-8a80-fe57244a45bb,8942.76,CASH,VERIFIED,RCPT-DAY-0322,,,,,2026-08-27 12:48:00+00,2026-08-27 12:50:00+00,,f,afce4349-da93-4796-b1dc-95d1f33982be,2026-08-27 11:28:10.584742+00,2026-09-02 15:27:19.322365+00
72bdd4c1-d2b7-453e-8b18-44d4e38a3efa,8f9c01cc-4909-41dc-a4f4-5a11b48aa98f,cd9e6eca-028e-4c61-8e82-048327bc4476,3264.15,DD,VERIFIED,RCP00000184,,,,,2026-04-20 17:25:00+00,2026-04-20 17:25:00+00,,t,afda05cb-4deb-49f2-bdc8-921efdd03739,2026-08-27 11:28:06.034032+00,2026-09-02 15:27:19.322365+00
462f568c-f683-44be-bede-6e57708992ae,4c09f495-e06b-4ed8-9342-7cc0d035a239,2b6de8aa-0976-4be0-8a40-043ff86ffa54,7410.35,UPI,VERIFIED,REC-20260901-78165,UPI-20260901-785535,,,,2026-09-01 14:20:00+00,,,f,b04e49c0-1038-46ee-85d5-3ff89e7f5c22,2026-09-02 07:19:28.945193+00,2026-09-02 15:27:19.322365+00
052d2c1d-d8c4-43d3-b548-cffde5a3571e,,e9dced65-f61b-4c24-bae7-d4170299ed46,17000,UPI,VERIFIED,RCP00000102,,,,,2026-06-04 11:56:00+00,2026-06-04 11:56:00+00,,t,b05d8fce-14c8-4d4f-9e8c-c67b990770b1,2026-08-27 11:28:04.129996+00,2026-09-02 15:27:19.322365+00
a752858e-d463-45d7-9aff-1868f423c08c,3b5ff7dc-6d9b-4b32-bf11-dda5c5bd569c,b06cd5a3-f1c0-4cdb-b241-9ce2d6c5e791,35430,NEFT,VERIFIED,RCPT-DAY-0403,,,,,2026-08-27 15:36:00+00,2026-08-27 15:38:00+00,,f,b066dcc1-5002-4552-99b2-63e91d823a8c,2026-08-27 11:28:11.25977+00,2026-09-02 15:27:19.322365+00
ed669f1c-d700-4761-8824-fa4c4200f0d7,2ecd0ede-f63b-4ab0-97ef-766b7c4868a1,4a182f53-a1a1-4f15-945a-6a56f4e04b64,23050,UPI,VERIFIED,REC-20260901-14526,UPI-20260901-113413,,,,2026-09-01 10:41:00+00,,,f,b072e17a-8c7d-496a-abcd-640044fcbfcd,2026-09-02 07:19:30.035225+00,2026-09-02 15:27:19.322365+00
9f0d9fb4-3cfa-4edd-a0d7-c1d6339850f9,403aaf14-c157-4893-bf99-3baed5e6ed09,c37b6a5c-9d1c-46d4-8ece-dfce290dc74b,9108.9,RTGS,VERIFIED,RCP2026090297533,,,,,2026-09-21 09:56:00+00,2026-09-21 09:56:00+00,,t,b07309c6-f938-4551-b71c-b9f72e13ad88,2026-09-21 06:09:26.105436+00,2026-09-21 06:09:26.10544+00
31c8ddcb-f60f-4720-abab-3b1559821ff7,d5b95191-8c6c-4619-8dac-cae5c9ac30c9,3e9c4168-1de9-43e8-b9f2-fbf3f931949d,46652.27,CHEQUE,VERIFIED,RCP2026090297484,,,,,2026-09-21 06:39:00+00,2026-09-21 06:39:00+00,,t,b0c0dfa0-378a-4541-85ca-c5cc070e6991,2026-09-21 06:09:25.621887+00,2026-09-21 06:09:25.621891+00
0a313444-d014-4a6c-bfb5-f4b770c585b3,04e8ff59-0ffc-483a-bf2a-d9717f64d0d3,c2f2e0ce-5aeb-4ece-8325-2167edfe139e,1991.67,NEFT,VERIFIED,RCP2026090297284,,,,,2026-09-17 04:27:00+00,2026-09-17 04:27:00+00,,t,b0c4980d-3b83-48eb-8480-593eda0d3696,2026-09-17 06:31:12.431542+00,2026-09-17 06:31:12.431545+00
cc6a8b99-d32d-4f4f-993c-b2ae46c9b0f0,861d2ec9-bf0f-477c-8420-19b387103ea9,a2e2555c-f597-43af-a77a-fe708f967218,4182.32,NEFT,VERIFIED,REC-20260901-13314,UPI-20260901-754313,,,,2026-09-01 09:40:00+00,,,f,b0c9dabb-db59-4d10-8120-eb6e4a174ac5,2026-09-02 07:19:29.296005+00,2026-09-02 15:27:19.322365+00
c57fa3a0-9f9a-4034-850b-708d4091f181,0a628460-8d8b-4c9e-81a9-4f134dd547c1,b06cd5a3-f1c0-4cdb-b241-9ce2d6c5e791,8000,UPI,VERIFIED,RCP00000216,,,,,2026-04-24 17:21:00+00,2026-04-24 17:21:00+00,,t,b13e122f-df84-43b3-b114-078fb9cc7392,2026-08-27 11:28:06.586277+00,2026-09-02 15:27:19.322365+00
55a39202-8362-4b00-9d11-acdcb3f56056,f4600936-444b-4bc4-8efa-0eaadd6c2bd0,357e2e09-b637-468e-818b-57a5dce18e9c,4620,UPI,VERIFIED,REC-20260901-52747,UPI-20260901-174391,,,,2026-09-01 15:13:00+00,,,f,b1542d1e-0cc4-4ac5-9c22-d75eb7b6008f,2026-09-02 07:19:28.557744+00,2026-09-02 15:27:19.322365+00
a59300c3-3560-48c1-bc17-f781a2681af5,56578270-794d-477d-ba36-d571b435c5ad,c6ca60b7-2143-412b-887e-c30ae9cda031,2970,CASH,VERIFIED,RCPT-DAY-0367,,,,,2026-08-27 08:19:00+00,2026-08-27 08:21:00+00,,f,b15ccd8b-17cb-4fd1-b90e-42daa7c5cf86,2026-08-27 11:28:10.982194+00,2026-09-02 15:27:19.322365+00
f4bd27fa-a4ba-413c-8804-7a48fa8d45ea,aaa67877-fbdc-4245-ae39-14ea1caeecd1,c37b6a5c-9d1c-46d4-8ece-dfce290dc74b,1794.82,NEFT,VERIFIED,RCP2026090297543,,,,,2026-09-21 10:44:00+00,2026-09-21 10:44:00+00,,t,b15fe798-608e-4046-9f71-303cdbf53176,2026-09-21 06:09:26.204204+00,2026-09-21 06:09:26.204207+00
dce5b03e-5da6-4871-82ca-6c798c4e7bb8,50428299-fa84-45ba-8702-e0d9828b7de4,8e59153e-dc8e-4efa-af65-1db304a6f3f1,53470,RTGS,VERIFIED,RCP2026090297500,,,,,2026-09-21 08:08:00+00,2026-09-21 08:08:00+00,,t,b1730ea1-23e1-459b-9ee5-51cb1d102aee,2026-09-21 06:09:25.779727+00,2026-09-21 06:09:25.77973+00
192014b9-32bd-457b-86f8-74273390fcc9,942fe141-b266-4951-8f17-c5d8d2bf196d,c2f2e0ce-5aeb-4ece-8325-2167edfe139e,17294.24,UPI,VERIFIED,RCP2026090297291,,,,,2026-09-17 10:10:00+00,2026-09-17 10:10:00+00,,t,b1916766-aa96-4811-b23a-1b54841de58e,2026-09-17 06:31:12.507987+00,2026-09-17 06:31:12.50799+00
ee0c93b5-5ffe-4a1b-abae-8b626997dc68,94698ddb-2a67-4dbd-ba54-0367bbef483b,cd9e6eca-028e-4c61-8e82-048327bc4476,24431.14,CHEQUE,VERIFIED,RCP00000287,,,,,2026-08-26 13:52:00+00,,,t,b1fd7b72-ffe8-44c8-b95f-6ff95ac50414,2026-08-27 11:28:21.877758+00,2026-09-02 15:27:19.322365+00
6a2e77aa-9b81-4851-a2b0-32ce9584e463,da54e129-7aa7-4427-a629-7c4ec1108b57,3e9c4168-1de9-43e8-b9f2-fbf3f931949d,7866.65,CASH,VERIFIED,RCP00000360,,,,,2026-08-26 13:50:00+00,,,t,b279f76c-e8ad-425e-80fd-1ee26f32589a,2026-08-27 11:28:23.439965+00,2026-09-02 15:27:19.322365+00
5504ab5e-06e0-46fa-a8f9-7a5bd577d6d9,bc237cf6-a9be-45e8-a5a2-6aba6e0c8c7f,cd9e6eca-028e-4c61-8e82-048327bc4476,2120.16,CHEQUE,VERIFIED,REC-20260901-76369,UPI-20260901-968858,,,,2026-09-01 14:42:00+00,,,f,b28a66c5-fc67-4fd1-bdca-e21ed6dd06d7,2026-09-02 07:19:29.189062+00,2026-09-02 15:27:19.322365+00
9ba59652-8be5-473d-a168-5293e492bddc,f1eba7f8-2773-4989-847e-603a3c5c0e80,357e2e09-b637-468e-818b-57a5dce18e9c,41300,CASH,VERIFIED,REC-20260901-49684,UPI-20260901-782524,,,,2026-09-01 09:11:00+00,,,f,b37861dd-2193-49c2-8a39-e3dd6a1618c9,2026-09-02 07:19:28.516239+00,2026-09-02 15:27:19.322365+00
b90a0302-1673-42d6-a484-0b5bc486f01f,,c2f2e0ce-5aeb-4ece-8325-2167edfe139e,67240,UPI,VERIFIED,RCP00000224,,,,,2026-04-01 18:05:00+00,2026-04-01 18:05:00+00,,t,b3f48d16-a789-473c-b80d-2fd12b215d1d,2026-08-27 11:28:07.566042+00,2026-09-02 15:27:19.322365+00
2bf297de-d5b2-4964-94bc-e67b9dcdef2b,f9c1c18d-3840-4626-a370-71ea55e08c4e,4a182f53-a1a1-4f15-945a-6a56f4e04b64,11721.79,RTGS,VERIFIED,RCP00000389,,,,,2026-08-26 14:04:00+00,,,t,b443f779-e465-45c2-8519-c5820ffa38c7,2026-08-27 11:28:23.798812+00,2026-09-02 15:27:19.322365+00
44965e61-1bcc-4667-a06c-db2573241888,,a2e2555c-f597-43af-a77a-fe708f967218,725.93,UPI,VERIFIED,RCP00000104,,,,,2026-06-03 17:24:00+00,2026-06-03 17:24:00+00,,t,b4d02eb7-eb94-462c-a2a8-78450b7a55eb,2026-08-27 11:28:04.181335+00,2026-09-02 15:27:19.322365+00
d0f3d701-d1e0-460e-a589-4653472a491b,4e9fc7b1-2d4e-43a8-b7fa-5c18097488e9,357e2e09-b637-468e-818b-57a5dce18e9c,16896.54,DD,VERIFIED,RCP00000266,,,,,2026-03-26 09:20:00+00,2026-03-26 09:20:00+00,,t,b4e92951-dba9-4b2d-bb37-69d6017862ed,2026-08-27 11:28:08.241561+00,2026-09-02 15:27:19.322365+00
1753234f-57d9-48f9-b3b6-c9d90959b81b,f0322797-c20e-4753-9196-0379addfe733,3e9c4168-1de9-43e8-b9f2-fbf3f931949d,20168.01,CHEQUE,VERIFIED,RCP00000051,,,,,2026-08-03 10:02:00+00,2026-08-03 10:02:00+00,,t,b4ed14ed-cc93-42ff-8820-e86d59ae172c,2026-08-27 11:28:02.160422+00,2026-09-02 15:27:19.322365+00
8df9db04-83d7-4f2e-9735-947ff442f33a,741321b6-4694-4f69-b241-906be7f6f242,8e59153e-dc8e-4efa-af65-1db304a6f3f1,5423.13,CHEQUE,VERIFIED,RCP2026090297549,,,,,2026-09-21 04:40:00+00,2026-09-21 04:40:00+00,,t,b5066883-cfc7-4e70-aa12-0e11ac49ada8,2026-09-21 06:09:26.260664+00,2026-09-21 06:09:26.260668+00
1d09cd5e-7624-409b-9722-566194e3323b,1a71e2af-3a67-4d0c-aeaa-0e42b33dc037,a13886ca-739b-47b4-a473-724e03f7332a,30184.18,NEFT,VERIFIED,RCP00000407,,,,,2026-08-25 14:46:00+00,,,t,b525471f-803d-4b5e-bd35-939c69beea14,2026-08-27 11:28:24.12785+00,2026-09-02 15:27:19.322365+00
9b562759-5c7f-4aeb-be8c-8ce8dd68c330,a46a4a1c-ba6b-4975-9b6b-c22e19fea221,3aa13103-bd03-4578-9292-44d88d58da00,2578.35,UPI,VERIFIED,RCPT-DAY-0345,,,,,2026-08-27 09:32:00+00,2026-08-27 09:34:00+00,,f,b59a48d9-15ea-40a1-9462-14f1ef45cbd7,2026-08-27 11:28:10.793905+00,2026-09-02 15:27:19.322365+00
f4bd27fa-a4ba-413c-8804-7a48fa8d45ea,ee3ed7d4-6ae8-4e9e-8646-6728744d1ce3,c37b6a5c-9d1c-46d4-8ece-dfce290dc74b,3586.6,CASH,VERIFIED,RCP2026090297311,,,,,2026-09-17 06:58:00+00,2026-09-17 06:58:00+00,,t,b5a543a9-9d58-4c5f-ac40-ed1d947e722a,2026-09-17 06:31:12.692886+00,2026-09-17 06:31:12.692888+00
e43e47c4-4d1b-42c2-8cf9-49a96fd3f438,3e181193-275e-4fa1-8f63-0e1f5a81cd8b,c33350cc-f581-492e-807f-14262d56ebcb,29670,UPI,VERIFIED,RCP2026090297382,,,,,2026-09-18 09:04:00+00,2026-09-18 09:04:00+00,,t,b5de72f6-956d-4f39-b1dd-af99e0cd3d65,2026-09-18 06:37:21.636806+00,2026-09-18 06:37:21.636809+00
64fd2fa0-80cf-4900-af39-cf7caf06b4df,3e79db4e-d9fb-44a1-87e2-50c3078535b0,2b6de8aa-0976-4be0-8a40-043ff86ffa54,3712.31,CHEQUE,VERIFIED,REC-20260901-40626,UPI-20260901-453592,,,,2026-09-01 16:49:00+00,,,f,b60f09da-e140-43d6-925f-731a3978d65e,2026-09-02 07:19:28.960977+00,2026-09-02 15:27:19.322365+00
b87e866d-4f49-4a1f-9ed7-57cdeb8a5665,f8a97050-5a24-4947-b842-5df622ce2017,3e9c4168-1de9-43e8-b9f2-fbf3f931949d,4533.82,RTGS,VERIFIED,RCP00000358,,,,,2026-08-26 08:34:00+00,,,t,b654cfcb-a2f7-4ad6-b3c9-e59fc2d45e5e,2026-08-27 11:28:23.416503+00,2026-09-02 15:27:19.322365+00
86535b62-df6b-4425-b3cf-cef873a9ce57,,a2e2555c-f597-43af-a77a-fe708f967218,20000,UPI,VERIFIED,RCP00000122,,,,,2026-05-16 13:29:00+00,2026-05-17 13:29:00+00,,t,b67b45f4-8451-4486-b09d-b424117324e3,2026-08-27 11:28:04.481545+00,2026-09-02 15:27:19.322365+00
eba1fece-176b-4f3b-b240-ca08a11c34e4,ee23e792-43c8-4609-9713-85ac01fbf009,a13886ca-739b-47b4-a473-724e03f7332a,19400.55,CASH,VERIFIED,RCPT-DAY-0396,,,,,2026-08-27 15:33:00+00,2026-08-27 15:35:00+00,,f,b6933ec7-4412-41ac-8e70-5b9f0a996f45,2026-08-27 11:28:11.203916+00,2026-09-02 15:27:19.322365+00
d5efce0e-d02b-4078-a60e-f046b576201c,1c12943e-c7c1-442c-9efb-635e31cdbdea,a2e2555c-f597-43af-a77a-fe708f967218,6761.7,CHEQUE,VERIFIED,RCP2026090297317,,,,,2026-09-17 04:22:00+00,2026-09-17 04:22:00+00,,t,b7dd9a77-8cd5-469a-b030-3e3bc5c93e8a,2026-09-17 06:31:12.751181+00,2026-09-17 06:31:12.751184+00
04ad148d-bd13-4c31-8bec-51e307ceed3f,2f7c4cc5-5a61-4d34-b177-c62482cafb58,2b6de8aa-0976-4be0-8a40-043ff86ffa54,26850,CHEQUE,VERIFIED,RCP2026090297512,,,,,2026-09-21 08:09:00+00,2026-09-21 08:09:00+00,,t,b7e77080-897d-47be-b284-9a3c5ece6b8a,2026-09-21 06:09:25.892748+00,2026-09-21 06:09:25.892751+00
af3f3cc9-b9a2-4669-b322-284846e8e545,007ed26e-27b1-431f-9ae3-95bb7a179e58,5fbae4d6-59d1-4e6c-8a80-fe57244a45bb,341.93,CASH,VERIFIED,RCPT-DAY-0321,,,,,2026-08-27 11:51:00+00,2026-08-27 11:53:00+00,,f,b7fec0af-261e-41af-9dd8-fe3eac385b3b,2026-08-27 11:28:10.57956+00,2026-09-02 15:27:19.322365+00
6acd4cae-7cf1-4909-83a3-9e95b85daa9b,6b015fb2-b367-4d83-8a8b-9ee36f968c85,b06cd5a3-f1c0-4cdb-b241-9ce2d6c5e791,1860,CASH,VERIFIED,RCP00000191,,,,,2026-05-06 11:13:00+00,2026-05-06 11:13:00+00,,t,b84200a0-d184-42db-87e5-2004caae6ed1,2026-08-27 11:28:06.197692+00,2026-09-02 15:27:19.322365+00
1caaf4ff-bb07-41fd-b36e-ed3e44f2854f,906840ca-f25e-4096-86ca-be70b740ad8a,e9dced65-f61b-4c24-bae7-d4170299ed46,5189.55,CHEQUE,VERIFIED,RCP2026090297356,,,,,2026-09-17 04:39:00+00,2026-09-17 04:39:00+00,,t,b8ae769d-3268-44bb-8563-25b785dd41f5,2026-09-17 06:31:13.449883+00,2026-09-17 06:31:13.449886+00
38bbdaed-e51c-4bf6-bb80-5e562f811d62,63ea31f3-00e9-4532-8a87-6cce75c59503,c33350cc-f581-492e-807f-14262d56ebcb,6920,RTGS,VERIFIED,RCP00000014,,,,,2026-08-05 13:06:00+00,2026-08-05 13:06:00+00,,t,b8ddb084-7088-4586-8697-c940f6dc6f8a,2026-08-27 11:28:01.221884+00,2026-09-02 15:27:19.322365+00
f1a9ae9c-e76f-4576-a5f2-ba3e6eb257b5,bf5adc14-1089-47a5-89ed-10eb8979c1b3,4a182f53-a1a1-4f15-945a-6a56f4e04b64,3844.94,UPI,VERIFIED,RCP2026090297223,,,,,2026-09-10 12:54:00+00,2026-09-10 12:54:00+00,,t,b8e26306-59fc-4ea2-bf0b-db15506765cf,2026-09-10 10:42:26.798707+00,2026-09-10 10:42:26.79871+00
c5486591-7eaf-402e-bac5-1af64a28eec9,8bf953c0-372b-4631-b338-f18bb893e508,2dfc73e0-dba9-4aa5-babf-d5141ded5497,7923.08,CASH,VERIFIED,RCP2026090297436,,,,,2026-09-18 10:41:00+00,2026-09-18 10:41:00+00,,t,b91be8c7-d39b-436e-9fcb-e14abc7b409f,2026-09-18 06:37:22.311454+00,2026-09-18 06:37:22.311457+00
2225f3bc-7cec-4e92-a285-e44e953ecfc9,c9382b11-1d12-40ca-9f3e-b6ba58a822a5,c2f2e0ce-5aeb-4ece-8325-2167edfe139e,244.79,CHEQUE,VERIFIED,REC-20260901-67641,UPI-20260901-261872,,,,2026-09-01 14:44:00+00,,,f,b980073c-fae9-420f-9e27-680c6b343ea5,2026-09-02 07:19:29.825171+00,2026-09-02 15:27:19.322365+00
34f3a5ea-99d1-48df-a34f-dc3e858ca7a9,,c37b6a5c-9d1c-46d4-8ece-dfce290dc74b,1970,RTGS,VERIFIED,RCP00000243,,,,,2026-04-01 14:06:00+00,2026-04-01 14:06:00+00,,t,b99cf287-c8d5-4b5c-968d-3d7e2409062b,2026-08-27 11:28:07.917189+00,2026-09-02 15:27:19.322365+00
29b521d2-e392-4ce5-adb0-6cb9847d0d20,26404582-7fdb-44ef-9227-fee4a7d03fbd,4a182f53-a1a1-4f15-945a-6a56f4e04b64,32830,CHEQUE,VERIFIED,RCP00000149,,,,,2026-06-06 13:21:00+00,2026-06-06 13:21:00+00,,t,b9e2608f-4618-4d91-ad23-8d77005c3599,2026-08-27 11:28:04.800824+00,2026-09-02 15:27:19.322365+00
c4928c1e-a109-45cc-999c-a72c1a6b479f,303c97f6-bfaf-4d0e-8330-9a8e115a970b,2dfc73e0-dba9-4aa5-babf-d5141ded5497,5475.41,CASH,VERIFIED,RCP2026090297431,,,,,2026-09-18 10:40:00+00,2026-09-18 10:40:00+00,,t,ba32e345-db39-438f-8f00-824c02bdd862,2026-09-18 06:37:22.226832+00,2026-09-18 06:37:22.226887+00
4ddba4fa-d5fe-412a-9e59-abbfd88bf464,7111b03e-ff2b-492f-8e16-ce8fdf142459,a2e2555c-f597-43af-a77a-fe708f967218,14440,UPI,VERIFIED,RCP2026090297238,,,,,2026-09-17 08:31:00+00,2026-09-17 08:31:00+00,,t,ba48cd79-f01f-4211-bd85-4c48d6bf75e2,2026-09-17 06:31:11.897037+00,2026-09-17 06:31:11.897041+00
8a823d39-0f0f-4eb2-84ec-4a101af856e6,,cd9e6eca-028e-4c61-8e82-048327bc4476,1716.99,NEFT,VERIFIED,RCP00000086,,,,,2026-06-26 15:02:00+00,2026-06-26 15:02:00+00,,t,bb0ad942-f781-48c8-a2dd-1c85280edc37,2026-08-27 11:28:03.486387+00,2026-09-02 15:27:19.322365+00
59295677-15c0-4bfd-8e35-bfd78d6adbdb,3a2b79a5-85c1-4eba-91a5-3dd3f85c56fe,3aa13103-bd03-4578-9292-44d88d58da00,38040,CASH,VERIFIED,RCPT-DAY-0343,,,,,2026-08-27 08:56:00+00,2026-08-27 08:58:00+00,,f,bb2eaf23-9109-4c2f-a7ff-362a28682271,2026-08-27 11:28:10.781498+00,2026-09-02 15:27:19.322365+00
6455f8fb-2762-40f7-90d7-eb45adef6aaa,105dead6-c362-44f0-8fc2-03a6dcea1f02,4a182f53-a1a1-4f15-945a-6a56f4e04b64,2358.89,CHEQUE,VERIFIED,RCP2026090297345,,,,,2026-09-17 06:41:00+00,2026-09-17 06:41:00+00,,t,bbc165e8-a244-4a42-9cf0-6b27d3f4a2d7,2026-09-17 06:31:13.272515+00,2026-09-17 06:31:13.272518+00
24505bbd-5369-412c-8d9b-90c0c5b43bca,4fded7be-aab8-4152-8c62-4d66d81556ab,2dfc73e0-dba9-4aa5-babf-d5141ded5497,27610,CHEQUE,VERIFIED,REC-20260901-43835,UPI-20260901-263339,,,,2026-09-01 10:11:00+00,,,f,bc120df5-d384-470a-88d9-50d64651186b,2026-09-02 07:19:28.358791+00,2026-09-02 15:27:19.322365+00
3d179095-4725-4a52-8f22-b9e30ef909e4,75b71bb3-f694-46d3-8cca-9ce0ff6ac9c0,4a182f53-a1a1-4f15-945a-6a56f4e04b64,2478.9,RTGS,VERIFIED,RCP00000391,,,,,2026-08-26 17:18:00+00,,,t,bc23d2d6-2192-4dbf-8b84-420f458cb9c6,2026-08-27 11:28:23.817742+00,2026-09-02 15:27:19.322365+00
009a62c6-a988-45ca-aeac-1318bc5ae4e5,12516bc0-993f-4304-b435-af4fb45337b1,2b6de8aa-0976-4be0-8a40-043ff86ffa54,2174.28,UPI,VERIFIED,RCP2026090297355,,,,,2026-09-17 08:33:00+00,2026-09-17 08:33:00+00,,t,bc4abd9c-9b62-4086-9bce-989120a88ddc,2026-09-17 06:31:13.435342+00,2026-09-17 06:31:13.435345+00
8abb3c89-e63d-4bb6-9cfd-a72942f4fcd2,bb6fdf9e-6c31-406a-b383-f1facb3f012b,c33350cc-f581-492e-807f-14262d56ebcb,4281.41,CASH,VERIFIED,RCP2026090297230,,,,,2026-09-10 13:18:00+00,2026-09-10 13:18:00+00,,t,bc744dd3-a0e6-40d7-924b-db533652840e,2026-09-10 10:42:27.046362+00,2026-09-10 10:42:27.046366+00
3453e14a-d97b-4a57-a664-99abe04c98b7,bc49ff69-dd93-43a6-9dc8-3508874ec7d7,2dfc73e0-dba9-4aa5-babf-d5141ded5497,1468.16,CASH,VERIFIED,RCPT-HIST-M10B,,,,,2026-08-15 15:45:00+00,,,f,bcb5dc0f-8bc5-45da-b3b0-fb6c6ca19b6f,2026-08-27 11:28:09.711445+00,2026-09-02 15:27:19.322365+00
9f0d9fb4-3cfa-4edd-a0d7-c1d6339850f9,70399465-2c29-43ba-bb25-b1ef97a94e97,c37b6a5c-9d1c-46d4-8ece-dfce290dc74b,14474.02,CHEQUE,VERIFIED,RCP2026090297299,,,,,2026-09-17 03:36:00+00,2026-09-17 03:36:00+00,,t,bd43c365-0cda-4248-80db-bf2bb94605ee,2026-09-17 06:31:12.587002+00,2026-09-17 06:31:12.587005+00
6f826e0f-c891-4fbf-8bd5-6c2615700998,ec6520ee-44a0-4a26-9e13-66e0b23a6f0e,8e59153e-dc8e-4efa-af65-1db304a6f3f1,9964.55,UPI,VERIFIED,RCP2026090297558,,,,,2026-09-21 07:59:00+00,2026-09-21 07:59:00+00,,t,bd60c249-a02d-4f4f-a887-3d48a46c065a,2026-09-21 06:09:26.346775+00,2026-09-21 06:09:26.346778+00
bb26ea9a-2102-4eac-b118-cc5845d2ba53,e501c914-65bb-4d2b-a85d-2ef1adbc69ef,2dfc73e0-dba9-4aa5-babf-d5141ded5497,24455.7,RTGS,VERIFIED,RCP00000320,,,,,2026-08-26 08:28:00+00,,,t,bda49937-3f9b-4496-bc05-748eb4d24ca7,2026-08-27 11:28:22.629106+00,2026-09-02 15:27:19.322365+00
033f2440-fa40-4f9f-affa-b88536412d19,72f59217-0488-4b1b-b013-08e825e5dfc7,5fbae4d6-59d1-4e6c-8a80-fe57244a45bb,19739.66,CASH,VERIFIED,REC-20260901-65059,UPI-20260901-444046,,,,2026-09-01 16:24:00+00,,,f,bde3c1d1-9d6d-4dc6-b8a1-e14d29f9923b,2026-09-02 07:19:29.724883+00,2026-09-02 15:27:19.322365+00
09f638e4-1837-44cd-84a4-5b5fdba238c2,a12b1a1f-7b96-4eb0-b1b8-bf95606d6c07,1d5e58e8-954e-4d6c-b13c-6e6d614cb588,14770,CASH,VERIFIED,RCPT-DAY-0392,,,,,2026-08-27 16:21:00+00,2026-08-27 16:23:00+00,,f,be4d01f7-e210-4a11-87a8-692adbd796bf,2026-08-27 11:28:11.167491+00,2026-09-02 15:27:19.322365+00
f3b859d1-89dd-4efd-a8db-4413db45751d,b23bf0b9-a5b8-47dd-95a9-2fc463e5c281,3e9c4168-1de9-43e8-b9f2-fbf3f931949d,55193.66,UPI,VERIFIED,RCP00000366,,,,,2026-08-25 11:22:00+00,,,t,be9a5617-ed63-4c62-9e58-f7260896f15b,2026-08-27 11:28:23.477496+00,2026-09-02 15:27:19.322365+00
63dad86b-6f48-4620-b53e-c38d3d6aedd0,22f4f891-454f-4313-82a4-eee1bbbc5d7d,3e9c4168-1de9-43e8-b9f2-fbf3f931949d,63940,RTGS,VERIFIED,RCP2026090297486,,,,,2026-09-21 05:22:00+00,2026-09-21 05:22:00+00,,t,beca5d1a-0be2-4486-9788-8d7ff20312b0,2026-09-21 06:09:25.643405+00,2026-09-21 06:09:25.64341+00
e7bb8d0f-57fd-475f-a8c2-277932b8cc07,47d35a92-8ba7-419a-8068-764c86f6d8a8,8e59153e-dc8e-4efa-af65-1db304a6f3f1,4731.29,UPI,VERIFIED,RCPT-DAY-0326,,,,,2026-08-27 11:02:00+00,2026-08-27 11:04:00+00,,f,befb8e39-2259-4268-be21-cc8010c9ec96,2026-08-27 11:28:10.633526+00,2026-09-02 15:27:19.322365+00
8d1d0ca6-981d-461a-92f2-c4f81f8ca8e0,6e0f86ad-73bb-454c-93a2-1b15ef6d1fda,4a182f53-a1a1-4f15-945a-6a56f4e04b64,4649.31,UPI,VERIFIED,RCP2026090297401,,,,,2026-09-18 07:16:00+00,2026-09-18 07:16:00+00,,t,bf00e845-87d9-4391-b807-7acdd511403f,2026-09-18 06:37:21.858565+00,2026-09-18 06:37:21.858569+00
877a1b0f-4c8e-4c17-89c2-12292609cba4,bd6c9d92-2a3b-41f2-b6d0-e1f308d83fee,c2f2e0ce-5aeb-4ece-8325-2167edfe139e,38095.19,NEFT,VERIFIED,RCPT-DAY-0339,,,,,2026-08-27 11:03:00+00,2026-08-27 11:05:00+00,,f,bf406fc3-723a-44f3-b449-f7f3bf289808,2026-08-27 11:28:10.743166+00,2026-09-02 15:27:19.322365+00
a3e3d0c4-7c57-43d7-b44b-97706b1fb4f8,c5925522-7bd3-45b3-8342-5c43b4bb344b,c33350cc-f581-492e-807f-14262d56ebcb,22886.64,CASH,VERIFIED,REC-20260901-69855,UPI-20260901-753380,,,,2026-09-01 09:34:00+00,,,f,bf7b06a1-d23f-45d9-829d-83af92f7aead,2026-09-02 07:19:29.365046+00,2026-09-02 15:27:19.322365+00
28fe9219-d650-493c-8599-9d6b612d5586,7b96dd25-eecc-44fa-9772-028a09dbf356,c33350cc-f581-492e-807f-14262d56ebcb,8730,UPI,VERIFIED,REC-20260902-29358,UPI-20260902-774701,,,,2026-09-02 10:17:00+00,,,f,bf837a30-5609-429b-a8be-a0d8d1da93e0,2026-09-02 07:19:29.445032+00,2026-09-02 15:27:19.322365+00
a3da8514-f1a1-401d-bcb4-62c525e9f52a,e49f88b4-8a5f-4043-974a-14c211c057f0,3aa13103-bd03-4578-9292-44d88d58da00,3890,CHEQUE,VERIFIED,RCP00000084,,,,,2026-07-02 17:55:00+00,2026-07-02 17:55:00+00,,t,bfbb8216-6708-46f1-a81d-36343ad4b8b4,2026-08-27 11:28:03.466697+00,2026-09-02 15:27:19.322365+00
5f537b6d-aa25-418a-b0dc-f07c5ce7b927,d4a2ad26-baba-4edc-bda2-5342eb02dbe4,8e59153e-dc8e-4efa-af65-1db304a6f3f1,54820,NEFT,VERIFIED,RCP2026090297370,,,,,2026-09-18 07:35:00+00,2026-09-18 07:35:00+00,,t,bff2772f-2fe3-4009-b608-90a2a58ca97d,2026-09-18 06:37:21.489862+00,2026-09-18 06:37:21.489865+00
73a72a08-c1b5-4ea1-9cd4-86f5753fdefc,2d1b82fb-82ad-42a6-b9e6-7504e2462bb2,b06cd5a3-f1c0-4cdb-b241-9ce2d6c5e791,30220,UPI,VERIFIED,RCP00000153,,,,,2026-05-23 13:39:00+00,2026-05-23 13:39:00+00,,t,c000f7cf-92f4-424b-864c-eba2b5288f81,2026-08-27 11:28:04.842016+00,2026-09-02 15:27:19.322365+00
caee1595-0e1a-4efd-99cf-2818c8c86334,fd4726c8-cf44-4f83-b880-29bd71de34d2,cd9e6eca-028e-4c61-8e82-048327bc4476,14016,NEFT,VERIFIED,RCP00000114,,,,,2026-05-30 08:53:00+00,2026-05-31 08:53:00+00,,t,c017dc72-0832-4c7e-b9a7-09e89397de50,2026-08-27 11:28:04.319508+00,2026-09-02 15:27:19.322365+00
251a0bc2-2b95-453d-b509-4e1e3b7aa8dc,8b536156-9120-4784-bf33-dc4efdc3e8cb,a13886ca-739b-47b4-a473-724e03f7332a,39220.77,DD,VERIFIED,RCP00000409,,,,,2026-08-25 16:50:00+00,,,t,c02e25cb-64f1-4f19-83bc-396dde5754c3,2026-08-27 11:28:24.142348+00,2026-09-02 15:27:19.322365+00
6a4e045e-c3e4-4adb-b3df-1f9a6dea2783,,2b6de8aa-0976-4be0-8a40-043ff86ffa54,2420,NEFT,VERIFIED,RCP00000137,,,,,2026-05-20 13:56:00+00,2026-05-20 13:56:00+00,,t,c049055f-b0ca-4a7b-a659-d092b396f1cb,2026-08-27 11:28:04.64338+00,2026-09-02 15:27:19.322365+00
ab424df4-f91b-4d3a-bf7e-77671eab8c75,efeb62b6-be28-4774-8a58-bf446f807914,c2f2e0ce-5aeb-4ece-8325-2167edfe139e,45327.74,CASH,VERIFIED,RCP00000021,,,,,2026-07-28 18:53:00+00,2026-07-28 18:53:00+00,,t,c06b9287-d2b7-458c-a68a-471a7abfa8a4,2026-08-27 11:28:01.500369+00,2026-09-02 15:27:19.322365+00
6f8ba136-7d73-4439-b168-8b2d39db688e,742c240b-ee1c-4c7b-85f7-dc39edd88be2,4a182f53-a1a1-4f15-945a-6a56f4e04b64,6485.26,UPI,VERIFIED,RCP2026090297544,,,,,2026-09-21 05:45:00+00,2026-09-21 05:45:00+00,,t,c096eca9-a3be-48c5-bb5c-2ca97d3699da,2026-09-21 06:09:26.213796+00,2026-09-21 06:09:26.213799+00
e464ec2c-fb93-4517-b0d2-d52f4401678e,1b866e7b-b517-4713-8ec2-14b00b674ac6,2dfc73e0-dba9-4aa5-babf-d5141ded5497,530.72,CASH,VERIFIED,REC-20260901-11489,UPI-20260901-150319,,,,2026-09-01 11:33:00+00,,,f,c0a64933-eb45-4523-b65d-670b3f01fdf1,2026-09-02 07:19:28.37193+00,2026-09-02 15:27:19.322365+00
f957f6c4-9ff4-42f8-a84b-1178a06615ba,f7d62803-7663-42eb-9e90-31f20d94a8cd,a13886ca-739b-47b4-a473-724e03f7332a,8085.15,UPI,VERIFIED,RCP00000135,,,,,2026-05-23 14:15:00+00,2026-05-23 14:15:00+00,,t,c0bce9f9-74d0-4056-9fe3-3df442954b7f,2026-08-27 11:28:04.628084+00,2026-09-02 15:27:19.322365+00
c4928c1e-a109-45cc-999c-a72c1a6b479f,75ce8da4-2232-400e-8904-90eb50009d30,2dfc73e0-dba9-4aa5-babf-d5141ded5497,2746.7,NEFT,VERIFIED,RCP2026090297305,,,,,2026-09-17 08:38:00+00,2026-09-17 08:38:00+00,,t,c0c8b56d-978e-43c7-a7d7-0d43b6a36dc5,2026-09-17 06:31:12.641746+00,2026-09-17 06:31:12.641749+00
a36b1c68-26a4-4665-a341-03d051571514,37240cf6-767c-472c-9752-dad2fa33257a,c33350cc-f581-492e-807f-14262d56ebcb,64200,CASH,VERIFIED,RCP2026090297266,,,,,2026-09-17 03:54:00+00,2026-09-17 03:54:00+00,,t,c13a845b-fef6-4644-a817-10246286a691,2026-09-17 06:31:12.235436+00,2026-09-17 06:31:12.23544+00
ebc24973-ad89-45b7-8582-cdc02a3e346e,de5d0108-23dd-4d70-96b4-0a27b4fd91df,e9dced65-f61b-4c24-bae7-d4170299ed46,5929.38,UPI,VERIFIED,RCP2026090297553,,,,,2026-09-21 08:22:00+00,2026-09-21 08:22:00+00,,t,c17ab347-b97f-4d1d-a699-70e9c1b29acc,2026-09-21 06:09:26.299427+00,2026-09-21 06:09:26.29943+00
359f2493-21f7-4fdc-aeaf-ff35a31d9596,b3fa0948-8038-40a7-b308-11c56e25302d,c2f2e0ce-5aeb-4ece-8325-2167edfe139e,30910.54,CHEQUE,VERIFIED,RCP00000332,,,,,2026-08-26 11:18:00+00,,,t,c1be7e9c-3bcb-4a29-a47f-72061a31a37b,2026-08-27 11:28:22.915282+00,2026-09-02 15:27:19.322365+00
61eb82f0-ce2d-4a8e-8d60-c03b85454bf4,83d22c76-cb78-4b23-97e0-f2b9e01db781,c6ca60b7-2143-412b-887e-c30ae9cda031,6681.8,CASH,VERIFIED,RCP2026090297329,,,,,2026-09-17 06:48:00+00,2026-09-17 06:48:00+00,,t,c222f328-33b5-4a02-bae1-b304a8a9a5d7,2026-09-17 06:31:13.029059+00,2026-09-17 06:31:13.029062+00
1f8f38a6-0cf9-43e7-be08-000be9317b23,0c65e964-55bd-44b0-92b9-4827b6c98943,357e2e09-b637-468e-818b-57a5dce18e9c,1049.46,UPI,VERIFIED,RCP2026090297472,,,,,2026-09-18 11:30:00+00,2026-09-18 11:30:00+00,,t,c2630195-d8cb-44a5-91c3-29be46ea6fe0,2026-09-18 06:37:22.942316+00,2026-09-18 06:37:22.942318+00
a9077346-1e77-4b17-8eaf-4713ba0cbe6c,6b549ddc-5db9-49f7-8614-e6ef4e6c83c5,a13886ca-739b-47b4-a473-724e03f7332a,2323.87,UPI,VERIFIED,RCP00000198,,,,,2026-04-28 12:13:00+00,2026-04-28 12:13:00+00,,t,c2e25b09-50a6-4db0-9cba-bf10644232f6,2026-08-27 11:28:06.307304+00,2026-09-02 15:27:19.322365+00
f0b789bb-330a-4ada-8295-c6475645f982,74a7a141-ffda-4dd9-bfad-09017ca1b4ca,c33350cc-f581-492e-807f-14262d56ebcb,3303.73,RTGS,VERIFIED,RCP2026090297565,,,,,2026-09-21 05:49:00+00,2026-09-21 05:49:00+00,,t,c30dcb06-64e1-4d6d-8a59-284da6b24de7,2026-09-21 06:09:26.412576+00,2026-09-21 06:09:26.412579+00
292341e4-c9e3-4039-a4f5-f6c3f6b080e1,8f5c422a-0356-4d96-9355-93bfb18f76a8,5fbae4d6-59d1-4e6c-8a80-fe57244a45bb,8462.9,CASH,VERIFIED,RCP2026090297237,,,,,2026-09-17 03:57:00+00,2026-09-17 03:57:00+00,,t,c3c26934-42df-470a-ada2-35c33597b355,2026-09-17 06:31:11.878124+00,2026-09-17 06:31:11.878129+00
e5b94ea4-b80f-477b-b3a6-829848a2e7ec,62cf8725-bcc7-4bdc-a9ff-35f9f419bcd6,a2e2555c-f597-43af-a77a-fe708f967218,8828.54,UPI,VERIFIED,REC-20260901-24701,UPI-20260901-148353,,,,2026-09-01 11:34:00+00,,,f,c420c4ec-4c9c-4884-8580-cb535fe75afe,2026-09-02 07:19:29.256526+00,2026-09-02 15:27:19.322365+00
d96c5d4e-68b7-4e0d-93a9-508bab058069,dfff3934-bbeb-4e77-93c6-068855398ab9,2dfc73e0-dba9-4aa5-babf-d5141ded5497,12489.66,CHEQUE,VERIFIED,REC-20260902-67017,UPI-20260902-340318,,,,2026-09-02 09:23:00+00,,,f,c4bf0e88-bde2-46ae-9d4e-42c9f024be39,2026-09-02 07:19:28.440975+00,2026-09-02 15:27:19.322365+00
2ab6888c-e118-4e62-9d93-1244fdd3d1c5,fc3a2776-1f11-4a2d-9572-d4644708ff17,3aa13103-bd03-4578-9292-44d88d58da00,20670,UPI,VERIFIED,REC-20260901-61390,UPI-20260901-322617,,,,2026-09-01 11:13:00+00,,,f,c4c81ef1-6776-448d-9772-349b98866c81,2026-09-02 07:19:28.704435+00,2026-09-02 15:27:19.322365+00
d1ddcca9-c5de-4d00-a5b3-9d0bc91dac44,3ae00ae8-4753-44c3-9cf1-e2164e39d8c6,a13886ca-739b-47b4-a473-724e03f7332a,22642.8,UPI,VERIFIED,RCP00000412,,,,,2026-08-24 16:29:00+00,,,t,c52de767-e15a-4b10-a174-044ff6bad9ab,2026-08-27 11:28:24.200977+00,2026-09-02 15:27:19.322365+00
e77a9c4a-5d98-40f8-8572-65675453547a,,2dfc73e0-dba9-4aa5-babf-d5141ded5497,60790,UPI,VERIFIED,RCP00000219,,,,,2026-03-26 11:50:00+00,2026-03-26 11:50:00+00,,t,c53eea7d-128e-4535-8f72-02177b1fa8a1,2026-08-27 11:28:07.465714+00,2026-09-02 15:27:19.322365+00
a0be3af9-b177-4397-a4e5-3c03f6a44a42,,c33350cc-f581-492e-807f-14262d56ebcb,20670,RTGS,VERIFIED,RCP00000027,,,,,2026-07-13 12:04:00+00,2026-07-13 12:04:00+00,,t,c5dc790c-e848-4117-9a08-773b2040fbca,2026-08-27 11:28:01.64844+00,2026-09-02 15:27:19.322365+00
3d66de68-8914-4aec-aead-b463c4b65d13,,3e9c4168-1de9-43e8-b9f2-fbf3f931949d,4008.34,NEFT,VERIFIED,RCP00000168,,,,,2026-05-02 15:42:00+00,2026-05-03 15:42:00+00,,t,c5fe8805-0d02-47b5-b349-0be95ab44a04,2026-08-27 11:28:05.795402+00,2026-09-02 15:27:19.322365+00
43050fff-96ca-458e-95a1-3b3fa481f6e5,a81f1e9a-4358-4c96-b984-2c1726508bf7,c2f2e0ce-5aeb-4ece-8325-2167edfe139e,1982.31,NEFT,VERIFIED,RCP2026090297285,,,,,2026-09-17 03:43:00+00,2026-09-17 03:43:00+00,,t,c6131e22-b011-4924-b28a-19f9dea66575,2026-09-17 06:31:12.440611+00,2026-09-17 06:31:12.440614+00
ec80eb44-fa44-4118-828b-c9150b5328e8,0b8d9c77-22e3-46a5-94e6-2816d29eb49c,3aa13103-bd03-4578-9292-44d88d58da00,47960,NEFT,VERIFIED,RCP2026090297503,,,,,2026-09-21 05:23:00+00,2026-09-21 05:23:00+00,,t,c61330d5-ab09-492c-a80c-fd49b9c548e4,2026-09-21 06:09:25.807566+00,2026-09-21 06:09:25.80757+00
07d7d245-c8ed-4aaa-b677-1a26887aa87c,4cd1bda7-b2b5-41fb-8954-fa0d69c6e5ee,e9dced65-f61b-4c24-bae7-d4170299ed46,54954.31,UPI,VERIFIED,RCP00000154,,,,,2026-05-26 15:47:00+00,2026-05-26 15:47:00+00,,t,c63795a1-0400-4911-82f9-0855acfa291e,2026-08-27 11:28:04.891974+00,2026-09-02 15:27:19.322365+00
3d468e06-4148-43e1-b38a-db924c889338,16fbef2c-80f8-498f-987c-14498bba5cf5,a13886ca-739b-47b4-a473-724e03f7332a,17310,CASH,VERIFIED,RCP00000408,,,,,2026-08-25 15:40:00+00,,,t,c6414e14-d377-42fa-b7f6-e0064e8561f8,2026-08-27 11:28:24.135553+00,2026-09-02 15:27:19.322365+00
5ce8e517-ddb8-433c-9a2d-403a5529fec7,3d023e37-e3cb-48d5-b8d1-32ceffaa5e4c,2b6de8aa-0976-4be0-8a40-043ff86ffa54,13678.74,NEFT,VERIFIED,RCP2026090297336,,,,,2026-09-17 10:57:00+00,2026-09-17 10:57:00+00,,t,c65b9260-37f5-42e6-b571-68301292570d,2026-09-17 06:31:13.140907+00,2026-09-17 06:31:13.140911+00
66023087-8bde-4b8f-a924-ae8e512c2178,cf80beed-a03b-4d49-970c-4e444dd9bac2,c33350cc-f581-492e-807f-14262d56ebcb,3053.34,UPI,VERIFIED,RCP00000091,,,,,2026-06-20 16:55:00+00,2026-06-21 16:55:00+00,,t,c6ab8b38-7cc1-48dd-913f-cedd4a9ab5be,2026-08-27 11:28:03.528469+00,2026-09-02 15:27:19.322365+00
8a823d39-0f0f-4eb2-84ec-4a101af856e6,6bc67859-2b16-4925-a4f2-96b84479132b,cd9e6eca-028e-4c61-8e82-048327bc4476,20043.01,CHEQUE,VERIFIED,RCP00000085,,,,,2026-06-27 12:31:00+00,2026-06-28 12:31:00+00,,t,c6d5d591-679f-41f2-b052-7e3bf69b53a7,2026-08-27 11:28:03.48147+00,2026-09-02 15:27:19.322365+00
44186603-b821-49f6-8b22-503e07d52f3c,1e7a0337-9601-4e84-b103-d83c97408539,1d5e58e8-954e-4d6c-b13c-6e6d614cb588,10401.4,RTGS,VERIFIED,RCP00000071,,,,,2026-06-12 18:25:00+00,2026-06-12 18:25:00+00,,t,c71e1ff3-5252-4114-8987-3f56a79b5453,2026-08-27 11:28:03.12615+00,2026-09-02 15:27:19.322365+00
c7bcf5df-0b3b-4ffc-a768-53ed82bac9e0,885914c1-1435-4f2e-a20e-e8feb2b08e75,5fbae4d6-59d1-4e6c-8a80-fe57244a45bb,1200.6,CHEQUE,VERIFIED,REC-20260902-78001,UPI-20260902-218217,,,,2026-09-02 11:22:00+00,,,f,c7231bcf-e566-4c48-bdd4-b8af9e3291f3,2026-09-02 07:19:29.765364+00,2026-09-02 15:27:19.322365+00
61005b5b-3bba-4b7f-85bc-8d8e36d7c71b,13b987ca-2e14-41b5-8da3-3044bbfcdb09,2dfc73e0-dba9-4aa5-babf-d5141ded5497,4477.41,UPI,VERIFIED,RCP00000178,,,,,2026-04-27 08:14:00+00,2026-04-27 08:14:00+00,,t,c7653bdb-fcb7-49e9-a736-92763542c070,2026-08-27 11:28:05.97556+00,2026-09-02 15:27:19.322365+00
94bfaf09-c7ce-4edd-9ef1-6164eda5ad6f,ac11bd06-31cf-4672-82d6-60c85c5e2caf,3aa13103-bd03-4578-9292-44d88d58da00,28360,RTGS,VERIFIED,RCP2026090297483,,,,,2026-09-21 07:00:00+00,2026-09-21 07:00:00+00,,t,c7661725-a13b-4b2b-bcae-7f171d871c4c,2026-09-21 06:09:25.609575+00,2026-09-21 06:09:25.609579+00
199c34c5-3e75-407b-a058-534a124d8398,371c23b9-9ae0-4f1c-83e3-68b3df225caa,b06cd5a3-f1c0-4cdb-b241-9ce2d6c5e791,5398.85,CASH,VERIFIED,RCPT-DAY-0402,,,,,2026-08-27 14:23:00+00,2026-08-27 14:25:00+00,,f,c7c22773-79fd-4fc6-8e23-bb36946711d8,2026-08-27 11:28:11.253684+00,2026-09-02 15:27:19.322365+00
d7adc8a4-0239-4c96-b15c-b1014918a5cb,a1fed76a-ab35-415d-a0d9-2437bb183138,c37b6a5c-9d1c-46d4-8ece-dfce290dc74b,9217.01,NEFT,VERIFIED,RCP00000060,,,,,2026-06-13 17:48:00+00,2026-06-14 17:48:00+00,,t,c7c33752-0bd3-46be-8a64-95bff137ca70,2026-08-27 11:28:02.759267+00,2026-09-02 15:27:19.322365+00
19d0e2ef-9e4f-48bc-9620-074e58906453,787089bd-d83f-4f9d-ac6a-508eb5214796,4a182f53-a1a1-4f15-945a-6a56f4e04b64,14518.71,NEFT,VERIFIED,RCP00000188,,,,,2026-04-16 10:43:00+00,2026-04-16 10:43:00+00,,t,c80250d7-d777-4335-b7f1-3a7d34c7d395,2026-08-27 11:28:06.124738+00,2026-09-02 15:27:19.322365+00
0b5613f3-4573-48dc-827a-9e62be9e700e,97794c5f-ef6d-480f-b261-cd91716d5b0f,5fbae4d6-59d1-4e6c-8a80-fe57244a45bb,3048.37,DD,VERIFIED,RCP00000244,,,,,2026-03-17 13:38:00+00,2026-03-17 13:38:00+00,,t,c85d3724-5ad1-4566-9db3-24cd1cfe08c0,2026-08-27 11:28:07.956926+00,2026-09-02 15:27:19.322365+00
8bf712c7-ffb3-43a7-92d3-45c262290799,81ab5f79-b0ba-45f1-99d1-6ebd0c851183,4a182f53-a1a1-4f15-945a-6a56f4e04b64,2557.88,CASH,VERIFIED,RCP00000388,,,,,2026-08-26 12:03:00+00,,,t,c8902526-79e0-46f0-b8f0-c0841832dacc,2026-08-27 11:28:23.790334+00,2026-09-02 15:27:19.322365+00
ca0de548-83b9-4b80-912e-d26303ed7a70,a6c73206-9239-4b71-8941-f5b0989e4f72,1d5e58e8-954e-4d6c-b13c-6e6d614cb588,23270.65,CASH,VERIFIED,RCP00000228,,,,,2026-03-21 08:17:00+00,2026-03-22 08:17:00+00,,t,c8ae4eb6-5f3e-4282-8133-354733036b9f,2026-08-27 11:28:07.608734+00,2026-09-02 15:27:19.322365+00
b655d388-a294-4399-92b1-dc79de400a3e,ca13a4e6-8327-4583-806d-1c98879bb924,2dfc73e0-dba9-4aa5-babf-d5141ded5497,41220,CASH,VERIFIED,RCP2026090297487,,,,,2026-09-21 10:13:00+00,2026-09-21 10:13:00+00,,t,c8d43d09-582b-454c-b9e9-3be4d47a3db5,2026-09-21 06:09:25.653448+00,2026-09-21 06:09:25.653452+00
aec51496-5e60-4d0d-82cc-e74bc7dd32fb,,2b6de8aa-0976-4be0-8a40-043ff86ffa54,1334.74,RTGS,VERIFIED,RCP00000424,,,,,2026-08-25 10:53:00+00,2026-08-25 10:53:00+00,,t,c96e222d-ba9b-4dff-a26a-020f63b9c39e,2026-08-27 11:28:24.501711+00,2026-09-02 15:27:19.322365+00
bd5e80ed-689b-4961-a819-e978ed5c85c4,734f0656-784c-4164-8e4c-fe0d87b946ad,3e9c4168-1de9-43e8-b9f2-fbf3f931949d,22577.41,UPI,VERIFIED,RCP2026090297325,,,,,2026-09-17 04:42:00+00,2026-09-17 04:42:00+00,,t,c9a7a8f8-0ff9-4998-a604-88a311b2e5ea,2026-09-17 06:31:12.969046+00,2026-09-17 06:31:12.96905+00
7ec158f4-1f70-44f4-acdb-8edf6d8b9657,26ec4cdb-798d-4206-8977-9932fb32be36,c6ca60b7-2143-412b-887e-c30ae9cda031,20835.45,RTGS,VERIFIED,RCP2026090297332,,,,,2026-09-17 09:01:00+00,2026-09-17 09:01:00+00,,t,c9d562fc-9989-4093-9e43-7e5271a2ff02,2026-09-17 06:31:13.081688+00,2026-09-17 06:31:13.081691+00
3a3946fc-6af6-4425-8701-bef7882702a5,ef57bf77-e724-4eeb-8620-06409babea5a,2dfc73e0-dba9-4aa5-babf-d5141ded5497,6670,NEFT,VERIFIED,RCP00000099,,,,,2026-05-30 14:05:00+00,2026-05-31 14:05:00+00,,t,c9f4f91f-ee4f-42a7-b196-31678fbd2cd7,2026-08-27 11:28:04.031814+00,2026-09-02 15:27:19.322365+00
3b4a38c3-6651-4713-9337-fa2649890b79,41b9f7e9-ac2b-44fa-bcb3-ed1715b61d92,c33350cc-f581-492e-807f-14262d56ebcb,14627.91,NEFT,VERIFIED,RCPT-DAY-0356,,,,,2026-08-27 17:02:00+00,2026-08-27 17:04:00+00,,f,ca0ccc57-e754-4554-91eb-82a9c45eaccc,2026-08-27 11:28:10.891806+00,2026-09-02 15:27:19.322365+00
5542c577-a403-47fe-9845-b909c80ee1b9,9c7c6ce8-2e3b-4a5a-ab64-109ac29ba9ad,e9dced65-f61b-4c24-bae7-d4170299ed46,39.14,CASH,VERIFIED,REC-20260902-92786,UPI-20260902-892430,,,,2026-09-02 12:41:00+00,,,f,ca12194e-704f-4753-8f13-1ce17dc63151,2026-09-02 07:19:29.564883+00,2026-09-02 15:27:19.322365+00
4fe1bc06-615d-467a-b1b4-5a8e52e735c0,641639f9-0417-463d-9024-2a6ccbf08c10,b06cd5a3-f1c0-4cdb-b241-9ce2d6c5e791,24780,NEFT,VERIFIED,RCPT-DAY-0398,,,,,2026-08-27 08:36:00+00,2026-08-27 08:38:00+00,,f,ca240a1c-78ef-4b74-aeb0-b5f7321ac7a0,2026-08-27 11:28:11.214119+00,2026-09-02 15:27:19.322365+00
4089548e-f553-45cc-853b-c3ada1216296,ced67fbd-606c-4f20-9f40-dc111273472d,c6ca60b7-2143-412b-887e-c30ae9cda031,15160,UPI,VERIFIED,RCP2026090297251,,,,,2026-09-17 07:56:00+00,2026-09-17 07:56:00+00,,t,ca6439bf-9875-4ee3-9d11-7c58e696fe94,2026-09-17 06:31:12.058116+00,2026-09-17 06:31:12.058121+00
588628ab-10f8-4969-8f97-e8e1d0e2dd16,,2b6de8aa-0976-4be0-8a40-043ff86ffa54,5180,NEFT,VERIFIED,RCP00000421,,,,,2026-08-05 18:23:00+00,2026-08-05 18:23:00+00,,t,ca7df77f-d4ad-481d-bca3-c126cef851fb,2026-08-27 11:28:24.490779+00,2026-09-02 15:27:19.322365+00
4e6ad45b-83bb-4791-af37-428f2793c8fe,77848f0c-e169-4fc4-a937-185f18e5ca3d,cd9e6eca-028e-4c61-8e82-048327bc4476,5652.28,CASH,VERIFIED,RCP2026090297411,,,,,2026-09-18 05:18:00+00,2026-09-18 05:18:00+00,,t,cac89986-b7dd-4a9c-a47c-e5cd8083a682,2026-09-18 06:37:21.972784+00,2026-09-18 06:37:21.972787+00
4cd6c121-79c6-4c9e-9b92-2572d136b91e,19d24960-23df-4f91-b5aa-10665f6f5d86,b06cd5a3-f1c0-4cdb-b241-9ce2d6c5e791,17721.13,RTGS,VERIFIED,RCP00000078,,,,,2026-06-20 14:27:00+00,2026-06-20 14:27:00+00,,t,cb08f053-7a13-427e-adb4-4a7c5a564717,2026-08-27 11:28:03.257964+00,2026-09-02 15:27:19.322365+00
902e327b-321f-4845-bcdc-90730579eb88,06a02096-4206-41dd-88ca-7dc30211a14d,3e9c4168-1de9-43e8-b9f2-fbf3f931949d,27880,NEFT,VERIFIED,RCP2026090297492,,,,,2026-09-21 07:00:00+00,2026-09-21 07:00:00+00,,t,cb273eb2-4d3d-4032-bc92-8cfca675724e,2026-09-21 06:09:25.700859+00,2026-09-21 06:09:25.700863+00
b4ce8b2d-ff75-4b16-bd40-6b9aaf116b46,5e805fa8-e76d-4d95-b4e5-49d3d107eaaa,1d5e58e8-954e-4d6c-b13c-6e6d614cb588,20759.54,CASH,VERIFIED,REC-20260902-90027,UPI-20260902-965307,,,,2026-09-02 15:17:00+00,,,f,cb74bddc-d0ea-4b65-a64b-20886ca166f8,2026-09-02 07:19:28.877812+00,2026-09-02 15:27:19.322365+00
07d7d245-c8ed-4aaa-b677-1a26887aa87c,7eb6c660-69bd-44ee-8e93-ba61b7b083f0,e9dced65-f61b-4c24-bae7-d4170299ed46,239.73,CASH,VERIFIED,REC-20260902-96752,UPI-20260902-350831,,,,2026-09-02 10:33:00+00,,,f,cc51bad9-f3d7-48e7-b3c8-b8b951b13727,2026-09-02 07:19:29.54511+00,2026-09-02 15:27:19.322365+00
4e425530-fd04-49ef-881b-32ceb1e29975,6226925a-d5e8-4ab7-9bd9-fc566b796bb9,a2e2555c-f597-43af-a77a-fe708f967218,3460,CHEQUE,VERIFIED,RCP2026090297261,,,,,2026-09-17 08:53:00+00,2026-09-17 08:53:00+00,,t,ccef9e3f-44b6-4715-a6f1-b60be60b3ef9,2026-09-17 06:31:12.172637+00,2026-09-17 06:31:12.172642+00
ecc596da-01f8-4713-90df-95567361aaf8,f9cf5ee9-be56-42d9-af4a-3bec0cfbde43,c6ca60b7-2143-412b-887e-c30ae9cda031,15215.44,UPI,VERIFIED,RCP2026090297244,,,,,2026-09-17 07:19:00+00,2026-09-17 07:19:00+00,,t,cd2b9b18-faac-485f-8b9c-b49ab81f5552,2026-09-17 06:31:11.977373+00,2026-09-17 06:31:11.977377+00
6d5a9180-3887-40d3-b0e8-049d9908b964,d9ff0515-fb03-4655-9b9b-1af66d363e4a,c33350cc-f581-492e-807f-14262d56ebcb,13936.7,UPI,VERIFIED,RCP2026090297475,,,,,2026-09-18 10:05:00+00,2026-09-18 10:05:00+00,,t,cddf2d61-9388-437d-b86a-b4eaecb14aea,2026-09-18 06:37:22.990183+00,2026-09-18 06:37:22.990188+00
b09bcc21-ce43-4ae2-a076-7ae065282484,ff44890d-0dd7-4ec2-b0bf-2d2f8dd1ecc9,2dfc73e0-dba9-4aa5-babf-d5141ded5497,5840.1,NEFT,VERIFIED,RCP2026090297430,,,,,2026-09-18 07:20:00+00,2026-09-18 07:20:00+00,,t,ce1136be-e70d-4766-906d-22f4cac60341,2026-09-18 06:37:22.20897+00,2026-09-18 06:37:22.208975+00
c7e74e5d-a255-44ce-a595-797e1dbf0a0b,a4646601-4adc-4aae-9f78-05bea10b673c,3aa13103-bd03-4578-9292-44d88d58da00,12436.65,NEFT,VERIFIED,RCP2026090297275,,,,,2026-09-17 10:10:00+00,2026-09-17 10:10:00+00,,t,ce1585ad-2558-489f-8855-6651db0ee8c5,2026-09-17 06:31:12.338318+00,2026-09-17 06:31:12.338321+00
c7e74e5d-a255-44ce-a595-797e1dbf0a0b,e1782fc8-b4d2-4b0f-bd4a-86bf077482db,3aa13103-bd03-4578-9292-44d88d58da00,48353.35,CHEQUE,VERIFIED,RCP2026090297377,,,,,2026-09-18 07:40:00+00,2026-09-18 07:40:00+00,,t,ce26b365-4990-4ade-aa9c-76180cb89813,2026-09-18 06:37:21.579229+00,2026-09-18 06:37:21.579235+00
832180a5-65b9-4d90-bb8b-b32cce32c52d,07098614-9a67-48f9-9281-ea3d64077832,c6ca60b7-2143-412b-887e-c30ae9cda031,8858.44,UPI,VERIFIED,RCP2026090297286,,,,,2026-09-17 06:02:00+00,2026-09-17 06:02:00+00,,t,cece2d6a-c7a8-48f6-be6f-c7fcac4c1be4,2026-09-17 06:31:12.453741+00,2026-09-17 06:31:12.453744+00
f9306a19-d4e9-4022-8506-e7fc243016a0,1136235c-8d87-49d4-a216-35997b316a20,c2f2e0ce-5aeb-4ece-8325-2167edfe139e,31940,UPI,VERIFIED,RCP2026090297495,,,,,2026-09-21 07:59:00+00,2026-09-21 07:59:00+00,,t,cf05415e-1b72-4352-a759-f9aa61ded82b,2026-09-21 06:09:25.730578+00,2026-09-21 06:09:25.730581+00
aa23546a-7670-42b0-a92a-fe486a2df10a,,3aa13103-bd03-4578-9292-44d88d58da00,3730,UPI,VERIFIED,RCP00000237,,,,,2026-04-03 17:22:00+00,2026-04-03 17:22:00+00,,t,cf058832-483a-4905-a5e1-173232d48e24,2026-08-27 11:28:07.767388+00,2026-09-02 15:27:19.322365+00
7e164cf7-adb1-4fc2-b798-e754091c0a2a,,a13886ca-739b-47b4-a473-724e03f7332a,25900,UPI,VERIFIED,RCP00000133,,,,,2026-05-23 13:51:00+00,2026-05-23 13:51:00+00,,t,cfa50656-abb2-4db9-a9cb-87afdd9d7465,2026-08-27 11:28:04.581441+00,2026-09-02 15:27:19.322365+00
8aa0d4d5-8fc4-4e03-adac-0832c46a801d,8007ea01-a859-4012-83cd-e9091143ec32,e9dced65-f61b-4c24-bae7-d4170299ed46,12078.39,CASH,VERIFIED,RCPT-DAY-0357,,,,,2026-08-27 08:46:00+00,2026-08-27 08:48:00+00,,f,cfb4ffe1-5a74-48f2-9112-810b3aba6537,2026-08-27 11:28:10.897145+00,2026-09-02 15:27:19.322365+00
84e417ae-38a6-41a5-b755-cedc0eadf9c0,684b2094-c09d-4501-a938-a9d5f980c8f1,2dfc73e0-dba9-4aa5-babf-d5141ded5497,8559.9,RTGS,VERIFIED,RCP00000197,,,,,2026-04-29 09:11:00+00,2026-04-29 09:11:00+00,,t,cfc109cf-f5df-461c-8ec2-2f1167b2ce7b,2026-08-27 11:28:06.301553+00,2026-09-02 15:27:19.322365+00
20024755-472d-4910-adef-e04e594fd3fc,3ff8910f-ec07-4a14-ae63-905eb295fb14,cd9e6eca-028e-4c61-8e82-048327bc4476,5780.82,CASH,VERIFIED,RCP2026090297552,,,,,2026-09-21 04:46:00+00,2026-09-21 04:46:00+00,,t,cfef840c-6f41-48e9-b78a-9b43c61be636,2026-09-21 06:09:26.290172+00,2026-09-21 06:09:26.290175+00
0be21efc-c425-49e2-b77d-f4fd8fe6a998,01bce645-37ac-44d2-a3d8-8b051a5ce0e4,c33350cc-f581-492e-807f-14262d56ebcb,5200.4,RTGS,VERIFIED,RCP2026090297416,,,,,2026-09-18 10:07:00+00,2026-09-18 10:07:00+00,,t,cffacbb9-61b3-4ec8-93a3-25cf8aea2df3,2026-09-18 06:37:22.033787+00,2026-09-18 06:37:22.03379+00
a330951c-3198-4918-8e82-7e4d5ff559c9,21350888-53c6-4ef4-bade-378c5dda0466,a2e2555c-f597-43af-a77a-fe708f967218,6961.66,CHEQUE,VERIFIED,RCP00000081,,,,,2026-06-13 11:54:00+00,2026-06-14 11:54:00+00,,t,d026942f-a4fa-4dbd-a5db-2080fb731e50,2026-08-27 11:28:03.372076+00,2026-09-02 15:27:19.322365+00
7c0bce40-35dd-43b5-a38b-4e513d67651c,ad8353fb-f844-4a86-9e8e-df41a9d71c58,c2f2e0ce-5aeb-4ece-8325-2167edfe139e,18623.05,CHEQUE,VERIFIED,RCP2026090297290,,,,,2026-09-17 04:27:00+00,2026-09-17 04:27:00+00,,t,d079a813-604e-4cd5-b980-b37cf9080b1e,2026-09-17 06:31:12.497582+00,2026-09-17 06:31:12.497586+00
5ca900a1-476b-4590-966a-61c7b16363fb,0940858e-4d19-4461-bd3b-b4e776f6df85,4a182f53-a1a1-4f15-945a-6a56f4e04b64,17132.19,RTGS,VERIFIED,RCP00000038,,,,,2026-07-11 10:57:00+00,2026-07-12 10:57:00+00,,t,d08f8780-acd3-4495-853a-0cc333569853,2026-08-27 11:28:01.772216+00,2026-09-02 15:27:19.322365+00
ee95f2ad-a914-48fb-90ed-1908e6ae946f,cacb002a-3239-4927-8962-705362d5e71d,a2e2555c-f597-43af-a77a-fe708f967218,11193.51,NEFT,VERIFIED,RCP00000307,,,,,2026-08-26 13:38:00+00,,,t,d0bc656e-a984-4678-a7fc-e6938631733c,2026-08-27 11:28:22.278541+00,2026-09-02 15:27:19.322365+00
229b9d2b-8a26-406c-8468-c4f97cb05b43,aed5dbbf-dc50-4eca-af06-0a5aaeeabaa6,a13886ca-739b-47b4-a473-724e03f7332a,18967.04,CASH,VERIFIED,RCP00000213,,,,,2026-04-28 13:11:00+00,2026-04-28 13:11:00+00,,t,d1032cb0-c192-4d5a-82f0-37dda8752e18,2026-08-27 11:28:06.522659+00,2026-09-02 15:27:19.322365+00
3e926492-2fb7-45df-8cc7-4dbf17099a2f,8bcda440-d6df-4166-8d65-deb4c7f287b3,c6ca60b7-2143-412b-887e-c30ae9cda031,15463.34,NEFT,VERIFIED,RCPT-DAY-0371,,,,,2026-08-27 13:22:00+00,2026-08-27 13:24:00+00,,f,d1117a10-7d89-4530-80e1-164287adab2b,2026-08-27 11:28:11.000047+00,2026-09-02 15:27:19.322365+00
86edfc70-8ec2-4112-8fcf-feee239e973a,30c95aef-34dc-4e94-8cf3-d16f03f5041f,5fbae4d6-59d1-4e6c-8a80-fe57244a45bb,1550.3,NEFT,VERIFIED,RCP00000212,,,,,2026-05-02 10:12:00+00,2026-05-03 10:12:00+00,,t,d14e127e-dfd6-45d3-a047-b1249d4ebf59,2026-08-27 11:28:06.518374+00,2026-09-02 15:27:19.322365+00
7de5dca0-befd-411c-b810-4feca8cee150,9ff97d0c-9e96-4844-8d30-2ecd8ce3c203,b06cd5a3-f1c0-4cdb-b241-9ce2d6c5e791,14575.78,CASH,VERIFIED,RCP00000179,,,,,2026-05-02 16:50:00+00,2026-05-02 16:50:00+00,,t,d163a737-92b6-4d5d-86f2-af1f4989ded3,2026-08-27 11:28:05.98222+00,2026-09-02 15:27:19.322365+00
530787a8-46ff-4d60-9928-0c31cd48f9c9,e01db84e-1a15-48ec-aa18-7e2e17b7dbea,2dfc73e0-dba9-4aa5-babf-d5141ded5497,46.58,CASH,VERIFIED,RCP00000064,,,,,2026-06-23 18:57:00+00,2026-06-23 18:57:00+00,,t,d16a57ae-de41-42c9-bd36-3a49441bc4bc,2026-08-27 11:28:02.940308+00,2026-09-02 15:27:19.322365+00
5309dbc6-7738-46b1-a13a-3957c6943acf,38d2e262-dc9f-4d8d-8e98-af712a270541,5fbae4d6-59d1-4e6c-8a80-fe57244a45bb,1910.44,UPI,VERIFIED,RCP2026090297320,,,,,2026-09-17 04:29:00+00,2026-09-17 04:29:00+00,,t,d16bf159-94d9-457a-b61d-b81ded16e547,2026-09-17 06:31:12.775239+00,2026-09-17 06:31:12.775241+00
8deb6166-ee8e-4563-9187-2b6daf0fa86e,09fe1151-0aa1-4ba8-8acc-7a5c59edcbf8,c37b6a5c-9d1c-46d4-8ece-dfce290dc74b,1663.79,RTGS,VERIFIED,RCP2026090297546,,,,,2026-09-21 03:58:00+00,2026-09-21 03:58:00+00,,t,d18ccc2f-8bc7-4f59-af6f-ae2b6a31f28a,2026-09-21 06:09:26.234083+00,2026-09-21 06:09:26.234086+00
9c26b8c1-747c-4c58-96b4-ba720605bd2f,040c47db-5154-4671-ae76-a50fab183ad6,e9dced65-f61b-4c24-bae7-d4170299ed46,44462.41,CHEQUE,VERIFIED,RCP00000357,,,,,2026-08-26 17:05:00+00,,,t,d1a0c8bd-2792-4503-8262-9a712832e143,2026-08-27 11:28:23.367129+00,2026-09-02 15:27:19.322365+00
edf83871-1519-4161-8c5a-cce3a34891a2,44714b4f-c5ad-49ad-a238-30b7bd215422,357e2e09-b637-468e-818b-57a5dce18e9c,3290,UPI,VERIFIED,RCPT-DAY-0380,,,,,2026-08-27 16:03:00+00,2026-08-27 16:05:00+00,,f,d1a6d82d-c801-4911-b4de-e627ab995a00,2026-08-27 11:28:11.056537+00,2026-09-02 15:27:19.322365+00
97fdbebe-896b-4dbe-8465-234874742028,71139831-e51c-4e85-b4ff-4150a93dc40c,357e2e09-b637-468e-818b-57a5dce18e9c,10930,CHEQUE,VERIFIED,REC-20260901-49392,UPI-20260901-918696,,,,2026-09-01 14:49:00+00,,,f,d1aecc3d-2df0-4ab7-bd6a-abbf9716660d,2026-09-02 07:19:28.555205+00,2026-09-02 15:27:19.322365+00
94afb3e9-d0ad-404e-bc13-cf1654dc4ef1,3c182757-a0fe-46a8-a388-97c6da3810b2,c37b6a5c-9d1c-46d4-8ece-dfce290dc74b,1371.2,CASH,VERIFIED,RCPT-DAY-0312,,,,,2026-08-27 15:45:00+00,2026-08-27 15:47:00+00,,f,d1d791ec-1eff-48b5-95ef-1355fe03b144,2026-08-27 11:28:10.496499+00,2026-09-02 15:27:19.322365+00
22c5120c-7fcb-4cd9-b531-fdd0e84483b4,8df7001e-bc30-40fe-90a9-1d33228c7a31,3aa13103-bd03-4578-9292-44d88d58da00,21057.24,UPI,VERIFIED,REC-20260901-12550,UPI-20260901-703812,,,,2026-09-01 13:13:00+00,,,f,d1f45d40-0e9a-4675-a4e5-7ba91ac92304,2026-09-02 07:19:28.645011+00,2026-09-02 15:27:19.322365+00
687c662b-de33-46e2-9ba4-072b54b1878b,,357e2e09-b637-468e-818b-57a5dce18e9c,9790,UPI,VERIFIED,RCP00000109,,,,,2026-06-08 10:17:00+00,2026-06-08 10:17:00+00,,t,d1f4bbec-e2f1-4d60-9700-42d9c1de1d17,2026-08-27 11:28:04.251528+00,2026-09-02 15:27:19.322365+00
b109d21d-865b-478e-8391-908d55b65391,1ff155a9-8685-48e5-96c4-63baee6bb576,3aa13103-bd03-4578-9292-44d88d58da00,14080,NEFT,VERIFIED,RCPT-DAY-0348,,,,,2026-08-27 15:58:00+00,2026-08-27 16:00:00+00,,f,d277d794-44e3-420b-bd6b-f76648c58b46,2026-08-27 11:28:10.831167+00,2026-09-02 15:27:19.322365+00
a330951c-3198-4918-8e82-7e4d5ff559c9,9377f505-5dcb-41fc-89b5-ef1abfaa10d5,a2e2555c-f597-43af-a77a-fe708f967218,4858.34,CASH,VERIFIED,RCP00000310,,,,,2026-08-25 10:52:00+00,,,t,d2a56b99-124a-4ae7-b89b-b878f82cffe7,2026-08-27 11:28:22.317079+00,2026-09-02 15:27:19.322365+00
2d1e3185-5816-417c-821d-0488d665f826,aa0360da-444b-4cba-836d-7578c110cdbb,c6ca60b7-2143-412b-887e-c30ae9cda031,13300,CASH,VERIFIED,RCP2026090297239,,,,,2026-09-17 08:12:00+00,2026-09-17 08:12:00+00,,t,d300001e-3a0d-4e0c-a923-2f1efed63cdd,2026-09-17 06:31:11.915501+00,2026-09-17 06:31:11.915507+00
0f96fe04-53ed-4442-a955-c8cdac83f198,cec9b8fc-4eb5-4674-9c65-1b0200d5fd32,2dfc73e0-dba9-4aa5-babf-d5141ded5497,1672.98,RTGS,VERIFIED,RCP2026090297542,,,,,2026-09-21 09:43:00+00,2026-09-21 09:43:00+00,,t,d3049f99-56a2-4ccd-b691-c97d07e1cdd0,2026-09-21 06:09:26.193836+00,2026-09-21 06:09:26.193842+00
99c2fb5d-70cb-4ce3-b012-4eced8b3258b,3a9fd9a4-56de-45c7-8b33-b5b5a079f0ac,3e9c4168-1de9-43e8-b9f2-fbf3f931949d,8628.1,RTGS,VERIFIED,RCP2026090297450,,,,,2026-09-18 06:33:00+00,2026-09-18 06:33:00+00,,t,d38e2b95-e2e4-49ad-b170-d69ea54e5a2d,2026-09-18 06:37:22.547646+00,2026-09-18 06:37:22.547649+00
a9f60804-09fd-4777-90a8-de972b4484fd,88ec7647-16b3-429b-a377-519a62e5a658,a2e2555c-f597-43af-a77a-fe708f967218,1380.63,NEFT,VERIFIED,RCP2026090297403,,,,,2026-09-18 05:29:00+00,2026-09-18 05:29:00+00,,t,d3a3f625-57c3-467e-8928-12bf9a750002,2026-09-18 06:37:21.884897+00,2026-09-18 06:37:21.884899+00
cca9869d-84cb-4679-85fc-73e49afbd354,28283250-18aa-4690-972f-5e8cefb325f9,c6ca60b7-2143-412b-887e-c30ae9cda031,6169.19,UPI,VERIFIED,RCP2026090297447,,,,,2026-09-18 03:44:00+00,2026-09-18 03:44:00+00,,t,d406557c-9899-4711-b6ad-f50def37bc93,2026-09-18 06:37:22.499347+00,2026-09-18 06:37:22.49935+00
2b3fe190-52e9-4307-bca1-7484d97e10de,e276dc68-856d-469e-b343-c9efa5509559,3aa13103-bd03-4578-9292-44d88d58da00,2797.8,RTGS,VERIFIED,REC-20260902-14185,UPI-20260902-594219,,,,2026-09-02 15:28:00+00,,,f,d4359c1f-71e8-42fa-a90c-c0c01cb57094,2026-09-02 07:19:28.775208+00,2026-09-02 15:27:19.322365+00
f4f8dd22-78f4-40f3-8b26-4f8567da2da4,b96968b0-7eb2-45a3-89f3-112731af30f7,c37b6a5c-9d1c-46d4-8ece-dfce290dc74b,4061.47,CASH,VERIFIED,RCP2026090297404,,,,,2026-09-18 07:03:00+00,2026-09-18 07:03:00+00,,t,d43c0082-fa09-4943-85ed-2d9a4064a1eb,2026-09-18 06:37:21.897719+00,2026-09-18 06:37:21.897722+00
46059cf0-4f00-4e45-8b87-b098583ed498,ae29addf-8da2-43a7-bc59-580fbb4caebf,4a182f53-a1a1-4f15-945a-6a56f4e04b64,26486.28,CHEQUE,VERIFIED,RCP2026090297338,,,,,2026-09-17 11:19:00+00,2026-09-17 11:19:00+00,,t,d4a78674-55fd-4ea5-ac10-223877454653,2026-09-17 06:31:13.170831+00,2026-09-17 06:31:13.170834+00
964f7c46-2a07-42a4-a431-767d0bae94bb,9e47f4bd-ce08-4d70-9cfc-b572bfe7e9a8,5fbae4d6-59d1-4e6c-8a80-fe57244a45bb,6285.78,CHEQUE,VERIFIED,RCP2026090297304,,,,,2026-09-17 08:07:00+00,2026-09-17 08:07:00+00,,t,d4ff00df-8f37-4081-a402-fea5010b7fa9,2026-09-17 06:31:12.632615+00,2026-09-17 06:31:12.632618+00
50664ed5-e23c-4ae7-b9a0-1f80ab19dba5,e01b1603-23e0-41d3-bb59-d56d54431fa6,c6ca60b7-2143-412b-887e-c30ae9cda031,4298.06,CHEQUE,VERIFIED,RCP00000377,,,,,2026-08-25 10:32:00+00,,,t,d53d57a4-9d06-4b7c-8d13-c5d4620ff4ed,2026-08-27 11:28:23.585229+00,2026-09-02 15:27:19.322365+00
7d320cac-116a-4fca-91e3-21aeb3e7b44e,d409c7e7-116b-4d23-a2a0-408c390c008a,a2e2555c-f597-43af-a77a-fe708f967218,23040,NEFT,VERIFIED,RCP00000173,,,,,2026-04-18 16:20:00+00,2026-04-18 16:20:00+00,,t,d5415b3c-3e47-4d50-a8d7-dbced656146e,2026-08-27 11:28:05.847469+00,2026-09-02 15:27:19.322365+00
7c0bce40-35dd-43b5-a38b-4e513d67651c,3098233d-adf4-4593-b159-eef99e3c3c18,c2f2e0ce-5aeb-4ece-8325-2167edfe139e,6313.97,NEFT,VERIFIED,RCP2026090297418,,,,,2026-09-18 04:34:00+00,2026-09-18 04:34:00+00,,t,d57ea6ec-88ce-4769-9a6d-522fca1c72e0,2026-09-18 06:37:22.054366+00,2026-09-18 06:37:22.05437+00
0df3d468-4961-410c-adf2-ceffea0d2936,a1a7fef5-d8eb-4465-ac20-0228c5ec8b21,e9dced65-f61b-4c24-bae7-d4170299ed46,7641.18,RTGS,VERIFIED,RCP2026090297463,,,,,2026-09-18 08:24:00+00,2026-09-18 08:24:00+00,,t,d596aee9-38e0-48c6-b363-d49ce5cad0cb,2026-09-18 06:37:22.791595+00,2026-09-18 06:37:22.791599+00
9382cec4-b298-4fce-8516-2dc935727921,,1d5e58e8-954e-4d6c-b13c-6e6d614cb588,32000,NEFT,VERIFIED,RCP00000275,,,,,2026-04-09 11:03:00+00,2026-04-09 11:03:00+00,,t,d5c6437f-7432-452e-bb15-5b90ea3d1c9f,2026-08-27 11:28:08.385761+00,2026-09-02 15:27:19.322365+00
b4999caa-368f-427b-baf0-755482b4b399,627c7a8e-c144-4fcb-9cdc-4be04ef8f83c,c6ca60b7-2143-412b-887e-c30ae9cda031,34100,CASH,VERIFIED,RCP2026090297267,,,,,2026-09-17 04:14:00+00,2026-09-17 04:14:00+00,,t,d5dc8fc2-c458-410c-9420-86546ec4a2cb,2026-09-17 06:31:12.247097+00,2026-09-17 06:31:12.247101+00
f87bc957-012e-43c5-bbcc-25b04609584f,bcdcacad-47c5-447a-81ab-dc8221fa1cf1,3e9c4168-1de9-43e8-b9f2-fbf3f931949d,27918.29,DD,VERIFIED,RCP00000202,,,,,2026-04-21 16:07:00+00,2026-04-21 16:07:00+00,,t,d5fc5762-a7ea-4e54-b190-5b180884ddd6,2026-08-27 11:28:06.349826+00,2026-09-02 15:27:19.322365+00
4051f020-8645-4d4d-9b60-f3174b123ac6,4b737500-e3a7-4ad2-b2f6-6e8fae62c1cb,a13886ca-739b-47b4-a473-724e03f7332a,10710,NEFT,VERIFIED,RCPT-DAY-0395,,,,,2026-08-27 13:49:00+00,2026-08-27 13:51:00+00,,f,d607c4e1-01cd-4213-bf06-5ca74df8bf4c,2026-08-27 11:28:11.194591+00,2026-09-02 15:27:19.322365+00
dd0d71b0-726d-49f4-9b98-d9038f1d34a8,,2dfc73e0-dba9-4aa5-babf-d5141ded5497,17370,UPI,VERIFIED,RCP00000089,,,,,2026-07-03 17:51:00+00,2026-07-03 17:51:00+00,,t,d60fbc1d-5835-4f3f-a2a2-3aca0ed738eb,2026-08-27 11:28:03.516492+00,2026-09-02 15:27:19.322365+00
d65eede3-98ea-45c2-b7cb-ee89a83051b0,85b2e747-9252-4a30-ae5d-59496ddb38b0,c33350cc-f581-492e-807f-14262d56ebcb,51590,RTGS,VERIFIED,RCP00000049,,,,,2026-07-09 18:42:00+00,2026-07-09 18:42:00+00,,t,d61d5e09-bdde-4249-ac95-5d2c7255c578,2026-08-27 11:28:02.071087+00,2026-09-02 15:27:19.322365+00
21b87ade-8289-4310-9bdb-2cc0b38250d6,8ff0f42b-3273-41c6-8069-f5cf08812437,3aa13103-bd03-4578-9292-44d88d58da00,8711.66,CASH,VERIFIED,RCP00000046,,,,,2026-07-15 16:52:00+00,2026-07-15 16:52:00+00,,t,d66c3454-4917-4039-b057-a41e73c813c4,2026-08-27 11:28:01.956004+00,2026-09-02 15:27:19.322365+00
394352eb-40dd-4a95-b7a1-5fb46e6ebd74,66d99806-38bc-4262-b075-cf7caa279e3c,3e9c4168-1de9-43e8-b9f2-fbf3f931949d,28701.11,DD,VERIFIED,RCP00000259,,,,,2026-03-16 11:21:00+00,2026-03-16 11:21:00+00,,t,d69aadad-bffe-42ca-82e9-651bde68c1f3,2026-08-27 11:28:08.138826+00,2026-09-02 15:27:19.322365+00
b8865d19-8a94-4df1-83c3-808fa6840f5b,993b82f0-e914-4c56-9498-678fa0160e86,c33350cc-f581-492e-807f-14262d56ebcb,8934.48,CHEQUE,VERIFIED,RCP2026090297413,,,,,2026-09-18 03:41:00+00,2026-09-18 03:41:00+00,,t,d6b94949-632e-4317-83d4-1fa63f883284,2026-09-18 06:37:21.995651+00,2026-09-18 06:37:21.995654+00
8e71049d-51b1-484a-9fc4-3aeb19f20939,d97aac9d-c01b-4252-a685-484d8e7d6c78,357e2e09-b637-468e-818b-57a5dce18e9c,2420,NEFT,VERIFIED,RCP00000126,,,,,2026-05-14 12:09:00+00,2026-05-14 12:09:00+00,,t,d6f23d79-e97b-4813-853a-89b871f9aed3,2026-08-27 11:28:04.513093+00,2026-09-02 15:27:19.322365+00
26cefbee-92c4-4c5b-967b-bf2ad3ede143,f1133466-8aae-4527-8166-d7afa75f3e83,c2f2e0ce-5aeb-4ece-8325-2167edfe139e,4435.58,UPI,VERIFIED,RCP2026090297424,,,,,2026-09-18 04:41:00+00,2026-09-18 04:41:00+00,,t,d70677fb-2f24-4eca-8016-fd7887a08829,2026-09-18 06:37:22.11852+00,2026-09-18 06:37:22.118523+00
e34137fd-e6c1-4393-a80d-40b5b302234c,16e174bd-4e60-43a6-9f64-65ae2a07ab50,c37b6a5c-9d1c-46d4-8ece-dfce290dc74b,11238.68,DD,VERIFIED,RCP00000177,,,,,2026-04-22 12:42:00+00,2026-04-22 12:42:00+00,,t,d76112ec-6375-41e1-b8ad-f46b9480a959,2026-08-27 11:28:05.92126+00,2026-09-02 15:27:19.322365+00
03e6a647-6df3-4b28-8fe2-0b9cc3eb0260,a7274d30-9638-49d3-b8c9-3fc43d864758,2b6de8aa-0976-4be0-8a40-043ff86ffa54,17107.82,UPI,VERIFIED,RCP2026090297331,,,,,2026-09-17 06:02:00+00,2026-09-17 06:02:00+00,,t,d76e3b0f-e736-4120-8124-4cc30cff96fa,2026-09-17 06:31:13.065184+00,2026-09-17 06:31:13.06519+00
a961c4cb-299c-4776-89da-bacf7f957e06,52e4b045-cada-46e6-a80d-e0116005973a,357e2e09-b637-468e-818b-57a5dce18e9c,10781.76,NEFT,VERIFIED,RCP00000161,,,,,2026-04-14 16:17:00+00,2026-04-14 16:17:00+00,,t,d7b53964-3a80-43e5-b61e-c3f392595129,2026-08-27 11:28:05.667724+00,2026-09-02 15:27:19.322365+00
0027eac2-fbff-43d2-b5e6-182b1c592d33,aea7a138-a907-4360-9e02-770ec0ba832c,e9dced65-f61b-4c24-bae7-d4170299ed46,5869.13,CHEQUE,VERIFIED,RCP00000355,,,,,2026-08-26 15:05:00+00,,,t,d7c292c0-d0e9-47b3-af51-0c3b74cfd6d4,2026-08-27 11:28:23.348946+00,2026-09-02 15:27:19.322365+00
02c8f96d-6643-470e-b0e9-4e349f1b3de4,155bc516-27da-4308-898f-536c84dc4e17,357e2e09-b637-468e-818b-57a5dce18e9c,6828.08,NEFT,VERIFIED,RCP2026090297262,,,,,2026-09-17 04:14:00+00,2026-09-17 04:14:00+00,,t,d7fb2097-b4ac-4eb9-bb7b-ceaec6e8e6cd,2026-09-17 06:31:12.183983+00,2026-09-17 06:31:12.183986+00
6ec7dd21-0b29-4e6e-b9ef-cf46d17c86ce,ff35b4fd-f659-496d-97a3-4108ec80046b,a2e2555c-f597-43af-a77a-fe708f967218,15732.9,CASH,VERIFIED,RCP2026090297226,,,,,2026-09-10 10:06:00+00,2026-09-10 10:06:00+00,,t,d84e8cb2-7a07-47f6-8c41-2bf3a303d3ce,2026-09-10 10:42:26.937971+00,2026-09-10 10:42:26.937978+00
81a526e2-3990-4e09-b07a-049b311b4072,9b38cea5-ac25-446d-bb1c-c252d39119e9,3aa13103-bd03-4578-9292-44d88d58da00,7030,NEFT,VERIFIED,RCP00000257,,,,,2026-04-01 11:29:00+00,2026-04-01 11:29:00+00,,t,d925d51c-4e9f-4345-9c9f-5a08f8776820,2026-08-27 11:28:08.124881+00,2026-09-02 15:27:19.322365+00
b8229b8e-ad88-42eb-a6a5-3bad34066859,577e0acd-5956-483f-a5a4-0643bade880b,5fbae4d6-59d1-4e6c-8a80-fe57244a45bb,5678.94,NEFT,VERIFIED,RCP2026090297351,,,,,2026-09-17 07:38:00+00,2026-09-17 07:38:00+00,,t,d95b643b-37bd-46ea-a8d1-8cab37baa9a3,2026-09-17 06:31:13.375809+00,2026-09-17 06:31:13.375829+00
af304ff6-67dd-4f78-a7ba-369864757197,13fa38ef-31e5-4aa5-adb3-2eb1611de5ca,e9dced65-f61b-4c24-bae7-d4170299ed46,55571.02,DD,VERIFIED,RCP00000356,,,,,2026-08-26 15:48:00+00,,,t,d9b6bf60-df8c-4e7d-a1a8-1e6d4c536af4,2026-08-27 11:28:23.35399+00,2026-09-02 15:27:19.322365+00
09efe1d7-f0c8-49fc-8af9-a7a73a1ce323,145841a7-b91b-401a-8c7b-26f8e0413282,c6ca60b7-2143-412b-887e-c30ae9cda031,6078.63,RTGS,VERIFIED,RCP2026090297521,,,,,2026-09-21 10:16:00+00,2026-09-21 10:16:00+00,,t,d9fc532e-83be-495d-a475-9d920818b0f9,2026-09-21 06:09:25.985436+00,2026-09-21 06:09:25.98544+00
972a7acd-08d1-43e9-a889-cc08ca6ad27d,a7bfdcef-4fb1-4306-b149-dfc42dde6fcb,c6ca60b7-2143-412b-887e-c30ae9cda031,10621.81,DD,VERIFIED,RCP00000101,,,,,2026-05-13 16:24:00+00,2026-05-13 16:24:00+00,,t,da7e70cc-1d0c-4ca1-b457-ecce8fb792fb,2026-08-27 11:28:04.085977+00,2026-09-02 15:27:19.322365+00
64fd2fa0-80cf-4900-af39-cf7caf06b4df,c76304b4-0967-4efe-8828-43ceaa2f76c8,2b6de8aa-0976-4be0-8a40-043ff86ffa54,4787.69,CASH,VERIFIED,REC-20260902-29666,UPI-20260902-379651,,,,2026-09-02 14:17:00+00,,,f,da948e89-e252-4167-924a-c0117a225259,2026-09-02 07:19:29.025232+00,2026-09-02 15:27:19.322365+00
66709f17-9d25-4c36-afda-a55ab3ccecb8,a33bd293-7ada-414f-a484-d9d78a5720e1,3aa13103-bd03-4578-9292-44d88d58da00,8818.19,CHEQUE,VERIFIED,RCP2026090297468,,,,,2026-09-18 05:06:00+00,2026-09-18 05:06:00+00,,t,daec58bb-ecc1-4d65-9e2c-b97e83c9eb87,2026-09-18 06:37:22.876168+00,2026-09-18 06:37:22.876172+00
165b7cb2-5601-48c6-a255-a94d78031e60,26571676-a81e-4565-8798-ce4f5336a028,c33350cc-f581-492e-807f-14262d56ebcb,30410,CASH,VERIFIED,RCP2026090297229,,,,,2026-09-10 14:18:00+00,2026-09-10 14:18:00+00,,t,db0802f2-a646-4398-96c4-e85ee8617c36,2026-09-10 10:42:27.030105+00,2026-09-10 10:42:27.030108+00
e7448c4e-3ccf-4f7a-a983-ecb733e8a376,317cc9ff-606b-4418-8854-dbdf3ae0ce7e,3e9c4168-1de9-43e8-b9f2-fbf3f931949d,2977.08,RTGS,VERIFIED,RCP00000359,,,,,2026-08-26 11:41:00+00,,,t,db4c8a4b-8e7b-48e1-a9bb-1e7b82cd0738,2026-08-27 11:28:23.430741+00,2026-09-02 15:27:19.322365+00
99bbd936-0b8f-4278-892e-5264a46fb674,00ad971f-dd35-4d9f-b579-c6b137accecb,c2f2e0ce-5aeb-4ece-8325-2167edfe139e,2850,UPI,VERIFIED,RCPT-DAY-0340,,,,,2026-08-27 11:49:00+00,2026-08-27 11:51:00+00,,f,db642ec1-d868-4b04-9a31-8829427763a9,2026-08-27 11:28:10.747798+00,2026-09-02 15:27:19.322365+00
7ce27b52-1187-431c-944e-4423472c22a1,75563437-51e9-419f-b2a9-e7c8c22e4248,2b6de8aa-0976-4be0-8a40-043ff86ffa54,6639.05,RTGS,VERIFIED,RCP2026090297557,,,,,2026-09-21 10:45:00+00,2026-09-21 10:45:00+00,,t,dbb8c644-a5dc-413e-9937-0d05183d2fb0,2026-09-21 06:09:26.337069+00,2026-09-21 06:09:26.337072+00
ab424df4-f91b-4d3a-bf7e-77671eab8c75,3ba6036c-c37d-4e54-b1d8-1b6f9fa7f7a1,c6ca60b7-2143-412b-887e-c30ae9cda031,231.46,UPI,VERIFIED,REC-20260901-58734,UPI-20260901-576084,,,,2026-09-01 16:11:00+00,,,f,dc33bf22-74e4-41f5-8d4d-3e20d3af5388,2026-09-02 07:19:30.628369+00,2026-09-02 15:27:19.322365+00
39aeb7cd-94b6-4ea7-afab-1692057be162,cedd8ee7-71a7-4ebe-a913-dc4274053d9f,a13886ca-739b-47b4-a473-724e03f7332a,22630,CHEQUE,VERIFIED,REC-20260901-41700,UPI-20260901-363928,,,,2026-09-01 09:43:00+00,,,f,dc7533bf-4f61-4711-994a-1dc34e1ec0fb,2026-09-02 07:19:30.193472+00,2026-09-02 15:27:19.322365+00
665d80b4-5571-4293-8947-e8ac5a92d539,499f4314-c496-4417-a39f-9c4669412b85,2b6de8aa-0976-4be0-8a40-043ff86ffa54,6850.66,RTGS,VERIFIED,RCP2026090297523,,,,,2026-09-21 04:36:00+00,2026-09-21 04:36:00+00,,t,dcc4f4f6-3c95-4acf-a1ad-6e4486b2369f,2026-09-21 06:09:26.008404+00,2026-09-21 06:09:26.008408+00
3faae8c4-8d96-403d-9c97-b2161f472733,4ab1f14d-589a-457a-8a1a-ea8ea2c72042,3aa13103-bd03-4578-9292-44d88d58da00,5138.75,CASH,VERIFIED,REC-20260901-93856,UPI-20260901-893319,,,,2026-09-01 15:47:00+00,,,f,dd0ff86d-5950-4e98-a786-d654c6d0f677,2026-09-02 07:19:28.664947+00,2026-09-02 15:27:19.322365+00
0a82052f-30a7-4e30-a1df-7956741a99b5,8d7ed130-d3c1-4a19-ad40-efbb16b74252,5fbae4d6-59d1-4e6c-8a80-fe57244a45bb,666.86,CASH,VERIFIED,RCP2026090297391,,,,,2026-09-18 08:15:00+00,2026-09-18 08:15:00+00,,t,dd200290-505c-4eb2-81ef-22048fa5f24f,2026-09-18 06:37:21.746107+00,2026-09-18 06:37:21.746112+00
fd1fbad1-a7a4-4589-bd08-b106ed1d9895,ecce1c81-ce9f-45aa-91f0-f3d6b892228e,c6ca60b7-2143-412b-887e-c30ae9cda031,17660,NEFT,VERIFIED,RCP2026090297252,,,,,2026-09-17 10:59:00+00,2026-09-17 10:59:00+00,,t,dd612e1c-4855-49b5-b327-418fedb61c87,2026-09-17 06:31:12.069718+00,2026-09-17 06:31:12.069721+00
dbe687b1-68d0-41e1-a05c-6b8198bf2a6d,02440b6f-e196-448e-a022-5dde48a28acd,c2f2e0ce-5aeb-4ece-8325-2167edfe139e,8310.57,CASH,VERIFIED,RCP00000335,,,,,2026-08-26 15:04:00+00,,,t,dd90a04a-a44b-41ba-90fe-70d3541742d8,2026-08-27 11:28:22.957462+00,2026-09-02 15:27:19.322365+00
91fcc147-3dca-4dcf-a5a3-ef0e719ec278,4a9977cb-f2e8-4db7-93d1-573d503087f6,b06cd5a3-f1c0-4cdb-b241-9ce2d6c5e791,25000,NEFT,VERIFIED,RCPT-DAY-0404,,,,,2026-08-27 16:26:00+00,2026-08-27 16:28:00+00,,f,dde28dc8-5a50-4178-9313-609796da847a,2026-08-27 11:28:11.262265+00,2026-09-02 15:27:19.322365+00
e4b8ebd5-54a3-4e1c-ad9a-02c303bc79b6,60c15ffd-4675-46c0-a4d5-9c0d925e857a,cd9e6eca-028e-4c61-8e82-048327bc4476,17543.6,NEFT,VERIFIED,RCP2026090297352,,,,,2026-09-17 04:50:00+00,2026-09-17 04:50:00+00,,t,de1a0863-aab6-4715-86aa-5125626bcdf2,2026-09-17 06:31:13.391573+00,2026-09-17 06:31:13.391576+00
6b3b3c43-1097-435a-861a-928082df6ff3,4e00953b-bad6-42b0-9dce-85390568c667,c33350cc-f581-492e-807f-14262d56ebcb,9784.08,RTGS,VERIFIED,RCP00000053,,,,,2026-07-30 15:39:00+00,2026-07-30 15:39:00+00,,t,dec6caf3-5388-4cae-bfa8-755cc25d21e5,2026-08-27 11:28:02.174661+00,2026-09-02 15:27:19.322365+00
cc00d26b-c20b-4b2a-b910-32483a7ea449,a0852885-35e2-4366-9e8b-2493876e48ad,4a182f53-a1a1-4f15-945a-6a56f4e04b64,4150.06,RTGS,VERIFIED,RCP2026090297283,,,,,2026-09-17 05:25:00+00,2026-09-17 05:25:00+00,,t,df7cc6e8-284f-41cb-87d5-0a7fd0b751bb,2026-09-17 06:31:12.421181+00,2026-09-17 06:31:12.421184+00
13871b39-d123-4a16-a6f2-1a6823e94358,d438bb81-4fdc-43d1-90d4-5d25482270b4,c37b6a5c-9d1c-46d4-8ece-dfce290dc74b,9760,NEFT,VERIFIED,RCP00000169,,,,,2026-04-14 12:58:00+00,2026-04-14 12:58:00+00,,t,dfad1be4-9ecd-4378-a9e1-b362256c1c1b,2026-08-27 11:28:05.80786+00,2026-09-02 15:27:19.322365+00
e3b28cb3-665f-4670-8508-b2c7b4d89c5c,1eb23c4f-c894-43f2-87f3-829f5fa26767,2dfc73e0-dba9-4aa5-babf-d5141ded5497,35522.52,NEFT,VERIFIED,RCP00000328,,,,,2026-08-25 12:51:00+00,,,t,e04e3a75-6892-46fc-b208-e0d93c66bd79,2026-08-27 11:28:22.768975+00,2026-09-02 15:27:19.322365+00
93cc1d05-9926-43e1-b55d-a8d353d54a01,df5bc4d3-96a2-4b68-8265-f69eb1da9289,2b6de8aa-0976-4be0-8a40-043ff86ffa54,5853.66,UPI,VERIFIED,REC-20260902-91524,UPI-20260902-423991,,,,2026-09-02 15:38:00+00,,,f,e0da7177-03f8-460c-8f57-a6a279e4ce58,2026-09-02 07:19:29.035037+00,2026-09-02 15:27:19.322365+00
58dc883f-2557-43f5-ad16-d57ab937894a,29c7ea63-bc14-4563-9324-d1ab510f13d1,a2e2555c-f597-43af-a77a-fe708f967218,30870,NEFT,VERIFIED,RCP00000229,,,,,2026-03-07 18:04:00+00,2026-03-08 18:04:00+00,,t,e17362fc-f432-4b02-a24f-d2c6748ac6f1,2026-08-27 11:28:07.653595+00,2026-09-02 15:27:19.323364+00
e8865019-332f-4eec-ab41-e66e011af248,040ce2a3-348d-4e79-8b81-088077917bdd,5fbae4d6-59d1-4e6c-8a80-fe57244a45bb,40708.28,UPI,VERIFIED,RCP2026090297488,,,,,2026-09-21 10:58:00+00,2026-09-21 10:58:00+00,,t,e196f429-98a0-404b-a2f6-aaa693ced851,2026-09-21 06:09:25.662946+00,2026-09-21 06:09:25.662949+00
83964713-95e2-488d-8034-b75744c78c1e,9d65d224-da5a-428f-9e1e-d8213e904404,c2f2e0ce-5aeb-4ece-8325-2167edfe139e,2066.09,UPI,VERIFIED,REC-20260902-13503,UPI-20260902-122361,,,,2026-09-02 11:13:00+00,,,f,e1b7c1ce-631d-4699-99fd-bc927d10ad65,2026-09-02 07:19:29.857781+00,2026-09-02 15:27:19.323364+00
cb992b92-f559-42c8-b063-409c884cc1ce,aadf50c0-b498-4ca1-ae0e-9c93020af207,c37b6a5c-9d1c-46d4-8ece-dfce290dc74b,1686.81,CASH,VERIFIED,RCP2026090297233,,,,,2026-09-10 13:50:00+00,2026-09-10 13:50:00+00,,t,e2c38486-6f89-4971-b3fb-e67c687272ca,2026-09-10 10:42:27.099428+00,2026-09-10 10:42:27.099432+00
dbab7860-646a-4de4-bbaf-f4240f81b396,c52bc70c-235a-45df-b157-41f25936f543,c2f2e0ce-5aeb-4ece-8325-2167edfe139e,28342.91,NEFT,VERIFIED,RCP2026090297373,,,,,2026-09-18 04:26:00+00,2026-09-18 04:26:00+00,,t,e2d8ca45-9649-4824-9167-b0c69e22382e,2026-09-18 06:37:21.528909+00,2026-09-18 06:37:21.528912+00
966b3a4f-c1ca-427e-8c76-d394ca8bd8d3,,e9dced65-f61b-4c24-bae7-d4170299ed46,18060,UPI,VERIFIED,RCP00000246,,,,,2026-04-04 16:37:00+00,2026-04-05 16:37:00+00,,t,e2e0f6be-871b-47f3-af26-dbf443829fc5,2026-08-27 11:28:07.97374+00,2026-09-02 15:27:19.323364+00
840f0308-1ee3-47f1-8d0c-c2ab2fa4d876,d93d2f88-816f-42b3-95fe-94312333e584,3e9c4168-1de9-43e8-b9f2-fbf3f931949d,7399.14,RTGS,VERIFIED,REC-20260902-33345,UPI-20260902-647079,,,,2026-09-02 09:18:00+00,,,f,e31bc5fa-34a8-44c1-98b9-1f709000cf2a,2026-09-02 07:19:29.965268+00,2026-09-02 15:27:19.323364+00
18b3d950-6ba8-43cf-a907-2e3f7135c64a,87bee7bc-f180-4224-bf79-d2d7266b2d3e,a13886ca-739b-47b4-a473-724e03f7332a,2655.98,NEFT,VERIFIED,RCP00000024,,,,,2026-07-23 09:49:00+00,2026-07-23 09:49:00+00,,t,e3792a65-03cc-4a4b-a082-d163fe7fadd1,2026-08-27 11:28:01.545897+00,2026-09-02 15:27:19.323364+00
21b87ade-8289-4310-9bdb-2cc0b38250d6,3b6d3641-ff74-4e4f-aed1-f1ee58b698c1,3aa13103-bd03-4578-9292-44d88d58da00,1048.16,UPI,VERIFIED,RCP00000340,,,,,2026-08-26 11:29:00+00,,,t,e3e34c78-115b-4e3b-a45d-33cb12024ff4,2026-08-27 11:28:23.076519+00,2026-09-02 15:27:19.323364+00
91bc4a25-06af-4270-bd22-f76e3b907616,,b06cd5a3-f1c0-4cdb-b241-9ce2d6c5e791,25000,UPI,VERIFIED,RCP00000123,,,,,2026-05-26 14:16:00+00,2026-05-26 14:16:00+00,,t,e3ebbac8-306f-4ca1-9bdf-bd3c0802cdd8,2026-08-27 11:28:04.486773+00,2026-09-02 15:27:19.323364+00
332afbbb-18ee-46d2-83d6-49e69d38e111,106888ec-19dc-44a3-8740-d315e82d62f0,c37b6a5c-9d1c-46d4-8ece-dfce290dc74b,12250.71,CASH,VERIFIED,REC-20260901-45928,UPI-20260901-729498,,,,2026-09-01 14:43:00+00,,,f,e4225c18-d95f-40d4-81e4-83612433cf90,2026-09-02 07:19:29.085337+00,2026-09-02 15:27:19.323364+00
12a40d91-5e4d-49b3-93c7-3c814c04a69d,f793079d-f8ac-4aca-a3dd-456c6ee419c9,357e2e09-b637-468e-818b-57a5dce18e9c,6670,CHEQUE,VERIFIED,RCP00000066,,,,,2026-06-25 16:05:00+00,2026-06-25 16:05:00+00,,t,e42530e8-dff7-4384-84b8-ccc6bf4a2032,2026-08-27 11:28:02.95872+00,2026-09-02 15:27:19.323364+00
2003a60b-193c-4dcd-aba3-04312852bf50,782e2c19-7d64-4780-aa26-c43486571d84,4a182f53-a1a1-4f15-945a-6a56f4e04b64,3251.8,CASH,VERIFIED,RCP2026090297541,,,,,2026-09-21 06:31:00+00,2026-09-21 06:31:00+00,,t,e4391c53-45b1-4025-ab17-5963f39c2bde,2026-09-21 06:09:26.183041+00,2026-09-21 06:09:26.183045+00
af2ed21b-2b2d-4e61-bb93-099059a8e1a9,a1fbfb79-711d-4689-aa9e-ec1dbd1c8d3d,357e2e09-b637-468e-818b-57a5dce18e9c,19981.31,CHEQUE,VERIFIED,RCP00000380,,,,,2026-08-26 17:31:00+00,,,t,e4411b23-4431-4b1b-afd6-c86b6418872f,2026-08-27 11:28:23.668323+00,2026-09-02 15:27:19.323364+00
7ff1d5f4-a4c4-495a-9e14-23978ad7072d,96937249-6094-4284-a836-381ec8c4974a,c33350cc-f581-492e-807f-14262d56ebcb,5139.34,CASH,VERIFIED,RCP2026090297288,,,,,2026-09-17 10:09:00+00,2026-09-17 10:09:00+00,,t,e4799070-c3d2-421d-8169-59a1818594c3,2026-09-17 06:31:12.476861+00,2026-09-17 06:31:12.476865+00
51700661-a842-4f65-8814-b4ec6ac3b2a7,83aac391-7d7a-4593-99a4-46ad87f14fd5,3aa13103-bd03-4578-9292-44d88d58da00,62320,CASH,VERIFIED,RCP2026090297489,,,,,2026-09-21 03:47:00+00,2026-09-21 03:47:00+00,,t,e48ee624-314b-4476-9df0-99a1e8626d20,2026-09-21 06:09:25.672939+00,2026-09-21 06:09:25.672942+00
501a96e1-23b3-4ae8-8d29-c7b8c50011b9,848c6ee1-6940-40e2-b87c-70e10b2f11ad,4a182f53-a1a1-4f15-945a-6a56f4e04b64,24030,UPI,VERIFIED,RCP00000392,,,,,2026-08-25 11:34:00+00,,,t,e4b13c71-69d1-4fbe-b1af-0edbaf9b461b,2026-08-27 11:28:23.850939+00,2026-09-02 15:27:19.323364+00
3cfbc763-04d4-4c78-bd38-db876da6efe4,716a364d-5713-43d4-9ca1-70f193071526,c2f2e0ce-5aeb-4ece-8325-2167edfe139e,2876.58,NEFT,VERIFIED,RCP2026090297292,,,,,2026-09-17 08:50:00+00,2026-09-17 08:50:00+00,,t,e4b3a374-abf3-4617-aa76-bbf64aa206f5,2026-09-17 06:31:12.516936+00,2026-09-17 06:31:12.516939+00
42f15e58-ddf0-4c48-8ea1-0535496c0151,668f65eb-4782-44b5-a698-f009fc5c9eda,e9dced65-f61b-4c24-bae7-d4170299ed46,20055.66,UPI,VERIFIED,RCPT-DAY-0359,,,,,2026-08-27 11:05:00+00,2026-08-27 11:07:00+00,,f,e5c27843-9ca8-46e3-9c6e-bae482e9ea95,2026-08-27 11:28:10.907617+00,2026-09-02 15:27:19.323364+00
d0ebad68-10d0-48e5-88f5-f0feb94c5dd7,9fff0212-5024-4653-89d0-cf2ee5abeb36,4a182f53-a1a1-4f15-945a-6a56f4e04b64,24780,UPI,VERIFIED,REC-20260902-44799,UPI-20260902-107120,,,,2026-09-02 11:26:00+00,,,f,e5cd26d9-afb5-47ab-ac89-b7ec2f6d99c5,2026-09-02 07:19:30.131829+00,2026-09-02 15:27:19.323364+00
51180735-ed9f-400e-8fb7-3cd669fa0089,3907ba72-3a92-4546-8ca6-ed83b68bf276,e9dced65-f61b-4c24-bae7-d4170299ed46,744.51,CHEQUE,VERIFIED,RCP2026090297457,,,,,2026-09-18 11:02:00+00,2026-09-18 11:02:00+00,,t,e5e28011-910f-4f43-9c2b-be22ce301a9e,2026-09-18 06:37:22.683516+00,2026-09-18 06:37:22.68352+00
4e96d241-8893-496b-b4b7-f9573094d05c,71e76851-ddfa-4b85-b888-44b6b1cd11be,c2f2e0ce-5aeb-4ece-8325-2167edfe139e,12330,DD,VERIFIED,RCP00000331,,,,,2026-08-26 10:45:00+00,,,t,e5e41fef-97cc-4c08-9077-6d4a40e587c3,2026-08-27 11:28:22.898871+00,2026-09-02 15:27:19.323364+00
f4f0fa59-404b-4387-b582-0b7ca402dbf5,7529e691-2d1f-409b-96c3-39b7619496cd,357e2e09-b637-468e-818b-57a5dce18e9c,3227.89,UPI,VERIFIED,RCPT-DAY-0373,,,,,2026-08-27 08:28:00+00,2026-08-27 08:30:00+00,,f,e61b1a1a-8894-436b-8416-42ae56f658e6,2026-08-27 11:28:11.016766+00,2026-09-02 15:27:19.323364+00
6b3b3c43-1097-435a-861a-928082df6ff3,4dbaa79b-958c-48db-8980-73001b6d6e03,c33350cc-f581-492e-807f-14262d56ebcb,2900.27,UPI,VERIFIED,RCPT-DAY-0349,,,,,2026-08-27 08:36:00+00,2026-08-27 08:38:00+00,,f,e6a99a4f-18e5-46cd-95ad-22a7be511089,2026-08-27 11:28:10.839802+00,2026-09-02 15:27:19.323364+00
87ad8c46-9630-4b00-9b77-052d44fe8a9c,,c6ca60b7-2143-412b-887e-c30ae9cda031,19780,UPI,VERIFIED,RCP00000164,,,,,2026-04-17 18:08:00+00,2026-04-17 18:08:00+00,,t,e6d372ab-f81c-4db7-a111-6eb881fc955c,2026-08-27 11:28:05.740575+00,2026-09-02 15:27:19.323364+00
52d8fbf1-832b-44f0-b85b-ad0599fea9ae,448d983b-5f6e-420f-b24f-069d5a8737ae,8e59153e-dc8e-4efa-af65-1db304a6f3f1,16496.28,RTGS,VERIFIED,RCP2026090297535,,,,,2026-09-21 06:39:00+00,2026-09-21 06:39:00+00,,t,e741e145-0742-4f1f-856c-fd6a7d1f4f36,2026-09-21 06:09:26.1242+00,2026-09-21 06:09:26.124203+00
3b4d1b56-5d93-4511-92ec-591061b54833,685125ab-5d58-4859-8d68-ca5a2616b847,8e59153e-dc8e-4efa-af65-1db304a6f3f1,23040,CASH,VERIFIED,RCPT-DAY-0329,,,,,2026-08-27 15:58:00+00,2026-08-27 16:00:00+00,,f,e77c2046-a8ee-4bf1-9d5d-2a753be945e8,2026-08-27 11:28:10.656322+00,2026-09-02 15:27:19.323364+00
fc5fe2fa-9b0c-4341-b09f-f052b7726345,371e0b65-0c11-4de9-9016-de65cad07b5d,cd9e6eca-028e-4c61-8e82-048327bc4476,19710,RTGS,VERIFIED,RCP00000265,,,,,2026-04-04 10:26:00+00,2026-04-05 10:26:00+00,,t,e77fec9d-ac3e-4580-8014-e23a9c5510f1,2026-08-27 11:28:08.227069+00,2026-09-02 15:27:19.323364+00
a0c954b0-a65a-4722-8877-b5fd20a455ca,bd0713c0-4555-4e35-a7bc-c6c1b09c7e24,8e59153e-dc8e-4efa-af65-1db304a6f3f1,2115.54,CHEQUE,VERIFIED,REC-20260901-21875,UPI-20260901-611626,,,,2026-09-01 12:43:00+00,,,f,e785222d-41aa-476c-a64b-32e8e9fbc73c,2026-09-02 07:19:29.605106+00,2026-09-02 15:27:19.323364+00
c5860a4f-dd72-4a0a-bba3-a0ef517e393e,,2dfc73e0-dba9-4aa5-babf-d5141ded5497,4830,UPI,VERIFIED,RCP00000093,,,,,2026-05-16 16:52:00+00,2026-05-17 16:52:00+00,,t,e7892392-927e-46b0-924c-bec909d25ece,2026-08-27 11:28:03.959413+00,2026-09-02 15:27:19.323364+00
ad0ffdb4-bb03-47da-b46a-07ccdcdf5194,62b04d5e-1c29-4c55-a2bb-a8b43bca0931,c33350cc-f581-492e-807f-14262d56ebcb,17138.68,UPI,VERIFIED,RCP2026090297301,,,,,2026-09-17 07:40:00+00,2026-09-17 07:40:00+00,,t,e79e7626-47bb-4409-88ed-d5b4139f9ba9,2026-09-17 06:31:12.606435+00,2026-09-17 06:31:12.606438+00
dae56ea0-7ca4-4938-b5a8-5ccd8865f478,3fb4446f-73c3-4e11-ace0-39524d762528,c33350cc-f581-492e-807f-14262d56ebcb,4824.22,UPI,VERIFIED,REC-20260901-61089,UPI-20260901-350845,,,,2026-09-01 16:24:00+00,,,f,e7bb23b9-cf77-469d-b1c8-ee52a50b59c7,2026-09-02 07:19:29.415623+00,2026-09-02 15:27:19.323364+00
0ee1e443-93f2-46f6-996d-918d51b95e95,47b95d84-efd6-49b2-a3c7-c0f33192e646,b06cd5a3-f1c0-4cdb-b241-9ce2d6c5e791,12883.33,CASH,VERIFIED,RCPT-DAY-0399,,,,,2026-08-27 10:01:00+00,2026-08-27 10:03:00+00,,f,e7f90eaa-1598-4585-ac01-3d2c678ca366,2026-08-27 11:28:11.219403+00,2026-09-02 15:27:19.323364+00
2efb29f7-6b9d-4ee2-b42d-5c8eb992a017,fc95e6e2-4069-4978-aad5-198f200c6d9f,a13886ca-739b-47b4-a473-724e03f7332a,5558.7,NEFT,VERIFIED,RCPT-DAY-0394,,,,,2026-08-27 10:49:00+00,2026-08-27 10:51:00+00,,f,e8ac7e2a-3f30-4752-9f71-1637db3992b0,2026-08-27 11:28:11.183425+00,2026-09-02 15:27:19.323364+00
010963c0-2f2b-4141-a66f-90766e95e06d,cfc2761f-6891-4d0c-90c4-cdfff6f72f8c,a2e2555c-f597-43af-a77a-fe708f967218,1454.82,NEFT,VERIFIED,RCP00000128,,,,,2026-05-30 12:05:00+00,2026-05-30 12:05:00+00,,t,e8c416e3-e764-4f17-9e00-416db7fb520d,2026-08-27 11:28:04.528807+00,2026-09-02 15:27:19.323364+00
caef9f74-2f06-4aeb-b672-b7f468b501ea,28aa0a8a-e1b4-4965-ae60-b60055745c9e,b06cd5a3-f1c0-4cdb-b241-9ce2d6c5e791,6160.24,CASH,VERIFIED,REC-20260902-84042,UPI-20260902-857387,,,,2026-09-02 15:46:00+00,,,f,e92c13d3-5e1d-4821-b7fa-7d15ad641f35,2026-09-02 07:19:30.50306+00,2026-09-02 15:27:19.323364+00
fdd312a1-7db1-4dde-916f-eebe0e5d52c5,f20475f1-d3c9-4299-a427-dcb8001e8408,357e2e09-b637-468e-818b-57a5dce18e9c,38034.65,CHEQUE,VERIFIED,RCP00000036,,,,,2026-07-29 09:15:00+00,2026-07-29 09:15:00+00,,t,e981c642-3e54-437c-a4d3-cd8835dcd940,2026-08-27 11:28:01.761372+00,2026-09-02 15:27:19.323364+00
37084f7a-c7dc-443b-a469-d5b8199b2a4e,85277681-0782-4eed-b9d7-5aeb127f8aee,5fbae4d6-59d1-4e6c-8a80-fe57244a45bb,12680,UPI,VERIFIED,RCP2026090297240,,,,,2026-09-17 05:24:00+00,2026-09-17 05:24:00+00,,t,e9a0a63c-82fe-4385-a0ae-a5aed6b59e75,2026-09-17 06:31:11.930281+00,2026-09-17 06:31:11.930286+00
0fe7cecc-f9f7-4f24-b0fe-e66b76150615,9d014744-42a5-49c9-b5e8-612338524913,8e59153e-dc8e-4efa-af65-1db304a6f3f1,19330,NEFT,VERIFIED,RCP00000096,,,,,2026-06-01 09:34:00+00,2026-06-01 09:34:00+00,,t,ea0da2bb-3c71-492f-87a6-6d00e3dd7fc8,2026-08-27 11:28:04.010664+00,2026-09-02 15:27:19.323364+00
7331a6e0-df5e-4d88-adca-c2be5ff98d08,a1c04804-6ed7-49ae-ae18-1f0c8a072912,3e9c4168-1de9-43e8-b9f2-fbf3f931949d,6609.3,RTGS,VERIFIED,RCP00000206,,,,,2026-04-07 08:38:00+00,2026-04-07 08:38:00+00,,t,ea53a07f-12ca-4327-b15f-ae3e2cc84426,2026-08-27 11:28:06.406096+00,2026-09-02 15:27:19.323364+00
5542c577-a403-47fe-9845-b909c80ee1b9,00093d49-a786-482a-8f75-555f896cc77d,1d5e58e8-954e-4d6c-b13c-6e6d614cb588,24940.86,CHEQUE,VERIFIED,RCP00000190,,,,,2026-04-18 15:02:00+00,2026-04-18 15:02:00+00,,t,ea6316a2-c5c9-4a51-bb20-22f97add1dec,2026-08-27 11:28:06.186144+00,2026-09-02 15:27:19.323364+00
d3f3f443-1bbf-4e43-a503-4172654b54bf,af81f5b7-a22d-4a9c-8252-69c49f573170,c33350cc-f581-492e-807f-14262d56ebcb,11720,UPI,VERIFIED,RCP00000069,,,,,2026-06-19 13:43:00+00,2026-06-19 13:43:00+00,,t,ea846c84-0eb2-44d4-8531-4bc06608c587,2026-08-27 11:28:03.068591+00,2026-09-02 15:27:19.323364+00
c51f6563-5046-42bb-bf26-f184cf0117b1,706c6013-4969-40df-9c9a-abeda28ace50,cd9e6eca-028e-4c61-8e82-048327bc4476,16850,DD,VERIFIED,RCP00000231,,,,,2026-03-31 10:45:00+00,2026-03-31 10:45:00+00,,t,ea8c4e69-9433-4587-ab1f-c28757027f53,2026-08-27 11:28:07.679977+00,2026-09-02 15:27:19.323364+00
97056116-4237-4d64-ba8e-9741ffe33fab,,3e9c4168-1de9-43e8-b9f2-fbf3f931949d,8310,NEFT,VERIFIED,RCP00000267,,,,,2026-03-20 13:12:00+00,2026-03-20 13:12:00+00,,t,ea96909d-07c9-496f-a1cd-b7b946ed1b4f,2026-08-27 11:28:08.268403+00,2026-09-02 15:27:19.323364+00
da1f64f8-b9b7-4a03-b3cb-631070c68931,e013858f-395e-4f7b-b036-c9bbf135b277,e9dced65-f61b-4c24-bae7-d4170299ed46,19710,UPI,VERIFIED,REC-20260901-52315,UPI-20260901-749485,,,,2026-09-01 12:34:00+00,,,f,eafb8615-d60f-4905-a081-200f2af706d0,2026-09-02 07:19:29.505096+00,2026-09-02 15:27:19.323364+00
96b2ecd7-e6ea-4112-af9d-af196d60c693,7efc51cf-61bd-4f4b-aaf4-26c65050de96,e9dced65-f61b-4c24-bae7-d4170299ed46,8522.88,DD,VERIFIED,RCP00000354,,,,,2026-08-26 10:56:00+00,,,t,eb33a920-4f5a-4baf-b860-bef775067dfc,2026-08-27 11:28:23.330652+00,2026-09-02 15:27:19.323364+00
44186603-b821-49f6-8b22-503e07d52f3c,55576cfa-e123-408b-9a31-0184e7a35987,1d5e58e8-954e-4d6c-b13c-6e6d614cb588,818.6,CASH,VERIFIED,RCP00000397,,,,,2026-08-25 10:54:00+00,,,t,eb63c08b-25b0-4026-9535-a96ad056f9cc,2026-08-27 11:28:23.984204+00,2026-09-02 15:27:19.323364+00
338db969-9e42-4537-aac6-b7c5f0582bab,cd72056c-525d-4f17-a43c-e225ce5cae45,a13886ca-739b-47b4-a473-724e03f7332a,9681.56,NEFT,VERIFIED,RCP00000403,,,,,2026-08-26 16:27:00+00,,,t,ebca0b47-04ab-4c73-8ddd-12b679cadda6,2026-08-27 11:28:24.083424+00,2026-09-02 15:27:19.323364+00
983a10de-c757-493e-859f-bdbc533cd8d9,dd3b4b5e-5926-450b-8678-af7a7f017ce4,5fbae4d6-59d1-4e6c-8a80-fe57244a45bb,1483.17,CASH,VERIFIED,RCPT-HIST-S01,,,,,2026-08-07 10:45:00+00,,,f,ec140399-df3e-4c88-8ad0-1672c0dd3f1b,2026-08-27 11:28:09.653181+00,2026-09-02 15:27:19.323364+00
d95f87a9-4655-47d3-892c-708fcaf1ad23,5a4321f2-0810-460e-81a7-6c477c5550d4,4a182f53-a1a1-4f15-945a-6a56f4e04b64,7715.66,RTGS,VERIFIED,RCP2026090297393,,,,,2026-09-18 06:34:00+00,2026-09-18 06:34:00+00,,t,ec529264-5bb9-464e-bd7c-bab68bfb8640,2026-09-18 06:37:21.770717+00,2026-09-18 06:37:21.770721+00
85cb7dd0-18c1-494d-85f6-25b742f821a0,54228d9e-2e47-4e14-aff8-275437955a38,c33350cc-f581-492e-807f-14262d56ebcb,11681.69,CASH,VERIFIED,RCPT-DAY-0350,,,,,2026-08-27 10:47:00+00,2026-08-27 10:49:00+00,,f,ecf9c244-a70a-4bc0-8c91-f27c570ef0dd,2026-08-27 11:28:10.85153+00,2026-09-02 15:27:19.323364+00
8880ce75-8021-4161-82c7-c8c8f0a0e538,12024aaa-5582-43a6-ad32-c8298df44106,4a182f53-a1a1-4f15-945a-6a56f4e04b64,6062.17,CHEQUE,VERIFIED,RCP2026090297321,,,,,2026-09-17 07:43:00+00,2026-09-17 07:43:00+00,,t,ed4d41cf-48b6-4fc7-9e1c-8ebf7906c0eb,2026-09-17 06:31:12.783868+00,2026-09-17 06:31:12.783871+00
2be44aa4-b49b-4b64-a9da-c40aadb57ee7,bc096e35-f869-4ec3-9259-677ec52643e5,2dfc73e0-dba9-4aa5-babf-d5141ded5497,13061.97,CHEQUE,VERIFIED,RCP2026090297277,,,,,2026-09-17 04:14:00+00,2026-09-17 04:14:00+00,,t,ed616356-7b9b-4f08-bfa2-b6e4b591a4b3,2026-09-17 06:31:12.361747+00,2026-09-17 06:31:12.36175+00
bbe96eb6-3396-4262-b8eb-dc2fee7ddd9f,71038bf1-715f-4b95-8975-ad1471b6d9b8,a13886ca-739b-47b4-a473-724e03f7332a,8080,UPI,VERIFIED,RCPT-DAY-0393,,,,,2026-08-27 08:55:00+00,2026-08-27 08:57:00+00,,f,edbecaec-ae28-478e-bf15-7a50caf3b860,2026-08-27 11:28:11.172662+00,2026-09-02 15:27:19.323364+00
e19c5466-f318-4cd8-a5dc-7d0f24ec305a,a21d8c73-e748-430e-8682-9fd24a5ed0cf,a2e2555c-f597-43af-a77a-fe708f967218,17719.47,RTGS,VERIFIED,RCP2026090297392,,,,,2026-09-18 09:16:00+00,2026-09-18 09:16:00+00,,t,edc58ba1-bc5a-4ead-a643-b908205e09c3,2026-09-18 06:37:21.756735+00,2026-09-18 06:37:21.756738+00
bc77091b-e9cb-4ac9-89f6-12952c491e2c,4162b31b-ff4b-43d2-a798-b1385f1bd977,357e2e09-b637-468e-818b-57a5dce18e9c,23040,UPI,VERIFIED,REC-20260901-46502,UPI-20260901-775047,,,,2026-09-01 13:23:00+00,,,f,ee5e07fd-7ba0-4016-bcf4-f7897089d544,2026-09-02 07:19:28.545399+00,2026-09-02 15:27:19.323364+00
0720b646-7b32-49c9-ab53-3876a6324028,b7468934-49bb-4e5c-85ea-47ba8b7a1f32,5fbae4d6-59d1-4e6c-8a80-fe57244a45bb,2530.59,DD,VERIFIED,RCP00000312,,,,,2026-08-26 10:54:00+00,,,t,eee20c8b-6e07-48a5-a6d5-82426b3aee52,2026-08-27 11:28:22.401523+00,2026-09-02 15:27:19.323364+00
28ceb26e-6b2a-434a-a6e7-3dae41cd0e84,bc74a35d-ec4e-4861-b781-5aa8ca313d2e,2b6de8aa-0976-4be0-8a40-043ff86ffa54,29902.58,UPI,VERIFIED,RCP2026090297564,,,,,2026-09-21 08:07:00+00,2026-09-21 08:07:00+00,,t,ef9147df-c579-4cb9-b5e4-d9af50ea14d7,2026-09-21 06:09:26.402826+00,2026-09-21 06:09:26.40283+00
bca9efab-a58b-4724-b1ae-879d889fe547,32dc4f91-f614-4c0e-b7e8-e2f9bd4c91d0,4a182f53-a1a1-4f15-945a-6a56f4e04b64,5912.17,UPI,VERIFIED,RCP2026090297452,,,,,2026-09-18 04:24:00+00,2026-09-18 04:24:00+00,,t,f016d429-cb4e-4a59-819e-3be88efd9087,2026-09-18 06:37:22.583307+00,2026-09-18 06:37:22.583314+00
6a22de15-0fec-4967-9bda-1224814a439f,31aa2031-ff4d-49d9-9609-ab2d171b3e43,4a182f53-a1a1-4f15-945a-6a56f4e04b64,3516.03,CHEQUE,VERIFIED,RCP00000223,,,,,2026-03-30 14:21:00+00,2026-03-30 14:21:00+00,,t,f057f048-17ca-437f-a7bc-b7bd82991f46,2026-08-27 11:28:07.524008+00,2026-09-02 15:27:19.323364+00
229ea2ae-b64d-4bc1-8f28-16e087544a0b,371d3efc-9e1c-413e-b356-c8bba1f82d23,cd9e6eca-028e-4c61-8e82-048327bc4476,9322.5,RTGS,VERIFIED,RCP00000210,,,,,2026-04-27 12:25:00+00,2026-04-27 12:25:00+00,,t,f0910c3a-a88b-425a-bb45-0db8f1a94aaa,2026-08-27 11:28:06.476713+00,2026-09-02 15:27:19.323364+00
a0c954b0-a65a-4722-8877-b5fd20a455ca,df609511-f3ce-45a6-b5a8-acd55989a212,c33350cc-f581-492e-807f-14262d56ebcb,38428.92,NEFT,VERIFIED,RCPT-DAY-0354,,,,,2026-08-27 14:31:00+00,2026-08-27 14:33:00+00,,f,f0b4a08b-5928-4920-949a-4f80b2a76e0d,2026-08-27 11:28:10.877056+00,2026-09-02 15:27:19.323364+00
1cb3d96c-5888-432c-870e-714507269363,,b06cd5a3-f1c0-4cdb-b241-9ce2d6c5e791,10890,NEFT,VERIFIED,RCP00000263,,,,,2026-03-23 13:08:00+00,2026-03-23 13:08:00+00,,t,f0dabbcb-d7cc-4742-8763-7c0e3d7a84cd,2026-08-27 11:28:08.193518+00,2026-09-02 15:27:19.323364+00
23ddf276-72a3-4dae-a1a6-1cfeba76786e,d8369969-0495-4ef1-9b75-e811592237c7,2dfc73e0-dba9-4aa5-babf-d5141ded5497,5856.82,RTGS,VERIFIED,RCP2026090297530,,,,,2026-09-21 05:50:00+00,2026-09-21 05:50:00+00,,t,f0f2c4cc-f661-4920-a753-9f7965d73102,2026-09-21 06:09:26.07661+00,2026-09-21 06:09:26.076614+00
1c61f6d9-908e-440e-88be-7e3c2d4a6af7,e57406fc-57c5-4fae-a0bb-79c6e055d7f0,3e9c4168-1de9-43e8-b9f2-fbf3f931949d,27900,UPI,VERIFIED,RCPT-DAY-0365,,,,,2026-08-27 13:20:00+00,2026-08-27 13:22:00+00,,f,f106cf79-2667-4aa5-b542-ded419431945,2026-08-27 11:28:10.967966+00,2026-09-02 15:27:19.323364+00
4c6b679e-314a-4506-9004-a064ec58d1b4,,2b6de8aa-0976-4be0-8a40-043ff86ffa54,9970,UPI,VERIFIED,RCP00000284,,,,,2026-08-08 13:00:00+00,2026-08-09 13:00:00+00,,t,f14ba180-d3c3-4b41-8717-052e859ae1a1,2026-08-27 11:28:21.789301+00,2026-09-02 15:27:19.323364+00
6dbed6cf-7e9f-43d5-82ca-e33f147d4c2d,fd86e97d-8f91-4cc3-b740-7df566dbb95e,357e2e09-b637-468e-818b-57a5dce18e9c,1752.18,NEFT,VERIFIED,RCPT-DAY-0378,,,,,2026-08-27 13:17:00+00,2026-08-27 13:19:00+00,,f,f15c09a1-450d-423f-b585-53e5c3e4514b,2026-08-27 11:28:11.040521+00,2026-09-02 15:27:19.323364+00
eaceb9e9-1acf-475c-9079-5dc7a0db9206,5b55162a-e7d1-4ca3-9089-034974d7ff92,e9dced65-f61b-4c24-bae7-d4170299ed46,9932.27,CASH,VERIFIED,RCPT-DAY-0362,,,,,2026-08-27 14:51:00+00,2026-08-27 14:53:00+00,,f,f169cc1b-010b-486f-9d60-abf4f2db5b22,2026-08-27 11:28:10.931852+00,2026-09-02 15:27:19.323364+00
06bc15c2-c9eb-45a2-bfba-77b940864196,4a1d0442-9604-4319-b96a-0c6c515ab9af,3aa13103-bd03-4578-9292-44d88d58da00,3748.9,CHEQUE,VERIFIED,RCP2026090297409,,,,,2026-09-18 04:22:00+00,2026-09-18 04:22:00+00,,t,f1d7f075-95ae-4f19-ba1c-5fd88dbc8050,2026-09-18 06:37:21.951091+00,2026-09-18 06:37:21.951095+00
6aaa775a-1485-4eed-a4df-9f14a4c2b89b,fd26a696-fffe-4baa-a18b-376644bd8aee,c2f2e0ce-5aeb-4ece-8325-2167edfe139e,12150.85,RTGS,VERIFIED,RCP00000120,,,,,2026-05-30 09:32:00+00,2026-05-30 09:32:00+00,,t,f2611d14-7ecb-411b-980b-cb8bee2a9921,2026-08-27 11:28:04.467603+00,2026-09-02 15:27:19.323364+00
bf53f306-7103-4f5d-adaa-77fbd08920cb,2e3fb45d-fe0b-4211-b7cc-80bd13889d3e,c37b6a5c-9d1c-46d4-8ece-dfce290dc74b,11496.57,UPI,VERIFIED,REC-20260901-63143,UPI-20260901-567491,,,,2026-09-01 15:25:00+00,,,f,f27a48b5-4aee-41ea-9cff-b48043810dc6,2026-09-02 07:19:29.089696+00,2026-09-02 15:27:19.323364+00
a715b455-5a95-44c5-b3fa-9dc7b93fd398,38fd0610-f939-42b3-99e2-3d969329edfd,3aa13103-bd03-4578-9292-44d88d58da00,6261.7,CHEQUE,VERIFIED,RCP2026090297547,,,,,2026-09-21 08:38:00+00,2026-09-21 08:38:00+00,,t,f2812456-55a6-438a-8db1-ea83e518b0f2,2026-09-21 06:09:26.243334+00,2026-09-21 06:09:26.243337+00
7189b075-fd87-436e-a892-46976aa6bbd1,c9e7e86d-0fee-4f0f-924a-219506fc307f,a2e2555c-f597-43af-a77a-fe708f967218,3033.06,RTGS,VERIFIED,RCP2026090297429,,,,,2026-09-18 11:28:00+00,2026-09-18 11:28:00+00,,t,f2f622b7-50f6-4545-ac32-22933e9af337,2026-09-18 06:37:22.193322+00,2026-09-18 06:37:22.193325+00
277a9da8-811c-4ca5-85cb-f8a559a10c65,9cb7cf01-4a97-43bf-94e7-febd050c84c1,a2e2555c-f597-43af-a77a-fe708f967218,7210,CHEQUE,VERIFIED,RCP00000248,,,,,2026-03-14 11:00:00+00,2026-03-14 11:00:00+00,,t,f2faa4b3-6134-47aa-b74d-240433fd6afe,2026-08-27 11:28:07.994369+00,2026-09-02 15:27:19.323364+00
dd021a3a-20dc-4947-8e81-4b2002f120f2,,1d5e58e8-954e-4d6c-b13c-6e6d614cb588,6497.32,NEFT,VERIFIED,RCP00000056,,,,,2026-06-17 10:49:00+00,2026-06-17 10:49:00+00,,t,f33c9bba-0d07-4ea1-835e-296b73c6efd6,2026-08-27 11:28:02.575389+00,2026-09-02 15:27:19.323364+00
81a27a01-8a5b-4b9f-a0b6-d289220480dd,700ebb62-3e72-4c51-bebc-52d2c2c97ca1,cd9e6eca-028e-4c61-8e82-048327bc4476,9240,NEFT,VERIFIED,RCP00000117,,,,,2026-05-25 14:11:00+00,2026-05-25 14:11:00+00,,t,f35e4285-5978-4bf9-ace3-4af7d32714c6,2026-08-27 11:28:04.355634+00,2026-09-02 15:27:19.323364+00
89cdc744-de13-40a2-882e-09423d699e57,,c37b6a5c-9d1c-46d4-8ece-dfce290dc74b,13260,NEFT,VERIFIED,RCP00000183,,,,,2026-05-07 12:34:00+00,2026-05-07 12:34:00+00,,t,f37f0313-37bc-4edf-a9ce-e5f38986ae7c,2026-08-27 11:28:06.01799+00,2026-09-02 15:27:19.323364+00
e4d6454c-e1ce-4624-a58e-b7b38efa7d16,16632fe7-fb75-431d-888c-31130f8718a1,4a182f53-a1a1-4f15-945a-6a56f4e04b64,3641.2,CASH,VERIFIED,REC-20260901-54790,UPI-20260901-167590,,,,2026-09-01 12:42:00+00,,,f,f45c81ac-6319-4b9b-9565-6e77b78b3646,2026-09-02 07:19:30.105897+00,2026-09-02 15:27:19.323364+00
78c7b9f9-94af-4b38-a167-309f34228897,c99e2c9f-4f31-4060-b76c-daf845e48fa4,2b6de8aa-0976-4be0-8a40-043ff86ffa54,28510,RTGS,VERIFIED,RCP00000291,,,,,2026-08-26 13:29:00+00,,,t,f4b0dfa3-b2e3-4ea0-9ca4-d587b5b26421,2026-08-27 11:28:21.996092+00,2026-09-02 15:27:19.323364+00
3ce440da-f98c-4b35-8540-6d3d1644aecd,871b9ff2-81d7-46d8-944f-e59a0284e6eb,8e59153e-dc8e-4efa-af65-1db304a6f3f1,5344.52,CASH,VERIFIED,REC-20260901-68004,UPI-20260901-931285,,,,2026-09-01 15:32:00+00,,,f,f4b676e1-9cbb-4759-8024-ac71558d3ad7,2026-09-02 07:19:29.624934+00,2026-09-02 15:27:19.323364+00
0ef370e9-473c-471e-9645-03d35d440be7,c00c1516-9f4c-456c-95d5-52039f6f8e55,4a182f53-a1a1-4f15-945a-6a56f4e04b64,16620,UPI,VERIFIED,REC-20260901-98354,UPI-20260901-109810,,,,2026-09-01 12:27:00+00,,,f,f5117c69-fb36-4cf5-b2b2-3648afc16867,2026-09-02 07:19:30.045582+00,2026-09-02 15:27:19.323364+00
7bc9127a-177a-463a-a613-6849e517fd09,3ec34dc2-e65c-4d48-9e48-7411fb0eebc7,8e59153e-dc8e-4efa-af65-1db304a6f3f1,14730,CHEQUE,VERIFIED,REC-20260901-31910,UPI-20260901-836545,,,,2026-09-01 09:27:00+00,,,f,f5e052de-6237-4e07-ae96-273998bbb6d7,2026-09-02 07:19:29.585003+00,2026-09-02 15:27:19.323364+00
894aaf98-a5bf-4a1c-a336-49b8c1996dde,45249f6f-4d68-44ad-a072-3727a6e596d6,a2e2555c-f597-43af-a77a-fe708f967218,15220,UPI,VERIFIED,RCP00000159,,,,,2026-04-18 11:44:00+00,2026-04-18 11:44:00+00,,t,f62d7ed7-3395-44ce-8e31-e586231c530f,2026-08-27 11:28:05.645933+00,2026-09-02 15:27:19.323364+00
f7865f97-4df8-4b01-bdce-c5b668d4b328,089d5ac6-7c81-4539-abd9-b33fe811e00e,b06cd5a3-f1c0-4cdb-b241-9ce2d6c5e791,4820,NEFT,VERIFIED,RCPT-DAY-0401,,,,,2026-08-27 11:25:00+00,2026-08-27 11:27:00+00,,f,f63c2a33-b239-4ca8-9acc-2a0f700f9459,2026-08-27 11:28:11.238985+00,2026-09-02 15:27:19.323364+00
8abb3c89-e63d-4bb6-9cfd-a72942f4fcd2,95bf5da1-bf47-498b-9118-6aa026e642d2,c37b6a5c-9d1c-46d4-8ece-dfce290dc74b,3389.74,CHEQUE,VERIFIED,RCP2026090297295,,,,,2026-09-17 10:27:00+00,2026-09-17 10:27:00+00,,t,f6e53a69-e33b-4e5d-b82c-2d0aa864ae0d,2026-09-17 06:31:12.546174+00,2026-09-17 06:31:12.546178+00
61005b5b-3bba-4b7f-85bc-8d8e36d7c71b,dae567de-b487-4041-85ec-592007025a50,2dfc73e0-dba9-4aa5-babf-d5141ded5497,1084.38,NEFT,VERIFIED,RCPT-DAY-0330,,,,,2026-08-27 09:05:00+00,2026-08-27 09:07:00+00,,f,f6fc30de-f663-4859-8c53-6e42e91b7e4e,2026-08-27 11:28:10.666777+00,2026-09-02 15:27:19.323364+00
2c4fa512-92ac-4acb-ac71-6fb8285beebb,cf87dce7-8827-4a1a-aa16-4d06364f898b,3e9c4168-1de9-43e8-b9f2-fbf3f931949d,10807.84,UPI,VERIFIED,RCP2026090297319,,,,,2026-09-17 07:25:00+00,2026-09-17 07:25:00+00,,t,f6fcb177-503e-4197-93c4-ae785934a333,2026-09-17 06:31:12.766698+00,2026-09-17 06:31:12.766701+00
50664ed5-e23c-4ae7-b9a0-1f80ab19dba5,c2598b25-1b02-47f9-8f91-5fa59d89e98b,c6ca60b7-2143-412b-887e-c30ae9cda031,15375.74,NEFT,VERIFIED,RCP00000025,,,,,2026-07-18 11:13:00+00,2026-07-18 11:13:00+00,,t,f7041f8e-d92e-458c-8f17-96e2e92ef8c8,2026-08-27 11:28:01.569298+00,2026-09-02 15:27:19.323364+00
b0817725-39e4-401a-a69e-b9734187d920,d4ac3cec-e284-48ba-9d88-d7c8fde8f63c,357e2e09-b637-468e-818b-57a5dce18e9c,8068.36,CHEQUE,VERIFIED,REC-20260902-74475,UPI-20260902-745498,,,,2026-09-02 10:16:00+00,,,f,f70e24d8-5bb0-4d7f-aba9-c153103950de,2026-09-02 07:19:28.575003+00,2026-09-02 15:27:19.323364+00
3cfbc763-04d4-4c78-bd38-db876da6efe4,7ac7fc35-fc04-4adb-b15c-3e1ca25f7c39,5fbae4d6-59d1-4e6c-8a80-fe57244a45bb,11913.9,UPI,VERIFIED,REC-20260901-89209,UPI-20260901-557867,,,,2026-09-01 11:14:00+00,,,f,f725280b-2a9e-48da-b084-a4bb1d89b986,2026-09-02 07:19:29.690129+00,2026-09-02 15:27:19.323364+00
a4dd6f6f-932e-44d6-96e9-61c68ec94155,,3aa13103-bd03-4578-9292-44d88d58da00,64480,UPI,VERIFIED,RCP00000195,,,,,2026-04-11 11:33:00+00,2026-04-12 11:33:00+00,,t,f72f78d2-1c2b-4171-8a5c-340dfc3746f2,2026-08-27 11:28:06.246493+00,2026-09-02 15:27:19.323364+00
002c11d7-f3cf-43c9-ab60-8b7f102da1d8,1efeb269-ad5d-461d-a6e1-4b95090e122e,cd9e6eca-028e-4c61-8e82-048327bc4476,15300.15,NEFT,VERIFIED,RCP00000208,,,,,2026-05-07 11:33:00+00,2026-05-07 11:33:00+00,,t,f74c3d3e-3093-41d8-8cb6-6578ab06911f,2026-08-27 11:28:06.461676+00,2026-09-02 15:27:19.323364+00
fa4b2a45-068e-4bc5-adea-4d7df6c34c2d,36c033e3-f759-49cd-b62c-b05ced400cc5,8e59153e-dc8e-4efa-af65-1db304a6f3f1,5741.97,UPI,VERIFIED,RCP2026090297422,,,,,2026-09-18 08:23:00+00,2026-09-18 08:23:00+00,,t,f7fb9aef-3213-4bfb-8e91-c22b145de5b2,2026-09-18 06:37:22.097834+00,2026-09-18 06:37:22.097837+00
02c8f96d-6643-470e-b0e9-4e349f1b3de4,c4d247e4-d103-4a31-a003-807d701a3994,cd9e6eca-028e-4c61-8e82-048327bc4476,20821.92,CASH,VERIFIED,RCPT-DAY-0303,,,,,2026-08-27 11:35:00+00,2026-08-27 11:37:00+00,,f,f811a8c6-891f-4bab-ab6b-439702e66306,2026-08-27 11:28:10.415472+00,2026-09-02 15:27:19.323364+00
7e1acc1b-b562-4cb2-9db6-1ceb1e489889,67689c0a-5e9c-4969-8a52-c13a936fd67a,cd9e6eca-028e-4c61-8e82-048327bc4476,2379.06,NEFT,VERIFIED,RCP2026090297287,,,,,2026-09-17 10:37:00+00,2026-09-17 10:37:00+00,,t,f8cd1426-8f9e-4385-a79c-16d154475fdf,2026-09-17 06:31:12.464857+00,2026-09-17 06:31:12.464861+00
92ca96b5-8ac4-4adc-b917-2bb64c20e7a7,a0a488c8-9a15-455b-9150-ea26c618fbe6,cd9e6eca-028e-4c61-8e82-048327bc4476,1073.03,NEFT,VERIFIED,RCP2026090297559,,,,,2026-09-21 06:50:00+00,2026-09-21 06:50:00+00,,t,fa2937bb-416e-499d-b905-8f01d9988935,2026-09-21 06:09:26.355852+00,2026-09-21 06:09:26.355855+00
8ecb6405-44a3-4dab-a70b-cb4acb71e1df,,cd9e6eca-028e-4c61-8e82-048327bc4476,8761.75,NEFT,VERIFIED,RCP00000002,,,,,2026-08-07 12:01:00+00,2026-08-07 12:01:00+00,,t,fa45b71b-a496-40f1-9337-f72a535ec2c7,2026-08-27 11:28:00.901979+00,2026-09-02 15:27:19.323364+00
1d09cd5e-7624-409b-9722-566194e3323b,6ba2d317-2eb5-4f80-bcc4-256a0cceb22f,a2e2555c-f597-43af-a77a-fe708f967218,9049.99,RTGS,VERIFIED,RCP2026090297434,,,,,2026-09-18 06:45:00+00,2026-09-18 06:45:00+00,,t,facd0d1d-c87b-45a8-a5fb-446cee8fb513,2026-09-18 06:37:22.279325+00,2026-09-18 06:37:22.27933+00
e79173a3-7af4-4665-877d-445bc545da1c,a1ad9078-3f16-4d3c-abd4-099b9aaed41d,8e59153e-dc8e-4efa-af65-1db304a6f3f1,21685.85,CASH,VERIFIED,RCP00000141,,,,,2026-05-16 11:17:00+00,2026-05-17 11:17:00+00,,t,fb522301-a997-4254-90f0-2ed4cceeebe3,2026-08-27 11:28:04.696041+00,2026-09-02 15:27:19.323364+00
21c73e2e-1511-48ec-a91d-720066f8a198,25a765c1-346d-4111-9245-86233663b309,c33350cc-f581-492e-807f-14262d56ebcb,7762.4,CASH,VERIFIED,RCP00000113,,,,,2026-05-07 09:34:00+00,2026-05-07 09:34:00+00,,t,fb574c62-7297-4f6f-922f-e3d7582f9d76,2026-08-27 11:28:04.309485+00,2026-09-02 15:27:19.323364+00
474eba0e-ab92-4550-8d3b-1169451bb869,919893b1-2187-4577-a804-ca1a3d703f59,4a182f53-a1a1-4f15-945a-6a56f4e04b64,4849.71,CASH,VERIFIED,RCP2026090297419,,,,,2026-09-18 09:26:00+00,2026-09-18 09:26:00+00,,t,fb98e089-9d63-4cb7-8e47-c5a27eec912c,2026-09-18 06:37:22.065429+00,2026-09-18 06:37:22.065432+00
fdd9a91f-c1b8-4546-9181-773c7b0e9717,5c6f3585-2757-49a4-8f61-b96c4de8526f,e9dced65-f61b-4c24-bae7-d4170299ed46,1783.99,NEFT,VERIFIED,RCP00000145,,,,,2026-06-02 09:18:00+00,2026-06-02 09:18:00+00,,t,fba18daa-3cd3-43c0-879d-6aed693af3f0,2026-08-27 11:28:04.731711+00,2026-09-02 15:27:19.323364+00
e79173a3-7af4-4665-877d-445bc545da1c,,8e59153e-dc8e-4efa-af65-1db304a6f3f1,4754.15,UPI,VERIFIED,RCP00000142,,,,,2026-05-22 14:45:00+00,2026-05-22 14:45:00+00,,t,fbca5d49-3d44-4367-9b28-b591df241b4f,2026-08-27 11:28:04.700889+00,2026-09-02 15:27:19.323364+00
2cf8a6c1-360a-4088-9da8-ee21a4185fea,cef9c075-6cc8-4728-bd8e-d0fdd37f8d21,3aa13103-bd03-4578-9292-44d88d58da00,29480,CHEQUE,VERIFIED,RCP2026090297369,,,,,2026-09-18 09:54:00+00,2026-09-18 09:54:00+00,,t,fc4530f8-317d-4f8e-81dd-dd29b67c3a36,2026-09-18 06:37:21.479093+00,2026-09-18 06:37:21.479096+00
78ae4772-c7d6-4306-a886-edcea5f4d51c,d59a567c-1017-4b06-858c-8a33fcb407ea,4a182f53-a1a1-4f15-945a-6a56f4e04b64,1239.71,NEFT,VERIFIED,REC-20260901-40147,UPI-20260901-344258,,,,2026-09-01 13:12:00+00,,,f,fd6496b8-ffd1-4842-a256-1c2f3649c395,2026-09-02 07:19:30.057884+00,2026-09-02 15:27:19.323364+00
a76b37d9-6fce-465e-9853-677cb0915d5e,ae68de78-d681-423a-8d89-1d099490b9df,a13886ca-739b-47b4-a473-724e03f7332a,45581.53,CHEQUE,VERIFIED,RCP00000413,,,,,2026-08-24 17:22:00+00,,,t,fdae26e9-4cc3-43ba-ab04-9ecb13a55d0a,2026-08-27 11:28:24.210971+00,2026-09-02 15:27:19.323364+00
408dffd4-ea37-4559-ad2b-244df100be78,19fea3fc-f48b-45bc-a751-f9bcdff1e8a9,c33350cc-f581-492e-807f-14262d56ebcb,1471.47,DD,VERIFIED,RCP00000347,,,,,2026-08-26 08:45:00+00,,,t,fdaffdc8-b8a4-41f3-9763-9fbfcdb85847,2026-08-27 11:28:23.201305+00,2026-09-02 15:27:19.323364+00
f4c44574-de2f-4413-8af1-7a45d81cd148,475be4d0-ac5c-4e9c-9798-0613e09b89e7,cd9e6eca-028e-4c61-8e82-048327bc4476,48830,NEFT,VERIFIED,RCP2026090297264,,,,,2026-09-17 10:26:00+00,2026-09-17 10:26:00+00,,t,fe2f93b0-efa4-4931-b6c1-d2518e71b930,2026-09-17 06:31:12.208883+00,2026-09-17 06:31:12.208887+00
40d91150-df8b-4994-886b-47b3c907138a,6c24c520-49ee-4e1d-bf38-3f5eadd30405,5fbae4d6-59d1-4e6c-8a80-fe57244a45bb,11263.72,NEFT,VERIFIED,RCP00000315,,,,,2026-08-26 16:17:00+00,,,t,fe73ccb5-7ed9-4bb0-8827-b26232129c60,2026-08-27 11:28:22.427244+00,2026-09-02 15:28:05.123493+00
02858f8e-0796-4c5f-b5dc-95e0dcce4699,f5ff603a-0f8b-47ed-8773-447494676dbf,3e9c4168-1de9-43e8-b9f2-fbf3f931949d,3660.41,NEFT,VERIFIED,RCP2026090297420,,,,,2026-09-18 05:24:00+00,2026-09-18 05:24:00+00,,t,fe9741c4-a7b7-4b05-924d-9392ab11261f,2026-09-18 06:37:22.075669+00,2026-09-18 06:37:22.075673+00
21522a7f-2561-4ff7-9aed-730be968b801,23ae32ad-7d4e-4581-bf36-961ebf94b057,3e9c4168-1de9-43e8-b9f2-fbf3f931949d,36560,RTGS,VERIFIED,RCP2026090297501,,,,,2026-09-21 09:11:00+00,2026-09-21 09:11:00+00,,t,ff0be5d4-bba5-40dd-84dd-c8662397f028,2026-09-21 06:09:25.788831+00,2026-09-21 06:09:25.788836+00
02caa05c-d94b-496e-b4e3-d09fb5948ba4,40bddeaa-ec1e-4d2b-a0dc-4cf0ce39d3c3,3aa13103-bd03-4578-9292-44d88d58da00,57288.8,NEFT,VERIFIED,RCP2026090297378,,,,,2026-09-18 05:25:00+00,2026-09-18 05:25:00+00,,t,ff2339e9-3e65-47b1-8a30-0cf96f5f6a34,2026-09-18 06:37:21.590529+00,2026-09-18 06:37:21.590533+00
e2267c0c-144d-415f-99ae-410faf7f070c,07260361-1fd3-4393-a287-f0f80e2cb296,1d5e58e8-954e-4d6c-b13c-6e6d614cb588,2717.12,CASH,VERIFIED,REC-20260902-73482,UPI-20260902-564011,,,,2026-09-02 13:33:00+00,,,f,ff44f1b3-d915-4eee-a914-0788661bd0e8,2026-09-02 07:19:28.865185+00,2026-09-02 15:27:19.323364+00
7d70e38d-db1f-4c51-ab35-52d8d59a2df2,e33546b9-76bc-4573-a67b-5b8522ea2f3f,a13886ca-739b-47b4-a473-724e03f7332a,21314.39,UPI,VERIFIED,RCP00000175,,,,,2026-04-20 17:27:00+00,2026-04-20 17:27:00+00,,t,ff7d55ac-0506-4ad2-b81b-3390874578c4,2026-08-27 11:28:05.878128+00,2026-09-02 15:27:19.323364+00
ecc596da-01f8-4713-90df-95567361aaf8,2589c74b-3e38-42cc-8787-dc3b6db899c7,c6ca60b7-2143-412b-887e-c30ae9cda031,11496.86,CASH,VERIFIED,REC-20260901-98583,UPI-20260901-262354,,,,2026-09-01 10:49:00+00,,,f,ffe17bdc-fe5f-42df-88f4-9e4702a05bcd,2026-09-02 07:19:30.647204+00,2026-09-02 15:27:19.323364+00
