case_id,visit_id,agent_id,committed_amount,committed_date,actual_paid_amount,status,customer_reason,agent_notes,follow_up_date,reminder_sent,reminder_sent_at,reschedule_count,parent_ptp_id,id,created_at,updated_at
e4d46194-2b0e-4660-8eef-00dd32a4f522,9969b39f-d5a7-4c4a-8279-c83278fa8718,1d5e58e8-954e-4d6c-b13c-6e6d614cb588,11310,2026-09-11,0,BROKEN,,,,f,,0,,00b0ecb9-375f-4669-befa-56dc916b82f8,2026-08-27 11:28:23.996874+00,2026-09-17 12:10:32.844116+00
ee95f2ad-a914-48fb-90ed-1908e6ae946f,cacb002a-3239-4927-8962-705362d5e71d,a2e2555c-f597-43af-a77a-fe708f967218,13670,2026-09-09,11193.51,PARTIALLY_HONORED,,,,f,,0,,00c31c18-2e81-4f03-afad-c480fbedcac6,2026-08-27 11:28:22.279123+00,2026-09-17 12:10:32.236761+00
8a36f96b-19d3-4e6f-a1c5-9c0c4a4f3dd4,9e690aaf-34dd-4887-8f79-0671756ad273,c37b6a5c-9d1c-46d4-8ece-dfce290dc74b,3674.7,2026-08-27,31480.78,HONORED,,,,f,,0,,00cff307-dd3c-48b2-9ca2-5792a2a28487,2026-08-27 11:28:10.451496+00,2026-09-17 12:10:29.990585+00
0a82052f-30a7-4e30-a1df-7956741a99b5,9d873d7a-ead9-45b6-b8fb-ed2b0d923c8b,c37b6a5c-9d1c-46d4-8ece-dfce290dc74b,21420,2026-09-14,19783.93,PARTIALLY_HONORED,,,,f,,0,,00e00420-ac32-4983-af47-2001f62e25c2,2026-08-27 11:28:22.189335+00,2026-09-17 12:10:32.450709+00
75e6815e-2b2e-4154-a00e-c537a2cad08a,c2411bc0-8054-41a7-add0-7a54977512c1,a13886ca-739b-47b4-a473-724e03f7332a,45870,2026-09-02,0,BROKEN,,,,t,2026-09-02 05:53:51.374502+00,0,,0161883c-7e92-4fab-9d16-89bd1bc900de,2026-08-27 11:28:24.175987+00,2026-09-17 12:10:32.599444+00
37d13be1-72f5-469b-aea7-263733614457,fe5aabfe-3b90-4676-98bb-8845febcd33d,8e59153e-dc8e-4efa-af65-1db304a6f3f1,17981.8,2026-10-14,0,ACTIVE,,,,f,,0,,01834714-b712-49b3-ac2d-c0075c6082d1,2026-09-17 06:31:13.364657+00,2026-09-17 06:31:13.36466+00
2542c63e-9609-4a84-9c31-8db2975c0aba,28b0520b-e70f-4976-a5f2-a741363eab6f,a2e2555c-f597-43af-a77a-fe708f967218,16850,2026-09-03,0,BROKEN,,,,t,2026-09-03 04:49:37.853964+00,0,,01b60a05-8697-4e63-ae56-83b169083b63,2026-08-27 11:28:10.537262+00,2026-09-17 12:10:30.927557+00
32171089-f235-47ac-a469-f548f9a6648c,2f9b9caf-5ca3-4c02-97d7-8d2b946a621b,a2e2555c-f597-43af-a77a-fe708f967218,2629.35,2026-09-08,0,BROKEN,Salary on 5th,Confirmed verbal commitment with borrower.,2026-09-07,f,,0,,020eb0d1-1001-43cd-804c-4ed0dacd0b37,2026-09-02 07:19:29.281504+00,2026-09-17 12:10:31.967999+00
d0f3d701-d1e0-460e-a589-4653472a491b,4e9fc7b1-2d4e-43a8-b7fa-5c18097488e9,357e2e09-b637-468e-818b-57a5dce18e9c,20670,2026-03-31,0,BROKEN,Medical expenses,,2026-03-22,f,,0,,02154880-8052-41f2-b7f7-cc1a01083f56,2026-08-27 11:28:08.242222+00,2026-09-02 15:27:19.864951+00
05568278-e64e-4408-9875-2190a42ba943,c2cb82df-5e3e-4f04-8a75-f62b18ec5c10,3aa13103-bd03-4578-9292-44d88d58da00,8590,2026-08-27,0,HONORED,,,,f,,0,,02a77a1d-c82e-4716-93cc-bf194ba95986,2026-08-27 11:28:10.826601+00,2026-09-02 15:27:19.864951+00
1cb3d96c-5888-432c-870e-714507269363,d093826f-7ef9-45fc-b6e9-827ab3daa02c,b06cd5a3-f1c0-4cdb-b241-9ce2d6c5e791,10890,2026-03-23,74899.87,HONORED,Out of city,,2026-03-22,f,,0,,02bb5726-1933-4ae9-a7d4-43e110e47b76,2026-08-27 11:28:08.194121+00,2026-09-02 15:27:19.864951+00
42bd6353-1665-4fd7-b5f4-9614bc753e15,f5a300c6-5d7b-44a3-a3a6-b4ad830a75cb,c6ca60b7-2143-412b-887e-c30ae9cda031,7610,2026-08-27,5968.89,PARTIALLY_HONORED,,,,f,,0,,030af99e-7c4e-47cf-a82f-03cda2d01110,2026-08-27 11:28:10.99069+00,2026-09-17 12:10:30.007327+00
3c65fc4e-c1ac-4ee1-b3a5-cb158a253967,9e431a0f-0ede-4569-bafb-564ca69b3c8a,8e59153e-dc8e-4efa-af65-1db304a6f3f1,5000,2026-08-09,0,BROKEN,Salary delayed,,2026-08-08,f,,0,,0320a07d-f06e-4cd5-9785-e1508550e3c8,2026-08-27 11:28:02.027522+00,2026-09-02 15:27:19.864951+00
007965d0-f49b-4a1f-a6e2-fbffa7b8dbc1,59f179bb-7ba6-467b-9579-654633dae006,b06cd5a3-f1c0-4cdb-b241-9ce2d6c5e791,1456.8,2026-08-27,18240.57,HONORED,,,,f,,0,,03e74611-d704-403a-b2ce-d848c4a176ef,2026-08-27 11:28:11.22777+00,2026-09-17 12:10:32.555087+00
e16d3600-2242-4fe2-9ced-beef90ea03a6,7ec9cb80-c45e-41b3-93c0-c333f303d0be,357e2e09-b637-468e-818b-57a5dce18e9c,2584,2026-08-27,0,BROKEN,,,,f,,0,,041e6163-b6aa-4121-8202-d9ca341c2f26,2026-08-27 11:28:11.045699+00,2026-09-17 12:10:30.020842+00
aec51496-5e60-4d0d-82cc-e74bc7dd32fb,e22808db-2ae4-46dd-b5e4-8eb194e6856c,2b6de8aa-0976-4be0-8a40-043ff86ffa54,5370,2026-08-25,4300,HONORED,,,,f,,0,,044b776b-91ac-4e3f-ab48-e56c056b1249,2026-08-27 11:28:24.502427+00,2026-09-02 15:27:19.864951+00
d781f855-2d18-4461-b9bc-3a7d05dbdc9c,,2b6de8aa-0976-4be0-8a40-043ff86ffa54,25000,2026-08-24,15836.2,HONORED,,Demo PTP,,f,,0,,0460789a-ed2e-4653-908d-1d812c2533f9,2026-08-27 11:28:21.77837+00,2026-09-02 15:27:19.864951+00
faf49903-1264-4117-86f9-5eaf333333c1,b00c87f2-1a86-41ac-a8b5-cb4c61831144,357e2e09-b637-468e-818b-57a5dce18e9c,2190,2026-09-09,0,HONORED,,,,f,,0,,04f921e1-9270-4696-bf9a-3970b2a107f7,2026-08-27 11:28:23.688974+00,2026-09-02 15:27:19.864951+00
b56e7872-3079-4584-b897-046f39204e79,c6779d11-f902-4775-8c03-8ea3b927b976,4a182f53-a1a1-4f15-945a-6a56f4e04b64,23811.22,2026-09-07,0,BROKEN,Awaiting client payment,Confirmed verbal commitment with borrower.,2026-09-06,f,,0,,07b41b15-94da-415a-bf4a-26c4badfa974,2026-09-02 07:19:30.075109+00,2026-09-17 12:10:31.727805+00
fdd312a1-7db1-4dde-916f-eebe0e5d52c5,f20475f1-d3c9-4299-a427-dcb8001e8408,357e2e09-b637-468e-818b-57a5dce18e9c,41300,2026-08-02,0,RESCHEDULED,Medical expenses,,2026-08-01,f,,0,,07b6583c-45fe-4885-9df1-39f7530a799a,2026-08-27 11:28:01.761961+00,2026-09-02 15:27:19.864951+00
bdeb6756-f0dd-4437-8ca2-0a6368f11396,3e41bc6e-a680-4f58-9c16-a2d889b7712b,2b6de8aa-0976-4be0-8a40-043ff86ffa54,11820,2026-09-07,0,HONORED,,,,f,,0,,07f1c5e1-2d10-4753-9744-75e6b56a77d9,2026-08-27 11:28:21.977109+00,2026-09-02 15:27:19.864951+00
bdeb6756-f0dd-4437-8ca2-0a6368f11396,7eb9bb7b-3d21-40cb-b95a-3aaba0b6e635,2b6de8aa-0976-4be0-8a40-043ff86ffa54,11820,2026-04-02,0,BROKEN,Family emergency,,2026-03-26,f,,0,,08492d91-67f4-4662-94c6-23dcd0d89411,2026-08-27 11:28:07.431775+00,2026-09-02 15:27:19.864951+00
9a6fa343-2548-44db-8fc8-6e94eb2f1078,bba56c76-0775-4428-b8be-1d3487a7f1f1,2b6de8aa-0976-4be0-8a40-043ff86ffa54,13946.6,2026-10-26,0,ACTIVE,,,,f,,0,,085b0979-28be-43db-b39a-859b91030c64,2026-09-17 06:31:12.824563+00,2026-09-17 06:31:12.824566+00
b4ac78d0-3925-40ec-a355-16c7b92aeaec,33517a62-f953-4908-87fa-f0b63b7d60b2,5fbae4d6-59d1-4e6c-8a80-fe57244a45bb,2622.21,2026-09-25,0,ACTIVE,,,,f,,0,,093c4d72-9d54-4afb-878d-8a439cb16b29,2026-09-17 06:31:13.247343+00,2026-09-17 06:31:13.247346+00
f7e9d62a-7578-4e24-97e8-7c5be5cb42ac,ae14e078-f49c-4b00-8cdd-432c401a1f93,3aa13103-bd03-4578-9292-44d88d58da00,10380,2026-03-31,0,RESCHEDULED,Out of city,,2026-03-30,f,,0,,098d26b2-fd19-4cd8-bf4e-41bc3ade5dfb,2026-08-27 11:28:08.092539+00,2026-09-02 15:27:19.864951+00
c94b717e-043d-4487-8272-a737ab281441,ebc3a82d-a19b-4770-99cb-5ea5ba053d0e,2b6de8aa-0976-4be0-8a40-043ff86ffa54,24250.95,2026-09-28,0,ACTIVE,,,,f,,0,,09a366bb-cfa4-4eab-b95f-6d2538035ee1,2026-09-18 06:37:23.156696+00,2026-09-18 06:37:23.156699+00
462f568c-f683-44be-bede-6e57708992ae,f339d56a-1f17-41c0-aae8-2dfee99606b7,cd9e6eca-028e-4c61-8e82-048327bc4476,15450,2026-08-31,0,BROKEN,,,,t,2026-08-31 04:40:23.169103+00,0,,09c58508-167f-4975-97c6-864bff969113,2026-08-27 11:28:10.401197+00,2026-09-17 12:10:30.623181+00
e79173a3-7af4-4665-877d-445bc545da1c,a1ad9078-3f16-4d3c-abd4-099b9aaed41d,8e59153e-dc8e-4efa-af65-1db304a6f3f1,26440,2026-05-22,5068.97,HONORED,,,2026-05-21,f,,0,,0a522d17-4a54-428e-8f41-01cbbfdd492f,2026-08-27 11:28:04.701411+00,2026-09-02 15:27:19.864951+00
bf90e2f4-1b51-405a-a902-5921456472ea,ab41cf9b-2d00-4d8a-89af-57d1dd2b692e,b06cd5a3-f1c0-4cdb-b241-9ce2d6c5e791,2960,2026-09-03,0,HONORED,,,,t,2026-09-03 04:49:37.853981+00,0,,0a727675-79df-4c06-9e9e-bd4bb1600fd2,2026-08-27 11:28:24.267107+00,2026-09-03 05:17:22.450095+00
9477c142-2cef-4111-bd55-7b803b54093b,4c24de51-c740-440b-8e04-bd586d222f03,c2f2e0ce-5aeb-4ece-8325-2167edfe139e,14410.12,2026-10-10,0,ACTIVE,,,,f,,0,,0aa8fb32-20b2-4055-9378-5e5a7cd37a0e,2026-09-21 06:09:26.792636+00,2026-09-21 06:09:26.792642+00
a76b37d9-6fce-465e-9853-677cb0915d5e,123305ad-5f8d-4d38-8fa8-39d77384e678,357e2e09-b637-468e-818b-57a5dce18e9c,1925.97,2026-10-07,0,ACTIVE,,,,f,,0,,0ab6e412-1fa5-4965-841d-8232e51a8d72,2026-09-17 06:31:13.016358+00,2026-09-17 06:31:13.016363+00
a0be3af9-b177-4397-a4e5-3c03f6a44a42,220bbc22-7331-4004-8744-294d7d7dd743,c33350cc-f581-492e-807f-14262d56ebcb,20670,2026-07-23,24080.99,HONORED,Salary delayed,,2026-07-12,f,,0,,0b22a874-c0b5-4f04-a65a-e9ab95c0e537,2026-08-27 11:28:01.649441+00,2026-09-02 15:27:19.864951+00
c7bcf5df-0b3b-4ffc-a768-53ed82bac9e0,72dc16bb-534d-432f-82e9-e2e93e5b03c5,b06cd5a3-f1c0-4cdb-b241-9ce2d6c5e791,22930,2026-09-04,19799.08,PARTIALLY_HONORED,,,,f,,0,,0b9ef583-1855-45c8-81fe-cc0811bf7e38,2026-08-27 11:28:24.257437+00,2026-09-17 12:10:32.650046+00
8880ce75-8021-4161-82c7-c8c8f0a0e538,41abc3f6-ccc9-43d7-92d4-69ae16f90e56,4a182f53-a1a1-4f15-945a-6a56f4e04b64,25281.14,2026-10-08,0,ACTIVE,,,,f,,0,,0bebb8f1-ec1d-42d7-876f-b92e96adeb55,2026-09-18 06:37:23.055084+00,2026-09-18 06:37:23.055087+00
ac4bedbe-6024-4df5-9e8f-78a511927e5f,c9604d43-405e-4077-9ac5-dd59e36a4be5,357e2e09-b637-468e-818b-57a5dce18e9c,2168.59,2026-10-09,0,ACTIVE,,,,f,,0,,0c072385-2762-4c74-a778-c0b64bdef9f3,2026-09-21 06:09:26.739745+00,2026-09-21 06:09:26.73975+00
ffe94d1b-afe5-497e-bcb7-0fe8fbe13169,34719c4e-04d4-49c0-a57a-808125cb0e33,b06cd5a3-f1c0-4cdb-b241-9ce2d6c5e791,7154.09,2026-09-12,2784.8,PARTIALLY_HONORED,,,,f,,0,,0c164178-34f1-4893-a315-8a9cdfb5e675,2026-09-10 10:42:26.985662+00,2026-09-17 12:10:32.854692+00
afe616d9-16c5-4bd2-b6fa-774fae54c02c,eb67cf62-82af-4d3a-af0b-8cdd93d793eb,3aa13103-bd03-4578-9292-44d88d58da00,6120,2026-09-02,0,BROKEN,New job starting next week. Will pay in full on first salary.,,,t,2026-09-02 05:53:51.374386+00,0,,0c5dad56-a59c-44f0-889a-f5a313786dc4,2026-08-27 11:28:09.731572+00,2026-09-17 12:10:30.811968+00
5d4c1ba5-0ee7-4a62-ba5a-31a809e30c5f,993a5117-9b03-4fa8-b3ad-986aea6ea3f6,4a182f53-a1a1-4f15-945a-6a56f4e04b64,2610,2026-03-15,0,BROKEN,Salary delayed,,2026-03-14,f,,0,,0c6ee12e-efc1-43d7-aad5-78666b149989,2026-08-27 11:28:07.622004+00,2026-09-02 15:27:19.864951+00
c81719bb-c27b-4302-b204-28d1d90c0bea,0c39bebc-da7b-4514-84b5-e78f35091079,c6ca60b7-2143-412b-887e-c30ae9cda031,21474.59,2026-10-30,0,ACTIVE,,,,f,,0,,0d674b42-7b76-4a81-a331-8e3749ac4221,2026-09-18 06:37:22.252151+00,2026-09-18 06:37:22.252154+00
4d4b7559-839c-4d88-a795-cb04ebd25107,2471efcf-1fc3-40f4-92a6-1407a80a3a2a,357e2e09-b637-468e-818b-57a5dce18e9c,15223.05,2026-10-12,0,ACTIVE,,,,f,,0,,0d777ab2-1815-4e70-be76-81a13f61882e,2026-09-18 06:37:23.009117+00,2026-09-18 06:37:23.009119+00
cde5571d-2f58-4bcc-8850-76a91602e0a6,2731ea2b-8a34-44e1-b202-dfd2b458545d,5fbae4d6-59d1-4e6c-8a80-fe57244a45bb,14330,2026-04-28,0,RESCHEDULED,Out of city,,2026-04-27,f,,0,,0dbd3729-fa84-40e1-a1b6-a00e966110a0,2026-08-27 11:28:05.872709+00,2026-09-02 15:27:19.864951+00
b0817725-39e4-401a-a69e-b9734187d920,d4ac3cec-e284-48ba-9d88-d7c8fde8f63c,357e2e09-b637-468e-818b-57a5dce18e9c,17549.21,2026-09-08,8068.36,PARTIALLY_HONORED,Awaiting client payment,Confirmed verbal commitment with borrower.,2026-09-07,f,,0,,0dfb6ef5-c0da-4fae-8242-96abc182efff,2026-09-02 07:19:28.575003+00,2026-09-17 12:10:31.980329+00
5b2cdbd7-5cba-4ff6-84c0-4653c18b82b3,88d488f9-4bdc-4a27-af8e-215989ab4828,c33350cc-f581-492e-807f-14262d56ebcb,21030.35,2026-09-06,0,BROKEN,Awaiting client payment,Confirmed verbal commitment with borrower.,2026-09-05,t,2026-09-06 13:30:50.235419+00,0,,0e559d33-4904-4dc3-b052-2a45e5c932a1,2026-09-02 07:19:29.377263+00,2026-09-17 12:10:31.515924+00
20ab749d-4aec-4b7f-99f9-61ad189fa4c4,ed92e590-8cb9-40d0-a380-5a0207b26b81,357e2e09-b637-468e-818b-57a5dce18e9c,859.81,2026-09-08,440.32,PARTIALLY_HONORED,Bank transfer processing,Confirmed verbal commitment with borrower.,2026-09-07,f,,0,,0e5ab654-b5de-47c8-817c-e9975880e19c,2026-09-02 07:19:28.540892+00,2026-09-17 12:10:31.99273+00
87ad8c46-9630-4b00-9b77-052d44fe8a9c,eeaa1980-678b-46dc-b54a-4aba2181f508,c6ca60b7-2143-412b-887e-c30ae9cda031,19780,2026-04-17,2737.35,HONORED,Out of city,,2026-04-16,f,,0,,0eaedd38-0e19-464f-bdf6-ce18bffface1,2026-08-27 11:28:05.741599+00,2026-09-02 15:27:19.864951+00
36650bd1-675d-4d69-9157-e61cd7802849,18fdfdad-8ab5-4812-9110-6c986bd958eb,c33350cc-f581-492e-807f-14262d56ebcb,31410,2026-06-04,0,BROKEN,,,2026-06-03,f,,0,,0ebdda32-1994-4acd-bcaf-f1b203cad63c,2026-08-27 11:28:04.97337+00,2026-09-02 15:27:19.864951+00
ec2e7637-9dc3-4d0e-8dd8-3ea3e91b9d45,ddd69b94-6c6d-4b5d-9be5-8565b118ac15,cd9e6eca-028e-4c61-8e82-048327bc4476,3340,2026-05-11,0,RESCHEDULED,Family emergency,,2026-05-10,f,,0,,0ec06932-feca-4280-97e0-814017d1cde2,2026-08-27 11:28:04.014861+00,2026-09-02 15:27:19.864951+00
fdd9a91f-c1b8-4546-9181-773c7b0e9717,265e8a55-67cb-485a-a3bf-92cb582d3f12,e9dced65-f61b-4c24-bae7-d4170299ed46,9460,2026-06-18,0,BROKEN,Out of city,,2026-05-31,f,,0,,0f2abff2-0f0a-4724-8d8b-edbfe28a19c5,2026-08-27 11:28:04.73694+00,2026-09-02 15:27:19.864951+00
e77a9c4a-5d98-40f8-8572-65675453547a,a911cc89-80fe-4d2a-8507-582f61fd6bfa,2dfc73e0-dba9-4aa5-babf-d5141ded5497,60790,2026-03-26,79113.7,HONORED,Business loss,,2026-03-25,f,,0,,0f7e43c7-6717-4119-ba2e-42645791fb7b,2026-08-27 11:28:07.466711+00,2026-09-02 15:27:19.864951+00
4f6ee7d6-ce14-4e3d-9d39-439cfb5dbe71,afd8cdb2-9a77-48fc-ab68-0362114b6e03,e9dced65-f61b-4c24-bae7-d4170299ed46,9690,2026-05-24,0,BROKEN,Business loss,,2026-05-23,f,,0,,10028d46-c309-4c71-b874-3602654c5a91,2026-08-27 11:28:03.999152+00,2026-09-02 15:27:19.864951+00
a94e2f16-8b0e-4d3e-90e5-24565d32b3c5,15c0486d-4e41-4bbb-bce5-a471f359b0ff,2b6de8aa-0976-4be0-8a40-043ff86ffa54,19249.09,2026-10-06,0,ACTIVE,,,,f,,0,,10b773bb-a9d0-476d-908d-4124fea03ff2,2026-09-18 06:37:23.212436+00,2026-09-18 06:37:23.21244+00
65f53b7f-f072-4528-a02d-8f36380cb68d,71930daf-cb61-4d4c-a65e-128dc49d9e8c,c37b6a5c-9d1c-46d4-8ece-dfce290dc74b,11055.61,2026-09-04,20654.39,HONORED,,,,f,,0,,11e9db47-8f2f-49c0-be75-a7dc60f9e9e6,2026-08-27 11:28:10.475446+00,2026-09-17 12:10:31.048201+00
e869dc09-2da4-42e4-9ae1-037aa6b2ce55,e24749af-694c-40c9-81ea-ebad7e2015d8,2b6de8aa-0976-4be0-8a40-043ff86ffa54,8136.95,2026-09-28,0,ACTIVE,,,,f,,0,,12960ff9-9153-4822-9544-f939184214c5,2026-09-18 06:37:22.707785+00,2026-09-18 06:37:22.70779+00
2542c63e-9609-4a84-9c31-8db2975c0aba,28b0520b-e70f-4976-a5f2-a741363eab6f,a2e2555c-f597-43af-a77a-fe708f967218,6740,2026-08-27,0,BROKEN,,,,f,,0,,12d19a1f-02c7-4014-9ccb-a0015fab96d1,2026-08-27 11:28:10.537268+00,2026-09-17 12:10:30.036214+00
a162b704-6a33-4df6-937d-52033ff4a5cb,63265905-c5f0-4cfe-932b-d5c159f758c6,3aa13103-bd03-4578-9292-44d88d58da00,30870,2026-08-03,0,BROKEN,Crop failure,,2026-08-02,f,,0,,12dff794-7c50-4a12-8816-639f54c76c3e,2026-08-27 11:28:01.836125+00,2026-09-02 15:27:19.864951+00
11f174ec-baee-4918-baea-69c1d0584104,3f7c5597-47df-42ac-af9e-bb65dfd05477,2dfc73e0-dba9-4aa5-babf-d5141ded5497,15670,2026-05-21,0,BROKEN,Business loss,,2026-05-02,f,,0,,12f77887-2f48-4198-a643-36ff0704473d,2026-08-27 11:28:05.948927+00,2026-09-02 15:27:19.864951+00
e1eb91ff-80da-4ec0-b126-653fa4c16477,aa908eac-de0f-4e42-b786-f5392aec91a4,c6ca60b7-2143-412b-887e-c30ae9cda031,11080,2026-03-23,0,BROKEN,Bank issue,,2026-03-22,f,,0,,1303db06-8d4f-4aa8-aab7-90eb12ce6add,2026-08-27 11:28:08.40119+00,2026-09-02 15:27:19.864951+00
a7fa61bb-a70c-4031-af85-8c7048113077,26bc825c-b1be-430c-a864-2b105772c920,2dfc73e0-dba9-4aa5-babf-d5141ded5497,7106.26,2026-09-25,0,ACTIVE,,,,f,,0,,131b569a-5d61-4654-8813-8da3cd157e56,2026-09-18 06:37:22.762822+00,2026-09-18 06:37:22.762826+00
91fc5b94-4e86-4042-9808-7dc124a121ad,fa0a576a-945e-4fbb-b6aa-51ee8ea70391,a13886ca-739b-47b4-a473-724e03f7332a,4280,2026-06-03,0,RESCHEDULED,Family emergency,,2026-06-02,f,,0,,144ebf8c-df68-4447-89f0-69adc7f74473,2026-08-27 11:28:04.603168+00,2026-09-02 15:27:19.864951+00
d35f16f0-cfc8-4958-ac31-eeaa51119197,f366a1a3-dc87-4bc1-a1f1-2ce4d07fa747,1d5e58e8-954e-4d6c-b13c-6e6d614cb588,41460,2026-07-17,6601.26,HONORED,Business loss,,2026-07-16,f,,0,,1495fef3-8ad2-48db-9cb4-2c530d945f1d,2026-08-27 11:28:01.628716+00,2026-09-02 15:27:19.864951+00
1caaf4ff-bb07-41fd-b36e-ed3e44f2854f,906840ca-f25e-4096-86ca-be70b740ad8a,e9dced65-f61b-4c24-bae7-d4170299ed46,6077.63,2026-10-26,0,ACTIVE,,,,f,,0,,14a8651b-6fd0-43c4-8284-b9f4e98dce70,2026-09-17 06:31:13.454157+00,2026-09-17 06:31:13.45416+00
8c57bb80-5d4e-4478-85d8-0de77fa0cdd4,e712a40a-5f54-47d7-b986-ed195ab046a1,c37b6a5c-9d1c-46d4-8ece-dfce290dc74b,4340,2026-08-05,40974.65,HONORED,Crop failure,,2026-08-04,f,,0,,14f5164b-adea-44fe-8f8e-d038d18fc2d3,2026-08-27 11:28:01.869261+00,2026-09-02 15:27:19.864951+00
a4dd6f6f-932e-44d6-96e9-61c68ec94155,be9e4dbe-55cd-4181-a6cb-e364ce0b0468,3aa13103-bd03-4578-9292-44d88d58da00,64480,2026-05-03,142855.12,HONORED,Out of city,,2026-04-11,f,,0,,153fabe4-1aba-4774-beb9-90e6340278ce,2026-08-27 11:28:06.247234+00,2026-09-02 15:27:19.864951+00
aec51496-5e60-4d0d-82cc-e74bc7dd32fb,,2b6de8aa-0976-4be0-8a40-043ff86ffa54,5370,2026-08-27,0,HONORED,Salary credited today — will pay the committed amount before evening.,PTP falls due today — follow up before 7 PM.,2026-08-27,f,,0,,15cb3975-f976-4f03-8e3d-0990f5ccbcf6,2026-08-27 11:28:21.796466+00,2026-09-03 05:17:22.450095+00
40147f68-8a18-4627-a1ac-f2a2721ea63c,68cdba43-5ae1-4135-b8dc-accf88a9a37e,c2f2e0ce-5aeb-4ece-8325-2167edfe139e,1046.53,2026-08-27,14463.68,HONORED,,,,f,,0,,1622ff02-b43b-4f81-a583-17c99aa33e93,2026-08-27 11:28:10.719315+00,2026-09-17 12:10:30.048847+00
21c73e2e-1511-48ec-a91d-720066f8a198,25a765c1-346d-4111-9245-86233663b309,c33350cc-f581-492e-807f-14262d56ebcb,21330,2026-05-13,0,RESCHEDULED,Business loss,,2026-05-12,f,,0,,16256b55-377b-46b0-9675-18a45f690a5c,2026-08-27 11:28:04.310189+00,2026-09-02 15:27:19.864951+00
8a6a5a70-6690-497a-b5c3-315b5ad7789f,f3bd4516-8f18-4210-a81d-18c36d8a3695,c37b6a5c-9d1c-46d4-8ece-dfce290dc74b,12090,2026-08-13,0,BROKEN,Awaiting new job offer — cash flow dry.,,,f,,0,,166bb1f1-3fb8-4d7a-b4cc-14cc3b7e8959,2026-08-27 11:28:09.641607+00,2026-09-02 15:27:19.864951+00
0569666a-8294-4033-9737-c4a4ad4a7123,,2b6de8aa-0976-4be0-8a40-043ff86ffa54,3460,2026-08-12,1309.58,HONORED,,Demo PTP,,f,,0,,18d8e7f6-67aa-4b78-8cc3-5006d9f308e7,2026-08-27 11:28:21.787092+00,2026-09-02 15:27:19.864951+00
42f15e58-ddf0-4c48-8ea1-0535496c0151,efea3bdd-26fa-4723-a274-3fe9036e85cf,3e9c4168-1de9-43e8-b9f2-fbf3f931949d,2646.22,2026-09-04,0,BROKEN,Salary on 5th,Confirmed verbal commitment with borrower.,2026-09-03,f,,0,,18e62e7d-e0fb-42b8-be1f-248c9951e003,2026-09-02 07:19:29.977925+00,2026-09-17 12:10:31.062042+00
0cd4bee2-44c5-462d-94aa-f521702e7c90,487bd685-fd41-4cf8-b16c-fe012aebd343,357e2e09-b637-468e-818b-57a5dce18e9c,14770,2026-08-21,0,BROKEN,Crop failure,,2026-08-20,f,,0,,18f12693-ffe3-4ab9-8420-cce7ca2d8a14,2026-08-27 11:28:01.202338+00,2026-09-02 15:27:19.864951+00
c23d7d1b-c9fc-4cf2-b00b-da18ede676a9,ec1cf751-0f9d-406d-ad0c-df5f267572e2,3aa13103-bd03-4578-9292-44d88d58da00,1040.37,2026-09-08,0,BROKEN,Salary on 5th,Confirmed verbal commitment with borrower.,2026-09-07,f,,0,,190e027d-dc87-4737-bc4e-5fd4d79e389a,2026-09-02 07:19:28.645011+00,2026-09-17 12:10:32.006746+00
1f8f38a6-0cf9-43e7-be08-000be9317b23,0c65e964-55bd-44b0-92b9-4827b6c98943,357e2e09-b637-468e-818b-57a5dce18e9c,3257.48,2026-10-17,0,ACTIVE,,,,f,,0,,19aba5b0-c9fd-4a99-aff8-909249bc3ea3,2026-09-18 06:37:22.947309+00,2026-09-18 06:37:22.947313+00
e7bb8d0f-57fd-475f-a8c2-277932b8cc07,47d35a92-8ba7-419a-8068-764c86f6d8a8,8e59153e-dc8e-4efa-af65-1db304a6f3f1,5540,2026-08-30,4731.29,PARTIALLY_HONORED,,,,f,,0,,19c276a9-3450-4085-b485-6a7634637c96,2026-08-27 11:28:10.634243+00,2026-09-17 12:10:30.539052+00
58cfa0ea-7663-494d-8175-9fc3b06218b2,ce6552c1-2afd-4ca6-b1f7-5e7c267f37d6,c37b6a5c-9d1c-46d4-8ece-dfce290dc74b,43910,2026-09-05,0,BROKEN,,,,f,,0,,19c60537-6b65-4384-9acc-f32256e231f6,2026-08-27 11:28:10.480892+00,2026-09-17 12:10:31.33139+00
c4a9556c-8149-4e19-a977-75a54bd4102b,27c733b9-4863-4e49-a8ba-bf9c74fd0654,b06cd5a3-f1c0-4cdb-b241-9ce2d6c5e791,25000,2026-09-04,0,BROKEN,,,,f,,0,,1a1efaa1-45ed-42e9-9bf3-00e02bcc5cf7,2026-08-27 11:28:24.276067+00,2026-09-17 12:10:32.65949+00
65f53b7f-f072-4528-a02d-8f36380cb68d,71930daf-cb61-4d4c-a65e-128dc49d9e8c,c37b6a5c-9d1c-46d4-8ece-dfce290dc74b,4422.24,2026-08-27,20654.39,HONORED,,,,f,,0,,1aee0637-c11a-4fe5-8756-5d6374a862f8,2026-08-27 11:28:10.475451+00,2026-09-17 12:10:30.060132+00
0ee1e443-93f2-46f6-996d-918d51b95e95,2a45ab26-c2a2-40e5-8993-09572d8f2d7f,4a182f53-a1a1-4f15-945a-6a56f4e04b64,9319.61,2026-09-07,0,BROKEN,Salary on 5th,Confirmed verbal commitment with borrower.,2026-09-06,f,,0,,1b28988c-0c9c-4d26-b1db-13b81df6ab9b,2026-09-02 07:19:30.068246+00,2026-09-17 12:10:31.740843+00
d1483dff-17f9-45b3-a291-e57d854c32a4,edffcd0d-5d5f-4d26-9363-8236f752bacf,357e2e09-b637-468e-818b-57a5dce18e9c,21192.74,2026-09-17,3328.47,PARTIALLY_HONORED,,,,f,,0,,1b484b4a-33ec-4630-9fa8-44673be4917f,2026-09-10 10:42:26.688108+00,2026-09-21 04:53:06.854946+00
cb914b42-d532-428e-b665-3c202b539953,04d98f87-e2b5-4cf5-afbc-5656bb592e82,c6ca60b7-2143-412b-887e-c30ae9cda031,3546.1,2026-11-16,0,ACTIVE,,,,f,,0,,1b83f20f-9dc0-4729-afae-31ab9caafcab,2026-09-21 06:09:26.503965+00,2026-09-21 06:09:26.503968+00
1b86f9e5-3e02-41bf-85e1-fd879a889e73,e225db1c-f363-49bd-8346-197ad699bad3,a2e2555c-f597-43af-a77a-fe708f967218,17580.05,2026-10-13,0,ACTIVE,,,,f,,0,,1c17e2ff-2ec9-4779-a33f-936822bcd90b,2026-09-18 06:37:22.653992+00,2026-09-18 06:37:22.653995+00
6a22de15-0fec-4967-9bda-1224814a439f,a2c0d3d7-5542-4b65-84a1-dca6c1e28091,a2e2555c-f597-43af-a77a-fe708f967218,623.42,2026-09-09,467.21,PARTIALLY_HONORED,Awaiting client payment,Confirmed verbal commitment with borrower.,2026-09-08,f,,0,,1c5dc168-106c-4343-8249-78e50bff1e3b,2026-09-02 07:19:29.345273+00,2026-09-17 12:10:32.24988+00
a3e3d0c4-7c57-43d7-b44b-97706b1fb4f8,c5925522-7bd3-45b3-8342-5c43b4bb344b,c33350cc-f581-492e-807f-14262d56ebcb,50382.48,2026-09-05,22886.64,PARTIALLY_HONORED,Salary on 5th,Confirmed verbal commitment with borrower.,2026-09-04,f,,0,,1cc227f9-7818-4c5b-b1ca-ada50520fa0a,2026-09-02 07:19:29.365046+00,2026-09-17 12:10:31.343679+00
403e84be-e2a1-4509-bd61-609f810b38f5,35f046b0-b227-462b-b232-00ec03ac0389,cd9e6eca-028e-4c61-8e82-048327bc4476,3398.08,2026-10-09,0,ACTIVE,,,,f,,0,,1cf49521-823e-4e3c-881d-727518e03bd2,2026-09-21 06:09:26.572173+00,2026-09-21 06:09:26.572178+00
caef9f74-2f06-4aeb-b672-b7f468b501ea,eabc9196-e28c-43ab-ab7c-6ea53c27d116,5fbae4d6-59d1-4e6c-8a80-fe57244a45bb,455.77,2026-09-29,0,ACTIVE,,,,f,,0,,1d59f983-025f-4306-89b9-52461cd4f459,2026-09-18 06:37:22.831843+00,2026-09-18 06:37:22.831846+00
9fb225f3-97d7-45d6-963d-6743a14603e0,b9c87a69-84db-4f89-bc64-10ce3667abc3,1d5e58e8-954e-4d6c-b13c-6e6d614cb588,66320,2026-08-26,310090.95,HONORED,Bank issue,,2026-08-25,f,,0,,1e91a340-adf9-4569-8365-bca65fa54cc3,2026-08-27 11:28:01.097157+00,2026-09-02 15:27:19.864951+00
d746456f-7775-4027-9165-1ecce762e6cb,18303f7c-dbf1-471e-a3e0-e3d581f8a2c1,a13886ca-739b-47b4-a473-724e03f7332a,12670,2026-09-02,0,HONORED,,,,t,2026-09-02 05:53:51.37451+00,0,,1e974e5f-6752-4d99-b7ba-38edb23a4b3a,2026-08-27 11:28:24.188959+00,2026-09-02 15:27:19.864951+00
62a2ab72-9406-4113-877d-ffae4cc392d3,,2b6de8aa-0976-4be0-8a40-043ff86ffa54,48480,2026-08-18,98752.68,HONORED,,Demo PTP,,f,,0,,1e9d73e4-2c63-4fba-95bb-fc7ccc32cfb1,2026-08-27 11:28:21.782305+00,2026-09-02 15:27:19.864951+00
7ae223e3-451b-4ff2-a8db-033357dc61c2,150c206f-225e-47a1-8dc9-e7b16ab4c6b7,3aa13103-bd03-4578-9292-44d88d58da00,40540,2026-06-16,0,BROKEN,Family emergency,,2026-06-15,f,,0,,1ef4ef53-a381-460b-8b13-5610d0a25fea,2026-08-27 11:28:02.799501+00,2026-09-02 15:27:19.864951+00
5c77d6e2-dfff-444a-9738-8ed6bef92e5b,b1a93ee7-7739-4fac-8c85-6e8eaf13f6fc,3e9c4168-1de9-43e8-b9f2-fbf3f931949d,18496.8,2026-10-15,0,ACTIVE,,,,f,,0,,207fb87e-0dfd-446e-9424-19b76baa7474,2026-09-17 06:31:12.858827+00,2026-09-17 06:31:12.85883+00
8e3bc2b3-151b-408d-8525-475abd5aa93e,696edd6a-bf9f-49ed-8d71-e8a6cefb8e43,c6ca60b7-2143-412b-887e-c30ae9cda031,5664.52,2026-10-01,0,ACTIVE,,,,f,,0,,20baa8de-bebc-4a6d-8bc3-e8ae4688a023,2026-09-18 06:37:22.569616+00,2026-09-18 06:37:22.569619+00
ec2e7637-9dc3-4d0e-8dd8-3ea3e91b9d45,832826d0-23ec-4d13-b38c-d1758809bd94,cd9e6eca-028e-4c61-8e82-048327bc4476,3340,2026-05-31,166.8,HONORED,Out of city,,2026-05-15,f,,0,,21676fb4-13fe-4dd8-b04e-6cf05c0b3626,2026-08-27 11:28:04.023765+00,2026-09-02 15:27:19.864951+00
e444c0da-8a79-4d68-9c98-0280a62ade8b,d85fef79-ece4-4631-b637-3eef21eb84e7,c37b6a5c-9d1c-46d4-8ece-dfce290dc74b,59870,2026-04-29,0,BROKEN,Medical expenses,,2026-04-28,f,,0,,217c1122-ee76-4db5-b3e4-5accc25d540c,2026-08-27 11:28:06.158045+00,2026-09-02 15:27:19.864951+00
41327fd8-83b0-44b6-91df-db6b2732543d,d8b15e55-fe6e-4847-8d7a-3cef9e4774e2,b06cd5a3-f1c0-4cdb-b241-9ce2d6c5e791,31330,2026-08-31,0,HONORED,,,,t,2026-08-31 04:40:23.169211+00,0,,21d21b57-f39f-43fe-b64e-172d8b52666e,2026-08-27 11:28:24.25213+00,2026-09-02 15:27:19.864951+00
ffe94d1b-afe5-497e-bcb7-0fe8fbe13169,cdb79cb2-387a-4f89-9d07-8d12395aa2d9,a13886ca-739b-47b4-a473-724e03f7332a,15670,2026-03-22,0,BROKEN,Business loss,,2026-03-13,f,,0,,22af814b-74ba-4d31-944b-88c2efb617ca,2026-08-27 11:28:08.414356+00,2026-09-02 15:27:19.864951+00
c4928c1e-a109-45cc-999c-a72c1a6b479f,303c97f6-bfaf-4d0e-8330-9a8e115a970b,2dfc73e0-dba9-4aa5-babf-d5141ded5497,3435.55,2026-10-04,0,ACTIVE,,,,f,,0,,22cd5b13-da8b-4e1e-998f-974cb5eb36fd,2026-09-18 06:37:22.231995+00,2026-09-18 06:37:22.231998+00
ce4fc42a-0193-4857-b8b0-5e0d22d93fe6,408bef34-ec9c-46f9-b813-4e37a35e37f7,2dfc73e0-dba9-4aa5-babf-d5141ded5497,20880,2026-04-22,24870.24,HONORED,Business loss,,2026-04-08,f,,0,,22e1c830-48a1-4475-b23d-1288d24abddb,2026-08-27 11:28:08.061654+00,2026-09-02 15:27:19.864951+00
26cefbee-92c4-4c5b-967b-bf2ad3ede143,2cc97787-e14f-45b5-9cd9-8cb16d4608fa,5fbae4d6-59d1-4e6c-8a80-fe57244a45bb,27760,2026-09-06,0,BROKEN,,,,t,2026-09-06 13:30:50.235437+00,0,,2308e0a9-2578-4fb3-8792-04fefb1ac9ac,2026-08-27 11:28:10.598768+00,2026-09-17 12:10:31.530792+00
30c35475-ed2b-4036-a826-44d3b264f5bb,df3c9ca3-e729-442a-a8bd-1869e1071d6d,2dfc73e0-dba9-4aa5-babf-d5141ded5497,10090.89,2026-09-07,0,BROKEN,Family support,Confirmed verbal commitment with borrower.,2026-09-06,f,,0,,236e2241-ba72-488d-9b79-cfc3d1210472,2026-09-02 07:19:28.48534+00,2026-09-17 12:10:31.755465+00
a824826c-91a1-4dc3-9395-2ae53f32a7bf,aab1503b-2f3e-49a7-9642-138646ec6090,2b6de8aa-0976-4be0-8a40-043ff86ffa54,5711.93,2026-09-25,0,ACTIVE,,,,f,,0,,23e0e21e-d96d-44b7-9e17-e32a992c4a89,2026-09-18 06:37:22.433531+00,2026-09-18 06:37:22.433535+00
a7430508-cd1f-4fa1-ac5a-ac37aaebaf92,963af5b8-8d4a-418f-92c6-2c0541e6f611,3aa13103-bd03-4578-9292-44d88d58da00,16520,2026-08-17,0,BROKEN,"Client delayed payment, funds locked.",,,f,,0,,247dc7ba-9094-4fe2-92a5-2885d8ac9649,2026-08-27 11:28:09.697234+00,2026-09-02 15:27:19.864951+00
26bdf503-7fd2-44b1-9065-93841530fe3f,f6a91ec3-9eb3-456d-854e-56099a9a30fe,8e59153e-dc8e-4efa-af65-1db304a6f3f1,14790.2,2026-10-14,0,ACTIVE,,,,f,,0,,24aa4325-928b-4d5c-89fb-61a15e05f357,2026-09-17 06:31:13.315554+00,2026-09-17 06:31:13.315557+00
9a6b964e-872e-4f11-aaab-5169a8ec8d53,b4d6ca63-10bd-4cdb-800e-2e36b2abe861,c6ca60b7-2143-412b-887e-c30ae9cda031,15900,2026-03-29,0,BROKEN,Crop failure,,2026-03-28,f,,0,,24b1b5dc-42e4-45ab-939d-27ad4a9da420,2026-08-27 11:28:08.43526+00,2026-09-02 15:27:19.864951+00
8a823d39-0f0f-4eb2-84ec-4a101af856e6,6bc67859-2b16-4925-a4f2-96b84479132b,cd9e6eca-028e-4c61-8e82-048327bc4476,21760,2026-07-08,1728.94,HONORED,Business loss,,2026-06-25,f,,0,,25ac6012-dc0e-411f-8507-102353ec7ac6,2026-08-27 11:28:03.486966+00,2026-09-02 15:27:19.864951+00
c5711608-c56d-4cd3-bd68-a42508041f61,4c8f2e27-b663-4b43-bb11-c15fb979cfb1,4a182f53-a1a1-4f15-945a-6a56f4e04b64,7870.09,2026-09-27,0,ACTIVE,,,,f,,0,,25b58d90-3d16-4c70-8443-4d176a24aa6f,2026-09-17 06:31:12.920925+00,2026-09-17 06:31:12.92093+00
50a0f4e1-2632-46b7-a11c-6a46537efab1,6c962955-e878-4292-8fdf-2ad45442c9ba,3aa13103-bd03-4578-9292-44d88d58da00,7247.49,2026-09-04,5448.59,PARTIALLY_HONORED,Family support,Confirmed verbal commitment with borrower.,2026-09-03,f,,0,,25e32a15-66b5-40ff-8448-636f8aadd71a,2026-09-02 07:19:28.725227+00,2026-09-17 12:10:31.074172+00
4c6b679e-314a-4506-9004-a064ec58d1b4,ffe8721a-8249-41db-9fcb-658a86ad1636,2b6de8aa-0976-4be0-8a40-043ff86ffa54,8150.09,2026-09-06,0,HONORED,Family support,Confirmed verbal commitment with borrower.,2026-09-05,f,,0,,261f9c0f-d3a6-4ac3-a26e-cf0b91182b25,2026-09-02 07:19:28.929547+00,2026-09-03 05:17:22.450095+00
dd59d29b-4bd9-476f-9fae-75e5a5d1b921,270a91de-9653-45bd-8b2c-fe0c26fe7e3f,c2f2e0ce-5aeb-4ece-8325-2167edfe139e,1807.45,2026-09-13,0,BROKEN,,,,f,,0,,27293175-dea6-48d8-bb91-dedeea8f387f,2026-09-10 10:42:27.006437+00,2026-09-17 12:10:32.415796+00
588628ab-10f8-4969-8f97-e8e1d0e2dd16,82aeef70-3e9c-470a-b29a-95d93d9c5dfd,2b6de8aa-0976-4be0-8a40-043ff86ffa54,5180,2026-08-05,7156.71,HONORED,,,,f,,0,,27335fc2-2c85-473e-a382-184ec9d7c42a,2026-08-27 11:28:24.491742+00,2026-09-02 15:27:19.864951+00
a2e9c642-b032-4b68-bc31-c4484e11410c,9f79be48-2bb7-45cb-97b6-7ff49042d47a,c33350cc-f581-492e-807f-14262d56ebcb,30870,2026-03-19,0,BROKEN,Medical expenses,,2026-03-18,f,,0,,27772c64-9406-48c4-8ad3-88f66cdd00ff,2026-08-27 11:28:07.71455+00,2026-09-02 15:27:19.864951+00
578198a4-cf53-4ca5-a3a2-3f5066daf113,7e52f3f9-0de7-4bdb-b4c3-8ff2e37ba249,c33350cc-f581-492e-807f-14262d56ebcb,10938.4,2026-10-23,0,ACTIVE,,,,f,,0,,27b1aa2d-0ad3-4156-b8ae-37998ab19444,2026-09-17 06:31:12.884457+00,2026-09-17 06:31:12.884461+00
6b659a39-299e-4211-b712-a674528001e4,a544a446-32ca-44c7-8685-69661d980b7e,cd9e6eca-028e-4c61-8e82-048327bc4476,4124.74,2026-08-27,0,BROKEN,,,,f,,0,,27e824e3-6fc1-494b-b4db-f158fbee87bc,2026-08-27 11:28:10.424266+00,2026-09-17 12:10:30.07268+00
e5b94ea4-b80f-477b-b3a6-829848a2e7ec,dc694797-2ba8-485d-a336-21fe6f391412,a2e2555c-f597-43af-a77a-fe708f967218,4009.99,2026-10-13,0,ACTIVE,,,,f,,0,,2862b82b-5333-40c8-8153-a9d407d637ed,2026-09-18 06:37:22.520246+00,2026-09-18 06:37:22.520255+00
f1c59501-78fc-4f99-be8e-4bf46ff125ea,052d598d-bae6-486d-b10a-739b4a755245,e9dced65-f61b-4c24-bae7-d4170299ed46,10969.18,2026-11-10,0,ACTIVE,,,,f,,0,,28dec7fe-d3a3-456f-b042-05c6238d2f32,2026-09-21 06:09:26.537204+00,2026-09-21 06:09:26.537207+00
733ec455-55c4-4cfb-b5eb-7ba264774c02,c27c9349-1733-4acb-b661-e504f89a7886,3aa13103-bd03-4578-9292-44d88d58da00,28570,2026-08-04,0,BROKEN,Family emergency,,2026-08-03,f,,0,,294ce792-39cb-43c3-9754-1ae574e18d41,2026-08-27 11:28:01.707732+00,2026-09-02 15:27:19.864951+00
fc79a74a-122a-47ac-abb0-46de96b74cdc,6cf26a5a-4c86-4ed3-9eb9-efb025de766c,4a182f53-a1a1-4f15-945a-6a56f4e04b64,1914.76,2026-09-08,0,BROKEN,Bank transfer processing,Confirmed verbal commitment with borrower.,2026-09-07,f,,0,,296ee1bc-f5a1-4624-b40e-76bbef3131e3,2026-09-02 07:19:30.028358+00,2026-09-17 12:10:32.020435+00
49c85ecd-cbfa-4208-824a-c6a2e090e8ca,10241b53-62fe-499e-ae11-b73acf8cb7ad,c37b6a5c-9d1c-46d4-8ece-dfce290dc74b,5546.92,2026-09-29,0,ACTIVE,,,,f,,0,,29997989-7dca-4cc3-915c-b8dc0bf4fcd9,2026-09-17 06:31:13.297499+00,2026-09-17 06:31:13.297503+00
7742389d-f08c-45ce-a873-fcc09d250144,da14330e-3e6c-4967-8cf1-5ac495d7f60f,c37b6a5c-9d1c-46d4-8ece-dfce290dc74b,29019.41,2026-09-09,0,BROKEN,Bank transfer processing,Confirmed verbal commitment with borrower.,2026-09-08,f,,0,,299aa272-473a-4867-93db-b6e2b91ebbde,2026-09-02 07:19:29.104996+00,2026-09-17 12:10:32.260456+00
b4ac78d0-3925-40ec-a355-16c7b92aeaec,8ed1aabc-ae24-443f-9d7e-4b7251c29167,e9dced65-f61b-4c24-bae7-d4170299ed46,16318.69,2026-09-08,7846.55,PARTIALLY_HONORED,Salary on 5th,Confirmed verbal commitment with borrower.,2026-09-07,f,,0,,29bf19e2-e27b-416e-b9e1-eda020015b37,2026-09-02 07:19:29.520358+00,2026-09-17 12:10:32.03356+00
fb3407fa-7c1e-4725-8e63-f7fdf4e73b1f,37ed3c0f-dec6-41b9-a8fc-3f9e23a4bee7,c37b6a5c-9d1c-46d4-8ece-dfce290dc74b,19550,2026-03-20,0,BROKEN,Business loss,,2026-03-19,f,,0,,29c849dd-35c2-4293-bf60-8290730b3256,2026-08-27 11:28:07.422384+00,2026-09-02 15:27:19.864951+00
40d91150-df8b-4994-886b-47b3c907138a,b86a072a-f66b-49fa-b976-9ad663c4954f,5fbae4d6-59d1-4e6c-8a80-fe57244a45bb,12690,2026-07-13,0,BROKEN,Business loss,,2026-07-12,f,,0,,2b118f26-26c6-478a-b6d4-0724cb1b39d0,2026-08-27 11:28:01.738728+00,2026-09-02 15:27:19.864951+00
1fdc5e0f-fb7a-45e3-84ca-b0f0d25e3ccb,54e89d2c-d690-43e5-8576-77d1cfba5ca8,c6ca60b7-2143-412b-887e-c30ae9cda031,9436.3,2026-10-12,0,ACTIVE,,,,f,,0,,2b133ee7-8d76-4cf8-9711-88ed566cf768,2026-09-17 06:31:12.959058+00,2026-09-17 06:31:12.959061+00
38379579-1967-4c68-b2a6-fec47a12b809,e3236248-23dd-4763-aad1-1fe33396a648,4a182f53-a1a1-4f15-945a-6a56f4e04b64,3652.65,2026-09-03,0,BROKEN,,,,t,2026-09-03 04:49:37.853987+00,0,,2b6b89fc-a128-49b8-99b3-162dd1bb7b6f,2026-08-27 11:28:11.067984+00,2026-09-17 12:10:30.941423+00
1d09cd5e-7624-409b-9722-566194e3323b,6ba2d317-2eb5-4f80-bcc4-256a0cceb22f,a2e2555c-f597-43af-a77a-fe708f967218,10726.5,2026-10-26,0,ACTIVE,,,,f,,0,,2c4b13dd-242a-4838-bd0b-70b67eb135b1,2026-09-18 06:37:22.284483+00,2026-09-18 06:37:22.284486+00
be420060-4b66-410a-a747-e88a79e18205,1af05383-e8b0-4390-9989-5b65300accb4,1d5e58e8-954e-4d6c-b13c-6e6d614cb588,26440,2026-09-10,22701,PARTIALLY_HONORED,,,,f,,0,,2d8751b5-c033-4751-9d05-c3ff6b1b8553,2026-08-27 11:28:23.906263+00,2026-09-17 12:10:32.822083+00
187f2be3-c67c-47e9-a00b-43f20afb8319,25709412-e3f9-49a6-be90-c046002bc128,8e59153e-dc8e-4efa-af65-1db304a6f3f1,41357.37,2026-10-01,0,ACTIVE,,,,f,,0,,2e0f6da7-de9c-413a-a07b-f028dcefeb32,2026-09-17 06:31:12.901688+00,2026-09-17 06:31:12.901695+00
dbe687b1-68d0-41e1-a05c-6b8198bf2a6d,cb2638d0-6ee2-4d5d-9547-80852d1783d6,c33350cc-f581-492e-807f-14262d56ebcb,1680.66,2026-09-04,0,BROKEN,Family support,Confirmed verbal commitment with borrower.,2026-09-03,f,,0,,2e1c10ef-10df-4e76-a4e5-ce827389dc71,2026-09-02 07:19:29.428686+00,2026-09-17 12:10:31.087281+00
8e17b1ce-8791-4a5a-9665-0e63c6a71f6a,95278b9e-b17e-4858-8900-72d5da4eaed0,3e9c4168-1de9-43e8-b9f2-fbf3f931949d,152.04,2026-09-06,0,BROKEN,Awaiting client payment,Confirmed verbal commitment with borrower.,2026-09-05,t,2026-09-06 13:30:50.235441+00,0,,2e8496e1-4be7-43c0-8ffe-ed73c2f46e80,2026-09-02 07:19:29.96111+00,2026-09-17 12:10:31.543311+00
45998f36-bca9-464c-8dce-a707c75f63dd,55caaad9-150c-49a6-9c2d-c64631453b1d,cd9e6eca-028e-4c61-8e82-048327bc4476,2850,2026-04-17,0,BROKEN,Family emergency,,2026-04-10,f,,0,,2eaaf533-5cf7-41b4-870a-f734ba8243db,2026-08-27 11:28:05.935272+00,2026-09-02 15:27:19.864951+00
6d91eb24-c44d-4f16-86a5-3bd86f382850,611f1179-952c-4c6e-a5fb-0872a9962a37,2dfc73e0-dba9-4aa5-babf-d5141ded5497,16150,2026-09-02,13596.19,PARTIALLY_HONORED,,,,t,2026-09-02 05:53:51.374441+00,0,,2eca1882-91f5-4235-9853-6f3f56abc07a,2026-08-27 11:28:22.703332+00,2026-09-17 12:10:30.825649+00
5c6ffed0-30f0-4a0b-b65c-72a6741b078b,ba8f8498-16ae-4919-96b7-39c1cab7c4cf,c37b6a5c-9d1c-46d4-8ece-dfce290dc74b,13910,2026-08-27,0,BROKEN,,,,f,,0,,2ef59c59-1a2a-4c88-9d11-e67759097142,2026-08-27 11:28:10.458506+00,2026-09-17 12:10:30.084605+00
b7ccab43-19bd-46b8-a1aa-cb23b9b27a32,55b7d01a-b96b-4ab8-9fdc-2edbbe1df76c,c37b6a5c-9d1c-46d4-8ece-dfce290dc74b,9875.17,2026-10-17,0,ACTIVE,,,,f,,0,,2f03e695-84b8-425c-86d1-2d3a12e7e435,2026-09-21 06:09:26.659291+00,2026-09-21 06:09:26.659297+00
0833802c-4ef9-4778-9b25-1139e04beb28,33a3c16f-73f1-459c-8c7b-41efcd2dd7cb,a2e2555c-f597-43af-a77a-fe708f967218,2520,2026-07-17,594.65,HONORED,Out of city,,2026-07-01,f,,0,,2fe82b5e-30a8-4ce6-9eb0-78e982c74115,2026-08-27 11:28:02.653425+00,2026-09-02 15:27:19.864951+00
8c8d3f47-9c96-4134-b384-a39748f9bcbe,06109c60-5646-4551-b247-05e5861d9049,2dfc73e0-dba9-4aa5-babf-d5141ded5497,1719.39,2026-09-03,7510.61,HONORED,,,,t,2026-09-03 04:49:37.853991+00,0,,2fed15d6-5cc8-40e5-8400-e01a9d6c20ad,2026-08-27 11:28:10.713075+00,2026-09-17 12:10:30.956691+00
91bc4a25-06af-4270-bd22-f76e3b907616,ebfae90d-6938-4d60-bbb6-532810c36f07,b06cd5a3-f1c0-4cdb-b241-9ce2d6c5e791,5503.44,2026-09-05,0,HONORED,,,,f,,0,,3090ba80-340f-4cda-b5f8-ff8cc06c3362,2026-08-27 11:28:11.248828+00,2026-09-02 15:27:19.864951+00
ef52c8f8-deca-4213-8129-7f49fcba2004,928ba8e4-8946-41a8-a64a-79ddb016b6e0,2b6de8aa-0976-4be0-8a40-043ff86ffa54,37780,2026-07-01,0,BROKEN,Salary delayed,,2026-06-30,f,,0,,30f370c2-4126-44ec-b8ce-bdb51779af41,2026-08-27 11:28:03.041509+00,2026-09-02 15:27:19.864951+00
cce14ef2-1448-41bc-9117-373666b41230,f260910c-b133-4013-a38b-410c8d76a9c4,4a182f53-a1a1-4f15-945a-6a56f4e04b64,11330,2026-03-22,8555.64,HONORED,Medical expenses,,2026-03-21,f,,0,,317f5a2a-3f76-491f-8cb7-cd2aa30c3837,2026-08-27 11:28:08.3374+00,2026-09-02 15:27:19.864951+00
ab5d1e55-44aa-4f54-b94e-55fcdf4bac01,d9f35bb7-f84f-45a5-a348-d573db6f166d,c37b6a5c-9d1c-46d4-8ece-dfce290dc74b,58950,2026-03-24,0,BROKEN,Bank issue,,2026-03-14,f,,0,,318d243e-23a9-4d1d-ba81-96cb95ec45bd,2026-08-27 11:28:07.415252+00,2026-09-02 15:27:19.864951+00
d96c5d4e-68b7-4e0d-93a9-508bab058069,dfff3934-bbeb-4e77-93c6-068855398ab9,2dfc73e0-dba9-4aa5-babf-d5141ded5497,28336.24,2026-09-04,12489.66,PARTIALLY_HONORED,Awaiting client payment,Confirmed verbal commitment with borrower.,2026-09-03,f,,0,,3226a310-bbb5-4721-8f86-06324fe49e51,2026-09-02 07:19:28.440975+00,2026-09-17 12:10:31.102012+00
04460e1f-47f5-4d30-b44c-0be05ea7991f,97dc59c6-6424-4e05-b0b8-dc4d0d00e8c1,e9dced65-f61b-4c24-bae7-d4170299ed46,19392,2026-08-27,0,BROKEN,,,,f,,0,,32bb220d-1056-41a6-8c46-f8c8a50b72f5,2026-08-27 11:28:10.935619+00,2026-09-17 12:10:30.097388+00
58d84a6d-0aaf-47a2-bd89-8902658beaa9,e8e3acce-463d-43c2-a78e-858192da4c03,cd9e6eca-028e-4c61-8e82-048327bc4476,15779.33,2026-09-09,0,BROKEN,Bank transfer processing,Confirmed verbal commitment with borrower.,2026-09-08,f,,0,,32efa0cd-a323-4042-bf59-01f1adee97d9,2026-09-02 07:19:29.230446+00,2026-09-17 12:10:32.272475+00
729d8eef-3e5c-40f6-bead-c87ea9fa3577,d9781048-23cd-44e2-92c6-3faa7da3712c,4a182f53-a1a1-4f15-945a-6a56f4e04b64,2970,2026-09-02,0,HONORED,,,,t,2026-09-02 05:53:51.374492+00,0,,3350d649-0e90-4db6-bd14-67b6f62dc08f,2026-08-27 11:28:23.837427+00,2026-09-02 15:27:19.864951+00
09d34050-ca46-495a-a92f-cbc3ef76e5a7,830c52a3-0c15-4716-875c-e4937324bb8a,c33350cc-f581-492e-807f-14262d56ebcb,45870,2026-05-10,47053.19,HONORED,Medical expenses,,2026-05-09,f,,0,,33c3a36f-c8db-4a29-a7c7-45bc35245d07,2026-08-27 11:28:04.823233+00,2026-09-02 15:27:19.864951+00
724c3ed9-c91d-452d-8b52-b8ab1de479b2,3138c16a-19d2-4205-8154-3e3be211dda9,2dfc73e0-dba9-4aa5-babf-d5141ded5497,21740,2026-05-18,0,RESCHEDULED,Crop failure,,2026-05-17,f,,0,,3565e28a-a328-4dac-afb0-36a8229d0179,2026-08-27 11:28:04.804934+00,2026-09-02 15:27:19.864951+00
e19c5466-f318-4cd8-a5dc-7d0f24ec305a,abb1d7ac-0ad7-40a2-aaf4-061f2befe6f9,5fbae4d6-59d1-4e6c-8a80-fe57244a45bb,11345.13,2026-08-27,0,BROKEN,,,,f,,0,,358ed7e4-7fe1-4cec-a64d-123ec3a2ff93,2026-08-27 11:28:10.567469+00,2026-09-17 12:10:30.10947+00
9044e2bd-36b2-42f2-b7b7-e461935fa985,b950c0df-70dd-4f68-ad96-da3853c40300,c6ca60b7-2143-412b-887e-c30ae9cda031,8320,2026-07-10,0,BROKEN,Family emergency,,2026-07-09,f,,0,,35e51e6f-e755-440d-993e-e0a81ce02d4d,2026-08-27 11:28:01.670557+00,2026-09-02 15:27:19.864951+00
d96c5d4e-68b7-4e0d-93a9-508bab058069,a6690731-9ad7-40f1-9f20-c5ada8704a2b,a2e2555c-f597-43af-a77a-fe708f967218,10582.12,2026-10-23,0,ACTIVE,,,,f,,0,,3603e9ad-9388-4e21-bc06-7e47bd772315,2026-09-18 06:37:22.960939+00,2026-09-18 06:37:22.960944+00
7ff1d5f4-a4c4-495a-9e14-23978ad7072d,b3e0176a-0ea0-4554-a76b-bc322a72955c,c33350cc-f581-492e-807f-14262d56ebcb,20935.09,2026-10-09,0,ACTIVE,,,,f,,0,,365940ea-05d5-4941-be2a-b561b3dd170f,2026-09-18 06:37:22.268126+00,2026-09-18 06:37:22.268129+00
7c0bce40-35dd-43b5-a38b-4e513d67651c,9a1998e1-4f9f-49d0-a039-9f30d5a5b7a5,c2f2e0ce-5aeb-4ece-8325-2167edfe139e,47737.59,2026-09-06,0,BROKEN,Bank transfer processing,Confirmed verbal commitment with borrower.,2026-09-05,t,2026-09-06 13:30:50.235445+00,0,,375a1c02-62e0-4fbe-a208-0f146c3d964c,2026-09-02 07:19:29.825171+00,2026-09-17 12:10:31.5605+00
e6d120a1-64d7-43ac-97a6-2c5406b69d5a,d4e37aa3-1cf1-4150-b5f5-61596f00ac34,c2f2e0ce-5aeb-4ece-8325-2167edfe139e,17310,2026-06-29,0,BROKEN,Business loss,,2026-06-16,f,,0,,376e3ae5-9cb8-48b1-8bbb-187ae77a28d4,2026-08-27 11:28:02.881285+00,2026-09-02 15:27:19.864951+00
fdd9a91f-c1b8-4546-9181-773c7b0e9717,5c6f3585-2757-49a4-8f61-b96c4de8526f,e9dced65-f61b-4c24-bae7-d4170299ed46,9460,2026-06-06,0,BROKEN,Crop failure,,2026-05-25,f,,0,,3823939c-f1b0-4b6f-9252-94ed16283880,2026-08-27 11:28:04.732405+00,2026-09-02 15:27:19.864951+00
91bc4a25-06af-4270-bd22-f76e3b907616,ebfae90d-6938-4d60-bbb6-532810c36f07,b06cd5a3-f1c0-4cdb-b241-9ce2d6c5e791,2201.38,2026-08-27,0,HONORED,,,,f,,0,,38e2c40e-2aa7-478f-a560-b433e0acd223,2026-08-27 11:28:11.248833+00,2026-09-02 15:27:19.864951+00
c7e74e5d-a255-44ce-a595-797e1dbf0a0b,50cc2c59-5d11-4c92-a5c2-7e5bfd4c93c8,8e59153e-dc8e-4efa-af65-1db304a6f3f1,60790,2026-06-11,0,RESCHEDULED,Bank issue,,2026-06-10,f,,0,,3907891e-e8c5-4565-b458-cdb910d00813,2026-08-27 11:28:04.072171+00,2026-09-02 15:27:19.864951+00
724c3ed9-c91d-452d-8b52-b8ab1de479b2,9dbb9f08-e395-4a6a-8e4c-3b1ee576b8a3,2dfc73e0-dba9-4aa5-babf-d5141ded5497,21740,2026-05-13,5018.4,HONORED,,,2026-05-12,f,,0,,39604617-f172-4974-98cc-c4d34d628c6b,2026-08-27 11:28:04.811248+00,2026-09-02 15:27:19.864951+00
0a76aae6-22f3-4ad9-935f-90bbfb3e0619,104acf5f-4bea-41d0-8c43-a2ba933bc537,b06cd5a3-f1c0-4cdb-b241-9ce2d6c5e791,25323.98,2026-09-08,0,BROKEN,Salary on 5th,Confirmed verbal commitment with borrower.,2026-09-07,f,,0,,3994bda3-c297-4385-b1f6-bcdce0d1c7d2,2026-09-02 07:19:30.375591+00,2026-09-17 12:10:32.781173+00
7bd447a1-3659-4eda-a558-5383c7cebdfc,11d0c878-a6c1-4366-a771-ff816acb0ecc,2dfc73e0-dba9-4aa5-babf-d5141ded5497,2610,2026-04-05,441.1,HONORED,Bank issue,,2026-04-04,f,,0,,39a4f943-6ee6-4d89-8c26-6b5858255fc5,2026-08-27 11:28:08.380224+00,2026-09-02 15:27:19.864951+00
bfb9ea3c-2590-44da-b365-d46a3cdc48c5,803e55cb-073b-4e04-a384-a2ebc8f7f37e,c33350cc-f581-492e-807f-14262d56ebcb,710.22,2026-09-07,0,BROKEN,Bank transfer processing,Confirmed verbal commitment with borrower.,2026-09-06,f,,0,,3a28d105-715f-4afe-9028-27323efa21b2,2026-09-02 07:19:29.403303+00,2026-09-17 12:10:31.767771+00
a752858e-d463-45d7-9aff-1868f423c08c,621e24f4-ec39-477c-b943-7ade102bde8a,b06cd5a3-f1c0-4cdb-b241-9ce2d6c5e791,35430,2026-04-06,0,BROKEN,Out of city,,2026-04-05,f,,0,,3a368cfa-114b-4305-8bec-1ac726593f4b,2026-08-27 11:28:08.043012+00,2026-09-02 15:27:19.864951+00
dd021a3a-20dc-4947-8e81-4b2002f120f2,bd3768ac-ba2a-4655-8977-89d8d8da3e57,1d5e58e8-954e-4d6c-b13c-6e6d614cb588,25520,2026-06-17,40986.75,HONORED,Medical expenses,,2026-06-16,f,,0,,3a3e1280-5ddf-457f-ac01-7b7e989b2fde,2026-08-27 11:28:02.576053+00,2026-09-02 15:27:19.864951+00
be545a38-e6c9-474c-a723-05c78283b681,536363a0-5ec0-4e3d-8af1-33debb8cfcd5,3aa13103-bd03-4578-9292-44d88d58da00,41934.06,2026-10-12,0,ACTIVE,,,,f,,0,,3a7ec266-07b6-48cc-9355-b6b7f534e116,2026-09-17 06:31:12.876013+00,2026-09-17 06:31:12.876015+00
84dfbced-aa92-4d9d-9e4c-f2f5484837b9,b80f4659-7c6b-401e-90eb-112b570f8ce9,cd9e6eca-028e-4c61-8e82-048327bc4476,9398.84,2026-10-12,0,ACTIVE,,,,f,,0,,3a839af9-02dc-41af-beaf-3f5c851e9af0,2026-09-18 06:37:23.242289+00,2026-09-18 06:37:23.242294+00
dd59d29b-4bd9-476f-9fae-75e5a5d1b921,94f37315-8aba-46ca-a6cf-03e01494aa8a,4a182f53-a1a1-4f15-945a-6a56f4e04b64,28880,2026-04-21,0,BROKEN,Out of city,,2026-04-02,f,,0,,3aad44b7-262c-46f5-9ffc-2e6eac9e7622,2026-08-27 11:28:07.859902+00,2026-09-02 15:27:19.864951+00
4855d7b0-7acf-4756-9f34-41e0e9461c2a,950bc75d-fbac-4267-a464-2472bac3644d,3e9c4168-1de9-43e8-b9f2-fbf3f931949d,8290,2026-04-25,983.81,HONORED,Family emergency,,2026-04-24,f,,0,,3afbcca4-b307-4cb7-b46d-69ab84313d22,2026-08-27 11:28:06.395452+00,2026-09-02 15:27:19.864951+00
6455f8fb-2762-40f7-90d7-eb45adef6aaa,105dead6-c362-44f0-8fc2-03a6dcea1f02,4a182f53-a1a1-4f15-945a-6a56f4e04b64,8679.5,2026-10-02,0,ACTIVE,,,,f,,0,,3ba6b7f3-5353-498a-9b11-16f3ddde6656,2026-09-17 06:31:13.27855+00,2026-09-17 06:31:13.278554+00
cb0abc92-1503-478e-8b3b-3786454b0976,9960042b-6c73-4103-91f8-05b6bb40c228,4a182f53-a1a1-4f15-945a-6a56f4e04b64,1546.37,2026-08-31,15368.85,HONORED,,,,t,2026-08-31 04:40:23.169173+00,0,,3bb4d72b-13b0-490a-8015-d1cb1e01dcdf,2026-08-27 11:28:11.102746+00,2026-09-17 12:10:30.638872+00
34837a57-17c7-4ebe-a152-3cae876fe146,b402058d-26ee-48b0-ab69-f9b52308b229,a2e2555c-f597-43af-a77a-fe708f967218,5912.6,2026-09-08,0,BROKEN,Salary on 5th,Confirmed verbal commitment with borrower.,2026-09-07,f,,0,,3bd1097a-f639-4fac-be14-dd669876f6fe,2026-09-02 07:19:29.24527+00,2026-09-17 12:10:32.043983+00
5716d861-5833-4350-b34c-909162feb767,0c678f35-590c-4a5d-8d35-01ec020fba25,2dfc73e0-dba9-4aa5-babf-d5141ded5497,1083.22,2026-09-05,0,BROKEN,Family support,Confirmed verbal commitment with borrower.,2026-09-04,f,,0,,3bec0cbb-49db-4aac-8977-e5c41918f982,2026-09-02 07:19:28.395163+00,2026-09-17 12:10:31.356226+00
dd0d71b0-726d-49f4-9b98-d9038f1d34a8,183d62d8-822c-4bc8-8af5-ebd8819e06a8,2dfc73e0-dba9-4aa5-babf-d5141ded5497,17370,2026-09-05,0,HONORED,,,,f,,0,,3c17a559-6ab3-457b-b78d-f079ca220af9,2026-08-27 11:28:22.755251+00,2026-09-02 15:27:19.864951+00
b09bcc21-ce43-4ae2-a076-7ae065282484,ff44890d-0dd7-4ec2-b0bf-2d2f8dd1ecc9,2dfc73e0-dba9-4aa5-babf-d5141ded5497,13896.04,2026-10-01,0,ACTIVE,,,,f,,0,,3ccb757f-cd68-4263-ae6d-a12ce61ac68a,2026-09-18 06:37:22.214707+00,2026-09-18 06:37:22.214711+00
ac5d159e-3de8-4a59-8f93-e2562757642c,0c3247c2-f693-424f-b7a4-a2abd1f237b6,c2f2e0ce-5aeb-4ece-8325-2167edfe139e,12460,2026-08-29,0,BROKEN,,,,f,,0,,3ccdb27d-e8b5-49b8-be55-978dbc0ab54f,2026-08-27 11:28:22.974008+00,2026-09-17 12:10:30.507834+00
209ada90-3341-4870-a460-21158956474b,5c2e5919-46ee-4488-8d26-124e96a74d93,2dfc73e0-dba9-4aa5-babf-d5141ded5497,51590,2026-09-14,0,HONORED,,,,f,,0,,3d7f2a7b-4d50-4a2b-a76d-6944a8f7e310,2026-08-27 11:28:22.654089+00,2026-09-02 15:27:19.864951+00
71c58b4f-55d5-4feb-a8de-8a27c3b4d37c,969ef48e-ce16-412c-ba02-cfc221bcee4b,c33350cc-f581-492e-807f-14262d56ebcb,6093.09,2026-09-27,0,ACTIVE,,,,f,,0,,3d9faef0-ed81-408c-8b0d-9f6560c91e29,2026-09-17 06:31:13.530895+00,2026-09-17 06:31:13.530898+00
b56e7872-3079-4584-b897-046f39204e79,d7848263-0998-4bed-a5d8-8cc352f170a8,4a182f53-a1a1-4f15-945a-6a56f4e04b64,15625.44,2026-09-04,0,BROKEN,Family support,Confirmed verbal commitment with borrower.,2026-09-03,f,,0,,3da0071c-ce56-4713-8a5a-a62c348c7389,2026-09-02 07:19:30.12489+00,2026-09-17 12:10:31.115795+00
8d1d0ca6-981d-461a-92f2-c4f81f8ca8e0,abd71a51-a189-4f34-aae0-0785cedc32e3,8e59153e-dc8e-4efa-af65-1db304a6f3f1,63560,2026-09-12,48699.76,PARTIALLY_HONORED,,,,f,,0,,3da5f2c4-961e-4ade-93cd-8d4443266784,2026-08-27 11:28:22.530644+00,2026-09-17 12:10:32.379578+00
f95e4162-8c63-48c2-bcef-d6b689ae8aa5,e456c90f-2807-4eba-8ec6-472b77ef0eaa,5fbae4d6-59d1-4e6c-8a80-fe57244a45bb,10710,2026-06-07,46246.82,HONORED,Bank issue,,2026-06-06,f,,0,,3e44262e-339d-4bf4-af24-c516eb4e0bd1,2026-08-27 11:28:04.830384+00,2026-09-02 15:27:19.864951+00
d1012402-fa11-4d46-af2f-d2e2e4dafd0e,689272c7-3c02-429d-845a-6149627247c8,c37b6a5c-9d1c-46d4-8ece-dfce290dc74b,21040,2026-09-04,0,HONORED,,,,f,,0,,3e71e7e0-6018-47db-96e9-33537a1dd538,2026-08-27 11:28:22.174458+00,2026-09-02 15:27:19.864951+00
229b9d2b-8a26-406c-8468-c4f97cb05b43,5d528f76-9daa-4149-b856-f344b5e045a6,a13886ca-739b-47b4-a473-724e03f7332a,19930,2026-08-31,0,HONORED,,,,t,2026-08-31 04:40:23.169205+00,0,,3f1185d0-3f31-4488-82f0-c7e834b439a2,2026-08-27 11:28:24.122284+00,2026-09-02 15:27:19.864951+00
e16d3600-2242-4fe2-9ced-beef90ea03a6,156913dd-9782-46b1-869f-314e36c6a7f5,357e2e09-b637-468e-818b-57a5dce18e9c,6460,2026-05-29,0,BROKEN,Crop failure,,2026-05-28,f,,0,,3f4c2ec7-e20a-40ed-84e8-3a011099a653,2026-08-27 11:28:04.174943+00,2026-09-02 15:27:19.864951+00
35912c01-b04f-48bb-bf85-876c4fc1f918,0feab081-bb61-423a-878c-6e309170e4b5,4a182f53-a1a1-4f15-945a-6a56f4e04b64,15396.78,2026-09-30,0,ACTIVE,,,,f,,0,,3fae22e2-1805-4011-9a82-2a517d6f6b54,2026-09-17 06:31:13.412025+00,2026-09-17 06:31:13.412029+00
a234277b-a259-4bf7-9559-bcba54112280,03277e20-07b8-48fe-a18a-05e4f15778cc,cd9e6eca-028e-4c61-8e82-048327bc4476,5630.85,2026-10-02,0,ACTIVE,,,,f,,0,,3ff8ecb8-7c73-42be-bf93-d58d0c8f8e49,2026-09-17 06:31:13.262683+00,2026-09-17 06:31:13.262686+00
a961c4cb-299c-4776-89da-bacf7f957e06,510b12d1-7d1e-4f7f-8593-ebf32e9a9956,357e2e09-b637-468e-818b-57a5dce18e9c,12000,2026-04-23,0,BROKEN,,,2026-04-22,f,,0,,402ab571-19ab-45f2-a0e6-7074f9c448c3,2026-08-27 11:28:05.671325+00,2026-09-02 15:27:19.864951+00
e6cfbe39-d688-47ab-a2d0-0c03a9796ce3,a79e224c-5ebe-4ea7-86cf-35f3f06b3a52,2dfc73e0-dba9-4aa5-babf-d5141ded5497,20430,2026-09-02,0,BROKEN,,,,t,2026-09-02 05:53:51.374409+00,0,,4114760d-ac51-4c89-bd74-13e612aa485b,2026-08-27 11:28:10.689356+00,2026-09-17 12:10:30.839328+00
0833802c-4ef9-4778-9b25-1139e04beb28,019d961b-a073-4f18-9ada-a9f3280c8f59,a2e2555c-f597-43af-a77a-fe708f967218,2520,2026-07-05,0,RESCHEDULED,Medical expenses,,2026-07-04,f,,0,,41308877-0a01-4385-ab00-1100348eb510,2026-08-27 11:28:02.63713+00,2026-09-02 15:27:19.864951+00
58ae6edc-aa29-46bc-a8e9-a858ec5a0f79,205b6548-587c-40d4-bd76-67636d530ecc,c33350cc-f581-492e-807f-14262d56ebcb,15020,2026-06-25,0,BROKEN,Business loss,,2026-06-08,f,,0,,41ccf657-fe86-4712-b753-9b3a28ece813,2026-08-27 11:28:03.089574+00,2026-09-02 15:27:19.864951+00
f0e13135-fc84-417e-9bcb-9a06e95c69e1,1e69bae2-0094-4a10-a6d1-008b88014451,b06cd5a3-f1c0-4cdb-b241-9ce2d6c5e791,7228.38,2026-09-13,0,BROKEN,,,,f,,0,,4309d86d-684e-431d-9c5b-e373d0b96052,2026-09-10 10:42:26.955484+00,2026-09-17 12:10:32.86529+00
6a4e045e-c3e4-4adb-b3df-1f9a6dea2783,ff8867f9-938d-45f1-98ca-53ac894b863e,2b6de8aa-0976-4be0-8a40-043ff86ffa54,2420,2026-09-03,0,HONORED,,,,f,,0,,4378f08f-c2f9-4c59-9ba4-c3043c4ce5b6,2026-08-27 11:28:22.037223+00,2026-09-02 15:27:19.864951+00
7fa68fdc-8fb6-4811-89fe-76519d76eef6,4354ed06-94d0-4e21-ad73-a9e0f5386093,8e59153e-dc8e-4efa-af65-1db304a6f3f1,17080,2026-09-01,0,BROKEN,,,,t,2026-09-01 04:38:21.980597+00,0,,443c8a91-3390-4515-b072-7127fb209516,2026-08-27 11:28:22.535578+00,2026-09-17 12:10:30.740663+00
36ce7c7b-b3e1-46f2-8ad1-75f73879c325,,2b6de8aa-0976-4be0-8a40-043ff86ffa54,3000,2026-08-27,0,HONORED,Client payment cleared this morning. Funds are in the business account.,PTP falls due today — follow up before 7 PM.,2026-08-27,f,,0,,44c7cc29-fff8-48fa-9fc1-690810fdbc37,2026-08-27 11:28:21.796468+00,2026-09-02 15:27:19.864951+00
ebdd0c9c-b635-4380-9020-3cb45cdd3e5a,86d82dcb-4bd4-4c22-b2ae-23f3dad02763,2b6de8aa-0976-4be0-8a40-043ff86ffa54,51740,2026-09-11,0,BROKEN,,,,f,,0,,45380a60-3915-4541-98eb-aea758d5fcc4,2026-08-27 11:28:22.042554+00,2026-09-17 12:10:32.358045+00
26347393-051a-4f58-9258-a0b6b1b47360,8d43efbf-b707-4bb6-bdf5-8a7c8bb560ab,4a182f53-a1a1-4f15-945a-6a56f4e04b64,49750,2026-03-26,15146.49,HONORED,,,2026-03-25,f,,0,,4551e258-b480-4204-b6e7-7474683345ae,2026-08-27 11:28:07.454594+00,2026-09-02 15:27:19.864951+00
7894476f-64f4-49e1-ad34-ac107cb31942,306ddd05-f314-466c-b31f-2bdc49d0a72f,b06cd5a3-f1c0-4cdb-b241-9ce2d6c5e791,4781.01,2026-09-07,3535.23,PARTIALLY_HONORED,Awaiting client payment,Confirmed verbal commitment with borrower.,2026-09-06,f,,0,,45a7daef-05db-426b-9976-3803bbb4a422,2026-09-02 07:19:30.390211+00,2026-09-17 12:10:32.759975+00
bc20a3b3-87a5-441f-8eef-875fa6a96b3d,42a4d0fe-7756-4342-97a1-9e84262e26dd,e9dced65-f61b-4c24-bae7-d4170299ed46,1171.6,2026-09-08,0,BROKEN,Salary on 5th,Confirmed verbal commitment with borrower.,2026-09-07,f,,0,,45e4e678-a65f-447a-a164-c6b9dcc8e525,2026-09-02 07:19:29.475961+00,2026-09-17 12:10:32.05731+00
f87bc957-012e-43c5-bbcc-25b04609584f,dd35f8c0-93fc-4dae-8583-894cc3b9a899,3e9c4168-1de9-43e8-b9f2-fbf3f931949d,28910,2026-04-26,0,RESCHEDULED,Crop failure,,2026-04-25,f,,0,,47025420-7b75-490e-9e0e-f3766098e005,2026-08-27 11:28:06.358667+00,2026-09-02 15:27:19.864951+00
e1ced437-5690-4273-87b2-869495f5e1cf,1dad580e-44d9-4cca-9c04-965bd23f18e9,e9dced65-f61b-4c24-bae7-d4170299ed46,3196.97,2026-09-04,0,HONORED,,,,f,,0,,476c6d44-7d78-40a6-8a46-77734b4d13e8,2026-08-27 11:28:10.914573+00,2026-09-03 05:17:22.450095+00
7189b075-fd87-436e-a892-46976aa6bbd1,c9e7e86d-0fee-4f0f-924a-219506fc307f,a2e2555c-f597-43af-a77a-fe708f967218,7074.66,2026-09-28,0,ACTIVE,,,,f,,0,,476f8a9d-5fac-4667-a62a-28c1dd17c544,2026-09-18 06:37:22.198616+00,2026-09-18 06:37:22.198619+00
9b929523-5e83-4d44-bc3c-bf621abee8df,1e3c3995-eee0-40fd-9fda-6d8638863940,2dfc73e0-dba9-4aa5-babf-d5141ded5497,5848.29,2026-09-25,0,ACTIVE,,,,f,,0,,4822ab0a-85e8-4b0e-aef7-0ec175f079c5,2026-09-18 06:37:22.81483+00,2026-09-18 06:37:22.814833+00
85cb7dd0-18c1-494d-85f6-25b742f821a0,3abede48-ac96-4bed-8750-d031ba0f00d0,c33350cc-f581-492e-807f-14262d56ebcb,13260,2026-06-15,0,BROKEN,Bank issue,,2026-06-14,f,,0,,482f2cbe-1257-46d5-871b-2cab60ac6f57,2026-08-27 11:28:02.67053+00,2026-09-02 15:27:19.864951+00
6ec7dd21-0b29-4e6e-b9ef-cf46d17c86ce,ff35b4fd-f659-496d-97a3-4108ec80046b,a2e2555c-f597-43af-a77a-fe708f967218,14747.54,2026-09-20,0,ACTIVE,,,,f,,0,,48530d9e-1e3d-419c-bd80-2114ee6e220f,2026-09-10 10:42:26.943063+00,2026-09-10 10:42:26.943066+00
a0c954b0-a65a-4722-8877-b5fd20a455ca,39e9a24f-ab67-4c7b-9153-820b6a1b5da4,c33350cc-f581-492e-807f-14262d56ebcb,43260,2026-08-29,0,HONORED,,,2026-08-28,f,,0,,486b18cf-2295-45c6-bbc4-16b02152b03a,2026-08-27 11:28:00.947734+00,2026-09-02 15:27:19.864951+00
5ce8e517-ddb8-433c-9a2d-403a5529fec7,3d023e37-e3cb-48d5-b8d1-32ceffaa5e4c,2b6de8aa-0976-4be0-8a40-043ff86ffa54,27819.86,2026-09-28,0,ACTIVE,,,,f,,0,,4877ae63-72da-4d89-ab98-530e6375e982,2026-09-17 06:31:13.145554+00,2026-09-17 06:31:13.145558+00
d57dea5e-a963-4383-9e0c-785c5f2f1699,c83bc57f-3ab0-4e42-9049-3372cb7953cc,e9dced65-f61b-4c24-bae7-d4170299ed46,2502.87,2026-09-08,0,BROKEN,Bank transfer processing,Confirmed verbal commitment with borrower.,2026-09-07,f,,0,,48b9e466-26c3-4651-9ae9-c5bad00273d0,2026-09-02 07:19:29.507351+00,2026-09-17 12:10:32.07173+00
48f6da6d-8144-43c5-9190-85dd36b86026,,2b6de8aa-0976-4be0-8a40-043ff86ffa54,8870,2026-08-06,20662,HONORED,,Demo PTP,,f,,0,,49103e06-d361-4b38-80db-ae87cebd1be9,2026-08-27 11:28:21.79646+00,2026-09-02 15:27:19.864951+00
033f2440-fa40-4f9f-affa-b88536412d19,72f59217-0488-4b1b-b013-08e825e5dfc7,5fbae4d6-59d1-4e6c-8a80-fe57244a45bb,26937.37,2026-09-08,19739.66,PARTIALLY_HONORED,Bank transfer processing,Confirmed verbal commitment with borrower.,2026-09-07,f,,0,,49df0188-0a5e-43eb-bf4e-4cb313d4dd35,2026-09-02 07:19:29.724883+00,2026-09-17 12:10:32.086305+00
0c751000-c8fa-4772-a41a-28dd7b868a85,eed79c52-19b0-4cf7-aa91-4f488bf65069,c6ca60b7-2143-412b-887e-c30ae9cda031,7016.83,2026-10-17,0,ACTIVE,,,,f,,0,,4aa8e2d4-efc5-4fbb-ac32-69a3b987fb67,2026-09-17 06:31:13.332803+00,2026-09-17 06:31:13.332808+00
9382cec4-b298-4fce-8516-2dc935727921,78860f81-6f8e-4be0-a74b-63052f7a674f,1d5e58e8-954e-4d6c-b13c-6e6d614cb588,32000,2026-09-14,0,HONORED,,,,f,,0,,4b382f4e-60df-4355-af95-3ec0a44b458d,2026-08-27 11:28:23.979006+00,2026-09-02 15:27:19.864951+00
40147f68-8a18-4627-a1ac-f2a2721ea63c,68cdba43-5ae1-4135-b8dc-accf88a9a37e,c2f2e0ce-5aeb-4ece-8325-2167edfe139e,2616.32,2026-08-31,14463.68,HONORED,,,,t,2026-08-31 04:40:23.169147+00,0,,4b3ab1e1-5662-4741-8527-88a9340f249e,2026-08-27 11:28:10.719311+00,2026-09-17 12:10:30.65374+00
7189b075-fd87-436e-a892-46976aa6bbd1,755899ac-7e42-4367-a2c8-25ba2751fe44,a2e2555c-f597-43af-a77a-fe708f967218,11641.56,2026-09-04,0,BROKEN,Family support,Confirmed verbal commitment with borrower.,2026-09-03,f,,0,,4b50121e-9ee3-433a-9c12-d3a54f71cb65,2026-09-02 07:19:29.328269+00,2026-09-17 12:10:31.127182+00
d96c5d4e-68b7-4e0d-93a9-508bab058069,e73abcf9-8703-48d4-9fba-55df7ecc1e00,3aa13103-bd03-4578-9292-44d88d58da00,42610,2026-06-03,0,RESCHEDULED,,,2026-06-02,f,,0,,4b5342e6-e64e-49b0-8890-a96fad5d1b9f,2026-08-27 11:28:04.766519+00,2026-09-02 15:27:19.864951+00
c39f40af-0085-4570-b1a8-c53160966306,b6502876-f2fe-4b25-9311-6b056d86eae6,c6ca60b7-2143-412b-887e-c30ae9cda031,2694.02,2026-11-18,0,ACTIVE,,,,f,,0,,4b62be18-d0b7-4a7c-85a5-c444501a3ea0,2026-09-21 06:09:26.678545+00,2026-09-21 06:09:26.678549+00
02c8f96d-6643-470e-b0e9-4e349f1b3de4,c4d247e4-d103-4a31-a003-807d701a3994,cd9e6eca-028e-4c61-8e82-048327bc4476,10793.93,2026-08-27,20821.92,HONORED,,,,f,,0,,4b9c787c-4462-4a16-86e7-ac77581facf2,2026-08-27 11:28:10.416136+00,2026-09-17 12:10:30.121171+00
0569666a-8294-4033-9737-c4a4ad4a7123,2df373d7-9c48-4051-90a5-bee12aa4ae1f,2b6de8aa-0976-4be0-8a40-043ff86ffa54,3460,2026-09-09,0,HONORED,,,,f,,0,,4c445d97-0a0e-45ca-93dd-ba66e3ee187e,2026-08-27 11:28:22.056805+00,2026-09-02 15:27:19.864951+00
f7fc3f1d-ee12-422e-a805-0998744ab2e5,35f09795-24f3-47fd-8ec4-bd9e11f28d4e,2dfc73e0-dba9-4aa5-babf-d5141ded5497,26465.83,2026-10-22,0,ACTIVE,,,,f,,0,,4d14a070-b290-4f29-9707-7b613522f737,2026-09-17 06:31:13.4993+00,2026-09-17 06:31:13.499304+00
a7430508-cd1f-4fa1-ac5a-ac37aaebaf92,a666d503-2ced-4bc7-ae80-5af385a4fc1d,2b6de8aa-0976-4be0-8a40-043ff86ffa54,907.06,2026-09-08,0,BROKEN,Family support,Confirmed verbal commitment with borrower.,2026-09-07,f,,0,,4d1c9ce0-89ae-4a5e-a4c9-1b2eb4a1314f,2026-09-02 07:19:29.007696+00,2026-09-17 12:10:32.097103+00
7021452b-ac8d-43df-a12b-261c28d4a06f,241509e8-f3e7-4e0d-be86-6367577f90b5,357e2e09-b637-468e-818b-57a5dce18e9c,38700,2026-04-26,0,RESCHEDULED,Crop failure,,2026-04-25,f,,0,,4d9009ab-6ee9-4c10-b83f-2d61b2ab8134,2026-08-27 11:28:05.99381+00,2026-09-02 15:27:19.864951+00
42021baa-0ca4-4055-8217-d9d4f63cdb2e,2bf30c40-51f0-46de-ac92-0c94badd96eb,c2f2e0ce-5aeb-4ece-8325-2167edfe139e,10265.14,2026-09-18,0,BROKEN,,,,f,,0,,4d9354fa-e034-43c6-b079-551b79e4bfed,2026-09-10 10:42:27.017432+00,2026-09-21 04:53:06.877366+00
b90a0302-1673-42d6-a484-0b5bc486f01f,98c7c28f-fb77-4156-8614-2ef74214c1b9,c2f2e0ce-5aeb-4ece-8325-2167edfe139e,67240,2026-04-01,119127.18,HONORED,Medical expenses,,2026-03-31,f,,0,,4efd282a-4ae4-4087-b147-9650e540f6ed,2026-08-27 11:28:07.566885+00,2026-09-02 15:27:19.864951+00
dd021a3a-20dc-4947-8e81-4b2002f120f2,badc680e-b4d3-41c6-acb4-123024eec692,1d5e58e8-954e-4d6c-b13c-6e6d614cb588,25520,2026-09-07,0,HONORED,,,,f,,0,,4f47a640-5d19-4423-8fa3-1d788ccd64c5,2026-08-27 11:28:23.941983+00,2026-09-02 15:27:19.864951+00
133c0e52-06d3-4439-8b92-b335b4b39b17,62092744-b273-40a2-aeda-db0cab70701a,e9dced65-f61b-4c24-bae7-d4170299ed46,15690,2026-08-27,0,BROKEN,Out of city,,2026-08-17,f,,0,,4f50d238-a621-42b8-ad0d-633502a5c5b7,2026-08-27 11:28:01.15023+00,2026-09-02 15:27:19.864951+00
d85f5244-952a-43b7-bb6c-089dac6410ef,a521459e-7b53-48a8-b6e3-70eb2eed1888,c37b6a5c-9d1c-46d4-8ece-dfce290dc74b,17770,2026-04-29,187026.07,HONORED,Bank issue,,2026-04-28,f,,0,,4f5dc037-0d27-4aad-b956-4dca3029126a,2026-08-27 11:28:05.860267+00,2026-09-02 15:27:19.864951+00
7ec158f4-1f70-44f4-acdb-8edf6d8b9657,26ec4cdb-798d-4206-8977-9932fb32be36,c6ca60b7-2143-412b-887e-c30ae9cda031,37971.71,2026-09-26,0,ACTIVE,,,,f,,0,,50267314-2b61-4c79-a737-402c954154be,2026-09-17 06:31:13.086702+00,2026-09-17 06:31:13.086706+00
78ae4772-c7d6-4306-a886-edcea5f4d51c,86e69b74-e929-497a-a500-5649d6471fde,e9dced65-f61b-4c24-bae7-d4170299ed46,1597.62,2026-10-25,0,ACTIVE,,,,f,,0,,5095632c-6c7b-49d2-b716-215ce3ca7677,2026-09-18 06:37:23.283342+00,2026-09-18 06:37:23.283345+00
b586d7d7-f387-4601-a35b-004b927e52ad,c656fb17-6787-484e-ac30-64c24d1160cb,3aa13103-bd03-4578-9292-44d88d58da00,39363.57,2026-10-01,0,ACTIVE,,,,f,,0,,511a4b52-e5c6-4087-92dc-32bcb257fae6,2026-09-17 06:31:13.161533+00,2026-09-17 06:31:13.161536+00
4ca20273-3446-471e-87b6-c3d1a0175151,e81891a1-ee47-4f59-9ad2-7c9734e48793,3aa13103-bd03-4578-9292-44d88d58da00,3400,2026-08-27,0,BROKEN,,,,f,,0,,517aff57-4a58-4510-9278-67959086f726,2026-08-27 11:28:10.818656+00,2026-09-17 12:10:30.134404+00
6d08c32d-ae6d-4acb-aca1-b48e3be8c64d,417d0a88-5dc2-4ff2-a0a8-4bc1fba6fe1e,c2f2e0ce-5aeb-4ece-8325-2167edfe139e,5794.46,2026-10-01,0,ACTIVE,,,,f,,0,,51d88191-5ecb-4044-8cf6-ca7859bec547,2026-09-17 06:31:13.426489+00,2026-09-17 06:31:13.426492+00
1753234f-57d9-48f9-b3b6-c9d90959b81b,f0322797-c20e-4753-9196-0379addfe733,3e9c4168-1de9-43e8-b9f2-fbf3f931949d,25850,2026-08-18,7802.01,HONORED,Bank issue,,2026-08-01,f,,0,,522dfc57-08b3-4348-be74-7d96abb60260,2026-08-27 11:28:02.16781+00,2026-09-02 15:27:19.864951+00
698853f8-d649-4ede-8b01-d9e80b5f15c2,7fbd7a93-d545-453c-b329-d4a372bf9143,1d5e58e8-954e-4d6c-b13c-6e6d614cb588,39620,2026-08-30,0,HONORED,,,,f,,0,,531756f4-0908-4235-a86b-de8841890f0d,2026-08-27 11:28:23.936328+00,2026-09-03 05:17:22.450095+00
a23520af-090d-483e-8565-ff1b6b09711e,5095fa33-3c45-4968-abbc-3f3864cc220a,a13886ca-739b-47b4-a473-724e03f7332a,15070,2026-03-19,7686.22,HONORED,Family emergency,,2026-03-18,f,,0,,534d7da3-007a-4895-a995-debff34f1eba,2026-08-27 11:28:08.329378+00,2026-09-02 15:27:19.864951+00
dd0d71b0-726d-49f4-9b98-d9038f1d34a8,97fd4a7a-9c56-46f7-9433-512c7cf4d67d,2dfc73e0-dba9-4aa5-babf-d5141ded5497,17370,2026-07-03,11458.78,HONORED,Out of city,,2026-07-02,f,,0,,535ac0b8-1339-4f62-8351-f05a222df270,2026-08-27 11:28:03.517037+00,2026-09-02 15:27:19.864951+00
f95e4162-8c63-48c2-bcef-d6b689ae8aa5,1e03e460-45bc-4098-b5e2-61b9bae4af43,5fbae4d6-59d1-4e6c-8a80-fe57244a45bb,10710,2026-06-21,0,HONORED,Family emergency,,2026-06-04,f,,0,,54e3b248-b6a5-4b60-97a9-2a7f3286a90d,2026-08-27 11:28:04.83544+00,2026-09-02 15:27:19.864951+00
02c8f96d-6643-470e-b0e9-4e349f1b3de4,c4d247e4-d103-4a31-a003-807d701a3994,cd9e6eca-028e-4c61-8e82-048327bc4476,26984.82,2026-08-31,20821.92,PARTIALLY_HONORED,,,,t,2026-08-31 04:40:23.169125+00,0,,55d76df0-879a-4b0b-9ced-35d5a7d6e8e3,2026-08-27 11:28:10.416133+00,2026-09-17 12:10:30.667461+00
3b4a38c3-6651-4713-9337-fa2649890b79,3a59960b-df1a-4b27-a321-6e9ba445d13a,c33350cc-f581-492e-807f-14262d56ebcb,15900,2026-08-20,0,BROKEN,Out of city,,2026-08-19,f,,0,,5621977e-ffde-43db-954d-4d2efce78776,2026-08-27 11:28:01.267962+00,2026-09-02 15:27:19.864951+00
fc74bf9e-b236-4cd9-b3e5-002e72da0ad6,7a2326cb-b297-4b95-ac93-70c047cd8689,3aa13103-bd03-4578-9292-44d88d58da00,4450,2026-09-12,4232.86,PARTIALLY_HONORED,,,,f,,0,,5652dfe2-c4dd-4b6b-88b1-c2314a19c7fa,2026-08-27 11:28:23.147345+00,2026-09-17 12:10:32.390223+00
6b659a39-299e-4211-b712-a674528001e4,a544a446-32ca-44c7-8685-69661d980b7e,cd9e6eca-028e-4c61-8e82-048327bc4476,16620,2026-09-01,0,BROKEN,,,,t,2026-09-01 04:38:21.980574+00,0,,5656d673-b1c8-4c46-a9dc-6e6191186e99,2026-08-27 11:28:10.424262+00,2026-09-17 12:10:30.756545+00
ad0ffdb4-bb03-47da-b46a-07ccdcdf5194,a003ec78-1c68-4f8c-882d-2f851412fc2b,c33350cc-f581-492e-807f-14262d56ebcb,12988.68,2026-10-31,0,ACTIVE,,,,f,,0,,5661006b-fd62-412e-b761-76f5f60f1911,2026-09-18 06:37:22.366383+00,2026-09-18 06:37:22.366388+00
665d80b4-5571-4293-8947-e8ac5a92d539,41bc1c57-eea7-4b41-92a4-8cd79131e1a3,2b6de8aa-0976-4be0-8a40-043ff86ffa54,38407.59,2026-09-16,15867.71,PARTIALLY_HONORED,,,,f,,0,,57aa3ca9-bd7b-4312-b5ce-a370c452cc00,2026-09-10 10:42:26.603487+00,2026-09-21 04:53:06.830852+00
d96c5d4e-68b7-4e0d-93a9-508bab058069,0ec31910-56ef-434f-9a1e-69693f7af670,3aa13103-bd03-4578-9292-44d88d58da00,42610,2026-06-08,0,BROKEN,,,2026-06-07,f,,0,,58c609eb-4545-4b32-a1d2-f1dd58a4deb2,2026-08-27 11:28:04.770605+00,2026-09-02 15:27:19.864951+00
7940ad75-227d-48d4-8b20-ce7c7938ff06,aadd5b06-6a73-4c55-85dc-b5f9b0d226dd,357e2e09-b637-468e-818b-57a5dce18e9c,2604.94,2026-10-10,0,ACTIVE,,,,f,,0,,58dc56a4-bdc9-4805-8959-029337e15829,2026-09-21 06:09:26.69199+00,2026-09-21 06:09:26.691995+00
bf42e209-ca15-4b80-8cb6-677c2eac83bd,1bd621f2-5266-488d-be3c-f2e8ded7ec22,c6ca60b7-2143-412b-887e-c30ae9cda031,11540,2026-08-10,18031.8,HONORED,Family emergency,,2026-08-09,f,,0,,5959b20b-0bf0-4b68-a6d2-00117437b2e5,2026-08-27 11:28:00.932114+00,2026-09-02 15:27:19.864951+00
b4ce8b2d-ff75-4b16-bd40-6b9aaf116b46,46b14778-02af-4418-a196-6b2efd8c2542,e9dced65-f61b-4c24-bae7-d4170299ed46,17334.62,2026-10-17,0,ACTIVE,,,,f,,0,,5aae613a-0e83-4a88-9c78-49547220d315,2026-09-17 06:31:12.850662+00,2026-09-17 06:31:12.850665+00
61eb82f0-ce2d-4a8e-8d60-c03b85454bf4,4829a5cc-69e7-4508-8f9f-2e170ce4e96d,3aa13103-bd03-4578-9292-44d88d58da00,15608.82,2026-09-17,0,BROKEN,,,,f,,0,,5b9682af-70f8-4eda-a704-2bf5bb8c1fc2,2026-09-10 10:42:26.719869+00,2026-09-21 04:53:06.865595+00
bd5e80ed-689b-4961-a819-e978ed5c85c4,734f0656-784c-4164-8e4c-fe0d87b946ad,3e9c4168-1de9-43e8-b9f2-fbf3f931949d,23219.91,2026-10-09,0,ACTIVE,,,,f,,0,,5b9bf8ea-4252-4006-8a00-e7f50f562198,2026-09-17 06:31:12.973245+00,2026-09-17 06:31:12.973248+00
04460e1f-47f5-4d30-b44c-0be05ea7991f,97dc59c6-6424-4e05-b0b8-dc4d0d00e8c1,e9dced65-f61b-4c24-bae7-d4170299ed46,48480,2026-09-05,0,BROKEN,,,,f,,0,,5be2096b-c7f6-44f0-b931-faa37f57f8dc,2026-08-27 11:28:10.935615+00,2026-09-17 12:10:31.368862+00
155cc034-5ebd-434f-81a4-c8bd4239db88,67e08d87-ded7-4a62-98a5-1cbbd0ed5d9c,3e9c4168-1de9-43e8-b9f2-fbf3f931949d,37397.35,2026-09-07,22763.73,PARTIALLY_HONORED,Family support,Confirmed verbal commitment with borrower.,2026-09-06,f,,0,,5c36ee10-ffab-41ce-9067-dee6db7f11e2,2026-09-02 07:19:29.925102+00,2026-09-17 12:10:31.780671+00
b0817725-39e4-401a-a69e-b9734187d920,ec6c39dc-5dcd-46fb-a5c3-52614b7f89b2,357e2e09-b637-468e-818b-57a5dce18e9c,9780.98,2026-09-26,0,ACTIVE,,,,f,,0,,5c4efe49-dc83-4cc5-aa20-d7e1461a6cab,2026-09-18 06:37:22.848378+00,2026-09-18 06:37:22.848382+00
cce14ef2-1448-41bc-9117-373666b41230,3ed7a2c8-5acd-4dd7-96da-2b8a8bb889d2,4a182f53-a1a1-4f15-945a-6a56f4e04b64,11330,2026-04-11,0,BROKEN,Medical expenses,,2026-03-22,f,,0,,5c8dedf3-2a30-4139-ab2e-36963a92a7d9,2026-08-27 11:28:08.343644+00,2026-09-02 15:27:19.864951+00
5ca900a1-476b-4590-966a-61c7b16363fb,0940858e-4d19-4461-bd3b-b4e776f6df85,4a182f53-a1a1-4f15-945a-6a56f4e04b64,22540,2026-07-20,0,BROKEN,Salary delayed,,2026-07-19,f,,0,,5cec6a56-25c4-4b7e-9bae-fc4b7b81fb2a,2026-08-27 11:28:01.773038+00,2026-09-02 15:27:19.864951+00
44b3ae2d-5f61-4846-8f46-5131bcad6b5e,80827f5e-b06a-41f6-9531-dc158e84163d,c2f2e0ce-5aeb-4ece-8325-2167edfe139e,13112.83,2026-11-07,0,ACTIVE,,,,f,,0,,5d56dc19-5623-4ae6-af3d-3a12091dbeac,2026-09-21 06:09:26.849691+00,2026-09-21 06:09:26.849699+00
be62b223-b46d-40a3-af2a-9c41a76176d2,ecf7bd25-0c6a-49b7-99f4-28397bc73962,c2f2e0ce-5aeb-4ece-8325-2167edfe139e,2545.62,2026-09-06,0,BROKEN,Bank transfer processing,Confirmed verbal commitment with borrower.,2026-09-05,t,2026-09-06 13:30:50.235448+00,0,,5d933e6c-ff55-4dc9-92d1-7fd10239353e,2026-09-02 07:19:29.838311+00,2026-09-17 12:10:31.580843+00
f9e52765-4052-431b-96b8-5e8f9046e2cc,0a5a5717-9975-4004-b414-02d1e33180b2,4a182f53-a1a1-4f15-945a-6a56f4e04b64,2791.34,2026-08-27,0,BROKEN,,,,f,,0,,5e07bb0b-6dd0-4f91-a803-d4ab1bbf0d1c,2026-08-27 11:28:11.096761+00,2026-09-17 12:10:30.148644+00
90f00525-24fe-45c0-9222-7d9e7a8646c4,bcc051f6-3410-4cf8-872a-5e444094e2c4,3e9c4168-1de9-43e8-b9f2-fbf3f931949d,27220.9,2026-10-27,0,ACTIVE,,,,f,,0,,5e405f86-fc00-43f9-9f2f-fd254e454e4a,2026-09-18 06:37:23.201758+00,2026-09-18 06:37:23.201761+00
97056116-4237-4d64-ba8e-9741ffe33fab,bec49ea2-5255-4833-bc7f-66118809cf51,3e9c4168-1de9-43e8-b9f2-fbf3f931949d,8310,2026-03-20,5276.01,HONORED,Medical expenses,,2026-03-19,f,,0,,5ec0c027-696f-4365-a82e-13786db27374,2026-08-27 11:28:08.269139+00,2026-09-02 15:27:19.864951+00
0a82052f-30a7-4e30-a1df-7956741a99b5,02f40d69-5db7-4d1c-b5a7-fe5791668331,5fbae4d6-59d1-4e6c-8a80-fe57244a45bb,1054.78,2026-09-04,0,BROKEN,Salary on 5th,Confirmed verbal commitment with borrower.,2026-09-03,f,,0,,5ecdf529-dea7-4d9d-81b7-b948db4a79d3,2026-09-02 07:19:29.729765+00,2026-09-17 12:10:31.139434+00
69d896cb-5932-408d-9218-8e30d2c25a34,8d21627f-583d-48c1-b299-4aadf8e983ef,5fbae4d6-59d1-4e6c-8a80-fe57244a45bb,10000,2026-09-13,0,BROKEN,,,,f,,0,,5f46e628-b3d4-4541-b980-d711ade69020,2026-08-27 11:28:22.395539+00,2026-09-17 12:10:32.426825+00
44186603-b821-49f6-8b22-503e07d52f3c,1e7a0337-9601-4e84-b103-d83c97408539,1d5e58e8-954e-4d6c-b13c-6e6d614cb588,11220,2026-06-18,0,BROKEN,Out of city,,2026-06-09,f,,0,,5f6ef8f4-879b-4121-a473-d129d3349200,2026-08-27 11:28:03.127015+00,2026-09-02 15:27:19.864951+00
3700d57d-53f2-470d-a3c7-09ea8c03b51b,2984d34b-0b87-4cf0-a5fc-aca3ca927870,c33350cc-f581-492e-807f-14262d56ebcb,10575.24,2026-10-30,0,ACTIVE,,,,f,,0,,5f9c3cb3-6072-44b7-a75e-bd44d7171afd,2026-09-18 06:37:22.401433+00,2026-09-18 06:37:22.401436+00
037ee5f5-eedf-4c9f-9552-9fff424ff848,cf33a032-f4b5-4e68-be68-55708eb13715,2dfc73e0-dba9-4aa5-babf-d5141ded5497,13831.9,2026-10-27,0,ACTIVE,,,,f,,0,,5fd9315a-b31a-4a52-8841-0fc7dcf33df9,2026-09-17 06:31:12.93095+00,2026-09-17 06:31:12.930952+00
bc20a3b3-87a5-441f-8eef-875fa6a96b3d,7269b537-4cfc-49ef-a93a-a10dcde78610,b06cd5a3-f1c0-4cdb-b241-9ce2d6c5e791,41300,2026-06-22,0,BROKEN,Business loss,,2026-06-21,f,,0,,6003a78d-0d86-4875-9218-f0b255471d8f,2026-08-27 11:28:02.914957+00,2026-09-02 15:27:19.864951+00
efcf5b68-75d1-4595-812c-d49a3f2ee45b,0c1347ec-aa99-486a-ad18-58d0c247390f,8e59153e-dc8e-4efa-af65-1db304a6f3f1,26960,2026-06-04,1486.93,HONORED,Out of city,,2026-06-03,f,,0,,60cc3a02-d8d1-4a8e-99a0-a65a571a5e70,2026-08-27 11:28:04.955184+00,2026-09-02 15:27:19.864951+00
41327fd8-83b0-44b6-91df-db6b2732543d,e15ae1d7-7fb4-41bb-b6fe-fdd374ba41fe,b06cd5a3-f1c0-4cdb-b241-9ce2d6c5e791,31330,2026-06-08,261.65,HONORED,Bank issue,,2026-05-25,f,,0,,62657549-c7a5-4008-84a9-c72f75bfeebb,2026-08-27 11:28:04.241671+00,2026-09-02 15:27:19.864951+00
bfb9ea3c-2590-44da-b365-d46a3cdc48c5,5515c1ac-cf77-4d0d-9d90-55c7b00142a5,1d5e58e8-954e-4d6c-b13c-6e6d614cb588,761.96,2026-09-05,0,BROKEN,Awaiting client payment,Confirmed verbal commitment with borrower.,2026-09-04,f,,0,,6371e64e-42ff-456e-a996-3570587b8575,2026-09-02 07:19:28.846211+00,2026-09-17 12:10:32.680366+00
42021baa-0ca4-4055-8217-d9d4f63cdb2e,c145865a-1ed2-4df0-afa5-6b33f26f5593,c2f2e0ce-5aeb-4ece-8325-2167edfe139e,11253.77,2026-10-26,0,ACTIVE,,,,f,,0,,637f3a29-fc0c-405f-ac36-e1c3490e5f5c,2026-09-18 06:37:23.255042+00,2026-09-18 06:37:23.255047+00
dbe687b1-68d0-41e1-a05c-6b8198bf2a6d,02440b6f-e196-448e-a022-5dde48a28acd,c2f2e0ce-5aeb-4ece-8325-2167edfe139e,10220,2026-09-07,8310.57,PARTIALLY_HONORED,,,,f,,0,,63c41c77-eaac-46f7-8577-d40805bfe6ab,2026-08-27 11:28:22.958602+00,2026-09-17 12:10:31.792677+00
1f8f38a6-0cf9-43e7-be08-000be9317b23,9e234d69-ed06-4070-9057-30b29429a718,c33350cc-f581-492e-807f-14262d56ebcb,6409.13,2026-09-04,0,BROKEN,Awaiting client payment,Confirmed verbal commitment with borrower.,2026-09-03,f,,0,,63f26111-168e-4a5e-bcb0-126e3d316584,2026-09-02 07:19:29.39513+00,2026-09-17 12:10:31.151595+00
9185b404-ac2f-4b3f-89aa-2a9952df16fb,b5cb3c1f-bb36-4cf5-bbcc-75e72e5d9821,3aa13103-bd03-4578-9292-44d88d58da00,4690.65,2026-09-05,0,BROKEN,Family support,Confirmed verbal commitment with borrower.,2026-09-04,f,,0,,64062a7e-308e-4761-b7c1-4731b27fa2e1,2026-09-02 07:19:28.798645+00,2026-09-17 12:10:31.380223+00
ffe94d1b-afe5-497e-bcb7-0fe8fbe13169,707b25b0-8947-4661-a714-de9dffbf4a68,a13886ca-739b-47b4-a473-724e03f7332a,15670,2026-03-11,0,BROKEN,,,2026-03-10,f,,0,,642dbc5a-098a-47b9-b810-a1aeba22f1f8,2026-08-27 11:28:08.412293+00,2026-09-02 15:27:19.864951+00
d2b6e704-5ac5-45c1-b5cb-4a10ff082bd9,ba68768e-1d50-4796-ac67-1ff430bb3871,357e2e09-b637-468e-818b-57a5dce18e9c,8741.64,2026-10-16,0,ACTIVE,,,,f,,0,,649d4905-2a9c-45fa-80a4-1f90bdd86cdb,2026-09-17 06:31:13.203367+00,2026-09-17 06:31:13.20337+00
d7adc8a4-0239-4c96-b15c-b1014918a5cb,01aad850-9734-489b-9cda-e34bae913557,c37b6a5c-9d1c-46d4-8ece-dfce290dc74b,9850,2026-08-29,0,HONORED,,,,f,,0,,64a7ffdf-2214-45ca-b142-6c02a5b679d5,2026-08-27 11:28:22.150283+00,2026-09-02 15:27:19.864951+00
4d7e8352-c1d3-4812-8bd6-3468ee66599d,98c54a0f-dde7-4f59-b0d3-6815fe8d37bf,4a182f53-a1a1-4f15-945a-6a56f4e04b64,11123.67,2026-09-28,0,ACTIVE,,,,f,,0,,65ec87a1-faef-4354-b0e0-967ab9780d17,2026-09-17 06:31:12.893436+00,2026-09-17 06:31:12.89344+00
48cc17b2-8f5e-4a71-9224-e9b3d3f3b19f,85d0c3be-18f3-4e9e-b8d9-f4267e394899,a2e2555c-f597-43af-a77a-fe708f967218,11450,2026-08-30,0,HONORED,,,,f,,0,,671ab6c5-189d-443a-819b-1844633de920,2026-08-27 11:28:22.295938+00,2026-09-03 05:17:22.450095+00
4297f49f-ebb3-4f5c-a638-50637aa18533,e35d0a45-10e6-4af4-9306-4a7b10f09634,3e9c4168-1de9-43e8-b9f2-fbf3f931949d,27299.09,2026-09-15,10199.08,PARTIALLY_HONORED,,,,f,,0,,678eb35f-4ca3-4d80-aea8-dd125d9c9971,2026-09-10 10:42:26.752401+00,2026-09-17 12:10:32.507402+00
b2d48723-e8a6-4456-a5ad-ef6aa70c4a28,ef837f91-bf0b-4532-a013-affadb52ca37,c2f2e0ce-5aeb-4ece-8325-2167edfe139e,2240,2026-06-11,0,BROKEN,Family emergency,,2026-06-10,f,,0,,67b95c46-21e8-43dd-a84e-05e3caaba3b5,2026-08-27 11:28:03.453243+00,2026-09-02 15:27:19.864951+00
8aa0d4d5-8fc4-4e03-adac-0832c46a801d,47168c89-a728-4332-8c1b-884555710fb4,3aa13103-bd03-4578-9292-44d88d58da00,2046.36,2026-09-07,1880.79,PARTIALLY_HONORED,Salary on 5th,Confirmed verbal commitment with borrower.,2026-09-06,f,,0,,67f7a5b7-3494-4f7f-bb65-2c65aae40322,2026-09-02 07:19:28.657011+00,2026-09-17 12:10:31.807274+00
9382cec4-b298-4fce-8516-2dc935727921,5cc249fc-8ffe-4ce3-ae22-a39e94095d1b,1d5e58e8-954e-4d6c-b13c-6e6d614cb588,32000,2026-04-09,306784.69,HONORED,Family emergency,,2026-04-08,f,,0,,681e9eaf-515b-40fd-b7f8-4aa1873a925e,2026-08-27 11:28:08.386444+00,2026-09-02 15:27:19.864951+00
ec02cf30-b430-42aa-92a6-d943976866b1,20128d15-17fa-4b8b-ba32-ef087ab2e245,357e2e09-b637-468e-818b-57a5dce18e9c,5691.03,2026-08-27,24611.2,HONORED,,,,f,,0,,68b0db55-d132-42c6-a07e-84b757726ffc,2026-08-27 11:28:11.051022+00,2026-09-17 12:10:30.160634+00
a9560ff7-3dd0-45d2-a2a6-79a8c05d2133,3ab50944-35dc-4433-9c94-1301b66e1003,a2e2555c-f597-43af-a77a-fe708f967218,4390,2026-06-12,0,BROKEN,Bank issue,,2026-05-29,f,,0,,68fd7761-1f2f-4fed-a2b0-d4e090ef0ca3,2026-08-27 11:28:04.210061+00,2026-09-02 15:27:19.864951+00
6d08c32d-ae6d-4acb-aca1-b48e3be8c64d,7813cdc5-0129-46ad-b28c-281b37984986,3e9c4168-1de9-43e8-b9f2-fbf3f931949d,69080,2026-09-10,53663.16,PARTIALLY_HONORED,,,,f,,0,,692dfe19-95a9-4e15-898d-a3a6efb9b575,2026-08-27 11:28:23.472332+00,2026-09-17 12:10:32.307702+00
8a36f96b-19d3-4e6f-a1c5-9c0c4a4f3dd4,9e690aaf-34dd-4887-8f79-0671756ad273,c37b6a5c-9d1c-46d4-8ece-dfce290dc74b,9186.74,2026-09-04,31480.78,HONORED,,,,f,,0,,6a4fdbbd-573b-4d35-8688-d3ef8ac067af,2026-08-27 11:28:10.451493+00,2026-09-17 12:10:31.163769+00
77db958e-7175-43c6-a56e-7af077155620,227719e5-3fe3-4050-9ecb-9697165c36f0,c2f2e0ce-5aeb-4ece-8325-2167edfe139e,6731.65,2026-10-16,0,ACTIVE,,,,f,,0,,6a874fa7-eba1-443d-bb16-d7125228f657,2026-09-21 06:09:26.607117+00,2026-09-21 06:09:26.607123+00
b4bcc423-98c5-4c1a-b4ba-619ad678910f,716ea92b-21cd-4fe8-b56a-3d22a1dfcf98,2b6de8aa-0976-4be0-8a40-043ff86ffa54,16630.61,2026-10-18,0,ACTIVE,,,,f,,0,,6ac758b7-94b3-41c4-ba55-60d9799af318,2026-09-18 06:37:22.731114+00,2026-09-18 06:37:22.731118+00
8ecb6405-44a3-4dab-a70b-cb4acb71e1df,cf2c45ea-2f44-4161-ae46-1f1a85ccf4f3,cd9e6eca-028e-4c61-8e82-048327bc4476,60790,2026-08-07,8504.37,HONORED,,,2026-08-06,f,,0,,6b2ce6a7-5922-4225-8f0a-16a91a35bc6a,2026-08-27 11:28:00.903212+00,2026-09-02 15:27:19.864951+00
19995051-c48f-46a0-a78d-a83be0d4ed07,821ba5b7-964b-46e2-8ecb-ce2dc34545cb,c2f2e0ce-5aeb-4ece-8325-2167edfe139e,3690,2026-07-08,0,RESCHEDULED,Out of city,,2026-07-07,f,,0,,6b720570-fb11-45ca-89e1-a4a9e7438d9a,2026-08-27 11:28:03.526372+00,2026-09-02 15:27:19.864951+00
04af600c-adbf-4aef-9973-fc17ce684dbf,c3e136a0-06a2-4c08-ab47-8b6d78c1a79d,3e9c4168-1de9-43e8-b9f2-fbf3f931949d,162.01,2026-09-08,0,HONORED,Salary on 5th,Confirmed verbal commitment with borrower.,2026-09-07,f,,0,,6bd5fe39-8a60-4587-b3ed-c794c214eef9,2026-09-02 07:19:29.935193+00,2026-09-03 05:17:22.450095+00
f8ea6cef-bba3-4281-bf4a-79266dc0077b,fab53563-5ec3-46e2-8f40-76ac826001a4,2b6de8aa-0976-4be0-8a40-043ff86ffa54,23056.45,2026-09-30,0,ACTIVE,,,,f,,0,,6c3026fa-93fe-42a1-bddd-065c80dee6b4,2026-09-17 06:31:13.546286+00,2026-09-17 06:31:13.546289+00
d1012402-fa11-4d46-af2f-d2e2e4dafd0e,527dac5c-18d9-40f8-8e16-d06d7b10c677,c37b6a5c-9d1c-46d4-8ece-dfce290dc74b,21040,2026-05-27,27173.47,HONORED,Business loss,,2026-05-26,f,,0,,6c7ce4b7-69f8-4d22-a46c-d707782f16e1,2026-08-27 11:28:04.508757+00,2026-09-02 15:27:19.864951+00
56a636c7-ac45-48bd-bc8f-d0e46920e8e2,858517a9-3bf7-4d1f-9ee1-4a28431881e4,c6ca60b7-2143-412b-887e-c30ae9cda031,13267.52,2026-09-18,0,BROKEN,,,,f,,0,,6c98ad78-156b-4aa0-bd85-89e4a76d5d9b,2026-09-10 10:42:27.123185+00,2026-09-21 04:53:06.887529+00
4ad428ab-76d5-4644-89cb-36543d6e1cde,5cffbf5f-cbe5-4675-a1f5-6696fb1beef1,e9dced65-f61b-4c24-bae7-d4170299ed46,27610,2026-08-30,0,BROKEN,Crop failure,,2026-08-29,f,,0,,6cafcdc8-46d6-4f70-91ee-d48093b20062,2026-08-27 11:28:01.175631+00,2026-09-17 12:10:30.551273+00
052d2c1d-d8c4-43d3-b548-cffde5a3571e,58b1efe3-4fdf-494d-933b-e981006a6e23,e9dced65-f61b-4c24-bae7-d4170299ed46,17000,2026-06-17,0,RESCHEDULED,,,2026-06-01,f,,0,,6cc8badc-f34d-4abc-96b5-52da7d363425,2026-08-27 11:28:04.138415+00,2026-09-02 15:27:19.864951+00
2225f3bc-7cec-4e92-a285-e44e953ecfc9,c9382b11-1d12-40ca-9f3e-b6ba58a822a5,c2f2e0ce-5aeb-4ece-8325-2167edfe139e,210.89,2026-09-04,0,HONORED,Salary on 5th,Confirmed verbal commitment with borrower.,2026-09-03,f,,0,,6e2ee6b7-69ea-44a3-909e-3ba56f482318,2026-09-02 07:19:29.825171+00,2026-09-03 05:17:22.450095+00
e19c5466-f318-4cd8-a5dc-7d0f24ec305a,abb1d7ac-0ad7-40a2-aaf4-061f2befe6f9,5fbae4d6-59d1-4e6c-8a80-fe57244a45bb,70000,2026-08-30,0,BROKEN,,,,f,,0,,6eb4b523-d40f-4e65-9b4c-6fe42f8019f8,2026-08-27 11:28:10.567462+00,2026-09-17 12:10:30.566623+00
0df3d468-4961-410c-adf2-ceffea0d2936,a1a7fef5-d8eb-4465-ac20-0228c5ec8b21,e9dced65-f61b-4c24-bae7-d4170299ed46,8058.83,2026-10-22,0,ACTIVE,,,,f,,0,,6ec22d6d-21f3-4a9a-83af-6600005af18c,2026-09-18 06:37:22.796942+00,2026-09-18 06:37:22.796944+00
efcf5b68-75d1-4595-812c-d49a3f2ee45b,52423767-56d0-407a-b50b-3b98dc6a7ee9,8e59153e-dc8e-4efa-af65-1db304a6f3f1,6506.32,2026-08-27,0,HONORED,,,,f,,0,,6ee5ccdd-2e57-432a-a800-232894ccb9be,2026-08-27 11:28:10.622594+00,2026-09-02 15:27:19.864951+00
aa7879bb-bb87-4d9c-9d1a-f62d3fe2cc80,c6ff2a2f-286a-4335-afbc-43a5c8b5b74e,e9dced65-f61b-4c24-bae7-d4170299ed46,3329.54,2026-10-08,0,ACTIVE,,,,f,,0,,6f180c93-ce2c-4888-a416-1a0027517d28,2026-09-17 06:31:13.233181+00,2026-09-17 06:31:13.233183+00
e582a376-413c-4536-9794-19dd378390a4,16cb23ff-186e-4146-9375-2c8868f63593,a2e2555c-f597-43af-a77a-fe708f967218,12230,2026-08-13,0,BROKEN,Salary delayed,,2026-08-12,f,,0,,6f5988cf-c549-4b35-aab5-ccd6b920482d,2026-08-27 11:28:01.815621+00,2026-09-02 15:27:19.864951+00
c2419ff6-af1d-4cc0-bc6e-0c25860b1f41,673896ee-e5cb-4616-8e0a-c470576ab469,4a182f53-a1a1-4f15-945a-6a56f4e04b64,29630,2026-03-21,0,BROKEN,Family emergency,,2026-03-20,f,,0,,6fd1ef17-078a-4f64-b5b9-e47e984a94b6,2026-08-27 11:28:07.875166+00,2026-09-02 15:27:19.864951+00
9044e2bd-36b2-42f2-b7b7-e461935fa985,a8d76f45-d57e-438d-8114-14de6e61f05c,c6ca60b7-2143-412b-887e-c30ae9cda031,8320,2026-09-04,8098.52,PARTIALLY_HONORED,,,,f,,0,,714639e1-e0dc-4624-88d1-f6b81a9913ca,2026-08-27 11:28:23.560936+00,2026-09-17 12:10:31.176728+00
ec02cf30-b430-42aa-92a6-d943976866b1,20128d15-17fa-4b8b-ba32-ef087ab2e245,357e2e09-b637-468e-818b-57a5dce18e9c,14227.58,2026-09-05,24611.2,HONORED,,,,f,,0,,71487df7-7e02-4e92-8559-e14dff78d0c1,2026-08-27 11:28:11.051017+00,2026-09-17 12:10:31.391219+00
9b929523-5e83-4d44-bc3c-bf621abee8df,c40521c2-f595-49fb-82c1-e34a4ab247ce,2b6de8aa-0976-4be0-8a40-043ff86ffa54,8590,2026-09-10,0,BROKEN,,,,f,,0,,71820ca4-5e4e-4d66-ab6c-a9f21352775d,2026-08-27 11:28:22.081814+00,2026-09-17 12:10:32.322943+00
19cde866-4a31-4862-bd15-c59584585719,194a65d5-f682-45d7-b0db-d2654ce87da0,1d5e58e8-954e-4d6c-b13c-6e6d614cb588,8540,2026-09-04,0,HONORED,,,,f,,0,,71b42fbb-7f12-4141-9251-76e0db733458,2026-08-27 11:28:23.911215+00,2026-09-03 05:17:22.450095+00
ffe94d1b-afe5-497e-bcb7-0fe8fbe13169,71bf0e27-ebe0-4c53-8398-6bd1a7512ff0,a13886ca-739b-47b4-a473-724e03f7332a,15670,2026-09-05,0,BROKEN,,,,f,,0,,72109cdc-abf3-4eeb-9076-9e41445526b7,2026-08-27 11:28:11.17844+00,2026-09-17 12:10:32.69087+00
b1e57f9d-8daa-43d0-aa93-1acf18ad5228,dcc60ef8-fe0b-4e03-b0e6-a3bc335f8d85,2dfc73e0-dba9-4aa5-babf-d5141ded5497,3836.49,2026-11-07,0,ACTIVE,,,,f,,0,,72252745-f7fd-458b-b533-17732141c38b,2026-09-21 06:09:26.558336+00,2026-09-21 06:09:26.558339+00
8d6a5991-d9d0-4a6f-ba80-0bbf6ae8f71c,821eb2ce-d21a-4c86-aa9b-cc02f20c55d1,3e9c4168-1de9-43e8-b9f2-fbf3f931949d,23530.13,2026-09-27,0,ACTIVE,,,,f,,0,,7262e1bf-4107-466a-927f-da9b3ee996d0,2026-09-17 06:31:12.802163+00,2026-09-17 06:31:12.802168+00
0027eac2-fbff-43d2-b5e6-182b1c592d33,aea7a138-a907-4360-9e02-770ec0ba832c,e9dced65-f61b-4c24-bae7-d4170299ed46,6000,2026-09-03,5869.13,PARTIALLY_HONORED,,,,t,2026-09-03 04:49:37.853996+00,0,,72c6f1d1-1704-44ce-af6e-2685331d906d,2026-08-27 11:28:23.349551+00,2026-09-17 12:10:30.970395+00
cb2b92fc-05ae-4718-a5fa-614cf047f591,6873542a-b39e-4a08-8b24-90a96b69a0f8,3aa13103-bd03-4578-9292-44d88d58da00,6870,2026-08-19,18900,HONORED,,,,f,,0,,7473f809-dc5a-4744-b1f3-1c5395a0808c,2026-08-27 11:28:24.49532+00,2026-09-02 15:27:19.864951+00
11a9c6df-ad17-4697-a827-b3ff241e4530,6f6bc33e-dc24-4c94-b3af-fd7b7da40d58,c37b6a5c-9d1c-46d4-8ece-dfce290dc74b,8880,2026-03-29,0,RESCHEDULED,Salary delayed,,2026-03-16,f,,0,,749b88a1-6e45-49c4-9e24-377beb9d7a2c,2026-08-27 11:28:08.072436+00,2026-09-02 15:27:19.864951+00
30837126-ce1f-49ef-8bc9-c7d8e85a56df,b6876229-e032-4661-83fe-d5638331dd9a,c6ca60b7-2143-412b-887e-c30ae9cda031,7670,2026-06-06,2951.57,HONORED,Family emergency,,2026-06-05,f,,0,,74b1f4db-cc3e-4c81-868f-cbc86600bf6a,2026-08-27 11:28:04.499975+00,2026-09-02 15:27:19.864951+00
8bf80df2-c17e-4c73-9eb3-be0abeb52885,4fc91ac8-06d9-4e30-8c0f-9de4055614d1,c6ca60b7-2143-412b-887e-c30ae9cda031,9149.31,2026-09-20,0,ACTIVE,,,,f,,0,,75240400-964b-47c0-aa21-4fc793565900,2026-09-10 10:42:27.139431+00,2026-09-10 10:42:27.139435+00
1e351d76-0cec-46f7-bc12-f548a9e2baff,b667b31c-a461-46e5-bc6d-59b96aacbca1,3aa13103-bd03-4578-9292-44d88d58da00,20037.85,2026-09-30,0,ACTIVE,,,,f,,0,,7534c901-fba1-4120-92da-11eb6356ec29,2026-09-18 06:37:22.671939+00,2026-09-18 06:37:22.671943+00
a0c954b0-a65a-4722-8877-b5fd20a455ca,df609511-f3ce-45a6-b5a8-acd55989a212,c33350cc-f581-492e-807f-14262d56ebcb,1932.43,2026-08-27,38428.92,HONORED,,,,f,,0,,7544a761-2d46-4a1c-86b8-812f3fa33ba3,2026-08-27 11:28:10.877715+00,2026-09-17 12:10:30.172924+00
a67c0b14-770b-43aa-954c-5852368e67fd,ae004cc9-e091-44c5-996d-80e56a73609e,357e2e09-b637-468e-818b-57a5dce18e9c,9072.77,2026-10-09,0,ACTIVE,,,,f,,0,,7583c2b9-a0f3-4945-8321-321f277b154e,2026-09-17 06:31:13.100296+00,2026-09-17 06:31:13.100299+00
a48f0618-380b-4bb2-8717-c4b5cc6a17f3,c5440c55-85f6-457d-8183-920d381ee395,1d5e58e8-954e-4d6c-b13c-6e6d614cb588,6670,2026-07-16,1659.96,HONORED,Salary delayed,,2026-07-15,f,,0,,75d356ef-9cd2-4ca0-bbc5-f06958e5989e,2026-08-27 11:28:01.824685+00,2026-09-02 15:27:19.864951+00
66acbc4e-f192-45f1-9e45-3b47214212bf,d89e10e0-f178-4724-b8bf-c42e3072b8c4,e9dced65-f61b-4c24-bae7-d4170299ed46,9781.5,2026-09-26,0,ACTIVE,,,,f,,0,,760192f9-4ed2-40d2-9014-afbf338a5e08,2026-09-18 06:37:23.086639+00,2026-09-18 06:37:23.086642+00
e865f0a7-cd14-44eb-9135-31b72454e565,e351040b-4936-4afe-9f4c-3e38450818c2,c6ca60b7-2143-412b-887e-c30ae9cda031,44220,2026-04-29,0,BROKEN,Medical expenses,,2026-04-28,f,,0,,76f9765c-f7e6-4544-b200-b2e823a4a17f,2026-08-27 11:28:05.912779+00,2026-09-02 15:27:19.864951+00
0a313444-d014-4a6c-bfb5-f4b770c585b3,a6f82473-47e1-4d89-8f63-074012e5e91e,8e59153e-dc8e-4efa-af65-1db304a6f3f1,5632,2026-08-27,0,BROKEN,,,,f,,0,,780ad83a-c8d4-4cee-89b1-98f658c3fb24,2026-08-27 11:28:10.61583+00,2026-09-17 12:10:30.186037+00
729d8eef-3e5c-40f6-bead-c87ea9fa3577,a048b4a6-d1f8-4923-8a01-69b5ee660835,4a182f53-a1a1-4f15-945a-6a56f4e04b64,2970,2026-07-13,1752.63,HONORED,Medical expenses,,2026-07-12,f,,0,,78f7c527-8db1-4f13-8011-99daae0897dd,2026-08-27 11:28:01.722183+00,2026-09-02 15:27:19.864951+00
46059cf0-4f00-4e45-8b87-b098583ed498,ae29addf-8da2-43a7-bc59-580fbb4caebf,4a182f53-a1a1-4f15-945a-6a56f4e04b64,26560.01,2026-10-11,0,ACTIVE,,,,f,,0,,79178e4c-027e-4d62-a5eb-a8a5ee7f82e0,2026-09-17 06:31:13.175353+00,2026-09-17 06:31:13.175355+00
d14b16b1-6ba1-487f-bd9f-d61d7c369b0c,0b735f4c-8748-4a47-8e1e-bed36555d890,a2e2555c-f597-43af-a77a-fe708f967218,3395.89,2026-08-27,30860.28,HONORED,,,,f,,0,,7921a126-a191-4542-a6b9-50a9f1e8dd99,2026-08-27 11:28:10.511309+00,2026-09-17 12:10:30.201215+00
b4ce8b2d-ff75-4b16-bd40-6b9aaf116b46,0fe4847a-36fd-4950-ac23-87bbdd980163,a2e2555c-f597-43af-a77a-fe708f967218,58030,2026-04-24,0,BROKEN,,,2026-04-23,f,,0,,7946d72c-8ad1-4d78-970e-5d98676d3fe6,2026-08-27 11:28:06.44056+00,2026-09-02 15:27:19.864951+00
c8d29441-6b20-41b9-8070-c2032bd0c914,0c0bfbff-15be-4aba-a0d9-add45c30b5d6,c6ca60b7-2143-412b-887e-c30ae9cda031,6398.76,2026-09-28,0,ACTIVE,,,,f,,0,,799ca89d-a78c-4fdb-be39-9fd67327ae42,2026-09-18 06:37:23.292348+00,2026-09-18 06:37:23.292353+00
b6e0928e-3777-46f1-928b-2fd669d045b6,70e7fe1c-77d5-4200-973c-0f666a237480,8e59153e-dc8e-4efa-af65-1db304a6f3f1,912.13,2026-09-03,0,BROKEN,Awaiting client payment,Confirmed verbal commitment with borrower.,2026-09-02,t,2026-09-03 04:49:37.854+00,0,,7a0ccfd3-3858-4302-989b-402d016f2a2e,2026-09-02 07:19:29.605106+00,2026-09-17 12:10:30.984003+00
43c61aa2-6ccb-47a9-9af1-1ca05a53ce22,5065bb17-5b45-43bd-92fd-6b1f826a335c,c2f2e0ce-5aeb-4ece-8325-2167edfe139e,7950,2026-07-10,0,BROKEN,Medical expenses,,2026-06-29,f,,0,,7a0e675f-4dba-4740-9a24-e79644ef4c31,2026-08-27 11:28:03.347103+00,2026-09-02 15:27:19.864951+00
c9ef62d7-ec24-49fa-80f7-354555d86963,e176b6d2-d277-4274-af11-0334b9c96792,3aa13103-bd03-4578-9292-44d88d58da00,12297.34,2026-09-27,0,ACTIVE,,,,f,,0,,7a4992d2-ff1b-43fa-a3dd-b2291bc44bbb,2026-09-18 06:37:22.779865+00,2026-09-18 06:37:22.779868+00
465bbd5c-6bf0-4c97-92eb-cb0d54da4747,98a5dc33-f850-4bc7-b10a-8b77ee8a7ed5,5fbae4d6-59d1-4e6c-8a80-fe57244a45bb,20985.95,2026-10-22,0,ACTIVE,,,,f,,0,,7a654494-8241-4b7a-93e9-e1cec6da1691,2026-09-17 06:31:12.86754+00,2026-09-17 06:31:12.867543+00
fc40f146-0bfe-468e-b2a8-65b08be8ab39,0136fbca-c48d-4a1f-941a-e09abd852907,3aa13103-bd03-4578-9292-44d88d58da00,7580,2026-05-12,26403.56,HONORED,Bank issue,,2026-05-11,f,,0,,7ae36733-8315-4303-bff6-2b97d5d20c2c,2026-08-27 11:28:03.984649+00,2026-09-02 15:27:19.864951+00
faae1aba-6a78-41f8-b757-687ae75899d2,bfbb071a-127f-4f61-bddc-a12eb7022b5f,3e9c4168-1de9-43e8-b9f2-fbf3f931949d,21696.07,2026-10-24,0,ACTIVE,,,,f,,0,,7bb984bb-85d8-4b26-bcad-411c9988ac94,2026-09-17 06:31:13.470556+00,2026-09-17 06:31:13.47056+00
009a62c6-a988-45ca-aeac-1318bc5ae4e5,12516bc0-993f-4304-b435-af4fb45337b1,2b6de8aa-0976-4be0-8a40-043ff86ffa54,6751.02,2026-09-26,0,ACTIVE,,,,f,,0,,7cbfe7b0-cd30-44d8-b147-1d9e76c174fb,2026-09-17 06:31:13.440567+00,2026-09-17 06:31:13.44057+00
54648463-acce-4159-9266-84cd8b8c5048,652860c8-dbee-4611-9485-b5a253a4df0b,357e2e09-b637-468e-818b-57a5dce18e9c,29950,2026-09-10,24232.78,PARTIALLY_HONORED,,,,f,,0,,7d4c153a-6770-40de-8ad6-58fc07955235,2026-08-27 11:28:23.679045+00,2026-09-17 12:10:32.334884+00
aa7879bb-bb87-4d9c-9d1a-f62d3fe2cc80,d3be62af-e064-4e14-ae97-a3f3692bd693,8e59153e-dc8e-4efa-af65-1db304a6f3f1,6932,2026-08-27,0,BROKEN,,,,f,,0,,7d893375-a0a2-4b59-898a-b3bf39f17028,2026-08-27 11:28:10.643397+00,2026-09-17 12:10:30.22171+00
139f3990-f0c5-4327-9d7b-698ae5e23033,9950094c-c9e1-4fa1-aa23-4263b7f4a6e3,a13886ca-739b-47b4-a473-724e03f7332a,4500,2026-04-03,0,BROKEN,Crop failure,,2026-03-18,f,,0,,7ddf4102-6987-428e-a9ca-52be17b42aa5,2026-08-27 11:28:07.980966+00,2026-09-02 15:27:19.864951+00
7f9d4bc3-17fa-4bfe-bc18-89149994ca41,21cbcb7a-6224-4c23-a2c6-0043e1a605ab,3aa13103-bd03-4578-9292-44d88d58da00,7301.47,2026-10-09,0,ACTIVE,,,,f,,0,,7e886963-91c7-4bbd-879e-6b2849d3aca9,2026-09-17 06:31:13.000468+00,2026-09-17 06:31:13.000471+00
c5486591-7eaf-402e-bac5-1af64a28eec9,8bf953c0-372b-4631-b338-f18bb893e508,2dfc73e0-dba9-4aa5-babf-d5141ded5497,6525.78,2026-10-02,0,ACTIVE,,,,f,,0,,7f1a02da-2d03-4351-bab5-84038566c2e0,2026-09-18 06:37:22.316145+00,2026-09-18 06:37:22.316148+00
3898c8c6-bce0-4559-b646-e208974cdb18,4ff6d993-4f24-46dd-a601-b449e95a8c7b,1d5e58e8-954e-4d6c-b13c-6e6d614cb588,8811.76,2026-09-03,25490.82,HONORED,,,,t,2026-09-03 04:49:37.854004+00,0,,7f6319bc-0b19-467c-9338-95eb9a289ffe,2026-08-27 11:28:11.132076+00,2026-09-17 12:10:32.620433+00
4061ee12-be08-483b-a04e-c7654f4d23f7,91659835-7059-4e50-ba7d-8dbfef15b4f7,c6ca60b7-2143-412b-887e-c30ae9cda031,10261.18,2026-09-04,4217.32,PARTIALLY_HONORED,Family support,Confirmed verbal commitment with borrower.,2026-09-03,f,,0,,7f8a7622-7063-4a97-80cc-2ccbda5fa496,2026-09-02 07:19:30.586174+00,2026-09-17 12:10:31.188709+00
338db969-9e42-4537-aac6-b7c5f0582bab,89186126-3afc-4a0b-b0f9-a224e381da42,c37b6a5c-9d1c-46d4-8ece-dfce290dc74b,674.1,2026-09-07,0,BROKEN,Salary on 5th,Confirmed verbal commitment with borrower.,2026-09-06,f,,0,,801af4e3-b806-404b-a5d1-fc13ea2cf4a8,2026-09-02 07:19:29.055993+00,2026-09-17 12:10:31.823188+00
4be607c9-39d5-40bd-9faf-33deba6f4862,441d0c78-4cd1-43da-aa32-99f16bc66eaa,8e59153e-dc8e-4efa-af65-1db304a6f3f1,32170,2026-07-28,0,BROKEN,Out of city,,2026-07-27,f,,0,,80de6468-5a09-4282-96f4-8d9bda0e7b6d,2026-08-27 11:28:01.780381+00,2026-09-02 15:27:19.864951+00
72ceaf79-8f10-443e-8415-108e6e11cda1,ee314d8f-21f6-4d8d-bb2d-48080da3affc,1d5e58e8-954e-4d6c-b13c-6e6d614cb588,2037.7,2026-08-27,0,HONORED,,,,f,,0,,811b19d2-aa37-45c5-9f38-2fddf9e87e85,2026-08-27 11:28:11.118945+00,2026-09-02 15:27:19.864951+00
42bd6353-1665-4fd7-b5f4-9614bc753e15,f5a300c6-5d7b-44a3-a3a6-b4ad830a75cb,c6ca60b7-2143-412b-887e-c30ae9cda031,7610,2026-09-01,5968.89,PARTIALLY_HONORED,,,,t,2026-09-01 04:38:21.980584+00,0,,81781d95-5bca-4996-9363-c81039bc1342,2026-08-27 11:28:10.990686+00,2026-09-17 12:10:30.770285+00
40147f68-8a18-4627-a1ac-f2a2721ea63c,f4e82626-9ee1-4aef-9474-e6bd32184452,e9dced65-f61b-4c24-bae7-d4170299ed46,1310.51,2026-09-29,0,ACTIVE,,,,f,,0,,81c518e1-28b5-447a-915a-fdb521fee299,2026-09-18 06:37:22.416495+00,2026-09-18 06:37:22.416499+00
434f104f-2837-4e38-bfb2-4f6542716c53,dd949dc5-0de9-4ef1-826c-42394ef5acad,3e9c4168-1de9-43e8-b9f2-fbf3f931949d,12390,2026-09-15,0,BROKEN,,,,f,,0,,826fe9f6-05e5-494b-a204-70ffa4a2a124,2026-08-27 11:28:23.453753+00,2026-09-17 12:10:32.519409+00
9ba59652-8be5-473d-a168-5293e492bddc,4903f7da-c381-4896-b000-563190228306,4a182f53-a1a1-4f15-945a-6a56f4e04b64,41300,2026-08-11,0,RESCHEDULED,Crop failure,,2026-08-10,f,,0,,82990228-00bf-40cc-88bc-d04c9399d4d0,2026-08-27 11:28:01.023102+00,2026-09-02 15:27:19.864951+00
d1b7151c-368c-4df8-a5b4-6ca1cbd15509,d25788de-4e49-4f3f-aaf0-786f34c77ef2,4a182f53-a1a1-4f15-945a-6a56f4e04b64,5399.19,2026-11-19,0,ACTIVE,,,,f,,0,,82b8b79a-7de5-43a4-8d14-88ea8efe9c29,2026-09-21 06:09:26.494681+00,2026-09-21 06:09:26.494684+00
8fde9f37-749a-47d2-87f0-7fa71c1892fc,91c21b34-9165-4c5f-a897-b13ae80c3684,4a182f53-a1a1-4f15-945a-6a56f4e04b64,7000,2026-09-02,1329.75,PARTIALLY_HONORED,,,,t,2026-09-02 05:53:51.374449+00,0,,82e25bd8-b4ab-4cb8-9e17-333538104865,2026-08-27 11:28:23.775552+00,2026-09-17 12:10:30.856304+00
05568278-e64e-4408-9875-2190a42ba943,e1368663-6941-4e04-8274-2789023aa19a,3aa13103-bd03-4578-9292-44d88d58da00,8590,2026-06-04,797.52,HONORED,Medical expenses,,2026-06-03,f,,0,,8325a1e7-2e00-4097-aa83-8b4a9419ea8d,2026-08-27 11:28:04.298464+00,2026-09-02 15:27:19.864951+00
2225f3bc-7cec-4e92-a285-e44e953ecfc9,af8772de-e59f-4f38-93e5-94faa7ad4ccf,c2f2e0ce-5aeb-4ece-8325-2167edfe139e,584.45,2026-08-27,0,HONORED,,,,f,,0,,83445e8c-a4bd-47b5-897d-8ac283fa91cb,2026-08-27 11:28:10.738191+00,2026-09-03 05:17:22.450095+00
34f4c207-c659-4d3c-9aa2-b6a8a5d49366,c88c06ba-091f-44b0-9306-b20db0e1be65,c33350cc-f581-492e-807f-14262d56ebcb,30887.21,2026-11-17,0,ACTIVE,,,,f,,0,,836238cc-463f-4781-a64e-6c65340b0698,2026-09-21 06:09:26.528388+00,2026-09-21 06:09:26.528391+00
908078f5-9d44-4242-9e59-2a8d76ec932d,54009ee5-b89e-47ae-9525-c1252c52744a,c6ca60b7-2143-412b-887e-c30ae9cda031,1015.94,2026-09-04,0,BROKEN,Awaiting client payment,Confirmed verbal commitment with borrower.,2026-09-03,f,,0,,84af585e-a1d7-401a-8138-51b5d58af18e,2026-09-02 07:19:30.61244+00,2026-09-17 12:10:31.201549+00
251a0bc2-2b95-453d-b509-4e1e3b7aa8dc,8b536156-9120-4784-bf33-dc4efdc3e8cb,a13886ca-739b-47b4-a473-724e03f7332a,47830,2026-09-03,39220.77,PARTIALLY_HONORED,,,,t,2026-09-03 04:49:37.854008+00,0,,8515d9b9-77c0-49fd-9942-7e448234ee30,2026-08-27 11:28:24.143255+00,2026-09-17 12:10:32.630584+00
2d9cef4f-2ea0-441c-ab3d-204062e3483f,3b56bf1b-58a2-4e89-8f02-b7f20973f184,c33350cc-f581-492e-807f-14262d56ebcb,5799.43,2026-11-25,0,ACTIVE,,,,f,,0,,858c515a-5a4d-4bf8-9241-62ae19d024a2,2026-09-21 06:09:26.456812+00,2026-09-21 06:09:26.456815+00
bca9efab-a58b-4724-b1ae-879d889fe547,32dc4f91-f614-4c0e-b7e8-e2f9bd4c91d0,4a182f53-a1a1-4f15-945a-6a56f4e04b64,11246.09,2026-09-30,0,ACTIVE,,,,f,,0,,859c43ea-e40f-4f98-81b9-808b13f1f78b,2026-09-18 06:37:22.589198+00,2026-09-18 06:37:22.589201+00
e444c0da-8a79-4d68-9c98-0280a62ade8b,ff7f1bdf-e1ed-42ec-8c16-13ba5818a155,c6ca60b7-2143-412b-887e-c30ae9cda031,22771.19,2026-10-18,0,ACTIVE,,,,f,,0,,85a9f43f-9f84-40b4-bf5b-93a91c0c1407,2026-09-17 06:31:12.946213+00,2026-09-17 06:31:12.946216+00
8c8d3f47-9c96-4134-b384-a39748f9bcbe,06109c60-5646-4551-b247-05e5861d9049,2dfc73e0-dba9-4aa5-babf-d5141ded5497,687.76,2026-08-27,7510.61,HONORED,,,,f,,0,,865baf7c-af31-4c61-aad1-b786613f9bae,2026-08-27 11:28:10.71308+00,2026-09-17 12:10:30.247544+00
964f7c46-2a07-42a4-a431-767d0bae94bb,1497cb08-d547-442e-8f56-73f699195abd,5fbae4d6-59d1-4e6c-8a80-fe57244a45bb,8069,2026-10-25,0,ACTIVE,,,,f,,0,,86c83866-0582-4770-9b44-2c07b4e06bf8,2026-09-18 06:37:22.300405+00,2026-09-18 06:37:22.300409+00
bdeb6756-f0dd-4437-8ca2-0a6368f11396,f000b828-86ea-4085-9257-476b4675e602,2b6de8aa-0976-4be0-8a40-043ff86ffa54,11820,2026-04-07,178276.87,HONORED,Business loss,,2026-04-06,f,,0,,87791fe2-a0be-48e4-9669-fb91cdce0ecb,2026-08-27 11:28:07.442003+00,2026-09-02 15:27:19.864951+00
f4f8dd22-78f4-40f3-8b26-4f8567da2da4,060ff700-946d-4518-981c-e694680da2b9,c37b6a5c-9d1c-46d4-8ece-dfce290dc74b,10683.27,2026-09-14,0,BROKEN,,,,f,,0,,8813ce6d-2474-4a99-b649-08a18a605639,2026-09-10 10:42:27.074926+00,2026-09-17 12:10:32.462624+00
ab424df4-f91b-4d3a-bf7e-77671eab8c75,efeb62b6-be28-4774-8a58-bf446f807914,c2f2e0ce-5aeb-4ece-8325-2167edfe139e,54350,2026-08-05,0,BROKEN,Medical expenses,,2026-08-04,f,,0,,88d98181-ee4f-4277-ac38-c7e99e1398d5,2026-08-27 11:28:01.501511+00,2026-09-02 15:27:19.864951+00
3205d9f6-9ebe-4ab7-a0b0-e237b1f756bd,608502c6-b6c9-4490-b9f5-c798fc6f7df6,2dfc73e0-dba9-4aa5-babf-d5141ded5497,9400.15,2026-09-29,0,ACTIVE,,,,f,,0,,891f6a34-15d3-427d-8781-3fbcd6166b07,2026-09-18 06:37:23.097172+00,2026-09-18 06:37:23.097175+00
4cd6c121-79c6-4c9e-9b92-2572d136b91e,2ec08fb2-a16d-4956-aa9c-5142450a4cd8,b06cd5a3-f1c0-4cdb-b241-9ce2d6c5e791,21460,2026-09-04,3422.55,PARTIALLY_HONORED,,,,f,,0,,89571956-4221-48cf-b44f-c91cfeb01f6e,2026-08-27 11:28:24.27202+00,2026-09-17 12:10:32.670618+00
7e164cf7-adb1-4fc2-b798-e754091c0a2a,b48be913-147b-43dc-8c77-82790430081b,a13886ca-739b-47b4-a473-724e03f7332a,25900,2026-05-23,64672.86,HONORED,,,2026-05-22,f,,0,,89fc3656-ffd1-45ea-afd3-b4b28bc21f39,2026-08-27 11:28:04.582137+00,2026-09-02 15:27:19.864951+00
f2d8a4c4-2b3a-4783-b176-ec1e22e9d595,763491ab-81f6-48c6-b2b8-e43f03bd5662,2dfc73e0-dba9-4aa5-babf-d5141ded5497,12208.8,2026-09-07,0,BROKEN,Salary on 5th,Confirmed verbal commitment with borrower.,2026-09-06,f,,0,,8a0f3790-3321-4612-8786-ccecd095301e,2026-09-02 07:19:28.4904+00,2026-09-17 12:10:31.835774+00
7ec158f4-1f70-44f4-acdb-8edf6d8b9657,192c3da8-d409-4268-9df2-686cf8ab29f0,c37b6a5c-9d1c-46d4-8ece-dfce290dc74b,63560,2026-09-03,0,BROKEN,,,,t,2026-09-03 04:49:37.854012+00,0,,8a3e193f-4927-4bff-8b28-eccc9ddd1f0a,2026-08-27 11:28:10.467015+00,2026-09-17 12:10:30.998227+00
dae56ea0-7ca4-4938-b5a8-5ccd8865f478,3fb4446f-73c3-4e11-ace0-39524d762528,c33350cc-f581-492e-807f-14262d56ebcb,2718.53,2026-09-03,0,HONORED,Family support,Confirmed verbal commitment with borrower.,2026-09-02,t,2026-09-03 04:49:37.854016+00,0,,8addd677-e775-497b-8c84-578aea4be714,2026-09-02 07:19:29.415623+00,2026-09-03 05:17:22.450095+00
707e39ac-161d-4c00-8816-e1b2db4970e9,7e6bb6c0-0430-4b81-886c-17c35ac67e0c,3aa13103-bd03-4578-9292-44d88d58da00,746.75,2026-08-27,6528.87,HONORED,,,,f,,0,,8ae0b459-ea53-49dc-8cae-98c9045f304f,2026-08-27 11:28:10.808801+00,2026-09-17 12:10:30.266803+00
4c49d03f-12db-465c-a124-730c4533b75a,b8c860f9-a9e8-4cdf-b342-fc36971d5bfa,2b6de8aa-0976-4be0-8a40-043ff86ffa54,25810,2026-04-17,0,BROKEN,Medical expenses,,2026-04-16,f,,0,,8b77b176-73e7-463d-b95d-391561004625,2026-08-27 11:28:06.51022+00,2026-09-02 15:27:19.864951+00
f1a9ae9c-e76f-4576-a5f2-ba3e6eb257b5,d481b193-229a-4d97-917d-b551053d177f,4a182f53-a1a1-4f15-945a-6a56f4e04b64,14888.61,2026-09-29,0,ACTIVE,,,,f,,0,,8b836ce7-e6d5-4d21-ab04-4c4bf0f69908,2026-09-18 06:37:22.864664+00,2026-09-18 06:37:22.864667+00
97bcc30a-53bc-4599-bd12-dc581869b030,1623294b-6234-4e3b-bbde-6b974f97cb7a,e9dced65-f61b-4c24-bae7-d4170299ed46,1805.02,2026-11-15,0,ACTIVE,,,,f,,0,,8b94b88c-0cb9-4cba-bc51-c7db3074e993,2026-09-21 06:09:26.641385+00,2026-09-21 06:09:26.64139+00
4f6ee7d6-ce14-4e3d-9d39-439cfb5dbe71,6957d605-67d9-4f31-a116-d499e5c28249,e9dced65-f61b-4c24-bae7-d4170299ed46,1469.58,2026-08-27,0,BROKEN,,,,f,,0,,8b9e7af2-7b85-4c92-8753-66d1c42ba55c,2026-08-27 11:28:10.927724+00,2026-09-17 12:10:30.285726+00
34f3a5ea-99d1-48df-a34f-dc3e858ca7a9,6fbb8087-6b83-4811-a0da-cabeb32dd8ec,c37b6a5c-9d1c-46d4-8ece-dfce290dc74b,1970,2026-04-01,2857.71,HONORED,Medical expenses,,2026-03-31,f,,0,,8ba4c2b1-427f-470d-819f-11a157122e46,2026-08-27 11:28:07.917799+00,2026-09-02 15:27:19.864951+00
7f1013df-c0da-4abe-b60c-9a468a1dbc95,72f33e38-e1e8-4f83-9a7e-4785c7922beb,2dfc73e0-dba9-4aa5-babf-d5141ded5497,2869.18,2026-09-08,2728.99,PARTIALLY_HONORED,Bank transfer processing,Confirmed verbal commitment with borrower.,2026-09-07,f,,0,,8bbc7304-15f7-4017-948d-a8404277f632,2026-09-02 07:19:28.465473+00,2026-09-17 12:10:32.110209+00
4c49d03f-12db-465c-a124-730c4533b75a,12f18b71-933d-493f-a363-9c00b75bf7c1,2b6de8aa-0976-4be0-8a40-043ff86ffa54,25810,2026-09-08,21380.63,PARTIALLY_HONORED,,,,f,,0,,8c4d94c9-0b96-44e8-a5d4-618d0063148e,2026-08-27 11:28:21.987539+00,2026-09-17 12:10:32.123864+00
8b9a2604-4aba-41c3-a569-3bc9f1d07168,eda363c1-68a7-41cb-811c-b095d4aae973,a2e2555c-f597-43af-a77a-fe708f967218,4390,2026-09-02,0,HONORED,,,,t,2026-09-02 05:53:51.374429+00,0,,8d3b3bb6-6bfe-4496-89e7-145a6d035506,2026-08-27 11:28:22.290606+00,2026-09-02 15:27:19.864951+00
37084f7a-c7dc-443b-a469-d5b8199b2a4e,95e86529-c6ed-4e04-8c64-2629ca3e685f,c2f2e0ce-5aeb-4ece-8325-2167edfe139e,12680,2026-09-05,0,BROKEN,,,,f,,0,,8da9b9aa-8e6b-4818-ae73-ff02ba06b856,2026-08-27 11:28:10.765211+00,2026-09-17 12:10:31.402573+00
56a636c7-ac45-48bd-bc8f-d0e46920e8e2,0fd7373f-19d2-4b49-ac53-8dadfae8fa18,4a182f53-a1a1-4f15-945a-6a56f4e04b64,8400.53,2026-10-28,0,ACTIVE,,,,f,,0,,8e16407c-28e8-475d-ac79-3672ea14215a,2026-09-18 06:37:22.348344+00,2026-09-18 06:37:22.348347+00
94afb3e9-d0ad-404e-bc13-cf1654dc4ef1,3c182757-a0fe-46a8-a388-97c6da3810b2,c37b6a5c-9d1c-46d4-8ece-dfce290dc74b,501.88,2026-08-27,1371.2,HONORED,,,,f,,0,,8e6bbd67-0fa1-40d1-b86a-9d0d0bc01036,2026-08-27 11:28:10.497249+00,2026-09-17 12:10:30.299353+00
30837126-ce1f-49ef-8bc9-c7d8e85a56df,9659deb2-aeb5-48d6-9244-a01fac3507f9,c6ca60b7-2143-412b-887e-c30ae9cda031,7670,2026-09-14,0,HONORED,,,,f,,0,,8eccda0c-6ca7-4575-a440-46aa9f1af830,2026-08-27 11:28:23.565801+00,2026-09-02 15:27:19.864951+00
e2ce08de-fbe0-428a-be32-9858ee09130d,3ac65e2f-be79-4d65-95ca-94532b202949,357e2e09-b637-468e-818b-57a5dce18e9c,11318.95,2026-09-29,0,ACTIVE,,,,f,,0,,907cfbe9-d5cc-4486-be25-09fd72f5b741,2026-09-17 06:31:12.842288+00,2026-09-17 06:31:12.84229+00
f9e52765-4052-431b-96b8-5e8f9046e2cc,0a5a5717-9975-4004-b414-02d1e33180b2,4a182f53-a1a1-4f15-945a-6a56f4e04b64,6978.36,2026-09-04,0,BROKEN,,,,f,,0,,9113e11e-57fc-4448-ab20-3d9b228edec6,2026-08-27 11:28:11.096757+00,2026-09-17 12:10:31.214206+00
6b659a39-299e-4211-b712-a674528001e4,2c127f80-c1a2-4f40-b622-19125bd4aa75,4a182f53-a1a1-4f15-945a-6a56f4e04b64,10612.39,2026-09-04,0,BROKEN,Salary on 5th,Confirmed verbal commitment with borrower.,2026-09-03,f,,0,,91d77928-b70a-4eb2-b5ea-6af0c4ac3644,2026-09-02 07:19:30.045582+00,2026-09-17 12:10:31.227601+00
cb0abc92-1503-478e-8b3b-3786454b0976,9960042b-6c73-4103-91f8-05b6bb40c228,4a182f53-a1a1-4f15-945a-6a56f4e04b64,618.55,2026-08-27,15368.85,HONORED,,,,f,,0,,92498b33-22b0-4cc3-88d4-5f649cfde1fc,2026-08-27 11:28:11.10275+00,2026-09-17 12:10:30.312223+00
d343cb5a-368a-4d55-bd34-7fb50bdf9359,6b24700a-3ee2-4e2b-99d1-66158e44c061,5fbae4d6-59d1-4e6c-8a80-fe57244a45bb,12566.61,2026-10-21,0,ACTIVE,,,,f,,0,,924f742a-d40b-4b5e-9a4b-c40c9857d3cc,2026-09-21 06:09:26.517702+00,2026-09-21 06:09:26.517706+00
4cd6c121-79c6-4c9e-9b92-2572d136b91e,19d24960-23df-4f91-b5aa-10665f6f5d86,b06cd5a3-f1c0-4cdb-b241-9ce2d6c5e791,21460,2026-06-26,0,RESCHEDULED,Salary delayed,,2026-06-25,f,,0,,92858084-9887-4f11-9163-ba0522085b33,2026-08-27 11:28:03.258645+00,2026-09-02 15:27:19.864951+00
111bfd02-3992-449d-ab64-af86dcee9846,78a32d0a-208b-48f7-943f-2d79e6f3b285,3e9c4168-1de9-43e8-b9f2-fbf3f931949d,10259.94,2026-10-05,0,ACTIVE,,,,f,,0,,92f74059-ad83-4631-ba70-bc9902f3795f,2026-09-21 06:09:26.475568+00,2026-09-21 06:09:26.475571+00
e4b8ebd5-54a3-4e1c-ad9a-02c303bc79b6,60c15ffd-4675-46c0-a4d5-9c0d925e857a,cd9e6eca-028e-4c61-8e82-048327bc4476,16375.73,2026-10-22,0,ACTIVE,,,,f,,0,,937f31c1-8c52-49e9-8674-2db01f3a197d,2026-09-17 06:31:13.396081+00,2026-09-17 06:31:13.396084+00
da9743fb-702a-448b-8375-be2599014784,2b1d9aaa-0214-420f-8a09-c40cda2a7680,a2e2555c-f597-43af-a77a-fe708f967218,8765.5,2026-09-08,0,BROKEN,Bank transfer processing,Confirmed verbal commitment with borrower.,2026-09-07,f,,0,,9389675f-302f-46c7-88c1-66e00a8bed83,2026-09-02 07:19:29.335894+00,2026-09-17 12:10:32.137413+00
2f6c83a1-b4af-454c-bac1-4e13d65435e2,74ccfcbe-44bd-4d19-831c-ae92e965a84c,1d5e58e8-954e-4d6c-b13c-6e6d614cb588,840.15,2026-09-20,0,ACTIVE,,,,f,,0,,93dd61cf-223e-46be-a0f0-9c133bcd11c9,2026-09-10 10:42:26.547459+00,2026-09-10 10:42:26.547463+00
99bbd936-0b8f-4278-892e-5264a46fb674,cb1da23b-df12-4cd3-b0cf-b11edfd0d40b,c2f2e0ce-5aeb-4ece-8325-2167edfe139e,2850,2026-07-16,0,BROKEN,Family emergency,,2026-07-15,f,,0,,94592f7b-7dfe-4aaa-ba54-9d99e11f7ebc,2026-08-27 11:28:01.799621+00,2026-09-02 15:27:19.864951+00
f0e13135-fc84-417e-9bcb-9a06e95c69e1,6c6287da-b485-4e04-88ad-1e24ae5feb33,b06cd5a3-f1c0-4cdb-b241-9ce2d6c5e791,3811.73,2026-09-05,0,BROKEN,Family support,Confirmed verbal commitment with borrower.,2026-09-04,f,,0,,947d1bb1-0062-491a-a575-05128be1f33d,2026-09-02 07:19:30.331961+00,2026-09-17 12:10:32.700784+00
adaf7d4e-1d31-43ac-98b5-3161a6cd7b92,bfef0aa9-6172-4d2d-af3d-581d62a5a6d9,3aa13103-bd03-4578-9292-44d88d58da00,19670,2026-06-15,21056.03,HONORED,Salary delayed,,2026-06-14,f,,0,,949221f9-df9a-46a2-b049-b1630798bec0,2026-08-27 11:28:03.511261+00,2026-09-02 15:27:19.864951+00
dfc3b5eb-1a4a-438d-a0d2-523489d798a4,61fc1183-8f46-41d2-b4fe-a5ba0b38f500,c2f2e0ce-5aeb-4ece-8325-2167edfe139e,18494.85,2026-09-08,0,BROKEN,Family support,Confirmed verbal commitment with borrower.,2026-09-07,f,,0,,94af8c5b-ae88-49f8-af36-f8ce28f95e67,2026-09-02 07:19:29.81518+00,2026-09-17 12:10:32.149934+00
af3f3cc9-b9a2-4669-b322-284846e8e545,ebf6dc6f-91a8-474b-9d83-7d436131c279,5fbae4d6-59d1-4e6c-8a80-fe57244a45bb,3230,2026-06-16,0,BROKEN,Out of city,,2026-06-01,f,,0,,94b6f0d7-76e2-4595-aa80-c1454056e347,2026-08-27 11:28:04.746537+00,2026-09-02 15:27:19.864951+00
7e164cf7-adb1-4fc2-b798-e754091c0a2a,7fce6dac-c4ac-4ae1-821f-858ff938a5b6,a13886ca-739b-47b4-a473-724e03f7332a,25900,2026-09-14,0,HONORED,,,,f,,0,,96bba6c4-4869-4798-8280-5f17808f239b,2026-08-27 11:28:24.09309+00,2026-09-02 15:27:19.864951+00
6aaa775a-1485-4eed-a4df-9f14a4c2b89b,fd26a696-fffe-4baa-a18b-376644bd8aee,c2f2e0ce-5aeb-4ece-8325-2167edfe139e,15000,2026-06-03,10839.54,HONORED,Salary delayed,,2026-06-02,f,,0,,9732484c-25b3-4782-bc84-f228df15299a,2026-08-27 11:28:04.474715+00,2026-09-02 15:27:19.864951+00
465bbd5c-6bf0-4c97-92eb-cb0d54da4747,e5430aff-7b24-491f-a756-1800a4f86ab0,357e2e09-b637-468e-818b-57a5dce18e9c,32170,2026-09-05,0,BROKEN,,,,f,,0,,97361782-7898-47f6-a41a-700982719b2b,2026-08-27 11:28:23.693738+00,2026-09-17 12:10:31.414257+00
572d8401-b7ad-463e-a567-1de62fac03f2,a8136e0a-0f1a-4363-89c0-d461473328f2,2b6de8aa-0976-4be0-8a40-043ff86ffa54,5000,2026-08-24,8100,HONORED,,,,f,,0,,979457af-0b1e-4c92-9cdf-68b046d5f77b,2026-08-27 11:28:24.498796+00,2026-09-02 15:27:19.864951+00
d6e0e387-a749-4aea-9655-ec3b0722c66d,b2bb302a-6f1f-4193-a310-e946a8b2894e,8e59153e-dc8e-4efa-af65-1db304a6f3f1,1860,2026-06-09,0,BROKEN,Medical expenses,,2026-06-08,f,,0,,97def0ab-350f-4416-95c4-83ce1afe12fd,2026-08-27 11:28:03.387744+00,2026-09-02 15:27:19.864951+00
a961c4cb-299c-4776-89da-bacf7f957e06,52e4b045-cada-46e6-a80d-e0116005973a,357e2e09-b637-468e-818b-57a5dce18e9c,12000,2026-04-16,0,BROKEN,Crop failure,,2026-04-15,f,,0,,989f9f5e-b95c-4eea-9138-4fb94a0d0df4,2026-08-27 11:28:05.668369+00,2026-09-02 15:27:19.864951+00
44965e61-1bcc-4667-a06c-db2573241888,116191cd-6226-4c07-b27c-3516c9a839d2,a2e2555c-f597-43af-a77a-fe708f967218,5540,2026-06-03,367.97,HONORED,Crop failure,,2026-06-02,f,,0,,996917a5-df75-4881-badf-81ecb38c3cda,2026-08-27 11:28:04.181955+00,2026-09-02 15:27:19.864951+00
9b562759-5c7f-4aeb-be8c-8ce8dd68c330,a46a4a1c-ba6b-4975-9b6b-c22e19fea221,3aa13103-bd03-4578-9292-44d88d58da00,365.29,2026-08-27,2578.35,HONORED,,,,f,,0,,99e5e12d-270a-433f-a054-de2eefdddbeb,2026-08-27 11:28:10.794595+00,2026-09-17 12:10:30.326071+00
f87bc957-012e-43c5-bbcc-25b04609584f,bcdcacad-47c5-447a-81ab-dc8221fa1cf1,3e9c4168-1de9-43e8-b9f2-fbf3f931949d,28910,2026-04-28,0,BROKEN,Medical expenses,,2026-04-27,f,,0,,9b4f53ad-a3a2-496f-a5d8-9b56f9405e15,2026-08-27 11:28:06.350809+00,2026-09-02 15:27:19.864951+00
ec02cf30-b430-42aa-92a6-d943976866b1,0660b92e-ee53-422e-84e8-91ca636613f5,4a182f53-a1a1-4f15-945a-6a56f4e04b64,4094.9,2026-09-05,0,BROKEN,Salary on 5th,Confirmed verbal commitment with borrower.,2026-09-04,f,,0,,9b6ba1f2-c9fa-4110-b5ce-98265c1641cc,2026-09-02 07:19:30.095088+00,2026-09-17 12:10:31.425355+00
42bd6353-1665-4fd7-b5f4-9614bc753e15,f6aedeb0-376c-4c8b-b2af-7d271aad8bf7,3e9c4168-1de9-43e8-b9f2-fbf3f931949d,1147.35,2026-09-06,0,BROKEN,Awaiting client payment,Confirmed verbal commitment with borrower.,2026-09-05,t,2026-09-06 13:30:50.235451+00,0,,9ba5e8d4-238a-4ddd-9aa6-44519513a14b,2026-09-02 07:19:29.928818+00,2026-09-17 12:10:31.595144+00
6a4e045e-c3e4-4adb-b3df-1f9a6dea2783,b88bb1a7-f21e-429b-9910-5bcf3a3acb86,2b6de8aa-0976-4be0-8a40-043ff86ffa54,2420,2026-05-15,0,BROKEN,Bank issue,,2026-05-14,f,,0,,9bb994a0-6cb6-4e78-b850-6d9be39cd3f6,2026-08-27 11:28:04.650391+00,2026-09-02 15:27:19.864951+00
b4b64723-d685-44d4-9224-a6f8605a68d0,b8d3adf4-599b-40d4-b29f-4c6b78946ca6,3aa13103-bd03-4578-9292-44d88d58da00,16200,2026-09-10,0,BROKEN,,,,f,,0,,9c3df3b7-73c7-421e-b0f1-34c427bbc1e5,2026-08-27 11:28:23.13016+00,2026-09-17 12:10:32.346331+00
d35f16f0-cfc8-4958-ac31-eeaa51119197,feb8fd4a-e637-4778-a4a0-42ef813df9a0,1d5e58e8-954e-4d6c-b13c-6e6d614cb588,41460,2026-08-29,0,HONORED,,,,f,,0,,9cef5c96-fad1-4352-86f0-b74a14789957,2026-08-27 11:28:23.917248+00,2026-09-02 15:27:19.864951+00
b8229b8e-ad88-42eb-a6a5-3bad34066859,810c53ea-2c28-4df7-b33c-ae2aa2ec6ef8,b06cd5a3-f1c0-4cdb-b241-9ce2d6c5e791,27614.58,2026-09-06,14942.92,PARTIALLY_HONORED,Bank transfer processing,Confirmed verbal commitment with borrower.,2026-09-05,t,2026-09-06 13:30:50.235454+00,0,,9d368762-1d87-40a8-a7f0-bdbefb24976b,2026-09-02 07:19:30.427733+00,2026-09-17 12:10:32.750386+00
dfc3b5eb-1a4a-438d-a0d2-523489d798a4,e17ff73c-b201-482e-985d-94fd6f04feb1,e9dced65-f61b-4c24-bae7-d4170299ed46,21303.8,2026-10-25,0,ACTIVE,,,,f,,0,,9f98edf2-f79c-41cc-be56-e8e7fe132a34,2026-09-18 06:37:23.274533+00,2026-09-18 06:37:23.274536+00
06fc8a44-7257-468a-a276-941ab46266be,388f26ea-5907-49f1-8c97-ed4bd6a8a39e,4a182f53-a1a1-4f15-945a-6a56f4e04b64,19228.87,2026-10-01,0,ACTIVE,,,,f,,0,,a047dd52-efc3-4ed9-b494-6d2e5b1cb746,2026-09-17 06:31:13.190094+00,2026-09-17 06:31:13.190097+00
bf90e2f4-1b51-405a-a902-5921456472ea,4c055f2b-6372-4237-96a8-1094c935d855,a13886ca-739b-47b4-a473-724e03f7332a,211.24,2026-09-08,0,HONORED,Salary on 5th,Confirmed verbal commitment with borrower.,2026-09-07,f,,0,,a0a493b3-0d59-4244-816e-64d047de7cf5,2026-09-02 07:19:30.236191+00,2026-09-03 05:17:22.450095+00
cca9869d-84cb-4679-85fc-73e49afbd354,28283250-18aa-4690-972f-5e8cefb325f9,c6ca60b7-2143-412b-887e-c30ae9cda031,8000.3,2026-10-02,0,ACTIVE,,,,f,,0,,a0fcd4e1-eb87-419f-8ab0-13ef7bbb8798,2026-09-18 06:37:22.503555+00,2026-09-18 06:37:22.503558+00
007965d0-f49b-4a1f-a6e2-fbffa7b8dbc1,59f179bb-7ba6-467b-9579-654633dae006,b06cd5a3-f1c0-4cdb-b241-9ce2d6c5e791,3642,2026-09-03,18240.57,HONORED,,,,t,2026-09-03 04:49:37.85402+00,0,,a10a37c0-a540-4dbc-93c7-dbb4c98415b1,2026-08-27 11:28:11.227765+00,2026-09-17 12:10:32.640334+00
aa23546a-7670-42b0-a92a-fe486a2df10a,27ad871c-ce42-4d0a-93f1-999234fb8bcf,3aa13103-bd03-4578-9292-44d88d58da00,3730,2026-04-03,121691.11,HONORED,Crop failure,,2026-04-02,f,,0,,a13b7d4d-c257-425d-afef-72ded97847f1,2026-08-27 11:28:07.768036+00,2026-09-02 15:27:19.864951+00
f21a7c7e-61d1-4b5c-b5bb-614ec114099b,000666a8-2762-42c2-9791-62cf7c4824f5,c6ca60b7-2143-412b-887e-c30ae9cda031,14390.92,2026-10-11,0,ACTIVE,,,,f,,0,,a1691c34-61f3-4d13-83d2-25481b262939,2026-09-18 06:37:23.10673+00,2026-09-18 06:37:23.106733+00
02c8f96d-6643-470e-b0e9-4e349f1b3de4,df22ef95-6267-4c85-b6bc-3edc7b9fcfad,357e2e09-b637-468e-818b-57a5dce18e9c,5883.7,2026-09-16,6828.08,HONORED,,,,f,,0,,a2954918-f03e-4550-89ba-d4ad2e037832,2026-09-10 10:42:26.669054+00,2026-09-21 04:53:06.845317+00
0a313444-d014-4a6c-bfb5-f4b770c585b3,c381e4c9-e03b-4063-a751-4e98561d5155,8e59153e-dc8e-4efa-af65-1db304a6f3f1,11625.82,2026-09-06,8054.03,PARTIALLY_HONORED,Family support,Confirmed verbal commitment with borrower.,2026-09-05,t,2026-09-06 13:30:50.235457+00,0,,a2c6fbb2-1538-44e6-a17f-e0a96c7b7728,2026-09-02 07:19:29.618519+00,2026-09-17 12:10:31.61127+00
bdccc693-4329-4648-bcee-c98457d9770d,6dd5bcc8-237e-4689-94eb-e2e5ddfb86b6,b06cd5a3-f1c0-4cdb-b241-9ce2d6c5e791,19410,2026-05-29,0,BROKEN,Medical expenses,,2026-05-09,f,,0,,a2d378f6-cdfd-4ccd-91f6-cc488cbd66a7,2026-08-27 11:28:04.334163+00,2026-09-02 15:27:19.864951+00
0cd4bee2-44c5-462d-94aa-f521702e7c90,5b9ecb17-5667-4cf6-9efe-ad57a23da9cb,3e9c4168-1de9-43e8-b9f2-fbf3f931949d,13998.49,2026-09-06,0,BROKEN,Bank transfer processing,Confirmed verbal commitment with borrower.,2026-09-05,t,2026-09-06 13:30:50.23546+00,0,,a2daa2b5-dd52-4013-8fb5-e5dc61127871,2026-09-02 07:19:29.8951+00,2026-09-17 12:10:31.623808+00
2fc06593-4740-4714-bf33-b3e7b2620054,4037512f-a831-4fc8-a639-6d318174c352,c37b6a5c-9d1c-46d4-8ece-dfce290dc74b,51090,2026-04-04,179786.86,HONORED,,,2026-03-23,f,,0,,a31da675-92c8-415d-9925-dcb4fb7b64de,2026-08-27 11:28:08.154371+00,2026-09-02 15:27:19.864951+00
94afb3e9-d0ad-404e-bc13-cf1654dc4ef1,3c182757-a0fe-46a8-a388-97c6da3810b2,c37b6a5c-9d1c-46d4-8ece-dfce290dc74b,1254.69,2026-09-06,1371.2,HONORED,,,,t,2026-09-06 13:30:50.235463+00,0,,a3a2ef7f-3457-4af5-82cc-cf3124e9556b,2026-08-27 11:28:10.497245+00,2026-09-17 12:10:31.63612+00
0a82052f-30a7-4e30-a1df-7956741a99b5,8b93b50a-74c7-4077-a0bf-0c41eaf508c1,c37b6a5c-9d1c-46d4-8ece-dfce290dc74b,21420,2026-06-13,0,BROKEN,Family emergency,,2026-06-12,f,,0,,a3c009ae-ea40-4023-acaa-b45fa118822c,2026-08-27 11:28:03.49211+00,2026-09-02 15:27:19.864951+00
efcf5b68-75d1-4595-812c-d49a3f2ee45b,52423767-56d0-407a-b50b-3b98dc6a7ee9,8e59153e-dc8e-4efa-af65-1db304a6f3f1,16265.79,2026-08-31,0,HONORED,,,,t,2026-08-31 04:40:23.169133+00,0,,a416ce45-ac55-4ecb-b436-1992df254ca5,2026-08-27 11:28:10.62259+00,2026-09-02 15:27:19.864951+00
86525fed-2999-49a3-8668-3270dcbd31fc,20592de7-a160-45e7-b52d-00ea889189df,c6ca60b7-2143-412b-887e-c30ae9cda031,11630,2026-07-11,0,BROKEN,Family emergency,,2026-07-10,f,,0,,a4bed265-915f-4874-9e55-e0fd548b5767,2026-08-27 11:28:03.41497+00,2026-09-02 15:27:19.864951+00
d14b16b1-6ba1-487f-bd9f-d61d7c369b0c,0b735f4c-8748-4a47-8e1e-bed36555d890,a2e2555c-f597-43af-a77a-fe708f967218,8489.72,2026-09-02,30860.28,HONORED,,,,t,2026-09-02 05:53:51.374404+00,0,,a4c9a855-ec96-4794-a819-73aa07853e11,2026-08-27 11:28:10.511305+00,2026-09-17 12:10:30.871146+00
a7430508-cd1f-4fa1-ac5a-ac37aaebaf92,,2b6de8aa-0976-4be0-8a40-043ff86ffa54,16520,2026-08-27,0,BROKEN,Family arranged the amount. Borrower confirmed cash is ready at home.,PTP falls due today — follow up before 7 PM.,2026-08-27,f,,0,,a5059986-b825-49e9-bb09-011733445a51,2026-08-27 11:28:21.796469+00,2026-09-17 12:10:30.337079+00
0a313444-d014-4a6c-bfb5-f4b770c585b3,a6f82473-47e1-4d89-8f63-074012e5e91e,8e59153e-dc8e-4efa-af65-1db304a6f3f1,14080,2026-09-01,8054.03,PARTIALLY_HONORED,,,,t,2026-09-01 04:38:21.98058+00,0,,a65d1f1d-5058-4fd4-9209-6f5b6a5f2e91,2026-08-27 11:28:10.615826+00,2026-09-17 12:10:30.783888+00
be62b223-b46d-40a3-af2a-9c41a76176d2,10f36748-0be1-4ded-b025-5caa6a4f32b6,c2f2e0ce-5aeb-4ece-8325-2167edfe139e,693.82,2026-10-03,0,ACTIVE,,,,f,,0,,a67fea65-9683-4f14-b360-621306c44f7c,2026-09-18 06:37:22.38553+00,2026-09-18 06:37:22.385534+00
29b521d2-e392-4ce5-adb0-6cb9847d0d20,2e56e817-d583-4d86-9155-db6dbf47c66c,4a182f53-a1a1-4f15-945a-6a56f4e04b64,32830,2026-06-06,0,RESCHEDULED,,,2026-06-05,f,,0,,a6940084-fff4-4001-bf60-350bce1fdccd,2026-08-27 11:28:04.795555+00,2026-09-02 15:27:19.864951+00
ebe27796-28a6-43df-96d4-2259a18e7d9e,84f89543-271b-47a4-aea0-e1c488fb4a41,e9dced65-f61b-4c24-bae7-d4170299ed46,3768.47,2026-09-08,0,BROKEN,Awaiting client payment,Confirmed verbal commitment with borrower.,2026-09-07,f,,0,,a744c6eb-aa21-4218-a9c5-be5a2cdab7f3,2026-09-02 07:19:29.494968+00,2026-09-17 12:10:32.162495+00
e582a376-413c-4536-9794-19dd378390a4,56f62b17-56b3-497b-a598-8af3ea91e79a,a2e2555c-f597-43af-a77a-fe708f967218,48.39,2026-09-08,0,BROKEN,Awaiting client payment,Confirmed verbal commitment with borrower.,2026-09-07,f,,0,,a79ace4f-bdfc-4863-9375-8563e3affee0,2026-09-02 07:19:29.265307+00,2026-09-17 12:10:32.175602+00
97056116-4237-4d64-ba8e-9741ffe33fab,250d62b5-efaa-4a06-bd86-00b2f701bf01,3e9c4168-1de9-43e8-b9f2-fbf3f931949d,8310,2026-03-23,0,HONORED,,,2026-03-13,f,,0,,a7d8399a-1edc-418c-bbd6-0483c9c660f8,2026-08-27 11:28:08.27757+00,2026-09-02 15:27:19.864951+00
45b09bb9-2d54-4654-82bb-deb3abdcab07,d8479e5c-62cf-4d09-9beb-c9136cad29f7,8e59153e-dc8e-4efa-af65-1db304a6f3f1,15769.64,2026-09-03,9924.52,PARTIALLY_HONORED,Awaiting client payment,Confirmed verbal commitment with borrower.,2026-09-02,t,2026-09-03 04:49:37.854023+00,0,,a7ecfaab-fa1d-4929-ab27-ff2f1d16052c,2026-09-02 07:19:29.587357+00,2026-09-17 12:10:31.010748+00
a9f60804-09fd-4777-90a8-de972b4484fd,75415243-b961-4d4e-9da7-18b7fc9729ce,cd9e6eca-028e-4c61-8e82-048327bc4476,14150,2026-07-14,0,BROKEN,Medical expenses,,2026-07-13,f,,0,,a841b4e1-2246-4a1e-bae2-5c78fb3428bd,2026-08-27 11:28:01.845869+00,2026-09-02 15:27:19.864951+00
764a395d-f72f-4849-bee0-7ff04ce5d506,a97faee8-26f6-4b2e-abf9-ccc9bcfc3ba2,4a182f53-a1a1-4f15-945a-6a56f4e04b64,19083.39,2026-10-30,0,ACTIVE,,,,f,,0,,a851a86b-c1f1-4b11-bff7-86c921282acd,2026-09-18 06:37:22.979782+00,2026-09-18 06:37:22.979785+00
ab424df4-f91b-4d3a-bf7e-77671eab8c75,40ccde79-cb49-4b7f-8d42-829fe8ba4210,c2f2e0ce-5aeb-4ece-8325-2167edfe139e,2384.02,2026-08-27,0,HONORED,,,,f,,0,,a88152ad-985a-4cf8-974a-935e80f23158,2026-08-27 11:28:10.731235+00,2026-09-03 05:17:22.450095+00
7189b075-fd87-436e-a892-46976aa6bbd1,07deb51f-88f8-4493-bd3c-723c5cb26a31,a13886ca-739b-47b4-a473-724e03f7332a,14000,2026-04-03,0,BROKEN,Family emergency,,2026-04-02,f,,0,,a882e0d4-cee1-4242-911f-24252e38aa21,2026-08-27 11:28:08.316965+00,2026-09-02 15:27:19.864951+00
462f568c-f683-44be-bede-6e57708992ae,f339d56a-1f17-41c0-aae8-2dfee99606b7,cd9e6eca-028e-4c61-8e82-048327bc4476,6315.96,2026-08-27,0,BROKEN,,,,f,,0,,a88637af-3619-48bd-9eba-4c402d75ac53,2026-08-27 11:28:10.401201+00,2026-09-17 12:10:30.349546+00
d2d794a1-3672-45d6-ad51-a1ed39daed56,fbaf0760-4a6a-4fdc-976c-49cb92a32027,357e2e09-b637-468e-818b-57a5dce18e9c,6230,2026-03-24,0,HONORED,Crop failure,,2026-03-07,f,,0,,a90f076c-5fb7-4df0-b7e7-82d02082d694,2026-08-27 11:28:07.965961+00,2026-09-02 15:27:19.864951+00
34f3a5ea-99d1-48df-a34f-dc3e858ca7a9,2a6840fb-0064-4493-a9ed-0bdd798b4c79,c37b6a5c-9d1c-46d4-8ece-dfce290dc74b,1970,2026-04-17,0,BROKEN,Crop failure,,2026-03-25,f,,0,,a916c1be-0b34-4b7c-aea0-92c5d888cdb2,2026-08-27 11:28:07.92418+00,2026-09-02 15:27:19.864951+00
4861cc77-0523-4e2c-829a-462c06b586bb,,2b6de8aa-0976-4be0-8a40-043ff86ffa54,10630,2026-08-21,741.86,HONORED,,Demo PTP,,f,,0,,a9375e8b-0061-4219-a702-4d04a05a695a,2026-08-27 11:28:21.780413+00,2026-09-02 15:27:19.864951+00
b87e866d-4f49-4a1f-9ed7-57cdeb8a5665,2fcb6721-cbf3-4446-9bbf-c5f39263e1fc,cd9e6eca-028e-4c61-8e82-048327bc4476,2895.4,2026-10-18,0,ACTIVE,,,,f,,0,,a9450641-512a-4f24-8fde-ee350be99266,2026-09-18 06:37:22.635255+00,2026-09-18 06:37:22.63526+00
e4b8ebd5-54a3-4e1c-ad9a-02c303bc79b6,6815b800-efee-4b04-a70e-ee69c60541e9,cd9e6eca-028e-4c61-8e82-048327bc4476,36227.45,2026-09-12,0,BROKEN,,,,f,,0,,a990b0c4-0a10-4c77-95d0-c64ad38ac964,2026-09-10 10:42:27.168428+00,2026-09-17 12:10:32.403493+00
877a1b0f-4c8e-4c17-89c2-12292609cba4,a4971a7a-2928-403d-ae65-c45d6e77a6ee,5fbae4d6-59d1-4e6c-8a80-fe57244a45bb,4704.29,2026-09-28,0,ACTIVE,,,,f,,0,,a9bf406d-c427-4b40-be8b-11bca14a87fd,2026-09-18 06:37:22.451121+00,2026-09-18 06:37:22.451125+00
89cdc744-de13-40a2-882e-09423d699e57,39290ec9-00e0-4d16-899f-ca9ce1ef6ffd,c37b6a5c-9d1c-46d4-8ece-dfce290dc74b,13260,2026-05-15,894.53,HONORED,Bank issue,,2026-05-06,f,,0,,aa357640-c4e8-4ca9-bceb-0c58610a1c00,2026-08-27 11:28:06.018501+00,2026-09-02 15:27:19.864951+00
3d66de68-8914-4aec-aead-b463c4b65d13,24e6da38-c55e-4ee2-8f2a-fceae0ce61bc,3e9c4168-1de9-43e8-b9f2-fbf3f931949d,16150,2026-05-03,28657.41,HONORED,Medical expenses,,2026-05-02,f,,0,,aa39291e-aa4a-4b96-b1d6-35d527887272,2026-08-27 11:28:05.796234+00,2026-09-02 15:27:19.864951+00
ec73065d-e2ca-4ff7-adba-59d8bf842ef5,3bfc81b5-8f71-45b8-8edc-fc541f482bc1,a2e2555c-f597-43af-a77a-fe708f967218,9970,2026-08-06,106562.1,HONORED,Business loss,,2026-08-05,f,,0,,aac258d7-be3f-4049-8f7e-19a4e5813282,2026-08-27 11:28:01.399492+00,2026-09-02 15:27:19.864951+00
4d557c56-759e-4bd6-88b0-d16b1d296c19,50887f2c-c6c1-4dd3-9717-0aac1be18a0f,e9dced65-f61b-4c24-bae7-d4170299ed46,2360,2026-08-31,0,BROKEN,,,,t,2026-08-31 04:40:23.169186+00,0,,aaead766-80df-45d1-917b-a8232e5da7ff,2026-08-27 11:28:23.326057+00,2026-09-17 12:10:30.683682+00
faae3a17-a2cc-40b0-b189-e7a98d8d1adb,22b449e2-6563-468f-b71c-ecac5b0302d8,3e9c4168-1de9-43e8-b9f2-fbf3f931949d,49750,2026-07-26,0,BROKEN,Salary delayed,,2026-07-25,f,,0,,ab3ea186-82b5-40b8-9b95-c490fa48bd77,2026-08-27 11:28:02.117561+00,2026-09-02 15:27:19.864951+00
ac5d159e-3de8-4a59-8f93-e2562757642c,817ee226-6018-43f8-81e6-7b9595e6440f,e9dced65-f61b-4c24-bae7-d4170299ed46,5588.73,2026-09-30,0,ACTIVE,,,,f,,0,,ab5af9bd-a4f2-4382-8014-fa511b221063,2026-09-17 06:31:13.514824+00,2026-09-17 06:31:13.514828+00
85267f82-1ce7-446b-93cf-fe7cd09f73f2,5df4c181-3593-442e-89dc-901ea3b6e191,4a182f53-a1a1-4f15-945a-6a56f4e04b64,4170,2026-05-13,0,BROKEN,Crop failure,,2026-05-12,f,,0,,aba4eb22-6bfe-4b75-a22c-598ebe89cf91,2026-08-27 11:28:05.898844+00,2026-09-02 15:27:19.864951+00
b8229b8e-ad88-42eb-a6a5-3bad34066859,577e0acd-5956-483f-a5a4-0643bade880b,5fbae4d6-59d1-4e6c-8a80-fe57244a45bb,8633.78,2026-10-01,0,ACTIVE,,,,f,,0,,abc4d7bd-e221-4c52-9ad5-76a9ff557c58,2026-09-17 06:31:13.381709+00,2026-09-17 06:31:13.381713+00
e913e34d-44bf-41b7-bdd7-5a1d89a0486c,d37d59ba-8e3b-4bf8-9fec-984e843a9433,3e9c4168-1de9-43e8-b9f2-fbf3f931949d,10102.66,2026-10-24,0,ACTIVE,,,,f,,0,,abeaa9d9-e355-4080-9d56-fdc9a8e563b1,2026-09-18 06:37:23.045048+00,2026-09-18 06:37:23.045051+00
5b2cdbd7-5cba-4ff6-84c0-4653c18b82b3,daf21e43-140a-4e14-b2f9-edf2a90c880a,357e2e09-b637-468e-818b-57a5dce18e9c,13586.7,2026-10-08,0,ACTIVE,,,,f,,0,,ac0a3b2c-e5a8-4cfd-9728-ad1b8d7f5ece,2026-09-18 06:37:22.916159+00,2026-09-18 06:37:22.916163+00
5b2cdbd7-5cba-4ff6-84c0-4653c18b82b3,41e53844-809d-40ac-8ffe-d54411b17974,c33350cc-f581-492e-807f-14262d56ebcb,20695.37,2026-09-09,0,BROKEN,Awaiting client payment,Confirmed verbal commitment with borrower.,2026-09-08,f,,0,,ac6782e8-25ae-4602-9070-bf6f1abff4d0,2026-09-02 07:19:29.465051+00,2026-09-17 12:10:32.283406+00
d71c5dd8-8199-4430-a763-ad9c76ca11f5,2c54ecee-29ab-49d4-b6d7-6c7dfa5c7398,2b6de8aa-0976-4be0-8a40-043ff86ffa54,20590,2026-09-14,6216.62,PARTIALLY_HONORED,,,,f,,0,,ac9b3969-3d44-468b-b39a-aac65b24b537,2026-08-27 11:28:22.000249+00,2026-09-17 12:10:32.473756+00
8a823d39-0f0f-4eb2-84ec-4a101af856e6,62ff28aa-3f8f-42fa-ab3b-b33556f32709,cd9e6eca-028e-4c61-8e82-048327bc4476,21760,2026-09-13,0,HONORED,,,,f,,0,,acb835f2-cfbb-4c09-a6de-e5cb36af48ee,2026-08-27 11:28:21.888802+00,2026-09-02 15:27:19.864951+00
42179948-c504-4a0e-bd3d-d63ac011fc03,488ab13b-19e6-42e9-993f-bfba4f00507b,c2f2e0ce-5aeb-4ece-8325-2167edfe139e,65400,2026-03-19,0,BROKEN,Bank issue,,2026-03-18,f,,0,,acf0e1c3-a044-4732-94de-ded2a654311a,2026-08-27 11:28:08.441561+00,2026-09-02 15:27:19.864951+00
20ab749d-4aec-4b7f-99f9-61ad189fa4c4,e09066ef-eb4c-4c73-804b-b17da8e43d78,357e2e09-b637-468e-818b-57a5dce18e9c,1165.45,2026-09-04,440.32,PARTIALLY_HONORED,Family support,Confirmed verbal commitment with borrower.,2026-09-03,f,,0,,ad5d38c6-7763-4aad-9f1b-16206041cbec,2026-09-02 07:19:28.590197+00,2026-09-17 12:10:31.24145+00
530787a8-46ff-4d60-9928-0c31cd48f9c9,72beb397-c5b9-4749-a2a7-34c320b8caf4,2dfc73e0-dba9-4aa5-babf-d5141ded5497,2690,2026-08-30,0,HONORED,,,,f,,0,,ad83ca36-85fc-4ebd-8f5e-18aba8f9ad13,2026-08-27 11:28:22.641813+00,2026-09-02 15:27:19.864951+00
229b9d2b-8a26-406c-8468-c4f97cb05b43,aed5dbbf-dc50-4eca-af06-0a5aaeeabaa6,a13886ca-739b-47b4-a473-724e03f7332a,19930,2026-05-04,653.11,HONORED,Business loss,,2026-05-03,f,,0,,ad8c2d3e-cd33-4c17-a772-ea047cd1e2b1,2026-08-27 11:28:06.526698+00,2026-09-02 15:27:19.864951+00
529c6a4e-1f0b-4a52-ac81-5af402817e50,e6bce1e7-8ce2-496f-a7a3-19b4046c0b1d,a13886ca-739b-47b4-a473-724e03f7332a,4330,2026-04-02,0,BROKEN,,,2026-03-28,f,,0,,ade04975-c5f9-4db9-bd6e-7455d80faaf1,2026-08-27 11:28:08.478296+00,2026-09-02 15:27:19.864951+00
03aa1f4a-1b3a-48e9-af7a-31998ff0502d,e7c961b6-8055-4dbf-8ae4-37053fe3a6be,c37b6a5c-9d1c-46d4-8ece-dfce290dc74b,9480,2026-04-12,0,BROKEN,Family emergency,,2026-04-11,f,,0,,af81dbd8-31d2-426e-8069-3825c68b4b66,2026-08-27 11:28:07.842852+00,2026-09-02 15:27:19.864951+00
ce5b2708-b882-4707-9eb4-09c2bb1cc04d,ea30a241-774a-4488-a395-28107a502e71,5fbae4d6-59d1-4e6c-8a80-fe57244a45bb,11800,2026-09-04,0,BROKEN,Bank issue,,2026-09-03,f,,0,,afa2e67f-4962-4070-9f0d-0b2eb078b7fd,2026-08-27 11:28:01.171511+00,2026-09-02 15:27:19.864951+00
9b562759-5c7f-4aeb-be8c-8ce8dd68c330,a46a4a1c-ba6b-4975-9b6b-c22e19fea221,3aa13103-bd03-4578-9292-44d88d58da00,913.22,2026-08-30,2578.35,HONORED,,,,f,,0,,b0d7bbbb-0084-4b6f-a67c-b2386a6893b6,2026-08-27 11:28:10.794592+00,2026-09-17 12:10:30.579921+00
30cd97a1-177c-4b16-88f6-85e8b13f14c3,d3481f31-017b-4085-a39e-60fcc72cfaba,e9dced65-f61b-4c24-bae7-d4170299ed46,5670,2026-06-21,0,BROKEN,Crop failure,,2026-06-20,f,,0,,b164cafc-ec14-4bcc-bded-2790e8a5675b,2026-08-27 11:28:02.992835+00,2026-09-02 15:27:19.864951+00
fc5fe2fa-9b0c-4341-b09f-f052b7726345,ee682374-6e28-4137-ac17-02898b1bd4d8,cd9e6eca-028e-4c61-8e82-048327bc4476,19710,2026-04-07,0,RESCHEDULED,Out of city,,2026-03-26,f,,0,,b219fca8-ffe2-4e8e-846a-31e379dec178,2026-08-27 11:28:08.221107+00,2026-09-02 15:27:19.864951+00
91bc4a25-06af-4270-bd22-f76e3b907616,98b8e3aa-4738-46d0-ab02-bfdbba166e27,b06cd5a3-f1c0-4cdb-b241-9ce2d6c5e791,25000,2026-05-26,22713.07,HONORED,Bank issue,,2026-05-25,f,,0,,b2402f79-edef-4410-8d66-f21279d346f1,2026-08-27 11:28:04.487395+00,2026-09-02 15:27:19.864951+00
21b87ade-8289-4310-9bdb-2cc0b38250d6,7145a740-0979-46e4-b9f7-8928597fe539,3aa13103-bd03-4578-9292-44d88d58da00,9790,2026-08-01,0,BROKEN,Medical expenses,,2026-07-17,f,,0,,b3122495-87b9-4f31-801a-6b6d43b83c27,2026-08-27 11:28:01.959823+00,2026-09-02 15:27:19.864951+00
1f41e6e5-9586-4a49-b95d-1870225cc14c,1ea2d433-830f-4156-9746-fea0391e6e58,4a182f53-a1a1-4f15-945a-6a56f4e04b64,27391.63,2026-10-09,0,ACTIVE,,,,f,,0,,b3900484-ff74-460c-9452-3c6ffc435d16,2026-09-21 06:09:26.809176+00,2026-09-21 06:09:26.809184+00
bc20a3b3-87a5-441f-8eef-875fa6a96b3d,2fab8b25-518b-4e88-97e4-af9399c137cc,b06cd5a3-f1c0-4cdb-b241-9ce2d6c5e791,41300,2026-06-19,0,BROKEN,Bank issue,,2026-06-18,f,,0,,b3e30177-03b2-4733-9f16-9e5dc30d6ff8,2026-08-27 11:28:02.898163+00,2026-09-02 15:27:19.864951+00
572d8401-b7ad-463e-a567-1de62fac03f2,,2b6de8aa-0976-4be0-8a40-043ff86ffa54,5000,2026-08-27,0,HONORED,Shop collections come in by afternoon. Asked agent to visit after 5 PM.,PTP falls due today — follow up before 7 PM.,2026-08-27,f,,0,,b41edf0f-0442-41bf-829b-07c3c6520018,2026-08-27 11:28:21.796467+00,2026-09-02 15:27:19.864951+00
a02c182c-26e0-4a15-9618-c8ba98a3ac46,974955f8-16c2-4ee2-a8fa-4f9e4b4a231d,8e59153e-dc8e-4efa-af65-1db304a6f3f1,6460,2026-04-21,6299.19,HONORED,Medical expenses,,2026-04-03,f,,0,,b4761b90-1cdc-4862-b61d-859df9fc5ea1,2026-08-27 11:28:08.116179+00,2026-09-02 15:27:19.864951+00
197f73a0-ba74-47eb-952a-b22aa1993bdc,99cbe443-8c4a-40e9-b195-7acfda8aa776,cd9e6eca-028e-4c61-8e82-048327bc4476,8953.95,2026-09-04,0,BROKEN,Bank transfer processing,Confirmed verbal commitment with borrower.,2026-09-03,f,,0,,b4a8f5ba-e03a-4bf9-8067-690cd462d6c4,2026-09-02 07:19:29.195168+00,2026-09-17 12:10:31.253292+00
758e3854-5f4b-4002-9311-ba1e44c87b38,ef352211-dd23-4aa7-ba44-856b80132d73,8e59153e-dc8e-4efa-af65-1db304a6f3f1,6252.8,2026-10-19,0,ACTIVE,,,,f,,0,,b5784026-466e-419a-b9b3-82bb72671321,2026-09-17 06:31:13.484952+00,2026-09-17 06:31:13.484956+00
2225f3bc-7cec-4e92-a285-e44e953ecfc9,af8772de-e59f-4f38-93e5-94faa7ad4ccf,c2f2e0ce-5aeb-4ece-8325-2167edfe139e,1461.12,2026-09-04,0,HONORED,,,,f,,0,,b579ac2e-a2a0-466e-87bb-0a8da89fd669,2026-08-27 11:28:10.738187+00,2026-09-03 05:17:22.450095+00
36ce7c7b-b3e1-46f2-8ad1-75f73879c325,fc93af38-6151-4b1f-8efd-ab3b1ab0e505,a2e2555c-f597-43af-a77a-fe708f967218,3000,2026-08-17,0,BROKEN,Gold loan EMI came due same date — funds exhausted.,,,f,,0,,b5cfac14-36f2-4f78-9d5b-4c1ed3d0ef1b,2026-08-27 11:28:09.676874+00,2026-09-02 15:27:19.864951+00
2177bcc9-fb49-4931-ac5d-617b3df17159,559a73d5-a28b-4a41-9b2e-7b54aec1c60e,4a182f53-a1a1-4f15-945a-6a56f4e04b64,1115.8,2026-09-07,0,BROKEN,Bank transfer processing,Confirmed verbal commitment with borrower.,2026-09-06,f,,0,,b5dd36ca-4e54-40b3-a739-33bd874b5241,2026-09-02 07:19:30.100786+00,2026-09-17 12:10:31.847572+00
1d52bd4e-f848-4df5-b573-a3785cd74a18,ebd365ff-69dd-48f7-a6e6-0f3866a66137,a2e2555c-f597-43af-a77a-fe708f967218,22622.08,2026-09-28,0,ACTIVE,,,,f,,0,,b6075270-75a6-48f9-814e-0b1e1ceb0274,2026-09-17 06:31:13.218808+00,2026-09-17 06:31:13.218811+00
687c662b-de33-46e2-9ba4-072b54b1878b,fa885c21-5b7e-4b5c-86e3-d0f62f2cb62b,357e2e09-b637-468e-818b-57a5dce18e9c,9790,2026-06-08,38378.7,HONORED,Bank issue,,2026-06-07,f,,0,,b6296c9b-2812-4988-8d9b-0744e36758bd,2026-08-27 11:28:04.25218+00,2026-09-02 15:27:19.864951+00
7ca8c218-7e88-4ee8-b17a-f8748618f9e7,4f7ccf06-6d26-4cab-8d58-094ed62fb6f8,3e9c4168-1de9-43e8-b9f2-fbf3f931949d,26640,2026-03-28,0,BROKEN,Family emergency,,2026-03-27,f,,0,,b643c96b-93b2-4b54-aad8-a95ffb92480d,2026-08-27 11:28:08.050779+00,2026-09-02 15:27:19.864951+00
caef9f74-2f06-4aeb-b672-b7f468b501ea,b3088f1d-0d66-4847-9c3d-f86619ed3d96,5fbae4d6-59d1-4e6c-8a80-fe57244a45bb,12016.85,2026-09-07,6249.39,PARTIALLY_HONORED,Awaiting client payment,Confirmed verbal commitment with borrower.,2026-09-06,f,,0,,b6749a93-fe98-4c25-b2b9-6d49d860bdb0,2026-09-02 07:19:29.755163+00,2026-09-17 12:10:31.86374+00
4c49d03f-12db-465c-a124-730c4533b75a,e06f82e7-9a3e-49a6-99d1-f63614cecc4d,a2e2555c-f597-43af-a77a-fe708f967218,2488,2026-09-30,0,ACTIVE,,,,f,,0,,b7071356-99a1-4dea-a377-efedb8076c33,2026-09-18 06:37:22.898358+00,2026-09-18 06:37:22.898362+00
5e694470-a2b3-4cb2-b8d5-64271d6a5c40,d356ff93-41d2-404c-a778-f4cad983d763,c33350cc-f581-492e-807f-14262d56ebcb,9710.66,2026-10-15,0,ACTIVE,,,,f,,0,,b77f0fc5-813d-43ff-bba3-590d4a8ddb31,2026-09-21 06:09:26.756725+00,2026-09-21 06:09:26.75673+00
30cd97a1-177c-4b16-88f6-85e8b13f14c3,246f3477-76ea-4d47-8b50-a84591d445de,e9dced65-f61b-4c24-bae7-d4170299ed46,5670,2026-06-24,263.97,HONORED,Salary delayed,,2026-06-15,f,,0,,b8a86dac-da18-4de2-9b7c-e761f12cd0ea,2026-08-27 11:28:03.002426+00,2026-09-02 15:27:19.864951+00
ffe94d1b-afe5-497e-bcb7-0fe8fbe13169,71bf0e27-ebe0-4c53-8398-6bd1a7512ff0,a13886ca-739b-47b4-a473-724e03f7332a,6268,2026-08-27,0,BROKEN,,,,f,,0,,b8e58921-9db4-4ec3-8896-a092398edb67,2026-08-27 11:28:11.178444+00,2026-09-17 12:10:32.566236+00
6380955b-a9f4-4ec4-8740-c0e3a57e72c4,5d21162a-cc21-4395-80d4-aabc19040d24,2dfc73e0-dba9-4aa5-babf-d5141ded5497,14627.35,2026-10-22,0,ACTIVE,,,,f,,0,,ba50dbbd-7dc7-42f3-aa1b-5a273cab2f52,2026-09-18 06:37:22.331495+00,2026-09-18 06:37:22.331498+00
966b3a4f-c1ca-427e-8c76-d394ca8bd8d3,52978b22-b846-4224-b9c3-efdd502d3a1b,e9dced65-f61b-4c24-bae7-d4170299ed46,18060,2026-04-05,20510.1,HONORED,Salary delayed,,2026-04-04,f,,0,,bad51ed1-6e7c-41e6-8f55-2b8e9e4e7d36,2026-08-27 11:28:07.974309+00,2026-09-02 15:27:19.864951+00
e1ced437-5690-4273-87b2-869495f5e1cf,1dad580e-44d9-4cca-9c04-965bd23f18e9,e9dced65-f61b-4c24-bae7-d4170299ed46,1278.79,2026-08-27,0,HONORED,,,,f,,0,,bb53cb5d-e9c5-4a9a-b439-d4badad03b9f,2026-08-27 11:28:10.914577+00,2026-09-03 05:17:22.450095+00
baa4293b-7ffc-4eb2-9761-90f8ff594f25,717b9716-0723-4122-bb59-9dd8799e8ab5,c33350cc-f581-492e-807f-14262d56ebcb,22236.29,2026-09-25,0,ACTIVE,,,,f,,0,,bbe887d6-7194-4eae-ac0d-49ce1180f669,2026-09-18 06:37:23.128067+00,2026-09-18 06:37:23.12807+00
71c58814-576f-4502-b879-07b031ab52de,eb90bcf3-477e-4012-a097-586729650b8e,4a182f53-a1a1-4f15-945a-6a56f4e04b64,23880.46,2026-09-28,0,ACTIVE,,,,f,,0,,bc28ce36-b406-40d0-869a-854e7087c5ec,2026-09-18 06:37:23.137224+00,2026-09-18 06:37:23.137228+00
8d3faa6e-13c3-4177-9659-1041524431d6,31b92c09-fb3c-495d-a248-d267176da2b8,2dfc73e0-dba9-4aa5-babf-d5141ded5497,18480,2026-06-06,0,BROKEN,,,2026-05-26,f,,0,,bc2a1b3e-1a34-425c-b5bc-41b8f1d9afbe,2026-08-27 11:28:04.381487+00,2026-09-02 15:27:19.864951+00
7d70e38d-db1f-4c51-ab35-52d8d59a2df2,e33546b9-76bc-4573-a67b-5b8522ea2f3f,a13886ca-739b-47b4-a473-724e03f7332a,28130,2026-04-26,17786.38,HONORED,Business loss,,2026-04-17,f,,0,,bd2af07e-4854-455e-8d0b-6148df2bffa0,2026-08-27 11:28:05.882836+00,2026-09-02 15:27:19.864951+00
86535b62-df6b-4425-b3cf-cef873a9ce57,425f09d8-b053-4e82-9245-12b5657612eb,a2e2555c-f597-43af-a77a-fe708f967218,20000,2026-05-17,208805.01,HONORED,Salary delayed,,2026-05-16,f,,0,,bd31e926-62ae-4edc-8f91-c797c3be8b70,2026-08-27 11:28:04.482121+00,2026-09-02 15:27:19.864951+00
c47a39d3-26c6-4e16-8030-1465ffc627d6,1561e409-dff2-4ee7-917b-9f6d723332e3,4a182f53-a1a1-4f15-945a-6a56f4e04b64,14540,2026-07-13,0,BROKEN,Crop failure,,2026-07-12,f,,0,,bdbecaea-859d-4606-9b59-ab3234ddab85,2026-08-27 11:28:02.018507+00,2026-09-02 15:27:19.864951+00
0835bfa3-c594-4b5c-bcfa-abdc7dddabec,7ae9e6a0-a097-4c2a-af3b-e5f8278b2dd3,3e9c4168-1de9-43e8-b9f2-fbf3f931949d,9460,2026-04-18,0,RESCHEDULED,Out of city,,2026-04-17,f,,0,,bef83222-cac7-4dd6-ba0a-df1fdba54625,2026-08-27 11:28:06.329191+00,2026-09-02 15:27:19.864951+00
60238f85-7171-4ad6-919c-9391ada6b41b,1bf4d9b2-7927-4cdf-9a54-9e7660badc04,3aa13103-bd03-4578-9292-44d88d58da00,20060.63,2026-10-07,0,ACTIVE,,,,f,,0,,bf1d90a9-7133-4896-b26c-26a41bce2309,2026-09-17 06:31:13.348152+00,2026-09-17 06:31:13.348155+00
84cf0e65-84f0-4d57-bf8f-74dbb3e22d5e,37b5e2d3-f94d-402a-a267-1cba0ac58f0a,c2f2e0ce-5aeb-4ece-8325-2167edfe139e,1932.75,2026-08-27,19136.93,HONORED,,,,f,,0,,c0910016-94c1-4693-b9d6-76a60db9bfc7,2026-08-27 11:28:10.776288+00,2026-09-17 12:10:30.361155+00
7bd447a1-3659-4eda-a558-5383c7cebdfc,92837ef6-42ae-4f44-a917-cf88d69d398d,2dfc73e0-dba9-4aa5-babf-d5141ded5497,2364.31,2026-08-27,0,HONORED,,,,f,,0,,c0e9a296-8543-4947-9e02-e5bb8cf880a7,2026-08-27 11:28:10.693807+00,2026-09-02 15:27:19.864951+00
a6bade33-5ff9-4464-946f-f7acf7a17634,420831a5-89a1-46dd-a7f5-1950ed5c4d12,3aa13103-bd03-4578-9292-44d88d58da00,17693.62,2026-11-19,0,ACTIVE,,,,f,,0,,c100c99c-c97b-4821-95d5-24b28b9734bb,2026-09-21 06:09:26.484709+00,2026-09-21 06:09:26.484712+00
f957f6c4-9ff4-42f8-a84b-1178a06615ba,aa675b74-0128-47a8-bf01-ba8f819a3b26,a13886ca-739b-47b4-a473-724e03f7332a,21330,2026-09-05,0,BROKEN,,,,f,,0,,c18f06cd-c235-411b-b474-93934ef8721f,2026-08-27 11:28:24.165699+00,2026-09-17 12:10:32.710644+00
7a7d3afd-2cab-4ebb-98e0-4f64e0796e8a,,2b6de8aa-0976-4be0-8a40-043ff86ffa54,3710,2026-08-15,2314.27,HONORED,,Demo PTP,,f,,0,,c1d9cd66-3e83-48fd-b98e-cf8931e0a983,2026-08-27 11:28:21.784334+00,2026-09-02 15:27:19.864951+00
052d2c1d-d8c4-43d3-b548-cffde5a3571e,b4ef234c-3d55-4a76-8d4c-17138695bffb,e9dced65-f61b-4c24-bae7-d4170299ed46,17000,2026-06-04,51493.69,HONORED,,,2026-06-03,f,,0,,c21f773a-65d7-4c23-8cf4-ed74524cd99a,2026-08-27 11:28:04.131257+00,2026-09-02 15:27:19.864951+00
bb26ea9a-2102-4eac-b118-cc5845d2ba53,3df34e57-5646-43b6-b290-43ceed81ff00,2dfc73e0-dba9-4aa5-babf-d5141ded5497,27610,2026-07-24,0,BROKEN,Crop failure,,2026-07-23,f,,0,,c2333224-3ecf-412a-8431-1460abb3f3bd,2026-08-27 11:28:01.99962+00,2026-09-02 15:27:19.864951+00
724c3ed9-c91d-452d-8b52-b8ab1de479b2,881c671c-87a2-4b40-8888-7a3bdf20ed5d,2dfc73e0-dba9-4aa5-babf-d5141ded5497,21740,2026-09-10,0,HONORED,,,,f,,0,,c2bc9297-4dd7-420d-8db4-c0d99a3acca5,2026-08-27 11:28:22.664431+00,2026-09-02 15:27:19.864951+00
93993985-c111-4838-9bc1-1f04f4d77303,829a2f98-68a2-4e8e-973b-344ba4a22c9d,2dfc73e0-dba9-4aa5-babf-d5141ded5497,18804.26,2026-10-19,0,ACTIVE,,,,f,,0,,c314c5d2-0352-4d42-b334-85a992845c21,2026-09-18 06:37:22.747775+00,2026-09-18 06:37:22.747778+00
8d3faa6e-13c3-4177-9659-1041524431d6,1fa400bd-dace-4414-95b3-e435b34df76a,2dfc73e0-dba9-4aa5-babf-d5141ded5497,18480,2026-06-05,0,RESCHEDULED,Medical expenses,,2026-06-04,f,,0,,c317b3e8-3d97-4796-8928-bbe93a248a16,2026-08-27 11:28:04.37926+00,2026-09-02 15:27:19.864951+00
19cde866-4a31-4862-bd15-c59584585719,cb972dc1-0d74-4c37-8ab5-40e2503f88b3,1d5e58e8-954e-4d6c-b13c-6e6d614cb588,8540,2026-07-24,0,BROKEN,Medical expenses,,2026-07-23,f,,0,,c34a2a4f-259a-41a0-83a2-0df2ba2a6d98,2026-08-27 11:28:02.095617+00,2026-09-02 15:27:19.864951+00
d08aa9f8-8150-4874-9038-95d58b359782,30adaf06-883b-4740-9eba-f5497e555236,a13886ca-739b-47b4-a473-724e03f7332a,11340,2026-09-07,1558.25,PARTIALLY_HONORED,,,,f,,0,,c4020cfd-fd7e-45d2-8f73-a05dafa3f1c6,2026-08-27 11:28:24.106693+00,2026-09-17 12:10:32.769214+00
6d5a9180-3887-40d3-b0e8-049d9908b964,d9ff0515-fb03-4655-9b9b-1af66d363e4a,c33350cc-f581-492e-807f-14262d56ebcb,10111.2,2026-10-04,0,ACTIVE,,,,f,,0,,c4392b02-d0a2-4850-8548-e3e8c41929ff,2026-09-18 06:37:22.995245+00,2026-09-18 06:37:22.995249+00
e06fe636-8d76-4561-9e23-4af0e13d79ca,96e1b0be-dbac-478e-8d26-785e615e4b2c,4a182f53-a1a1-4f15-945a-6a56f4e04b64,3318.9,2026-08-27,0,BROKEN,,,,f,,0,,c45bd72c-232a-4ad3-9ee1-c8e216d12ea9,2026-08-27 11:28:11.079763+00,2026-09-17 12:10:30.377226+00
614dd4e5-b94b-4866-99ad-8613beef76ba,88604935-3cf6-4327-921f-d4fc736f7ec8,c37b6a5c-9d1c-46d4-8ece-dfce290dc74b,2037.15,2026-09-06,0,BROKEN,Bank transfer processing,Confirmed verbal commitment with borrower.,2026-09-05,t,2026-09-06 13:30:50.235466+00,0,,c461e380-34bd-4eb7-b562-78ecf45de288,2026-09-02 07:19:29.065052+00,2026-09-17 12:10:31.649882+00
2e7b44a7-cff8-456f-85f2-f412c28a5e99,ed8f35d0-0e44-433b-b298-d23a58a9ec6c,a13886ca-739b-47b4-a473-724e03f7332a,9330,2026-09-09,0,HONORED,,,,f,,0,,c46bf091-ac34-447b-99a9-a1ec10ae9f67,2026-08-27 11:28:24.055209+00,2026-09-02 15:27:19.864951+00
155cc034-5ebd-434f-81a4-c8bd4239db88,70c37c21-489c-4c6d-92c6-9a234d7ce896,b06cd5a3-f1c0-4cdb-b241-9ce2d6c5e791,40650,2026-07-30,0,BROKEN,Salary delayed,,2026-07-29,f,,0,,c62f1bba-fb95-4489-a986-76b59d27ad01,2026-08-27 11:28:01.85157+00,2026-09-02 15:27:19.864951+00
99c2fb5d-70cb-4ce3-b012-4eced8b3258b,3a9fd9a4-56de-45c7-8b33-b5b5a079f0ac,3e9c4168-1de9-43e8-b9f2-fbf3f931949d,7497.53,2026-09-26,0,ACTIVE,,,,f,,0,,c64345cd-d2d9-4617-a7d3-4f3439837ec0,2026-09-18 06:37:22.552863+00,2026-09-18 06:37:22.552866+00
b4999caa-368f-427b-baf0-755482b4b399,a29b6a15-5e3e-4832-9b98-ed4eb6f26ecd,2dfc73e0-dba9-4aa5-babf-d5141ded5497,34100,2026-04-27,0,BROKEN,,,2026-04-26,f,,0,,c67fb194-9a68-4e40-881b-a53617a25d25,2026-08-27 11:28:06.049346+00,2026-09-02 15:27:19.864951+00
4d557c56-759e-4bd6-88b0-d16b1d296c19,26692984-368c-4698-9d76-28cf804f51a5,e9dced65-f61b-4c24-bae7-d4170299ed46,1980.17,2026-09-07,0,BROKEN,Awaiting client payment,Confirmed verbal commitment with borrower.,2026-09-06,f,,0,,c6d0de3c-b644-4f06-9d37-7f4482435ac9,2026-09-02 07:19:29.53488+00,2026-09-17 12:10:31.876178+00
0f76db77-f023-41f8-bd7c-120685fcdd1a,3bfee120-8af3-4c9e-a9ab-42310b676b29,cd9e6eca-028e-4c61-8e82-048327bc4476,7284.84,2026-09-28,0,ACTIVE,,,,f,,0,,c72a711d-a6ea-4b2c-babf-aa74661b7084,2026-09-18 06:37:22.614554+00,2026-09-18 06:37:22.614558+00
307bb3f8-39e7-4e74-b969-31741e5fbfca,306f7fdb-dfb6-4f59-b89f-3b07d49cb08e,3e9c4168-1de9-43e8-b9f2-fbf3f931949d,9012.04,2026-10-05,0,ACTIVE,,,,f,,0,,c74d4a16-2adf-44ec-875b-ac51336c924c,2026-09-18 06:37:22.171639+00,2026-09-18 06:37:22.171644+00
8731769b-8548-42c9-a7df-31767b32cebd,df08e554-5980-4f8a-a5b1-cce5fe6bfff9,4a182f53-a1a1-4f15-945a-6a56f4e04b64,12101.67,2026-10-03,0,ACTIVE,,,,f,,0,,c74e7337-9473-4b3b-b896-51839f557fdb,2026-09-18 06:37:23.167266+00,2026-09-18 06:37:23.167269+00
d746456f-7775-4027-9165-1ecce762e6cb,4e426d2f-4de9-40c6-b659-285b51ba00ea,a13886ca-739b-47b4-a473-724e03f7332a,12670,2026-06-03,40240.01,HONORED,Crop failure,,2026-06-02,f,,0,,c7560b5d-9373-4dcc-84af-9dc4f4cef9b1,2026-08-27 11:28:04.714767+00,2026-09-02 15:27:19.864951+00
8731769b-8548-42c9-a7df-31767b32cebd,04bfdc25-8c44-407b-8a92-094a74d7ceef,4a182f53-a1a1-4f15-945a-6a56f4e04b64,21787.3,2026-09-04,0,BROKEN,Salary on 5th,Confirmed verbal commitment with borrower.,2026-09-03,f,,0,,c75fea02-c90d-4f79-a1be-a34134c210e2,2026-09-02 07:19:30.147632+00,2026-09-17 12:10:31.266568+00
16950419-bf0b-46d4-98a0-7ca6980b606a,d647df27-c9a4-477d-958d-b46ccdbd6428,3e9c4168-1de9-43e8-b9f2-fbf3f931949d,7016.96,2026-09-06,4252.89,PARTIALLY_HONORED,Awaiting client payment,Confirmed verbal commitment with borrower.,2026-09-05,t,2026-09-06 13:30:50.235469+00,0,,c7633e26-a4f2-48f9-95f2-ce3aeef78c41,2026-09-02 07:19:29.912375+00,2026-09-17 12:10:31.663209+00
c225c89c-2247-40a6-9d26-a44dc94f1a53,982b6efd-23c9-4952-b439-70595c50f86f,b06cd5a3-f1c0-4cdb-b241-9ce2d6c5e791,13330,2026-09-05,0,BROKEN,,,,f,,0,,c76ce10c-1a70-445b-bdd4-27aa6a2b587a,2026-08-27 11:28:24.307954+00,2026-09-17 12:10:32.721322+00
11a9c6df-ad17-4697-a827-b3ff241e4530,0b94cf1d-bd23-4b37-8405-47829d79a7be,c37b6a5c-9d1c-46d4-8ece-dfce290dc74b,8880,2026-03-27,606.81,HONORED,Medical expenses,,2026-03-12,f,,0,,c7a0f543-d173-473e-bcc5-b025d87c2d5c,2026-08-27 11:28:08.067618+00,2026-09-02 15:27:19.864951+00
89cdc744-de13-40a2-882e-09423d699e57,fbdac111-7d33-459e-bf52-97742fe30f54,c37b6a5c-9d1c-46d4-8ece-dfce290dc74b,13260,2026-08-30,0,HONORED,,,,f,,0,,c82c9e14-4c83-42f2-bbbf-4dec00a8b358,2026-08-27 11:28:22.15942+00,2026-09-02 15:27:19.864951+00
4e1884d2-56dd-4e27-be8e-3812627417f9,27dfa8a4-63ad-43ca-a499-60c457d81bda,cd9e6eca-028e-4c61-8e82-048327bc4476,1177.88,2026-09-06,409.45,PARTIALLY_HONORED,Family support,Confirmed verbal commitment with borrower.,2026-09-05,t,2026-09-06 13:30:50.235472+00,0,,c8e2b900-e728-42e5-b31e-021263acb97e,2026-09-02 07:19:29.176995+00,2026-09-17 12:10:31.67557+00
202a5b19-ee25-437b-866c-30a8ac2a307e,5c86bea3-9725-4a77-bd9e-1116f8d0c041,3aa13103-bd03-4578-9292-44d88d58da00,22589.14,2026-09-25,0,ACTIVE,,,,f,,0,,c8e40c6b-a8be-4386-a456-d10220da3326,2026-09-18 06:37:23.189059+00,2026-09-18 06:37:23.189063+00
3e14b46d-327a-46b1-9ac5-240d9689141b,c7aeab8f-2b0c-4535-9d3d-8feeddc12cdb,a2e2555c-f597-43af-a77a-fe708f967218,4839.8,2026-10-10,0,ACTIVE,,,,f,,0,,c9a4f20e-2982-4e86-98af-9c02579a2dea,2026-09-21 06:09:26.444009+00,2026-09-21 06:09:26.444013+00
21e04eb6-4829-40da-8c00-5a85e1d29038,8e796229-5cb5-4214-81fd-2f9b5918427b,4a182f53-a1a1-4f15-945a-6a56f4e04b64,9831.09,2026-10-09,0,ACTIVE,,,,f,,0,,cac60e3e-8105-487e-8f09-dfd90765a04c,2026-09-21 06:09:26.829202+00,2026-09-21 06:09:26.829207+00
caef9f74-2f06-4aeb-b672-b7f468b501ea,9cbf3b14-43d5-4938-9c0c-582c2c94b3a2,5fbae4d6-59d1-4e6c-8a80-fe57244a45bb,10334.5,2026-09-07,6249.39,PARTIALLY_HONORED,Bank transfer processing,Confirmed verbal commitment with borrower.,2026-09-06,f,,0,,cb6a5111-006f-4950-a19a-92463b36e301,2026-09-02 07:19:29.698859+00,2026-09-17 12:10:31.889078+00
a3e3d0c4-7c57-43d7-b44b-97706b1fb4f8,47596788-1e61-483f-b699-726346e6e0a7,1d5e58e8-954e-4d6c-b13c-6e6d614cb588,51090,2026-09-02,0,BROKEN,,,,t,2026-09-02 05:53:51.374421+00,0,,cb75eee3-a941-4ee9-8d03-8d5e607df329,2026-08-27 11:28:11.12313+00,2026-09-17 12:10:32.609244+00
9185b404-ac2f-4b3f-89aa-2a9952df16fb,71a6d325-68eb-4cca-a474-c640ce19a7bb,cd9e6eca-028e-4c61-8e82-048327bc4476,4890,2026-04-12,0,BROKEN,Salary delayed,,2026-04-11,f,,0,,cb8e6641-fb9b-4136-a811-2da14dc1a6ea,2026-08-27 11:28:08.254844+00,2026-09-02 15:27:19.864951+00
a91b2719-8e08-4b6a-80dd-211650b9c023,b74a136b-39b5-4c8f-a88d-0b86dcce9a32,5fbae4d6-59d1-4e6c-8a80-fe57244a45bb,32830,2026-05-18,0,BROKEN,Medical expenses,,2026-05-17,f,,0,,cd5ed231-fa0b-4577-9399-8994ce57e858,2026-08-27 11:28:04.661573+00,2026-09-02 15:27:19.864951+00
6a4e045e-c3e4-4adb-b3df-1f9a6dea2783,f84b41ce-335b-408a-9447-8bae8f2843dc,2b6de8aa-0976-4be0-8a40-043ff86ffa54,2420,2026-05-20,2536.43,HONORED,Salary delayed,,2026-05-19,f,,0,,cdc2a047-8955-442e-ad81-f23dbad10812,2026-08-27 11:28:04.64417+00,2026-09-02 15:27:19.864951+00
431598c9-666d-4457-a972-b4a6821d845a,68c328ba-ea72-4b1a-b18c-55159804a363,357e2e09-b637-468e-818b-57a5dce18e9c,1487.34,2026-09-28,0,ACTIVE,,,,f,,0,,ce2d6e6f-3faf-433c-9c48-5d958a93ef8c,2026-09-18 06:37:23.11787+00,2026-09-18 06:37:23.117873+00
6ae2c7b4-2bad-47f3-b5d0-33d93534225b,ad23ee2f-0ee2-434b-b91f-8e694cf9728e,a2e2555c-f597-43af-a77a-fe708f967218,10057.44,2026-11-20,0,ACTIVE,,,,f,,0,,ce3d3e20-8bc6-40a9-8027-2be7f352fbc5,2026-09-21 06:09:26.466354+00,2026-09-21 06:09:26.466357+00
a0c954b0-a65a-4722-8877-b5fd20a455ca,df609511-f3ce-45a6-b5a8-acd55989a212,c33350cc-f581-492e-807f-14262d56ebcb,4831.08,2026-08-31,38428.92,HONORED,,,,t,2026-08-31 04:40:23.16916+00,0,,ce3e6ab8-3357-42c4-8326-1b104e80a4ec,2026-08-27 11:28:10.877712+00,2026-09-17 12:10:30.69658+00
d1483dff-17f9-45b3-a291-e57d854c32a4,2352ef99-551a-4c12-9ac1-dd774ab8f249,3aa13103-bd03-4578-9292-44d88d58da00,29370,2026-07-30,0,BROKEN,Salary delayed,,2026-07-29,f,,0,,ce5ab7f7-d416-4831-a1df-dc8b08ec4d7c,2026-08-27 11:28:02.008817+00,2026-09-02 15:27:19.864951+00
4988c57e-5ccd-439c-9a74-42d4ef6c88c6,b8bd95b0-7056-4211-b30f-cf1d8415bc79,c33350cc-f581-492e-807f-14262d56ebcb,3290,2026-09-07,0,BROKEN,,,,f,,0,,ce9aade3-15af-4ca3-b3de-2abbafd6ca7d,2026-08-27 11:28:23.208458+00,2026-09-17 12:10:31.901487+00
f9e52765-4052-431b-96b8-5e8f9046e2cc,56101ddc-d447-457e-ada4-769af89d1e16,1d5e58e8-954e-4d6c-b13c-6e6d614cb588,5301.41,2026-09-08,0,BROKEN,Salary on 5th,Confirmed verbal commitment with borrower.,2026-09-07,f,,0,,cea6b8ee-f109-4b5f-8363-02c56522c838,2026-09-02 07:19:28.865185+00,2026-09-17 12:10:32.791155+00
50664ed5-e23c-4ae7-b9a0-1f80ab19dba5,c2598b25-1b02-47f9-8f91-5fa59d89e98b,c6ca60b7-2143-412b-887e-c30ae9cda031,19930,2026-07-21,0,BROKEN,,,2026-07-16,f,,0,,ceccf99f-6227-4d27-bbef-850d5f5f127d,2026-08-27 11:28:01.570031+00,2026-09-02 15:27:19.864951+00
0dd4efa3-5313-45ec-b85d-9504b05b43ea,8eec83ac-ca14-4069-b2fe-c58dd6eee040,c2f2e0ce-5aeb-4ece-8325-2167edfe139e,7750.37,2026-09-07,0,BROKEN,Bank transfer processing,Confirmed verbal commitment with borrower.,2026-09-06,f,,0,,ceddf406-cdac-47fb-84fb-11fe3241118e,2026-09-02 07:19:29.806417+00,2026-09-17 12:10:31.915656+00
2542c63e-9609-4a84-9c31-8db2975c0aba,ece62798-d9a1-4fba-8a8a-3667c6d4ccd5,3e9c4168-1de9-43e8-b9f2-fbf3f931949d,10080.14,2026-09-04,0,BROKEN,Bank transfer processing,Confirmed verbal commitment with borrower.,2026-09-03,f,,0,,cf03af89-419f-4b95-86b3-9e27bf691578,2026-09-02 07:19:29.994877+00,2026-09-17 12:10:31.281843+00
f4aeb768-8bb1-4996-8a9a-394eb6f494b7,ea9b535f-6a8a-45c5-99b9-3c5705e50e81,357e2e09-b637-468e-818b-57a5dce18e9c,26150,2026-04-21,55719.02,HONORED,Bank issue,,2026-04-13,f,,0,,cfd27fe1-12c1-42bf-b0c1-04321173ba49,2026-08-27 11:28:06.232845+00,2026-09-02 15:27:19.864951+00
7ec158f4-1f70-44f4-acdb-8edf6d8b9657,192c3da8-d409-4268-9df2-686cf8ab29f0,c37b6a5c-9d1c-46d4-8ece-dfce290dc74b,25424,2026-08-27,0,BROKEN,,,,f,,0,,d0363d79-51f6-4d64-aff0-3eea3fe1fa41,2026-08-27 11:28:10.467024+00,2026-09-17 12:10:30.391115+00
caee1595-0e1a-4efd-99cf-2818c8c86334,fd4726c8-cf44-4f83-b880-29bd71de34d2,cd9e6eca-028e-4c61-8e82-048327bc4476,18480,2026-06-03,0,BROKEN,,,2026-06-02,f,,0,,d054c1b0-762f-4459-8993-63eab8db47c8,2026-08-27 11:28:04.320226+00,2026-09-02 15:27:19.864951+00
05568278-e64e-4408-9875-2190a42ba943,c2cb82df-5e3e-4f04-8a75-f62b18ec5c10,3aa13103-bd03-4578-9292-44d88d58da00,8590,2026-08-30,0,HONORED,,,,f,,0,,d07398c8-d6d8-4e0c-bc05-61d8268417e2,2026-08-27 11:28:10.826596+00,2026-09-02 15:27:19.864951+00
8f232ce3-7ff4-47a3-9e19-ccb8cd576b0a,70f64ef6-09d2-4a15-b500-28ce35bc9443,c33350cc-f581-492e-807f-14262d56ebcb,3130,2026-06-03,0,BROKEN,Salary delayed,,2026-05-18,f,,0,,d086d6e4-119e-4aec-b2ee-95fde8d3ebf8,2026-08-27 11:28:04.049648+00,2026-09-02 15:27:19.864951+00
0b1c4cbe-4a8f-4df9-bb99-ee02c91644f3,12116a81-3d71-4c7c-93c6-3f1b78f2b695,2b6de8aa-0976-4be0-8a40-043ff86ffa54,1500,2026-09-15,0,BROKEN,,,,f,,0,,d090b1ea-3e7d-4996-a3c3-985765e4576b,2026-08-27 11:28:21.98217+00,2026-09-17 12:10:32.530665+00
529c6a4e-1f0b-4a52-ac81-5af402817e50,948c7936-46a4-4a03-a4e6-6c3bf5a276f0,a13886ca-739b-47b4-a473-724e03f7332a,4330,2026-04-02,0,BROKEN,Salary delayed,,2026-04-01,f,,0,,d0a0a01f-c81a-4b16-abf0-020de1fca551,2026-08-27 11:28:08.47641+00,2026-09-02 15:27:19.864951+00
168381de-df09-4c1c-8940-e492f1c510a3,916233fb-6868-4dbb-a033-fa5cf9674326,2dfc73e0-dba9-4aa5-babf-d5141ded5497,4000,2026-05-05,0,BROKEN,Family emergency,,2026-04-24,f,,0,,d15bd8b3-6722-4531-beed-7af61d4d5b0e,2026-08-27 11:28:06.060183+00,2026-09-02 15:27:19.864951+00
4855d7b0-7acf-4756-9f34-41e0e9461c2a,ce8ce130-710d-4b09-96fa-fa08f072b1a0,3e9c4168-1de9-43e8-b9f2-fbf3f931949d,8290,2026-04-23,0,BROKEN,Medical expenses,,2026-04-22,f,,0,,d19cb644-e7ec-405a-b5fa-7fdb7cf8fd0c,2026-08-27 11:28:06.391495+00,2026-09-02 15:27:19.864951+00
61404458-4d6f-46c4-a554-aefd7cd14cb3,5eca401b-e71f-4563-8c00-c6f71be409a8,c37b6a5c-9d1c-46d4-8ece-dfce290dc74b,26388.21,2026-10-14,0,ACTIVE,,,,f,,0,,d2255dd2-405c-4cbb-9498-63dc425ac1f9,2026-09-17 06:31:12.833951+00,2026-09-17 06:31:12.833954+00
e34137fd-e6c1-4393-a80d-40b5b302234c,d6d5a170-96f3-44e6-be07-4eff62935224,4a182f53-a1a1-4f15-945a-6a56f4e04b64,3636.47,2026-09-08,0,BROKEN,Family support,Confirmed verbal commitment with borrower.,2026-09-07,f,,0,,d2781079-cbc9-46b2-a59e-d550caed3949,2026-09-02 07:19:30.17019+00,2026-09-17 12:10:32.18951+00
4c6b679e-314a-4506-9004-a064ec58d1b4,,2b6de8aa-0976-4be0-8a40-043ff86ffa54,9970,2026-08-09,84795.44,HONORED,,Demo PTP,,f,,0,,d28b3381-2b92-4f8c-80bb-d8c3c2bec14b,2026-08-27 11:28:21.790029+00,2026-09-02 15:27:19.864951+00
d2b6e704-5ac5-45c1-b5cb-4a10ff082bd9,3bd4d16a-19ec-4c9d-be6b-680f41daf426,b06cd5a3-f1c0-4cdb-b241-9ce2d6c5e791,30130.5,2026-09-09,0,BROKEN,Salary on 5th,Confirmed verbal commitment with borrower.,2026-09-08,f,,0,,d295c1cb-b2da-431f-ba33-2c8c8a4fad3c,2026-09-02 07:19:30.464015+00,2026-09-17 12:10:32.811349+00
e189709a-118e-43d8-895d-46c74f04c0c0,e14d9af2-b25b-43ad-99ff-7722f7c6b350,8e59153e-dc8e-4efa-af65-1db304a6f3f1,10670.66,2026-09-01,0,BROKEN,Husband recovering — will arrange funds by weekend.,,,t,2026-09-01 04:38:21.98056+00,0,,d2c4a122-f417-4b57-ac01-9a491b6a145c,2026-08-27 11:28:09.71671+00,2026-09-17 12:10:30.79704+00
5c6ffed0-30f0-4a0b-b65c-72a6741b078b,ba8f8498-16ae-4919-96b7-39c1cab7c4cf,c37b6a5c-9d1c-46d4-8ece-dfce290dc74b,13910,2026-09-02,0,BROKEN,,,,t,2026-09-02 05:53:51.374399+00,0,,d2c89e75-cf18-46bd-8207-772e21860bcb,2026-08-27 11:28:10.458499+00,2026-09-17 12:10:30.885558+00
707e39ac-161d-4c00-8816-e1b2db4970e9,7e6bb6c0-0430-4b81-886c-17c35ac67e0c,3aa13103-bd03-4578-9292-44d88d58da00,1866.88,2026-09-02,6528.87,HONORED,,,,t,2026-09-02 05:53:51.374413+00,0,,d34c3d1d-365d-45e8-9132-9e99126494eb,2026-08-27 11:28:10.808797+00,2026-09-17 12:10:30.899452+00
afeb0fe4-5cbe-4aec-8fd2-491ac574c5d7,a1454bad-1c42-4d33-9b71-fccf7ba874a6,4a182f53-a1a1-4f15-945a-6a56f4e04b64,43075.75,2026-10-13,0,ACTIVE,,,,f,,0,,d357eea2-99b6-4300-b19b-a54481b88f57,2026-09-17 06:31:12.815482+00,2026-09-17 06:31:12.815485+00
4988c57e-5ccd-439c-9a74-42d4ef6c88c6,c6483f91-8c9f-4902-85cf-1bfe86fd4514,c6ca60b7-2143-412b-887e-c30ae9cda031,3091.81,2026-09-08,1129.37,PARTIALLY_HONORED,Bank transfer processing,Confirmed verbal commitment with borrower.,2026-09-07,f,,0,,d3f293d5-aaf2-474c-bc1a-f1a567df469c,2026-09-02 07:19:30.599436+00,2026-09-17 12:10:32.202003+00
987cc6e9-627c-43b7-9e97-8ffee1463839,a7191f08-70d0-497a-a327-05f75238a1a3,cd9e6eca-028e-4c61-8e82-048327bc4476,4049.23,2026-09-25,0,ACTIVE,,,,f,,0,,d416dde2-9b64-407b-8f74-93760c34c72b,2026-09-18 06:37:23.232074+00,2026-09-18 06:37:23.232076+00
7a7d3afd-2cab-4ebb-98e0-4f64e0796e8a,b32c1ab6-fa66-4909-ba2b-c383b40efa65,2b6de8aa-0976-4be0-8a40-043ff86ffa54,3710,2026-09-04,0,HONORED,,,,f,,0,,d4352623-31ca-45a7-8d59-6869ac1f5fa9,2026-08-27 11:28:22.067137+00,2026-09-02 15:27:19.864951+00
c914e30a-2e26-47ec-bd0f-37c2413667f5,1a016d4d-e961-405f-bf18-c44c2343189e,a2e2555c-f597-43af-a77a-fe708f967218,9330,2026-05-04,0,BROKEN,,,2026-05-03,f,,0,,d50221d2-b365-4072-8ad9-f17e4f51d158,2026-08-27 11:28:05.697173+00,2026-09-02 15:27:19.864951+00
25b336c9-0eac-46bf-97d0-0817dcea8ad9,b84397e1-1e86-415b-8fb3-20f75928f067,357e2e09-b637-468e-818b-57a5dce18e9c,14074.01,2026-09-26,0,ACTIVE,,,,f,,0,,d529bf13-837b-4857-bf17-449c14e4a861,2026-09-18 06:37:23.073421+00,2026-09-18 06:37:23.073424+00
cb5f9f1a-b16e-4d75-a1ec-18161b6abd9f,1462242e-af71-4eca-868c-dfe553eb7023,3aa13103-bd03-4578-9292-44d88d58da00,10129.55,2026-10-15,0,ACTIVE,,,,f,,0,,d58f1f34-6b3e-4ebd-98a6-b2c41b4dd60a,2026-09-18 06:37:22.932704+00,2026-09-18 06:37:22.932707+00
e6cfbe39-d688-47ab-a2d0-0c03a9796ce3,a79e224c-5ebe-4ea7-86cf-35f3f06b3a52,2dfc73e0-dba9-4aa5-babf-d5141ded5497,8172,2026-08-27,0,BROKEN,,,,f,,0,,d63f0709-5c60-4187-8706-87921f6c74bb,2026-08-27 11:28:10.689361+00,2026-09-17 12:10:30.405731+00
66709f17-9d25-4c36-afda-a55ab3ccecb8,a33bd293-7ada-414f-a484-d9d78a5720e1,3aa13103-bd03-4578-9292-44d88d58da00,13178.74,2026-10-01,0,ACTIVE,,,,f,,0,,d64ef112-251b-418f-80b2-8756c24a001f,2026-09-18 06:37:22.881273+00,2026-09-18 06:37:22.881276+00
2f356325-7463-446f-90d3-45cab93106d2,a1963d93-7681-49d9-a6fa-4d4d9eec248c,357e2e09-b637-468e-818b-57a5dce18e9c,14294.83,2026-09-30,0,ACTIVE,,,,f,,0,,d6b9b430-f9cd-4211-a27c-6d2dc01af701,2026-09-18 06:37:23.178178+00,2026-09-18 06:37:23.178182+00
987cc6e9-627c-43b7-9e97-8ffee1463839,2282c5d4-a0fe-4ca3-8ecf-b6c270347585,4a182f53-a1a1-4f15-945a-6a56f4e04b64,11510,2026-06-01,0,BROKEN,Salary delayed,,2026-05-31,f,,0,,d6f5f1f1-2bd0-491b-8a71-ce42ff5c8a6e,2026-08-27 11:28:04.059073+00,2026-09-02 15:27:19.864951+00
b87e866d-4f49-4a1f-9ed7-57cdeb8a5665,f8a97050-5a24-4947-b842-5df622ce2017,3e9c4168-1de9-43e8-b9f2-fbf3f931949d,12000,2026-09-07,4533.82,PARTIALLY_HONORED,,,,f,,0,,d724b762-632e-4b41-acf4-4ec16f5ee799,2026-08-27 11:28:23.417238+00,2026-09-17 12:10:31.927681+00
e2267c0c-144d-415f-99ae-410faf7f070c,07260361-1fd3-4393-a287-f0f80e2cb296,1d5e58e8-954e-4d6c-b13c-6e6d614cb588,3966.31,2026-09-05,2717.12,PARTIALLY_HONORED,Salary on 5th,Confirmed verbal commitment with borrower.,2026-09-04,f,,0,,d838d751-9a94-49be-94ab-1424bf029874,2026-09-02 07:19:28.865185+00,2026-09-17 12:10:32.73123+00
8a6a5a70-6690-497a-b5c3-315b5ad7789f,35cfdfa0-a147-4d6c-a4b6-15581dbb711e,2b6de8aa-0976-4be0-8a40-043ff86ffa54,12090,2026-09-05,0,BROKEN,,,,f,,0,,d8620d96-ee88-434a-bb8a-3e0cfc1812f4,2026-08-27 11:28:24.491746+00,2026-09-17 12:10:31.437346+00
2f6c83a1-b4af-454c-bac1-4e13d65435e2,9c4a94b2-636b-4f49-a6a2-b6e1f1090a9b,b06cd5a3-f1c0-4cdb-b241-9ce2d6c5e791,7390,2026-09-10,6254.23,PARTIALLY_HONORED,,,,f,,0,,d9816464-a9a5-42af-88a6-c92e81f1ae76,2026-08-27 11:28:24.313234+00,2026-09-17 12:10:32.833463+00
947b56de-3e5a-448c-bd3e-d4644010c6d9,a354432f-0d3b-4ec4-a127-d5753a07664e,3e9c4168-1de9-43e8-b9f2-fbf3f931949d,21996.92,2026-09-04,0,BROKEN,Bank transfer processing,Confirmed verbal commitment with borrower.,2026-09-03,f,,0,,d9903cf9-bf17-4f6d-b90a-9628bb2c8a72,2026-09-02 07:19:29.984971+00,2026-09-17 12:10:31.294994+00
e19c5466-f318-4cd8-a5dc-7d0f24ec305a,d23460c9-241e-45e5-bc41-386d930c96cd,5fbae4d6-59d1-4e6c-8a80-fe57244a45bb,70000,2026-08-29,0,RESCHEDULED,Out of city,,2026-08-28,f,,0,,da2e6338-c26e-432c-86d3-cc6a78277ff8,2026-08-27 11:28:01.067958+00,2026-09-02 15:27:19.864951+00
d4544cf1-2e65-4759-a8cd-32d8e7c65294,0cded5fa-5972-4dc2-ac26-bfd21362d4c2,c37b6a5c-9d1c-46d4-8ece-dfce290dc74b,16293.42,2026-10-17,0,ACTIVE,,,,f,,0,,da312068-91c1-4a5b-b460-efdf155e3ce1,2026-09-18 06:37:23.03501+00,2026-09-18 06:37:23.035013+00
98e5e069-0a04-4daf-b97c-49c1245a05e2,cd6d0437-d73d-4231-9596-a364322d970f,5fbae4d6-59d1-4e6c-8a80-fe57244a45bb,14294.99,2026-11-22,0,ACTIVE,,,,f,,0,,db350a1d-dfdf-4128-babc-e93c3f4ad116,2026-09-21 06:09:26.622731+00,2026-09-21 06:09:26.622736+00
3ff85e97-29bd-4f1c-bf53-95d65a217064,708623f3-be86-4884-96bf-078ff6f4fd64,357e2e09-b637-468e-818b-57a5dce18e9c,15000,2026-09-15,0,HONORED,,,,f,,0,,db40fe3d-4be7-472f-8784-8e8dde008f66,2026-08-27 11:28:23.632923+00,2026-09-03 05:17:22.450095+00
caee1595-0e1a-4efd-99cf-2818c8c86334,b8a38545-e951-4126-b4c0-7a645aa46f3c,cd9e6eca-028e-4c61-8e82-048327bc4476,18480,2026-06-08,0,BROKEN,Crop failure,,2026-06-07,f,,0,,db7d3f43-065e-4511-81ae-37344cc14031,2026-08-27 11:28:04.325838+00,2026-09-02 15:27:19.864951+00
217286e7-dd7e-430b-aa9a-decf545e75f6,9fc9c904-274a-411f-8971-cade3a44b2a0,3aa13103-bd03-4578-9292-44d88d58da00,29570,2026-04-17,0,RESCHEDULED,Family emergency,,2026-04-16,f,,0,,dbe7451d-64df-4577-96f1-85e5930635a8,2026-08-27 11:28:05.927653+00,2026-09-02 15:27:19.864951+00
e06fe636-8d76-4561-9e23-4af0e13d79ca,96e1b0be-dbac-478e-8d26-785e615e4b2c,4a182f53-a1a1-4f15-945a-6a56f4e04b64,19000,2026-08-30,0,BROKEN,,,,f,,0,,dcc62789-6888-4d33-a2db-bdaf6d58c3cd,2026-08-27 11:28:11.079759+00,2026-09-17 12:10:30.594101+00
d5347a0c-cd3c-46f2-a5d9-70c82abec616,b70f7480-0551-498c-8fc8-4f56227dfd0f,2b6de8aa-0976-4be0-8a40-043ff86ffa54,2610,2026-06-18,0,BROKEN,Salary delayed,,2026-06-17,f,,0,,dcf748e9-aa6d-4148-8bcb-5e95bf0a4d04,2026-08-27 11:28:02.972004+00,2026-09-02 15:27:19.864951+00
62078084-965a-489b-bc20-3f2af392aded,dad1464c-9122-478f-b9de-fe141266c2be,c33350cc-f581-492e-807f-14262d56ebcb,15372.84,2026-10-01,0,ACTIVE,,,,f,,0,,dd02fee6-2c0a-455d-84bf-3f82876145bd,2026-09-18 06:37:23.02516+00,2026-09-18 06:37:23.025163+00
3062e499-452a-4a89-a9bf-95c74a898843,78146c53-48b1-48ef-b858-31ded17e252d,c6ca60b7-2143-412b-887e-c30ae9cda031,5556.85,2026-10-06,0,ACTIVE,,,,f,,0,,dd283241-dd77-4fd1-ace4-9be4597e8a29,2026-09-18 06:37:23.063777+00,2026-09-18 06:37:23.06378+00
7fa68fdc-8fb6-4811-89fe-76519d76eef6,205b95e3-99ed-4bf4-895a-92a3b41c41cd,5fbae4d6-59d1-4e6c-8a80-fe57244a45bb,8263.37,2026-09-24,0,ACTIVE,,,,f,,0,,de21e9b6-4944-4ce8-87d5-29897e44e8d8,2026-09-17 06:31:13.115371+00,2026-09-17 06:31:13.115373+00
42d121da-cc66-42cb-918e-5bc22b52c2ab,be194081-254c-4ef2-b58d-9a05ba3bc0af,3e9c4168-1de9-43e8-b9f2-fbf3f931949d,16490,2026-05-02,0,BROKEN,Business loss,,2026-04-20,f,,0,,de3133bb-edd4-4947-9f37-9ceab01aa41d,2026-08-27 11:28:06.105295+00,2026-09-02 15:27:19.864951+00
a2b50b69-0c56-480b-b83f-f340e9a1e66d,3cce9f9a-172a-4c86-a5e9-378059788ad3,2b6de8aa-0976-4be0-8a40-043ff86ffa54,14337.21,2026-09-28,0,ACTIVE,,,,f,,0,,e005d802-3a0b-4ad5-9dff-6388265eb432,2026-09-18 06:37:23.146531+00,2026-09-18 06:37:23.146534+00
0ee1e443-93f2-46f6-996d-918d51b95e95,292f8661-3763-4efa-bc66-b92081b58983,4a182f53-a1a1-4f15-945a-6a56f4e04b64,12853.67,2026-09-08,0,BROKEN,Salary on 5th,Confirmed verbal commitment with borrower.,2026-09-07,f,,0,,e02260de-137d-497e-8a6f-efeca5e28438,2026-09-02 07:19:30.157656+00,2026-09-17 12:10:32.214614+00
f5b8ffcf-835e-45f3-820c-7658bbcaa5ac,497d44a6-a1ef-4add-93b3-7825bf19fc7b,1d5e58e8-954e-4d6c-b13c-6e6d614cb588,61710,2026-07-01,0,BROKEN,Crop failure,,2026-06-30,f,,0,,e0860011-7396-42dc-9ffa-d8abfea16903,2026-08-27 11:28:02.986321+00,2026-09-02 15:27:19.864951+00
ef52c8f8-deca-4213-8129-7f49fcba2004,aa87dbd3-dc2f-4b15-b796-49e300e26afb,2b6de8aa-0976-4be0-8a40-043ff86ffa54,37780,2026-09-14,0,BROKEN,,,,f,,0,,e08d964f-6e36-456d-b520-7a65572d5a3e,2026-08-27 11:28:22.013234+00,2026-09-17 12:10:32.485051+00
982d3485-6d75-4d79-952f-fb316821e338,1ff03d20-97ac-4a8e-8884-85b14e343930,c33350cc-f581-492e-807f-14262d56ebcb,20000,2026-06-18,0,BROKEN,Bank issue,,2026-06-17,f,,0,,e0baf92c-4222-4a83-828f-be2a5ec2cd2f,2026-08-27 11:28:03.419481+00,2026-09-02 15:27:19.864951+00
7299b004-4631-41c9-b7ed-a0731f95db4b,c2a21dec-b222-40a7-9297-b16cba618e94,a2e2555c-f597-43af-a77a-fe708f967218,1859.63,2026-09-06,0,BROKEN,Family support,Confirmed verbal commitment with borrower.,2026-09-05,t,2026-09-06 13:30:50.235475+00,0,,e106d178-7b35-4b94-8af7-d9db7b3a022b,2026-09-02 07:19:29.311165+00,2026-09-17 12:10:31.689215+00
e0da9132-2c00-46ce-9775-465e1d30f80e,cd901c8f-5a46-4605-aac8-da157c64949c,c2f2e0ce-5aeb-4ece-8325-2167edfe139e,17427.71,2026-11-15,0,ACTIVE,,,,f,,0,,e16e59c3-5863-493c-858b-0a3a9188288d,2026-09-21 06:09:26.547882+00,2026-09-21 06:09:26.547885+00
15e421fd-18ab-4223-a21e-3e66c3946339,50a61d3f-b64e-476f-8890-5885dc463979,4a182f53-a1a1-4f15-945a-6a56f4e04b64,14704.02,2026-09-07,0,BROKEN,Family support,Confirmed verbal commitment with borrower.,2026-09-06,f,,0,,e16fef00-58d3-435a-addc-049c6502d95f,2026-09-02 07:19:30.11497+00,2026-09-17 12:10:31.940907+00
20ab749d-4aec-4b7f-99f9-61ad189fa4c4,3e3cfee1-5982-4a45-aa43-99471cf65f5a,c2f2e0ce-5aeb-4ece-8325-2167edfe139e,23280,2026-09-05,0,BROKEN,Crop failure,,2026-09-04,f,,0,,e2da6f55-ebb9-4234-8103-e76b12078969,2026-08-27 11:28:01.162048+00,2026-09-17 12:10:31.450739+00
85cb7dd0-18c1-494d-85f6-25b742f821a0,7a8d7c68-f835-4ac4-aa8e-a6aa26c2e393,c33350cc-f581-492e-807f-14262d56ebcb,13260,2026-06-13,0,BROKEN,Crop failure,,2026-06-12,f,,0,,e382c1d8-66ad-4025-b41e-abfdfa045522,2026-08-27 11:28:02.678263+00,2026-09-02 15:27:19.864951+00
983a10de-c757-493e-859f-bdbc533cd8d9,8a7d63ba-aa95-47b1-a230-1b29a83a831a,2b6de8aa-0976-4be0-8a40-043ff86ffa54,17520,2026-09-05,0,HONORED,,,,f,,0,,e3931f3d-6656-4641-b2e3-4ed5b09be9c1,2026-08-27 11:28:24.495325+00,2026-09-02 15:27:19.864951+00
72ceaf79-8f10-443e-8415-108e6e11cda1,ee314d8f-21f6-4d8d-bb2d-48080da3affc,1d5e58e8-954e-4d6c-b13c-6e6d614cb588,5094.25,2026-08-31,0,HONORED,,,,t,2026-08-31 04:40:23.169179+00,0,,e393cb1f-65a7-4342-8809-7000f63d7d64,2026-08-27 11:28:11.118942+00,2026-09-02 15:27:19.864951+00
fb7525c6-6804-4e7d-a8fb-b49dd824b4e0,3817d4ab-64cb-4839-95ff-c1d918be8e2d,2dfc73e0-dba9-4aa5-babf-d5141ded5497,2250.48,2026-09-18,2775.79,HONORED,,,,f,,0,,e44a30e4-5587-47e8-89e8-2937263a7ca2,2026-09-10 10:42:26.635519+00,2026-09-21 04:53:06.896602+00
f4aeb768-8bb1-4996-8a9a-394eb6f494b7,ca0df185-3136-4bc2-adfe-174ff2ab6a18,357e2e09-b637-468e-818b-57a5dce18e9c,26150,2026-04-22,0,BROKEN,Bank issue,,2026-04-21,f,,0,,e45f4edf-872b-44d0-8bcc-1e918ec70d02,2026-08-27 11:28:06.224875+00,2026-09-02 15:27:19.864951+00
3898c8c6-bce0-4559-b646-e208974cdb18,4ff6d993-4f24-46dd-a601-b449e95a8c7b,1d5e58e8-954e-4d6c-b13c-6e6d614cb588,3524.7,2026-08-27,25490.82,HONORED,,,,f,,0,,e466bb8b-4b94-488a-9c72-32d5a733c529,2026-08-27 11:28:11.132079+00,2026-09-17 12:10:32.577699+00
38379579-1967-4c68-b2a6-fec47a12b809,e3236248-23dd-4763-aad1-1fe33396a648,4a182f53-a1a1-4f15-945a-6a56f4e04b64,1461.06,2026-08-27,0,BROKEN,,,,f,,0,,e4ad8c2a-1777-42e6-8d61-ab22b0168cda,2026-08-27 11:28:11.067989+00,2026-09-17 12:10:30.418967+00
ab424df4-f91b-4d3a-bf7e-77671eab8c75,ee25293c-b46f-4830-8301-346e3fc8c403,c6ca60b7-2143-412b-887e-c30ae9cda031,162.1,2026-09-08,0,HONORED,Family support,Confirmed verbal commitment with borrower.,2026-09-07,f,,0,,e5762d2c-43e9-46c3-b2e3-bd2a4425a06c,2026-09-02 07:19:30.667767+00,2026-09-03 05:17:22.450095+00
26cefbee-92c4-4c5b-967b-bf2ad3ede143,2cc97787-e14f-45b5-9cd9-8cb16d4608fa,5fbae4d6-59d1-4e6c-8a80-fe57244a45bb,5463.66,2026-08-27,0,BROKEN,,,,f,,0,,e59b111f-3460-4740-936a-ac4c495bbdcd,2026-08-27 11:28:10.598771+00,2026-09-17 12:10:30.43458+00
4f6ee7d6-ce14-4e3d-9d39-439cfb5dbe71,6957d605-67d9-4f31-a116-d499e5c28249,e9dced65-f61b-4c24-bae7-d4170299ed46,3673.95,2026-08-31,0,BROKEN,,,,t,2026-08-31 04:40:23.169166+00,0,,e5aa8a7e-8eac-4037-b7e5-52eaa426949b,2026-08-27 11:28:10.92772+00,2026-09-17 12:10:30.709328+00
0df3d468-4961-410c-adf2-ceffea0d2936,d00bbca9-9ff2-4b10-aef8-db851fca5579,1d5e58e8-954e-4d6c-b13c-6e6d614cb588,25011.7,2026-09-08,0,BROKEN,Bank transfer processing,Confirmed verbal commitment with borrower.,2026-09-07,f,,0,,e5fcf9db-d6d3-4b07-a4fb-0f759af0f51a,2026-09-02 07:19:28.888837+00,2026-09-17 12:10:32.801095+00
1d09cd5e-7624-409b-9722-566194e3323b,b370d869-90e1-491b-847b-d945b3ca0375,a2e2555c-f597-43af-a77a-fe708f967218,13723.51,2026-09-13,0,BROKEN,,,,f,,0,,e63d4c3b-455e-4a60-98f1-2bab855764f8,2026-09-10 10:42:26.927939+00,2026-09-17 12:10:32.43856+00
e7bb8d0f-57fd-475f-a8c2-277932b8cc07,47d35a92-8ba7-419a-8068-764c86f6d8a8,8e59153e-dc8e-4efa-af65-1db304a6f3f1,4299.49,2026-08-27,4731.29,HONORED,,,,f,,0,,e806feec-6b00-464d-a941-332b80a9de68,2026-08-27 11:28:10.634248+00,2026-09-17 12:10:30.449733+00
a7430508-cd1f-4fa1-ac5a-ac37aaebaf92,c5245d5a-f569-4aba-9c4f-0e7007e07d7a,2b6de8aa-0976-4be0-8a40-043ff86ffa54,16520,2026-09-05,7595.4,PARTIALLY_HONORED,,,,f,,0,,e92b4b7b-63f4-4f79-84f0-b88972ab85e0,2026-08-27 11:28:24.498801+00,2026-09-17 12:10:31.465216+00
e2ce08de-fbe0-428a-be32-9858ee09130d,94f56c4d-5ad3-43e4-80fd-c054e7233825,357e2e09-b637-468e-818b-57a5dce18e9c,43907.02,2026-09-07,0,BROKEN,Awaiting client payment,Confirmed verbal commitment with borrower.,2026-09-06,f,,0,,e93afe74-0925-400a-9cfc-a7d6c6afb324,2026-09-02 07:19:28.525044+00,2026-09-17 12:10:31.954969+00
03e6a647-6df3-4b28-8fe2-0b9cc3eb0260,a7274d30-9638-49d3-b8c9-3fc43d864758,2b6de8aa-0976-4be0-8a40-043ff86ffa54,23252.34,2026-10-22,0,ACTIVE,,,,f,,0,,e95c2e05-385c-46e6-a12e-efd42e1d0198,2026-09-17 06:31:13.070729+00,2026-09-17 06:31:13.070734+00
c5860a4f-dd72-4a0a-bba3-a0ef517e393e,619ecd7e-3e1d-4671-ab05-c7dfbc8ae96e,2dfc73e0-dba9-4aa5-babf-d5141ded5497,4830,2026-05-17,118074.37,HONORED,,,2026-05-16,f,,0,,e9cee361-a506-416e-8f46-ce34d4523c7a,2026-08-27 11:28:03.9603+00,2026-09-02 15:27:19.864951+00
033f2440-fa40-4f9f-affa-b88536412d19,b08c0604-5ac2-4e65-a661-265342d216e4,5fbae4d6-59d1-4e6c-8a80-fe57244a45bb,5545.26,2026-09-25,0,ACTIVE,,,,f,,0,,e9e48ff8-0f07-4318-bae4-9562f6652e20,2026-09-18 06:37:22.536774+00,2026-09-18 06:37:22.536776+00
d6897c7a-dfb6-4503-8228-b5861a8a379d,f8b66c22-2c44-4271-a83e-6508e1b88b2e,a2e2555c-f597-43af-a77a-fe708f967218,3169.74,2026-09-28,0,ACTIVE,,,,f,,0,,ea2f424a-9458-42cd-a001-671b3ec25ae1,2026-09-17 06:31:13.053463+00,2026-09-17 06:31:13.053467+00
ab424df4-f91b-4d3a-bf7e-77671eab8c75,40ccde79-cb49-4b7f-8d42-829fe8ba4210,c2f2e0ce-5aeb-4ece-8325-2167edfe139e,5960.04,2026-08-31,0,HONORED,,,,t,2026-08-31 04:40:23.169153+00,0,,ea615a8d-051e-469d-98de-dd73d207d4ce,2026-08-27 11:28:10.73123+00,2026-09-03 05:17:22.450095+00
3453e14a-d97b-4a57-a664-99abe04c98b7,169c53dd-ab2a-43e7-9ddf-0a27c232590f,2b6de8aa-0976-4be0-8a40-043ff86ffa54,172.53,2026-09-08,0,BROKEN,Bank transfer processing,Confirmed verbal commitment with borrower.,2026-09-07,f,,0,,eab3cc8c-cfea-49c2-bf79-9bed84a9a5eb,2026-09-02 07:19:28.994865+00,2026-09-17 12:10:32.225781+00
fe454d89-af3b-4810-9a99-86f1438bcf0c,5dc7e07c-0666-4779-850d-89bc71029ab4,3aa13103-bd03-4578-9292-44d88d58da00,13330,2026-08-30,13270.7,PARTIALLY_HONORED,,,,f,,0,,eabc516d-d152-4872-aa84-ed8e2b079d1f,2026-08-27 11:28:23.124849+00,2026-09-17 12:10:30.605818+00
e582a376-413c-4536-9794-19dd378390a4,e59ba84f-6eb9-4b55-9ae4-8efa9a920f7b,a2e2555c-f597-43af-a77a-fe708f967218,12230,2026-08-13,0,BROKEN,Medical expenses,,2026-08-12,f,,0,,eb6a4757-b6e9-4f56-950e-59ab4a91f46e,2026-08-27 11:28:01.810451+00,2026-09-02 15:27:19.864951+00
cc332b5e-d7e3-47c8-9af6-2870cfb23135,489aa43e-bc1f-471e-8d92-5f4f42449ca2,c6ca60b7-2143-412b-887e-c30ae9cda031,13104.17,2026-11-11,0,ACTIVE,,,,f,,0,,ebd7dfc0-ba6a-4280-be68-a20a52fdcb97,2026-09-21 06:09:26.773376+00,2026-09-21 06:09:26.773382+00
80307e9a-8b7e-4e71-b038-325d5f18d8ca,95b5219a-3f78-4525-a5fb-5541cb26d761,3aa13103-bd03-4578-9292-44d88d58da00,11456.44,2026-10-05,0,ACTIVE,,,,f,,0,,ec07dff7-c6fe-42b9-ac85-527b837f2176,2026-09-18 06:37:22.46657+00,2026-09-18 06:37:22.466574+00
dd59d29b-4bd9-476f-9fae-75e5a5d1b921,0a2d1bcb-791a-45d0-89e6-5f2848714de0,c2f2e0ce-5aeb-4ece-8325-2167edfe139e,3449.64,2026-09-09,0,BROKEN,Salary on 5th,Confirmed verbal commitment with borrower.,2026-09-08,f,,0,,ed8eb2dd-6240-4c96-8d07-d62015e870a9,2026-09-02 07:19:29.854256+00,2026-09-17 12:10:32.294896+00
bf865e39-62f6-4616-af57-c6e4b50ab726,e27bca3e-4718-4abe-af67-7557fc592e3b,357e2e09-b637-468e-818b-57a5dce18e9c,22910,2026-04-04,0,BROKEN,Crop failure,,2026-03-23,f,,0,,ee76896e-be2e-4f4c-9ad1-d4f05d9bb146,2026-08-27 11:28:07.636884+00,2026-09-02 15:27:19.864951+00
a3e3d0c4-7c57-43d7-b44b-97706b1fb4f8,47596788-1e61-483f-b699-726346e6e0a7,1d5e58e8-954e-4d6c-b13c-6e6d614cb588,11297.88,2026-08-27,0,BROKEN,,,,f,,0,,ef5a1215-5ba1-485d-8531-7f150e7cd2be,2026-08-27 11:28:11.123134+00,2026-09-17 12:10:32.58915+00
5504ab5e-06e0-46fa-a8f9-7a5bd577d6d9,bc237cf6-a9be-45e8-a5a2-6aba6e0c8c7f,cd9e6eca-028e-4c61-8e82-048327bc4476,1801.42,2026-09-06,0,HONORED,Awaiting client payment,Confirmed verbal commitment with borrower.,2026-09-05,f,,0,,f01d8e1c-fe2d-49ae-a8c8-0ad0acaaaefd,2026-09-02 07:19:29.193146+00,2026-09-03 05:17:22.450095+00
afe616d9-16c5-4bd2-b6fa-774fae54c02c,,2b6de8aa-0976-4be0-8a40-043ff86ffa54,6120,2026-08-27,0,BROKEN,Pension credited on schedule. Will hand over the amount on today's visit.,PTP falls due today — follow up before 7 PM.,2026-08-27,f,,0,,f09c0331-c30c-486a-83b7-8b9f78e2a33b,2026-08-27 11:28:21.79647+00,2026-09-17 12:10:30.461805+00
908078f5-9d44-4242-9e59-2a8d76ec932d,5d39ee01-f608-4d4f-88c0-1077b8142d98,3aa13103-bd03-4578-9292-44d88d58da00,11670,2026-09-03,9819.25,PARTIALLY_HONORED,,,,t,2026-09-03 04:49:37.854027+00,0,,f168544a-1b70-477e-95e6-5b8272ca2012,2026-08-27 11:28:23.117074+00,2026-09-17 12:10:31.02437+00
6d1a9dd9-9466-4d21-8270-f11a86604c45,94356c6c-b9f9-4476-8d3b-3d11892f2349,3aa13103-bd03-4578-9292-44d88d58da00,14172.13,2026-10-17,0,ACTIVE,,,,f,,0,,f25f490e-2efc-4e73-81f2-8a59a4302558,2026-09-17 06:31:12.910141+00,2026-09-17 06:31:12.910144+00
8af081b0-e835-41f7-a657-9335ed171df4,cc5359d0-da96-45a0-a5d6-bc73dced20f1,c33350cc-f581-492e-807f-14262d56ebcb,1692.37,2026-09-05,0,BROKEN,Bank transfer processing,Confirmed verbal commitment with borrower.,2026-09-04,f,,0,,f297c5dd-065b-42dc-8804-bbdf0609214d,2026-09-02 07:19:29.375249+00,2026-09-17 12:10:31.47802+00
8e777e14-0c0c-47c2-9127-67c8fe6fcd3f,c07676a6-f47a-4a06-a6c0-47e0bf5081ec,a2e2555c-f597-43af-a77a-fe708f967218,10340,2026-09-14,0,BROKEN,,,,f,,0,,f2a708f8-6bc1-4ecc-92ba-9f24453bf5c8,2026-08-27 11:28:22.325102+00,2026-09-17 12:10:32.496194+00
45935f47-e6ac-447a-8104-f98f93adfa89,16ff9c0c-2112-4aa9-8b46-349384dd9f2f,c33350cc-f581-492e-807f-14262d56ebcb,12861.89,2026-11-04,0,ACTIVE,,,,f,,0,,f2e0a87b-a867-4583-aed7-b4b6edaba0e0,2026-09-21 06:09:26.589792+00,2026-09-21 06:09:26.589798+00
4ca20273-3446-471e-87b6-c3d1a0175151,e81891a1-ee47-4f59-9ad2-7c9734e48793,3aa13103-bd03-4578-9292-44d88d58da00,8500,2026-09-02,0,BROKEN,,,,t,2026-09-02 05:53:51.374417+00,0,,f37aa70a-449f-42cd-bcec-24cd281eb7ec,2026-08-27 11:28:10.818652+00,2026-09-17 12:10:30.913011+00
66023087-8bde-4b8f-a924-ae8e512c2178,cf80beed-a03b-4d49-970c-4e444dd9bac2,c33350cc-f581-492e-807f-14262d56ebcb,4500,2026-06-26,56855.57,HONORED,Medical expenses,,2026-06-25,f,,0,,f3fde822-ebcd-4295-88bb-7ab2fab8036b,2026-08-27 11:28:03.532274+00,2026-09-02 15:27:19.864951+00
5309dbc6-7738-46b1-a13a-3957c6943acf,63483196-3195-48e6-b860-bebe591631f1,c2f2e0ce-5aeb-4ece-8325-2167edfe139e,5000,2026-05-02,0,BROKEN,Family emergency,,2026-05-01,f,,0,,f41c5341-f5ab-47ae-995d-cfd459ddc230,2026-08-27 11:28:06.251865+00,2026-09-02 15:27:19.864951+00
bccbd26e-82b3-464c-a44f-2ff8b9130a63,a44b6e9d-3005-4c7b-8f79-eb0718f5f7dc,8e59153e-dc8e-4efa-af65-1db304a6f3f1,20127.3,2026-10-02,0,ACTIVE,,,,f,,0,,f4ded251-8812-4f0d-893c-488223eb8d95,2026-09-17 06:31:12.986449+00,2026-09-17 06:31:12.986455+00
2d0927a7-8603-47b0-a748-fa7f6f34f4d8,9e7d1d97-cba9-4f2c-afb2-f4adcb6f5636,3e9c4168-1de9-43e8-b9f2-fbf3f931949d,39721.76,2026-10-20,0,ACTIVE,,,,f,,0,,f4f323ab-822e-4316-b2df-d988e2bca49e,2026-09-21 06:09:26.706527+00,2026-09-21 06:09:26.706533+00
87ad8c46-9630-4b00-9b77-052d44fe8a9c,9f3121cc-7ced-40f0-a6c6-8c7e98c3113e,c6ca60b7-2143-412b-887e-c30ae9cda031,19780,2026-04-20,0,RESCHEDULED,,,2026-04-19,f,,0,,f5341088-493c-4c78-a26d-9324c87002bc,2026-08-27 11:28:05.746868+00,2026-09-02 15:27:19.864951+00
43d6ed09-f524-4c80-b329-26990024b1b9,40b9a0d1-e5ec-4c86-8a40-2f333eb3edd2,2b6de8aa-0976-4be0-8a40-043ff86ffa54,2300,2026-08-29,0,BROKEN,,,,f,,0,,f54c96dc-5472-4e75-b6f1-cbafc8a6114e,2026-08-27 11:28:22.094898+00,2026-09-17 12:10:30.523776+00
8d49d305-1270-451b-ab35-2d28ce9c879c,9265c0a5-e11e-43e7-9802-ea87aeea8149,c37b6a5c-9d1c-46d4-8ece-dfce290dc74b,5511.55,2026-09-26,0,ACTIVE,,,,f,,0,,f66ca85f-b1f9-4d4e-bd92-4d879262968f,2026-09-17 06:31:13.1306+00,2026-09-17 06:31:13.130603+00
f40373ed-becc-4de4-a878-f1e4e951e756,f7a6e6c9-25bb-46c4-9d9a-4edd320e4973,2dfc73e0-dba9-4aa5-babf-d5141ded5497,16940,2026-08-08,0,BROKEN,Bank issue,,2026-08-07,f,,0,,f66d8d1a-7898-47e9-84a7-c7b043744be7,2026-08-27 11:28:01.418711+00,2026-09-02 15:27:19.864951+00
010963c0-2f2b-4141-a66f-90766e95e06d,06a3bde0-d987-4584-a9a4-031983d1f828,a2e2555c-f597-43af-a77a-fe708f967218,9850,2026-06-05,0,BROKEN,Salary delayed,,2026-06-04,f,,0,,f670737c-5134-4bbc-ad3f-11562926dc02,2026-08-27 11:28:04.523596+00,2026-09-02 15:27:19.864951+00
7ca8c218-7e88-4ee8-b17a-f8748618f9e7,9bee4de4-4047-4f1f-b19a-29ed00b5bced,cd9e6eca-028e-4c61-8e82-048327bc4476,4845.49,2026-10-03,0,ACTIVE,,,,f,,0,,f6886034-5248-4576-b010-4e1438be70f6,2026-09-18 06:37:22.489012+00,2026-09-18 06:37:22.489016+00
51180735-ed9f-400e-8fb7-3cd669fa0089,3907ba72-3a92-4546-8ca6-ed83b68bf276,e9dced65-f61b-4c24-bae7-d4170299ed46,1894.47,2026-10-10,0,ACTIVE,,,,f,,0,,f72fe460-29f6-4bb6-9a22-fa7e48edf370,2026-09-18 06:37:22.689178+00,2026-09-18 06:37:22.689182+00
da07f1f9-34df-4388-b0a1-67fe02530aa8,f60c9d2c-b999-4597-a6f6-1c8755a956f0,5fbae4d6-59d1-4e6c-8a80-fe57244a45bb,23220,2026-08-28,0,HONORED,Out of city,,2026-08-27,f,,0,,f79dd21a-9d2a-4c26-9f50-37d8e552127f,2026-08-27 11:28:00.988842+00,2026-09-02 15:27:19.864951+00
d1483dff-17f9-45b3-a291-e57d854c32a4,f096597d-f420-44b3-9078-592ea4d284f3,357e2e09-b637-468e-818b-57a5dce18e9c,27577.45,2026-09-05,0,BROKEN,Awaiting client payment,Confirmed verbal commitment with borrower.,2026-09-04,f,,0,,f857fe6c-fa58-4755-9498-ec5c213eddc9,2026-09-02 07:19:28.605342+00,2026-09-17 12:10:31.499055+00
62a2ab72-9406-4113-877d-ffae4cc392d3,d3b1c550-c7bb-4556-b835-b14e970597f0,2b6de8aa-0976-4be0-8a40-043ff86ffa54,48480,2026-09-04,0,HONORED,,,,f,,0,,f904551e-2809-4e54-b95d-b38a844b739b,2026-08-27 11:28:24.486448+00,2026-09-02 15:27:19.864951+00
04af600c-adbf-4aef-9973-fc17ce684dbf,92a8bd38-47af-4ba6-8edc-1e3cdde2fc98,c6ca60b7-2143-412b-887e-c30ae9cda031,16850,2026-07-14,0,BROKEN,Salary delayed,,2026-07-13,f,,0,,f9286f51-92f6-48f5-a91f-140ebcbacaf6,2026-08-27 11:28:02.111527+00,2026-09-02 15:27:19.864951+00
aa4e988c-32f0-439a-b262-1814bc3720df,e7362b6a-3a3c-4e00-9300-65aeaa939985,1d5e58e8-954e-4d6c-b13c-6e6d614cb588,2826.32,2026-09-05,0,BROKEN,Bank transfer processing,Confirmed verbal commitment with borrower.,2026-09-04,f,,0,,fa8f66de-2f28-486a-820d-db8607b693ee,2026-09-02 07:19:28.827297+00,2026-09-17 12:10:32.740797+00
a9f60804-09fd-4777-90a8-de972b4484fd,4543b06a-97c5-467c-a2cc-649eba39aa6e,a2e2555c-f597-43af-a77a-fe708f967218,7989.78,2026-09-06,0,BROKEN,Salary on 5th,Confirmed verbal commitment with borrower.,2026-09-05,t,2026-09-06 13:30:50.235478+00,0,,fabefeb0-a5d2-47c6-9dcc-a911d3e42ad6,2026-09-02 07:19:29.263758+00,2026-09-17 12:10:31.703388+00
37084f7a-c7dc-443b-a469-d5b8199b2a4e,95e86529-c6ed-4e04-8c64-2629ca3e685f,c2f2e0ce-5aeb-4ece-8325-2167edfe139e,11486.13,2026-08-27,0,BROKEN,,,,f,,0,,fad60fb6-bcee-4844-88e3-772c9d412f30,2026-08-27 11:28:10.765216+00,2026-09-17 12:10:30.475976+00
e16d3600-2242-4fe2-9ced-beef90ea03a6,7ec9cb80-c45e-41b3-93c0-c333f303d0be,357e2e09-b637-468e-818b-57a5dce18e9c,6460,2026-09-04,0,BROKEN,,,,f,,0,,faf4d431-973f-4436-95bc-86fab570fd26,2026-08-27 11:28:11.045695+00,2026-09-17 12:10:31.306898+00
58cfa0ea-7663-494d-8175-9fc3b06218b2,ce6552c1-2afd-4ca6-b1f7-5e7c267f37d6,c37b6a5c-9d1c-46d4-8ece-dfce290dc74b,17564,2026-08-27,0,BROKEN,,,,f,,0,,fb6785c4-3b6c-48e2-acab-391be37fbacc,2026-08-27 11:28:10.480896+00,2026-09-17 12:10:30.490467+00
84cf0e65-84f0-4d57-bf8f-74dbb3e22d5e,37b5e2d3-f94d-402a-a267-1cba0ac58f0a,c2f2e0ce-5aeb-4ece-8325-2167edfe139e,4831.87,2026-09-06,19136.93,HONORED,,,,t,2026-09-06 13:30:50.235481+00,0,,fb8090fa-2ea6-488f-b298-1738dbe6888e,2026-08-27 11:28:10.776284+00,2026-09-17 12:10:31.716279+00
36ce7c7b-b3e1-46f2-8ad1-75f73879c325,ef8286b4-9c93-4570-8c68-137129d5284b,2b6de8aa-0976-4be0-8a40-043ff86ffa54,3000,2026-09-07,5850,HONORED,,,,f,,0,,fb8887dd-5742-4049-817a-9371debe04e6,2026-08-27 11:28:24.502431+00,2026-09-02 15:27:19.864951+00
052d2c1d-d8c4-43d3-b548-cffde5a3571e,42dbc8e2-92f2-4b7e-88db-18e5d668f688,e9dced65-f61b-4c24-bae7-d4170299ed46,17000,2026-09-06,0,HONORED,,,,f,,0,,fb9f47e3-0eb1-477a-9edb-f257dfc1f39b,2026-08-27 11:28:23.335271+00,2026-09-02 15:27:19.864951+00
61eb82f0-ce2d-4a8e-8d60-c03b85454bf4,83d22c76-cb78-4b23-97e0-f2b9e01db781,c6ca60b7-2143-412b-887e-c30ae9cda031,8368.14,2026-10-25,0,ACTIVE,,,,f,,0,,fc0c3e57-d23c-416b-ac20-e5c57ef50bf3,2026-09-17 06:31:13.034342+00,2026-09-17 06:31:13.034345+00
dd1d5e99-3030-4e8d-9bbe-4577909d869c,,2b6de8aa-0976-4be0-8a40-043ff86ffa54,23220,2026-08-20,0,BROKEN,,Demo PTP,,f,,0,,fd0053a1-a7bf-402f-a795-568a6054caf5,2026-08-27 11:28:21.796464+00,2026-09-02 15:27:19.864951+00
2f6c83a1-b4af-454c-bac1-4e13d65435e2,abb398d6-4f60-480d-bb06-411c8e695e81,b06cd5a3-f1c0-4cdb-b241-9ce2d6c5e791,7390,2026-07-12,0,BROKEN,Crop failure,,2026-07-11,f,,0,,fd6ff82a-555b-4fe2-9ce7-fa13cbb6190c,2026-08-27 11:28:03.497334+00,2026-09-02 15:27:19.864951+00
80f5c6a0-0ebc-456b-b9dd-d9f9481b96c7,55bbffd7-d0d8-4e21-b087-49decaa74257,a13886ca-739b-47b4-a473-724e03f7332a,17770,2026-04-03,0,BROKEN,Medical expenses,,2026-03-20,f,,0,,fd852c36-61a6-4607-947f-1e650cf78428,2026-08-27 11:28:07.742877+00,2026-09-02 15:27:19.864951+00
aa7879bb-bb87-4d9c-9d1a-f62d3fe2cc80,d3be62af-e064-4e14-ae97-a3f3692bd693,8e59153e-dc8e-4efa-af65-1db304a6f3f1,17330,2026-08-31,0,BROKEN,,,,t,2026-08-31 04:40:23.16914+00,0,,fde2722a-0247-4337-ade0-e575cb5cdd22,2026-08-27 11:28:10.643394+00,2026-09-17 12:10:30.723389+00
bf53f306-7103-4f5d-adaa-77fbd08920cb,c0268585-b14f-4ac9-884a-1ad1b9e51198,c37b6a5c-9d1c-46d4-8ece-dfce290dc74b,20430,2026-09-11,11496.57,PARTIALLY_HONORED,,,,f,,0,,fe084626-858a-472a-813d-cd5cacbd5565,2026-08-27 11:28:22.154836+00,2026-09-17 12:10:32.368552+00
7bd447a1-3659-4eda-a558-5383c7cebdfc,92837ef6-42ae-4f44-a917-cf88d69d398d,2dfc73e0-dba9-4aa5-babf-d5141ded5497,2610,2026-09-03,0,HONORED,,,,f,,0,,fe32a6a1-61b1-4317-b880-e2a774361a97,2026-08-27 11:28:10.693803+00,2026-09-02 15:27:19.864951+00
f17a4229-7277-4ca7-8e0f-78166ba02f30,adcd34ce-46dc-42ea-a0ea-98828302c82f,cd9e6eca-028e-4c61-8e82-048327bc4476,12100,2026-04-22,0,BROKEN,Family emergency,,2026-04-13,f,,0,,fe36cd37-d80b-4e5f-a397-43112eac47f3,2026-08-27 11:28:06.537247+00,2026-09-02 15:27:19.864951+00
e6cfbe39-d688-47ab-a2d0-0c03a9796ce3,30d98c2f-37dc-415b-aeb8-a72bfc5a3cd3,a2e2555c-f597-43af-a77a-fe708f967218,6293.15,2026-09-30,0,ACTIVE,,,,f,,0,,fe62066c-5c06-41b0-bece-f7595e61ad0b,2026-09-18 06:37:23.223543+00,2026-09-18 06:37:23.223547+00
e9435aec-179a-4550-a85c-30fde78b8ec9,b8389371-1dda-41f2-9c50-5e2491df7edb,a13886ca-739b-47b4-a473-724e03f7332a,11330,2026-06-20,10142.36,HONORED,Business loss,,2026-05-31,f,,0,,fefd6f48-ec50-4165-a7c6-d8fd920557cd,2026-08-27 11:28:04.550138+00,2026-09-02 15:27:19.864951+00
a234277b-a259-4bf7-9559-bcba54112280,26864e61-7811-4c2b-aa74-be52c711177c,cd9e6eca-028e-4c61-8e82-048327bc4476,45408.75,2026-09-04,25125.69,PARTIALLY_HONORED,Bank transfer processing,Confirmed verbal commitment with borrower.,2026-09-03,f,,0,,ff2bee5d-5e63-403f-9708-aa3da1b2556e,2026-09-02 07:19:29.155167+00,2026-09-17 12:10:31.319909+00
e9ce6fcb-844c-4ddc-b3e6-6ed58659a5b0,d51cb08b-87fd-4916-956f-9b2e06d8670b,c6ca60b7-2143-412b-887e-c30ae9cda031,10652.9,2026-10-30,0,ACTIVE,,,,f,,0,,ff5d0180-a392-4195-a274-757ce7a6d09f,2026-09-18 06:37:23.2654+00,2026-09-18 06:37:23.265403+00
bf1c5867-e558-4e6d-8b1d-ba3436f26a9d,78927b67-1059-4318-9d9f-b68271fdfb91,357e2e09-b637-468e-818b-57a5dce18e9c,5056.69,2026-11-25,0,ACTIVE,,,,f,,0,,ffae4a76-2874-4802-8999-97dce631d945,2026-09-21 06:09:26.725773+00,2026-09-21 06:09:26.725778+00
