month_index,as_of_date,borrower_id,loan_id,arrears_ratio,cibil_score,no_answer_streak,overdue_amount,intent_calls_3m,calls_3m,paid_ratio_3m,ptp_amount_to_emi,days_since_last_contact,interest_rate,latest_disposition,last_commit_status,recent_ptp_status,employment_type,disposition_recency_class
8,2025-05-29,B0009897,L0009897,1.0,872.0,3.0,4365.0,0.0,3.0,0.0,1.0,5.0,23.51,WILL_PAY,NONE,OPEN,SELF_EMPLOYED,WILL_PAY_FRESH
7,2025-04-29,B0005991,L0005991,2.263,810.0,3.0,11336.0,1.0,14.0,0.579,0.996,4.0,22.36,WILL_PAY,BROKEN,HONORED,BUSINESS_OWNER,WILL_PAY_FRESH
5,2025-02-28,B0005439,L0005439,3.768,615.0,0.0,30808.0,0.0,8.0,0.0,,34.0,16.79,WILL_PAY,OPEN,NONE,SELF_EMPLOYED,WILL_PAY_FRESH
10,2025-07-28,B0005964,L0005964,2.442,517.0,0.0,15319.0,1.0,8.0,0.519,1.38,27.0,19.38,MAY_PAY,OPEN,RESCHEDULED,SALARIED,MAY_PAY_FRESH
9,2025-06-28,B0006309,L0006309,6.557,374.0,0.0,12720.0,0.0,16.0,0.0,,160.0,17.19,HARDSHIP,BROKEN,NONE,SALARIED,HARDSHIP_FRESH
13,2025-10-26,B0012626,L0012626,1.0,699.0,0.0,1594.0,0.0,3.0,0.0,,,14.95,MAY_PAY,OPEN,NONE,SALARIED,MAY_PAY_FRESH
13,2025-10-26,B0010116,L0010116,5.0,407.0,0.0,66100.0,0.0,18.0,0.0,,19.0,20.3,REFUSES,OPEN,NONE,SALARIED,REFUSES_FRESH
11,2025-08-27,B0005246,L0005246,3.0,781.0,0.0,67440.0,1.0,8.0,0.333,,2.0,17.61,DISPUTE,OPEN,HONORED,SALARIED,DISPUTE_FRESH
13,2025-10-26,B0011483,L0011483,1.0,597.0,0.0,12256.0,1.0,3.0,0.667,,,14.91,MAY_PAY,NONE,NONE,BUSINESS_OWNER,MAY_PAY_FRESH
11,2025-08-27,B0010618,L0010618,1.0,734.0,0.0,6783.0,2.0,2.0,0.333,,,10.73,WILL_PAY,OPEN,NONE,BUSINESS_OWNER,WILL_PAY_FRESH
0,2024-10-01,B0000109,L0000109,2.0,558.0,0.0,17784.0,0.0,0.0,0.0,,,12.44,NONE,NONE,NONE,SELF_EMPLOYED,NONE
6,2025-03-30,B0003241,L0003241,4.232,346.0,17.0,9572.0,0.0,17.0,0.0,1.189,58.0,17.5,NO_COMMITMENT,KEPT,BROKEN,SALARIED,NO_COMMITMENT_STALE
8,2025-05-29,B0006986,L0006986,0.752,563.0,0.0,3938.0,1.0,3.0,1.083,,118.0,15.1,WILL_PAY,BROKEN,NONE,BUSINESS_OWNER,WILL_PAY_FRESH
4,2025-01-29,B0007597,L0007597,0.626,444.0,0.0,1212.79,0.0,0.0,0.0,,,17.47,NONE,NONE,NONE,SELF_EMPLOYED,NONE
12,2025-09-26,B0012307,L0012307,1.0,805.0,0.0,4930.0,1.0,1.0,0.0,,,15.67,WILL_PAY,OPEN,NONE,BUSINESS_OWNER,WILL_PAY_FRESH
7,2025-04-29,B0007175,L0007175,1.0,843.0,0.0,4964.0,2.0,2.0,0.667,,,16.6,HARDSHIP,OPEN,NONE,SALARIED,HARDSHIP_FRESH
8,2025-05-29,B0009605,L0009605,1.0,409.0,0.0,11694.0,1.0,3.0,0.0,,,9.77,DISPUTE,OPEN,NONE,SALARIED,DISPUTE_FRESH
7,2025-04-29,B0006939,L0006939,4.0,766.0,4.0,53752.0,1.0,13.0,0.0,0.0,107.0,20.41,NO_COMMITMENT,BROKEN,HONORED,SALARIED,NO_COMMITMENT_STALE
4,2025-01-29,B0007238,L0007238,1.0,656.0,0.0,16852.0,1.0,1.0,0.0,,,8.71,MAY_PAY,NONE,NONE,BUSINESS_OWNER,MAY_PAY_FRESH
9,2025-06-28,B0007456,L0007456,1.0,348.0,3.0,15170.0,4.0,16.0,1.08,,117.0,16.61,REFUSES,KEPT,NONE,BUSINESS_OWNER,REFUSES_STALE
13,2025-10-26,B0007425,L0007425,1.0,617.0,0.0,5102.0,1.0,6.0,0.667,0.783,117.0,8.33,MAY_PAY,OPEN,HONORED,SALARIED,MAY_PAY_FRESH
3,2024-12-30,B0000653,L0000653,4.299,601.0,14.0,7299.6,1.0,19.0,0.098,,,16.86,REFUSES,NONE,NONE,BUSINESS_OWNER,REFUSES_STALE
9,2025-06-28,B0007026,L0007026,2.0,397.0,0.0,15642.0,0.0,4.0,1.0,0.922,12.0,15.51,REFUSES,BROKEN,BROKEN,SELF_EMPLOYED,REFUSES_FRESH
4,2025-01-29,B0006497,L0006497,2.0,543.0,6.0,2838.0,0.0,6.0,0.667,1.161,47.0,18.35,NO_COMMITMENT,NONE,BROKEN,SELF_EMPLOYED,NO_COMMITMENT_STALE
11,2025-08-27,B0009733,L0009733,2.779,618.0,0.0,8572.11,2.0,15.0,0.829,,23.0,13.95,WILL_PAY,KEPT,NONE,SALARIED,WILL_PAY_FRESH
13,2025-10-26,B0011120,L0011120,3.289,554.0,0.0,9518.24,2.0,8.0,0.438,,12.0,16.01,MAY_PAY,OPEN,NONE,SALARIED,MAY_PAY_FRESH
3,2024-12-30,B0000750,L0000750,3.0,311.0,3.0,19962.0,1.0,7.0,0.0,,,15.93,HARDSHIP,NONE,NONE,SALARIED,HARDSHIP_STALE
5,2025-02-28,B0008205,L0008205,1.0,300.0,0.0,5728.0,0.0,0.0,0.0,,,9.05,NONE,NONE,NONE,SELF_EMPLOYED,NONE
8,2025-05-29,B0009185,L0009185,2.0,457.0,0.0,23252.0,0.0,3.0,0.0,,,18.84,NO_COMMITMENT,OPEN,NONE,SALARIED,NO_COMMITMENT_FRESH
11,2025-08-27,B0008427,L0008427,4.0,300.0,0.0,47636.0,3.0,11.0,0.0,1.143,35.0,23.64,NO_COMMITMENT,NONE,BROKEN,SALARIED,NO_COMMITMENT_FRESH
11,2025-08-27,B0011368,L0011368,1.0,639.0,0.0,5015.0,1.0,2.0,0.0,,,16.94,DISPUTE,NONE,NONE,SELF_EMPLOYED,DISPUTE_FRESH
6,2025-03-30,B0005842,L0005842,2.0,701.0,0.0,9614.0,1.0,7.0,0.333,0.0,70.0,17.44,WILL_PAY,OPEN,HONORED,SALARIED,WILL_PAY_FRESH
1,2024-10-31,B0003750,L0003750,4.0,886.0,0.0,32132.0,0.0,3.0,0.333,,,15.7,WILL_PAY,OPEN,NONE,SALARIED,WILL_PAY_FRESH
8,2025-05-29,B0007908,L0007908,3.739,709.0,11.0,7152.0,1.0,14.0,0.087,,21.0,15.23,NO_COMMITMENT,BROKEN,NONE,BUSINESS_OWNER,NO_COMMITMENT_STALE
2,2024-11-30,B0000779,L0000779,1.0,563.0,0.0,10552.0,1.0,3.0,0.667,,,13.65,WILL_PAY,OPEN,NONE,SELF_EMPLOYED,WILL_PAY_FRESH
1,2024-10-31,B0000845,L0000845,1.0,505.0,0.0,3943.0,1.0,7.0,0.0,,,15.46,MAY_PAY,NONE,NONE,SALARIED,MAY_PAY_FRESH
12,2025-09-26,B0010315,L0010315,2.0,780.0,9.0,6354.0,0.0,7.0,0.333,,,16.58,NONE,NONE,NONE,SELF_EMPLOYED,NONE
4,2025-01-29,B0007006,L0007006,1.0,688.0,0.0,10164.0,0.0,3.0,0.0,,,20.13,MAY_PAY,OPEN,NONE,SELF_EMPLOYED,MAY_PAY_FRESH
13,2025-10-26,B0011388,L0011388,5.0,431.0,4.0,24075.0,1.0,13.0,0.0,,27.0,21.56,MAY_PAY,BROKEN,NONE,SALARIED,MAY_PAY_STALE
1,2024-10-31,B0005302,L0005302,2.0,481.0,0.0,10254.0,0.0,0.0,0.0,,,15.72,NONE,NONE,NONE,SELF_EMPLOYED,NONE
3,2024-12-30,B0000236,L0000236,2.0,546.0,0.0,13978.0,2.0,12.0,0.0,,33.0,13.69,NO_COMMITMENT,NONE,NONE,SELF_EMPLOYED,NO_COMMITMENT_FRESH
6,2025-03-30,B0001171,L0001171,5.0,557.0,5.0,31385.0,1.0,14.0,0.0,,11.0,16.56,NO_COMMITMENT,BROKEN,NONE,SALARIED,NO_COMMITMENT_STALE
0,2024-10-01,B0002236,L0002236,2.0,472.0,0.0,30522.0,0.0,0.0,0.0,,,8.0,NONE,NONE,NONE,SALARIED,NONE
2,2024-11-30,B0005806,L0005806,1.0,664.0,0.0,19887.0,0.0,1.0,0.0,,,15.29,NO_COMMITMENT,NONE,NONE,SELF_EMPLOYED,NO_COMMITMENT_FRESH
12,2025-09-26,B0009551,L0009551,4.0,733.0,0.0,20436.0,5.0,19.0,0.333,,47.0,13.65,DISPUTE,KEPT,NONE,SALARIED,DISPUTE_FRESH
1,2024-10-31,B0000592,L0000592,1.109,861.0,0.0,4236.0,1.0,4.0,0.964,1.133,2.0,19.7,WILL_PAY,BROKEN,OPEN,SALARIED,WILL_PAY_FRESH
0,2024-10-01,B0003111,L0003111,2.0,799.0,0.0,9218.0,0.0,0.0,0.0,,,9.79,NONE,NONE,NONE,SALARIED,NONE
8,2025-05-29,B0003837,L0003837,1.0,400.0,6.0,2430.0,1.0,11.0,1.0,1.318,126.0,18.84,NO_COMMITMENT,KEPT,HONORED,SALARIED,NO_COMMITMENT_STALE
2,2024-11-30,B0004867,L0004867,0.281,473.0,0.0,2840.0,1.0,11.0,0.573,1.337,29.0,20.43,MAY_PAY,KEPT,HONORED,SALARIED,MAY_PAY_FRESH
4,2025-01-29,B0000044,L0000044,6.465,693.0,8.0,283695.0,1.0,18.0,0.333,,66.0,18.41,REFUSES,BROKEN,NONE,SELF_EMPLOYED,REFUSES_STALE
0,2024-10-01,B0002171,L0002171,3.0,592.0,0.0,5301.0,0.0,0.0,0.0,,,22.45,NONE,NONE,NONE,SELF_EMPLOYED,NONE
11,2025-08-27,B0011657,L0011657,1.0,608.0,0.0,13160.0,1.0,2.0,0.0,,,17.38,NO_COMMITMENT,NONE,NONE,SALARIED,NO_COMMITMENT_FRESH
9,2025-06-28,B0003276,L0003276,5.0,606.0,4.0,10065.0,2.0,13.0,0.333,1.184,38.0,17.62,MAY_PAY,BROKEN,HONORED,BUSINESS_OWNER,MAY_PAY_STALE
2,2024-11-30,B0002599,L0002599,2.07,837.0,0.0,3651.09,2.0,9.0,0.132,1.252,16.0,8.0,WILL_PAY,NONE,BROKEN,SALARIED,WILL_PAY_FRESH
11,2025-08-27,B0010166,L0010166,1.946,391.0,0.0,7421.0,2.0,6.0,0.351,,,13.1,MAY_PAY,OPEN,NONE,SALARIED,MAY_PAY_FRESH
6,2025-03-30,B0005028,L0005028,5.0,725.0,5.0,117100.0,0.0,11.0,0.333,1.292,37.0,15.35,MAY_PAY,BROKEN,BROKEN,SELF_EMPLOYED,MAY_PAY_STALE
13,2025-10-26,B0008745,L0008745,5.0,711.0,4.0,60865.0,0.0,19.0,0.0,0.909,54.0,25.5,REFUSES,BROKEN,HONORED,SELF_EMPLOYED,REFUSES_STALE
10,2025-07-28,B0010950,L0010950,3.0,671.0,0.0,6741.0,0.0,5.0,0.0,,,18.26,MAY_PAY,OPEN,NONE,SELF_EMPLOYED,MAY_PAY_FRESH
5,2025-02-28,B0007830,L0007830,1.0,382.0,0.0,24964.0,0.0,2.0,0.0,,,19.05,NO_COMMITMENT,NONE,NONE,SELF_EMPLOYED,NO_COMMITMENT_FRESH
1,2024-10-31,B0005679,L0005679,2.0,808.0,0.0,9980.0,0.0,0.0,0.0,,,15.4,NONE,NONE,NONE,SALARIED,NONE
12,2025-09-26,B0008767,L0008767,5.118,398.0,0.0,81822.0,7.0,14.0,0.221,,5.0,13.26,WILL_PAY,BROKEN,NONE,SALARIED,WILL_PAY_FRESH
5,2025-02-28,B0007934,L0007934,3.0,745.0,0.0,33348.0,2.0,5.0,0.0,,17.0,12.98,NO_COMMITMENT,OPEN,NONE,SALARIED,NO_COMMITMENT_FRESH
1,2024-10-31,B0004303,L0004303,2.655,871.0,0.0,50405.97,1.0,6.0,0.209,,4.0,14.15,WILL_PAY,OPEN,NONE,SALARIED,WILL_PAY_FRESH
10,2025-07-28,B0009617,L0009617,1.0,632.0,0.0,32396.0,2.0,4.0,0.667,,30.0,17.65,WILL_PAY,BROKEN,NONE,BUSINESS_OWNER,WILL_PAY_FRESH
11,2025-08-27,B0005961,L0005961,4.566,440.0,3.0,10510.0,0.0,13.0,0.478,0.9,61.0,11.36,NO_COMMITMENT,KEPT,HONORED,SALARIED,NO_COMMITMENT_STALE
2,2024-11-30,B0005210,L0005210,1.0,578.0,1.0,13916.0,0.0,1.0,0.0,0.544,2.0,9.2,REFUSES,NONE,OPEN,BUSINESS_OWNER,REFUSES_FRESH
13,2025-10-26,B0009945,L0009945,5.425,347.0,0.0,31732.18,5.0,16.0,0.453,0.799,34.0,14.68,NO_COMMITMENT,OPEN,BROKEN,SALARIED,NO_COMMITMENT_FRESH
8,2025-05-29,B0008093,L0008093,1.0,311.0,0.0,6027.0,0.0,3.0,0.667,,46.0,12.81,HARDSHIP,BROKEN,NONE,SELF_EMPLOYED,HARDSHIP_FRESH
6,2025-03-30,B0006601,L0006601,2.0,475.0,0.0,45878.0,3.0,9.0,0.333,,23.0,18.78,WILL_PAY,KEPT,NONE,SALARIED,WILL_PAY_FRESH
4,2025-01-29,B0002672,L0002672,3.0,767.0,3.0,33456.0,0.0,11.0,0.0,0.83,27.0,18.18,WILL_PAY,BROKEN,BROKEN,BUSINESS_OWNER,WILL_PAY_STALE
10,2025-07-28,B0011215,L0011215,1.569,389.0,0.0,4769.28,0.0,0.0,0.0,,,12.19,NONE,NONE,NONE,SALARIED,NONE
0,2024-10-01,B0004164,L0004164,4.0,568.0,0.0,32708.0,0.0,0.0,0.0,,,16.59,NONE,NONE,NONE,SALARIED,NONE
0,2024-10-01,B0000794,L0000794,6.0,804.0,0.0,42492.0,0.0,0.0,0.0,,,19.83,NONE,NONE,NONE,SELF_EMPLOYED,NONE
5,2025-02-28,B0008637,L0008637,2.0,809.0,0.0,5852.0,0.0,0.0,0.0,,,9.0,NONE,NONE,NONE,SALARIED,NONE
0,2024-10-01,B0001174,L0001174,4.0,548.0,0.0,58892.0,0.0,0.0,0.0,,,19.92,NONE,NONE,NONE,SALARIED,NONE
3,2024-12-30,B0005214,L0005214,1.0,346.0,0.0,176153.0,0.0,2.0,0.333,,,11.87,REFUSES,NONE,NONE,SELF_EMPLOYED,REFUSES_FRESH
6,2025-03-30,B0008656,L0008656,1.0,465.0,0.0,22027.0,0.0,2.0,0.0,,,11.34,MAY_PAY,NONE,NONE,SELF_EMPLOYED,MAY_PAY_FRESH
1,2024-10-31,B0005691,L0005691,1.0,819.0,0.0,5302.0,0.0,0.0,0.0,,,21.91,NONE,NONE,NONE,SALARIED,NONE
8,2025-05-29,B0008635,L0008635,2.683,876.0,0.0,190443.0,1.0,7.0,0.439,,,17.56,WILL_PAY,OPEN,NONE,SALARIED,WILL_PAY_FRESH
11,2025-08-27,B0011163,L0011163,2.0,373.0,0.0,9332.0,0.0,3.0,0.0,1.0,14.0,12.73,REFUSES,NONE,BROKEN,SELF_EMPLOYED,REFUSES_FRESH
2,2024-11-30,B0001232,L0001232,5.192,335.0,0.0,28324.12,0.0,8.0,0.0,,16.0,15.62,REFUSES,OPEN,NONE,SELF_EMPLOYED,REFUSES_FRESH
6,2025-03-30,B0003244,L0003244,1.601,520.0,0.0,5377.0,3.0,7.0,0.8,1.048,13.0,8.22,NO_COMMITMENT,OPEN,HONORED,SELF_EMPLOYED,NO_COMMITMENT_FRESH
9,2025-06-28,B0005511,L0005511,3.712,474.0,0.0,18068.0,3.0,8.0,0.333,1.14,4.0,13.7,NO_COMMITMENT,BROKEN,BROKEN,BUSINESS_OWNER,NO_COMMITMENT_FRESH
11,2025-08-27,B0009654,L0009654,5.388,789.0,0.0,53538.32,3.0,15.0,0.0,,77.0,21.76,WILL_PAY,BROKEN,NONE,SELF_EMPLOYED,WILL_PAY_FRESH
7,2025-04-29,B0008608,L0008608,1.0,678.0,0.0,3965.0,2.0,2.0,0.333,,,14.62,REFUSES,NONE,NONE,SELF_EMPLOYED,REFUSES_FRESH
3,2024-12-30,B0000045,L0000045,2.0,441.0,0.0,6660.0,1.0,6.0,0.333,,,14.84,MAY_PAY,NONE,NONE,SELF_EMPLOYED,MAY_PAY_FRESH
8,2025-05-29,B0008626,L0008626,1.0,666.0,0.0,1928.0,0.0,8.0,0.667,,,13.65,MAY_PAY,BROKEN,NONE,SALARIED,MAY_PAY_FRESH
3,2024-12-30,B0005245,L0005245,2.0,722.0,5.0,3418.0,0.0,5.0,0.0,,,18.69,NONE,NONE,NONE,SALARIED,NONE
10,2025-07-28,B0009174,L0009174,0.534,456.0,0.0,5872.0,1.0,6.0,1.155,,33.0,16.63,WILL_PAY,OPEN,NONE,SALARIED,WILL_PAY_FRESH
12,2025-09-26,B0010099,L0010099,4.0,375.0,0.0,51740.0,0.0,13.0,0.0,,,8.0,REFUSES,BROKEN,NONE,BUSINESS_OWNER,REFUSES_FRESH
10,2025-07-28,B0010342,L0010342,2.0,575.0,0.0,1778.0,1.0,5.0,0.0,,48.0,16.83,REFUSES,NONE,NONE,SELF_EMPLOYED,REFUSES_FRESH
12,2025-09-26,B0010564,L0010564,3.0,450.0,0.0,35832.0,2.0,7.0,0.0,,,15.56,REFUSES,OPEN,NONE,BUSINESS_OWNER,REFUSES_FRESH
12,2025-09-26,B0008010,L0008010,1.0,605.0,0.0,4770.0,2.0,8.0,1.333,,,12.79,WILL_PAY,KEPT,NONE,SALARIED,WILL_PAY_FRESH
13,2025-10-26,B0011199,L0011199,1.0,429.0,4.0,6252.0,0.0,4.0,0.667,,17.0,13.0,REFUSES,NONE,NONE,SALARIED,REFUSES_STALE
13,2025-10-26,B0009745,L0009745,3.376,334.0,0.0,49736.0,0.0,11.0,0.667,,,13.32,NO_COMMITMENT,OPEN,NONE,SELF_EMPLOYED,NO_COMMITMENT_FRESH
12,2025-09-26,B0012366,L0012366,1.0,695.0,0.0,1972.0,0.0,0.0,0.0,,,17.41,NONE,NONE,NONE,SELF_EMPLOYED,NONE
0,2024-10-01,B0001157,L0001157,2.0,487.0,0.0,13522.0,0.0,0.0,0.0,,,9.0,NONE,NONE,NONE,SALARIED,NONE
13,2025-10-26,B0007054,L0007054,4.774,494.0,0.0,8564.0,0.0,14.0,0.409,,28.0,17.11,NO_COMMITMENT,OPEN,NONE,BUSINESS_OWNER,NO_COMMITMENT_FRESH
4,2025-01-29,B0006172,L0006172,2.0,604.0,0.0,6388.0,3.0,9.0,0.333,,42.0,9.14,MAY_PAY,OPEN,NONE,BUSINESS_OWNER,MAY_PAY_FRESH
6,2025-03-30,B0007516,L0007516,2.0,460.0,4.0,3634.0,0.0,4.0,0.0,,,12.89,NONE,NONE,NONE,SALARIED,NONE
4,2025-01-29,B0006686,L0006686,1.0,436.0,0.0,8503.0,1.0,3.0,0.0,,,8.0,WILL_PAY,OPEN,NONE,SALARIED,WILL_PAY_FRESH
11,2025-08-27,B0006958,L0006958,8.0,399.0,1.0,198480.0,2.0,14.0,0.0,0.783,31.0,15.74,REFUSES,BROKEN,RESCHEDULED,SALARIED,REFUSES_FRESH
0,2024-10-01,B0000917,L0000917,0.861,707.0,0.0,4790.39,0.0,0.0,0.0,,,13.91,NONE,NONE,NONE,SALARIED,NONE
0,2024-10-01,B0000293,L0000293,8.0,872.0,0.0,32712.0,0.0,0.0,0.0,,,17.68,NONE,NONE,NONE,SALARIED,NONE
3,2024-12-30,B0002949,L0002949,1.989,562.0,0.0,14371.98,2.0,9.0,1.5,0.95,10.0,13.8,WILL_PAY,KEPT,HONORED,SALARIED,WILL_PAY_FRESH
1,2024-10-31,B0004522,L0004522,1.775,513.0,4.0,32852.49,1.0,5.0,0.312,,,24.33,HARDSHIP,NONE,NONE,SALARIED,HARDSHIP_STALE
1,2024-10-31,B0003393,L0003393,7.0,513.0,0.0,19145.0,2.0,3.0,0.0,,3.0,12.16,MAY_PAY,OPEN,NONE,SALARIED,MAY_PAY_FRESH
2,2024-11-30,B0002707,L0002707,2.0,440.0,6.0,6966.0,1.0,7.0,0.0,,,17.66,WILL_PAY,NONE,NONE,SELF_EMPLOYED,WILL_PAY_STALE
6,2025-03-30,B0009212,L0009212,0.253,782.0,0.0,656.76,0.0,0.0,0.0,,,13.85,NONE,NONE,NONE,SELF_EMPLOYED,NONE
10,2025-07-28,B0008639,L0008639,4.95,438.0,3.0,14063.36,0.0,10.0,0.27,,1.0,18.79,HARDSHIP,BROKEN,NONE,SALARIED,HARDSHIP_FRESH
4,2025-01-29,B0003920,L0003920,2.8,440.0,21.0,12606.0,0.0,17.0,0.067,,,19.48,NONE,NONE,NONE,SALARIED,NONE
4,2025-01-29,B0006509,L0006509,2.0,807.0,0.0,7656.0,1.0,5.0,0.408,,,15.92,REFUSES,NONE,NONE,SALARIED,REFUSES_FRESH
3,2024-12-30,B0002321,L0002321,3.492,591.0,4.0,15897.84,2.0,17.0,0.0,1.119,24.0,11.52,MAY_PAY,BROKEN,BROKEN,BUSINESS_OWNER,MAY_PAY_STALE
2,2024-11-30,B0004857,L0004857,5.0,771.0,5.0,34280.0,3.0,10.0,0.0,,9.0,14.57,WILL_PAY,NONE,NONE,SELF_EMPLOYED,WILL_PAY_STALE
11,2025-08-27,B0006892,L0006892,3.0,636.0,0.0,24390.0,1.0,10.0,0.667,1.113,12.0,8.0,NO_COMMITMENT,BROKEN,BROKEN,SALARIED,NO_COMMITMENT_FRESH
10,2025-07-28,B0005116,L0005116,3.608,596.0,0.0,55216.0,2.0,12.0,0.0,,,14.91,MAY_PAY,OPEN,NONE,SELF_EMPLOYED,MAY_PAY_FRESH
8,2025-05-29,B0009005,L0009005,1.0,342.0,0.0,9449.0,2.0,8.0,0.667,,39.0,14.44,REFUSES,OPEN,NONE,SELF_EMPLOYED,REFUSES_FRESH
6,2025-03-30,B0000560,L0000560,1.0,669.0,0.0,3540.0,1.0,2.0,0.667,1.042,54.0,8.0,HARDSHIP,OPEN,HONORED,BUSINESS_OWNER,HARDSHIP_FRESH
8,2025-05-29,B0009392,L0009392,1.0,420.0,0.0,3334.0,0.0,2.0,0.0,,,21.49,REFUSES,NONE,NONE,SELF_EMPLOYED,REFUSES_FRESH
8,2025-05-29,B0008347,L0008347,3.0,677.0,11.0,14121.0,0.0,11.0,0.0,,,23.75,NONE,NONE,NONE,SELF_EMPLOYED,NONE
1,2024-10-31,B0005718,L0005718,2.0,396.0,0.0,5840.0,0.0,0.0,0.0,,,13.47,NONE,NONE,NONE,BUSINESS_OWNER,NONE
10,2025-07-28,B0008422,L0008422,1.361,657.0,0.0,4046.0,1.0,5.0,0.88,,,15.54,WILL_PAY,BROKEN,NONE,SELF_EMPLOYED,WILL_PAY_FRESH
2,2024-11-30,B0005271,L0005271,2.0,330.0,0.0,1828.0,1.0,2.0,0.0,,,10.03,HARDSHIP,NONE,NONE,SELF_EMPLOYED,HARDSHIP_FRESH
9,2025-06-28,B0007525,L0007525,2.503,431.0,4.0,88630.0,1.0,13.0,0.495,,43.0,16.86,NO_COMMITMENT,NONE,NONE,BUSINESS_OWNER,NO_COMMITMENT_STALE
13,2025-10-26,B0010683,L0010683,4.0,430.0,1.0,6792.0,1.0,11.0,0.0,,,18.04,REFUSES,NONE,NONE,SALARIED,REFUSES_FRESH
2,2024-11-30,B0001975,L0001975,0.709,764.0,0.0,1221.0,2.0,8.0,1.097,,,19.45,WILL_PAY,BROKEN,NONE,SALARIED,WILL_PAY_FRESH
9,2025-06-28,B0009816,L0009816,2.0,617.0,2.0,12852.0,2.0,5.0,0.0,0.667,26.0,20.21,MAY_PAY,BROKEN,BROKEN,SELF_EMPLOYED,MAY_PAY_STALE
6,2025-03-30,B0003463,L0003463,1.0,748.0,0.0,6097.0,2.0,6.0,1.0,,,16.13,HARDSHIP,BROKEN,NONE,SELF_EMPLOYED,HARDSHIP_FRESH
7,2025-04-29,B0005623,L0005623,5.407,510.0,0.0,5466.0,2.0,10.0,0.198,,4.0,23.31,NO_COMMITMENT,BROKEN,NONE,SELF_EMPLOYED,NO_COMMITMENT_FRESH
2,2024-11-30,B0003903,L0003903,1.0,806.0,3.0,8692.0,0.0,5.0,0.333,,,16.83,WILL_PAY,NONE,NONE,BUSINESS_OWNER,WILL_PAY_STALE
6,2025-03-30,B0007321,L0007321,2.0,629.0,0.0,9726.0,0.0,2.0,0.0,,47.0,13.28,REFUSES,NONE,NONE,SELF_EMPLOYED,REFUSES_FRESH
9,2025-06-28,B0004049,L0004049,0.483,580.0,0.0,1960.0,0.0,8.0,1.5,0.989,90.0,18.85,WILL_PAY,KEPT,BROKEN,SALARIED,WILL_PAY_FRESH
7,2025-04-29,B0008570,L0008570,2.0,431.0,0.0,15530.0,1.0,3.0,0.0,,,14.61,MAY_PAY,OPEN,NONE,SALARIED,MAY_PAY_FRESH
12,2025-09-26,B0011016,L0011016,1.0,495.0,1.0,1209.0,1.0,5.0,0.667,1.216,18.0,14.31,WILL_PAY,BROKEN,HONORED,SELF_EMPLOYED,WILL_PAY_STALE
10,2025-07-28,B0009300,L0009300,1.0,490.0,0.0,9311.0,1.0,9.0,1.0,1.242,16.0,21.12,WILL_PAY,BROKEN,HONORED,SELF_EMPLOYED,WILL_PAY_FRESH
4,2025-01-29,B0003199,L0003199,4.0,825.0,0.0,4364.0,0.0,8.0,0.0,,,14.88,REFUSES,NONE,NONE,BUSINESS_OWNER,REFUSES_FRESH
6,2025-03-30,B0009034,L0009034,0.38,848.0,0.0,2380.13,0.0,0.0,0.0,,,21.2,NONE,NONE,NONE,SALARIED,NONE
10,2025-07-28,B0009443,L0009443,3.0,316.0,3.0,38166.0,0.0,7.0,0.0,,24.0,9.53,REFUSES,NONE,NONE,SALARIED,REFUSES_STALE
0,2024-10-01,B0000880,L0000880,2.797,853.0,0.0,4236.9,0.0,0.0,0.0,,,8.9,NONE,NONE,NONE,SELF_EMPLOYED,NONE
4,2025-01-29,B0003976,L0003976,2.401,511.0,4.0,7812.0,2.0,12.0,0.866,1.192,64.0,9.29,DISPUTE,BROKEN,HONORED,SELF_EMPLOYED,DISPUTE_STALE
9,2025-06-28,B0007237,L0007237,5.863,327.0,3.0,35952.41,0.0,12.0,0.0,,40.0,11.97,REFUSES,BROKEN,NONE,SALARIED,REFUSES_STALE
10,2025-07-28,B0000439,L0000439,8.0,695.0,7.0,18864.0,1.0,19.0,0.0,1.131,11.0,20.35,REFUSES,BROKEN,BROKEN,SALARIED,REFUSES_STALE
10,2025-07-28,B0007725,L0007725,4.91,692.0,0.0,47294.8,3.0,15.0,0.333,1.035,37.0,24.7,REFUSES,NONE,RESCHEDULED,SELF_EMPLOYED,REFUSES_FRESH
1,2024-10-31,B0003176,L0003176,0.074,775.0,3.0,217.0,0.0,3.0,0.309,0.074,13.0,22.36,WILL_PAY,NONE,BROKEN,SALARIED,WILL_PAY_STALE
11,2025-08-27,B0011856,L0011856,2.0,491.0,0.0,34594.0,0.0,0.0,0.0,,,19.13,NONE,NONE,NONE,BUSINESS_OWNER,NONE
1,2024-10-31,B0000277,L0000277,1.0,424.0,0.0,21931.0,0.0,3.0,0.0,0.523,9.0,15.77,WILL_PAY,NONE,OPEN,SALARIED,WILL_PAY_FRESH
7,2025-04-29,B0005459,L0005459,6.0,431.0,2.0,67638.0,2.0,10.0,0.0,,3.0,19.3,REFUSES,BROKEN,NONE,BUSINESS_OWNER,REFUSES_FRESH
8,2025-05-29,B0005878,L0005878,7.0,781.0,0.0,58513.0,1.0,19.0,0.0,,116.0,8.97,REFUSES,BROKEN,NONE,SELF_EMPLOYED,REFUSES_FRESH
5,2025-02-28,B0001616,L0001616,5.0,613.0,3.0,21980.0,0.0,13.0,0.333,1.031,11.0,16.41,REFUSES,BROKEN,HONORED,SELF_EMPLOYED,REFUSES_STALE
12,2025-09-26,B0010282,L0010282,5.0,618.0,0.0,11580.0,1.0,11.0,0.0,0.969,76.0,11.74,REFUSES,NONE,BROKEN,BUSINESS_OWNER,REFUSES_FRESH
12,2025-09-26,B0007064,L0007064,3.845,807.0,6.0,69580.0,2.0,14.0,0.523,0.495,20.0,15.4,HARDSHIP,BROKEN,BROKEN,BUSINESS_OWNER,HARDSHIP_STALE
11,2025-08-27,B0009255,L0009255,5.0,491.0,2.0,65760.0,2.0,15.0,0.0,,18.0,15.1,HARDSHIP,NONE,NONE,SALARIED,HARDSHIP_STALE
11,2025-08-27,B0010529,L0010529,3.218,760.0,0.0,26752.0,6.0,11.0,0.261,1.085,26.0,9.12,WILL_PAY,OPEN,BROKEN,SELF_EMPLOYED,WILL_PAY_FRESH
2,2024-11-30,B0004374,L0004374,4.0,656.0,0.0,77512.0,1.0,8.0,0.0,1.294,60.0,16.72,MAY_PAY,NONE,RESCHEDULED,SALARIED,MAY_PAY_FRESH
2,2024-11-30,B0005664,L0005664,3.0,412.0,0.0,48672.0,1.0,3.0,0.0,0.733,17.0,16.07,NO_COMMITMENT,BROKEN,BROKEN,SELF_EMPLOYED,NO_COMMITMENT_FRESH
2,2024-11-30,B0005447,L0005447,1.0,736.0,0.0,16118.0,0.0,1.0,0.0,,,15.62,WILL_PAY,NONE,NONE,SALARIED,WILL_PAY_FRESH
5,2025-02-28,B0001811,L0001811,2.0,621.0,0.0,9262.0,1.0,14.0,0.0,,99.0,15.32,HARDSHIP,OPEN,NONE,BUSINESS_OWNER,HARDSHIP_FRESH
6,2025-03-30,B0003142,L0003142,0.565,568.0,0.0,1299.0,0.0,4.0,1.13,,,17.77,NO_COMMITMENT,OPEN,NONE,SALARIED,NO_COMMITMENT_FRESH
2,2024-11-30,B0004782,L0004782,1.0,509.0,0.0,3324.0,1.0,1.0,0.333,,,12.87,MAY_PAY,NONE,NONE,BUSINESS_OWNER,MAY_PAY_FRESH
9,2025-06-28,B0002060,L0002060,0.0,684.0,0.0,0.0,2.0,12.0,0.288,1.054,76.0,24.91,NO_COMMITMENT,OPEN,BROKEN,SALARIED,NO_COMMITMENT_FRESH
9,2025-06-28,B0009199,L0009199,1.0,788.0,0.0,1822.0,1.0,7.0,1.333,,51.0,10.57,WILL_PAY,NONE,NONE,SALARIED,WILL_PAY_FRESH
10,2025-07-28,B0007848,L0007848,1.0,820.0,0.0,3994.0,1.0,5.0,0.667,0.668,84.0,20.54,WILL_PAY,NONE,HONORED,BUSINESS_OWNER,WILL_PAY_FRESH
10,2025-07-28,B0009713,L0009713,2.498,578.0,0.0,112050.0,3.0,19.0,0.167,,30.0,19.39,HARDSHIP,BROKEN,NONE,SALARIED,HARDSHIP_FRESH
12,2025-09-26,B0009428,L0009428,4.0,596.0,3.0,23332.0,2.0,12.0,0.0,,,14.12,NO_COMMITMENT,OPEN,NONE,SALARIED,NO_COMMITMENT_FRESH
12,2025-09-26,B0009185,L0009185,5.0,449.0,0.0,58130.0,1.0,18.0,0.0,1.155,5.0,18.84,REFUSES,BROKEN,HONORED,SALARIED,REFUSES_FRESH
2,2024-11-30,B0005807,L0005807,1.791,785.0,0.0,56975.64,2.0,3.0,0.0,,,18.53,NO_COMMITMENT,OPEN,NONE,SALARIED,NO_COMMITMENT_FRESH
6,2025-03-30,B0007512,L0007512,2.0,574.0,0.0,9410.0,0.0,5.0,0.0,,28.0,11.95,REFUSES,BROKEN,NONE,SALARIED,REFUSES_FRESH
6,2025-03-30,B0006370,L0006370,1.0,700.0,0.0,3908.0,1.0,7.0,0.667,,,14.83,REFUSES,NONE,NONE,SALARIED,REFUSES_FRESH
8,2025-05-29,B0008337,L0008337,5.0,487.0,3.0,8085.0,2.0,12.0,0.0,1.555,25.0,27.23,NO_COMMITMENT,NONE,BROKEN,SALARIED,NO_COMMITMENT_STALE
12,2025-09-26,B0010823,L0010823,3.0,651.0,0.0,16602.0,3.0,11.0,0.0,,7.0,22.67,REFUSES,NONE,NONE,SALARIED,REFUSES_FRESH
4,2025-01-29,B0005272,L0005272,2.0,615.0,0.0,16586.0,2.0,3.0,0.333,,57.0,14.76,HARDSHIP,BROKEN,NONE,SELF_EMPLOYED,HARDSHIP_FRESH
7,2025-04-29,B0006027,L0006027,5.409,573.0,0.0,21516.92,2.0,14.0,0.0,,10.0,11.4,NO_COMMITMENT,NONE,NONE,SALARIED,NO_COMMITMENT_FRESH
1,2024-10-31,B0005197,L0005197,2.0,848.0,0.0,31300.0,0.0,0.0,0.0,,,17.66,NONE,NONE,NONE,SELF_EMPLOYED,NONE
13,2025-10-26,B0011934,L0011934,2.0,361.0,3.0,27478.0,0.0,5.0,0.0,,,13.35,WILL_PAY,NONE,NONE,SELF_EMPLOYED,WILL_PAY_STALE
4,2025-01-29,B0005634,L0005634,1.0,842.0,0.0,2573.0,2.0,9.0,1.333,,72.0,14.26,WILL_PAY,KEPT,NONE,SALARIED,WILL_PAY_FRESH
8,2025-05-29,B0008518,L0008518,2.0,412.0,0.0,5958.0,1.0,3.0,0.667,,,13.34,MAY_PAY,OPEN,NONE,SALARIED,MAY_PAY_FRESH
3,2024-12-30,B0006198,L0006198,2.0,365.0,0.0,6044.0,0.0,2.0,0.0,,,14.3,REFUSES,NONE,NONE,SELF_EMPLOYED,REFUSES_FRESH
6,2025-03-30,B0007052,L0007052,1.0,405.0,3.0,4863.0,3.0,6.0,0.667,,,17.73,REFUSES,NONE,NONE,SALARIED,REFUSES_FRESH
2,2024-11-30,B0001183,L0001183,1.59,586.0,0.0,11648.0,1.0,2.0,0.137,,,8.0,REFUSES,NONE,NONE,SELF_EMPLOYED,REFUSES_FRESH
7,2025-04-29,B0007510,L0007510,1.0,497.0,0.0,16112.0,3.0,6.0,0.667,,,23.22,MAY_PAY,NONE,NONE,BUSINESS_OWNER,MAY_PAY_FRESH
13,2025-10-26,B0006252,L0006252,2.0,533.0,12.0,8874.0,0.0,12.0,0.667,1.194,122.0,17.65,WILL_PAY,BROKEN,HONORED,SALARIED,WILL_PAY_STALE
9,2025-06-28,B0002805,L0002805,4.411,609.0,0.0,7490.0,4.0,11.0,0.196,,189.0,14.61,WILL_PAY,OPEN,HONORED,SALARIED,WILL_PAY_FRESH
5,2025-02-28,B0007534,L0007534,1.0,324.0,0.0,5025.0,0.0,2.0,0.0,,,21.82,WILL_PAY,NONE,NONE,SELF_EMPLOYED,WILL_PAY_FRESH
1,2024-10-31,B0003414,L0003414,4.0,305.0,0.0,34232.0,0.0,3.0,0.0,,28.0,20.72,NO_COMMITMENT,NONE,NONE,BUSINESS_OWNER,NO_COMMITMENT_FRESH
1,2024-10-31,B0005519,L0005519,2.0,729.0,0.0,15780.0,0.0,0.0,0.0,,,15.91,NONE,NONE,NONE,SELF_EMPLOYED,NONE
13,2025-10-26,B0011595,L0011595,3.254,784.0,1.0,13092.0,2.0,10.0,0.249,1.14,14.0,15.3,DISPUTE,BROKEN,BROKEN,SELF_EMPLOYED,DISPUTE_FRESH
13,2025-10-26,B0007420,L0007420,3.0,410.0,1.0,14784.0,1.0,8.0,0.0,1.242,11.0,9.8,REFUSES,BROKEN,BROKEN,SALARIED,REFUSES_FRESH
1,2024-10-31,B0000725,L0000725,4.0,866.0,4.0,14516.0,0.0,4.0,0.0,,,18.97,NONE,NONE,NONE,SELF_EMPLOYED,NONE
11,2025-08-27,B0001128,L0001128,1.0,403.0,1.0,4329.0,1.0,11.0,0.0,1.0,29.0,15.32,NO_COMMITMENT,NONE,BROKEN,SALARIED,NO_COMMITMENT_STALE
1,2024-10-31,B0000879,L0000879,2.099,338.0,0.0,13272.0,1.0,5.0,0.3,,16.0,19.65,NO_COMMITMENT,NONE,NONE,SELF_EMPLOYED,NO_COMMITMENT_FRESH
11,2025-08-27,B0011009,L0011009,0.963,498.0,0.0,2136.0,0.0,3.0,0.346,,15.0,16.66,HARDSHIP,NONE,NONE,SALARIED,HARDSHIP_FRESH
2,2024-11-30,B0001086,L0001086,2.746,688.0,5.0,41167.21,0.0,6.0,0.0,,3.0,17.09,NO_COMMITMENT,NONE,NONE,BUSINESS_OWNER,NO_COMMITMENT_FRESH
6,2025-03-30,B0006263,L0006263,4.0,423.0,0.0,8856.0,1.0,17.0,0.0,,,18.83,NO_COMMITMENT,BROKEN,NONE,BUSINESS_OWNER,NO_COMMITMENT_FRESH
8,2025-05-29,B0004088,L0004088,5.305,712.0,0.0,4578.0,2.0,11.0,0.333,1.269,14.0,11.66,WILL_PAY,OPEN,BROKEN,SELF_EMPLOYED,WILL_PAY_FRESH
1,2024-10-31,B0004465,L0004465,5.0,892.0,0.0,8070.0,0.0,5.0,0.0,,,14.05,WILL_PAY,NONE,NONE,SALARIED,WILL_PAY_FRESH
6,2025-03-30,B0008618,L0008618,0.748,837.0,1.0,3106.0,0.0,1.0,0.417,0.753,5.0,11.23,WILL_PAY,NONE,HONORED,SALARIED,WILL_PAY_FRESH
10,2025-07-28,B0010044,L0010044,2.0,477.0,0.0,19698.0,0.0,4.0,0.0,0.956,8.0,13.47,HARDSHIP,BROKEN,OPEN,SALARIED,HARDSHIP_FRESH
3,2024-12-30,B0002226,L0002226,3.0,563.0,7.0,20013.0,0.0,15.0,0.0,,,8.0,NO_COMMITMENT,NONE,NONE,SALARIED,NO_COMMITMENT_STALE
6,2025-03-30,B0007257,L0007257,1.0,518.0,0.0,5363.0,0.0,5.0,0.667,,,17.21,REFUSES,NONE,NONE,BUSINESS_OWNER,REFUSES_FRESH
2,2024-11-30,B0004217,L0004217,2.0,641.0,0.0,7258.0,1.0,5.0,0.0,,,12.8,DISPUTE,NONE,NONE,SELF_EMPLOYED,DISPUTE_FRESH
3,2024-12-30,B0000109,L0000109,3.393,575.0,0.0,30168.0,2.0,11.0,0.536,,3.0,12.44,MAY_PAY,KEPT,NONE,SELF_EMPLOYED,MAY_PAY_FRESH
12,2025-09-26,B0010873,L0010873,3.0,314.0,3.0,6447.0,0.0,10.0,0.0,,,11.74,REFUSES,BROKEN,NONE,BUSINESS_OWNER,REFUSES_STALE
10,2025-07-28,B0010071,L0010071,1.0,415.0,2.0,19597.0,0.0,2.0,0.333,,,18.41,NONE,NONE,NONE,SALARIED,NONE
11,2025-08-27,B0011607,L0011607,1.0,616.0,1.0,16653.0,0.0,1.0,0.0,,,18.89,NONE,NONE,NONE,SELF_EMPLOYED,NONE
13,2025-10-26,B0012799,L0012799,1.0,471.0,0.0,25575.0,0.0,1.0,0.0,,,28.41,NO_COMMITMENT,NONE,NONE,SELF_EMPLOYED,NO_COMMITMENT_FRESH
2,2024-11-30,B0002141,L0002141,5.9,661.0,0.0,14066.48,4.0,6.0,0.0,,34.0,16.07,HARDSHIP,OPEN,NONE,SALARIED,HARDSHIP_FRESH
6,2025-03-30,B0009293,L0009293,1.0,430.0,0.0,21946.0,0.0,0.0,0.0,,,13.14,NONE,NONE,NONE,SALARIED,NONE
8,2025-05-29,B0008800,L0008800,1.0,566.0,1.0,6080.0,2.0,5.0,0.994,0.79,2.0,8.86,WILL_PAY,OPEN,OPEN,SALARIED,WILL_PAY_FRESH
8,2025-05-29,B0004448,L0004448,1.0,442.0,6.0,7180.0,0.0,3.0,1.0,,190.0,18.33,MAY_PAY,KEPT,BROKEN,SALARIED,MAY_PAY_STALE
10,2025-07-28,B0010085,L0010085,2.0,826.0,0.0,17214.0,1.0,6.0,0.0,,,16.24,NO_COMMITMENT,NONE,NONE,SELF_EMPLOYED,NO_COMMITMENT_FRESH
3,2024-12-30,B0000802,L0000802,1.15,703.0,4.0,3572.27,0.0,10.0,0.333,,,18.31,DISPUTE,BROKEN,NONE,SELF_EMPLOYED,DISPUTE_STALE
7,2025-04-29,B0002175,L0002175,2.286,569.0,0.0,33612.0,3.0,12.0,0.905,,90.0,18.97,MAY_PAY,KEPT,HONORED,BUSINESS_OWNER,MAY_PAY_FRESH
6,2025-03-30,B0008220,L0008220,1.0,351.0,0.0,5564.0,0.0,1.0,0.0,,,13.9,MAY_PAY,NONE,NONE,SALARIED,MAY_PAY_FRESH
8,2025-05-29,B0007084,L0007084,4.0,339.0,1.0,14548.0,2.0,13.0,0.0,1.122,5.0,20.65,MAY_PAY,OPEN,OPEN,SALARIED,MAY_PAY_FRESH
9,2025-06-28,B0008813,L0008813,1.0,748.0,0.0,2505.0,2.0,6.0,0.667,,40.0,22.61,MAY_PAY,KEPT,NONE,SELF_EMPLOYED,MAY_PAY_FRESH
10,2025-07-28,B0010308,L0010308,0.983,810.0,0.0,5767.0,1.0,7.0,0.978,,,18.12,WILL_PAY,OPEN,NONE,SALARIED,WILL_PAY_FRESH
2,2024-11-30,B0002017,L0002017,1.0,720.0,0.0,3539.0,1.0,1.0,0.333,,,14.21,DISPUTE,OPEN,NONE,SALARIED,DISPUTE_STALE
12,2025-09-26,B0010890,L0010890,1.0,377.0,0.0,12443.0,2.0,5.0,0.667,,48.0,12.51,REFUSES,KEPT,NONE,SALARIED,REFUSES_FRESH
1,2024-10-31,B0000940,L0000940,1.0,336.0,3.0,30690.0,0.0,3.0,0.0,,,15.58,NONE,NONE,NONE,BUSINESS_OWNER,NONE
0,2024-10-01,B0000122,L0000122,4.0,552.0,0.0,21948.0,0.0,0.0,0.0,,,13.8,NONE,NONE,NONE,SALARIED,NONE
11,2025-08-27,B0002816,L0002816,2.0,681.0,0.0,8242.0,1.0,4.0,0.667,1.009,144.0,24.19,REFUSES,BROKEN,HONORED,BUSINESS_OWNER,REFUSES_FRESH
9,2025-06-28,B0006665,L0006665,4.0,376.0,0.0,12376.0,1.0,10.0,0.667,,47.0,12.11,DISPUTE,BROKEN,NONE,SALARIED,DISPUTE_FRESH
7,2025-04-29,B0008997,L0008997,0.673,848.0,0.0,7219.0,1.0,2.0,0.109,,,13.47,WILL_PAY,BROKEN,NONE,SELF_EMPLOYED,WILL_PAY_FRESH
7,2025-04-29,B0001340,L0001340,6.0,607.0,7.0,8484.0,1.0,19.0,0.0,,54.0,13.73,NO_COMMITMENT,NONE,NONE,SELF_EMPLOYED,NO_COMMITMENT_STALE
13,2025-10-26,B0009499,L0009499,7.0,306.0,5.0,22771.0,1.0,14.0,0.0,,18.0,17.2,REFUSES,BROKEN,NONE,SALARIED,REFUSES_STALE
4,2025-01-29,B0000257,L0000257,1.432,420.0,0.0,12346.0,1.0,6.0,0.523,,17.0,8.04,REFUSES,NONE,NONE,SELF_EMPLOYED,REFUSES_FRESH
4,2025-01-29,B0007158,L0007158,4.0,339.0,0.0,4300.0,1.0,2.0,0.0,1.133,2.0,8.0,REFUSES,OPEN,OPEN,SELF_EMPLOYED,REFUSES_FRESH
11,2025-08-27,B0002300,L0002300,0.0,883.0,0.0,0.0,4.0,4.0,0.991,0.883,141.0,11.23,WILL_PAY,OPEN,HONORED,SELF_EMPLOYED,WILL_PAY_FRESH
6,2025-03-30,B0008529,L0008529,1.0,408.0,3.0,5830.0,0.0,3.0,0.0,,,15.12,NONE,NONE,NONE,SELF_EMPLOYED,NONE
5,2025-02-28,B0005932,L0005932,3.0,620.0,5.0,30234.0,1.0,10.0,0.0,0.782,2.0,10.96,NO_COMMITMENT,KEPT,OPEN,SELF_EMPLOYED,NO_COMMITMENT_FRESH
12,2025-09-26,B0011792,L0011792,1.0,582.0,0.0,8684.0,1.0,2.0,0.0,,,8.0,MAY_PAY,NONE,NONE,SELF_EMPLOYED,MAY_PAY_FRESH
9,2025-06-28,B0008108,L0008108,3.0,521.0,0.0,12483.0,1.0,8.0,0.333,,27.0,19.32,NO_COMMITMENT,NONE,NONE,SALARIED,NO_COMMITMENT_FRESH
8,2025-05-29,B0010157,L0010157,0.31,671.0,0.0,549.12,0.0,0.0,0.0,,,15.54,NONE,NONE,NONE,SELF_EMPLOYED,NONE
2,2024-11-30,B0004491,L0004491,1.899,512.0,8.0,15101.93,1.0,14.0,0.0,,,15.25,WILL_PAY,BROKEN,NONE,BUSINESS_OWNER,WILL_PAY_STALE
3,2024-12-30,B0005881,L0005881,2.0,594.0,1.0,16852.0,2.0,6.0,0.333,,18.0,13.3,HARDSHIP,NONE,NONE,SALARIED,HARDSHIP_STALE
13,2025-10-26,B0010500,L0010500,1.0,397.0,5.0,1625.0,1.0,10.0,0.964,0.926,29.0,13.33,NO_COMMITMENT,BROKEN,HONORED,SELF_EMPLOYED,NO_COMMITMENT_STALE
6,2025-03-30,B0005988,L0005988,5.0,300.0,0.0,70820.0,0.0,10.0,0.0,1.173,18.0,8.0,NO_COMMITMENT,OPEN,BROKEN,SALARIED,NO_COMMITMENT_FRESH
0,2024-10-01,B0003242,L0003242,9.0,771.0,0.0,75699.0,0.0,0.0,0.0,,,14.69,NONE,NONE,NONE,SALARIED,NONE
4,2025-01-29,B0003425,L0003425,2.934,327.0,14.0,2561.28,0.0,14.0,0.42,,53.0,15.49,REFUSES,NONE,NONE,SALARIED,REFUSES_STALE
0,2024-10-01,B0001248,L0001248,3.0,661.0,0.0,17304.0,0.0,0.0,0.0,,,19.39,NONE,NONE,NONE,SALARIED,NONE
0,2024-10-01,B0002156,L0002156,5.239,543.0,0.0,41505.34,0.0,0.0,0.0,,,12.45,NONE,NONE,NONE,SALARIED,NONE
10,2025-07-28,B0010428,L0010428,1.0,376.0,3.0,6679.0,0.0,4.0,0.667,,,20.29,MAY_PAY,NONE,NONE,BUSINESS_OWNER,MAY_PAY_STALE
6,2025-03-30,B0007726,L0007726,2.0,451.0,0.0,14998.0,1.0,1.0,0.0,,44.0,17.12,MAY_PAY,NONE,NONE,SALARIED,MAY_PAY_FRESH
8,2025-05-29,B0005759,L0005759,2.455,683.0,0.0,33792.0,2.0,9.0,0.182,0.359,11.0,15.32,WILL_PAY,OPEN,HONORED,SALARIED,WILL_PAY_FRESH
11,2025-08-27,B0011347,L0011347,0.625,724.0,0.0,3826.0,0.0,1.0,0.125,,,20.09,MAY_PAY,NONE,NONE,SALARIED,MAY_PAY_FRESH
1,2024-10-31,B0003799,L0003799,3.888,693.0,3.0,60977.56,1.0,5.0,0.0,,,24.24,HARDSHIP,OPEN,NONE,BUSINESS_OWNER,HARDSHIP_FRESH
1,2024-10-31,B0000780,L0000780,1.0,721.0,0.0,4764.0,0.0,3.0,0.0,,,9.66,MAY_PAY,OPEN,NONE,BUSINESS_OWNER,MAY_PAY_FRESH
12,2025-09-26,B0011526,L0011526,2.331,501.0,1.0,19826.67,0.0,5.0,0.333,1.087,7.0,18.22,WILL_PAY,BROKEN,OPEN,SALARIED,WILL_PAY_FRESH
7,2025-04-29,B0008909,L0008909,2.0,531.0,0.0,3808.0,1.0,5.0,0.0,,10.0,16.16,WILL_PAY,OPEN,NONE,SALARIED,WILL_PAY_FRESH
1,2024-10-31,B0002250,L0002250,1.0,647.0,0.0,1480.0,0.0,2.0,0.0,,,14.18,MAY_PAY,OPEN,NONE,SALARIED,MAY_PAY_FRESH
9,2025-06-28,B0009078,L0009078,3.485,668.0,1.0,19789.15,2.0,8.0,0.335,,,18.97,MAY_PAY,NONE,NONE,SELF_EMPLOYED,MAY_PAY_STALE
1,2024-10-31,B0002382,L0002382,3.967,708.0,0.0,12036.0,1.0,3.0,0.344,1.137,22.0,19.33,MAY_PAY,OPEN,HONORED,SELF_EMPLOYED,MAY_PAY_FRESH
12,2025-09-26,B0007904,L0007904,1.137,875.0,0.0,2258.0,5.0,10.0,1.5,1.046,17.0,14.92,WILL_PAY,KEPT,HONORED,SELF_EMPLOYED,WILL_PAY_FRESH
6,2025-03-30,B0000567,L0000567,3.966,809.0,5.0,11125.0,3.0,16.0,0.559,,18.0,14.06,NO_COMMITMENT,BROKEN,NONE,SALARIED,NO_COMMITMENT_STALE
8,2025-05-29,B0007647,L0007647,3.0,389.0,0.0,41046.0,2.0,16.0,0.0,,,14.77,REFUSES,OPEN,NONE,SALARIED,REFUSES_FRESH
5,2025-02-28,B0007445,L0007445,2.25,578.0,5.0,10848.09,1.0,6.0,0.0,,,18.2,NO_COMMITMENT,NONE,NONE,SALARIED,NO_COMMITMENT_STALE
2,2024-11-30,B0002839,L0002839,3.0,424.0,0.0,5742.0,1.0,9.0,0.333,1.178,37.0,10.33,MAY_PAY,OPEN,HONORED,SALARIED,MAY_PAY_FRESH
4,2025-01-29,B0006999,L0006999,1.0,656.0,0.0,13108.0,1.0,1.0,0.0,,,8.86,WILL_PAY,OPEN,NONE,SELF_EMPLOYED,WILL_PAY_FRESH
12,2025-09-26,B0009824,L0009824,4.0,440.0,0.0,26744.0,2.0,13.0,0.333,,31.0,17.94,MAY_PAY,OPEN,NONE,SALARIED,MAY_PAY_FRESH
10,2025-07-28,B0006863,L0006863,5.178,653.0,0.0,55685.0,1.0,11.0,0.263,,56.0,12.07,NO_COMMITMENT,BROKEN,NONE,SALARIED,NO_COMMITMENT_FRESH
13,2025-10-26,B0012903,L0012903,1.0,345.0,1.0,9704.0,0.0,1.0,0.0,,,13.56,NONE,NONE,NONE,SELF_EMPLOYED,NONE
2,2024-11-30,B0005349,L0005349,1.0,394.0,0.0,9634.0,1.0,1.0,0.0,,6.0,12.83,NO_COMMITMENT,NONE,NONE,SELF_EMPLOYED,NO_COMMITMENT_FRESH
1,2024-10-31,B0002063,L0002063,3.0,385.0,2.0,38379.0,0.0,2.0,0.0,,,17.29,NONE,NONE,NONE,SALARIED,NONE
9,2025-06-28,B0001775,L0001775,5.744,769.0,3.0,28226.0,4.0,14.0,0.645,,90.0,21.8,WILL_PAY,BROKEN,NONE,SELF_EMPLOYED,WILL_PAY_STALE
6,2025-03-30,B0004032,L0004032,5.71,332.0,5.0,25610.0,1.0,24.0,0.097,,63.0,14.46,REFUSES,NONE,NONE,SELF_EMPLOYED,REFUSES_STALE
7,2025-04-29,B0007997,L0007997,2.0,439.0,0.0,3994.0,0.0,4.0,0.0,,,12.58,NO_COMMITMENT,NONE,NONE,SALARIED,NO_COMMITMENT_FRESH
0,2024-10-01,B0002011,L0002011,5.73,475.0,0.0,23815.94,0.0,0.0,0.0,,,10.43,NONE,NONE,NONE,SELF_EMPLOYED,NONE
5,2025-02-28,B0007891,L0007891,1.0,335.0,0.0,4980.0,1.0,3.0,0.0,,,17.35,MAY_PAY,NONE,NONE,SELF_EMPLOYED,MAY_PAY_FRESH
10,2025-07-28,B0010829,L0010829,1.0,834.0,0.0,4634.0,1.0,1.0,0.0,,,11.27,HARDSHIP,OPEN,NONE,SELF_EMPLOYED,HARDSHIP_FRESH
11,2025-08-27,B0007953,L0007953,2.97,739.0,0.0,19460.0,2.0,13.0,0.677,,,13.89,WILL_PAY,OPEN,NONE,SELF_EMPLOYED,WILL_PAY_FRESH
6,2025-03-30,B0008641,L0008641,1.0,682.0,0.0,7605.0,1.0,2.0,0.0,,,10.49,MAY_PAY,NONE,NONE,SALARIED,MAY_PAY_FRESH
9,2025-06-28,B0010840,L0010840,1.97,773.0,0.0,4080.46,0.0,0.0,0.0,,,15.31,NONE,NONE,NONE,SALARIED,NONE
9,2025-06-28,B0008508,L0008508,3.454,628.0,0.0,23404.0,0.0,17.0,0.182,,,18.55,REFUSES,BROKEN,NONE,SALARIED,REFUSES_FRESH
11,2025-08-27,B0003201,L0003201,4.918,386.0,3.0,72508.0,2.0,11.0,0.0,,1.0,11.75,REFUSES,BROKEN,NONE,SALARIED,REFUSES_FRESH
9,2025-06-28,B0005397,L0005397,2.701,655.0,0.0,27108.0,0.0,11.0,0.1,,13.0,18.94,MAY_PAY,KEPT,NONE,SELF_EMPLOYED,MAY_PAY_FRESH
7,2025-04-29,B0007547,L0007547,2.0,616.0,4.0,31656.0,1.0,8.0,0.333,,,12.15,MAY_PAY,KEPT,NONE,SALARIED,MAY_PAY_STALE
11,2025-08-27,B0011353,L0011353,2.352,482.0,0.0,9433.0,0.0,4.0,0.216,,,8.0,REFUSES,NONE,NONE,BUSINESS_OWNER,REFUSES_FRESH
7,2025-04-29,B0005439,L0005439,5.217,602.0,0.0,42662.0,2.0,13.0,0.183,,94.0,16.79,NO_COMMITMENT,BROKEN,NONE,SELF_EMPLOYED,NO_COMMITMENT_FRESH
8,2025-05-29,B0006983,L0006983,1.0,438.0,0.0,7568.0,0.0,4.0,1.0,,,8.0,NO_COMMITMENT,NONE,NONE,SELF_EMPLOYED,NO_COMMITMENT_FRESH
10,2025-07-28,B0011021,L0011021,1.0,458.0,0.0,18217.0,1.0,3.0,0.0,,,8.58,MAY_PAY,OPEN,NONE,SALARIED,MAY_PAY_FRESH
8,2025-05-29,B0006256,L0006256,5.767,436.0,0.0,37164.0,0.0,11.0,0.0,0.493,47.0,12.6,REFUSES,OPEN,BROKEN,SALARIED,REFUSES_FRESH
11,2025-08-27,B0011090,L0011090,2.0,516.0,0.0,9002.0,1.0,5.0,0.0,,14.0,12.65,WILL_PAY,OPEN,NONE,SALARIED,WILL_PAY_FRESH
4,2025-01-29,B0006764,L0006764,1.0,550.0,1.0,2947.0,0.0,1.0,0.0,,,18.87,NONE,NONE,NONE,SALARIED,NONE
11,2025-08-27,B0010355,L0010355,1.901,726.0,3.0,80791.0,4.0,10.0,0.479,,,16.11,WILL_PAY,BROKEN,NONE,SALARIED,WILL_PAY_STALE
6,2025-03-30,B0006056,L0006056,3.0,645.0,0.0,10332.0,1.0,12.0,0.333,,69.0,11.78,NO_COMMITMENT,BROKEN,NONE,SALARIED,NO_COMMITMENT_FRESH
3,2024-12-30,B0005847,L0005847,2.0,316.0,0.0,11692.0,1.0,7.0,0.0,,7.0,11.4,MAY_PAY,NONE,NONE,SELF_EMPLOYED,MAY_PAY_FRESH
10,2025-07-28,B0010197,L0010197,1.0,408.0,0.0,6307.0,1.0,3.0,0.333,,,11.23,MAY_PAY,NONE,NONE,BUSINESS_OWNER,MAY_PAY_FRESH
11,2025-08-27,B0006213,L0006213,0.784,640.0,0.0,7246.0,2.0,4.0,1.072,1.201,83.0,8.0,MAY_PAY,BROKEN,HONORED,SALARIED,MAY_PAY_FRESH
13,2025-10-26,B0005474,L0005474,4.637,530.0,0.0,43450.0,3.0,15.0,0.121,0.845,2.0,11.52,WILL_PAY,OPEN,OPEN,SELF_EMPLOYED,WILL_PAY_FRESH
3,2024-12-30,B0000832,L0000832,2.593,420.0,0.0,28832.62,1.0,17.0,0.0,,23.0,17.42,REFUSES,BROKEN,NONE,SELF_EMPLOYED,REFUSES_FRESH
9,2025-06-28,B0010907,L0010907,1.0,729.0,0.0,8555.0,0.0,0.0,0.0,,,19.12,NONE,NONE,NONE,SELF_EMPLOYED,NONE
5,2025-02-28,B0004295,L0004295,3.169,545.0,0.0,14108.0,4.0,16.0,0.277,0.979,22.0,8.97,WILL_PAY,OPEN,HONORED,SALARIED,WILL_PAY_FRESH
13,2025-10-26,B0011393,L0011393,3.939,663.0,2.0,36566.24,2.0,11.0,0.0,,,21.98,MAY_PAY,NONE,NONE,SELF_EMPLOYED,MAY_PAY_STALE
10,2025-07-28,B0011093,L0011093,1.0,474.0,0.0,2983.0,0.0,2.0,0.0,,9.0,23.05,REFUSES,NONE,NONE,BUSINESS_OWNER,REFUSES_FRESH
10,2025-07-28,B0007604,L0007604,3.763,582.0,0.0,71640.0,0.0,10.0,0.425,0.444,54.0,8.47,HARDSHIP,OPEN,BROKEN,SALARIED,HARDSHIP_FRESH
9,2025-06-28,B0006758,L0006758,1.0,528.0,0.0,2998.0,3.0,10.0,1.333,0.541,15.0,18.1,WILL_PAY,KEPT,OPEN,SALARIED,WILL_PAY_FRESH
5,2025-02-28,B0006246,L0006246,3.0,789.0,0.0,30306.0,0.0,10.0,0.0,,,16.58,HARDSHIP,OPEN,NONE,SALARIED,HARDSHIP_FRESH
7,2025-04-29,B0003973,L0003973,2.288,621.0,0.0,12028.0,4.0,8.0,0.571,0.701,27.0,14.84,DISPUTE,BROKEN,HONORED,SELF_EMPLOYED,DISPUTE_FRESH
5,2025-02-28,B0006938,L0006938,3.0,543.0,3.0,12456.0,0.0,7.0,0.0,,,12.23,MAY_PAY,NONE,NONE,SALARIED,MAY_PAY_STALE
9,2025-06-28,B0009841,L0009841,2.0,460.0,0.0,11918.0,0.0,5.0,0.0,,,9.33,REFUSES,NONE,NONE,SALARIED,REFUSES_FRESH
2,2024-11-30,B0003219,L0003219,2.821,451.0,0.0,11234.72,0.0,9.0,0.36,1.403,29.0,17.08,WILL_PAY,OPEN,HONORED,SALARIED,WILL_PAY_FRESH
9,2025-06-28,B0007788,L0007788,2.382,550.0,0.0,11188.0,1.0,7.0,0.539,,15.0,13.08,REFUSES,BROKEN,NONE,SELF_EMPLOYED,REFUSES_FRESH
13,2025-10-26,B0012557,L0012557,3.0,312.0,4.0,31740.0,0.0,6.0,0.0,,16.0,15.1,REFUSES,NONE,NONE,SALARIED,REFUSES_STALE
7,2025-04-29,B0009699,L0009699,1.235,718.0,0.0,10085.5,0.0,0.0,0.0,,,15.48,NONE,NONE,NONE,SALARIED,NONE
3,2024-12-30,B0003122,L0003122,0.759,600.0,3.0,3648.11,1.0,15.0,0.0,,,16.89,REFUSES,BROKEN,NONE,SELF_EMPLOYED,REFUSES_STALE
7,2025-04-29,B0009077,L0009077,1.128,534.0,0.0,2714.0,1.0,3.0,0.291,,8.0,10.32,NO_COMMITMENT,NONE,NONE,SALARIED,NO_COMMITMENT_FRESH
0,2024-10-01,B0002034,L0002034,2.758,423.0,0.0,10504.02,0.0,0.0,0.0,,,17.06,NONE,NONE,NONE,SALARIED,NONE
1,2024-10-31,B0004036,L0004036,1.0,457.0,0.0,4217.0,0.0,3.0,0.0,,18.0,8.0,REFUSES,OPEN,NONE,SELF_EMPLOYED,REFUSES_FRESH
4,2025-01-29,B0001280,L0001280,1.334,642.0,2.0,10329.0,2.0,10.0,0.889,,1.0,13.69,MAY_PAY,BROKEN,NONE,SELF_EMPLOYED,MAY_PAY_FRESH
6,2025-03-30,B0008924,L0008924,1.363,683.0,0.0,11945.5,0.0,0.0,0.0,,,8.41,NONE,NONE,NONE,SALARIED,NONE
12,2025-09-26,B0010584,L0010584,3.0,459.0,0.0,16515.0,0.0,10.0,0.0,,6.0,14.58,NO_COMMITMENT,NONE,NONE,SALARIED,NO_COMMITMENT_FRESH
7,2025-04-29,B0008471,L0008471,1.514,539.0,0.0,19610.0,1.0,3.0,0.162,,,13.06,MAY_PAY,NONE,NONE,SALARIED,MAY_PAY_FRESH
2,2024-11-30,B0003947,L0003947,2.0,538.0,0.0,9114.0,1.0,5.0,0.0,,,11.8,WILL_PAY,OPEN,NONE,SELF_EMPLOYED,WILL_PAY_FRESH
4,2025-01-29,B0007480,L0007480,1.598,594.0,0.0,34682.79,0.0,0.0,0.0,,,21.08,NONE,NONE,NONE,SALARIED,NONE
10,2025-07-28,B0008715,L0008715,2.0,514.0,0.0,49616.0,3.0,6.0,0.667,0.615,87.0,14.65,WILL_PAY,OPEN,HONORED,SALARIED,WILL_PAY_FRESH
5,2025-02-28,B0002463,L0002463,4.0,479.0,0.0,14760.0,1.0,14.0,0.333,,10.0,14.45,NO_COMMITMENT,BROKEN,NONE,SALARIED,NO_COMMITMENT_FRESH
7,2025-04-29,B0006667,L0006667,1.551,504.0,7.0,5891.0,1.0,11.0,1.018,1.15,2.0,17.33,REFUSES,NONE,BROKEN,SELF_EMPLOYED,REFUSES_FRESH
6,2025-03-30,B0006337,L0006337,4.0,783.0,0.0,72900.0,3.0,13.0,0.0,0.609,17.0,17.73,HARDSHIP,NONE,BROKEN,BUSINESS_OWNER,HARDSHIP_FRESH
3,2024-12-30,B0000411,L0000411,0.0,402.0,4.0,0.0,1.0,8.0,1.23,,,13.73,MAY_PAY,KEPT,NONE,SALARIED,MAY_PAY_STALE
9,2025-06-28,B0010916,L0010916,0.753,556.0,0.0,13341.02,0.0,0.0,0.0,,,11.43,NONE,NONE,NONE,SELF_EMPLOYED,NONE
9,2025-06-28,B0007793,L0007793,0.6,630.0,11.0,2996.0,0.0,7.0,1.16,1.072,45.0,13.95,REFUSES,NONE,HONORED,SALARIED,REFUSES_STALE
3,2024-12-30,B0001594,L0001594,5.0,402.0,0.0,52595.0,1.0,14.0,0.0,,1.0,15.45,REFUSES,NONE,NONE,SALARIED,REFUSES_FRESH
2,2024-11-30,B0005287,L0005287,3.0,403.0,0.0,36741.0,0.0,2.0,0.0,,28.0,11.78,NO_COMMITMENT,NONE,NONE,SALARIED,NO_COMMITMENT_FRESH
4,2025-01-29,B0000441,L0000441,4.697,432.0,4.0,54846.0,0.0,9.0,0.768,0.937,7.0,22.19,MAY_PAY,BROKEN,BROKEN,SALARIED,MAY_PAY_FRESH
3,2024-12-30,B0005819,L0005819,1.0,604.0,0.0,18725.0,1.0,4.0,0.869,,,20.83,WILL_PAY,OPEN,NONE,SALARIED,WILL_PAY_FRESH
2,2024-11-30,B0001409,L0001409,0.381,715.0,0.0,5224.0,0.0,12.0,0.54,1.099,6.0,21.51,WILL_PAY,NONE,OPEN,SALARIED,WILL_PAY_FRESH
3,2024-12-30,B0002900,L0002900,1.0,453.0,0.0,1694.0,1.0,11.0,1.0,,,10.65,WILL_PAY,NONE,NONE,SELF_EMPLOYED,WILL_PAY_FRESH
7,2025-04-29,B0005608,L0005608,2.0,688.0,0.0,5894.0,1.0,8.0,0.44,,10.0,9.79,MAY_PAY,BROKEN,NONE,BUSINESS_OWNER,MAY_PAY_FRESH
9,2025-06-28,B0010085,L0010085,1.0,826.0,0.0,8607.0,0.0,3.0,0.0,,,16.24,NO_COMMITMENT,NONE,NONE,SELF_EMPLOYED,NO_COMMITMENT_FRESH
1,2024-10-31,B0000157,L0000157,4.235,334.0,5.0,11079.42,0.0,5.0,0.0,,,8.0,NONE,NONE,NONE,SELF_EMPLOYED,NONE
9,2025-06-28,B0008853,L0008853,2.926,522.0,0.0,6868.34,4.0,8.0,0.327,,36.0,18.03,MAY_PAY,BROKEN,NONE,SALARIED,MAY_PAY_FRESH
2,2024-11-30,B0000116,L0000116,2.0,498.0,0.0,12358.0,4.0,7.0,0.667,,,16.3,WILL_PAY,NONE,NONE,SALARIED,WILL_PAY_FRESH
2,2024-11-30,B0004303,L0004303,2.291,871.0,1.0,43493.97,2.0,11.0,0.664,1.087,5.0,14.15,WILL_PAY,BROKEN,OPEN,SALARIED,WILL_PAY_FRESH
2,2024-11-30,B0004736,L0004736,2.518,843.0,1.0,6284.96,1.0,8.0,0.147,,,20.02,NO_COMMITMENT,OPEN,NONE,BUSINESS_OWNER,NO_COMMITMENT_FRESH
4,2025-01-29,B0005357,L0005357,1.776,380.0,0.0,4768.0,3.0,6.0,0.408,,71.0,15.66,WILL_PAY,NONE,NONE,BUSINESS_OWNER,WILL_PAY_FRESH
7,2025-04-29,B0002850,L0002850,1.0,880.0,0.0,1849.0,1.0,2.0,1.0,1.153,85.0,8.0,MAY_PAY,OPEN,HONORED,BUSINESS_OWNER,MAY_PAY_FRESH
8,2025-05-29,B0006055,L0006055,4.492,391.0,1.0,41570.0,0.0,12.0,0.0,,15.0,14.72,NO_COMMITMENT,BROKEN,NONE,SALARIED,NO_COMMITMENT_FRESH
9,2025-06-28,B0007634,L0007634,3.283,800.0,0.0,40320.0,2.0,11.0,0.239,0.0,35.0,9.67,REFUSES,KEPT,HONORED,SALARIED,REFUSES_FRESH
5,2025-02-28,B0001185,L0001185,0.927,548.0,0.0,2542.0,2.0,3.0,1.358,,,24.78,MAY_PAY,KEPT,NONE,SELF_EMPLOYED,MAY_PAY_FRESH
2,2024-11-30,B0000923,L0000923,1.313,438.0,0.0,6114.0,3.0,6.0,0.229,,36.0,17.89,HARDSHIP,OPEN,NONE,SALARIED,HARDSHIP_FRESH
0,2024-10-01,B0000289,L0000289,6.456,382.0,0.0,11058.53,0.0,0.0,0.0,,,13.08,NONE,NONE,NONE,SALARIED,NONE
1,2024-10-31,B0000581,L0000581,2.0,867.0,0.0,15242.0,1.0,2.0,0.333,,,15.27,WILL_PAY,OPEN,NONE,SALARIED,WILL_PAY_FRESH
4,2025-01-29,B0007338,L0007338,2.0,620.0,0.0,51982.0,0.0,0.0,0.0,,,13.66,NONE,NONE,NONE,SELF_EMPLOYED,NONE
13,2025-10-26,B0010657,L0010657,2.0,594.0,0.0,2392.0,2.0,8.0,0.667,,,9.08,NO_COMMITMENT,BROKEN,NONE,SELF_EMPLOYED,NO_COMMITMENT_FRESH
13,2025-10-26,B0011917,L0011917,3.0,644.0,0.0,31518.0,0.0,7.0,0.0,,,17.72,DISPUTE,OPEN,NONE,SALARIED,DISPUTE_FRESH
1,2024-10-31,B0002691,L0002691,3.761,573.0,0.0,12962.91,0.0,4.0,0.0,,29.0,20.78,WILL_PAY,OPEN,NONE,BUSINESS_OWNER,WILL_PAY_FRESH
2,2024-11-30,B0006272,L0006272,2.0,467.0,0.0,3584.0,0.0,0.0,0.0,,,13.66,NONE,NONE,NONE,SELF_EMPLOYED,NONE
3,2024-12-30,B0005068,L0005068,1.0,404.0,3.0,3893.0,0.0,3.0,0.333,,,16.65,NONE,NONE,NONE,SALARIED,NONE
13,2025-10-26,B0010891,L0010891,1.0,658.0,0.0,5373.0,1.0,7.0,1.0,,,13.65,HARDSHIP,BROKEN,NONE,SELF_EMPLOYED,HARDSHIP_FRESH
3,2024-12-30,B0005437,L0005437,0.0,731.0,0.0,0.0,0.0,4.0,0.9,,21.0,11.31,MAY_PAY,NONE,NONE,SALARIED,MAY_PAY_FRESH
2,2024-11-30,B0005769,L0005769,1.0,410.0,2.0,3106.0,0.0,2.0,0.0,,,12.38,NONE,NONE,NONE,SALARIED,NONE
7,2025-04-29,B0006851,L0006851,2.0,442.0,3.0,149474.0,0.0,7.0,0.667,0.535,64.0,17.1,REFUSES,BROKEN,HONORED,BUSINESS_OWNER,REFUSES_STALE
12,2025-09-26,B0011770,L0011770,1.0,603.0,0.0,5591.0,0.0,2.0,0.0,,,8.0,NO_COMMITMENT,OPEN,NONE,SALARIED,NO_COMMITMENT_FRESH
0,2024-10-01,B0001724,L0001724,7.637,560.0,0.0,42662.79,0.0,0.0,0.0,,,19.77,NONE,NONE,NONE,SALARIED,NONE
12,2025-09-26,B0008775,L0008775,3.985,621.0,0.0,8240.0,2.0,18.0,0.338,,5.0,8.0,WILL_PAY,NONE,NONE,SALARIED,WILL_PAY_FRESH
6,2025-03-30,B0000985,L0000985,5.911,813.0,0.0,81941.0,2.0,16.0,0.0,0.964,147.0,10.47,WILL_PAY,BROKEN,BROKEN,SALARIED,WILL_PAY_FRESH
8,2025-05-29,B0000850,L0000850,6.0,443.0,0.0,25110.0,1.0,14.0,0.0,,33.0,16.26,REFUSES,BROKEN,NONE,SALARIED,REFUSES_FRESH
0,2024-10-01,B0003007,L0003007,1.313,654.0,0.0,4784.56,0.0,0.0,0.0,,,13.75,NONE,NONE,NONE,SELF_EMPLOYED,NONE
13,2025-10-26,B0013266,L0013266,2.0,717.0,0.0,54588.0,0.0,0.0,0.0,,,21.62,NONE,NONE,NONE,SALARIED,NONE
12,2025-09-26,B0011946,L0011946,1.0,552.0,1.0,13475.0,0.0,1.0,0.0,,,22.81,NONE,NONE,NONE,SELF_EMPLOYED,NONE
9,2025-06-28,B0006770,L0006770,3.0,316.0,8.0,8085.0,1.0,9.0,0.605,,54.0,8.0,NO_COMMITMENT,NONE,NONE,SELF_EMPLOYED,NO_COMMITMENT_STALE
0,2024-10-01,B0001048,L0001048,2.0,601.0,0.0,31446.0,0.0,0.0,0.0,,,18.31,NONE,NONE,NONE,SALARIED,NONE
1,2024-10-31,B0004753,L0004753,3.0,490.0,0.0,15738.0,1.0,4.0,0.0,,8.0,20.08,REFUSES,NONE,NONE,SELF_EMPLOYED,REFUSES_FRESH
6,2025-03-30,B0004356,L0004356,5.0,352.0,0.0,12525.0,3.0,12.0,0.0,,30.0,15.01,REFUSES,BROKEN,NONE,SALARIED,REFUSES_FRESH
8,2025-05-29,B0007927,L0007927,4.0,301.0,0.0,30196.0,1.0,11.0,0.0,,23.0,15.58,NO_COMMITMENT,BROKEN,NONE,BUSINESS_OWNER,NO_COMMITMENT_FRESH
4,2025-01-29,B0000226,L0000226,1.659,394.0,0.0,11017.0,2.0,9.0,0.447,0.489,16.0,12.02,HARDSHIP,BROKEN,HONORED,SALARIED,HARDSHIP_FRESH
1,2024-10-31,B0000081,L0000081,3.0,572.0,0.0,27924.0,0.0,3.0,0.0,,,8.0,WILL_PAY,NONE,NONE,SALARIED,WILL_PAY_FRESH
8,2025-05-29,B0010013,L0010013,1.0,442.0,0.0,1219.0,0.0,0.0,0.0,,,16.04,NONE,NONE,NONE,SALARIED,NONE
2,2024-11-30,B0001674,L0001674,5.348,402.0,0.0,47654.41,0.0,9.0,0.0,,,13.93,NO_COMMITMENT,NONE,NONE,BUSINESS_OWNER,NO_COMMITMENT_FRESH
8,2025-05-29,B0008924,L0008924,0.989,685.0,0.0,8664.0,0.0,1.0,0.791,1.0,47.0,8.41,REFUSES,OPEN,HONORED,SALARIED,REFUSES_FRESH
3,2024-12-30,B0004256,L0004256,4.722,746.0,4.0,50895.0,4.0,12.0,0.426,1.13,22.0,10.01,WILL_PAY,BROKEN,BROKEN,SELF_EMPLOYED,WILL_PAY_STALE
10,2025-07-28,B0006049,L0006049,3.068,453.0,0.0,7244.0,1.0,15.0,0.667,,66.0,18.63,REFUSES,BROKEN,NONE,SELF_EMPLOYED,REFUSES_FRESH
9,2025-06-28,B0006085,L0006085,1.0,775.0,0.0,8398.0,2.0,3.0,0.667,0.876,27.0,20.64,WILL_PAY,BROKEN,HONORED,SALARIED,WILL_PAY_FRESH
0,2024-10-01,B0000348,L0000348,3.89,326.0,0.0,11910.47,0.0,0.0,0.0,,,22.11,NONE,NONE,NONE,BUSINESS_OWNER,NONE
10,2025-07-28,B0008334,L0008334,7.268,342.0,0.0,74468.0,1.0,20.0,0.0,0.827,52.0,24.63,NO_COMMITMENT,OPEN,BROKEN,SALARIED,NO_COMMITMENT_FRESH
1,2024-10-31,B0000280,L0000280,2.0,452.0,0.0,7566.0,0.0,1.0,0.0,,,12.54,NO_COMMITMENT,NONE,NONE,SALARIED,NO_COMMITMENT_FRESH
7,2025-04-29,B0006299,L0006299,6.535,528.0,0.0,211724.14,5.0,17.0,0.078,,6.0,23.27,REFUSES,BROKEN,NONE,BUSINESS_OWNER,REFUSES_FRESH
6,2025-03-30,B0003065,L0003065,2.0,714.0,0.0,7022.0,0.0,14.0,0.0,0.778,7.0,19.97,REFUSES,BROKEN,OPEN,BUSINESS_OWNER,REFUSES_FRESH
5,2025-02-28,B0001734,L0001734,2.0,663.0,0.0,17262.0,0.0,12.0,0.0,,,10.33,REFUSES,BROKEN,NONE,SALARIED,REFUSES_FRESH
7,2025-04-29,B0006097,L0006097,3.203,766.0,4.0,22092.0,2.0,13.0,0.599,1.25,13.0,22.77,WILL_PAY,BROKEN,HONORED,SALARIED,WILL_PAY_STALE
4,2025-01-29,B0001273,L0001273,1.0,682.0,0.0,7443.0,1.0,9.0,1.0,,93.0,13.57,WILL_PAY,OPEN,NONE,SALARIED,WILL_PAY_FRESH
3,2024-12-30,B0002158,L0002158,5.0,619.0,0.0,26565.0,1.0,16.0,0.0,,33.0,12.42,REFUSES,NONE,NONE,SALARIED,REFUSES_FRESH
2,2024-11-30,B0004160,L0004160,3.407,640.0,4.0,13050.0,2.0,8.0,0.531,,,19.53,WILL_PAY,BROKEN,NONE,BUSINESS_OWNER,WILL_PAY_STALE
6,2025-03-30,B0004753,L0004753,2.142,500.0,0.0,11238.0,1.0,12.0,0.286,,4.0,20.08,REFUSES,OPEN,NONE,SELF_EMPLOYED,REFUSES_FRESH
6,2025-03-30,B0003956,L0003956,4.286,460.0,4.0,2400.0,1.0,13.0,0.571,,42.0,12.28,REFUSES,BROKEN,NONE,SALARIED,REFUSES_STALE
4,2025-01-29,B0001819,L0001819,4.97,461.0,0.0,34286.0,3.0,19.0,0.507,0.967,24.0,11.45,WILL_PAY,OPEN,HONORED,SALARIED,WILL_PAY_FRESH
6,2025-03-30,B0005100,L0005100,7.0,305.0,5.0,50414.0,2.0,14.0,0.0,0.809,20.0,14.68,NO_COMMITMENT,BROKEN,BROKEN,SELF_EMPLOYED,NO_COMMITMENT_STALE
5,2025-02-28,B0003212,L0003212,2.0,540.0,0.0,7516.0,1.0,9.0,0.333,,,13.33,MAY_PAY,OPEN,NONE,SALARIED,MAY_PAY_FRESH
0,2024-10-01,B0004997,L0004997,2.715,329.0,0.0,25050.1,0.0,0.0,0.0,,,11.48,NONE,NONE,NONE,BUSINESS_OWNER,NONE
2,2024-11-30,B0004260,L0004260,1.257,475.0,0.0,7610.0,1.0,2.0,0.248,,,22.73,MAY_PAY,BROKEN,NONE,SALARIED,MAY_PAY_FRESH
4,2025-01-29,B0004175,L0004175,3.797,457.0,7.0,76572.0,0.0,9.0,0.068,,,12.37,REFUSES,BROKEN,NONE,BUSINESS_OWNER,REFUSES_STALE
12,2025-09-26,B0007665,L0007665,2.001,800.0,3.0,11612.0,4.0,14.0,0.862,0.602,28.0,16.02,WILL_PAY,KEPT,RESCHEDULED,SALARIED,WILL_PAY_STALE
10,2025-07-28,B0010560,L0010560,2.65,698.0,0.0,5303.0,2.0,2.0,0.117,,,16.15,NO_COMMITMENT,OPEN,NONE,SALARIED,NO_COMMITMENT_FRESH
10,2025-07-28,B0008911,L0008911,0.793,621.0,4.0,3440.0,2.0,8.0,1.069,,,8.52,DISPUTE,KEPT,NONE,SELF_EMPLOYED,DISPUTE_STALE
12,2025-09-26,B0006481,L0006481,1.0,616.0,0.0,39514.0,1.0,4.0,1.5,0.3,93.0,11.04,WILL_PAY,OPEN,HONORED,SELF_EMPLOYED,WILL_PAY_FRESH
9,2025-06-28,B0008783,L0008783,3.0,405.0,0.0,5424.0,2.0,12.0,0.0,,,20.4,NO_COMMITMENT,OPEN,NONE,SELF_EMPLOYED,NO_COMMITMENT_FRESH
2,2024-11-30,B0005611,L0005611,1.877,443.0,1.0,20337.76,0.0,2.0,0.0,,4.0,16.68,REFUSES,NONE,NONE,SELF_EMPLOYED,REFUSES_FRESH
5,2025-02-28,B0005507,L0005507,1.811,342.0,0.0,4782.0,3.0,4.0,1.025,1.022,1.0,15.16,WILL_PAY,OPEN,OPEN,BUSINESS_OWNER,WILL_PAY_FRESH
11,2025-08-27,B0005195,L0005195,8.0,656.0,0.0,105984.0,0.0,13.0,0.0,0.642,52.0,10.38,NO_COMMITMENT,BROKEN,BROKEN,SELF_EMPLOYED,NO_COMMITMENT_FRESH
5,2025-02-28,B0000685,L0000685,4.745,375.0,3.0,45354.0,2.0,17.0,0.667,1.088,67.0,16.65,NO_COMMITMENT,NONE,HONORED,SALARIED,NO_COMMITMENT_STALE
6,2025-03-30,B0005844,L0005844,2.399,694.0,0.0,30751.0,1.0,10.0,0.2,1.287,31.0,8.0,REFUSES,NONE,HONORED,SALARIED,REFUSES_FRESH
11,2025-08-27,B0005481,L0005481,2.764,607.0,1.0,23036.0,4.0,12.0,0.412,0.93,5.0,16.13,MAY_PAY,KEPT,OPEN,SALARIED,MAY_PAY_FRESH
6,2025-03-30,B0002805,L0002805,2.0,605.0,1.0,3396.0,0.0,4.0,0.333,1.159,99.0,14.61,MAY_PAY,BROKEN,HONORED,SALARIED,MAY_PAY_STALE
3,2024-12-30,B0000407,L0000407,1.763,747.0,0.0,2851.0,1.0,8.0,0.412,,21.0,10.16,WILL_PAY,BROKEN,NONE,SALARIED,WILL_PAY_FRESH
13,2025-10-26,B0011731,L0011731,1.551,437.0,3.0,14156.0,2.0,7.0,0.15,1.526,6.0,14.17,MAY_PAY,BROKEN,OPEN,SALARIED,MAY_PAY_FRESH
1,2024-10-31,B0001830,L0001830,5.0,373.0,0.0,14020.0,0.0,5.0,0.0,,6.0,16.54,REFUSES,BROKEN,NONE,BUSINESS_OWNER,REFUSES_FRESH
7,2025-04-29,B0007947,L0007947,3.0,801.0,5.0,168990.0,0.0,10.0,0.0,,,20.35,NO_COMMITMENT,BROKEN,NONE,SELF_EMPLOYED,NO_COMMITMENT_STALE
10,2025-07-28,B0010521,L0010521,2.0,578.0,4.0,94726.0,0.0,7.0,0.0,,8.0,18.6,REFUSES,BROKEN,NONE,SELF_EMPLOYED,REFUSES_FRESH
1,2024-10-31,B0001811,L0001811,2.0,635.0,0.0,9262.0,0.0,1.0,0.0,,,15.32,HARDSHIP,NONE,NONE,BUSINESS_OWNER,HARDSHIP_FRESH
7,2025-04-29,B0006019,L0006019,4.0,542.0,0.0,83532.0,2.0,14.0,0.0,0.526,1.0,19.73,WILL_PAY,BROKEN,OPEN,SELF_EMPLOYED,WILL_PAY_FRESH
6,2025-03-30,B0001811,L0001811,2.0,604.0,0.0,9262.0,1.0,12.0,0.0,,129.0,15.32,REFUSES,BROKEN,NONE,BUSINESS_OWNER,REFUSES_FRESH
10,2025-07-28,B0008263,L0008263,2.855,661.0,0.0,7980.0,1.0,11.0,0.382,,39.0,9.15,WILL_PAY,KEPT,NONE,BUSINESS_OWNER,WILL_PAY_FRESH
5,2025-02-28,B0004045,L0004045,1.886,736.0,0.0,9330.0,8.0,11.0,0.933,,11.0,16.86,WILL_PAY,KEPT,NONE,SELF_EMPLOYED,WILL_PAY_FRESH
2,2024-11-30,B0005409,L0005409,1.0,496.0,0.0,585.0,1.0,2.0,0.0,,,14.29,WILL_PAY,NONE,NONE,BUSINESS_OWNER,WILL_PAY_FRESH
8,2025-05-29,B0006829,L0006829,4.0,374.0,3.0,31436.0,1.0,11.0,0.333,,42.0,22.79,WILL_PAY,BROKEN,NONE,SALARIED,WILL_PAY_STALE
10,2025-07-28,B0010500,L0010500,0.892,403.0,0.0,1450.0,0.0,6.0,0.369,0.764,2.0,13.33,DISPUTE,BROKEN,OPEN,SELF_EMPLOYED,DISPUTE_FRESH
12,2025-09-26,B0011978,L0011978,2.0,657.0,0.0,6462.0,1.0,1.0,0.0,,,14.94,HARDSHIP,NONE,NONE,SALARIED,HARDSHIP_FRESH
1,2024-10-31,B0002213,L0002213,3.0,691.0,8.0,15831.0,0.0,8.0,0.0,0.706,6.0,20.7,NO_COMMITMENT,NONE,OPEN,SELF_EMPLOYED,NO_COMMITMENT_FRESH
8,2025-05-29,B0009433,L0009433,1.0,829.0,0.0,10607.0,0.0,3.0,0.333,,,8.7,WILL_PAY,OPEN,NONE,BUSINESS_OWNER,WILL_PAY_FRESH
12,2025-09-26,B0008691,L0008691,1.0,737.0,2.0,4726.0,0.0,6.0,1.0,,51.0,11.39,NO_COMMITMENT,KEPT,NONE,SALARIED,NO_COMMITMENT_STALE
5,2025-02-28,B0008518,L0008518,1.0,423.0,0.0,2979.0,0.0,0.0,0.0,,,13.34,NONE,NONE,NONE,SALARIED,NONE
10,2025-07-28,B0007421,L0007421,4.0,592.0,6.0,32972.0,2.0,12.0,0.0,0.885,8.0,8.69,MAY_PAY,BROKEN,RESCHEDULED,SELF_EMPLOYED,MAY_PAY_STALE
7,2025-04-29,B0006544,L0006544,1.0,606.0,0.0,8314.0,3.0,12.0,1.233,,,10.72,NO_COMMITMENT,KEPT,NONE,SELF_EMPLOYED,NO_COMMITMENT_FRESH
8,2025-05-29,B0009983,L0009983,1.0,401.0,0.0,3171.0,0.0,0.0,0.0,,,16.15,NONE,NONE,NONE,SALARIED,NONE
8,2025-05-29,B0008910,L0008910,1.0,505.0,0.0,2176.0,1.0,6.0,0.333,,,18.21,MAY_PAY,NONE,NONE,SELF_EMPLOYED,MAY_PAY_FRESH
2,2024-11-30,B0002656,L0002656,1.0,800.0,5.0,8061.0,0.0,5.0,0.333,0.0,37.0,12.74,WILL_PAY,NONE,HONORED,SELF_EMPLOYED,WILL_PAY_STALE
4,2025-01-29,B0001741,L0001741,4.842,709.0,0.0,36890.0,0.0,14.0,0.386,0.834,40.0,18.94,REFUSES,BROKEN,RESCHEDULED,SALARIED,REFUSES_FRESH
4,2025-01-29,B0002294,L0002294,3.0,429.0,0.0,63183.0,0.0,12.0,0.0,,,12.19,NO_COMMITMENT,OPEN,NONE,SALARIED,NO_COMMITMENT_FRESH
4,2025-01-29,B0001695,L0001695,1.49,371.0,0.0,7698.0,0.0,9.0,0.503,,,17.47,HARDSHIP,BROKEN,NONE,SELF_EMPLOYED,HARDSHIP_FRESH
12,2025-09-26,B0005109,L0005109,0.412,787.0,0.0,2384.0,3.0,4.0,0.863,0.998,35.0,15.56,NO_COMMITMENT,KEPT,HONORED,SALARIED,NO_COMMITMENT_FRESH
4,2025-01-29,B0006803,L0006803,1.206,503.0,0.0,11488.63,3.0,4.0,0.0,,17.0,10.71,HARDSHIP,OPEN,NONE,SALARIED,HARDSHIP_FRESH
12,2025-09-26,B0011504,L0011504,2.0,793.0,0.0,47764.0,2.0,6.0,0.0,,,11.86,WILL_PAY,NONE,NONE,SALARIED,WILL_PAY_FRESH
10,2025-07-28,B0008433,L0008433,3.0,343.0,0.0,12387.0,1.0,7.0,0.0,,92.0,11.68,NO_COMMITMENT,BROKEN,NONE,SALARIED,NO_COMMITMENT_FRESH
8,2025-05-29,B0008986,L0008986,0.391,611.0,0.0,2830.0,0.0,5.0,0.536,,,18.58,MAY_PAY,NONE,NONE,SELF_EMPLOYED,MAY_PAY_FRESH
7,2025-04-29,B0008096,L0008096,2.0,518.0,2.0,7870.0,0.0,2.0,0.0,,3.0,17.24,HARDSHIP,NONE,NONE,SELF_EMPLOYED,HARDSHIP_FRESH
3,2024-12-30,B0006349,L0006349,2.0,488.0,0.0,42806.0,3.0,4.0,0.0,,26.0,22.15,MAY_PAY,NONE,NONE,SELF_EMPLOYED,MAY_PAY_FRESH
8,2025-05-29,B0006372,L0006372,5.0,600.0,3.0,23475.0,0.0,14.0,0.333,1.201,29.0,18.99,REFUSES,NONE,HONORED,SELF_EMPLOYED,REFUSES_STALE
11,2025-08-27,B0010025,L0010025,1.0,724.0,0.0,15071.0,0.0,5.0,0.667,,,18.45,REFUSES,OPEN,NONE,SELF_EMPLOYED,REFUSES_FRESH
10,2025-07-28,B0004198,L0004198,3.0,629.0,0.0,22416.0,0.0,13.0,0.0,,65.0,18.46,MAY_PAY,BROKEN,HONORED,SALARIED,MAY_PAY_FRESH
6,2025-03-30,B0008554,L0008554,1.17,664.0,0.0,10018.95,0.0,2.0,0.0,,,19.16,NO_COMMITMENT,OPEN,NONE,SALARIED,NO_COMMITMENT_FRESH
6,2025-03-30,B0007359,L0007359,0.0,630.0,0.0,0.0,2.0,7.0,0.932,,5.0,20.07,MAY_PAY,BROKEN,NONE,SELF_EMPLOYED,MAY_PAY_FRESH
2,2024-11-30,B0002077,L0002077,3.0,537.0,1.0,29568.0,0.0,8.0,0.0,,7.0,13.61,REFUSES,NONE,NONE,BUSINESS_OWNER,REFUSES_FRESH
6,2025-03-30,B0009317,L0009317,1.0,885.0,0.0,14834.0,0.0,0.0,0.0,,,8.91,NONE,NONE,NONE,BUSINESS_OWNER,NONE
12,2025-09-26,B0009207,L0009207,4.0,684.0,2.0,27476.0,0.0,14.0,0.333,,40.0,9.91,REFUSES,NONE,NONE,SALARIED,REFUSES_STALE
7,2025-04-29,B0003043,L0003043,2.854,791.0,0.0,3725.0,0.0,9.0,0.715,1.322,15.0,11.54,MAY_PAY,BROKEN,HONORED,BUSINESS_OWNER,MAY_PAY_FRESH
7,2025-04-29,B0005743,L0005743,4.19,510.0,4.0,31025.0,3.0,12.0,0.0,,50.0,19.85,REFUSES,BROKEN,NONE,SELF_EMPLOYED,REFUSES_STALE
9,2025-06-28,B0004270,L0004270,9.0,498.0,3.0,37773.0,0.0,18.0,0.0,,124.0,12.18,MAY_PAY,BROKEN,NONE,SALARIED,MAY_PAY_FRESH
8,2025-05-29,B0009051,L0009051,1.662,380.0,3.0,24332.83,0.0,7.0,0.196,,,20.6,REFUSES,NONE,NONE,SELF_EMPLOYED,REFUSES_STALE
7,2025-04-29,B0004867,L0004867,0.281,481.0,0.0,2840.0,1.0,12.0,0.0,0.633,72.0,20.43,NO_COMMITMENT,OPEN,RESCHEDULED,SALARIED,NO_COMMITMENT_FRESH
13,2025-10-26,B0010943,L0010943,3.0,512.0,1.0,24639.0,0.0,10.0,0.0,,13.0,14.03,REFUSES,NONE,NONE,BUSINESS_OWNER,REFUSES_FRESH
9,2025-06-28,B0009780,L0009780,2.0,605.0,5.0,12954.0,0.0,5.0,0.0,,,15.65,NONE,NONE,NONE,SALARIED,NONE
3,2024-12-30,B0004869,L0004869,1.0,451.0,0.0,2531.0,1.0,9.0,1.5,1.128,46.0,19.43,WILL_PAY,KEPT,BROKEN,SALARIED,WILL_PAY_FRESH
5,2025-02-28,B0000933,L0000933,7.411,633.0,0.0,44642.45,6.0,15.0,0.0,1.157,12.0,17.41,WILL_PAY,OPEN,BROKEN,BUSINESS_OWNER,WILL_PAY_FRESH
5,2025-02-28,B0005171,L0005171,0.0,513.0,0.0,0.0,2.0,9.0,1.404,,32.0,14.49,NO_COMMITMENT,OPEN,NONE,BUSINESS_OWNER,NO_COMMITMENT_FRESH
6,2025-03-30,B0007353,L0007353,2.0,525.0,0.0,8064.0,2.0,6.0,0.0,,,9.98,MAY_PAY,NONE,NONE,BUSINESS_OWNER,MAY_PAY_FRESH
8,2025-05-29,B0007771,L0007771,3.0,353.0,0.0,7035.0,0.0,9.0,0.333,,10.0,14.51,NO_COMMITMENT,OPEN,NONE,BUSINESS_OWNER,NO_COMMITMENT_FRESH
9,2025-06-28,B0009918,L0009918,2.0,302.0,0.0,55680.0,0.0,4.0,0.0,,57.0,12.59,REFUSES,OPEN,NONE,SELF_EMPLOYED,REFUSES_FRESH
1,2024-10-31,B0001851,L0001851,2.225,452.0,0.0,4734.46,1.0,3.0,0.0,,8.0,14.73,REFUSES,OPEN,NONE,SELF_EMPLOYED,REFUSES_FRESH
4,2025-01-29,B0004826,L0004826,7.0,598.0,3.0,41538.0,1.0,14.0,0.0,,79.0,23.36,HARDSHIP,OPEN,NONE,SELF_EMPLOYED,HARDSHIP_STALE
6,2025-03-30,B0000962,L0000962,2.056,734.0,0.0,2613.0,3.0,10.0,0.648,,,14.37,WILL_PAY,BROKEN,NONE,SALARIED,WILL_PAY_FRESH
11,2025-08-27,B0008994,L0008994,1.8,610.0,0.0,9751.0,2.0,5.0,0.733,1.201,74.0,8.84,MAY_PAY,NONE,HONORED,SALARIED,MAY_PAY_FRESH
8,2025-05-29,B0004841,L0004841,0.977,596.0,0.0,4255.0,1.0,6.0,1.0,0.5,61.0,16.6,WILL_PAY,BROKEN,HONORED,BUSINESS_OWNER,WILL_PAY_FRESH
4,2025-01-29,B0005364,L0005364,3.0,415.0,0.0,15015.0,0.0,14.0,0.0,,,8.0,REFUSES,BROKEN,NONE,SELF_EMPLOYED,REFUSES_FRESH
5,2025-02-28,B0008078,L0008078,2.0,673.0,0.0,7494.0,0.0,0.0,0.0,,,13.76,NONE,NONE,NONE,SELF_EMPLOYED,NONE
3,2024-12-30,B0006237,L0006237,1.715,343.0,0.0,27096.0,0.0,2.0,0.095,,,16.13,REFUSES,OPEN,NONE,SELF_EMPLOYED,REFUSES_FRESH
6,2025-03-30,B0006428,L0006428,1.0,430.0,0.0,5056.0,2.0,7.0,1.0,,27.0,16.9,WILL_PAY,KEPT,NONE,SELF_EMPLOYED,WILL_PAY_FRESH
7,2025-04-29,B0006508,L0006508,5.0,708.0,3.0,22165.0,1.0,16.0,0.0,,,15.33,REFUSES,BROKEN,NONE,SELF_EMPLOYED,REFUSES_STALE
7,2025-04-29,B0005026,L0005026,1.0,327.0,0.0,5886.0,3.0,7.0,1.5,,64.0,15.62,WILL_PAY,BROKEN,NONE,SELF_EMPLOYED,WILL_PAY_FRESH
11,2025-08-27,B0001378,L0001378,1.535,832.0,0.0,4620.0,2.0,5.0,0.79,,5.0,21.11,WILL_PAY,BROKEN,HONORED,SALARIED,WILL_PAY_FRESH
3,2024-12-30,B0002160,L0002160,1.0,805.0,0.0,2524.0,0.0,8.0,1.0,0.582,72.0,19.64,WILL_PAY,KEPT,HONORED,SELF_EMPLOYED,WILL_PAY_FRESH
7,2025-04-29,B0002497,L0002497,4.341,644.0,3.0,21085.0,1.0,9.0,0.667,1.188,2.0,14.38,NO_COMMITMENT,BROKEN,OPEN,SALARIED,NO_COMMITMENT_FRESH
12,2025-09-26,B0000842,L0000842,3.0,669.0,0.0,18543.0,1.0,11.0,0.333,1.35,130.0,17.05,NO_COMMITMENT,KEPT,HONORED,SALARIED,NO_COMMITMENT_FRESH
12,2025-09-26,B0011619,L0011619,4.0,622.0,6.0,12748.0,0.0,10.0,0.0,,48.0,19.8,REFUSES,NONE,NONE,SALARIED,REFUSES_STALE
10,2025-07-28,B0010119,L0010119,2.0,670.0,0.0,8148.0,1.0,2.0,0.0,,2.0,8.0,WILL_PAY,OPEN,NONE,SELF_EMPLOYED,WILL_PAY_FRESH
12,2025-09-26,B0010956,L0010956,3.0,439.0,0.0,12123.0,0.0,4.0,0.0,,13.0,16.65,REFUSES,NONE,NONE,BUSINESS_OWNER,REFUSES_FRESH
10,2025-07-28,B0010531,L0010531,1.878,429.0,0.0,42760.31,1.0,10.0,0.333,,2.0,10.7,NO_COMMITMENT,NONE,NONE,BUSINESS_OWNER,NO_COMMITMENT_FRESH
0,2024-10-01,B0002744,L0002744,6.326,374.0,0.0,53453.98,0.0,0.0,0.0,,,9.52,NONE,NONE,NONE,SELF_EMPLOYED,NONE
7,2025-04-29,B0005854,L0005854,6.0,487.0,0.0,23316.0,2.0,16.0,0.0,,13.0,12.67,NO_COMMITMENT,OPEN,NONE,SELF_EMPLOYED,NO_COMMITMENT_FRESH
10,2025-07-28,B0009993,L0009993,2.0,507.0,0.0,21932.0,3.0,4.0,0.0,,,14.63,WILL_PAY,OPEN,NONE,SELF_EMPLOYED,WILL_PAY_FRESH
7,2025-04-29,B0008272,L0008272,2.0,501.0,0.0,7618.0,0.0,4.0,0.0,,40.0,16.48,REFUSES,NONE,NONE,BUSINESS_OWNER,REFUSES_FRESH
1,2024-10-31,B0002065,L0002065,4.0,440.0,2.0,243264.0,0.0,2.0,0.0,,,16.37,NONE,NONE,NONE,SELF_EMPLOYED,NONE
1,2024-10-31,B0003340,L0003340,2.657,752.0,5.0,12574.93,0.0,7.0,0.0,,14.0,22.25,NO_COMMITMENT,NONE,NONE,BUSINESS_OWNER,NO_COMMITMENT_STALE
5,2025-02-28,B0004821,L0004821,2.0,343.0,0.0,5196.0,1.0,6.0,0.333,,,24.3,REFUSES,KEPT,NONE,SELF_EMPLOYED,REFUSES_FRESH
10,2025-07-28,B0010708,L0010708,1.0,395.0,2.0,5477.0,0.0,2.0,0.0,,,22.58,NONE,NONE,NONE,SALARIED,NONE
6,2025-03-30,B0005950,L0005950,3.0,442.0,0.0,15279.0,4.0,12.0,0.0,,,15.93,REFUSES,OPEN,NONE,SELF_EMPLOYED,REFUSES_FRESH
13,2025-10-26,B0010379,L0010379,5.0,318.0,0.0,307900.0,1.0,15.0,0.0,,,15.35,REFUSES,NONE,NONE,SELF_EMPLOYED,REFUSES_FRESH
4,2025-01-29,B0004406,L0004406,2.0,621.0,13.0,8364.0,0.0,13.0,0.667,,24.0,21.89,NO_COMMITMENT,BROKEN,NONE,BUSINESS_OWNER,NO_COMMITMENT_STALE
0,2024-10-01,B0001328,L0001328,2.577,650.0,0.0,6799.47,0.0,0.0,0.0,,,14.97,NONE,NONE,NONE,SALARIED,NONE
0,2024-10-01,B0000563,L0000563,1.0,817.0,0.0,2030.0,0.0,0.0,0.0,,,14.69,NONE,NONE,NONE,SELF_EMPLOYED,NONE
5,2025-02-28,B0008337,L0008337,2.0,492.0,0.0,3234.0,0.0,0.0,0.0,,,27.23,NONE,NONE,NONE,SALARIED,NONE
2,2024-11-30,B0001434,L0001434,10.796,584.0,1.0,58289.28,3.0,7.0,0.333,1.525,57.0,10.13,WILL_PAY,OPEN,HONORED,SALARIED,WILL_PAY_FRESH
9,2025-06-28,B0010276,L0010276,1.0,441.0,2.0,14717.0,0.0,2.0,0.0,,,24.52,NONE,NONE,NONE,BUSINESS_OWNER,NONE
4,2025-01-29,B0000133,L0000133,7.0,560.0,3.0,8827.0,1.0,16.0,0.0,,28.0,13.81,NO_COMMITMENT,NONE,NONE,SALARIED,NO_COMMITMENT_STALE
10,2025-07-28,B0007631,L0007631,3.778,743.0,1.0,42492.0,4.0,17.0,0.407,,,16.21,MAY_PAY,KEPT,NONE,SELF_EMPLOYED,MAY_PAY_STALE
5,2025-02-28,B0005049,L0005049,3.0,467.0,0.0,9624.0,1.0,10.0,0.333,0.94,52.0,15.42,MAY_PAY,NONE,BROKEN,SELF_EMPLOYED,MAY_PAY_FRESH
5,2025-02-28,B0001393,L0001393,2.0,760.0,0.0,4248.0,1.0,5.0,0.333,,,8.0,NO_COMMITMENT,NONE,NONE,SALARIED,NO_COMMITMENT_FRESH
10,2025-07-28,B0008152,L0008152,1.543,590.0,0.0,4520.0,4.0,11.0,1.005,0.785,53.0,9.78,MAY_PAY,BROKEN,HONORED,SALARIED,MAY_PAY_FRESH
8,2025-05-29,B0007549,L0007549,4.0,503.0,0.0,4996.0,2.0,12.0,0.0,0.99,6.0,17.06,REFUSES,OPEN,OPEN,SELF_EMPLOYED,REFUSES_FRESH
13,2025-10-26,B0007698,L0007698,5.138,737.0,0.0,72736.0,2.0,9.0,0.287,1.195,3.0,8.0,WILL_PAY,KEPT,OPEN,SALARIED,WILL_PAY_FRESH
12,2025-09-26,B0012589,L0012589,1.0,482.0,0.0,4982.0,0.0,0.0,0.0,,,8.0,NONE,NONE,NONE,SELF_EMPLOYED,NONE
13,2025-10-26,B0011489,L0011489,3.0,628.0,0.0,3489.0,2.0,9.0,0.0,0.0,74.0,12.04,NO_COMMITMENT,NONE,HONORED,SALARIED,NO_COMMITMENT_FRESH
0,2024-10-01,B0002722,L0002722,3.0,408.0,0.0,41271.0,0.0,0.0,0.0,,,16.06,NONE,NONE,NONE,SALARIED,NONE
12,2025-09-26,B0012757,L0012757,1.765,871.0,0.0,11581.3,0.0,0.0,0.0,,,19.6,NONE,NONE,NONE,SALARIED,NONE
12,2025-09-26,B0012297,L0012297,2.0,372.0,0.0,57946.0,0.0,5.0,0.0,,,11.42,REFUSES,BROKEN,NONE,BUSINESS_OWNER,REFUSES_FRESH
5,2025-02-28,B0005377,L0005377,3.554,399.0,0.0,8355.0,0.0,18.0,0.482,,3.0,12.17,REFUSES,KEPT,NONE,BUSINESS_OWNER,REFUSES_FRESH
13,2025-10-26,B0012324,L0012324,1.0,714.0,0.0,7516.0,1.0,2.0,0.333,,,17.01,MAY_PAY,NONE,NONE,SALARIED,MAY_PAY_FRESH
11,2025-08-27,B0010504,L0010504,3.0,407.0,0.0,43122.0,2.0,16.0,1.0,0.958,18.0,20.52,DISPUTE,OPEN,HONORED,SELF_EMPLOYED,DISPUTE_FRESH
8,2025-05-29,B0008566,L0008566,2.0,810.0,0.0,58786.0,3.0,5.0,0.333,,,11.85,WILL_PAY,OPEN,NONE,SALARIED,WILL_PAY_FRESH
6,2025-03-30,B0007425,L0007425,1.0,602.0,0.0,5102.0,1.0,3.0,0.333,,,8.33,WILL_PAY,NONE,NONE,SALARIED,WILL_PAY_FRESH
10,2025-07-28,B0005121,L0005121,2.961,443.0,0.0,7583.0,1.0,9.0,0.346,,31.0,12.83,REFUSES,KEPT,NONE,SALARIED,REFUSES_FRESH
11,2025-08-27,B0011663,L0011663,1.0,583.0,1.0,1108.0,0.0,1.0,0.0,,,10.82,NONE,NONE,NONE,SALARIED,NONE
12,2025-09-26,B0007785,L0007785,2.653,582.0,0.0,3829.0,7.0,14.0,0.449,,13.0,16.09,DISPUTE,OPEN,NONE,SELF_EMPLOYED,DISPUTE_FRESH
4,2025-01-29,B0003273,L0003273,0.444,535.0,0.0,22701.19,1.0,14.0,0.0,,,12.14,NO_COMMITMENT,BROKEN,NONE,SALARIED,NO_COMMITMENT_FRESH
8,2025-05-29,B0005393,L0005393,3.847,722.0,1.0,94520.0,1.0,6.0,0.522,,94.0,26.49,MAY_PAY,BROKEN,NONE,SALARIED,MAY_PAY_STALE
13,2025-10-26,B0011042,L0011042,2.0,686.0,2.0,3256.0,1.0,10.0,0.667,,,13.33,REFUSES,BROKEN,NONE,SALARIED,REFUSES_STALE
6,2025-03-30,B0006321,L0006321,3.157,409.0,3.0,11980.0,0.0,11.0,0.281,0.478,43.0,23.8,WILL_PAY,BROKEN,BROKEN,SELF_EMPLOYED,WILL_PAY_STALE
9,2025-06-28,B0009569,L0009569,2.0,441.0,3.0,3084.0,1.0,6.0,0.0,,,8.98,REFUSES,BROKEN,NONE,BUSINESS_OWNER,REFUSES_STALE
8,2025-05-29,B0009356,L0009356,1.0,452.0,0.0,3561.0,0.0,1.0,0.0,,,9.78,WILL_PAY,NONE,NONE,SALARIED,WILL_PAY_FRESH
11,2025-08-27,B0007458,L0007458,2.0,544.0,0.0,3516.0,0.0,7.0,0.333,0.938,125.0,14.61,WILL_PAY,OPEN,HONORED,SELF_EMPLOYED,WILL_PAY_FRESH
12,2025-09-26,B0010692,L0010692,1.0,673.0,0.0,6008.0,2.0,7.0,1.207,,,20.29,WILL_PAY,OPEN,NONE,SALARIED,WILL_PAY_FRESH
6,2025-03-30,B0007992,L0007992,2.0,318.0,0.0,19190.0,0.0,6.0,0.0,,,18.94,HARDSHIP,NONE,NONE,SALARIED,HARDSHIP_FRESH
6,2025-03-30,B0008580,L0008580,3.0,675.0,0.0,3849.0,1.0,3.0,0.0,,,20.89,WILL_PAY,OPEN,NONE,SELF_EMPLOYED,WILL_PAY_FRESH
10,2025-07-28,B0006216,L0006216,1.0,477.0,2.0,2358.0,1.0,5.0,1.5,1.015,40.0,18.24,WILL_PAY,BROKEN,HONORED,SALARIED,WILL_PAY_STALE
9,2025-06-28,B0006414,L0006414,7.6,345.0,0.0,9492.0,4.0,23.0,0.133,1.217,20.0,14.04,WILL_PAY,OPEN,BROKEN,SALARIED,WILL_PAY_FRESH
9,2025-06-28,B0006517,L0006517,5.0,666.0,0.0,9505.0,3.0,19.0,0.333,0.942,22.0,23.16,WILL_PAY,KEPT,BROKEN,SELF_EMPLOYED,WILL_PAY_FRESH
13,2025-10-26,B0012526,L0012526,1.0,667.0,3.0,3884.0,0.0,3.0,0.0,,,12.93,NONE,NONE,NONE,SALARIED,NONE
8,2025-05-29,B0007209,L0007209,3.0,603.0,0.0,36033.0,2.0,6.0,0.667,0.738,32.0,22.24,MAY_PAY,BROKEN,HONORED,SALARIED,MAY_PAY_FRESH
11,2025-08-27,B0008607,L0008607,6.0,300.0,4.0,27432.0,0.0,16.0,0.0,,68.0,16.46,REFUSES,NONE,NONE,SALARIED,REFUSES_STALE
6,2025-03-30,B0003291,L0003291,1.0,567.0,0.0,10457.0,1.0,9.0,1.5,1.052,47.0,21.68,NO_COMMITMENT,KEPT,HONORED,SALARIED,NO_COMMITMENT_FRESH
12,2025-09-26,B0011763,L0011763,2.0,416.0,0.0,17510.0,2.0,4.0,0.0,,,21.24,WILL_PAY,BROKEN,NONE,SELF_EMPLOYED,WILL_PAY_FRESH
9,2025-06-28,B0008229,L0008229,0.0,657.0,0.0,0.0,1.0,4.0,1.5,,,15.35,MAY_PAY,OPEN,NONE,BUSINESS_OWNER,MAY_PAY_FRESH
9,2025-06-28,B0008713,L0008713,4.0,732.0,0.0,308040.0,3.0,11.0,0.0,,,22.19,WILL_PAY,BROKEN,NONE,SELF_EMPLOYED,WILL_PAY_FRESH
11,2025-08-27,B0007367,L0007367,0.612,391.0,0.0,6473.0,0.0,2.0,1.129,0.0,9.0,16.41,NO_COMMITMENT,OPEN,HONORED,SALARIED,NO_COMMITMENT_FRESH
9,2025-06-28,B0004561,L0004561,5.443,464.0,0.0,10489.0,2.0,15.0,0.333,1.01,27.0,10.69,MAY_PAY,OPEN,HONORED,SELF_EMPLOYED,MAY_PAY_FRESH
7,2025-04-29,B0005844,L0005844,3.399,694.0,4.0,43568.0,1.0,11.0,0.2,1.287,2.0,8.0,REFUSES,NONE,HONORED,SALARIED,REFUSES_FRESH
13,2025-10-26,B0002474,L0002474,1.371,815.0,0.0,4744.0,2.0,16.0,1.177,,7.0,10.18,MAY_PAY,BROKEN,NONE,SALARIED,MAY_PAY_FRESH
6,2025-03-30,B0006154,L0006154,3.0,775.0,0.0,9360.0,1.0,13.0,0.0,0.0,2.0,15.4,WILL_PAY,BROKEN,HONORED,SELF_EMPLOYED,WILL_PAY_FRESH
10,2025-07-28,B0007062,L0007062,1.857,709.0,0.0,11852.0,2.0,18.0,1.048,0.98,28.0,16.23,WILL_PAY,OPEN,HONORED,SALARIED,WILL_PAY_FRESH
12,2025-09-26,B0006140,L0006140,4.0,315.0,3.0,27760.0,0.0,16.0,0.333,,16.0,17.98,REFUSES,BROKEN,NONE,SELF_EMPLOYED,REFUSES_STALE
3,2024-12-30,B0004754,L0004754,2.0,774.0,0.0,16462.0,1.0,7.0,1.333,0.866,72.0,8.0,MAY_PAY,KEPT,RESCHEDULED,SALARIED,MAY_PAY_FRESH
0,2024-10-01,B0000090,L0000090,2.0,780.0,0.0,1384.0,0.0,0.0,0.0,,,12.55,NONE,NONE,NONE,SALARIED,NONE
2,2024-11-30,B0005418,L0005418,0.765,483.0,0.0,2285.0,0.0,1.0,0.078,,,8.0,NO_COMMITMENT,NONE,NONE,SALARIED,NO_COMMITMENT_FRESH
8,2025-05-29,B0009744,L0009744,2.0,464.0,1.0,10394.0,1.0,2.0,0.0,,13.0,8.76,NO_COMMITMENT,OPEN,NONE,SALARIED,NO_COMMITMENT_FRESH
2,2024-11-30,B0001543,L0001543,3.296,424.0,9.0,20213.32,0.0,9.0,0.0,,,13.86,NONE,NONE,NONE,SALARIED,NONE
13,2025-10-26,B0011995,L0011995,4.0,487.0,3.0,7864.0,2.0,18.0,0.0,,13.0,13.97,NO_COMMITMENT,BROKEN,NONE,SALARIED,NO_COMMITMENT_FRESH
3,2024-12-30,B0006032,L0006032,1.0,524.0,3.0,4777.0,0.0,3.0,0.0,,,16.51,NONE,NONE,NONE,SELF_EMPLOYED,NONE
7,2025-04-29,B0000471,L0000471,1.0,598.0,0.0,26110.0,2.0,3.0,1.0,0.0,49.0,17.92,WILL_PAY,OPEN,HONORED,SALARIED,WILL_PAY_FRESH
1,2024-10-31,B0005287,L0005287,2.0,403.0,0.0,24494.0,0.0,0.0,0.0,,,11.78,NONE,NONE,NONE,SALARIED,NONE
8,2025-05-29,B0009213,L0009213,1.0,345.0,6.0,4683.0,0.0,6.0,0.333,1.0,33.0,18.85,REFUSES,NONE,HONORED,SALARIED,REFUSES_STALE
11,2025-08-27,B0005806,L0005806,7.918,605.0,3.0,157470.0,0.0,16.0,0.0,0.584,30.0,15.29,WILL_PAY,KEPT,HONORED,SELF_EMPLOYED,WILL_PAY_STALE
6,2025-03-30,B0006613,L0006613,2.89,322.0,0.0,10526.0,2.0,11.0,0.037,,5.0,11.98,REFUSES,OPEN,NONE,SALARIED,REFUSES_FRESH
9,2025-06-28,B0009452,L0009452,2.0,620.0,0.0,13276.0,2.0,2.0,0.333,,1.0,15.68,MAY_PAY,NONE,NONE,BUSINESS_OWNER,MAY_PAY_FRESH
8,2025-05-29,B0008946,L0008946,1.0,749.0,0.0,1915.0,2.0,4.0,0.333,,18.0,15.66,WILL_PAY,NONE,NONE,SELF_EMPLOYED,WILL_PAY_FRESH
11,2025-08-27,B0009056,L0009056,4.0,479.0,0.0,35204.0,0.0,16.0,0.0,,52.0,10.77,REFUSES,NONE,NONE,SALARIED,REFUSES_FRESH
4,2025-01-29,B0002485,L0002485,2.0,435.0,0.0,17010.0,1.0,9.0,0.333,0.565,27.0,11.48,REFUSES,NONE,HONORED,SALARIED,REFUSES_FRESH
13,2025-10-26,B0011151,L0011151,3.0,353.0,12.0,16767.0,0.0,12.0,0.0,,3.0,10.08,NO_COMMITMENT,NONE,NONE,SELF_EMPLOYED,NO_COMMITMENT_FRESH
0,2024-10-01,B0000065,L0000065,1.323,448.0,0.0,3472.62,0.0,0.0,0.0,,,23.25,NONE,NONE,NONE,SALARIED,NONE
5,2025-02-28,B0002223,L0002223,6.061,668.0,0.0,9982.76,2.0,12.0,0.0,1.299,29.0,14.28,NO_COMMITMENT,BROKEN,BROKEN,SELF_EMPLOYED,NO_COMMITMENT_FRESH
1,2024-10-31,B0003085,L0003085,1.754,716.0,1.0,12098.0,0.0,1.0,0.082,0.754,17.0,11.99,MAY_PAY,NONE,BROKEN,BUSINESS_OWNER,MAY_PAY_STALE
9,2025-06-28,B0008920,L0008920,2.0,566.0,3.0,6362.0,1.0,9.0,0.333,0.0,83.0,14.39,WILL_PAY,BROKEN,HONORED,SALARIED,WILL_PAY_STALE
10,2025-07-28,B0008145,L0008145,1.0,373.0,0.0,27527.0,1.0,2.0,1.0,,83.0,16.95,REFUSES,BROKEN,NONE,SELF_EMPLOYED,REFUSES_FRESH
7,2025-04-29,B0005404,L0005404,3.65,824.0,3.0,20876.0,0.0,13.0,0.117,,,8.36,WILL_PAY,NONE,NONE,SALARIED,WILL_PAY_STALE
1,2024-10-31,B0002356,L0002356,1.0,858.0,0.0,1892.0,0.0,2.0,0.333,,,15.05,WILL_PAY,KEPT,NONE,SALARIED,WILL_PAY_FRESH
3,2024-12-30,B0004951,L0004951,1.325,576.0,0.0,12746.0,2.0,14.0,0.225,0.896,21.0,16.28,MAY_PAY,BROKEN,HONORED,SELF_EMPLOYED,MAY_PAY_FRESH
4,2025-01-29,B0002715,L0002715,3.0,398.0,0.0,1977.0,2.0,10.0,0.333,,,12.02,REFUSES,BROKEN,NONE,SALARIED,REFUSES_FRESH
0,2024-10-01,B0004398,L0004398,3.966,609.0,0.0,25568.04,0.0,0.0,0.0,,,18.1,NONE,NONE,NONE,SELF_EMPLOYED,NONE
0,2024-10-01,B0002952,L0002952,2.0,590.0,0.0,9378.0,0.0,0.0,0.0,,,23.08,NONE,NONE,NONE,SALARIED,NONE
8,2025-05-29,B0008855,L0008855,1.0,510.0,0.0,4285.0,1.0,3.0,0.333,,,9.36,MAY_PAY,NONE,NONE,SALARIED,MAY_PAY_FRESH
5,2025-02-28,B0005526,L0005526,1.91,698.0,0.0,15705.14,7.0,14.0,0.983,1.07,8.0,15.96,WILL_PAY,OPEN,OPEN,SELF_EMPLOYED,WILL_PAY_FRESH
12,2025-09-26,B0009090,L0009090,0.965,774.0,0.0,2772.0,2.0,7.0,0.678,1.0,34.0,15.27,WILL_PAY,OPEN,HONORED,SELF_EMPLOYED,WILL_PAY_FRESH
4,2025-01-29,B0007043,L0007043,1.048,790.0,0.0,2746.36,1.0,5.0,0.127,,,9.65,WILL_PAY,NONE,NONE,SALARIED,WILL_PAY_FRESH
3,2024-12-30,B0003558,L0003558,2.0,704.0,5.0,5390.0,1.0,6.0,1.0,,41.0,16.62,WILL_PAY,NONE,NONE,SALARIED,WILL_PAY_STALE
7,2025-04-29,B0007110,L0007110,4.601,360.0,11.0,38614.34,1.0,14.0,0.0,,27.0,25.18,REFUSES,NONE,NONE,SALARIED,REFUSES_STALE
2,2024-11-30,B0001394,L0001394,2.0,780.0,2.0,16238.0,0.0,4.0,0.0,,,17.07,HARDSHIP,BROKEN,NONE,SALARIED,HARDSHIP_STALE
12,2025-09-26,B0012207,L0012207,2.0,346.0,0.0,12664.0,0.0,2.0,0.0,1.552,10.0,15.46,REFUSES,NONE,OPEN,SALARIED,REFUSES_FRESH
13,2025-10-26,B0009322,L0009322,4.29,551.0,4.0,5770.0,0.0,13.0,0.57,1.315,6.0,12.86,REFUSES,BROKEN,OPEN,SELF_EMPLOYED,REFUSES_FRESH
12,2025-09-26,B0008632,L0008632,7.0,385.0,0.0,83489.0,0.0,13.0,0.0,,19.0,8.65,REFUSES,OPEN,NONE,SELF_EMPLOYED,REFUSES_FRESH
8,2025-05-29,B0005638,L0005638,0.772,894.0,0.0,1692.0,1.0,3.0,1.076,0.0,113.0,22.86,WILL_PAY,KEPT,HONORED,SALARIED,WILL_PAY_FRESH
1,2024-10-31,B0003219,L0003219,2.9,451.0,5.0,11551.72,0.0,5.0,0.0,,,17.08,NONE,NONE,NONE,SALARIED,NONE
4,2025-01-29,B0005613,L0005613,2.0,659.0,0.0,8980.0,2.0,7.0,0.333,,,22.17,MAY_PAY,BROKEN,NONE,SALARIED,MAY_PAY_FRESH
9,2025-06-28,B0007991,L0007991,1.941,843.0,3.0,3272.0,0.0,10.0,0.686,,69.0,10.39,MAY_PAY,BROKEN,NONE,SELF_EMPLOYED,MAY_PAY_STALE
12,2025-09-26,B0008986,L0008986,2.0,607.0,0.0,14460.0,0.0,6.0,0.797,,20.0,18.58,MAY_PAY,KEPT,NONE,SELF_EMPLOYED,MAY_PAY_FRESH
7,2025-04-29,B0005758,L0005758,2.0,384.0,6.0,24860.0,0.0,5.0,0.333,,,17.17,MAY_PAY,BROKEN,NONE,SALARIED,MAY_PAY_STALE
1,2024-10-31,B0004808,L0004808,0.977,435.0,0.0,2510.0,2.0,6.0,1.008,,,8.0,WILL_PAY,KEPT,NONE,BUSINESS_OWNER,WILL_PAY_FRESH
2,2024-11-30,B0005735,L0005735,1.0,615.0,3.0,2774.0,0.0,3.0,0.0,,,15.4,NONE,NONE,NONE,SALARIED,NONE
3,2024-12-30,B0005263,L0005263,1.0,568.0,0.0,7216.0,0.0,2.0,0.667,0.897,40.0,16.58,MAY_PAY,OPEN,HONORED,SALARIED,MAY_PAY_FRESH
2,2024-11-30,B0001178,L0001178,4.731,452.0,0.0,61640.0,1.0,11.0,0.09,1.179,50.0,17.08,MAY_PAY,OPEN,BROKEN,SELF_EMPLOYED,MAY_PAY_FRESH
9,2025-06-28,B0009113,L0009113,2.747,395.0,0.0,13002.0,0.0,8.0,0.418,,26.0,19.08,MAY_PAY,OPEN,NONE,SELF_EMPLOYED,MAY_PAY_FRESH
9,2025-06-28,B0005204,L0005204,2.0,818.0,0.0,5256.0,0.0,9.0,0.721,0.61,4.0,21.8,MAY_PAY,KEPT,OPEN,SALARIED,MAY_PAY_FRESH
11,2025-08-27,B0011536,L0011536,2.009,600.0,0.0,5864.99,1.0,3.0,0.171,1.009,9.0,14.36,WILL_PAY,NONE,OPEN,SELF_EMPLOYED,WILL_PAY_FRESH
3,2024-12-30,B0003394,L0003394,4.435,442.0,4.0,64251.28,0.0,15.0,0.375,1.352,12.0,15.92,WILL_PAY,BROKEN,OPEN,SALARIED,WILL_PAY_STALE
9,2025-06-28,B0010581,L0010581,1.0,560.0,0.0,7292.0,0.0,0.0,0.0,,,15.21,NONE,NONE,NONE,BUSINESS_OWNER,NONE
9,2025-06-28,B0007625,L0007625,4.0,348.0,0.0,10484.0,0.0,12.0,0.333,,44.0,11.92,REFUSES,NONE,NONE,SALARIED,REFUSES_FRESH
9,2025-06-28,B0000458,L0000458,2.0,464.0,1.0,13990.0,1.0,4.0,0.609,0.0,106.0,25.56,NO_COMMITMENT,KEPT,HONORED,SALARIED,NO_COMMITMENT_STALE
1,2024-10-31,B0004882,L0004882,4.333,732.0,3.0,30932.49,0.0,3.0,0.0,,,15.17,NONE,NONE,NONE,BUSINESS_OWNER,NONE
8,2025-05-29,B0006275,L0006275,4.719,552.0,0.0,78860.0,4.0,9.0,0.0,1.025,58.0,13.44,HARDSHIP,OPEN,BROKEN,SALARIED,HARDSHIP_FRESH
11,2025-08-27,B0009516,L0009516,2.852,439.0,0.0,9604.0,1.0,11.0,0.383,,15.0,17.19,REFUSES,BROKEN,NONE,SALARIED,REFUSES_FRESH
5,2025-02-28,B0007550,L0007550,1.0,705.0,0.0,7166.0,1.0,1.0,0.0,,,8.87,MAY_PAY,OPEN,NONE,SALARIED,MAY_PAY_FRESH
13,2025-10-26,B0011831,L0011831,2.0,570.0,3.0,10374.0,0.0,6.0,0.0,,59.0,17.9,MAY_PAY,BROKEN,NONE,SELF_EMPLOYED,MAY_PAY_STALE
3,2024-12-30,B0002554,L0002554,0.0,449.0,3.0,0.0,0.0,12.0,0.434,,5.0,23.44,REFUSES,BROKEN,NONE,SALARIED,REFUSES_FRESH
2,2024-11-30,B0004956,L0004956,5.0,667.0,1.0,22255.0,0.0,11.0,0.0,,,21.3,NO_COMMITMENT,BROKEN,NONE,SALARIED,NO_COMMITMENT_FRESH
6,2025-03-30,B0008940,L0008940,2.0,451.0,0.0,9052.0,0.0,0.0,0.0,,,16.59,NONE,NONE,NONE,BUSINESS_OWNER,NONE
5,2025-02-28,B0007506,L0007506,1.0,496.0,3.0,3980.0,0.0,3.0,0.0,,,8.0,NONE,NONE,NONE,SELF_EMPLOYED,NONE
11,2025-08-27,B0010184,L0010184,1.0,453.0,3.0,2879.0,2.0,9.0,0.667,1.172,30.0,14.21,WILL_PAY,NONE,HONORED,SELF_EMPLOYED,WILL_PAY_STALE
13,2025-10-26,B0012358,L0012358,3.0,518.0,3.0,25506.0,0.0,7.0,0.0,,2.0,19.54,NO_COMMITMENT,BROKEN,NONE,SELF_EMPLOYED,NO_COMMITMENT_FRESH
13,2025-10-26,B0000136,L0000136,1.677,510.0,0.0,6744.0,2.0,5.0,0.567,0.378,88.0,12.63,WILL_PAY,OPEN,HONORED,SALARIED,WILL_PAY_FRESH
7,2025-04-29,B0006020,L0006020,4.0,587.0,0.0,10240.0,2.0,12.0,0.333,1.662,21.0,14.61,REFUSES,BROKEN,BROKEN,SALARIED,REFUSES_FRESH
10,2025-07-28,B0002850,L0002850,1.0,889.0,0.0,1849.0,1.0,1.0,1.0,1.0,68.0,8.0,WILL_PAY,BROKEN,HONORED,BUSINESS_OWNER,WILL_PAY_FRESH
0,2024-10-01,B0002306,L0002306,2.718,710.0,0.0,10081.9,0.0,0.0,0.0,,,8.0,NONE,NONE,NONE,SELF_EMPLOYED,NONE
7,2025-04-29,B0006121,L0006121,4.536,775.0,0.0,32532.0,1.0,14.0,0.333,1.004,41.0,15.64,WILL_PAY,BROKEN,BROKEN,SALARIED,WILL_PAY_FRESH
12,2025-09-26,B0003772,L0003772,2.556,510.0,1.0,9206.0,2.0,8.0,0.148,0.66,8.0,12.29,WILL_PAY,BROKEN,OPEN,SALARIED,WILL_PAY_FRESH
2,2024-11-30,B0003996,L0003996,2.155,470.0,6.0,19714.05,0.0,7.0,0.266,,,18.89,NO_COMMITMENT,NONE,NONE,BUSINESS_OWNER,NO_COMMITMENT_STALE
4,2025-01-29,B0006310,L0006310,2.0,643.0,0.0,27064.0,1.0,3.0,0.0,,6.0,14.3,NO_COMMITMENT,NONE,NONE,BUSINESS_OWNER,NO_COMMITMENT_FRESH
11,2025-08-27,B0008010,L0008010,1.287,605.0,0.0,6140.0,2.0,7.0,0.904,,,12.79,WILL_PAY,OPEN,NONE,SALARIED,WILL_PAY_FRESH
0,2024-10-01,B0004478,L0004478,2.0,868.0,0.0,5144.0,0.0,0.0,0.0,,,15.08,NONE,NONE,NONE,SALARIED,NONE
0,2024-10-01,B0003184,L0003184,1.0,571.0,0.0,11192.0,0.0,0.0,0.0,,,13.47,NONE,NONE,NONE,SELF_EMPLOYED,NONE
8,2025-05-29,B0009738,L0009738,1.0,777.0,0.0,2887.0,2.0,2.0,0.0,,,18.78,WILL_PAY,OPEN,NONE,SALARIED,WILL_PAY_FRESH
11,2025-08-27,B0002332,L0002332,8.921,782.0,9.0,45917.0,1.0,18.0,0.356,,61.0,11.32,MAY_PAY,BROKEN,NONE,SALARIED,MAY_PAY_STALE
11,2025-08-27,B0008478,L0008478,4.0,511.0,0.0,41044.0,1.0,11.0,0.0,,32.0,22.42,REFUSES,BROKEN,NONE,SELF_EMPLOYED,REFUSES_FRESH
3,2024-12-30,B0000888,L0000888,1.0,580.0,4.0,20391.0,1.0,17.0,0.333,0.384,52.0,22.02,REFUSES,KEPT,HONORED,SELF_EMPLOYED,REFUSES_STALE
8,2025-05-29,B0007755,L0007755,2.098,859.0,0.0,4651.0,2.0,8.0,0.301,0.973,41.0,16.08,WILL_PAY,OPEN,HONORED,SALARIED,WILL_PAY_FRESH
11,2025-08-27,B0011461,L0011461,1.0,417.0,0.0,36224.0,0.0,2.0,0.0,,,17.09,REFUSES,NONE,NONE,BUSINESS_OWNER,REFUSES_FRESH
7,2025-04-29,B0008466,L0008466,1.0,814.0,1.0,19340.0,1.0,2.0,0.333,,,12.21,WILL_PAY,BROKEN,NONE,SALARIED,WILL_PAY_STALE
12,2025-09-26,B0007247,L0007247,2.0,672.0,0.0,16596.0,4.0,11.0,0.329,0.24,30.0,13.94,WILL_PAY,OPEN,BROKEN,SELF_EMPLOYED,WILL_PAY_FRESH
6,2025-03-30,B0005656,L0005656,3.747,606.0,0.0,7396.0,1.0,23.0,0.418,,,8.0,REFUSES,OPEN,NONE,SALARIED,REFUSES_FRESH
6,2025-03-30,B0007514,L0007514,0.846,866.0,0.0,2274.0,0.0,6.0,0.385,,,19.3,REFUSES,NONE,NONE,BUSINESS_OWNER,REFUSES_FRESH
3,2024-12-30,B0005138,L0005138,2.0,645.0,0.0,8402.0,1.0,9.0,0.0,,,15.77,NO_COMMITMENT,NONE,NONE,SALARIED,NO_COMMITMENT_FRESH
9,2025-06-28,B0010349,L0010349,1.737,391.0,0.0,10056.78,0.0,2.0,0.0,,8.0,15.47,DISPUTE,NONE,NONE,SALARIED,DISPUTE_FRESH
13,2025-10-26,B0008760,L0008760,3.0,539.0,4.0,5400.0,1.0,9.0,0.333,0.851,120.0,15.59,REFUSES,BROKEN,HONORED,SALARIED,REFUSES_STALE
13,2025-10-26,B0011340,L0011340,2.572,418.0,0.0,6610.0,0.0,9.0,0.143,,,10.17,REFUSES,NONE,NONE,SALARIED,REFUSES_FRESH
1,2024-10-31,B0002927,L0002927,3.0,670.0,0.0,57837.0,0.0,4.0,0.0,,20.0,15.54,NO_COMMITMENT,NONE,NONE,SALARIED,NO_COMMITMENT_FRESH
4,2025-01-29,B0006079,L0006079,2.388,694.0,0.0,3121.0,1.0,7.0,0.204,,,16.34,MAY_PAY,NONE,NONE,SALARIED,MAY_PAY_FRESH
9,2025-06-28,B0010514,L0010514,3.0,745.0,0.0,76665.0,0.0,5.0,0.0,1.207,14.0,9.79,NO_COMMITMENT,NONE,OPEN,SALARIED,NO_COMMITMENT_FRESH
8,2025-05-29,B0008606,L0008606,1.654,440.0,0.0,9316.23,0.0,6.0,0.949,,37.0,10.61,REFUSES,KEPT,NONE,SALARIED,REFUSES_FRESH
5,2025-02-28,B0004897,L0004897,2.389,743.0,6.0,12128.0,4.0,17.0,0.537,,22.0,12.49,REFUSES,NONE,NONE,SALARIED,REFUSES_STALE
13,2025-10-26,B0008552,L0008552,5.424,482.0,0.0,8472.0,2.0,9.0,0.107,,,16.12,MAY_PAY,BROKEN,NONE,BUSINESS_OWNER,MAY_PAY_FRESH
8,2025-05-29,B0007491,L0007491,2.772,586.0,0.0,26640.0,2.0,7.0,0.409,,,24.44,MAY_PAY,OPEN,NONE,SALARIED,MAY_PAY_FRESH
6,2025-03-30,B0008424,L0008424,1.0,344.0,0.0,4484.0,0.0,1.0,0.0,,,16.07,REFUSES,NONE,NONE,SALARIED,REFUSES_FRESH
9,2025-06-28,B0009468,L0009468,3.227,840.0,3.0,9793.97,0.0,7.0,0.0,,51.0,14.64,REFUSES,OPEN,NONE,BUSINESS_OWNER,REFUSES_FRESH
13,2025-10-26,B0013132,L0013132,1.0,808.0,0.0,8892.0,0.0,0.0,0.0,,,15.78,NONE,NONE,NONE,SELF_EMPLOYED,NONE
8,2025-05-29,B0009076,L0009076,2.0,569.0,0.0,9746.0,0.0,5.0,0.333,,5.0,18.65,REFUSES,OPEN,NONE,SALARIED,REFUSES_FRESH
9,2025-06-28,B0008612,L0008612,1.723,335.0,0.0,5533.0,1.0,5.0,0.759,,90.0,8.0,REFUSES,OPEN,NONE,SALARIED,REFUSES_FRESH
13,2025-10-26,B0009812,L0009812,1.0,808.0,0.0,34285.0,3.0,3.0,0.667,0.361,13.0,9.51,MAY_PAY,KEPT,OPEN,SALARIED,MAY_PAY_FRESH
9,2025-06-28,B0009701,L0009701,2.0,306.0,0.0,66190.0,0.0,5.0,0.0,,,15.87,REFUSES,NONE,NONE,SALARIED,REFUSES_FRESH
5,2025-02-28,B0005397,L0005397,2.0,654.0,0.0,20072.0,2.0,6.0,0.441,,44.0,18.94,MAY_PAY,BROKEN,NONE,SELF_EMPLOYED,MAY_PAY_FRESH
3,2024-12-30,B0001834,L0001834,6.397,384.0,2.0,8578.14,0.0,12.0,0.0,1.218,17.0,20.18,REFUSES,NONE,BROKEN,SELF_EMPLOYED,REFUSES_STALE
5,2025-02-28,B0006232,L0006232,4.35,500.0,2.0,31476.31,0.0,13.0,0.0,,22.0,12.35,NO_COMMITMENT,NONE,NONE,SELF_EMPLOYED,NO_COMMITMENT_FRESH
1,2024-10-31,B0003353,L0003353,2.182,549.0,0.0,37241.25,0.0,6.0,0.084,,,14.08,NO_COMMITMENT,NONE,NONE,SALARIED,NO_COMMITMENT_FRESH
4,2025-01-29,B0002053,L0002053,0.962,687.0,0.0,4104.0,2.0,13.0,1.013,0.908,47.0,16.17,WILL_PAY,OPEN,HONORED,SALARIED,WILL_PAY_FRESH
8,2025-05-29,B0009293,L0009293,3.0,433.0,1.0,65838.0,0.0,6.0,0.0,,8.0,13.14,MAY_PAY,NONE,NONE,SALARIED,MAY_PAY_FRESH
3,2024-12-30,B0005556,L0005556,1.0,785.0,0.0,12511.0,2.0,4.0,0.333,,,13.06,DISPUTE,NONE,NONE,SALARIED,DISPUTE_FRESH
3,2024-12-30,B0005037,L0005037,1.0,857.0,0.0,22665.0,1.0,3.0,0.333,,,14.33,WILL_PAY,NONE,NONE,SELF_EMPLOYED,WILL_PAY_FRESH
6,2025-03-30,B0004245,L0004245,1.0,664.0,3.0,1411.0,3.0,9.0,1.333,0.971,5.0,14.67,WILL_PAY,NONE,HONORED,SELF_EMPLOYED,WILL_PAY_FRESH
5,2025-02-28,B0002904,L0002904,2.318,374.0,0.0,14744.0,1.0,12.0,0.561,1.016,7.0,8.0,MAY_PAY,OPEN,OPEN,SALARIED,MAY_PAY_FRESH
11,2025-08-27,B0010644,L0010644,2.0,597.0,0.0,8708.0,1.0,5.0,0.0,,,16.48,REFUSES,NONE,NONE,BUSINESS_OWNER,REFUSES_FRESH
2,2024-11-30,B0001789,L0001789,1.0,500.0,5.0,6563.0,0.0,5.0,0.333,,,19.84,NONE,NONE,NONE,SELF_EMPLOYED,NONE
3,2024-12-30,B0005600,L0005600,2.0,414.0,0.0,17506.0,0.0,5.0,0.0,,,12.51,REFUSES,NONE,NONE,SALARIED,REFUSES_FRESH
0,2024-10-01,B0002718,L0002718,4.0,678.0,0.0,39456.0,0.0,0.0,0.0,,,17.78,NONE,NONE,NONE,SELF_EMPLOYED,NONE
0,2024-10-01,B0000202,L0000202,3.0,767.0,0.0,11274.0,0.0,0.0,0.0,,,11.78,NONE,NONE,NONE,SALARIED,NONE
0,2024-10-01,B0003603,L0003603,2.0,700.0,0.0,91296.0,0.0,0.0,0.0,,,17.58,NONE,NONE,NONE,SALARIED,NONE
13,2025-10-26,B0006367,L0006367,0.0,673.0,1.0,0.0,3.0,7.0,0.331,0.0,14.0,18.41,WILL_PAY,OPEN,BROKEN,SALARIED,WILL_PAY_FRESH
7,2025-04-29,B0003449,L0003449,6.565,320.0,5.0,26147.0,0.0,14.0,0.0,,9.0,15.66,MAY_PAY,BROKEN,NONE,SELF_EMPLOYED,MAY_PAY_STALE
11,2025-08-27,B0012270,L0012270,1.454,442.0,0.0,1784.13,0.0,0.0,0.0,,,16.24,NONE,NONE,NONE,SALARIED,NONE
0,2024-10-01,B0003934,L0003934,3.0,722.0,0.0,24762.0,0.0,0.0,0.0,,,9.5,NONE,NONE,NONE,SELF_EMPLOYED,NONE
2,2024-11-30,B0004988,L0004988,2.0,649.0,10.0,5048.0,0.0,10.0,0.333,,,15.05,NONE,NONE,NONE,SALARIED,NONE
10,2025-07-28,B0004967,L0004967,2.06,834.0,0.0,59656.0,1.0,10.0,0.646,0.269,1.0,10.43,WILL_PAY,BROKEN,OPEN,SALARIED,WILL_PAY_FRESH
10,2025-07-28,B0009569,L0009569,1.0,441.0,0.0,1542.0,2.0,9.0,0.667,,,8.98,NO_COMMITMENT,BROKEN,NONE,BUSINESS_OWNER,NO_COMMITMENT_FRESH
0,2024-10-01,B0000699,L0000699,6.318,719.0,0.0,77075.35,0.0,0.0,0.0,,,18.04,NONE,NONE,NONE,SALARIED,NONE
10,2025-07-28,B0009428,L0009428,2.0,587.0,1.0,11666.0,2.0,6.0,0.333,,,14.12,DISPUTE,NONE,NONE,SALARIED,DISPUTE_FRESH
13,2025-10-26,B0012443,L0012443,1.0,425.0,0.0,5025.0,1.0,2.0,0.0,,29.0,14.99,DISPUTE,NONE,NONE,SALARIED,DISPUTE_FRESH
10,2025-07-28,B0011044,L0011044,1.0,485.0,0.0,2364.0,1.0,1.0,0.0,,,17.34,HARDSHIP,NONE,NONE,SALARIED,HARDSHIP_FRESH
1,2024-10-31,B0000662,L0000662,1.337,537.0,0.0,32368.76,1.0,4.0,0.0,,15.0,22.48,WILL_PAY,NONE,NONE,SELF_EMPLOYED,WILL_PAY_FRESH
4,2025-01-29,B0006232,L0006232,3.35,500.0,0.0,24240.31,0.0,8.0,0.0,,11.0,12.35,NO_COMMITMENT,NONE,NONE,SELF_EMPLOYED,NO_COMMITMENT_FRESH
4,2025-01-29,B0006097,L0006097,2.0,764.0,0.0,13796.0,0.0,7.0,0.0,,7.0,22.77,MAY_PAY,OPEN,NONE,SALARIED,MAY_PAY_FRESH
12,2025-09-26,B0011969,L0011969,1.0,773.0,0.0,25383.0,1.0,2.0,0.0,,,11.3,WILL_PAY,NONE,NONE,SALARIED,WILL_PAY_FRESH
8,2025-05-29,B0008961,L0008961,2.0,607.0,0.0,9452.0,2.0,5.0,0.0,,,9.43,WILL_PAY,OPEN,NONE,BUSINESS_OWNER,WILL_PAY_FRESH
6,2025-03-30,B0001903,L0001903,3.0,706.0,0.0,4014.0,0.0,8.0,0.0,,9.0,11.82,NO_COMMITMENT,BROKEN,NONE,SALARIED,NO_COMMITMENT_FRESH
13,2025-10-26,B0013094,L0013094,2.868,618.0,0.0,20133.76,0.0,0.0,0.0,,,10.82,NONE,NONE,NONE,SALARIED,NONE
0,2024-10-01,B0002776,L0002776,4.0,396.0,0.0,6888.0,0.0,0.0,0.0,,,9.14,NONE,NONE,NONE,BUSINESS_OWNER,NONE
6,2025-03-30,B0005913,L0005913,7.0,367.0,0.0,18998.0,1.0,18.0,0.0,,41.0,25.3,REFUSES,NONE,NONE,SALARIED,REFUSES_FRESH
4,2025-01-29,B0001047,L0001047,2.0,786.0,0.0,4276.0,2.0,2.0,0.667,,5.0,20.04,REFUSES,NONE,NONE,SALARIED,REFUSES_FRESH
13,2025-10-26,B0012252,L0012252,3.0,510.0,0.0,24048.0,0.0,4.0,0.0,1.114,12.0,12.18,NO_COMMITMENT,NONE,OPEN,SELF_EMPLOYED,NO_COMMITMENT_FRESH
6,2025-03-30,B0004468,L0004468,0.0,564.0,0.0,0.0,2.0,4.0,1.0,,154.0,14.29,WILL_PAY,OPEN,NONE,SALARIED,WILL_PAY_FRESH
12,2025-09-26,B0009793,L0009793,3.726,899.0,0.0,24452.0,1.0,12.0,0.091,,,15.19,WILL_PAY,KEPT,NONE,SALARIED,WILL_PAY_FRESH
13,2025-10-26,B0010436,L0010436,2.0,435.0,0.0,44816.0,1.0,5.0,0.333,,,15.2,WILL_PAY,NONE,NONE,SELF_EMPLOYED,WILL_PAY_FRESH
10,2025-07-28,B0009774,L0009774,3.0,625.0,5.0,16041.0,1.0,10.0,0.333,,44.0,20.06,REFUSES,NONE,NONE,SELF_EMPLOYED,REFUSES_STALE
9,2025-06-28,B0008929,L0008929,2.457,371.0,0.0,20372.0,1.0,9.0,0.514,,1.0,13.73,REFUSES,OPEN,NONE,SALARIED,REFUSES_FRESH
10,2025-07-28,B0007839,L0007839,5.0,356.0,4.0,20745.0,1.0,14.0,0.0,,37.0,15.41,REFUSES,NONE,NONE,SALARIED,REFUSES_STALE
8,2025-05-29,B0009860,L0009860,0.385,778.0,0.0,3760.0,0.0,1.0,0.205,,,15.14,NO_COMMITMENT,NONE,NONE,SALARIED,NO_COMMITMENT_FRESH
8,2025-05-29,B0004458,L0004458,5.803,816.0,1.0,12377.82,2.0,18.0,0.563,1.15,8.0,14.48,WILL_PAY,KEPT,OPEN,SELF_EMPLOYED,WILL_PAY_FRESH
13,2025-10-26,B0011974,L0011974,1.725,346.0,0.0,11308.0,0.0,5.0,0.092,,,16.93,REFUSES,NONE,NONE,BUSINESS_OWNER,REFUSES_FRESH
3,2024-12-30,B0003817,L0003817,3.0,527.0,0.0,15609.0,1.0,7.0,0.0,,,11.61,MAY_PAY,NONE,NONE,SALARIED,MAY_PAY_FRESH
4,2025-01-29,B0002271,L0002271,1.0,500.0,0.0,15238.0,6.0,14.0,1.5,1.103,26.0,17.76,WILL_PAY,OPEN,HONORED,BUSINESS_OWNER,WILL_PAY_FRESH
7,2025-04-29,B0009914,L0009914,1.0,757.0,0.0,22605.0,0.0,0.0,0.0,,,10.18,NONE,NONE,NONE,SELF_EMPLOYED,NONE
6,2025-03-30,B0002643,L0002643,1.172,686.0,3.0,5376.0,1.0,11.0,0.276,0.59,50.0,22.71,MAY_PAY,BROKEN,HONORED,SALARIED,MAY_PAY_STALE
11,2025-08-27,B0007822,L0007822,4.0,625.0,4.0,20380.0,5.0,16.0,0.667,,17.0,21.15,NO_COMMITMENT,KEPT,NONE,SELF_EMPLOYED,NO_COMMITMENT_FRESH
9,2025-06-28,B0008752,L0008752,2.905,369.0,0.0,26857.24,1.0,11.0,0.162,,37.0,11.33,REFUSES,BROKEN,NONE,SELF_EMPLOYED,REFUSES_FRESH
9,2025-06-28,B0008366,L0008366,3.406,560.0,0.0,74600.0,1.0,13.0,0.198,,6.0,11.76,WILL_PAY,BROKEN,NONE,SALARIED,WILL_PAY_FRESH
4,2025-01-29,B0001124,L0001124,8.0,458.0,0.0,30664.0,4.0,12.0,0.0,1.02,40.0,8.0,NO_COMMITMENT,BROKEN,BROKEN,BUSINESS_OWNER,NO_COMMITMENT_FRESH
2,2024-11-30,B0001835,L0001835,1.0,787.0,0.0,3783.0,0.0,0.0,0.333,1.0,10.0,9.55,DISPUTE,NONE,HONORED,SALARIED,DISPUTE_STALE
2,2024-11-30,B0004252,L0004252,0.582,655.0,0.0,12076.0,0.0,3.0,0.473,0.426,9.0,15.74,WILL_PAY,BROKEN,BROKEN,BUSINESS_OWNER,WILL_PAY_FRESH
2,2024-11-30,B0003560,L0003560,2.653,681.0,0.0,20118.08,2.0,9.0,0.321,,31.0,18.68,WILL_PAY,NONE,NONE,SALARIED,WILL_PAY_FRESH
10,2025-07-28,B0010833,L0010833,2.0,535.0,3.0,2580.0,0.0,3.0,0.0,,9.0,24.85,NO_COMMITMENT,NONE,NONE,SELF_EMPLOYED,NO_COMMITMENT_STALE
2,2024-11-30,B0003054,L0003054,2.0,375.0,0.0,9978.0,1.0,6.0,0.0,,,20.69,MAY_PAY,OPEN,NONE,BUSINESS_OWNER,MAY_PAY_FRESH
4,2025-01-29,B0006829,L0006829,1.0,372.0,0.0,7859.0,0.0,2.0,0.0,,,22.79,REFUSES,NONE,NONE,SALARIED,REFUSES_FRESH
10,2025-07-28,B0009687,L0009687,3.0,433.0,0.0,20949.0,1.0,10.0,0.0,,2.0,14.31,REFUSES,NONE,NONE,SALARIED,REFUSES_FRESH
11,2025-08-27,B0005458,L0005458,5.435,582.0,0.0,5772.0,4.0,17.0,0.522,,32.0,11.13,WILL_PAY,OPEN,HONORED,BUSINESS_OWNER,WILL_PAY_FRESH
4,2025-01-29,B0004955,L0004955,4.306,437.0,3.0,21085.0,2.0,22.0,0.231,1.072,80.0,11.27,MAY_PAY,BROKEN,BROKEN,SALARIED,MAY_PAY_FRESH
1,2024-10-31,B0002364,L0002364,1.0,703.0,0.0,3942.0,0.0,2.0,0.0,,,25.87,REFUSES,NONE,NONE,SALARIED,REFUSES_FRESH
2,2024-11-30,B0000209,L0000209,1.0,813.0,0.0,8308.0,1.0,3.0,0.333,,,20.18,WILL_PAY,NONE,NONE,SALARIED,WILL_PAY_FRESH
5,2025-02-28,B0003818,L0003818,5.0,381.0,0.0,107235.0,0.0,13.0,0.0,0.738,107.0,18.38,REFUSES,OPEN,BROKEN,SELF_EMPLOYED,REFUSES_FRESH
10,2025-07-28,B0010066,L0010066,2.0,395.0,4.0,19008.0,0.0,4.0,0.333,1.0,26.0,19.3,REFUSES,NONE,RESCHEDULED,SALARIED,REFUSES_STALE
8,2025-05-29,B0007668,L0007668,1.0,427.0,0.0,6263.0,2.0,10.0,0.667,,,8.0,MAY_PAY,BROKEN,NONE,SALARIED,MAY_PAY_FRESH
9,2025-06-28,B0010478,L0010478,1.0,803.0,3.0,7743.0,0.0,3.0,0.0,,,22.27,NONE,NONE,NONE,SALARIED,NONE
11,2025-08-27,B0011592,L0011592,1.0,481.0,2.0,11181.0,1.0,3.0,0.0,,,11.76,MAY_PAY,NONE,NONE,SALARIED,MAY_PAY_STALE
3,2024-12-30,B0006959,L0006959,1.0,725.0,0.0,13443.0,0.0,0.0,0.0,,,19.95,NONE,NONE,NONE,SALARIED,NONE
7,2025-04-29,B0008410,L0008410,3.0,698.0,0.0,14148.0,5.0,13.0,0.333,,25.0,11.18,WILL_PAY,BROKEN,NONE,SALARIED,WILL_PAY_FRESH
4,2025-01-29,B0006957,L0006957,1.0,362.0,2.0,15114.0,0.0,2.0,0.0,,,9.96,NONE,NONE,NONE,BUSINESS_OWNER,NONE
4,2025-01-29,B0005048,L0005048,1.394,859.0,0.0,1150.0,2.0,4.0,0.535,,,11.56,HARDSHIP,BROKEN,NONE,SALARIED,HARDSHIP_FRESH
9,2025-06-28,B0008781,L0008781,3.0,522.0,0.0,73458.0,2.0,8.0,0.0,,88.0,15.21,MAY_PAY,OPEN,NONE,BUSINESS_OWNER,MAY_PAY_FRESH
5,2025-02-28,B0000633,L0000633,0.962,837.0,0.0,2534.0,0.0,5.0,0.346,0.999,68.0,21.52,NO_COMMITMENT,BROKEN,HONORED,SALARIED,NO_COMMITMENT_FRESH
4,2025-01-29,B0000739,L0000739,4.0,410.0,0.0,56536.0,0.0,12.0,0.0,,36.0,17.8,REFUSES,NONE,NONE,SELF_EMPLOYED,REFUSES_FRESH
3,2024-12-30,B0000359,L0000359,2.0,598.0,4.0,5174.0,1.0,9.0,0.0,,88.0,17.65,MAY_PAY,BROKEN,NONE,SELF_EMPLOYED,MAY_PAY_STALE
2,2024-11-30,B0005476,L0005476,1.0,463.0,0.0,3623.0,1.0,1.0,0.333,,,21.33,REFUSES,NONE,NONE,SALARIED,REFUSES_FRESH
5,2025-02-28,B0001641,L0001641,2.0,666.0,0.0,4864.0,3.0,7.0,0.667,,,21.62,HARDSHIP,KEPT,NONE,SELF_EMPLOYED,HARDSHIP_FRESH
4,2025-01-29,B0001509,L0001509,3.0,717.0,10.0,7011.0,1.0,14.0,0.0,,,14.2,MAY_PAY,NONE,NONE,SELF_EMPLOYED,MAY_PAY_STALE
3,2024-12-30,B0003018,L0003018,2.358,349.0,0.0,34188.0,0.0,13.0,0.214,1.014,25.0,17.42,NO_COMMITMENT,NONE,BROKEN,SALARIED,NO_COMMITMENT_FRESH
8,2025-05-29,B0000904,L0000904,6.86,342.0,23.0,29507.0,0.0,14.0,0.0,,9.0,23.51,REFUSES,BROKEN,NONE,BUSINESS_OWNER,REFUSES_STALE
5,2025-02-28,B0004496,L0004496,5.0,676.0,1.0,41155.0,3.0,16.0,0.0,,39.0,12.62,WILL_PAY,OPEN,NONE,SALARIED,WILL_PAY_FRESH
5,2025-02-28,B0005016,L0005016,3.0,807.0,0.0,18957.0,1.0,6.0,0.333,0.423,6.0,15.5,WILL_PAY,NONE,OPEN,SALARIED,WILL_PAY_FRESH
13,2025-10-26,B0012020,L0012020,2.0,571.0,0.0,5840.0,2.0,4.0,0.0,,,8.13,WILL_PAY,OPEN,NONE,SALARIED,WILL_PAY_FRESH
6,2025-03-30,B0000128,L0000128,3.194,377.0,0.0,12915.0,1.0,11.0,0.404,,23.0,9.61,REFUSES,NONE,NONE,SALARIED,REFUSES_FRESH
2,2024-11-30,B0005501,L0005501,1.0,413.0,0.0,6961.0,1.0,1.0,0.0,,,18.96,REFUSES,OPEN,NONE,SALARIED,REFUSES_FRESH
13,2025-10-26,B0008474,L0008474,5.416,560.0,1.0,54700.0,2.0,13.0,0.191,,45.0,10.0,WILL_PAY,BROKEN,NONE,BUSINESS_OWNER,WILL_PAY_STALE
8,2025-05-29,B0000395,L0000395,1.0,627.0,3.0,3029.0,2.0,7.0,1.0,,32.0,10.19,WILL_PAY,BROKEN,NONE,SELF_EMPLOYED,WILL_PAY_STALE
5,2025-02-28,B0007799,L0007799,1.0,381.0,0.0,5901.0,2.0,3.0,0.667,1.13,24.0,16.44,MAY_PAY,NONE,HONORED,SALARIED,MAY_PAY_FRESH
8,2025-05-29,B0004792,L0004792,7.658,636.0,0.0,33540.0,4.0,16.0,0.0,,10.0,10.89,NO_COMMITMENT,BROKEN,NONE,SALARIED,NO_COMMITMENT_FRESH
8,2025-05-29,B0006708,L0006708,2.0,682.0,0.0,12426.0,1.0,11.0,0.333,,20.0,11.31,WILL_PAY,NONE,NONE,SALARIED,WILL_PAY_FRESH
1,2024-10-31,B0003954,L0003954,3.0,545.0,0.0,5802.0,1.0,5.0,0.0,0.835,27.0,17.31,REFUSES,NONE,BROKEN,SALARIED,REFUSES_FRESH
7,2025-04-29,B0005742,L0005742,3.268,414.0,0.0,28880.0,1.0,10.0,0.577,1.0,47.0,13.47,NO_COMMITMENT,BROKEN,BROKEN,SALARIED,NO_COMMITMENT_FRESH
7,2025-04-29,B0005575,L0005575,6.24,428.0,4.0,28742.0,0.0,13.0,0.333,1.351,55.0,12.87,REFUSES,BROKEN,BROKEN,SALARIED,REFUSES_STALE
9,2025-06-28,B0006992,L0006992,5.668,522.0,1.0,8530.0,3.0,16.0,0.0,,24.0,14.07,REFUSES,OPEN,NONE,SELF_EMPLOYED,REFUSES_FRESH
11,2025-08-27,B0009767,L0009767,1.0,626.0,3.0,9633.0,1.0,7.0,0.997,0.99,87.0,8.0,MAY_PAY,KEPT,HONORED,SELF_EMPLOYED,MAY_PAY_STALE
4,2025-01-29,B0005284,L0005284,2.0,468.0,0.0,8170.0,1.0,6.0,0.333,,,9.7,WILL_PAY,NONE,NONE,BUSINESS_OWNER,WILL_PAY_FRESH
4,2025-01-29,B0005179,L0005179,1.809,757.0,0.0,11354.0,3.0,11.0,0.397,,2.0,12.26,MAY_PAY,BROKEN,NONE,SALARIED,MAY_PAY_FRESH
11,2025-08-27,B0011637,L0011637,1.0,376.0,0.0,15220.0,0.0,1.0,0.0,,,12.41,REFUSES,OPEN,NONE,SALARIED,REFUSES_FRESH
13,2025-10-26,B0011262,L0011262,1.862,725.0,0.0,32746.0,2.0,8.0,0.379,0.656,4.0,16.78,MAY_PAY,BROKEN,BROKEN,SALARIED,MAY_PAY_FRESH
2,2024-11-30,B0002052,L0002052,1.0,701.0,0.0,3080.0,2.0,10.0,0.0,,,10.32,DISPUTE,OPEN,NONE,SALARIED,DISPUTE_FRESH
0,2024-10-01,B0004297,L0004297,8.495,678.0,0.0,71437.11,0.0,0.0,0.0,,,16.45,NONE,NONE,NONE,SALARIED,NONE
9,2025-06-28,B0009371,L0009371,2.392,419.0,8.0,7144.0,0.0,8.0,0.536,,30.0,14.12,MAY_PAY,NONE,NONE,SALARIED,MAY_PAY_STALE
8,2025-05-29,B0009642,L0009642,1.0,364.0,5.0,8679.0,0.0,5.0,0.0,,3.0,12.62,REFUSES,NONE,NONE,SELF_EMPLOYED,REFUSES_FRESH
6,2025-03-30,B0009192,L0009192,0.264,760.0,0.0,693.0,0.0,0.0,0.0,,,16.92,NONE,NONE,NONE,SALARIED,NONE
9,2025-06-28,B0008608,L0008608,1.0,694.0,0.0,3965.0,2.0,6.0,0.667,0.963,24.0,14.62,NO_COMMITMENT,NONE,HONORED,SELF_EMPLOYED,NO_COMMITMENT_FRESH
9,2025-06-28,B0007425,L0007425,2.0,609.0,0.0,10204.0,1.0,4.0,0.667,0.918,13.0,8.33,HARDSHIP,OPEN,OPEN,SALARIED,HARDSHIP_FRESH
1,2024-10-31,B0004369,L0004369,3.902,649.0,4.0,88894.79,0.0,4.0,0.0,0.354,9.0,17.62,MAY_PAY,NONE,BROKEN,BUSINESS_OWNER,MAY_PAY_STALE
2,2024-11-30,B0002021,L0002021,2.835,541.0,0.0,32450.95,3.0,8.0,0.0,,3.0,21.83,REFUSES,BROKEN,NONE,SALARIED,REFUSES_FRESH
7,2025-04-29,B0008460,L0008460,0.884,525.0,0.0,3034.0,0.0,2.0,0.372,,,16.19,MAY_PAY,NONE,NONE,BUSINESS_OWNER,MAY_PAY_FRESH
13,2025-10-26,B0009051,L0009051,6.662,386.0,0.0,97537.83,2.0,13.0,0.0,0.811,65.0,20.6,REFUSES,BROKEN,RESCHEDULED,SELF_EMPLOYED,REFUSES_FRESH
8,2025-05-29,B0003907,L0003907,4.0,620.0,0.0,5844.0,2.0,8.0,0.333,0.973,45.0,12.0,NO_COMMITMENT,BROKEN,HONORED,BUSINESS_OWNER,NO_COMMITMENT_FRESH
0,2024-10-01,B0003338,L0003338,3.508,791.0,0.0,81991.17,0.0,0.0,0.0,,,14.95,NONE,NONE,NONE,SELF_EMPLOYED,NONE
13,2025-10-26,B0009686,L0009686,4.0,534.0,3.0,17316.0,1.0,12.0,0.0,0.923,10.0,16.47,MAY_PAY,BROKEN,RESCHEDULED,SALARIED,MAY_PAY_FRESH
0,2024-10-01,B0002545,L0002545,1.0,482.0,0.0,1248.0,0.0,0.0,0.0,,,9.15,NONE,NONE,NONE,SALARIED,NONE
7,2025-04-29,B0009201,L0009201,1.0,585.0,0.0,6106.0,0.0,1.0,0.0,0.925,1.0,8.0,WILL_PAY,NONE,OPEN,SELF_EMPLOYED,WILL_PAY_FRESH
4,2025-01-29,B0005752,L0005752,2.0,571.0,0.0,49252.0,2.0,5.0,0.333,,,8.73,MAY_PAY,NONE,NONE,SALARIED,MAY_PAY_FRESH
7,2025-04-29,B0008377,L0008377,1.0,481.0,0.0,12139.0,1.0,1.0,0.333,,,9.49,WILL_PAY,OPEN,NONE,SALARIED,WILL_PAY_FRESH
7,2025-04-29,B0009259,L0009259,1.0,411.0,0.0,4835.0,0.0,2.0,0.0,,17.0,12.69,NO_COMMITMENT,OPEN,NONE,SALARIED,NO_COMMITMENT_FRESH
10,2025-07-28,B0009587,L0009587,3.0,635.0,0.0,13467.0,4.0,9.0,0.0,,,11.74,NO_COMMITMENT,BROKEN,NONE,SELF_EMPLOYED,NO_COMMITMENT_FRESH
3,2024-12-30,B0005240,L0005240,2.0,801.0,0.0,8440.0,0.0,4.0,0.0,,,13.98,WILL_PAY,BROKEN,NONE,SALARIED,WILL_PAY_FRESH
11,2025-08-27,B0011443,L0011443,1.0,442.0,0.0,3216.0,0.0,3.0,0.0,,21.0,17.96,REFUSES,NONE,NONE,SALARIED,REFUSES_FRESH
5,2025-02-28,B0007756,L0007756,1.0,777.0,3.0,2157.0,0.0,3.0,0.0,,,16.41,NONE,NONE,NONE,BUSINESS_OWNER,NONE
2,2024-11-30,B0004018,L0004018,2.0,433.0,0.0,6046.0,0.0,3.0,0.0,,,18.54,NO_COMMITMENT,NONE,NONE,SELF_EMPLOYED,NO_COMMITMENT_FRESH
12,2025-09-26,B0012771,L0012771,1.0,409.0,0.0,1461.0,0.0,0.0,0.0,,,16.94,NONE,NONE,NONE,SALARIED,NONE
4,2025-01-29,B0001277,L0001277,3.612,735.0,1.0,41927.49,1.0,13.0,0.333,0.416,35.0,13.91,REFUSES,BROKEN,BROKEN,SALARIED,REFUSES_STALE
11,2025-08-27,B0006851,L0006851,5.0,445.0,0.0,373685.0,1.0,12.0,0.333,,42.0,17.1,NO_COMMITMENT,BROKEN,HONORED,BUSINESS_OWNER,NO_COMMITMENT_FRESH
2,2024-11-30,B0005681,L0005681,1.432,431.0,0.0,2911.98,1.0,1.0,0.0,,,14.84,REFUSES,NONE,NONE,SALARIED,REFUSES_FRESH
3,2024-12-30,B0004937,L0004937,3.0,319.0,0.0,80112.0,0.0,14.0,0.0,,13.0,18.18,REFUSES,NONE,NONE,BUSINESS_OWNER,REFUSES_FRESH
13,2025-10-26,B0013559,L0013559,3.0,851.0,0.0,7146.0,0.0,0.0,0.0,,,8.0,NONE,NONE,NONE,BUSINESS_OWNER,NONE
6,2025-03-30,B0006190,L0006190,1.82,402.0,3.0,8018.0,3.0,16.0,0.727,1.313,14.0,16.19,WILL_PAY,KEPT,HONORED,SELF_EMPLOYED,WILL_PAY_STALE
4,2025-01-29,B0001734,L0001734,2.0,677.0,5.0,17262.0,0.0,18.0,0.0,,,10.33,WILL_PAY,BROKEN,NONE,SALARIED,WILL_PAY_STALE
10,2025-07-28,B0010799,L0010799,1.0,447.0,0.0,35993.0,0.0,3.0,0.0,,,16.34,REFUSES,NONE,NONE,SELF_EMPLOYED,REFUSES_FRESH
0,2024-10-01,B0000799,L0000799,7.0,497.0,0.0,81165.0,0.0,0.0,0.0,,,17.19,NONE,NONE,NONE,SELF_EMPLOYED,NONE
4,2025-01-29,B0006309,L0006309,3.0,382.0,0.0,5820.0,0.0,6.0,0.0,,10.0,17.19,REFUSES,BROKEN,NONE,SALARIED,REFUSES_FRESH
13,2025-10-26,B0000471,L0000471,2.0,593.0,0.0,52220.0,1.0,8.0,1.0,0.0,59.0,17.92,MAY_PAY,KEPT,HONORED,SALARIED,MAY_PAY_FRESH
11,2025-08-27,B0009195,L0009195,3.541,820.0,5.0,34700.0,2.0,13.0,0.153,0.847,38.0,21.95,WILL_PAY,BROKEN,RESCHEDULED,SALARIED,WILL_PAY_STALE
2,2024-11-30,B0005181,L0005181,1.0,715.0,3.0,2246.0,0.0,3.0,0.0,,,23.05,NONE,NONE,NONE,BUSINESS_OWNER,NONE
6,2025-03-30,B0008092,L0008092,1.867,861.0,0.0,14028.0,1.0,1.0,0.044,,,16.0,WILL_PAY,NONE,NONE,SALARIED,WILL_PAY_FRESH
7,2025-04-29,B0004313,L0004313,6.234,461.0,4.0,74039.0,0.0,13.0,0.255,,69.0,15.49,REFUSES,BROKEN,NONE,SELF_EMPLOYED,REFUSES_STALE
0,2024-10-01,B0001591,L0001591,1.0,824.0,0.0,27377.0,0.0,0.0,0.0,,,16.47,NONE,NONE,NONE,SELF_EMPLOYED,NONE
8,2025-05-29,B0007995,L0007995,3.275,548.0,1.0,16260.0,5.0,16.0,0.575,,1.0,14.81,REFUSES,KEPT,NONE,SALARIED,REFUSES_FRESH
9,2025-06-28,B0005116,L0005116,2.608,596.0,0.0,39912.0,0.0,10.0,0.131,,,14.91,MAY_PAY,KEPT,NONE,SELF_EMPLOYED,MAY_PAY_FRESH
5,2025-02-28,B0007365,L0007365,0.932,407.0,1.0,7590.0,0.0,1.0,0.356,,,10.86,NONE,NONE,NONE,SELF_EMPLOYED,NONE
12,2025-09-26,B0009339,L0009339,4.82,300.0,0.0,14712.0,1.0,12.0,0.393,,,23.5,REFUSES,BROKEN,NONE,SELF_EMPLOYED,REFUSES_FRESH
8,2025-05-29,B0006714,L0006714,5.0,440.0,3.0,48385.0,1.0,9.0,0.0,,7.0,8.45,REFUSES,BROKEN,NONE,BUSINESS_OWNER,REFUSES_FRESH
11,2025-08-27,B0010565,L0010565,1.0,476.0,0.0,6558.0,0.0,4.0,0.333,,,12.22,REFUSES,NONE,NONE,SALARIED,REFUSES_FRESH
4,2025-01-29,B0002606,L0002606,3.0,839.0,4.0,20493.0,4.0,23.0,0.333,0.889,1.0,8.0,WILL_PAY,BROKEN,OPEN,SALARIED,WILL_PAY_FRESH
2,2024-11-30,B0002868,L0002868,2.0,833.0,0.0,4348.0,1.0,2.0,0.333,,,19.33,WILL_PAY,KEPT,NONE,SALARIED,WILL_PAY_FRESH
8,2025-05-29,B0006965,L0006965,1.0,776.0,0.0,14347.0,3.0,8.0,1.333,1.053,31.0,17.61,WILL_PAY,OPEN,RESCHEDULED,SELF_EMPLOYED,WILL_PAY_FRESH
7,2025-04-29,B0008588,L0008588,1.0,510.0,1.0,3022.0,0.0,1.0,0.333,,,12.32,NONE,NONE,NONE,SALARIED,NONE
1,2024-10-31,B0001606,L0001606,4.0,484.0,0.0,41208.0,2.0,5.0,0.0,,,13.57,DISPUTE,OPEN,NONE,SELF_EMPLOYED,DISPUTE_FRESH
3,2024-12-30,B0005941,L0005941,1.0,349.0,0.0,1694.0,1.0,6.0,1.0,1.292,42.0,9.85,WILL_PAY,KEPT,HONORED,SALARIED,WILL_PAY_FRESH
13,2025-10-26,B0009570,L0009570,3.0,380.0,0.0,5289.0,0.0,10.0,0.452,0.668,31.0,12.12,REFUSES,NONE,BROKEN,SALARIED,REFUSES_FRESH
7,2025-04-29,B0007354,L0007354,1.0,389.0,3.0,2384.0,1.0,9.0,1.0,,,9.9,MAY_PAY,NONE,NONE,SALARIED,MAY_PAY_STALE
0,2024-10-01,B0004992,L0004992,8.566,532.0,0.0,18476.11,0.0,0.0,0.0,,,21.32,NONE,NONE,NONE,SALARIED,NONE
7,2025-04-29,B0002146,L0002146,4.664,474.0,0.0,19415.0,1.0,13.0,0.445,1.232,2.0,15.64,WILL_PAY,OPEN,OPEN,SELF_EMPLOYED,WILL_PAY_FRESH
10,2025-07-28,B0009351,L0009351,3.637,503.0,3.0,13040.0,0.0,13.0,0.454,,21.0,20.66,MAY_PAY,BROKEN,NONE,SALARIED,MAY_PAY_STALE
4,2025-01-29,B0005099,L0005099,3.0,840.0,0.0,86094.0,1.0,6.0,0.0,0.598,25.0,12.0,NO_COMMITMENT,BROKEN,BROKEN,BUSINESS_OWNER,NO_COMMITMENT_FRESH
1,2024-10-31,B0005238,L0005238,1.0,464.0,0.0,6973.0,0.0,0.0,0.0,,,14.86,NONE,NONE,NONE,SALARIED,NONE
2,2024-11-30,B0001340,L0001340,2.0,633.0,0.0,2828.0,1.0,3.0,0.0,,43.0,13.73,NO_COMMITMENT,NONE,NONE,SELF_EMPLOYED,NO_COMMITMENT_FRESH
3,2024-12-30,B0004285,L0004285,3.232,475.0,0.0,24565.91,2.0,16.0,0.154,,8.0,17.39,NO_COMMITMENT,OPEN,NONE,BUSINESS_OWNER,NO_COMMITMENT_FRESH
4,2025-01-29,B0006213,L0006213,1.697,633.0,0.0,15692.0,1.0,3.0,0.101,,46.0,8.0,WILL_PAY,OPEN,NONE,SALARIED,WILL_PAY_FRESH
11,2025-08-27,B0010122,L0010122,1.0,554.0,1.0,9568.0,1.0,4.0,0.667,,,21.68,WILL_PAY,BROKEN,NONE,SELF_EMPLOYED,WILL_PAY_STALE
9,2025-06-28,B0008727,L0008727,4.036,390.0,5.0,32425.78,0.0,10.0,0.145,,,16.05,REFUSES,NONE,NONE,SALARIED,REFUSES_STALE
5,2025-02-28,B0003422,L0003422,1.85,721.0,0.0,29767.0,4.0,7.0,0.572,0.915,63.0,20.32,WILL_PAY,BROKEN,HONORED,SELF_EMPLOYED,WILL_PAY_FRESH
3,2024-12-30,B0000721,L0000721,4.252,389.0,3.0,11770.68,0.0,14.0,0.205,,8.0,24.59,REFUSES,NONE,NONE,SALARIED,REFUSES_STALE
8,2025-05-29,B0009564,L0009564,1.0,344.0,0.0,3623.0,0.0,1.0,0.0,,,9.37,REFUSES,NONE,NONE,SELF_EMPLOYED,REFUSES_FRESH
9,2025-06-28,B0000910,L0000910,4.136,318.0,1.0,82345.0,0.0,14.0,0.0,0.585,2.0,23.57,REFUSES,NONE,BROKEN,SELF_EMPLOYED,REFUSES_FRESH
0,2024-10-01,B0003445,L0003445,2.798,344.0,0.0,7505.19,0.0,0.0,0.0,,,11.97,NONE,NONE,NONE,SELF_EMPLOYED,NONE
13,2025-10-26,B0013148,L0013148,1.0,348.0,0.0,44157.0,0.0,0.0,0.0,,,19.47,NONE,NONE,NONE,SELF_EMPLOYED,NONE
11,2025-08-27,B0008957,L0008957,2.0,876.0,0.0,9370.0,4.0,10.0,1.0,0.955,74.0,16.14,WILL_PAY,OPEN,HONORED,SALARIED,WILL_PAY_FRESH
11,2025-08-27,B0009498,L0009498,0.935,645.0,0.0,2889.0,2.0,4.0,0.688,,,19.48,WILL_PAY,KEPT,NONE,SALARIED,WILL_PAY_FRESH
2,2024-11-30,B0005024,L0005024,2.0,435.0,0.0,2316.0,0.0,2.0,0.0,,,18.05,MAY_PAY,NONE,NONE,SELF_EMPLOYED,MAY_PAY_FRESH
13,2025-10-26,B0010363,L0010363,1.0,375.0,0.0,9390.0,0.0,4.0,1.0,0.916,59.0,14.71,REFUSES,NONE,HONORED,SALARIED,REFUSES_FRESH
0,2024-10-01,B0004428,L0004428,4.0,484.0,0.0,23624.0,0.0,0.0,0.0,,,13.78,NONE,NONE,NONE,SELF_EMPLOYED,NONE
2,2024-11-30,B0003738,L0003738,2.0,426.0,0.0,36664.0,0.0,5.0,0.0,,,8.0,HARDSHIP,NONE,NONE,BUSINESS_OWNER,HARDSHIP_FRESH
6,2025-03-30,B0006118,L0006118,2.0,727.0,0.0,55002.0,2.0,9.0,0.898,0.44,4.0,15.84,WILL_PAY,BROKEN,HONORED,SALARIED,WILL_PAY_FRESH
10,2025-07-28,B0009622,L0009622,2.0,739.0,2.0,6554.0,1.0,5.0,0.333,1.0,68.0,18.52,MAY_PAY,BROKEN,HONORED,SALARIED,MAY_PAY_STALE
8,2025-05-29,B0006577,L0006577,3.53,642.0,3.0,30068.0,3.0,10.0,0.157,0.54,18.0,13.94,MAY_PAY,BROKEN,BROKEN,SALARIED,MAY_PAY_STALE
13,2025-10-26,B0011570,L0011570,3.0,595.0,0.0,419793.0,0.0,9.0,0.0,0.52,5.0,15.04,DISPUTE,BROKEN,OPEN,SALARIED,DISPUTE_FRESH
10,2025-07-28,B0003988,L0003988,9.109,599.0,7.0,102050.93,0.0,13.0,0.0,,107.0,20.06,REFUSES,KEPT,BROKEN,SALARIED,REFUSES_STALE
10,2025-07-28,B0000458,L0000458,3.0,464.0,3.0,20985.0,1.0,10.0,0.0,0.0,29.0,25.56,REFUSES,KEPT,HONORED,SALARIED,REFUSES_FRESH
0,2024-10-01,B0001608,L0001608,1.0,698.0,0.0,7357.0,0.0,0.0,0.0,,,21.86,NONE,NONE,NONE,SALARIED,NONE
1,2024-10-31,B0004327,L0004327,4.0,598.0,0.0,21524.0,1.0,3.0,0.0,,,18.06,MAY_PAY,NONE,NONE,BUSINESS_OWNER,MAY_PAY_FRESH
1,2024-10-31,B0003969,L0003969,2.348,584.0,1.0,6359.62,1.0,5.0,0.0,,,19.36,HARDSHIP,OPEN,NONE,SALARIED,HARDSHIP_FRESH
9,2025-06-28,B0007779,L0007779,2.74,517.0,0.0,13703.0,1.0,13.0,0.42,1.534,44.0,18.18,REFUSES,NONE,HONORED,SALARIED,REFUSES_FRESH
4,2025-01-29,B0004606,L0004606,1.0,466.0,0.0,7869.0,0.0,3.0,1.0,,77.0,11.1,NO_COMMITMENT,BROKEN,NONE,BUSINESS_OWNER,NO_COMMITMENT_FRESH
3,2024-12-30,B0007087,L0007087,1.0,705.0,0.0,21231.0,0.0,0.0,0.0,,,20.28,NONE,NONE,NONE,BUSINESS_OWNER,NONE
1,2024-10-31,B0000857,L0000857,0.679,770.0,0.0,1270.0,0.0,1.0,0.774,,,16.85,WILL_PAY,NONE,NONE,SELF_EMPLOYED,WILL_PAY_FRESH
13,2025-10-26,B0010887,L0010887,4.0,326.0,0.0,21000.0,0.0,6.0,0.0,,1.0,12.64,REFUSES,NONE,NONE,SALARIED,REFUSES_FRESH
12,2025-09-26,B0003045,L0003045,5.312,824.0,1.0,16360.0,3.0,11.0,0.948,0.863,33.0,14.83,WILL_PAY,BROKEN,HONORED,BUSINESS_OWNER,WILL_PAY_FRESH
9,2025-06-28,B0006907,L0006907,1.0,378.0,0.0,2362.0,0.0,5.0,0.667,,92.0,10.18,WILL_PAY,OPEN,NONE,SALARIED,WILL_PAY_FRESH
8,2025-05-29,B0008647,L0008647,4.0,624.0,1.0,26728.0,0.0,9.0,0.0,0.737,14.0,18.2,REFUSES,BROKEN,RESCHEDULED,SALARIED,REFUSES_FRESH
9,2025-06-28,B0007513,L0007513,3.0,848.0,0.0,5679.0,0.0,10.0,0.333,,10.0,12.56,MAY_PAY,OPEN,NONE,SALARIED,MAY_PAY_FRESH
3,2024-12-30,B0003220,L0003220,0.0,523.0,0.0,0.0,2.0,15.0,0.072,,16.0,13.67,REFUSES,BROKEN,NONE,SALARIED,REFUSES_FRESH
9,2025-06-28,B0000098,L0000098,2.0,510.0,0.0,6454.0,3.0,5.0,0.388,,194.0,16.61,MAY_PAY,OPEN,BROKEN,SELF_EMPLOYED,MAY_PAY_FRESH
10,2025-07-28,B0009097,L0009097,3.0,354.0,0.0,3612.0,0.0,5.0,0.333,,11.0,14.31,HARDSHIP,OPEN,NONE,SALARIED,HARDSHIP_FRESH
10,2025-07-28,B0010973,L0010973,0.272,768.0,3.0,1156.0,0.0,3.0,0.319,,,15.7,NONE,NONE,NONE,SELF_EMPLOYED,NONE
3,2024-12-30,B0000933,L0000933,5.411,670.0,0.0,32594.45,5.0,12.0,0.0,1.157,8.0,17.41,WILL_PAY,BROKEN,BROKEN,BUSINESS_OWNER,WILL_PAY_FRESH
7,2025-04-29,B0007505,L0007505,2.131,655.0,3.0,13986.0,2.0,10.0,0.29,,,12.04,WILL_PAY,BROKEN,NONE,SALARIED,WILL_PAY_STALE
3,2024-12-30,B0006448,L0006448,0.389,523.0,0.0,636.0,1.0,2.0,0.204,,,14.19,WILL_PAY,OPEN,NONE,SALARIED,WILL_PAY_FRESH
9,2025-06-28,B0008174,L0008174,4.0,354.0,0.0,46436.0,1.0,8.0,0.0,,6.0,21.43,NO_COMMITMENT,BROKEN,NONE,SELF_EMPLOYED,NO_COMMITMENT_FRESH
7,2025-04-29,B0009903,L0009903,1.214,677.0,0.0,1264.85,0.0,0.0,0.0,,,10.92,NONE,NONE,NONE,SALARIED,NONE
12,2025-09-26,B0007242,L0007242,7.688,732.0,0.0,12309.0,2.0,9.0,0.375,1.234,114.0,20.14,MAY_PAY,BROKEN,BROKEN,BUSINESS_OWNER,MAY_PAY_FRESH
1,2024-10-31,B0002917,L0002917,2.0,682.0,0.0,5484.0,0.0,1.0,0.333,,,9.98,MAY_PAY,NONE,NONE,SALARIED,MAY_PAY_FRESH
4,2025-01-29,B0006215,L0006215,2.0,396.0,0.0,49616.0,1.0,6.0,0.0,,38.0,12.83,WILL_PAY,OPEN,NONE,SALARIED,WILL_PAY_FRESH
4,2025-01-29,B0002354,L0002354,3.643,817.0,0.0,30870.0,2.0,15.0,0.786,1.042,53.0,16.6,REFUSES,OPEN,BROKEN,SELF_EMPLOYED,REFUSES_FRESH
8,2025-05-29,B0008206,L0008206,2.0,662.0,1.0,3120.0,1.0,5.0,0.666,1.373,8.0,12.71,MAY_PAY,OPEN,OPEN,SALARIED,MAY_PAY_FRESH
11,2025-08-27,B0008716,L0008716,1.0,900.0,5.0,4415.0,1.0,10.0,1.333,1.33,36.0,16.19,MAY_PAY,KEPT,HONORED,SELF_EMPLOYED,MAY_PAY_STALE
11,2025-08-27,B0012144,L0012144,1.918,474.0,0.0,6945.99,0.0,0.0,0.0,,,10.88,NONE,NONE,NONE,SALARIED,NONE
5,2025-02-28,B0007607,L0007607,0.709,446.0,3.0,2440.0,0.0,3.0,0.097,,,17.37,NONE,NONE,NONE,SALARIED,NONE
10,2025-07-28,B0009534,L0009534,4.0,657.0,0.0,38404.0,0.0,16.0,0.333,,16.0,22.41,WILL_PAY,NONE,NONE,SELF_EMPLOYED,WILL_PAY_FRESH
1,2024-10-31,B0004584,L0004584,4.35,330.0,3.0,22770.0,0.0,3.0,0.217,,,13.6,NONE,NONE,NONE,SELF_EMPLOYED,NONE
7,2025-04-29,B0007708,L0007708,2.0,685.0,0.0,4968.0,2.0,3.0,0.333,,22.0,14.55,WILL_PAY,OPEN,NONE,SALARIED,WILL_PAY_FRESH
6,2025-03-30,B0006678,L0006678,3.493,533.0,0.0,24388.57,2.0,12.0,0.726,,,19.12,REFUSES,OPEN,NONE,SELF_EMPLOYED,REFUSES_FRESH
13,2025-10-26,B0010460,L0010460,4.0,609.0,2.0,24140.0,2.0,13.0,0.0,,7.0,14.61,NO_COMMITMENT,OPEN,NONE,SALARIED,NO_COMMITMENT_FRESH
8,2025-05-29,B0009329,L0009329,2.0,391.0,1.0,2186.0,1.0,2.0,0.0,,,16.22,MAY_PAY,NONE,NONE,BUSINESS_OWNER,MAY_PAY_FRESH
9,2025-06-28,B0008401,L0008401,2.0,577.0,1.0,7756.0,0.0,6.0,0.667,,,17.58,REFUSES,BROKEN,NONE,SALARIED,REFUSES_STALE
13,2025-10-26,B0011688,L0011688,4.803,392.0,3.0,28683.67,2.0,11.0,0.0,,15.0,18.55,REFUSES,NONE,NONE,SELF_EMPLOYED,REFUSES_STALE
11,2025-08-27,B0008856,L0008856,1.0,683.0,0.0,7784.0,2.0,7.0,0.667,,,9.78,WILL_PAY,BROKEN,NONE,SALARIED,WILL_PAY_FRESH
0,2024-10-01,B0002822,L0002822,10.0,419.0,0.0,115030.0,0.0,0.0,0.0,,,15.61,NONE,NONE,NONE,SELF_EMPLOYED,NONE
10,2025-07-28,B0007931,L0007931,4.0,663.0,0.0,65416.0,2.0,11.0,0.0,0.87,8.0,17.55,DISPUTE,KEPT,OPEN,SALARIED,DISPUTE_FRESH
5,2025-02-28,B0006921,L0006921,2.0,346.0,0.0,2526.0,2.0,5.0,0.0,,31.0,19.22,REFUSES,BROKEN,NONE,SELF_EMPLOYED,REFUSES_FRESH
6,2025-03-30,B0002679,L0002679,3.0,618.0,0.0,22674.0,2.0,7.0,0.0,0.926,15.0,13.63,WILL_PAY,OPEN,HONORED,SALARIED,WILL_PAY_FRESH
2,2024-11-30,B0003431,L0003431,3.548,553.0,5.0,5375.0,0.0,7.0,0.817,1.293,12.0,19.58,WILL_PAY,NONE,HONORED,SELF_EMPLOYED,WILL_PAY_STALE
4,2025-01-29,B0005924,L0005924,5.0,760.0,5.0,62655.0,0.0,11.0,0.0,,,19.24,REFUSES,BROKEN,NONE,SALARIED,REFUSES_STALE
9,2025-06-28,B0007703,L0007703,7.0,339.0,3.0,66549.0,1.0,16.0,0.0,,109.0,23.79,REFUSES,BROKEN,NONE,SELF_EMPLOYED,REFUSES_STALE
5,2025-02-28,B0003113,L0003113,2.0,337.0,0.0,13770.0,1.0,6.0,1.0,0.743,84.0,19.71,MAY_PAY,OPEN,HONORED,SALARIED,MAY_PAY_FRESH
0,2024-10-01,B0002826,L0002826,3.0,843.0,0.0,42150.0,0.0,0.0,0.0,,,16.34,NONE,NONE,NONE,SELF_EMPLOYED,NONE
10,2025-07-28,B0008146,L0008146,4.0,346.0,3.0,19168.0,1.0,10.0,0.0,,12.0,11.18,MAY_PAY,BROKEN,NONE,SALARIED,MAY_PAY_STALE
1,2024-10-31,B0003356,L0003356,3.154,405.0,3.0,19416.14,0.0,6.0,0.0,,7.0,15.81,REFUSES,NONE,NONE,SELF_EMPLOYED,REFUSES_FRESH
9,2025-06-28,B0010817,L0010817,2.0,872.0,0.0,9870.0,0.0,0.0,0.0,,,10.89,NONE,NONE,NONE,SALARIED,NONE
6,2025-03-30,B0002332,L0002332,5.709,802.0,11.0,29382.0,1.0,13.0,0.097,,70.0,11.32,MAY_PAY,BROKEN,NONE,SALARIED,MAY_PAY_STALE
6,2025-03-30,B0004765,L0004765,4.0,781.0,0.0,21752.0,1.0,16.0,0.0,0.86,8.0,14.94,WILL_PAY,NONE,HONORED,BUSINESS_OWNER,WILL_PAY_FRESH
0,2024-10-01,B0001232,L0001232,3.192,342.0,0.0,17414.12,0.0,0.0,0.0,,,15.62,NONE,NONE,NONE,SELF_EMPLOYED,NONE
1,2024-10-31,B0002435,L0002435,3.0,478.0,3.0,9495.0,1.0,6.0,0.0,,,9.07,REFUSES,NONE,NONE,BUSINESS_OWNER,REFUSES_FRESH
0,2024-10-01,B0001472,L0001472,2.0,715.0,0.0,4158.0,0.0,0.0,0.0,,,12.66,NONE,NONE,NONE,SALARIED,NONE
11,2025-08-27,B0011659,L0011659,3.0,620.0,1.0,9117.0,2.0,6.0,0.0,,24.0,14.2,NO_COMMITMENT,OPEN,NONE,SALARIED,NO_COMMITMENT_FRESH
4,2025-01-29,B0003525,L0003525,6.821,360.0,7.0,23765.35,1.0,13.0,0.333,,5.0,15.97,REFUSES,NONE,NONE,SALARIED,REFUSES_FRESH
13,2025-10-26,B0013062,L0013062,1.899,708.0,0.0,5848.38,0.0,0.0,0.0,,,19.18,NONE,NONE,NONE,SALARIED,NONE
9,2025-06-28,B0006481,L0006481,3.52,616.0,0.0,139070.0,5.0,12.0,0.101,0.3,3.0,11.04,WILL_PAY,OPEN,OPEN,SELF_EMPLOYED,WILL_PAY_FRESH
8,2025-05-29,B0007864,L0007864,3.0,394.0,1.0,9063.0,1.0,8.0,0.333,,,22.09,REFUSES,NONE,NONE,SELF_EMPLOYED,REFUSES_FRESH
8,2025-05-29,B0008452,L0008452,2.0,761.0,1.0,2396.0,1.0,5.0,0.333,,84.0,17.71,REFUSES,NONE,NONE,BUSINESS_OWNER,REFUSES_FRESH
0,2024-10-01,B0004503,L0004503,6.0,677.0,0.0,84414.0,0.0,0.0,0.0,,,15.77,NONE,NONE,NONE,SELF_EMPLOYED,NONE
6,2025-03-30,B0006640,L0006640,0.268,319.0,0.0,3264.0,2.0,3.0,0.911,,,11.77,WILL_PAY,KEPT,NONE,SELF_EMPLOYED,WILL_PAY_FRESH
5,2025-02-28,B0003347,L0003347,1.307,682.0,0.0,5562.0,1.0,6.0,0.564,,12.0,13.55,MAY_PAY,BROKEN,NONE,SALARIED,MAY_PAY_FRESH
10,2025-07-28,B0010510,L0010510,3.348,651.0,0.0,33595.26,1.0,9.0,0.0,,,8.0,WILL_PAY,NONE,NONE,SALARIED,WILL_PAY_FRESH
2,2024-11-30,B0000872,L0000872,3.0,589.0,1.0,18546.0,3.0,9.0,0.0,,40.0,15.53,MAY_PAY,OPEN,NONE,SALARIED,MAY_PAY_FRESH
3,2024-12-30,B0003704,L0003704,6.407,549.0,5.0,15461.11,0.0,12.0,0.0,,32.0,8.0,NO_COMMITMENT,BROKEN,NONE,SALARIED,NO_COMMITMENT_STALE
9,2025-06-28,B0008479,L0008479,4.296,329.0,6.0,32539.6,0.0,15.0,0.465,1.291,2.0,14.5,REFUSES,NONE,RESCHEDULED,SALARIED,REFUSES_FRESH
0,2024-10-01,B0002998,L0002998,3.0,663.0,0.0,31173.0,0.0,0.0,0.0,,,10.87,NONE,NONE,NONE,SALARIED,NONE
1,2024-10-31,B0003057,L0003057,1.0,806.0,0.0,2835.0,0.0,3.0,0.0,,24.0,16.63,HARDSHIP,NONE,NONE,SELF_EMPLOYED,HARDSHIP_FRESH
8,2025-05-29,B0006360,L0006360,5.501,334.0,0.0,11014.0,0.0,19.0,0.4,,61.0,15.92,NO_COMMITMENT,BROKEN,NONE,SELF_EMPLOYED,NO_COMMITMENT_FRESH
6,2025-03-30,B0007060,L0007060,1.0,771.0,0.0,2770.0,2.0,6.0,0.667,,,13.27,NO_COMMITMENT,NONE,NONE,BUSINESS_OWNER,NO_COMMITMENT_FRESH
3,2024-12-30,B0004940,L0004940,1.464,683.0,0.0,9006.0,2.0,13.0,0.512,0.621,10.0,21.14,WILL_PAY,OPEN,OPEN,SELF_EMPLOYED,WILL_PAY_FRESH
11,2025-08-27,B0011585,L0011585,1.0,665.0,0.0,5831.0,0.0,1.0,0.0,,,16.08,WILL_PAY,NONE,NONE,SALARIED,WILL_PAY_FRESH
0,2024-10-01,B0002595,L0002595,0.972,770.0,0.0,13554.62,0.0,0.0,0.0,,,18.8,NONE,NONE,NONE,SALARIED,NONE
3,2024-12-30,B0000783,L0000783,2.0,745.0,1.0,22606.0,1.0,18.0,0.333,,,19.32,REFUSES,NONE,NONE,BUSINESS_OWNER,REFUSES_FRESH
7,2025-04-29,B0000917,L0000917,4.245,724.0,0.0,23620.0,4.0,15.0,0.0,1.056,73.0,13.91,WILL_PAY,BROKEN,BROKEN,SALARIED,WILL_PAY_FRESH
12,2025-09-26,B0011222,L0011222,2.35,580.0,5.0,10492.0,0.0,6.0,0.217,,8.0,14.87,REFUSES,NONE,NONE,SELF_EMPLOYED,REFUSES_STALE
10,2025-07-28,B0008430,L0008430,2.0,624.0,4.0,7056.0,2.0,10.0,0.667,,,8.0,MAY_PAY,NONE,NONE,SALARIED,MAY_PAY_STALE
1,2024-10-31,B0000158,L0000158,4.0,379.0,0.0,21572.0,3.0,5.0,0.0,1.082,10.0,19.89,WILL_PAY,OPEN,OPEN,BUSINESS_OWNER,WILL_PAY_FRESH
10,2025-07-28,B0010876,L0010876,1.0,774.0,0.0,18060.0,1.0,1.0,0.0,,,18.97,WILL_PAY,NONE,NONE,BUSINESS_OWNER,WILL_PAY_FRESH
10,2025-07-28,B0008280,L0008280,3.0,350.0,0.0,33534.0,3.0,12.0,0.333,0.802,24.0,16.32,REFUSES,OPEN,BROKEN,SALARIED,REFUSES_FRESH
7,2025-04-29,B0008087,L0008087,1.0,869.0,0.0,12039.0,0.0,5.0,0.333,,,21.54,WILL_PAY,NONE,NONE,SALARIED,WILL_PAY_FRESH
4,2025-01-29,B0005017,L0005017,3.0,728.0,0.0,11481.0,1.0,12.0,0.0,,,16.22,MAY_PAY,OPEN,NONE,BUSINESS_OWNER,MAY_PAY_FRESH
4,2025-01-29,B0000108,L0000108,1.0,465.0,0.0,8269.0,3.0,13.0,1.0,,,18.4,WILL_PAY,KEPT,NONE,SELF_EMPLOYED,WILL_PAY_FRESH
7,2025-04-29,B0000685,L0000685,6.745,375.0,13.0,64472.0,1.0,22.0,0.0,1.088,21.0,16.65,REFUSES,NONE,HONORED,SALARIED,REFUSES_STALE
6,2025-03-30,B0005218,L0005218,3.184,388.0,0.0,38224.0,2.0,13.0,0.905,0.982,39.0,8.0,WILL_PAY,OPEN,BROKEN,SELF_EMPLOYED,WILL_PAY_FRESH
9,2025-06-28,B0005240,L0005240,2.318,780.0,0.0,9780.0,2.0,17.0,0.561,1.078,19.0,13.98,MAY_PAY,BROKEN,BROKEN,SALARIED,MAY_PAY_FRESH
13,2025-10-26,B0011492,L0011492,4.0,328.0,0.0,10556.0,1.0,11.0,0.0,,,15.12,HARDSHIP,OPEN,NONE,SALARIED,HARDSHIP_FRESH
9,2025-06-28,B0001385,L0001385,5.462,784.0,3.0,5751.3,2.0,12.0,0.222,1.239,18.0,15.91,HARDSHIP,BROKEN,BROKEN,SALARIED,HARDSHIP_STALE
5,2025-02-28,B0005541,L0005541,1.064,505.0,3.0,10800.0,3.0,8.0,0.979,0.948,30.0,9.08,NO_COMMITMENT,KEPT,HONORED,SALARIED,NO_COMMITMENT_STALE
10,2025-07-28,B0010296,L0010296,2.0,372.0,0.0,34096.0,1.0,4.0,0.0,,,20.12,WILL_PAY,OPEN,NONE,SALARIED,WILL_PAY_FRESH
0,2024-10-01,B0001517,L0001517,2.826,720.0,0.0,5024.66,0.0,0.0,0.0,,,24.59,NONE,NONE,NONE,BUSINESS_OWNER,NONE
9,2025-06-28,B0010948,L0010948,1.0,352.0,0.0,1587.0,0.0,0.0,0.0,,,8.0,NONE,NONE,NONE,SALARIED,NONE
13,2025-10-26,B0007414,L0007414,6.0,812.0,0.0,32442.0,1.0,10.0,0.0,0.981,101.0,15.91,MAY_PAY,OPEN,BROKEN,BUSINESS_OWNER,MAY_PAY_FRESH
13,2025-10-26,B0011909,L0011909,3.0,612.0,2.0,12795.0,0.0,8.0,0.333,1.278,19.0,17.32,NO_COMMITMENT,NONE,BROKEN,BUSINESS_OWNER,NO_COMMITMENT_STALE
1,2024-10-31,B0001965,L0001965,3.0,753.0,0.0,136269.0,1.0,3.0,0.0,,,9.51,WILL_PAY,OPEN,NONE,SELF_EMPLOYED,WILL_PAY_FRESH
11,2025-08-27,B0008924,L0008924,0.989,685.0,1.0,8664.0,2.0,7.0,1.0,0.5,40.0,8.41,HARDSHIP,BROKEN,HONORED,SALARIED,HARDSHIP_STALE
13,2025-10-26,B0012022,L0012022,1.0,515.0,2.0,8680.0,0.0,2.0,0.333,,,8.0,NONE,NONE,NONE,SALARIED,NONE
6,2025-03-30,B0007836,L0007836,3.0,303.0,0.0,7992.0,0.0,4.0,0.0,,40.0,18.41,NO_COMMITMENT,OPEN,NONE,SELF_EMPLOYED,NO_COMMITMENT_FRESH
13,2025-10-26,B0010933,L0010933,3.696,558.0,1.0,58344.0,4.0,12.0,0.101,,13.0,14.44,MAY_PAY,BROKEN,NONE,SALARIED,MAY_PAY_FRESH
3,2024-12-30,B0004688,L0004688,4.0,596.0,0.0,46112.0,0.0,10.0,0.0,0.823,14.0,20.28,REFUSES,BROKEN,RESCHEDULED,SALARIED,REFUSES_FRESH
13,2025-10-26,B0013295,L0013295,0.888,846.0,0.0,9410.54,0.0,0.0,0.0,,,9.23,NONE,NONE,NONE,SALARIED,NONE
2,2024-11-30,B0005849,L0005849,0.0,622.0,0.0,0.0,0.0,2.0,0.663,,,13.82,MAY_PAY,NONE,NONE,SELF_EMPLOYED,MAY_PAY_FRESH
6,2025-03-30,B0001083,L0001083,1.0,661.0,0.0,4764.0,2.0,5.0,1.163,0.931,101.0,12.57,HARDSHIP,BROKEN,HONORED,SALARIED,HARDSHIP_FRESH
11,2025-08-27,B0010226,L0010226,4.852,688.0,1.0,52540.0,5.0,17.0,0.049,,,11.58,REFUSES,BROKEN,NONE,BUSINESS_OWNER,REFUSES_FRESH
1,2024-10-31,B0002646,L0002646,4.918,647.0,0.0,192700.9,0.0,7.0,0.0,,,11.16,HARDSHIP,BROKEN,NONE,SALARIED,HARDSHIP_FRESH
2,2024-11-30,B0005336,L0005336,2.723,556.0,0.0,21041.02,2.0,3.0,0.0,,,14.59,DISPUTE,NONE,NONE,SALARIED,DISPUTE_FRESH
11,2025-08-27,B0004646,L0004646,5.0,432.0,2.0,8280.0,2.0,13.0,0.0,,54.0,11.82,MAY_PAY,BROKEN,HONORED,SALARIED,MAY_PAY_STALE
4,2025-01-29,B0001912,L0001912,5.558,531.0,0.0,8792.0,1.0,11.0,0.147,1.154,37.0,8.0,NO_COMMITMENT,OPEN,BROKEN,BUSINESS_OWNER,NO_COMMITMENT_FRESH
4,2025-01-29,B0007010,L0007010,1.0,814.0,0.0,11250.0,0.0,3.0,0.0,,,22.14,MAY_PAY,OPEN,NONE,SALARIED,MAY_PAY_FRESH
5,2025-02-28,B0006970,L0006970,2.0,630.0,1.0,3604.0,3.0,5.0,0.0,,7.0,13.11,WILL_PAY,BROKEN,NONE,BUSINESS_OWNER,WILL_PAY_FRESH
5,2025-02-28,B0006159,L0006159,3.0,570.0,2.0,14565.0,0.0,5.0,0.0,,14.0,15.54,REFUSES,BROKEN,NONE,BUSINESS_OWNER,REFUSES_STALE
4,2025-01-29,B0002985,L0002985,5.0,394.0,7.0,10695.0,2.0,14.0,0.0,,62.0,16.49,REFUSES,BROKEN,NONE,SALARIED,REFUSES_STALE
11,2025-08-27,B0009560,L0009560,3.694,389.0,0.0,49524.0,0.0,10.0,0.102,,46.0,20.97,REFUSES,BROKEN,NONE,SALARIED,REFUSES_FRESH
13,2025-10-26,B0007441,L0007441,7.541,373.0,3.0,53222.0,2.0,12.0,0.0,,105.0,12.41,NO_COMMITMENT,BROKEN,NONE,BUSINESS_OWNER,NO_COMMITMENT_STALE
4,2025-01-29,B0007352,L0007352,1.0,775.0,0.0,8656.0,0.0,0.0,0.0,,,17.94,NONE,NONE,NONE,SALARIED,NONE
12,2025-09-26,B0010983,L0010983,1.0,768.0,0.0,8956.0,2.0,5.0,0.667,0.0,60.0,12.17,WILL_PAY,NONE,HONORED,SALARIED,WILL_PAY_FRESH
4,2025-01-29,B0001546,L0001546,1.6,684.0,0.0,23996.0,5.0,10.0,0.8,1.007,1.0,14.12,WILL_PAY,OPEN,OPEN,SALARIED,WILL_PAY_FRESH
13,2025-10-26,B0004358,L0004358,3.034,641.0,0.0,3972.0,4.0,14.0,0.667,1.269,8.0,20.49,MAY_PAY,KEPT,OPEN,SALARIED,MAY_PAY_FRESH
7,2025-04-29,B0003609,L0003609,5.162,855.0,1.0,82544.0,2.0,11.0,0.0,,108.0,9.88,MAY_PAY,OPEN,NONE,SELF_EMPLOYED,MAY_PAY_FRESH
12,2025-09-26,B0012525,L0012525,2.0,851.0,0.0,16486.0,0.0,0.0,0.0,,,12.33,NONE,NONE,NONE,BUSINESS_OWNER,NONE
5,2025-02-28,B0007565,L0007565,0.441,476.0,0.0,708.0,1.0,2.0,0.853,,,18.44,REFUSES,KEPT,NONE,SELF_EMPLOYED,REFUSES_FRESH
2,2024-11-30,B0002752,L0002752,1.0,670.0,0.0,6567.0,0.0,1.0,0.333,,,17.63,NO_COMMITMENT,NONE,NONE,SALARIED,NO_COMMITMENT_FRESH
7,2025-04-29,B0002227,L0002227,1.0,581.0,0.0,4623.0,1.0,12.0,1.333,,56.0,11.11,NO_COMMITMENT,OPEN,NONE,SALARIED,NO_COMMITMENT_FRESH
7,2025-04-29,B0009129,L0009129,1.0,617.0,0.0,4416.0,1.0,2.0,0.0,,,18.68,NO_COMMITMENT,OPEN,NONE,BUSINESS_OWNER,NO_COMMITMENT_FRESH
1,2024-10-31,B0002743,L0002743,1.112,409.0,0.0,1817.78,0.0,6.0,0.408,,,25.24,REFUSES,NONE,NONE,SELF_EMPLOYED,REFUSES_FRESH
9,2025-06-28,B0010135,L0010135,3.0,354.0,6.0,18867.0,0.0,6.0,0.0,,23.0,17.57,REFUSES,NONE,NONE,SALARIED,REFUSES_STALE
4,2025-01-29,B0002821,L0002821,0.977,827.0,4.0,4265.0,4.0,13.0,1.5,0.795,44.0,9.64,WILL_PAY,BROKEN,BROKEN,SELF_EMPLOYED,WILL_PAY_STALE
13,2025-10-26,B0012944,L0012944,0.865,355.0,0.0,7470.26,0.0,0.0,0.0,,,8.0,NONE,NONE,NONE,SALARIED,NONE
5,2025-02-28,B0008390,L0008390,1.0,516.0,0.0,2682.0,0.0,0.0,0.0,,,17.56,NONE,NONE,NONE,SALARIED,NONE
6,2025-03-30,B0006735,L0006735,2.378,342.0,0.0,5572.0,3.0,12.0,0.874,,40.0,16.7,WILL_PAY,KEPT,NONE,SELF_EMPLOYED,WILL_PAY_FRESH
4,2025-01-29,B0000187,L0000187,2.0,625.0,0.0,12072.0,3.0,11.0,0.531,1.157,113.0,15.39,WILL_PAY,OPEN,HONORED,SALARIED,WILL_PAY_FRESH
11,2025-08-27,B0007785,L0007785,2.653,582.0,0.0,3829.0,4.0,9.0,0.449,,34.0,16.09,WILL_PAY,BROKEN,NONE,SELF_EMPLOYED,WILL_PAY_FRESH
1,2024-10-31,B0004071,L0004071,4.0,875.0,0.0,28488.0,1.0,5.0,0.0,,,21.01,HARDSHIP,OPEN,NONE,SALARIED,HARDSHIP_FRESH
12,2025-09-26,B0011778,L0011778,1.0,509.0,0.0,1918.0,0.0,3.0,0.0,,,8.72,HARDSHIP,NONE,NONE,SALARIED,HARDSHIP_FRESH
8,2025-05-29,B0008842,L0008842,1.468,766.0,0.0,19322.0,4.0,5.0,0.177,,,8.0,WILL_PAY,OPEN,NONE,SALARIED,WILL_PAY_FRESH
12,2025-09-26,B0009800,L0009800,3.649,452.0,0.0,24948.0,4.0,14.0,0.117,,67.0,16.9,WILL_PAY,OPEN,NONE,SALARIED,WILL_PAY_FRESH
9,2025-06-28,B0009506,L0009506,3.0,374.0,1.0,27447.0,0.0,6.0,0.333,1.234,9.0,13.8,REFUSES,NONE,OPEN,SELF_EMPLOYED,REFUSES_FRESH
9,2025-06-28,B0008953,L0008953,3.635,826.0,0.0,39824.0,2.0,12.0,0.122,0.71,9.0,27.79,MAY_PAY,OPEN,OPEN,SELF_EMPLOYED,MAY_PAY_FRESH
9,2025-06-28,B0000629,L0000629,2.786,522.0,3.0,10411.0,1.0,11.0,0.333,,28.0,12.32,WILL_PAY,KEPT,HONORED,SELF_EMPLOYED,WILL_PAY_FRESH
4,2025-01-29,B0006862,L0006862,0.0,462.0,1.0,0.0,0.0,1.0,0.449,,,8.0,NONE,NONE,NONE,SALARIED,NONE
8,2025-05-29,B0005333,L0005333,3.0,734.0,0.0,16557.0,1.0,6.0,0.333,,,15.99,WILL_PAY,OPEN,NONE,SALARIED,WILL_PAY_FRESH
2,2024-11-30,B0002171,L0002171,5.0,570.0,0.0,8835.0,3.0,5.0,0.0,,,22.45,WILL_PAY,OPEN,NONE,SELF_EMPLOYED,WILL_PAY_FRESH
8,2025-05-29,B0003460,L0003460,8.0,331.0,0.0,38080.0,0.0,13.0,0.0,0.807,22.0,13.44,REFUSES,BROKEN,BROKEN,SELF_EMPLOYED,REFUSES_FRESH
8,2025-05-29,B0006783,L0006783,3.0,700.0,0.0,9780.0,2.0,5.0,0.667,,2.0,15.63,WILL_PAY,OPEN,NONE,SELF_EMPLOYED,WILL_PAY_FRESH
9,2025-06-28,B0008741,L0008741,3.651,592.0,13.0,10456.0,2.0,17.0,0.45,1.025,26.0,11.88,NO_COMMITMENT,NONE,BROKEN,SALARIED,NO_COMMITMENT_STALE
11,2025-08-27,B0010125,L0010125,1.643,331.0,0.0,15981.0,4.0,10.0,0.452,1.256,25.0,20.01,DISPUTE,KEPT,HONORED,SELF_EMPLOYED,DISPUTE_FRESH
12,2025-09-26,B0010036,L0010036,3.0,744.0,0.0,69765.0,3.0,10.0,0.333,1.0,10.0,23.15,WILL_PAY,OPEN,BROKEN,SALARIED,WILL_PAY_FRESH
1,2024-10-31,B0004563,L0004563,7.0,853.0,0.0,30030.0,0.0,4.0,0.0,,13.0,15.33,NO_COMMITMENT,NONE,NONE,SALARIED,NO_COMMITMENT_FRESH
0,2024-10-01,B0001911,L0001911,3.0,319.0,0.0,9798.0,0.0,0.0,0.0,,,18.6,NONE,NONE,NONE,SELF_EMPLOYED,NONE
4,2025-01-29,B0007269,L0007269,1.0,494.0,0.0,2814.0,0.0,1.0,0.0,,,11.48,NO_COMMITMENT,NONE,NONE,BUSINESS_OWNER,NO_COMMITMENT_FRESH
5,2025-02-28,B0005343,L0005343,3.0,460.0,5.0,22542.0,0.0,11.0,0.333,,40.0,14.55,NO_COMMITMENT,NONE,NONE,SALARIED,NO_COMMITMENT_STALE
4,2025-01-29,B0005029,L0005029,2.0,701.0,3.0,9810.0,0.0,7.0,0.5,,,18.36,REFUSES,KEPT,NONE,SALARIED,REFUSES_FRESH
8,2025-05-29,B0009948,L0009948,2.0,773.0,3.0,22542.0,1.0,4.0,0.0,,,19.74,REFUSES,NONE,NONE,SELF_EMPLOYED,REFUSES_STALE
9,2025-06-28,B0009865,L0009865,0.812,832.0,3.0,12255.0,1.0,7.0,0.729,,,15.93,WILL_PAY,KEPT,NONE,SALARIED,WILL_PAY_STALE
7,2025-04-29,B0000677,L0000677,1.0,593.0,3.0,2510.0,2.0,6.0,1.255,,18.0,14.53,REFUSES,BROKEN,NONE,SELF_EMPLOYED,REFUSES_STALE
3,2024-12-30,B0003683,L0003683,1.0,647.0,0.0,4572.0,1.0,13.0,0.667,1.159,35.0,11.28,NO_COMMITMENT,KEPT,HONORED,SALARIED,NO_COMMITMENT_FRESH
9,2025-06-28,B0005422,L0005422,6.571,752.0,0.0,168543.0,0.0,12.0,0.0,0.925,40.0,24.9,HARDSHIP,BROKEN,BROKEN,SALARIED,HARDSHIP_FRESH
8,2025-05-29,B0009719,L0009719,1.0,529.0,0.0,2038.0,0.0,2.0,0.0,,,15.17,MAY_PAY,NONE,NONE,SALARIED,MAY_PAY_FRESH
6,2025-03-30,B0006791,L0006791,4.0,381.0,3.0,10644.0,3.0,11.0,0.333,1.299,32.0,8.0,NO_COMMITMENT,BROKEN,BROKEN,SALARIED,NO_COMMITMENT_STALE
3,2024-12-30,B0000531,L0000531,4.0,401.0,4.0,9732.0,1.0,9.0,0.333,0.825,10.0,14.68,WILL_PAY,BROKEN,BROKEN,SALARIED,WILL_PAY_STALE
12,2025-09-26,B0007412,L0007412,5.224,528.0,9.0,13468.0,2.0,13.0,0.259,,28.0,14.2,REFUSES,BROKEN,NONE,SALARIED,REFUSES_STALE
10,2025-07-28,B0005653,L0005653,6.0,770.0,0.0,42726.0,1.0,6.0,0.333,0.514,35.0,17.02,HARDSHIP,BROKEN,BROKEN,SALARIED,HARDSHIP_FRESH
7,2025-04-29,B0004400,L0004400,7.9,479.0,23.0,85498.0,0.0,18.0,0.0,,152.0,16.65,REFUSES,NONE,NONE,SELF_EMPLOYED,REFUSES_STALE
10,2025-07-28,B0010139,L0010139,2.092,564.0,0.0,2303.0,0.0,9.0,0.303,,6.0,16.72,MAY_PAY,NONE,NONE,SALARIED,MAY_PAY_FRESH
12,2025-09-26,B0008373,L0008373,2.024,789.0,0.0,6640.0,2.0,8.0,0.659,1.305,11.0,17.78,REFUSES,OPEN,HONORED,SALARIED,REFUSES_FRESH
13,2025-10-26,B0010975,L0010975,2.39,534.0,3.0,12936.0,0.0,9.0,0.537,,,9.4,REFUSES,BROKEN,NONE,SALARIED,REFUSES_FRESH
0,2024-10-01,B0001086,L0001086,0.746,711.0,0.0,11183.21,0.0,0.0,0.0,,,17.09,NONE,NONE,NONE,BUSINESS_OWNER,NONE
10,2025-07-28,B0009205,L0009205,1.0,833.0,0.0,9310.0,3.0,9.0,1.197,0.799,61.0,12.39,WILL_PAY,OPEN,HONORED,SALARIED,WILL_PAY_FRESH
12,2025-09-26,B0012299,L0012299,1.0,780.0,0.0,19872.0,0.0,2.0,0.667,,21.0,12.86,REFUSES,OPEN,NONE,BUSINESS_OWNER,REFUSES_FRESH
9,2025-06-28,B0009725,L0009725,2.0,680.0,5.0,115322.0,0.0,7.0,0.0,,,18.45,MAY_PAY,NONE,NONE,BUSINESS_OWNER,MAY_PAY_STALE
6,2025-03-30,B0006358,L0006358,4.0,395.0,0.0,69064.0,1.0,14.0,0.0,,48.0,11.35,NO_COMMITMENT,BROKEN,NONE,SALARIED,NO_COMMITMENT_FRESH
9,2025-06-28,B0008852,L0008852,4.445,736.0,0.0,59710.89,2.0,11.0,0.087,,32.0,16.51,NO_COMMITMENT,BROKEN,NONE,SELF_EMPLOYED,NO_COMMITMENT_FRESH
11,2025-08-27,B0002729,L0002729,1.986,778.0,1.0,4020.0,2.0,18.0,0.976,0.847,3.0,14.05,WILL_PAY,OPEN,OPEN,SELF_EMPLOYED,WILL_PAY_FRESH
10,2025-07-28,B0007334,L0007334,1.0,635.0,2.0,4906.0,2.0,5.0,1.333,0.0,46.0,18.3,WILL_PAY,KEPT,HONORED,SALARIED,WILL_PAY_STALE
7,2025-04-29,B0008173,L0008173,2.0,749.0,4.0,6338.0,0.0,4.0,0.0,,,19.54,NONE,NONE,NONE,SALARIED,NONE
0,2024-10-01,B0003889,L0003889,1.0,312.0,0.0,7006.0,0.0,0.0,0.0,,,9.26,NONE,NONE,NONE,SALARIED,NONE
3,2024-12-30,B0003108,L0003108,5.0,528.0,4.0,24590.0,6.0,17.0,0.333,,,17.5,MAY_PAY,BROKEN,NONE,SALARIED,MAY_PAY_STALE
1,2024-10-31,B0005377,L0005377,1.0,423.0,0.0,2351.0,0.0,0.0,0.0,,,12.17,NONE,NONE,NONE,BUSINESS_OWNER,NONE
12,2025-09-26,B0009139,L0009139,5.0,617.0,0.0,30245.0,1.0,15.0,0.333,,18.0,12.81,NO_COMMITMENT,OPEN,NONE,SALARIED,NO_COMMITMENT_FRESH
2,2024-11-30,B0002051,L0002051,11.0,567.0,0.0,69289.0,3.0,8.0,0.0,0.91,26.0,8.0,WILL_PAY,OPEN,BROKEN,SALARIED,WILL_PAY_FRESH
7,2025-04-29,B0006254,L0006254,6.0,657.0,0.0,60228.0,1.0,12.0,0.0,,14.0,15.87,REFUSES,BROKEN,NONE,SALARIED,REFUSES_FRESH
7,2025-04-29,B0003440,L0003440,2.0,604.0,0.0,14666.0,1.0,5.0,0.0,0.971,101.0,15.84,NO_COMMITMENT,BROKEN,HONORED,SALARIED,NO_COMMITMENT_FRESH
4,2025-01-29,B0005154,L0005154,3.0,528.0,0.0,16956.0,0.0,8.0,0.0,,1.0,14.58,NO_COMMITMENT,NONE,NONE,SALARIED,NO_COMMITMENT_FRESH
10,2025-07-28,B0005481,L0005481,3.0,607.0,0.0,25002.0,2.0,8.0,0.0,,101.0,16.13,MAY_PAY,BROKEN,NONE,SALARIED,MAY_PAY_FRESH
11,2025-08-27,B0011265,L0011265,1.0,384.0,0.0,2147.0,0.0,1.0,0.0,,18.0,16.07,MAY_PAY,NONE,NONE,BUSINESS_OWNER,MAY_PAY_FRESH
11,2025-08-27,B0008620,L0008620,4.546,762.0,1.0,65634.0,6.0,17.0,0.485,,12.0,13.78,WILL_PAY,BROKEN,NONE,SELF_EMPLOYED,WILL_PAY_FRESH
4,2025-01-29,B0003491,L0003491,4.785,463.0,4.0,206699.69,1.0,14.0,0.0,,2.0,15.23,REFUSES,BROKEN,NONE,BUSINESS_OWNER,REFUSES_FRESH
6,2025-03-30,B0006150,L0006150,4.0,533.0,0.0,5696.0,0.0,11.0,0.0,1.258,11.0,15.16,REFUSES,OPEN,OPEN,SELF_EMPLOYED,REFUSES_FRESH
11,2025-08-27,B0003131,L0003131,1.0,601.0,0.0,5828.0,3.0,8.0,0.667,,5.0,22.29,MAY_PAY,OPEN,NONE,SELF_EMPLOYED,MAY_PAY_FRESH
4,2025-01-29,B0002811,L0002811,4.0,366.0,0.0,18768.0,2.0,14.0,0.0,0.834,6.0,12.13,REFUSES,BROKEN,OPEN,SALARIED,REFUSES_FRESH
9,2025-06-28,B0001641,L0001641,1.0,692.0,0.0,2432.0,0.0,9.0,1.5,1.485,78.0,21.62,MAY_PAY,OPEN,HONORED,SELF_EMPLOYED,MAY_PAY_FRESH
3,2024-12-30,B0005794,L0005794,3.0,547.0,0.0,6324.0,1.0,11.0,0.0,,27.0,9.32,REFUSES,OPEN,NONE,BUSINESS_OWNER,REFUSES_FRESH
1,2024-10-31,B0005507,L0005507,1.0,354.0,0.0,2641.0,0.0,0.0,0.0,,,15.16,NONE,NONE,NONE,BUSINESS_OWNER,NONE
10,2025-07-28,B0005432,L0005432,2.0,564.0,3.0,6764.0,4.0,8.0,1.088,1.144,57.0,13.26,MAY_PAY,KEPT,HONORED,SALARIED,MAY_PAY_STALE
12,2025-09-26,B0012148,L0012148,1.0,353.0,0.0,11439.0,1.0,2.0,0.0,,,16.3,NO_COMMITMENT,NONE,NONE,SALARIED,NO_COMMITMENT_FRESH
13,2025-10-26,B0004076,L0004076,2.125,795.0,0.0,11112.0,3.0,7.0,0.625,1.217,22.0,15.99,MAY_PAY,BROKEN,HONORED,SELF_EMPLOYED,MAY_PAY_FRESH
9,2025-06-28,B0002059,L0002059,1.0,700.0,0.0,7203.0,1.0,2.0,1.19,,261.0,14.93,WILL_PAY,BROKEN,HONORED,SELF_EMPLOYED,WILL_PAY_FRESH
2,2024-11-30,B0002499,L0002499,6.0,489.0,3.0,27330.0,2.0,8.0,0.333,0.793,12.0,19.7,MAY_PAY,NONE,OPEN,SELF_EMPLOYED,MAY_PAY_STALE
3,2024-12-30,B0003602,L0003602,2.628,341.0,0.0,4946.0,2.0,7.0,1.124,1.208,67.0,16.7,NO_COMMITMENT,NONE,HONORED,SELF_EMPLOYED,NO_COMMITMENT_FRESH
5,2025-02-28,B0002445,L0002445,1.0,807.0,0.0,1133.0,2.0,9.0,1.5,1.518,96.0,13.74,REFUSES,BROKEN,HONORED,SALARIED,REFUSES_FRESH
11,2025-08-27,B0006419,L0006419,5.166,501.0,0.0,84212.0,4.0,12.0,0.108,0.867,2.0,8.0,WILL_PAY,BROKEN,BROKEN,SALARIED,WILL_PAY_FRESH
13,2025-10-26,B0011415,L0011415,2.581,729.0,0.0,11097.0,3.0,5.0,0.473,0.972,14.0,21.07,WILL_PAY,NONE,HONORED,BUSINESS_OWNER,WILL_PAY_FRESH
3,2024-12-30,B0001318,L0001318,5.0,412.0,3.0,13340.0,3.0,17.0,0.0,0.677,12.0,18.86,HARDSHIP,BROKEN,BROKEN,BUSINESS_OWNER,HARDSHIP_STALE
1,2024-10-31,B0004482,L0004482,7.0,490.0,4.0,13013.0,0.0,5.0,0.0,,16.0,13.95,REFUSES,NONE,NONE,SELF_EMPLOYED,REFUSES_STALE
5,2025-02-28,B0007774,L0007774,3.0,517.0,0.0,43977.0,1.0,4.0,0.0,,,19.65,MAY_PAY,OPEN,NONE,SALARIED,MAY_PAY_FRESH
1,2024-10-31,B0004853,L0004853,1.405,715.0,0.0,8030.0,0.0,2.0,0.532,1.596,3.0,16.69,MAY_PAY,NONE,HONORED,BUSINESS_OWNER,MAY_PAY_FRESH
0,2024-10-01,B0004298,L0004298,2.0,440.0,0.0,16514.0,0.0,0.0,0.0,,,15.78,NONE,NONE,NONE,SELF_EMPLOYED,NONE
5,2025-02-28,B0004492,L0004492,1.0,785.0,0.0,2666.0,1.0,2.0,1.5,1.086,86.0,16.8,WILL_PAY,KEPT,HONORED,SALARIED,WILL_PAY_FRESH
10,2025-07-28,B0001837,L0001837,3.462,425.0,0.0,50676.99,2.0,16.0,0.986,0.666,2.0,17.36,MAY_PAY,BROKEN,HONORED,SALARIED,MAY_PAY_FRESH
12,2025-09-26,B0009324,L0009324,1.0,806.0,0.0,7975.0,0.0,2.0,1.0,,53.0,8.94,MAY_PAY,OPEN,NONE,SELF_EMPLOYED,MAY_PAY_FRESH
4,2025-01-29,B0000007,L0000007,5.223,381.0,0.0,28692.9,1.0,12.0,0.0,1.115,29.0,12.16,MAY_PAY,OPEN,BROKEN,SALARIED,MAY_PAY_FRESH
5,2025-02-28,B0006612,L0006612,2.0,353.0,2.0,5246.0,0.0,3.0,0.0,,,11.25,REFUSES,NONE,NONE,BUSINESS_OWNER,REFUSES_STALE
2,2024-11-30,B0006518,L0006518,0.406,363.0,0.0,3201.35,0.0,0.0,0.0,,,12.4,NONE,NONE,NONE,SELF_EMPLOYED,NONE
10,2025-07-28,B0008227,L0008227,0.481,506.0,0.0,506.0,0.0,5.0,0.84,1.108,9.0,13.59,REFUSES,OPEN,HONORED,BUSINESS_OWNER,REFUSES_FRESH
12,2025-09-26,B0011590,L0011590,2.0,405.0,0.0,37184.0,0.0,1.0,0.0,,21.0,8.02,MAY_PAY,NONE,NONE,SALARIED,MAY_PAY_FRESH
10,2025-07-28,B0005760,L0005760,1.0,374.0,0.0,6357.0,1.0,5.0,0.667,0.819,54.0,10.0,NO_COMMITMENT,KEPT,HONORED,BUSINESS_OWNER,NO_COMMITMENT_FRESH
10,2025-07-28,B0009246,L0009246,2.0,543.0,0.0,7966.0,0.0,9.0,0.333,,,9.21,REFUSES,BROKEN,NONE,SELF_EMPLOYED,REFUSES_FRESH
9,2025-06-28,B0007596,L0007596,1.0,580.0,0.0,4772.0,1.0,2.0,0.667,,,14.54,NO_COMMITMENT,OPEN,NONE,BUSINESS_OWNER,NO_COMMITMENT_FRESH
9,2025-06-28,B0002587,L0002587,1.0,746.0,0.0,3993.0,3.0,10.0,1.333,1.244,43.0,18.3,MAY_PAY,KEPT,HONORED,SELF_EMPLOYED,MAY_PAY_FRESH
1,2024-10-31,B0000014,L0000014,1.825,391.0,0.0,10442.0,0.0,4.0,0.058,1.335,6.0,8.4,MAY_PAY,NONE,BROKEN,SALARIED,MAY_PAY_FRESH
1,2024-10-31,B0002050,L0002050,4.0,455.0,3.0,7972.0,0.0,3.0,0.0,,21.0,24.93,REFUSES,NONE,NONE,SALARIED,REFUSES_STALE
6,2025-03-30,B0008230,L0008230,2.434,603.0,0.0,1827.83,1.0,6.0,0.0,,13.0,11.11,REFUSES,NONE,NONE,SALARIED,REFUSES_FRESH
1,2024-10-31,B0003934,L0003934,2.776,722.0,4.0,22916.0,1.0,5.0,0.408,,,9.5,NO_COMMITMENT,NONE,NONE,SELF_EMPLOYED,NO_COMMITMENT_STALE
6,2025-03-30,B0006523,L0006523,2.437,341.0,0.0,34603.0,0.0,5.0,0.521,,20.0,10.24,REFUSES,OPEN,NONE,SALARIED,REFUSES_FRESH
7,2025-04-29,B0007918,L0007918,3.0,532.0,0.0,30459.0,0.0,8.0,0.0,,33.0,8.0,MAY_PAY,NONE,NONE,BUSINESS_OWNER,MAY_PAY_FRESH
1,2024-10-31,B0002760,L0002760,1.0,502.0,0.0,1664.0,0.0,1.0,0.0,,,15.61,NO_COMMITMENT,NONE,NONE,SELF_EMPLOYED,NO_COMMITMENT_FRESH
5,2025-02-28,B0000307,L0000307,7.15,684.0,6.0,22716.0,0.0,16.0,0.283,0.925,6.0,18.73,REFUSES,NONE,OPEN,SELF_EMPLOYED,REFUSES_FRESH
8,2025-05-29,B0005939,L0005939,4.615,300.0,1.0,82710.0,1.0,14.0,0.128,0.584,6.0,16.52,REFUSES,BROKEN,OPEN,SELF_EMPLOYED,REFUSES_FRESH
1,2024-10-31,B0001404,L0001404,1.0,479.0,3.0,22096.0,0.0,3.0,0.0,,,22.72,NONE,NONE,NONE,BUSINESS_OWNER,NONE
11,2025-08-27,B0011301,L0011301,1.558,698.0,4.0,3528.0,2.0,8.0,0.481,0.886,5.0,11.98,MAY_PAY,NONE,OPEN,SELF_EMPLOYED,MAY_PAY_FRESH
11,2025-08-27,B0010132,L0010132,4.0,618.0,0.0,21616.0,3.0,8.0,0.0,,42.0,13.17,NO_COMMITMENT,BROKEN,NONE,BUSINESS_OWNER,NO_COMMITMENT_FRESH
8,2025-05-29,B0007186,L0007186,4.0,349.0,1.0,62200.0,1.0,13.0,0.0,,2.0,17.36,MAY_PAY,BROKEN,NONE,SALARIED,MAY_PAY_FRESH
8,2025-05-29,B0008672,L0008672,4.0,600.0,0.0,7464.0,3.0,11.0,0.0,,3.0,20.3,NO_COMMITMENT,OPEN,NONE,SALARIED,NO_COMMITMENT_FRESH
4,2025-01-29,B0005656,L0005656,2.747,636.0,1.0,5422.0,0.0,8.0,0.084,,,8.0,NO_COMMITMENT,NONE,NONE,SALARIED,NO_COMMITMENT_FRESH
0,2024-10-01,B0001039,L0001039,2.0,607.0,0.0,25592.0,0.0,0.0,0.0,,,15.74,NONE,NONE,NONE,BUSINESS_OWNER,NONE
7,2025-04-29,B0004702,L0004702,1.0,762.0,0.0,14108.0,3.0,5.0,0.998,0.709,64.0,24.12,WILL_PAY,OPEN,HONORED,SALARIED,WILL_PAY_FRESH
9,2025-06-28,B0006282,L0006282,2.0,412.0,0.0,37558.0,0.0,3.0,0.667,0.799,75.0,12.32,MAY_PAY,OPEN,HONORED,SALARIED,MAY_PAY_FRESH
9,2025-06-28,B0005091,L0005091,1.863,549.0,0.0,1220.0,4.0,16.0,1.046,1.483,13.0,19.51,MAY_PAY,KEPT,HONORED,SALARIED,MAY_PAY_FRESH
8,2025-05-29,B0006992,L0006992,4.668,522.0,0.0,7025.0,1.0,17.0,0.333,,14.0,14.07,REFUSES,BROKEN,NONE,SELF_EMPLOYED,REFUSES_FRESH
9,2025-06-28,B0007695,L0007695,1.0,398.0,0.0,17214.0,2.0,8.0,0.667,1.0,55.0,11.91,WILL_PAY,OPEN,HONORED,SALARIED,WILL_PAY_FRESH
10,2025-07-28,B0008167,L0008167,4.481,756.0,1.0,4315.0,5.0,11.0,0.0,1.093,12.0,12.84,WILL_PAY,BROKEN,BROKEN,SALARIED,WILL_PAY_FRESH
11,2025-08-27,B0000780,L0000780,7.16,679.0,6.0,34112.0,1.0,14.0,0.0,1.31,1.0,9.66,REFUSES,BROKEN,RESCHEDULED,BUSINESS_OWNER,REFUSES_FRESH
0,2024-10-01,B0003675,L0003675,2.0,534.0,0.0,28680.0,0.0,0.0,0.0,,,12.12,NONE,NONE,NONE,SELF_EMPLOYED,NONE
13,2025-10-26,B0003264,L0003264,4.25,621.0,3.0,5100.0,3.0,14.0,0.5,0.655,3.0,16.33,WILL_PAY,KEPT,BROKEN,SELF_EMPLOYED,WILL_PAY_FRESH
12,2025-09-26,B0012013,L0012013,2.0,697.0,0.0,19930.0,0.0,3.0,0.0,,,16.88,NO_COMMITMENT,NONE,NONE,SELF_EMPLOYED,NO_COMMITMENT_FRESH
5,2025-02-28,B0005563,L0005563,0.229,458.0,1.0,2590.0,0.0,3.0,0.924,,,12.2,NO_COMMITMENT,NONE,NONE,SALARIED,NO_COMMITMENT_STALE
6,2025-03-30,B0005022,L0005022,1.0,844.0,7.0,4097.0,0.0,11.0,1.12,,,9.76,MAY_PAY,KEPT,NONE,SALARIED,MAY_PAY_STALE
5,2025-02-28,B0006878,L0006878,1.0,589.0,0.0,10421.0,0.0,7.0,1.0,,,14.1,WILL_PAY,KEPT,NONE,SELF_EMPLOYED,WILL_PAY_FRESH
1,2024-10-31,B0002689,L0002689,0.0,797.0,0.0,0.0,3.0,9.0,0.83,,,14.27,WILL_PAY,OPEN,NONE,SELF_EMPLOYED,WILL_PAY_FRESH
7,2025-04-29,B0006328,L0006328,1.0,809.0,0.0,8101.0,3.0,8.0,0.638,,144.0,16.62,MAY_PAY,OPEN,NONE,SALARIED,MAY_PAY_FRESH
13,2025-10-26,B0010303,L0010303,2.0,493.0,0.0,13792.0,2.0,5.0,0.667,0.0,55.0,9.79,WILL_PAY,OPEN,HONORED,SELF_EMPLOYED,WILL_PAY_FRESH
7,2025-04-29,B0000981,L0000981,3.0,461.0,0.0,12321.0,1.0,14.0,0.667,,20.0,16.36,REFUSES,BROKEN,NONE,SALARIED,REFUSES_FRESH
5,2025-02-28,B0004508,L0004508,1.0,720.0,3.0,4058.0,0.0,3.0,1.0,,,13.34,MAY_PAY,NONE,NONE,SELF_EMPLOYED,MAY_PAY_STALE
7,2025-04-29,B0006911,L0006911,1.0,805.0,0.0,8280.0,2.0,2.0,0.667,,,13.68,WILL_PAY,BROKEN,NONE,SALARIED,WILL_PAY_FRESH
9,2025-06-28,B0008797,L0008797,1.377,691.0,0.0,3318.0,0.0,5.0,0.874,,4.0,12.35,WILL_PAY,KEPT,NONE,BUSINESS_OWNER,WILL_PAY_FRESH
3,2024-12-30,B0003188,L0003188,5.997,575.0,6.0,8977.12,1.0,16.0,0.0,,45.0,12.19,NO_COMMITMENT,BROKEN,NONE,SALARIED,NO_COMMITMENT_STALE
8,2025-05-29,B0007247,L0007247,0.0,694.0,0.0,0.0,1.0,8.0,1.329,0.284,1.0,13.94,WILL_PAY,KEPT,OPEN,SELF_EMPLOYED,WILL_PAY_FRESH
7,2025-04-29,B0005405,L0005405,3.182,376.0,3.0,3850.0,1.0,11.0,0.333,,94.0,13.14,NO_COMMITMENT,KEPT,NONE,SALARIED,NO_COMMITMENT_FRESH
5,2025-02-28,B0007304,L0007304,2.0,423.0,2.0,18842.0,1.0,3.0,0.0,,,12.07,MAY_PAY,NONE,NONE,SALARIED,MAY_PAY_STALE
8,2025-05-29,B0006389,L0006389,3.997,415.0,12.0,14750.0,0.0,13.0,0.333,1.088,97.0,15.13,DISPUTE,NONE,HONORED,SELF_EMPLOYED,DISPUTE_STALE
10,2025-07-28,B0006378,L0006378,4.658,677.0,2.0,13186.0,2.0,10.0,0.2,0.93,16.0,18.29,REFUSES,BROKEN,BROKEN,SELF_EMPLOYED,REFUSES_STALE
11,2025-08-27,B0007421,L0007421,5.0,592.0,1.0,41215.0,2.0,12.0,0.0,0.885,38.0,8.69,WILL_PAY,OPEN,RESCHEDULED,SELF_EMPLOYED,WILL_PAY_FRESH
10,2025-07-28,B0009901,L0009901,1.0,556.0,4.0,8915.0,1.0,5.0,0.667,0.0,16.0,18.91,WILL_PAY,NONE,HONORED,SALARIED,WILL_PAY_STALE
10,2025-07-28,B0003691,L0003691,3.702,631.0,4.0,12830.0,4.0,18.0,0.433,0.517,60.0,17.15,HARDSHIP,BROKEN,BROKEN,SALARIED,HARDSHIP_STALE
10,2025-07-28,B0010033,L0010033,2.0,405.0,3.0,6314.0,0.0,5.0,0.0,,,16.64,MAY_PAY,NONE,NONE,BUSINESS_OWNER,MAY_PAY_STALE
5,2025-02-28,B0003763,L0003763,3.423,532.0,16.0,7116.0,0.0,12.0,0.192,,,15.72,NONE,NONE,NONE,SALARIED,NONE
3,2024-12-30,B0006428,L0006428,1.0,430.0,3.0,5056.0,0.0,3.0,0.0,,,16.9,NONE,NONE,NONE,SELF_EMPLOYED,NONE
10,2025-07-28,B0007019,L0007019,2.0,582.0,0.0,40790.0,3.0,10.0,1.088,,112.0,16.67,WILL_PAY,BROKEN,NONE,SALARIED,WILL_PAY_FRESH
3,2024-12-30,B0003115,L0003115,2.654,841.0,0.0,15572.0,4.0,14.0,0.449,,67.0,20.28,WILL_PAY,OPEN,NONE,SELF_EMPLOYED,WILL_PAY_FRESH
6,2025-03-30,B0008020,L0008020,2.759,597.0,0.0,28604.0,1.0,2.0,0.08,,,20.88,MAY_PAY,OPEN,NONE,SALARIED,MAY_PAY_FRESH
1,2024-10-31,B0001035,L0001035,2.717,441.0,4.0,14798.04,0.0,7.0,0.214,,9.0,17.16,NO_COMMITMENT,KEPT,NONE,SALARIED,NO_COMMITMENT_STALE
7,2025-04-29,B0005244,L0005244,6.904,355.0,0.0,152805.46,2.0,16.0,0.0,,88.0,29.17,REFUSES,BROKEN,NONE,SALARIED,REFUSES_FRESH
13,2025-10-26,B0008436,L0008436,4.944,612.0,0.0,247574.0,2.0,8.0,0.352,0.45,46.0,15.98,WILL_PAY,BROKEN,BROKEN,SALARIED,WILL_PAY_FRESH
0,2024-10-01,B0000026,L0000026,2.0,823.0,0.0,44812.0,0.0,0.0,0.0,,,15.19,NONE,NONE,NONE,SALARIED,NONE
4,2025-01-29,B0005283,L0005283,3.0,694.0,3.0,15843.0,2.0,10.0,0.0,,9.0,11.14,REFUSES,BROKEN,NONE,SALARIED,REFUSES_STALE
13,2025-10-26,B0010101,L0010101,4.0,735.0,0.0,26236.0,2.0,9.0,0.0,,57.0,18.07,WILL_PAY,OPEN,NONE,BUSINESS_OWNER,WILL_PAY_FRESH
13,2025-10-26,B0012899,L0012899,1.0,720.0,3.0,4183.0,0.0,3.0,0.0,,,18.45,NONE,NONE,NONE,SELF_EMPLOYED,NONE
5,2025-02-28,B0008606,L0008606,1.501,440.0,0.0,8452.23,0.0,0.0,0.0,,,10.61,NONE,NONE,NONE,SALARIED,NONE
0,2024-10-01,B0004234,L0004234,7.393,813.0,0.0,79229.02,0.0,0.0,0.0,,,14.58,NONE,NONE,NONE,SELF_EMPLOYED,NONE
11,2025-08-27,B0008263,L0008263,1.855,661.0,0.0,5185.0,1.0,10.0,1.048,,3.0,9.15,WILL_PAY,KEPT,NONE,BUSINESS_OWNER,WILL_PAY_FRESH
11,2025-08-27,B0010888,L0010888,1.0,771.0,0.0,8825.0,0.0,7.0,0.333,,,12.44,WILL_PAY,OPEN,NONE,SELF_EMPLOYED,WILL_PAY_FRESH
11,2025-08-27,B0010073,L0010073,3.0,386.0,0.0,27612.0,0.0,11.0,0.0,,3.0,14.37,REFUSES,NONE,NONE,SELF_EMPLOYED,REFUSES_FRESH
6,2025-03-30,B0005219,L0005219,0.0,627.0,0.0,0.0,0.0,1.0,1.0,,64.0,8.0,MAY_PAY,KEPT,NONE,SALARIED,MAY_PAY_FRESH
1,2024-10-31,B0004263,L0004263,1.0,451.0,3.0,9606.0,0.0,3.0,0.0,,,10.67,NONE,NONE,NONE,SALARIED,NONE
12,2025-09-26,B0011070,L0011070,4.0,359.0,3.0,18460.0,0.0,12.0,0.0,,,12.99,NO_COMMITMENT,NONE,NONE,BUSINESS_OWNER,NO_COMMITMENT_STALE
9,2025-06-28,B0005753,L0005753,0.85,648.0,0.0,1130.0,1.0,3.0,1.0,0.425,76.0,16.63,WILL_PAY,OPEN,HONORED,SALARIED,WILL_PAY_FRESH
13,2025-10-26,B0011816,L0011816,2.0,486.0,0.0,8150.0,2.0,6.0,0.0,,19.0,10.89,WILL_PAY,OPEN,NONE,SALARIED,WILL_PAY_FRESH
13,2025-10-26,B0009837,L0009837,2.0,418.0,3.0,8966.0,1.0,6.0,1.147,1.056,6.0,11.48,REFUSES,NONE,OPEN,SELF_EMPLOYED,REFUSES_FRESH
1,2024-10-31,B0004042,L0004042,1.0,865.0,1.0,5082.0,2.0,4.0,0.333,,,20.94,DISPUTE,OPEN,NONE,SALARIED,DISPUTE_FRESH
6,2025-03-30,B0000191,L0000191,4.0,624.0,3.0,30852.0,1.0,13.0,0.0,,5.0,8.03,WILL_PAY,BROKEN,NONE,BUSINESS_OWNER,WILL_PAY_FRESH
7,2025-04-29,B0004296,L0004296,2.38,686.0,10.0,9593.0,1.0,20.0,0.873,0.891,12.0,20.05,REFUSES,KEPT,HONORED,BUSINESS_OWNER,REFUSES_STALE
3,2024-12-30,B0005653,L0005653,2.0,761.0,0.0,14242.0,0.0,4.0,0.0,,7.0,17.02,REFUSES,NONE,NONE,SALARIED,REFUSES_FRESH
10,2025-07-28,B0011252,L0011252,1.896,796.0,0.0,66334.71,0.0,0.0,0.0,,,13.26,NONE,NONE,NONE,BUSINESS_OWNER,NONE
11,2025-08-27,B0005164,L0005164,4.14,814.0,0.0,9625.0,2.0,13.0,0.287,0.974,12.0,24.33,NO_COMMITMENT,OPEN,RESCHEDULED,BUSINESS_OWNER,NO_COMMITMENT_FRESH
4,2025-01-29,B0004687,L0004687,6.0,671.0,4.0,46632.0,0.0,16.0,0.0,0.739,63.0,18.33,REFUSES,BROKEN,BROKEN,SELF_EMPLOYED,REFUSES_STALE
5,2025-02-28,B0005176,L0005176,1.0,798.0,0.0,2907.0,1.0,3.0,0.667,0.0,76.0,12.68,HARDSHIP,OPEN,HONORED,BUSINESS_OWNER,HARDSHIP_FRESH
10,2025-07-28,B0003639,L0003639,2.307,799.0,0.0,18800.0,2.0,8.0,0.564,,,12.39,WILL_PAY,OPEN,NONE,SALARIED,WILL_PAY_FRESH
12,2025-09-26,B0012920,L0012920,1.699,720.0,0.0,10749.62,0.0,0.0,0.0,,,21.85,NONE,NONE,NONE,SALARIED,NONE
6,2025-03-30,B0000035,L0000035,2.231,570.0,3.0,12192.0,2.0,16.0,0.667,0.79,35.0,19.03,MAY_PAY,OPEN,HONORED,SALARIED,MAY_PAY_FRESH
6,2025-03-30,B0008455,L0008455,2.889,440.0,1.0,8411.24,1.0,2.0,0.0,1.038,3.0,17.05,NO_COMMITMENT,OPEN,OPEN,SALARIED,NO_COMMITMENT_FRESH
2,2024-11-30,B0003759,L0003759,1.515,754.0,0.0,9366.0,0.0,2.0,0.162,,12.0,15.54,MAY_PAY,OPEN,NONE,SALARIED,MAY_PAY_FRESH
13,2025-10-26,B0012520,L0012520,1.0,838.0,0.0,15030.0,1.0,1.0,0.0,,,20.3,WILL_PAY,NONE,NONE,BUSINESS_OWNER,WILL_PAY_STALE
6,2025-03-30,B0000382,L0000382,0.0,427.0,32.0,0.0,0.0,16.0,0.0,,,16.62,NONE,NONE,NONE,SALARIED,NONE
8,2025-05-29,B0006098,L0006098,5.574,347.0,0.0,6550.0,1.0,17.0,0.333,1.474,12.0,11.83,REFUSES,BROKEN,BROKEN,SALARIED,REFUSES_FRESH
2,2024-11-30,B0003122,L0003122,0.759,600.0,6.0,3648.11,1.0,9.0,0.0,,,16.89,NO_COMMITMENT,BROKEN,NONE,SELF_EMPLOYED,NO_COMMITMENT_STALE
13,2025-10-26,B0012438,L0012438,1.0,578.0,0.0,7146.0,1.0,1.0,0.0,,,8.0,WILL_PAY,OPEN,NONE,SALARIED,WILL_PAY_FRESH
10,2025-07-28,B0010147,L0010147,1.0,364.0,0.0,1413.0,0.0,4.0,0.333,,,19.32,REFUSES,NONE,NONE,BUSINESS_OWNER,REFUSES_FRESH
3,2024-12-30,B0001058,L0001058,2.0,797.0,0.0,16054.0,0.0,6.0,1.0,,54.0,17.87,WILL_PAY,OPEN,NONE,SALARIED,WILL_PAY_FRESH
3,2024-12-30,B0004998,L0004998,1.0,370.0,0.0,7319.0,1.0,7.0,0.667,1.22,13.0,14.05,WILL_PAY,KEPT,HONORED,SALARIED,WILL_PAY_STALE
4,2025-01-29,B0005372,L0005372,3.951,347.0,3.0,28240.0,0.0,13.0,0.35,,1.0,9.54,REFUSES,NONE,NONE,SALARIED,REFUSES_FRESH
7,2025-04-29,B0001563,L0001563,1.216,843.0,0.0,11166.0,1.0,12.0,0.0,0.782,7.0,16.85,HARDSHIP,BROKEN,OPEN,SALARIED,HARDSHIP_FRESH
1,2024-10-31,B0004107,L0004107,1.0,734.0,0.0,1065.0,0.0,0.0,0.0,,,12.17,NONE,NONE,NONE,SALARIED,NONE
6,2025-03-30,B0005769,L0005769,1.0,388.0,0.0,3106.0,3.0,7.0,1.237,1.0,32.0,12.38,REFUSES,OPEN,HONORED,SALARIED,REFUSES_FRESH
6,2025-03-30,B0008266,L0008266,1.0,678.0,0.0,14382.0,0.0,2.0,0.0,,,15.91,REFUSES,OPEN,NONE,SALARIED,REFUSES_FRESH
4,2025-01-29,B0001530,L0001530,2.769,764.0,0.0,13198.0,4.0,6.0,0.41,,21.0,19.58,NO_COMMITMENT,OPEN,NONE,SELF_EMPLOYED,NO_COMMITMENT_FRESH
1,2024-10-31,B0000792,L0000792,1.0,361.0,0.0,4062.0,0.0,1.0,0.0,,1.0,13.53,REFUSES,NONE,NONE,BUSINESS_OWNER,REFUSES_FRESH
13,2025-10-26,B0009366,L0009366,5.0,491.0,3.0,240535.0,2.0,18.0,0.333,,106.0,19.38,MAY_PAY,OPEN,NONE,SELF_EMPLOYED,MAY_PAY_FRESH
11,2025-08-27,B0011313,L0011313,1.0,834.0,1.0,1505.0,0.0,1.0,0.0,,,17.17,NONE,NONE,NONE,SELF_EMPLOYED,NONE
4,2025-01-29,B0007763,L0007763,1.786,725.0,0.0,5730.01,0.0,0.0,0.0,,,21.89,NONE,NONE,NONE,SELF_EMPLOYED,NONE
5,2025-02-28,B0007735,L0007735,1.0,647.0,0.0,7847.0,0.0,2.0,0.0,,,13.65,REFUSES,NONE,NONE,SALARIED,REFUSES_FRESH
4,2025-01-29,B0001312,L0001312,3.405,369.0,0.0,40072.0,1.0,5.0,0.198,,19.0,10.92,REFUSES,NONE,NONE,SALARIED,REFUSES_FRESH
5,2025-02-28,B0002456,L0002456,7.0,667.0,0.0,58674.0,4.0,12.0,0.333,1.363,10.0,18.27,MAY_PAY,OPEN,BROKEN,SELF_EMPLOYED,MAY_PAY_FRESH
1,2024-10-31,B0000817,L0000817,1.0,343.0,1.0,3595.0,0.0,1.0,0.0,,,14.23,NONE,NONE,NONE,SALARIED,NONE
2,2024-11-30,B0000169,L0000169,1.576,494.0,0.0,26368.0,1.0,3.0,0.141,,9.0,8.0,MAY_PAY,OPEN,NONE,BUSINESS_OWNER,MAY_PAY_FRESH
6,2025-03-30,B0007051,L0007051,3.0,542.0,0.0,31290.0,1.0,10.0,0.0,,11.0,24.54,NO_COMMITMENT,BROKEN,NONE,SELF_EMPLOYED,NO_COMMITMENT_FRESH
8,2025-05-29,B0005967,L0005967,2.0,725.0,0.0,20152.0,2.0,10.0,1.5,1.175,61.0,17.4,NO_COMMITMENT,OPEN,HONORED,SALARIED,NO_COMMITMENT_FRESH
12,2025-09-26,B0012241,L0012241,1.0,650.0,0.0,11802.0,0.0,0.0,0.0,,,8.47,NONE,NONE,NONE,SELF_EMPLOYED,NONE
3,2024-12-30,B0001969,L0001969,5.744,396.0,5.0,45426.4,0.0,21.0,0.0,,10.0,13.21,REFUSES,NONE,NONE,SALARIED,REFUSES_STALE
13,2025-10-26,B0011055,L0011055,1.0,485.0,0.0,10628.0,1.0,4.0,1.0,1.059,42.0,15.09,NO_COMMITMENT,BROKEN,HONORED,SALARIED,NO_COMMITMENT_FRESH
10,2025-07-28,B0011033,L0011033,1.0,535.0,0.0,2088.0,0.0,2.0,0.0,,,16.47,MAY_PAY,OPEN,NONE,SALARIED,MAY_PAY_FRESH
1,2024-10-31,B0001816,L0001816,0.585,803.0,0.0,3739.33,1.0,3.0,0.099,,,8.26,MAY_PAY,OPEN,NONE,SALARIED,MAY_PAY_FRESH
8,2025-05-29,B0007559,L0007559,3.549,470.0,6.0,33068.0,1.0,9.0,0.15,,7.0,13.58,REFUSES,BROKEN,NONE,SALARIED,REFUSES_FRESH
9,2025-06-28,B0008425,L0008425,0.439,365.0,3.0,1885.0,2.0,7.0,0.854,1.186,19.0,9.18,WILL_PAY,KEPT,HONORED,SELF_EMPLOYED,WILL_PAY_STALE
0,2024-10-01,B0001888,L0001888,3.0,717.0,0.0,23724.0,0.0,0.0,0.0,,,8.0,NONE,NONE,NONE,SALARIED,NONE
10,2025-07-28,B0005044,L0005044,2.0,819.0,0.0,10354.0,2.0,6.0,0.333,,6.0,13.56,WILL_PAY,OPEN,HONORED,SELF_EMPLOYED,WILL_PAY_FRESH
8,2025-05-29,B0002636,L0002636,6.0,431.0,0.0,18024.0,0.0,12.0,0.0,0.967,6.0,10.42,HARDSHIP,BROKEN,RESCHEDULED,SALARIED,HARDSHIP_FRESH
3,2024-12-30,B0004467,L0004467,3.0,323.0,1.0,27105.0,1.0,9.0,0.0,0.565,9.0,13.29,REFUSES,NONE,OPEN,SELF_EMPLOYED,REFUSES_FRESH
4,2025-01-29,B0007419,L0007419,1.0,778.0,0.0,8075.0,0.0,0.0,0.0,,,11.74,NONE,NONE,NONE,SALARIED,NONE
9,2025-06-28,B0008476,L0008476,3.838,689.0,0.0,4955.0,5.0,18.0,0.617,0.93,37.0,14.29,WILL_PAY,BROKEN,BROKEN,BUSINESS_OWNER,WILL_PAY_FRESH
11,2025-08-27,B0009548,L0009548,1.0,579.0,0.0,2229.0,2.0,3.0,1.0,,90.0,19.52,WILL_PAY,OPEN,NONE,SALARIED,WILL_PAY_FRESH
13,2025-10-26,B0010898,L0010898,3.727,700.0,0.0,27352.0,2.0,9.0,0.424,1.463,8.0,15.72,NO_COMMITMENT,OPEN,HONORED,BUSINESS_OWNER,NO_COMMITMENT_FRESH
11,2025-08-27,B0009916,L0009916,3.593,725.0,0.0,4420.0,3.0,14.0,0.136,1.056,6.0,17.82,REFUSES,NONE,OPEN,SALARIED,REFUSES_FRESH
7,2025-04-29,B0006988,L0006988,2.0,491.0,0.0,7228.0,0.0,4.0,0.667,,,11.7,REFUSES,NONE,NONE,BUSINESS_OWNER,REFUSES_FRESH
10,2025-07-28,B0008381,L0008381,4.494,559.0,1.0,35555.0,2.0,16.0,0.0,1.247,32.0,20.65,REFUSES,BROKEN,RESCHEDULED,SELF_EMPLOYED,REFUSES_FRESH
10,2025-07-28,B0008965,L0008965,2.0,839.0,0.0,33020.0,2.0,6.0,0.667,0.957,51.0,22.44,WILL_PAY,KEPT,HONORED,BUSINESS_OWNER,WILL_PAY_FRESH
0,2024-10-01,B0002229,L0002229,3.751,340.0,0.0,24411.13,0.0,0.0,0.0,,,19.43,NONE,NONE,NONE,SELF_EMPLOYED,NONE
11,2025-08-27,B0005044,L0005044,3.0,819.0,6.0,15531.0,2.0,10.0,0.0,,36.0,13.56,WILL_PAY,BROKEN,HONORED,SELF_EMPLOYED,WILL_PAY_STALE
8,2025-05-29,B0006710,L0006710,5.0,552.0,16.0,48880.0,0.0,19.0,0.0,,142.0,15.83,DISPUTE,NONE,NONE,SALARIED,DISPUTE_STALE
13,2025-10-26,B0009404,L0009404,1.0,330.0,1.0,680.0,1.0,5.0,0.892,0.944,38.0,14.38,NO_COMMITMENT,NONE,HONORED,SALARIED,NO_COMMITMENT_FRESH
11,2025-08-27,B0008812,L0008812,5.0,648.0,4.0,15775.0,1.0,12.0,0.0,0.509,53.0,15.09,HARDSHIP,BROKEN,BROKEN,SELF_EMPLOYED,HARDSHIP_STALE
0,2024-10-01,B0003968,L0003968,8.0,733.0,0.0,44256.0,0.0,0.0,0.0,,,16.15,NONE,NONE,NONE,BUSINESS_OWNER,NONE
11,2025-08-27,B0010679,L0010679,0.681,331.0,0.0,2134.0,2.0,5.0,0.44,,4.0,13.02,MAY_PAY,KEPT,NONE,SELF_EMPLOYED,MAY_PAY_FRESH
7,2025-04-29,B0008155,L0008155,2.0,378.0,0.0,10786.0,2.0,5.0,0.0,,,18.08,WILL_PAY,BROKEN,NONE,SALARIED,WILL_PAY_FRESH
2,2024-11-30,B0006080,L0006080,1.0,359.0,0.0,6475.0,0.0,0.0,0.0,,,16.39,NONE,NONE,NONE,SELF_EMPLOYED,NONE
1,2024-10-31,B0000632,L0000632,1.0,380.0,0.0,28084.0,1.0,1.0,0.0,,,19.11,REFUSES,OPEN,NONE,SALARIED,REFUSES_FRESH
0,2024-10-01,B0001326,L0001326,5.0,492.0,0.0,13255.0,0.0,0.0,0.0,,,14.39,NONE,NONE,NONE,SELF_EMPLOYED,NONE
11,2025-08-27,B0005550,L0005550,7.299,492.0,0.0,52032.0,1.0,15.0,0.234,0.85,59.0,10.32,REFUSES,KEPT,BROKEN,SELF_EMPLOYED,REFUSES_FRESH
12,2025-09-26,B0012448,L0012448,0.483,428.0,0.0,1143.86,0.0,0.0,0.0,,,16.42,NONE,NONE,NONE,SALARIED,NONE
0,2024-10-01,B0001431,L0001431,7.0,820.0,0.0,305858.0,0.0,0.0,0.0,,,24.88,NONE,NONE,NONE,SALARIED,NONE
4,2025-01-29,B0004540,L0004540,7.0,774.0,6.0,87836.0,3.0,17.0,0.0,0.738,7.0,21.01,HARDSHIP,BROKEN,OPEN,SALARIED,HARDSHIP_FRESH
11,2025-08-27,B0000247,L0000247,1.0,646.0,3.0,2062.0,0.0,5.0,1.046,1.131,67.0,13.23,WILL_PAY,BROKEN,HONORED,BUSINESS_OWNER,WILL_PAY_STALE
8,2025-05-29,B0008167,L0008167,2.481,756.0,1.0,2389.0,3.0,7.0,0.173,1.16,9.0,12.84,HARDSHIP,OPEN,OPEN,SALARIED,HARDSHIP_FRESH
4,2025-01-29,B0007045,L0007045,1.0,846.0,3.0,2537.0,0.0,3.0,0.0,,,13.7,NONE,NONE,NONE,BUSINESS_OWNER,NONE
2,2024-11-30,B0004841,L0004841,1.0,608.0,6.0,4355.0,0.0,8.0,0.892,1.236,31.0,16.6,NO_COMMITMENT,BROKEN,HONORED,BUSINESS_OWNER,NO_COMMITMENT_STALE
5,2025-02-28,B0003854,L0003854,2.953,371.0,0.0,6205.0,1.0,15.0,0.682,0.868,12.0,8.05,HARDSHIP,BROKEN,BROKEN,SALARIED,HARDSHIP_FRESH
5,2025-02-28,B0001204,L0001204,1.0,395.0,13.0,3149.0,0.0,13.0,0.0,,13.0,24.99,REFUSES,NONE,NONE,SALARIED,REFUSES_STALE
10,2025-07-28,B0007714,L0007714,3.0,530.0,0.0,10554.0,5.0,16.0,0.333,,76.0,12.32,DISPUTE,OPEN,NONE,SALARIED,DISPUTE_FRESH
3,2024-12-30,B0000707,L0000707,3.0,352.0,2.0,17418.0,2.0,11.0,0.333,0.764,44.0,13.02,REFUSES,NONE,RESCHEDULED,SALARIED,REFUSES_STALE
2,2024-11-30,B0002605,L0002605,2.0,601.0,5.0,21820.0,0.0,11.0,0.0,,15.0,11.69,HARDSHIP,BROKEN,NONE,SELF_EMPLOYED,HARDSHIP_STALE
4,2025-01-29,B0005393,L0005393,1.479,710.0,0.0,36340.0,3.0,6.0,0.507,,,26.49,HARDSHIP,BROKEN,NONE,SALARIED,HARDSHIP_FRESH
13,2025-10-26,B0012571,L0012571,1.0,430.0,3.0,4281.0,0.0,3.0,0.0,,,14.71,NONE,NONE,NONE,SALARIED,NONE
10,2025-07-28,B0010025,L0010025,2.0,722.0,0.0,30142.0,0.0,3.0,0.0,,,18.45,REFUSES,BROKEN,NONE,SELF_EMPLOYED,REFUSES_FRESH
11,2025-08-27,B0010801,L0010801,1.0,654.0,0.0,7002.0,0.0,5.0,0.333,,19.0,9.18,MAY_PAY,KEPT,NONE,SELF_EMPLOYED,MAY_PAY_FRESH
0,2024-10-01,B0002827,L0002827,3.0,389.0,0.0,5613.0,0.0,0.0,0.0,,,21.42,NONE,NONE,NONE,SALARIED,NONE
2,2024-11-30,B0006094,L0006094,2.0,742.0,0.0,4732.0,0.0,0.0,0.0,,,16.67,NONE,NONE,NONE,SELF_EMPLOYED,NONE
2,2024-11-30,B0002571,L0002571,1.0,606.0,0.0,8063.0,0.0,5.0,0.333,0.974,34.0,13.09,MAY_PAY,KEPT,HONORED,SALARIED,MAY_PAY_FRESH
10,2025-07-28,B0009153,L0009153,2.0,584.0,0.0,6906.0,1.0,6.0,0.667,,80.0,17.32,MAY_PAY,NONE,NONE,BUSINESS_OWNER,MAY_PAY_FRESH
0,2024-10-01,B0003055,L0003055,4.0,715.0,0.0,15564.0,0.0,0.0,0.0,,,15.48,NONE,NONE,NONE,SELF_EMPLOYED,NONE
8,2025-05-29,B0008634,L0008634,2.299,444.0,3.0,16396.0,0.0,7.0,0.234,,,15.76,WILL_PAY,BROKEN,NONE,SALARIED,WILL_PAY_STALE
0,2024-10-01,B0004953,L0004953,4.0,801.0,0.0,31416.0,0.0,0.0,0.0,,,10.72,NONE,NONE,NONE,SALARIED,NONE
5,2025-02-28,B0007521,L0007521,1.51,838.0,0.0,33225.57,0.0,1.0,0.0,,1.0,12.12,WILL_PAY,NONE,NONE,SALARIED,WILL_PAY_FRESH
1,2024-10-31,B0004535,L0004535,6.0,874.0,0.0,25068.0,0.0,8.0,0.0,,1.0,14.72,REFUSES,OPEN,NONE,BUSINESS_OWNER,REFUSES_FRESH
1,2024-10-31,B0000203,L0000203,5.0,424.0,0.0,27005.0,0.0,2.0,0.0,,19.0,13.55,REFUSES,NONE,NONE,SALARIED,REFUSES_FRESH
6,2025-03-30,B0005948,L0005948,5.0,342.0,0.0,19170.0,0.0,15.0,0.0,0.921,21.0,16.4,REFUSES,NONE,BROKEN,BUSINESS_OWNER,REFUSES_FRESH
0,2024-10-01,B0000412,L0000412,3.0,626.0,0.0,12186.0,0.0,0.0,0.0,,,11.61,NONE,NONE,NONE,SALARIED,NONE
11,2025-08-27,B0009348,L0009348,1.458,570.0,0.0,9404.0,2.0,4.0,0.847,0.0,82.0,17.4,NO_COMMITMENT,BROKEN,HONORED,SALARIED,NO_COMMITMENT_FRESH
4,2025-01-29,B0005280,L0005280,3.0,480.0,0.0,25650.0,0.0,7.0,0.0,,,9.99,WILL_PAY,BROKEN,NONE,SELF_EMPLOYED,WILL_PAY_FRESH
7,2025-04-29,B0006693,L0006693,3.0,348.0,0.0,24198.0,1.0,14.0,0.333,,62.0,16.46,REFUSES,NONE,NONE,SALARIED,REFUSES_FRESH
4,2025-01-29,B0005406,L0005406,5.0,469.0,7.0,46205.0,1.0,11.0,0.0,,,18.62,REFUSES,NONE,NONE,SELF_EMPLOYED,REFUSES_STALE
2,2024-11-30,B0001157,L0001157,2.0,487.0,5.0,13522.0,1.0,10.0,0.0,,3.0,9.0,NO_COMMITMENT,BROKEN,NONE,SALARIED,NO_COMMITMENT_FRESH
2,2024-11-30,B0003454,L0003454,1.313,624.0,3.0,31671.63,1.0,10.0,0.0,,36.0,12.41,REFUSES,NONE,NONE,SALARIED,REFUSES_STALE
13,2025-10-26,B0009661,L0009661,3.0,727.0,11.0,38100.0,0.0,11.0,0.0,,,8.0,NO_COMMITMENT,BROKEN,NONE,SELF_EMPLOYED,NO_COMMITMENT_STALE
12,2025-09-26,B0007771,L0007771,7.0,328.0,0.0,16415.0,0.0,10.0,0.0,1.045,32.0,14.51,MAY_PAY,BROKEN,BROKEN,BUSINESS_OWNER,MAY_PAY_FRESH
7,2025-04-29,B0006553,L0006553,3.0,633.0,0.0,13677.0,1.0,14.0,0.333,,74.0,15.83,REFUSES,NONE,NONE,SELF_EMPLOYED,REFUSES_FRESH
6,2025-03-30,B0001664,L0001664,5.832,781.0,0.0,54068.0,1.0,13.0,0.0,0.574,12.0,20.12,WILL_PAY,OPEN,BROKEN,SALARIED,WILL_PAY_FRESH
6,2025-03-30,B0008492,L0008492,1.051,781.0,0.0,2880.0,0.0,1.0,0.316,,,17.79,WILL_PAY,OPEN,NONE,SALARIED,WILL_PAY_FRESH
3,2024-12-30,B0002965,L0002965,5.0,524.0,3.0,8825.0,0.0,18.0,0.0,,70.0,17.14,HARDSHIP,NONE,NONE,SELF_EMPLOYED,HARDSHIP_STALE
12,2025-09-26,B0009194,L0009194,3.0,430.0,0.0,44829.0,1.0,7.0,0.333,,136.0,8.86,MAY_PAY,BROKEN,NONE,SELF_EMPLOYED,MAY_PAY_FRESH
13,2025-10-26,B0012183,L0012183,2.0,348.0,0.0,11502.0,1.0,3.0,0.0,,,17.65,REFUSES,OPEN,NONE,SELF_EMPLOYED,REFUSES_FRESH
5,2025-02-28,B0003683,L0003683,1.0,628.0,0.0,4572.0,1.0,6.0,0.667,1.159,95.0,11.28,WILL_PAY,KEPT,HONORED,SALARIED,WILL_PAY_FRESH
0,2024-10-01,B0002643,L0002643,1.0,699.0,0.0,4588.0,0.0,0.0,0.0,,,22.71,NONE,NONE,NONE,SALARIED,NONE
7,2025-04-29,B0006325,L0006325,4.656,505.0,2.0,25690.0,0.0,13.0,0.115,0.91,35.0,8.0,NO_COMMITMENT,NONE,BROKEN,SELF_EMPLOYED,NO_COMMITMENT_STALE
6,2025-03-30,B0006124,L0006124,2.0,803.0,0.0,22992.0,0.0,13.0,0.333,,8.0,14.61,REFUSES,NONE,NONE,SALARIED,REFUSES_FRESH
3,2024-12-30,B0005758,L0005758,1.26,374.0,1.0,15660.0,2.0,7.0,0.247,,,17.17,MAY_PAY,BROKEN,NONE,SALARIED,MAY_PAY_FRESH
8,2025-05-29,B0003507,L0003507,2.243,568.0,0.0,1532.0,2.0,11.0,0.488,1.243,24.0,13.95,REFUSES,KEPT,RESCHEDULED,SALARIED,REFUSES_FRESH
7,2025-04-29,B0001530,L0001530,5.769,776.0,3.0,27496.0,1.0,16.0,0.0,,10.0,19.58,REFUSES,BROKEN,NONE,SELF_EMPLOYED,REFUSES_STALE
1,2024-10-31,B0003684,L0003684,1.0,558.0,0.0,2636.0,1.0,1.0,0.0,,,13.15,WILL_PAY,NONE,NONE,SELF_EMPLOYED,WILL_PAY_FRESH
6,2025-03-30,B0001530,L0001530,4.769,764.0,7.0,22730.0,1.0,14.0,0.077,,56.0,19.58,REFUSES,BROKEN,NONE,SELF_EMPLOYED,REFUSES_STALE
12,2025-09-26,B0012449,L0012449,3.0,453.0,0.0,22365.0,0.0,0.0,0.0,,,21.32,NONE,NONE,NONE,BUSINESS_OWNER,NONE
13,2025-10-26,B0012574,L0012574,3.0,408.0,2.0,86475.0,1.0,5.0,0.0,,,12.25,MAY_PAY,OPEN,NONE,SALARIED,MAY_PAY_STALE
1,2024-10-31,B0004653,L0004653,3.0,421.0,0.0,2559.0,1.0,5.0,0.0,,3.0,13.91,HARDSHIP,NONE,NONE,SELF_EMPLOYED,HARDSHIP_FRESH
10,2025-07-28,B0011008,L0011008,1.0,737.0,0.0,2086.0,0.0,0.0,0.0,,,12.89,NONE,NONE,NONE,SELF_EMPLOYED,NONE
7,2025-04-29,B0006781,L0006781,1.534,545.0,0.0,29187.0,1.0,12.0,0.489,,14.0,12.48,DISPUTE,NONE,NONE,SALARIED,DISPUTE_FRESH
13,2025-10-26,B0008478,L0008478,6.0,511.0,0.0,61566.0,0.0,12.0,0.0,,7.0,22.42,HARDSHIP,BROKEN,NONE,SELF_EMPLOYED,HARDSHIP_FRESH
12,2025-09-26,B0011486,L0011486,2.0,554.0,0.0,21438.0,0.0,3.0,0.0,,,18.61,MAY_PAY,NONE,NONE,SALARIED,MAY_PAY_FRESH
9,2025-06-28,B0010278,L0010278,1.562,609.0,0.0,10630.0,0.0,1.0,0.0,,10.0,22.95,DISPUTE,NONE,NONE,SALARIED,DISPUTE_FRESH
9,2025-06-28,B0008065,L0008065,3.0,582.0,0.0,10341.0,5.0,9.0,0.333,1.219,8.0,12.52,MAY_PAY,NONE,HONORED,SALARIED,MAY_PAY_FRESH
7,2025-04-29,B0008002,L0008002,2.0,328.0,3.0,6314.0,0.0,3.0,0.0,,,15.17,NONE,NONE,NONE,SELF_EMPLOYED,NONE
10,2025-07-28,B0010442,L0010442,1.0,576.0,4.0,5861.0,0.0,4.0,0.333,,,15.74,NONE,NONE,NONE,BUSINESS_OWNER,NONE
4,2025-01-29,B0005308,L0005308,3.0,442.0,1.0,73713.0,2.0,10.0,0.0,0.589,23.0,19.73,REFUSES,OPEN,BROKEN,SALARIED,REFUSES_FRESH
2,2024-11-30,B0005241,L0005241,1.0,653.0,0.0,3349.0,1.0,1.0,0.0,,,13.27,MAY_PAY,NONE,NONE,SELF_EMPLOYED,MAY_PAY_FRESH
5,2025-02-28,B0006868,L0006868,1.324,389.0,3.0,19598.0,1.0,5.0,0.225,,,11.62,WILL_PAY,BROKEN,NONE,SELF_EMPLOYED,WILL_PAY_STALE
10,2025-07-28,B0009521,L0009521,1.71,826.0,0.0,20622.0,3.0,6.0,0.43,,,18.99,WILL_PAY,OPEN,NONE,SALARIED,WILL_PAY_FRESH
12,2025-09-26,B0010245,L0010245,2.965,436.0,0.0,11452.0,0.0,13.0,0.678,1.18,18.0,17.18,NO_COMMITMENT,BROKEN,HONORED,SALARIED,NO_COMMITMENT_FRESH
0,2024-10-01,B0002419,L0002419,2.0,798.0,0.0,2486.0,0.0,0.0,0.0,,,12.82,NONE,NONE,NONE,SALARIED,NONE
0,2024-10-01,B0002504,L0002504,1.0,796.0,0.0,8176.0,0.0,0.0,0.0,,,14.66,NONE,NONE,NONE,SELF_EMPLOYED,NONE
4,2025-01-29,B0002519,L0002519,5.108,739.0,0.0,84108.78,5.0,19.0,0.287,0.726,33.0,17.92,WILL_PAY,OPEN,HONORED,SELF_EMPLOYED,WILL_PAY_FRESH
12,2025-09-26,B0006589,L0006589,2.0,745.0,1.0,12488.0,3.0,17.0,1.0,0.745,84.0,17.89,WILL_PAY,BROKEN,BROKEN,SALARIED,WILL_PAY_STALE
3,2024-12-30,B0003181,L0003181,2.0,418.0,4.0,5304.0,0.0,5.0,0.333,,,12.6,HARDSHIP,NONE,NONE,SELF_EMPLOYED,HARDSHIP_STALE
12,2025-09-26,B0011716,L0011716,1.352,860.0,0.0,29652.0,1.0,7.0,0.216,,,10.97,MAY_PAY,OPEN,NONE,SELF_EMPLOYED,MAY_PAY_FRESH
3,2024-12-30,B0006588,L0006588,0.542,330.0,0.0,2769.99,0.0,0.0,0.0,,,8.02,NONE,NONE,NONE,SELF_EMPLOYED,NONE
2,2024-11-30,B0003768,L0003768,1.0,556.0,2.0,7482.0,1.0,3.0,0.333,,,17.3,MAY_PAY,NONE,NONE,BUSINESS_OWNER,MAY_PAY_STALE
9,2025-06-28,B0005289,L0005289,2.8,334.0,1.0,14000.0,1.0,11.0,0.333,1.151,26.0,12.25,REFUSES,KEPT,HONORED,BUSINESS_OWNER,REFUSES_FRESH
13,2025-10-26,B0009346,L0009346,2.0,755.0,0.0,16742.0,1.0,4.0,0.333,,105.0,14.2,NO_COMMITMENT,KEPT,NONE,SALARIED,NO_COMMITMENT_FRESH
4,2025-01-29,B0000766,L0000766,4.128,633.0,5.0,45090.7,7.0,18.0,0.95,0.768,12.0,17.38,HARDSHIP,KEPT,HONORED,BUSINESS_OWNER,HARDSHIP_STALE
7,2025-04-29,B0003691,L0003691,2.0,633.0,1.0,6932.0,3.0,10.0,0.846,0.237,64.0,17.15,WILL_PAY,BROKEN,HONORED,SALARIED,WILL_PAY_FRESH
2,2024-11-30,B0000407,L0000407,2.0,732.0,0.0,3234.0,0.0,5.0,0.0,,,10.16,WILL_PAY,OPEN,NONE,SALARIED,WILL_PAY_FRESH
10,2025-07-28,B0000294,L0000294,1.001,477.0,3.0,8224.0,2.0,11.0,0.666,0.0,108.0,14.97,WILL_PAY,BROKEN,HONORED,SALARIED,WILL_PAY_STALE
6,2025-03-30,B0001840,L0001840,6.237,768.0,0.0,30893.16,2.0,14.0,0.0,1.002,32.0,14.68,MAY_PAY,NONE,BROKEN,SALARIED,MAY_PAY_FRESH
8,2025-05-29,B0008904,L0008904,1.0,456.0,0.0,2229.0,1.0,4.0,0.333,,43.0,11.22,WILL_PAY,BROKEN,NONE,SALARIED,WILL_PAY_FRESH
8,2025-05-29,B0009275,L0009275,1.881,609.0,7.0,9504.0,1.0,10.0,0.04,,,17.19,REFUSES,NONE,NONE,SELF_EMPLOYED,REFUSES_STALE
7,2025-04-29,B0001542,L0001542,3.672,544.0,4.0,5376.0,1.0,11.0,0.319,1.175,24.0,16.72,NO_COMMITMENT,BROKEN,BROKEN,SELF_EMPLOYED,NO_COMMITMENT_STALE
6,2025-03-30,B0006803,L0006803,0.0,503.0,0.0,0.0,3.0,7.0,1.069,1.016,50.0,10.71,WILL_PAY,BROKEN,HONORED,SALARIED,WILL_PAY_FRESH
6,2025-03-30,B0005079,L0005079,6.492,377.0,0.0,57513.0,0.0,16.0,0.0,0.8,67.0,13.04,REFUSES,BROKEN,HONORED,SELF_EMPLOYED,REFUSES_FRESH
11,2025-08-27,B0000727,L0000727,0.525,452.0,0.0,3024.0,1.0,5.0,1.158,1.293,13.0,8.67,MAY_PAY,BROKEN,HONORED,SELF_EMPLOYED,MAY_PAY_FRESH
10,2025-07-28,B0007744,L0007744,5.64,457.0,0.0,111316.0,2.0,11.0,0.12,0.76,6.0,16.17,REFUSES,BROKEN,BROKEN,SALARIED,REFUSES_FRESH
3,2024-12-30,B0003202,L0003202,2.783,657.0,0.0,6814.9,4.0,14.0,0.952,0.892,26.0,16.27,WILL_PAY,KEPT,HONORED,SELF_EMPLOYED,WILL_PAY_FRESH
9,2025-06-28,B0000378,L0000378,2.0,351.0,0.0,13282.0,0.0,9.0,0.667,0.544,7.0,9.94,NO_COMMITMENT,KEPT,OPEN,SELF_EMPLOYED,NO_COMMITMENT_FRESH
8,2025-05-29,B0006052,L0006052,1.0,358.0,0.0,4977.0,0.0,3.0,1.0,0.0,145.0,13.98,WILL_PAY,KEPT,HONORED,SALARIED,WILL_PAY_FRESH
6,2025-03-30,B0002569,L0002569,0.686,661.0,4.0,3934.0,2.0,15.0,0.0,0.757,37.0,16.48,MAY_PAY,BROKEN,BROKEN,SALARIED,MAY_PAY_STALE
1,2024-10-31,B0005819,L0005819,1.607,615.0,0.0,30094.35,0.0,0.0,0.0,,,20.83,NONE,NONE,NONE,SALARIED,NONE
3,2024-12-30,B0001544,L0001544,5.769,389.0,0.0,59038.0,2.0,10.0,0.41,0.885,53.0,8.57,MAY_PAY,BROKEN,RESCHEDULED,BUSINESS_OWNER,MAY_PAY_FRESH
13,2025-10-26,B0010330,L0010330,5.0,693.0,0.0,41330.0,1.0,15.0,0.0,,,17.26,WILL_PAY,BROKEN,NONE,SELF_EMPLOYED,WILL_PAY_FRESH
11,2025-08-27,B0012091,L0012091,1.423,519.0,0.0,8395.04,0.0,0.0,0.0,,,19.9,NONE,NONE,NONE,BUSINESS_OWNER,NONE
12,2025-09-26,B0011084,L0011084,0.848,657.0,0.0,6718.0,1.0,7.0,0.717,,,12.84,REFUSES,KEPT,NONE,SALARIED,REFUSES_FRESH
1,2024-10-31,B0005403,L0005403,1.0,373.0,0.0,6746.0,0.0,0.0,0.0,,,10.6,NONE,NONE,NONE,BUSINESS_OWNER,NONE
4,2025-01-29,B0006600,L0006600,1.0,387.0,0.0,3030.0,0.0,2.0,0.0,,,17.49,REFUSES,OPEN,NONE,SELF_EMPLOYED,REFUSES_FRESH
5,2025-02-28,B0001573,L0001573,0.892,865.0,0.0,2371.0,1.0,8.0,1.023,1.25,139.0,13.68,HARDSHIP,OPEN,HONORED,BUSINESS_OWNER,HARDSHIP_FRESH
4,2025-01-29,B0004408,L0004408,1.0,883.0,2.0,2769.0,0.0,4.0,1.5,0.846,51.0,13.15,DISPUTE,BROKEN,HONORED,SALARIED,DISPUTE_STALE
5,2025-02-28,B0003608,L0003608,2.0,344.0,1.0,5116.0,0.0,4.0,0.667,1.361,109.0,16.15,REFUSES,KEPT,BROKEN,SALARIED,REFUSES_FRESH
4,2025-01-29,B0002921,L0002921,3.124,530.0,0.0,5708.0,1.0,9.0,0.292,,14.0,14.87,REFUSES,BROKEN,NONE,SELF_EMPLOYED,REFUSES_FRESH
11,2025-08-27,B0002353,L0002353,1.0,589.0,9.0,3674.0,0.0,12.0,1.0,,312.0,18.03,MAY_PAY,KEPT,NONE,BUSINESS_OWNER,MAY_PAY_STALE
13,2025-10-26,B0006842,L0006842,6.22,384.0,0.0,44736.0,4.0,11.0,0.0,0.925,21.0,12.82,MAY_PAY,BROKEN,BROKEN,SALARIED,MAY_PAY_FRESH
12,2025-09-26,B0006931,L0006931,1.0,360.0,0.0,4249.0,0.0,4.0,1.294,,73.0,17.71,NO_COMMITMENT,OPEN,NONE,SELF_EMPLOYED,NO_COMMITMENT_FRESH
0,2024-10-01,B0003596,L0003596,2.0,534.0,0.0,10244.0,0.0,0.0,0.0,,,13.01,NONE,NONE,NONE,SELF_EMPLOYED,NONE
5,2025-02-28,B0006212,L0006212,4.0,807.0,3.0,15640.0,3.0,13.0,0.0,,11.0,10.67,REFUSES,NONE,NONE,SALARIED,REFUSES_FRESH
12,2025-09-26,B0011101,L0011101,3.0,340.0,0.0,17598.0,0.0,6.0,0.0,,,12.5,REFUSES,NONE,NONE,SALARIED,REFUSES_FRESH
3,2024-12-30,B0003241,L0003241,1.232,349.0,0.0,2786.0,1.0,12.0,0.589,,12.0,17.5,WILL_PAY,KEPT,NONE,SALARIED,WILL_PAY_FRESH
13,2025-10-26,B0009431,L0009431,6.0,351.0,0.0,88434.0,0.0,12.0,0.0,,7.0,11.87,MAY_PAY,OPEN,NONE,SALARIED,MAY_PAY_FRESH
11,2025-08-27,B0008951,L0008951,5.911,502.0,0.0,34674.57,1.0,8.0,0.17,,52.0,14.98,REFUSES,BROKEN,NONE,SALARIED,REFUSES_FRESH
8,2025-05-29,B0007037,L0007037,1.0,768.0,1.0,10968.0,0.0,2.0,0.878,0.0,63.0,14.24,WILL_PAY,KEPT,HONORED,SALARIED,WILL_PAY_STALE
13,2025-10-26,B0012196,L0012196,1.0,809.0,0.0,9399.0,1.0,2.0,0.333,,,11.75,WILL_PAY,OPEN,NONE,SALARIED,WILL_PAY_FRESH
3,2024-12-30,B0000630,L0000630,1.0,740.0,0.0,7809.0,3.0,9.0,0.667,,,13.15,NO_COMMITMENT,KEPT,NONE,SALARIED,NO_COMMITMENT_FRESH
7,2025-04-29,B0001271,L0001271,3.664,374.0,0.0,56680.0,1.0,14.0,0.0,0.787,7.0,14.1,MAY_PAY,OPEN,OPEN,SALARIED,MAY_PAY_FRESH
4,2025-01-29,B0004209,L0004209,2.0,863.0,0.0,13216.0,2.0,8.0,0.333,,,10.11,HARDSHIP,OPEN,NONE,SELF_EMPLOYED,HARDSHIP_FRESH
2,2024-11-30,B0002837,L0002837,4.0,547.0,0.0,12708.0,1.0,8.0,0.333,,,12.48,REFUSES,OPEN,NONE,SALARIED,REFUSES_FRESH
11,2025-08-27,B0009884,L0009884,1.0,767.0,0.0,3967.0,2.0,3.0,1.5,0.731,92.0,11.87,WILL_PAY,BROKEN,HONORED,BUSINESS_OWNER,WILL_PAY_FRESH
0,2024-10-01,B0000320,L0000320,7.554,728.0,0.0,81912.12,0.0,0.0,0.0,,,16.82,NONE,NONE,NONE,SELF_EMPLOYED,NONE
3,2024-12-30,B0003528,L0003528,2.0,432.0,3.0,9256.0,0.0,9.0,0.395,1.486,25.0,22.24,NO_COMMITMENT,NONE,HONORED,SELF_EMPLOYED,NO_COMMITMENT_STALE
6,2025-03-30,B0006993,L0006993,2.0,761.0,0.0,19724.0,0.0,6.0,0.333,,,16.13,REFUSES,NONE,NONE,BUSINESS_OWNER,REFUSES_FRESH
0,2024-10-01,B0004367,L0004367,9.0,722.0,0.0,40590.0,0.0,0.0,0.0,,,10.88,NONE,NONE,NONE,SALARIED,NONE
8,2025-05-29,B0009687,L0009687,1.0,434.0,2.0,6983.0,0.0,2.0,0.0,,,14.31,NONE,NONE,NONE,SALARIED,NONE
4,2025-01-29,B0005204,L0005204,1.0,838.0,0.0,2628.0,1.0,1.0,0.667,,,21.8,WILL_PAY,NONE,NONE,SALARIED,WILL_PAY_FRESH
0,2024-10-01,B0001667,L0001667,2.885,517.0,0.0,9246.05,0.0,0.0,0.0,,,20.21,NONE,NONE,NONE,SALARIED,NONE
2,2024-11-30,B0000499,L0000499,0.503,506.0,0.0,7692.0,2.0,8.0,0.166,,,14.16,MAY_PAY,OPEN,NONE,SALARIED,MAY_PAY_FRESH
0,2024-10-01,B0003225,L0003225,2.0,431.0,0.0,17332.0,0.0,0.0,0.0,,,16.43,NONE,NONE,NONE,SALARIED,NONE
10,2025-07-28,B0009907,L0009907,3.0,549.0,0.0,51561.0,1.0,11.0,0.0,,,10.66,REFUSES,BROKEN,NONE,SALARIED,REFUSES_FRESH
6,2025-03-30,B0005516,L0005516,6.0,549.0,0.0,11436.0,2.0,14.0,0.0,,52.0,21.51,DISPUTE,OPEN,NONE,SELF_EMPLOYED,DISPUTE_FRESH
7,2025-04-29,B0003200,L0003200,6.056,409.0,3.0,28241.0,0.0,13.0,0.315,,,15.18,NO_COMMITMENT,BROKEN,NONE,SALARIED,NO_COMMITMENT_STALE
10,2025-07-28,B0010077,L0010077,1.0,499.0,2.0,48370.0,0.0,2.0,0.667,,,14.87,NONE,NONE,NONE,SALARIED,NONE
3,2024-12-30,B0001343,L0001343,1.0,393.0,3.0,16935.0,0.0,19.0,0.333,,2.0,11.09,REFUSES,BROKEN,NONE,SALARIED,REFUSES_FRESH
7,2025-04-29,B0000357,L0000357,1.0,731.0,0.0,11942.0,2.0,3.0,0.918,0.777,107.0,15.73,WILL_PAY,KEPT,HONORED,SALARIED,WILL_PAY_FRESH
1,2024-10-31,B0001906,L0001906,3.425,496.0,3.0,9877.47,1.0,5.0,0.0,,,14.74,REFUSES,NONE,NONE,SALARIED,REFUSES_STALE
10,2025-07-28,B0005303,L0005303,2.0,541.0,0.0,10758.0,0.0,11.0,0.667,1.23,66.0,14.17,REFUSES,OPEN,HONORED,SALARIED,REFUSES_FRESH
11,2025-08-27,B0007343,L0007343,0.848,734.0,0.0,22230.0,6.0,11.0,1.28,0.528,26.0,14.56,HARDSHIP,KEPT,HONORED,SELF_EMPLOYED,HARDSHIP_FRESH
13,2025-10-26,B0009397,L0009397,6.0,822.0,0.0,74994.0,2.0,18.0,0.0,,80.0,8.0,REFUSES,BROKEN,NONE,BUSINESS_OWNER,REFUSES_FRESH
4,2025-01-29,B0001297,L0001297,0.813,783.0,4.0,3307.58,1.0,13.0,0.0,,,11.19,MAY_PAY,KEPT,NONE,SALARIED,MAY_PAY_STALE
7,2025-04-29,B0008690,L0008690,1.0,806.0,0.0,4572.0,1.0,1.0,0.0,,,10.02,WILL_PAY,OPEN,NONE,SELF_EMPLOYED,WILL_PAY_FRESH
10,2025-07-28,B0005507,L0005507,3.621,333.0,0.0,9564.0,2.0,10.0,0.126,0.903,47.0,15.16,WILL_PAY,BROKEN,BROKEN,BUSINESS_OWNER,WILL_PAY_FRESH
7,2025-04-29,B0005261,L0005261,6.0,564.0,4.0,410358.0,0.0,11.0,0.0,,37.0,12.69,REFUSES,NONE,NONE,BUSINESS_OWNER,REFUSES_STALE
9,2025-06-28,B0007338,L0007338,1.377,613.0,0.0,35782.0,1.0,7.0,1.155,1.244,81.0,13.66,WILL_PAY,BROKEN,HONORED,SELF_EMPLOYED,WILL_PAY_FRESH
8,2025-05-29,B0006765,L0006765,2.137,421.0,0.0,25692.0,3.0,10.0,0.525,1.619,4.0,10.99,MAY_PAY,OPEN,OPEN,SALARIED,MAY_PAY_FRESH
11,2025-08-27,B0012064,L0012064,1.0,683.0,0.0,4517.0,0.0,0.0,0.0,,,9.89,NONE,NONE,NONE,SALARIED,NONE
8,2025-05-29,B0009783,L0009783,0.471,358.0,0.0,3210.0,0.0,1.0,0.176,,,15.89,NO_COMMITMENT,NONE,NONE,BUSINESS_OWNER,NO_COMMITMENT_FRESH
13,2025-10-26,B0011357,L0011357,3.381,654.0,8.0,48572.75,0.0,8.0,0.0,,40.0,17.53,NO_COMMITMENT,NONE,NONE,SELF_EMPLOYED,NO_COMMITMENT_STALE
1,2024-10-31,B0002895,L0002895,2.0,695.0,0.0,18450.0,2.0,3.0,0.0,,,11.99,WILL_PAY,OPEN,NONE,SALARIED,WILL_PAY_FRESH
3,2024-12-30,B0006069,L0006069,1.0,823.0,0.0,8762.0,1.0,2.0,0.0,,,13.2,HARDSHIP,NONE,NONE,BUSINESS_OWNER,HARDSHIP_FRESH
9,2025-06-28,B0010449,L0010449,1.0,564.0,3.0,9296.0,0.0,3.0,0.0,,,10.72,NONE,NONE,NONE,SALARIED,NONE
11,2025-08-27,B0009621,L0009621,3.0,741.0,3.0,5583.0,2.0,8.0,0.333,,35.0,20.17,MAY_PAY,NONE,NONE,SALARIED,MAY_PAY_STALE
9,2025-06-28,B0008501,L0008501,2.0,790.0,4.0,8642.0,1.0,8.0,0.667,,,8.0,WILL_PAY,BROKEN,NONE,SELF_EMPLOYED,WILL_PAY_STALE
1,2024-10-31,B0005336,L0005336,1.723,556.0,0.0,13314.02,0.0,0.0,0.0,,,14.59,NONE,NONE,NONE,SALARIED,NONE
1,2024-10-31,B0003759,L0003759,0.515,754.0,0.0,3183.0,0.0,1.0,0.162,,,15.54,REFUSES,NONE,NONE,SALARIED,REFUSES_FRESH
4,2025-01-29,B0006297,L0006297,3.0,457.0,8.0,13884.0,0.0,8.0,0.0,,,12.16,NONE,NONE,NONE,SALARIED,NONE
0,2024-10-01,B0000083,L0000083,1.0,427.0,0.0,1983.0,0.0,0.0,0.0,,,21.03,NONE,NONE,NONE,SELF_EMPLOYED,NONE
2,2024-11-30,B0003404,L0003404,2.0,809.0,0.0,14482.0,2.0,6.0,0.667,,,10.44,WILL_PAY,OPEN,NONE,SALARIED,WILL_PAY_FRESH
10,2025-07-28,B0005290,L0005290,2.0,792.0,3.0,23078.0,1.0,5.0,0.667,1.458,125.0,13.92,WILL_PAY,BROKEN,HONORED,SALARIED,WILL_PAY_STALE
6,2025-03-30,B0008744,L0008744,1.0,565.0,0.0,12007.0,0.0,0.0,0.0,,,17.89,NONE,NONE,NONE,SELF_EMPLOYED,NONE
1,2024-10-31,B0005962,L0005962,2.0,597.0,0.0,5698.0,0.0,0.0,0.0,,,8.0,NONE,NONE,NONE,SALARIED,NONE
12,2025-09-26,B0010104,L0010104,1.0,634.0,0.0,7514.0,2.0,7.0,1.0,1.241,61.0,20.26,WILL_PAY,KEPT,HONORED,SALARIED,WILL_PAY_FRESH
7,2025-04-29,B0009017,L0009017,1.0,385.0,3.0,10804.0,0.0,3.0,0.0,,,19.68,NONE,NONE,NONE,SELF_EMPLOYED,NONE
8,2025-05-29,B0007234,L0007234,3.0,524.0,0.0,10059.0,2.0,7.0,0.333,,14.0,16.73,NO_COMMITMENT,OPEN,NONE,SALARIED,NO_COMMITMENT_FRESH
2,2024-11-30,B0002271,L0002271,2.543,500.0,0.0,38752.0,4.0,9.0,0.486,,,17.76,WILL_PAY,BROKEN,NONE,BUSINESS_OWNER,WILL_PAY_FRESH
8,2025-05-29,B0004252,L0004252,4.0,657.0,0.0,82952.0,2.0,7.0,0.0,0.477,166.0,15.74,MAY_PAY,OPEN,RESCHEDULED,BUSINESS_OWNER,MAY_PAY_FRESH
11,2025-08-27,B0009169,L0009169,4.0,632.0,0.0,121332.0,4.0,15.0,0.0,,25.0,20.17,HARDSHIP,BROKEN,NONE,SALARIED,HARDSHIP_FRESH
9,2025-06-28,B0008686,L0008686,4.0,642.0,0.0,254848.0,0.0,8.0,0.0,0.3,51.0,13.62,DISPUTE,OPEN,BROKEN,SALARIED,DISPUTE_FRESH
0,2024-10-01,B0004215,L0004215,5.468,553.0,0.0,35161.6,0.0,0.0,0.0,,,20.44,NONE,NONE,NONE,SALARIED,NONE
5,2025-02-28,B0005355,L0005355,1.0,630.0,0.0,7356.0,1.0,7.0,0.751,0.5,26.0,14.14,MAY_PAY,OPEN,HONORED,SELF_EMPLOYED,MAY_PAY_FRESH
11,2025-08-27,B0009249,L0009249,3.0,604.0,0.0,5070.0,1.0,11.0,0.333,0.624,14.0,16.11,HARDSHIP,KEPT,OPEN,SELF_EMPLOYED,HARDSHIP_FRESH
2,2024-11-30,B0000025,L0000025,2.0,482.0,0.0,12090.0,1.0,7.0,0.0,,9.0,10.76,NO_COMMITMENT,NONE,NONE,BUSINESS_OWNER,NO_COMMITMENT_FRESH
12,2025-09-26,B0011850,L0011850,1.0,471.0,0.0,2371.0,1.0,1.0,0.0,,,16.71,MAY_PAY,NONE,NONE,BUSINESS_OWNER,MAY_PAY_FRESH
11,2025-08-27,B0011991,L0011991,1.0,588.0,0.0,2018.0,0.0,0.0,0.0,,,16.16,NONE,NONE,NONE,BUSINESS_OWNER,NONE
4,2025-01-29,B0005220,L0005220,3.0,747.0,0.0,12501.0,0.0,5.0,0.0,,25.0,19.84,MAY_PAY,OPEN,NONE,SALARIED,MAY_PAY_FRESH
12,2025-09-26,B0011411,L0011411,3.319,577.0,0.0,27821.34,2.0,4.0,0.0,,28.0,19.89,NO_COMMITMENT,OPEN,NONE,BUSINESS_OWNER,NO_COMMITMENT_FRESH
8,2025-05-29,B0008296,L0008296,1.873,709.0,1.0,18119.0,2.0,12.0,0.376,0.941,4.0,19.48,MAY_PAY,NONE,BROKEN,SALARIED,MAY_PAY_FRESH
3,2024-12-30,B0006050,L0006050,1.0,389.0,0.0,6423.0,1.0,3.0,0.0,,20.0,18.16,HARDSHIP,OPEN,NONE,SALARIED,HARDSHIP_FRESH
13,2025-10-26,B0011292,L0011292,3.0,477.0,0.0,23838.0,0.0,12.0,0.0,,,15.08,NO_COMMITMENT,NONE,NONE,SALARIED,NO_COMMITMENT_FRESH
5,2025-02-28,B0003369,L0003369,3.36,419.0,0.0,5248.0,3.0,13.0,0.547,,19.0,16.88,NO_COMMITMENT,BROKEN,NONE,SALARIED,NO_COMMITMENT_FRESH
1,2024-10-31,B0000769,L0000769,3.0,562.0,3.0,8994.0,0.0,3.0,0.0,,,13.76,NONE,NONE,NONE,SALARIED,NONE
13,2025-10-26,B0009969,L0009969,5.0,755.0,0.0,34150.0,3.0,14.0,0.0,,11.0,17.85,WILL_PAY,OPEN,NONE,SELF_EMPLOYED,WILL_PAY_FRESH
7,2025-04-29,B0006766,L0006766,3.0,612.0,0.0,1857.0,1.0,5.0,0.0,,,8.71,NO_COMMITMENT,BROKEN,NONE,SELF_EMPLOYED,NO_COMMITMENT_FRESH
8,2025-05-29,B0006870,L0006870,3.0,300.0,1.0,18708.0,2.0,6.0,0.333,,31.0,18.49,DISPUTE,NONE,NONE,SALARIED,DISPUTE_STALE
1,2024-10-31,B0001597,L0001597,3.724,586.0,0.0,40976.43,0.0,4.0,0.0,1.419,3.0,14.21,WILL_PAY,NONE,OPEN,SALARIED,WILL_PAY_FRESH
5,2025-02-28,B0000531,L0000531,4.808,391.0,10.0,11698.0,1.0,15.0,0.397,1.105,21.0,14.68,MAY_PAY,BROKEN,BROKEN,SALARIED,MAY_PAY_STALE
2,2024-11-30,B0004102,L0004102,2.244,322.0,8.0,17219.0,0.0,10.0,0.252,,10.0,21.23,NO_COMMITMENT,NONE,NONE,SALARIED,NO_COMMITMENT_STALE
5,2025-02-28,B0004651,L0004651,2.5,690.0,8.0,22494.0,0.0,14.0,0.833,0.848,4.0,15.87,NO_COMMITMENT,KEPT,HONORED,BUSINESS_OWNER,NO_COMMITMENT_FRESH
9,2025-06-28,B0007389,L0007389,2.0,310.0,0.0,16216.0,2.0,7.0,0.333,,101.0,21.16,REFUSES,NONE,NONE,SALARIED,REFUSES_FRESH
1,2024-10-31,B0003959,L0003959,6.0,348.0,0.0,131094.0,0.0,4.0,0.0,,,9.24,REFUSES,OPEN,NONE,SALARIED,REFUSES_FRESH
5,2025-02-28,B0008246,L0008246,1.0,573.0,0.0,3407.0,0.0,0.0,0.0,,,12.39,NONE,NONE,NONE,SELF_EMPLOYED,NONE
10,2025-07-28,B0009722,L0009722,1.0,803.0,3.0,3980.0,1.0,5.0,1.0,,,8.0,WILL_PAY,BROKEN,NONE,SELF_EMPLOYED,WILL_PAY_STALE
13,2025-10-26,B0010748,L0010748,3.0,494.0,3.0,7215.0,3.0,10.0,0.333,,95.0,12.39,NO_COMMITMENT,BROKEN,NONE,SALARIED,NO_COMMITMENT_STALE
8,2025-05-29,B0006740,L0006740,1.0,772.0,3.0,3736.0,1.0,6.0,1.0,0.0,54.0,18.95,WILL_PAY,OPEN,HONORED,SALARIED,WILL_PAY_FRESH
0,2024-10-01,B0004210,L0004210,2.384,519.0,0.0,8549.65,0.0,0.0,0.0,,,9.41,NONE,NONE,NONE,BUSINESS_OWNER,NONE
6,2025-03-30,B0002606,L0002606,3.0,839.0,0.0,20493.0,2.0,20.0,0.0,0.867,13.0,8.0,WILL_PAY,OPEN,RESCHEDULED,SALARIED,WILL_PAY_FRESH
2,2024-11-30,B0005740,L0005740,0.433,679.0,0.0,5190.0,0.0,2.0,0.522,,,18.61,WILL_PAY,NONE,NONE,SELF_EMPLOYED,WILL_PAY_FRESH
1,2024-10-31,B0005516,L0005516,1.0,576.0,0.0,1906.0,0.0,0.0,0.0,,,21.51,NONE,NONE,NONE,SELF_EMPLOYED,NONE
12,2025-09-26,B0006283,L0006283,2.735,376.0,0.0,6192.0,1.0,10.0,0.422,1.19,25.0,18.06,WILL_PAY,OPEN,HONORED,SALARIED,WILL_PAY_FRESH
3,2024-12-30,B0000297,L0000297,3.0,515.0,0.0,12045.0,2.0,12.0,0.333,,,20.02,MAY_PAY,OPEN,NONE,SALARIED,MAY_PAY_FRESH
3,2024-12-30,B0005722,L0005722,1.0,493.0,0.0,10764.0,1.0,7.0,0.333,,,8.0,NO_COMMITMENT,KEPT,NONE,SALARIED,NO_COMMITMENT_FRESH
1,2024-10-31,B0002067,L0002067,4.0,519.0,0.0,16376.0,0.0,4.0,0.0,,,15.41,MAY_PAY,OPEN,NONE,SALARIED,MAY_PAY_FRESH
8,2025-05-29,B0005933,L0005933,0.0,527.0,0.0,0.0,2.0,8.0,1.5,1.0,28.0,18.2,MAY_PAY,KEPT,HONORED,SALARIED,MAY_PAY_FRESH
1,2024-10-31,B0005121,L0005121,1.948,422.0,0.0,4988.02,0.0,0.0,0.0,,,12.83,NONE,NONE,NONE,SALARIED,NONE
5,2025-02-28,B0004694,L0004694,1.979,510.0,0.0,4535.68,1.0,9.0,0.0,,40.0,17.98,NO_COMMITMENT,BROKEN,NONE,SELF_EMPLOYED,NO_COMMITMENT_FRESH
12,2025-09-26,B0005960,L0005960,1.0,467.0,0.0,1782.0,0.0,5.0,0.667,0.981,62.0,12.86,WILL_PAY,KEPT,HONORED,SELF_EMPLOYED,WILL_PAY_FRESH
9,2025-06-28,B0009303,L0009303,2.152,463.0,0.0,16755.0,2.0,7.0,0.283,,59.0,12.85,REFUSES,NONE,NONE,BUSINESS_OWNER,REFUSES_FRESH
3,2024-12-30,B0002276,L0002276,1.0,804.0,0.0,2780.0,0.0,5.0,0.667,,49.0,13.42,HARDSHIP,BROKEN,NONE,BUSINESS_OWNER,HARDSHIP_FRESH
6,2025-03-30,B0006501,L0006501,3.473,312.0,0.0,9876.0,1.0,17.0,0.176,,,19.56,DISPUTE,KEPT,NONE,SELF_EMPLOYED,DISPUTE_FRESH
10,2025-07-28,B0005289,L0005289,3.8,334.0,0.0,19000.0,1.0,12.0,0.333,1.151,56.0,12.25,REFUSES,OPEN,HONORED,BUSINESS_OWNER,REFUSES_FRESH
12,2025-09-26,B0012497,L0012497,0.51,784.0,0.0,1545.38,0.0,0.0,0.0,,,23.25,NONE,NONE,NONE,SALARIED,NONE
6,2025-03-30,B0002477,L0002477,1.0,728.0,0.0,5708.0,0.0,5.0,0.667,0.932,126.0,21.07,REFUSES,OPEN,HONORED,SELF_EMPLOYED,REFUSES_FRESH
7,2025-04-29,B0006881,L0006881,1.0,692.0,0.0,2030.0,2.0,7.0,1.0,,,14.12,WILL_PAY,BROKEN,NONE,SELF_EMPLOYED,WILL_PAY_FRESH
13,2025-10-26,B0012304,L0012304,1.0,432.0,0.0,7995.0,0.0,3.0,0.333,,,15.06,DISPUTE,NONE,NONE,BUSINESS_OWNER,DISPUTE_FRESH
9,2025-06-28,B0008665,L0008665,4.0,339.0,0.0,17148.0,1.0,14.0,0.0,,16.0,10.44,REFUSES,NONE,NONE,SELF_EMPLOYED,REFUSES_FRESH
12,2025-09-26,B0006471,L0006471,3.0,777.0,0.0,3738.0,1.0,6.0,0.667,,250.0,17.8,NO_COMMITMENT,OPEN,NONE,SALARIED,NO_COMMITMENT_FRESH
11,2025-08-27,B0003883,L0003883,1.976,843.0,0.0,6172.0,1.0,10.0,0.608,1.109,26.0,12.29,WILL_PAY,BROKEN,BROKEN,BUSINESS_OWNER,WILL_PAY_FRESH
4,2025-01-29,B0003951,L0003951,1.0,694.0,0.0,10049.0,3.0,13.0,1.472,1.462,54.0,11.76,MAY_PAY,BROKEN,RESCHEDULED,SALARIED,MAY_PAY_FRESH
6,2025-03-30,B0007961,L0007961,1.272,567.0,0.0,4366.0,1.0,5.0,0.243,,,11.89,MAY_PAY,NONE,NONE,SALARIED,MAY_PAY_FRESH
5,2025-02-28,B0005767,L0005767,1.818,392.0,6.0,62012.0,1.0,12.0,0.394,,,20.1,REFUSES,NONE,NONE,SALARIED,REFUSES_STALE
9,2025-06-28,B0006615,L0006615,4.733,726.0,0.0,8880.0,2.0,17.0,0.089,,,15.14,MAY_PAY,OPEN,NONE,BUSINESS_OWNER,MAY_PAY_FRESH
12,2025-09-26,B0008473,L0008473,3.474,378.0,0.0,32335.0,3.0,10.0,0.763,,30.0,14.44,REFUSES,KEPT,NONE,BUSINESS_OWNER,REFUSES_FRESH
5,2025-02-28,B0007759,L0007759,0.94,489.0,0.0,3909.63,0.0,2.0,0.333,,,17.65,REFUSES,NONE,NONE,SELF_EMPLOYED,REFUSES_FRESH
1,2024-10-31,B0005796,L0005796,2.41,391.0,0.0,14428.18,0.0,0.0,0.0,,,17.38,NONE,NONE,NONE,SALARIED,NONE
3,2024-12-30,B0003523,L0003523,0.66,348.0,0.0,4472.0,0.0,10.0,0.113,,,17.64,NO_COMMITMENT,BROKEN,NONE,SELF_EMPLOYED,NO_COMMITMENT_FRESH
4,2025-01-29,B0002336,L0002336,4.0,365.0,2.0,11348.0,0.0,12.0,0.0,,31.0,12.86,REFUSES,BROKEN,NONE,SELF_EMPLOYED,REFUSES_FRESH
1,2024-10-31,B0000669,L0000669,1.878,461.0,5.0,28558.94,0.0,5.0,0.0,,,21.36,NONE,NONE,NONE,SELF_EMPLOYED,NONE
5,2025-02-28,B0003460,L0003460,5.0,320.0,0.0,23800.0,0.0,13.0,0.0,,21.0,13.44,REFUSES,OPEN,NONE,SELF_EMPLOYED,REFUSES_FRESH
7,2025-04-29,B0007703,L0007703,5.0,361.0,5.0,47535.0,1.0,12.0,0.0,,49.0,23.79,REFUSES,BROKEN,NONE,SELF_EMPLOYED,REFUSES_STALE
12,2025-09-26,B0008384,L0008384,5.464,395.0,0.0,38786.0,4.0,12.0,0.258,0.805,12.0,17.39,NO_COMMITMENT,OPEN,BROKEN,SALARIED,NO_COMMITMENT_FRESH
1,2024-10-31,B0002049,L0002049,2.0,544.0,0.0,3224.0,0.0,4.0,0.333,0.658,1.0,14.23,HARDSHIP,NONE,BROKEN,SELF_EMPLOYED,HARDSHIP_FRESH
6,2025-03-30,B0007093,L0007093,3.0,387.0,0.0,19995.0,1.0,9.0,0.0,,32.0,12.42,REFUSES,NONE,NONE,SALARIED,REFUSES_FRESH
9,2025-06-28,B0009053,L0009053,3.0,375.0,0.0,30447.0,1.0,10.0,0.0,,,14.06,NO_COMMITMENT,OPEN,NONE,SELF_EMPLOYED,NO_COMMITMENT_FRESH
12,2025-09-26,B0008315,L0008315,7.0,367.0,5.0,25865.0,1.0,14.0,0.0,,26.0,10.92,REFUSES,BROKEN,NONE,SALARIED,REFUSES_STALE
12,2025-09-26,B0009141,L0009141,5.643,678.0,0.0,44204.0,1.0,20.0,0.055,0.815,51.0,8.0,REFUSES,BROKEN,BROKEN,SALARIED,REFUSES_FRESH
9,2025-06-28,B0006372,L0006372,6.0,600.0,6.0,28170.0,0.0,11.0,0.333,1.201,59.0,18.99,REFUSES,NONE,HONORED,SELF_EMPLOYED,REFUSES_STALE
5,2025-02-28,B0004685,L0004685,3.0,319.0,0.0,12579.0,0.0,10.0,0.333,1.068,5.0,18.7,REFUSES,KEPT,OPEN,SELF_EMPLOYED,REFUSES_FRESH
6,2025-03-30,B0007692,L0007692,0.874,720.0,0.0,9228.0,1.0,3.0,0.938,,,15.41,WILL_PAY,NONE,NONE,SALARIED,WILL_PAY_FRESH
6,2025-03-30,B0004120,L0004120,6.866,420.0,1.0,44078.51,1.0,12.0,0.333,,42.0,11.49,REFUSES,BROKEN,NONE,SALARIED,REFUSES_FRESH
1,2024-10-31,B0000113,L0000113,3.0,633.0,0.0,9615.0,0.0,4.0,0.333,0.851,11.0,15.36,NO_COMMITMENT,OPEN,BROKEN,BUSINESS_OWNER,NO_COMMITMENT_FRESH
4,2025-01-29,B0006016,L0006016,2.0,755.0,2.0,4126.0,0.0,5.0,0.0,,,18.99,MAY_PAY,NONE,NONE,SELF_EMPLOYED,MAY_PAY_STALE
12,2025-09-26,B0012621,L0012621,1.462,445.0,0.0,29381.84,0.0,0.0,0.0,,,15.83,NONE,NONE,NONE,SALARIED,NONE
4,2025-01-29,B0004120,L0004120,5.866,420.0,0.0,37658.51,3.0,8.0,0.0,,10.0,11.49,REFUSES,OPEN,NONE,SALARIED,REFUSES_FRESH
10,2025-07-28,B0009803,L0009803,1.413,392.0,0.0,14344.0,1.0,8.0,0.529,,,12.36,REFUSES,NONE,NONE,SELF_EMPLOYED,REFUSES_FRESH
4,2025-01-29,B0005058,L0005058,3.0,477.0,3.0,7749.0,0.0,12.0,0.333,,77.0,15.48,MAY_PAY,NONE,NONE,BUSINESS_OWNER,MAY_PAY_STALE
0,2024-10-01,B0000177,L0000177,3.0,332.0,0.0,26877.0,0.0,0.0,0.0,,,13.24,NONE,NONE,NONE,SALARIED,NONE
13,2025-10-26,B0012226,L0012226,2.0,422.0,0.0,3534.0,3.0,5.0,0.0,,,19.77,WILL_PAY,OPEN,NONE,SALARIED,WILL_PAY_FRESH
9,2025-06-28,B0009595,L0009595,1.0,864.0,0.0,1488.0,1.0,1.0,0.667,,1.0,10.19,WILL_PAY,OPEN,NONE,SALARIED,WILL_PAY_FRESH
3,2024-12-30,B0003057,L0003057,0.647,808.0,0.0,1835.0,2.0,7.0,0.784,,84.0,16.63,WILL_PAY,NONE,NONE,SELF_EMPLOYED,WILL_PAY_FRESH
4,2025-01-29,B0000864,L0000864,1.273,528.0,0.0,18565.12,2.0,12.0,0.0,0.417,8.0,18.38,NO_COMMITMENT,BROKEN,OPEN,BUSINESS_OWNER,NO_COMMITMENT_FRESH
12,2025-09-26,B0009386,L0009386,3.0,687.0,0.0,22134.0,1.0,16.0,0.333,0.893,12.0,12.1,NO_COMMITMENT,BROKEN,RESCHEDULED,SELF_EMPLOYED,NO_COMMITMENT_FRESH
12,2025-09-26,B0012641,L0012641,0.442,679.0,0.0,5469.43,0.0,0.0,0.0,,,16.89,NONE,NONE,NONE,SALARIED,NONE
2,2024-11-30,B0003749,L0003749,2.0,842.0,3.0,27718.0,1.0,13.0,0.0,,37.0,18.82,MAY_PAY,NONE,NONE,SELF_EMPLOYED,MAY_PAY_STALE
5,2025-02-28,B0006156,L0006156,3.0,650.0,0.0,15933.0,0.0,5.0,0.0,,,12.89,NO_COMMITMENT,OPEN,NONE,SELF_EMPLOYED,NO_COMMITMENT_FRESH
0,2024-10-01,B0002183,L0002183,3.0,356.0,0.0,13212.0,0.0,0.0,0.0,,,13.69,NONE,NONE,NONE,SELF_EMPLOYED,NONE
9,2025-06-28,B0007501,L0007501,4.0,475.0,0.0,24928.0,1.0,6.0,0.0,,4.0,9.7,REFUSES,BROKEN,NONE,SELF_EMPLOYED,REFUSES_FRESH
0,2024-10-01,B0001514,L0001514,1.0,525.0,0.0,12206.0,0.0,0.0,0.0,,,16.75,NONE,NONE,NONE,BUSINESS_OWNER,NONE
6,2025-03-30,B0006152,L0006152,3.0,676.0,0.0,14838.0,1.0,11.0,0.333,,12.0,14.0,WILL_PAY,NONE,NONE,SALARIED,WILL_PAY_FRESH
3,2024-12-30,B0006257,L0006257,1.0,606.0,0.0,2064.0,1.0,2.0,0.0,,,18.22,REFUSES,NONE,NONE,SELF_EMPLOYED,REFUSES_FRESH
4,2025-01-29,B0003539,L0003539,1.0,522.0,0.0,3915.0,1.0,6.0,1.5,1.464,73.0,13.43,WILL_PAY,NONE,BROKEN,SALARIED,WILL_PAY_FRESH
5,2025-02-28,B0006251,L0006251,3.0,441.0,0.0,10158.0,2.0,11.0,0.0,,19.0,14.74,NO_COMMITMENT,BROKEN,NONE,SELF_EMPLOYED,NO_COMMITMENT_FRESH
10,2025-07-28,B0005274,L0005274,2.574,612.0,0.0,119112.0,3.0,12.0,0.809,0.96,48.0,8.0,WILL_PAY,KEPT,HONORED,SELF_EMPLOYED,WILL_PAY_FRESH
9,2025-06-28,B0010102,L0010102,1.0,682.0,0.0,7141.0,1.0,2.0,0.333,,,9.73,MAY_PAY,NONE,NONE,SALARIED,MAY_PAY_FRESH
7,2025-04-29,B0009830,L0009830,0.282,813.0,0.0,852.66,0.0,0.0,0.0,,,10.55,NONE,NONE,NONE,SALARIED,NONE
4,2025-01-29,B0005114,L0005114,2.0,563.0,0.0,10452.0,0.0,4.0,0.333,,,13.05,REFUSES,NONE,NONE,BUSINESS_OWNER,REFUSES_FRESH
5,2025-02-28,B0003573,L0003573,0.813,768.0,0.0,1307.0,3.0,7.0,1.062,1.585,42.0,24.36,WILL_PAY,OPEN,HONORED,BUSINESS_OWNER,WILL_PAY_FRESH
6,2025-03-30,B0004334,L0004334,5.0,324.0,4.0,15265.0,2.0,20.0,0.0,,27.0,17.53,REFUSES,BROKEN,NONE,SELF_EMPLOYED,REFUSES_STALE
2,2024-11-30,B0000805,L0000805,4.0,689.0,0.0,48628.0,1.0,8.0,0.0,,50.0,19.36,MAY_PAY,NONE,NONE,BUSINESS_OWNER,MAY_PAY_FRESH
13,2025-10-26,B0004184,L0004184,4.0,493.0,0.0,23960.0,2.0,9.0,0.0,,136.0,12.82,WILL_PAY,OPEN,NONE,BUSINESS_OWNER,WILL_PAY_FRESH
2,2024-11-30,B0000090,L0000090,3.277,759.0,0.0,2268.0,2.0,5.0,0.241,,50.0,12.55,WILL_PAY,BROKEN,NONE,SALARIED,WILL_PAY_FRESH
6,2025-03-30,B0005734,L0005734,1.0,783.0,0.0,5860.0,1.0,7.0,1.333,1.0,87.0,8.0,MAY_PAY,OPEN,BROKEN,BUSINESS_OWNER,MAY_PAY_FRESH
13,2025-10-26,B0012562,L0012562,1.0,389.0,0.0,2735.0,0.0,1.0,0.0,,,21.87,REFUSES,NONE,NONE,SALARIED,REFUSES_FRESH
10,2025-07-28,B0010131,L0010131,1.0,545.0,2.0,10776.0,0.0,4.0,0.838,,23.0,23.21,WILL_PAY,NONE,NONE,SELF_EMPLOYED,WILL_PAY_STALE
7,2025-04-29,B0007991,L0007991,0.0,843.0,4.0,0.0,1.0,9.0,1.441,,9.0,10.39,WILL_PAY,BROKEN,NONE,SELF_EMPLOYED,WILL_PAY_STALE
13,2025-10-26,B0013252,L0013252,1.0,410.0,0.0,2229.0,0.0,0.0,0.0,,,9.33,NONE,NONE,NONE,SELF_EMPLOYED,NONE
10,2025-07-28,B0005161,L0005161,1.0,517.0,0.0,11662.0,2.0,7.0,1.449,1.044,106.0,9.32,WILL_PAY,BROKEN,HONORED,SELF_EMPLOYED,WILL_PAY_FRESH
11,2025-08-27,B0010699,L0010699,1.0,830.0,0.0,2048.0,2.0,3.0,0.585,1.202,4.0,8.0,WILL_PAY,KEPT,HONORED,SALARIED,WILL_PAY_FRESH
0,2024-10-01,B0002300,L0002300,0.633,890.0,0.0,2351.38,0.0,0.0,0.0,,,11.23,NONE,NONE,NONE,SELF_EMPLOYED,NONE
10,2025-07-28,B0009934,L0009934,0.525,719.0,0.0,1140.0,0.0,8.0,0.825,,,8.0,MAY_PAY,NONE,NONE,SALARIED,MAY_PAY_FRESH
8,2025-05-29,B0006404,L0006404,1.436,645.0,0.0,3584.0,3.0,8.0,1.188,0.995,1.0,15.43,NO_COMMITMENT,OPEN,HONORED,SALARIED,NO_COMMITMENT_FRESH
3,2024-12-30,B0000659,L0000659,6.659,849.0,0.0,27370.0,2.0,14.0,0.114,0.798,15.0,18.42,WILL_PAY,BROKEN,OPEN,SELF_EMPLOYED,WILL_PAY_FRESH
8,2025-05-29,B0008889,L0008889,1.939,579.0,0.0,4435.52,3.0,7.0,0.481,0.961,1.0,10.68,NO_COMMITMENT,OPEN,RESCHEDULED,SALARIED,NO_COMMITMENT_FRESH
12,2025-09-26,B0005354,L0005354,2.129,490.0,0.0,7624.0,2.0,17.0,0.624,0.768,30.0,15.71,NO_COMMITMENT,BROKEN,HONORED,BUSINESS_OWNER,NO_COMMITMENT_FRESH
6,2025-03-30,B0005849,L0005849,1.0,649.0,0.0,6231.0,2.0,8.0,0.661,,14.0,13.82,MAY_PAY,BROKEN,NONE,SELF_EMPLOYED,MAY_PAY_FRESH
12,2025-09-26,B0009030,L0009030,4.0,832.0,0.0,54032.0,1.0,17.0,0.0,,160.0,19.5,WILL_PAY,BROKEN,NONE,SALARIED,WILL_PAY_FRESH
0,2024-10-01,B0003282,L0003282,1.0,576.0,0.0,7344.0,0.0,0.0,0.0,,,23.15,NONE,NONE,NONE,SALARIED,NONE
1,2024-10-31,B0000651,L0000651,1.0,455.0,0.0,1015.0,1.0,1.0,0.0,,,8.74,WILL_PAY,NONE,NONE,SALARIED,WILL_PAY_FRESH
8,2025-05-29,B0009092,L0009092,2.0,685.0,3.0,8524.0,0.0,3.0,0.0,0.0,57.0,8.0,WILL_PAY,NONE,HONORED,SALARIED,WILL_PAY_STALE
13,2025-10-26,B0013286,L0013286,2.0,899.0,0.0,26380.0,0.0,0.0,0.0,,,9.95,NONE,NONE,NONE,SALARIED,NONE
6,2025-03-30,B0004536,L0004536,2.0,506.0,3.0,9822.0,2.0,11.0,0.667,0.761,10.0,15.28,REFUSES,NONE,HONORED,SALARIED,REFUSES_STALE
1,2024-10-31,B0000301,L0000301,4.0,731.0,0.0,55960.0,1.0,3.0,0.0,,8.0,14.49,WILL_PAY,NONE,NONE,SALARIED,WILL_PAY_FRESH
11,2025-08-27,B0005332,L0005332,6.196,403.0,0.0,62700.0,1.0,10.0,0.221,,18.0,14.26,MAY_PAY,OPEN,NONE,SALARIED,MAY_PAY_FRESH
8,2025-05-29,B0010483,L0010483,2.0,829.0,0.0,13980.0,0.0,0.0,0.0,,,16.55,NONE,NONE,NONE,SELF_EMPLOYED,NONE
11,2025-08-27,B0010024,L0010024,3.0,388.0,0.0,11124.0,0.0,8.0,0.0,,,13.68,REFUSES,NONE,NONE,SALARIED,REFUSES_FRESH
11,2025-08-27,B0007420,L0007420,1.0,399.0,3.0,4928.0,0.0,5.0,1.232,1.176,43.0,9.8,DISPUTE,BROKEN,HONORED,SALARIED,DISPUTE_STALE
9,2025-06-28,B0009998,L0009998,2.636,442.0,1.0,43058.23,0.0,4.0,0.284,,,9.8,REFUSES,NONE,NONE,BUSINESS_OWNER,REFUSES_FRESH
4,2025-01-29,B0004666,L0004666,3.615,744.0,0.0,13136.0,2.0,8.0,0.795,1.27,55.0,23.2,REFUSES,BROKEN,HONORED,SALARIED,REFUSES_FRESH
13,2025-10-26,B0007389,L0007389,1.26,300.0,0.0,10216.0,1.0,8.0,1.284,1.178,56.0,21.16,REFUSES,BROKEN,HONORED,SALARIED,REFUSES_FRESH
13,2025-10-26,B0012263,L0012263,2.0,342.0,2.0,14322.0,0.0,5.0,0.0,,,18.27,NO_COMMITMENT,NONE,NONE,SALARIED,NO_COMMITMENT_STALE
12,2025-09-26,B0010590,L0010590,3.0,350.0,0.0,8394.0,0.0,5.0,0.0,,6.0,10.23,REFUSES,BROKEN,NONE,SELF_EMPLOYED,REFUSES_FRESH
9,2025-06-28,B0007832,L0007832,0.638,341.0,0.0,9440.0,2.0,11.0,1.454,,,12.46,MAY_PAY,KEPT,NONE,BUSINESS_OWNER,MAY_PAY_FRESH
3,2024-12-30,B0007147,L0007147,2.0,349.0,0.0,64114.0,0.0,0.0,0.0,,,18.92,NONE,NONE,NONE,SELF_EMPLOYED,NONE
7,2025-04-29,B0009293,L0009293,2.0,430.0,3.0,43892.0,0.0,3.0,0.0,,,13.14,NONE,NONE,NONE,SALARIED,NONE
1,2024-10-31,B0005866,L0005866,1.0,816.0,0.0,9856.0,0.0,0.0,0.0,,,10.63,NONE,NONE,NONE,SELF_EMPLOYED,NONE
3,2024-12-30,B0005398,L0005398,1.0,316.0,0.0,5435.0,0.0,4.0,0.333,,,8.97,REFUSES,NONE,NONE,BUSINESS_OWNER,REFUSES_FRESH
5,2025-02-28,B0007986,L0007986,1.0,577.0,0.0,2430.0,0.0,2.0,0.0,,,21.56,NO_COMMITMENT,NONE,NONE,SALARIED,NO_COMMITMENT_FRESH
10,2025-07-28,B0002857,L0002857,2.913,579.0,0.0,3484.0,2.0,9.0,0.556,1.458,34.0,10.13,WILL_PAY,OPEN,HONORED,SELF_EMPLOYED,WILL_PAY_FRESH
6,2025-03-30,B0006197,L0006197,1.72,320.0,1.0,7996.0,0.0,10.0,0.76,,48.0,22.73,REFUSES,NONE,NONE,SALARIED,REFUSES_FRESH
1,2024-10-31,B0004903,L0004903,1.0,664.0,3.0,4489.0,0.0,3.0,0.0,,,14.73,NONE,NONE,NONE,SALARIED,NONE
3,2024-12-30,B0007272,L0007272,1.0,361.0,0.0,2622.0,0.0,0.0,0.0,,,8.1,NONE,NONE,NONE,SALARIED,NONE
7,2025-04-29,B0006501,L0006501,4.473,312.0,0.0,12720.0,1.0,18.0,0.176,,22.0,19.56,REFUSES,KEPT,NONE,SELF_EMPLOYED,REFUSES_FRESH
9,2025-06-28,B0008869,L0008869,3.0,440.0,0.0,8244.0,0.0,11.0,0.0,,36.0,20.95,REFUSES,NONE,NONE,SELF_EMPLOYED,REFUSES_FRESH
8,2025-05-29,B0009760,L0009760,3.0,583.0,0.0,12957.0,0.0,5.0,0.0,,6.0,13.34,DISPUTE,NONE,NONE,SELF_EMPLOYED,DISPUTE_FRESH
8,2025-05-29,B0006020,L0006020,5.0,587.0,0.0,12800.0,3.0,13.0,0.333,1.662,1.0,14.61,REFUSES,BROKEN,BROKEN,SALARIED,REFUSES_FRESH
5,2025-02-28,B0000996,L0000996,5.395,483.0,0.0,5352.0,1.0,11.0,0.535,1.307,17.0,14.08,WILL_PAY,BROKEN,BROKEN,SALARIED,WILL_PAY_FRESH
10,2025-07-28,B0000156,L0000156,7.0,467.0,0.0,45549.0,3.0,19.0,0.0,,14.0,16.1,REFUSES,BROKEN,NONE,SALARIED,REFUSES_FRESH
13,2025-10-26,B0007367,L0007367,2.0,391.0,0.0,21146.0,3.0,6.0,0.333,0.0,4.0,16.41,HARDSHIP,OPEN,HONORED,SALARIED,HARDSHIP_FRESH
10,2025-07-28,B0007047,L0007047,1.0,494.0,3.0,3443.0,1.0,10.0,1.5,1.304,75.0,9.49,HARDSHIP,KEPT,HONORED,BUSINESS_OWNER,HARDSHIP_STALE
9,2025-06-28,B0010568,L0010568,1.286,718.0,0.0,2252.43,0.0,0.0,0.0,,,12.51,NONE,NONE,NONE,SELF_EMPLOYED,NONE
12,2025-09-26,B0008471,L0008471,2.0,536.0,0.0,25910.0,0.0,8.0,0.667,0.961,145.0,13.06,MAY_PAY,NONE,HONORED,SALARIED,MAY_PAY_FRESH
11,2025-08-27,B0006541,L0006541,2.0,823.0,0.0,14146.0,3.0,6.0,0.808,0.944,84.0,12.64,MAY_PAY,BROKEN,HONORED,SELF_EMPLOYED,MAY_PAY_FRESH
3,2024-12-30,B0003582,L0003582,2.119,633.0,0.0,12503.0,3.0,11.0,0.294,0.694,5.0,13.11,WILL_PAY,BROKEN,BROKEN,SALARIED,WILL_PAY_FRESH
6,2025-03-30,B0003683,L0003683,1.016,628.0,3.0,4644.0,1.0,7.0,0.995,1.159,125.0,11.28,NO_COMMITMENT,KEPT,HONORED,SALARIED,NO_COMMITMENT_STALE
1,2024-10-31,B0003424,L0003424,3.525,691.0,0.0,39953.62,1.0,3.0,0.0,0.985,1.0,17.2,MAY_PAY,OPEN,OPEN,BUSINESS_OWNER,MAY_PAY_FRESH
2,2024-11-30,B0005511,L0005511,1.0,468.0,0.0,4867.0,1.0,1.0,0.0,,26.0,13.7,HARDSHIP,NONE,NONE,BUSINESS_OWNER,HARDSHIP_FRESH
11,2025-08-27,B0011841,L0011841,1.0,796.0,0.0,18474.0,0.0,0.0,0.0,,,15.79,NONE,NONE,NONE,SALARIED,NONE
5,2025-02-28,B0004802,L0004802,2.0,561.0,0.0,5024.0,1.0,8.0,0.935,1.046,3.0,19.91,HARDSHIP,OPEN,OPEN,SALARIED,HARDSHIP_FRESH
11,2025-08-27,B0010850,L0010850,1.0,886.0,0.0,2419.0,1.0,3.0,0.333,,,16.86,DISPUTE,NONE,NONE,SALARIED,DISPUTE_FRESH
2,2024-11-30,B0006204,L0006204,1.0,365.0,0.0,9242.0,0.0,0.0,0.0,,,12.07,NONE,NONE,NONE,BUSINESS_OWNER,NONE
10,2025-07-28,B0010445,L0010445,2.0,529.0,3.0,9046.0,1.0,5.0,0.0,1.336,2.0,12.09,NO_COMMITMENT,NONE,OPEN,BUSINESS_OWNER,NO_COMMITMENT_FRESH
13,2025-10-26,B0010175,L0010175,1.0,859.0,0.0,3725.0,2.0,7.0,0.667,,,9.65,WILL_PAY,OPEN,NONE,SALARIED,WILL_PAY_FRESH
5,2025-02-28,B0008441,L0008441,0.453,395.0,0.0,2836.13,0.0,0.0,0.0,,,19.26,NONE,NONE,NONE,SALARIED,NONE
2,2024-11-30,B0000986,L0000986,0.346,727.0,0.0,1374.0,0.0,4.0,0.218,,,15.14,MAY_PAY,NONE,NONE,SELF_EMPLOYED,MAY_PAY_FRESH
11,2025-08-27,B0010828,L0010828,2.0,860.0,1.0,13926.0,0.0,4.0,0.0,,,17.07,WILL_PAY,BROKEN,NONE,SALARIED,WILL_PAY_FRESH
3,2024-12-30,B0005593,L0005593,1.0,480.0,0.0,19071.0,2.0,5.0,0.333,,,20.03,DISPUTE,KEPT,NONE,SALARIED,DISPUTE_FRESH
5,2025-02-28,B0004175,L0004175,4.797,457.0,3.0,96740.0,0.0,14.0,0.068,,6.0,12.37,MAY_PAY,BROKEN,NONE,BUSINESS_OWNER,MAY_PAY_FRESH
7,2025-04-29,B0008808,L0008808,1.973,465.0,1.0,10738.32,0.0,1.0,0.0,,,16.13,NONE,NONE,NONE,SALARIED,NONE
10,2025-07-28,B0007185,L0007185,2.0,636.0,3.0,17426.0,1.0,9.0,1.238,0.954,65.0,10.44,WILL_PAY,BROKEN,HONORED,SALARIED,WILL_PAY_STALE
13,2025-10-26,B0010269,L0010269,4.0,699.0,0.0,66504.0,0.0,6.0,0.0,,44.0,10.12,NO_COMMITMENT,NONE,NONE,SELF_EMPLOYED,NO_COMMITMENT_FRESH
4,2025-01-29,B0005016,L0005016,2.0,807.0,0.0,12638.0,0.0,5.0,0.333,0.0,48.0,15.5,WILL_PAY,NONE,HONORED,SALARIED,WILL_PAY_FRESH
4,2025-01-29,B0006248,L0006248,1.346,770.0,4.0,4530.0,0.0,6.0,0.218,,,16.46,MAY_PAY,NONE,NONE,SALARIED,MAY_PAY_STALE
6,2025-03-30,B0009071,L0009071,1.0,639.0,0.0,1298.0,0.0,0.0,0.0,,,13.03,NONE,NONE,NONE,SELF_EMPLOYED,NONE
13,2025-10-26,B0007265,L0007265,4.671,412.0,5.0,14195.0,0.0,17.0,0.443,1.424,1.0,18.93,NO_COMMITMENT,KEPT,OPEN,SALARIED,NO_COMMITMENT_FRESH
12,2025-09-26,B0007669,L0007669,4.576,564.0,9.0,128515.0,0.0,15.0,0.141,,27.0,22.03,NO_COMMITMENT,BROKEN,NONE,BUSINESS_OWNER,NO_COMMITMENT_STALE
13,2025-10-26,B0000638,L0000638,5.709,692.0,0.0,40116.0,0.0,12.0,0.0,,42.0,14.9,REFUSES,KEPT,NONE,SELF_EMPLOYED,REFUSES_FRESH
10,2025-07-28,B0008070,L0008070,4.0,321.0,0.0,45620.0,0.0,19.0,0.333,1.095,13.0,11.29,REFUSES,NONE,OPEN,BUSINESS_OWNER,REFUSES_FRESH
0,2024-10-01,B0001226,L0001226,4.0,539.0,0.0,47868.0,0.0,0.0,0.0,,,21.85,NONE,NONE,NONE,SALARIED,NONE
8,2025-05-29,B0000112,L0000112,1.0,747.0,0.0,2991.0,0.0,7.0,0.832,0.0,121.0,10.51,NO_COMMITMENT,KEPT,HONORED,SALARIED,NO_COMMITMENT_FRESH
6,2025-03-30,B0006219,L0006219,2.611,847.0,0.0,44847.57,3.0,12.0,0.667,,,16.29,WILL_PAY,BROKEN,NONE,SALARIED,WILL_PAY_FRESH
5,2025-02-28,B0004313,L0004313,4.234,439.0,5.0,50285.0,0.0,14.0,0.255,,9.0,15.49,MAY_PAY,BROKEN,NONE,SELF_EMPLOYED,MAY_PAY_STALE
2,2024-11-30,B0004007,L0004007,5.0,700.0,0.0,34185.0,5.0,10.0,0.0,0.56,17.0,16.47,WILL_PAY,OPEN,BROKEN,SALARIED,WILL_PAY_FRESH
9,2025-06-28,B0008474,L0008474,2.772,579.0,0.0,28000.0,4.0,10.0,0.409,,25.0,10.0,WILL_PAY,OPEN,NONE,BUSINESS_OWNER,WILL_PAY_FRESH
1,2024-10-31,B0003467,L0003467,3.276,335.0,5.0,5880.0,0.0,5.0,0.241,,,13.51,NONE,NONE,NONE,BUSINESS_OWNER,NONE
12,2025-09-26,B0012407,L0012407,1.229,692.0,0.0,27909.92,0.0,0.0,0.0,,,14.04,NONE,NONE,NONE,SALARIED,NONE
7,2025-04-29,B0000950,L0000950,0.946,413.0,0.0,1744.0,1.0,3.0,0.667,0.802,98.0,11.39,MAY_PAY,KEPT,HONORED,SALARIED,MAY_PAY_FRESH
4,2025-01-29,B0001760,L0001760,3.0,386.0,8.0,28416.0,0.0,9.0,0.333,,27.0,13.63,REFUSES,NONE,NONE,SALARIED,REFUSES_STALE
6,2025-03-30,B0002796,L0002796,5.0,422.0,0.0,69375.0,3.0,18.0,0.0,,54.0,18.34,HARDSHIP,BROKEN,NONE,SALARIED,HARDSHIP_FRESH
11,2025-08-27,B0009374,L0009374,1.363,334.0,0.0,11986.0,5.0,7.0,0.546,,,8.64,WILL_PAY,OPEN,NONE,SELF_EMPLOYED,WILL_PAY_FRESH
3,2024-12-30,B0006229,L0006229,1.0,396.0,4.0,10501.0,0.0,4.0,0.0,,,15.75,NONE,NONE,NONE,SALARIED,NONE
7,2025-04-29,B0009032,L0009032,1.0,516.0,1.0,10344.0,0.0,1.0,0.0,,,17.1,NONE,NONE,NONE,SELF_EMPLOYED,NONE
13,2025-10-26,B0011491,L0011491,2.0,718.0,0.0,6706.0,2.0,8.0,1.0,0.988,25.0,8.0,WILL_PAY,KEPT,HONORED,SALARIED,WILL_PAY_FRESH
8,2025-05-29,B0005372,L0005372,7.951,322.0,5.0,56832.0,1.0,15.0,0.0,,21.0,9.54,DISPUTE,BROKEN,NONE,SALARIED,DISPUTE_STALE
5,2025-02-28,B0004781,L0004781,0.389,834.0,0.0,3052.0,2.0,9.0,0.537,0.634,41.0,15.6,WILL_PAY,OPEN,BROKEN,SELF_EMPLOYED,WILL_PAY_FRESH
10,2025-07-28,B0008174,L0008174,5.0,354.0,2.0,58045.0,1.0,11.0,0.0,,36.0,21.43,REFUSES,BROKEN,NONE,SELF_EMPLOYED,REFUSES_STALE
6,2025-03-30,B0002365,L0002365,4.641,536.0,0.0,5509.0,1.0,16.0,0.197,1.283,44.0,19.99,MAY_PAY,BROKEN,HONORED,BUSINESS_OWNER,MAY_PAY_FRESH
4,2025-01-29,B0006082,L0006082,3.0,529.0,0.0,3747.0,2.0,4.0,0.0,,11.0,10.26,DISPUTE,OPEN,NONE,SALARIED,DISPUTE_FRESH
0,2024-10-01,B0001118,L0001118,3.0,820.0,0.0,8334.0,0.0,0.0,0.0,,,17.36,NONE,NONE,NONE,BUSINESS_OWNER,NONE
11,2025-08-27,B0010029,L0010029,3.0,440.0,5.0,30801.0,1.0,14.0,0.0,,,8.0,NO_COMMITMENT,BROKEN,NONE,SELF_EMPLOYED,NO_COMMITMENT_STALE
9,2025-06-28,B0000450,L0000450,3.0,314.0,3.0,55362.0,0.0,12.0,0.0,,12.0,9.92,REFUSES,BROKEN,NONE,SALARIED,REFUSES_STALE
2,2024-11-30,B0001238,L0001238,4.993,336.0,0.0,28761.47,0.0,9.0,0.0,,49.0,15.5,NO_COMMITMENT,NONE,NONE,SALARIED,NO_COMMITMENT_FRESH
6,2025-03-30,B0008139,L0008139,1.0,324.0,0.0,3899.0,0.0,2.0,0.0,,,10.48,REFUSES,NONE,NONE,BUSINESS_OWNER,REFUSES_FRESH
8,2025-05-29,B0008250,L0008250,2.0,569.0,0.0,4972.0,3.0,7.0,0.333,,,21.84,NO_COMMITMENT,BROKEN,NONE,SALARIED,NO_COMMITMENT_FRESH
11,2025-08-27,B0010367,L0010367,1.0,368.0,0.0,14143.0,0.0,8.0,1.0,,44.0,15.85,NO_COMMITMENT,KEPT,NONE,BUSINESS_OWNER,NO_COMMITMENT_FRESH
13,2025-10-26,B0009576,L0009576,5.0,403.0,0.0,6745.0,2.0,14.0,0.0,1.055,5.0,14.87,WILL_PAY,OPEN,HONORED,SELF_EMPLOYED,WILL_PAY_FRESH
7,2025-04-29,B0006669,L0006669,4.0,531.0,6.0,38344.0,1.0,14.0,0.0,,,15.38,REFUSES,BROKEN,NONE,SELF_EMPLOYED,REFUSES_STALE
10,2025-07-28,B0006890,L0006890,0.692,777.0,0.0,4500.0,1.0,4.0,0.769,1.241,45.0,12.95,MAY_PAY,OPEN,HONORED,SELF_EMPLOYED,MAY_PAY_FRESH
1,2024-10-31,B0004291,L0004291,3.478,742.0,0.0,28298.14,1.0,4.0,0.333,,12.0,20.31,MAY_PAY,NONE,NONE,SELF_EMPLOYED,MAY_PAY_FRESH
6,2025-03-30,B0007827,L0007827,1.0,830.0,1.0,2172.0,1.0,2.0,0.333,,,19.3,MAY_PAY,NONE,NONE,SELF_EMPLOYED,MAY_PAY_STALE
9,2025-06-28,B0010137,L0010137,1.586,756.0,0.0,10084.39,1.0,2.0,0.0,,,16.68,REFUSES,OPEN,NONE,SALARIED,REFUSES_FRESH
13,2025-10-26,B0011863,L0011863,3.031,605.0,0.0,13338.96,3.0,17.0,0.174,1.131,9.0,15.04,NO_COMMITMENT,BROKEN,BROKEN,BUSINESS_OWNER,NO_COMMITMENT_FRESH
2,2024-11-30,B0000207,L0000207,3.0,642.0,7.0,49728.0,2.0,11.0,0.0,,,18.86,NO_COMMITMENT,BROKEN,NONE,BUSINESS_OWNER,NO_COMMITMENT_STALE
13,2025-10-26,B0005553,L0005553,3.816,402.0,0.0,73520.0,2.0,12.0,0.667,1.311,85.0,17.71,NO_COMMITMENT,KEPT,HONORED,SELF_EMPLOYED,NO_COMMITMENT_FRESH
10,2025-07-28,B0005569,L0005569,2.0,387.0,1.0,5710.0,2.0,6.0,0.333,,152.0,8.19,REFUSES,OPEN,NONE,SELF_EMPLOYED,REFUSES_FRESH
1,2024-10-31,B0003001,L0003001,2.0,746.0,0.0,4560.0,1.0,3.0,0.333,,1.0,15.63,REFUSES,NONE,NONE,SALARIED,REFUSES_FRESH
3,2024-12-30,B0003606,L0003606,3.676,467.0,0.0,15257.08,2.0,12.0,0.386,,44.0,13.09,NO_COMMITMENT,BROKEN,NONE,SALARIED,NO_COMMITMENT_FRESH
11,2025-08-27,B0009275,L0009275,4.268,606.0,3.0,21560.0,0.0,14.0,0.205,1.341,35.0,17.19,REFUSES,NONE,BROKEN,SELF_EMPLOYED,REFUSES_STALE
5,2025-02-28,B0004408,L0004408,2.0,883.0,0.0,5538.0,1.0,4.0,0.603,0.846,81.0,13.15,WILL_PAY,BROKEN,HONORED,SALARIED,WILL_PAY_FRESH
5,2025-02-28,B0000721,L0000721,5.252,389.0,4.0,14538.68,0.0,15.0,0.538,1.093,3.0,24.59,REFUSES,NONE,OPEN,SALARIED,REFUSES_FRESH
1,2024-10-31,B0001578,L0001578,1.0,436.0,4.0,10133.0,0.0,4.0,0.0,,,9.28,NONE,NONE,NONE,SALARIED,NONE
11,2025-08-27,B0006709,L0006709,1.682,622.0,0.0,8674.0,3.0,12.0,0.773,1.0,28.0,18.19,WILL_PAY,OPEN,HONORED,BUSINESS_OWNER,WILL_PAY_FRESH
11,2025-08-27,B0009649,L0009649,4.0,497.0,3.0,6508.0,3.0,13.0,0.0,0.838,34.0,16.38,WILL_PAY,BROKEN,BROKEN,SELF_EMPLOYED,WILL_PAY_STALE
12,2025-09-26,B0006961,L0006961,3.557,800.0,0.0,84565.0,6.0,15.0,0.481,,57.0,16.02,HARDSHIP,OPEN,NONE,BUSINESS_OWNER,HARDSHIP_FRESH
6,2025-03-30,B0006482,L0006482,2.187,303.0,0.0,20994.0,0.0,5.0,0.604,,45.0,13.45,REFUSES,KEPT,NONE,SELF_EMPLOYED,REFUSES_FRESH
3,2024-12-30,B0003247,L0003247,6.0,691.0,4.0,118278.0,0.0,18.0,0.0,,49.0,11.7,REFUSES,BROKEN,NONE,SELF_EMPLOYED,REFUSES_STALE
9,2025-06-28,B0007669,L0007669,2.0,545.0,4.0,56166.0,2.0,11.0,0.667,,16.0,22.03,REFUSES,BROKEN,NONE,BUSINESS_OWNER,REFUSES_STALE
10,2025-07-28,B0010138,L0010138,1.0,726.0,0.0,3873.0,0.0,2.0,0.333,,,18.77,NO_COMMITMENT,NONE,NONE,SELF_EMPLOYED,NO_COMMITMENT_FRESH
7,2025-04-29,B0008829,L0008829,1.0,687.0,0.0,10037.0,1.0,3.0,0.0,,,11.94,MAY_PAY,OPEN,NONE,SALARIED,MAY_PAY_FRESH
10,2025-07-28,B0008718,L0008718,1.649,524.0,0.0,17946.0,0.0,4.0,0.45,,34.0,14.98,NO_COMMITMENT,NONE,NONE,SALARIED,NO_COMMITMENT_FRESH
0,2024-10-01,B0004674,L0004674,1.278,442.0,0.0,1920.26,0.0,0.0,0.0,,,14.9,NONE,NONE,NONE,SALARIED,NONE
3,2024-12-30,B0004515,L0004515,0.422,593.0,0.0,7080.0,1.0,7.0,0.859,0.422,10.0,17.41,WILL_PAY,KEPT,BROKEN,SALARIED,WILL_PAY_FRESH
10,2025-07-28,B0009207,L0009207,3.0,684.0,5.0,20607.0,1.0,10.0,0.333,,10.0,9.91,NO_COMMITMENT,NONE,NONE,SALARIED,NO_COMMITMENT_STALE
4,2025-01-29,B0001834,L0001834,7.397,384.0,0.0,9919.14,0.0,12.0,0.0,1.218,15.0,20.18,REFUSES,OPEN,BROKEN,SELF_EMPLOYED,REFUSES_FRESH
2,2024-11-30,B0003135,L0003135,2.0,499.0,0.0,18242.0,0.0,7.0,0.0,,44.0,15.11,NO_COMMITMENT,NONE,NONE,SELF_EMPLOYED,NO_COMMITMENT_FRESH
11,2025-08-27,B0010138,L0010138,2.0,726.0,0.0,7746.0,1.0,3.0,0.333,,,18.77,NO_COMMITMENT,NONE,NONE,SELF_EMPLOYED,NO_COMMITMENT_FRESH
7,2025-04-29,B0007709,L0007709,1.0,551.0,0.0,16543.0,1.0,2.0,0.667,,66.0,18.47,MAY_PAY,BROKEN,NONE,BUSINESS_OWNER,MAY_PAY_FRESH
9,2025-06-28,B0010141,L0010141,3.0,451.0,3.0,71556.0,1.0,4.0,0.0,0.831,14.0,14.16,NO_COMMITMENT,BROKEN,RESCHEDULED,SELF_EMPLOYED,NO_COMMITMENT_STALE
2,2024-11-30,B0001181,L0001181,1.0,508.0,0.0,6864.0,0.0,9.0,0.0,,,12.64,MAY_PAY,BROKEN,NONE,SELF_EMPLOYED,MAY_PAY_FRESH
10,2025-07-28,B0007547,L0007547,1.681,619.0,3.0,26612.0,0.0,8.0,1.106,,,12.15,WILL_PAY,KEPT,NONE,SALARIED,WILL_PAY_STALE
5,2025-02-28,B0000336,L0000336,3.0,400.0,0.0,7437.0,0.0,8.0,0.0,,2.0,20.3,HARDSHIP,BROKEN,NONE,SELF_EMPLOYED,HARDSHIP_FRESH
12,2025-09-26,B0008763,L0008763,5.0,487.0,4.0,8080.0,2.0,12.0,0.0,,,17.52,MAY_PAY,NONE,NONE,SALARIED,MAY_PAY_STALE
0,2024-10-01,B0003582,L0003582,3.0,628.0,0.0,17703.0,0.0,0.0,0.0,,,13.11,NONE,NONE,NONE,SALARIED,NONE
5,2025-02-28,B0005375,L0005375,2.0,433.0,0.0,16372.0,1.0,4.0,0.667,,,8.0,REFUSES,NONE,NONE,SELF_EMPLOYED,REFUSES_FRESH
2,2024-11-30,B0005730,L0005730,3.0,824.0,0.0,114927.0,1.0,5.0,0.0,,,15.78,MAY_PAY,NONE,NONE,SALARIED,MAY_PAY_FRESH
6,2025-03-30,B0004916,L0004916,2.0,498.0,0.0,8844.0,0.0,7.0,0.333,,100.0,10.86,REFUSES,NONE,NONE,SELF_EMPLOYED,REFUSES_FRESH
0,2024-10-01,B0002934,L0002934,5.0,668.0,0.0,21090.0,0.0,0.0,0.0,,,9.46,NONE,NONE,NONE,SALARIED,NONE
0,2024-10-01,B0003164,L0003164,2.0,609.0,0.0,37224.0,0.0,0.0,0.0,,,13.35,NONE,NONE,NONE,BUSINESS_OWNER,NONE
0,2024-10-01,B0002559,L0002559,3.0,811.0,0.0,46659.0,0.0,0.0,0.0,,,12.51,NONE,NONE,NONE,SELF_EMPLOYED,NONE
1,2024-10-31,B0000293,L0000293,9.0,870.0,0.0,36801.0,1.0,2.0,0.0,,,17.68,WILL_PAY,OPEN,NONE,SALARIED,WILL_PAY_FRESH
8,2025-05-29,B0008348,L0008348,2.0,446.0,9.0,20632.0,0.0,9.0,0.333,,,20.95,NONE,NONE,NONE,SALARIED,NONE
10,2025-07-28,B0010286,L0010286,1.479,730.0,1.0,4826.0,0.0,6.0,0.174,,38.0,18.58,WILL_PAY,KEPT,NONE,SALARIED,WILL_PAY_FRESH
0,2024-10-01,B0000950,L0000950,1.391,433.0,0.0,2564.92,0.0,0.0,0.0,,,11.39,NONE,NONE,NONE,SALARIED,NONE
12,2025-09-26,B0008604,L0008604,1.977,637.0,0.0,8424.0,1.0,9.0,1.0,0.993,43.0,10.65,REFUSES,KEPT,BROKEN,SALARIED,REFUSES_FRESH
6,2025-03-30,B0006953,L0006953,2.555,521.0,2.0,20092.0,0.0,8.0,0.148,,,11.93,MAY_PAY,NONE,NONE,BUSINESS_OWNER,MAY_PAY_STALE
3,2024-12-30,B0006700,L0006700,1.0,705.0,0.0,5202.0,0.0,0.0,0.0,,,12.54,NONE,NONE,NONE,SELF_EMPLOYED,NONE
7,2025-04-29,B0009007,L0009007,1.0,820.0,0.0,3629.0,0.0,0.0,0.667,,,15.97,NONE,NONE,NONE,SALARIED,NONE
2,2024-11-30,B0001692,L0001692,2.0,724.0,6.0,5940.0,0.0,6.0,0.0,,,26.73,NONE,NONE,NONE,SELF_EMPLOYED,NONE
9,2025-06-28,B0007599,L0007599,3.529,402.0,4.0,72756.0,0.0,16.0,0.157,,2.0,17.23,NO_COMMITMENT,NONE,NONE,SELF_EMPLOYED,NO_COMMITMENT_FRESH
1,2024-10-31,B0002839,L0002839,2.0,424.0,1.0,3828.0,0.0,3.0,0.333,1.178,7.0,10.33,NO_COMMITMENT,NONE,OPEN,SALARIED,NO_COMMITMENT_FRESH
9,2025-06-28,B0007987,L0007987,2.363,828.0,1.0,5568.0,4.0,12.0,0.546,,58.0,16.01,WILL_PAY,BROKEN,NONE,SELF_EMPLOYED,WILL_PAY_FRESH
0,2024-10-01,B0003811,L0003811,1.333,448.0,0.0,3593.78,0.0,0.0,0.0,,,15.49,NONE,NONE,NONE,BUSINESS_OWNER,NONE
5,2025-02-28,B0003321,L0003321,1.0,504.0,0.0,24001.0,0.0,4.0,1.0,,38.0,19.2,NO_COMMITMENT,KEPT,NONE,SALARIED,NO_COMMITMENT_FRESH
0,2024-10-01,B0003231,L0003231,3.0,347.0,0.0,20025.0,0.0,0.0,0.0,,,8.0,NONE,NONE,NONE,SALARIED,NONE
5,2025-02-28,B0002938,L0002938,5.0,350.0,0.0,18690.0,0.0,9.0,0.0,,49.0,11.26,MAY_PAY,BROKEN,NONE,SALARIED,MAY_PAY_FRESH
12,2025-09-26,B0009964,L0009964,2.467,574.0,0.0,1389.0,3.0,8.0,0.511,0.0,9.0,12.52,MAY_PAY,OPEN,HONORED,SALARIED,MAY_PAY_FRESH
12,2025-09-26,B0007400,L0007400,7.591,602.0,0.0,56718.26,5.0,14.0,0.0,,21.0,9.29,DISPUTE,BROKEN,NONE,SALARIED,DISPUTE_FRESH
4,2025-01-29,B0007945,L0007945,1.0,400.0,0.0,6093.0,0.0,0.0,0.0,,,23.19,NONE,NONE,NONE,SALARIED,NONE
7,2025-04-29,B0006825,L0006825,4.0,339.0,0.0,45360.0,2.0,6.0,0.0,0.847,19.0,19.08,REFUSES,OPEN,BROKEN,SALARIED,REFUSES_FRESH
5,2025-02-28,B0005064,L0005064,4.0,807.0,0.0,19424.0,3.0,11.0,0.0,0.476,50.0,19.05,WILL_PAY,OPEN,BROKEN,SELF_EMPLOYED,WILL_PAY_FRESH
12,2025-09-26,B0005910,L0005910,0.427,483.0,0.0,744.0,2.0,8.0,0.858,,36.0,12.15,NO_COMMITMENT,BROKEN,NONE,SALARIED,NO_COMMITMENT_FRESH
12,2025-09-26,B0003142,L0003142,5.0,576.0,3.0,11495.0,2.0,14.0,0.333,,21.0,17.77,MAY_PAY,BROKEN,NONE,SALARIED,MAY_PAY_STALE
13,2025-10-26,B0011233,L0011233,1.714,747.0,0.0,10188.0,3.0,5.0,0.429,,,11.42,WILL_PAY,OPEN,NONE,BUSINESS_OWNER,WILL_PAY_FRESH
10,2025-07-28,B0011695,L0011695,1.0,320.0,0.0,7951.0,0.0,0.0,0.0,,,21.17,NONE,NONE,NONE,SALARIED,NONE
7,2025-04-29,B0009272,L0009272,1.0,647.0,0.0,2194.0,2.0,3.0,0.0,,,8.0,WILL_PAY,OPEN,NONE,SALARIED,WILL_PAY_FRESH
5,2025-02-28,B0005528,L0005528,3.559,429.0,0.0,6452.0,3.0,12.0,0.147,,10.0,18.21,REFUSES,OPEN,NONE,SALARIED,REFUSES_FRESH
7,2025-04-29,B0007265,L0007265,2.0,446.0,2.0,6078.0,0.0,4.0,0.333,,9.0,18.93,REFUSES,BROKEN,NONE,SALARIED,REFUSES_STALE
12,2025-09-26,B0010070,L0010070,4.0,614.0,0.0,8964.0,2.0,9.0,0.0,1.0,16.0,14.67,NO_COMMITMENT,BROKEN,BROKEN,SELF_EMPLOYED,NO_COMMITMENT_FRESH
11,2025-08-27,B0010351,L0010351,2.0,493.0,0.0,10400.0,3.0,8.0,0.333,0.718,53.0,8.0,MAY_PAY,KEPT,BROKEN,SELF_EMPLOYED,MAY_PAY_FRESH
11,2025-08-27,B0012015,L0012015,1.0,709.0,0.0,5861.0,0.0,0.0,0.0,,,10.63,NONE,NONE,NONE,SALARIED,NONE
13,2025-10-26,B0005205,L0005205,0.759,575.0,0.0,3780.0,2.0,7.0,0.747,,351.0,12.75,WILL_PAY,OPEN,NONE,SELF_EMPLOYED,WILL_PAY_FRESH
10,2025-07-28,B0006650,L0006650,2.0,662.0,0.0,34528.0,2.0,6.0,0.667,,21.0,12.05,NO_COMMITMENT,OPEN,NONE,SALARIED,NO_COMMITMENT_FRESH
8,2025-05-29,B0007249,L0007249,2.0,789.0,0.0,6950.0,3.0,8.0,1.242,1.117,70.0,17.4,WILL_PAY,KEPT,BROKEN,SELF_EMPLOYED,WILL_PAY_FRESH
3,2024-12-30,B0005679,L0005679,1.0,808.0,0.0,4990.0,3.0,3.0,1.0,,22.0,15.4,WILL_PAY,OPEN,NONE,SALARIED,WILL_PAY_FRESH
1,2024-10-31,B0005824,L0005824,2.0,590.0,0.0,4688.0,0.0,0.0,0.0,,,8.0,NONE,NONE,NONE,SELF_EMPLOYED,NONE
8,2025-05-29,B0006989,L0006989,1.0,313.0,0.0,712.0,4.0,4.0,0.667,,5.0,16.24,MAY_PAY,OPEN,NONE,BUSINESS_OWNER,MAY_PAY_FRESH
10,2025-07-28,B0010934,L0010934,1.0,488.0,0.0,18240.0,1.0,2.0,0.0,,,24.96,NO_COMMITMENT,OPEN,NONE,SALARIED,NO_COMMITMENT_FRESH
5,2025-02-28,B0005404,L0005404,2.0,824.0,0.0,11438.0,0.0,4.0,0.333,,,8.36,WILL_PAY,NONE,NONE,SALARIED,WILL_PAY_FRESH
7,2025-04-29,B0008497,L0008497,2.0,572.0,0.0,12326.0,0.0,3.0,0.476,,35.0,14.91,WILL_PAY,NONE,NONE,SALARIED,WILL_PAY_FRESH
4,2025-01-29,B0005641,L0005641,1.0,300.0,3.0,17685.0,0.0,8.0,0.667,,,16.72,REFUSES,KEPT,NONE,SALARIED,REFUSES_STALE
6,2025-03-30,B0007025,L0007025,2.328,426.0,0.0,67853.0,0.0,8.0,0.224,,11.0,19.81,REFUSES,NONE,NONE,BUSINESS_OWNER,REFUSES_FRESH
5,2025-02-28,B0007911,L0007911,1.0,468.0,0.0,4053.0,0.0,1.0,0.0,,18.0,10.95,REFUSES,NONE,NONE,BUSINESS_OWNER,REFUSES_FRESH
4,2025-01-29,B0005654,L0005654,1.936,586.0,0.0,18203.0,1.0,8.0,0.355,0.57,12.0,8.0,MAY_PAY,NONE,RESCHEDULED,SALARIED,MAY_PAY_FRESH
8,2025-05-29,B0007625,L0007625,3.0,348.0,4.0,7863.0,0.0,15.0,0.333,,14.0,11.92,REFUSES,NONE,NONE,SALARIED,REFUSES_STALE
0,2024-10-01,B0002174,L0002174,3.0,480.0,0.0,13431.0,0.0,0.0,0.0,,,15.08,NONE,NONE,NONE,SELF_EMPLOYED,NONE
10,2025-07-28,B0008449,L0008449,5.0,699.0,0.0,39025.0,3.0,16.0,0.0,0.457,2.0,16.91,MAY_PAY,OPEN,BROKEN,SELF_EMPLOYED,MAY_PAY_FRESH
0,2024-10-01,B0000565,L0000565,5.664,328.0,0.0,12460.04,0.0,0.0,0.0,,,18.16,NONE,NONE,NONE,SALARIED,NONE
3,2024-12-30,B0006598,L0006598,1.851,428.0,0.0,41826.11,0.0,0.0,0.0,,,9.3,NONE,NONE,NONE,SELF_EMPLOYED,NONE
1,2024-10-31,B0001845,L0001845,3.0,695.0,3.0,12564.0,0.0,3.0,0.0,,27.0,16.07,NO_COMMITMENT,NONE,NONE,SELF_EMPLOYED,NO_COMMITMENT_STALE
6,2025-03-30,B0009023,L0009023,0.698,835.0,0.0,29182.67,0.0,0.0,0.0,,,17.66,NONE,NONE,NONE,SALARIED,NONE
11,2025-08-27,B0011214,L0011214,1.0,685.0,0.0,23675.0,1.0,3.0,0.0,,,8.11,REFUSES,NONE,NONE,SALARIED,REFUSES_FRESH
9,2025-06-28,B0004023,L0004023,1.183,531.0,1.0,11842.0,3.0,13.0,1.373,0.674,10.0,15.18,WILL_PAY,BROKEN,OPEN,SELF_EMPLOYED,WILL_PAY_FRESH
12,2025-09-26,B0009987,L0009987,2.0,328.0,0.0,4750.0,0.0,9.0,1.0,1.163,75.0,16.58,NO_COMMITMENT,NONE,HONORED,SALARIED,NO_COMMITMENT_FRESH
2,2024-11-30,B0001357,L0001357,2.0,370.0,0.0,19858.0,3.0,7.0,0.667,,,13.97,MAY_PAY,NONE,NONE,SALARIED,MAY_PAY_FRESH
11,2025-08-27,B0012036,L0012036,1.0,693.0,0.0,870.0,0.0,0.0,0.0,,,10.48,NONE,NONE,NONE,SELF_EMPLOYED,NONE
10,2025-07-28,B0009658,L0009658,2.12,760.0,4.0,17406.41,2.0,12.0,0.768,,34.0,16.78,MAY_PAY,KEPT,NONE,SALARIED,MAY_PAY_STALE
5,2025-02-28,B0000452,L0000452,6.445,720.0,14.0,16268.0,0.0,14.0,0.0,,83.0,16.8,REFUSES,NONE,NONE,BUSINESS_OWNER,REFUSES_STALE
9,2025-06-28,B0007414,L0007414,2.0,822.0,3.0,10814.0,0.0,8.0,1.0,,,15.91,REFUSES,KEPT,NONE,BUSINESS_OWNER,REFUSES_STALE
5,2025-02-28,B0005531,L0005531,2.0,448.0,0.0,8448.0,1.0,5.0,0.667,0.0,83.0,21.25,MAY_PAY,BROKEN,HONORED,SELF_EMPLOYED,MAY_PAY_FRESH
5,2025-02-28,B0006112,L0006112,1.338,684.0,4.0,16182.0,0.0,4.0,0.554,,,8.0,NONE,NONE,NONE,SALARIED,NONE
2,2024-11-30,B0001505,L0001505,1.828,823.0,3.0,7336.25,4.0,7.0,0.266,,48.0,14.7,MAY_PAY,KEPT,NONE,SALARIED,MAY_PAY_STALE
0,2024-10-01,B0003787,L0003787,8.0,356.0,0.0,30808.0,0.0,0.0,0.0,,,15.82,NONE,NONE,NONE,SELF_EMPLOYED,NONE
2,2024-11-30,B0002049,L0002049,3.0,543.0,0.0,4836.0,2.0,10.0,0.333,0.658,23.0,14.23,HARDSHIP,NONE,BROKEN,SELF_EMPLOYED,HARDSHIP_FRESH
9,2025-06-28,B0008460,L0008460,2.884,538.0,3.0,9902.0,1.0,8.0,0.039,,,16.19,WILL_PAY,BROKEN,NONE,BUSINESS_OWNER,WILL_PAY_STALE
3,2024-12-30,B0002331,L0002331,2.0,832.0,0.0,16524.0,1.0,6.0,0.333,,,10.61,WILL_PAY,OPEN,NONE,SALARIED,WILL_PAY_FRESH
9,2025-06-28,B0008946,L0008946,1.0,749.0,0.0,1915.0,3.0,5.0,0.667,,48.0,15.66,WILL_PAY,NONE,NONE,SELF_EMPLOYED,WILL_PAY_FRESH
6,2025-03-30,B0005931,L0005931,5.0,423.0,6.0,35080.0,0.0,11.0,0.0,,48.0,19.92,REFUSES,BROKEN,NONE,SALARIED,REFUSES_STALE
8,2025-05-29,B0000557,L0000557,5.55,463.0,0.0,22188.0,0.0,10.0,0.15,,8.0,8.9,REFUSES,NONE,NONE,SELF_EMPLOYED,REFUSES_FRESH
7,2025-04-29,B0008672,L0008672,3.0,600.0,3.0,5598.0,2.0,6.0,0.0,,24.0,20.3,MAY_PAY,NONE,NONE,SALARIED,MAY_PAY_STALE
10,2025-07-28,B0008266,L0008266,2.0,681.0,0.0,28764.0,0.0,13.0,1.0,1.172,17.0,15.91,REFUSES,BROKEN,HONORED,SALARIED,REFUSES_FRESH
6,2025-03-30,B0005741,L0005741,4.283,313.0,0.0,10160.0,2.0,9.0,0.333,,16.0,17.82,NO_COMMITMENT,KEPT,NONE,SALARIED,NO_COMMITMENT_FRESH
1,2024-10-31,B0004491,L0004491,1.899,530.0,0.0,15101.93,1.0,6.0,0.0,,,15.25,WILL_PAY,OPEN,NONE,BUSINESS_OWNER,WILL_PAY_FRESH
13,2025-10-26,B0010990,L0010990,5.0,693.0,0.0,27360.0,0.0,12.0,0.0,,6.0,15.84,REFUSES,OPEN,NONE,SELF_EMPLOYED,REFUSES_FRESH
9,2025-06-28,B0000329,L0000329,1.0,525.0,0.0,2248.0,3.0,5.0,1.155,1.065,86.0,14.18,WILL_PAY,KEPT,HONORED,SELF_EMPLOYED,WILL_PAY_FRESH
13,2025-10-26,B0012952,L0012952,1.0,584.0,0.0,10184.0,0.0,0.0,0.0,,,8.0,NONE,NONE,NONE,SALARIED,NONE
1,2024-10-31,B0001420,L0001420,6.395,768.0,0.0,31327.05,0.0,5.0,0.0,,,15.67,REFUSES,NONE,NONE,BUSINESS_OWNER,REFUSES_FRESH
12,2025-09-26,B0010834,L0010834,2.486,300.0,7.0,17244.0,0.0,10.0,0.505,,1.0,21.76,REFUSES,NONE,NONE,BUSINESS_OWNER,REFUSES_FRESH
6,2025-03-30,B0008664,L0008664,1.703,528.0,0.0,3701.59,1.0,4.0,0.0,,,15.05,REFUSES,NONE,NONE,SELF_EMPLOYED,REFUSES_FRESH
2,2024-11-30,B0003069,L0003069,1.806,815.0,0.0,20518.0,0.0,4.0,0.065,,,8.47,MAY_PAY,NONE,NONE,SELF_EMPLOYED,MAY_PAY_FRESH
3,2024-12-30,B0002280,L0002280,1.0,660.0,0.0,6902.0,3.0,4.0,0.667,1.0,65.0,10.39,HARDSHIP,KEPT,HONORED,SALARIED,HARDSHIP_FRESH
9,2025-06-28,B0000545,L0000545,1.393,590.0,3.0,12402.0,0.0,7.0,0.869,,5.0,14.93,NO_COMMITMENT,OPEN,NONE,SALARIED,NO_COMMITMENT_FRESH
10,2025-07-28,B0010278,L0010278,2.562,609.0,5.0,17435.0,0.0,8.0,0.0,,40.0,22.95,NO_COMMITMENT,NONE,NONE,SALARIED,NO_COMMITMENT_STALE
8,2025-05-29,B0005420,L0005420,1.0,799.0,3.0,6450.0,1.0,9.0,1.333,1.64,25.0,19.99,MAY_PAY,KEPT,HONORED,SALARIED,MAY_PAY_STALE
2,2024-11-30,B0005923,L0005923,2.0,688.0,0.0,9440.0,0.0,2.0,0.0,,,25.15,WILL_PAY,NONE,NONE,BUSINESS_OWNER,WILL_PAY_FRESH
8,2025-05-29,B0005645,L0005645,1.0,730.0,0.0,2011.0,0.0,7.0,1.285,1.464,58.0,15.0,MAY_PAY,KEPT,HONORED,SALARIED,MAY_PAY_FRESH
13,2025-10-26,B0013514,L0013514,0.661,774.0,0.0,1088.84,0.0,0.0,0.0,,,14.27,NONE,NONE,NONE,SALARIED,NONE
9,2025-06-28,B0009209,L0009209,1.26,690.0,0.0,10386.0,3.0,6.0,0.58,,18.0,18.7,MAY_PAY,BROKEN,NONE,SELF_EMPLOYED,MAY_PAY_FRESH
10,2025-07-28,B0004073,L0004073,2.0,313.0,6.0,34082.0,1.0,9.0,1.0,0.944,60.0,15.72,REFUSES,BROKEN,HONORED,SALARIED,REFUSES_STALE
4,2025-01-29,B0002899,L0002899,1.0,597.0,2.0,3156.0,1.0,5.0,1.5,1.232,63.0,20.79,WILL_PAY,KEPT,HONORED,SALARIED,WILL_PAY_STALE
2,2024-11-30,B0000621,L0000621,3.628,694.0,0.0,22528.3,1.0,10.0,0.22,1.292,40.0,17.48,WILL_PAY,BROKEN,BROKEN,SALARIED,WILL_PAY_FRESH
5,2025-02-28,B0006721,L0006721,1.0,530.0,3.0,3060.0,1.0,6.0,0.333,1.0,8.0,20.22,WILL_PAY,NONE,OPEN,SALARIED,WILL_PAY_STALE
6,2025-03-30,B0007233,L0007233,2.0,638.0,0.0,13542.0,1.0,6.0,0.333,,,14.75,DISPUTE,OPEN,NONE,BUSINESS_OWNER,DISPUTE_FRESH
7,2025-04-29,B0005897,L0005897,2.201,754.0,0.0,5506.0,3.0,10.0,0.933,0.981,3.0,20.15,WILL_PAY,OPEN,OPEN,SELF_EMPLOYED,WILL_PAY_FRESH
1,2024-10-31,B0004556,L0004556,2.507,379.0,0.0,7747.21,0.0,6.0,0.0,,,16.52,HARDSHIP,BROKEN,NONE,SELF_EMPLOYED,HARDSHIP_FRESH
11,2025-08-27,B0011121,L0011121,2.0,345.0,4.0,1438.0,0.0,5.0,0.333,,,10.68,REFUSES,NONE,NONE,BUSINESS_OWNER,REFUSES_STALE
8,2025-05-29,B0009862,L0009862,1.0,766.0,0.0,6457.0,0.0,2.0,0.0,,,15.07,REFUSES,NONE,NONE,BUSINESS_OWNER,REFUSES_FRESH
7,2025-04-29,B0007663,L0007663,1.0,720.0,1.0,13025.0,0.0,1.0,0.667,,,8.0,NONE,NONE,NONE,SALARIED,NONE
6,2025-03-30,B0000514,L0000514,2.645,335.0,1.0,18392.4,0.0,9.0,0.0,,102.0,13.19,REFUSES,BROKEN,NONE,SALARIED,REFUSES_FRESH
1,2024-10-31,B0005672,L0005672,1.875,357.0,0.0,5461.05,0.0,0.0,0.0,,,14.2,NONE,NONE,NONE,SALARIED,NONE
0,2024-10-01,B0001038,L0001038,3.0,802.0,0.0,9045.0,0.0,0.0,0.0,,,15.31,NONE,NONE,NONE,SALARIED,NONE
2,2024-11-30,B0001189,L0001189,4.0,338.0,10.0,82812.0,0.0,10.0,0.0,,29.0,17.33,HARDSHIP,NONE,NONE,SALARIED,HARDSHIP_STALE
4,2025-01-29,B0004605,L0004605,3.0,556.0,8.0,19755.0,1.0,14.0,0.333,,20.0,14.99,REFUSES,BROKEN,NONE,SALARIED,REFUSES_STALE
10,2025-07-28,B0008177,L0008177,2.648,364.0,0.0,96999.0,0.0,7.0,0.117,1.406,42.0,14.47,REFUSES,KEPT,HONORED,SALARIED,REFUSES_FRESH
9,2025-06-28,B0009591,L0009591,1.0,452.0,3.0,4005.0,0.0,6.0,1.0,1.679,32.0,16.48,HARDSHIP,NONE,BROKEN,BUSINESS_OWNER,HARDSHIP_STALE
4,2025-01-29,B0003887,L0003887,4.0,374.0,0.0,6748.0,0.0,12.0,0.0,,15.0,17.46,REFUSES,BROKEN,NONE,SELF_EMPLOYED,REFUSES_FRESH
1,2024-10-31,B0000756,L0000756,2.706,824.0,3.0,29321.85,2.0,6.0,0.0,,,16.15,NO_COMMITMENT,BROKEN,NONE,SELF_EMPLOYED,NO_COMMITMENT_STALE
3,2024-12-30,B0005927,L0005927,2.0,483.0,3.0,9164.0,1.0,5.0,0.0,,,21.37,REFUSES,NONE,NONE,SALARIED,REFUSES_STALE
11,2025-08-27,B0007265,L0007265,4.0,436.0,4.0,12156.0,1.0,18.0,0.0,,7.0,18.93,REFUSES,BROKEN,NONE,SALARIED,REFUSES_FRESH
11,2025-08-27,B0010743,L0010743,1.0,313.0,0.0,8521.0,0.0,5.0,0.333,,,10.0,REFUSES,NONE,NONE,SALARIED,REFUSES_FRESH
5,2025-02-28,B0004296,L0004296,1.38,686.0,4.0,5562.0,1.0,13.0,0.54,,5.0,20.05,WILL_PAY,KEPT,NONE,BUSINESS_OWNER,WILL_PAY_FRESH
6,2025-03-30,B0005795,L0005795,5.0,494.0,1.0,137560.0,2.0,11.0,0.0,,,16.16,NO_COMMITMENT,BROKEN,NONE,SALARIED,NO_COMMITMENT_STALE
0,2024-10-01,B0004719,L0004719,3.0,672.0,0.0,72555.0,0.0,0.0,0.0,,,15.16,NONE,NONE,NONE,SELF_EMPLOYED,NONE
8,2025-05-29,B0007360,L0007360,1.0,717.0,0.0,3984.0,1.0,2.0,1.0,,56.0,17.44,MAY_PAY,OPEN,NONE,BUSINESS_OWNER,MAY_PAY_FRESH
12,2025-09-26,B0008506,L0008506,3.0,325.0,0.0,13443.0,4.0,11.0,0.333,1.117,26.0,8.0,MAY_PAY,BROKEN,BROKEN,SALARIED,MAY_PAY_FRESH
10,2025-07-28,B0001171,L0001171,5.665,565.0,0.0,35562.0,2.0,12.0,0.778,1.459,64.0,16.56,MAY_PAY,BROKEN,BROKEN,SALARIED,MAY_PAY_FRESH
10,2025-07-28,B0007118,L0007118,2.0,395.0,0.0,3280.0,0.0,7.0,0.667,0.895,62.0,8.47,MAY_PAY,OPEN,HONORED,SELF_EMPLOYED,MAY_PAY_FRESH
4,2025-01-29,B0006400,L0006400,2.0,626.0,0.0,59724.0,0.0,4.0,0.0,,,14.16,NO_COMMITMENT,NONE,NONE,SALARIED,NO_COMMITMENT_FRESH
9,2025-06-28,B0010946,L0010946,3.0,531.0,0.0,45300.0,0.0,0.0,0.0,,,23.62,NONE,NONE,NONE,SELF_EMPLOYED,NONE
1,2024-10-31,B0004749,L0004749,1.212,563.0,0.0,73784.0,1.0,3.0,0.263,0.508,11.0,8.0,WILL_PAY,NONE,OPEN,SELF_EMPLOYED,WILL_PAY_FRESH
3,2024-12-30,B0006307,L0006307,1.0,446.0,0.0,3423.0,1.0,2.0,0.0,,,12.99,MAY_PAY,OPEN,NONE,SALARIED,MAY_PAY_FRESH
8,2025-05-29,B0008620,L0008620,3.0,747.0,1.0,43317.0,1.0,11.0,0.0,,,13.78,WILL_PAY,OPEN,NONE,SELF_EMPLOYED,WILL_PAY_FRESH
2,2024-11-30,B0002385,L0002385,6.0,873.0,0.0,154002.0,1.0,5.0,0.0,0.532,22.0,11.27,WILL_PAY,OPEN,BROKEN,SELF_EMPLOYED,WILL_PAY_FRESH
11,2025-08-27,B0011074,L0011074,2.0,608.0,0.0,1618.0,1.0,4.0,0.0,,,10.19,NO_COMMITMENT,OPEN,NONE,SALARIED,NO_COMMITMENT_FRESH
6,2025-03-30,B0001264,L0001264,5.275,392.0,0.0,8736.0,3.0,14.0,0.242,,30.0,18.87,REFUSES,NONE,NONE,SALARIED,REFUSES_FRESH
4,2025-01-29,B0007900,L0007900,0.649,331.0,0.0,5326.1,0.0,0.0,0.0,,,16.09,NONE,NONE,NONE,SALARIED,NONE
0,2024-10-01,B0002884,L0002884,3.0,700.0,0.0,29535.0,0.0,0.0,0.0,,,14.96,NONE,NONE,NONE,SALARIED,NONE
0,2024-10-01,B0001391,L0001391,5.24,542.0,0.0,19630.44,0.0,0.0,0.0,,,10.26,NONE,NONE,NONE,SELF_EMPLOYED,NONE
13,2025-10-26,B0012764,L0012764,1.0,439.0,0.0,4701.0,2.0,2.0,0.0,,,15.86,REFUSES,NONE,NONE,SALARIED,REFUSES_FRESH
9,2025-06-28,B0004672,L0004672,5.659,686.0,1.0,29540.0,2.0,12.0,0.192,0.97,11.0,16.57,REFUSES,BROKEN,HONORED,SALARIED,REFUSES_STALE
2,2024-11-30,B0001080,L0001080,6.0,562.0,0.0,13938.0,0.0,11.0,0.0,,48.0,11.95,MAY_PAY,BROKEN,NONE,BUSINESS_OWNER,MAY_PAY_FRESH
3,2024-12-30,B0004094,L0004094,2.0,709.0,0.0,66398.0,1.0,10.0,0.0,0.394,26.0,15.95,NO_COMMITMENT,OPEN,BROKEN,BUSINESS_OWNER,NO_COMMITMENT_FRESH
3,2024-12-30,B0002766,L0002766,3.318,300.0,0.0,11604.07,1.0,12.0,0.333,1.134,9.0,20.07,REFUSES,KEPT,BROKEN,SALARIED,REFUSES_FRESH
9,2025-06-28,B0008857,L0008857,0.794,437.0,0.0,6720.0,1.0,2.0,0.791,,81.0,10.46,MAY_PAY,BROKEN,NONE,SALARIED,MAY_PAY_FRESH
3,2024-12-30,B0004223,L0004223,2.0,580.0,2.0,22222.0,0.0,7.0,1.5,1.08,70.0,8.0,REFUSES,KEPT,HONORED,BUSINESS_OWNER,REFUSES_STALE
12,2025-09-26,B0011667,L0011667,2.0,817.0,4.0,5784.0,0.0,6.0,0.0,,,20.63,NO_COMMITMENT,NONE,NONE,SALARIED,NO_COMMITMENT_STALE
7,2025-04-29,B0008934,L0008934,1.0,793.0,0.0,15856.0,0.0,1.0,0.0,,,8.0,MAY_PAY,NONE,NONE,SALARIED,MAY_PAY_FRESH
11,2025-08-27,B0009021,L0009021,3.397,743.0,0.0,4875.0,1.0,15.0,0.534,0.397,20.0,8.46,REFUSES,BROKEN,BROKEN,SALARIED,REFUSES_FRESH
12,2025-09-26,B0009534,L0009534,6.0,657.0,0.0,57606.0,1.0,15.0,0.333,1.146,13.0,22.41,WILL_PAY,OPEN,BROKEN,SELF_EMPLOYED,WILL_PAY_FRESH
10,2025-07-28,B0000629,L0000629,2.786,522.0,0.0,10411.0,1.0,9.0,0.667,,1.0,12.32,MAY_PAY,OPEN,HONORED,SELF_EMPLOYED,MAY_PAY_FRESH
1,2024-10-31,B0001389,L0001389,2.626,853.0,4.0,3508.0,0.0,4.0,0.125,1.433,15.0,13.39,WILL_PAY,NONE,RESCHEDULED,SALARIED,WILL_PAY_STALE
13,2025-10-26,B0010643,L0010643,3.487,446.0,0.0,30600.0,0.0,7.0,0.171,,14.0,17.02,NO_COMMITMENT,OPEN,NONE,SALARIED,NO_COMMITMENT_FRESH
0,2024-10-01,B0003270,L0003270,2.0,465.0,0.0,39342.0,0.0,0.0,0.0,,,21.24,NONE,NONE,NONE,SALARIED,NONE
2,2024-11-30,B0000840,L0000840,6.0,717.0,10.0,52644.0,0.0,11.0,0.0,,,8.0,MAY_PAY,NONE,NONE,SALARIED,MAY_PAY_STALE
8,2025-05-29,B0006217,L0006217,1.0,411.0,3.0,4464.0,0.0,4.0,0.941,1.125,68.0,23.2,NO_COMMITMENT,BROKEN,HONORED,BUSINESS_OWNER,NO_COMMITMENT_STALE
12,2025-09-26,B0007787,L0007787,5.51,453.0,0.0,82070.0,6.0,15.0,0.0,1.066,15.0,23.47,WILL_PAY,BROKEN,BROKEN,SALARIED,WILL_PAY_FRESH
5,2025-02-28,B0008104,L0008104,1.0,382.0,0.0,2413.0,0.0,0.0,0.0,,,15.44,NONE,NONE,NONE,SALARIED,NONE
13,2025-10-26,B0011227,L0011227,2.0,406.0,0.0,12076.0,2.0,9.0,0.333,1.0,48.0,22.99,MAY_PAY,NONE,HONORED,SELF_EMPLOYED,MAY_PAY_FRESH
12,2025-09-26,B0010043,L0010043,4.0,403.0,0.0,30696.0,2.0,15.0,0.0,,41.0,21.24,REFUSES,BROKEN,NONE,SALARIED,REFUSES_FRESH
5,2025-02-28,B0001365,L0001365,3.998,408.0,0.0,31911.56,3.0,12.0,0.58,1.026,8.0,9.55,WILL_PAY,BROKEN,HONORED,BUSINESS_OWNER,WILL_PAY_FRESH
7,2025-04-29,B0006845,L0006845,3.0,406.0,0.0,7227.0,0.0,8.0,0.667,,28.0,14.36,REFUSES,NONE,NONE,SELF_EMPLOYED,REFUSES_FRESH
2,2024-11-30,B0004604,L0004604,0.179,719.0,8.0,496.93,1.0,10.0,1.079,1.056,6.0,14.1,WILL_PAY,KEPT,OPEN,SALARIED,WILL_PAY_FRESH
11,2025-08-27,B0010925,L0010925,2.569,875.0,0.0,4428.62,0.0,5.0,0.0,,28.0,8.0,HARDSHIP,NONE,NONE,BUSINESS_OWNER,HARDSHIP_FRESH
9,2025-06-28,B0001853,L0001853,1.719,752.0,0.0,17054.0,2.0,9.0,0.427,0.854,9.0,13.99,MAY_PAY,BROKEN,OPEN,SALARIED,MAY_PAY_FRESH
10,2025-07-28,B0009398,L0009398,3.0,431.0,0.0,4500.0,0.0,9.0,0.0,1.318,2.0,14.81,REFUSES,NONE,OPEN,SALARIED,REFUSES_FRESH
8,2025-05-29,B0007731,L0007731,2.0,607.0,0.0,4538.0,0.0,3.0,0.333,,1.0,18.89,REFUSES,OPEN,NONE,SELF_EMPLOYED,REFUSES_FRESH
13,2025-10-26,B0008644,L0008644,7.421,766.0,0.0,34636.0,1.0,10.0,0.0,0.723,12.0,15.27,MAY_PAY,OPEN,OPEN,SELF_EMPLOYED,MAY_PAY_FRESH
12,2025-09-26,B0011138,L0011138,3.0,627.0,0.0,11958.0,0.0,6.0,0.0,,,16.52,NO_COMMITMENT,BROKEN,NONE,SALARIED,NO_COMMITMENT_FRESH
2,2024-11-30,B0004124,L0004124,3.0,515.0,1.0,22545.0,0.0,8.0,0.0,1.547,42.0,18.65,MAY_PAY,BROKEN,RESCHEDULED,SELF_EMPLOYED,MAY_PAY_FRESH
1,2024-10-31,B0004576,L0004576,2.659,429.0,0.0,8664.12,2.0,8.0,0.092,,,8.0,REFUSES,BROKEN,NONE,SALARIED,REFUSES_FRESH
8,2025-05-29,B0008013,L0008013,2.0,883.0,0.0,12284.0,3.0,3.0,0.89,0.0,39.0,8.0,WILL_PAY,NONE,HONORED,BUSINESS_OWNER,WILL_PAY_FRESH
3,2024-12-30,B0001269,L0001269,1.0,761.0,0.0,8596.0,1.0,4.0,1.495,1.165,5.0,8.3,NO_COMMITMENT,OPEN,HONORED,SELF_EMPLOYED,NO_COMMITMENT_FRESH
7,2025-04-29,B0008165,L0008165,3.0,561.0,0.0,236505.0,1.0,8.0,0.0,0.696,14.0,21.7,NO_COMMITMENT,NONE,BROKEN,SALARIED,NO_COMMITMENT_FRESH
8,2025-05-29,B0010171,L0010171,2.806,549.0,0.0,5485.01,0.0,0.0,0.0,,,18.62,NONE,NONE,NONE,SELF_EMPLOYED,NONE
12,2025-09-26,B0012053,L0012053,1.0,489.0,0.0,1442.0,1.0,2.0,0.0,,,10.83,NO_COMMITMENT,NONE,NONE,SALARIED,NO_COMMITMENT_FRESH
13,2025-10-26,B0008990,L0008990,5.0,469.0,0.0,44680.0,3.0,12.0,0.333,,2.0,15.32,MAY_PAY,BROKEN,NONE,BUSINESS_OWNER,MAY_PAY_FRESH
12,2025-09-26,B0011139,L0011139,1.0,821.0,0.0,33535.0,2.0,3.0,0.333,,,19.04,WILL_PAY,OPEN,NONE,SELF_EMPLOYED,WILL_PAY_FRESH
12,2025-09-26,B0012171,L0012171,1.67,477.0,4.0,12051.0,0.0,4.0,0.443,,2.0,13.53,REFUSES,NONE,NONE,SALARIED,REFUSES_FRESH
1,2024-10-31,B0002017,L0002017,1.0,720.0,0.0,3539.0,0.0,0.0,0.0,,,14.21,NONE,NONE,NONE,SALARIED,NONE
7,2025-04-29,B0008860,L0008860,1.0,625.0,0.0,15930.0,0.0,4.0,0.0,0.0,28.0,23.09,WILL_PAY,OPEN,HONORED,SALARIED,WILL_PAY_FRESH
11,2025-08-27,B0006948,L0006948,1.0,511.0,0.0,4771.0,1.0,5.0,0.667,,,20.84,REFUSES,NONE,NONE,SALARIED,REFUSES_FRESH
2,2024-11-30,B0006234,L0006234,1.452,478.0,0.0,12102.54,0.0,0.0,0.0,,,10.34,NONE,NONE,NONE,BUSINESS_OWNER,NONE
11,2025-08-27,B0011435,L0011435,2.962,842.0,0.0,12491.44,0.0,4.0,0.0,,5.0,8.0,NO_COMMITMENT,OPEN,NONE,SALARIED,NO_COMMITMENT_FRESH
9,2025-06-28,B0007205,L0007205,5.0,428.0,0.0,17895.0,1.0,12.0,0.0,1.16,17.0,23.52,REFUSES,BROKEN,OPEN,SALARIED,REFUSES_FRESH
9,2025-06-28,B0008609,L0008609,2.0,397.0,0.0,3472.0,1.0,6.0,0.333,,7.0,13.17,REFUSES,NONE,NONE,SALARIED,REFUSES_FRESH
8,2025-05-29,B0005463,L0005463,1.117,414.0,1.0,6530.0,4.0,15.0,1.229,,46.0,14.64,REFUSES,BROKEN,NONE,SELF_EMPLOYED,REFUSES_STALE
7,2025-04-29,B0009276,L0009276,2.48,548.0,0.0,9544.0,0.0,7.0,0.173,,1.0,13.56,WILL_PAY,OPEN,NONE,SALARIED,WILL_PAY_FRESH
10,2025-07-28,B0010663,L0010663,2.0,741.0,0.0,7050.0,1.0,2.0,0.0,,,9.2,MAY_PAY,NONE,NONE,SALARIED,MAY_PAY_FRESH
11,2025-08-27,B0010542,L0010542,2.238,510.0,0.0,8946.62,4.0,7.0,0.0,,6.0,25.28,MAY_PAY,NONE,NONE,SELF_EMPLOYED,MAY_PAY_FRESH
1,2024-10-31,B0004427,L0004427,4.0,751.0,0.0,52292.0,1.0,4.0,0.0,,,18.51,REFUSES,OPEN,NONE,SALARIED,REFUSES_FRESH
3,2024-12-30,B0000624,L0000624,2.735,508.0,0.0,16540.0,2.0,11.0,1.088,1.06,25.0,8.0,DISPUTE,BROKEN,HONORED,SALARIED,DISPUTE_FRESH
10,2025-07-28,B0008974,L0008974,4.0,347.0,0.0,16588.0,0.0,9.0,0.0,1.161,6.0,13.27,REFUSES,NONE,BROKEN,SELF_EMPLOYED,REFUSES_FRESH
3,2024-12-30,B0000078,L0000078,2.0,546.0,0.0,6040.0,2.0,4.0,0.333,0.0,45.0,17.61,MAY_PAY,OPEN,HONORED,BUSINESS_OWNER,MAY_PAY_FRESH
0,2024-10-01,B0003689,L0003689,3.0,851.0,0.0,47784.0,0.0,0.0,0.0,,,10.18,NONE,NONE,NONE,SALARIED,NONE
4,2025-01-29,B0002220,L0002220,4.0,459.0,0.0,10452.0,0.0,14.0,0.0,0.875,4.0,23.56,NO_COMMITMENT,BROKEN,BROKEN,SALARIED,NO_COMMITMENT_FRESH
10,2025-07-28,B0010289,L0010289,2.0,416.0,3.0,6766.0,0.0,5.0,0.0,,,16.12,MAY_PAY,BROKEN,NONE,SALARIED,MAY_PAY_STALE
1,2024-10-31,B0004021,L0004021,1.0,338.0,2.0,4788.0,0.0,2.0,0.0,,,12.05,NONE,NONE,NONE,BUSINESS_OWNER,NONE
2,2024-11-30,B0006495,L0006495,0.922,673.0,0.0,2441.42,0.0,0.0,0.0,,,16.33,NONE,NONE,NONE,BUSINESS_OWNER,NONE
6,2025-03-30,B0008443,L0008443,0.0,697.0,0.0,0.0,2.0,3.0,0.759,1.086,5.0,18.36,NO_COMMITMENT,NONE,OPEN,SALARIED,NO_COMMITMENT_FRESH
9,2025-06-28,B0009781,L0009781,1.982,597.0,1.0,4716.0,2.0,5.0,0.673,,46.0,18.88,MAY_PAY,KEPT,NONE,SELF_EMPLOYED,MAY_PAY_STALE
0,2024-10-01,B0003412,L0003412,1.474,356.0,0.0,20872.91,0.0,0.0,0.0,,,8.0,NONE,NONE,NONE,SALARIED,NONE
11,2025-08-27,B0000638,L0000638,3.709,692.0,8.0,26062.0,1.0,15.0,0.645,,21.0,14.9,REFUSES,KEPT,NONE,SELF_EMPLOYED,REFUSES_STALE
0,2024-10-01,B0001128,L0001128,0.673,365.0,0.0,2913.52,0.0,0.0,0.0,,,15.32,NONE,NONE,NONE,SALARIED,NONE
13,2025-10-26,B0012268,L0012268,4.0,386.0,0.0,22772.0,2.0,5.0,0.0,,,18.02,REFUSES,BROKEN,NONE,BUSINESS_OWNER,REFUSES_FRESH
10,2025-07-28,B0011059,L0011059,1.0,510.0,0.0,4230.0,0.0,2.0,0.0,,,8.0,REFUSES,OPEN,NONE,SELF_EMPLOYED,REFUSES_FRESH
4,2025-01-29,B0002980,L0002980,2.519,696.0,0.0,26194.0,0.0,12.0,0.16,,12.0,20.47,NO_COMMITMENT,NONE,NONE,SALARIED,NO_COMMITMENT_FRESH
8,2025-05-29,B0005490,L0005490,0.0,506.0,0.0,0.0,1.0,7.0,1.333,0.506,56.0,8.0,WILL_PAY,KEPT,HONORED,SALARIED,WILL_PAY_FRESH
1,2024-10-31,B0002870,L0002870,2.679,537.0,0.0,99202.0,2.0,6.0,0.107,0.865,14.0,12.37,WILL_PAY,OPEN,BROKEN,BUSINESS_OWNER,WILL_PAY_FRESH
4,2025-01-29,B0002204,L0002204,3.875,395.0,5.0,6610.35,0.0,17.0,0.176,1.203,100.0,19.07,REFUSES,BROKEN,HONORED,SALARIED,REFUSES_STALE
6,2025-03-30,B0000422,L0000422,5.827,431.0,0.0,26821.0,2.0,11.0,0.543,,45.0,17.62,REFUSES,OPEN,NONE,SELF_EMPLOYED,REFUSES_FRESH
10,2025-07-28,B0009363,L0009363,0.775,897.0,0.0,1723.0,1.0,3.0,1.075,,10.0,18.57,WILL_PAY,OPEN,NONE,BUSINESS_OWNER,WILL_PAY_FRESH
0,2024-10-01,B0002538,L0002538,4.53,338.0,0.0,104972.53,0.0,0.0,0.0,,,18.25,NONE,NONE,NONE,SELF_EMPLOYED,NONE
6,2025-03-30,B0003802,L0003802,2.88,483.0,10.0,9641.0,0.0,10.0,0.04,0.527,7.0,8.0,WILL_PAY,KEPT,HONORED,SELF_EMPLOYED,WILL_PAY_FRESH
0,2024-10-01,B0001820,L0001820,3.0,411.0,0.0,6285.0,0.0,0.0,0.0,,,17.92,NONE,NONE,NONE,SELF_EMPLOYED,NONE
11,2025-08-27,B0005381,L0005381,4.0,524.0,0.0,55920.0,1.0,10.0,0.333,1.345,39.0,13.02,HARDSHIP,KEPT,BROKEN,SALARIED,HARDSHIP_FRESH
10,2025-07-28,B0010948,L0010948,2.0,338.0,0.0,3174.0,0.0,4.0,0.0,,,8.0,NO_COMMITMENT,NONE,NONE,SALARIED,NO_COMMITMENT_FRESH
6,2025-03-30,B0002456,L0002456,8.0,656.0,0.0,67056.0,4.0,15.0,0.333,1.363,40.0,18.27,NO_COMMITMENT,BROKEN,BROKEN,SELF_EMPLOYED,NO_COMMITMENT_FRESH
12,2025-09-26,B0009126,L0009126,4.0,564.0,0.0,16836.0,0.0,10.0,0.0,,11.0,13.24,NO_COMMITMENT,BROKEN,NONE,SALARIED,NO_COMMITMENT_FRESH
4,2025-01-29,B0000416,L0000416,5.333,457.0,0.0,177268.97,2.0,11.0,0.386,,16.0,25.27,WILL_PAY,OPEN,NONE,SALARIED,WILL_PAY_FRESH
0,2024-10-01,B0002334,L0002334,7.0,309.0,0.0,17360.0,0.0,0.0,0.0,,,11.54,NONE,NONE,NONE,SALARIED,NONE
10,2025-07-28,B0010851,L0010851,1.0,610.0,0.0,6558.0,0.0,0.0,0.667,,,8.0,NONE,NONE,NONE,SELF_EMPLOYED,NONE
11,2025-08-27,B0008604,L0008604,0.977,637.0,3.0,4162.0,2.0,8.0,1.0,0.993,13.0,10.65,MAY_PAY,KEPT,BROKEN,SALARIED,MAY_PAY_STALE
1,2024-10-31,B0000758,L0000758,1.126,745.0,0.0,5284.0,1.0,5.0,0.291,,,11.33,DISPUTE,OPEN,NONE,SALARIED,DISPUTE_FRESH
6,2025-03-30,B0001014,L0001014,1.0,730.0,2.0,3174.0,0.0,5.0,1.373,1.0,54.0,8.0,WILL_PAY,BROKEN,HONORED,SELF_EMPLOYED,WILL_PAY_STALE
6,2025-03-30,B0006978,L0006978,3.0,573.0,4.0,19323.0,0.0,14.0,0.0,,42.0,16.43,REFUSES,NONE,NONE,SALARIED,REFUSES_STALE
13,2025-10-26,B0009800,L0009800,4.649,452.0,0.0,31785.0,5.0,13.0,0.117,,97.0,16.9,DISPUTE,OPEN,NONE,SALARIED,DISPUTE_FRESH
4,2025-01-29,B0002769,L0002769,3.307,384.0,0.0,124080.0,1.0,17.0,0.231,0.311,10.0,15.32,NO_COMMITMENT,BROKEN,BROKEN,BUSINESS_OWNER,NO_COMMITMENT_FRESH
11,2025-08-27,B0010880,L0010880,4.0,478.0,2.0,19176.0,1.0,9.0,0.0,,50.0,8.0,WILL_PAY,BROKEN,NONE,SALARIED,WILL_PAY_STALE
3,2024-12-30,B0007264,L0007264,1.0,671.0,0.0,25617.0,0.0,0.0,0.0,,,19.24,NONE,NONE,NONE,SALARIED,NONE
12,2025-09-26,B0010499,L0010499,4.0,788.0,0.0,10848.0,2.0,11.0,0.0,,,10.97,MAY_PAY,NONE,NONE,SELF_EMPLOYED,MAY_PAY_FRESH
3,2024-12-30,B0000964,L0000964,7.0,729.0,5.0,17948.0,1.0,14.0,0.0,,41.0,12.75,REFUSES,BROKEN,NONE,SELF_EMPLOYED,REFUSES_STALE
3,2024-12-30,B0003093,L0003093,5.71,402.0,0.0,23143.5,0.0,12.0,0.0,1.539,35.0,10.88,REFUSES,BROKEN,RESCHEDULED,SALARIED,REFUSES_FRESH
12,2025-09-26,B0011090,L0011090,1.0,516.0,1.0,4501.0,2.0,7.0,0.667,,44.0,12.65,WILL_PAY,KEPT,NONE,SALARIED,WILL_PAY_STALE
12,2025-09-26,B0005474,L0005474,3.637,530.0,0.0,34080.0,3.0,13.0,0.454,,63.0,11.52,DISPUTE,BROKEN,NONE,SELF_EMPLOYED,DISPUTE_FRESH
2,2024-11-30,B0005376,L0005376,1.0,365.0,3.0,8963.0,0.0,3.0,0.0,,,15.58,NONE,NONE,NONE,SALARIED,NONE
2,2024-11-30,B0003803,L0003803,4.0,404.0,0.0,48316.0,2.0,11.0,0.0,1.015,25.0,14.08,MAY_PAY,BROKEN,BROKEN,SALARIED,MAY_PAY_FRESH
11,2025-08-27,B0007463,L0007463,2.8,503.0,2.0,26220.0,1.0,10.0,1.4,1.267,7.0,9.81,HARDSHIP,BROKEN,BROKEN,SELF_EMPLOYED,HARDSHIP_FRESH
13,2025-10-26,B0013273,L0013273,2.0,615.0,0.0,6268.0,0.0,0.0,0.0,,,14.44,NONE,NONE,NONE,SELF_EMPLOYED,NONE
8,2025-05-29,B0009880,L0009880,0.345,783.0,0.0,3303.11,1.0,1.0,0.465,,,14.43,WILL_PAY,OPEN,NONE,SELF_EMPLOYED,WILL_PAY_FRESH
9,2025-06-28,B0009513,L0009513,1.0,536.0,1.0,4630.0,0.0,7.0,0.333,,,15.29,DISPUTE,BROKEN,NONE,SALARIED,DISPUTE_FRESH
1,2024-10-31,B0002763,L0002763,3.0,398.0,3.0,20862.0,0.0,6.0,0.0,,,11.21,REFUSES,NONE,NONE,SELF_EMPLOYED,REFUSES_STALE
13,2025-10-26,B0010319,L0010319,5.0,316.0,2.0,9615.0,2.0,16.0,0.0,,,10.25,REFUSES,NONE,NONE,SALARIED,REFUSES_STALE
11,2025-08-27,B0007280,L0007280,4.431,604.0,0.0,32746.0,2.0,19.0,0.0,,96.0,9.48,MAY_PAY,BROKEN,NONE,SALARIED,MAY_PAY_FRESH
10,2025-07-28,B0010880,L0010880,3.0,496.0,6.0,14382.0,0.0,6.0,0.0,,20.0,8.0,HARDSHIP,NONE,NONE,SALARIED,HARDSHIP_STALE
0,2024-10-01,B0000024,L0000024,8.854,434.0,0.0,161012.52,0.0,0.0,0.0,,,27.13,NONE,NONE,NONE,SALARIED,NONE
12,2025-09-26,B0012672,L0012672,1.0,530.0,0.0,2937.0,0.0,0.0,0.0,,,10.84,NONE,NONE,NONE,BUSINESS_OWNER,NONE
4,2025-01-29,B0003995,L0003995,3.826,313.0,0.0,44096.0,1.0,10.0,0.058,,5.0,13.58,HARDSHIP,BROKEN,NONE,SALARIED,HARDSHIP_FRESH
0,2024-10-01,B0002326,L0002326,3.0,491.0,0.0,29877.0,0.0,0.0,0.0,,,24.2,NONE,NONE,NONE,SALARIED,NONE
6,2025-03-30,B0005195,L0005195,3.0,663.0,3.0,39744.0,1.0,12.0,0.333,,17.0,10.38,REFUSES,BROKEN,NONE,SELF_EMPLOYED,REFUSES_STALE
6,2025-03-30,B0007964,L0007964,1.584,814.0,0.0,7994.0,1.0,4.0,0.139,,,13.91,WILL_PAY,BROKEN,NONE,SALARIED,WILL_PAY_FRESH
12,2025-09-26,B0010084,L0010084,1.0,436.0,2.0,5950.0,1.0,5.0,1.0,,,17.81,NO_COMMITMENT,NONE,NONE,SELF_EMPLOYED,NO_COMMITMENT_STALE
12,2025-09-26,B0010174,L0010174,4.0,632.0,0.0,27036.0,1.0,12.0,0.0,,43.0,16.84,REFUSES,NONE,NONE,SELF_EMPLOYED,REFUSES_FRESH
3,2024-12-30,B0005283,L0005283,2.0,694.0,0.0,10562.0,1.0,5.0,0.0,,,11.14,NO_COMMITMENT,BROKEN,NONE,SALARIED,NO_COMMITMENT_FRESH
5,2025-02-28,B0008368,L0008368,1.956,666.0,0.0,14836.6,0.0,0.0,0.0,,,17.96,NONE,NONE,NONE,SALARIED,NONE
12,2025-09-26,B0006611,L0006611,1.475,789.0,0.0,19449.0,4.0,17.0,0.842,,,17.72,DISPUTE,BROKEN,NONE,SELF_EMPLOYED,DISPUTE_FRESH
12,2025-09-26,B0012895,L0012895,0.58,456.0,0.0,3191.89,0.0,0.0,0.0,,,15.41,NONE,NONE,NONE,SALARIED,NONE
4,2025-01-29,B0001815,L0001815,1.645,563.0,0.0,10428.27,1.0,10.0,0.242,1.436,113.0,18.13,REFUSES,BROKEN,RESCHEDULED,SELF_EMPLOYED,REFUSES_FRESH
10,2025-07-28,B0000136,L0000136,0.378,512.0,0.0,1522.0,1.0,3.0,1.207,0.0,132.0,12.63,WILL_PAY,OPEN,HONORED,SALARIED,WILL_PAY_FRESH
10,2025-07-28,B0006251,L0006251,7.439,420.0,1.0,25188.0,1.0,12.0,0.0,1.486,37.0,14.74,REFUSES,BROKEN,BROKEN,SELF_EMPLOYED,REFUSES_STALE
13,2025-10-26,B0009647,L0009647,2.0,430.0,2.0,25478.0,1.0,5.0,0.667,1.211,5.0,19.33,MAY_PAY,NONE,OPEN,SALARIED,MAY_PAY_FRESH
0,2024-10-01,B0001271,L0001271,2.0,389.0,0.0,30940.0,0.0,0.0,0.0,,,14.1,NONE,NONE,NONE,SALARIED,NONE
10,2025-07-28,B0007919,L0007919,3.752,879.0,0.0,88286.0,2.0,13.0,0.821,0.438,1.0,10.46,WILL_PAY,OPEN,OPEN,SELF_EMPLOYED,WILL_PAY_FRESH
9,2025-06-28,B0010535,L0010535,2.0,352.0,0.0,5512.0,0.0,4.0,0.0,,,16.71,DISPUTE,NONE,NONE,SALARIED,DISPUTE_FRESH
12,2025-09-26,B0010023,L0010023,2.0,400.0,0.0,11326.0,0.0,6.0,0.667,,11.0,19.31,NO_COMMITMENT,NONE,NONE,SALARIED,NO_COMMITMENT_FRESH
9,2025-06-28,B0008965,L0008965,1.0,840.0,2.0,16510.0,1.0,6.0,0.667,0.957,21.0,22.44,HARDSHIP,KEPT,HONORED,BUSINESS_OWNER,HARDSHIP_STALE
10,2025-07-28,B0009721,L0009721,3.0,572.0,3.0,13275.0,1.0,10.0,0.0,1.736,4.0,19.43,REFUSES,BROKEN,OPEN,BUSINESS_OWNER,REFUSES_FRESH
10,2025-07-28,B0006759,L0006759,1.0,632.0,0.0,22395.0,4.0,11.0,1.5,1.064,20.0,15.86,WILL_PAY,OPEN,HONORED,SALARIED,WILL_PAY_FRESH
12,2025-09-26,B0008611,L0008611,2.0,730.0,5.0,9016.0,1.0,13.0,0.771,0.914,58.0,11.75,HARDSHIP,BROKEN,HONORED,SELF_EMPLOYED,HARDSHIP_STALE
3,2024-12-30,B0006067,L0006067,1.0,535.0,0.0,12040.0,0.0,1.0,0.0,,24.0,15.54,MAY_PAY,OPEN,NONE,SALARIED,MAY_PAY_FRESH
3,2024-12-30,B0007019,L0007019,1.0,631.0,0.0,20395.0,0.0,0.0,0.0,,,16.67,NONE,NONE,NONE,SALARIED,NONE
8,2025-05-29,B0005916,L0005916,2.0,591.0,0.0,11022.0,0.0,7.0,0.333,,,20.26,NO_COMMITMENT,OPEN,NONE,SELF_EMPLOYED,NO_COMMITMENT_FRESH
4,2025-01-29,B0003394,L0003394,5.435,442.0,0.0,78739.28,1.0,13.0,0.375,1.321,6.0,15.92,WILL_PAY,OPEN,OPEN,SALARIED,WILL_PAY_FRESH
7,2025-04-29,B0007049,L0007049,2.0,608.0,0.0,79902.0,1.0,9.0,0.333,,94.0,22.23,NO_COMMITMENT,NONE,NONE,SELF_EMPLOYED,NO_COMMITMENT_FRESH
11,2025-08-27,B0006453,L0006453,2.064,653.0,3.0,2250.0,1.0,10.0,0.489,0.889,13.0,13.86,WILL_PAY,BROKEN,BROKEN,SALARIED,WILL_PAY_FRESH
5,2025-02-28,B0006707,L0006707,1.216,590.0,0.0,2448.28,1.0,5.0,0.747,,,15.27,MAY_PAY,KEPT,NONE,SALARIED,MAY_PAY_FRESH
8,2025-05-29,B0007142,L0007142,5.0,514.0,0.0,10560.0,2.0,9.0,0.0,,18.0,16.09,REFUSES,BROKEN,NONE,SALARIED,REFUSES_FRESH
4,2025-01-29,B0006457,L0006457,2.0,566.0,0.0,79826.0,1.0,4.0,0.0,,,19.5,WILL_PAY,OPEN,NONE,SELF_EMPLOYED,WILL_PAY_FRESH
6,2025-03-30,B0007657,L0007657,4.0,397.0,0.0,20632.0,4.0,7.0,0.0,0.817,22.0,13.03,MAY_PAY,OPEN,RESCHEDULED,SELF_EMPLOYED,MAY_PAY_FRESH
6,2025-03-30,B0006997,L0006997,1.0,635.0,0.0,4523.0,1.0,2.0,0.667,,,8.0,MAY_PAY,OPEN,NONE,SALARIED,MAY_PAY_FRESH
5,2025-02-28,B0007662,L0007662,1.0,737.0,0.0,6089.0,1.0,1.0,0.0,,,14.2,WILL_PAY,OPEN,NONE,SELF_EMPLOYED,WILL_PAY_FRESH
10,2025-07-28,B0008585,L0008585,2.669,531.0,0.0,20664.0,3.0,11.0,0.333,,,19.38,MAY_PAY,OPEN,NONE,SELF_EMPLOYED,MAY_PAY_FRESH
10,2025-07-28,B0008237,L0008237,2.0,492.0,7.0,23124.0,0.0,6.0,0.333,0.0,98.0,9.43,WILL_PAY,BROKEN,HONORED,BUSINESS_OWNER,WILL_PAY_STALE
6,2025-03-30,B0008969,L0008969,0.272,607.0,0.0,921.98,0.0,0.0,0.0,,,11.83,NONE,NONE,NONE,SALARIED,NONE
2,2024-11-30,B0001099,L0001099,4.223,490.0,1.0,28512.0,3.0,11.0,0.592,0.906,44.0,14.2,HARDSHIP,BROKEN,BROKEN,BUSINESS_OWNER,HARDSHIP_FRESH
4,2025-01-29,B0002559,L0002559,5.875,786.0,3.0,91371.0,3.0,22.0,0.375,0.864,91.0,12.51,NO_COMMITMENT,BROKEN,HONORED,SELF_EMPLOYED,NO_COMMITMENT_FRESH
3,2024-12-30,B0003986,L0003986,6.792,371.0,0.0,13061.0,0.0,15.0,0.069,1.459,13.0,18.45,NO_COMMITMENT,BROKEN,RESCHEDULED,SALARIED,NO_COMMITMENT_FRESH
13,2025-10-26,B0011540,L0011540,2.065,557.0,0.0,40631.0,2.0,12.0,0.607,,33.0,17.67,DISPUTE,BROKEN,NONE,BUSINESS_OWNER,DISPUTE_FRESH
8,2025-05-29,B0008902,L0008902,1.0,709.0,0.0,8458.0,1.0,1.0,0.333,,,8.0,MAY_PAY,NONE,NONE,SALARIED,MAY_PAY_FRESH
7,2025-04-29,B0007625,L0007625,3.0,364.0,14.0,7863.0,0.0,14.0,0.0,,,11.92,NONE,NONE,NONE,SALARIED,NONE
11,2025-08-27,B0009310,L0009310,3.802,496.0,0.0,76800.0,0.0,13.0,0.399,0.3,4.0,14.83,REFUSES,OPEN,HONORED,SELF_EMPLOYED,REFUSES_FRESH
1,2024-10-31,B0001439,L0001439,9.0,488.0,4.0,46809.0,0.0,4.0,0.0,,,9.73,NONE,NONE,NONE,SELF_EMPLOYED,NONE
11,2025-08-27,B0010874,L0010874,3.0,621.0,3.0,36546.0,1.0,11.0,0.0,,9.0,19.27,NO_COMMITMENT,BROKEN,NONE,SALARIED,NO_COMMITMENT_FRESH
11,2025-08-27,B0007173,L0007173,7.69,498.0,1.0,22309.0,2.0,14.0,0.0,,17.0,16.42,DISPUTE,BROKEN,NONE,SALARIED,DISPUTE_FRESH
3,2024-12-30,B0000463,L0000463,1.743,750.0,0.0,77330.0,2.0,8.0,0.086,0.38,15.0,17.96,WILL_PAY,OPEN,BROKEN,SALARIED,WILL_PAY_FRESH
10,2025-07-28,B0009232,L0009232,5.0,460.0,0.0,36965.0,0.0,11.0,0.0,1.205,26.0,10.95,REFUSES,NONE,BROKEN,SELF_EMPLOYED,REFUSES_FRESH
1,2024-10-31,B0001756,L0001756,2.495,345.0,2.0,6467.91,1.0,3.0,0.0,,,12.12,NO_COMMITMENT,BROKEN,NONE,SALARIED,NO_COMMITMENT_STALE
3,2024-12-30,B0004166,L0004166,2.307,617.0,0.0,24954.0,4.0,14.0,0.564,,26.0,16.54,WILL_PAY,OPEN,NONE,SELF_EMPLOYED,WILL_PAY_FRESH
6,2025-03-30,B0005213,L0005213,1.0,854.0,1.0,6779.0,3.0,4.0,1.0,0.656,14.0,24.18,WILL_PAY,KEPT,HONORED,SALARIED,WILL_PAY_STALE
12,2025-09-26,B0011960,L0011960,1.0,734.0,4.0,4397.0,0.0,4.0,0.0,,,10.64,NONE,NONE,NONE,BUSINESS_OWNER,NONE
10,2025-07-28,B0004406,L0004406,2.565,610.0,0.0,10728.0,0.0,5.0,0.478,,64.0,21.89,NO_COMMITMENT,BROKEN,NONE,BUSINESS_OWNER,NO_COMMITMENT_FRESH
13,2025-10-26,B0011129,L0011129,3.0,426.0,0.0,73278.0,0.0,7.0,0.0,,15.0,17.22,MAY_PAY,BROKEN,NONE,SALARIED,MAY_PAY_FRESH
9,2025-06-28,B0006395,L0006395,1.0,628.0,1.0,6621.0,0.0,2.0,0.81,1.0,44.0,17.25,MAY_PAY,KEPT,HONORED,SALARIED,MAY_PAY_STALE
1,2024-10-31,B0001191,L0001191,3.0,447.0,0.0,18543.0,1.0,4.0,0.0,,17.0,15.52,REFUSES,OPEN,NONE,SALARIED,REFUSES_FRESH
13,2025-10-26,B0007536,L0007536,8.213,556.0,3.0,8344.0,2.0,16.0,0.0,1.02,111.0,14.27,NO_COMMITMENT,BROKEN,BROKEN,SELF_EMPLOYED,NO_COMMITMENT_FRESH
12,2025-09-26,B0007432,L0007432,2.0,482.0,0.0,2234.0,3.0,12.0,0.667,1.262,31.0,17.74,REFUSES,KEPT,HONORED,SALARIED,REFUSES_FRESH
4,2025-01-29,B0006528,L0006528,3.228,650.0,0.0,8526.42,2.0,7.0,0.0,,21.0,8.66,MAY_PAY,BROKEN,NONE,SALARIED,MAY_PAY_FRESH
7,2025-04-29,B0007989,L0007989,1.777,420.0,0.0,20924.65,3.0,10.0,0.56,0.628,40.0,19.26,HARDSHIP,BROKEN,HONORED,SALARIED,HARDSHIP_FRESH
5,2025-02-28,B0006652,L0006652,1.0,500.0,0.0,5837.0,0.0,3.0,0.333,,,13.91,NO_COMMITMENT,NONE,NONE,SELF_EMPLOYED,NO_COMMITMENT_FRESH
4,2025-01-29,B0001693,L0001693,3.0,363.0,0.0,29514.0,1.0,9.0,0.0,,42.0,11.99,REFUSES,OPEN,NONE,BUSINESS_OWNER,REFUSES_FRESH
7,2025-04-29,B0004914,L0004914,5.543,383.0,4.0,14562.0,0.0,13.0,0.152,,38.0,14.79,NO_COMMITMENT,BROKEN,NONE,SALARIED,NO_COMMITMENT_STALE
0,2024-10-01,B0000360,L0000360,0.542,820.0,0.0,982.38,0.0,0.0,0.0,,,11.38,NONE,NONE,NONE,SALARIED,NONE
4,2025-01-29,B0007867,L0007867,0.252,603.0,0.0,1959.14,0.0,0.0,0.0,,,16.57,NONE,NONE,NONE,SALARIED,NONE
10,2025-07-28,B0009698,L0009698,1.971,617.0,4.0,7516.35,1.0,13.0,0.613,,8.0,10.36,NO_COMMITMENT,NONE,NONE,SALARIED,NO_COMMITMENT_STALE
3,2024-12-30,B0000845,L0000845,2.62,505.0,0.0,10329.0,3.0,16.0,0.127,,21.0,15.46,MAY_PAY,BROKEN,NONE,SALARIED,MAY_PAY_FRESH
9,2025-06-28,B0009181,L0009181,0.287,814.0,0.0,2218.0,0.0,6.0,0.904,1.007,42.0,16.5,WILL_PAY,KEPT,HONORED,BUSINESS_OWNER,WILL_PAY_FRESH
5,2025-02-28,B0004400,L0004400,5.9,483.0,10.0,63854.0,1.0,14.0,0.367,,92.0,16.65,REFUSES,NONE,NONE,SELF_EMPLOYED,REFUSES_STALE
11,2025-08-27,B0008996,L0008996,1.0,825.0,0.0,11539.0,1.0,4.0,1.0,0.674,87.0,22.36,MAY_PAY,BROKEN,HONORED,SALARIED,MAY_PAY_FRESH
0,2024-10-01,B0002706,L0002706,3.0,711.0,0.0,22515.0,0.0,0.0,0.0,,,13.07,NONE,NONE,NONE,SELF_EMPLOYED,NONE
3,2024-12-30,B0005924,L0005924,4.0,760.0,0.0,50124.0,0.0,6.0,0.0,,,19.24,REFUSES,BROKEN,NONE,SALARIED,REFUSES_FRESH
0,2024-10-01,B0001572,L0001572,2.555,673.0,0.0,5126.06,0.0,0.0,0.0,,,16.61,NONE,NONE,NONE,BUSINESS_OWNER,NONE
3,2024-12-30,B0006497,L0006497,1.0,543.0,3.0,1419.0,0.0,3.0,0.667,1.161,17.0,18.35,NO_COMMITMENT,NONE,BROKEN,SELF_EMPLOYED,NO_COMMITMENT_STALE
11,2025-08-27,B0011325,L0011325,3.0,553.0,0.0,46101.0,2.0,5.0,0.0,,1.0,12.14,NO_COMMITMENT,NONE,NONE,SELF_EMPLOYED,NO_COMMITMENT_FRESH
7,2025-04-29,B0003678,L0003678,5.659,609.0,6.0,36448.25,0.0,18.0,0.333,0.674,9.0,13.36,HARDSHIP,KEPT,BROKEN,BUSINESS_OWNER,HARDSHIP_STALE
2,2024-11-30,B0000453,L0000453,2.0,601.0,5.0,19744.0,0.0,5.0,0.0,,,23.89,NONE,NONE,NONE,BUSINESS_OWNER,NONE
3,2024-12-30,B0007107,L0007107,0.412,753.0,0.0,24492.4,0.0,0.0,0.0,,,11.34,NONE,NONE,NONE,SELF_EMPLOYED,NONE
13,2025-10-26,B0004920,L0004920,0.0,411.0,0.0,0.0,2.0,7.0,0.659,1.055,7.0,12.08,NO_COMMITMENT,BROKEN,OPEN,SALARIED,NO_COMMITMENT_FRESH
4,2025-01-29,B0005090,L0005090,3.612,542.0,0.0,46508.0,1.0,15.0,0.129,,36.0,10.38,REFUSES,BROKEN,NONE,SELF_EMPLOYED,REFUSES_FRESH
13,2025-10-26,B0006038,L0006038,2.505,814.0,0.0,8044.0,3.0,15.0,0.832,0.995,15.0,8.0,MAY_PAY,OPEN,BROKEN,SELF_EMPLOYED,MAY_PAY_FRESH
13,2025-10-26,B0010549,L0010549,1.766,504.0,0.0,7542.0,4.0,5.0,0.745,,,13.96,HARDSHIP,OPEN,NONE,SALARIED,HARDSHIP_FRESH
10,2025-07-28,B0007814,L0007814,3.0,512.0,0.0,60432.0,0.0,7.0,0.0,0.546,39.0,17.11,REFUSES,BROKEN,BROKEN,SELF_EMPLOYED,REFUSES_FRESH
8,2025-05-29,B0006122,L0006122,3.681,599.0,1.0,36825.0,2.0,16.0,0.333,,98.0,15.67,MAY_PAY,OPEN,NONE,SALARIED,MAY_PAY_FRESH
3,2024-12-30,B0006376,L0006376,1.0,565.0,3.0,2538.0,0.0,3.0,0.0,,,8.0,NONE,NONE,NONE,SALARIED,NONE
4,2025-01-29,B0006395,L0006395,1.0,630.0,0.0,6621.0,0.0,1.0,0.333,1.0,6.0,17.25,NO_COMMITMENT,OPEN,OPEN,SALARIED,NO_COMMITMENT_FRESH
3,2024-12-30,B0004945,L0004945,1.0,751.0,0.0,25714.0,4.0,12.0,1.333,0.445,4.0,16.03,WILL_PAY,BROKEN,HONORED,SALARIED,WILL_PAY_FRESH
0,2024-10-01,B0004357,L0004357,8.0,611.0,0.0,160088.0,0.0,0.0,0.0,,,10.24,NONE,NONE,NONE,BUSINESS_OWNER,NONE
4,2025-01-29,B0003243,L0003243,1.0,684.0,0.0,4106.0,0.0,14.0,0.667,0.957,26.0,19.01,HARDSHIP,KEPT,BROKEN,SALARIED,HARDSHIP_FRESH
3,2024-12-30,B0006580,L0006580,0.663,536.0,0.0,3974.01,0.0,0.0,0.0,,,11.69,NONE,NONE,NONE,SALARIED,NONE
6,2025-03-30,B0008061,L0008061,2.0,598.0,3.0,15484.0,0.0,5.0,0.0,,9.0,18.05,REFUSES,OPEN,NONE,SALARIED,REFUSES_STALE
10,2025-07-28,B0009068,L0009068,4.0,390.0,7.0,180168.0,0.0,10.0,0.0,,17.0,11.61,REFUSES,BROKEN,NONE,SELF_EMPLOYED,REFUSES_STALE
5,2025-02-28,B0005955,L0005955,3.0,419.0,0.0,4812.0,1.0,14.0,0.0,,16.0,15.42,REFUSES,BROKEN,NONE,SELF_EMPLOYED,REFUSES_FRESH
3,2024-12-30,B0001577,L0001577,1.0,488.0,3.0,19861.0,0.0,4.0,0.667,0.0,40.0,15.91,NO_COMMITMENT,NONE,HONORED,SELF_EMPLOYED,NO_COMMITMENT_STALE
9,2025-06-28,B0007949,L0007949,1.742,694.0,0.0,26372.0,3.0,5.0,1.018,0.775,53.0,8.0,HARDSHIP,OPEN,HONORED,BUSINESS_OWNER,HARDSHIP_FRESH
7,2025-04-29,B0008445,L0008445,3.689,532.0,2.0,211317.43,0.0,5.0,0.0,0.541,31.0,9.01,WILL_PAY,BROKEN,BROKEN,SALARIED,WILL_PAY_STALE
10,2025-07-28,B0011493,L0011493,1.0,723.0,0.0,10681.0,0.0,0.0,0.0,,,11.07,NONE,NONE,NONE,SALARIED,NONE
11,2025-08-27,B0008142,L0008142,2.228,823.0,0.0,34082.0,1.0,11.0,0.257,,,16.83,NO_COMMITMENT,BROKEN,NONE,SALARIED,NO_COMMITMENT_FRESH
2,2024-11-30,B0004937,L0004937,3.0,319.0,1.0,80112.0,0.0,11.0,0.0,,60.0,18.18,REFUSES,NONE,NONE,BUSINESS_OWNER,REFUSES_FRESH
11,2025-08-27,B0009925,L0009925,1.0,489.0,0.0,2362.0,0.0,11.0,1.0,,38.0,15.59,NO_COMMITMENT,NONE,NONE,SALARIED,NO_COMMITMENT_FRESH
1,2024-10-31,B0003011,L0003011,1.0,703.0,0.0,2919.0,1.0,1.0,0.0,,,15.18,MAY_PAY,OPEN,NONE,SALARIED,MAY_PAY_FRESH
3,2024-12-30,B0000141,L0000141,4.061,366.0,0.0,5620.0,0.0,16.0,0.313,,44.0,13.37,MAY_PAY,NONE,NONE,SELF_EMPLOYED,MAY_PAY_FRESH
8,2025-05-29,B0009080,L0009080,1.717,351.0,1.0,6072.0,1.0,6.0,0.094,,,18.6,HARDSHIP,NONE,NONE,SALARIED,HARDSHIP_FRESH
5,2025-02-28,B0000315,L0000315,3.695,352.0,0.0,6052.0,2.0,18.0,0.435,,24.0,17.75,REFUSES,BROKEN,NONE,BUSINESS_OWNER,REFUSES_FRESH
6,2025-03-30,B0006698,L0006698,5.0,543.0,7.0,8225.0,0.0,12.0,0.0,,77.0,16.99,REFUSES,BROKEN,NONE,SELF_EMPLOYED,REFUSES_STALE
7,2025-04-29,B0001551,L0001551,2.0,453.0,0.0,1866.0,2.0,10.0,0.643,1.076,8.0,8.0,WILL_PAY,OPEN,OPEN,BUSINESS_OWNER,WILL_PAY_FRESH
7,2025-04-29,B0000639,L0000639,4.0,426.0,5.0,14780.0,0.0,12.0,0.0,1.177,47.0,9.24,NO_COMMITMENT,NONE,RESCHEDULED,SALARIED,NO_COMMITMENT_STALE
2,2024-11-30,B0003863,L0003863,4.0,361.0,0.0,3788.0,1.0,14.0,0.0,,,15.06,WILL_PAY,OPEN,NONE,SELF_EMPLOYED,WILL_PAY_FRESH
11,2025-08-27,B0005063,L0005063,5.993,358.0,0.0,20225.0,0.0,17.0,0.0,,4.0,17.39,REFUSES,OPEN,NONE,SELF_EMPLOYED,REFUSES_FRESH
11,2025-08-27,B0010215,L0010215,3.0,379.0,0.0,3654.0,0.0,15.0,0.333,0.659,4.0,15.97,HARDSHIP,KEPT,BROKEN,SALARIED,HARDSHIP_FRESH
11,2025-08-27,B0006768,L0006768,1.398,421.0,0.0,3482.0,1.0,4.0,0.534,,,16.85,WILL_PAY,BROKEN,NONE,BUSINESS_OWNER,WILL_PAY_FRESH
0,2024-10-01,B0004138,L0004138,3.0,335.0,0.0,43815.0,0.0,0.0,0.0,,,19.28,NONE,NONE,NONE,SALARIED,NONE
10,2025-07-28,B0010801,L0010801,1.0,669.0,0.0,7002.0,0.0,2.0,0.0,,,9.18,NO_COMMITMENT,OPEN,NONE,SELF_EMPLOYED,NO_COMMITMENT_FRESH
1,2024-10-31,B0004985,L0004985,1.0,471.0,0.0,10307.0,0.0,3.0,0.667,0.729,22.0,16.53,NO_COMMITMENT,NONE,HONORED,BUSINESS_OWNER,NO_COMMITMENT_FRESH
3,2024-12-30,B0006731,L0006731,0.791,339.0,0.0,1579.78,0.0,0.0,0.0,,,17.2,NONE,NONE,NONE,SELF_EMPLOYED,NONE
13,2025-10-26,B0010800,L0010800,3.0,363.0,4.0,46866.0,0.0,14.0,0.0,,,12.27,REFUSES,BROKEN,NONE,SELF_EMPLOYED,REFUSES_STALE
3,2024-12-30,B0003037,L0003037,1.0,435.0,0.0,9106.0,0.0,6.0,0.667,0.987,46.0,10.68,NO_COMMITMENT,OPEN,HONORED,SALARIED,NO_COMMITMENT_FRESH
7,2025-04-29,B0009217,L0009217,1.48,411.0,3.0,4501.44,0.0,3.0,0.0,,,13.56,NONE,NONE,NONE,SELF_EMPLOYED,NONE
9,2025-06-28,B0008552,L0008552,2.0,474.0,2.0,3124.0,2.0,6.0,0.667,,,16.12,MAY_PAY,BROKEN,NONE,BUSINESS_OWNER,MAY_PAY_STALE
2,2024-11-30,B0005696,L0005696,1.0,336.0,0.0,4075.0,0.0,2.0,0.0,,,13.32,REFUSES,NONE,NONE,SALARIED,REFUSES_FRESH
7,2025-04-29,B0006524,L0006524,1.215,538.0,0.0,2927.0,0.0,9.0,1.262,0.969,7.0,14.49,MAY_PAY,KEPT,OPEN,SALARIED,MAY_PAY_FRESH
8,2025-05-29,B0009691,L0009691,1.0,436.0,4.0,16593.0,0.0,4.0,0.0,,,15.97,NONE,NONE,NONE,SALARIED,NONE
13,2025-10-26,B0008529,L0008529,6.0,401.0,0.0,34980.0,1.0,10.0,0.0,,36.0,15.12,MAY_PAY,NONE,NONE,SELF_EMPLOYED,MAY_PAY_FRESH
0,2024-10-01,B0000534,L0000534,8.459,354.0,0.0,142072.45,0.0,0.0,0.0,,,11.68,NONE,NONE,NONE,SELF_EMPLOYED,NONE
10,2025-07-28,B0005921,L0005921,2.761,371.0,10.0,5779.0,0.0,10.0,0.413,1.111,17.0,13.72,WILL_PAY,BROKEN,BROKEN,BUSINESS_OWNER,WILL_PAY_STALE
6,2025-03-30,B0005382,L0005382,7.0,300.0,0.0,56224.0,0.0,13.0,0.0,,1.0,15.08,REFUSES,BROKEN,NONE,SALARIED,REFUSES_FRESH
2,2024-11-30,B0004707,L0004707,5.0,623.0,0.0,18495.0,1.0,8.0,0.0,,26.0,21.89,REFUSES,NONE,NONE,BUSINESS_OWNER,REFUSES_FRESH
7,2025-04-29,B0009854,L0009854,1.0,473.0,0.0,7393.0,0.0,0.0,0.0,,,13.99,NONE,NONE,NONE,SELF_EMPLOYED,NONE
2,2024-11-30,B0002944,L0002944,9.634,579.0,3.0,44163.42,0.0,11.0,0.0,,,26.52,REFUSES,NONE,NONE,SALARIED,REFUSES_STALE
4,2025-01-29,B0006301,L0006301,1.941,603.0,0.0,16590.0,0.0,1.0,0.686,1.333,31.0,16.89,REFUSES,NONE,HONORED,SELF_EMPLOYED,REFUSES_FRESH
13,2025-10-26,B0007280,L0007280,6.431,604.0,0.0,47528.0,0.0,12.0,0.0,,45.0,9.48,NO_COMMITMENT,OPEN,NONE,SALARIED,NO_COMMITMENT_FRESH
12,2025-09-26,B0011357,L0011357,2.381,646.0,5.0,34206.75,0.0,5.0,0.0,,10.0,17.53,NO_COMMITMENT,NONE,NONE,SELF_EMPLOYED,NO_COMMITMENT_STALE
13,2025-10-26,B0010728,L0010728,1.163,720.0,0.0,2531.0,3.0,10.0,0.946,1.367,21.0,22.09,NO_COMMITMENT,OPEN,BROKEN,SELF_EMPLOYED,NO_COMMITMENT_FRESH
3,2024-12-30,B0005784,L0005784,2.812,790.0,0.0,18213.14,1.0,12.0,0.278,,21.0,20.1,MAY_PAY,BROKEN,NONE,SELF_EMPLOYED,MAY_PAY_FRESH
4,2025-01-29,B0004580,L0004580,3.313,302.0,1.0,41532.19,1.0,13.0,1.205,1.244,82.0,14.82,REFUSES,NONE,HONORED,SELF_EMPLOYED,REFUSES_FRESH
6,2025-03-30,B0000809,L0000809,3.0,476.0,0.0,10407.0,2.0,12.0,0.0,,9.0,9.68,NO_COMMITMENT,OPEN,NONE,SALARIED,NO_COMMITMENT_FRESH
7,2025-04-29,B0007700,L0007700,3.0,831.0,0.0,33717.0,1.0,7.0,0.0,,,17.6,REFUSES,BROKEN,NONE,SELF_EMPLOYED,REFUSES_FRESH
11,2025-08-27,B0008537,L0008537,5.707,555.0,4.0,173392.0,0.0,14.0,0.431,0.634,47.0,13.09,WILL_PAY,BROKEN,BROKEN,SALARIED,WILL_PAY_STALE
0,2024-10-01,B0001721,L0001721,2.326,542.0,0.0,12945.72,0.0,0.0,0.0,,,10.52,NONE,NONE,NONE,SALARIED,NONE
8,2025-05-29,B0006267,L0006267,2.0,396.0,0.0,12830.0,1.0,3.0,0.912,,,17.57,MAY_PAY,OPEN,NONE,BUSINESS_OWNER,MAY_PAY_FRESH
6,2025-03-30,B0001730,L0001730,1.0,855.0,4.0,2176.0,0.0,6.0,0.667,,6.0,18.24,REFUSES,KEPT,NONE,BUSINESS_OWNER,REFUSES_FRESH
5,2025-02-28,B0001289,L0001289,2.561,570.0,0.0,8757.0,2.0,14.0,0.48,,52.0,16.3,HARDSHIP,OPEN,NONE,SALARIED,HARDSHIP_FRESH
0,2024-10-01,B0004979,L0004979,3.0,408.0,0.0,29742.0,0.0,0.0,0.0,,,10.26,NONE,NONE,NONE,SALARIED,NONE
1,2024-10-31,B0000205,L0000205,1.0,521.0,0.0,1688.0,1.0,2.0,0.0,,,14.54,NO_COMMITMENT,NONE,NONE,SALARIED,NO_COMMITMENT_FRESH
13,2025-10-26,B0008333,L0008333,3.243,503.0,0.0,12852.0,2.0,16.0,0.333,1.243,81.0,17.11,NO_COMMITMENT,BROKEN,HONORED,BUSINESS_OWNER,NO_COMMITMENT_FRESH
0,2024-10-01,B0002874,L0002874,9.0,466.0,0.0,58203.0,0.0,0.0,0.0,,,17.55,NONE,NONE,NONE,SALARIED,NONE
6,2025-03-30,B0008101,L0008101,1.0,333.0,0.0,4604.0,0.0,3.0,0.0,,,15.03,REFUSES,OPEN,NONE,SELF_EMPLOYED,REFUSES_FRESH
9,2025-06-28,B0010360,L0010360,1.0,407.0,2.0,4772.0,0.0,2.0,0.0,,,15.34,NONE,NONE,NONE,SALARIED,NONE
3,2024-12-30,B0004442,L0004442,5.0,542.0,0.0,18245.0,2.0,13.0,0.0,,54.0,26.49,MAY_PAY,NONE,NONE,SELF_EMPLOYED,MAY_PAY_FRESH
7,2025-04-29,B0008700,L0008700,0.857,664.0,0.0,4800.0,1.0,1.0,0.381,,,20.77,WILL_PAY,OPEN,NONE,SALARIED,WILL_PAY_FRESH
12,2025-09-26,B0010542,L0010542,3.238,510.0,1.0,12944.62,4.0,10.0,0.0,,36.0,25.28,REFUSES,NONE,NONE,SELF_EMPLOYED,REFUSES_STALE
12,2025-09-26,B0012190,L0012190,0.835,456.0,0.0,5056.0,1.0,1.0,0.055,,,10.19,WILL_PAY,OPEN,NONE,SALARIED,WILL_PAY_FRESH
9,2025-06-28,B0010435,L0010435,3.0,324.0,4.0,28440.0,1.0,7.0,0.0,,,23.35,REFUSES,NONE,NONE,SELF_EMPLOYED,REFUSES_STALE
0,2024-10-01,B0004261,L0004261,4.0,632.0,0.0,29156.0,0.0,0.0,0.0,,,24.67,NONE,NONE,NONE,SELF_EMPLOYED,NONE
13,2025-10-26,B0011454,L0011454,3.0,501.0,0.0,6795.0,1.0,11.0,0.0,,12.0,15.95,REFUSES,OPEN,NONE,SELF_EMPLOYED,REFUSES_FRESH
13,2025-10-26,B0012420,L0012420,0.891,611.0,0.0,7543.47,1.0,1.0,0.562,,12.0,17.13,DISPUTE,NONE,NONE,SELF_EMPLOYED,DISPUTE_FRESH
1,2024-10-31,B0000344,L0000344,4.0,802.0,3.0,18652.0,0.0,3.0,0.333,1.306,6.0,18.27,MAY_PAY,NONE,OPEN,SELF_EMPLOYED,MAY_PAY_FRESH
