kind,id,field,value
loan,c9efae4c-855e-463a-a866-0df32f7b47d3,sanctioned_amount,55000.0
loan,c9efae4c-855e-463a-a866-0df32f7b47d3,disbursed_amount,50093.0
loan,c9efae4c-855e-463a-a866-0df32f7b47d3,outstanding_principal,21106.85
loan,c9efae4c-855e-463a-a866-0df32f7b47d3,total_outstanding,29538.01
loan,c9efae4c-855e-463a-a866-0df32f7b47d3,overdue_amount,3544.08
loan,c9efae4c-855e-463a-a866-0df32f7b47d3,emi_amount,1358.08
loan,c9efae4c-855e-463a-a866-0df32f7b47d3,outstanding_interest,660.61
loan,c9efae4c-855e-463a-a866-0df32f7b47d3,penal_charges,5506.9
loan,c9efae4c-855e-463a-a866-0df32f7b47d3,last_payment_amount,693.8
loan,5fd6b519-11a3-4e00-9256-b8a6ee401c0c,sanctioned_amount,4796000.0
loan,5fd6b519-11a3-4e00-9256-b8a6ee401c0c,disbursed_amount,4483222.41
loan,5fd6b519-11a3-4e00-9256-b8a6ee401c0c,outstanding_principal,2219614.33
loan,5fd6b519-11a3-4e00-9256-b8a6ee401c0c,total_outstanding,2288096.2
loan,5fd6b519-11a3-4e00-9256-b8a6ee401c0c,overdue_amount,352910.07
loan,5fd6b519-11a3-4e00-9256-b8a6ee401c0c,emi_amount,100289.12
loan,5fd6b519-11a3-4e00-9256-b8a6ee401c0c,outstanding_interest,63603.92
loan,5fd6b519-11a3-4e00-9256-b8a6ee401c0c,penal_charges,4836.0
loan,5fd6b519-11a3-4e00-9256-b8a6ee401c0c,last_payment_amount,98699.33
loan,1754efdb-8175-48d8-ac64-8c2ce7f688be,sanctioned_amount,3162000.0
loan,1754efdb-8175-48d8-ac64-8c2ce7f688be,disbursed_amount,3032162.14
loan,1754efdb-8175-48d8-ac64-8c2ce7f688be,outstanding_principal,2846535.22
loan,1754efdb-8175-48d8-ac64-8c2ce7f688be,total_outstanding,2941822.6
loan,1754efdb-8175-48d8-ac64-8c2ce7f688be,overdue_amount,553021.45
loan,1754efdb-8175-48d8-ac64-8c2ce7f688be,emi_amount,275333.59
loan,1754efdb-8175-48d8-ac64-8c2ce7f688be,outstanding_interest,89446.32
loan,1754efdb-8175-48d8-ac64-8c2ce7f688be,penal_charges,3556.83
loan,1754efdb-8175-48d8-ac64-8c2ce7f688be,last_payment_amount,195992.51
loan,5e59824a-79cd-44da-9fd6-9e2b3a084690,sanctioned_amount,969000.0
loan,5e59824a-79cd-44da-9fd6-9e2b3a084690,disbursed_amount,919940.77
loan,5e59824a-79cd-44da-9fd6-9e2b3a084690,outstanding_principal,701204.55
loan,5e59824a-79cd-44da-9fd6-9e2b3a084690,total_outstanding,740847.66
loan,5e59824a-79cd-44da-9fd6-9e2b3a084690,overdue_amount,70989.19
loan,5e59824a-79cd-44da-9fd6-9e2b3a084690,emi_amount,25783.44
loan,5e59824a-79cd-44da-9fd6-9e2b3a084690,outstanding_interest,33133.6
loan,5e59824a-79cd-44da-9fd6-9e2b3a084690,penal_charges,3554.62
loan,5e59824a-79cd-44da-9fd6-9e2b3a084690,last_payment_amount,24841.03
loan,d1e05eba-5267-46ee-abe1-f04c56c5a455,sanctioned_amount,1109000.0
loan,d1e05eba-5267-46ee-abe1-f04c56c5a455,disbursed_amount,1046680.67
loan,d1e05eba-5267-46ee-abe1-f04c56c5a455,outstanding_principal,617933.65
loan,d1e05eba-5267-46ee-abe1-f04c56c5a455,total_outstanding,656745.19
loan,d1e05eba-5267-46ee-abe1-f04c56c5a455,overdue_amount,170059.96
loan,d1e05eba-5267-46ee-abe1-f04c56c5a455,emi_amount,96568.28
loan,d1e05eba-5267-46ee-abe1-f04c56c5a455,outstanding_interest,28438.3
loan,d1e05eba-5267-46ee-abe1-f04c56c5a455,penal_charges,7439.68
loan,d1e05eba-5267-46ee-abe1-f04c56c5a455,last_payment_amount,50230.77
loan,605d601a-6f20-4c81-abee-2a201b75b42e,sanctioned_amount,1306000.0
loan,605d601a-6f20-4c81-abee-2a201b75b42e,disbursed_amount,1275285.1
loan,605d601a-6f20-4c81-abee-2a201b75b42e,outstanding_principal,1059239.74
loan,605d601a-6f20-4c81-abee-2a201b75b42e,total_outstanding,1141054.73
loan,605d601a-6f20-4c81-abee-2a201b75b42e,overdue_amount,65643.78
loan,605d601a-6f20-4c81-abee-2a201b75b42e,emi_amount,34302.77
loan,605d601a-6f20-4c81-abee-2a201b75b42e,outstanding_interest,73464.49
loan,605d601a-6f20-4c81-abee-2a201b75b42e,penal_charges,5500.08
loan,605d601a-6f20-4c81-abee-2a201b75b42e,last_payment_amount,16754.31
loan,a74edeba-84d1-4dcf-b429-20c2d3f95ef1,sanctioned_amount,81000.0
loan,a74edeba-84d1-4dcf-b429-20c2d3f95ef1,disbursed_amount,73140.76
loan,a74edeba-84d1-4dcf-b429-20c2d3f95ef1,outstanding_principal,26773.13
loan,a74edeba-84d1-4dcf-b429-20c2d3f95ef1,total_outstanding,31332.17
loan,a74edeba-84d1-4dcf-b429-20c2d3f95ef1,overdue_amount,2948.68
loan,a74edeba-84d1-4dcf-b429-20c2d3f95ef1,emi_amount,1429.49
loan,a74edeba-84d1-4dcf-b429-20c2d3f95ef1,outstanding_interest,698.61
loan,a74edeba-84d1-4dcf-b429-20c2d3f95ef1,penal_charges,2952.17
loan,a74edeba-84d1-4dcf-b429-20c2d3f95ef1,last_payment_amount,1251.72
loan,6c5dd43e-bb40-4366-b019-332c50203f9d,sanctioned_amount,888000.0
loan,6c5dd43e-bb40-4366-b019-332c50203f9d,disbursed_amount,871081.97
loan,6c5dd43e-bb40-4366-b019-332c50203f9d,outstanding_principal,822673.27
loan,6c5dd43e-bb40-4366-b019-332c50203f9d,total_outstanding,875012.96
loan,6c5dd43e-bb40-4366-b019-332c50203f9d,overdue_amount,564617.31
loan,6c5dd43e-bb40-4366-b019-332c50203f9d,emi_amount,79681.56
loan,6c5dd43e-bb40-4366-b019-332c50203f9d,outstanding_interest,45905.2
loan,6c5dd43e-bb40-4366-b019-332c50203f9d,penal_charges,3875.87
loan,6c5dd43e-bb40-4366-b019-332c50203f9d,last_payment_amount,55369.74
loan,8d4cfb51-4678-4f6d-89b2-cdadcc73f39b,sanctioned_amount,1883000.0
loan,8d4cfb51-4678-4f6d-89b2-cdadcc73f39b,disbursed_amount,1787071.26
loan,8d4cfb51-4678-4f6d-89b2-cdadcc73f39b,outstanding_principal,1228349.24
loan,8d4cfb51-4678-4f6d-89b2-cdadcc73f39b,total_outstanding,1259246.65
loan,8d4cfb51-4678-4f6d-89b2-cdadcc73f39b,overdue_amount,117371.53
loan,8d4cfb51-4678-4f6d-89b2-cdadcc73f39b,emi_amount,45140.06
loan,8d4cfb51-4678-4f6d-89b2-cdadcc73f39b,outstanding_interest,26648.84
loan,8d4cfb51-4678-4f6d-89b2-cdadcc73f39b,penal_charges,2475.43
loan,8d4cfb51-4678-4f6d-89b2-cdadcc73f39b,last_payment_amount,26735.99
loan,53616736-7990-44bc-b42a-9ba30151a911,sanctioned_amount,4333000.0
loan,53616736-7990-44bc-b42a-9ba30151a911,disbursed_amount,3911355.7
loan,53616736-7990-44bc-b42a-9ba30151a911,outstanding_principal,2178960.78
loan,53616736-7990-44bc-b42a-9ba30151a911,total_outstanding,2271607.9
loan,53616736-7990-44bc-b42a-9ba30151a911,overdue_amount,430915.96
loan,53616736-7990-44bc-b42a-9ba30151a911,emi_amount,150347.02
loan,53616736-7990-44bc-b42a-9ba30151a911,outstanding_interest,86444.98
loan,53616736-7990-44bc-b42a-9ba30151a911,penal_charges,5459.3
loan,53616736-7990-44bc-b42a-9ba30151a911,last_payment_amount,138524.33
loan,860130ba-5875-4418-874e-626504958c0e,sanctioned_amount,1631000.0
loan,860130ba-5875-4418-874e-626504958c0e,disbursed_amount,1608715.41
loan,860130ba-5875-4418-874e-626504958c0e,outstanding_principal,1016418.47
loan,860130ba-5875-4418-874e-626504958c0e,total_outstanding,1037856.89
loan,860130ba-5875-4418-874e-626504958c0e,overdue_amount,89234.42
loan,860130ba-5875-4418-874e-626504958c0e,emi_amount,47216.26
loan,860130ba-5875-4418-874e-626504958c0e,outstanding_interest,15693.51
loan,860130ba-5875-4418-874e-626504958c0e,penal_charges,4777.65
loan,860130ba-5875-4418-874e-626504958c0e,last_payment_amount,38458.51
loan,21dcce6e-2063-4a6f-8b60-4ec976b3ae31,sanctioned_amount,174000.0
loan,21dcce6e-2063-4a6f-8b60-4ec976b3ae31,disbursed_amount,167298.0
loan,21dcce6e-2063-4a6f-8b60-4ec976b3ae31,outstanding_principal,143608.68
loan,21dcce6e-2063-4a6f-8b60-4ec976b3ae31,total_outstanding,155327.41
loan,21dcce6e-2063-4a6f-8b60-4ec976b3ae31,overdue_amount,10279.15
loan,21dcce6e-2063-4a6f-8b60-4ec976b3ae31,emi_amount,4663.38
loan,21dcce6e-2063-4a6f-8b60-4ec976b3ae31,outstanding_interest,6337.9
loan,21dcce6e-2063-4a6f-8b60-4ec976b3ae31,penal_charges,4518.76
loan,21dcce6e-2063-4a6f-8b60-4ec976b3ae31,last_payment_amount,3612.92
loan,32451d0a-7b8d-4bbd-a665-567207bca658,sanctioned_amount,3482000.0
loan,32451d0a-7b8d-4bbd-a665-567207bca658,disbursed_amount,3299288.45
loan,32451d0a-7b8d-4bbd-a665-567207bca658,outstanding_principal,2153721.79
loan,32451d0a-7b8d-4bbd-a665-567207bca658,total_outstanding,2202664.72
loan,32451d0a-7b8d-4bbd-a665-567207bca658,overdue_amount,103095.43
loan,32451d0a-7b8d-4bbd-a665-567207bca658,emi_amount,49138.13
loan,32451d0a-7b8d-4bbd-a665-567207bca658,outstanding_interest,44849.84
loan,32451d0a-7b8d-4bbd-a665-567207bca658,penal_charges,2850.15
loan,32451d0a-7b8d-4bbd-a665-567207bca658,last_payment_amount,39454.78
loan,3a1246da-0fc8-4375-a91e-9422d154adde,sanctioned_amount,270000.0
loan,3a1246da-0fc8-4375-a91e-9422d154adde,disbursed_amount,258574.77
loan,3a1246da-0fc8-4375-a91e-9422d154adde,outstanding_principal,132070.06
loan,3a1246da-0fc8-4375-a91e-9422d154adde,total_outstanding,146010.9
loan,3a1246da-0fc8-4375-a91e-9422d154adde,overdue_amount,16862.02
loan,3a1246da-0fc8-4375-a91e-9422d154adde,emi_amount,3857.95
loan,3a1246da-0fc8-4375-a91e-9422d154adde,outstanding_interest,4324.52
loan,3a1246da-0fc8-4375-a91e-9422d154adde,penal_charges,6895.81
loan,3a1246da-0fc8-4375-a91e-9422d154adde,last_payment_amount,2613.73
loan,6e5e2e22-e988-49ba-a6ac-b972a239c7d9,sanctioned_amount,1219000.0
loan,6e5e2e22-e988-49ba-a6ac-b972a239c7d9,disbursed_amount,1135943.82
loan,6e5e2e22-e988-49ba-a6ac-b972a239c7d9,outstanding_principal,579514.07
loan,6e5e2e22-e988-49ba-a6ac-b972a239c7d9,total_outstanding,605610.19
loan,6e5e2e22-e988-49ba-a6ac-b972a239c7d9,overdue_amount,285921.42
loan,6e5e2e22-e988-49ba-a6ac-b972a239c7d9,emi_amount,106111.96
loan,6e5e2e22-e988-49ba-a6ac-b972a239c7d9,outstanding_interest,19736.32
loan,6e5e2e22-e988-49ba-a6ac-b972a239c7d9,penal_charges,5651.41
loan,6e5e2e22-e988-49ba-a6ac-b972a239c7d9,last_payment_amount,44208.63
loan,8fea4460-1d00-4746-8dbc-44b3db283e32,sanctioned_amount,3026000.0
loan,8fea4460-1d00-4746-8dbc-44b3db283e32,disbursed_amount,2997451.39
loan,8fea4460-1d00-4746-8dbc-44b3db283e32,outstanding_principal,2469306.16
loan,8fea4460-1d00-4746-8dbc-44b3db283e32,total_outstanding,2523862.26
loan,8fea4460-1d00-4746-8dbc-44b3db283e32,overdue_amount,204560.39
loan,8fea4460-1d00-4746-8dbc-44b3db283e32,emi_amount,100747.64
loan,8fea4460-1d00-4746-8dbc-44b3db283e32,outstanding_interest,49097.2
loan,8fea4460-1d00-4746-8dbc-44b3db283e32,penal_charges,5332.2
loan,8fea4460-1d00-4746-8dbc-44b3db283e32,last_payment_amount,92259.69
loan,382da318-93e3-4fe5-8aea-b819f08d93ef,sanctioned_amount,1341000.0
loan,382da318-93e3-4fe5-8aea-b819f08d93ef,disbursed_amount,1327157.29
loan,382da318-93e3-4fe5-8aea-b819f08d93ef,outstanding_principal,1135582.35
loan,382da318-93e3-4fe5-8aea-b819f08d93ef,total_outstanding,1171866.1
loan,382da318-93e3-4fe5-8aea-b819f08d93ef,overdue_amount,375514.59
loan,382da318-93e3-4fe5-8aea-b819f08d93ef,emi_amount,122561.94
loan,382da318-93e3-4fe5-8aea-b819f08d93ef,outstanding_interest,31669.96
loan,382da318-93e3-4fe5-8aea-b819f08d93ef,penal_charges,4251.86
loan,382da318-93e3-4fe5-8aea-b819f08d93ef,last_payment_amount,85532.38
loan,c0b2232d-e6eb-4b15-a88c-6fa6145be9ae,sanctioned_amount,2597000.0
loan,c0b2232d-e6eb-4b15-a88c-6fa6145be9ae,disbursed_amount,2528760.28
loan,c0b2232d-e6eb-4b15-a88c-6fa6145be9ae,outstanding_principal,1215840.67
loan,c0b2232d-e6eb-4b15-a88c-6fa6145be9ae,total_outstanding,1247787.48
loan,c0b2232d-e6eb-4b15-a88c-6fa6145be9ae,overdue_amount,106274.07
loan,c0b2232d-e6eb-4b15-a88c-6fa6145be9ae,emi_amount,58122.01
loan,c0b2232d-e6eb-4b15-a88c-6fa6145be9ae,outstanding_interest,28162.57
loan,c0b2232d-e6eb-4b15-a88c-6fa6145be9ae,penal_charges,2559.11
loan,c0b2232d-e6eb-4b15-a88c-6fa6145be9ae,last_payment_amount,41852.61
loan,9eab58c8-0897-487b-a608-112720978484,sanctioned_amount,809000.0
loan,9eab58c8-0897-487b-a608-112720978484,disbursed_amount,799246.17
loan,9eab58c8-0897-487b-a608-112720978484,outstanding_principal,673620.04
loan,9eab58c8-0897-487b-a608-112720978484,total_outstanding,694532.14
loan,9eab58c8-0897-487b-a608-112720978484,overdue_amount,105981.49
loan,9eab58c8-0897-487b-a608-112720978484,emi_amount,30987.61
loan,9eab58c8-0897-487b-a608-112720978484,outstanding_interest,13344.07
loan,9eab58c8-0897-487b-a608-112720978484,penal_charges,5043.61
loan,9eab58c8-0897-487b-a608-112720978484,last_payment_amount,17098.65
loan,d62a2c34-cfcf-4f26-88ea-6af51e289cd9,sanctioned_amount,4661000.0
loan,d62a2c34-cfcf-4f26-88ea-6af51e289cd9,disbursed_amount,4251789.26
loan,d62a2c34-cfcf-4f26-88ea-6af51e289cd9,outstanding_principal,3809065.16
loan,d62a2c34-cfcf-4f26-88ea-6af51e289cd9,total_outstanding,3968679.59
loan,d62a2c34-cfcf-4f26-88ea-6af51e289cd9,overdue_amount,302821.23
loan,d62a2c34-cfcf-4f26-88ea-6af51e289cd9,emi_amount,88281.09
loan,d62a2c34-cfcf-4f26-88ea-6af51e289cd9,outstanding_interest,156927.18
loan,d62a2c34-cfcf-4f26-88ea-6af51e289cd9,penal_charges,2416.5
loan,d62a2c34-cfcf-4f26-88ea-6af51e289cd9,last_payment_amount,46456.33
loan,a44dfd38-e8fa-43e8-9d01-5225ee1efec5,sanctioned_amount,4578000.0
loan,a44dfd38-e8fa-43e8-9d01-5225ee1efec5,disbursed_amount,4306199.02
loan,a44dfd38-e8fa-43e8-9d01-5225ee1efec5,outstanding_principal,3937145.93
loan,a44dfd38-e8fa-43e8-9d01-5225ee1efec5,total_outstanding,4031551.86
loan,a44dfd38-e8fa-43e8-9d01-5225ee1efec5,overdue_amount,113056.46
loan,a44dfd38-e8fa-43e8-9d01-5225ee1efec5,emi_amount,58043.85
loan,a44dfd38-e8fa-43e8-9d01-5225ee1efec5,outstanding_interest,85445.04
loan,a44dfd38-e8fa-43e8-9d01-5225ee1efec5,penal_charges,6808.73
loan,a44dfd38-e8fa-43e8-9d01-5225ee1efec5,last_payment_amount,47543.1
loan,62306470-a7ef-4fad-b624-a1b8df5827af,sanctioned_amount,4347000.0
loan,62306470-a7ef-4fad-b624-a1b8df5827af,disbursed_amount,4054346.2
loan,62306470-a7ef-4fad-b624-a1b8df5827af,outstanding_principal,1865987.59
loan,62306470-a7ef-4fad-b624-a1b8df5827af,total_outstanding,1940650.4
loan,62306470-a7ef-4fad-b624-a1b8df5827af,overdue_amount,161844.61
loan,62306470-a7ef-4fad-b624-a1b8df5827af,emi_amount,77636.0
loan,62306470-a7ef-4fad-b624-a1b8df5827af,outstanding_interest,73539.51
loan,62306470-a7ef-4fad-b624-a1b8df5827af,penal_charges,523.07
loan,62306470-a7ef-4fad-b624-a1b8df5827af,last_payment_amount,38406.02
loan,2a5223e4-0cc7-4f85-8be7-0f20434419b7,sanctioned_amount,1123000.0
loan,2a5223e4-0cc7-4f85-8be7-0f20434419b7,disbursed_amount,1061402.32
loan,2a5223e4-0cc7-4f85-8be7-0f20434419b7,outstanding_principal,749150.76
loan,2a5223e4-0cc7-4f85-8be7-0f20434419b7,total_outstanding,779437.87
loan,2a5223e4-0cc7-4f85-8be7-0f20434419b7,overdue_amount,103142.74
loan,2a5223e4-0cc7-4f85-8be7-0f20434419b7,emi_amount,55183.74
loan,2a5223e4-0cc7-4f85-8be7-0f20434419b7,outstanding_interest,28051.32
loan,2a5223e4-0cc7-4f85-8be7-0f20434419b7,penal_charges,1132.99
loan,2a5223e4-0cc7-4f85-8be7-0f20434419b7,last_payment_amount,22760.02
loan,03dc1f24-2d15-4409-9347-1729a058beef,sanctioned_amount,2194000.0
loan,03dc1f24-2d15-4409-9347-1729a058beef,disbursed_amount,2161491.69
loan,03dc1f24-2d15-4409-9347-1729a058beef,outstanding_principal,950085.23
loan,03dc1f24-2d15-4409-9347-1729a058beef,total_outstanding,989300.89
loan,03dc1f24-2d15-4409-9347-1729a058beef,overdue_amount,126154.36
loan,03dc1f24-2d15-4409-9347-1729a058beef,emi_amount,46670.07
loan,03dc1f24-2d15-4409-9347-1729a058beef,outstanding_interest,34419.0
loan,03dc1f24-2d15-4409-9347-1729a058beef,penal_charges,4754.32
loan,03dc1f24-2d15-4409-9347-1729a058beef,last_payment_amount,21986.62
loan,da55fe5a-babe-4496-b19b-1d6daaeecadf,sanctioned_amount,1334000.0
loan,da55fe5a-babe-4496-b19b-1d6daaeecadf,disbursed_amount,1300175.5
loan,da55fe5a-babe-4496-b19b-1d6daaeecadf,outstanding_principal,623226.07
loan,da55fe5a-babe-4496-b19b-1d6daaeecadf,total_outstanding,654624.68
loan,da55fe5a-babe-4496-b19b-1d6daaeecadf,overdue_amount,233352.02
loan,da55fe5a-babe-4496-b19b-1d6daaeecadf,emi_amount,36415.31
loan,da55fe5a-babe-4496-b19b-1d6daaeecadf,outstanding_interest,28937.28
loan,da55fe5a-babe-4496-b19b-1d6daaeecadf,penal_charges,1920.22
loan,da55fe5a-babe-4496-b19b-1d6daaeecadf,last_payment_amount,22642.41
loan,e796a31a-42eb-4c4b-9dca-897046464a52,sanctioned_amount,4550000.0
loan,e796a31a-42eb-4c4b-9dca-897046464a52,disbursed_amount,4275887.4
loan,e796a31a-42eb-4c4b-9dca-897046464a52,outstanding_principal,3028686.14
loan,e796a31a-42eb-4c4b-9dca-897046464a52,total_outstanding,3071547.37
loan,e796a31a-42eb-4c4b-9dca-897046464a52,overdue_amount,466441.73
loan,e796a31a-42eb-4c4b-9dca-897046464a52,emi_amount,114649.92
loan,e796a31a-42eb-4c4b-9dca-897046464a52,outstanding_interest,39177.2
loan,e796a31a-42eb-4c4b-9dca-897046464a52,penal_charges,890.84
loan,e796a31a-42eb-4c4b-9dca-897046464a52,last_payment_amount,63309.01
loan,cd783db4-6ec9-48a2-b49f-db5cfcffb7a4,sanctioned_amount,2798000.0
loan,cd783db4-6ec9-48a2-b49f-db5cfcffb7a4,disbursed_amount,2529706.77
loan,cd783db4-6ec9-48a2-b49f-db5cfcffb7a4,outstanding_principal,2217890.19
loan,cd783db4-6ec9-48a2-b49f-db5cfcffb7a4,total_outstanding,2254876.09
loan,cd783db4-6ec9-48a2-b49f-db5cfcffb7a4,overdue_amount,339382.46
loan,cd783db4-6ec9-48a2-b49f-db5cfcffb7a4,emi_amount,119686.9
loan,cd783db4-6ec9-48a2-b49f-db5cfcffb7a4,outstanding_interest,32082.33
loan,cd783db4-6ec9-48a2-b49f-db5cfcffb7a4,penal_charges,4478.18
loan,cd783db4-6ec9-48a2-b49f-db5cfcffb7a4,last_payment_amount,83724.14
loan,b5d00381-a6c2-4534-a7a8-34f3919ee9b0,sanctioned_amount,1411000.0
loan,b5d00381-a6c2-4534-a7a8-34f3919ee9b0,disbursed_amount,1356384.64
loan,b5d00381-a6c2-4534-a7a8-34f3919ee9b0,outstanding_principal,1201218.43
loan,b5d00381-a6c2-4534-a7a8-34f3919ee9b0,total_outstanding,1248900.67
loan,b5d00381-a6c2-4534-a7a8-34f3919ee9b0,overdue_amount,175241.37
loan,b5d00381-a6c2-4534-a7a8-34f3919ee9b0,emi_amount,50866.72
loan,b5d00381-a6c2-4534-a7a8-34f3919ee9b0,outstanding_interest,41000.88
loan,b5d00381-a6c2-4534-a7a8-34f3919ee9b0,penal_charges,6227.57
loan,b5d00381-a6c2-4534-a7a8-34f3919ee9b0,last_payment_amount,26112.53
loan,7984752d-da51-4c50-84a7-f35ec32d02a4,sanctioned_amount,864000.0
loan,7984752d-da51-4c50-84a7-f35ec32d02a4,disbursed_amount,815307.54
loan,7984752d-da51-4c50-84a7-f35ec32d02a4,outstanding_principal,769072.39
loan,7984752d-da51-4c50-84a7-f35ec32d02a4,total_outstanding,815172.67
loan,7984752d-da51-4c50-84a7-f35ec32d02a4,overdue_amount,52427.61
loan,7984752d-da51-4c50-84a7-f35ec32d02a4,emi_amount,26550.25
loan,7984752d-da51-4c50-84a7-f35ec32d02a4,outstanding_interest,42597.31
loan,7984752d-da51-4c50-84a7-f35ec32d02a4,penal_charges,1343.68
loan,7984752d-da51-4c50-84a7-f35ec32d02a4,last_payment_amount,13865.61
loan,8b1a2d0c-b400-44b4-84ac-8c033b3e7782,sanctioned_amount,4379000.0
loan,8b1a2d0c-b400-44b4-84ac-8c033b3e7782,disbursed_amount,4331222.71
loan,8b1a2d0c-b400-44b4-84ac-8c033b3e7782,outstanding_principal,2882901.87
loan,8b1a2d0c-b400-44b4-84ac-8c033b3e7782,total_outstanding,3009115.58
loan,8b1a2d0c-b400-44b4-84ac-8c033b3e7782,overdue_amount,1076855.64
loan,8b1a2d0c-b400-44b4-84ac-8c033b3e7782,emi_amount,110455.15
loan,8b1a2d0c-b400-44b4-84ac-8c033b3e7782,outstanding_interest,122832.68
loan,8b1a2d0c-b400-44b4-84ac-8c033b3e7782,penal_charges,1076.27
loan,8b1a2d0c-b400-44b4-84ac-8c033b3e7782,last_payment_amount,68938.92
loan,0a2b88b3-fe71-4678-a022-a17ad99f4a75,sanctioned_amount,1784000.0
loan,0a2b88b3-fe71-4678-a022-a17ad99f4a75,disbursed_amount,1723261.82
loan,0a2b88b3-fe71-4678-a022-a17ad99f4a75,outstanding_principal,943754.94
loan,0a2b88b3-fe71-4678-a022-a17ad99f4a75,total_outstanding,964672.41
loan,0a2b88b3-fe71-4678-a022-a17ad99f4a75,overdue_amount,189371.83
loan,0a2b88b3-fe71-4678-a022-a17ad99f4a75,emi_amount,60888.75
loan,0a2b88b3-fe71-4678-a022-a17ad99f4a75,outstanding_interest,14176.95
loan,0a2b88b3-fe71-4678-a022-a17ad99f4a75,penal_charges,3898.26
loan,0a2b88b3-fe71-4678-a022-a17ad99f4a75,last_payment_amount,55893.88
loan,9b5d81a7-a5fc-4e81-b17f-0921d85e7b06,sanctioned_amount,1748000.0
loan,9b5d81a7-a5fc-4e81-b17f-0921d85e7b06,disbursed_amount,1639867.13
loan,9b5d81a7-a5fc-4e81-b17f-0921d85e7b06,outstanding_principal,1425551.76
loan,9b5d81a7-a5fc-4e81-b17f-0921d85e7b06,total_outstanding,1452734.72
loan,9b5d81a7-a5fc-4e81-b17f-0921d85e7b06,overdue_amount,176840.6
loan,9b5d81a7-a5fc-4e81-b17f-0921d85e7b06,emi_amount,79967.44
loan,9b5d81a7-a5fc-4e81-b17f-0921d85e7b06,outstanding_interest,23122.42
loan,9b5d81a7-a5fc-4e81-b17f-0921d85e7b06,penal_charges,1722.06
loan,9b5d81a7-a5fc-4e81-b17f-0921d85e7b06,last_payment_amount,46311.38
loan,7e92b660-798a-45b7-94fd-685a07117a7a,sanctioned_amount,4663000.0
loan,7e92b660-798a-45b7-94fd-685a07117a7a,disbursed_amount,4257918.97
loan,7e92b660-798a-45b7-94fd-685a07117a7a,outstanding_principal,2741136.77
loan,7e92b660-798a-45b7-94fd-685a07117a7a,total_outstanding,2916076.19
loan,7e92b660-798a-45b7-94fd-685a07117a7a,overdue_amount,239401.64
loan,7e92b660-798a-45b7-94fd-685a07117a7a,emi_amount,80368.6
loan,7e92b660-798a-45b7-94fd-685a07117a7a,outstanding_interest,168947.28
loan,7e92b660-798a-45b7-94fd-685a07117a7a,penal_charges,4722.93
loan,7e92b660-798a-45b7-94fd-685a07117a7a,last_payment_amount,53080.53
loan,5d778fcc-acf4-4fd5-82cd-a9e216105603,sanctioned_amount,60000.0
loan,5d778fcc-acf4-4fd5-82cd-a9e216105603,disbursed_amount,57885.66
loan,5d778fcc-acf4-4fd5-82cd-a9e216105603,outstanding_principal,38482.78
loan,5d778fcc-acf4-4fd5-82cd-a9e216105603,total_outstanding,48438.94
loan,5d778fcc-acf4-4fd5-82cd-a9e216105603,overdue_amount,5184.3
loan,5d778fcc-acf4-4fd5-82cd-a9e216105603,emi_amount,1761.2
loan,5d778fcc-acf4-4fd5-82cd-a9e216105603,outstanding_interest,1219.27
loan,5d778fcc-acf4-4fd5-82cd-a9e216105603,penal_charges,7304.06
loan,5d778fcc-acf4-4fd5-82cd-a9e216105603,last_payment_amount,1593.75
loan,79883189-812d-44c4-b946-9a66c0c28064,sanctioned_amount,124000.0
loan,79883189-812d-44c4-b946-9a66c0c28064,disbursed_amount,117966.34
loan,79883189-812d-44c4-b946-9a66c0c28064,outstanding_principal,92271.62
loan,79883189-812d-44c4-b946-9a66c0c28064,total_outstanding,104207.95
loan,79883189-812d-44c4-b946-9a66c0c28064,overdue_amount,6530.06
loan,79883189-812d-44c4-b946-9a66c0c28064,emi_amount,3413.03
loan,79883189-812d-44c4-b946-9a66c0c28064,outstanding_interest,4738.63
loan,79883189-812d-44c4-b946-9a66c0c28064,penal_charges,4891.76
loan,79883189-812d-44c4-b946-9a66c0c28064,last_payment_amount,2975.16
loan,ba391d18-de2a-490b-bf96-da9828fc5b38,sanctioned_amount,800000.0
loan,ba391d18-de2a-490b-bf96-da9828fc5b38,disbursed_amount,766976.67
loan,ba391d18-de2a-490b-bf96-da9828fc5b38,outstanding_principal,425519.14
loan,ba391d18-de2a-490b-bf96-da9828fc5b38,total_outstanding,450676.78
loan,ba391d18-de2a-490b-bf96-da9828fc5b38,overdue_amount,50482.91
loan,ba391d18-de2a-490b-bf96-da9828fc5b38,emi_amount,15395.8
loan,ba391d18-de2a-490b-bf96-da9828fc5b38,outstanding_interest,22839.97
loan,ba391d18-de2a-490b-bf96-da9828fc5b38,penal_charges,2083.01
loan,ba391d18-de2a-490b-bf96-da9828fc5b38,last_payment_amount,10165.53
loan,d4ad7bd2-f764-434c-b88d-c8cc1656abf6,sanctioned_amount,316000.0
loan,d4ad7bd2-f764-434c-b88d-c8cc1656abf6,disbursed_amount,306261.08
loan,d4ad7bd2-f764-434c-b88d-c8cc1656abf6,outstanding_principal,162832.89
loan,d4ad7bd2-f764-434c-b88d-c8cc1656abf6,total_outstanding,182212.45
loan,d4ad7bd2-f764-434c-b88d-c8cc1656abf6,overdue_amount,22372.96
loan,d4ad7bd2-f764-434c-b88d-c8cc1656abf6,emi_amount,7205.3
loan,d4ad7bd2-f764-434c-b88d-c8cc1656abf6,outstanding_interest,10810.17
loan,d4ad7bd2-f764-434c-b88d-c8cc1656abf6,penal_charges,5679.97
loan,d4ad7bd2-f764-434c-b88d-c8cc1656abf6,last_payment_amount,3422.9
loan,0ef2cb90-5394-4922-be00-a4d26ccb13a9,sanctioned_amount,78000.0
loan,0ef2cb90-5394-4922-be00-a4d26ccb13a9,disbursed_amount,71831.99
loan,0ef2cb90-5394-4922-be00-a4d26ccb13a9,outstanding_principal,62128.47
loan,0ef2cb90-5394-4922-be00-a4d26ccb13a9,total_outstanding,71518.1
loan,0ef2cb90-5394-4922-be00-a4d26ccb13a9,overdue_amount,2724.86
loan,0ef2cb90-5394-4922-be00-a4d26ccb13a9,emi_amount,1555.59
loan,0ef2cb90-5394-4922-be00-a4d26ccb13a9,outstanding_interest,2672.22
loan,0ef2cb90-5394-4922-be00-a4d26ccb13a9,penal_charges,6272.91
loan,0ef2cb90-5394-4922-be00-a4d26ccb13a9,last_payment_amount,1464.51
loan,d078a832-b509-4044-88da-09b286783278,sanctioned_amount,4509000.0
loan,d078a832-b509-4044-88da-09b286783278,disbursed_amount,4167501.71
loan,d078a832-b509-4044-88da-09b286783278,outstanding_principal,2293418.01
loan,d078a832-b509-4044-88da-09b286783278,total_outstanding,2333305.11
loan,d078a832-b509-4044-88da-09b286783278,overdue_amount,359045.88
loan,d078a832-b509-4044-88da-09b286783278,emi_amount,65027.53
loan,d078a832-b509-4044-88da-09b286783278,outstanding_interest,34901.63
loan,d078a832-b509-4044-88da-09b286783278,penal_charges,3738.41
loan,d078a832-b509-4044-88da-09b286783278,last_payment_amount,41605.15
loan,408fdceb-2e60-488d-b631-6824dbb73bcd,sanctioned_amount,1567000.0
loan,408fdceb-2e60-488d-b631-6824dbb73bcd,disbursed_amount,1459793.72
loan,408fdceb-2e60-488d-b631-6824dbb73bcd,outstanding_principal,613353.42
loan,408fdceb-2e60-488d-b631-6824dbb73bcd,total_outstanding,635096.77
loan,408fdceb-2e60-488d-b631-6824dbb73bcd,overdue_amount,78007.89
loan,408fdceb-2e60-488d-b631-6824dbb73bcd,emi_amount,24910.22
loan,408fdceb-2e60-488d-b631-6824dbb73bcd,outstanding_interest,16572.22
loan,408fdceb-2e60-488d-b631-6824dbb73bcd,penal_charges,3862.44
loan,408fdceb-2e60-488d-b631-6824dbb73bcd,last_payment_amount,15103.28
loan,ca50d7dd-db99-42bd-8429-910ed9f0aa69,sanctioned_amount,4726000.0
loan,ca50d7dd-db99-42bd-8429-910ed9f0aa69,disbursed_amount,4563878.42
loan,ca50d7dd-db99-42bd-8429-910ed9f0aa69,outstanding_principal,4225612.97
loan,ca50d7dd-db99-42bd-8429-910ed9f0aa69,total_outstanding,4386522.78
loan,ca50d7dd-db99-42bd-8429-910ed9f0aa69,overdue_amount,636331.92
loan,ca50d7dd-db99-42bd-8429-910ed9f0aa69,emi_amount,151229.31
loan,ca50d7dd-db99-42bd-8429-910ed9f0aa69,outstanding_interest,152512.51
loan,ca50d7dd-db99-42bd-8429-910ed9f0aa69,penal_charges,6009.38
loan,ca50d7dd-db99-42bd-8429-910ed9f0aa69,last_payment_amount,121018.82
loan,3b7b8485-7db8-4854-bc33-3ebda2fb30e9,sanctioned_amount,1027000.0
loan,3b7b8485-7db8-4854-bc33-3ebda2fb30e9,disbursed_amount,1021151.72
loan,3b7b8485-7db8-4854-bc33-3ebda2fb30e9,outstanding_principal,969641.49
loan,3b7b8485-7db8-4854-bc33-3ebda2fb30e9,total_outstanding,1004747.41
loan,3b7b8485-7db8-4854-bc33-3ebda2fb30e9,overdue_amount,93650.3
loan,3b7b8485-7db8-4854-bc33-3ebda2fb30e9,emi_amount,50444.96
loan,3b7b8485-7db8-4854-bc33-3ebda2fb30e9,outstanding_interest,29004.82
loan,3b7b8485-7db8-4854-bc33-3ebda2fb30e9,penal_charges,5576.96
loan,3b7b8485-7db8-4854-bc33-3ebda2fb30e9,last_payment_amount,44597.85
loan,7f1855bb-6469-46f3-ab47-e0dea712a539,sanctioned_amount,572000.0
loan,7f1855bb-6469-46f3-ab47-e0dea712a539,disbursed_amount,529547.43
loan,7f1855bb-6469-46f3-ab47-e0dea712a539,outstanding_principal,464216.2
loan,7f1855bb-6469-46f3-ab47-e0dea712a539,total_outstanding,481871.63
loan,7f1855bb-6469-46f3-ab47-e0dea712a539,overdue_amount,65525.3
loan,7f1855bb-6469-46f3-ab47-e0dea712a539,emi_amount,18295.93
loan,7f1855bb-6469-46f3-ab47-e0dea712a539,outstanding_interest,10433.25
loan,7f1855bb-6469-46f3-ab47-e0dea712a539,penal_charges,5676.02
loan,7f1855bb-6469-46f3-ab47-e0dea712a539,last_payment_amount,17885.89
loan,94aaf612-9749-425a-9b6e-1fe96d8e899c,sanctioned_amount,294000.0
loan,94aaf612-9749-425a-9b6e-1fe96d8e899c,disbursed_amount,288814.14
loan,94aaf612-9749-425a-9b6e-1fe96d8e899c,outstanding_principal,251996.6
loan,94aaf612-9749-425a-9b6e-1fe96d8e899c,total_outstanding,264708.95
loan,94aaf612-9749-425a-9b6e-1fe96d8e899c,overdue_amount,45699.38
loan,94aaf612-9749-425a-9b6e-1fe96d8e899c,emi_amount,25470.34
loan,94aaf612-9749-425a-9b6e-1fe96d8e899c,outstanding_interest,8696.88
loan,94aaf612-9749-425a-9b6e-1fe96d8e899c,penal_charges,2690.92
loan,94aaf612-9749-425a-9b6e-1fe96d8e899c,last_payment_amount,20077.14
loan,55291a6e-04bd-47e9-96e1-bf0e7ec35dad,sanctioned_amount,81000.0
loan,55291a6e-04bd-47e9-96e1-bf0e7ec35dad,disbursed_amount,74887.06
loan,55291a6e-04bd-47e9-96e1-bf0e7ec35dad,outstanding_principal,30040.22
loan,55291a6e-04bd-47e9-96e1-bf0e7ec35dad,total_outstanding,36396.87
loan,55291a6e-04bd-47e9-96e1-bf0e7ec35dad,overdue_amount,6101.34
loan,55291a6e-04bd-47e9-96e1-bf0e7ec35dad,emi_amount,2834.0
loan,55291a6e-04bd-47e9-96e1-bf0e7ec35dad,outstanding_interest,1156.83
loan,55291a6e-04bd-47e9-96e1-bf0e7ec35dad,penal_charges,3204.83
loan,55291a6e-04bd-47e9-96e1-bf0e7ec35dad,last_payment_amount,2472.18
loan,0f783a11-b0d1-4387-b225-816d6f715253,sanctioned_amount,3106000.0
loan,0f783a11-b0d1-4387-b225-816d6f715253,disbursed_amount,3042205.04
loan,0f783a11-b0d1-4387-b225-816d6f715253,outstanding_principal,1082931.38
loan,0f783a11-b0d1-4387-b225-816d6f715253,total_outstanding,1133576.79
loan,0f783a11-b0d1-4387-b225-816d6f715253,overdue_amount,933704.93
loan,0f783a11-b0d1-4387-b225-816d6f715253,emi_amount,274677.38
loan,0f783a11-b0d1-4387-b225-816d6f715253,outstanding_interest,48565.16
loan,0f783a11-b0d1-4387-b225-816d6f715253,penal_charges,1135.84
loan,0f783a11-b0d1-4387-b225-816d6f715253,last_payment_amount,120001.33
loan,541781f3-c75a-4c5c-9c35-952a09bdca9b,sanctioned_amount,215000.0
loan,541781f3-c75a-4c5c-9c35-952a09bdca9b,disbursed_amount,214521.26
loan,541781f3-c75a-4c5c-9c35-952a09bdca9b,outstanding_principal,200276.34
loan,541781f3-c75a-4c5c-9c35-952a09bdca9b,total_outstanding,217831.83
loan,541781f3-c75a-4c5c-9c35-952a09bdca9b,overdue_amount,15691.93
loan,541781f3-c75a-4c5c-9c35-952a09bdca9b,emi_amount,4688.07
loan,541781f3-c75a-4c5c-9c35-952a09bdca9b,outstanding_interest,9178.92
loan,541781f3-c75a-4c5c-9c35-952a09bdca9b,penal_charges,5755.93
loan,541781f3-c75a-4c5c-9c35-952a09bdca9b,last_payment_amount,1897.46
loan,db7e249b-c427-450b-87be-5b74d39cee67,sanctioned_amount,2218000.0
loan,db7e249b-c427-450b-87be-5b74d39cee67,disbursed_amount,2134682.98
loan,db7e249b-c427-450b-87be-5b74d39cee67,outstanding_principal,1578073.36
loan,db7e249b-c427-450b-87be-5b74d39cee67,total_outstanding,1666000.06
loan,db7e249b-c427-450b-87be-5b74d39cee67,overdue_amount,282757.85
loan,db7e249b-c427-450b-87be-5b74d39cee67,emi_amount,63438.88
loan,db7e249b-c427-450b-87be-5b74d39cee67,outstanding_interest,85182.29
loan,db7e249b-c427-450b-87be-5b74d39cee67,penal_charges,1132.11
loan,db7e249b-c427-450b-87be-5b74d39cee67,last_payment_amount,33511.0
loan,3ba17d4d-fd7d-4470-98f0-cd4052b0a326,sanctioned_amount,180000.0
loan,3ba17d4d-fd7d-4470-98f0-cd4052b0a326,disbursed_amount,178025.75
loan,3ba17d4d-fd7d-4470-98f0-cd4052b0a326,outstanding_principal,94774.72
loan,3ba17d4d-fd7d-4470-98f0-cd4052b0a326,total_outstanding,106520.18
loan,3ba17d4d-fd7d-4470-98f0-cd4052b0a326,overdue_amount,12813.74
loan,3ba17d4d-fd7d-4470-98f0-cd4052b0a326,emi_amount,6396.75
loan,3ba17d4d-fd7d-4470-98f0-cd4052b0a326,outstanding_interest,3230.81
loan,3ba17d4d-fd7d-4470-98f0-cd4052b0a326,penal_charges,5989.9
loan,3ba17d4d-fd7d-4470-98f0-cd4052b0a326,last_payment_amount,3033.9
loan,7ea2436c-e95f-4bcf-8828-f0086ea559c2,sanctioned_amount,987000.0
loan,7ea2436c-e95f-4bcf-8828-f0086ea559c2,disbursed_amount,985317.22
loan,7ea2436c-e95f-4bcf-8828-f0086ea559c2,outstanding_principal,738310.34
loan,7ea2436c-e95f-4bcf-8828-f0086ea559c2,total_outstanding,791437.53
loan,7ea2436c-e95f-4bcf-8828-f0086ea559c2,overdue_amount,74005.1
loan,7ea2436c-e95f-4bcf-8828-f0086ea559c2,emi_amount,26809.03
loan,7ea2436c-e95f-4bcf-8828-f0086ea559c2,outstanding_interest,48382.41
loan,7ea2436c-e95f-4bcf-8828-f0086ea559c2,penal_charges,2744.01
loan,7ea2436c-e95f-4bcf-8828-f0086ea559c2,last_payment_amount,19082.67
loan,63942e6b-20b5-4abf-b473-5e53719756d8,sanctioned_amount,999000.0
loan,63942e6b-20b5-4abf-b473-5e53719756d8,disbursed_amount,944485.53
loan,63942e6b-20b5-4abf-b473-5e53719756d8,outstanding_principal,382846.42
loan,63942e6b-20b5-4abf-b473-5e53719756d8,total_outstanding,394175.81
loan,63942e6b-20b5-4abf-b473-5e53719756d8,overdue_amount,110664.77
loan,63942e6b-20b5-4abf-b473-5e53719756d8,emi_amount,24895.93
loan,63942e6b-20b5-4abf-b473-5e53719756d8,outstanding_interest,8984.29
loan,63942e6b-20b5-4abf-b473-5e53719756d8,penal_charges,2110.88
loan,63942e6b-20b5-4abf-b473-5e53719756d8,last_payment_amount,19465.55
loan,775cdd25-33e5-4548-894c-19587a0f68f9,sanctioned_amount,2070000.0
loan,775cdd25-33e5-4548-894c-19587a0f68f9,disbursed_amount,1889314.66
loan,775cdd25-33e5-4548-894c-19587a0f68f9,outstanding_principal,1639855.21
loan,775cdd25-33e5-4548-894c-19587a0f68f9,total_outstanding,1682756.34
loan,775cdd25-33e5-4548-894c-19587a0f68f9,overdue_amount,702653.12
loan,775cdd25-33e5-4548-894c-19587a0f68f9,emi_amount,96117.68
loan,775cdd25-33e5-4548-894c-19587a0f68f9,outstanding_interest,36611.47
loan,775cdd25-33e5-4548-894c-19587a0f68f9,penal_charges,4050.17
loan,775cdd25-33e5-4548-894c-19587a0f68f9,last_payment_amount,45417.51
loan,e854ced2-e26d-4a43-92a2-93ee76a9c00d,sanctioned_amount,484000.0
loan,e854ced2-e26d-4a43-92a2-93ee76a9c00d,disbursed_amount,450277.79
loan,e854ced2-e26d-4a43-92a2-93ee76a9c00d,outstanding_principal,316894.05
loan,e854ced2-e26d-4a43-92a2-93ee76a9c00d,total_outstanding,329667.97
loan,e854ced2-e26d-4a43-92a2-93ee76a9c00d,overdue_amount,17377.09
loan,e854ced2-e26d-4a43-92a2-93ee76a9c00d,emi_amount,7769.59
loan,e854ced2-e26d-4a43-92a2-93ee76a9c00d,outstanding_interest,4959.25
loan,e854ced2-e26d-4a43-92a2-93ee76a9c00d,penal_charges,7167.93
loan,e854ced2-e26d-4a43-92a2-93ee76a9c00d,last_payment_amount,3678.1
loan,63a0a691-adaa-4542-9a7d-5268b1b3018c,sanctioned_amount,3506000.0
loan,63a0a691-adaa-4542-9a7d-5268b1b3018c,disbursed_amount,3314002.47
loan,63a0a691-adaa-4542-9a7d-5268b1b3018c,outstanding_principal,2817598.31
loan,63a0a691-adaa-4542-9a7d-5268b1b3018c,total_outstanding,2873240.3
loan,63a0a691-adaa-4542-9a7d-5268b1b3018c,overdue_amount,245474.37
loan,63a0a691-adaa-4542-9a7d-5268b1b3018c,emi_amount,91777.44
loan,63a0a691-adaa-4542-9a7d-5268b1b3018c,outstanding_interest,48083.5
loan,63a0a691-adaa-4542-9a7d-5268b1b3018c,penal_charges,5273.45
loan,63a0a691-adaa-4542-9a7d-5268b1b3018c,last_payment_amount,41629.24
loan,7e193414-f6ad-49e4-a5a7-e8b34b0742df,sanctioned_amount,147000.0
loan,7e193414-f6ad-49e4-a5a7-e8b34b0742df,disbursed_amount,146383.77
loan,7e193414-f6ad-49e4-a5a7-e8b34b0742df,outstanding_principal,127291.25
loan,7e193414-f6ad-49e4-a5a7-e8b34b0742df,total_outstanding,143631.1
loan,7e193414-f6ad-49e4-a5a7-e8b34b0742df,overdue_amount,7091.79
loan,7e193414-f6ad-49e4-a5a7-e8b34b0742df,emi_amount,3470.93
loan,7e193414-f6ad-49e4-a5a7-e8b34b0742df,outstanding_interest,7746.46
loan,7e193414-f6ad-49e4-a5a7-e8b34b0742df,penal_charges,6471.19
loan,7e193414-f6ad-49e4-a5a7-e8b34b0742df,last_payment_amount,1789.11
loan,5c56e197-c343-43ba-aef0-d034fe15aa6b,sanctioned_amount,4127000.0
loan,5c56e197-c343-43ba-aef0-d034fe15aa6b,disbursed_amount,4084435.89
loan,5c56e197-c343-43ba-aef0-d034fe15aa6b,outstanding_principal,2103392.65
loan,5c56e197-c343-43ba-aef0-d034fe15aa6b,total_outstanding,2145240.17
loan,5c56e197-c343-43ba-aef0-d034fe15aa6b,overdue_amount,198254.0
loan,5c56e197-c343-43ba-aef0-d034fe15aa6b,emi_amount,90205.07
loan,5c56e197-c343-43ba-aef0-d034fe15aa6b,outstanding_interest,33316.98
loan,5c56e197-c343-43ba-aef0-d034fe15aa6b,penal_charges,6791.88
loan,5c56e197-c343-43ba-aef0-d034fe15aa6b,last_payment_amount,57828.55
loan,353c7892-0614-4bf6-b5e7-355200402cf8,sanctioned_amount,328000.0
loan,353c7892-0614-4bf6-b5e7-355200402cf8,disbursed_amount,295989.07
loan,353c7892-0614-4bf6-b5e7-355200402cf8,outstanding_principal,277599.76
loan,353c7892-0614-4bf6-b5e7-355200402cf8,total_outstanding,292698.68
loan,353c7892-0614-4bf6-b5e7-355200402cf8,overdue_amount,16093.74
loan,353c7892-0614-4bf6-b5e7-355200402cf8,emi_amount,8600.71
loan,353c7892-0614-4bf6-b5e7-355200402cf8,outstanding_interest,10923.99
loan,353c7892-0614-4bf6-b5e7-355200402cf8,penal_charges,1870.02
loan,353c7892-0614-4bf6-b5e7-355200402cf8,last_payment_amount,3744.3
loan,e1055b3b-8746-4a61-9287-5cb4803af6bb,sanctioned_amount,370000.0
loan,e1055b3b-8746-4a61-9287-5cb4803af6bb,disbursed_amount,338271.04
loan,e1055b3b-8746-4a61-9287-5cb4803af6bb,outstanding_principal,128924.18
loan,e1055b3b-8746-4a61-9287-5cb4803af6bb,total_outstanding,136921.52
loan,e1055b3b-8746-4a61-9287-5cb4803af6bb,overdue_amount,40155.86
loan,e1055b3b-8746-4a61-9287-5cb4803af6bb,emi_amount,13006.77
loan,e1055b3b-8746-4a61-9287-5cb4803af6bb,outstanding_interest,4197.8
loan,e1055b3b-8746-4a61-9287-5cb4803af6bb,penal_charges,2273.68
loan,e1055b3b-8746-4a61-9287-5cb4803af6bb,last_payment_amount,5675.88
loan,b1ed3bba-75e3-488f-987c-687f8bb59752,sanctioned_amount,66000.0
loan,b1ed3bba-75e3-488f-987c-687f8bb59752,disbursed_amount,61176.45
loan,b1ed3bba-75e3-488f-987c-687f8bb59752,outstanding_principal,41772.78
loan,b1ed3bba-75e3-488f-987c-687f8bb59752,total_outstanding,48440.24
loan,b1ed3bba-75e3-488f-987c-687f8bb59752,overdue_amount,2805.06
loan,b1ed3bba-75e3-488f-987c-687f8bb59752,emi_amount,1489.86
loan,b1ed3bba-75e3-488f-987c-687f8bb59752,outstanding_interest,2865.14
loan,b1ed3bba-75e3-488f-987c-687f8bb59752,penal_charges,3550.59
loan,b1ed3bba-75e3-488f-987c-687f8bb59752,last_payment_amount,929.65
loan,33e09eac-9106-4694-a9b4-4e117e3e19c2,sanctioned_amount,809000.0
loan,33e09eac-9106-4694-a9b4-4e117e3e19c2,disbursed_amount,731480.98
loan,33e09eac-9106-4694-a9b4-4e117e3e19c2,outstanding_principal,682653.95
loan,33e09eac-9106-4694-a9b4-4e117e3e19c2,total_outstanding,700259.82
loan,33e09eac-9106-4694-a9b4-4e117e3e19c2,overdue_amount,50209.7
loan,33e09eac-9106-4694-a9b4-4e117e3e19c2,emi_amount,14810.44
loan,33e09eac-9106-4694-a9b4-4e117e3e19c2,outstanding_interest,11695.87
loan,33e09eac-9106-4694-a9b4-4e117e3e19c2,penal_charges,4116.4
loan,33e09eac-9106-4694-a9b4-4e117e3e19c2,last_payment_amount,13410.31
loan,440b122c-991d-437b-99b9-ff66c8d76c0a,sanctioned_amount,1187000.0
loan,440b122c-991d-437b-99b9-ff66c8d76c0a,disbursed_amount,1078949.18
loan,440b122c-991d-437b-99b9-ff66c8d76c0a,outstanding_principal,1024238.64
loan,440b122c-991d-437b-99b9-ff66c8d76c0a,total_outstanding,1095174.36
loan,440b122c-991d-437b-99b9-ff66c8d76c0a,overdue_amount,37795.52
loan,440b122c-991d-437b-99b9-ff66c8d76c0a,emi_amount,20692.75
loan,440b122c-991d-437b-99b9-ff66c8d76c0a,outstanding_interest,64243.4
loan,440b122c-991d-437b-99b9-ff66c8d76c0a,penal_charges,4286.15
loan,440b122c-991d-437b-99b9-ff66c8d76c0a,last_payment_amount,20439.97
loan,3081d549-dfbe-4609-a442-37b1f2648b81,sanctioned_amount,118000.0
loan,3081d549-dfbe-4609-a442-37b1f2648b81,disbursed_amount,111625.63
loan,3081d549-dfbe-4609-a442-37b1f2648b81,outstanding_principal,82364.76
loan,3081d549-dfbe-4609-a442-37b1f2648b81,total_outstanding,92864.06
loan,3081d549-dfbe-4609-a442-37b1f2648b81,overdue_amount,71277.73
loan,3081d549-dfbe-4609-a442-37b1f2648b81,emi_amount,10254.74
loan,3081d549-dfbe-4609-a442-37b1f2648b81,outstanding_interest,1220.34
loan,3081d549-dfbe-4609-a442-37b1f2648b81,penal_charges,7260.84
loan,3081d549-dfbe-4609-a442-37b1f2648b81,last_payment_amount,8946.06
loan,b40d3a0c-c1d9-40e6-bdb3-dd3a39d85f4c,sanctioned_amount,1371000.0
loan,b40d3a0c-c1d9-40e6-bdb3-dd3a39d85f4c,disbursed_amount,1326064.91
loan,b40d3a0c-c1d9-40e6-bdb3-dd3a39d85f4c,outstanding_principal,748934.21
loan,b40d3a0c-c1d9-40e6-bdb3-dd3a39d85f4c,total_outstanding,768993.23
loan,b40d3a0c-c1d9-40e6-bdb3-dd3a39d85f4c,overdue_amount,69189.01
loan,b40d3a0c-c1d9-40e6-bdb3-dd3a39d85f4c,emi_amount,21346.93
loan,b40d3a0c-c1d9-40e6-bdb3-dd3a39d85f4c,outstanding_interest,14306.0
loan,b40d3a0c-c1d9-40e6-bdb3-dd3a39d85f4c,penal_charges,5727.73
loan,b40d3a0c-c1d9-40e6-bdb3-dd3a39d85f4c,last_payment_amount,8658.7
loan,954a8b84-2fcf-4d1e-9021-085541d8579f,sanctioned_amount,240000.0
loan,954a8b84-2fcf-4d1e-9021-085541d8579f,disbursed_amount,218159.2
loan,954a8b84-2fcf-4d1e-9021-085541d8579f,outstanding_principal,107019.03
loan,954a8b84-2fcf-4d1e-9021-085541d8579f,total_outstanding,116581.94
loan,954a8b84-2fcf-4d1e-9021-085541d8579f,overdue_amount,38123.46
loan,954a8b84-2fcf-4d1e-9021-085541d8579f,emi_amount,7951.5
loan,954a8b84-2fcf-4d1e-9021-085541d8579f,outstanding_interest,4243.72
loan,954a8b84-2fcf-4d1e-9021-085541d8579f,penal_charges,2605.67
loan,954a8b84-2fcf-4d1e-9021-085541d8579f,last_payment_amount,7330.88
loan,eb68ec01-8012-448e-b363-f673eb74089b,sanctioned_amount,4086000.0
loan,eb68ec01-8012-448e-b363-f673eb74089b,disbursed_amount,3956221.94
loan,eb68ec01-8012-448e-b363-f673eb74089b,outstanding_principal,1539087.41
loan,eb68ec01-8012-448e-b363-f673eb74089b,total_outstanding,1584245.69
loan,eb68ec01-8012-448e-b363-f673eb74089b,overdue_amount,1110430.49
loan,eb68ec01-8012-448e-b363-f673eb74089b,emi_amount,362540.66
loan,eb68ec01-8012-448e-b363-f673eb74089b,outstanding_interest,41379.3
loan,eb68ec01-8012-448e-b363-f673eb74089b,penal_charges,2209.74
loan,eb68ec01-8012-448e-b363-f673eb74089b,last_payment_amount,360789.88
loan,ca2a0590-6424-45fb-8f7a-11ab549edad2,sanctioned_amount,1360000.0
loan,ca2a0590-6424-45fb-8f7a-11ab549edad2,disbursed_amount,1311171.41
loan,ca2a0590-6424-45fb-8f7a-11ab549edad2,outstanding_principal,799196.87
loan,ca2a0590-6424-45fb-8f7a-11ab549edad2,total_outstanding,870856.21
loan,ca2a0590-6424-45fb-8f7a-11ab549edad2,overdue_amount,690648.98
loan,ca2a0590-6424-45fb-8f7a-11ab549edad2,emi_amount,123478.7
loan,ca2a0590-6424-45fb-8f7a-11ab549edad2,outstanding_interest,64658.28
loan,ca2a0590-6424-45fb-8f7a-11ab549edad2,penal_charges,5601.3
loan,ca2a0590-6424-45fb-8f7a-11ab549edad2,last_payment_amount,88836.28
loan,63e6f5d7-7c75-44ea-ae02-ae10e4ee2327,sanctioned_amount,148000.0
loan,63e6f5d7-7c75-44ea-ae02-ae10e4ee2327,disbursed_amount,147855.92
loan,63e6f5d7-7c75-44ea-ae02-ae10e4ee2327,outstanding_principal,133099.47
loan,63e6f5d7-7c75-44ea-ae02-ae10e4ee2327,total_outstanding,138278.82
loan,63e6f5d7-7c75-44ea-ae02-ae10e4ee2327,overdue_amount,7692.33
loan,63e6f5d7-7c75-44ea-ae02-ae10e4ee2327,emi_amount,2702.57
loan,63e6f5d7-7c75-44ea-ae02-ae10e4ee2327,outstanding_interest,2332.14
loan,63e6f5d7-7c75-44ea-ae02-ae10e4ee2327,penal_charges,971.33
loan,63e6f5d7-7c75-44ea-ae02-ae10e4ee2327,last_payment_amount,2041.84
loan,67320861-5584-4be9-99d0-c9f7cd452aa6,sanctioned_amount,597000.0
loan,67320861-5584-4be9-99d0-c9f7cd452aa6,disbursed_amount,587001.3
loan,67320861-5584-4be9-99d0-c9f7cd452aa6,outstanding_principal,478670.02
loan,67320861-5584-4be9-99d0-c9f7cd452aa6,total_outstanding,511049.23
loan,67320861-5584-4be9-99d0-c9f7cd452aa6,overdue_amount,69272.98
loan,67320861-5584-4be9-99d0-c9f7cd452aa6,emi_amount,16046.86
loan,67320861-5584-4be9-99d0-c9f7cd452aa6,outstanding_interest,25452.29
loan,67320861-5584-4be9-99d0-c9f7cd452aa6,penal_charges,5190.12
loan,67320861-5584-4be9-99d0-c9f7cd452aa6,last_payment_amount,13954.15
loan,c1eecfd5-b181-410a-9584-0ecca64a974b,sanctioned_amount,64000.0
loan,c1eecfd5-b181-410a-9584-0ecca64a974b,disbursed_amount,61936.41
loan,c1eecfd5-b181-410a-9584-0ecca64a974b,outstanding_principal,25238.97
loan,c1eecfd5-b181-410a-9584-0ecca64a974b,total_outstanding,33488.6
loan,c1eecfd5-b181-410a-9584-0ecca64a974b,overdue_amount,10275.01
loan,c1eecfd5-b181-410a-9584-0ecca64a974b,emi_amount,2233.86
loan,c1eecfd5-b181-410a-9584-0ecca64a974b,outstanding_interest,1273.64
loan,c1eecfd5-b181-410a-9584-0ecca64a974b,penal_charges,4996.82
loan,c1eecfd5-b181-410a-9584-0ecca64a974b,last_payment_amount,1765.98
loan,d0caaa32-6a79-4efc-9987-22f2797241a8,sanctioned_amount,164000.0
loan,d0caaa32-6a79-4efc-9987-22f2797241a8,disbursed_amount,147801.53
loan,d0caaa32-6a79-4efc-9987-22f2797241a8,outstanding_principal,131930.9
loan,d0caaa32-6a79-4efc-9987-22f2797241a8,total_outstanding,139546.87
loan,d0caaa32-6a79-4efc-9987-22f2797241a8,overdue_amount,15700.6
loan,d0caaa32-6a79-4efc-9987-22f2797241a8,emi_amount,3914.7
loan,d0caaa32-6a79-4efc-9987-22f2797241a8,outstanding_interest,3006.34
loan,d0caaa32-6a79-4efc-9987-22f2797241a8,penal_charges,3165.43
loan,d0caaa32-6a79-4efc-9987-22f2797241a8,last_payment_amount,1865.78
loan,fbd1a7b1-db2c-42b2-abf7-215fac770676,sanctioned_amount,2752000.0
loan,fbd1a7b1-db2c-42b2-abf7-215fac770676,disbursed_amount,2720413.07
loan,fbd1a7b1-db2c-42b2-abf7-215fac770676,outstanding_principal,1511842.87
loan,fbd1a7b1-db2c-42b2-abf7-215fac770676,total_outstanding,1575403.27
loan,fbd1a7b1-db2c-42b2-abf7-215fac770676,overdue_amount,356993.13
loan,fbd1a7b1-db2c-42b2-abf7-215fac770676,emi_amount,139599.11
loan,fbd1a7b1-db2c-42b2-abf7-215fac770676,outstanding_interest,56627.2
loan,fbd1a7b1-db2c-42b2-abf7-215fac770676,penal_charges,4898.3
loan,fbd1a7b1-db2c-42b2-abf7-215fac770676,last_payment_amount,91191.26
loan,7b057dd8-8920-4359-9786-88f636110e66,sanctioned_amount,210000.0
loan,7b057dd8-8920-4359-9786-88f636110e66,disbursed_amount,203025.06
loan,7b057dd8-8920-4359-9786-88f636110e66,outstanding_principal,174846.24
loan,7b057dd8-8920-4359-9786-88f636110e66,total_outstanding,186610.63
loan,7b057dd8-8920-4359-9786-88f636110e66,overdue_amount,17536.47
loan,7b057dd8-8920-4359-9786-88f636110e66,emi_amount,6148.63
loan,7b057dd8-8920-4359-9786-88f636110e66,outstanding_interest,8031.29
loan,7b057dd8-8920-4359-9786-88f636110e66,penal_charges,2747.24
loan,7b057dd8-8920-4359-9786-88f636110e66,last_payment_amount,3268.88
loan,f7ece3a3-d924-4202-8b32-0d9e527b41f2,sanctioned_amount,860000.0
loan,f7ece3a3-d924-4202-8b32-0d9e527b41f2,disbursed_amount,837174.41
loan,f7ece3a3-d924-4202-8b32-0d9e527b41f2,outstanding_principal,396142.41
loan,f7ece3a3-d924-4202-8b32-0d9e527b41f2,total_outstanding,411579.06
loan,f7ece3a3-d924-4202-8b32-0d9e527b41f2,overdue_amount,186689.4
loan,f7ece3a3-d924-4202-8b32-0d9e527b41f2,emi_amount,32553.68
loan,f7ece3a3-d924-4202-8b32-0d9e527b41f2,outstanding_interest,11994.33
loan,f7ece3a3-d924-4202-8b32-0d9e527b41f2,penal_charges,3221.13
loan,f7ece3a3-d924-4202-8b32-0d9e527b41f2,last_payment_amount,32071.42
loan,27e7782c-45f5-43eb-86db-d57672919818,sanctioned_amount,121000.0
loan,27e7782c-45f5-43eb-86db-d57672919818,disbursed_amount,113011.79
loan,27e7782c-45f5-43eb-86db-d57672919818,outstanding_principal,96707.45
loan,27e7782c-45f5-43eb-86db-d57672919818,total_outstanding,109023.06
loan,27e7782c-45f5-43eb-86db-d57672919818,overdue_amount,9640.34
loan,27e7782c-45f5-43eb-86db-d57672919818,emi_amount,5629.08
loan,27e7782c-45f5-43eb-86db-d57672919818,outstanding_interest,5597.95
loan,27e7782c-45f5-43eb-86db-d57672919818,penal_charges,5580.89
loan,27e7782c-45f5-43eb-86db-d57672919818,last_payment_amount,5413.31
loan,72615092-a694-4c7b-8ed4-93290716826f,sanctioned_amount,3813000.0
loan,72615092-a694-4c7b-8ed4-93290716826f,disbursed_amount,3804268.93
loan,72615092-a694-4c7b-8ed4-93290716826f,outstanding_principal,1601962.4
loan,72615092-a694-4c7b-8ed4-93290716826f,total_outstanding,1727708.46
loan,72615092-a694-4c7b-8ed4-93290716826f,overdue_amount,661370.83
loan,72615092-a694-4c7b-8ed4-93290716826f,emi_amount,123958.29
loan,72615092-a694-4c7b-8ed4-93290716826f,outstanding_interest,122226.09
loan,72615092-a694-4c7b-8ed4-93290716826f,penal_charges,1922.31
loan,72615092-a694-4c7b-8ed4-93290716826f,last_payment_amount,113131.93
loan,555e8367-e70f-4c64-81d7-0987f30c8452,sanctioned_amount,132000.0
loan,555e8367-e70f-4c64-81d7-0987f30c8452,disbursed_amount,130039.83
loan,555e8367-e70f-4c64-81d7-0987f30c8452,outstanding_principal,106736.58
loan,555e8367-e70f-4c64-81d7-0987f30c8452,total_outstanding,117038.29
loan,555e8367-e70f-4c64-81d7-0987f30c8452,overdue_amount,8705.61
loan,555e8367-e70f-4c64-81d7-0987f30c8452,emi_amount,4207.78
loan,555e8367-e70f-4c64-81d7-0987f30c8452,outstanding_interest,7381.61
loan,555e8367-e70f-4c64-81d7-0987f30c8452,penal_charges,1755.75
loan,555e8367-e70f-4c64-81d7-0987f30c8452,last_payment_amount,2941.88
loan,4dbf0f3b-04ed-4ce4-891f-251802f5241d,sanctioned_amount,3931000.0
loan,4dbf0f3b-04ed-4ce4-891f-251802f5241d,disbursed_amount,3913606.07
loan,4dbf0f3b-04ed-4ce4-891f-251802f5241d,outstanding_principal,2741048.88
loan,4dbf0f3b-04ed-4ce4-891f-251802f5241d,total_outstanding,2786639.36
loan,4dbf0f3b-04ed-4ce4-891f-251802f5241d,overdue_amount,265118.25
loan,4dbf0f3b-04ed-4ce4-891f-251802f5241d,emi_amount,96491.77
loan,4dbf0f3b-04ed-4ce4-891f-251802f5241d,outstanding_interest,40978.48
loan,4dbf0f3b-04ed-4ce4-891f-251802f5241d,penal_charges,2022.5
loan,4dbf0f3b-04ed-4ce4-891f-251802f5241d,last_payment_amount,90048.57
loan,84125783-ada1-4e21-b8fd-fd632ca66b12,sanctioned_amount,284000.0
loan,84125783-ada1-4e21-b8fd-fd632ca66b12,disbursed_amount,276946.09
loan,84125783-ada1-4e21-b8fd-fd632ca66b12,outstanding_principal,103767.75
loan,84125783-ada1-4e21-b8fd-fd632ca66b12,total_outstanding,112150.01
loan,84125783-ada1-4e21-b8fd-fd632ca66b12,overdue_amount,18436.75
loan,84125783-ada1-4e21-b8fd-fd632ca66b12,emi_amount,6462.83
loan,84125783-ada1-4e21-b8fd-fd632ca66b12,outstanding_interest,3201.11
loan,84125783-ada1-4e21-b8fd-fd632ca66b12,penal_charges,3883.63
loan,84125783-ada1-4e21-b8fd-fd632ca66b12,last_payment_amount,3643.82
loan,2a4855fe-be51-4255-bde8-994ce84dd8ce,sanctioned_amount,160000.0
loan,2a4855fe-be51-4255-bde8-994ce84dd8ce,disbursed_amount,148712.29
loan,2a4855fe-be51-4255-bde8-994ce84dd8ce,outstanding_principal,76713.97
loan,2a4855fe-be51-4255-bde8-994ce84dd8ce,total_outstanding,83401.74
loan,2a4855fe-be51-4255-bde8-994ce84dd8ce,overdue_amount,9824.21
loan,2a4855fe-be51-4255-bde8-994ce84dd8ce,emi_amount,3697.86
loan,2a4855fe-be51-4255-bde8-994ce84dd8ce,outstanding_interest,1847.91
loan,2a4855fe-be51-4255-bde8-994ce84dd8ce,penal_charges,3201.78
loan,2a4855fe-be51-4255-bde8-994ce84dd8ce,last_payment_amount,2150.78
loan,89033730-a589-45d7-a8c2-2afbbf7f99b5,sanctioned_amount,1983000.0
loan,89033730-a589-45d7-a8c2-2afbbf7f99b5,disbursed_amount,1931406.51
loan,89033730-a589-45d7-a8c2-2afbbf7f99b5,outstanding_principal,1628919.88
loan,89033730-a589-45d7-a8c2-2afbbf7f99b5,total_outstanding,1742317.15
loan,89033730-a589-45d7-a8c2-2afbbf7f99b5,overdue_amount,705005.12
loan,89033730-a589-45d7-a8c2-2afbbf7f99b5,emi_amount,181488.43
loan,89033730-a589-45d7-a8c2-2afbbf7f99b5,outstanding_interest,108114.22
loan,89033730-a589-45d7-a8c2-2afbbf7f99b5,penal_charges,3543.19
loan,89033730-a589-45d7-a8c2-2afbbf7f99b5,last_payment_amount,97377.09
loan,e3c514f5-d125-41bb-81cb-fba5d210e8d7,sanctioned_amount,919000.0
loan,e3c514f5-d125-41bb-81cb-fba5d210e8d7,disbursed_amount,893498.7
loan,e3c514f5-d125-41bb-81cb-fba5d210e8d7,outstanding_principal,542600.12
loan,e3c514f5-d125-41bb-81cb-fba5d210e8d7,total_outstanding,578807.24
loan,e3c514f5-d125-41bb-81cb-fba5d210e8d7,overdue_amount,29696.52
loan,e3c514f5-d125-41bb-81cb-fba5d210e8d7,emi_amount,15224.2
loan,e3c514f5-d125-41bb-81cb-fba5d210e8d7,outstanding_interest,29858.18
loan,e3c514f5-d125-41bb-81cb-fba5d210e8d7,penal_charges,3790.11
loan,e3c514f5-d125-41bb-81cb-fba5d210e8d7,last_payment_amount,8880.93
loan,b9c9d4ca-63c8-4132-a3a0-d6310cbae355,sanctioned_amount,175000.0
loan,b9c9d4ca-63c8-4132-a3a0-d6310cbae355,disbursed_amount,164835.08
loan,b9c9d4ca-63c8-4132-a3a0-d6310cbae355,outstanding_principal,110861.88
loan,b9c9d4ca-63c8-4132-a3a0-d6310cbae355,total_outstanding,123669.98
loan,b9c9d4ca-63c8-4132-a3a0-d6310cbae355,overdue_amount,17074.27
loan,b9c9d4ca-63c8-4132-a3a0-d6310cbae355,emi_amount,4980.99
loan,b9c9d4ca-63c8-4132-a3a0-d6310cbae355,outstanding_interest,3651.49
loan,b9c9d4ca-63c8-4132-a3a0-d6310cbae355,penal_charges,6390.18
loan,b9c9d4ca-63c8-4132-a3a0-d6310cbae355,last_payment_amount,2602.68
loan,39cf3678-f3d8-441c-928c-17c9d9f2ee08,sanctioned_amount,1880000.0
loan,39cf3678-f3d8-441c-928c-17c9d9f2ee08,disbursed_amount,1872844.37
loan,39cf3678-f3d8-441c-928c-17c9d9f2ee08,outstanding_principal,1413868.88
loan,39cf3678-f3d8-441c-928c-17c9d9f2ee08,total_outstanding,1453252.03
loan,39cf3678-f3d8-441c-928c-17c9d9f2ee08,overdue_amount,150637.57
loan,39cf3678-f3d8-441c-928c-17c9d9f2ee08,emi_amount,68599.94
loan,39cf3678-f3d8-441c-928c-17c9d9f2ee08,outstanding_interest,34277.4
loan,39cf3678-f3d8-441c-928c-17c9d9f2ee08,penal_charges,5025.23
loan,39cf3678-f3d8-441c-928c-17c9d9f2ee08,last_payment_amount,35914.5
loan,d0a326ca-b378-4225-9b54-517ae8806dd3,sanctioned_amount,742000.0
loan,d0a326ca-b378-4225-9b54-517ae8806dd3,disbursed_amount,731590.29
loan,d0a326ca-b378-4225-9b54-517ae8806dd3,outstanding_principal,491534.89
loan,d0a326ca-b378-4225-9b54-517ae8806dd3,total_outstanding,517987.33
loan,d0a326ca-b378-4225-9b54-517ae8806dd3,overdue_amount,311113.4
loan,d0a326ca-b378-4225-9b54-517ae8806dd3,emi_amount,35734.33
loan,d0a326ca-b378-4225-9b54-517ae8806dd3,outstanding_interest,16192.11
loan,d0a326ca-b378-4225-9b54-517ae8806dd3,penal_charges,7663.23
loan,d0a326ca-b378-4225-9b54-517ae8806dd3,last_payment_amount,27237.62
loan,1a6fcf64-6d1f-4d14-aec2-120edc5ff3c5,sanctioned_amount,176000.0
loan,1a6fcf64-6d1f-4d14-aec2-120edc5ff3c5,disbursed_amount,175843.1
loan,1a6fcf64-6d1f-4d14-aec2-120edc5ff3c5,outstanding_principal,117026.03
loan,1a6fcf64-6d1f-4d14-aec2-120edc5ff3c5,total_outstanding,128897.54
loan,1a6fcf64-6d1f-4d14-aec2-120edc5ff3c5,overdue_amount,9930.32
loan,1a6fcf64-6d1f-4d14-aec2-120edc5ff3c5,emi_amount,2971.98
loan,1a6fcf64-6d1f-4d14-aec2-120edc5ff3c5,outstanding_interest,6191.58
loan,1a6fcf64-6d1f-4d14-aec2-120edc5ff3c5,penal_charges,3951.53
loan,1a6fcf64-6d1f-4d14-aec2-120edc5ff3c5,last_payment_amount,1807.17
loan,92a2920b-c3fc-4ca3-a04f-5361399da05d,sanctioned_amount,1288000.0
loan,92a2920b-c3fc-4ca3-a04f-5361399da05d,disbursed_amount,1191288.56
loan,92a2920b-c3fc-4ca3-a04f-5361399da05d,outstanding_principal,1067990.03
loan,92a2920b-c3fc-4ca3-a04f-5361399da05d,total_outstanding,1105542.13
loan,92a2920b-c3fc-4ca3-a04f-5361399da05d,overdue_amount,86799.74
loan,92a2920b-c3fc-4ca3-a04f-5361399da05d,emi_amount,28349.68
loan,92a2920b-c3fc-4ca3-a04f-5361399da05d,outstanding_interest,31263.41
loan,92a2920b-c3fc-4ca3-a04f-5361399da05d,penal_charges,3451.63
loan,92a2920b-c3fc-4ca3-a04f-5361399da05d,last_payment_amount,26351.98
loan,a8064e09-7177-4d12-88f0-c2ee6d3f5b18,sanctioned_amount,217000.0
loan,a8064e09-7177-4d12-88f0-c2ee6d3f5b18,disbursed_amount,215019.58
loan,a8064e09-7177-4d12-88f0-c2ee6d3f5b18,outstanding_principal,85130.59
loan,a8064e09-7177-4d12-88f0-c2ee6d3f5b18,total_outstanding,90882.81
loan,a8064e09-7177-4d12-88f0-c2ee6d3f5b18,overdue_amount,11564.74
loan,a8064e09-7177-4d12-88f0-c2ee6d3f5b18,emi_amount,3569.49
loan,a8064e09-7177-4d12-88f0-c2ee6d3f5b18,outstanding_interest,1454.31
loan,a8064e09-7177-4d12-88f0-c2ee6d3f5b18,penal_charges,2945.1
loan,a8064e09-7177-4d12-88f0-c2ee6d3f5b18,last_payment_amount,2417.62
loan,b51dbb94-d04f-46f6-9b6b-ce7250dda31e,sanctioned_amount,1195000.0
loan,b51dbb94-d04f-46f6-9b6b-ce7250dda31e,disbursed_amount,1080014.07
loan,b51dbb94-d04f-46f6-9b6b-ce7250dda31e,outstanding_principal,812362.12
loan,b51dbb94-d04f-46f6-9b6b-ce7250dda31e,total_outstanding,837986.55
loan,b51dbb94-d04f-46f6-9b6b-ce7250dda31e,overdue_amount,138012.79
loan,b51dbb94-d04f-46f6-9b6b-ce7250dda31e,emi_amount,19947.36
loan,b51dbb94-d04f-46f6-9b6b-ce7250dda31e,outstanding_interest,22534.25
loan,b51dbb94-d04f-46f6-9b6b-ce7250dda31e,penal_charges,1119.11
loan,b51dbb94-d04f-46f6-9b6b-ce7250dda31e,last_payment_amount,18014.41
loan,821290bb-8bd6-4b5d-aadb-fca96d9f0e6c,sanctioned_amount,94000.0
loan,821290bb-8bd6-4b5d-aadb-fca96d9f0e6c,disbursed_amount,85329.3
loan,821290bb-8bd6-4b5d-aadb-fca96d9f0e6c,outstanding_principal,48198.44
loan,821290bb-8bd6-4b5d-aadb-fca96d9f0e6c,total_outstanding,55790.96
loan,821290bb-8bd6-4b5d-aadb-fca96d9f0e6c,overdue_amount,3321.68
loan,821290bb-8bd6-4b5d-aadb-fca96d9f0e6c,emi_amount,1930.46
loan,821290bb-8bd6-4b5d-aadb-fca96d9f0e6c,outstanding_interest,1381.19
loan,821290bb-8bd6-4b5d-aadb-fca96d9f0e6c,penal_charges,5562.83
loan,821290bb-8bd6-4b5d-aadb-fca96d9f0e6c,last_payment_amount,1224.63
loan,63874047-d309-4411-afce-b6b6e5bfd373,sanctioned_amount,63000.0
loan,63874047-d309-4411-afce-b6b6e5bfd373,disbursed_amount,62551.57
loan,63874047-d309-4411-afce-b6b6e5bfd373,outstanding_principal,37719.2
loan,63874047-d309-4411-afce-b6b6e5bfd373,total_outstanding,43663.17
loan,63874047-d309-4411-afce-b6b6e5bfd373,overdue_amount,5783.28
loan,63874047-d309-4411-afce-b6b6e5bfd373,emi_amount,3040.2
loan,63874047-d309-4411-afce-b6b6e5bfd373,outstanding_interest,1995.98
loan,63874047-d309-4411-afce-b6b6e5bfd373,penal_charges,1941.14
loan,63874047-d309-4411-afce-b6b6e5bfd373,last_payment_amount,2536.76
loan,989b1ec1-215c-442a-9619-01c6efb9ad6e,sanctioned_amount,2629000.0
loan,989b1ec1-215c-442a-9619-01c6efb9ad6e,disbursed_amount,2415932.05
loan,989b1ec1-215c-442a-9619-01c6efb9ad6e,outstanding_principal,1020688.71
loan,989b1ec1-215c-442a-9619-01c6efb9ad6e,total_outstanding,1041830.34
loan,989b1ec1-215c-442a-9619-01c6efb9ad6e,overdue_amount,157458.06
loan,989b1ec1-215c-442a-9619-01c6efb9ad6e,emi_amount,54845.88
loan,989b1ec1-215c-442a-9619-01c6efb9ad6e,outstanding_interest,18133.05
loan,989b1ec1-215c-442a-9619-01c6efb9ad6e,penal_charges,1802.16
loan,989b1ec1-215c-442a-9619-01c6efb9ad6e,last_payment_amount,37035.53
loan,71e11b4c-3128-4047-879b-4a13ffc30cbe,sanctioned_amount,212000.0
loan,71e11b4c-3128-4047-879b-4a13ffc30cbe,disbursed_amount,199515.25
loan,71e11b4c-3128-4047-879b-4a13ffc30cbe,outstanding_principal,155126.83
loan,71e11b4c-3128-4047-879b-4a13ffc30cbe,total_outstanding,170101.63
loan,71e11b4c-3128-4047-879b-4a13ffc30cbe,overdue_amount,69299.72
loan,71e11b4c-3128-4047-879b-4a13ffc30cbe,emi_amount,6150.86
loan,71e11b4c-3128-4047-879b-4a13ffc30cbe,outstanding_interest,9449.94
loan,71e11b4c-3128-4047-879b-4a13ffc30cbe,penal_charges,4769.04
loan,71e11b4c-3128-4047-879b-4a13ffc30cbe,last_payment_amount,3107.41
loan,f5cbf4df-ae63-41e9-94a0-0295035f3160,sanctioned_amount,295000.0
loan,f5cbf4df-ae63-41e9-94a0-0295035f3160,disbursed_amount,283451.73
loan,f5cbf4df-ae63-41e9-94a0-0295035f3160,outstanding_principal,138736.95
loan,f5cbf4df-ae63-41e9-94a0-0295035f3160,total_outstanding,148852.5
loan,f5cbf4df-ae63-41e9-94a0-0295035f3160,overdue_amount,28736.14
loan,f5cbf4df-ae63-41e9-94a0-0295035f3160,emi_amount,8354.64
loan,f5cbf4df-ae63-41e9-94a0-0295035f3160,outstanding_interest,6021.96
loan,f5cbf4df-ae63-41e9-94a0-0295035f3160,penal_charges,2244.54
loan,f5cbf4df-ae63-41e9-94a0-0295035f3160,last_payment_amount,7040.86
loan,be305f50-43bc-4f3a-aebd-d3146b0028a0,sanctioned_amount,372000.0
loan,be305f50-43bc-4f3a-aebd-d3146b0028a0,disbursed_amount,342314.84
loan,be305f50-43bc-4f3a-aebd-d3146b0028a0,outstanding_principal,242648.2
loan,be305f50-43bc-4f3a-aebd-d3146b0028a0,total_outstanding,258866.87
loan,be305f50-43bc-4f3a-aebd-d3146b0028a0,overdue_amount,14266.83
loan,be305f50-43bc-4f3a-aebd-d3146b0028a0,emi_amount,6655.69
loan,be305f50-43bc-4f3a-aebd-d3146b0028a0,outstanding_interest,12419.12
loan,be305f50-43bc-4f3a-aebd-d3146b0028a0,penal_charges,2965.17
loan,be305f50-43bc-4f3a-aebd-d3146b0028a0,last_payment_amount,5250.19
loan,be6c4a25-bdf0-4f47-a21c-528db917fdf1,sanctioned_amount,107000.0
loan,be6c4a25-bdf0-4f47-a21c-528db917fdf1,disbursed_amount,102070.64
loan,be6c4a25-bdf0-4f47-a21c-528db917fdf1,outstanding_principal,78366.45
loan,be6c4a25-bdf0-4f47-a21c-528db917fdf1,total_outstanding,85818.9
loan,be6c4a25-bdf0-4f47-a21c-528db917fdf1,overdue_amount,27072.06
loan,be6c4a25-bdf0-4f47-a21c-528db917fdf1,emi_amount,2434.95
loan,be6c4a25-bdf0-4f47-a21c-528db917fdf1,outstanding_interest,2490.77
loan,be6c4a25-bdf0-4f47-a21c-528db917fdf1,penal_charges,4411.04
loan,be6c4a25-bdf0-4f47-a21c-528db917fdf1,last_payment_amount,2344.77
loan,8457ea0a-02f5-41d0-8387-b2019389d5bb,sanctioned_amount,93000.0
loan,8457ea0a-02f5-41d0-8387-b2019389d5bb,disbursed_amount,85897.68
loan,8457ea0a-02f5-41d0-8387-b2019389d5bb,outstanding_principal,67258.25
loan,8457ea0a-02f5-41d0-8387-b2019389d5bb,total_outstanding,71571.98
loan,8457ea0a-02f5-41d0-8387-b2019389d5bb,overdue_amount,3995.58
loan,8457ea0a-02f5-41d0-8387-b2019389d5bb,emi_amount,1475.04
loan,8457ea0a-02f5-41d0-8387-b2019389d5bb,outstanding_interest,1090.4
loan,8457ea0a-02f5-41d0-8387-b2019389d5bb,penal_charges,2367.27
loan,8457ea0a-02f5-41d0-8387-b2019389d5bb,last_payment_amount,1353.28
loan,fde9d02d-f3e4-4fbc-a5b7-d5d1f2642a77,sanctioned_amount,731000.0
loan,fde9d02d-f3e4-4fbc-a5b7-d5d1f2642a77,disbursed_amount,690164.59
loan,fde9d02d-f3e4-4fbc-a5b7-d5d1f2642a77,outstanding_principal,580954.52
loan,fde9d02d-f3e4-4fbc-a5b7-d5d1f2642a77,total_outstanding,616065.82
loan,fde9d02d-f3e4-4fbc-a5b7-d5d1f2642a77,overdue_amount,36292.78
loan,fde9d02d-f3e4-4fbc-a5b7-d5d1f2642a77,emi_amount,14133.64
loan,fde9d02d-f3e4-4fbc-a5b7-d5d1f2642a77,outstanding_interest,29188.53
loan,fde9d02d-f3e4-4fbc-a5b7-d5d1f2642a77,penal_charges,3360.64
loan,fde9d02d-f3e4-4fbc-a5b7-d5d1f2642a77,last_payment_amount,10341.74
loan,ced64856-325d-4ca6-9043-eead876ca3a7,sanctioned_amount,2491000.0
loan,ced64856-325d-4ca6-9043-eead876ca3a7,disbursed_amount,2392860.92
loan,ced64856-325d-4ca6-9043-eead876ca3a7,outstanding_principal,1059641.78
loan,ced64856-325d-4ca6-9043-eead876ca3a7,total_outstanding,1081375.65
loan,ced64856-325d-4ca6-9043-eead876ca3a7,overdue_amount,380933.42
loan,ced64856-325d-4ca6-9043-eead876ca3a7,emi_amount,111534.02
loan,ced64856-325d-4ca6-9043-eead876ca3a7,outstanding_interest,15302.58
loan,ced64856-325d-4ca6-9043-eead876ca3a7,penal_charges,4255.25
loan,ced64856-325d-4ca6-9043-eead876ca3a7,last_payment_amount,77374.57
loan,86c3b500-1e34-4d21-b191-5720656dbc0e,sanctioned_amount,347000.0
loan,86c3b500-1e34-4d21-b191-5720656dbc0e,disbursed_amount,344644.9
loan,86c3b500-1e34-4d21-b191-5720656dbc0e,outstanding_principal,280114.35
loan,86c3b500-1e34-4d21-b191-5720656dbc0e,total_outstanding,297564.36
loan,86c3b500-1e34-4d21-b191-5720656dbc0e,overdue_amount,14316.34
loan,86c3b500-1e34-4d21-b191-5720656dbc0e,emi_amount,4999.21
loan,86c3b500-1e34-4d21-b191-5720656dbc0e,outstanding_interest,9726.61
loan,86c3b500-1e34-4d21-b191-5720656dbc0e,penal_charges,5818.46
loan,86c3b500-1e34-4d21-b191-5720656dbc0e,last_payment_amount,4778.8
loan,a332a32e-08ae-48cf-81ed-6286b682ff77,sanctioned_amount,4346000.0
loan,a332a32e-08ae-48cf-81ed-6286b682ff77,disbursed_amount,4218470.52
loan,a332a32e-08ae-48cf-81ed-6286b682ff77,outstanding_principal,3008872.11
loan,a332a32e-08ae-48cf-81ed-6286b682ff77,total_outstanding,3117732.22
loan,a332a32e-08ae-48cf-81ed-6286b682ff77,overdue_amount,190190.09
loan,a332a32e-08ae-48cf-81ed-6286b682ff77,emi_amount,70896.86
loan,a332a32e-08ae-48cf-81ed-6286b682ff77,outstanding_interest,104769.47
loan,a332a32e-08ae-48cf-81ed-6286b682ff77,penal_charges,2355.61
loan,a332a32e-08ae-48cf-81ed-6286b682ff77,last_payment_amount,33324.25
loan,b7d9fc05-0660-4bbe-9813-d60628601ca0,sanctioned_amount,4653000.0
loan,b7d9fc05-0660-4bbe-9813-d60628601ca0,disbursed_amount,4611099.34
loan,b7d9fc05-0660-4bbe-9813-d60628601ca0,outstanding_principal,3527961.69
loan,b7d9fc05-0660-4bbe-9813-d60628601ca0,total_outstanding,3705882.7
loan,b7d9fc05-0660-4bbe-9813-d60628601ca0,overdue_amount,1211028.86
loan,b7d9fc05-0660-4bbe-9813-d60628601ca0,emi_amount,239817.1
loan,b7d9fc05-0660-4bbe-9813-d60628601ca0,outstanding_interest,169012.89
loan,b7d9fc05-0660-4bbe-9813-d60628601ca0,penal_charges,7149.88
loan,b7d9fc05-0660-4bbe-9813-d60628601ca0,last_payment_amount,213086.32
loan,0bdab2cd-6fa1-459c-bdb1-18ac9b13b490,sanctioned_amount,283000.0
loan,0bdab2cd-6fa1-459c-bdb1-18ac9b13b490,disbursed_amount,277803.82
loan,0bdab2cd-6fa1-459c-bdb1-18ac9b13b490,outstanding_principal,184733.2
loan,0bdab2cd-6fa1-459c-bdb1-18ac9b13b490,total_outstanding,192389.87
loan,0bdab2cd-6fa1-459c-bdb1-18ac9b13b490,overdue_amount,104535.69
loan,0bdab2cd-6fa1-459c-bdb1-18ac9b13b490,emi_amount,24426.22
loan,0bdab2cd-6fa1-459c-bdb1-18ac9b13b490,outstanding_interest,4752.96
loan,0bdab2cd-6fa1-459c-bdb1-18ac9b13b490,penal_charges,1779.76
loan,0bdab2cd-6fa1-459c-bdb1-18ac9b13b490,last_payment_amount,18081.64
loan,56c00e94-00bb-4fcd-8423-c0708cf5cb9b,sanctioned_amount,100000.0
loan,56c00e94-00bb-4fcd-8423-c0708cf5cb9b,disbursed_amount,92593.52
loan,56c00e94-00bb-4fcd-8423-c0708cf5cb9b,outstanding_principal,38474.21
loan,56c00e94-00bb-4fcd-8423-c0708cf5cb9b,total_outstanding,42183.9
loan,56c00e94-00bb-4fcd-8423-c0708cf5cb9b,overdue_amount,7732.06
loan,56c00e94-00bb-4fcd-8423-c0708cf5cb9b,emi_amount,2949.11
loan,56c00e94-00bb-4fcd-8423-c0708cf5cb9b,outstanding_interest,2192.85
loan,56c00e94-00bb-4fcd-8423-c0708cf5cb9b,penal_charges,1142.8
loan,56c00e94-00bb-4fcd-8423-c0708cf5cb9b,last_payment_amount,2025.27
loan,ebc85b95-d769-49e1-a104-5efb58fe9191,sanctioned_amount,4843000.0
loan,ebc85b95-d769-49e1-a104-5efb58fe9191,disbursed_amount,4640778.33
loan,ebc85b95-d769-49e1-a104-5efb58fe9191,outstanding_principal,2670301.45
loan,ebc85b95-d769-49e1-a104-5efb58fe9191,total_outstanding,2814493.85
loan,ebc85b95-d769-49e1-a104-5efb58fe9191,overdue_amount,998432.91
loan,ebc85b95-d769-49e1-a104-5efb58fe9191,emi_amount,438440.93
loan,ebc85b95-d769-49e1-a104-5efb58fe9191,outstanding_interest,140240.85
loan,ebc85b95-d769-49e1-a104-5efb58fe9191,penal_charges,2493.77
loan,ebc85b95-d769-49e1-a104-5efb58fe9191,last_payment_amount,272916.8
loan,ca5d0bac-dab4-4b2f-b54c-c8fb154fc6a8,sanctioned_amount,4793000.0
loan,ca5d0bac-dab4-4b2f-b54c-c8fb154fc6a8,disbursed_amount,4504687.32
loan,ca5d0bac-dab4-4b2f-b54c-c8fb154fc6a8,outstanding_principal,1584977.83
loan,ca5d0bac-dab4-4b2f-b54c-c8fb154fc6a8,total_outstanding,1687153.03
loan,ca5d0bac-dab4-4b2f-b54c-c8fb154fc6a8,overdue_amount,955618.4
loan,ca5d0bac-dab4-4b2f-b54c-c8fb154fc6a8,emi_amount,164103.82
loan,ca5d0bac-dab4-4b2f-b54c-c8fb154fc6a8,outstanding_interest,92634.43
loan,ca5d0bac-dab4-4b2f-b54c-c8fb154fc6a8,penal_charges,6765.66
loan,ca5d0bac-dab4-4b2f-b54c-c8fb154fc6a8,last_payment_amount,110138.42
loan,793be8fc-e30f-4b9e-a802-56bec40bbb7e,sanctioned_amount,1511000.0
loan,793be8fc-e30f-4b9e-a802-56bec40bbb7e,disbursed_amount,1504585.37
loan,793be8fc-e30f-4b9e-a802-56bec40bbb7e,outstanding_principal,1401910.28
loan,793be8fc-e30f-4b9e-a802-56bec40bbb7e,total_outstanding,1489127.73
loan,793be8fc-e30f-4b9e-a802-56bec40bbb7e,overdue_amount,443587.6
loan,793be8fc-e30f-4b9e-a802-56bec40bbb7e,emi_amount,140369.76
loan,793be8fc-e30f-4b9e-a802-56bec40bbb7e,outstanding_interest,83512.15
loan,793be8fc-e30f-4b9e-a802-56bec40bbb7e,penal_charges,2251.69
loan,793be8fc-e30f-4b9e-a802-56bec40bbb7e,last_payment_amount,92187.81
loan,5ac92066-69b4-410c-8a48-e2606ad0525d,sanctioned_amount,4668000.0
loan,5ac92066-69b4-410c-8a48-e2606ad0525d,disbursed_amount,4380851.97
loan,5ac92066-69b4-410c-8a48-e2606ad0525d,outstanding_principal,3836489.07
loan,5ac92066-69b4-410c-8a48-e2606ad0525d,total_outstanding,4045910.99
loan,5ac92066-69b4-410c-8a48-e2606ad0525d,overdue_amount,198868.41
loan,5ac92066-69b4-410c-8a48-e2606ad0525d,emi_amount,93365.48
loan,5ac92066-69b4-410c-8a48-e2606ad0525d,outstanding_interest,207190.05
loan,5ac92066-69b4-410c-8a48-e2606ad0525d,penal_charges,738.09
loan,5ac92066-69b4-410c-8a48-e2606ad0525d,last_payment_amount,46760.39
loan,301596b8-fb92-4220-9bbc-fa76543b3e90,sanctioned_amount,171000.0
loan,301596b8-fb92-4220-9bbc-fa76543b3e90,disbursed_amount,166780.62
loan,301596b8-fb92-4220-9bbc-fa76543b3e90,outstanding_principal,61297.39
loan,301596b8-fb92-4220-9bbc-fa76543b3e90,total_outstanding,69415.6
loan,301596b8-fb92-4220-9bbc-fa76543b3e90,overdue_amount,29175.56
loan,301596b8-fb92-4220-9bbc-fa76543b3e90,emi_amount,15388.76
loan,301596b8-fb92-4220-9bbc-fa76543b3e90,outstanding_interest,3900.97
loan,301596b8-fb92-4220-9bbc-fa76543b3e90,penal_charges,3376.17
loan,301596b8-fb92-4220-9bbc-fa76543b3e90,last_payment_amount,12300.02
loan,57b07402-7600-4549-8e8b-2ee8d676ea9e,sanctioned_amount,4552000.0
loan,57b07402-7600-4549-8e8b-2ee8d676ea9e,disbursed_amount,4445636.78
loan,57b07402-7600-4549-8e8b-2ee8d676ea9e,outstanding_principal,3537751.91
loan,57b07402-7600-4549-8e8b-2ee8d676ea9e,total_outstanding,3726634.95
loan,57b07402-7600-4549-8e8b-2ee8d676ea9e,overdue_amount,197743.52
loan,57b07402-7600-4549-8e8b-2ee8d676ea9e,emi_amount,94507.78
loan,57b07402-7600-4549-8e8b-2ee8d676ea9e,outstanding_interest,179596.19
loan,57b07402-7600-4549-8e8b-2ee8d676ea9e,penal_charges,6388.11
loan,57b07402-7600-4549-8e8b-2ee8d676ea9e,last_payment_amount,52494.95
loan,b1fc631b-7099-4fef-b437-dab989c0604c,sanctioned_amount,78000.0
loan,b1fc631b-7099-4fef-b437-dab989c0604c,disbursed_amount,76008.02
loan,b1fc631b-7099-4fef-b437-dab989c0604c,outstanding_principal,70112.93
loan,b1fc631b-7099-4fef-b437-dab989c0604c,total_outstanding,74605.61
loan,b1fc631b-7099-4fef-b437-dab989c0604c,overdue_amount,4271.19
loan,b1fc631b-7099-4fef-b437-dab989c0604c,emi_amount,2510.98
loan,b1fc631b-7099-4fef-b437-dab989c0604c,outstanding_interest,1921.73
loan,b1fc631b-7099-4fef-b437-dab989c0604c,penal_charges,964.14
loan,b1fc631b-7099-4fef-b437-dab989c0604c,last_payment_amount,2166.39
loan,3f5dcbd6-44ff-4050-a51f-2f899afae8a5,sanctioned_amount,1022000.0
loan,3f5dcbd6-44ff-4050-a51f-2f899afae8a5,disbursed_amount,920739.07
loan,3f5dcbd6-44ff-4050-a51f-2f899afae8a5,outstanding_principal,784773.52
loan,3f5dcbd6-44ff-4050-a51f-2f899afae8a5,total_outstanding,827221.2
loan,3f5dcbd6-44ff-4050-a51f-2f899afae8a5,overdue_amount,69331.12
loan,3f5dcbd6-44ff-4050-a51f-2f899afae8a5,emi_amount,35131.57
loan,3f5dcbd6-44ff-4050-a51f-2f899afae8a5,outstanding_interest,36999.08
loan,3f5dcbd6-44ff-4050-a51f-2f899afae8a5,penal_charges,5010.99
loan,3f5dcbd6-44ff-4050-a51f-2f899afae8a5,last_payment_amount,20563.73
loan,9fa8d647-d3a4-4a1c-851c-d6f1ce2c6637,sanctioned_amount,3509000.0
loan,9fa8d647-d3a4-4a1c-851c-d6f1ce2c6637,disbursed_amount,3448886.38
loan,9fa8d647-d3a4-4a1c-851c-d6f1ce2c6637,outstanding_principal,3237420.24
loan,9fa8d647-d3a4-4a1c-851c-d6f1ce2c6637,total_outstanding,3334848.03
loan,9fa8d647-d3a4-4a1c-851c-d6f1ce2c6637,overdue_amount,618090.02
loan,9fa8d647-d3a4-4a1c-851c-d6f1ce2c6637,emi_amount,70342.03
loan,9fa8d647-d3a4-4a1c-851c-d6f1ce2c6637,outstanding_interest,93150.22
loan,9fa8d647-d3a4-4a1c-851c-d6f1ce2c6637,penal_charges,2079.6
loan,9fa8d647-d3a4-4a1c-851c-d6f1ce2c6637,last_payment_amount,58836.7
loan,9d0e9c37-a57c-422c-a9e5-3cb73d032c59,sanctioned_amount,2681000.0
loan,9d0e9c37-a57c-422c-a9e5-3cb73d032c59,disbursed_amount,2539824.34
loan,9d0e9c37-a57c-422c-a9e5-3cb73d032c59,outstanding_principal,1996435.93
loan,9d0e9c37-a57c-422c-a9e5-3cb73d032c59,total_outstanding,2050240.4
loan,9d0e9c37-a57c-422c-a9e5-3cb73d032c59,overdue_amount,238431.5
loan,9d0e9c37-a57c-422c-a9e5-3cb73d032c59,emi_amount,70526.06
loan,9d0e9c37-a57c-422c-a9e5-3cb73d032c59,outstanding_interest,46402.12
loan,9d0e9c37-a57c-422c-a9e5-3cb73d032c59,penal_charges,5758.32
loan,9d0e9c37-a57c-422c-a9e5-3cb73d032c59,last_payment_amount,64170.66
loan,8df94ee2-07d4-4d00-8db5-5f90481c3b6d,sanctioned_amount,1981000.0
loan,8df94ee2-07d4-4d00-8db5-5f90481c3b6d,disbursed_amount,1878471.7
loan,8df94ee2-07d4-4d00-8db5-5f90481c3b6d,outstanding_principal,877984.6
loan,8df94ee2-07d4-4d00-8db5-5f90481c3b6d,total_outstanding,935887.81
loan,8df94ee2-07d4-4d00-8db5-5f90481c3b6d,overdue_amount,187846.9
loan,8df94ee2-07d4-4d00-8db5-5f90481c3b6d,emi_amount,97972.89
loan,8df94ee2-07d4-4d00-8db5-5f90481c3b6d,outstanding_interest,50676.31
loan,8df94ee2-07d4-4d00-8db5-5f90481c3b6d,penal_charges,6921.06
loan,8df94ee2-07d4-4d00-8db5-5f90481c3b6d,last_payment_amount,95057.11
loan,913ddefe-b463-41c0-bd00-ffb777223978,sanctioned_amount,281000.0
loan,913ddefe-b463-41c0-bd00-ffb777223978,disbursed_amount,279456.28
loan,913ddefe-b463-41c0-bd00-ffb777223978,outstanding_principal,170550.17
loan,913ddefe-b463-41c0-bd00-ffb777223978,total_outstanding,175629.17
loan,913ddefe-b463-41c0-bd00-ffb777223978,overdue_amount,19733.12
loan,913ddefe-b463-41c0-bd00-ffb777223978,emi_amount,6166.03
loan,913ddefe-b463-41c0-bd00-ffb777223978,outstanding_interest,2385.08
loan,913ddefe-b463-41c0-bd00-ffb777223978,penal_charges,2337.51
loan,913ddefe-b463-41c0-bd00-ffb777223978,last_payment_amount,4881.51
loan,1eec0f90-5a8d-4529-aeaa-1fea1c345f4e,sanctioned_amount,1338000.0
loan,1eec0f90-5a8d-4529-aeaa-1fea1c345f4e,disbursed_amount,1288806.22
loan,1eec0f90-5a8d-4529-aeaa-1fea1c345f4e,outstanding_principal,545462.67
loan,1eec0f90-5a8d-4529-aeaa-1fea1c345f4e,total_outstanding,571826.23
loan,1eec0f90-5a8d-4529-aeaa-1fea1c345f4e,overdue_amount,262845.43
loan,1eec0f90-5a8d-4529-aeaa-1fea1c345f4e,emi_amount,117075.83
loan,1eec0f90-5a8d-4529-aeaa-1fea1c345f4e,outstanding_interest,22416.0
loan,1eec0f90-5a8d-4529-aeaa-1fea1c345f4e,penal_charges,2187.01
loan,1eec0f90-5a8d-4529-aeaa-1fea1c345f4e,last_payment_amount,95561.45
loan,ba3b2fa7-bde8-457f-bccd-5a7b98717f61,sanctioned_amount,1500000.0
loan,ba3b2fa7-bde8-457f-bccd-5a7b98717f61,disbursed_amount,1435713.46
loan,ba3b2fa7-bde8-457f-bccd-5a7b98717f61,outstanding_principal,661769.02
loan,ba3b2fa7-bde8-457f-bccd-5a7b98717f61,total_outstanding,690626.06
loan,ba3b2fa7-bde8-457f-bccd-5a7b98717f61,overdue_amount,435334.96
loan,ba3b2fa7-bde8-457f-bccd-5a7b98717f61,emi_amount,127153.52
loan,ba3b2fa7-bde8-457f-bccd-5a7b98717f61,outstanding_interest,22577.34
loan,ba3b2fa7-bde8-457f-bccd-5a7b98717f61,penal_charges,4670.45
loan,ba3b2fa7-bde8-457f-bccd-5a7b98717f61,last_payment_amount,108348.14
loan,dbd61214-d0a6-40ec-b4f8-105df207d041,sanctioned_amount,2130000.0
loan,dbd61214-d0a6-40ec-b4f8-105df207d041,disbursed_amount,2012260.6
loan,dbd61214-d0a6-40ec-b4f8-105df207d041,outstanding_principal,1492260.87
loan,dbd61214-d0a6-40ec-b4f8-105df207d041,total_outstanding,1520949.08
loan,dbd61214-d0a6-40ec-b4f8-105df207d041,overdue_amount,335684.6
loan,dbd61214-d0a6-40ec-b4f8-105df207d041,emi_amount,181054.16
loan,dbd61214-d0a6-40ec-b4f8-105df207d041,outstanding_interest,22286.36
loan,dbd61214-d0a6-40ec-b4f8-105df207d041,penal_charges,6148.02
loan,dbd61214-d0a6-40ec-b4f8-105df207d041,last_payment_amount,177390.66
loan,fd76feb1-00ba-49da-bca3-f07f059dcde5,sanctioned_amount,294000.0
loan,fd76feb1-00ba-49da-bca3-f07f059dcde5,disbursed_amount,292418.71
loan,fd76feb1-00ba-49da-bca3-f07f059dcde5,outstanding_principal,180408.36
loan,fd76feb1-00ba-49da-bca3-f07f059dcde5,total_outstanding,195134.36
loan,fd76feb1-00ba-49da-bca3-f07f059dcde5,overdue_amount,10866.28
loan,fd76feb1-00ba-49da-bca3-f07f059dcde5,emi_amount,5132.72
loan,fd76feb1-00ba-49da-bca3-f07f059dcde5,outstanding_interest,7347.94
loan,fd76feb1-00ba-49da-bca3-f07f059dcde5,penal_charges,4420.0
loan,fd76feb1-00ba-49da-bca3-f07f059dcde5,last_payment_amount,4171.66
loan,0139f897-e451-4cc0-be17-6b4d9e184c8f,sanctioned_amount,109000.0
loan,0139f897-e451-4cc0-be17-6b4d9e184c8f,disbursed_amount,108535.91
loan,0139f897-e451-4cc0-be17-6b4d9e184c8f,outstanding_principal,46355.17
loan,0139f897-e451-4cc0-be17-6b4d9e184c8f,total_outstanding,52031.72
loan,0139f897-e451-4cc0-be17-6b4d9e184c8f,overdue_amount,14239.05
loan,0139f897-e451-4cc0-be17-6b4d9e184c8f,emi_amount,5441.14
loan,0139f897-e451-4cc0-be17-6b4d9e184c8f,outstanding_interest,2118.94
loan,0139f897-e451-4cc0-be17-6b4d9e184c8f,penal_charges,2412.26
loan,0139f897-e451-4cc0-be17-6b4d9e184c8f,last_payment_amount,2448.25
loan,0ada53b2-8032-4c01-b010-271be8c5916e,sanctioned_amount,2213000.0
loan,0ada53b2-8032-4c01-b010-271be8c5916e,disbursed_amount,2153840.96
loan,0ada53b2-8032-4c01-b010-271be8c5916e,outstanding_principal,1234765.48
loan,0ada53b2-8032-4c01-b010-271be8c5916e,total_outstanding,1317156.43
loan,0ada53b2-8032-4c01-b010-271be8c5916e,overdue_amount,174483.35
loan,0ada53b2-8032-4c01-b010-271be8c5916e,emi_amount,53059.33
loan,0ada53b2-8032-4c01-b010-271be8c5916e,outstanding_interest,76094.8
loan,0ada53b2-8032-4c01-b010-271be8c5916e,penal_charges,5037.09
loan,0ada53b2-8032-4c01-b010-271be8c5916e,last_payment_amount,22048.59
loan,98ccb323-a764-416a-a592-8d531bf7368a,sanctioned_amount,1885000.0
loan,98ccb323-a764-416a-a592-8d531bf7368a,disbursed_amount,1773178.27
loan,98ccb323-a764-416a-a592-8d531bf7368a,outstanding_principal,1448407.49
loan,98ccb323-a764-416a-a592-8d531bf7368a,total_outstanding,1476545.0
loan,98ccb323-a764-416a-a592-8d531bf7368a,overdue_amount,522006.91
loan,98ccb323-a764-416a-a592-8d531bf7368a,emi_amount,159718.78
loan,98ccb323-a764-416a-a592-8d531bf7368a,outstanding_interest,25291.32
loan,98ccb323-a764-416a-a592-8d531bf7368a,penal_charges,2552.35
loan,98ccb323-a764-416a-a592-8d531bf7368a,last_payment_amount,155098.07
loan,b29d0757-5980-4d79-9203-0985bc52299f,sanctioned_amount,1174000.0
loan,b29d0757-5980-4d79-9203-0985bc52299f,disbursed_amount,1067816.46
loan,b29d0757-5980-4d79-9203-0985bc52299f,outstanding_principal,547397.29
loan,b29d0757-5980-4d79-9203-0985bc52299f,total_outstanding,561235.47
loan,b29d0757-5980-4d79-9203-0985bc52299f,overdue_amount,131414.65
loan,b29d0757-5980-4d79-9203-0985bc52299f,emi_amount,25338.64
loan,b29d0757-5980-4d79-9203-0985bc52299f,outstanding_interest,8697.59
loan,b29d0757-5980-4d79-9203-0985bc52299f,penal_charges,2884.97
loan,b29d0757-5980-4d79-9203-0985bc52299f,last_payment_amount,19140.46
loan,ff1b8131-7be5-4907-87a1-3b81e1c656cc,sanctioned_amount,222000.0
loan,ff1b8131-7be5-4907-87a1-3b81e1c656cc,disbursed_amount,208209.37
loan,ff1b8131-7be5-4907-87a1-3b81e1c656cc,outstanding_principal,194613.28
loan,ff1b8131-7be5-4907-87a1-3b81e1c656cc,total_outstanding,212504.03
loan,ff1b8131-7be5-4907-87a1-3b81e1c656cc,overdue_amount,125040.7
loan,ff1b8131-7be5-4907-87a1-3b81e1c656cc,emi_amount,19316.87
loan,ff1b8131-7be5-4907-87a1-3b81e1c656cc,outstanding_interest,10705.12
loan,ff1b8131-7be5-4907-87a1-3b81e1c656cc,penal_charges,5065.27
loan,ff1b8131-7be5-4907-87a1-3b81e1c656cc,last_payment_amount,13760.5
loan,15672bda-d778-45be-84c4-c5959fc9bb31,sanctioned_amount,1330000.0
loan,15672bda-d778-45be-84c4-c5959fc9bb31,disbursed_amount,1299486.93
loan,15672bda-d778-45be-84c4-c5959fc9bb31,outstanding_principal,641975.19
loan,15672bda-d778-45be-84c4-c5959fc9bb31,total_outstanding,658723.88
loan,15672bda-d778-45be-84c4-c5959fc9bb31,overdue_amount,61986.01
loan,15672bda-d778-45be-84c4-c5959fc9bb31,emi_amount,30308.19
loan,15672bda-d778-45be-84c4-c5959fc9bb31,outstanding_interest,14756.75
loan,15672bda-d778-45be-84c4-c5959fc9bb31,penal_charges,1134.39
loan,15672bda-d778-45be-84c4-c5959fc9bb31,last_payment_amount,24435.06
loan,1d6e15b2-913a-4ceb-bbed-0849838af6d2,sanctioned_amount,4993000.0
loan,1d6e15b2-913a-4ceb-bbed-0849838af6d2,disbursed_amount,4842152.46
loan,1d6e15b2-913a-4ceb-bbed-0849838af6d2,outstanding_principal,1715933.68
loan,1d6e15b2-913a-4ceb-bbed-0849838af6d2,total_outstanding,1774390.53
loan,1d6e15b2-913a-4ceb-bbed-0849838af6d2,overdue_amount,236250.62
loan,1d6e15b2-913a-4ceb-bbed-0849838af6d2,emi_amount,116921.32
loan,1d6e15b2-913a-4ceb-bbed-0849838af6d2,outstanding_interest,52386.23
loan,1d6e15b2-913a-4ceb-bbed-0849838af6d2,penal_charges,3087.95
loan,1d6e15b2-913a-4ceb-bbed-0849838af6d2,last_payment_amount,89377.48
loan,a00626ea-f626-4cae-954d-f1a27883a7fe,sanctioned_amount,740000.0
loan,a00626ea-f626-4cae-954d-f1a27883a7fe,disbursed_amount,736483.79
loan,a00626ea-f626-4cae-954d-f1a27883a7fe,outstanding_principal,407109.94
loan,a00626ea-f626-4cae-954d-f1a27883a7fe,total_outstanding,433630.19
loan,a00626ea-f626-4cae-954d-f1a27883a7fe,overdue_amount,45830.72
loan,a00626ea-f626-4cae-954d-f1a27883a7fe,emi_amount,20841.28
loan,a00626ea-f626-4cae-954d-f1a27883a7fe,outstanding_interest,17066.0
loan,a00626ea-f626-4cae-954d-f1a27883a7fe,penal_charges,6880.83
loan,a00626ea-f626-4cae-954d-f1a27883a7fe,last_payment_amount,11647.16
loan,1140dec4-3aeb-4138-b71a-55f99aa8377d,sanctioned_amount,4766000.0
loan,1140dec4-3aeb-4138-b71a-55f99aa8377d,disbursed_amount,4535101.13
loan,1140dec4-3aeb-4138-b71a-55f99aa8377d,outstanding_principal,1743737.48
loan,1140dec4-3aeb-4138-b71a-55f99aa8377d,total_outstanding,1778819.1
loan,1140dec4-3aeb-4138-b71a-55f99aa8377d,overdue_amount,854533.22
loan,1140dec4-3aeb-4138-b71a-55f99aa8377d,emi_amount,144136.54
loan,1140dec4-3aeb-4138-b71a-55f99aa8377d,outstanding_interest,32022.5
loan,1140dec4-3aeb-4138-b71a-55f99aa8377d,penal_charges,2737.63
loan,1140dec4-3aeb-4138-b71a-55f99aa8377d,last_payment_amount,74738.64
loan,b82d30d4-5ee6-489b-b695-010cc82507df,sanctioned_amount,1524000.0
loan,b82d30d4-5ee6-489b-b695-010cc82507df,disbursed_amount,1409720.54
loan,b82d30d4-5ee6-489b-b695-010cc82507df,outstanding_principal,1248048.19
loan,b82d30d4-5ee6-489b-b695-010cc82507df,total_outstanding,1304489.12
loan,b82d30d4-5ee6-489b-b695-010cc82507df,overdue_amount,93034.28
loan,b82d30d4-5ee6-489b-b695-010cc82507df,emi_amount,49973.05
loan,b82d30d4-5ee6-489b-b695-010cc82507df,outstanding_interest,46551.82
loan,b82d30d4-5ee6-489b-b695-010cc82507df,penal_charges,7920.27
loan,b82d30d4-5ee6-489b-b695-010cc82507df,last_payment_amount,42389.87
loan,dc6ec10c-43e2-4289-88b3-07427cf0cef5,sanctioned_amount,1151000.0
loan,dc6ec10c-43e2-4289-88b3-07427cf0cef5,disbursed_amount,1040533.5
loan,dc6ec10c-43e2-4289-88b3-07427cf0cef5,outstanding_principal,464273.04
loan,dc6ec10c-43e2-4289-88b3-07427cf0cef5,total_outstanding,480197.8
loan,dc6ec10c-43e2-4289-88b3-07427cf0cef5,overdue_amount,40518.43
loan,dc6ec10c-43e2-4289-88b3-07427cf0cef5,emi_amount,20385.84
loan,dc6ec10c-43e2-4289-88b3-07427cf0cef5,outstanding_interest,9638.04
loan,dc6ec10c-43e2-4289-88b3-07427cf0cef5,penal_charges,5489.32
loan,dc6ec10c-43e2-4289-88b3-07427cf0cef5,last_payment_amount,12128.2
loan,580a1006-73d2-4615-a65c-34f729707495,sanctioned_amount,1408000.0
loan,580a1006-73d2-4615-a65c-34f729707495,disbursed_amount,1285703.61
loan,580a1006-73d2-4615-a65c-34f729707495,outstanding_principal,715458.48
loan,580a1006-73d2-4615-a65c-34f729707495,total_outstanding,732853.13
loan,580a1006-73d2-4615-a65c-34f729707495,overdue_amount,58714.22
loan,580a1006-73d2-4615-a65c-34f729707495,emi_amount,27817.91
loan,580a1006-73d2-4615-a65c-34f729707495,outstanding_interest,14014.84
loan,580a1006-73d2-4615-a65c-34f729707495,penal_charges,890.3
loan,580a1006-73d2-4615-a65c-34f729707495,last_payment_amount,19141.94
loan,1c8cbaf1-b89b-442f-9a54-24e3e7f782ab,sanctioned_amount,3662000.0
loan,1c8cbaf1-b89b-442f-9a54-24e3e7f782ab,disbursed_amount,3483016.03
loan,1c8cbaf1-b89b-442f-9a54-24e3e7f782ab,outstanding_principal,3296863.58
loan,1c8cbaf1-b89b-442f-9a54-24e3e7f782ab,total_outstanding,3366265.79
loan,1c8cbaf1-b89b-442f-9a54-24e3e7f782ab,overdue_amount,116243.37
loan,1c8cbaf1-b89b-442f-9a54-24e3e7f782ab,emi_amount,53021.89
loan,1c8cbaf1-b89b-442f-9a54-24e3e7f782ab,outstanding_interest,65294.74
loan,1c8cbaf1-b89b-442f-9a54-24e3e7f782ab,penal_charges,1988.09
loan,1c8cbaf1-b89b-442f-9a54-24e3e7f782ab,last_payment_amount,27210.91
loan,d8d73b58-2ea3-4015-a153-4b6df9349d3a,sanctioned_amount,107000.0
loan,d8d73b58-2ea3-4015-a153-4b6df9349d3a,disbursed_amount,106241.35
loan,d8d73b58-2ea3-4015-a153-4b6df9349d3a,outstanding_principal,61429.98
loan,d8d73b58-2ea3-4015-a153-4b6df9349d3a,total_outstanding,72121.37
loan,d8d73b58-2ea3-4015-a153-4b6df9349d3a,overdue_amount,5473.64
loan,d8d73b58-2ea3-4015-a153-4b6df9349d3a,emi_amount,2581.79
loan,d8d73b58-2ea3-4015-a153-4b6df9349d3a,outstanding_interest,2175.13
loan,d8d73b58-2ea3-4015-a153-4b6df9349d3a,penal_charges,7850.93
loan,d8d73b58-2ea3-4015-a153-4b6df9349d3a,last_payment_amount,2030.12
loan,5115d79b-2d6b-4606-b528-4caaf22020c4,sanctioned_amount,637000.0
loan,5115d79b-2d6b-4606-b528-4caaf22020c4,disbursed_amount,589031.9
loan,5115d79b-2d6b-4606-b528-4caaf22020c4,outstanding_principal,439570.04
loan,5115d79b-2d6b-4606-b528-4caaf22020c4,total_outstanding,460515.19
loan,5115d79b-2d6b-4606-b528-4caaf22020c4,overdue_amount,57469.32
loan,5115d79b-2d6b-4606-b528-4caaf22020c4,emi_amount,30712.71
loan,5115d79b-2d6b-4606-b528-4caaf22020c4,outstanding_interest,16524.38
loan,5115d79b-2d6b-4606-b528-4caaf22020c4,penal_charges,2601.2
loan,5115d79b-2d6b-4606-b528-4caaf22020c4,last_payment_amount,18985.02
loan,1ca4aca3-03a2-45cb-bee2-a5cdaae8d722,sanctioned_amount,74000.0
loan,1ca4aca3-03a2-45cb-bee2-a5cdaae8d722,disbursed_amount,69050.97
loan,1ca4aca3-03a2-45cb-bee2-a5cdaae8d722,outstanding_principal,46078.9
loan,1ca4aca3-03a2-45cb-bee2-a5cdaae8d722,total_outstanding,50999.6
loan,1ca4aca3-03a2-45cb-bee2-a5cdaae8d722,overdue_amount,10783.08
loan,1ca4aca3-03a2-45cb-bee2-a5cdaae8d722,emi_amount,2579.5
loan,1ca4aca3-03a2-45cb-bee2-a5cdaae8d722,outstanding_interest,1693.3
loan,1ca4aca3-03a2-45cb-bee2-a5cdaae8d722,penal_charges,2075.25
loan,1ca4aca3-03a2-45cb-bee2-a5cdaae8d722,last_payment_amount,1939.62
loan,4fc9b9d5-efd8-41d4-8c83-5265c3c7437b,sanctioned_amount,1845000.0
loan,4fc9b9d5-efd8-41d4-8c83-5265c3c7437b,disbursed_amount,1774707.41
loan,4fc9b9d5-efd8-41d4-8c83-5265c3c7437b,outstanding_principal,1189292.72
loan,4fc9b9d5-efd8-41d4-8c83-5265c3c7437b,total_outstanding,1215611.42
loan,4fc9b9d5-efd8-41d4-8c83-5265c3c7437b,overdue_amount,432565.66
loan,4fc9b9d5-efd8-41d4-8c83-5265c3c7437b,emi_amount,48693.18
loan,4fc9b9d5-efd8-41d4-8c83-5265c3c7437b,outstanding_interest,20547.3
loan,4fc9b9d5-efd8-41d4-8c83-5265c3c7437b,penal_charges,3636.59
loan,4fc9b9d5-efd8-41d4-8c83-5265c3c7437b,last_payment_amount,32580.09
loan,f5197e5b-857f-4e10-a9e3-b0997a228992,sanctioned_amount,2967000.0
loan,f5197e5b-857f-4e10-a9e3-b0997a228992,disbursed_amount,2904955.63
loan,f5197e5b-857f-4e10-a9e3-b0997a228992,outstanding_principal,1521597.79
loan,f5197e5b-857f-4e10-a9e3-b0997a228992,total_outstanding,1593424.12
loan,f5197e5b-857f-4e10-a9e3-b0997a228992,overdue_amount,336718.23
loan,f5197e5b-857f-4e10-a9e3-b0997a228992,emi_amount,96954.47
loan,f5197e5b-857f-4e10-a9e3-b0997a228992,outstanding_interest,63462.21
loan,f5197e5b-857f-4e10-a9e3-b0997a228992,penal_charges,7793.55
loan,f5197e5b-857f-4e10-a9e3-b0997a228992,last_payment_amount,48410.43
loan,8ef7859d-318f-4be9-af14-29ecc9da4195,sanctioned_amount,191000.0
loan,8ef7859d-318f-4be9-af14-29ecc9da4195,disbursed_amount,175415.67
loan,8ef7859d-318f-4be9-af14-29ecc9da4195,outstanding_principal,153926.02
loan,8ef7859d-318f-4be9-af14-29ecc9da4195,total_outstanding,166838.64
loan,8ef7859d-318f-4be9-af14-29ecc9da4195,overdue_amount,24499.36
loan,8ef7859d-318f-4be9-af14-29ecc9da4195,emi_amount,8277.1
loan,8ef7859d-318f-4be9-af14-29ecc9da4195,outstanding_interest,5529.24
loan,8ef7859d-318f-4be9-af14-29ecc9da4195,penal_charges,5808.16
loan,8ef7859d-318f-4be9-af14-29ecc9da4195,last_payment_amount,6828.22
loan,c230db93-1805-4cd1-81bd-1286262f0c1c,sanctioned_amount,93000.0
loan,c230db93-1805-4cd1-81bd-1286262f0c1c,disbursed_amount,89648.42
loan,c230db93-1805-4cd1-81bd-1286262f0c1c,outstanding_principal,78355.38
loan,c230db93-1805-4cd1-81bd-1286262f0c1c,total_outstanding,88613.13
loan,c230db93-1805-4cd1-81bd-1286262f0c1c,overdue_amount,27860.73
loan,c230db93-1805-4cd1-81bd-1286262f0c1c,emi_amount,3479.09
loan,c230db93-1805-4cd1-81bd-1286262f0c1c,outstanding_interest,1706.31
loan,c230db93-1805-4cd1-81bd-1286262f0c1c,penal_charges,7921.52
loan,c230db93-1805-4cd1-81bd-1286262f0c1c,last_payment_amount,3367.26
loan,3ba3fa4c-6834-4cee-83a4-f17f96ed0233,sanctioned_amount,790000.0
loan,3ba3fa4c-6834-4cee-83a4-f17f96ed0233,disbursed_amount,788835.64
loan,3ba3fa4c-6834-4cee-83a4-f17f96ed0233,outstanding_principal,621828.1
loan,3ba3fa4c-6834-4cee-83a4-f17f96ed0233,total_outstanding,642562.34
loan,3ba3fa4c-6834-4cee-83a4-f17f96ed0233,overdue_amount,336461.02
loan,3ba3fa4c-6834-4cee-83a4-f17f96ed0233,emi_amount,72607.34
loan,3ba3fa4c-6834-4cee-83a4-f17f96ed0233,outstanding_interest,18145.0
loan,3ba3fa4c-6834-4cee-83a4-f17f96ed0233,penal_charges,617.29
loan,3ba3fa4c-6834-4cee-83a4-f17f96ed0233,last_payment_amount,66945.09
loan,9c727bad-0642-4a2a-a303-6552d9941aa5,sanctioned_amount,2441000.0
loan,9c727bad-0642-4a2a-a303-6552d9941aa5,disbursed_amount,2350634.34
loan,9c727bad-0642-4a2a-a303-6552d9941aa5,outstanding_principal,1852034.58
loan,9c727bad-0642-4a2a-a303-6552d9941aa5,total_outstanding,1938000.05
loan,9c727bad-0642-4a2a-a303-6552d9941aa5,overdue_amount,132526.55
loan,9c727bad-0642-4a2a-a303-6552d9941aa5,emi_amount,74078.54
loan,9c727bad-0642-4a2a-a303-6552d9941aa5,outstanding_interest,80385.04
loan,9c727bad-0642-4a2a-a303-6552d9941aa5,penal_charges,4092.55
loan,9c727bad-0642-4a2a-a303-6552d9941aa5,last_payment_amount,54951.08
loan,98acb3a9-b350-438a-9ccf-79b98a427151,sanctioned_amount,212000.0
loan,98acb3a9-b350-438a-9ccf-79b98a427151,disbursed_amount,208130.98
loan,98acb3a9-b350-438a-9ccf-79b98a427151,outstanding_principal,126093.45
loan,98acb3a9-b350-438a-9ccf-79b98a427151,total_outstanding,136804.53
loan,98acb3a9-b350-438a-9ccf-79b98a427151,overdue_amount,22028.43
loan,98acb3a9-b350-438a-9ccf-79b98a427151,emi_amount,10554.71
loan,98acb3a9-b350-438a-9ccf-79b98a427151,outstanding_interest,5019.38
loan,98acb3a9-b350-438a-9ccf-79b98a427151,penal_charges,3518.78
loan,98acb3a9-b350-438a-9ccf-79b98a427151,last_payment_amount,6614.9
loan,cf576340-d5d7-4b61-ae7b-41f19e26802d,sanctioned_amount,257000.0
loan,cf576340-d5d7-4b61-ae7b-41f19e26802d,disbursed_amount,234697.0
loan,cf576340-d5d7-4b61-ae7b-41f19e26802d,outstanding_principal,166583.78
loan,cf576340-d5d7-4b61-ae7b-41f19e26802d,total_outstanding,184824.5
loan,cf576340-d5d7-4b61-ae7b-41f19e26802d,overdue_amount,15036.8
loan,cf576340-d5d7-4b61-ae7b-41f19e26802d,emi_amount,8815.94
loan,cf576340-d5d7-4b61-ae7b-41f19e26802d,outstanding_interest,10176.15
loan,cf576340-d5d7-4b61-ae7b-41f19e26802d,penal_charges,6437.46
loan,cf576340-d5d7-4b61-ae7b-41f19e26802d,last_payment_amount,4262.84
loan,a1486494-d1b0-4db6-b589-4891a68e119e,sanctioned_amount,254000.0
loan,a1486494-d1b0-4db6-b589-4891a68e119e,disbursed_amount,230019.24
loan,a1486494-d1b0-4db6-b589-4891a68e119e,outstanding_principal,194355.89
loan,a1486494-d1b0-4db6-b589-4891a68e119e,total_outstanding,205325.45
loan,a1486494-d1b0-4db6-b589-4891a68e119e,overdue_amount,14267.9
loan,a1486494-d1b0-4db6-b589-4891a68e119e,emi_amount,5064.81
loan,a1486494-d1b0-4db6-b589-4891a68e119e,outstanding_interest,4123.54
loan,a1486494-d1b0-4db6-b589-4891a68e119e,penal_charges,4336.57
loan,a1486494-d1b0-4db6-b589-4891a68e119e,last_payment_amount,2714.76
loan,1be2ce40-09d8-4f5f-bb3a-af2fce21ae9d,sanctioned_amount,4726000.0
loan,1be2ce40-09d8-4f5f-bb3a-af2fce21ae9d,disbursed_amount,4435229.92
loan,1be2ce40-09d8-4f5f-bb3a-af2fce21ae9d,outstanding_principal,2003550.53
loan,1be2ce40-09d8-4f5f-bb3a-af2fce21ae9d,total_outstanding,2061494.73
loan,1be2ce40-09d8-4f5f-bb3a-af2fce21ae9d,overdue_amount,572124.67
loan,1be2ce40-09d8-4f5f-bb3a-af2fce21ae9d,emi_amount,92822.44
loan,1be2ce40-09d8-4f5f-bb3a-af2fce21ae9d,outstanding_interest,49203.41
loan,1be2ce40-09d8-4f5f-bb3a-af2fce21ae9d,penal_charges,7668.87
loan,1be2ce40-09d8-4f5f-bb3a-af2fce21ae9d,last_payment_amount,47046.19
loan,06c39d1c-4569-4a07-90cd-a7562c9dfc5a,sanctioned_amount,2026000.0
loan,06c39d1c-4569-4a07-90cd-a7562c9dfc5a,disbursed_amount,1962618.76
loan,06c39d1c-4569-4a07-90cd-a7562c9dfc5a,outstanding_principal,1006148.22
loan,06c39d1c-4569-4a07-90cd-a7562c9dfc5a,total_outstanding,1051874.55
loan,06c39d1c-4569-4a07-90cd-a7562c9dfc5a,overdue_amount,137751.18
loan,06c39d1c-4569-4a07-90cd-a7562c9dfc5a,emi_amount,71690.61
loan,06c39d1c-4569-4a07-90cd-a7562c9dfc5a,outstanding_interest,40514.87
loan,06c39d1c-4569-4a07-90cd-a7562c9dfc5a,penal_charges,2490.51
loan,06c39d1c-4569-4a07-90cd-a7562c9dfc5a,last_payment_amount,62132.13
loan,8cb04402-3b57-48eb-99f0-94d42d526acf,sanctioned_amount,836000.0
loan,8cb04402-3b57-48eb-99f0-94d42d526acf,disbursed_amount,820504.72
loan,8cb04402-3b57-48eb-99f0-94d42d526acf,outstanding_principal,358397.03
loan,8cb04402-3b57-48eb-99f0-94d42d526acf,total_outstanding,372654.17
loan,8cb04402-3b57-48eb-99f0-94d42d526acf,overdue_amount,152354.12
loan,8cb04402-3b57-48eb-99f0-94d42d526acf,emi_amount,21439.95
loan,8cb04402-3b57-48eb-99f0-94d42d526acf,outstanding_interest,6942.79
loan,8cb04402-3b57-48eb-99f0-94d42d526acf,penal_charges,6256.52
loan,8cb04402-3b57-48eb-99f0-94d42d526acf,last_payment_amount,18894.7
loan,bbac72b9-6605-482d-b23b-bbd5ec54a0db,sanctioned_amount,959000.0
loan,bbac72b9-6605-482d-b23b-bbd5ec54a0db,disbursed_amount,914164.3
loan,bbac72b9-6605-482d-b23b-bbd5ec54a0db,outstanding_principal,551336.56
loan,bbac72b9-6605-482d-b23b-bbd5ec54a0db,total_outstanding,587535.5
loan,bbac72b9-6605-482d-b23b-bbd5ec54a0db,overdue_amount,60423.08
loan,bbac72b9-6605-482d-b23b-bbd5ec54a0db,emi_amount,28553.99
loan,bbac72b9-6605-482d-b23b-bbd5ec54a0db,outstanding_interest,27977.53
loan,bbac72b9-6605-482d-b23b-bbd5ec54a0db,penal_charges,6112.13
loan,bbac72b9-6605-482d-b23b-bbd5ec54a0db,last_payment_amount,28449.57
loan,c289818a-ebcd-4972-b255-7f1adca1af34,sanctioned_amount,190000.0
loan,c289818a-ebcd-4972-b255-7f1adca1af34,disbursed_amount,188315.88
loan,c289818a-ebcd-4972-b255-7f1adca1af34,outstanding_principal,99208.26
loan,c289818a-ebcd-4972-b255-7f1adca1af34,total_outstanding,111511.55
loan,c289818a-ebcd-4972-b255-7f1adca1af34,overdue_amount,20201.2
loan,c289818a-ebcd-4972-b255-7f1adca1af34,emi_amount,3044.2
loan,c289818a-ebcd-4972-b255-7f1adca1af34,outstanding_interest,1775.78
loan,c289818a-ebcd-4972-b255-7f1adca1af34,penal_charges,7788.65
loan,c289818a-ebcd-4972-b255-7f1adca1af34,last_payment_amount,2556.67
loan,695d44b1-3808-4d87-b57f-819c1db40ae4,sanctioned_amount,143000.0
loan,695d44b1-3808-4d87-b57f-819c1db40ae4,disbursed_amount,135518.62
loan,695d44b1-3808-4d87-b57f-819c1db40ae4,outstanding_principal,58918.96
loan,695d44b1-3808-4d87-b57f-819c1db40ae4,total_outstanding,68478.69
loan,695d44b1-3808-4d87-b57f-819c1db40ae4,overdue_amount,11587.5
loan,695d44b1-3808-4d87-b57f-819c1db40ae4,emi_amount,6786.29
loan,695d44b1-3808-4d87-b57f-819c1db40ae4,outstanding_interest,1577.24
loan,695d44b1-3808-4d87-b57f-819c1db40ae4,penal_charges,6733.01
loan,695d44b1-3808-4d87-b57f-819c1db40ae4,last_payment_amount,5760.64
loan,94f5e8c6-0c81-4142-8943-dbe80e555ea9,sanctioned_amount,3054000.0
loan,94f5e8c6-0c81-4142-8943-dbe80e555ea9,disbursed_amount,2960928.44
loan,94f5e8c6-0c81-4142-8943-dbe80e555ea9,outstanding_principal,1093386.38
loan,94f5e8c6-0c81-4142-8943-dbe80e555ea9,total_outstanding,1139801.85
loan,94f5e8c6-0c81-4142-8943-dbe80e555ea9,overdue_amount,284647.87
loan,94f5e8c6-0c81-4142-8943-dbe80e555ea9,emi_amount,142183.37
loan,94f5e8c6-0c81-4142-8943-dbe80e555ea9,outstanding_interest,43335.92
loan,94f5e8c6-0c81-4142-8943-dbe80e555ea9,penal_charges,581.51
loan,94f5e8c6-0c81-4142-8943-dbe80e555ea9,last_payment_amount,135286.07
loan,bfd02eaa-db51-4dc2-a481-c5a89a6d4faa,sanctioned_amount,227000.0
loan,bfd02eaa-db51-4dc2-a481-c5a89a6d4faa,disbursed_amount,216138.07
loan,bfd02eaa-db51-4dc2-a481-c5a89a6d4faa,outstanding_principal,155927.68
loan,bfd02eaa-db51-4dc2-a481-c5a89a6d4faa,total_outstanding,168839.17
loan,bfd02eaa-db51-4dc2-a481-c5a89a6d4faa,overdue_amount,41251.75
loan,bfd02eaa-db51-4dc2-a481-c5a89a6d4faa,emi_amount,11394.15
loan,bfd02eaa-db51-4dc2-a481-c5a89a6d4faa,outstanding_interest,5138.64
loan,bfd02eaa-db51-4dc2-a481-c5a89a6d4faa,penal_charges,6094.97
loan,bfd02eaa-db51-4dc2-a481-c5a89a6d4faa,last_payment_amount,10213.17
loan,9de46033-23b5-4549-8e74-8c07f7f6e1f6,sanctioned_amount,251000.0
loan,9de46033-23b5-4549-8e74-8c07f7f6e1f6,disbursed_amount,228520.44
loan,9de46033-23b5-4549-8e74-8c07f7f6e1f6,outstanding_principal,112824.64
loan,9de46033-23b5-4549-8e74-8c07f7f6e1f6,total_outstanding,117055.39
loan,9de46033-23b5-4549-8e74-8c07f7f6e1f6,overdue_amount,16305.87
loan,9de46033-23b5-4549-8e74-8c07f7f6e1f6,emi_amount,3697.73
loan,9de46033-23b5-4549-8e74-8c07f7f6e1f6,outstanding_interest,2108.5
loan,9de46033-23b5-4549-8e74-8c07f7f6e1f6,penal_charges,2089.32
loan,9de46033-23b5-4549-8e74-8c07f7f6e1f6,last_payment_amount,1667.76
loan,0d1afef5-c9cb-453d-9abb-163b483dd9f6,sanctioned_amount,1248000.0
loan,0d1afef5-c9cb-453d-9abb-163b483dd9f6,disbursed_amount,1134832.72
loan,0d1afef5-c9cb-453d-9abb-163b483dd9f6,outstanding_principal,737788.4
loan,0d1afef5-c9cb-453d-9abb-163b483dd9f6,total_outstanding,758769.0
loan,0d1afef5-c9cb-453d-9abb-163b483dd9f6,overdue_amount,150737.94
loan,0d1afef5-c9cb-453d-9abb-163b483dd9f6,emi_amount,38962.76
loan,0d1afef5-c9cb-453d-9abb-163b483dd9f6,outstanding_interest,17423.27
loan,0d1afef5-c9cb-453d-9abb-163b483dd9f6,penal_charges,3168.78
loan,0d1afef5-c9cb-453d-9abb-163b483dd9f6,last_payment_amount,27324.83
loan,3e0e90a2-bdea-40c1-a5fb-236fc4d2fee0,sanctioned_amount,56000.0
loan,3e0e90a2-bdea-40c1-a5fb-236fc4d2fee0,disbursed_amount,52024.67
loan,3e0e90a2-bdea-40c1-a5fb-236fc4d2fee0,outstanding_principal,21120.69
loan,3e0e90a2-bdea-40c1-a5fb-236fc4d2fee0,total_outstanding,30340.86
loan,3e0e90a2-bdea-40c1-a5fb-236fc4d2fee0,overdue_amount,3062.94
loan,3e0e90a2-bdea-40c1-a5fb-236fc4d2fee0,emi_amount,1373.12
loan,3e0e90a2-bdea-40c1-a5fb-236fc4d2fee0,outstanding_interest,701.44
loan,3e0e90a2-bdea-40c1-a5fb-236fc4d2fee0,penal_charges,6556.07
loan,3e0e90a2-bdea-40c1-a5fb-236fc4d2fee0,last_payment_amount,917.91
loan,57881767-9af5-44d6-b9f6-7f2c19210ab0,sanctioned_amount,123000.0
loan,57881767-9af5-44d6-b9f6-7f2c19210ab0,disbursed_amount,121655.36
loan,57881767-9af5-44d6-b9f6-7f2c19210ab0,outstanding_principal,86877.29
loan,57881767-9af5-44d6-b9f6-7f2c19210ab0,total_outstanding,101258.68
loan,57881767-9af5-44d6-b9f6-7f2c19210ab0,overdue_amount,7663.95
loan,57881767-9af5-44d6-b9f6-7f2c19210ab0,emi_amount,3756.58
loan,57881767-9af5-44d6-b9f6-7f2c19210ab0,outstanding_interest,6131.14
loan,57881767-9af5-44d6-b9f6-7f2c19210ab0,penal_charges,7958.03
loan,57881767-9af5-44d6-b9f6-7f2c19210ab0,last_payment_amount,2627.15
loan,4ff26bc5-5968-4a0b-94a5-eb695747bd0a,sanctioned_amount,1739000.0
loan,4ff26bc5-5968-4a0b-94a5-eb695747bd0a,disbursed_amount,1628282.79
loan,4ff26bc5-5968-4a0b-94a5-eb695747bd0a,outstanding_principal,821902.54
loan,4ff26bc5-5968-4a0b-94a5-eb695747bd0a,total_outstanding,850139.22
loan,4ff26bc5-5968-4a0b-94a5-eb695747bd0a,overdue_amount,282043.47
loan,4ff26bc5-5968-4a0b-94a5-eb695747bd0a,emi_amount,76079.27
loan,4ff26bc5-5968-4a0b-94a5-eb695747bd0a,outstanding_interest,19210.87
loan,4ff26bc5-5968-4a0b-94a5-eb695747bd0a,penal_charges,7074.93
loan,4ff26bc5-5968-4a0b-94a5-eb695747bd0a,last_payment_amount,69643.11
loan,dce8f3c2-3039-40f8-9510-f13fc83f7ed3,sanctioned_amount,1401000.0
loan,dce8f3c2-3039-40f8-9510-f13fc83f7ed3,disbursed_amount,1332698.34
loan,dce8f3c2-3039-40f8-9510-f13fc83f7ed3,outstanding_principal,796842.38
loan,dce8f3c2-3039-40f8-9510-f13fc83f7ed3,total_outstanding,835005.92
loan,dce8f3c2-3039-40f8-9510-f13fc83f7ed3,overdue_amount,162573.89
loan,dce8f3c2-3039-40f8-9510-f13fc83f7ed3,emi_amount,48679.66
loan,dce8f3c2-3039-40f8-9510-f13fc83f7ed3,outstanding_interest,30101.15
loan,dce8f3c2-3039-40f8-9510-f13fc83f7ed3,penal_charges,7934.36
loan,dce8f3c2-3039-40f8-9510-f13fc83f7ed3,last_payment_amount,39909.88
loan,a342f9c8-9561-455e-b74f-e63cde709ea2,sanctioned_amount,2815000.0
loan,a342f9c8-9561-455e-b74f-e63cde709ea2,disbursed_amount,2645897.44
loan,a342f9c8-9561-455e-b74f-e63cde709ea2,outstanding_principal,1074503.9
loan,a342f9c8-9561-455e-b74f-e63cde709ea2,total_outstanding,1107520.47
loan,a342f9c8-9561-455e-b74f-e63cde709ea2,overdue_amount,428020.83
loan,a342f9c8-9561-455e-b74f-e63cde709ea2,emi_amount,68412.49
loan,a342f9c8-9561-455e-b74f-e63cde709ea2,outstanding_interest,24371.06
loan,a342f9c8-9561-455e-b74f-e63cde709ea2,penal_charges,7250.95
loan,a342f9c8-9561-455e-b74f-e63cde709ea2,last_payment_amount,43846.41
loan,799e1879-0521-46ab-92d7-c97163af173c,sanctioned_amount,2244000.0
loan,799e1879-0521-46ab-92d7-c97163af173c,disbursed_amount,2126463.65
loan,799e1879-0521-46ab-92d7-c97163af173c,outstanding_principal,929920.16
loan,799e1879-0521-46ab-92d7-c97163af173c,total_outstanding,957938.64
loan,799e1879-0521-46ab-92d7-c97163af173c,overdue_amount,584192.79
loan,799e1879-0521-46ab-92d7-c97163af173c,emi_amount,190826.25
loan,799e1879-0521-46ab-92d7-c97163af173c,outstanding_interest,17787.28
loan,799e1879-0521-46ab-92d7-c97163af173c,penal_charges,7908.58
loan,799e1879-0521-46ab-92d7-c97163af173c,last_payment_amount,188371.56
loan,cbc9a22d-ab31-4b68-8de0-f1f29849e94f,sanctioned_amount,328000.0
loan,cbc9a22d-ab31-4b68-8de0-f1f29849e94f,disbursed_amount,304051.02
loan,cbc9a22d-ab31-4b68-8de0-f1f29849e94f,outstanding_principal,180314.75
loan,cbc9a22d-ab31-4b68-8de0-f1f29849e94f,total_outstanding,194395.13
loan,cbc9a22d-ab31-4b68-8de0-f1f29849e94f,overdue_amount,59577.28
loan,cbc9a22d-ab31-4b68-8de0-f1f29849e94f,emi_amount,28005.74
loan,cbc9a22d-ab31-4b68-8de0-f1f29849e94f,outstanding_interest,5471.38
loan,cbc9a22d-ab31-4b68-8de0-f1f29849e94f,penal_charges,7034.67
loan,cbc9a22d-ab31-4b68-8de0-f1f29849e94f,last_payment_amount,25158.38
loan,29c04c9c-7a4b-491c-af21-baf4daadb6d3,sanctioned_amount,1204000.0
loan,29c04c9c-7a4b-491c-af21-baf4daadb6d3,disbursed_amount,1197009.77
loan,29c04c9c-7a4b-491c-af21-baf4daadb6d3,outstanding_principal,1112445.7
loan,29c04c9c-7a4b-491c-af21-baf4daadb6d3,total_outstanding,1156557.7
loan,29c04c9c-7a4b-491c-af21-baf4daadb6d3,overdue_amount,132981.13
loan,29c04c9c-7a4b-491c-af21-baf4daadb6d3,emi_amount,29583.46
loan,29c04c9c-7a4b-491c-af21-baf4daadb6d3,outstanding_interest,36865.57
loan,29c04c9c-7a4b-491c-af21-baf4daadb6d3,penal_charges,4777.38
loan,29c04c9c-7a4b-491c-af21-baf4daadb6d3,last_payment_amount,23620.55
loan,eaa86b64-4319-4ba5-a722-d4c42ab554f5,sanctioned_amount,1376000.0
loan,eaa86b64-4319-4ba5-a722-d4c42ab554f5,disbursed_amount,1357327.87
loan,eaa86b64-4319-4ba5-a722-d4c42ab554f5,outstanding_principal,1063292.13
loan,eaa86b64-4319-4ba5-a722-d4c42ab554f5,total_outstanding,1114867.44
loan,eaa86b64-4319-4ba5-a722-d4c42ab554f5,overdue_amount,80434.82
loan,eaa86b64-4319-4ba5-a722-d4c42ab554f5,emi_amount,23664.32
loan,eaa86b64-4319-4ba5-a722-d4c42ab554f5,outstanding_interest,42742.93
loan,eaa86b64-4319-4ba5-a722-d4c42ab554f5,penal_charges,6929.5
loan,eaa86b64-4319-4ba5-a722-d4c42ab554f5,last_payment_amount,12569.86
loan,732f6fe4-99c7-4777-8fa1-21666c8ec7b1,sanctioned_amount,224000.0
loan,732f6fe4-99c7-4777-8fa1-21666c8ec7b1,disbursed_amount,209397.12
loan,732f6fe4-99c7-4777-8fa1-21666c8ec7b1,outstanding_principal,119807.37
loan,732f6fe4-99c7-4777-8fa1-21666c8ec7b1,total_outstanding,130049.02
loan,732f6fe4-99c7-4777-8fa1-21666c8ec7b1,overdue_amount,14331.98
loan,732f6fe4-99c7-4777-8fa1-21666c8ec7b1,emi_amount,5079.11
loan,732f6fe4-99c7-4777-8fa1-21666c8ec7b1,outstanding_interest,4982.26
loan,732f6fe4-99c7-4777-8fa1-21666c8ec7b1,penal_charges,2802.24
loan,732f6fe4-99c7-4777-8fa1-21666c8ec7b1,last_payment_amount,3293.46
loan,84a6160f-0d63-4914-b15a-12b06fd72f94,sanctioned_amount,811000.0
loan,84a6160f-0d63-4914-b15a-12b06fd72f94,disbursed_amount,739095.12
loan,84a6160f-0d63-4914-b15a-12b06fd72f94,outstanding_principal,522492.27
loan,84a6160f-0d63-4914-b15a-12b06fd72f94,total_outstanding,546146.48
loan,84a6160f-0d63-4914-b15a-12b06fd72f94,overdue_amount,56800.65
loan,84a6160f-0d63-4914-b15a-12b06fd72f94,emi_amount,19631.06
loan,84a6160f-0d63-4914-b15a-12b06fd72f94,outstanding_interest,14750.37
loan,84a6160f-0d63-4914-b15a-12b06fd72f94,penal_charges,6838.19
loan,84a6160f-0d63-4914-b15a-12b06fd72f94,last_payment_amount,19576.45
loan,3f8f1692-5103-40f9-a88d-f5d27d483565,sanctioned_amount,72000.0
loan,3f8f1692-5103-40f9-a88d-f5d27d483565,disbursed_amount,68374.12
loan,3f8f1692-5103-40f9-a88d-f5d27d483565,outstanding_principal,44581.08
loan,3f8f1692-5103-40f9-a88d-f5d27d483565,total_outstanding,54827.35
loan,3f8f1692-5103-40f9-a88d-f5d27d483565,overdue_amount,3847.3
loan,3f8f1692-5103-40f9-a88d-f5d27d483565,emi_amount,1831.5
loan,3f8f1692-5103-40f9-a88d-f5d27d483565,outstanding_interest,2722.87
loan,3f8f1692-5103-40f9-a88d-f5d27d483565,penal_charges,6887.79
loan,3f8f1692-5103-40f9-a88d-f5d27d483565,last_payment_amount,947.5
loan,0bf23828-deb6-466a-afa7-1e25cc821c4e,sanctioned_amount,3124000.0
loan,0bf23828-deb6-466a-afa7-1e25cc821c4e,disbursed_amount,3031478.04
loan,0bf23828-deb6-466a-afa7-1e25cc821c4e,outstanding_principal,1468332.64
loan,0bf23828-deb6-466a-afa7-1e25cc821c4e,total_outstanding,1520176.89
loan,0bf23828-deb6-466a-afa7-1e25cc821c4e,overdue_amount,1515177.7
loan,0bf23828-deb6-466a-afa7-1e25cc821c4e,emi_amount,281365.49
loan,0bf23828-deb6-466a-afa7-1e25cc821c4e,outstanding_interest,46845.06
loan,0bf23828-deb6-466a-afa7-1e25cc821c4e,penal_charges,2483.74
loan,0bf23828-deb6-466a-afa7-1e25cc821c4e,last_payment_amount,115167.97
loan,aca513ed-0d62-4e6f-9343-34c14805cb61,sanctioned_amount,923000.0
loan,aca513ed-0d62-4e6f-9343-34c14805cb61,disbursed_amount,861628.8
loan,aca513ed-0d62-4e6f-9343-34c14805cb61,outstanding_principal,401171.13
loan,aca513ed-0d62-4e6f-9343-34c14805cb61,total_outstanding,433287.22
loan,aca513ed-0d62-4e6f-9343-34c14805cb61,overdue_amount,61122.02
loan,aca513ed-0d62-4e6f-9343-34c14805cb61,emi_amount,27819.03
loan,aca513ed-0d62-4e6f-9343-34c14805cb61,outstanding_interest,23872.54
loan,aca513ed-0d62-4e6f-9343-34c14805cb61,penal_charges,6509.99
loan,aca513ed-0d62-4e6f-9343-34c14805cb61,last_payment_amount,17856.24
loan,8385bbf7-7867-4c0b-a7eb-0dd574ae4a04,sanctioned_amount,4304000.0
loan,8385bbf7-7867-4c0b-a7eb-0dd574ae4a04,disbursed_amount,3924547.62
loan,8385bbf7-7867-4c0b-a7eb-0dd574ae4a04,outstanding_principal,3532089.79
loan,8385bbf7-7867-4c0b-a7eb-0dd574ae4a04,total_outstanding,3730719.96
loan,8385bbf7-7867-4c0b-a7eb-0dd574ae4a04,overdue_amount,518169.28
loan,8385bbf7-7867-4c0b-a7eb-0dd574ae4a04,emi_amount,115441.7
loan,8385bbf7-7867-4c0b-a7eb-0dd574ae4a04,outstanding_interest,195432.38
loan,8385bbf7-7867-4c0b-a7eb-0dd574ae4a04,penal_charges,2918.03
loan,8385bbf7-7867-4c0b-a7eb-0dd574ae4a04,last_payment_amount,85781.99
loan,56480281-ae6b-491f-939e-07d0cf81d7c4,sanctioned_amount,296000.0
loan,56480281-ae6b-491f-939e-07d0cf81d7c4,disbursed_amount,273495.77
loan,56480281-ae6b-491f-939e-07d0cf81d7c4,outstanding_principal,214909.58
loan,56480281-ae6b-491f-939e-07d0cf81d7c4,total_outstanding,231969.35
loan,56480281-ae6b-491f-939e-07d0cf81d7c4,overdue_amount,20281.88
loan,56480281-ae6b-491f-939e-07d0cf81d7c4,emi_amount,10525.85
loan,56480281-ae6b-491f-939e-07d0cf81d7c4,outstanding_interest,14450.92
loan,56480281-ae6b-491f-939e-07d0cf81d7c4,penal_charges,2453.6
loan,56480281-ae6b-491f-939e-07d0cf81d7c4,last_payment_amount,8242.08
loan,46915ca1-4634-4218-9992-51678a862490,sanctioned_amount,78000.0
loan,46915ca1-4634-4218-9992-51678a862490,disbursed_amount,72403.21
loan,46915ca1-4634-4218-9992-51678a862490,outstanding_principal,64991.4
loan,46915ca1-4634-4218-9992-51678a862490,total_outstanding,74691.58
loan,46915ca1-4634-4218-9992-51678a862490,overdue_amount,11961.62
loan,46915ca1-4634-4218-9992-51678a862490,emi_amount,6794.82
loan,46915ca1-4634-4218-9992-51678a862490,outstanding_interest,1993.13
loan,46915ca1-4634-4218-9992-51678a862490,penal_charges,6465.81
loan,46915ca1-4634-4218-9992-51678a862490,last_payment_amount,5520.12
loan,bc6afa88-1c4f-4e75-9063-b90a9c249f02,sanctioned_amount,841000.0
loan,bc6afa88-1c4f-4e75-9063-b90a9c249f02,disbursed_amount,757752.8
loan,bc6afa88-1c4f-4e75-9063-b90a9c249f02,outstanding_principal,318501.9
loan,bc6afa88-1c4f-4e75-9063-b90a9c249f02,total_outstanding,335134.6
loan,bc6afa88-1c4f-4e75-9063-b90a9c249f02,overdue_amount,48794.46
loan,bc6afa88-1c4f-4e75-9063-b90a9c249f02,emi_amount,17048.45
loan,bc6afa88-1c4f-4e75-9063-b90a9c249f02,outstanding_interest,6870.85
loan,bc6afa88-1c4f-4e75-9063-b90a9c249f02,penal_charges,7961.87
loan,bc6afa88-1c4f-4e75-9063-b90a9c249f02,last_payment_amount,16297.46
loan,927bbc4b-7484-4f97-8db7-47347f33f48f,sanctioned_amount,184000.0
loan,927bbc4b-7484-4f97-8db7-47347f33f48f,disbursed_amount,181550.49
loan,927bbc4b-7484-4f97-8db7-47347f33f48f,outstanding_principal,87481.31
loan,927bbc4b-7484-4f97-8db7-47347f33f48f,total_outstanding,94240.45
loan,927bbc4b-7484-4f97-8db7-47347f33f48f,overdue_amount,19272.5
loan,927bbc4b-7484-4f97-8db7-47347f33f48f,emi_amount,8512.93
loan,927bbc4b-7484-4f97-8db7-47347f33f48f,outstanding_interest,2807.49
loan,927bbc4b-7484-4f97-8db7-47347f33f48f,penal_charges,2506.93
loan,927bbc4b-7484-4f97-8db7-47347f33f48f,last_payment_amount,5790.72
loan,a0ddd3cb-da88-4e40-b972-8b986f6bae60,sanctioned_amount,1436000.0
loan,a0ddd3cb-da88-4e40-b972-8b986f6bae60,disbursed_amount,1317236.99
loan,a0ddd3cb-da88-4e40-b972-8b986f6bae60,outstanding_principal,542354.89
loan,a0ddd3cb-da88-4e40-b972-8b986f6bae60,total_outstanding,576013.54
loan,a0ddd3cb-da88-4e40-b972-8b986f6bae60,overdue_amount,59419.69
loan,a0ddd3cb-da88-4e40-b972-8b986f6bae60,emi_amount,28949.24
loan,a0ddd3cb-da88-4e40-b972-8b986f6bae60,outstanding_interest,31298.75
loan,a0ddd3cb-da88-4e40-b972-8b986f6bae60,penal_charges,1742.4
loan,a0ddd3cb-da88-4e40-b972-8b986f6bae60,last_payment_amount,18939.82
loan,6c0cd4ca-4bdf-49a7-8d62-0961a9283415,sanctioned_amount,1047000.0
loan,6c0cd4ca-4bdf-49a7-8d62-0961a9283415,disbursed_amount,963210.77
loan,6c0cd4ca-4bdf-49a7-8d62-0961a9283415,outstanding_principal,433781.42
loan,6c0cd4ca-4bdf-49a7-8d62-0961a9283415,total_outstanding,445338.96
loan,6c0cd4ca-4bdf-49a7-8d62-0961a9283415,overdue_amount,93090.44
loan,6c0cd4ca-4bdf-49a7-8d62-0961a9283415,emi_amount,18554.87
loan,6c0cd4ca-4bdf-49a7-8d62-0961a9283415,outstanding_interest,5775.6
loan,6c0cd4ca-4bdf-49a7-8d62-0961a9283415,penal_charges,4901.52
loan,6c0cd4ca-4bdf-49a7-8d62-0961a9283415,last_payment_amount,9424.81
loan,3b838c11-f643-4d97-a6cc-b5d098af998b,sanctioned_amount,1754000.0
loan,3b838c11-f643-4d97-a6cc-b5d098af998b,disbursed_amount,1643789.22
loan,3b838c11-f643-4d97-a6cc-b5d098af998b,outstanding_principal,1254170.81
loan,3b838c11-f643-4d97-a6cc-b5d098af998b,total_outstanding,1301163.74
loan,3b838c11-f643-4d97-a6cc-b5d098af998b,overdue_amount,99862.16
loan,3b838c11-f643-4d97-a6cc-b5d098af998b,emi_amount,54621.32
loan,3b838c11-f643-4d97-a6cc-b5d098af998b,outstanding_interest,41272.23
loan,3b838c11-f643-4d97-a6cc-b5d098af998b,penal_charges,4756.02
loan,3b838c11-f643-4d97-a6cc-b5d098af998b,last_payment_amount,31143.36
loan,025c135a-9ab8-4b53-93b8-e33f77280be7,sanctioned_amount,3628000.0
loan,025c135a-9ab8-4b53-93b8-e33f77280be7,disbursed_amount,3292346.22
loan,025c135a-9ab8-4b53-93b8-e33f77280be7,outstanding_principal,1780072.75
loan,025c135a-9ab8-4b53-93b8-e33f77280be7,total_outstanding,1854740.18
loan,025c135a-9ab8-4b53-93b8-e33f77280be7,overdue_amount,380454.99
loan,025c135a-9ab8-4b53-93b8-e33f77280be7,emi_amount,104619.82
loan,025c135a-9ab8-4b53-93b8-e33f77280be7,outstanding_interest,66651.04
loan,025c135a-9ab8-4b53-93b8-e33f77280be7,penal_charges,6520.44
loan,025c135a-9ab8-4b53-93b8-e33f77280be7,last_payment_amount,78956.86
loan,e734e4de-22e4-4c70-9f8c-85ab9c36bddb,sanctioned_amount,121000.0
loan,e734e4de-22e4-4c70-9f8c-85ab9c36bddb,disbursed_amount,119930.88
loan,e734e4de-22e4-4c70-9f8c-85ab9c36bddb,outstanding_principal,106438.38
loan,e734e4de-22e4-4c70-9f8c-85ab9c36bddb,total_outstanding,116861.67
loan,e734e4de-22e4-4c70-9f8c-85ab9c36bddb,overdue_amount,12827.87
loan,e734e4de-22e4-4c70-9f8c-85ab9c36bddb,emi_amount,1860.76
loan,e734e4de-22e4-4c70-9f8c-85ab9c36bddb,outstanding_interest,4879.11
loan,e734e4de-22e4-4c70-9f8c-85ab9c36bddb,penal_charges,5335.82
loan,e734e4de-22e4-4c70-9f8c-85ab9c36bddb,last_payment_amount,833.36
loan,75f41ef3-59c5-49c1-b18f-3e06d69a1826,sanctioned_amount,356000.0
loan,75f41ef3-59c5-49c1-b18f-3e06d69a1826,disbursed_amount,337962.78
loan,75f41ef3-59c5-49c1-b18f-3e06d69a1826,outstanding_principal,139121.08
loan,75f41ef3-59c5-49c1-b18f-3e06d69a1826,total_outstanding,147350.81
loan,75f41ef3-59c5-49c1-b18f-3e06d69a1826,overdue_amount,142829.68
loan,75f41ef3-59c5-49c1-b18f-3e06d69a1826,emi_amount,31141.52
loan,75f41ef3-59c5-49c1-b18f-3e06d69a1826,outstanding_interest,3708.6
loan,75f41ef3-59c5-49c1-b18f-3e06d69a1826,penal_charges,1540.51
loan,75f41ef3-59c5-49c1-b18f-3e06d69a1826,last_payment_amount,29910.38
loan,e0d2733f-41f4-4110-8cad-a0c67e85ad21,sanctioned_amount,1242000.0
loan,e0d2733f-41f4-4110-8cad-a0c67e85ad21,disbursed_amount,1127120.24
loan,e0d2733f-41f4-4110-8cad-a0c67e85ad21,outstanding_principal,577026.09
loan,e0d2733f-41f4-4110-8cad-a0c67e85ad21,total_outstanding,591982.12
loan,e0d2733f-41f4-4110-8cad-a0c67e85ad21,overdue_amount,94781.36
loan,e0d2733f-41f4-4110-8cad-a0c67e85ad21,emi_amount,26584.28
loan,e0d2733f-41f4-4110-8cad-a0c67e85ad21,outstanding_interest,10621.96
loan,e0d2733f-41f4-4110-8cad-a0c67e85ad21,penal_charges,3955.2
loan,e0d2733f-41f4-4110-8cad-a0c67e85ad21,last_payment_amount,21292.44
loan,354e808b-fe28-4329-a7a4-8868befad978,sanctioned_amount,1094000.0
loan,354e808b-fe28-4329-a7a4-8868befad978,disbursed_amount,1069127.25
loan,354e808b-fe28-4329-a7a4-8868befad978,outstanding_principal,830528.87
loan,354e808b-fe28-4329-a7a4-8868befad978,total_outstanding,859187.94
loan,354e808b-fe28-4329-a7a4-8868befad978,overdue_amount,214379.78
loan,354e808b-fe28-4329-a7a4-8868befad978,emi_amount,97386.69
loan,354e808b-fe28-4329-a7a4-8868befad978,outstanding_interest,24399.85
loan,354e808b-fe28-4329-a7a4-8868befad978,penal_charges,2317.82
loan,354e808b-fe28-4329-a7a4-8868befad978,last_payment_amount,95736.87
loan,e33f239a-211b-4699-bb67-e41926da356b,sanctioned_amount,53000.0
loan,e33f239a-211b-4699-bb67-e41926da356b,disbursed_amount,50284.52
loan,e33f239a-211b-4699-bb67-e41926da356b,outstanding_principal,33105.14
loan,e33f239a-211b-4699-bb67-e41926da356b,total_outstanding,41689.52
loan,e33f239a-211b-4699-bb67-e41926da356b,overdue_amount,2733.83
loan,e33f239a-211b-4699-bb67-e41926da356b,emi_amount,804.08
loan,e33f239a-211b-4699-bb67-e41926da356b,outstanding_interest,804.67
loan,e33f239a-211b-4699-bb67-e41926da356b,penal_charges,5813.84
loan,e33f239a-211b-4699-bb67-e41926da356b,last_payment_amount,427.18
loan,7bb08619-5667-484e-8fa6-3a6f0ba9294a,sanctioned_amount,1341000.0
loan,7bb08619-5667-484e-8fa6-3a6f0ba9294a,disbursed_amount,1232104.56
loan,7bb08619-5667-484e-8fa6-3a6f0ba9294a,outstanding_principal,910561.96
loan,7bb08619-5667-484e-8fa6-3a6f0ba9294a,total_outstanding,932518.99
loan,7bb08619-5667-484e-8fa6-3a6f0ba9294a,overdue_amount,263047.48
loan,7bb08619-5667-484e-8fa6-3a6f0ba9294a,emi_amount,59092.73
loan,7bb08619-5667-484e-8fa6-3a6f0ba9294a,outstanding_interest,15147.65
loan,7bb08619-5667-484e-8fa6-3a6f0ba9294a,penal_charges,6087.69
loan,7bb08619-5667-484e-8fa6-3a6f0ba9294a,last_payment_amount,36115.95
loan,ed276693-f4ba-4231-9c4a-36b2a4ac2018,sanctioned_amount,554000.0
loan,ed276693-f4ba-4231-9c4a-36b2a4ac2018,disbursed_amount,526739.15
loan,ed276693-f4ba-4231-9c4a-36b2a4ac2018,outstanding_principal,389351.38
loan,ed276693-f4ba-4231-9c4a-36b2a4ac2018,total_outstanding,404878.95
loan,ed276693-f4ba-4231-9c4a-36b2a4ac2018,overdue_amount,50346.08
loan,ed276693-f4ba-4231-9c4a-36b2a4ac2018,emi_amount,17181.03
loan,ed276693-f4ba-4231-9c4a-36b2a4ac2018,outstanding_interest,11614.45
loan,ed276693-f4ba-4231-9c4a-36b2a4ac2018,penal_charges,2705.04
loan,ed276693-f4ba-4231-9c4a-36b2a4ac2018,last_payment_amount,12218.65
loan,e831f4f7-231d-4bf4-8091-545ff2ecedbe,sanctioned_amount,212000.0
loan,e831f4f7-231d-4bf4-8091-545ff2ecedbe,disbursed_amount,209775.24
loan,e831f4f7-231d-4bf4-8091-545ff2ecedbe,outstanding_principal,108092.08
loan,e831f4f7-231d-4bf4-8091-545ff2ecedbe,total_outstanding,119016.32
loan,e831f4f7-231d-4bf4-8091-545ff2ecedbe,overdue_amount,22210.8
loan,e831f4f7-231d-4bf4-8091-545ff2ecedbe,emi_amount,10478.24
loan,e831f4f7-231d-4bf4-8091-545ff2ecedbe,outstanding_interest,6211.38
loan,e831f4f7-231d-4bf4-8091-545ff2ecedbe,penal_charges,3534.2
loan,e831f4f7-231d-4bf4-8091-545ff2ecedbe,last_payment_amount,5484.55
loan,88378772-3224-42f8-b28b-fca7bc87384a,sanctioned_amount,3587000.0
loan,88378772-3224-42f8-b28b-fca7bc87384a,disbursed_amount,3229414.43
loan,88378772-3224-42f8-b28b-fca7bc87384a,outstanding_principal,1721906.06
loan,88378772-3224-42f8-b28b-fca7bc87384a,total_outstanding,1795396.73
loan,88378772-3224-42f8-b28b-fca7bc87384a,overdue_amount,160449.58
loan,88378772-3224-42f8-b28b-fca7bc87384a,emi_amount,58033.87
loan,88378772-3224-42f8-b28b-fca7bc87384a,outstanding_interest,70418.97
loan,88378772-3224-42f8-b28b-fca7bc87384a,penal_charges,2863.34
loan,88378772-3224-42f8-b28b-fca7bc87384a,last_payment_amount,56719.16
loan,3ad5b910-d826-4390-94a5-300d28e8a30c,sanctioned_amount,157000.0
loan,3ad5b910-d826-4390-94a5-300d28e8a30c,disbursed_amount,143980.38
loan,3ad5b910-d826-4390-94a5-300d28e8a30c,outstanding_principal,100771.2
loan,3ad5b910-d826-4390-94a5-300d28e8a30c,total_outstanding,108955.31
loan,3ad5b910-d826-4390-94a5-300d28e8a30c,overdue_amount,37104.9
loan,3ad5b910-d826-4390-94a5-300d28e8a30c,emi_amount,13381.94
loan,3ad5b910-d826-4390-94a5-300d28e8a30c,outstanding_interest,4406.94
loan,3ad5b910-d826-4390-94a5-300d28e8a30c,penal_charges,1320.39
loan,3ad5b910-d826-4390-94a5-300d28e8a30c,last_payment_amount,9570.25
loan,be8f1f00-972e-45a0-b10e-8e10453acb3c,sanctioned_amount,420000.0
loan,be8f1f00-972e-45a0-b10e-8e10453acb3c,disbursed_amount,397009.89
loan,be8f1f00-972e-45a0-b10e-8e10453acb3c,outstanding_principal,199347.44
loan,be8f1f00-972e-45a0-b10e-8e10453acb3c,total_outstanding,211351.87
loan,be8f1f00-972e-45a0-b10e-8e10453acb3c,overdue_amount,23244.77
loan,be8f1f00-972e-45a0-b10e-8e10453acb3c,emi_amount,10581.92
loan,be8f1f00-972e-45a0-b10e-8e10453acb3c,outstanding_interest,8244.7
loan,be8f1f00-972e-45a0-b10e-8e10453acb3c,penal_charges,2758.51
loan,be8f1f00-972e-45a0-b10e-8e10453acb3c,last_payment_amount,5946.64
loan,0d8abaa4-af71-4fe7-8069-2cf58d4bea6e,sanctioned_amount,87000.0
loan,0d8abaa4-af71-4fe7-8069-2cf58d4bea6e,disbursed_amount,81407.59
loan,0d8abaa4-af71-4fe7-8069-2cf58d4bea6e,outstanding_principal,46048.36
loan,0d8abaa4-af71-4fe7-8069-2cf58d4bea6e,total_outstanding,56975.51
loan,0d8abaa4-af71-4fe7-8069-2cf58d4bea6e,overdue_amount,6346.35
loan,0d8abaa4-af71-4fe7-8069-2cf58d4bea6e,emi_amount,1747.05
loan,0d8abaa4-af71-4fe7-8069-2cf58d4bea6e,outstanding_interest,1349.84
loan,0d8abaa4-af71-4fe7-8069-2cf58d4bea6e,penal_charges,7661.11
loan,0d8abaa4-af71-4fe7-8069-2cf58d4bea6e,last_payment_amount,976.93
loan,1dd6eb3f-47fe-415e-91a1-2692de0fe49a,sanctioned_amount,769000.0
loan,1dd6eb3f-47fe-415e-91a1-2692de0fe49a,disbursed_amount,715886.96
loan,1dd6eb3f-47fe-415e-91a1-2692de0fe49a,outstanding_principal,303376.26
loan,1dd6eb3f-47fe-415e-91a1-2692de0fe49a,total_outstanding,320317.4
loan,1dd6eb3f-47fe-415e-91a1-2692de0fe49a,overdue_amount,62888.88
loan,1dd6eb3f-47fe-415e-91a1-2692de0fe49a,emi_amount,15413.96
loan,1dd6eb3f-47fe-415e-91a1-2692de0fe49a,outstanding_interest,9456.21
loan,1dd6eb3f-47fe-415e-91a1-2692de0fe49a,penal_charges,6443.94
loan,1dd6eb3f-47fe-415e-91a1-2692de0fe49a,last_payment_amount,12463.02
loan,e6694f16-b384-48ef-a50d-24b38a7aeb74,sanctioned_amount,1097000.0
loan,e6694f16-b384-48ef-a50d-24b38a7aeb74,disbursed_amount,994388.43
loan,e6694f16-b384-48ef-a50d-24b38a7aeb74,outstanding_principal,840539.0
loan,e6694f16-b384-48ef-a50d-24b38a7aeb74,total_outstanding,855590.02
loan,e6694f16-b384-48ef-a50d-24b38a7aeb74,overdue_amount,54282.11
loan,e6694f16-b384-48ef-a50d-24b38a7aeb74,emi_amount,27236.11
loan,e6694f16-b384-48ef-a50d-24b38a7aeb74,outstanding_interest,13456.07
loan,e6694f16-b384-48ef-a50d-24b38a7aeb74,penal_charges,538.18
loan,e6694f16-b384-48ef-a50d-24b38a7aeb74,last_payment_amount,13145.0
loan,1aaa7ce7-72f5-4258-94ef-fd4b777d524e,sanctioned_amount,4855000.0
loan,1aaa7ce7-72f5-4258-94ef-fd4b777d524e,disbursed_amount,4444770.47
loan,1aaa7ce7-72f5-4258-94ef-fd4b777d524e,outstanding_principal,2080314.58
loan,1aaa7ce7-72f5-4258-94ef-fd4b777d524e,total_outstanding,2139350.95
loan,1aaa7ce7-72f5-4258-94ef-fd4b777d524e,overdue_amount,255176.41
loan,1aaa7ce7-72f5-4258-94ef-fd4b777d524e,emi_amount,145945.96
loan,1aaa7ce7-72f5-4258-94ef-fd4b777d524e,outstanding_interest,55475.41
loan,1aaa7ce7-72f5-4258-94ef-fd4b777d524e,penal_charges,2141.43
loan,1aaa7ce7-72f5-4258-94ef-fd4b777d524e,last_payment_amount,93327.79
loan,a4c1c26e-0726-403e-b501-2ab6e86d5e90,sanctioned_amount,273000.0
loan,a4c1c26e-0726-403e-b501-2ab6e86d5e90,disbursed_amount,261094.68
loan,a4c1c26e-0726-403e-b501-2ab6e86d5e90,outstanding_principal,198430.05
loan,a4c1c26e-0726-403e-b501-2ab6e86d5e90,total_outstanding,209171.5
loan,a4c1c26e-0726-403e-b501-2ab6e86d5e90,overdue_amount,42920.87
loan,a4c1c26e-0726-403e-b501-2ab6e86d5e90,emi_amount,9637.48
loan,a4c1c26e-0726-403e-b501-2ab6e86d5e90,outstanding_interest,5181.13
loan,a4c1c26e-0726-403e-b501-2ab6e86d5e90,penal_charges,4657.13
loan,a4c1c26e-0726-403e-b501-2ab6e86d5e90,last_payment_amount,4410.36
loan,4417763a-199d-4c21-9293-2ae50d2dd6e7,sanctioned_amount,905000.0
loan,4417763a-199d-4c21-9293-2ae50d2dd6e7,disbursed_amount,856888.29
loan,4417763a-199d-4c21-9293-2ae50d2dd6e7,outstanding_principal,314138.47
loan,4417763a-199d-4c21-9293-2ae50d2dd6e7,total_outstanding,331659.57
loan,4417763a-199d-4c21-9293-2ae50d2dd6e7,overdue_amount,220889.04
loan,4417763a-199d-4c21-9293-2ae50d2dd6e7,emi_amount,24278.91
loan,4417763a-199d-4c21-9293-2ae50d2dd6e7,outstanding_interest,11596.64
loan,4417763a-199d-4c21-9293-2ae50d2dd6e7,penal_charges,3656.89
loan,4417763a-199d-4c21-9293-2ae50d2dd6e7,last_payment_amount,10491.44
loan,501d8076-54a0-4226-8397-d3fce7e5a8de,sanctioned_amount,3120000.0
loan,501d8076-54a0-4226-8397-d3fce7e5a8de,disbursed_amount,2951588.87
loan,501d8076-54a0-4226-8397-d3fce7e5a8de,outstanding_principal,1222634.74
loan,501d8076-54a0-4226-8397-d3fce7e5a8de,total_outstanding,1261085.22
loan,501d8076-54a0-4226-8397-d3fce7e5a8de,overdue_amount,571400.78
loan,501d8076-54a0-4226-8397-d3fce7e5a8de,emi_amount,260537.18
loan,501d8076-54a0-4226-8397-d3fce7e5a8de,outstanding_interest,31637.87
loan,501d8076-54a0-4226-8397-d3fce7e5a8de,penal_charges,4740.83
loan,501d8076-54a0-4226-8397-d3fce7e5a8de,last_payment_amount,213886.33
loan,393114b1-59e1-4de7-b49e-8d8a9004bc20,sanctioned_amount,1977000.0
loan,393114b1-59e1-4de7-b49e-8d8a9004bc20,disbursed_amount,1905762.39
loan,393114b1-59e1-4de7-b49e-8d8a9004bc20,outstanding_principal,1588205.41
loan,393114b1-59e1-4de7-b49e-8d8a9004bc20,total_outstanding,1637665.47
loan,393114b1-59e1-4de7-b49e-8d8a9004bc20,overdue_amount,61552.42
loan,393114b1-59e1-4de7-b49e-8d8a9004bc20,emi_amount,33812.21
loan,393114b1-59e1-4de7-b49e-8d8a9004bc20,outstanding_interest,47997.42
loan,393114b1-59e1-4de7-b49e-8d8a9004bc20,penal_charges,1003.57
loan,393114b1-59e1-4de7-b49e-8d8a9004bc20,last_payment_amount,18540.03
loan,e8a20b35-75a1-4148-b1b0-91f3b30171e4,sanctioned_amount,56000.0
loan,e8a20b35-75a1-4148-b1b0-91f3b30171e4,disbursed_amount,52079.57
loan,e8a20b35-75a1-4148-b1b0-91f3b30171e4,outstanding_principal,26360.75
loan,e8a20b35-75a1-4148-b1b0-91f3b30171e4,total_outstanding,33251.7
loan,e8a20b35-75a1-4148-b1b0-91f3b30171e4,overdue_amount,12611.57
loan,e8a20b35-75a1-4148-b1b0-91f3b30171e4,emi_amount,2569.23
loan,e8a20b35-75a1-4148-b1b0-91f3b30171e4,outstanding_interest,1085.17
loan,e8a20b35-75a1-4148-b1b0-91f3b30171e4,penal_charges,5436.19
loan,e8a20b35-75a1-4148-b1b0-91f3b30171e4,last_payment_amount,1816.21
loan,d9d0f84b-c00d-4171-8a22-f34a0c69a644,sanctioned_amount,3836000.0
loan,d9d0f84b-c00d-4171-8a22-f34a0c69a644,disbursed_amount,3641501.04
loan,d9d0f84b-c00d-4171-8a22-f34a0c69a644,outstanding_principal,2288239.94
loan,d9d0f84b-c00d-4171-8a22-f34a0c69a644,total_outstanding,2423885.25
loan,d9d0f84b-c00d-4171-8a22-f34a0c69a644,overdue_amount,293962.99
loan,d9d0f84b-c00d-4171-8a22-f34a0c69a644,emi_amount,109550.75
loan,d9d0f84b-c00d-4171-8a22-f34a0c69a644,outstanding_interest,132659.26
loan,d9d0f84b-c00d-4171-8a22-f34a0c69a644,penal_charges,2625.67
loan,d9d0f84b-c00d-4171-8a22-f34a0c69a644,last_payment_amount,86223.6
loan,04d74b8f-de7f-49de-919b-d9f94347cf9c,sanctioned_amount,1388000.0
loan,04d74b8f-de7f-49de-919b-d9f94347cf9c,disbursed_amount,1371680.48
loan,04d74b8f-de7f-49de-919b-d9f94347cf9c,outstanding_principal,892117.7
loan,04d74b8f-de7f-49de-919b-d9f94347cf9c,total_outstanding,946726.64
loan,04d74b8f-de7f-49de-919b-d9f94347cf9c,overdue_amount,937882.34
loan,04d74b8f-de7f-49de-919b-d9f94347cf9c,emi_amount,124724.52
loan,04d74b8f-de7f-49de-919b-d9f94347cf9c,outstanding_interest,45764.64
loan,04d74b8f-de7f-49de-919b-d9f94347cf9c,penal_charges,7269.13
loan,04d74b8f-de7f-49de-919b-d9f94347cf9c,last_payment_amount,103410.27
loan,9246f6f0-0999-410f-ae00-c64f0f8af8a4,sanctioned_amount,1215000.0
loan,9246f6f0-0999-410f-ae00-c64f0f8af8a4,disbursed_amount,1101787.53
loan,9246f6f0-0999-410f-ae00-c64f0f8af8a4,outstanding_principal,786131.0
loan,9246f6f0-0999-410f-ae00-c64f0f8af8a4,total_outstanding,814416.4
loan,9246f6f0-0999-410f-ae00-c64f0f8af8a4,overdue_amount,110177.84
loan,9246f6f0-0999-410f-ae00-c64f0f8af8a4,emi_amount,34563.97
loan,9246f6f0-0999-410f-ae00-c64f0f8af8a4,outstanding_interest,22006.33
loan,9246f6f0-0999-410f-ae00-c64f0f8af8a4,penal_charges,4302.35
loan,9246f6f0-0999-410f-ae00-c64f0f8af8a4,last_payment_amount,25947.03
loan,404d858f-ea71-4712-bd9c-5b78c5156c26,sanctioned_amount,67000.0
loan,404d858f-ea71-4712-bd9c-5b78c5156c26,disbursed_amount,60946.82
loan,404d858f-ea71-4712-bd9c-5b78c5156c26,outstanding_principal,29798.16
loan,404d858f-ea71-4712-bd9c-5b78c5156c26,total_outstanding,37568.58
loan,404d858f-ea71-4712-bd9c-5b78c5156c26,overdue_amount,3575.47
loan,404d858f-ea71-4712-bd9c-5b78c5156c26,emi_amount,1059.23
loan,404d858f-ea71-4712-bd9c-5b78c5156c26,outstanding_interest,987.08
loan,404d858f-ea71-4712-bd9c-5b78c5156c26,penal_charges,6467.04
loan,404d858f-ea71-4712-bd9c-5b78c5156c26,last_payment_amount,1009.9
loan,dc7bc4db-22b4-439a-ad7c-5907b4751388,sanctioned_amount,1316000.0
loan,dc7bc4db-22b4-439a-ad7c-5907b4751388,disbursed_amount,1264219.78
loan,dc7bc4db-22b4-439a-ad7c-5907b4751388,outstanding_principal,783444.3
loan,dc7bc4db-22b4-439a-ad7c-5907b4751388,total_outstanding,808483.62
loan,dc7bc4db-22b4-439a-ad7c-5907b4751388,overdue_amount,136278.0
loan,dc7bc4db-22b4-439a-ad7c-5907b4751388,emi_amount,65441.58
loan,dc7bc4db-22b4-439a-ad7c-5907b4751388,outstanding_interest,19778.66
loan,dc7bc4db-22b4-439a-ad7c-5907b4751388,penal_charges,4673.51
loan,dc7bc4db-22b4-439a-ad7c-5907b4751388,last_payment_amount,34076.45
loan,b0b10730-3fca-4fe5-b2a6-773b3c376780,sanctioned_amount,2173000.0
loan,b0b10730-3fca-4fe5-b2a6-773b3c376780,disbursed_amount,1960968.02
loan,b0b10730-3fca-4fe5-b2a6-773b3c376780,outstanding_principal,1737367.87
loan,b0b10730-3fca-4fe5-b2a6-773b3c376780,total_outstanding,1814290.39
loan,b0b10730-3fca-4fe5-b2a6-773b3c376780,overdue_amount,359587.01
loan,b0b10730-3fca-4fe5-b2a6-773b3c376780,emi_amount,184895.09
loan,b0b10730-3fca-4fe5-b2a6-773b3c376780,outstanding_interest,72107.26
loan,b0b10730-3fca-4fe5-b2a6-773b3c376780,penal_charges,4599.36
loan,b0b10730-3fca-4fe5-b2a6-773b3c376780,last_payment_amount,95051.26
loan,8ece2da9-d4d5-4630-beb6-63a31d958d94,sanctioned_amount,175000.0
loan,8ece2da9-d4d5-4630-beb6-63a31d958d94,disbursed_amount,171527.93
loan,8ece2da9-d4d5-4630-beb6-63a31d958d94,outstanding_principal,118610.1
loan,8ece2da9-d4d5-4630-beb6-63a31d958d94,total_outstanding,123552.6
loan,8ece2da9-d4d5-4630-beb6-63a31d958d94,overdue_amount,10316.13
loan,8ece2da9-d4d5-4630-beb6-63a31d958d94,emi_amount,3421.01
loan,8ece2da9-d4d5-4630-beb6-63a31d958d94,outstanding_interest,2189.51
loan,8ece2da9-d4d5-4630-beb6-63a31d958d94,penal_charges,1256.85
loan,8ece2da9-d4d5-4630-beb6-63a31d958d94,last_payment_amount,1414.67
loan,2610d56d-260d-427d-aa6e-d555b2a233a0,sanctioned_amount,281000.0
loan,2610d56d-260d-427d-aa6e-d555b2a233a0,disbursed_amount,277415.64
loan,2610d56d-260d-427d-aa6e-d555b2a233a0,outstanding_principal,137276.09
loan,2610d56d-260d-427d-aa6e-d555b2a233a0,total_outstanding,145657.91
loan,2610d56d-260d-427d-aa6e-d555b2a233a0,overdue_amount,19100.95
loan,2610d56d-260d-427d-aa6e-d555b2a233a0,emi_amount,9242.03
loan,2610d56d-260d-427d-aa6e-d555b2a233a0,outstanding_interest,3684.1
loan,2610d56d-260d-427d-aa6e-d555b2a233a0,penal_charges,2841.79
loan,2610d56d-260d-427d-aa6e-d555b2a233a0,last_payment_amount,8892.28
loan,40fc9807-c642-4c10-b19b-e87aeb4abe06,sanctioned_amount,58000.0
loan,40fc9807-c642-4c10-b19b-e87aeb4abe06,disbursed_amount,53007.87
loan,40fc9807-c642-4c10-b19b-e87aeb4abe06,outstanding_principal,39649.98
loan,40fc9807-c642-4c10-b19b-e87aeb4abe06,total_outstanding,45761.34
loan,40fc9807-c642-4c10-b19b-e87aeb4abe06,overdue_amount,2032.04
loan,40fc9807-c642-4c10-b19b-e87aeb4abe06,emi_amount,1103.55
loan,40fc9807-c642-4c10-b19b-e87aeb4abe06,outstanding_interest,2220.53
loan,40fc9807-c642-4c10-b19b-e87aeb4abe06,penal_charges,1046.84
loan,40fc9807-c642-4c10-b19b-e87aeb4abe06,last_payment_amount,1091.01
loan,aa725892-d610-4d08-bd73-8bc32835cfc4,sanctioned_amount,1953000.0
loan,aa725892-d610-4d08-bd73-8bc32835cfc4,disbursed_amount,1765852.01
loan,aa725892-d610-4d08-bd73-8bc32835cfc4,outstanding_principal,1075243.78
loan,aa725892-d610-4d08-bd73-8bc32835cfc4,total_outstanding,1101372.51
loan,aa725892-d610-4d08-bd73-8bc32835cfc4,overdue_amount,83873.77
loan,aa725892-d610-4d08-bd73-8bc32835cfc4,emi_amount,37953.65
loan,aa725892-d610-4d08-bd73-8bc32835cfc4,outstanding_interest,18278.41
loan,aa725892-d610-4d08-bd73-8bc32835cfc4,penal_charges,7785.99
loan,aa725892-d610-4d08-bd73-8bc32835cfc4,last_payment_amount,30710.75
loan,5697759e-f68d-4430-8009-58474da82aa5,sanctioned_amount,4180000.0
loan,5697759e-f68d-4430-8009-58474da82aa5,disbursed_amount,3814349.23
loan,5697759e-f68d-4430-8009-58474da82aa5,outstanding_principal,1605061.12
loan,5697759e-f68d-4430-8009-58474da82aa5,total_outstanding,1687554.19
loan,5697759e-f68d-4430-8009-58474da82aa5,overdue_amount,225721.11
loan,5697759e-f68d-4430-8009-58474da82aa5,emi_amount,100672.59
loan,5697759e-f68d-4430-8009-58474da82aa5,outstanding_interest,78325.27
loan,5697759e-f68d-4430-8009-58474da82aa5,penal_charges,3138.42
loan,5697759e-f68d-4430-8009-58474da82aa5,last_payment_amount,45825.61
loan,ff45d848-3f4d-429d-ba59-83e90910c413,sanctioned_amount,4327000.0
loan,ff45d848-3f4d-429d-ba59-83e90910c413,disbursed_amount,4140094.63
loan,ff45d848-3f4d-429d-ba59-83e90910c413,outstanding_principal,3467632.04
loan,ff45d848-3f4d-429d-ba59-83e90910c413,total_outstanding,3552968.11
loan,ff45d848-3f4d-429d-ba59-83e90910c413,overdue_amount,2084516.42
loan,ff45d848-3f4d-429d-ba59-83e90910c413,emi_amount,391231.56
loan,ff45d848-3f4d-429d-ba59-83e90910c413,outstanding_interest,83350.46
loan,ff45d848-3f4d-429d-ba59-83e90910c413,penal_charges,1854.45
loan,ff45d848-3f4d-429d-ba59-83e90910c413,last_payment_amount,310852.92
loan,727b15e1-2192-4ade-9dab-efae16582eb9,sanctioned_amount,2221000.0
loan,727b15e1-2192-4ade-9dab-efae16582eb9,disbursed_amount,2162192.06
loan,727b15e1-2192-4ade-9dab-efae16582eb9,outstanding_principal,1149489.08
loan,727b15e1-2192-4ade-9dab-efae16582eb9,total_outstanding,1188109.87
loan,727b15e1-2192-4ade-9dab-efae16582eb9,overdue_amount,70836.43
loan,727b15e1-2192-4ade-9dab-efae16582eb9,emi_amount,34880.3
loan,727b15e1-2192-4ade-9dab-efae16582eb9,outstanding_interest,30870.89
loan,727b15e1-2192-4ade-9dab-efae16582eb9,penal_charges,7017.28
loan,727b15e1-2192-4ade-9dab-efae16582eb9,last_payment_amount,15082.19
loan,aa4f556c-d0ea-48f3-b413-d854441c98ed,sanctioned_amount,226000.0
loan,aa4f556c-d0ea-48f3-b413-d854441c98ed,disbursed_amount,224012.31
loan,aa4f556c-d0ea-48f3-b413-d854441c98ed,outstanding_principal,152726.98
loan,aa4f556c-d0ea-48f3-b413-d854441c98ed,total_outstanding,163007.67
loan,aa4f556c-d0ea-48f3-b413-d854441c98ed,overdue_amount,13149.09
loan,aa4f556c-d0ea-48f3-b413-d854441c98ed,emi_amount,6158.98
loan,aa4f556c-d0ea-48f3-b413-d854441c98ed,outstanding_interest,3763.54
loan,aa4f556c-d0ea-48f3-b413-d854441c98ed,penal_charges,6409.55
loan,aa4f556c-d0ea-48f3-b413-d854441c98ed,last_payment_amount,5985.46
loan,64a8a098-b2a5-4383-8334-5c3692f1b518,sanctioned_amount,624000.0
loan,64a8a098-b2a5-4383-8334-5c3692f1b518,disbursed_amount,613215.96
loan,64a8a098-b2a5-4383-8334-5c3692f1b518,outstanding_principal,396882.26
loan,64a8a098-b2a5-4383-8334-5c3692f1b518,total_outstanding,412222.16
loan,64a8a098-b2a5-4383-8334-5c3692f1b518,overdue_amount,116595.44
loan,64a8a098-b2a5-4383-8334-5c3692f1b518,emi_amount,20129.06
loan,64a8a098-b2a5-4383-8334-5c3692f1b518,outstanding_interest,13889.59
loan,64a8a098-b2a5-4383-8334-5c3692f1b518,penal_charges,833.12
loan,64a8a098-b2a5-4383-8334-5c3692f1b518,last_payment_amount,19370.89
loan,479e7432-cd6d-43bf-b4f8-ee96f5eb6720,sanctioned_amount,4336000.0
loan,479e7432-cd6d-43bf-b4f8-ee96f5eb6720,disbursed_amount,3996293.54
loan,479e7432-cd6d-43bf-b4f8-ee96f5eb6720,outstanding_principal,3474558.94
loan,479e7432-cd6d-43bf-b4f8-ee96f5eb6720,total_outstanding,3588214.79
loan,479e7432-cd6d-43bf-b4f8-ee96f5eb6720,overdue_amount,378840.5
loan,479e7432-cd6d-43bf-b4f8-ee96f5eb6720,emi_amount,67136.38
loan,479e7432-cd6d-43bf-b4f8-ee96f5eb6720,outstanding_interest,105090.65
loan,479e7432-cd6d-43bf-b4f8-ee96f5eb6720,penal_charges,6143.01
loan,479e7432-cd6d-43bf-b4f8-ee96f5eb6720,last_payment_amount,43927.4
loan,a50920b5-7324-4a69-a0b7-0744de6b46f5,sanctioned_amount,91000.0
loan,a50920b5-7324-4a69-a0b7-0744de6b46f5,disbursed_amount,83100.04
loan,a50920b5-7324-4a69-a0b7-0744de6b46f5,outstanding_principal,33349.88
loan,a50920b5-7324-4a69-a0b7-0744de6b46f5,total_outstanding,38067.48
loan,a50920b5-7324-4a69-a0b7-0744de6b46f5,overdue_amount,4488.83
loan,a50920b5-7324-4a69-a0b7-0744de6b46f5,emi_amount,1107.98
loan,a50920b5-7324-4a69-a0b7-0744de6b46f5,outstanding_interest,502.31
loan,a50920b5-7324-4a69-a0b7-0744de6b46f5,penal_charges,3031.49
loan,a50920b5-7324-4a69-a0b7-0744de6b46f5,last_payment_amount,647.21
loan,6c9b2a57-97db-4982-b0ed-ad240fa89d31,sanctioned_amount,259000.0
loan,6c9b2a57-97db-4982-b0ed-ad240fa89d31,disbursed_amount,244493.65
loan,6c9b2a57-97db-4982-b0ed-ad240fa89d31,outstanding_principal,117529.44
loan,6c9b2a57-97db-4982-b0ed-ad240fa89d31,total_outstanding,123795.3
loan,6c9b2a57-97db-4982-b0ed-ad240fa89d31,overdue_amount,29399.6
loan,6c9b2a57-97db-4982-b0ed-ad240fa89d31,emi_amount,8659.8
loan,6c9b2a57-97db-4982-b0ed-ad240fa89d31,outstanding_interest,1861.53
loan,6c9b2a57-97db-4982-b0ed-ad240fa89d31,penal_charges,2573.34
loan,6c9b2a57-97db-4982-b0ed-ad240fa89d31,last_payment_amount,4398.16
loan,8791109c-6b52-42b1-af05-3e2bdfb4c685,sanctioned_amount,115000.0
loan,8791109c-6b52-42b1-af05-3e2bdfb4c685,disbursed_amount,105189.37
loan,8791109c-6b52-42b1-af05-3e2bdfb4c685,outstanding_principal,39246.27
loan,8791109c-6b52-42b1-af05-3e2bdfb4c685,total_outstanding,46159.63
loan,8791109c-6b52-42b1-af05-3e2bdfb4c685,overdue_amount,21446.19
loan,8791109c-6b52-42b1-af05-3e2bdfb4c685,emi_amount,9676.39
loan,8791109c-6b52-42b1-af05-3e2bdfb4c685,outstanding_interest,1938.31
loan,8791109c-6b52-42b1-af05-3e2bdfb4c685,penal_charges,4849.18
loan,8791109c-6b52-42b1-af05-3e2bdfb4c685,last_payment_amount,9532.88
loan,01964828-8b49-403b-87be-d4e290c0abc8,sanctioned_amount,185000.0
loan,01964828-8b49-403b-87be-d4e290c0abc8,disbursed_amount,167933.36
loan,01964828-8b49-403b-87be-d4e290c0abc8,outstanding_principal,91603.19
loan,01964828-8b49-403b-87be-d4e290c0abc8,total_outstanding,99825.94
loan,01964828-8b49-403b-87be-d4e290c0abc8,overdue_amount,9000.14
loan,01964828-8b49-403b-87be-d4e290c0abc8,emi_amount,4102.88
loan,01964828-8b49-403b-87be-d4e290c0abc8,outstanding_interest,2677.32
loan,01964828-8b49-403b-87be-d4e290c0abc8,penal_charges,3619.77
loan,01964828-8b49-403b-87be-d4e290c0abc8,last_payment_amount,2445.01
loan,113591ee-b2f4-4ae5-a485-557b5d629756,sanctioned_amount,790000.0
loan,113591ee-b2f4-4ae5-a485-557b5d629756,disbursed_amount,785455.88
loan,113591ee-b2f4-4ae5-a485-557b5d629756,outstanding_principal,411990.13
loan,113591ee-b2f4-4ae5-a485-557b5d629756,total_outstanding,420930.6
loan,113591ee-b2f4-4ae5-a485-557b5d629756,overdue_amount,144996.63
loan,113591ee-b2f4-4ae5-a485-557b5d629756,emi_amount,70567.02
loan,113591ee-b2f4-4ae5-a485-557b5d629756,outstanding_interest,7009.29
loan,113591ee-b2f4-4ae5-a485-557b5d629756,penal_charges,1296.74
loan,113591ee-b2f4-4ae5-a485-557b5d629756,last_payment_amount,68024.06
loan,d776d92b-ed76-434e-a6fd-2791a838400e,sanctioned_amount,4169000.0
loan,d776d92b-ed76-434e-a6fd-2791a838400e,disbursed_amount,3784803.71
loan,d776d92b-ed76-434e-a6fd-2791a838400e,outstanding_principal,2756073.72
loan,d776d92b-ed76-434e-a6fd-2791a838400e,total_outstanding,2845081.21
loan,d776d92b-ed76-434e-a6fd-2791a838400e,overdue_amount,535830.43
loan,d776d92b-ed76-434e-a6fd-2791a838400e,emi_amount,176546.28
loan,d776d92b-ed76-434e-a6fd-2791a838400e,outstanding_interest,84962.73
loan,d776d92b-ed76-434e-a6fd-2791a838400e,penal_charges,1409.32
loan,d776d92b-ed76-434e-a6fd-2791a838400e,last_payment_amount,104191.19
loan,dd850cff-1fc3-4381-beab-607ff776f1ee,sanctioned_amount,694000.0
loan,dd850cff-1fc3-4381-beab-607ff776f1ee,disbursed_amount,640623.81
loan,dd850cff-1fc3-4381-beab-607ff776f1ee,outstanding_principal,505887.17
loan,dd850cff-1fc3-4381-beab-607ff776f1ee,total_outstanding,533696.83
loan,dd850cff-1fc3-4381-beab-607ff776f1ee,overdue_amount,221016.76
loan,dd850cff-1fc3-4381-beab-607ff776f1ee,emi_amount,57642.65
loan,dd850cff-1fc3-4381-beab-607ff776f1ee,outstanding_interest,23152.85
loan,dd850cff-1fc3-4381-beab-607ff776f1ee,penal_charges,3139.88
loan,dd850cff-1fc3-4381-beab-607ff776f1ee,last_payment_amount,31003.56
loan,65cd8a28-309f-4e18-bdae-21e15f9713a7,sanctioned_amount,4682000.0
loan,65cd8a28-309f-4e18-bdae-21e15f9713a7,disbursed_amount,4487582.45
loan,65cd8a28-309f-4e18-bdae-21e15f9713a7,outstanding_principal,2415695.27
loan,65cd8a28-309f-4e18-bdae-21e15f9713a7,total_outstanding,2454704.97
loan,65cd8a28-309f-4e18-bdae-21e15f9713a7,overdue_amount,581529.13
loan,65cd8a28-309f-4e18-bdae-21e15f9713a7,emi_amount,148910.45
loan,65cd8a28-309f-4e18-bdae-21e15f9713a7,outstanding_interest,29407.3
loan,65cd8a28-309f-4e18-bdae-21e15f9713a7,penal_charges,7874.36
loan,65cd8a28-309f-4e18-bdae-21e15f9713a7,last_payment_amount,74464.54
loan,fd9c57cc-c70e-4bda-8dc6-a5e77c16219b,sanctioned_amount,241000.0
loan,fd9c57cc-c70e-4bda-8dc6-a5e77c16219b,disbursed_amount,219946.19
loan,fd9c57cc-c70e-4bda-8dc6-a5e77c16219b,outstanding_principal,207620.43
loan,fd9c57cc-c70e-4bda-8dc6-a5e77c16219b,total_outstanding,220240.56
loan,fd9c57cc-c70e-4bda-8dc6-a5e77c16219b,overdue_amount,12496.95
loan,fd9c57cc-c70e-4bda-8dc6-a5e77c16219b,emi_amount,5628.93
loan,fd9c57cc-c70e-4bda-8dc6-a5e77c16219b,outstanding_interest,2517.68
loan,fd9c57cc-c70e-4bda-8dc6-a5e77c16219b,penal_charges,7389.67
loan,fd9c57cc-c70e-4bda-8dc6-a5e77c16219b,last_payment_amount,4656.2
loan,a3b32a3b-848e-4269-889a-bf9dc4024eb5,sanctioned_amount,3570000.0
loan,a3b32a3b-848e-4269-889a-bf9dc4024eb5,disbursed_amount,3251474.53
loan,a3b32a3b-848e-4269-889a-bf9dc4024eb5,outstanding_principal,2991198.65
loan,a3b32a3b-848e-4269-889a-bf9dc4024eb5,total_outstanding,3194593.8
loan,a3b32a3b-848e-4269-889a-bf9dc4024eb5,overdue_amount,1252797.68
loan,a3b32a3b-848e-4269-889a-bf9dc4024eb5,emi_amount,301370.74
loan,a3b32a3b-848e-4269-889a-bf9dc4024eb5,outstanding_interest,196032.85
loan,a3b32a3b-848e-4269-889a-bf9dc4024eb5,penal_charges,6055.23
loan,a3b32a3b-848e-4269-889a-bf9dc4024eb5,last_payment_amount,148079.67
loan,a932c992-de97-4e51-aa1f-26f577d076c1,sanctioned_amount,218000.0
loan,a932c992-de97-4e51-aa1f-26f577d076c1,disbursed_amount,207288.94
loan,a932c992-de97-4e51-aa1f-26f577d076c1,outstanding_principal,133903.7
loan,a932c992-de97-4e51-aa1f-26f577d076c1,total_outstanding,142138.83
loan,a932c992-de97-4e51-aa1f-26f577d076c1,overdue_amount,7572.37
loan,a932c992-de97-4e51-aa1f-26f577d076c1,emi_amount,3766.21
loan,a932c992-de97-4e51-aa1f-26f577d076c1,outstanding_interest,2271.5
loan,a932c992-de97-4e51-aa1f-26f577d076c1,penal_charges,4438.95
loan,a932c992-de97-4e51-aa1f-26f577d076c1,last_payment_amount,2374.37
loan,2a428cf7-9bf6-4cdc-8c3b-bef844e97836,sanctioned_amount,4808000.0
loan,2a428cf7-9bf6-4cdc-8c3b-bef844e97836,disbursed_amount,4428495.28
loan,2a428cf7-9bf6-4cdc-8c3b-bef844e97836,outstanding_principal,1814265.59
loan,2a428cf7-9bf6-4cdc-8c3b-bef844e97836,total_outstanding,1867288.66
loan,2a428cf7-9bf6-4cdc-8c3b-bef844e97836,overdue_amount,588184.04
loan,2a428cf7-9bf6-4cdc-8c3b-bef844e97836,emi_amount,110698.41
loan,2a428cf7-9bf6-4cdc-8c3b-bef844e97836,outstanding_interest,49152.46
loan,2a428cf7-9bf6-4cdc-8c3b-bef844e97836,penal_charges,2553.86
loan,2a428cf7-9bf6-4cdc-8c3b-bef844e97836,last_payment_amount,88543.25
loan,8fffc779-9d7e-4dc2-8778-29ce69a62a8d,sanctioned_amount,102000.0
loan,8fffc779-9d7e-4dc2-8778-29ce69a62a8d,disbursed_amount,97903.59
loan,8fffc779-9d7e-4dc2-8778-29ce69a62a8d,outstanding_principal,34657.78
loan,8fffc779-9d7e-4dc2-8778-29ce69a62a8d,total_outstanding,40621.82
loan,8fffc779-9d7e-4dc2-8778-29ce69a62a8d,overdue_amount,5421.91
loan,8fffc779-9d7e-4dc2-8778-29ce69a62a8d,emi_amount,2107.07
loan,8fffc779-9d7e-4dc2-8778-29ce69a62a8d,outstanding_interest,1115.06
loan,8fffc779-9d7e-4dc2-8778-29ce69a62a8d,penal_charges,2023.56
loan,8fffc779-9d7e-4dc2-8778-29ce69a62a8d,last_payment_amount,1893.46
loan,4c0fe415-9342-4c27-a79a-1291d2e51afb,sanctioned_amount,1403000.0
loan,4c0fe415-9342-4c27-a79a-1291d2e51afb,disbursed_amount,1331903.75
loan,4c0fe415-9342-4c27-a79a-1291d2e51afb,outstanding_principal,1000565.18
loan,4c0fe415-9342-4c27-a79a-1291d2e51afb,total_outstanding,1045636.81
loan,4c0fe415-9342-4c27-a79a-1291d2e51afb,overdue_amount,678777.92
loan,4c0fe415-9342-4c27-a79a-1291d2e51afb,emi_amount,62210.86
loan,4c0fe415-9342-4c27-a79a-1291d2e51afb,outstanding_interest,38322.22
loan,4c0fe415-9342-4c27-a79a-1291d2e51afb,penal_charges,6082.08
loan,4c0fe415-9342-4c27-a79a-1291d2e51afb,last_payment_amount,51267.09
loan,badb50c4-1728-465e-85ea-4b1a203404a5,sanctioned_amount,1419000.0
loan,badb50c4-1728-465e-85ea-4b1a203404a5,disbursed_amount,1304117.57
loan,badb50c4-1728-465e-85ea-4b1a203404a5,outstanding_principal,1199148.53
loan,badb50c4-1728-465e-85ea-4b1a203404a5,total_outstanding,1259932.45
loan,badb50c4-1728-465e-85ea-4b1a203404a5,overdue_amount,129380.02
loan,badb50c4-1728-465e-85ea-4b1a203404a5,emi_amount,23342.65
loan,badb50c4-1728-465e-85ea-4b1a203404a5,outstanding_interest,53270.0
loan,badb50c4-1728-465e-85ea-4b1a203404a5,penal_charges,4897.58
loan,badb50c4-1728-465e-85ea-4b1a203404a5,last_payment_amount,13295.04
loan,8e7f2bd1-79ac-4493-be62-5156c8b4745d,sanctioned_amount,288000.0
loan,8e7f2bd1-79ac-4493-be62-5156c8b4745d,disbursed_amount,271708.38
loan,8e7f2bd1-79ac-4493-be62-5156c8b4745d,outstanding_principal,101425.38
loan,8e7f2bd1-79ac-4493-be62-5156c8b4745d,total_outstanding,111909.33
loan,8e7f2bd1-79ac-4493-be62-5156c8b4745d,overdue_amount,13925.33
loan,8e7f2bd1-79ac-4493-be62-5156c8b4745d,emi_amount,6733.63
loan,8e7f2bd1-79ac-4493-be62-5156c8b4745d,outstanding_interest,4547.1
loan,8e7f2bd1-79ac-4493-be62-5156c8b4745d,penal_charges,5232.7
loan,8e7f2bd1-79ac-4493-be62-5156c8b4745d,last_payment_amount,6240.28
loan,f5e7a214-9915-4974-905a-e224365328d8,sanctioned_amount,3216000.0
loan,f5e7a214-9915-4974-905a-e224365328d8,disbursed_amount,3020534.75
loan,f5e7a214-9915-4974-905a-e224365328d8,outstanding_principal,1260832.98
loan,f5e7a214-9915-4974-905a-e224365328d8,total_outstanding,1326506.56
loan,f5e7a214-9915-4974-905a-e224365328d8,overdue_amount,180986.58
loan,f5e7a214-9915-4974-905a-e224365328d8,emi_amount,84063.42
loan,f5e7a214-9915-4974-905a-e224365328d8,outstanding_interest,60110.95
loan,f5e7a214-9915-4974-905a-e224365328d8,penal_charges,2654.54
loan,f5e7a214-9915-4974-905a-e224365328d8,last_payment_amount,42512.27
loan,ba680cd4-91a9-4bc6-ab4e-4e526830005b,sanctioned_amount,778000.0
loan,ba680cd4-91a9-4bc6-ab4e-4e526830005b,disbursed_amount,765561.4
loan,ba680cd4-91a9-4bc6-ab4e-4e526830005b,outstanding_principal,281250.06
loan,ba680cd4-91a9-4bc6-ab4e-4e526830005b,total_outstanding,298826.68
loan,ba680cd4-91a9-4bc6-ab4e-4e526830005b,overdue_amount,58125.38
loan,ba680cd4-91a9-4bc6-ab4e-4e526830005b,emi_amount,21185.84
loan,ba680cd4-91a9-4bc6-ab4e-4e526830005b,outstanding_interest,9467.19
loan,ba680cd4-91a9-4bc6-ab4e-4e526830005b,penal_charges,6882.41
loan,ba680cd4-91a9-4bc6-ab4e-4e526830005b,last_payment_amount,17054.46
loan,f82a674d-39c0-4809-a674-f5f1ff4c6140,sanctioned_amount,252000.0
loan,f82a674d-39c0-4809-a674-f5f1ff4c6140,disbursed_amount,233561.59
loan,f82a674d-39c0-4809-a674-f5f1ff4c6140,outstanding_principal,124980.3
loan,f82a674d-39c0-4809-a674-f5f1ff4c6140,total_outstanding,132159.76
loan,f82a674d-39c0-4809-a674-f5f1ff4c6140,overdue_amount,26677.41
loan,f82a674d-39c0-4809-a674-f5f1ff4c6140,emi_amount,8703.16
loan,f82a674d-39c0-4809-a674-f5f1ff4c6140,outstanding_interest,4811.85
loan,f82a674d-39c0-4809-a674-f5f1ff4c6140,penal_charges,1749.01
loan,f82a674d-39c0-4809-a674-f5f1ff4c6140,last_payment_amount,6640.31
loan,49b4eb30-7a2e-412e-b904-53a7fb1785f6,sanctioned_amount,408000.0
loan,49b4eb30-7a2e-412e-b904-53a7fb1785f6,disbursed_amount,398487.16
loan,49b4eb30-7a2e-412e-b904-53a7fb1785f6,outstanding_principal,226045.29
loan,49b4eb30-7a2e-412e-b904-53a7fb1785f6,total_outstanding,238498.92
loan,49b4eb30-7a2e-412e-b904-53a7fb1785f6,overdue_amount,14918.45
loan,49b4eb30-7a2e-412e-b904-53a7fb1785f6,emi_amount,8314.84
loan,49b4eb30-7a2e-412e-b904-53a7fb1785f6,outstanding_interest,5356.72
loan,49b4eb30-7a2e-412e-b904-53a7fb1785f6,penal_charges,4517.74
loan,49b4eb30-7a2e-412e-b904-53a7fb1785f6,last_payment_amount,4979.77
loan,437e67ea-bf7e-4ef5-b54e-3b91a0291882,sanctioned_amount,1570000.0
loan,437e67ea-bf7e-4ef5-b54e-3b91a0291882,disbursed_amount,1429095.75
loan,437e67ea-bf7e-4ef5-b54e-3b91a0291882,outstanding_principal,758678.16
loan,437e67ea-bf7e-4ef5-b54e-3b91a0291882,total_outstanding,778637.46
loan,437e67ea-bf7e-4ef5-b54e-3b91a0291882,overdue_amount,86944.09
loan,437e67ea-bf7e-4ef5-b54e-3b91a0291882,emi_amount,40187.76
loan,437e67ea-bf7e-4ef5-b54e-3b91a0291882,outstanding_interest,16787.11
loan,437e67ea-bf7e-4ef5-b54e-3b91a0291882,penal_charges,2354.82
loan,437e67ea-bf7e-4ef5-b54e-3b91a0291882,last_payment_amount,19238.52
loan,63ca636d-5267-4d5a-85a0-7b87644ac306,sanctioned_amount,3266000.0
loan,63ca636d-5267-4d5a-85a0-7b87644ac306,disbursed_amount,3188395.27
loan,63ca636d-5267-4d5a-85a0-7b87644ac306,outstanding_principal,2273080.69
loan,63ca636d-5267-4d5a-85a0-7b87644ac306,total_outstanding,2323606.67
loan,63ca636d-5267-4d5a-85a0-7b87644ac306,overdue_amount,1237831.99
loan,63ca636d-5267-4d5a-85a0-7b87644ac306,emi_amount,289007.26
loan,63ca636d-5267-4d5a-85a0-7b87644ac306,outstanding_interest,43498.48
loan,63ca636d-5267-4d5a-85a0-7b87644ac306,penal_charges,6444.65
loan,63ca636d-5267-4d5a-85a0-7b87644ac306,last_payment_amount,167997.72
loan,77a83725-c597-4f1f-8518-a7a381ec7189,sanctioned_amount,1463000.0
loan,77a83725-c597-4f1f-8518-a7a381ec7189,disbursed_amount,1359308.22
loan,77a83725-c597-4f1f-8518-a7a381ec7189,outstanding_principal,707728.98
loan,77a83725-c597-4f1f-8518-a7a381ec7189,total_outstanding,735657.0
loan,77a83725-c597-4f1f-8518-a7a381ec7189,overdue_amount,106206.57
loan,77a83725-c597-4f1f-8518-a7a381ec7189,emi_amount,35332.3
loan,77a83725-c597-4f1f-8518-a7a381ec7189,outstanding_interest,21580.5
loan,77a83725-c597-4f1f-8518-a7a381ec7189,penal_charges,3368.06
loan,77a83725-c597-4f1f-8518-a7a381ec7189,last_payment_amount,23720.77
loan,fc9d2b83-1e89-45f5-8986-717aab006e65,sanctioned_amount,2794000.0
loan,fc9d2b83-1e89-45f5-8986-717aab006e65,disbursed_amount,2545040.2
loan,fc9d2b83-1e89-45f5-8986-717aab006e65,outstanding_principal,1036425.43
loan,fc9d2b83-1e89-45f5-8986-717aab006e65,total_outstanding,1060041.87
loan,fc9d2b83-1e89-45f5-8986-717aab006e65,overdue_amount,680170.53
loan,fc9d2b83-1e89-45f5-8986-717aab006e65,emi_amount,122614.19
loan,fc9d2b83-1e89-45f5-8986-717aab006e65,outstanding_interest,18692.94
loan,fc9d2b83-1e89-45f5-8986-717aab006e65,penal_charges,4173.59
loan,fc9d2b83-1e89-45f5-8986-717aab006e65,last_payment_amount,105502.78
loan,e683c1aa-9f4b-41fe-a914-ccf6147a32b9,sanctioned_amount,705000.0
loan,e683c1aa-9f4b-41fe-a914-ccf6147a32b9,disbursed_amount,683074.33
loan,e683c1aa-9f4b-41fe-a914-ccf6147a32b9,outstanding_principal,324825.41
loan,e683c1aa-9f4b-41fe-a914-ccf6147a32b9,total_outstanding,345796.29
loan,e683c1aa-9f4b-41fe-a914-ccf6147a32b9,overdue_amount,24868.75
loan,e683c1aa-9f4b-41fe-a914-ccf6147a32b9,emi_amount,12476.57
loan,e683c1aa-9f4b-41fe-a914-ccf6147a32b9,outstanding_interest,13843.83
loan,e683c1aa-9f4b-41fe-a914-ccf6147a32b9,penal_charges,4248.62
loan,e683c1aa-9f4b-41fe-a914-ccf6147a32b9,last_payment_amount,8841.63
loan,c1aae9a4-8d81-4131-bd36-1462a4f16e98,sanctioned_amount,280000.0
loan,c1aae9a4-8d81-4131-bd36-1462a4f16e98,disbursed_amount,273192.83
loan,c1aae9a4-8d81-4131-bd36-1462a4f16e98,outstanding_principal,167347.21
loan,c1aae9a4-8d81-4131-bd36-1462a4f16e98,total_outstanding,178571.38
loan,c1aae9a4-8d81-4131-bd36-1462a4f16e98,overdue_amount,8379.4
loan,c1aae9a4-8d81-4131-bd36-1462a4f16e98,emi_amount,4862.03
loan,c1aae9a4-8d81-4131-bd36-1462a4f16e98,outstanding_interest,7030.63
loan,c1aae9a4-8d81-4131-bd36-1462a4f16e98,penal_charges,3681.37
loan,c1aae9a4-8d81-4131-bd36-1462a4f16e98,last_payment_amount,4129.79
loan,5b199899-7aef-49f6-992a-6243bb6a18a5,sanctioned_amount,656000.0
loan,5b199899-7aef-49f6-992a-6243bb6a18a5,disbursed_amount,637628.26
loan,5b199899-7aef-49f6-992a-6243bb6a18a5,outstanding_principal,563489.35
loan,5b199899-7aef-49f6-992a-6243bb6a18a5,total_outstanding,597432.65
loan,5b199899-7aef-49f6-992a-6243bb6a18a5,overdue_amount,66020.84
loan,5b199899-7aef-49f6-992a-6243bb6a18a5,emi_amount,24458.04
loan,5b199899-7aef-49f6-992a-6243bb6a18a5,outstanding_interest,29211.75
loan,5b199899-7aef-49f6-992a-6243bb6a18a5,penal_charges,2676.48
loan,5b199899-7aef-49f6-992a-6243bb6a18a5,last_payment_amount,16711.35
loan,cea23c72-efbe-4ea2-aa19-35f8f86182d7,sanctioned_amount,282000.0
loan,cea23c72-efbe-4ea2-aa19-35f8f86182d7,disbursed_amount,258431.52
loan,cea23c72-efbe-4ea2-aa19-35f8f86182d7,outstanding_principal,118241.59
loan,cea23c72-efbe-4ea2-aa19-35f8f86182d7,total_outstanding,125786.71
loan,cea23c72-efbe-4ea2-aa19-35f8f86182d7,overdue_amount,18059.54
loan,cea23c72-efbe-4ea2-aa19-35f8f86182d7,emi_amount,7865.7
loan,cea23c72-efbe-4ea2-aa19-35f8f86182d7,outstanding_interest,4898.71
loan,cea23c72-efbe-4ea2-aa19-35f8f86182d7,penal_charges,542.02
loan,cea23c72-efbe-4ea2-aa19-35f8f86182d7,last_payment_amount,4708.57
loan,0527005f-919c-44c3-95a3-0ef6d8230aa6,sanctioned_amount,199000.0
loan,0527005f-919c-44c3-95a3-0ef6d8230aa6,disbursed_amount,185964.65
loan,0527005f-919c-44c3-95a3-0ef6d8230aa6,outstanding_principal,130301.9
loan,0527005f-919c-44c3-95a3-0ef6d8230aa6,total_outstanding,136750.65
loan,0527005f-919c-44c3-95a3-0ef6d8230aa6,overdue_amount,17838.92
loan,0527005f-919c-44c3-95a3-0ef6d8230aa6,emi_amount,8598.31
loan,0527005f-919c-44c3-95a3-0ef6d8230aa6,outstanding_interest,2159.99
loan,0527005f-919c-44c3-95a3-0ef6d8230aa6,penal_charges,3524.51
loan,0527005f-919c-44c3-95a3-0ef6d8230aa6,last_payment_amount,6496.74
loan,d25b8769-b7f4-4946-a62d-53caed299e4e,sanctioned_amount,1858000.0
loan,d25b8769-b7f4-4946-a62d-53caed299e4e,disbursed_amount,1781323.51
loan,d25b8769-b7f4-4946-a62d-53caed299e4e,outstanding_principal,1269843.41
loan,d25b8769-b7f4-4946-a62d-53caed299e4e,total_outstanding,1367431.35
loan,d25b8769-b7f4-4946-a62d-53caed299e4e,overdue_amount,214857.25
loan,d25b8769-b7f4-4946-a62d-53caed299e4e,emi_amount,66860.01
loan,d25b8769-b7f4-4946-a62d-53caed299e4e,outstanding_interest,89741.1
loan,d25b8769-b7f4-4946-a62d-53caed299e4e,penal_charges,5119.15
loan,d25b8769-b7f4-4946-a62d-53caed299e4e,last_payment_amount,66422.23
loan,0e11d1e5-6549-43db-89ba-3d97c536fcc5,sanctioned_amount,86000.0
loan,0e11d1e5-6549-43db-89ba-3d97c536fcc5,disbursed_amount,85105.2
loan,0e11d1e5-6549-43db-89ba-3d97c536fcc5,outstanding_principal,63735.74
loan,0e11d1e5-6549-43db-89ba-3d97c536fcc5,total_outstanding,67947.04
loan,0e11d1e5-6549-43db-89ba-3d97c536fcc5,overdue_amount,9195.93
loan,0e11d1e5-6549-43db-89ba-3d97c536fcc5,emi_amount,1838.98
loan,0e11d1e5-6549-43db-89ba-3d97c536fcc5,outstanding_interest,1151.14
loan,0e11d1e5-6549-43db-89ba-3d97c536fcc5,penal_charges,1379.72
loan,0e11d1e5-6549-43db-89ba-3d97c536fcc5,last_payment_amount,1321.14
loan,b5e35bd7-8232-4c48-8d28-c5da0d400610,sanctioned_amount,4418000.0
loan,b5e35bd7-8232-4c48-8d28-c5da0d400610,disbursed_amount,4039326.15
loan,b5e35bd7-8232-4c48-8d28-c5da0d400610,outstanding_principal,2020969.49
loan,b5e35bd7-8232-4c48-8d28-c5da0d400610,total_outstanding,2063536.21
loan,b5e35bd7-8232-4c48-8d28-c5da0d400610,overdue_amount,385457.99
loan,b5e35bd7-8232-4c48-8d28-c5da0d400610,emi_amount,114726.95
loan,b5e35bd7-8232-4c48-8d28-c5da0d400610,outstanding_interest,36641.99
loan,b5e35bd7-8232-4c48-8d28-c5da0d400610,penal_charges,5390.69
loan,b5e35bd7-8232-4c48-8d28-c5da0d400610,last_payment_amount,96037.34
loan,3669d545-41c0-40e6-be35-46b2c2740479,sanctioned_amount,146000.0
loan,3669d545-41c0-40e6-be35-46b2c2740479,disbursed_amount,134259.21
loan,3669d545-41c0-40e6-be35-46b2c2740479,outstanding_principal,73449.31
loan,3669d545-41c0-40e6-be35-46b2c2740479,total_outstanding,81363.6
loan,3669d545-41c0-40e6-be35-46b2c2740479,overdue_amount,14651.39
loan,3669d545-41c0-40e6-be35-46b2c2740479,emi_amount,6513.22
loan,3669d545-41c0-40e6-be35-46b2c2740479,outstanding_interest,3604.36
loan,3669d545-41c0-40e6-be35-46b2c2740479,penal_charges,4270.95
loan,3669d545-41c0-40e6-be35-46b2c2740479,last_payment_amount,4161.79
loan,7cbc62b2-94b7-4f66-b83a-f0619b65b1c5,sanctioned_amount,119000.0
loan,7cbc62b2-94b7-4f66-b83a-f0619b65b1c5,disbursed_amount,117371.91
loan,7cbc62b2-94b7-4f66-b83a-f0619b65b1c5,outstanding_principal,53317.66
loan,7cbc62b2-94b7-4f66-b83a-f0619b65b1c5,total_outstanding,61683.23
loan,7cbc62b2-94b7-4f66-b83a-f0619b65b1c5,overdue_amount,10362.75
loan,7cbc62b2-94b7-4f66-b83a-f0619b65b1c5,emi_amount,3307.83
loan,7cbc62b2-94b7-4f66-b83a-f0619b65b1c5,outstanding_interest,3462.0
loan,7cbc62b2-94b7-4f66-b83a-f0619b65b1c5,penal_charges,4591.91
loan,7cbc62b2-94b7-4f66-b83a-f0619b65b1c5,last_payment_amount,3051.63
loan,162703e2-798d-4809-9ab3-ceaf08d592e4,sanctioned_amount,1696000.0
loan,162703e2-798d-4809-9ab3-ceaf08d592e4,disbursed_amount,1646916.21
loan,162703e2-798d-4809-9ab3-ceaf08d592e4,outstanding_principal,1223762.72
loan,162703e2-798d-4809-9ab3-ceaf08d592e4,total_outstanding,1281185.01
loan,162703e2-798d-4809-9ab3-ceaf08d592e4,overdue_amount,73993.09
loan,162703e2-798d-4809-9ab3-ceaf08d592e4,emi_amount,25967.97
loan,162703e2-798d-4809-9ab3-ceaf08d592e4,outstanding_interest,49183.36
loan,162703e2-798d-4809-9ab3-ceaf08d592e4,penal_charges,5539.93
loan,162703e2-798d-4809-9ab3-ceaf08d592e4,last_payment_amount,18432.18
loan,30779a15-f82d-4e06-8886-b583ddab50c4,sanctioned_amount,154000.0
loan,30779a15-f82d-4e06-8886-b583ddab50c4,disbursed_amount,151305.73
loan,30779a15-f82d-4e06-8886-b583ddab50c4,outstanding_principal,93210.28
loan,30779a15-f82d-4e06-8886-b583ddab50c4,total_outstanding,100469.7
loan,30779a15-f82d-4e06-8886-b583ddab50c4,overdue_amount,5628.49
loan,30779a15-f82d-4e06-8886-b583ddab50c4,emi_amount,3093.92
loan,30779a15-f82d-4e06-8886-b583ddab50c4,outstanding_interest,2449.53
loan,30779a15-f82d-4e06-8886-b583ddab50c4,penal_charges,4290.99
loan,30779a15-f82d-4e06-8886-b583ddab50c4,last_payment_amount,1745.77
loan,be0f4c00-cd51-43b5-8e22-c8cf92b95c8d,sanctioned_amount,3937000.0
loan,be0f4c00-cd51-43b5-8e22-c8cf92b95c8d,disbursed_amount,3909548.42
loan,be0f4c00-cd51-43b5-8e22-c8cf92b95c8d,outstanding_principal,1803847.4
loan,be0f4c00-cd51-43b5-8e22-c8cf92b95c8d,total_outstanding,1861020.79
loan,be0f4c00-cd51-43b5-8e22-c8cf92b95c8d,overdue_amount,788601.14
loan,be0f4c00-cd51-43b5-8e22-c8cf92b95c8d,emi_amount,345959.73
loan,be0f4c00-cd51-43b5-8e22-c8cf92b95c8d,outstanding_interest,48556.76
loan,be0f4c00-cd51-43b5-8e22-c8cf92b95c8d,penal_charges,6250.42
loan,be0f4c00-cd51-43b5-8e22-c8cf92b95c8d,last_payment_amount,155254.6
loan,9323662b-9e0a-40d0-80a4-3666e4745ccb,sanctioned_amount,127000.0
loan,9323662b-9e0a-40d0-80a4-3666e4745ccb,disbursed_amount,123792.09
loan,9323662b-9e0a-40d0-80a4-3666e4745ccb,outstanding_principal,64649.91
loan,9323662b-9e0a-40d0-80a4-3666e4745ccb,total_outstanding,72802.39
loan,9323662b-9e0a-40d0-80a4-3666e4745ccb,overdue_amount,9423.59
loan,9323662b-9e0a-40d0-80a4-3666e4745ccb,emi_amount,4621.62
loan,9323662b-9e0a-40d0-80a4-3666e4745ccb,outstanding_interest,2041.78
loan,9323662b-9e0a-40d0-80a4-3666e4745ccb,penal_charges,3604.87
loan,9323662b-9e0a-40d0-80a4-3666e4745ccb,last_payment_amount,4564.16
loan,9ee58896-2988-4ab4-885b-0a8905b404cd,sanctioned_amount,888000.0
loan,9ee58896-2988-4ab4-885b-0a8905b404cd,disbursed_amount,867786.5
loan,9ee58896-2988-4ab4-885b-0a8905b404cd,outstanding_principal,322850.12
loan,9ee58896-2988-4ab4-885b-0a8905b404cd,total_outstanding,345095.17
loan,9ee58896-2988-4ab4-885b-0a8905b404cd,overdue_amount,44209.3
loan,9ee58896-2988-4ab4-885b-0a8905b404cd,emi_amount,15259.78
loan,9ee58896-2988-4ab4-885b-0a8905b404cd,outstanding_interest,17078.44
loan,9ee58896-2988-4ab4-885b-0a8905b404cd,penal_charges,4534.62
loan,9ee58896-2988-4ab4-885b-0a8905b404cd,last_payment_amount,8003.27
loan,3f0e5cdd-98c4-41a8-8094-40cc25bcd6a1,sanctioned_amount,1228000.0
loan,3f0e5cdd-98c4-41a8-8094-40cc25bcd6a1,disbursed_amount,1137231.88
loan,3f0e5cdd-98c4-41a8-8094-40cc25bcd6a1,outstanding_principal,722285.41
loan,3f0e5cdd-98c4-41a8-8094-40cc25bcd6a1,total_outstanding,763097.82
loan,3f0e5cdd-98c4-41a8-8094-40cc25bcd6a1,overdue_amount,90897.25
loan,3f0e5cdd-98c4-41a8-8094-40cc25bcd6a1,emi_amount,31998.28
loan,3f0e5cdd-98c4-41a8-8094-40cc25bcd6a1,outstanding_interest,34109.23
loan,3f0e5cdd-98c4-41a8-8094-40cc25bcd6a1,penal_charges,4728.27
loan,3f0e5cdd-98c4-41a8-8094-40cc25bcd6a1,last_payment_amount,24884.53
loan,06cf972f-4781-4830-bc31-e850b6000255,sanctioned_amount,90000.0
loan,06cf972f-4781-4830-bc31-e850b6000255,disbursed_amount,82684.0
loan,06cf972f-4781-4830-bc31-e850b6000255,outstanding_principal,66248.66
loan,06cf972f-4781-4830-bc31-e850b6000255,total_outstanding,75258.43
loan,06cf972f-4781-4830-bc31-e850b6000255,overdue_amount,12449.43
loan,06cf972f-4781-4830-bc31-e850b6000255,emi_amount,4009.54
loan,06cf972f-4781-4830-bc31-e850b6000255,outstanding_interest,1974.46
loan,06cf972f-4781-4830-bc31-e850b6000255,penal_charges,4951.81
loan,06cf972f-4781-4830-bc31-e850b6000255,last_payment_amount,2211.44
loan,cb52162a-3622-4358-a270-5d77df3236d3,sanctioned_amount,171000.0
loan,cb52162a-3622-4358-a270-5d77df3236d3,disbursed_amount,166950.26
loan,cb52162a-3622-4358-a270-5d77df3236d3,outstanding_principal,135971.55
loan,cb52162a-3622-4358-a270-5d77df3236d3,total_outstanding,148601.42
loan,cb52162a-3622-4358-a270-5d77df3236d3,overdue_amount,9060.5
loan,cb52162a-3622-4358-a270-5d77df3236d3,emi_amount,4669.28
loan,cb52162a-3622-4358-a270-5d77df3236d3,outstanding_interest,10379.1
loan,cb52162a-3622-4358-a270-5d77df3236d3,penal_charges,714.16
loan,cb52162a-3622-4358-a270-5d77df3236d3,last_payment_amount,4533.39
loan,c84a47b7-37e8-45e7-bf88-73d21411df09,sanctioned_amount,82000.0
loan,c84a47b7-37e8-45e7-bf88-73d21411df09,disbursed_amount,76336.04
loan,c84a47b7-37e8-45e7-bf88-73d21411df09,outstanding_principal,34290.55
loan,c84a47b7-37e8-45e7-bf88-73d21411df09,total_outstanding,42886.62
loan,c84a47b7-37e8-45e7-bf88-73d21411df09,overdue_amount,2704.1
loan,c84a47b7-37e8-45e7-bf88-73d21411df09,emi_amount,1511.94
loan,c84a47b7-37e8-45e7-bf88-73d21411df09,outstanding_interest,570.06
loan,c84a47b7-37e8-45e7-bf88-73d21411df09,penal_charges,7122.16
loan,c84a47b7-37e8-45e7-bf88-73d21411df09,last_payment_amount,1000.8
loan,efd6fcae-522b-4eee-95c3-5031694d0c8b,sanctioned_amount,89000.0
loan,efd6fcae-522b-4eee-95c3-5031694d0c8b,disbursed_amount,84348.36
loan,efd6fcae-522b-4eee-95c3-5031694d0c8b,outstanding_principal,64886.48
loan,efd6fcae-522b-4eee-95c3-5031694d0c8b,total_outstanding,76880.86
loan,efd6fcae-522b-4eee-95c3-5031694d0c8b,overdue_amount,7374.85
loan,efd6fcae-522b-4eee-95c3-5031694d0c8b,emi_amount,2340.04
loan,efd6fcae-522b-4eee-95c3-5031694d0c8b,outstanding_interest,3140.61
loan,efd6fcae-522b-4eee-95c3-5031694d0c8b,penal_charges,6735.1
loan,efd6fcae-522b-4eee-95c3-5031694d0c8b,last_payment_amount,1116.44
loan,407f51f0-d6c2-4baf-bd18-5436429bda23,sanctioned_amount,2491000.0
loan,407f51f0-d6c2-4baf-bd18-5436429bda23,disbursed_amount,2423835.69
loan,407f51f0-d6c2-4baf-bd18-5436429bda23,outstanding_principal,1558491.44
loan,407f51f0-d6c2-4baf-bd18-5436429bda23,total_outstanding,1632036.14
loan,407f51f0-d6c2-4baf-bd18-5436429bda23,overdue_amount,211207.07
loan,407f51f0-d6c2-4baf-bd18-5436429bda23,emi_amount,68623.05
loan,407f51f0-d6c2-4baf-bd18-5436429bda23,outstanding_interest,69556.42
loan,407f51f0-d6c2-4baf-bd18-5436429bda23,penal_charges,2162.71
loan,407f51f0-d6c2-4baf-bd18-5436429bda23,last_payment_amount,41442.19
loan,4922ad89-3579-4c03-98ea-481df42aced1,sanctioned_amount,4701000.0
loan,4922ad89-3579-4c03-98ea-481df42aced1,disbursed_amount,4339057.54
loan,4922ad89-3579-4c03-98ea-481df42aced1,outstanding_principal,1760399.95
loan,4922ad89-3579-4c03-98ea-481df42aced1,total_outstanding,1817936.48
loan,4922ad89-3579-4c03-98ea-481df42aced1,overdue_amount,715470.6
loan,4922ad89-3579-4c03-98ea-481df42aced1,emi_amount,395741.22
loan,4922ad89-3579-4c03-98ea-481df42aced1,outstanding_interest,54972.64
loan,4922ad89-3579-4c03-98ea-481df42aced1,penal_charges,1630.61
loan,4922ad89-3579-4c03-98ea-481df42aced1,last_payment_amount,220274.19
loan,034b28ba-0847-41c6-aefd-ed10d18ff9b8,sanctioned_amount,1119000.0
loan,034b28ba-0847-41c6-aefd-ed10d18ff9b8,disbursed_amount,1097317.02
loan,034b28ba-0847-41c6-aefd-ed10d18ff9b8,outstanding_principal,913110.58
loan,034b28ba-0847-41c6-aefd-ed10d18ff9b8,total_outstanding,930366.47
loan,034b28ba-0847-41c6-aefd-ed10d18ff9b8,overdue_amount,39873.31
loan,034b28ba-0847-41c6-aefd-ed10d18ff9b8,emi_amount,21081.2
loan,034b28ba-0847-41c6-aefd-ed10d18ff9b8,outstanding_interest,11293.8
loan,034b28ba-0847-41c6-aefd-ed10d18ff9b8,penal_charges,4810.12
loan,034b28ba-0847-41c6-aefd-ed10d18ff9b8,last_payment_amount,13776.02
loan,aa04166f-b582-4588-8313-2a32059b8e56,sanctioned_amount,1190000.0
loan,aa04166f-b582-4588-8313-2a32059b8e56,disbursed_amount,1130745.33
loan,aa04166f-b582-4588-8313-2a32059b8e56,outstanding_principal,1055055.66
loan,aa04166f-b582-4588-8313-2a32059b8e56,total_outstanding,1085343.68
loan,aa04166f-b582-4588-8313-2a32059b8e56,overdue_amount,46536.91
loan,aa04166f-b582-4588-8313-2a32059b8e56,emi_amount,25749.36
loan,aa04166f-b582-4588-8313-2a32059b8e56,outstanding_interest,24328.7
loan,aa04166f-b582-4588-8313-2a32059b8e56,penal_charges,3680.49
loan,aa04166f-b582-4588-8313-2a32059b8e56,last_payment_amount,10407.22
loan,2a107b17-3ebc-4b6b-9d99-5783252c3d51,sanctioned_amount,1275000.0
loan,2a107b17-3ebc-4b6b-9d99-5783252c3d51,disbursed_amount,1202948.23
loan,2a107b17-3ebc-4b6b-9d99-5783252c3d51,outstanding_principal,753226.55
loan,2a107b17-3ebc-4b6b-9d99-5783252c3d51,total_outstanding,769400.96
loan,2a107b17-3ebc-4b6b-9d99-5783252c3d51,overdue_amount,225388.22
loan,2a107b17-3ebc-4b6b-9d99-5783252c3d51,emi_amount,109433.17
loan,2a107b17-3ebc-4b6b-9d99-5783252c3d51,outstanding_interest,11627.58
loan,2a107b17-3ebc-4b6b-9d99-5783252c3d51,penal_charges,3269.72
loan,2a107b17-3ebc-4b6b-9d99-5783252c3d51,last_payment_amount,55508.54
loan,e7b67ddf-0ba8-4ee9-b196-6ffe9acd1720,sanctioned_amount,3726000.0
loan,e7b67ddf-0ba8-4ee9-b196-6ffe9acd1720,disbursed_amount,3395013.19
loan,e7b67ddf-0ba8-4ee9-b196-6ffe9acd1720,outstanding_principal,1545206.94
loan,e7b67ddf-0ba8-4ee9-b196-6ffe9acd1720,total_outstanding,1618490.68
loan,e7b67ddf-0ba8-4ee9-b196-6ffe9acd1720,overdue_amount,321082.95
loan,e7b67ddf-0ba8-4ee9-b196-6ffe9acd1720,emi_amount,90413.67
loan,e7b67ddf-0ba8-4ee9-b196-6ffe9acd1720,outstanding_interest,70218.56
loan,e7b67ddf-0ba8-4ee9-b196-6ffe9acd1720,penal_charges,1584.83
loan,e7b67ddf-0ba8-4ee9-b196-6ffe9acd1720,last_payment_amount,38370.17
loan,6ccffa1d-2a3b-4cb7-a654-e3815f514735,sanctioned_amount,60000.0
loan,6ccffa1d-2a3b-4cb7-a654-e3815f514735,disbursed_amount,56291.48
loan,6ccffa1d-2a3b-4cb7-a654-e3815f514735,outstanding_principal,45008.43
loan,6ccffa1d-2a3b-4cb7-a654-e3815f514735,total_outstanding,55479.05
loan,6ccffa1d-2a3b-4cb7-a654-e3815f514735,overdue_amount,9107.53
loan,6ccffa1d-2a3b-4cb7-a654-e3815f514735,emi_amount,5315.38
loan,6ccffa1d-2a3b-4cb7-a654-e3815f514735,outstanding_interest,2072.36
loan,6ccffa1d-2a3b-4cb7-a654-e3815f514735,penal_charges,7627.69
loan,6ccffa1d-2a3b-4cb7-a654-e3815f514735,last_payment_amount,5204.27
loan,8de135b7-e907-4f92-9d1e-40704c98ecb5,sanctioned_amount,3655000.0
loan,8de135b7-e907-4f92-9d1e-40704c98ecb5,disbursed_amount,3601726.05
loan,8de135b7-e907-4f92-9d1e-40704c98ecb5,outstanding_principal,2282597.63
loan,8de135b7-e907-4f92-9d1e-40704c98ecb5,total_outstanding,2378408.69
loan,8de135b7-e907-4f92-9d1e-40704c98ecb5,overdue_amount,107247.28
loan,8de135b7-e907-4f92-9d1e-40704c98ecb5,emi_amount,54657.56
loan,8de135b7-e907-4f92-9d1e-40704c98ecb5,outstanding_interest,87374.61
loan,8de135b7-e907-4f92-9d1e-40704c98ecb5,penal_charges,6101.52
loan,8de135b7-e907-4f92-9d1e-40704c98ecb5,last_payment_amount,51697.74
loan,a2998541-421c-4096-bbd6-2bc67e333c68,sanctioned_amount,789000.0
loan,a2998541-421c-4096-bbd6-2bc67e333c68,disbursed_amount,761954.09
loan,a2998541-421c-4096-bbd6-2bc67e333c68,outstanding_principal,412137.64
loan,a2998541-421c-4096-bbd6-2bc67e333c68,total_outstanding,423239.02
loan,a2998541-421c-4096-bbd6-2bc67e333c68,overdue_amount,53283.37
loan,a2998541-421c-4096-bbd6-2bc67e333c68,emi_amount,20763.0
loan,a2998541-421c-4096-bbd6-2bc67e333c68,outstanding_interest,7975.64
loan,a2998541-421c-4096-bbd6-2bc67e333c68,penal_charges,2934.57
loan,a2998541-421c-4096-bbd6-2bc67e333c68,last_payment_amount,16213.07
loan,5e30404d-41b5-4003-93a1-7fd185a7525a,sanctioned_amount,969000.0
loan,5e30404d-41b5-4003-93a1-7fd185a7525a,disbursed_amount,905662.9
loan,5e30404d-41b5-4003-93a1-7fd185a7525a,outstanding_principal,431441.9
loan,5e30404d-41b5-4003-93a1-7fd185a7525a,total_outstanding,452739.58
loan,5e30404d-41b5-4003-93a1-7fd185a7525a,overdue_amount,162641.16
loan,5e30404d-41b5-4003-93a1-7fd185a7525a,emi_amount,25769.53
loan,5e30404d-41b5-4003-93a1-7fd185a7525a,outstanding_interest,18783.19
loan,5e30404d-41b5-4003-93a1-7fd185a7525a,penal_charges,2417.69
loan,5e30404d-41b5-4003-93a1-7fd185a7525a,last_payment_amount,13516.91
loan,45daba13-1f43-4565-acd6-8a06bce2a88c,sanctioned_amount,1201000.0
loan,45daba13-1f43-4565-acd6-8a06bce2a88c,disbursed_amount,1084450.7
loan,45daba13-1f43-4565-acd6-8a06bce2a88c,outstanding_principal,660342.07
loan,45daba13-1f43-4565-acd6-8a06bce2a88c,total_outstanding,713002.55
loan,45daba13-1f43-4565-acd6-8a06bce2a88c,overdue_amount,140208.08
loan,45daba13-1f43-4565-acd6-8a06bce2a88c,emi_amount,54533.02
loan,45daba13-1f43-4565-acd6-8a06bce2a88c,outstanding_interest,43190.98
loan,45daba13-1f43-4565-acd6-8a06bce2a88c,penal_charges,7800.18
loan,45daba13-1f43-4565-acd6-8a06bce2a88c,last_payment_amount,51953.92
loan,aecc0492-57c7-4eb4-9a96-7c67e4b2590c,sanctioned_amount,202000.0
loan,aecc0492-57c7-4eb4-9a96-7c67e4b2590c,disbursed_amount,186068.36
loan,aecc0492-57c7-4eb4-9a96-7c67e4b2590c,outstanding_principal,150738.59
loan,aecc0492-57c7-4eb4-9a96-7c67e4b2590c,total_outstanding,162439.79
loan,aecc0492-57c7-4eb4-9a96-7c67e4b2590c,overdue_amount,14044.53
loan,aecc0492-57c7-4eb4-9a96-7c67e4b2590c,emi_amount,6140.12
loan,aecc0492-57c7-4eb4-9a96-7c67e4b2590c,outstanding_interest,6019.6
loan,aecc0492-57c7-4eb4-9a96-7c67e4b2590c,penal_charges,4625.53
loan,aecc0492-57c7-4eb4-9a96-7c67e4b2590c,last_payment_amount,5294.62
loan,de34afad-9f4e-4518-9dc0-8157720924aa,sanctioned_amount,3716000.0
loan,de34afad-9f4e-4518-9dc0-8157720924aa,disbursed_amount,3462485.23
loan,de34afad-9f4e-4518-9dc0-8157720924aa,outstanding_principal,2239881.45
loan,de34afad-9f4e-4518-9dc0-8157720924aa,total_outstanding,2326974.88
loan,de34afad-9f4e-4518-9dc0-8157720924aa,overdue_amount,221337.79
loan,de34afad-9f4e-4518-9dc0-8157720924aa,emi_amount,100805.89
loan,de34afad-9f4e-4518-9dc0-8157720924aa,outstanding_interest,80450.78
loan,de34afad-9f4e-4518-9dc0-8157720924aa,penal_charges,3870.92
loan,de34afad-9f4e-4518-9dc0-8157720924aa,last_payment_amount,72539.86
loan,7bf695f9-7032-4e03-861f-b73b3453ac38,sanctioned_amount,1844000.0
loan,7bf695f9-7032-4e03-861f-b73b3453ac38,disbursed_amount,1780032.42
loan,7bf695f9-7032-4e03-861f-b73b3453ac38,outstanding_principal,1283982.92
loan,7bf695f9-7032-4e03-861f-b73b3453ac38,total_outstanding,1329411.86
loan,7bf695f9-7032-4e03-861f-b73b3453ac38,overdue_amount,119506.26
loan,7bf695f9-7032-4e03-861f-b73b3453ac38,emi_amount,57678.1
loan,7bf695f9-7032-4e03-861f-b73b3453ac38,outstanding_interest,35638.42
loan,7bf695f9-7032-4e03-861f-b73b3453ac38,penal_charges,7991.82
loan,7bf695f9-7032-4e03-861f-b73b3453ac38,last_payment_amount,44174.94
loan,bb4aaa28-ce9f-40d1-92e2-f0e6eb28a97a,sanctioned_amount,1580000.0
loan,bb4aaa28-ce9f-40d1-92e2-f0e6eb28a97a,disbursed_amount,1561594.97
loan,bb4aaa28-ce9f-40d1-92e2-f0e6eb28a97a,outstanding_principal,1343261.21
loan,bb4aaa28-ce9f-40d1-92e2-f0e6eb28a97a,total_outstanding,1382646.46
loan,bb4aaa28-ce9f-40d1-92e2-f0e6eb28a97a,overdue_amount,117142.97
loan,bb4aaa28-ce9f-40d1-92e2-f0e6eb28a97a,emi_amount,40644.19
loan,bb4aaa28-ce9f-40d1-92e2-f0e6eb28a97a,outstanding_interest,31799.74
loan,bb4aaa28-ce9f-40d1-92e2-f0e6eb28a97a,penal_charges,7059.88
loan,bb4aaa28-ce9f-40d1-92e2-f0e6eb28a97a,last_payment_amount,19492.55
loan,0648deca-5cf7-48c6-8a8e-935049d755cd,sanctioned_amount,2358000.0
loan,0648deca-5cf7-48c6-8a8e-935049d755cd,disbursed_amount,2226813.42
loan,0648deca-5cf7-48c6-8a8e-935049d755cd,outstanding_principal,1636323.87
loan,0648deca-5cf7-48c6-8a8e-935049d755cd,total_outstanding,1711146.34
loan,0648deca-5cf7-48c6-8a8e-935049d755cd,overdue_amount,936346.26
loan,0648deca-5cf7-48c6-8a8e-935049d755cd,emi_amount,106271.34
loan,0648deca-5cf7-48c6-8a8e-935049d755cd,outstanding_interest,65055.19
loan,0648deca-5cf7-48c6-8a8e-935049d755cd,penal_charges,7040.64
loan,0648deca-5cf7-48c6-8a8e-935049d755cd,last_payment_amount,97482.85
loan,8aa10808-7cd8-4ed4-9310-ee04a75d763e,sanctioned_amount,3381000.0
loan,8aa10808-7cd8-4ed4-9310-ee04a75d763e,disbursed_amount,3305467.29
loan,8aa10808-7cd8-4ed4-9310-ee04a75d763e,outstanding_principal,2110489.75
loan,8aa10808-7cd8-4ed4-9310-ee04a75d763e,total_outstanding,2227475.39
loan,8aa10808-7cd8-4ed4-9310-ee04a75d763e,overdue_amount,322083.96
loan,8aa10808-7cd8-4ed4-9310-ee04a75d763e,emi_amount,85853.44
loan,8aa10808-7cd8-4ed4-9310-ee04a75d763e,outstanding_interest,111030.71
loan,8aa10808-7cd8-4ed4-9310-ee04a75d763e,penal_charges,3487.98
loan,8aa10808-7cd8-4ed4-9310-ee04a75d763e,last_payment_amount,56418.86
loan,e88d3f52-61fd-4af1-a566-e10d5f8e4e2d,sanctioned_amount,86000.0
loan,e88d3f52-61fd-4af1-a566-e10d5f8e4e2d,disbursed_amount,83609.15
loan,e88d3f52-61fd-4af1-a566-e10d5f8e4e2d,outstanding_principal,69172.51
loan,e88d3f52-61fd-4af1-a566-e10d5f8e4e2d,total_outstanding,76140.95
loan,e88d3f52-61fd-4af1-a566-e10d5f8e4e2d,overdue_amount,2847.54
loan,e88d3f52-61fd-4af1-a566-e10d5f8e4e2d,emi_amount,1619.51
loan,e88d3f52-61fd-4af1-a566-e10d5f8e4e2d,outstanding_interest,1430.96
loan,e88d3f52-61fd-4af1-a566-e10d5f8e4e2d,penal_charges,5315.27
loan,e88d3f52-61fd-4af1-a566-e10d5f8e4e2d,last_payment_amount,1383.37
loan,abf3798f-7773-4432-8db9-d7e81a321168,sanctioned_amount,697000.0
loan,abf3798f-7773-4432-8db9-d7e81a321168,disbursed_amount,666905.71
loan,abf3798f-7773-4432-8db9-d7e81a321168,outstanding_principal,348830.54
loan,abf3798f-7773-4432-8db9-d7e81a321168,total_outstanding,361851.68
loan,abf3798f-7773-4432-8db9-d7e81a321168,overdue_amount,23368.58
loan,abf3798f-7773-4432-8db9-d7e81a321168,emi_amount,12155.24
loan,abf3798f-7773-4432-8db9-d7e81a321168,outstanding_interest,8927.06
loan,abf3798f-7773-4432-8db9-d7e81a321168,penal_charges,3220.43
loan,abf3798f-7773-4432-8db9-d7e81a321168,last_payment_amount,8328.42
loan,248b891b-3a8d-4f2c-ae9a-8b2099b3d578,sanctioned_amount,1950000.0
loan,248b891b-3a8d-4f2c-ae9a-8b2099b3d578,disbursed_amount,1812004.91
loan,248b891b-3a8d-4f2c-ae9a-8b2099b3d578,outstanding_principal,1268291.5
loan,248b891b-3a8d-4f2c-ae9a-8b2099b3d578,total_outstanding,1296466.14
loan,248b891b-3a8d-4f2c-ae9a-8b2099b3d578,overdue_amount,60355.03
loan,248b891b-3a8d-4f2c-ae9a-8b2099b3d578,emi_amount,35352.4
loan,248b891b-3a8d-4f2c-ae9a-8b2099b3d578,outstanding_interest,23417.66
loan,248b891b-3a8d-4f2c-ae9a-8b2099b3d578,penal_charges,3231.21
loan,248b891b-3a8d-4f2c-ae9a-8b2099b3d578,last_payment_amount,24258.27
loan,5ff1ed22-aa07-4cea-85b1-244dd444a36e,sanctioned_amount,3555000.0
loan,5ff1ed22-aa07-4cea-85b1-244dd444a36e,disbursed_amount,3311232.31
loan,5ff1ed22-aa07-4cea-85b1-244dd444a36e,outstanding_principal,1494930.42
loan,5ff1ed22-aa07-4cea-85b1-244dd444a36e,total_outstanding,1552740.48
loan,5ff1ed22-aa07-4cea-85b1-244dd444a36e,overdue_amount,340630.7
loan,5ff1ed22-aa07-4cea-85b1-244dd444a36e,emi_amount,53911.65
loan,5ff1ed22-aa07-4cea-85b1-244dd444a36e,outstanding_interest,50538.86
loan,5ff1ed22-aa07-4cea-85b1-244dd444a36e,penal_charges,7228.5
loan,5ff1ed22-aa07-4cea-85b1-244dd444a36e,last_payment_amount,42590.1
loan,251e903a-ba61-47c3-a624-b064b123779c,sanctioned_amount,4672000.0
loan,251e903a-ba61-47c3-a624-b064b123779c,disbursed_amount,4599932.5
loan,251e903a-ba61-47c3-a624-b064b123779c,outstanding_principal,2168950.93
loan,251e903a-ba61-47c3-a624-b064b123779c,total_outstanding,2289100.71
loan,251e903a-ba61-47c3-a624-b064b123779c,overdue_amount,723370.51
loan,251e903a-ba61-47c3-a624-b064b123779c,emi_amount,124348.49
loan,251e903a-ba61-47c3-a624-b064b123779c,outstanding_interest,117919.93
loan,251e903a-ba61-47c3-a624-b064b123779c,penal_charges,1241.3
loan,251e903a-ba61-47c3-a624-b064b123779c,last_payment_amount,83062.27
loan,e7cfb93b-a11a-4f4b-86c0-071cd03f88a2,sanctioned_amount,2139000.0
loan,e7cfb93b-a11a-4f4b-86c0-071cd03f88a2,disbursed_amount,2108524.09
loan,e7cfb93b-a11a-4f4b-86c0-071cd03f88a2,outstanding_principal,1977008.05
loan,e7cfb93b-a11a-4f4b-86c0-071cd03f88a2,total_outstanding,2024874.71
loan,e7cfb93b-a11a-4f4b-86c0-071cd03f88a2,overdue_amount,108025.02
loan,e7cfb93b-a11a-4f4b-86c0-071cd03f88a2,emi_amount,38584.1
loan,e7cfb93b-a11a-4f4b-86c0-071cd03f88a2,outstanding_interest,39593.32
loan,e7cfb93b-a11a-4f4b-86c0-071cd03f88a2,penal_charges,6073.33
loan,e7cfb93b-a11a-4f4b-86c0-071cd03f88a2,last_payment_amount,16842.7
loan,6741fff2-e981-4cfc-8136-69817e7bbd52,sanctioned_amount,3125000.0
loan,6741fff2-e981-4cfc-8136-69817e7bbd52,disbursed_amount,3088012.72
loan,6741fff2-e981-4cfc-8136-69817e7bbd52,outstanding_principal,1967000.57
loan,6741fff2-e981-4cfc-8136-69817e7bbd52,total_outstanding,2012026.31
loan,6741fff2-e981-4cfc-8136-69817e7bbd52,overdue_amount,125216.3
loan,6741fff2-e981-4cfc-8136-69817e7bbd52,emi_amount,42041.01
loan,6741fff2-e981-4cfc-8136-69817e7bbd52,outstanding_interest,42008.54
loan,6741fff2-e981-4cfc-8136-69817e7bbd52,penal_charges,1249.07
loan,6741fff2-e981-4cfc-8136-69817e7bbd52,last_payment_amount,31489.9
loan,5f5772e8-3fdb-4557-8008-aea3fc537c21,sanctioned_amount,3749000.0
loan,5f5772e8-3fdb-4557-8008-aea3fc537c21,disbursed_amount,3676181.62
loan,5f5772e8-3fdb-4557-8008-aea3fc537c21,outstanding_principal,2951003.88
loan,5f5772e8-3fdb-4557-8008-aea3fc537c21,total_outstanding,3087393.79
loan,5f5772e8-3fdb-4557-8008-aea3fc537c21,overdue_amount,1089051.41
loan,5f5772e8-3fdb-4557-8008-aea3fc537c21,emi_amount,109147.28
loan,5f5772e8-3fdb-4557-8008-aea3fc537c21,outstanding_interest,133044.04
loan,5f5772e8-3fdb-4557-8008-aea3fc537c21,penal_charges,1823.99
loan,5f5772e8-3fdb-4557-8008-aea3fc537c21,last_payment_amount,61687.1
loan,43dddd77-c81e-45f3-b178-de617423a8e8,sanctioned_amount,206000.0
loan,43dddd77-c81e-45f3-b178-de617423a8e8,disbursed_amount,195444.16
loan,43dddd77-c81e-45f3-b178-de617423a8e8,outstanding_principal,89372.14
loan,43dddd77-c81e-45f3-b178-de617423a8e8,total_outstanding,96856.99
loan,43dddd77-c81e-45f3-b178-de617423a8e8,overdue_amount,14501.29
loan,43dddd77-c81e-45f3-b178-de617423a8e8,emi_amount,4595.3
loan,43dddd77-c81e-45f3-b178-de617423a8e8,outstanding_interest,3689.5
loan,43dddd77-c81e-45f3-b178-de617423a8e8,penal_charges,1209.26
loan,43dddd77-c81e-45f3-b178-de617423a8e8,last_payment_amount,2371.9
loan,fd142269-3ee6-4e42-bd7e-c2d203648026,sanctioned_amount,2620000.0
loan,fd142269-3ee6-4e42-bd7e-c2d203648026,disbursed_amount,2481631.42
loan,fd142269-3ee6-4e42-bd7e-c2d203648026,outstanding_principal,1098763.63
loan,fd142269-3ee6-4e42-bd7e-c2d203648026,total_outstanding,1134018.1
loan,fd142269-3ee6-4e42-bd7e-c2d203648026,overdue_amount,140774.64
loan,fd142269-3ee6-4e42-bd7e-c2d203648026,emi_amount,65178.32
loan,fd142269-3ee6-4e42-bd7e-c2d203648026,outstanding_interest,26303.82
loan,fd142269-3ee6-4e42-bd7e-c2d203648026,penal_charges,6393.58
loan,fd142269-3ee6-4e42-bd7e-c2d203648026,last_payment_amount,63485.26
loan,182559cb-657a-4d6e-b0db-94b118bf7eaa,sanctioned_amount,623000.0
loan,182559cb-657a-4d6e-b0db-94b118bf7eaa,disbursed_amount,618908.76
loan,182559cb-657a-4d6e-b0db-94b118bf7eaa,outstanding_principal,486478.24
loan,182559cb-657a-4d6e-b0db-94b118bf7eaa,total_outstanding,523032.48
loan,182559cb-657a-4d6e-b0db-94b118bf7eaa,overdue_amount,44462.06
loan,182559cb-657a-4d6e-b0db-94b118bf7eaa,emi_amount,23534.76
loan,182559cb-657a-4d6e-b0db-94b118bf7eaa,outstanding_interest,32054.25
loan,182559cb-657a-4d6e-b0db-94b118bf7eaa,penal_charges,2810.13
loan,182559cb-657a-4d6e-b0db-94b118bf7eaa,last_payment_amount,10194.89
loan,0e8b2d65-4ddf-4fef-91d5-c137310767a1,sanctioned_amount,468000.0
loan,0e8b2d65-4ddf-4fef-91d5-c137310767a1,disbursed_amount,422111.65
loan,0e8b2d65-4ddf-4fef-91d5-c137310767a1,outstanding_principal,222401.4
loan,0e8b2d65-4ddf-4fef-91d5-c137310767a1,total_outstanding,237798.09
loan,0e8b2d65-4ddf-4fef-91d5-c137310767a1,overdue_amount,60924.96
loan,0e8b2d65-4ddf-4fef-91d5-c137310767a1,emi_amount,21455.01
loan,0e8b2d65-4ddf-4fef-91d5-c137310767a1,outstanding_interest,7987.73
loan,0e8b2d65-4ddf-4fef-91d5-c137310767a1,penal_charges,6431.9
loan,0e8b2d65-4ddf-4fef-91d5-c137310767a1,last_payment_amount,16531.8
loan,f1f6c29c-b389-4c9b-80b2-5b17d836f924,sanctioned_amount,592000.0
loan,f1f6c29c-b389-4c9b-80b2-5b17d836f924,disbursed_amount,588536.45
loan,f1f6c29c-b389-4c9b-80b2-5b17d836f924,outstanding_principal,448865.32
loan,f1f6c29c-b389-4c9b-80b2-5b17d836f924,total_outstanding,480017.29
loan,f1f6c29c-b389-4c9b-80b2-5b17d836f924,overdue_amount,215325.28
loan,f1f6c29c-b389-4c9b-80b2-5b17d836f924,emi_amount,54041.41
loan,f1f6c29c-b389-4c9b-80b2-5b17d836f924,outstanding_interest,26730.79
loan,f1f6c29c-b389-4c9b-80b2-5b17d836f924,penal_charges,2601.07
loan,f1f6c29c-b389-4c9b-80b2-5b17d836f924,last_payment_amount,35822.68
loan,415c6a32-6585-4cdf-bde8-b10e2a663c8e,sanctioned_amount,1759000.0
loan,415c6a32-6585-4cdf-bde8-b10e2a663c8e,disbursed_amount,1655883.44
loan,415c6a32-6585-4cdf-bde8-b10e2a663c8e,outstanding_principal,778259.56
loan,415c6a32-6585-4cdf-bde8-b10e2a663c8e,total_outstanding,795134.61
loan,415c6a32-6585-4cdf-bde8-b10e2a663c8e,overdue_amount,216238.87
loan,415c6a32-6585-4cdf-bde8-b10e2a663c8e,emi_amount,78044.74
loan,415c6a32-6585-4cdf-bde8-b10e2a663c8e,outstanding_interest,9791.19
loan,415c6a32-6585-4cdf-bde8-b10e2a663c8e,penal_charges,4795.5
loan,415c6a32-6585-4cdf-bde8-b10e2a663c8e,last_payment_amount,63508.29
loan,20400f74-9d13-417a-9208-1712de2107c5,sanctioned_amount,1139000.0
loan,20400f74-9d13-417a-9208-1712de2107c5,disbursed_amount,1128191.29
loan,20400f74-9d13-417a-9208-1712de2107c5,outstanding_principal,548988.45
loan,20400f74-9d13-417a-9208-1712de2107c5,total_outstanding,573404.49
loan,20400f74-9d13-417a-9208-1712de2107c5,overdue_amount,100739.99
loan,20400f74-9d13-417a-9208-1712de2107c5,emi_amount,55370.17
loan,20400f74-9d13-417a-9208-1712de2107c5,outstanding_interest,15853.17
loan,20400f74-9d13-417a-9208-1712de2107c5,penal_charges,7785.79
loan,20400f74-9d13-417a-9208-1712de2107c5,last_payment_amount,26107.82
loan,c69ed97c-a280-4e4a-8a45-fff7903f82be,sanctioned_amount,1668000.0
loan,c69ed97c-a280-4e4a-8a45-fff7903f82be,disbursed_amount,1511255.76
loan,c69ed97c-a280-4e4a-8a45-fff7903f82be,outstanding_principal,1431752.65
loan,c69ed97c-a280-4e4a-8a45-fff7903f82be,total_outstanding,1552154.53
loan,c69ed97c-a280-4e4a-8a45-fff7903f82be,overdue_amount,131598.19
loan,c69ed97c-a280-4e4a-8a45-fff7903f82be,emi_amount,59175.88
loan,c69ed97c-a280-4e4a-8a45-fff7903f82be,outstanding_interest,115832.42
loan,c69ed97c-a280-4e4a-8a45-fff7903f82be,penal_charges,2953.03
loan,c69ed97c-a280-4e4a-8a45-fff7903f82be,last_payment_amount,49746.81
loan,89a9f6b8-820d-4638-9d92-d7e26154c140,sanctioned_amount,3361000.0
loan,89a9f6b8-820d-4638-9d92-d7e26154c140,disbursed_amount,3309341.21
loan,89a9f6b8-820d-4638-9d92-d7e26154c140,outstanding_principal,2651260.21
loan,89a9f6b8-820d-4638-9d92-d7e26154c140,total_outstanding,2740663.49
loan,89a9f6b8-820d-4638-9d92-d7e26154c140,overdue_amount,252358.26
loan,89a9f6b8-820d-4638-9d92-d7e26154c140,emi_amount,85898.9
loan,89a9f6b8-820d-4638-9d92-d7e26154c140,outstanding_interest,85472.92
loan,89a9f6b8-820d-4638-9d92-d7e26154c140,penal_charges,2576.49
loan,89a9f6b8-820d-4638-9d92-d7e26154c140,last_payment_amount,38123.26
loan,bdc5787c-9532-473b-b01f-21ff4ec28636,sanctioned_amount,1237000.0
loan,bdc5787c-9532-473b-b01f-21ff4ec28636,disbursed_amount,1223318.41
loan,bdc5787c-9532-473b-b01f-21ff4ec28636,outstanding_principal,442013.06
loan,bdc5787c-9532-473b-b01f-21ff4ec28636,total_outstanding,454845.47
loan,bdc5787c-9532-473b-b01f-21ff4ec28636,overdue_amount,83688.92
loan,bdc5787c-9532-473b-b01f-21ff4ec28636,emi_amount,42779.41
loan,bdc5787c-9532-473b-b01f-21ff4ec28636,outstanding_interest,9722.34
loan,bdc5787c-9532-473b-b01f-21ff4ec28636,penal_charges,2441.4
loan,bdc5787c-9532-473b-b01f-21ff4ec28636,last_payment_amount,33888.46
loan,005c9e15-105d-4e45-86af-ec6af4095843,sanctioned_amount,273000.0
loan,005c9e15-105d-4e45-86af-ec6af4095843,disbursed_amount,266802.68
loan,005c9e15-105d-4e45-86af-ec6af4095843,outstanding_principal,189737.5
loan,005c9e15-105d-4e45-86af-ec6af4095843,total_outstanding,204684.21
loan,005c9e15-105d-4e45-86af-ec6af4095843,overdue_amount,27464.5
loan,005c9e15-105d-4e45-86af-ec6af4095843,emi_amount,12670.01
loan,005c9e15-105d-4e45-86af-ec6af4095843,outstanding_interest,7532.16
loan,005c9e15-105d-4e45-86af-ec6af4095843,penal_charges,4550.57
loan,005c9e15-105d-4e45-86af-ec6af4095843,last_payment_amount,10071.39
loan,eb93c208-3d6e-4f5b-ad09-76aacc1f1565,sanctioned_amount,91000.0
loan,eb93c208-3d6e-4f5b-ad09-76aacc1f1565,disbursed_amount,88928.34
loan,eb93c208-3d6e-4f5b-ad09-76aacc1f1565,outstanding_principal,32481.46
loan,eb93c208-3d6e-4f5b-ad09-76aacc1f1565,total_outstanding,35753.16
loan,eb93c208-3d6e-4f5b-ad09-76aacc1f1565,overdue_amount,5026.41
loan,eb93c208-3d6e-4f5b-ad09-76aacc1f1565,emi_amount,2271.81
loan,eb93c208-3d6e-4f5b-ad09-76aacc1f1565,outstanding_interest,1059.68
loan,eb93c208-3d6e-4f5b-ad09-76aacc1f1565,penal_charges,2064.38
loan,eb93c208-3d6e-4f5b-ad09-76aacc1f1565,last_payment_amount,1959.64
loan,1f41983b-7da8-42ee-8b76-6a7d347f6632,sanctioned_amount,4696000.0
loan,1f41983b-7da8-42ee-8b76-6a7d347f6632,disbursed_amount,4468946.61
loan,1f41983b-7da8-42ee-8b76-6a7d347f6632,outstanding_principal,3550065.05
loan,1f41983b-7da8-42ee-8b76-6a7d347f6632,total_outstanding,3631372.28
loan,1f41983b-7da8-42ee-8b76-6a7d347f6632,overdue_amount,484607.56
loan,1f41983b-7da8-42ee-8b76-6a7d347f6632,emi_amount,210954.42
loan,1f41983b-7da8-42ee-8b76-6a7d347f6632,outstanding_interest,77062.79
loan,1f41983b-7da8-42ee-8b76-6a7d347f6632,penal_charges,3613.46
loan,1f41983b-7da8-42ee-8b76-6a7d347f6632,last_payment_amount,144880.83
loan,8ae69813-f5f9-4438-bed9-4c216112deae,sanctioned_amount,319000.0
loan,8ae69813-f5f9-4438-bed9-4c216112deae,disbursed_amount,299869.84
loan,8ae69813-f5f9-4438-bed9-4c216112deae,outstanding_principal,255465.35
loan,8ae69813-f5f9-4438-bed9-4c216112deae,total_outstanding,272306.39
loan,8ae69813-f5f9-4438-bed9-4c216112deae,overdue_amount,37943.87
loan,8ae69813-f5f9-4438-bed9-4c216112deae,emi_amount,11452.93
loan,8ae69813-f5f9-4438-bed9-4c216112deae,outstanding_interest,11086.71
loan,8ae69813-f5f9-4438-bed9-4c216112deae,penal_charges,2755.21
loan,8ae69813-f5f9-4438-bed9-4c216112deae,last_payment_amount,4690.09
loan,a4f56e56-8fd4-4a9e-98f0-06c44d222118,sanctioned_amount,61000.0
loan,a4f56e56-8fd4-4a9e-98f0-06c44d222118,disbursed_amount,55680.48
loan,a4f56e56-8fd4-4a9e-98f0-06c44d222118,outstanding_principal,21532.14
loan,a4f56e56-8fd4-4a9e-98f0-06c44d222118,total_outstanding,28882.41
loan,a4f56e56-8fd4-4a9e-98f0-06c44d222118,overdue_amount,3290.75
loan,a4f56e56-8fd4-4a9e-98f0-06c44d222118,emi_amount,988.3
loan,a4f56e56-8fd4-4a9e-98f0-06c44d222118,outstanding_interest,778.02
loan,a4f56e56-8fd4-4a9e-98f0-06c44d222118,penal_charges,5457.14
loan,a4f56e56-8fd4-4a9e-98f0-06c44d222118,last_payment_amount,497.56
loan,f600e2f7-9ca7-44a8-be24-2ae3c19e2138,sanctioned_amount,235000.0
loan,f600e2f7-9ca7-44a8-be24-2ae3c19e2138,disbursed_amount,229984.08
loan,f600e2f7-9ca7-44a8-be24-2ae3c19e2138,outstanding_principal,131990.27
loan,f600e2f7-9ca7-44a8-be24-2ae3c19e2138,total_outstanding,137006.07
loan,f600e2f7-9ca7-44a8-be24-2ae3c19e2138,overdue_amount,22093.98
loan,f600e2f7-9ca7-44a8-be24-2ae3c19e2138,emi_amount,10657.21
loan,f600e2f7-9ca7-44a8-be24-2ae3c19e2138,outstanding_interest,4224.72
loan,f600e2f7-9ca7-44a8-be24-2ae3c19e2138,penal_charges,713.59
loan,f600e2f7-9ca7-44a8-be24-2ae3c19e2138,last_payment_amount,8962.4
loan,c08282b9-a21f-41d8-8952-42854c2e0e99,sanctioned_amount,3595000.0
loan,c08282b9-a21f-41d8-8952-42854c2e0e99,disbursed_amount,3296521.61
loan,c08282b9-a21f-41d8-8952-42854c2e0e99,outstanding_principal,1984274.36
loan,c08282b9-a21f-41d8-8952-42854c2e0e99,total_outstanding,2011653.46
loan,c08282b9-a21f-41d8-8952-42854c2e0e99,overdue_amount,742898.44
loan,c08282b9-a21f-41d8-8952-42854c2e0e99,emi_amount,108551.93
loan,c08282b9-a21f-41d8-8952-42854c2e0e99,outstanding_interest,22150.62
loan,c08282b9-a21f-41d8-8952-42854c2e0e99,penal_charges,3983.25
loan,c08282b9-a21f-41d8-8952-42854c2e0e99,last_payment_amount,74439.06
loan,1566f390-22b9-4589-be81-c470bc75a080,sanctioned_amount,2780000.0
loan,1566f390-22b9-4589-be81-c470bc75a080,disbursed_amount,2687824.08
loan,1566f390-22b9-4589-be81-c470bc75a080,outstanding_principal,1257289.54
loan,1566f390-22b9-4589-be81-c470bc75a080,total_outstanding,1285398.8
loan,1566f390-22b9-4589-be81-c470bc75a080,overdue_amount,248638.58
loan,1566f390-22b9-4589-be81-c470bc75a080,emi_amount,69925.4
loan,1566f390-22b9-4589-be81-c470bc75a080,outstanding_interest,19865.43
loan,1566f390-22b9-4589-be81-c470bc75a080,penal_charges,7567.17
loan,1566f390-22b9-4589-be81-c470bc75a080,last_payment_amount,37461.42
loan,249effaa-b709-4c2a-b3c1-e5c118ecefe2,sanctioned_amount,3839000.0
loan,249effaa-b709-4c2a-b3c1-e5c118ecefe2,disbursed_amount,3653539.58
loan,249effaa-b709-4c2a-b3c1-e5c118ecefe2,outstanding_principal,1997632.72
loan,249effaa-b709-4c2a-b3c1-e5c118ecefe2,total_outstanding,2092449.23
loan,249effaa-b709-4c2a-b3c1-e5c118ecefe2,overdue_amount,511145.37
loan,249effaa-b709-4c2a-b3c1-e5c118ecefe2,emi_amount,143007.12
loan,249effaa-b709-4c2a-b3c1-e5c118ecefe2,outstanding_interest,86241.18
loan,249effaa-b709-4c2a-b3c1-e5c118ecefe2,penal_charges,6023.08
loan,249effaa-b709-4c2a-b3c1-e5c118ecefe2,last_payment_amount,58431.71
loan,0e723fb6-3ae5-4c4d-aa77-7d5d2362b5f0,sanctioned_amount,259000.0
loan,0e723fb6-3ae5-4c4d-aa77-7d5d2362b5f0,disbursed_amount,247917.05
loan,0e723fb6-3ae5-4c4d-aa77-7d5d2362b5f0,outstanding_principal,147112.52
loan,0e723fb6-3ae5-4c4d-aa77-7d5d2362b5f0,total_outstanding,159491.24
loan,0e723fb6-3ae5-4c4d-aa77-7d5d2362b5f0,overdue_amount,17374.63
loan,0e723fb6-3ae5-4c4d-aa77-7d5d2362b5f0,emi_amount,8811.04
loan,0e723fb6-3ae5-4c4d-aa77-7d5d2362b5f0,outstanding_interest,8588.1
loan,0e723fb6-3ae5-4c4d-aa77-7d5d2362b5f0,penal_charges,2471.03
loan,0e723fb6-3ae5-4c4d-aa77-7d5d2362b5f0,last_payment_amount,5307.35
loan,428bb16a-19c3-4fcf-960e-9a21ca10fc6a,sanctioned_amount,3206000.0
loan,428bb16a-19c3-4fcf-960e-9a21ca10fc6a,disbursed_amount,3031694.91
loan,428bb16a-19c3-4fcf-960e-9a21ca10fc6a,outstanding_principal,1539246.1
loan,428bb16a-19c3-4fcf-960e-9a21ca10fc6a,total_outstanding,1592432.65
loan,428bb16a-19c3-4fcf-960e-9a21ca10fc6a,overdue_amount,82864.62
loan,428bb16a-19c3-4fcf-960e-9a21ca10fc6a,emi_amount,42366.3
loan,428bb16a-19c3-4fcf-960e-9a21ca10fc6a,outstanding_interest,50865.99
loan,428bb16a-19c3-4fcf-960e-9a21ca10fc6a,penal_charges,690.6
loan,428bb16a-19c3-4fcf-960e-9a21ca10fc6a,last_payment_amount,20003.95
loan,27a1e140-d797-47ed-8e5e-ace07bbd574c,sanctioned_amount,3084000.0
loan,27a1e140-d797-47ed-8e5e-ace07bbd574c,disbursed_amount,3079161.73
loan,27a1e140-d797-47ed-8e5e-ace07bbd574c,outstanding_principal,1812194.02
loan,27a1e140-d797-47ed-8e5e-ace07bbd574c,total_outstanding,1884261.21
loan,27a1e140-d797-47ed-8e5e-ace07bbd574c,overdue_amount,392667.97
loan,27a1e140-d797-47ed-8e5e-ace07bbd574c,emi_amount,42697.51
loan,27a1e140-d797-47ed-8e5e-ace07bbd574c,outstanding_interest,67585.57
loan,27a1e140-d797-47ed-8e5e-ace07bbd574c,penal_charges,1961.58
loan,27a1e140-d797-47ed-8e5e-ace07bbd574c,last_payment_amount,37580.47
loan,ada62e6e-a761-48f4-b3a8-1d33d055ca49,sanctioned_amount,223000.0
loan,ada62e6e-a761-48f4-b3a8-1d33d055ca49,disbursed_amount,202933.08
loan,ada62e6e-a761-48f4-b3a8-1d33d055ca49,outstanding_principal,173699.2
loan,ada62e6e-a761-48f4-b3a8-1d33d055ca49,total_outstanding,189145.91
loan,ada62e6e-a761-48f4-b3a8-1d33d055ca49,overdue_amount,19436.75
loan,ada62e6e-a761-48f4-b3a8-1d33d055ca49,emi_amount,3617.02
loan,ada62e6e-a761-48f4-b3a8-1d33d055ca49,outstanding_interest,6051.27
loan,ada62e6e-a761-48f4-b3a8-1d33d055ca49,penal_charges,7566.44
loan,ada62e6e-a761-48f4-b3a8-1d33d055ca49,last_payment_amount,3402.07
loan,6404d812-af86-4ab9-9454-760be2b69045,sanctioned_amount,167000.0
loan,6404d812-af86-4ab9-9454-760be2b69045,disbursed_amount,151550.34
loan,6404d812-af86-4ab9-9454-760be2b69045,outstanding_principal,108793.5
loan,6404d812-af86-4ab9-9454-760be2b69045,total_outstanding,120148.29
loan,6404d812-af86-4ab9-9454-760be2b69045,overdue_amount,5827.52
loan,6404d812-af86-4ab9-9454-760be2b69045,emi_amount,3357.77
loan,6404d812-af86-4ab9-9454-760be2b69045,outstanding_interest,7345.6
loan,6404d812-af86-4ab9-9454-760be2b69045,penal_charges,3577.82
loan,6404d812-af86-4ab9-9454-760be2b69045,last_payment_amount,2927.26
loan,cc48abe0-ec62-4ba0-9e8c-78aeeea9ea71,sanctioned_amount,148000.0
loan,cc48abe0-ec62-4ba0-9e8c-78aeeea9ea71,disbursed_amount,136549.31
loan,cc48abe0-ec62-4ba0-9e8c-78aeeea9ea71,outstanding_principal,107271.42
loan,cc48abe0-ec62-4ba0-9e8c-78aeeea9ea71,total_outstanding,115692.64
loan,cc48abe0-ec62-4ba0-9e8c-78aeeea9ea71,overdue_amount,45250.17
loan,cc48abe0-ec62-4ba0-9e8c-78aeeea9ea71,emi_amount,7170.99
loan,cc48abe0-ec62-4ba0-9e8c-78aeeea9ea71,outstanding_interest,5950.26
loan,cc48abe0-ec62-4ba0-9e8c-78aeeea9ea71,penal_charges,2043.73
loan,cc48abe0-ec62-4ba0-9e8c-78aeeea9ea71,last_payment_amount,6188.53
loan,e5d16327-2689-47e4-aa54-c4370ecd687f,sanctioned_amount,4378000.0
loan,e5d16327-2689-47e4-aa54-c4370ecd687f,disbursed_amount,4265446.76
loan,e5d16327-2689-47e4-aa54-c4370ecd687f,outstanding_principal,3823135.7
loan,e5d16327-2689-47e4-aa54-c4370ecd687f,total_outstanding,3939884.9
loan,e5d16327-2689-47e4-aa54-c4370ecd687f,overdue_amount,2167366.42
loan,e5d16327-2689-47e4-aa54-c4370ecd687f,emi_amount,387736.99
loan,e5d16327-2689-47e4-aa54-c4370ecd687f,outstanding_interest,107694.99
loan,e5d16327-2689-47e4-aa54-c4370ecd687f,penal_charges,7909.7
loan,e5d16327-2689-47e4-aa54-c4370ecd687f,last_payment_amount,207354.01
loan,91d5039a-2aca-407c-9ed2-a68e806a4ce5,sanctioned_amount,1024000.0
loan,91d5039a-2aca-407c-9ed2-a68e806a4ce5,disbursed_amount,946308.36
loan,91d5039a-2aca-407c-9ed2-a68e806a4ce5,outstanding_principal,570628.17
loan,91d5039a-2aca-407c-9ed2-a68e806a4ce5,total_outstanding,606927.5
loan,91d5039a-2aca-407c-9ed2-a68e806a4ce5,overdue_amount,165116.99
loan,91d5039a-2aca-407c-9ed2-a68e806a4ce5,emi_amount,29762.87
loan,91d5039a-2aca-407c-9ed2-a68e806a4ce5,outstanding_interest,31525.64
loan,91d5039a-2aca-407c-9ed2-a68e806a4ce5,penal_charges,2601.53
loan,91d5039a-2aca-407c-9ed2-a68e806a4ce5,last_payment_amount,13389.01
loan,fa45b3e9-7ebe-4de2-ae61-23f4a3c18b50,sanctioned_amount,3569000.0
loan,fa45b3e9-7ebe-4de2-ae61-23f4a3c18b50,disbursed_amount,3306947.66
loan,fa45b3e9-7ebe-4de2-ae61-23f4a3c18b50,outstanding_principal,2361108.95
loan,fa45b3e9-7ebe-4de2-ae61-23f4a3c18b50,total_outstanding,2501805.15
loan,fa45b3e9-7ebe-4de2-ae61-23f4a3c18b50,overdue_amount,300617.55
loan,fa45b3e9-7ebe-4de2-ae61-23f4a3c18b50,emi_amount,72824.84
loan,fa45b3e9-7ebe-4de2-ae61-23f4a3c18b50,outstanding_interest,131665.58
loan,fa45b3e9-7ebe-4de2-ae61-23f4a3c18b50,penal_charges,7027.95
loan,fa45b3e9-7ebe-4de2-ae61-23f4a3c18b50,last_payment_amount,34262.92
loan,aa38b925-9284-4a6e-8a11-5312311c62c3,sanctioned_amount,1107000.0
loan,aa38b925-9284-4a6e-8a11-5312311c62c3,disbursed_amount,1086551.89
loan,aa38b925-9284-4a6e-8a11-5312311c62c3,outstanding_principal,667302.64
loan,aa38b925-9284-4a6e-8a11-5312311c62c3,total_outstanding,696634.15
loan,aa38b925-9284-4a6e-8a11-5312311c62c3,overdue_amount,223315.92
loan,aa38b925-9284-4a6e-8a11-5312311c62c3,emi_amount,100681.34
loan,aa38b925-9284-4a6e-8a11-5312311c62c3,outstanding_interest,27355.86
loan,aa38b925-9284-4a6e-8a11-5312311c62c3,penal_charges,779.57
loan,aa38b925-9284-4a6e-8a11-5312311c62c3,last_payment_amount,53323.23
loan,faea680c-90ae-4a8f-a6fe-eeb1d152ed8a,sanctioned_amount,695000.0
loan,faea680c-90ae-4a8f-a6fe-eeb1d152ed8a,disbursed_amount,681231.72
loan,faea680c-90ae-4a8f-a6fe-eeb1d152ed8a,outstanding_principal,572930.22
loan,faea680c-90ae-4a8f-a6fe-eeb1d152ed8a,total_outstanding,596649.52
loan,faea680c-90ae-4a8f-a6fe-eeb1d152ed8a,overdue_amount,90854.69
loan,faea680c-90ae-4a8f-a6fe-eeb1d152ed8a,emi_amount,13258.73
loan,faea680c-90ae-4a8f-a6fe-eeb1d152ed8a,outstanding_interest,20016.02
loan,faea680c-90ae-4a8f-a6fe-eeb1d152ed8a,penal_charges,2365.26
loan,faea680c-90ae-4a8f-a6fe-eeb1d152ed8a,last_payment_amount,9746.32
loan,2aba6ef7-4d66-488a-b6e3-8313a57b33e8,sanctioned_amount,235000.0
loan,2aba6ef7-4d66-488a-b6e3-8313a57b33e8,disbursed_amount,231350.92
loan,2aba6ef7-4d66-488a-b6e3-8313a57b33e8,outstanding_principal,183673.1
loan,2aba6ef7-4d66-488a-b6e3-8313a57b33e8,total_outstanding,203044.34
loan,2aba6ef7-4d66-488a-b6e3-8313a57b33e8,overdue_amount,24337.57
loan,2aba6ef7-4d66-488a-b6e3-8313a57b33e8,emi_amount,8834.56
loan,2aba6ef7-4d66-488a-b6e3-8313a57b33e8,outstanding_interest,12352.23
loan,2aba6ef7-4d66-488a-b6e3-8313a57b33e8,penal_charges,6715.12
loan,2aba6ef7-4d66-488a-b6e3-8313a57b33e8,last_payment_amount,6829.82
loan,ad1ab0ac-a924-494c-bf7b-38833e2b2142,sanctioned_amount,543000.0
loan,ad1ab0ac-a924-494c-bf7b-38833e2b2142,disbursed_amount,507737.25
loan,ad1ab0ac-a924-494c-bf7b-38833e2b2142,outstanding_principal,276034.33
loan,ad1ab0ac-a924-494c-bf7b-38833e2b2142,total_outstanding,291919.29
loan,ad1ab0ac-a924-494c-bf7b-38833e2b2142,overdue_amount,78697.14
loan,ad1ab0ac-a924-494c-bf7b-38833e2b2142,emi_amount,19202.78
loan,ad1ab0ac-a924-494c-bf7b-38833e2b2142,outstanding_interest,6468.05
loan,ad1ab0ac-a924-494c-bf7b-38833e2b2142,penal_charges,7316.23
loan,ad1ab0ac-a924-494c-bf7b-38833e2b2142,last_payment_amount,9969.54
loan,2e7cc40b-a10b-4b4f-8f80-fb4580922c80,sanctioned_amount,475000.0
loan,2e7cc40b-a10b-4b4f-8f80-fb4580922c80,disbursed_amount,446345.95
loan,2e7cc40b-a10b-4b4f-8f80-fb4580922c80,outstanding_principal,374369.92
loan,2e7cc40b-a10b-4b4f-8f80-fb4580922c80,total_outstanding,406790.05
loan,2e7cc40b-a10b-4b4f-8f80-fb4580922c80,overdue_amount,196868.85
loan,2e7cc40b-a10b-4b4f-8f80-fb4580922c80,emi_amount,41968.53
loan,2e7cc40b-a10b-4b4f-8f80-fb4580922c80,outstanding_interest,27397.7
loan,2e7cc40b-a10b-4b4f-8f80-fb4580922c80,penal_charges,4775.8
loan,2e7cc40b-a10b-4b4f-8f80-fb4580922c80,last_payment_amount,29239.3
loan,64f393db-4e26-4d38-bac9-7e6d8ebb2234,sanctioned_amount,111000.0
loan,64f393db-4e26-4d38-bac9-7e6d8ebb2234,disbursed_amount,101513.68
loan,64f393db-4e26-4d38-bac9-7e6d8ebb2234,outstanding_principal,86566.65
loan,64f393db-4e26-4d38-bac9-7e6d8ebb2234,total_outstanding,94915.99
loan,64f393db-4e26-4d38-bac9-7e6d8ebb2234,overdue_amount,55573.3
loan,64f393db-4e26-4d38-bac9-7e6d8ebb2234,emi_amount,9122.03
loan,64f393db-4e26-4d38-bac9-7e6d8ebb2234,outstanding_interest,2351.73
loan,64f393db-4e26-4d38-bac9-7e6d8ebb2234,penal_charges,4760.64
loan,64f393db-4e26-4d38-bac9-7e6d8ebb2234,last_payment_amount,7516.99
loan,3bcaf15d-cb0d-45e2-b5b1-7ac03ec72a19,sanctioned_amount,158000.0
loan,3bcaf15d-cb0d-45e2-b5b1-7ac03ec72a19,disbursed_amount,147258.44
loan,3bcaf15d-cb0d-45e2-b5b1-7ac03ec72a19,outstanding_principal,73354.91
loan,3bcaf15d-cb0d-45e2-b5b1-7ac03ec72a19,total_outstanding,86044.4
loan,3bcaf15d-cb0d-45e2-b5b1-7ac03ec72a19,overdue_amount,5050.13
loan,3bcaf15d-cb0d-45e2-b5b1-7ac03ec72a19,emi_amount,2841.53
loan,3bcaf15d-cb0d-45e2-b5b1-7ac03ec72a19,outstanding_interest,2479.25
loan,3bcaf15d-cb0d-45e2-b5b1-7ac03ec72a19,penal_charges,7857.58
loan,3bcaf15d-cb0d-45e2-b5b1-7ac03ec72a19,last_payment_amount,1315.3
loan,71c5cdba-a7b8-4019-9df5-9384c6b47a68,sanctioned_amount,3757000.0
loan,71c5cdba-a7b8-4019-9df5-9384c6b47a68,disbursed_amount,3689778.83
loan,71c5cdba-a7b8-4019-9df5-9384c6b47a68,outstanding_principal,2310330.38
loan,71c5cdba-a7b8-4019-9df5-9384c6b47a68,total_outstanding,2374458.72
loan,71c5cdba-a7b8-4019-9df5-9384c6b47a68,overdue_amount,383901.37
loan,71c5cdba-a7b8-4019-9df5-9384c6b47a68,emi_amount,124564.17
loan,71c5cdba-a7b8-4019-9df5-9384c6b47a68,outstanding_interest,60156.04
loan,71c5cdba-a7b8-4019-9df5-9384c6b47a68,penal_charges,984.93
loan,71c5cdba-a7b8-4019-9df5-9384c6b47a68,last_payment_amount,116779.53
loan,5c1e5558-9586-4d31-9504-dfcc6c6b32c3,sanctioned_amount,725000.0
loan,5c1e5558-9586-4d31-9504-dfcc6c6b32c3,disbursed_amount,693807.14
loan,5c1e5558-9586-4d31-9504-dfcc6c6b32c3,outstanding_principal,447148.91
loan,5c1e5558-9586-4d31-9504-dfcc6c6b32c3,total_outstanding,483790.88
loan,5c1e5558-9586-4d31-9504-dfcc6c6b32c3,overdue_amount,38059.03
loan,5c1e5558-9586-4d31-9504-dfcc6c6b32c3,emi_amount,16798.29
loan,5c1e5558-9586-4d31-9504-dfcc6c6b32c3,outstanding_interest,28099.81
loan,5c1e5558-9586-4d31-9504-dfcc6c6b32c3,penal_charges,7896.55
loan,5c1e5558-9586-4d31-9504-dfcc6c6b32c3,last_payment_amount,10050.75
loan,a0b272c9-8bab-432c-8166-169bf69bb029,sanctioned_amount,948000.0
loan,a0b272c9-8bab-432c-8166-169bf69bb029,disbursed_amount,934987.19
loan,a0b272c9-8bab-432c-8166-169bf69bb029,outstanding_principal,656799.15
loan,a0b272c9-8bab-432c-8166-169bf69bb029,total_outstanding,703822.36
loan,a0b272c9-8bab-432c-8166-169bf69bb029,overdue_amount,307492.6
loan,a0b272c9-8bab-432c-8166-169bf69bb029,emi_amount,88227.7
loan,a0b272c9-8bab-432c-8166-169bf69bb029,outstanding_interest,44804.86
loan,a0b272c9-8bab-432c-8166-169bf69bb029,penal_charges,977.22
loan,a0b272c9-8bab-432c-8166-169bf69bb029,last_payment_amount,36852.05
loan,48a4316a-42e5-4648-9fd3-9a5d6089100f,sanctioned_amount,698000.0
loan,48a4316a-42e5-4648-9fd3-9a5d6089100f,disbursed_amount,668265.4
loan,48a4316a-42e5-4648-9fd3-9a5d6089100f,outstanding_principal,513126.94
loan,48a4316a-42e5-4648-9fd3-9a5d6089100f,total_outstanding,529439.08
loan,48a4316a-42e5-4648-9fd3-9a5d6089100f,overdue_amount,102560.11
loan,48a4316a-42e5-4648-9fd3-9a5d6089100f,emi_amount,21523.89
loan,48a4316a-42e5-4648-9fd3-9a5d6089100f,outstanding_interest,14027.7
loan,48a4316a-42e5-4648-9fd3-9a5d6089100f,penal_charges,1218.97
loan,48a4316a-42e5-4648-9fd3-9a5d6089100f,last_payment_amount,11536.46
loan,169806ab-f404-4fa4-b662-74df62e53f97,sanctioned_amount,135000.0
loan,169806ab-f404-4fa4-b662-74df62e53f97,disbursed_amount,133370.57
loan,169806ab-f404-4fa4-b662-74df62e53f97,outstanding_principal,54321.06
loan,169806ab-f404-4fa4-b662-74df62e53f97,total_outstanding,56370.35
loan,169806ab-f404-4fa4-b662-74df62e53f97,overdue_amount,6621.24
loan,169806ab-f404-4fa4-b662-74df62e53f97,emi_amount,2890.01
loan,169806ab-f404-4fa4-b662-74df62e53f97,outstanding_interest,474.37
loan,169806ab-f404-4fa4-b662-74df62e53f97,penal_charges,594.34
loan,169806ab-f404-4fa4-b662-74df62e53f97,last_payment_amount,2813.21
loan,b14e2fa1-ba6a-45a7-851c-f13184388aa6,sanctioned_amount,2708000.0
loan,b14e2fa1-ba6a-45a7-851c-f13184388aa6,disbursed_amount,2684336.04
loan,b14e2fa1-ba6a-45a7-851c-f13184388aa6,outstanding_principal,2077194.36
loan,b14e2fa1-ba6a-45a7-851c-f13184388aa6,total_outstanding,2202595.77
loan,b14e2fa1-ba6a-45a7-851c-f13184388aa6,overdue_amount,124186.0
loan,b14e2fa1-ba6a-45a7-851c-f13184388aa6,emi_amount,68744.16
loan,b14e2fa1-ba6a-45a7-851c-f13184388aa6,outstanding_interest,121328.05
loan,b14e2fa1-ba6a-45a7-851c-f13184388aa6,penal_charges,1616.37
loan,b14e2fa1-ba6a-45a7-851c-f13184388aa6,last_payment_amount,60792.03
loan,1ea7594b-86be-48c4-86bd-8413c10c54ab,sanctioned_amount,77000.0
loan,1ea7594b-86be-48c4-86bd-8413c10c54ab,disbursed_amount,76231.78
loan,1ea7594b-86be-48c4-86bd-8413c10c54ab,outstanding_principal,68761.02
loan,1ea7594b-86be-48c4-86bd-8413c10c54ab,total_outstanding,78424.9
loan,1ea7594b-86be-48c4-86bd-8413c10c54ab,overdue_amount,4273.29
loan,1ea7594b-86be-48c4-86bd-8413c10c54ab,emi_amount,1893.21
loan,1ea7594b-86be-48c4-86bd-8413c10c54ab,outstanding_interest,3887.49
loan,1ea7594b-86be-48c4-86bd-8413c10c54ab,penal_charges,4609.85
loan,1ea7594b-86be-48c4-86bd-8413c10c54ab,last_payment_amount,1141.62
loan,f1e4b15b-d9cd-426d-9356-e56f286f8188,sanctioned_amount,1281000.0
loan,f1e4b15b-d9cd-426d-9356-e56f286f8188,disbursed_amount,1158227.73
loan,f1e4b15b-d9cd-426d-9356-e56f286f8188,outstanding_principal,897142.88
loan,f1e4b15b-d9cd-426d-9356-e56f286f8188,total_outstanding,933291.04
loan,f1e4b15b-d9cd-426d-9356-e56f286f8188,overdue_amount,131216.21
loan,f1e4b15b-d9cd-426d-9356-e56f286f8188,emi_amount,29834.27
loan,f1e4b15b-d9cd-426d-9356-e56f286f8188,outstanding_interest,29758.79
loan,f1e4b15b-d9cd-426d-9356-e56f286f8188,penal_charges,4398.83
loan,f1e4b15b-d9cd-426d-9356-e56f286f8188,last_payment_amount,16991.72
loan,87ce57a0-b54e-4a8c-963c-f358a52ba258,sanctioned_amount,652000.0
loan,87ce57a0-b54e-4a8c-963c-f358a52ba258,disbursed_amount,615171.05
loan,87ce57a0-b54e-4a8c-963c-f358a52ba258,outstanding_principal,422469.82
loan,87ce57a0-b54e-4a8c-963c-f358a52ba258,total_outstanding,444250.16
loan,87ce57a0-b54e-4a8c-963c-f358a52ba258,overdue_amount,153735.96
loan,87ce57a0-b54e-4a8c-963c-f358a52ba258,emi_amount,54413.88
loan,87ce57a0-b54e-4a8c-963c-f358a52ba258,outstanding_interest,11525.96
loan,87ce57a0-b54e-4a8c-963c-f358a52ba258,penal_charges,7942.16
loan,87ce57a0-b54e-4a8c-963c-f358a52ba258,last_payment_amount,27906.01
loan,ce21f9b0-c883-4be4-ac70-6e3c67ba9827,sanctioned_amount,273000.0
loan,ce21f9b0-c883-4be4-ac70-6e3c67ba9827,disbursed_amount,263197.46
loan,ce21f9b0-c883-4be4-ac70-6e3c67ba9827,outstanding_principal,152902.15
loan,ce21f9b0-c883-4be4-ac70-6e3c67ba9827,total_outstanding,167077.15
loan,ce21f9b0-c883-4be4-ac70-6e3c67ba9827,overdue_amount,14208.0
loan,ce21f9b0-c883-4be4-ac70-6e3c67ba9827,emi_amount,7024.42
loan,ce21f9b0-c883-4be4-ac70-6e3c67ba9827,outstanding_interest,5444.4
loan,ce21f9b0-c883-4be4-ac70-6e3c67ba9827,penal_charges,6678.1
loan,ce21f9b0-c883-4be4-ac70-6e3c67ba9827,last_payment_amount,4953.95
loan,75bb5a95-b343-4564-8be9-53ed37356c2c,sanctioned_amount,278000.0
loan,75bb5a95-b343-4564-8be9-53ed37356c2c,disbursed_amount,270005.01
loan,75bb5a95-b343-4564-8be9-53ed37356c2c,outstanding_principal,198251.91
loan,75bb5a95-b343-4564-8be9-53ed37356c2c,total_outstanding,204205.32
loan,75bb5a95-b343-4564-8be9-53ed37356c2c,overdue_amount,42542.66
loan,75bb5a95-b343-4564-8be9-53ed37356c2c,emi_amount,12587.04
loan,75bb5a95-b343-4564-8be9-53ed37356c2c,outstanding_interest,1840.02
loan,75bb5a95-b343-4564-8be9-53ed37356c2c,penal_charges,2045.22
loan,75bb5a95-b343-4564-8be9-53ed37356c2c,last_payment_amount,10016.22
loan,0bf68863-54ec-456f-9eb6-f9ebe1be540a,sanctioned_amount,1485000.0
loan,0bf68863-54ec-456f-9eb6-f9ebe1be540a,disbursed_amount,1472761.18
loan,0bf68863-54ec-456f-9eb6-f9ebe1be540a,outstanding_principal,1064892.12
loan,0bf68863-54ec-456f-9eb6-f9ebe1be540a,total_outstanding,1097539.63
loan,0bf68863-54ec-456f-9eb6-f9ebe1be540a,overdue_amount,161897.97
loan,0bf68863-54ec-456f-9eb6-f9ebe1be540a,emi_amount,71849.06
loan,0bf68863-54ec-456f-9eb6-f9ebe1be540a,outstanding_interest,24914.02
loan,0bf68863-54ec-456f-9eb6-f9ebe1be540a,penal_charges,5602.97
loan,0bf68863-54ec-456f-9eb6-f9ebe1be540a,last_payment_amount,69274.25
loan,6ed61914-91d7-4e38-9874-af6982d9ac28,sanctioned_amount,312000.0
loan,6ed61914-91d7-4e38-9874-af6982d9ac28,disbursed_amount,289476.3
loan,6ed61914-91d7-4e38-9874-af6982d9ac28,outstanding_principal,205550.69
loan,6ed61914-91d7-4e38-9874-af6982d9ac28,total_outstanding,224200.62
loan,6ed61914-91d7-4e38-9874-af6982d9ac28,overdue_amount,23654.51
loan,6ed61914-91d7-4e38-9874-af6982d9ac28,emi_amount,6105.08
loan,6ed61914-91d7-4e38-9874-af6982d9ac28,outstanding_interest,11582.54
loan,6ed61914-91d7-4e38-9874-af6982d9ac28,penal_charges,5720.01
loan,6ed61914-91d7-4e38-9874-af6982d9ac28,last_payment_amount,5746.9
loan,74449b9e-ca4a-4080-a3ae-2337a172f911,sanctioned_amount,693000.0
loan,74449b9e-ca4a-4080-a3ae-2337a172f911,disbursed_amount,689903.48
loan,74449b9e-ca4a-4080-a3ae-2337a172f911,outstanding_principal,360035.36
loan,74449b9e-ca4a-4080-a3ae-2337a172f911,total_outstanding,389832.34
loan,74449b9e-ca4a-4080-a3ae-2337a172f911,overdue_amount,42683.86
loan,74449b9e-ca4a-4080-a3ae-2337a172f911,emi_amount,15324.42
loan,74449b9e-ca4a-4080-a3ae-2337a172f911,outstanding_interest,22404.84
loan,74449b9e-ca4a-4080-a3ae-2337a172f911,penal_charges,6207.42
loan,74449b9e-ca4a-4080-a3ae-2337a172f911,last_payment_amount,11230.5
loan,a4f264d4-e4e6-4077-a9e5-e2b554e1f5d6,sanctioned_amount,82000.0
loan,a4f264d4-e4e6-4077-a9e5-e2b554e1f5d6,disbursed_amount,74713.53
loan,a4f264d4-e4e6-4077-a9e5-e2b554e1f5d6,outstanding_principal,57243.27
loan,a4f264d4-e4e6-4077-a9e5-e2b554e1f5d6,total_outstanding,63332.12
loan,a4f264d4-e4e6-4077-a9e5-e2b554e1f5d6,overdue_amount,3754.62
loan,a4f264d4-e4e6-4077-a9e5-e2b554e1f5d6,emi_amount,1914.09
loan,a4f264d4-e4e6-4077-a9e5-e2b554e1f5d6,outstanding_interest,592.05
loan,a4f264d4-e4e6-4077-a9e5-e2b554e1f5d6,penal_charges,3281.76
loan,a4f264d4-e4e6-4077-a9e5-e2b554e1f5d6,last_payment_amount,1648.28
loan,c0da946b-46ec-4acb-bf51-c72e3831cd97,sanctioned_amount,317000.0
loan,c0da946b-46ec-4acb-bf51-c72e3831cd97,disbursed_amount,314522.32
loan,c0da946b-46ec-4acb-bf51-c72e3831cd97,outstanding_principal,183928.6
loan,c0da946b-46ec-4acb-bf51-c72e3831cd97,total_outstanding,188783.49
loan,c0da946b-46ec-4acb-bf51-c72e3831cd97,overdue_amount,99987.02
loan,c0da946b-46ec-4acb-bf51-c72e3831cd97,emi_amount,15235.44
loan,c0da946b-46ec-4acb-bf51-c72e3831cd97,outstanding_interest,3325.63
loan,c0da946b-46ec-4acb-bf51-c72e3831cd97,penal_charges,977.37
loan,c0da946b-46ec-4acb-bf51-c72e3831cd97,last_payment_amount,11594.11
loan,a3d8a566-68fa-4aa5-8c69-dc8895df03fd,sanctioned_amount,1698000.0
loan,a3d8a566-68fa-4aa5-8c69-dc8895df03fd,disbursed_amount,1539259.3
loan,a3d8a566-68fa-4aa5-8c69-dc8895df03fd,outstanding_principal,1207468.29
loan,a3d8a566-68fa-4aa5-8c69-dc8895df03fd,total_outstanding,1251540.32
loan,a3d8a566-68fa-4aa5-8c69-dc8895df03fd,overdue_amount,363321.57
loan,a3d8a566-68fa-4aa5-8c69-dc8895df03fd,emi_amount,140572.39
loan,a3d8a566-68fa-4aa5-8c69-dc8895df03fd,outstanding_interest,34757.68
loan,a3d8a566-68fa-4aa5-8c69-dc8895df03fd,penal_charges,7261.4
loan,a3d8a566-68fa-4aa5-8c69-dc8895df03fd,last_payment_amount,124859.72
loan,5b82bf7a-a68d-4aaa-aba3-bbbabbd84695,sanctioned_amount,1623000.0
loan,5b82bf7a-a68d-4aaa-aba3-bbbabbd84695,disbursed_amount,1472697.87
loan,5b82bf7a-a68d-4aaa-aba3-bbbabbd84695,outstanding_principal,856569.46
loan,5b82bf7a-a68d-4aaa-aba3-bbbabbd84695,total_outstanding,907947.15
loan,5b82bf7a-a68d-4aaa-aba3-bbbabbd84695,overdue_amount,298208.16
loan,5b82bf7a-a68d-4aaa-aba3-bbbabbd84695,emi_amount,44099.21
loan,5b82bf7a-a68d-4aaa-aba3-bbbabbd84695,outstanding_interest,43337.87
loan,5b82bf7a-a68d-4aaa-aba3-bbbabbd84695,penal_charges,7326.81
loan,5b82bf7a-a68d-4aaa-aba3-bbbabbd84695,last_payment_amount,29658.21
loan,6555ae80-6711-4091-8bf9-d66781b95db6,sanctioned_amount,644000.0
loan,6555ae80-6711-4091-8bf9-d66781b95db6,disbursed_amount,643944.65
loan,6555ae80-6711-4091-8bf9-d66781b95db6,outstanding_principal,536579.94
loan,6555ae80-6711-4091-8bf9-d66781b95db6,total_outstanding,558288.98
loan,6555ae80-6711-4091-8bf9-d66781b95db6,overdue_amount,97645.31
loan,6555ae80-6711-4091-8bf9-d66781b95db6,emi_amount,24708.33
loan,6555ae80-6711-4091-8bf9-d66781b95db6,outstanding_interest,14254.4
loan,6555ae80-6711-4091-8bf9-d66781b95db6,penal_charges,5830.14
loan,6555ae80-6711-4091-8bf9-d66781b95db6,last_payment_amount,23846.72
loan,021490de-675c-4a58-a8bf-88ddfd36f9ca,sanctioned_amount,843000.0
loan,021490de-675c-4a58-a8bf-88ddfd36f9ca,disbursed_amount,789348.13
loan,021490de-675c-4a58-a8bf-88ddfd36f9ca,outstanding_principal,373795.06
loan,021490de-675c-4a58-a8bf-88ddfd36f9ca,total_outstanding,385919.64
loan,021490de-675c-4a58-a8bf-88ddfd36f9ca,overdue_amount,39547.21
loan,021490de-675c-4a58-a8bf-88ddfd36f9ca,emi_amount,21794.15
loan,021490de-675c-4a58-a8bf-88ddfd36f9ca,outstanding_interest,7544.25
loan,021490de-675c-4a58-a8bf-88ddfd36f9ca,penal_charges,1959.51
loan,021490de-675c-4a58-a8bf-88ddfd36f9ca,last_payment_amount,15886.26
loan,b1ffd5e7-0693-4de3-b91e-a01b27f82e87,sanctioned_amount,668000.0
loan,b1ffd5e7-0693-4de3-b91e-a01b27f82e87,disbursed_amount,608457.83
loan,b1ffd5e7-0693-4de3-b91e-a01b27f82e87,outstanding_principal,530615.72
loan,b1ffd5e7-0693-4de3-b91e-a01b27f82e87,total_outstanding,555734.84
loan,b1ffd5e7-0693-4de3-b91e-a01b27f82e87,overdue_amount,142303.97
loan,b1ffd5e7-0693-4de3-b91e-a01b27f82e87,emi_amount,22344.06
loan,b1ffd5e7-0693-4de3-b91e-a01b27f82e87,outstanding_interest,19416.73
loan,b1ffd5e7-0693-4de3-b91e-a01b27f82e87,penal_charges,3032.62
loan,b1ffd5e7-0693-4de3-b91e-a01b27f82e87,last_payment_amount,14112.12
loan,548ca334-7008-4686-8b47-96591923b97b,sanctioned_amount,118000.0
loan,548ca334-7008-4686-8b47-96591923b97b,disbursed_amount,113766.61
loan,548ca334-7008-4686-8b47-96591923b97b,outstanding_principal,61421.96
loan,548ca334-7008-4686-8b47-96591923b97b,total_outstanding,70724.15
loan,548ca334-7008-4686-8b47-96591923b97b,overdue_amount,4401.11
loan,548ca334-7008-4686-8b47-96591923b97b,emi_amount,2053.64
loan,548ca334-7008-4686-8b47-96591923b97b,outstanding_interest,1622.49
loan,548ca334-7008-4686-8b47-96591923b97b,penal_charges,6219.65
loan,548ca334-7008-4686-8b47-96591923b97b,last_payment_amount,1654.65
loan,66f063d3-1c7a-4de4-ad70-451f0dd302c7,sanctioned_amount,71000.0
loan,66f063d3-1c7a-4de4-ad70-451f0dd302c7,disbursed_amount,66253.71
loan,66f063d3-1c7a-4de4-ad70-451f0dd302c7,outstanding_principal,61269.71
loan,66f063d3-1c7a-4de4-ad70-451f0dd302c7,total_outstanding,68515.2
loan,66f063d3-1c7a-4de4-ad70-451f0dd302c7,overdue_amount,3787.49
loan,66f063d3-1c7a-4de4-ad70-451f0dd302c7,emi_amount,2177.2
loan,66f063d3-1c7a-4de4-ad70-451f0dd302c7,outstanding_interest,1124.75
loan,66f063d3-1c7a-4de4-ad70-451f0dd302c7,penal_charges,5174.24
loan,66f063d3-1c7a-4de4-ad70-451f0dd302c7,last_payment_amount,1313.23
loan,ea76f7f3-4814-4274-94d9-48ee6670b0c1,sanctioned_amount,126000.0
loan,ea76f7f3-4814-4274-94d9-48ee6670b0c1,disbursed_amount,115457.03
loan,ea76f7f3-4814-4274-94d9-48ee6670b0c1,outstanding_principal,78671.58
loan,ea76f7f3-4814-4274-94d9-48ee6670b0c1,total_outstanding,88953.81
loan,ea76f7f3-4814-4274-94d9-48ee6670b0c1,overdue_amount,8753.62
loan,ea76f7f3-4814-4274-94d9-48ee6670b0c1,emi_amount,2548.38
loan,ea76f7f3-4814-4274-94d9-48ee6670b0c1,outstanding_interest,1896.55
loan,ea76f7f3-4814-4274-94d9-48ee6670b0c1,penal_charges,5674.73
loan,ea76f7f3-4814-4274-94d9-48ee6670b0c1,last_payment_amount,1167.77
loan,4a570f88-62af-484a-8183-28f819c782fe,sanctioned_amount,270000.0
loan,4a570f88-62af-484a-8183-28f819c782fe,disbursed_amount,258826.74
loan,4a570f88-62af-484a-8183-28f819c782fe,outstanding_principal,179404.75
loan,4a570f88-62af-484a-8183-28f819c782fe,total_outstanding,194191.64
loan,4a570f88-62af-484a-8183-28f819c782fe,overdue_amount,60703.46
loan,4a570f88-62af-484a-8183-28f819c782fe,emi_amount,10131.26
loan,4a570f88-62af-484a-8183-28f819c782fe,outstanding_interest,8583.35
loan,4a570f88-62af-484a-8183-28f819c782fe,penal_charges,4188.25
loan,4a570f88-62af-484a-8183-28f819c782fe,last_payment_amount,7845.84
loan,c7d7827d-133a-4d6e-881c-30fa7f4c4264,sanctioned_amount,4773000.0
loan,c7d7827d-133a-4d6e-881c-30fa7f4c4264,disbursed_amount,4389791.02
loan,c7d7827d-133a-4d6e-881c-30fa7f4c4264,outstanding_principal,1755229.92
loan,c7d7827d-133a-4d6e-881c-30fa7f4c4264,total_outstanding,1838966.38
loan,c7d7827d-133a-4d6e-881c-30fa7f4c4264,overdue_amount,700276.74
loan,c7d7827d-133a-4d6e-881c-30fa7f4c4264,emi_amount,160644.1
loan,c7d7827d-133a-4d6e-881c-30fa7f4c4264,outstanding_interest,80443.65
loan,c7d7827d-133a-4d6e-881c-30fa7f4c4264,penal_charges,619.67
loan,c7d7827d-133a-4d6e-881c-30fa7f4c4264,last_payment_amount,158912.65
loan,a44e4d10-edfe-4e79-892f-fbb7159b43d2,sanctioned_amount,172000.0
loan,a44e4d10-edfe-4e79-892f-fbb7159b43d2,disbursed_amount,166848.86
loan,a44e4d10-edfe-4e79-892f-fbb7159b43d2,outstanding_principal,133478.85
loan,a44e4d10-edfe-4e79-892f-fbb7159b43d2,total_outstanding,141442.43
loan,a44e4d10-edfe-4e79-892f-fbb7159b43d2,overdue_amount,8951.91
loan,a44e4d10-edfe-4e79-892f-fbb7159b43d2,emi_amount,4532.95
loan,a44e4d10-edfe-4e79-892f-fbb7159b43d2,outstanding_interest,5207.93
loan,a44e4d10-edfe-4e79-892f-fbb7159b43d2,penal_charges,1101.83
loan,a44e4d10-edfe-4e79-892f-fbb7159b43d2,last_payment_amount,2636.48
loan,dbea9fe3-d0ae-4eb5-82ac-cff57e80a416,sanctioned_amount,3852000.0
loan,dbea9fe3-d0ae-4eb5-82ac-cff57e80a416,disbursed_amount,3611304.68
loan,dbea9fe3-d0ae-4eb5-82ac-cff57e80a416,outstanding_principal,2183786.76
loan,dbea9fe3-d0ae-4eb5-82ac-cff57e80a416,total_outstanding,2277227.53
loan,dbea9fe3-d0ae-4eb5-82ac-cff57e80a416,overdue_amount,459988.52
loan,dbea9fe3-d0ae-4eb5-82ac-cff57e80a416,emi_amount,86169.02
loan,dbea9fe3-d0ae-4eb5-82ac-cff57e80a416,outstanding_interest,89559.22
loan,dbea9fe3-d0ae-4eb5-82ac-cff57e80a416,penal_charges,3096.79
loan,dbea9fe3-d0ae-4eb5-82ac-cff57e80a416,last_payment_amount,79007.3
loan,17e065de-8c87-4b3f-8241-aa24a2a98ba3,sanctioned_amount,56000.0
loan,17e065de-8c87-4b3f-8241-aa24a2a98ba3,disbursed_amount,50816.72
loan,17e065de-8c87-4b3f-8241-aa24a2a98ba3,outstanding_principal,41533.83
loan,17e065de-8c87-4b3f-8241-aa24a2a98ba3,total_outstanding,46536.46
loan,17e065de-8c87-4b3f-8241-aa24a2a98ba3,overdue_amount,6318.48
loan,17e065de-8c87-4b3f-8241-aa24a2a98ba3,emi_amount,2469.43
loan,17e065de-8c87-4b3f-8241-aa24a2a98ba3,outstanding_interest,1980.82
loan,17e065de-8c87-4b3f-8241-aa24a2a98ba3,penal_charges,600.85
loan,17e065de-8c87-4b3f-8241-aa24a2a98ba3,last_payment_amount,1851.22
loan,e8f2bf97-e40e-4ffb-b1f0-8c5b55bc84e3,sanctioned_amount,3827000.0
loan,e8f2bf97-e40e-4ffb-b1f0-8c5b55bc84e3,disbursed_amount,3490981.13
loan,e8f2bf97-e40e-4ffb-b1f0-8c5b55bc84e3,outstanding_principal,1610546.29
loan,e8f2bf97-e40e-4ffb-b1f0-8c5b55bc84e3,total_outstanding,1703959.15
loan,e8f2bf97-e40e-4ffb-b1f0-8c5b55bc84e3,overdue_amount,1089860.29
loan,e8f2bf97-e40e-4ffb-b1f0-8c5b55bc84e3,emi_amount,177434.33
loan,e8f2bf97-e40e-4ffb-b1f0-8c5b55bc84e3,outstanding_interest,87608.79
loan,e8f2bf97-e40e-4ffb-b1f0-8c5b55bc84e3,penal_charges,3747.27
loan,e8f2bf97-e40e-4ffb-b1f0-8c5b55bc84e3,last_payment_amount,158010.69
loan,8b58fe61-739a-41c3-956f-03d8c114cfa2,sanctioned_amount,2508000.0
loan,8b58fe61-739a-41c3-956f-03d8c114cfa2,disbursed_amount,2405626.46
loan,8b58fe61-739a-41c3-956f-03d8c114cfa2,outstanding_principal,956801.79
loan,8b58fe61-739a-41c3-956f-03d8c114cfa2,total_outstanding,1037993.87
loan,8b58fe61-739a-41c3-956f-03d8c114cfa2,overdue_amount,140945.64
loan,8b58fe61-739a-41c3-956f-03d8c114cfa2,emi_amount,75860.55
loan,8b58fe61-739a-41c3-956f-03d8c114cfa2,outstanding_interest,72379.46
loan,8b58fe61-739a-41c3-956f-03d8c114cfa2,penal_charges,7086.32
loan,8b58fe61-739a-41c3-956f-03d8c114cfa2,last_payment_amount,38910.33
loan,35a2dcde-3508-41a0-82a8-6c26fb293354,sanctioned_amount,2881000.0
loan,35a2dcde-3508-41a0-82a8-6c26fb293354,disbursed_amount,2678384.89
loan,35a2dcde-3508-41a0-82a8-6c26fb293354,outstanding_principal,1340718.8
loan,35a2dcde-3508-41a0-82a8-6c26fb293354,total_outstanding,1380542.94
loan,35a2dcde-3508-41a0-82a8-6c26fb293354,overdue_amount,97481.59
loan,35a2dcde-3508-41a0-82a8-6c26fb293354,emi_amount,52850.95
loan,35a2dcde-3508-41a0-82a8-6c26fb293354,outstanding_interest,36600.1
loan,35a2dcde-3508-41a0-82a8-6c26fb293354,penal_charges,552.37
loan,35a2dcde-3508-41a0-82a8-6c26fb293354,last_payment_amount,23190.57
loan,05db36ce-7ae0-44a3-b602-f37042b2df08,sanctioned_amount,1179000.0
loan,05db36ce-7ae0-44a3-b602-f37042b2df08,disbursed_amount,1070526.3
loan,05db36ce-7ae0-44a3-b602-f37042b2df08,outstanding_principal,807926.92
loan,05db36ce-7ae0-44a3-b602-f37042b2df08,total_outstanding,845139.05
loan,05db36ce-7ae0-44a3-b602-f37042b2df08,overdue_amount,78598.16
loan,05db36ce-7ae0-44a3-b602-f37042b2df08,emi_amount,24226.93
loan,05db36ce-7ae0-44a3-b602-f37042b2df08,outstanding_interest,27759.33
loan,05db36ce-7ae0-44a3-b602-f37042b2df08,penal_charges,7358.57
loan,05db36ce-7ae0-44a3-b602-f37042b2df08,last_payment_amount,20260.72
loan,d4fd067f-6908-44ce-8860-7bac8a40c631,sanctioned_amount,1273000.0
loan,d4fd067f-6908-44ce-8860-7bac8a40c631,disbursed_amount,1242882.41
loan,d4fd067f-6908-44ce-8860-7bac8a40c631,outstanding_principal,562195.19
loan,d4fd067f-6908-44ce-8860-7bac8a40c631,total_outstanding,591828.6
loan,d4fd067f-6908-44ce-8860-7bac8a40c631,overdue_amount,45842.6
loan,d4fd067f-6908-44ce-8860-7bac8a40c631,emi_amount,23559.29
loan,d4fd067f-6908-44ce-8860-7bac8a40c631,outstanding_interest,21560.5
loan,d4fd067f-6908-44ce-8860-7bac8a40c631,penal_charges,7099.81
loan,d4fd067f-6908-44ce-8860-7bac8a40c631,last_payment_amount,21703.04
loan,8bd0ac5f-39ea-4098-a4cb-c7868aeebcc5,sanctioned_amount,88000.0
loan,8bd0ac5f-39ea-4098-a4cb-c7868aeebcc5,disbursed_amount,86885.58
loan,8bd0ac5f-39ea-4098-a4cb-c7868aeebcc5,outstanding_principal,38197.54
loan,8bd0ac5f-39ea-4098-a4cb-c7868aeebcc5,total_outstanding,48980.38
loan,8bd0ac5f-39ea-4098-a4cb-c7868aeebcc5,overdue_amount,26391.44
loan,8bd0ac5f-39ea-4098-a4cb-c7868aeebcc5,emi_amount,2692.14
loan,8bd0ac5f-39ea-4098-a4cb-c7868aeebcc5,outstanding_interest,1436.21
loan,8bd0ac5f-39ea-4098-a4cb-c7868aeebcc5,penal_charges,6630.54
loan,8bd0ac5f-39ea-4098-a4cb-c7868aeebcc5,last_payment_amount,1514.42
loan,3325597c-f6c7-458a-8130-e1f06599f61b,sanctioned_amount,4404000.0
loan,3325597c-f6c7-458a-8130-e1f06599f61b,disbursed_amount,4085885.69
loan,3325597c-f6c7-458a-8130-e1f06599f61b,outstanding_principal,2496739.88
loan,3325597c-f6c7-458a-8130-e1f06599f61b,total_outstanding,2601252.88
loan,3325597c-f6c7-458a-8130-e1f06599f61b,overdue_amount,367619.85
loan,3325597c-f6c7-458a-8130-e1f06599f61b,emi_amount,92255.29
loan,3325597c-f6c7-458a-8130-e1f06599f61b,outstanding_interest,97959.47
loan,3325597c-f6c7-458a-8130-e1f06599f61b,penal_charges,5493.42
loan,3325597c-f6c7-458a-8130-e1f06599f61b,last_payment_amount,49918.55
loan,2c5c34f9-4c80-4bb8-abc4-dc9010f04b91,sanctioned_amount,154000.0
loan,2c5c34f9-4c80-4bb8-abc4-dc9010f04b91,disbursed_amount,143814.14
loan,2c5c34f9-4c80-4bb8-abc4-dc9010f04b91,outstanding_principal,102031.74
loan,2c5c34f9-4c80-4bb8-abc4-dc9010f04b91,total_outstanding,110662.21
loan,2c5c34f9-4c80-4bb8-abc4-dc9010f04b91,overdue_amount,9634.76
loan,2c5c34f9-4c80-4bb8-abc4-dc9010f04b91,emi_amount,3372.35
loan,2c5c34f9-4c80-4bb8-abc4-dc9010f04b91,outstanding_interest,3264.77
loan,2c5c34f9-4c80-4bb8-abc4-dc9010f04b91,penal_charges,3300.16
loan,2c5c34f9-4c80-4bb8-abc4-dc9010f04b91,last_payment_amount,1384.77
loan,5e7a9373-a2d0-49dc-b254-ccf70d7d1955,sanctioned_amount,1433000.0
loan,5e7a9373-a2d0-49dc-b254-ccf70d7d1955,disbursed_amount,1380533.78
loan,5e7a9373-a2d0-49dc-b254-ccf70d7d1955,outstanding_principal,765443.03
loan,5e7a9373-a2d0-49dc-b254-ccf70d7d1955,total_outstanding,826577.74
loan,5e7a9373-a2d0-49dc-b254-ccf70d7d1955,overdue_amount,186325.8
loan,5e7a9373-a2d0-49dc-b254-ccf70d7d1955,emi_amount,43965.55
loan,5e7a9373-a2d0-49dc-b254-ccf70d7d1955,outstanding_interest,50974.37
loan,5e7a9373-a2d0-49dc-b254-ccf70d7d1955,penal_charges,7263.92
loan,5e7a9373-a2d0-49dc-b254-ccf70d7d1955,last_payment_amount,30474.84
loan,c42463ca-bb0b-4815-88c5-1891917ff09c,sanctioned_amount,128000.0
loan,c42463ca-bb0b-4815-88c5-1891917ff09c,disbursed_amount,123182.17
loan,c42463ca-bb0b-4815-88c5-1891917ff09c,outstanding_principal,62774.17
loan,c42463ca-bb0b-4815-88c5-1891917ff09c,total_outstanding,71445.32
loan,c42463ca-bb0b-4815-88c5-1891917ff09c,overdue_amount,10372.98
loan,c42463ca-bb0b-4815-88c5-1891917ff09c,emi_amount,3191.99
loan,c42463ca-bb0b-4815-88c5-1891917ff09c,outstanding_interest,1407.91
loan,c42463ca-bb0b-4815-88c5-1891917ff09c,penal_charges,6434.61
loan,c42463ca-bb0b-4815-88c5-1891917ff09c,last_payment_amount,1749.06
loan,1e70fcbd-9552-4e59-82df-d687b8ebf5ca,sanctioned_amount,132000.0
loan,1e70fcbd-9552-4e59-82df-d687b8ebf5ca,disbursed_amount,129144.63
loan,1e70fcbd-9552-4e59-82df-d687b8ebf5ca,outstanding_principal,113637.99
loan,1e70fcbd-9552-4e59-82df-d687b8ebf5ca,total_outstanding,121883.22
loan,1e70fcbd-9552-4e59-82df-d687b8ebf5ca,overdue_amount,45556.17
loan,1e70fcbd-9552-4e59-82df-d687b8ebf5ca,emi_amount,4167.16
loan,1e70fcbd-9552-4e59-82df-d687b8ebf5ca,outstanding_interest,3562.64
loan,1e70fcbd-9552-4e59-82df-d687b8ebf5ca,penal_charges,1911.46
loan,1e70fcbd-9552-4e59-82df-d687b8ebf5ca,last_payment_amount,2287.5
loan,0c522f7e-6779-4e66-851e-9925d74e4c78,sanctioned_amount,225000.0
loan,0c522f7e-6779-4e66-851e-9925d74e4c78,disbursed_amount,205741.34
loan,0c522f7e-6779-4e66-851e-9925d74e4c78,outstanding_principal,81725.77
loan,0c522f7e-6779-4e66-851e-9925d74e4c78,total_outstanding,86949.75
loan,0c522f7e-6779-4e66-851e-9925d74e4c78,overdue_amount,11633.57
loan,0c522f7e-6779-4e66-851e-9925d74e4c78,emi_amount,3453.3
loan,0c522f7e-6779-4e66-851e-9925d74e4c78,outstanding_interest,1739.2
loan,0c522f7e-6779-4e66-851e-9925d74e4c78,penal_charges,1607.11
loan,0c522f7e-6779-4e66-851e-9925d74e4c78,last_payment_amount,1604.57
loan,77439b2e-9dbe-4508-a3dd-758a4840a3c9,sanctioned_amount,119000.0
loan,77439b2e-9dbe-4508-a3dd-758a4840a3c9,disbursed_amount,114079.12
loan,77439b2e-9dbe-4508-a3dd-758a4840a3c9,outstanding_principal,77750.06
loan,77439b2e-9dbe-4508-a3dd-758a4840a3c9,total_outstanding,87331.45
loan,77439b2e-9dbe-4508-a3dd-758a4840a3c9,overdue_amount,19403.07
loan,77439b2e-9dbe-4508-a3dd-758a4840a3c9,emi_amount,10270.73
loan,77439b2e-9dbe-4508-a3dd-758a4840a3c9,outstanding_interest,2027.25
loan,77439b2e-9dbe-4508-a3dd-758a4840a3c9,penal_charges,5903.76
loan,77439b2e-9dbe-4508-a3dd-758a4840a3c9,last_payment_amount,5205.2
loan,d61c12fc-f910-4d1e-8ee1-788ea0d7e44a,sanctioned_amount,211000.0
loan,d61c12fc-f910-4d1e-8ee1-788ea0d7e44a,disbursed_amount,208536.78
loan,d61c12fc-f910-4d1e-8ee1-788ea0d7e44a,outstanding_principal,80980.41
loan,d61c12fc-f910-4d1e-8ee1-788ea0d7e44a,total_outstanding,89080.2
loan,d61c12fc-f910-4d1e-8ee1-788ea0d7e44a,overdue_amount,12704.23
loan,d61c12fc-f910-4d1e-8ee1-788ea0d7e44a,emi_amount,3546.8
loan,d61c12fc-f910-4d1e-8ee1-788ea0d7e44a,outstanding_interest,858.57
loan,d61c12fc-f910-4d1e-8ee1-788ea0d7e44a,penal_charges,4420.85
loan,d61c12fc-f910-4d1e-8ee1-788ea0d7e44a,last_payment_amount,2296.85
loan,2e1b9318-34bb-45a4-bec5-f0f2bcf984ab,sanctioned_amount,3336000.0
loan,2e1b9318-34bb-45a4-bec5-f0f2bcf984ab,disbursed_amount,3265853.49
loan,2e1b9318-34bb-45a4-bec5-f0f2bcf984ab,outstanding_principal,2021886.26
loan,2e1b9318-34bb-45a4-bec5-f0f2bcf984ab,total_outstanding,2069373.41
loan,2e1b9318-34bb-45a4-bec5-f0f2bcf984ab,overdue_amount,483212.77
loan,2e1b9318-34bb-45a4-bec5-f0f2bcf984ab,emi_amount,86024.75
loan,2e1b9318-34bb-45a4-bec5-f0f2bcf984ab,outstanding_interest,44313.69
loan,2e1b9318-34bb-45a4-bec5-f0f2bcf984ab,penal_charges,2455.66
loan,2e1b9318-34bb-45a4-bec5-f0f2bcf984ab,last_payment_amount,36598.1
loan,035ab2f9-b11a-4d7f-b949-ff243a0d9656,sanctioned_amount,1445000.0
loan,035ab2f9-b11a-4d7f-b949-ff243a0d9656,disbursed_amount,1347166.31
loan,035ab2f9-b11a-4d7f-b949-ff243a0d9656,outstanding_principal,1090291.34
loan,035ab2f9-b11a-4d7f-b949-ff243a0d9656,total_outstanding,1145449.18
loan,035ab2f9-b11a-4d7f-b949-ff243a0d9656,overdue_amount,95811.58
loan,035ab2f9-b11a-4d7f-b949-ff243a0d9656,emi_amount,30390.54
loan,035ab2f9-b11a-4d7f-b949-ff243a0d9656,outstanding_interest,47779.31
loan,035ab2f9-b11a-4d7f-b949-ff243a0d9656,penal_charges,5728.44
loan,035ab2f9-b11a-4d7f-b949-ff243a0d9656,last_payment_amount,16341.1
loan,0628d50e-01fb-435d-a82c-5b2668550ae4,sanctioned_amount,4586000.0
loan,0628d50e-01fb-435d-a82c-5b2668550ae4,disbursed_amount,4539488.32
loan,0628d50e-01fb-435d-a82c-5b2668550ae4,outstanding_principal,4081546.54
loan,0628d50e-01fb-435d-a82c-5b2668550ae4,total_outstanding,4228778.71
loan,0628d50e-01fb-435d-a82c-5b2668550ae4,overdue_amount,400537.3
loan,0628d50e-01fb-435d-a82c-5b2668550ae4,emi_amount,214322.84
loan,0628d50e-01fb-435d-a82c-5b2668550ae4,outstanding_interest,141027.56
loan,0628d50e-01fb-435d-a82c-5b2668550ae4,penal_charges,4671.97
loan,0628d50e-01fb-435d-a82c-5b2668550ae4,last_payment_amount,128741.9
loan,b7158b40-1898-4157-99cf-d99380748109,sanctioned_amount,1081000.0
loan,b7158b40-1898-4157-99cf-d99380748109,disbursed_amount,1038124.07
loan,b7158b40-1898-4157-99cf-d99380748109,outstanding_principal,478470.57
loan,b7158b40-1898-4157-99cf-d99380748109,total_outstanding,495511.96
loan,b7158b40-1898-4157-99cf-d99380748109,overdue_amount,117861.21
loan,b7158b40-1898-4157-99cf-d99380748109,emi_amount,26997.94
loan,b7158b40-1898-4157-99cf-d99380748109,outstanding_interest,8347.59
loan,b7158b40-1898-4157-99cf-d99380748109,penal_charges,6071.1
loan,b7158b40-1898-4157-99cf-d99380748109,last_payment_amount,16645.93
loan,5818f629-a124-41b5-be74-850be7db45b8,sanctioned_amount,2383000.0
loan,5818f629-a124-41b5-be74-850be7db45b8,disbursed_amount,2150374.53
loan,5818f629-a124-41b5-be74-850be7db45b8,outstanding_principal,1018872.44
loan,5818f629-a124-41b5-be74-850be7db45b8,total_outstanding,1059568.97
loan,5818f629-a124-41b5-be74-850be7db45b8,overdue_amount,55333.94
loan,5818f629-a124-41b5-be74-850be7db45b8,emi_amount,28623.82
loan,5818f629-a124-41b5-be74-850be7db45b8,outstanding_interest,34788.65
loan,5818f629-a124-41b5-be74-850be7db45b8,penal_charges,2955.19
loan,5818f629-a124-41b5-be74-850be7db45b8,last_payment_amount,19696.2
loan,17e82720-cf29-4176-bb99-ea425b6974e0,sanctioned_amount,249000.0
loan,17e82720-cf29-4176-bb99-ea425b6974e0,disbursed_amount,239447.62
loan,17e82720-cf29-4176-bb99-ea425b6974e0,outstanding_principal,206954.48
loan,17e82720-cf29-4176-bb99-ea425b6974e0,total_outstanding,226421.12
loan,17e82720-cf29-4176-bb99-ea425b6974e0,overdue_amount,11316.9
loan,17e82720-cf29-4176-bb99-ea425b6974e0,emi_amount,5011.7
loan,17e82720-cf29-4176-bb99-ea425b6974e0,outstanding_interest,15546.53
loan,17e82720-cf29-4176-bb99-ea425b6974e0,penal_charges,2775.85
loan,17e82720-cf29-4176-bb99-ea425b6974e0,last_payment_amount,2165.67
loan,e38bdafd-cc2a-43a2-85cb-d842b4d3acda,sanctioned_amount,1190000.0
loan,e38bdafd-cc2a-43a2-85cb-d842b4d3acda,disbursed_amount,1120680.96
loan,e38bdafd-cc2a-43a2-85cb-d842b4d3acda,outstanding_principal,595339.42
loan,e38bdafd-cc2a-43a2-85cb-d842b4d3acda,total_outstanding,614163.84
loan,e38bdafd-cc2a-43a2-85cb-d842b4d3acda,overdue_amount,33882.72
loan,e38bdafd-cc2a-43a2-85cb-d842b4d3acda,emi_amount,15005.13
loan,e38bdafd-cc2a-43a2-85cb-d842b4d3acda,outstanding_interest,9267.54
loan,e38bdafd-cc2a-43a2-85cb-d842b4d3acda,penal_charges,7155.21
loan,e38bdafd-cc2a-43a2-85cb-d842b4d3acda,last_payment_amount,7573.82
loan,58c693cb-5dc5-4101-ba9c-bba3eb57b8ee,sanctioned_amount,4603000.0
loan,58c693cb-5dc5-4101-ba9c-bba3eb57b8ee,disbursed_amount,4399291.85
loan,58c693cb-5dc5-4101-ba9c-bba3eb57b8ee,outstanding_principal,3470427.19
loan,58c693cb-5dc5-4101-ba9c-bba3eb57b8ee,total_outstanding,3534157.49
loan,58c693cb-5dc5-4101-ba9c-bba3eb57b8ee,overdue_amount,213677.31
loan,58c693cb-5dc5-4101-ba9c-bba3eb57b8ee,emi_amount,81911.32
loan,58c693cb-5dc5-4101-ba9c-bba3eb57b8ee,outstanding_interest,58055.47
loan,58c693cb-5dc5-4101-ba9c-bba3eb57b8ee,penal_charges,5585.14
loan,58c693cb-5dc5-4101-ba9c-bba3eb57b8ee,last_payment_amount,41366.34
loan,a54019df-8d2b-473e-9b19-2e093e6b945b,sanctioned_amount,4567000.0
loan,a54019df-8d2b-473e-9b19-2e093e6b945b,disbursed_amount,4238892.38
loan,a54019df-8d2b-473e-9b19-2e093e6b945b,outstanding_principal,2175304.05
loan,a54019df-8d2b-473e-9b19-2e093e6b945b,total_outstanding,2293818.32
loan,a54019df-8d2b-473e-9b19-2e093e6b945b,overdue_amount,134181.74
loan,a54019df-8d2b-473e-9b19-2e093e6b945b,emi_amount,72889.56
loan,a54019df-8d2b-473e-9b19-2e093e6b945b,outstanding_interest,114648.5
loan,a54019df-8d2b-473e-9b19-2e093e6b945b,penal_charges,3859.92
loan,a54019df-8d2b-473e-9b19-2e093e6b945b,last_payment_amount,63791.36
loan,ced88f70-c27e-4cd2-bdea-8bd54daf826e,sanctioned_amount,406000.0
loan,ced88f70-c27e-4cd2-bdea-8bd54daf826e,disbursed_amount,387510.38
loan,ced88f70-c27e-4cd2-bdea-8bd54daf826e,outstanding_principal,169503.79
loan,ced88f70-c27e-4cd2-bdea-8bd54daf826e,total_outstanding,179701.51
loan,ced88f70-c27e-4cd2-bdea-8bd54daf826e,overdue_amount,51426.56
loan,ced88f70-c27e-4cd2-bdea-8bd54daf826e,emi_amount,13476.05
loan,ced88f70-c27e-4cd2-bdea-8bd54daf826e,outstanding_interest,7187.66
loan,ced88f70-c27e-4cd2-bdea-8bd54daf826e,penal_charges,1804.72
loan,ced88f70-c27e-4cd2-bdea-8bd54daf826e,last_payment_amount,8303.91
loan,b4f88427-b05e-4656-91bf-e6fbc5c84855,sanctioned_amount,1362000.0
loan,b4f88427-b05e-4656-91bf-e6fbc5c84855,disbursed_amount,1313712.22
loan,b4f88427-b05e-4656-91bf-e6fbc5c84855,outstanding_principal,1161117.37
loan,b4f88427-b05e-4656-91bf-e6fbc5c84855,total_outstanding,1202136.19
loan,b4f88427-b05e-4656-91bf-e6fbc5c84855,overdue_amount,217203.17
loan,b4f88427-b05e-4656-91bf-e6fbc5c84855,emi_amount,32164.25
loan,b4f88427-b05e-4656-91bf-e6fbc5c84855,outstanding_interest,32713.31
loan,b4f88427-b05e-4656-91bf-e6fbc5c84855,penal_charges,7870.36
loan,b4f88427-b05e-4656-91bf-e6fbc5c84855,last_payment_amount,28780.93
loan,c1cdbe96-1044-47cf-ae61-55d6dbc5ced1,sanctioned_amount,4967000.0
loan,c1cdbe96-1044-47cf-ae61-55d6dbc5ced1,disbursed_amount,4491150.68
loan,c1cdbe96-1044-47cf-ae61-55d6dbc5ced1,outstanding_principal,3362893.53
loan,c1cdbe96-1044-47cf-ae61-55d6dbc5ced1,total_outstanding,3417662.82
loan,c1cdbe96-1044-47cf-ae61-55d6dbc5ced1,overdue_amount,730546.0
loan,c1cdbe96-1044-47cf-ae61-55d6dbc5ced1,emi_amount,397885.83
loan,c1cdbe96-1044-47cf-ae61-55d6dbc5ced1,outstanding_interest,47941.44
loan,c1cdbe96-1044-47cf-ae61-55d6dbc5ced1,penal_charges,5823.15
loan,c1cdbe96-1044-47cf-ae61-55d6dbc5ced1,last_payment_amount,284039.8
loan,b3d105a1-c3cf-4675-986a-8acaf23aeb6c,sanctioned_amount,105000.0
loan,b3d105a1-c3cf-4675-986a-8acaf23aeb6c,disbursed_amount,96871.06
loan,b3d105a1-c3cf-4675-986a-8acaf23aeb6c,outstanding_principal,44851.17
loan,b3d105a1-c3cf-4675-986a-8acaf23aeb6c,total_outstanding,50142.04
loan,b3d105a1-c3cf-4675-986a-8acaf23aeb6c,overdue_amount,26569.89
loan,b3d105a1-c3cf-4675-986a-8acaf23aeb6c,emi_amount,4883.82
loan,b3d105a1-c3cf-4675-986a-8acaf23aeb6c,outstanding_interest,683.64
loan,b3d105a1-c3cf-4675-986a-8acaf23aeb6c,penal_charges,4283.83
loan,b3d105a1-c3cf-4675-986a-8acaf23aeb6c,last_payment_amount,4371.7
loan,bd052574-ad17-4432-a3b5-32d04fcacc3f,sanctioned_amount,529000.0
loan,bd052574-ad17-4432-a3b5-32d04fcacc3f,disbursed_amount,482504.9
loan,bd052574-ad17-4432-a3b5-32d04fcacc3f,outstanding_principal,242246.57
loan,bd052574-ad17-4432-a3b5-32d04fcacc3f,total_outstanding,256916.29
loan,bd052574-ad17-4432-a3b5-32d04fcacc3f,overdue_amount,27699.31
loan,bd052574-ad17-4432-a3b5-32d04fcacc3f,emi_amount,7090.93
loan,bd052574-ad17-4432-a3b5-32d04fcacc3f,outstanding_interest,10279.36
loan,bd052574-ad17-4432-a3b5-32d04fcacc3f,penal_charges,3181.36
loan,bd052574-ad17-4432-a3b5-32d04fcacc3f,last_payment_amount,4659.55
loan,381b7125-3ea6-4b52-9f0a-3465d570df0d,sanctioned_amount,209000.0
loan,381b7125-3ea6-4b52-9f0a-3465d570df0d,disbursed_amount,198549.89
loan,381b7125-3ea6-4b52-9f0a-3465d570df0d,outstanding_principal,159187.53
loan,381b7125-3ea6-4b52-9f0a-3465d570df0d,total_outstanding,173569.8
loan,381b7125-3ea6-4b52-9f0a-3465d570df0d,overdue_amount,26862.72
loan,381b7125-3ea6-4b52-9f0a-3465d570df0d,emi_amount,6875.11
loan,381b7125-3ea6-4b52-9f0a-3465d570df0d,outstanding_interest,6836.92
loan,381b7125-3ea6-4b52-9f0a-3465d570df0d,penal_charges,4903.44
loan,381b7125-3ea6-4b52-9f0a-3465d570df0d,last_payment_amount,6721.53
loan,6a8347ec-4916-4c76-b5a0-1111e2620884,sanctioned_amount,1790000.0
loan,6a8347ec-4916-4c76-b5a0-1111e2620884,disbursed_amount,1759682.78
loan,6a8347ec-4916-4c76-b5a0-1111e2620884,outstanding_principal,972100.89
loan,6a8347ec-4916-4c76-b5a0-1111e2620884,total_outstanding,1021175.27
loan,6a8347ec-4916-4c76-b5a0-1111e2620884,overdue_amount,481611.55
loan,6a8347ec-4916-4c76-b5a0-1111e2620884,emi_amount,162030.48
loan,6a8347ec-4916-4c76-b5a0-1111e2620884,outstanding_interest,44494.96
loan,6a8347ec-4916-4c76-b5a0-1111e2620884,penal_charges,2921.54
loan,6a8347ec-4916-4c76-b5a0-1111e2620884,last_payment_amount,124476.73
loan,442098ed-1088-41f3-9f74-2c4f356cd6b9,sanctioned_amount,221000.0
loan,442098ed-1088-41f3-9f74-2c4f356cd6b9,disbursed_amount,219575.39
loan,442098ed-1088-41f3-9f74-2c4f356cd6b9,outstanding_principal,168695.08
loan,442098ed-1088-41f3-9f74-2c4f356cd6b9,total_outstanding,179301.4
loan,442098ed-1088-41f3-9f74-2c4f356cd6b9,overdue_amount,12099.32
loan,442098ed-1088-41f3-9f74-2c4f356cd6b9,emi_amount,5365.58
loan,442098ed-1088-41f3-9f74-2c4f356cd6b9,outstanding_interest,5057.41
loan,442098ed-1088-41f3-9f74-2c4f356cd6b9,penal_charges,5402.77
loan,442098ed-1088-41f3-9f74-2c4f356cd6b9,last_payment_amount,2706.14
loan,e9ad3752-647f-4a09-96a7-6bdadc174ac2,sanctioned_amount,348000.0
loan,e9ad3752-647f-4a09-96a7-6bdadc174ac2,disbursed_amount,317016.68
loan,e9ad3752-647f-4a09-96a7-6bdadc174ac2,outstanding_principal,203444.97
loan,e9ad3752-647f-4a09-96a7-6bdadc174ac2,total_outstanding,214730.54
loan,e9ad3752-647f-4a09-96a7-6bdadc174ac2,overdue_amount,9915.46
loan,e9ad3752-647f-4a09-96a7-6bdadc174ac2,emi_amount,4578.95
loan,e9ad3752-647f-4a09-96a7-6bdadc174ac2,outstanding_interest,2018.32
loan,e9ad3752-647f-4a09-96a7-6bdadc174ac2,penal_charges,6551.02
loan,e9ad3752-647f-4a09-96a7-6bdadc174ac2,last_payment_amount,2333.46
loan,c313d0f3-40ba-4ec2-b782-b88dcf1d8482,sanctioned_amount,107000.0
loan,c313d0f3-40ba-4ec2-b782-b88dcf1d8482,disbursed_amount,97386.45
loan,c313d0f3-40ba-4ec2-b782-b88dcf1d8482,outstanding_principal,66969.01
loan,c313d0f3-40ba-4ec2-b782-b88dcf1d8482,total_outstanding,74359.23
loan,c313d0f3-40ba-4ec2-b782-b88dcf1d8482,overdue_amount,13182.6
loan,c313d0f3-40ba-4ec2-b782-b88dcf1d8482,emi_amount,1716.48
loan,c313d0f3-40ba-4ec2-b782-b88dcf1d8482,outstanding_interest,1586.7
loan,c313d0f3-40ba-4ec2-b782-b88dcf1d8482,penal_charges,5741.91
loan,c313d0f3-40ba-4ec2-b782-b88dcf1d8482,last_payment_amount,973.83
loan,1b7f6480-6a5b-421c-913f-d2f10a7ab1ee,sanctioned_amount,4572000.0
loan,1b7f6480-6a5b-421c-913f-d2f10a7ab1ee,disbursed_amount,4278314.19
loan,1b7f6480-6a5b-421c-913f-d2f10a7ab1ee,outstanding_principal,1808043.5
loan,1b7f6480-6a5b-421c-913f-d2f10a7ab1ee,total_outstanding,1849809.29
loan,1b7f6480-6a5b-421c-913f-d2f10a7ab1ee,overdue_amount,1491768.25
loan,1b7f6480-6a5b-421c-913f-d2f10a7ab1ee,emi_amount,208700.7
loan,1b7f6480-6a5b-421c-913f-d2f10a7ab1ee,outstanding_interest,34942.67
loan,1b7f6480-6a5b-421c-913f-d2f10a7ab1ee,penal_charges,5484.81
loan,1b7f6480-6a5b-421c-913f-d2f10a7ab1ee,last_payment_amount,97987.04
loan,e4099e4c-3674-4534-bb50-5f255ff2b4a5,sanctioned_amount,660000.0
loan,e4099e4c-3674-4534-bb50-5f255ff2b4a5,disbursed_amount,594738.78
loan,e4099e4c-3674-4534-bb50-5f255ff2b4a5,outstanding_principal,445784.5
loan,e4099e4c-3674-4534-bb50-5f255ff2b4a5,total_outstanding,464804.42
loan,e4099e4c-3674-4534-bb50-5f255ff2b4a5,overdue_amount,13879.09
loan,e4099e4c-3674-4534-bb50-5f255ff2b4a5,emi_amount,8138.73
loan,e4099e4c-3674-4534-bb50-5f255ff2b4a5,outstanding_interest,11505.85
loan,e4099e4c-3674-4534-bb50-5f255ff2b4a5,penal_charges,7102.88
loan,e4099e4c-3674-4534-bb50-5f255ff2b4a5,last_payment_amount,4176.8
loan,218a3bff-5750-4e6a-a221-abae2040d50f,sanctioned_amount,2858000.0
loan,218a3bff-5750-4e6a-a221-abae2040d50f,disbursed_amount,2751405.12
loan,218a3bff-5750-4e6a-a221-abae2040d50f,outstanding_principal,2379160.3
loan,218a3bff-5750-4e6a-a221-abae2040d50f,total_outstanding,2448695.96
loan,218a3bff-5750-4e6a-a221-abae2040d50f,overdue_amount,555346.62
loan,218a3bff-5750-4e6a-a221-abae2040d50f,emi_amount,257544.79
loan,218a3bff-5750-4e6a-a221-abae2040d50f,outstanding_interest,62483.4
loan,218a3bff-5750-4e6a-a221-abae2040d50f,penal_charges,4082.66
loan,218a3bff-5750-4e6a-a221-abae2040d50f,last_payment_amount,199897.14
loan,37fdfdef-2fe9-4209-ba0b-9a19e2e4c063,sanctioned_amount,1294000.0
loan,37fdfdef-2fe9-4209-ba0b-9a19e2e4c063,disbursed_amount,1170152.41
loan,37fdfdef-2fe9-4209-ba0b-9a19e2e4c063,outstanding_principal,919619.45
loan,37fdfdef-2fe9-4209-ba0b-9a19e2e4c063,total_outstanding,951165.79
loan,37fdfdef-2fe9-4209-ba0b-9a19e2e4c063,overdue_amount,63554.06
loan,37fdfdef-2fe9-4209-ba0b-9a19e2e4c063,emi_amount,32262.63
loan,37fdfdef-2fe9-4209-ba0b-9a19e2e4c063,outstanding_interest,24099.39
loan,37fdfdef-2fe9-4209-ba0b-9a19e2e4c063,penal_charges,6772.79
loan,37fdfdef-2fe9-4209-ba0b-9a19e2e4c063,last_payment_amount,25410.84
loan,e9f2e265-53dc-4063-aa23-62e374b1dc79,sanctioned_amount,110000.0
loan,e9f2e265-53dc-4063-aa23-62e374b1dc79,disbursed_amount,103760.16
loan,e9f2e265-53dc-4063-aa23-62e374b1dc79,outstanding_principal,91826.73
loan,e9f2e265-53dc-4063-aa23-62e374b1dc79,total_outstanding,97420.87
loan,e9f2e265-53dc-4063-aa23-62e374b1dc79,overdue_amount,28592.76
loan,e9f2e265-53dc-4063-aa23-62e374b1dc79,emi_amount,9143.07
loan,e9f2e265-53dc-4063-aa23-62e374b1dc79,outstanding_interest,1142.93
loan,e9f2e265-53dc-4063-aa23-62e374b1dc79,penal_charges,3271.41
loan,e9f2e265-53dc-4063-aa23-62e374b1dc79,last_payment_amount,8245.17
loan,db5f136a-a6ea-4a35-8e0f-d3ef53eaa8d8,sanctioned_amount,1326000.0
loan,db5f136a-a6ea-4a35-8e0f-d3ef53eaa8d8,disbursed_amount,1244596.04
loan,db5f136a-a6ea-4a35-8e0f-d3ef53eaa8d8,outstanding_principal,1125204.93
loan,db5f136a-a6ea-4a35-8e0f-d3ef53eaa8d8,total_outstanding,1192209.03
loan,db5f136a-a6ea-4a35-8e0f-d3ef53eaa8d8,overdue_amount,92167.28
loan,db5f136a-a6ea-4a35-8e0f-d3ef53eaa8d8,emi_amount,29306.83
loan,db5f136a-a6ea-4a35-8e0f-d3ef53eaa8d8,outstanding_interest,60791.21
loan,db5f136a-a6ea-4a35-8e0f-d3ef53eaa8d8,penal_charges,4804.91
loan,db5f136a-a6ea-4a35-8e0f-d3ef53eaa8d8,last_payment_amount,21090.47
loan,cc089159-81cd-4f24-bb32-a0d0103e3493,sanctioned_amount,622000.0
loan,cc089159-81cd-4f24-bb32-a0d0103e3493,disbursed_amount,596773.78
loan,cc089159-81cd-4f24-bb32-a0d0103e3493,outstanding_principal,277356.55
loan,cc089159-81cd-4f24-bb32-a0d0103e3493,total_outstanding,294928.1
loan,cc089159-81cd-4f24-bb32-a0d0103e3493,overdue_amount,128088.37
loan,cc089159-81cd-4f24-bb32-a0d0103e3493,emi_amount,20162.26
loan,cc089159-81cd-4f24-bb32-a0d0103e3493,outstanding_interest,12530.76
loan,cc089159-81cd-4f24-bb32-a0d0103e3493,penal_charges,3012.49
loan,cc089159-81cd-4f24-bb32-a0d0103e3493,last_payment_amount,10362.99
loan,737f95f7-e522-403e-9eab-9eb0d8cd402c,sanctioned_amount,963000.0
loan,737f95f7-e522-403e-9eab-9eb0d8cd402c,disbursed_amount,922722.43
loan,737f95f7-e522-403e-9eab-9eb0d8cd402c,outstanding_principal,676500.61
loan,737f95f7-e522-403e-9eab-9eb0d8cd402c,total_outstanding,695173.87
loan,737f95f7-e522-403e-9eab-9eb0d8cd402c,overdue_amount,71742.82
loan,737f95f7-e522-403e-9eab-9eb0d8cd402c,emi_amount,16500.44
loan,737f95f7-e522-403e-9eab-9eb0d8cd402c,outstanding_interest,11396.11
loan,737f95f7-e522-403e-9eab-9eb0d8cd402c,penal_charges,6727.92
loan,737f95f7-e522-403e-9eab-9eb0d8cd402c,last_payment_amount,15832.01
loan,435548de-ec9a-42c9-88eb-044150dab6a5,sanctioned_amount,1027000.0
loan,435548de-ec9a-42c9-88eb-044150dab6a5,disbursed_amount,1007806.86
loan,435548de-ec9a-42c9-88eb-044150dab6a5,outstanding_principal,913761.78
loan,435548de-ec9a-42c9-88eb-044150dab6a5,total_outstanding,963522.83
loan,435548de-ec9a-42c9-88eb-044150dab6a5,overdue_amount,218409.32
loan,435548de-ec9a-42c9-88eb-044150dab6a5,emi_amount,95187.69
loan,435548de-ec9a-42c9-88eb-044150dab6a5,outstanding_interest,44052.9
loan,435548de-ec9a-42c9-88eb-044150dab6a5,penal_charges,4876.88
loan,435548de-ec9a-42c9-88eb-044150dab6a5,last_payment_amount,40987.42
loan,f179b39d-57e0-40de-8c32-39a9585f1677,sanctioned_amount,199000.0
loan,f179b39d-57e0-40de-8c32-39a9585f1677,disbursed_amount,181880.57
loan,f179b39d-57e0-40de-8c32-39a9585f1677,outstanding_principal,68136.24
loan,f179b39d-57e0-40de-8c32-39a9585f1677,total_outstanding,73823.11
loan,f179b39d-57e0-40de-8c32-39a9585f1677,overdue_amount,11381.71
loan,f179b39d-57e0-40de-8c32-39a9585f1677,emi_amount,2580.19
loan,f179b39d-57e0-40de-8c32-39a9585f1677,outstanding_interest,790.43
loan,f179b39d-57e0-40de-8c32-39a9585f1677,penal_charges,4514.17
loan,f179b39d-57e0-40de-8c32-39a9585f1677,last_payment_amount,1204.59
loan,2b3e133d-6448-4155-93e9-92f797be5482,sanctioned_amount,2272000.0
loan,2b3e133d-6448-4155-93e9-92f797be5482,disbursed_amount,2174444.21
loan,2b3e133d-6448-4155-93e9-92f797be5482,outstanding_principal,958977.16
loan,2b3e133d-6448-4155-93e9-92f797be5482,total_outstanding,993770.73
loan,2b3e133d-6448-4155-93e9-92f797be5482,overdue_amount,142592.86
loan,2b3e133d-6448-4155-93e9-92f797be5482,emi_amount,50296.49
loan,2b3e133d-6448-4155-93e9-92f797be5482,outstanding_interest,30227.4
loan,2b3e133d-6448-4155-93e9-92f797be5482,penal_charges,2149.04
loan,2b3e133d-6448-4155-93e9-92f797be5482,last_payment_amount,48922.59
loan,12c87976-d347-4fd3-9175-19709359f283,sanctioned_amount,449000.0
loan,12c87976-d347-4fd3-9175-19709359f283,disbursed_amount,414021.71
loan,12c87976-d347-4fd3-9175-19709359f283,outstanding_principal,214331.76
loan,12c87976-d347-4fd3-9175-19709359f283,total_outstanding,223526.24
loan,12c87976-d347-4fd3-9175-19709359f283,overdue_amount,128417.4
loan,12c87976-d347-4fd3-9175-19709359f283,emi_amount,20357.57
loan,12c87976-d347-4fd3-9175-19709359f283,outstanding_interest,2847.84
loan,12c87976-d347-4fd3-9175-19709359f283,penal_charges,3763.95
loan,12c87976-d347-4fd3-9175-19709359f283,last_payment_amount,13548.3
loan,8f869310-bea3-461f-98c5-6df62b7e4b4d,sanctioned_amount,1201000.0
loan,8f869310-bea3-461f-98c5-6df62b7e4b4d,disbursed_amount,1105535.96
loan,8f869310-bea3-461f-98c5-6df62b7e4b4d,outstanding_principal,613985.09
loan,8f869310-bea3-461f-98c5-6df62b7e4b4d,total_outstanding,628930.05
loan,8f869310-bea3-461f-98c5-6df62b7e4b4d,overdue_amount,133521.72
loan,8f869310-bea3-461f-98c5-6df62b7e4b4d,emi_amount,33304.9
loan,8f869310-bea3-461f-98c5-6df62b7e4b4d,outstanding_interest,10209.13
loan,8f869310-bea3-461f-98c5-6df62b7e4b4d,penal_charges,3409.26
loan,8f869310-bea3-461f-98c5-6df62b7e4b4d,last_payment_amount,29069.91
loan,54124161-4f31-479e-bf84-ac5d88b6899a,sanctioned_amount,786000.0
loan,54124161-4f31-479e-bf84-ac5d88b6899a,disbursed_amount,778018.37
loan,54124161-4f31-479e-bf84-ac5d88b6899a,outstanding_principal,708898.69
loan,54124161-4f31-479e-bf84-ac5d88b6899a,total_outstanding,731027.96
loan,54124161-4f31-479e-bf84-ac5d88b6899a,overdue_amount,184535.49
loan,54124161-4f31-479e-bf84-ac5d88b6899a,emi_amount,21776.17
loan,54124161-4f31-479e-bf84-ac5d88b6899a,outstanding_interest,15837.13
loan,54124161-4f31-479e-bf84-ac5d88b6899a,penal_charges,3891.84
loan,54124161-4f31-479e-bf84-ac5d88b6899a,last_payment_amount,9879.34
loan,25fa76b5-13f4-4931-b793-b7a041dea7f0,sanctioned_amount,740000.0
loan,25fa76b5-13f4-4931-b793-b7a041dea7f0,disbursed_amount,677699.27
loan,25fa76b5-13f4-4931-b793-b7a041dea7f0,outstanding_principal,453083.93
loan,25fa76b5-13f4-4931-b793-b7a041dea7f0,total_outstanding,464454.11
loan,25fa76b5-13f4-4931-b793-b7a041dea7f0,overdue_amount,39884.88
loan,25fa76b5-13f4-4931-b793-b7a041dea7f0,emi_amount,15443.31
loan,25fa76b5-13f4-4931-b793-b7a041dea7f0,outstanding_interest,7865.41
loan,25fa76b5-13f4-4931-b793-b7a041dea7f0,penal_charges,3360.83
loan,25fa76b5-13f4-4931-b793-b7a041dea7f0,last_payment_amount,11880.07
loan,2bc6f546-9228-4156-9a5c-f1370e7f1dba,sanctioned_amount,113000.0
loan,2bc6f546-9228-4156-9a5c-f1370e7f1dba,disbursed_amount,105012.63
loan,2bc6f546-9228-4156-9a5c-f1370e7f1dba,outstanding_principal,51188.74
loan,2bc6f546-9228-4156-9a5c-f1370e7f1dba,total_outstanding,55554.14
loan,2bc6f546-9228-4156-9a5c-f1370e7f1dba,overdue_amount,24217.14
loan,2bc6f546-9228-4156-9a5c-f1370e7f1dba,emi_amount,4011.51
loan,2bc6f546-9228-4156-9a5c-f1370e7f1dba,outstanding_interest,1849.97
loan,2bc6f546-9228-4156-9a5c-f1370e7f1dba,penal_charges,2238.62
loan,2bc6f546-9228-4156-9a5c-f1370e7f1dba,last_payment_amount,2923.44
loan,b49d5738-3adb-4118-bc90-baeb04a8b3e6,sanctioned_amount,2184000.0
loan,b49d5738-3adb-4118-bc90-baeb04a8b3e6,disbursed_amount,1982427.17
loan,b49d5738-3adb-4118-bc90-baeb04a8b3e6,outstanding_principal,1328963.65
loan,b49d5738-3adb-4118-bc90-baeb04a8b3e6,total_outstanding,1413102.18
loan,b49d5738-3adb-4118-bc90-baeb04a8b3e6,overdue_amount,378495.6
loan,b49d5738-3adb-4118-bc90-baeb04a8b3e6,emi_amount,74504.69
loan,b49d5738-3adb-4118-bc90-baeb04a8b3e6,outstanding_interest,80334.78
loan,b49d5738-3adb-4118-bc90-baeb04a8b3e6,penal_charges,3266.98
loan,b49d5738-3adb-4118-bc90-baeb04a8b3e6,last_payment_amount,52745.41
loan,613a3991-bf43-4bb4-8379-986e7cb6d770,sanctioned_amount,148000.0
loan,613a3991-bf43-4bb4-8379-986e7cb6d770,disbursed_amount,136780.5
loan,613a3991-bf43-4bb4-8379-986e7cb6d770,outstanding_principal,85821.98
loan,613a3991-bf43-4bb4-8379-986e7cb6d770,total_outstanding,95383.83
loan,613a3991-bf43-4bb4-8379-986e7cb6d770,overdue_amount,15885.6
loan,613a3991-bf43-4bb4-8379-986e7cb6d770,emi_amount,4981.08
loan,613a3991-bf43-4bb4-8379-986e7cb6d770,outstanding_interest,3224.87
loan,613a3991-bf43-4bb4-8379-986e7cb6d770,penal_charges,5850.72
loan,613a3991-bf43-4bb4-8379-986e7cb6d770,last_payment_amount,4929.84
loan,689d7e25-af4c-484d-8934-404789cc9136,sanctioned_amount,935000.0
loan,689d7e25-af4c-484d-8934-404789cc9136,disbursed_amount,892954.52
loan,689d7e25-af4c-484d-8934-404789cc9136,outstanding_principal,817920.63
loan,689d7e25-af4c-484d-8934-404789cc9136,total_outstanding,855015.8
loan,689d7e25-af4c-484d-8934-404789cc9136,overdue_amount,73477.67
loan,689d7e25-af4c-484d-8934-404789cc9136,emi_amount,23741.03
loan,689d7e25-af4c-484d-8934-404789cc9136,outstanding_interest,28959.47
loan,689d7e25-af4c-484d-8934-404789cc9136,penal_charges,5887.67
loan,689d7e25-af4c-484d-8934-404789cc9136,last_payment_amount,11873.78
loan,ae2aa584-5338-43f5-b54f-ada8bbb84834,sanctioned_amount,344000.0
loan,ae2aa584-5338-43f5-b54f-ada8bbb84834,disbursed_amount,338562.94
loan,ae2aa584-5338-43f5-b54f-ada8bbb84834,outstanding_principal,194394.06
loan,ae2aa584-5338-43f5-b54f-ada8bbb84834,total_outstanding,200045.65
loan,ae2aa584-5338-43f5-b54f-ada8bbb84834,overdue_amount,24156.2
loan,ae2aa584-5338-43f5-b54f-ada8bbb84834,emi_amount,8852.21
loan,ae2aa584-5338-43f5-b54f-ada8bbb84834,outstanding_interest,3724.67
loan,ae2aa584-5338-43f5-b54f-ada8bbb84834,penal_charges,620.31
loan,ae2aa584-5338-43f5-b54f-ada8bbb84834,last_payment_amount,8136.23
loan,a5df26c0-ddb9-4e25-bb68-67ad9ee0f688,sanctioned_amount,212000.0
loan,a5df26c0-ddb9-4e25-bb68-67ad9ee0f688,disbursed_amount,209890.68
loan,a5df26c0-ddb9-4e25-bb68-67ad9ee0f688,outstanding_principal,163239.15
loan,a5df26c0-ddb9-4e25-bb68-67ad9ee0f688,total_outstanding,174263.71
loan,a5df26c0-ddb9-4e25-bb68-67ad9ee0f688,overdue_amount,22110.87
loan,a5df26c0-ddb9-4e25-bb68-67ad9ee0f688,emi_amount,8086.71
loan,a5df26c0-ddb9-4e25-bb68-67ad9ee0f688,outstanding_interest,6667.59
loan,a5df26c0-ddb9-4e25-bb68-67ad9ee0f688,penal_charges,1478.11
loan,a5df26c0-ddb9-4e25-bb68-67ad9ee0f688,last_payment_amount,4668.06
loan,41dfae8f-6c9e-479e-a14a-2dc0572af1ef,sanctioned_amount,764000.0
loan,41dfae8f-6c9e-479e-a14a-2dc0572af1ef,disbursed_amount,693568.63
loan,41dfae8f-6c9e-479e-a14a-2dc0572af1ef,outstanding_principal,259612.9
loan,41dfae8f-6c9e-479e-a14a-2dc0572af1ef,total_outstanding,274256.79
loan,41dfae8f-6c9e-479e-a14a-2dc0572af1ef,overdue_amount,35830.62
loan,41dfae8f-6c9e-479e-a14a-2dc0572af1ef,emi_amount,10816.93
loan,41dfae8f-6c9e-479e-a14a-2dc0572af1ef,outstanding_interest,12641.36
loan,41dfae8f-6c9e-479e-a14a-2dc0572af1ef,penal_charges,1008.17
loan,41dfae8f-6c9e-479e-a14a-2dc0572af1ef,last_payment_amount,4398.53
loan,91982683-11af-4614-a23c-bfce8332880b,sanctioned_amount,1710000.0
loan,91982683-11af-4614-a23c-bfce8332880b,disbursed_amount,1576396.64
loan,91982683-11af-4614-a23c-bfce8332880b,outstanding_principal,1307001.02
loan,91982683-11af-4614-a23c-bfce8332880b,total_outstanding,1355967.77
loan,91982683-11af-4614-a23c-bfce8332880b,overdue_amount,447768.83
loan,91982683-11af-4614-a23c-bfce8332880b,emi_amount,143995.85
loan,91982683-11af-4614-a23c-bfce8332880b,outstanding_interest,46177.05
loan,91982683-11af-4614-a23c-bfce8332880b,penal_charges,2636.95
loan,91982683-11af-4614-a23c-bfce8332880b,last_payment_amount,123130.2
loan,a8554c7d-0599-49ae-8635-57557f159ddf,sanctioned_amount,4121000.0
loan,a8554c7d-0599-49ae-8635-57557f159ddf,disbursed_amount,3736629.87
loan,a8554c7d-0599-49ae-8635-57557f159ddf,outstanding_principal,2909200.65
loan,a8554c7d-0599-49ae-8635-57557f159ddf,total_outstanding,3103211.44
loan,a8554c7d-0599-49ae-8635-57557f159ddf,overdue_amount,253561.74
loan,a8554c7d-0599-49ae-8635-57557f159ddf,emi_amount,81225.94
loan,a8554c7d-0599-49ae-8635-57557f159ddf,outstanding_interest,190144.82
loan,a8554c7d-0599-49ae-8635-57557f159ddf,penal_charges,1579.64
loan,a8554c7d-0599-49ae-8635-57557f159ddf,last_payment_amount,51711.65
loan,121cc219-9185-4041-912d-c5bce5993290,sanctioned_amount,2181000.0
loan,121cc219-9185-4041-912d-c5bce5993290,disbursed_amount,2005138.17
loan,121cc219-9185-4041-912d-c5bce5993290,outstanding_principal,1008762.42
loan,121cc219-9185-4041-912d-c5bce5993290,total_outstanding,1082315.22
loan,121cc219-9185-4041-912d-c5bce5993290,overdue_amount,263276.73
loan,121cc219-9185-4041-912d-c5bce5993290,emi_amount,103225.12
loan,121cc219-9185-4041-912d-c5bce5993290,outstanding_interest,69979.57
loan,121cc219-9185-4041-912d-c5bce5993290,penal_charges,996.71
loan,121cc219-9185-4041-912d-c5bce5993290,last_payment_amount,54859.68
loan,dc40c0e4-522b-41b4-98e6-6afc4f13dd00,sanctioned_amount,892000.0
loan,dc40c0e4-522b-41b4-98e6-6afc4f13dd00,disbursed_amount,875202.73
loan,dc40c0e4-522b-41b4-98e6-6afc4f13dd00,outstanding_principal,808163.12
loan,dc40c0e4-522b-41b4-98e6-6afc4f13dd00,total_outstanding,835676.25
loan,dc40c0e4-522b-41b4-98e6-6afc4f13dd00,overdue_amount,136677.56
loan,dc40c0e4-522b-41b4-98e6-6afc4f13dd00,emi_amount,16789.69
loan,dc40c0e4-522b-41b4-98e6-6afc4f13dd00,outstanding_interest,17901.21
loan,dc40c0e4-522b-41b4-98e6-6afc4f13dd00,penal_charges,7168.78
loan,dc40c0e4-522b-41b4-98e6-6afc4f13dd00,last_payment_amount,14837.27
loan,df281442-6a47-4d2a-a170-6f3c85f699fe,sanctioned_amount,327000.0
loan,df281442-6a47-4d2a-a170-6f3c85f699fe,disbursed_amount,325036.04
loan,df281442-6a47-4d2a-a170-6f3c85f699fe,outstanding_principal,299442.79
loan,df281442-6a47-4d2a-a170-6f3c85f699fe,total_outstanding,308039.08
loan,df281442-6a47-4d2a-a170-6f3c85f699fe,overdue_amount,67962.14
loan,df281442-6a47-4d2a-a170-6f3c85f699fe,emi_amount,6128.58
loan,df281442-6a47-4d2a-a170-6f3c85f699fe,outstanding_interest,6853.64
loan,df281442-6a47-4d2a-a170-6f3c85f699fe,penal_charges,1298.73
loan,df281442-6a47-4d2a-a170-6f3c85f699fe,last_payment_amount,5015.81
loan,2a4d03f0-1fb7-41f5-a817-fdbbbe1f4d2c,sanctioned_amount,780000.0
loan,2a4d03f0-1fb7-41f5-a817-fdbbbe1f4d2c,disbursed_amount,708328.08
loan,2a4d03f0-1fb7-41f5-a817-fdbbbe1f4d2c,outstanding_principal,276100.87
loan,2a4d03f0-1fb7-41f5-a817-fdbbbe1f4d2c,total_outstanding,287897.11
loan,2a4d03f0-1fb7-41f5-a817-fdbbbe1f4d2c,overdue_amount,167505.48
loan,2a4d03f0-1fb7-41f5-a817-fdbbbe1f4d2c,emi_amount,18748.51
loan,2a4d03f0-1fb7-41f5-a817-fdbbbe1f4d2c,outstanding_interest,5583.88
loan,2a4d03f0-1fb7-41f5-a817-fdbbbe1f4d2c,penal_charges,3767.18
loan,2a4d03f0-1fb7-41f5-a817-fdbbbe1f4d2c,last_payment_amount,10150.62
loan,77498ae5-dd8a-4de3-a1bd-b75f2d37c229,sanctioned_amount,776000.0
loan,77498ae5-dd8a-4de3-a1bd-b75f2d37c229,disbursed_amount,764317.32
loan,77498ae5-dd8a-4de3-a1bd-b75f2d37c229,outstanding_principal,340514.99
loan,77498ae5-dd8a-4de3-a1bd-b75f2d37c229,total_outstanding,349913.48
loan,77498ae5-dd8a-4de3-a1bd-b75f2d37c229,overdue_amount,85656.5
loan,77498ae5-dd8a-4de3-a1bd-b75f2d37c229,emi_amount,17788.51
loan,77498ae5-dd8a-4de3-a1bd-b75f2d37c229,outstanding_interest,8030.62
loan,77498ae5-dd8a-4de3-a1bd-b75f2d37c229,penal_charges,1121.59
loan,77498ae5-dd8a-4de3-a1bd-b75f2d37c229,last_payment_amount,17701.39
loan,01201eff-dd06-425c-9650-eb0f1e47b8d3,sanctioned_amount,460000.0
loan,01201eff-dd06-425c-9650-eb0f1e47b8d3,disbursed_amount,445222.03
loan,01201eff-dd06-425c-9650-eb0f1e47b8d3,outstanding_principal,179207.26
loan,01201eff-dd06-425c-9650-eb0f1e47b8d3,total_outstanding,188549.33
loan,01201eff-dd06-425c-9650-eb0f1e47b8d3,overdue_amount,30170.52
loan,01201eff-dd06-425c-9650-eb0f1e47b8d3,emi_amount,10665.52
loan,01201eff-dd06-425c-9650-eb0f1e47b8d3,outstanding_interest,5103.34
loan,01201eff-dd06-425c-9650-eb0f1e47b8d3,penal_charges,1249.78
loan,01201eff-dd06-425c-9650-eb0f1e47b8d3,last_payment_amount,9522.79
loan,1f3b7367-3427-406c-98d6-8118f91aad82,sanctioned_amount,1289000.0
loan,1f3b7367-3427-406c-98d6-8118f91aad82,disbursed_amount,1236585.41
loan,1f3b7367-3427-406c-98d6-8118f91aad82,outstanding_principal,643849.11
loan,1f3b7367-3427-406c-98d6-8118f91aad82,total_outstanding,659919.81
loan,1f3b7367-3427-406c-98d6-8118f91aad82,overdue_amount,65660.89
loan,1f3b7367-3427-406c-98d6-8118f91aad82,emi_amount,31817.06
loan,1f3b7367-3427-406c-98d6-8118f91aad82,outstanding_interest,11690.44
loan,1f3b7367-3427-406c-98d6-8118f91aad82,penal_charges,2449.87
loan,1f3b7367-3427-406c-98d6-8118f91aad82,last_payment_amount,24304.74
loan,33d023e5-6a35-4446-9e71-36b23147c740,sanctioned_amount,3828000.0
loan,33d023e5-6a35-4446-9e71-36b23147c740,disbursed_amount,3626134.37
loan,33d023e5-6a35-4446-9e71-36b23147c740,outstanding_principal,2804432.22
loan,33d023e5-6a35-4446-9e71-36b23147c740,total_outstanding,2895908.96
loan,33d023e5-6a35-4446-9e71-36b23147c740,overdue_amount,194015.23
loan,33d023e5-6a35-4446-9e71-36b23147c740,emi_amount,88827.51
loan,33d023e5-6a35-4446-9e71-36b23147c740,outstanding_interest,86259.5
loan,33d023e5-6a35-4446-9e71-36b23147c740,penal_charges,2263.44
loan,33d023e5-6a35-4446-9e71-36b23147c740,last_payment_amount,48358.48
loan,4f6de79b-dfbe-472c-a286-8614d60f8a6f,sanctioned_amount,59000.0
loan,4f6de79b-dfbe-472c-a286-8614d60f8a6f,disbursed_amount,53735.28
loan,4f6de79b-dfbe-472c-a286-8614d60f8a6f,outstanding_principal,43644.87
loan,4f6de79b-dfbe-472c-a286-8614d60f8a6f,total_outstanding,52729.04
loan,4f6de79b-dfbe-472c-a286-8614d60f8a6f,overdue_amount,10804.45
loan,4f6de79b-dfbe-472c-a286-8614d60f8a6f,emi_amount,2638.37
loan,4f6de79b-dfbe-472c-a286-8614d60f8a6f,outstanding_interest,1888.37
loan,4f6de79b-dfbe-472c-a286-8614d60f8a6f,penal_charges,5889.8
loan,4f6de79b-dfbe-472c-a286-8614d60f8a6f,last_payment_amount,2473.09
loan,b102ca21-de05-4922-8e70-f148bf0f124e,sanctioned_amount,141000.0
loan,b102ca21-de05-4922-8e70-f148bf0f124e,disbursed_amount,127342.45
loan,b102ca21-de05-4922-8e70-f148bf0f124e,outstanding_principal,79984.1
loan,b102ca21-de05-4922-8e70-f148bf0f124e,total_outstanding,94286.56
loan,b102ca21-de05-4922-8e70-f148bf0f124e,overdue_amount,15819.42
loan,b102ca21-de05-4922-8e70-f148bf0f124e,emi_amount,4859.51
loan,b102ca21-de05-4922-8e70-f148bf0f124e,outstanding_interest,5984.31
loan,b102ca21-de05-4922-8e70-f148bf0f124e,penal_charges,6969.31
loan,b102ca21-de05-4922-8e70-f148bf0f124e,last_payment_amount,4737.24
loan,00e44e3d-6e6f-407c-8bf4-dbce40373191,sanctioned_amount,1240000.0
loan,00e44e3d-6e6f-407c-8bf4-dbce40373191,disbursed_amount,1127558.83
loan,00e44e3d-6e6f-407c-8bf4-dbce40373191,outstanding_principal,557029.88
loan,00e44e3d-6e6f-407c-8bf4-dbce40373191,total_outstanding,596631.42
loan,00e44e3d-6e6f-407c-8bf4-dbce40373191,overdue_amount,98274.83
loan,00e44e3d-6e6f-407c-8bf4-dbce40373191,emi_amount,43212.21
loan,00e44e3d-6e6f-407c-8bf4-dbce40373191,outstanding_interest,30134.39
loan,00e44e3d-6e6f-407c-8bf4-dbce40373191,penal_charges,7304.8
loan,00e44e3d-6e6f-407c-8bf4-dbce40373191,last_payment_amount,35728.68
loan,44e93ca3-f2b0-4162-8641-56697e070045,sanctioned_amount,4200000.0
loan,44e93ca3-f2b0-4162-8641-56697e070045,disbursed_amount,3864719.56
loan,44e93ca3-f2b0-4162-8641-56697e070045,outstanding_principal,3077984.3
loan,44e93ca3-f2b0-4162-8641-56697e070045,total_outstanding,3141367.83
loan,44e93ca3-f2b0-4162-8641-56697e070045,overdue_amount,198372.61
loan,44e93ca3-f2b0-4162-8641-56697e070045,emi_amount,68366.13
loan,44e93ca3-f2b0-4162-8641-56697e070045,outstanding_interest,57146.56
loan,44e93ca3-f2b0-4162-8641-56697e070045,penal_charges,4465.51
loan,44e93ca3-f2b0-4162-8641-56697e070045,last_payment_amount,58919.78
loan,e5040fbf-6099-4864-b6e8-49a60bcca331,sanctioned_amount,3415000.0
loan,e5040fbf-6099-4864-b6e8-49a60bcca331,disbursed_amount,3413903.82
loan,e5040fbf-6099-4864-b6e8-49a60bcca331,outstanding_principal,2401995.96
loan,e5040fbf-6099-4864-b6e8-49a60bcca331,total_outstanding,2544049.51
loan,e5040fbf-6099-4864-b6e8-49a60bcca331,overdue_amount,209705.34
loan,e5040fbf-6099-4864-b6e8-49a60bcca331,emi_amount,120681.28
loan,e5040fbf-6099-4864-b6e8-49a60bcca331,outstanding_interest,134080.16
loan,e5040fbf-6099-4864-b6e8-49a60bcca331,penal_charges,6721.65
loan,e5040fbf-6099-4864-b6e8-49a60bcca331,last_payment_amount,108719.51
loan,d8102c1f-f024-452d-98b1-b92ea2092f68,sanctioned_amount,116000.0
loan,d8102c1f-f024-452d-98b1-b92ea2092f68,disbursed_amount,112153.81
loan,d8102c1f-f024-452d-98b1-b92ea2092f68,outstanding_principal,54678.63
loan,d8102c1f-f024-452d-98b1-b92ea2092f68,total_outstanding,58363.22
loan,d8102c1f-f024-452d-98b1-b92ea2092f68,overdue_amount,7239.22
loan,d8102c1f-f024-452d-98b1-b92ea2092f68,emi_amount,3301.2
loan,d8102c1f-f024-452d-98b1-b92ea2092f68,outstanding_interest,1385.49
loan,d8102c1f-f024-452d-98b1-b92ea2092f68,penal_charges,2292.35
loan,d8102c1f-f024-452d-98b1-b92ea2092f68,last_payment_amount,2380.68
loan,77c82297-697f-408f-a7ab-4f0492e5a7cf,sanctioned_amount,4065000.0
loan,77c82297-697f-408f-a7ab-4f0492e5a7cf,disbursed_amount,3978819.49
loan,77c82297-697f-408f-a7ab-4f0492e5a7cf,outstanding_principal,1902069.62
loan,77c82297-697f-408f-a7ab-4f0492e5a7cf,total_outstanding,2006258.57
loan,77c82297-697f-408f-a7ab-4f0492e5a7cf,overdue_amount,168893.92
loan,77c82297-697f-408f-a7ab-4f0492e5a7cf,emi_amount,90195.37
loan,77c82297-697f-408f-a7ab-4f0492e5a7cf,outstanding_interest,102115.41
loan,77c82297-697f-408f-a7ab-4f0492e5a7cf,penal_charges,1369.04
loan,77c82297-697f-408f-a7ab-4f0492e5a7cf,last_payment_amount,65575.46
loan,138ee666-eebe-4b90-ab79-e2a1deceea36,sanctioned_amount,396000.0
loan,138ee666-eebe-4b90-ab79-e2a1deceea36,disbursed_amount,357219.36
loan,138ee666-eebe-4b90-ab79-e2a1deceea36,outstanding_principal,265940.63
loan,138ee666-eebe-4b90-ab79-e2a1deceea36,total_outstanding,282062.93
loan,138ee666-eebe-4b90-ab79-e2a1deceea36,overdue_amount,24449.63
loan,138ee666-eebe-4b90-ab79-e2a1deceea36,emi_amount,6271.24
loan,138ee666-eebe-4b90-ab79-e2a1deceea36,outstanding_interest,8215.36
loan,138ee666-eebe-4b90-ab79-e2a1deceea36,penal_charges,7294.66
loan,138ee666-eebe-4b90-ab79-e2a1deceea36,last_payment_amount,2795.31
loan,c9146f2e-a92a-4302-ad6e-7daed32c5689,sanctioned_amount,304000.0
loan,c9146f2e-a92a-4302-ad6e-7daed32c5689,disbursed_amount,302940.37
loan,c9146f2e-a92a-4302-ad6e-7daed32c5689,outstanding_principal,245260.48
loan,c9146f2e-a92a-4302-ad6e-7daed32c5689,total_outstanding,256935.16
loan,c9146f2e-a92a-4302-ad6e-7daed32c5689,overdue_amount,15667.81
loan,c9146f2e-a92a-4302-ad6e-7daed32c5689,emi_amount,7916.32
loan,c9146f2e-a92a-4302-ad6e-7daed32c5689,outstanding_interest,8254.95
loan,c9146f2e-a92a-4302-ad6e-7daed32c5689,penal_charges,1415.73
loan,c9146f2e-a92a-4302-ad6e-7daed32c5689,last_payment_amount,6914.11
loan,4fa285a5-856d-4e7d-bc64-cbb5fa2f6116,sanctioned_amount,4807000.0
loan,4fa285a5-856d-4e7d-bc64-cbb5fa2f6116,disbursed_amount,4335061.98
loan,4fa285a5-856d-4e7d-bc64-cbb5fa2f6116,outstanding_principal,1742064.26
loan,4fa285a5-856d-4e7d-bc64-cbb5fa2f6116,total_outstanding,1784780.74
loan,4fa285a5-856d-4e7d-bc64-cbb5fa2f6116,overdue_amount,657512.86
loan,4fa285a5-856d-4e7d-bc64-cbb5fa2f6116,emi_amount,91960.47
loan,4fa285a5-856d-4e7d-bc64-cbb5fa2f6116,outstanding_interest,38568.28
loan,4fa285a5-856d-4e7d-bc64-cbb5fa2f6116,penal_charges,1702.55
loan,4fa285a5-856d-4e7d-bc64-cbb5fa2f6116,last_payment_amount,83877.49
loan,61280367-b4d2-408c-8279-d10789ce6fdb,sanctioned_amount,76000.0
loan,61280367-b4d2-408c-8279-d10789ce6fdb,disbursed_amount,69673.17
loan,61280367-b4d2-408c-8279-d10789ce6fdb,outstanding_principal,53537.76
loan,61280367-b4d2-408c-8279-d10789ce6fdb,total_outstanding,66536.61
loan,61280367-b4d2-408c-8279-d10789ce6fdb,overdue_amount,8896.47
loan,61280367-b4d2-408c-8279-d10789ce6fdb,emi_amount,2072.04
loan,61280367-b4d2-408c-8279-d10789ce6fdb,outstanding_interest,3438.63
loan,61280367-b4d2-408c-8279-d10789ce6fdb,penal_charges,6758.83
loan,61280367-b4d2-408c-8279-d10789ce6fdb,last_payment_amount,1076.36
loan,bf8c4ea4-2ba5-442c-891c-0bc87411243f,sanctioned_amount,2744000.0
loan,bf8c4ea4-2ba5-442c-891c-0bc87411243f,disbursed_amount,2725867.66
loan,bf8c4ea4-2ba5-442c-891c-0bc87411243f,outstanding_principal,2539827.84
loan,bf8c4ea4-2ba5-442c-891c-0bc87411243f,total_outstanding,2700005.06
loan,bf8c4ea4-2ba5-442c-891c-0bc87411243f,overdue_amount,285861.64
loan,bf8c4ea4-2ba5-442c-891c-0bc87411243f,emi_amount,81621.81
loan,bf8c4ea4-2ba5-442c-891c-0bc87411243f,outstanding_interest,151570.6
loan,bf8c4ea4-2ba5-442c-891c-0bc87411243f,penal_charges,6822.67
loan,bf8c4ea4-2ba5-442c-891c-0bc87411243f,last_payment_amount,38513.4
loan,0a7254b5-bc6c-4fb9-b613-22826bd3f95e,sanctioned_amount,2361000.0
loan,0a7254b5-bc6c-4fb9-b613-22826bd3f95e,disbursed_amount,2319013.06
loan,0a7254b5-bc6c-4fb9-b613-22826bd3f95e,outstanding_principal,1736695.43
loan,0a7254b5-bc6c-4fb9-b613-22826bd3f95e,total_outstanding,1831961.81
loan,0a7254b5-bc6c-4fb9-b613-22826bd3f95e,overdue_amount,76565.46
loan,0a7254b5-bc6c-4fb9-b613-22826bd3f95e,emi_amount,36157.67
loan,0a7254b5-bc6c-4fb9-b613-22826bd3f95e,outstanding_interest,85650.84
loan,0a7254b5-bc6c-4fb9-b613-22826bd3f95e,penal_charges,6617.7
loan,0a7254b5-bc6c-4fb9-b613-22826bd3f95e,last_payment_amount,35618.12
loan,d5195d7c-e73d-4b1b-8602-ec0683cd2d20,sanctioned_amount,175000.0
loan,d5195d7c-e73d-4b1b-8602-ec0683cd2d20,disbursed_amount,174671.94
loan,d5195d7c-e73d-4b1b-8602-ec0683cd2d20,outstanding_principal,158749.93
loan,d5195d7c-e73d-4b1b-8602-ec0683cd2d20,total_outstanding,167877.12
loan,d5195d7c-e73d-4b1b-8602-ec0683cd2d20,overdue_amount,7363.34
loan,d5195d7c-e73d-4b1b-8602-ec0683cd2d20,emi_amount,3330.41
loan,d5195d7c-e73d-4b1b-8602-ec0683cd2d20,outstanding_interest,5622.73
loan,d5195d7c-e73d-4b1b-8602-ec0683cd2d20,penal_charges,3218.99
loan,d5195d7c-e73d-4b1b-8602-ec0683cd2d20,last_payment_amount,3107.42
loan,06759fbd-2db8-43b3-9f61-2318381729ec,sanctioned_amount,395000.0
loan,06759fbd-2db8-43b3-9f61-2318381729ec,disbursed_amount,388737.95
loan,06759fbd-2db8-43b3-9f61-2318381729ec,outstanding_principal,325352.78
loan,06759fbd-2db8-43b3-9f61-2318381729ec,total_outstanding,345067.38
loan,06759fbd-2db8-43b3-9f61-2318381729ec,overdue_amount,70254.21
loan,06759fbd-2db8-43b3-9f61-2318381729ec,emi_amount,9808.67
loan,06759fbd-2db8-43b3-9f61-2318381729ec,outstanding_interest,13144.36
loan,06759fbd-2db8-43b3-9f61-2318381729ec,penal_charges,5678.62
loan,06759fbd-2db8-43b3-9f61-2318381729ec,last_payment_amount,9331.02
loan,3665d1c4-e4f3-4fc0-9ed5-33728ce227e9,sanctioned_amount,214000.0
loan,3665d1c4-e4f3-4fc0-9ed5-33728ce227e9,disbursed_amount,194618.34
loan,3665d1c4-e4f3-4fc0-9ed5-33728ce227e9,outstanding_principal,73082.09
loan,3665d1c4-e4f3-4fc0-9ed5-33728ce227e9,total_outstanding,79927.99
loan,3665d1c4-e4f3-4fc0-9ed5-33728ce227e9,overdue_amount,35626.43
loan,3665d1c4-e4f3-4fc0-9ed5-33728ce227e9,emi_amount,18330.19
loan,3665d1c4-e4f3-4fc0-9ed5-33728ce227e9,outstanding_interest,5067.8
loan,3665d1c4-e4f3-4fc0-9ed5-33728ce227e9,penal_charges,1301.68
loan,3665d1c4-e4f3-4fc0-9ed5-33728ce227e9,last_payment_amount,11006.14
loan,69326459-fdd4-4f93-a098-676f97e48780,sanctioned_amount,2264000.0
loan,69326459-fdd4-4f93-a098-676f97e48780,disbursed_amount,2066276.15
loan,69326459-fdd4-4f93-a098-676f97e48780,outstanding_principal,1018988.05
loan,69326459-fdd4-4f93-a098-676f97e48780,total_outstanding,1067169.88
loan,69326459-fdd4-4f93-a098-676f97e48780,overdue_amount,255498.46
loan,69326459-fdd4-4f93-a098-676f97e48780,emi_amount,40385.18
loan,69326459-fdd4-4f93-a098-676f97e48780,outstanding_interest,39388.71
loan,69326459-fdd4-4f93-a098-676f97e48780,penal_charges,7063.05
loan,69326459-fdd4-4f93-a098-676f97e48780,last_payment_amount,31013.99
loan,50f48933-ce98-46d7-87ed-3562f5d5335e,sanctioned_amount,1977000.0
loan,50f48933-ce98-46d7-87ed-3562f5d5335e,disbursed_amount,1860662.05
loan,50f48933-ce98-46d7-87ed-3562f5d5335e,outstanding_principal,1440417.79
loan,50f48933-ce98-46d7-87ed-3562f5d5335e,total_outstanding,1480072.78
loan,50f48933-ce98-46d7-87ed-3562f5d5335e,overdue_amount,138969.13
loan,50f48933-ce98-46d7-87ed-3562f5d5335e,emi_amount,67357.63
loan,50f48933-ce98-46d7-87ed-3562f5d5335e,outstanding_interest,38800.27
loan,50f48933-ce98-46d7-87ed-3562f5d5335e,penal_charges,510.89
loan,50f48933-ce98-46d7-87ed-3562f5d5335e,last_payment_amount,50246.74
loan,2f644575-2af6-42a6-b63c-134ec828e39d,sanctioned_amount,292000.0
loan,2f644575-2af6-42a6-b63c-134ec828e39d,disbursed_amount,291945.83
loan,2f644575-2af6-42a6-b63c-134ec828e39d,outstanding_principal,125471.68
loan,2f644575-2af6-42a6-b63c-134ec828e39d,total_outstanding,135796.71
loan,2f644575-2af6-42a6-b63c-134ec828e39d,overdue_amount,14924.81
loan,2f644575-2af6-42a6-b63c-134ec828e39d,emi_amount,6558.51
loan,2f644575-2af6-42a6-b63c-134ec828e39d,outstanding_interest,3560.16
loan,2f644575-2af6-42a6-b63c-134ec828e39d,penal_charges,4809.31
loan,2f644575-2af6-42a6-b63c-134ec828e39d,last_payment_amount,3044.28
loan,b4f390cf-2b27-4ba2-b063-efd50bdbc239,sanctioned_amount,1169000.0
loan,b4f390cf-2b27-4ba2-b063-efd50bdbc239,disbursed_amount,1090105.55
loan,b4f390cf-2b27-4ba2-b063-efd50bdbc239,outstanding_principal,671556.32
loan,b4f390cf-2b27-4ba2-b063-efd50bdbc239,total_outstanding,688889.35
loan,b4f390cf-2b27-4ba2-b063-efd50bdbc239,overdue_amount,67114.47
loan,b4f390cf-2b27-4ba2-b063-efd50bdbc239,emi_amount,21500.39
loan,b4f390cf-2b27-4ba2-b063-efd50bdbc239,outstanding_interest,14222.64
loan,b4f390cf-2b27-4ba2-b063-efd50bdbc239,penal_charges,2050.86
loan,b4f390cf-2b27-4ba2-b063-efd50bdbc239,last_payment_amount,14907.25
loan,62128d4e-fbac-450d-a59b-03966d67946e,sanctioned_amount,62000.0
loan,62128d4e-fbac-450d-a59b-03966d67946e,disbursed_amount,60644.64
loan,62128d4e-fbac-450d-a59b-03966d67946e,outstanding_principal,28642.7
loan,62128d4e-fbac-450d-a59b-03966d67946e,total_outstanding,32481.37
loan,62128d4e-fbac-450d-a59b-03966d67946e,overdue_amount,3955.45
loan,62128d4e-fbac-450d-a59b-03966d67946e,emi_amount,1408.39
loan,62128d4e-fbac-450d-a59b-03966d67946e,outstanding_interest,681.64
loan,62128d4e-fbac-450d-a59b-03966d67946e,penal_charges,2625.85
loan,62128d4e-fbac-450d-a59b-03966d67946e,last_payment_amount,1058.96
loan,cc867f58-7a3b-48e1-ac7f-ece462d4cef1,sanctioned_amount,839000.0
loan,cc867f58-7a3b-48e1-ac7f-ece462d4cef1,disbursed_amount,825531.36
loan,cc867f58-7a3b-48e1-ac7f-ece462d4cef1,outstanding_principal,505949.66
loan,cc867f58-7a3b-48e1-ac7f-ece462d4cef1,total_outstanding,526233.27
loan,cc867f58-7a3b-48e1-ac7f-ece462d4cef1,overdue_amount,69757.33
loan,cc867f58-7a3b-48e1-ac7f-ece462d4cef1,emi_amount,32166.92
loan,cc867f58-7a3b-48e1-ac7f-ece462d4cef1,outstanding_interest,13790.72
loan,cc867f58-7a3b-48e1-ac7f-ece462d4cef1,penal_charges,5339.15
loan,cc867f58-7a3b-48e1-ac7f-ece462d4cef1,last_payment_amount,14986.4
loan,aed06a74-ef36-4de7-a573-5e1b1634b53f,sanctioned_amount,2451000.0
loan,aed06a74-ef36-4de7-a573-5e1b1634b53f,disbursed_amount,2332489.38
loan,aed06a74-ef36-4de7-a573-5e1b1634b53f,outstanding_principal,2155902.39
loan,aed06a74-ef36-4de7-a573-5e1b1634b53f,total_outstanding,2192707.14
loan,aed06a74-ef36-4de7-a573-5e1b1634b53f,overdue_amount,143628.32
loan,aed06a74-ef36-4de7-a573-5e1b1634b53f,emi_amount,64140.82
loan,aed06a74-ef36-4de7-a573-5e1b1634b53f,outstanding_interest,33681.13
loan,aed06a74-ef36-4de7-a573-5e1b1634b53f,penal_charges,2390.74
loan,aed06a74-ef36-4de7-a573-5e1b1634b53f,last_payment_amount,49806.09
loan,ac8615dd-5dc7-4880-a0b8-7c8a0b3b752e,sanctioned_amount,4190000.0
loan,ac8615dd-5dc7-4880-a0b8-7c8a0b3b752e,disbursed_amount,3946865.26
loan,ac8615dd-5dc7-4880-a0b8-7c8a0b3b752e,outstanding_principal,3116331.78
loan,ac8615dd-5dc7-4880-a0b8-7c8a0b3b752e,total_outstanding,3249348.43
loan,ac8615dd-5dc7-4880-a0b8-7c8a0b3b752e,overdue_amount,213868.77
loan,ac8615dd-5dc7-4880-a0b8-7c8a0b3b752e,emi_amount,109400.87
loan,ac8615dd-5dc7-4880-a0b8-7c8a0b3b752e,outstanding_interest,126480.63
loan,ac8615dd-5dc7-4880-a0b8-7c8a0b3b752e,penal_charges,5720.2
loan,ac8615dd-5dc7-4880-a0b8-7c8a0b3b752e,last_payment_amount,50067.74
loan,d8729724-f115-43b4-9112-796cd28e00a9,sanctioned_amount,690000.0
loan,d8729724-f115-43b4-9112-796cd28e00a9,disbursed_amount,653525.48
loan,d8729724-f115-43b4-9112-796cd28e00a9,outstanding_principal,604185.01
loan,d8729724-f115-43b4-9112-796cd28e00a9,total_outstanding,616158.66
loan,d8729724-f115-43b4-9112-796cd28e00a9,overdue_amount,57972.82
loan,d8729724-f115-43b4-9112-796cd28e00a9,emi_amount,22138.51
loan,d8729724-f115-43b4-9112-796cd28e00a9,outstanding_interest,6823.97
loan,d8729724-f115-43b4-9112-796cd28e00a9,penal_charges,4738.69
loan,d8729724-f115-43b4-9112-796cd28e00a9,last_payment_amount,15059.72
loan,4e616207-c78b-4df0-9375-cc3ab4b46ddd,sanctioned_amount,3420000.0
loan,4e616207-c78b-4df0-9375-cc3ab4b46ddd,disbursed_amount,3124416.67
loan,4e616207-c78b-4df0-9375-cc3ab4b46ddd,outstanding_principal,1574312.08
loan,4e616207-c78b-4df0-9375-cc3ab4b46ddd,total_outstanding,1689139.79
loan,4e616207-c78b-4df0-9375-cc3ab4b46ddd,overdue_amount,465536.8
loan,4e616207-c78b-4df0-9375-cc3ab4b46ddd,emi_amount,159527.42
loan,4e616207-c78b-4df0-9375-cc3ab4b46ddd,outstanding_interest,104963.78
loan,4e616207-c78b-4df0-9375-cc3ab4b46ddd,penal_charges,7934.87
loan,4e616207-c78b-4df0-9375-cc3ab4b46ddd,last_payment_amount,96432.5
loan,e84d6b35-87d2-4344-aeb7-b3feda15be7e,sanctioned_amount,3594000.0
loan,e84d6b35-87d2-4344-aeb7-b3feda15be7e,disbursed_amount,3460701.05
loan,e84d6b35-87d2-4344-aeb7-b3feda15be7e,outstanding_principal,2334744.96
loan,e84d6b35-87d2-4344-aeb7-b3feda15be7e,total_outstanding,2461968.08
loan,e84d6b35-87d2-4344-aeb7-b3feda15be7e,overdue_amount,1021690.67
loan,e84d6b35-87d2-4344-aeb7-b3feda15be7e,emi_amount,321662.46
loan,e84d6b35-87d2-4344-aeb7-b3feda15be7e,outstanding_interest,124149.31
loan,e84d6b35-87d2-4344-aeb7-b3feda15be7e,penal_charges,547.67
loan,e84d6b35-87d2-4344-aeb7-b3feda15be7e,last_payment_amount,299944.12
loan,b028c6eb-242a-4eb1-b041-77b2b4eea3b7,sanctioned_amount,176000.0
loan,b028c6eb-242a-4eb1-b041-77b2b4eea3b7,disbursed_amount,165917.06
loan,b028c6eb-242a-4eb1-b041-77b2b4eea3b7,outstanding_principal,127351.86
loan,b028c6eb-242a-4eb1-b041-77b2b4eea3b7,total_outstanding,134274.22
loan,b028c6eb-242a-4eb1-b041-77b2b4eea3b7,overdue_amount,20195.61
loan,b028c6eb-242a-4eb1-b041-77b2b4eea3b7,emi_amount,5742.26
loan,b028c6eb-242a-4eb1-b041-77b2b4eea3b7,outstanding_interest,1654.23
loan,b028c6eb-242a-4eb1-b041-77b2b4eea3b7,penal_charges,5204.05
loan,b028c6eb-242a-4eb1-b041-77b2b4eea3b7,last_payment_amount,2971.7
loan,a96f8c41-41f0-47d3-ab7d-bef307ff93f5,sanctioned_amount,83000.0
loan,a96f8c41-41f0-47d3-ab7d-bef307ff93f5,disbursed_amount,79834.76
loan,a96f8c41-41f0-47d3-ab7d-bef307ff93f5,outstanding_principal,45504.65
loan,a96f8c41-41f0-47d3-ab7d-bef307ff93f5,total_outstanding,54911.35
loan,a96f8c41-41f0-47d3-ab7d-bef307ff93f5,overdue_amount,10141.96
loan,a96f8c41-41f0-47d3-ab7d-bef307ff93f5,emi_amount,1343.61
loan,a96f8c41-41f0-47d3-ab7d-bef307ff93f5,outstanding_interest,1350.63
loan,a96f8c41-41f0-47d3-ab7d-bef307ff93f5,penal_charges,6760.6
loan,a96f8c41-41f0-47d3-ab7d-bef307ff93f5,last_payment_amount,565.76
loan,acebc99d-37b7-426b-9d28-ae8e5e78f2e3,sanctioned_amount,77000.0
loan,acebc99d-37b7-426b-9d28-ae8e5e78f2e3,disbursed_amount,72495.91
loan,acebc99d-37b7-426b-9d28-ae8e5e78f2e3,outstanding_principal,56417.63
loan,acebc99d-37b7-426b-9d28-ae8e5e78f2e3,total_outstanding,66076.54
loan,acebc99d-37b7-426b-9d28-ae8e5e78f2e3,overdue_amount,8048.14
loan,acebc99d-37b7-426b-9d28-ae8e5e78f2e3,emi_amount,1443.42
loan,acebc99d-37b7-426b-9d28-ae8e5e78f2e3,outstanding_interest,2474.68
loan,acebc99d-37b7-426b-9d28-ae8e5e78f2e3,penal_charges,4481.49
loan,acebc99d-37b7-426b-9d28-ae8e5e78f2e3,last_payment_amount,1295.13
loan,bcbacbbe-a80e-46b4-adc4-0e1d19a6ee48,sanctioned_amount,810000.0
loan,bcbacbbe-a80e-46b4-adc4-0e1d19a6ee48,disbursed_amount,751613.21
loan,bcbacbbe-a80e-46b4-adc4-0e1d19a6ee48,outstanding_principal,639904.11
loan,bcbacbbe-a80e-46b4-adc4-0e1d19a6ee48,total_outstanding,659203.63
loan,bcbacbbe-a80e-46b4-adc4-0e1d19a6ee48,overdue_amount,236283.24
loan,bcbacbbe-a80e-46b4-adc4-0e1d19a6ee48,emi_amount,35960.56
loan,bcbacbbe-a80e-46b4-adc4-0e1d19a6ee48,outstanding_interest,11610.72
loan,bcbacbbe-a80e-46b4-adc4-0e1d19a6ee48,penal_charges,6294.19
loan,bcbacbbe-a80e-46b4-adc4-0e1d19a6ee48,last_payment_amount,30286.06
loan,c359d325-fef2-4533-ad65-aba3d937fa27,sanctioned_amount,3774000.0
loan,c359d325-fef2-4533-ad65-aba3d937fa27,disbursed_amount,3674974.87
loan,c359d325-fef2-4533-ad65-aba3d937fa27,outstanding_principal,3047898.24
loan,c359d325-fef2-4533-ad65-aba3d937fa27,total_outstanding,3109002.07
loan,c359d325-fef2-4533-ad65-aba3d937fa27,overdue_amount,141117.42
loan,c359d325-fef2-4533-ad65-aba3d937fa27,emi_amount,81549.32
loan,c359d325-fef2-4533-ad65-aba3d937fa27,outstanding_interest,52535.55
loan,c359d325-fef2-4533-ad65-aba3d937fa27,penal_charges,6937.27
loan,c359d325-fef2-4533-ad65-aba3d937fa27,last_payment_amount,49212.34
loan,587ad0f3-bfc2-4771-909e-8aa12de3a8a9,sanctioned_amount,115000.0
loan,587ad0f3-bfc2-4771-909e-8aa12de3a8a9,disbursed_amount,104006.21
loan,587ad0f3-bfc2-4771-909e-8aa12de3a8a9,outstanding_principal,50162.68
loan,587ad0f3-bfc2-4771-909e-8aa12de3a8a9,total_outstanding,57693.66
loan,587ad0f3-bfc2-4771-909e-8aa12de3a8a9,overdue_amount,3617.1
loan,587ad0f3-bfc2-4771-909e-8aa12de3a8a9,emi_amount,1798.86
loan,587ad0f3-bfc2-4771-909e-8aa12de3a8a9,outstanding_interest,2130.37
loan,587ad0f3-bfc2-4771-909e-8aa12de3a8a9,penal_charges,5186.3
loan,587ad0f3-bfc2-4771-909e-8aa12de3a8a9,last_payment_amount,1515.8
loan,365700b5-d1d8-4a82-83a7-543fd6e3856c,sanctioned_amount,91000.0
loan,365700b5-d1d8-4a82-83a7-543fd6e3856c,disbursed_amount,82201.27
loan,365700b5-d1d8-4a82-83a7-543fd6e3856c,outstanding_principal,29964.36
loan,365700b5-d1d8-4a82-83a7-543fd6e3856c,total_outstanding,36064.91
loan,365700b5-d1d8-4a82-83a7-543fd6e3856c,overdue_amount,24855.5
loan,365700b5-d1d8-4a82-83a7-543fd6e3856c,emi_amount,7232.97
loan,365700b5-d1d8-4a82-83a7-543fd6e3856c,outstanding_interest,909.15
loan,365700b5-d1d8-4a82-83a7-543fd6e3856c,penal_charges,2918.72
loan,365700b5-d1d8-4a82-83a7-543fd6e3856c,last_payment_amount,7029.38
loan,38f399df-88ee-44ca-98ed-4b361502d6ef,sanctioned_amount,2800000.0
loan,38f399df-88ee-44ca-98ed-4b361502d6ef,disbursed_amount,2729572.09
loan,38f399df-88ee-44ca-98ed-4b361502d6ef,outstanding_principal,1467708.42
loan,38f399df-88ee-44ca-98ed-4b361502d6ef,total_outstanding,1543736.94
loan,38f399df-88ee-44ca-98ed-4b361502d6ef,overdue_amount,126519.0
loan,38f399df-88ee-44ca-98ed-4b361502d6ef,emi_amount,58121.19
loan,38f399df-88ee-44ca-98ed-4b361502d6ef,outstanding_interest,70878.78
loan,38f399df-88ee-44ca-98ed-4b361502d6ef,penal_charges,4280.15
loan,38f399df-88ee-44ca-98ed-4b361502d6ef,last_payment_amount,42281.14
loan,2d3950fc-39c2-4e36-9f4e-588ed72b086c,sanctioned_amount,122000.0
loan,2d3950fc-39c2-4e36-9f4e-588ed72b086c,disbursed_amount,111943.84
loan,2d3950fc-39c2-4e36-9f4e-588ed72b086c,outstanding_principal,60278.2
loan,2d3950fc-39c2-4e36-9f4e-588ed72b086c,total_outstanding,66991.47
loan,2d3950fc-39c2-4e36-9f4e-588ed72b086c,overdue_amount,9045.35
loan,2d3950fc-39c2-4e36-9f4e-588ed72b086c,emi_amount,3008.67
loan,2d3950fc-39c2-4e36-9f4e-588ed72b086c,outstanding_interest,2575.98
loan,2d3950fc-39c2-4e36-9f4e-588ed72b086c,penal_charges,4004.85
loan,2d3950fc-39c2-4e36-9f4e-588ed72b086c,last_payment_amount,1885.65
loan,1c136dbb-cb98-4e60-bfb0-180ac89f35ca,sanctioned_amount,72000.0
loan,1c136dbb-cb98-4e60-bfb0-180ac89f35ca,disbursed_amount,67717.32
loan,1c136dbb-cb98-4e60-bfb0-180ac89f35ca,outstanding_principal,44490.93
loan,1c136dbb-cb98-4e60-bfb0-180ac89f35ca,total_outstanding,49053.3
loan,1c136dbb-cb98-4e60-bfb0-180ac89f35ca,overdue_amount,9734.2
loan,1c136dbb-cb98-4e60-bfb0-180ac89f35ca,emi_amount,3376.87
loan,1c136dbb-cb98-4e60-bfb0-180ac89f35ca,outstanding_interest,2764.51
loan,1c136dbb-cb98-4e60-bfb0-180ac89f35ca,penal_charges,867.48
loan,1c136dbb-cb98-4e60-bfb0-180ac89f35ca,last_payment_amount,2470.27
loan,bc26b72a-f1cf-41ec-a47a-90646d26576b,sanctioned_amount,2936000.0
loan,bc26b72a-f1cf-41ec-a47a-90646d26576b,disbursed_amount,2806305.83
loan,bc26b72a-f1cf-41ec-a47a-90646d26576b,outstanding_principal,2033558.33
loan,bc26b72a-f1cf-41ec-a47a-90646d26576b,total_outstanding,2137056.29
loan,bc26b72a-f1cf-41ec-a47a-90646d26576b,overdue_amount,585610.97
loan,bc26b72a-f1cf-41ec-a47a-90646d26576b,emi_amount,51751.66
loan,bc26b72a-f1cf-41ec-a47a-90646d26576b,outstanding_interest,95508.84
loan,bc26b72a-f1cf-41ec-a47a-90646d26576b,penal_charges,7434.82
loan,bc26b72a-f1cf-41ec-a47a-90646d26576b,last_payment_amount,46625.09
loan,2ee12012-45cd-42a1-80b2-059535665e53,sanctioned_amount,4868000.0
loan,2ee12012-45cd-42a1-80b2-059535665e53,disbursed_amount,4467580.26
loan,2ee12012-45cd-42a1-80b2-059535665e53,outstanding_principal,2945913.53
loan,2ee12012-45cd-42a1-80b2-059535665e53,total_outstanding,3075433.57
loan,2ee12012-45cd-42a1-80b2-059535665e53,overdue_amount,931577.53
loan,2ee12012-45cd-42a1-80b2-059535665e53,emi_amount,143874.42
loan,2ee12012-45cd-42a1-80b2-059535665e53,outstanding_interest,124865.13
loan,2ee12012-45cd-42a1-80b2-059535665e53,penal_charges,4462.41
loan,2ee12012-45cd-42a1-80b2-059535665e53,last_payment_amount,102587.37
loan,d0bd1e88-77f7-42b1-8e02-d37dca9063bd,sanctioned_amount,490000.0
loan,d0bd1e88-77f7-42b1-8e02-d37dca9063bd,disbursed_amount,478067.49
loan,d0bd1e88-77f7-42b1-8e02-d37dca9063bd,outstanding_principal,290920.05
loan,d0bd1e88-77f7-42b1-8e02-d37dca9063bd,total_outstanding,298414.45
loan,d0bd1e88-77f7-42b1-8e02-d37dca9063bd,overdue_amount,38222.15
loan,d0bd1e88-77f7-42b1-8e02-d37dca9063bd,emi_amount,8395.07
loan,d0bd1e88-77f7-42b1-8e02-d37dca9063bd,outstanding_interest,3719.63
loan,d0bd1e88-77f7-42b1-8e02-d37dca9063bd,penal_charges,2388.87
loan,d0bd1e88-77f7-42b1-8e02-d37dca9063bd,last_payment_amount,5144.55
loan,2f512eb0-bce2-4170-a2b5-36cd562cc688,sanctioned_amount,1340000.0
loan,2f512eb0-bce2-4170-a2b5-36cd562cc688,disbursed_amount,1311680.31
loan,2f512eb0-bce2-4170-a2b5-36cd562cc688,outstanding_principal,606223.47
loan,2f512eb0-bce2-4170-a2b5-36cd562cc688,total_outstanding,630249.44
loan,2f512eb0-bce2-4170-a2b5-36cd562cc688,overdue_amount,108324.76
loan,2f512eb0-bce2-4170-a2b5-36cd562cc688,emi_amount,48810.75
loan,2f512eb0-bce2-4170-a2b5-36cd562cc688,outstanding_interest,16050.63
loan,2f512eb0-bce2-4170-a2b5-36cd562cc688,penal_charges,5969.35
loan,2f512eb0-bce2-4170-a2b5-36cd562cc688,last_payment_amount,42721.91
loan,3d6dd96d-6329-4058-893f-e843cf026e97,sanctioned_amount,178000.0
loan,3d6dd96d-6329-4058-893f-e843cf026e97,disbursed_amount,173942.26
loan,3d6dd96d-6329-4058-893f-e843cf026e97,outstanding_principal,113163.68
loan,3d6dd96d-6329-4058-893f-e843cf026e97,total_outstanding,122002.36
loan,3d6dd96d-6329-4058-893f-e843cf026e97,overdue_amount,14846.17
loan,3d6dd96d-6329-4058-893f-e843cf026e97,emi_amount,6484.8
loan,3d6dd96d-6329-4058-893f-e843cf026e97,outstanding_interest,2934.62
loan,3d6dd96d-6329-4058-893f-e843cf026e97,penal_charges,2986.63
loan,3d6dd96d-6329-4058-893f-e843cf026e97,last_payment_amount,2739.99
loan,ea68ee5a-9bb6-4f8c-b61b-5cb86c87ab2e,sanctioned_amount,298000.0
loan,ea68ee5a-9bb6-4f8c-b61b-5cb86c87ab2e,disbursed_amount,274426.33
loan,ea68ee5a-9bb6-4f8c-b61b-5cb86c87ab2e,outstanding_principal,138483.83
loan,ea68ee5a-9bb6-4f8c-b61b-5cb86c87ab2e,total_outstanding,147344.22
loan,ea68ee5a-9bb6-4f8c-b61b-5cb86c87ab2e,overdue_amount,21887.27
loan,ea68ee5a-9bb6-4f8c-b61b-5cb86c87ab2e,emi_amount,10298.31
loan,ea68ee5a-9bb6-4f8c-b61b-5cb86c87ab2e,outstanding_interest,4734.35
loan,ea68ee5a-9bb6-4f8c-b61b-5cb86c87ab2e,penal_charges,3460.4
loan,ea68ee5a-9bb6-4f8c-b61b-5cb86c87ab2e,last_payment_amount,4703.7
loan,0e57832a-3e9d-447e-9358-542375a1c057,sanctioned_amount,4256000.0
loan,0e57832a-3e9d-447e-9358-542375a1c057,disbursed_amount,3850969.39
loan,0e57832a-3e9d-447e-9358-542375a1c057,outstanding_principal,2916222.74
loan,0e57832a-3e9d-447e-9358-542375a1c057,total_outstanding,3071503.72
loan,0e57832a-3e9d-447e-9358-542375a1c057,overdue_amount,542124.01
loan,0e57832a-3e9d-447e-9358-542375a1c057,emi_amount,202948.73
loan,0e57832a-3e9d-447e-9358-542375a1c057,outstanding_interest,146952.44
loan,0e57832a-3e9d-447e-9358-542375a1c057,penal_charges,5330.21
loan,0e57832a-3e9d-447e-9358-542375a1c057,last_payment_amount,169262.59
loan,760b9b1e-94c7-4882-ac7c-17e5972ea843,sanctioned_amount,693000.0
loan,760b9b1e-94c7-4882-ac7c-17e5972ea843,disbursed_amount,690279.28
loan,760b9b1e-94c7-4882-ac7c-17e5972ea843,outstanding_principal,610962.28
loan,760b9b1e-94c7-4882-ac7c-17e5972ea843,total_outstanding,631755.68
loan,760b9b1e-94c7-4882-ac7c-17e5972ea843,overdue_amount,38778.53
loan,760b9b1e-94c7-4882-ac7c-17e5972ea843,emi_amount,14275.99
loan,760b9b1e-94c7-4882-ac7c-17e5972ea843,outstanding_interest,11148.99
loan,760b9b1e-94c7-4882-ac7c-17e5972ea843,penal_charges,6652.62
loan,760b9b1e-94c7-4882-ac7c-17e5972ea843,last_payment_amount,12379.85
loan,e19d3e8f-7365-4f29-9615-5af85dfe22b0,sanctioned_amount,1546000.0
loan,e19d3e8f-7365-4f29-9615-5af85dfe22b0,disbursed_amount,1449729.21
loan,e19d3e8f-7365-4f29-9615-5af85dfe22b0,outstanding_principal,754133.93
loan,e19d3e8f-7365-4f29-9615-5af85dfe22b0,total_outstanding,804452.42
loan,e19d3e8f-7365-4f29-9615-5af85dfe22b0,overdue_amount,77877.02
loan,e19d3e8f-7365-4f29-9615-5af85dfe22b0,emi_amount,29302.07
loan,e19d3e8f-7365-4f29-9615-5af85dfe22b0,outstanding_interest,43136.13
loan,e19d3e8f-7365-4f29-9615-5af85dfe22b0,penal_charges,5935.83
loan,e19d3e8f-7365-4f29-9615-5af85dfe22b0,last_payment_amount,18189.05
loan,0482b900-a5aa-4fc8-96e3-879af1a4cfcf,sanctioned_amount,83000.0
loan,0482b900-a5aa-4fc8-96e3-879af1a4cfcf,disbursed_amount,81410.66
loan,0482b900-a5aa-4fc8-96e3-879af1a4cfcf,outstanding_principal,33810.96
loan,0482b900-a5aa-4fc8-96e3-879af1a4cfcf,total_outstanding,40506.28
loan,0482b900-a5aa-4fc8-96e3-879af1a4cfcf,overdue_amount,7049.15
loan,0482b900-a5aa-4fc8-96e3-879af1a4cfcf,emi_amount,1916.77
loan,0482b900-a5aa-4fc8-96e3-879af1a4cfcf,outstanding_interest,1192.31
loan,0482b900-a5aa-4fc8-96e3-879af1a4cfcf,penal_charges,4474.16
loan,0482b900-a5aa-4fc8-96e3-879af1a4cfcf,last_payment_amount,1703.95
loan,a16baf03-dada-4d41-87d8-b26c0f5a23a6,sanctioned_amount,907000.0
loan,a16baf03-dada-4d41-87d8-b26c0f5a23a6,disbursed_amount,841244.28
loan,a16baf03-dada-4d41-87d8-b26c0f5a23a6,outstanding_principal,645444.89
loan,a16baf03-dada-4d41-87d8-b26c0f5a23a6,total_outstanding,680671.88
loan,a16baf03-dada-4d41-87d8-b26c0f5a23a6,overdue_amount,142268.65
loan,a16baf03-dada-4d41-87d8-b26c0f5a23a6,emi_amount,75821.25
loan,a16baf03-dada-4d41-87d8-b26c0f5a23a6,outstanding_interest,29607.65
loan,a16baf03-dada-4d41-87d8-b26c0f5a23a6,penal_charges,4397.6
loan,a16baf03-dada-4d41-87d8-b26c0f5a23a6,last_payment_amount,65722.7
loan,535742d9-b971-409d-9612-e3a8e0140a65,sanctioned_amount,3024000.0
loan,535742d9-b971-409d-9612-e3a8e0140a65,disbursed_amount,2735618.78
loan,535742d9-b971-409d-9612-e3a8e0140a65,outstanding_principal,2238239.67
loan,535742d9-b971-409d-9612-e3a8e0140a65,total_outstanding,2280593.41
loan,535742d9-b971-409d-9612-e3a8e0140a65,overdue_amount,873121.03
loan,535742d9-b971-409d-9612-e3a8e0140a65,emi_amount,253035.27
loan,535742d9-b971-409d-9612-e3a8e0140a65,outstanding_interest,37435.93
loan,535742d9-b971-409d-9612-e3a8e0140a65,penal_charges,1947.04
loan,535742d9-b971-409d-9612-e3a8e0140a65,last_payment_amount,159860.21
loan,fbed731d-1996-468e-a003-d4217b44e940,sanctioned_amount,68000.0
loan,fbed731d-1996-468e-a003-d4217b44e940,disbursed_amount,66419.64
loan,fbed731d-1996-468e-a003-d4217b44e940,outstanding_principal,43534.46
loan,fbed731d-1996-468e-a003-d4217b44e940,total_outstanding,50981.54
loan,fbed731d-1996-468e-a003-d4217b44e940,overdue_amount,6913.6
loan,fbed731d-1996-468e-a003-d4217b44e940,emi_amount,2255.78
loan,fbed731d-1996-468e-a003-d4217b44e940,outstanding_interest,764.38
loan,fbed731d-1996-468e-a003-d4217b44e940,penal_charges,4140.4
loan,fbed731d-1996-468e-a003-d4217b44e940,last_payment_amount,2234.02
loan,4ac5c589-f393-488b-975d-28f9e0d31ee0,sanctioned_amount,1456000.0
loan,4ac5c589-f393-488b-975d-28f9e0d31ee0,disbursed_amount,1440910.09
loan,4ac5c589-f393-488b-975d-28f9e0d31ee0,outstanding_principal,672100.28
loan,4ac5c589-f393-488b-975d-28f9e0d31ee0,total_outstanding,690121.88
loan,4ac5c589-f393-488b-975d-28f9e0d31ee0,overdue_amount,304517.06
loan,4ac5c589-f393-488b-975d-28f9e0d31ee0,emi_amount,30664.33
loan,4ac5c589-f393-488b-975d-28f9e0d31ee0,outstanding_interest,10867.44
loan,4ac5c589-f393-488b-975d-28f9e0d31ee0,penal_charges,5503.3
loan,4ac5c589-f393-488b-975d-28f9e0d31ee0,last_payment_amount,13248.22
loan,69265f3c-103b-4ffe-becb-b9912a5aafaf,sanctioned_amount,163000.0
loan,69265f3c-103b-4ffe-becb-b9912a5aafaf,disbursed_amount,154970.61
loan,69265f3c-103b-4ffe-becb-b9912a5aafaf,outstanding_principal,80810.77
loan,69265f3c-103b-4ffe-becb-b9912a5aafaf,total_outstanding,94245.19
loan,69265f3c-103b-4ffe-becb-b9912a5aafaf,overdue_amount,15212.93
loan,69265f3c-103b-4ffe-becb-b9912a5aafaf,emi_amount,4449.62
loan,69265f3c-103b-4ffe-becb-b9912a5aafaf,outstanding_interest,2493.51
loan,69265f3c-103b-4ffe-becb-b9912a5aafaf,penal_charges,7965.23
loan,69265f3c-103b-4ffe-becb-b9912a5aafaf,last_payment_amount,4101.43
loan,e43a4ad8-9187-41ee-a2c8-7a7ccf53047d,sanctioned_amount,4158000.0
loan,e43a4ad8-9187-41ee-a2c8-7a7ccf53047d,disbursed_amount,4045633.44
loan,e43a4ad8-9187-41ee-a2c8-7a7ccf53047d,outstanding_principal,2133377.85
loan,e43a4ad8-9187-41ee-a2c8-7a7ccf53047d,total_outstanding,2232997.68
loan,e43a4ad8-9187-41ee-a2c8-7a7ccf53047d,overdue_amount,221256.39
loan,e43a4ad8-9187-41ee-a2c8-7a7ccf53047d,emi_amount,76836.81
loan,e43a4ad8-9187-41ee-a2c8-7a7ccf53047d,outstanding_interest,93383.28
loan,e43a4ad8-9187-41ee-a2c8-7a7ccf53047d,penal_charges,3380.74
loan,e43a4ad8-9187-41ee-a2c8-7a7ccf53047d,last_payment_amount,44307.52
loan,e5400961-d5cd-4e63-824d-8a754a965b52,sanctioned_amount,192000.0
loan,e5400961-d5cd-4e63-824d-8a754a965b52,disbursed_amount,189898.36
loan,e5400961-d5cd-4e63-824d-8a754a965b52,outstanding_principal,100011.68
loan,e5400961-d5cd-4e63-824d-8a754a965b52,total_outstanding,106583.7
loan,e5400961-d5cd-4e63-824d-8a754a965b52,overdue_amount,12190.92
loan,e5400961-d5cd-4e63-824d-8a754a965b52,emi_amount,2671.73
loan,e5400961-d5cd-4e63-824d-8a754a965b52,outstanding_interest,1360.88
loan,e5400961-d5cd-4e63-824d-8a754a965b52,penal_charges,3531.59
loan,e5400961-d5cd-4e63-824d-8a754a965b52,last_payment_amount,1706.69
loan,9a0a0bd6-46f0-4dc2-9cfa-e267d702193b,sanctioned_amount,1467000.0
loan,9a0a0bd6-46f0-4dc2-9cfa-e267d702193b,disbursed_amount,1345813.28
loan,9a0a0bd6-46f0-4dc2-9cfa-e267d702193b,outstanding_principal,655231.01
loan,9a0a0bd6-46f0-4dc2-9cfa-e267d702193b,total_outstanding,684228.29
loan,9a0a0bd6-46f0-4dc2-9cfa-e267d702193b,overdue_amount,232285.9
loan,9a0a0bd6-46f0-4dc2-9cfa-e267d702193b,emi_amount,30637.03
loan,9a0a0bd6-46f0-4dc2-9cfa-e267d702193b,outstanding_interest,20804.63
loan,9a0a0bd6-46f0-4dc2-9cfa-e267d702193b,penal_charges,5469.07
loan,9a0a0bd6-46f0-4dc2-9cfa-e267d702193b,last_payment_amount,27475.54
loan,6758ea86-12a4-4bce-aa9b-09cb91ae5f32,sanctioned_amount,290000.0
loan,6758ea86-12a4-4bce-aa9b-09cb91ae5f32,disbursed_amount,287165.21
loan,6758ea86-12a4-4bce-aa9b-09cb91ae5f32,outstanding_principal,239137.16
loan,6758ea86-12a4-4bce-aa9b-09cb91ae5f32,total_outstanding,259499.71
loan,6758ea86-12a4-4bce-aa9b-09cb91ae5f32,overdue_amount,16375.3
loan,6758ea86-12a4-4bce-aa9b-09cb91ae5f32,emi_amount,8424.64
loan,6758ea86-12a4-4bce-aa9b-09cb91ae5f32,outstanding_interest,12505.76
loan,6758ea86-12a4-4bce-aa9b-09cb91ae5f32,penal_charges,6223.29
loan,6758ea86-12a4-4bce-aa9b-09cb91ae5f32,last_payment_amount,7330.79
loan,f0e91159-448b-4da0-939b-83aaa0a5d345,sanctioned_amount,136000.0
loan,f0e91159-448b-4da0-939b-83aaa0a5d345,disbursed_amount,122603.09
loan,f0e91159-448b-4da0-939b-83aaa0a5d345,outstanding_principal,107813.74
loan,f0e91159-448b-4da0-939b-83aaa0a5d345,total_outstanding,116858.1
loan,f0e91159-448b-4da0-939b-83aaa0a5d345,overdue_amount,7692.57
loan,f0e91159-448b-4da0-939b-83aaa0a5d345,emi_amount,3521.69
loan,f0e91159-448b-4da0-939b-83aaa0a5d345,outstanding_interest,5181.09
loan,f0e91159-448b-4da0-939b-83aaa0a5d345,penal_charges,2852.71
loan,f0e91159-448b-4da0-939b-83aaa0a5d345,last_payment_amount,3190.6
loan,f97e2fbc-e5a0-4a60-9163-ec620f562605,sanctioned_amount,479000.0
loan,f97e2fbc-e5a0-4a60-9163-ec620f562605,disbursed_amount,471803.67
loan,f97e2fbc-e5a0-4a60-9163-ec620f562605,outstanding_principal,300562.72
loan,f97e2fbc-e5a0-4a60-9163-ec620f562605,total_outstanding,314583.62
loan,f97e2fbc-e5a0-4a60-9163-ec620f562605,overdue_amount,216322.95
loan,f97e2fbc-e5a0-4a60-9163-ec620f562605,emi_amount,42318.98
loan,f97e2fbc-e5a0-4a60-9163-ec620f562605,outstanding_interest,5826.6
loan,f97e2fbc-e5a0-4a60-9163-ec620f562605,penal_charges,6891.56
loan,f97e2fbc-e5a0-4a60-9163-ec620f562605,last_payment_amount,18833.39
loan,c1aa728b-8613-40ae-b9a9-2e6d13695b59,sanctioned_amount,254000.0
loan,c1aa728b-8613-40ae-b9a9-2e6d13695b59,disbursed_amount,229817.07
loan,c1aa728b-8613-40ae-b9a9-2e6d13695b59,outstanding_principal,118941.42
loan,c1aa728b-8613-40ae-b9a9-2e6d13695b59,total_outstanding,128907.43
loan,c1aa728b-8613-40ae-b9a9-2e6d13695b59,overdue_amount,10295.72
loan,c1aa728b-8613-40ae-b9a9-2e6d13695b59,emi_amount,4988.43
loan,c1aa728b-8613-40ae-b9a9-2e6d13695b59,outstanding_interest,2068.05
loan,c1aa728b-8613-40ae-b9a9-2e6d13695b59,penal_charges,6933.78
loan,c1aa728b-8613-40ae-b9a9-2e6d13695b59,last_payment_amount,4604.84
loan,8ba24c11-7436-439a-858f-dc44975aba8f,sanctioned_amount,2789000.0
loan,8ba24c11-7436-439a-858f-dc44975aba8f,disbursed_amount,2588136.28
loan,8ba24c11-7436-439a-858f-dc44975aba8f,outstanding_principal,1342985.4
loan,8ba24c11-7436-439a-858f-dc44975aba8f,total_outstanding,1364293.25
loan,8ba24c11-7436-439a-858f-dc44975aba8f,overdue_amount,210522.35
loan,8ba24c11-7436-439a-858f-dc44975aba8f,emi_amount,65934.86
loan,8ba24c11-7436-439a-858f-dc44975aba8f,outstanding_interest,17020.97
loan,8ba24c11-7436-439a-858f-dc44975aba8f,penal_charges,3867.69
loan,8ba24c11-7436-439a-858f-dc44975aba8f,last_payment_amount,49964.59
loan,e2c9936e-6f80-4c0e-bd95-c1920dd1995a,sanctioned_amount,4554000.0
loan,e2c9936e-6f80-4c0e-bd95-c1920dd1995a,disbursed_amount,4383402.46
loan,e2c9936e-6f80-4c0e-bd95-c1920dd1995a,outstanding_principal,3021272.52
loan,e2c9936e-6f80-4c0e-bd95-c1920dd1995a,total_outstanding,3194447.71
loan,e2c9936e-6f80-4c0e-bd95-c1920dd1995a,overdue_amount,765325.56
loan,e2c9936e-6f80-4c0e-bd95-c1920dd1995a,emi_amount,125663.7
loan,e2c9936e-6f80-4c0e-bd95-c1920dd1995a,outstanding_interest,166773.93
loan,e2c9936e-6f80-4c0e-bd95-c1920dd1995a,penal_charges,6333.05
loan,e2c9936e-6f80-4c0e-bd95-c1920dd1995a,last_payment_amount,84486.2
loan,3c149a2e-dedf-4b12-92e3-54ec3d6e054a,sanctioned_amount,289000.0
loan,3c149a2e-dedf-4b12-92e3-54ec3d6e054a,disbursed_amount,265955.68
loan,3c149a2e-dedf-4b12-92e3-54ec3d6e054a,outstanding_principal,241035.65
loan,3c149a2e-dedf-4b12-92e3-54ec3d6e054a,total_outstanding,263025.2
loan,3c149a2e-dedf-4b12-92e3-54ec3d6e054a,overdue_amount,15491.94
loan,3c149a2e-dedf-4b12-92e3-54ec3d6e054a,emi_amount,8498.28
loan,3c149a2e-dedf-4b12-92e3-54ec3d6e054a,outstanding_interest,11295.81
loan,3c149a2e-dedf-4b12-92e3-54ec3d6e054a,penal_charges,7970.83
loan,3c149a2e-dedf-4b12-92e3-54ec3d6e054a,last_payment_amount,3401.68
loan,f2511841-3b33-42bb-8a8b-c4ce010cbcdb,sanctioned_amount,3297000.0
loan,f2511841-3b33-42bb-8a8b-c4ce010cbcdb,disbursed_amount,3072064.13
loan,f2511841-3b33-42bb-8a8b-c4ce010cbcdb,outstanding_principal,1768245.29
loan,f2511841-3b33-42bb-8a8b-c4ce010cbcdb,total_outstanding,1815516.98
loan,f2511841-3b33-42bb-8a8b-c4ce010cbcdb,overdue_amount,223240.11
loan,f2511841-3b33-42bb-8a8b-c4ce010cbcdb,emi_amount,75604.38
loan,f2511841-3b33-42bb-8a8b-c4ce010cbcdb,outstanding_interest,38450.62
loan,f2511841-3b33-42bb-8a8b-c4ce010cbcdb,penal_charges,7185.5
loan,f2511841-3b33-42bb-8a8b-c4ce010cbcdb,last_payment_amount,69460.37
loan,7e7e35fa-08dd-47a9-9307-f2181dc97d37,sanctioned_amount,85000.0
loan,7e7e35fa-08dd-47a9-9307-f2181dc97d37,disbursed_amount,80164.86
loan,7e7e35fa-08dd-47a9-9307-f2181dc97d37,outstanding_principal,60863.5
loan,7e7e35fa-08dd-47a9-9307-f2181dc97d37,total_outstanding,70746.24
loan,7e7e35fa-08dd-47a9-9307-f2181dc97d37,overdue_amount,13955.62
loan,7e7e35fa-08dd-47a9-9307-f2181dc97d37,emi_amount,7197.27
loan,7e7e35fa-08dd-47a9-9307-f2181dc97d37,outstanding_interest,2593.33
loan,7e7e35fa-08dd-47a9-9307-f2181dc97d37,penal_charges,4506.36
loan,7e7e35fa-08dd-47a9-9307-f2181dc97d37,last_payment_amount,6830.95
loan,acc34335-0c63-4a9d-b2d6-22e49e94e051,sanctioned_amount,4574000.0
loan,acc34335-0c63-4a9d-b2d6-22e49e94e051,disbursed_amount,4361878.0
loan,acc34335-0c63-4a9d-b2d6-22e49e94e051,outstanding_principal,3962117.66
loan,acc34335-0c63-4a9d-b2d6-22e49e94e051,total_outstanding,4063834.23
loan,acc34335-0c63-4a9d-b2d6-22e49e94e051,overdue_amount,159999.05
loan,acc34335-0c63-4a9d-b2d6-22e49e94e051,emi_amount,78296.12
loan,acc34335-0c63-4a9d-b2d6-22e49e94e051,outstanding_interest,96176.3
loan,acc34335-0c63-4a9d-b2d6-22e49e94e051,penal_charges,3051.03
loan,acc34335-0c63-4a9d-b2d6-22e49e94e051,last_payment_amount,66921.81
loan,9b36c306-4c3f-4122-8d89-5ef2dc8f21e4,sanctioned_amount,4568000.0
loan,9b36c306-4c3f-4122-8d89-5ef2dc8f21e4,disbursed_amount,4192152.55
loan,9b36c306-4c3f-4122-8d89-5ef2dc8f21e4,outstanding_principal,2043024.47
loan,9b36c306-4c3f-4122-8d89-5ef2dc8f21e4,total_outstanding,2158866.73
loan,9b36c306-4c3f-4122-8d89-5ef2dc8f21e4,overdue_amount,528515.08
loan,9b36c306-4c3f-4122-8d89-5ef2dc8f21e4,emi_amount,154817.66
loan,9b36c306-4c3f-4122-8d89-5ef2dc8f21e4,outstanding_interest,112813.55
loan,9b36c306-4c3f-4122-8d89-5ef2dc8f21e4,penal_charges,671.89
loan,9b36c306-4c3f-4122-8d89-5ef2dc8f21e4,last_payment_amount,125161.9
loan,d6f15937-d6b6-4d7b-801d-1fbb0c516d6d,sanctioned_amount,373000.0
loan,d6f15937-d6b6-4d7b-801d-1fbb0c516d6d,disbursed_amount,344500.93
loan,d6f15937-d6b6-4d7b-801d-1fbb0c516d6d,outstanding_principal,196038.87
loan,d6f15937-d6b6-4d7b-801d-1fbb0c516d6d,total_outstanding,202169.95
loan,d6f15937-d6b6-4d7b-801d-1fbb0c516d6d,overdue_amount,28849.58
loan,d6f15937-d6b6-4d7b-801d-1fbb0c516d6d,emi_amount,5700.45
loan,d6f15937-d6b6-4d7b-801d-1fbb0c516d6d,outstanding_interest,2476.4
loan,d6f15937-d6b6-4d7b-801d-1fbb0c516d6d,penal_charges,1132.64
loan,d6f15937-d6b6-4d7b-801d-1fbb0c516d6d,last_payment_amount,2330.91
loan,5fb325ee-3c45-4360-8168-75a54cf569c7,sanctioned_amount,284000.0
loan,5fb325ee-3c45-4360-8168-75a54cf569c7,disbursed_amount,276402.71
loan,5fb325ee-3c45-4360-8168-75a54cf569c7,outstanding_principal,259548.01
loan,5fb325ee-3c45-4360-8168-75a54cf569c7,total_outstanding,274859.99
loan,5fb325ee-3c45-4360-8168-75a54cf569c7,overdue_amount,34712.37
loan,5fb325ee-3c45-4360-8168-75a54cf569c7,emi_amount,4859.96
loan,5fb325ee-3c45-4360-8168-75a54cf569c7,outstanding_interest,5280.22
loan,5fb325ee-3c45-4360-8168-75a54cf569c7,penal_charges,7766.87
loan,5fb325ee-3c45-4360-8168-75a54cf569c7,last_payment_amount,3761.91
loan,d9f2936c-05cc-4fc9-8c94-9843c3ecf02b,sanctioned_amount,246000.0
loan,d9f2936c-05cc-4fc9-8c94-9843c3ecf02b,disbursed_amount,243347.54
loan,d9f2936c-05cc-4fc9-8c94-9843c3ecf02b,outstanding_principal,186179.36
loan,d9f2936c-05cc-4fc9-8c94-9843c3ecf02b,total_outstanding,194870.07
loan,d9f2936c-05cc-4fc9-8c94-9843c3ecf02b,overdue_amount,34896.02
loan,d9f2936c-05cc-4fc9-8c94-9843c3ecf02b,emi_amount,7912.72
loan,d9f2936c-05cc-4fc9-8c94-9843c3ecf02b,outstanding_interest,2784.51
loan,d9f2936c-05cc-4fc9-8c94-9843c3ecf02b,penal_charges,3748.63
loan,d9f2936c-05cc-4fc9-8c94-9843c3ecf02b,last_payment_amount,7354.83
loan,6b10f644-4584-43f5-984a-c2d4b27300ec,sanctioned_amount,3082000.0
loan,6b10f644-4584-43f5-984a-c2d4b27300ec,disbursed_amount,2930222.26
loan,6b10f644-4584-43f5-984a-c2d4b27300ec,outstanding_principal,2176861.31
loan,6b10f644-4584-43f5-984a-c2d4b27300ec,total_outstanding,2234284.62
loan,6b10f644-4584-43f5-984a-c2d4b27300ec,overdue_amount,501264.34
loan,6b10f644-4584-43f5-984a-c2d4b27300ec,emi_amount,63534.31
loan,6b10f644-4584-43f5-984a-c2d4b27300ec,outstanding_interest,53526.79
loan,6b10f644-4584-43f5-984a-c2d4b27300ec,penal_charges,2264.61
loan,6b10f644-4584-43f5-984a-c2d4b27300ec,last_payment_amount,61014.71
loan,fe22bf19-1b6c-40fc-a02c-1bf6dd87ddc8,sanctioned_amount,3649000.0
loan,fe22bf19-1b6c-40fc-a02c-1bf6dd87ddc8,disbursed_amount,3513191.15
loan,fe22bf19-1b6c-40fc-a02c-1bf6dd87ddc8,outstanding_principal,2040056.14
loan,fe22bf19-1b6c-40fc-a02c-1bf6dd87ddc8,total_outstanding,2107009.16
loan,fe22bf19-1b6c-40fc-a02c-1bf6dd87ddc8,overdue_amount,354104.56
loan,fe22bf19-1b6c-40fc-a02c-1bf6dd87ddc8,emi_amount,113813.25
loan,fe22bf19-1b6c-40fc-a02c-1bf6dd87ddc8,outstanding_interest,58070.71
loan,fe22bf19-1b6c-40fc-a02c-1bf6dd87ddc8,penal_charges,7364.89
loan,fe22bf19-1b6c-40fc-a02c-1bf6dd87ddc8,last_payment_amount,67385.38
loan,c8e52205-a9d9-4ae1-a25c-0e728de8fe19,sanctioned_amount,4267000.0
loan,c8e52205-a9d9-4ae1-a25c-0e728de8fe19,disbursed_amount,3976098.92
loan,c8e52205-a9d9-4ae1-a25c-0e728de8fe19,outstanding_principal,2883149.23
loan,c8e52205-a9d9-4ae1-a25c-0e728de8fe19,total_outstanding,2957815.84
loan,c8e52205-a9d9-4ae1-a25c-0e728de8fe19,overdue_amount,299745.79
loan,c8e52205-a9d9-4ae1-a25c-0e728de8fe19,emi_amount,115434.03
loan,c8e52205-a9d9-4ae1-a25c-0e728de8fe19,outstanding_interest,72056.97
loan,c8e52205-a9d9-4ae1-a25c-0e728de8fe19,penal_charges,2519.95
loan,c8e52205-a9d9-4ae1-a25c-0e728de8fe19,last_payment_amount,72557.62
loan,22be95d4-ba60-4bc0-aeea-9716b14c7501,sanctioned_amount,221000.0
loan,22be95d4-ba60-4bc0-aeea-9716b14c7501,disbursed_amount,202611.02
loan,22be95d4-ba60-4bc0-aeea-9716b14c7501,outstanding_principal,174547.16
loan,22be95d4-ba60-4bc0-aeea-9716b14c7501,total_outstanding,186368.92
loan,22be95d4-ba60-4bc0-aeea-9716b14c7501,overdue_amount,38256.76
loan,22be95d4-ba60-4bc0-aeea-9716b14c7501,emi_amount,10570.89
loan,22be95d4-ba60-4bc0-aeea-9716b14c7501,outstanding_interest,6012.81
loan,22be95d4-ba60-4bc0-aeea-9716b14c7501,penal_charges,4426.89
loan,22be95d4-ba60-4bc0-aeea-9716b14c7501,last_payment_amount,8276.8
loan,c5c0e293-29b4-429b-bd2a-c60cd386e8e3,sanctioned_amount,1187000.0
loan,c5c0e293-29b4-429b-bd2a-c60cd386e8e3,disbursed_amount,1166857.6
loan,c5c0e293-29b4-429b-bd2a-c60cd386e8e3,outstanding_principal,1062682.64
loan,c5c0e293-29b4-429b-bd2a-c60cd386e8e3,total_outstanding,1089764.45
loan,c5c0e293-29b4-429b-bd2a-c60cd386e8e3,overdue_amount,149832.99
loan,c5c0e293-29b4-429b-bd2a-c60cd386e8e3,emi_amount,55535.26
loan,c5c0e293-29b4-429b-bd2a-c60cd386e8e3,outstanding_interest,23943.17
loan,c5c0e293-29b4-429b-bd2a-c60cd386e8e3,penal_charges,1097.05
loan,c5c0e293-29b4-429b-bd2a-c60cd386e8e3,last_payment_amount,46286.0
loan,2ea93007-185b-4ce7-820b-dec6f9b6381e,sanctioned_amount,2862000.0
loan,2ea93007-185b-4ce7-820b-dec6f9b6381e,disbursed_amount,2624985.53
loan,2ea93007-185b-4ce7-820b-dec6f9b6381e,outstanding_principal,1459478.9
loan,2ea93007-185b-4ce7-820b-dec6f9b6381e,total_outstanding,1546153.57
loan,2ea93007-185b-4ce7-820b-dec6f9b6381e,overdue_amount,873034.76
loan,2ea93007-185b-4ce7-820b-dec6f9b6381e,emi_amount,137798.55
loan,2ea93007-185b-4ce7-820b-dec6f9b6381e,outstanding_interest,82826.66
loan,2ea93007-185b-4ce7-820b-dec6f9b6381e,penal_charges,1266.66
loan,2ea93007-185b-4ce7-820b-dec6f9b6381e,last_payment_amount,98024.51
loan,cc0686e6-fb52-4057-aa7c-d077b585c083,sanctioned_amount,3207000.0
loan,cc0686e6-fb52-4057-aa7c-d077b585c083,disbursed_amount,2978438.63
loan,cc0686e6-fb52-4057-aa7c-d077b585c083,outstanding_principal,2156116.08
loan,cc0686e6-fb52-4057-aa7c-d077b585c083,total_outstanding,2256411.08
loan,cc0686e6-fb52-4057-aa7c-d077b585c083,overdue_amount,596996.05
loan,cc0686e6-fb52-4057-aa7c-d077b585c083,emi_amount,266954.63
loan,cc0686e6-fb52-4057-aa7c-d077b585c083,outstanding_interest,93389.01
loan,cc0686e6-fb52-4057-aa7c-d077b585c083,penal_charges,6682.46
loan,cc0686e6-fb52-4057-aa7c-d077b585c083,last_payment_amount,133180.71
loan,c45f749e-417e-45cc-a509-1ff5abee6e07,sanctioned_amount,623000.0
loan,c45f749e-417e-45cc-a509-1ff5abee6e07,disbursed_amount,573794.58
loan,c45f749e-417e-45cc-a509-1ff5abee6e07,outstanding_principal,313326.67
loan,c45f749e-417e-45cc-a509-1ff5abee6e07,total_outstanding,327944.85
loan,c45f749e-417e-45cc-a509-1ff5abee6e07,overdue_amount,34750.94
loan,c45f749e-417e-45cc-a509-1ff5abee6e07,emi_amount,19696.36
loan,c45f749e-417e-45cc-a509-1ff5abee6e07,outstanding_interest,7552.86
loan,c45f749e-417e-45cc-a509-1ff5abee6e07,penal_charges,5966.99
loan,c45f749e-417e-45cc-a509-1ff5abee6e07,last_payment_amount,16480.04
loan,f555a4b3-552b-4116-b1bb-e8230801d5f0,sanctioned_amount,110000.0
loan,f555a4b3-552b-4116-b1bb-e8230801d5f0,disbursed_amount,99176.62
loan,f555a4b3-552b-4116-b1bb-e8230801d5f0,outstanding_principal,82458.37
loan,f555a4b3-552b-4116-b1bb-e8230801d5f0,total_outstanding,88353.5
loan,f555a4b3-552b-4116-b1bb-e8230801d5f0,overdue_amount,3959.14
loan,f555a4b3-552b-4116-b1bb-e8230801d5f0,emi_amount,1831.36
loan,f555a4b3-552b-4116-b1bb-e8230801d5f0,outstanding_interest,2412.6
loan,f555a4b3-552b-4116-b1bb-e8230801d5f0,penal_charges,1153.53
loan,f555a4b3-552b-4116-b1bb-e8230801d5f0,last_payment_amount,1497.41
loan,b31bff5b-3c5a-4537-9592-fbd7a852f357,sanctioned_amount,1026000.0
loan,b31bff5b-3c5a-4537-9592-fbd7a852f357,disbursed_amount,924090.14
loan,b31bff5b-3c5a-4537-9592-fbd7a852f357,outstanding_principal,632708.71
loan,b31bff5b-3c5a-4537-9592-fbd7a852f357,total_outstanding,670034.66
loan,b31bff5b-3c5a-4537-9592-fbd7a852f357,overdue_amount,217571.36
loan,b31bff5b-3c5a-4537-9592-fbd7a852f357,emi_amount,44829.66
loan,b31bff5b-3c5a-4537-9592-fbd7a852f357,outstanding_interest,27344.04
loan,b31bff5b-3c5a-4537-9592-fbd7a852f357,penal_charges,7176.39
loan,b31bff5b-3c5a-4537-9592-fbd7a852f357,last_payment_amount,39242.87
loan,ba0a4497-fa96-4300-830d-317c020a69a1,sanctioned_amount,1984000.0
loan,ba0a4497-fa96-4300-830d-317c020a69a1,disbursed_amount,1852637.48
loan,ba0a4497-fa96-4300-830d-317c020a69a1,outstanding_principal,1250177.7
loan,ba0a4497-fa96-4300-830d-317c020a69a1,total_outstanding,1291898.46
loan,ba0a4497-fa96-4300-830d-317c020a69a1,overdue_amount,218406.85
loan,ba0a4497-fa96-4300-830d-317c020a69a1,emi_amount,35461.54
loan,ba0a4497-fa96-4300-830d-317c020a69a1,outstanding_interest,31596.93
loan,ba0a4497-fa96-4300-830d-317c020a69a1,penal_charges,7734.02
loan,ba0a4497-fa96-4300-830d-317c020a69a1,last_payment_amount,34568.02
loan,d55f5757-0378-441f-8a3b-6f5030bbba8e,sanctioned_amount,1275000.0
loan,d55f5757-0378-441f-8a3b-6f5030bbba8e,disbursed_amount,1150737.96
loan,d55f5757-0378-441f-8a3b-6f5030bbba8e,outstanding_principal,510428.1
loan,d55f5757-0378-441f-8a3b-6f5030bbba8e,total_outstanding,537125.39
loan,d55f5757-0378-441f-8a3b-6f5030bbba8e,overdue_amount,529592.69
loan,d55f5757-0378-441f-8a3b-6f5030bbba8e,emi_amount,108288.32
loan,d55f5757-0378-441f-8a3b-6f5030bbba8e,outstanding_interest,19164.59
loan,d55f5757-0378-441f-8a3b-6f5030bbba8e,penal_charges,4897.48
loan,d55f5757-0378-441f-8a3b-6f5030bbba8e,last_payment_amount,99743.4
loan,b3f7bdc5-548f-45f5-af25-68708add76b4,sanctioned_amount,51000.0
loan,b3f7bdc5-548f-45f5-af25-68708add76b4,disbursed_amount,49130.43
loan,b3f7bdc5-548f-45f5-af25-68708add76b4,outstanding_principal,25564.81
loan,b3f7bdc5-548f-45f5-af25-68708add76b4,total_outstanding,32488.76
loan,b3f7bdc5-548f-45f5-af25-68708add76b4,overdue_amount,1960.98
loan,b3f7bdc5-548f-45f5-af25-68708add76b4,emi_amount,974.7
loan,b3f7bdc5-548f-45f5-af25-68708add76b4,outstanding_interest,639.66
loan,b3f7bdc5-548f-45f5-af25-68708add76b4,penal_charges,5126.81
loan,b3f7bdc5-548f-45f5-af25-68708add76b4,last_payment_amount,682.05
loan,a5fdf1ab-daac-4624-9368-fd4b54a7c9d5,sanctioned_amount,4261000.0
loan,a5fdf1ab-daac-4624-9368-fd4b54a7c9d5,disbursed_amount,4239463.84
loan,a5fdf1ab-daac-4624-9368-fd4b54a7c9d5,outstanding_principal,2415546.72
loan,a5fdf1ab-daac-4624-9368-fd4b54a7c9d5,total_outstanding,2519005.18
loan,a5fdf1ab-daac-4624-9368-fd4b54a7c9d5,overdue_amount,916083.94
loan,a5fdf1ab-daac-4624-9368-fd4b54a7c9d5,emi_amount,213713.83
loan,a5fdf1ab-daac-4624-9368-fd4b54a7c9d5,outstanding_interest,100594.14
loan,a5fdf1ab-daac-4624-9368-fd4b54a7c9d5,penal_charges,1757.82
loan,a5fdf1ab-daac-4624-9368-fd4b54a7c9d5,last_payment_amount,179995.71
loan,69c230a3-59b0-457e-a4a8-c6faa2a76acf,sanctioned_amount,4575000.0
loan,69c230a3-59b0-457e-a4a8-c6faa2a76acf,disbursed_amount,4120741.06
loan,69c230a3-59b0-457e-a4a8-c6faa2a76acf,outstanding_principal,1462322.89
loan,69c230a3-59b0-457e-a4a8-c6faa2a76acf,total_outstanding,1487024.73
loan,69c230a3-59b0-457e-a4a8-c6faa2a76acf,overdue_amount,684275.35
loan,69c230a3-59b0-457e-a4a8-c6faa2a76acf,emi_amount,370509.62
loan,69c230a3-59b0-457e-a4a8-c6faa2a76acf,outstanding_interest,21753.46
loan,69c230a3-59b0-457e-a4a8-c6faa2a76acf,penal_charges,2467.93
loan,69c230a3-59b0-457e-a4a8-c6faa2a76acf,last_payment_amount,153589.29
loan,07d20d21-d6f5-4890-a2c0-78beffc31b61,sanctioned_amount,151000.0
loan,07d20d21-d6f5-4890-a2c0-78beffc31b61,disbursed_amount,147782.54
loan,07d20d21-d6f5-4890-a2c0-78beffc31b61,outstanding_principal,117944.65
loan,07d20d21-d6f5-4890-a2c0-78beffc31b61,total_outstanding,127955.99
loan,07d20d21-d6f5-4890-a2c0-78beffc31b61,overdue_amount,14653.24
loan,07d20d21-d6f5-4890-a2c0-78beffc31b61,emi_amount,4704.15
loan,07d20d21-d6f5-4890-a2c0-78beffc31b61,outstanding_interest,4745.86
loan,07d20d21-d6f5-4890-a2c0-78beffc31b61,penal_charges,4128.75
loan,07d20d21-d6f5-4890-a2c0-78beffc31b61,last_payment_amount,2283.71
loan,e628c22b-8334-42e1-9fb3-01628f5cb896,sanctioned_amount,146000.0
loan,e628c22b-8334-42e1-9fb3-01628f5cb896,disbursed_amount,137130.44
loan,e628c22b-8334-42e1-9fb3-01628f5cb896,outstanding_principal,101099.71
loan,e628c22b-8334-42e1-9fb3-01628f5cb896,total_outstanding,106820.03
loan,e628c22b-8334-42e1-9fb3-01628f5cb896,overdue_amount,26951.84
loan,e628c22b-8334-42e1-9fb3-01628f5cb896,emi_amount,6825.67
loan,e628c22b-8334-42e1-9fb3-01628f5cb896,outstanding_interest,2278.62
loan,e628c22b-8334-42e1-9fb3-01628f5cb896,penal_charges,2113.01
loan,e628c22b-8334-42e1-9fb3-01628f5cb896,last_payment_amount,4064.64
loan,0433f1af-2ff1-468f-9411-1fdf39173bbe,sanctioned_amount,3652000.0
loan,0433f1af-2ff1-468f-9411-1fdf39173bbe,disbursed_amount,3437240.59
loan,0433f1af-2ff1-468f-9411-1fdf39173bbe,outstanding_principal,2558504.06
loan,0433f1af-2ff1-468f-9411-1fdf39173bbe,total_outstanding,2637913.81
loan,0433f1af-2ff1-468f-9411-1fdf39173bbe,overdue_amount,1275676.46
loan,0433f1af-2ff1-468f-9411-1fdf39173bbe,emi_amount,306032.91
loan,0433f1af-2ff1-468f-9411-1fdf39173bbe,outstanding_interest,75485.73
loan,0433f1af-2ff1-468f-9411-1fdf39173bbe,penal_charges,2272.04
loan,0433f1af-2ff1-468f-9411-1fdf39173bbe,last_payment_amount,181208.89
loan,bd8ebb05-5e27-49fb-884e-0541ac42b15f,sanctioned_amount,3756000.0
loan,bd8ebb05-5e27-49fb-884e-0541ac42b15f,disbursed_amount,3659718.7
loan,bd8ebb05-5e27-49fb-884e-0541ac42b15f,outstanding_principal,1823568.96
loan,bd8ebb05-5e27-49fb-884e-0541ac42b15f,total_outstanding,1858580.12
loan,bd8ebb05-5e27-49fb-884e-0541ac42b15f,overdue_amount,858488.95
loan,bd8ebb05-5e27-49fb-884e-0541ac42b15f,emi_amount,180775.0
loan,bd8ebb05-5e27-49fb-884e-0541ac42b15f,outstanding_interest,26287.58
loan,bd8ebb05-5e27-49fb-884e-0541ac42b15f,penal_charges,6990.75
loan,bd8ebb05-5e27-49fb-884e-0541ac42b15f,last_payment_amount,72601.56
loan,5d8b6496-4372-42df-99a7-4de86d3640aa,sanctioned_amount,2659000.0
loan,5d8b6496-4372-42df-99a7-4de86d3640aa,disbursed_amount,2632695.2
loan,5d8b6496-4372-42df-99a7-4de86d3640aa,outstanding_principal,1099170.92
loan,5d8b6496-4372-42df-99a7-4de86d3640aa,total_outstanding,1142518.78
loan,5d8b6496-4372-42df-99a7-4de86d3640aa,overdue_amount,507457.08
loan,5d8b6496-4372-42df-99a7-4de86d3640aa,emi_amount,64806.82
loan,5d8b6496-4372-42df-99a7-4de86d3640aa,outstanding_interest,38657.54
loan,5d8b6496-4372-42df-99a7-4de86d3640aa,penal_charges,2951.58
loan,5d8b6496-4372-42df-99a7-4de86d3640aa,last_payment_amount,56766.9
loan,1e8e277c-5d36-45c0-9dd0-b3bf3b1d56d6,sanctioned_amount,259000.0
loan,1e8e277c-5d36-45c0-9dd0-b3bf3b1d56d6,disbursed_amount,240500.0
loan,1e8e277c-5d36-45c0-9dd0-b3bf3b1d56d6,outstanding_principal,185000.0
loan,1e8e277c-5d36-45c0-9dd0-b3bf3b1d56d6,total_outstanding,197950.0
loan,1e8e277c-5d36-45c0-9dd0-b3bf3b1d56d6,overdue_amount,55500.0
loan,1e8e277c-5d36-45c0-9dd0-b3bf3b1d56d6,emi_amount,5138.89
loan,1e8e277c-5d36-45c0-9dd0-b3bf3b1d56d6,outstanding_interest,11100.0
loan,1e8e277c-5d36-45c0-9dd0-b3bf3b1d56d6,penal_charges,1850.0
loan,1e8e277c-5d36-45c0-9dd0-b3bf3b1d56d6,last_payment_amount,0.0
loan,f0673c47-4322-420e-aa3e-31c6180b11ea,sanctioned_amount,132300.0
loan,f0673c47-4322-420e-aa3e-31c6180b11ea,disbursed_amount,122850.0
loan,f0673c47-4322-420e-aa3e-31c6180b11ea,outstanding_principal,94500.0
loan,f0673c47-4322-420e-aa3e-31c6180b11ea,total_outstanding,101115.0
loan,f0673c47-4322-420e-aa3e-31c6180b11ea,overdue_amount,28350.0
loan,f0673c47-4322-420e-aa3e-31c6180b11ea,emi_amount,2625.0
loan,f0673c47-4322-420e-aa3e-31c6180b11ea,outstanding_interest,5670.0
loan,f0673c47-4322-420e-aa3e-31c6180b11ea,penal_charges,945.0
loan,f0673c47-4322-420e-aa3e-31c6180b11ea,last_payment_amount,0.0
loan,105068a3-8244-4cbf-ab9d-4702d29b025f,sanctioned_amount,86800.0
loan,105068a3-8244-4cbf-ab9d-4702d29b025f,disbursed_amount,80600.0
loan,105068a3-8244-4cbf-ab9d-4702d29b025f,outstanding_principal,62000.0
loan,105068a3-8244-4cbf-ab9d-4702d29b025f,total_outstanding,66340.0
loan,105068a3-8244-4cbf-ab9d-4702d29b025f,overdue_amount,18600.0
loan,105068a3-8244-4cbf-ab9d-4702d29b025f,emi_amount,1722.22
loan,105068a3-8244-4cbf-ab9d-4702d29b025f,outstanding_interest,3720.0
loan,105068a3-8244-4cbf-ab9d-4702d29b025f,penal_charges,620.0
loan,105068a3-8244-4cbf-ab9d-4702d29b025f,last_payment_amount,0.0
loan,b4e2a280-42ca-4cdb-8bb0-eca37fcb36fd,sanctioned_amount,57400.0
loan,b4e2a280-42ca-4cdb-8bb0-eca37fcb36fd,disbursed_amount,53300.0
loan,b4e2a280-42ca-4cdb-8bb0-eca37fcb36fd,outstanding_principal,41000.0
loan,b4e2a280-42ca-4cdb-8bb0-eca37fcb36fd,total_outstanding,43870.0
loan,b4e2a280-42ca-4cdb-8bb0-eca37fcb36fd,overdue_amount,12300.0
loan,b4e2a280-42ca-4cdb-8bb0-eca37fcb36fd,emi_amount,1138.89
loan,b4e2a280-42ca-4cdb-8bb0-eca37fcb36fd,outstanding_interest,2460.0
loan,b4e2a280-42ca-4cdb-8bb0-eca37fcb36fd,penal_charges,410.0
loan,b4e2a280-42ca-4cdb-8bb0-eca37fcb36fd,last_payment_amount,0.0
loan,7dd35c87-fcb5-47aa-8f7b-99b612b48f11,sanctioned_amount,46900.0
loan,7dd35c87-fcb5-47aa-8f7b-99b612b48f11,disbursed_amount,43550.0
loan,7dd35c87-fcb5-47aa-8f7b-99b612b48f11,outstanding_principal,33500.0
loan,7dd35c87-fcb5-47aa-8f7b-99b612b48f11,total_outstanding,35845.0
loan,7dd35c87-fcb5-47aa-8f7b-99b612b48f11,overdue_amount,10050.0
loan,7dd35c87-fcb5-47aa-8f7b-99b612b48f11,emi_amount,930.56
loan,7dd35c87-fcb5-47aa-8f7b-99b612b48f11,outstanding_interest,2010.0
loan,7dd35c87-fcb5-47aa-8f7b-99b612b48f11,penal_charges,335.0
loan,7dd35c87-fcb5-47aa-8f7b-99b612b48f11,last_payment_amount,0.0
loan,c7461ee2-93e9-4694-bcac-30d7aa1881bd,sanctioned_amount,37800.0
loan,c7461ee2-93e9-4694-bcac-30d7aa1881bd,disbursed_amount,35100.0
loan,c7461ee2-93e9-4694-bcac-30d7aa1881bd,outstanding_principal,27000.0
loan,c7461ee2-93e9-4694-bcac-30d7aa1881bd,total_outstanding,28890.0
loan,c7461ee2-93e9-4694-bcac-30d7aa1881bd,overdue_amount,8100.0
loan,c7461ee2-93e9-4694-bcac-30d7aa1881bd,emi_amount,750.0
loan,c7461ee2-93e9-4694-bcac-30d7aa1881bd,outstanding_interest,1620.0
loan,c7461ee2-93e9-4694-bcac-30d7aa1881bd,penal_charges,270.0
loan,c7461ee2-93e9-4694-bcac-30d7aa1881bd,last_payment_amount,0.0
loan,1bf44762-1279-40f4-8c9d-d85f0262928f,sanctioned_amount,27300.0
loan,1bf44762-1279-40f4-8c9d-d85f0262928f,disbursed_amount,25350.0
loan,1bf44762-1279-40f4-8c9d-d85f0262928f,outstanding_principal,19500.0
loan,1bf44762-1279-40f4-8c9d-d85f0262928f,total_outstanding,20865.0
loan,1bf44762-1279-40f4-8c9d-d85f0262928f,overdue_amount,5850.0
loan,1bf44762-1279-40f4-8c9d-d85f0262928f,emi_amount,541.67
loan,1bf44762-1279-40f4-8c9d-d85f0262928f,outstanding_interest,1170.0
loan,1bf44762-1279-40f4-8c9d-d85f0262928f,penal_charges,195.0
loan,1bf44762-1279-40f4-8c9d-d85f0262928f,last_payment_amount,0.0
loan,c6c9ea7c-ca5a-4382-93b9-4e67b269d542,sanctioned_amount,399000.0
loan,c6c9ea7c-ca5a-4382-93b9-4e67b269d542,disbursed_amount,370500.0
loan,c6c9ea7c-ca5a-4382-93b9-4e67b269d542,outstanding_principal,285000.0
loan,c6c9ea7c-ca5a-4382-93b9-4e67b269d542,total_outstanding,304950.0
loan,c6c9ea7c-ca5a-4382-93b9-4e67b269d542,overdue_amount,85500.0
loan,c6c9ea7c-ca5a-4382-93b9-4e67b269d542,emi_amount,7916.67
loan,c6c9ea7c-ca5a-4382-93b9-4e67b269d542,outstanding_interest,17100.0
loan,c6c9ea7c-ca5a-4382-93b9-4e67b269d542,penal_charges,2850.0
loan,c6c9ea7c-ca5a-4382-93b9-4e67b269d542,last_payment_amount,0.0
loan,0a7d4f55-27b9-4df8-9f5c-e42d5b089d42,sanctioned_amount,109200.0
loan,0a7d4f55-27b9-4df8-9f5c-e42d5b089d42,disbursed_amount,101400.0
loan,0a7d4f55-27b9-4df8-9f5c-e42d5b089d42,outstanding_principal,78000.0
loan,0a7d4f55-27b9-4df8-9f5c-e42d5b089d42,total_outstanding,83460.0
loan,0a7d4f55-27b9-4df8-9f5c-e42d5b089d42,overdue_amount,23400.0
loan,0a7d4f55-27b9-4df8-9f5c-e42d5b089d42,emi_amount,2166.67
loan,0a7d4f55-27b9-4df8-9f5c-e42d5b089d42,outstanding_interest,4680.0
loan,0a7d4f55-27b9-4df8-9f5c-e42d5b089d42,penal_charges,780.0
loan,0a7d4f55-27b9-4df8-9f5c-e42d5b089d42,last_payment_amount,0.0
loan,b659fa14-51b3-4269-bd9d-d0f4c266d82d,sanctioned_amount,203000.0
loan,b659fa14-51b3-4269-bd9d-d0f4c266d82d,disbursed_amount,188500.0
loan,b659fa14-51b3-4269-bd9d-d0f4c266d82d,outstanding_principal,145000.0
loan,b659fa14-51b3-4269-bd9d-d0f4c266d82d,total_outstanding,155150.0
loan,b659fa14-51b3-4269-bd9d-d0f4c266d82d,overdue_amount,43500.0
loan,b659fa14-51b3-4269-bd9d-d0f4c266d82d,emi_amount,4027.78
loan,b659fa14-51b3-4269-bd9d-d0f4c266d82d,outstanding_interest,8700.0
loan,b659fa14-51b3-4269-bd9d-d0f4c266d82d,penal_charges,1450.0
loan,b659fa14-51b3-4269-bd9d-d0f4c266d82d,last_payment_amount,0.0
loan,eb858ef9-5910-4f78-8562-25c379855ba9,sanctioned_amount,124600.0
loan,eb858ef9-5910-4f78-8562-25c379855ba9,disbursed_amount,115700.0
loan,eb858ef9-5910-4f78-8562-25c379855ba9,outstanding_principal,89000.0
loan,eb858ef9-5910-4f78-8562-25c379855ba9,total_outstanding,95230.0
loan,eb858ef9-5910-4f78-8562-25c379855ba9,overdue_amount,26700.0
loan,eb858ef9-5910-4f78-8562-25c379855ba9,emi_amount,2472.22
loan,eb858ef9-5910-4f78-8562-25c379855ba9,outstanding_interest,5340.0
loan,eb858ef9-5910-4f78-8562-25c379855ba9,penal_charges,890.0
loan,eb858ef9-5910-4f78-8562-25c379855ba9,last_payment_amount,0.0
loan,d2840674-750b-4a90-b613-6717af2ce65d,sanctioned_amount,72800.0
loan,d2840674-750b-4a90-b613-6717af2ce65d,disbursed_amount,67600.0
loan,d2840674-750b-4a90-b613-6717af2ce65d,outstanding_principal,52000.0
loan,d2840674-750b-4a90-b613-6717af2ce65d,total_outstanding,55640.0
loan,d2840674-750b-4a90-b613-6717af2ce65d,overdue_amount,15600.0
loan,d2840674-750b-4a90-b613-6717af2ce65d,emi_amount,1444.44
loan,d2840674-750b-4a90-b613-6717af2ce65d,outstanding_interest,3120.0
loan,d2840674-750b-4a90-b613-6717af2ce65d,penal_charges,520.0
loan,d2840674-750b-4a90-b613-6717af2ce65d,last_payment_amount,0.0
loan,125f92ed-4bd8-4454-b9a5-f9a935b12451,sanctioned_amount,233800.0
loan,125f92ed-4bd8-4454-b9a5-f9a935b12451,disbursed_amount,217100.0
loan,125f92ed-4bd8-4454-b9a5-f9a935b12451,outstanding_principal,167000.0
loan,125f92ed-4bd8-4454-b9a5-f9a935b12451,total_outstanding,178690.0
loan,125f92ed-4bd8-4454-b9a5-f9a935b12451,overdue_amount,50100.0
loan,125f92ed-4bd8-4454-b9a5-f9a935b12451,emi_amount,4638.89
loan,125f92ed-4bd8-4454-b9a5-f9a935b12451,outstanding_interest,10020.0
loan,125f92ed-4bd8-4454-b9a5-f9a935b12451,penal_charges,1670.0
loan,125f92ed-4bd8-4454-b9a5-f9a935b12451,last_payment_amount,0.0
loan,22e70915-8199-4924-a214-9b59f77b9756,sanctioned_amount,595000.0
loan,22e70915-8199-4924-a214-9b59f77b9756,disbursed_amount,552500.0
loan,22e70915-8199-4924-a214-9b59f77b9756,outstanding_principal,425000.0
loan,22e70915-8199-4924-a214-9b59f77b9756,total_outstanding,454750.0
loan,22e70915-8199-4924-a214-9b59f77b9756,overdue_amount,127500.0
loan,22e70915-8199-4924-a214-9b59f77b9756,emi_amount,11805.56
loan,22e70915-8199-4924-a214-9b59f77b9756,outstanding_interest,25500.0
loan,22e70915-8199-4924-a214-9b59f77b9756,penal_charges,4250.0
loan,22e70915-8199-4924-a214-9b59f77b9756,last_payment_amount,0.0
loan,bd742dbe-9edd-463a-bad4-57d01df0f64e,sanctioned_amount,88200.0
loan,bd742dbe-9edd-463a-bad4-57d01df0f64e,disbursed_amount,81900.0
loan,bd742dbe-9edd-463a-bad4-57d01df0f64e,outstanding_principal,63000.0
loan,bd742dbe-9edd-463a-bad4-57d01df0f64e,total_outstanding,67410.0
loan,bd742dbe-9edd-463a-bad4-57d01df0f64e,overdue_amount,18900.0
loan,bd742dbe-9edd-463a-bad4-57d01df0f64e,emi_amount,1750.0
loan,bd742dbe-9edd-463a-bad4-57d01df0f64e,outstanding_interest,3780.0
loan,bd742dbe-9edd-463a-bad4-57d01df0f64e,penal_charges,630.0
loan,bd742dbe-9edd-463a-bad4-57d01df0f64e,last_payment_amount,0.0
loan,32730ccf-a566-4487-ae2a-f7e0bebf08b1,sanctioned_amount,82500.0
loan,32730ccf-a566-4487-ae2a-f7e0bebf08b1,disbursed_amount,77000.0
loan,32730ccf-a566-4487-ae2a-f7e0bebf08b1,outstanding_principal,55000.0
loan,32730ccf-a566-4487-ae2a-f7e0bebf08b1,total_outstanding,59675.0
loan,32730ccf-a566-4487-ae2a-f7e0bebf08b1,overdue_amount,19250.0
loan,32730ccf-a566-4487-ae2a-f7e0bebf08b1,emi_amount,1527.78
loan,32730ccf-a566-4487-ae2a-f7e0bebf08b1,outstanding_interest,3850.0
loan,32730ccf-a566-4487-ae2a-f7e0bebf08b1,penal_charges,825.0
loan,32730ccf-a566-4487-ae2a-f7e0bebf08b1,last_payment_amount,0.0
loan,b5fcaa96-20ed-44fe-8f06-f741495ad053,sanctioned_amount,138000.0
loan,b5fcaa96-20ed-44fe-8f06-f741495ad053,disbursed_amount,128800.0
loan,b5fcaa96-20ed-44fe-8f06-f741495ad053,outstanding_principal,92000.0
loan,b5fcaa96-20ed-44fe-8f06-f741495ad053,total_outstanding,99820.0
loan,b5fcaa96-20ed-44fe-8f06-f741495ad053,overdue_amount,32200.0
loan,b5fcaa96-20ed-44fe-8f06-f741495ad053,emi_amount,2555.56
loan,b5fcaa96-20ed-44fe-8f06-f741495ad053,outstanding_interest,6440.0
loan,b5fcaa96-20ed-44fe-8f06-f741495ad053,penal_charges,1380.0
loan,b5fcaa96-20ed-44fe-8f06-f741495ad053,last_payment_amount,0.0
loan,1e0eb769-c60e-443d-b713-52e0f2c426a1,sanctioned_amount,315000.0
loan,1e0eb769-c60e-443d-b713-52e0f2c426a1,disbursed_amount,294000.0
loan,1e0eb769-c60e-443d-b713-52e0f2c426a1,outstanding_principal,210000.0
loan,1e0eb769-c60e-443d-b713-52e0f2c426a1,total_outstanding,227850.0
loan,1e0eb769-c60e-443d-b713-52e0f2c426a1,overdue_amount,73500.0
loan,1e0eb769-c60e-443d-b713-52e0f2c426a1,emi_amount,5833.33
loan,1e0eb769-c60e-443d-b713-52e0f2c426a1,outstanding_interest,14700.0
loan,1e0eb769-c60e-443d-b713-52e0f2c426a1,penal_charges,3150.0
loan,1e0eb769-c60e-443d-b713-52e0f2c426a1,last_payment_amount,0.0
loan,a3ba4228-1e4a-4685-93fc-25577bccbdb0,sanctioned_amount,94500.0
loan,a3ba4228-1e4a-4685-93fc-25577bccbdb0,disbursed_amount,88200.0
loan,a3ba4228-1e4a-4685-93fc-25577bccbdb0,outstanding_principal,63000.0
loan,a3ba4228-1e4a-4685-93fc-25577bccbdb0,total_outstanding,68355.0
loan,a3ba4228-1e4a-4685-93fc-25577bccbdb0,overdue_amount,22050.0
loan,a3ba4228-1e4a-4685-93fc-25577bccbdb0,emi_amount,1750.0
loan,a3ba4228-1e4a-4685-93fc-25577bccbdb0,outstanding_interest,4410.0
loan,a3ba4228-1e4a-4685-93fc-25577bccbdb0,penal_charges,945.0
loan,a3ba4228-1e4a-4685-93fc-25577bccbdb0,last_payment_amount,0.0
loan,9a3f4dc7-2faf-4063-bf4c-d11e30b1a0c9,sanctioned_amount,472500.0
loan,9a3f4dc7-2faf-4063-bf4c-d11e30b1a0c9,disbursed_amount,441000.0
loan,9a3f4dc7-2faf-4063-bf4c-d11e30b1a0c9,outstanding_principal,315000.0
loan,9a3f4dc7-2faf-4063-bf4c-d11e30b1a0c9,total_outstanding,341775.0
loan,9a3f4dc7-2faf-4063-bf4c-d11e30b1a0c9,overdue_amount,110250.0
loan,9a3f4dc7-2faf-4063-bf4c-d11e30b1a0c9,emi_amount,8750.0
loan,9a3f4dc7-2faf-4063-bf4c-d11e30b1a0c9,outstanding_interest,22050.0
loan,9a3f4dc7-2faf-4063-bf4c-d11e30b1a0c9,penal_charges,4725.0
loan,9a3f4dc7-2faf-4063-bf4c-d11e30b1a0c9,last_payment_amount,0.0
loan,428da014-5890-400b-94a3-2f7d634ec37e,sanctioned_amount,72000.0
loan,428da014-5890-400b-94a3-2f7d634ec37e,disbursed_amount,67200.0
loan,428da014-5890-400b-94a3-2f7d634ec37e,outstanding_principal,48000.0
loan,428da014-5890-400b-94a3-2f7d634ec37e,total_outstanding,52080.0
loan,428da014-5890-400b-94a3-2f7d634ec37e,overdue_amount,16800.0
loan,428da014-5890-400b-94a3-2f7d634ec37e,emi_amount,1333.33
loan,428da014-5890-400b-94a3-2f7d634ec37e,outstanding_interest,3360.0
loan,428da014-5890-400b-94a3-2f7d634ec37e,penal_charges,720.0
loan,428da014-5890-400b-94a3-2f7d634ec37e,last_payment_amount,0.0
loan,c153f7b8-648e-4e75-a3cd-39cde16be903,sanctioned_amount,190500.0
loan,c153f7b8-648e-4e75-a3cd-39cde16be903,disbursed_amount,177800.0
loan,c153f7b8-648e-4e75-a3cd-39cde16be903,outstanding_principal,127000.0
loan,c153f7b8-648e-4e75-a3cd-39cde16be903,total_outstanding,137795.0
loan,c153f7b8-648e-4e75-a3cd-39cde16be903,overdue_amount,44450.0
loan,c153f7b8-648e-4e75-a3cd-39cde16be903,emi_amount,3527.78
loan,c153f7b8-648e-4e75-a3cd-39cde16be903,outstanding_interest,8890.0
loan,c153f7b8-648e-4e75-a3cd-39cde16be903,penal_charges,1905.0
loan,c153f7b8-648e-4e75-a3cd-39cde16be903,last_payment_amount,0.0
loan,06baebda-99a5-427b-a5b1-118b189d6544,sanctioned_amount,264000.0
loan,06baebda-99a5-427b-a5b1-118b189d6544,disbursed_amount,246400.0
loan,06baebda-99a5-427b-a5b1-118b189d6544,outstanding_principal,176000.0
loan,06baebda-99a5-427b-a5b1-118b189d6544,total_outstanding,190960.0
loan,06baebda-99a5-427b-a5b1-118b189d6544,overdue_amount,61600.0
loan,06baebda-99a5-427b-a5b1-118b189d6544,emi_amount,4888.89
loan,06baebda-99a5-427b-a5b1-118b189d6544,outstanding_interest,12320.0
loan,06baebda-99a5-427b-a5b1-118b189d6544,penal_charges,2640.0
loan,06baebda-99a5-427b-a5b1-118b189d6544,last_payment_amount,0.0
loan,16c72664-a4aa-479c-b00d-c53cc1458f66,sanctioned_amount,115884.03
loan,16c72664-a4aa-479c-b00d-c53cc1458f66,disbursed_amount,107606.6
loan,16c72664-a4aa-479c-b00d-c53cc1458f66,outstanding_principal,82774.31
loan,16c72664-a4aa-479c-b00d-c53cc1458f66,total_outstanding,88568.51
loan,16c72664-a4aa-479c-b00d-c53cc1458f66,overdue_amount,24832.29
loan,16c72664-a4aa-479c-b00d-c53cc1458f66,emi_amount,2299.29
loan,16c72664-a4aa-479c-b00d-c53cc1458f66,outstanding_interest,4966.46
loan,16c72664-a4aa-479c-b00d-c53cc1458f66,penal_charges,827.74
loan,16c72664-a4aa-479c-b00d-c53cc1458f66,last_payment_amount,0.0
loan,3026d191-fa6d-49f8-99c9-f69d16eb6562,sanctioned_amount,261249.2
loan,3026d191-fa6d-49f8-99c9-f69d16eb6562,disbursed_amount,242588.54
loan,3026d191-fa6d-49f8-99c9-f69d16eb6562,outstanding_principal,186606.57
loan,3026d191-fa6d-49f8-99c9-f69d16eb6562,total_outstanding,199669.03
loan,3026d191-fa6d-49f8-99c9-f69d16eb6562,overdue_amount,55981.97
loan,3026d191-fa6d-49f8-99c9-f69d16eb6562,emi_amount,5183.52
loan,3026d191-fa6d-49f8-99c9-f69d16eb6562,outstanding_interest,11196.39
loan,3026d191-fa6d-49f8-99c9-f69d16eb6562,penal_charges,1866.07
loan,3026d191-fa6d-49f8-99c9-f69d16eb6562,last_payment_amount,0.0
loan,ddda6f00-2fec-48c9-9420-b0180d6bc979,sanctioned_amount,307113.66
loan,ddda6f00-2fec-48c9-9420-b0180d6bc979,disbursed_amount,285176.97
loan,ddda6f00-2fec-48c9-9420-b0180d6bc979,outstanding_principal,219366.9
loan,ddda6f00-2fec-48c9-9420-b0180d6bc979,total_outstanding,234722.58
loan,ddda6f00-2fec-48c9-9420-b0180d6bc979,overdue_amount,65810.07
loan,ddda6f00-2fec-48c9-9420-b0180d6bc979,emi_amount,6093.52
loan,ddda6f00-2fec-48c9-9420-b0180d6bc979,outstanding_interest,13162.01
loan,ddda6f00-2fec-48c9-9420-b0180d6bc979,penal_charges,2193.67
loan,ddda6f00-2fec-48c9-9420-b0180d6bc979,last_payment_amount,0.0
loan,5c667a4f-2857-4a5c-87ca-37bbb4e1d779,sanctioned_amount,99441.12
loan,5c667a4f-2857-4a5c-87ca-37bbb4e1d779,disbursed_amount,92338.18
loan,5c667a4f-2857-4a5c-87ca-37bbb4e1d779,outstanding_principal,71029.37
loan,5c667a4f-2857-4a5c-87ca-37bbb4e1d779,total_outstanding,76001.43
loan,5c667a4f-2857-4a5c-87ca-37bbb4e1d779,overdue_amount,21308.81
loan,5c667a4f-2857-4a5c-87ca-37bbb4e1d779,emi_amount,1973.04
loan,5c667a4f-2857-4a5c-87ca-37bbb4e1d779,outstanding_interest,4261.76
loan,5c667a4f-2857-4a5c-87ca-37bbb4e1d779,penal_charges,710.29
loan,5c667a4f-2857-4a5c-87ca-37bbb4e1d779,last_payment_amount,0.0
loan,4bc7df84-4d85-469f-a548-b8d9149c1ae2,sanctioned_amount,249135.46
loan,4bc7df84-4d85-469f-a548-b8d9149c1ae2,disbursed_amount,231340.07
loan,4bc7df84-4d85-469f-a548-b8d9149c1ae2,outstanding_principal,177953.9
loan,4bc7df84-4d85-469f-a548-b8d9149c1ae2,total_outstanding,190410.67
loan,4bc7df84-4d85-469f-a548-b8d9149c1ae2,overdue_amount,53386.17
loan,4bc7df84-4d85-469f-a548-b8d9149c1ae2,emi_amount,4943.16
loan,4bc7df84-4d85-469f-a548-b8d9149c1ae2,outstanding_interest,10677.23
loan,4bc7df84-4d85-469f-a548-b8d9149c1ae2,penal_charges,1779.54
loan,4bc7df84-4d85-469f-a548-b8d9149c1ae2,last_payment_amount,0.0
loan,99f2f456-22ad-4594-addb-69361e0577f0,sanctioned_amount,169710.58
loan,99f2f456-22ad-4594-addb-69361e0577f0,disbursed_amount,157588.39
loan,99f2f456-22ad-4594-addb-69361e0577f0,outstanding_principal,121221.84
loan,99f2f456-22ad-4594-addb-69361e0577f0,total_outstanding,129707.37
loan,99f2f456-22ad-4594-addb-69361e0577f0,overdue_amount,36366.55
loan,99f2f456-22ad-4594-addb-69361e0577f0,emi_amount,3367.27
loan,99f2f456-22ad-4594-addb-69361e0577f0,outstanding_interest,7273.31
loan,99f2f456-22ad-4594-addb-69361e0577f0,penal_charges,1212.22
loan,99f2f456-22ad-4594-addb-69361e0577f0,last_payment_amount,0.0
loan,fe7e4bc7-58cc-4238-a2fb-420045901a26,sanctioned_amount,294106.57
loan,fe7e4bc7-58cc-4238-a2fb-420045901a26,disbursed_amount,273098.96
loan,fe7e4bc7-58cc-4238-a2fb-420045901a26,outstanding_principal,210076.12
loan,fe7e4bc7-58cc-4238-a2fb-420045901a26,total_outstanding,224781.45
loan,fe7e4bc7-58cc-4238-a2fb-420045901a26,overdue_amount,63022.84
loan,fe7e4bc7-58cc-4238-a2fb-420045901a26,emi_amount,5835.45
loan,fe7e4bc7-58cc-4238-a2fb-420045901a26,outstanding_interest,12604.57
loan,fe7e4bc7-58cc-4238-a2fb-420045901a26,penal_charges,2100.76
loan,fe7e4bc7-58cc-4238-a2fb-420045901a26,last_payment_amount,0.0
loan,a76d7c73-6b34-4fea-aeb3-9fcbb256f119,sanctioned_amount,186466.03
loan,a76d7c73-6b34-4fea-aeb3-9fcbb256f119,disbursed_amount,173147.03
loan,a76d7c73-6b34-4fea-aeb3-9fcbb256f119,outstanding_principal,133190.02
loan,a76d7c73-6b34-4fea-aeb3-9fcbb256f119,total_outstanding,142513.32
loan,a76d7c73-6b34-4fea-aeb3-9fcbb256f119,overdue_amount,39957.01
loan,a76d7c73-6b34-4fea-aeb3-9fcbb256f119,emi_amount,3699.72
loan,a76d7c73-6b34-4fea-aeb3-9fcbb256f119,outstanding_interest,7991.4
loan,a76d7c73-6b34-4fea-aeb3-9fcbb256f119,penal_charges,1331.9
loan,a76d7c73-6b34-4fea-aeb3-9fcbb256f119,last_payment_amount,0.0
loan,f095d12b-10f2-4aab-960e-3f6419589ed6,sanctioned_amount,201447.32
loan,f095d12b-10f2-4aab-960e-3f6419589ed6,disbursed_amount,187058.22
loan,f095d12b-10f2-4aab-960e-3f6419589ed6,outstanding_principal,143890.94
loan,f095d12b-10f2-4aab-960e-3f6419589ed6,total_outstanding,153963.31
loan,f095d12b-10f2-4aab-960e-3f6419589ed6,overdue_amount,43167.28
loan,f095d12b-10f2-4aab-960e-3f6419589ed6,emi_amount,3996.97
loan,f095d12b-10f2-4aab-960e-3f6419589ed6,outstanding_interest,8633.46
loan,f095d12b-10f2-4aab-960e-3f6419589ed6,penal_charges,1438.91
loan,f095d12b-10f2-4aab-960e-3f6419589ed6,last_payment_amount,0.0
loan,f78a06fc-b684-4751-8037-cdfd38cc03dd,sanctioned_amount,60518.42
loan,f78a06fc-b684-4751-8037-cdfd38cc03dd,disbursed_amount,56195.67
loan,f78a06fc-b684-4751-8037-cdfd38cc03dd,outstanding_principal,43227.44
loan,f78a06fc-b684-4751-8037-cdfd38cc03dd,total_outstanding,46253.36
loan,f78a06fc-b684-4751-8037-cdfd38cc03dd,overdue_amount,12968.23
loan,f78a06fc-b684-4751-8037-cdfd38cc03dd,emi_amount,1200.76
loan,f78a06fc-b684-4751-8037-cdfd38cc03dd,outstanding_interest,2593.65
loan,f78a06fc-b684-4751-8037-cdfd38cc03dd,penal_charges,432.27
loan,f78a06fc-b684-4751-8037-cdfd38cc03dd,last_payment_amount,0.0
loan,8e60b202-b8c1-4d1a-a092-da7df3ec0637,sanctioned_amount,67775.79
loan,8e60b202-b8c1-4d1a-a092-da7df3ec0637,disbursed_amount,62934.66
loan,8e60b202-b8c1-4d1a-a092-da7df3ec0637,outstanding_principal,48411.28
loan,8e60b202-b8c1-4d1a-a092-da7df3ec0637,total_outstanding,51800.07
loan,8e60b202-b8c1-4d1a-a092-da7df3ec0637,overdue_amount,14523.38
loan,8e60b202-b8c1-4d1a-a092-da7df3ec0637,emi_amount,1344.76
loan,8e60b202-b8c1-4d1a-a092-da7df3ec0637,outstanding_interest,2904.68
loan,8e60b202-b8c1-4d1a-a092-da7df3ec0637,penal_charges,484.11
loan,8e60b202-b8c1-4d1a-a092-da7df3ec0637,last_payment_amount,0.0
case,9fb225f3-97d7-45d6-963d-6743a14603e0,target_amount,310090.95
case,9fb225f3-97d7-45d6-963d-6743a14603e0,collected_amount,310090.95
case,fb3407fa-7c1e-4725-8e63-f7fdf4e73b1f,target_amount,34849.93
case,fb3407fa-7c1e-4725-8e63-f7fdf4e73b1f,collected_amount,34849.93
case,1cc30a7c-58d1-4ae8-8285-d02e6197090a,target_amount,63022.84
case,1cc30a7c-58d1-4ae8-8285-d02e6197090a,collected_amount,63022.84
case,4a93d0b4-35ac-46e8-8ea3-6ba9b0afbc39,target_amount,6671.59
case,4a93d0b4-35ac-46e8-8ea3-6ba9b0afbc39,collected_amount,1912.69
case,20ab749d-4aec-4b7f-99f9-61ad189fa4c4,target_amount,88479.45
case,20ab749d-4aec-4b7f-99f9-61ad189fa4c4,collected_amount,83893.9
case,59295677-15c0-4bfd-8e35-bfd78d6adbdb,target_amount,43701.43
case,59295677-15c0-4bfd-8e35-bfd78d6adbdb,collected_amount,43701.43
case,63cc3b08-5f7c-4787-872c-bfb6de16b2c3,target_amount,2943.15
case,63cc3b08-5f7c-4787-872c-bfb6de16b2c3,collected_amount,2943.15
case,a8ef490a-dceb-4cb5-97a5-3ead28266b87,target_amount,2336.06
case,a8ef490a-dceb-4cb5-97a5-3ead28266b87,collected_amount,2336.06
case,bf42e209-ca15-4b80-8cb6-677c2eac83bd,target_amount,18031.8
case,bf42e209-ca15-4b80-8cb6-677c2eac83bd,collected_amount,18031.8
case,12a40d91-5e4d-49b3-93c7-3c814c04a69d,target_amount,2281.07
case,12a40d91-5e4d-49b3-93c7-3c814c04a69d,collected_amount,2281.07
case,38bbdaed-e51c-4bf6-bb80-5e562f811d62,target_amount,2912.35
case,38bbdaed-e51c-4bf6-bb80-5e562f811d62,collected_amount,2912.35
case,36a4a6cd-e4ac-4482-81f8-0f3eff465e2e,target_amount,55981.97
case,36a4a6cd-e4ac-4482-81f8-0f3eff465e2e,collected_amount,24881.35
case,614dd4e5-b94b-4866-99ad-8613beef76ba,target_amount,36366.55
case,614dd4e5-b94b-4866-99ad-8613beef76ba,collected_amount,0.0
case,bfb9ea3c-2590-44da-b365-d46a3cdc48c5,target_amount,160642.18
case,bfb9ea3c-2590-44da-b365-d46a3cdc48c5,collected_amount,120000.0
case,07d7d245-c8ed-4aaa-b677-1a26887aa87c,target_amount,64043.88
case,07d7d245-c8ed-4aaa-b677-1a26887aa87c,collected_amount,64043.88
case,34837a57-17c7-4ebe-a152-3cae876fe146,target_amount,13234.55
case,34837a57-17c7-4ebe-a152-3cae876fe146,collected_amount,0.0
case,338db969-9e42-4537-aac6-b7c5f0582bab,target_amount,14197.34
case,338db969-9e42-4537-aac6-b7c5f0582bab,collected_amount,12882.14
case,8ecb6405-44a3-4dab-a70b-cb4acb71e1df,target_amount,59004.29
case,8ecb6405-44a3-4dab-a70b-cb4acb71e1df,collected_amount,59004.29
case,34a83a97-bdaa-4b85-81c3-980fba9da7b3,target_amount,144768.45
case,34a83a97-bdaa-4b85-81c3-980fba9da7b3,collected_amount,144768.45
case,1b025605-e86a-4edd-b675-5450ee339135,target_amount,2139.94
case,1b025605-e86a-4edd-b675-5450ee339135,collected_amount,2139.94
case,698853f8-d649-4ede-8b01-d9e80b5f15c2,target_amount,4138.04
case,698853f8-d649-4ede-8b01-d9e80b5f15c2,collected_amount,4138.04
case,98f1c837-d8a1-4225-9406-d3ed7591bc06,target_amount,34793.34
case,98f1c837-d8a1-4225-9406-d3ed7591bc06,collected_amount,0.0
case,da1f64f8-b9b7-4a03-b3cb-631070c68931,target_amount,28947.87
case,da1f64f8-b9b7-4a03-b3cb-631070c68931,collected_amount,28947.87
case,bc20a3b3-87a5-441f-8eef-875fa6a96b3d,target_amount,47625.11
case,bc20a3b3-87a5-441f-8eef-875fa6a96b3d,collected_amount,45963.52
case,7bc9127a-177a-463a-a613-6849e517fd09,target_amount,65810.07
case,7bc9127a-177a-463a-a613-6849e517fd09,collected_amount,65810.07
case,78ae4772-c7d6-4306-a886-edcea5f4d51c,target_amount,5809.77
case,78ae4772-c7d6-4306-a886-edcea5f4d51c,collected_amount,1618.52
case,ed669f1c-d700-4761-8824-fa4c4200f0d7,target_amount,3746.14
case,ed669f1c-d700-4761-8824-fa4c4200f0d7,collected_amount,3746.14
case,0ef370e9-473c-471e-9645-03d35d440be7,target_amount,191899.78
case,0ef370e9-473c-471e-9645-03d35d440be7,collected_amount,191899.78
case,c92b5f6a-e1c3-4e58-b51f-629d0d1e2ce3,target_amount,28524.14
case,c92b5f6a-e1c3-4e58-b51f-629d0d1e2ce3,collected_amount,11386.51
case,39aeb7cd-94b6-4ea7-afab-1692057be162,target_amount,89107.02
case,39aeb7cd-94b6-4ea7-afab-1692057be162,collected_amount,89107.02
case,16950419-bf0b-46d4-98a0-7ca6980b606a,target_amount,2219.18
case,16950419-bf0b-46d4-98a0-7ca6980b606a,collected_amount,1240.2
case,fc79a74a-122a-47ac-abb0-46de96b74cdc,target_amount,219851.48
case,fc79a74a-122a-47ac-abb0-46de96b74cdc,collected_amount,120000.0
case,d57dea5e-a963-4383-9e0c-785c5f2f1699,target_amount,28755.22
case,d57dea5e-a963-4383-9e0c-785c5f2f1699,collected_amount,14647.24
case,a0c954b0-a65a-4722-8877-b5fd20a455ca,target_amount,60326.19
case,a0c954b0-a65a-4722-8877-b5fd20a455ca,collected_amount,56539.35
case,24505bbd-5369-412c-8d9b-90c0c5b43bca,target_amount,8708.57
case,24505bbd-5369-412c-8d9b-90c0c5b43bca,collected_amount,8708.57
case,d681c8ce-8090-4fce-b6d5-6f16ba776d0b,target_amount,43167.28
case,d681c8ce-8090-4fce-b6d5-6f16ba776d0b,collected_amount,43167.28
case,a234277b-a259-4bf7-9559-bcba54112280,target_amount,25876.33
case,a234277b-a259-4bf7-9559-bcba54112280,collected_amount,13314.78
case,5c60a22f-6016-4eeb-aa97-84ad3d246f49,target_amount,7093.76
case,5c60a22f-6016-4eeb-aa97-84ad3d246f49,collected_amount,3274.11
case,a3e3d0c4-7c57-43d7-b44b-97706b1fb4f8,target_amount,158273.06
case,a3e3d0c4-7c57-43d7-b44b-97706b1fb4f8,collected_amount,70901.14
case,3635d152-b667-4fd9-8c62-a21f4d601211,target_amount,9924.35
case,3635d152-b667-4fd9-8c62-a21f4d601211,collected_amount,9924.35
case,7a7d3afd-2cab-4ebb-98e0-4f64e0796e8a,target_amount,2314.27
case,7a7d3afd-2cab-4ebb-98e0-4f64e0796e8a,collected_amount,2314.27
case,3947f7ab-b060-407d-928c-2f395770bd9e,target_amount,72805.27
case,3947f7ab-b060-407d-928c-2f395770bd9e,collected_amount,72805.27
case,eae3aaea-e518-4d78-a556-20ebbb16c5b7,target_amount,12968.23
case,eae3aaea-e518-4d78-a556-20ebbb16c5b7,collected_amount,6870.89
case,b6e0928e-3777-46f1-928b-2fd669d045b6,target_amount,24832.29
case,b6e0928e-3777-46f1-928b-2fd669d045b6,collected_amount,0.0
case,ba453577-2a83-4af7-949e-5687d8462d25,target_amount,39957.01
case,ba453577-2a83-4af7-949e-5687d8462d25,collected_amount,0.0
case,c23d7d1b-c9fc-4cf2-b00b-da18ede676a9,target_amount,21308.81
case,c23d7d1b-c9fc-4cf2-b00b-da18ede676a9,collected_amount,0.0
case,8af081b0-e835-41f7-a657-9335ed171df4,target_amount,14590.12
case,8af081b0-e835-41f7-a657-9335ed171df4,collected_amount,11104.75
case,22c5120c-7fcb-4cd9-b531-fdd0e84483b4,target_amount,402560.49
case,22c5120c-7fcb-4cd9-b531-fdd0e84483b4,collected_amount,402560.49
case,5b2cdbd7-5cba-4ff6-84c0-4653c18b82b3,target_amount,43913.25
case,5b2cdbd7-5cba-4ff6-84c0-4653c18b82b3,collected_amount,0.0
case,48f6da6d-8144-43c5-9190-85dd36b86026,target_amount,20662.0
case,48f6da6d-8144-43c5-9190-85dd36b86026,collected_amount,20662.0
case,8aa0d4d5-8fc4-4e03-adac-0832c46a801d,target_amount,60484.93
case,8aa0d4d5-8fc4-4e03-adac-0832c46a801d,collected_amount,53812.61
case,0569666a-8294-4033-9737-c4a4ad4a7123,target_amount,1309.58
case,0569666a-8294-4033-9737-c4a4ad4a7123,collected_amount,1309.58
case,fd7ea94f-7d73-424e-b64b-c53c41494161,target_amount,14523.38
case,fd7ea94f-7d73-424e-b64b-c53c41494161,collected_amount,14523.38
case,7e6a068c-81ea-4d8d-bfd9-5568ca5914bd,target_amount,24155.99
case,7e6a068c-81ea-4d8d-bfd9-5568ca5914bd,collected_amount,24155.99
case,74dd0cbb-1234-49ca-aa9f-3032483dc9c6,target_amount,33432.22
case,74dd0cbb-1234-49ca-aa9f-3032483dc9c6,collected_amount,33432.22
case,8b2bf31d-564b-4588-ad15-dd8fd6167e23,target_amount,43692.51
case,8b2bf31d-564b-4588-ad15-dd8fd6167e23,collected_amount,43692.51
case,4061ee12-be08-483b-a04e-c7654f4d23f7,target_amount,6840.64
case,4061ee12-be08-483b-a04e-c7654f4d23f7,collected_amount,2183.89
case,e0ac4089-241b-4178-a797-e760590597a1,target_amount,26058.7
case,e0ac4089-241b-4178-a797-e760590597a1,collected_amount,26058.7
case,c2fcb94b-c282-41a1-b640-40d865fb9609,target_amount,46160.7
case,c2fcb94b-c282-41a1-b640-40d865fb9609,collected_amount,46160.7
case,931e4d55-27ca-45c5-bf0a-2004e805c490,target_amount,14848.39
case,931e4d55-27ca-45c5-bf0a-2004e805c490,collected_amount,12790.09
case,4988c57e-5ccd-439c-9a74-42d4ef6c88c6,target_amount,23909.98
case,4988c57e-5ccd-439c-9a74-42d4ef6c88c6,collected_amount,8207.66
case,c225c89c-2247-40a6-9d26-a44dc94f1a53,target_amount,25924.89
case,c225c89c-2247-40a6-9d26-a44dc94f1a53,collected_amount,7566.49
case,d486499c-4d1a-4f5b-b26d-e82a16e52408,target_amount,48231.36
case,d486499c-4d1a-4f5b-b26d-e82a16e52408,collected_amount,45116.49
case,e2ce08de-fbe0-428a-be32-9858ee09130d,target_amount,127809.71
case,e2ce08de-fbe0-428a-be32-9858ee09130d,collected_amount,73836.58
case,e5b94ea4-b80f-477b-b3a6-829848a2e7ec,target_amount,17875.83
case,e5b94ea4-b80f-477b-b3a6-829848a2e7ec,collected_amount,7558.31
case,908078f5-9d44-4242-9e59-2a8d76ec932d,target_amount,39533.81
case,908078f5-9d44-4242-9e59-2a8d76ec932d,collected_amount,33264.12
case,007b3fab-26d9-4836-a08b-194327dadcfc,target_amount,44324.11
case,007b3fab-26d9-4836-a08b-194327dadcfc,collected_amount,44324.11
case,11992cab-311c-4712-8f01-8bee220077f4,target_amount,2087.01
case,11992cab-311c-4712-8f01-8bee220077f4,collected_amount,2087.01
case,2fea180c-8f49-419d-a986-026ae1074426,target_amount,27573.61
case,2fea180c-8f49-419d-a986-026ae1074426,collected_amount,27573.61
case,3b4d1b56-5d93-4511-92ec-591061b54833,target_amount,3898.38
case,3b4d1b56-5d93-4511-92ec-591061b54833,collected_amount,3898.38
case,0a313444-d014-4a6c-bfb5-f4b770c585b3,target_amount,71101.03
case,0a313444-d014-4a6c-bfb5-f4b770c585b3,collected_amount,40671.17
case,e464ec2c-fb93-4517-b0d2-d52f4401678e,target_amount,26987.96
case,e464ec2c-fb93-4517-b0d2-d52f4401678e,collected_amount,24401.79
case,ebe27796-28a6-43df-96d4-2259a18e7d9e,target_amount,31386.9
case,ebe27796-28a6-43df-96d4-2259a18e7d9e,collected_amount,0.0
case,e19c5466-f318-4cd8-a5dc-7d0f24ec305a,target_amount,215951.63
case,e19c5466-f318-4cd8-a5dc-7d0f24ec305a,collected_amount,0.0
case,3faae8c4-8d96-403d-9c97-b2161f472733,target_amount,8513.41
case,3faae8c4-8d96-403d-9c97-b2161f472733,collected_amount,4310.18
case,50664ed5-e23c-4ae7-b9a0-1f80ab19dba5,target_amount,21408.02
case,50664ed5-e23c-4ae7-b9a0-1f80ab19dba5,collected_amount,21408.02
case,95eaada2-57b3-44c7-8a13-a901d665fe57,target_amount,22841.35
case,95eaada2-57b3-44c7-8a13-a901d665fe57,collected_amount,22642.07
case,ed421789-3122-419b-a2c1-a759c3f05654,target_amount,1251.77
case,ed421789-3122-419b-a2c1-a759c3f05654,collected_amount,1251.77
case,007965d0-f49b-4a1f-a6e2-fbffa7b8dbc1,target_amount,27869.32
case,007965d0-f49b-4a1f-a6e2-fbffa7b8dbc1,collected_amount,26493.2
case,1aab570c-e5fc-422f-bfb5-a6bfed82dcef,target_amount,4054.79
case,1aab570c-e5fc-422f-bfb5-a6bfed82dcef,collected_amount,1470.02
case,ac3b168c-a835-406d-a7c0-133833186e2b,target_amount,147387.73
case,ac3b168c-a835-406d-a7c0-133833186e2b,collected_amount,147387.73
case,93545374-d9a6-4842-ab1d-bd6980b81ed9,target_amount,22230.89
case,93545374-d9a6-4842-ab1d-bd6980b81ed9,collected_amount,22230.89
case,18295667-56d1-4b7a-be8b-a84f22a51c34,target_amount,440.45
case,18295667-56d1-4b7a-be8b-a84f22a51c34,collected_amount,440.45
case,fdd312a1-7db1-4dde-916f-eebe0e5d52c5,target_amount,25439.74
case,fdd312a1-7db1-4dde-916f-eebe0e5d52c5,collected_amount,23428.37
case,50a0f4e1-2632-46b7-a11c-6a46537efab1,target_amount,61600.0
case,50a0f4e1-2632-46b7-a11c-6a46537efab1,collected_amount,24751.7
case,0dd8e62a-6fed-4336-908e-830044c97213,target_amount,5663.16
case,0dd8e62a-6fed-4336-908e-830044c97213,collected_amount,5663.16
case,e0bab7f4-428d-4db6-9bd0-b5ac9bde72f5,target_amount,88124.87
case,e0bab7f4-428d-4db6-9bd0-b5ac9bde72f5,collected_amount,88124.87
case,e7448c4e-3ccf-4f7a-a983-ecb733e8a376,target_amount,71530.93
case,e7448c4e-3ccf-4f7a-a983-ecb733e8a376,collected_amount,60670.48
case,c5860a4f-dd72-4a0a-bba3-a0ef517e393e,target_amount,118074.37
case,c5860a4f-dd72-4a0a-bba3-a0ef517e393e,collected_amount,118074.37
case,1f8f38a6-0cf9-43e7-be08-000be9317b23,target_amount,12053.19
case,1f8f38a6-0cf9-43e7-be08-000be9317b23,collected_amount,0.0
case,7ae223e3-451b-4ff2-a8db-033357dc61c2,target_amount,4791.18
case,7ae223e3-451b-4ff2-a8db-033357dc61c2,collected_amount,3640.92
case,4c6b679e-314a-4506-9004-a064ec58d1b4,target_amount,84795.44
case,4c6b679e-314a-4506-9004-a064ec58d1b4,collected_amount,84795.44
case,5716d861-5833-4350-b34c-909162feb767,target_amount,3130.4
case,5716d861-5833-4350-b34c-909162feb767,collected_amount,2566.43
case,c82bc922-a062-4400-a475-fe15e721e62e,target_amount,137382.46
case,c82bc922-a062-4400-a475-fe15e721e62e,collected_amount,137382.46
case,7894476f-64f4-49e1-ad34-ac107cb31942,target_amount,21215.25
case,7894476f-64f4-49e1-ad34-ac107cb31942,collected_amount,12275.09
case,133c0e52-06d3-4439-8b92-b335b4b39b17,target_amount,50965.28
case,133c0e52-06d3-4439-8b92-b335b4b39b17,collected_amount,0.0
case,462f568c-f683-44be-bede-6e57708992ae,target_amount,4892.37
case,462f568c-f683-44be-bede-6e57708992ae,collected_amount,2346.55
case,d5347a0c-cd3c-46f2-a5d9-70c82abec616,target_amount,1632.76
case,d5347a0c-cd3c-46f2-a5d9-70c82abec616,collected_amount,1632.76
case,3ce440da-f98c-4b35-8540-6d3d1644aecd,target_amount,193026.98
case,3ce440da-f98c-4b35-8540-6d3d1644aecd,collected_amount,58816.25
case,3ff85e97-29bd-4f1c-bf53-95d65a217064,target_amount,42982.91
case,3ff85e97-29bd-4f1c-bf53-95d65a217064,collected_amount,42982.91
case,192014b9-32bd-457b-86f8-74273390fcc9,target_amount,79392.91
case,192014b9-32bd-457b-86f8-74273390fcc9,collected_amount,26188.05
case,8b928131-2349-4459-accc-358b5e77c242,target_amount,4841.05
case,8b928131-2349-4459-accc-358b5e77c242,collected_amount,2172.38
case,3cfbc763-04d4-4c78-bd38-db876da6efe4,target_amount,24474.66
case,3cfbc763-04d4-4c78-bd38-db876da6efe4,collected_amount,13612.91
case,45b09bb9-2d54-4654-82bb-deb3abdcab07,target_amount,53386.17
case,45b09bb9-2d54-4654-82bb-deb3abdcab07,collected_amount,29715.76
case,4ad428ab-76d5-4644-89cb-36543d6e1cde,target_amount,10034.62
case,4ad428ab-76d5-4644-89cb-36543d6e1cde,collected_amount,0.0
case,0a2d819c-d811-402b-be4c-f2af86c8e8b7,target_amount,175855.05
case,0a2d819c-d811-402b-be4c-f2af86c8e8b7,collected_amount,175855.05
case,332afbbb-18ee-46d2-83d6-49e69d38e111,target_amount,5542.95
case,332afbbb-18ee-46d2-83d6-49e69d38e111,collected_amount,3201.56
case,0dd4efa3-5313-45ec-b85d-9504b05b43ea,target_amount,105360.26
case,0dd4efa3-5313-45ec-b85d-9504b05b43ea,collected_amount,0.0
case,deaada1c-e6ed-49f7-9d1d-815e171c64e4,target_amount,873.66
case,deaada1c-e6ed-49f7-9d1d-815e171c64e4,collected_amount,873.66
case,bc77091b-e9cb-4ac9-89f6-12952c491e2c,target_amount,2697.7
case,bc77091b-e9cb-4ac9-89f6-12952c491e2c,collected_amount,2697.7
case,97fdbebe-896b-4dbe-8465-234874742028,target_amount,1350.7
case,97fdbebe-896b-4dbe-8465-234874742028,collected_amount,1350.7
case,55a39202-8362-4b00-9d11-acdcb3f56056,target_amount,1581.52
case,55a39202-8362-4b00-9d11-acdcb3f56056,collected_amount,1581.52
case,7f5bab5a-5be9-476c-a7db-2998e9c530ef,target_amount,39340.78
case,7f5bab5a-5be9-476c-a7db-2998e9c530ef,collected_amount,33842.64
case,5a4a60b3-00df-4701-bccc-70ffba2d992c,target_amount,218647.63
case,5a4a60b3-00df-4701-bccc-70ffba2d992c,collected_amount,0.0
case,be62b223-b46d-40a3-af2a-9c41a76176d2,target_amount,30500.14
case,be62b223-b46d-40a3-af2a-9c41a76176d2,collected_amount,0.0
case,2225f3bc-7cec-4e92-a285-e44e953ecfc9,target_amount,8247.09
case,2225f3bc-7cec-4e92-a285-e44e953ecfc9,collected_amount,8247.09
case,262556e4-d500-4f02-9f88-b94feb0ecdca,target_amount,23555.98
case,262556e4-d500-4f02-9f88-b94feb0ecdca,collected_amount,23555.98
case,64fd2fa0-80cf-4900-af39-cf7caf06b4df,target_amount,48639.92
case,64fd2fa0-80cf-4900-af39-cf7caf06b4df,collected_amount,48639.92
case,dfc3b5eb-1a4a-438d-a0d2-523489d798a4,target_amount,4655.01
case,dfc3b5eb-1a4a-438d-a0d2-523489d798a4,collected_amount,0.0
case,4c2cb39e-5e93-40fc-9610-6908d68832b1,target_amount,72069.03
case,4c2cb39e-5e93-40fc-9610-6908d68832b1,collected_amount,0.0
case,7c0bce40-35dd-43b5-a38b-4e513d67651c,target_amount,13414.91
case,7c0bce40-35dd-43b5-a38b-4e513d67651c,collected_amount,0.0
case,0f96fe04-53ed-4442-a955-c8cdac83f198,target_amount,9797.19
case,0f96fe04-53ed-4442-a955-c8cdac83f198,collected_amount,5034.46
case,3d6aefac-5b91-482c-b033-e11f15822263,target_amount,38601.67
case,3d6aefac-5b91-482c-b033-e11f15822263,collected_amount,38601.67
case,3b4a38c3-6651-4713-9337-fa2649890b79,target_amount,6408.16
case,3b4a38c3-6651-4713-9337-fa2649890b79,collected_amount,5895.47
case,2ab6888c-e118-4e62-9d93-1244fdd3d1c5,target_amount,104234.28
case,2ab6888c-e118-4e62-9d93-1244fdd3d1c5,collected_amount,104234.28
case,2033f788-f8b5-4024-ba05-7e83ce1c9975,target_amount,60043.85
case,2033f788-f8b5-4024-ba05-7e83ce1c9975,collected_amount,0.0
case,6b659a39-299e-4211-b712-a674528001e4,target_amount,141027.15
case,6b659a39-299e-4211-b712-a674528001e4,collected_amount,0.0
case,c78b7fd5-3987-48bc-aaa7-d496b7edd83e,target_amount,32385.58
case,c78b7fd5-3987-48bc-aaa7-d496b7edd83e,collected_amount,30142.86
case,e25d32ff-e3c9-438b-84b7-f21339d59898,target_amount,64485.63
case,e25d32ff-e3c9-438b-84b7-f21339d59898,collected_amount,59583.31
case,d4e4c522-e626-48b5-8558-d84d8ae45747,target_amount,215339.39
case,d4e4c522-e626-48b5-8558-d84d8ae45747,collected_amount,120000.0
case,18b3d950-6ba8-43cf-a907-2e3f7135c64a,target_amount,1780.39
case,18b3d950-6ba8-43cf-a907-2e3f7135c64a,collected_amount,1780.39
case,0cd4bee2-44c5-462d-94aa-f521702e7c90,target_amount,52593.54
case,0cd4bee2-44c5-462d-94aa-f521702e7c90,collected_amount,22256.47
case,d71c5dd8-8199-4430-a763-ad9c76ca11f5,target_amount,21999.21
case,d71c5dd8-8199-4430-a763-ad9c76ca11f5,collected_amount,6642.09
case,b471bba1-d71a-4e92-b3a9-df72eecc22ee,target_amount,52508.1
case,b471bba1-d71a-4e92-b3a9-df72eecc22ee,collected_amount,19599.33
case,0ee1e443-93f2-46f6-996d-918d51b95e95,target_amount,287161.72
case,0ee1e443-93f2-46f6-996d-918d51b95e95,collected_amount,120000.0
case,b0817725-39e4-401a-a69e-b9734187d920,target_amount,86684.31
case,b0817725-39e4-401a-a69e-b9734187d920,collected_amount,30042.96
case,b56e7872-3079-4584-b897-046f39204e79,target_amount,28271.29
case,b56e7872-3079-4584-b897-046f39204e79,collected_amount,0.0
case,d2b6e704-5ac5-45c1-b5cb-4a10ff082bd9,target_amount,44698.18
case,d2b6e704-5ac5-45c1-b5cb-4a10ff082bd9,collected_amount,18018.74
case,d1e510fe-a2ca-4fb6-820f-3757dade75fa,target_amount,14485.39
case,d1e510fe-a2ca-4fb6-820f-3757dade75fa,collected_amount,0.0
case,03442767-a380-4dfb-a075-1f8ca0ab4778,target_amount,8174.1
case,03442767-a380-4dfb-a075-1f8ca0ab4778,collected_amount,0.0
case,d7dd11c7-feb1-459c-943e-df39efba0638,target_amount,17096.43
case,d7dd11c7-feb1-459c-943e-df39efba0638,collected_amount,0.0
case,b1d8fc88-3d7a-4451-bf09-ac23217b2718,target_amount,64303.31
case,b1d8fc88-3d7a-4451-bf09-ac23217b2718,collected_amount,0.0
case,c2ef0022-5414-4b2f-b227-a51255386a9a,target_amount,1614.97
case,c2ef0022-5414-4b2f-b227-a51255386a9a,collected_amount,1614.97
case,a0be3af9-b177-4397-a4e5-3c03f6a44a42,target_amount,24080.99
case,a0be3af9-b177-4397-a4e5-3c03f6a44a42,collected_amount,24080.99
case,caef9f74-2f06-4aeb-b672-b7f468b501ea,target_amount,68820.54
case,caef9f74-2f06-4aeb-b672-b7f468b501ea,collected_amount,61663.32
case,f90bc0ff-52c7-466e-8183-7c15bc337c2f,target_amount,56119.43
case,f90bc0ff-52c7-466e-8183-7c15bc337c2f,collected_amount,56119.43
case,fe454d89-af3b-4810-9a99-86f1438bcf0c,target_amount,26068.27
case,fe454d89-af3b-4810-9a99-86f1438bcf0c,collected_amount,25952.3
case,8152834f-5dae-412b-bb14-0438ec5b69a0,target_amount,961.08
case,8152834f-5dae-412b-bb14-0438ec5b69a0,collected_amount,0.0
case,bf53f306-7103-4f5d-adaa-77fbd08920cb,target_amount,13144.58
case,bf53f306-7103-4f5d-adaa-77fbd08920cb,collected_amount,7396.85
case,499256e2-b77d-44f4-94fd-54dd69bedc72,target_amount,2818.16
case,499256e2-b77d-44f4-94fd-54dd69bedc72,collected_amount,2818.16
case,729d8eef-3e5c-40f6-bead-c87ea9fa3577,target_amount,1752.63
case,729d8eef-3e5c-40f6-bead-c87ea9fa3577,collected_amount,1752.63
case,23098913-3108-4799-a107-fb41b6c5df65,target_amount,51658.15
case,23098913-3108-4799-a107-fb41b6c5df65,collected_amount,51658.15
case,733ec455-55c4-4cfb-b5eb-7ba264774c02,target_amount,5012.17
case,733ec455-55c4-4cfb-b5eb-7ba264774c02,collected_amount,4948.97
case,840f0308-1ee3-47f1-8d0c-c2ab2fa4d876,target_amount,11638.53
case,840f0308-1ee3-47f1-8d0c-c2ab2fa4d876,collected_amount,11638.53
case,ab424df4-f91b-4d3a-bf7e-77671eab8c75,target_amount,45595.33
case,ab424df4-f91b-4d3a-bf7e-77671eab8c75,collected_amount,45595.33
case,40d91150-df8b-4994-886b-47b3c907138a,target_amount,32358.67
case,40d91150-df8b-4994-886b-47b3c907138a,collected_amount,32358.67
case,89561180-58c1-4cad-8d58-c9c0c3c4505a,target_amount,5039.05
case,89561180-58c1-4cad-8d58-c9c0c3c4505a,collected_amount,0.0
case,ec02cf30-b430-42aa-92a6-d943976866b1,target_amount,11077.08
case,ec02cf30-b430-42aa-92a6-d943976866b1,collected_amount,8649.12
case,a162b704-6a33-4df6-937d-52033ff4a5cb,target_amount,16186.87
case,a162b704-6a33-4df6-937d-52033ff4a5cb,collected_amount,16186.87
case,e582a376-413c-4536-9794-19dd378390a4,target_amount,79813.17
case,e582a376-413c-4536-9794-19dd378390a4,collected_amount,79314.9
case,04460e1f-47f5-4d30-b44c-0be05ea7991f,target_amount,53766.69
case,04460e1f-47f5-4d30-b44c-0be05ea7991f,collected_amount,0.0
case,a9f60804-09fd-4777-90a8-de972b4484fd,target_amount,4463.45
case,a9f60804-09fd-4777-90a8-de972b4484fd,collected_amount,0.0
case,155cc034-5ebd-434f-81a4-c8bd4239db88,target_amount,25849.18
case,155cc034-5ebd-434f-81a4-c8bd4239db88,collected_amount,14475.37
case,0f11262e-46de-4a7a-9341-990db867dfa6,target_amount,71264.62
case,0f11262e-46de-4a7a-9341-990db867dfa6,collected_amount,71264.62
case,7e5d5916-19dc-4987-871a-2fd3e308e2ad,target_amount,3811.39
case,7e5d5916-19dc-4987-871a-2fd3e308e2ad,collected_amount,3811.39
case,a48f0618-380b-4bb2-8717-c4b5cc6a17f3,target_amount,1659.96
case,a48f0618-380b-4bb2-8717-c4b5cc6a17f3,collected_amount,1659.96
case,776b7f6d-ad1d-43a3-9b7b-8b59f9003813,target_amount,47610.22
case,776b7f6d-ad1d-43a3-9b7b-8b59f9003813,collected_amount,47502.27
case,ecc596da-01f8-4713-90df-95567361aaf8,target_amount,46150.61
case,ecc596da-01f8-4713-90df-95567361aaf8,collected_amount,29415.58
case,99bbd936-0b8f-4278-892e-5264a46fb674,target_amount,7135.62
case,99bbd936-0b8f-4278-892e-5264a46fb674,collected_amount,7135.62
case,8c57bb80-5d4e-4478-85d8-0de77fa0cdd4,target_amount,40974.65
case,8c57bb80-5d4e-4478-85d8-0de77fa0cdd4,collected_amount,40974.65
case,dcaf8d18-ffa3-4551-95e6-327c21dac884,target_amount,76423.16
case,dcaf8d18-ffa3-4551-95e6-327c21dac884,collected_amount,76423.16
case,057b3003-ef24-4180-bb92-e5172efd3273,target_amount,2015.79
case,057b3003-ef24-4180-bb92-e5172efd3273,collected_amount,2015.79
case,210783f0-6af8-49c2-b0f7-a7e78544b732,target_amount,407.38
case,210783f0-6af8-49c2-b0f7-a7e78544b732,collected_amount,407.38
case,42bd6353-1665-4fd7-b5f4-9614bc753e15,target_amount,1917.91
case,42bd6353-1665-4fd7-b5f4-9614bc753e15,collected_amount,1504.31
case,6e6d2afb-24ce-4273-8946-9b817857a3c5,target_amount,55682.44
case,6e6d2afb-24ce-4273-8946-9b817857a3c5,collected_amount,55682.44
case,2ad60466-849b-40a8-a749-5d33e5d806a8,target_amount,1561.13
case,2ad60466-849b-40a8-a749-5d33e5d806a8,collected_amount,1561.13
case,edf83871-1519-4161-8c5a-cce3a34891a2,target_amount,20731.1
case,edf83871-1519-4161-8c5a-cce3a34891a2,collected_amount,20731.1
case,eeeb32a5-929c-4f1c-8e40-5cacf8200f1e,target_amount,20388.49
case,eeeb32a5-929c-4f1c-8e40-5cacf8200f1e,collected_amount,20388.49
case,c296924e-0655-421f-bac8-defbca23600c,target_amount,5162.33
case,c296924e-0655-421f-bac8-defbca23600c,collected_amount,5162.33
case,93cc1d05-9926-43e1-b55d-a8d353d54a01,target_amount,40157.1
case,93cc1d05-9926-43e1-b55d-a8d353d54a01,collected_amount,40157.1
case,dd1d5e99-3030-4e8d-9bbe-4577909d869c,target_amount,60918.13
case,dd1d5e99-3030-4e8d-9bbe-4577909d869c,collected_amount,60918.13
case,2177bcc9-fb49-4931-ac5d-617b3df17159,target_amount,181273.12
case,2177bcc9-fb49-4931-ac5d-617b3df17159,collected_amount,120000.0
case,83339467-f1d1-4f90-abd9-c87c9ef445ab,target_amount,3420.62
case,83339467-f1d1-4f90-abd9-c87c9ef445ab,collected_amount,0.0
case,6d08c32d-ae6d-4acb-aca1-b48e3be8c64d,target_amount,75257.56
case,6d08c32d-ae6d-4acb-aca1-b48e3be8c64d,collected_amount,58462.05
case,d1483dff-17f9-45b3-a291-e57d854c32a4,target_amount,135926.1
case,d1483dff-17f9-45b3-a291-e57d854c32a4,collected_amount,0.0
case,f191ac71-5669-405d-b611-ded1c658990c,target_amount,394213.19
case,f191ac71-5669-405d-b611-ded1c658990c,collected_amount,394213.19
case,b72c320e-c3d0-4335-bbe2-60d640ac113a,target_amount,162545.61
case,b72c320e-c3d0-4335-bbe2-60d640ac113a,collected_amount,0.0
case,9ba59652-8be5-473d-a168-5293e492bddc,target_amount,29447.96
case,9ba59652-8be5-473d-a168-5293e492bddc,collected_amount,29447.96
case,b4ac78d0-3925-40ec-a355-16c7b92aeaec,target_amount,15856.19
case,b4ac78d0-3925-40ec-a355-16c7b92aeaec,collected_amount,11028.92
case,ee95f2ad-a914-48fb-90ed-1908e6ae946f,target_amount,27457.23
case,ee95f2ad-a914-48fb-90ed-1908e6ae946f,collected_amount,22483.01
case,bb26ea9a-2102-4eac-b118-cc5845d2ba53,target_amount,76427.11
case,bb26ea9a-2102-4eac-b118-cc5845d2ba53,collected_amount,67695.71
case,588628ab-10f8-4969-8f97-e8e1d0e2dd16,target_amount,7156.71
case,588628ab-10f8-4969-8f97-e8e1d0e2dd16,collected_amount,7156.71
case,e2944314-a60a-4504-9072-027127c075b4,target_amount,741.09
case,e2944314-a60a-4504-9072-027127c075b4,collected_amount,650.9
case,01ae52c2-8c6e-4592-a38f-08732c8950f4,target_amount,7245.76
case,01ae52c2-8c6e-4592-a38f-08732c8950f4,collected_amount,0.0
case,21b87ade-8289-4310-9bdb-2cc0b38250d6,target_amount,44690.56
case,21b87ade-8289-4310-9bdb-2cc0b38250d6,collected_amount,44552.81
case,4be607c9-39d5-40bd-9faf-33deba6f4862,target_amount,12867.41
case,4be607c9-39d5-40bd-9faf-33deba6f4862,collected_amount,11689.49
case,ee0c93b5-5ffe-4a1b-abae-8b626997dc68,target_amount,5114.99
case,ee0c93b5-5ffe-4a1b-abae-8b626997dc68,collected_amount,4109.34
case,6a2e77aa-9b81-4851-a2b0-32ce9584e463,target_amount,274576.92
case,6a2e77aa-9b81-4851-a2b0-32ce9584e463,collected_amount,120000.0
case,54648463-acce-4159-9266-84cd8b8c5048,target_amount,84853.75
case,54648463-acce-4159-9266-84cd8b8c5048,collected_amount,68655.84
case,19cde866-4a31-4862-bd15-c59584585719,target_amount,5668.18
case,19cde866-4a31-4862-bd15-c59584585719,collected_amount,5668.18
case,dae56ea0-7ca4-4938-b5a8-5ccd8865f478,target_amount,2294.38
case,dae56ea0-7ca4-4938-b5a8-5ccd8865f478,collected_amount,2294.38
case,7742389d-f08c-45ce-a873-fcc09d250144,target_amount,33955.73
case,7742389d-f08c-45ce-a873-fcc09d250144,collected_amount,0.0
case,d65eede3-98ea-45c2-b7cb-ee89a83051b0,target_amount,34756.17
case,d65eede3-98ea-45c2-b7cb-ee89a83051b0,collected_amount,34756.17
case,f3b859d1-89dd-4efd-a8db-4413db45751d,target_amount,74218.54
case,f3b859d1-89dd-4efd-a8db-4413db45751d,collected_amount,68421.46
case,f2d8a4c4-2b3a-4783-b176-ec1e22e9d595,target_amount,41219.26
case,f2d8a4c4-2b3a-4783-b176-ec1e22e9d595,collected_amount,0.0
case,3c65fc4e-c1ac-4ee1-b3a5-cb158a253967,target_amount,979.04
case,3c65fc4e-c1ac-4ee1-b3a5-cb158a253967,collected_amount,979.04
case,3e926492-2fb7-45df-8cc7-4dbf17099a2f,target_amount,234214.32
case,3e926492-2fb7-45df-8cc7-4dbf17099a2f,collected_amount,234214.32
case,292341e4-c9e3-4039-a4f5-f6c3f6b080e1,target_amount,12022.44
case,292341e4-c9e3-4039-a4f5-f6c3f6b080e1,collected_amount,3770.64
case,c5e9df53-56d5-4409-b004-b12450b713b7,target_amount,8894.71
case,c5e9df53-56d5-4409-b004-b12450b713b7,collected_amount,7691.9
case,7ea303b1-f01b-4927-a4e4-6c36e1431481,target_amount,16306.74
case,7ea303b1-f01b-4927-a4e4-6c36e1431481,collected_amount,14381.51
case,0df3d468-4961-410c-adf2-ceffea0d2936,target_amount,206637.24
case,0df3d468-4961-410c-adf2-ceffea0d2936,collected_amount,89192.12
case,97293b8c-54e4-494f-bafa-b154dc4799e4,target_amount,3584.38
case,97293b8c-54e4-494f-bafa-b154dc4799e4,collected_amount,0.0
case,501a96e1-23b3-4ae8-8d29-c7b8c50011b9,target_amount,48788.15
case,501a96e1-23b3-4ae8-8d29-c7b8c50011b9,collected_amount,48788.15
case,0ed7a25b-2132-4531-8270-32c460c4893d,target_amount,3682.84
case,0ed7a25b-2132-4531-8270-32c460c4893d,collected_amount,3682.84
case,1753234f-57d9-48f9-b3b6-c9d90959b81b,target_amount,35494.96
case,1753234f-57d9-48f9-b3b6-c9d90959b81b,collected_amount,35494.96
case,32171089-f235-47ac-a469-f548f9a6648c,target_amount,289637.58
case,32171089-f235-47ac-a469-f548f9a6648c,collected_amount,120000.0
case,3898c8c6-bce0-4559-b646-e208974cdb18,target_amount,15666.56
case,3898c8c6-bce0-4559-b646-e208974cdb18,collected_amount,14464.09
case,d7e62184-0045-4cc2-b9b9-0d297241b541,target_amount,50522.6
case,d7e62184-0045-4cc2-b9b9-0d297241b541,collected_amount,0.0
case,faae3a17-a2cc-40b0-b189-e7a98d8d1adb,target_amount,19994.59
case,faae3a17-a2cc-40b0-b189-e7a98d8d1adb,collected_amount,19741.14
case,04af600c-adbf-4aef-9973-fc17ce684dbf,target_amount,53505.68
case,04af600c-adbf-4aef-9973-fc17ce684dbf,collected_amount,53505.68
case,bf90e2f4-1b51-405a-a902-5921456472ea,target_amount,19804.23
case,bf90e2f4-1b51-405a-a902-5921456472ea,collected_amount,19804.23
case,3d179095-4725-4a52-8f22-b9e30ef909e4,target_amount,16317.34
case,3d179095-4725-4a52-8f22-b9e30ef909e4,collected_amount,15379.87
case,fc74bf9e-b236-4cd9-b3e5-002e72da0ad6,target_amount,7642.26
case,fc74bf9e-b236-4cd9-b3e5-002e72da0ad6,collected_amount,7269.35
case,4d557c56-759e-4bd6-88b0-d16b1d296c19,target_amount,8165.28
case,4d557c56-759e-4bd6-88b0-d16b1d296c19,collected_amount,0.0
case,6b3b3c43-1097-435a-861a-928082df6ff3,target_amount,18175.29
case,6b3b3c43-1097-435a-861a-928082df6ff3,collected_amount,17733.97
case,6800c67f-3417-4634-8547-e8e3c2b2d39e,target_amount,20883.01
case,6800c67f-3417-4634-8547-e8e3c2b2d39e,collected_amount,20883.01
case,e4d6454c-e1ce-4624-a58e-b7b38efa7d16,target_amount,18132.84
case,e4d6454c-e1ce-4624-a58e-b7b38efa7d16,collected_amount,8710.47
case,21059f5e-ab66-42bd-8e9f-7f69db8124ba,target_amount,103698.9
case,21059f5e-ab66-42bd-8e9f-7f69db8124ba,collected_amount,88824.29
case,bec9af05-44fe-44b5-8287-a7db65383f03,target_amount,34864.61
case,bec9af05-44fe-44b5-8287-a7db65383f03,collected_amount,34864.61
case,eba1fece-176b-4f3b-b240-ca08a11c34e4,target_amount,44700.3
case,eba1fece-176b-4f3b-b240-ca08a11c34e4,collected_amount,38474.28
case,3aaa86ab-74a1-46d5-9f94-67bc87be3934,target_amount,6205.46
case,3aaa86ab-74a1-46d5-9f94-67bc87be3934,collected_amount,6205.46
case,a59300c3-3560-48c1-bc17-f781a2681af5,target_amount,2687.26
case,a59300c3-3560-48c1-bc17-f781a2681af5,collected_amount,2687.26
case,251a0bc2-2b95-453d-b509-4e1e3b7aa8dc,target_amount,79030.42
case,251a0bc2-2b95-453d-b509-4e1e3b7aa8dc,collected_amount,64805.22
case,a79bf2d9-491b-49c3-b311-4464122f5f03,target_amount,35431.34
case,a79bf2d9-491b-49c3-b311-4464122f5f03,collected_amount,0.0
case,dc05b7d2-2d28-4755-93e9-6f66050c5217,target_amount,110935.16
case,dc05b7d2-2d28-4755-93e9-6f66050c5217,collected_amount,110935.16
case,f6214dfe-4902-40b4-a96b-3ab55abfafd9,target_amount,3205.48
case,f6214dfe-4902-40b4-a96b-3ab55abfafd9,collected_amount,3205.48
case,3f8d7383-34d2-42a7-810a-e6bd39a85224,target_amount,4593.73
case,3f8d7383-34d2-42a7-810a-e6bd39a85224,collected_amount,4593.73
case,04a305d8-1560-41bc-a1ac-3f7d72ec1b63,target_amount,2527.42
case,04a305d8-1560-41bc-a1ac-3f7d72ec1b63,collected_amount,2527.42
case,0833802c-4ef9-4778-9b25-1139e04beb28,target_amount,4294.23
case,0833802c-4ef9-4778-9b25-1139e04beb28,collected_amount,4294.23
case,f0dafc7e-4014-4f52-9b70-8d885e3bf155,target_amount,2123.74
case,f0dafc7e-4014-4f52-9b70-8d885e3bf155,collected_amount,2123.74
case,b109d21d-865b-478e-8391-908d55b65391,target_amount,110492.65
case,b109d21d-865b-478e-8391-908d55b65391,collected_amount,110492.65
case,85cb7dd0-18c1-494d-85f6-25b742f821a0,target_amount,1242.48
case,85cb7dd0-18c1-494d-85f6-25b742f821a0,collected_amount,1094.59
case,2f356325-7463-446f-90d3-45cab93106d2,target_amount,64108.15
case,2f356325-7463-446f-90d3-45cab93106d2,collected_amount,0.0
case,0720b646-7b32-49c9-ab53-3876a6324028,target_amount,213389.21
case,0720b646-7b32-49c9-ab53-3876a6324028,collected_amount,120000.0
case,d7adc8a4-0239-4c96-b15c-b1014918a5cb,target_amount,1686.98
case,d7adc8a4-0239-4c96-b15c-b1014918a5cb,collected_amount,1686.98
case,69d896cb-5932-408d-9218-8e30d2c25a34,target_amount,6062.14
case,69d896cb-5932-408d-9218-8e30d2c25a34,collected_amount,0.0
case,aa7879bb-bb87-4d9c-9d1a-f62d3fe2cc80,target_amount,64802.59
case,aa7879bb-bb87-4d9c-9d1a-f62d3fe2cc80,collected_amount,0.0
case,530787a8-46ff-4d60-9928-0c31cd48f9c9,target_amount,3881.2
case,530787a8-46ff-4d60-9928-0c31cd48f9c9,collected_amount,3881.2
case,d742b556-ee96-48f2-abda-22632caa4e2f,target_amount,19815.75
case,d742b556-ee96-48f2-abda-22632caa4e2f,collected_amount,19815.75
case,f0e13135-fc84-417e-9bcb-9a06e95c69e1,target_amount,66801.08
case,f0e13135-fc84-417e-9bcb-9a06e95c69e1,collected_amount,52700.28
case,e6d120a1-64d7-43ac-97a6-2c5406b69d5a,target_amount,17499.59
case,e6d120a1-64d7-43ac-97a6-2c5406b69d5a,collected_amount,17499.59
case,f7c5dfb4-1476-4194-bd8f-e8d5fbcdae12,target_amount,3047.01
case,f7c5dfb4-1476-4194-bd8f-e8d5fbcdae12,collected_amount,2352.37
case,ef52c8f8-deca-4213-8129-7f49fcba2004,target_amount,4433.91
case,ef52c8f8-deca-4213-8129-7f49fcba2004,collected_amount,0.0
case,2542c63e-9609-4a84-9c31-8db2975c0aba,target_amount,61975.29
case,2542c63e-9609-4a84-9c31-8db2975c0aba,collected_amount,32579.08
case,dbe687b1-68d0-41e1-a05c-6b8198bf2a6d,target_amount,2630.37
case,dbe687b1-68d0-41e1-a05c-6b8198bf2a6d,collected_amount,2138.93
case,78e715d4-c57c-4780-9fbf-1476cd6a3040,target_amount,57615.92
case,78e715d4-c57c-4780-9fbf-1476cd6a3040,collected_amount,0.0
case,d3f3f443-1bbf-4e43-a503-4172654b54bf,target_amount,2974.86
case,d3f3f443-1bbf-4e43-a503-4172654b54bf,collected_amount,2974.86
case,30cd97a1-177c-4b16-88f6-85e8b13f14c3,target_amount,1181.05
case,30cd97a1-177c-4b16-88f6-85e8b13f14c3,collected_amount,1181.05
case,09d603f5-7b4e-47b1-a402-47ae03487952,target_amount,12825.02
case,09d603f5-7b4e-47b1-a402-47ae03487952,collected_amount,12825.02
case,431598c9-666d-4457-a972-b4a6821d845a,target_amount,1833.99
case,431598c9-666d-4457-a972-b4a6821d845a,collected_amount,1578.22
case,0de44ef5-b3a8-4f28-8079-059b5f4fae18,target_amount,768.51
case,0de44ef5-b3a8-4f28-8079-059b5f4fae18,collected_amount,0.0
case,1e6a6472-5ea3-4327-bbec-7ee1647aac70,target_amount,7414.57
case,1e6a6472-5ea3-4327-bbec-7ee1647aac70,collected_amount,7414.57
case,0b1c4cbe-4a8f-4df9-bb99-ee02c91644f3,target_amount,1077.01
case,0b1c4cbe-4a8f-4df9-bb99-ee02c91644f3,collected_amount,1040.4
case,58563990-5036-4e44-8cb5-27ff1f5e8eae,target_amount,1070.33
case,58563990-5036-4e44-8cb5-27ff1f5e8eae,collected_amount,1070.33
case,033f2440-fa40-4f9f-affa-b88536412d19,target_amount,45641.82
case,033f2440-fa40-4f9f-affa-b88536412d19,collected_amount,25904.37
case,1cd98bf4-461d-464a-b46b-e31f42261d3b,target_amount,130395.07
case,1cd98bf4-461d-464a-b46b-e31f42261d3b,collected_amount,120000.0
case,535dc9cb-a1c5-4232-addf-fb6a3ad930c7,target_amount,54172.98
case,535dc9cb-a1c5-4232-addf-fb6a3ad930c7,collected_amount,54172.98
case,4051f020-8645-4d4d-9b60-f3174b123ac6,target_amount,52575.98
case,4051f020-8645-4d4d-9b60-f3174b123ac6,collected_amount,52575.98
case,8ba8c641-fb20-49a5-a4aa-afaa93a0aa3b,target_amount,25086.68
case,8ba8c641-fb20-49a5-a4aa-afaa93a0aa3b,collected_amount,25086.68
case,5504ab5e-06e0-46fa-a8f9-7a5bd577d6d9,target_amount,1987.92
case,5504ab5e-06e0-46fa-a8f9-7a5bd577d6d9,collected_amount,1987.92
case,4e1884d2-56dd-4e27-be8e-3812627417f9,target_amount,184426.16
case,4e1884d2-56dd-4e27-be8e-3812627417f9,collected_amount,136169.69
case,8e17b1ce-8791-4a5a-9665-0e63c6a71f6a,target_amount,11215.49
case,8e17b1ce-8791-4a5a-9665-0e63c6a71f6a,collected_amount,10877.94
case,58ae6edc-aa29-46bc-a8e9-a858ec5a0f79,target_amount,3527.55
case,58ae6edc-aa29-46bc-a8e9-a858ec5a0f79,collected_amount,3507.52
case,72ceaf79-8f10-443e-8415-108e6e11cda1,target_amount,20493.7
case,72ceaf79-8f10-443e-8415-108e6e11cda1,collected_amount,20493.7
case,97d5c206-b198-4604-8d22-7f2bd260d47b,target_amount,46344.0
case,97d5c206-b198-4604-8d22-7f2bd260d47b,collected_amount,46344.0
case,ccc5ccf5-bc0e-4f79-89f9-4e4adf3cd0da,target_amount,4868.52
case,ccc5ccf5-bc0e-4f79-89f9-4e4adf3cd0da,collected_amount,4508.52
case,40147f68-8a18-4627-a1ac-f2a2721ea63c,target_amount,114168.34
case,40147f68-8a18-4627-a1ac-f2a2721ea63c,collected_amount,96680.01
case,ebdd0c9c-b635-4380-9020-3cb45cdd3e5a,target_amount,112840.32
case,ebdd0c9c-b635-4380-9020-3cb45cdd3e5a,collected_amount,0.0
case,6ec7dd21-0b29-4e6e-b9ef-cf46d17c86ce,target_amount,262431.31
case,6ec7dd21-0b29-4e6e-b9ef-cf46d17c86ce,collected_amount,120000.0
case,6d91eb24-c44d-4f16-86a5-3bd86f382850,target_amount,111919.07
case,6d91eb24-c44d-4f16-86a5-3bd86f382850,collected_amount,94221.22
case,bc2e2994-7024-4e3d-8d46-35a62f623827,target_amount,52235.38
case,bc2e2994-7024-4e3d-8d46-35a62f623827,collected_amount,52106.67
case,ac5d159e-3de8-4a59-8f93-e2562757642c,target_amount,22596.43
case,ac5d159e-3de8-4a59-8f93-e2562757642c,collected_amount,0.0
case,8d1d0ca6-981d-461a-92f2-c4f81f8ca8e0,target_amount,68216.08
case,8d1d0ca6-981d-461a-92f2-c4f81f8ca8e0,collected_amount,52267.26
case,38379579-1967-4c68-b2a6-fec47a12b809,target_amount,35385.22
case,38379579-1967-4c68-b2a6-fec47a12b809,collected_amount,32027.52
case,8e777e14-0c0c-47c2-9127-67c8fe6fcd3f,target_amount,44512.42
case,8e777e14-0c0c-47c2-9127-67c8fe6fcd3f,collected_amount,0.0
case,f4f0fa59-404b-4387-b582-0b7ca402dbf5,target_amount,47834.5
case,f4f0fa59-404b-4387-b582-0b7ca402dbf5,collected_amount,40209.45
case,199c34c5-3e75-407b-a058-534a124d8398,target_amount,4320.85
case,199c34c5-3e75-407b-a058-534a124d8398,collected_amount,3611.09
case,dde20218-facc-44f5-8973-16002c276647,target_amount,55850.55
case,dde20218-facc-44f5-8973-16002c276647,collected_amount,55850.55
case,1c0da5ee-6603-45eb-b062-d5d1fde8f516,target_amount,9694.14
case,1c0da5ee-6603-45eb-b062-d5d1fde8f516,collected_amount,9694.14
case,8c8d3f47-9c96-4134-b384-a39748f9bcbe,target_amount,31191.16
case,8c8d3f47-9c96-4134-b384-a39748f9bcbe,collected_amount,25380.79
case,43c61aa2-6ccb-47a9-9af1-1ca05a53ce22,target_amount,21088.65
case,43c61aa2-6ccb-47a9-9af1-1ca05a53ce22,collected_amount,21088.65
case,e3b28cb3-665f-4670-8508-b2c7b4d89c5c,target_amount,17568.92
case,e3b28cb3-665f-4670-8508-b2c7b4d89c5c,collected_amount,14113.35
case,b4b64723-d685-44d4-9224-a6f8605a68d0,target_amount,2952.58
case,b4b64723-d685-44d4-9224-a6f8605a68d0,collected_amount,0.0
case,d6e0e387-a749-4aea-9655-ec3b0722c66d,target_amount,2034.62
case,d6e0e387-a749-4aea-9655-ec3b0722c66d,collected_amount,0.0
case,a330951c-3198-4918-8e82-7e4d5ff559c9,target_amount,203744.62
case,a330951c-3198-4918-8e82-7e4d5ff559c9,collected_amount,203744.62
case,0fc889f2-5b6c-4054-b130-83e9b82c30ec,target_amount,112215.35
case,0fc889f2-5b6c-4054-b130-83e9b82c30ec,collected_amount,112215.35
case,4bbe7904-6f54-4e3a-a6bd-2cbf93ec7073,target_amount,16037.87
case,4bbe7904-6f54-4e3a-a6bd-2cbf93ec7073,collected_amount,16037.87
case,cc6a8b99-d32d-4f4f-993c-b2ae46c9b0f0,target_amount,2755.69
case,cc6a8b99-d32d-4f4f-993c-b2ae46c9b0f0,collected_amount,2755.69
case,982d3485-6d75-4d79-952f-fb316821e338,target_amount,35078.64
case,982d3485-6d75-4d79-952f-fb316821e338,collected_amount,35078.64
case,eb4f218d-7ede-48fd-af7d-171361fd3dbc,target_amount,68266.03
case,eb4f218d-7ede-48fd-af7d-171361fd3dbc,collected_amount,68266.03
case,86525fed-2999-49a3-8668-3270dcbd31fc,target_amount,196886.6
case,86525fed-2999-49a3-8668-3270dcbd31fc,collected_amount,120000.0
case,197f73a0-ba74-47eb-952a-b22aa1993bdc,target_amount,42179.61
case,197f73a0-ba74-47eb-952a-b22aa1993bdc,collected_amount,31946.98
case,8a823d39-0f0f-4eb2-84ec-4a101af856e6,target_amount,21911.47
case,8a823d39-0f0f-4eb2-84ec-4a101af856e6,collected_amount,21911.47
case,48cc17b2-8f5e-4a71-9224-e9b3d3f3b19f,target_amount,251182.78
case,48cc17b2-8f5e-4a71-9224-e9b3d3f3b19f,collected_amount,251182.78
case,22d73459-dbc4-45de-b369-4c5e8f055256,target_amount,2555.81
case,22d73459-dbc4-45de-b369-4c5e8f055256,collected_amount,0.0
case,0a82052f-30a7-4e30-a1df-7956741a99b5,target_amount,17289.48
case,0a82052f-30a7-4e30-a1df-7956741a99b5,collected_amount,15968.9
case,fc9f191e-ec5f-4aba-abbd-09216c6daee0,target_amount,127788.95
case,fc9f191e-ec5f-4aba-abbd-09216c6daee0,collected_amount,127788.95
case,11f85ef0-010d-4aac-b797-36231234cada,target_amount,305472.21
case,11f85ef0-010d-4aac-b797-36231234cada,collected_amount,120000.0
case,3c895d7d-bb6c-412c-8ffd-cd735c3a3d23,target_amount,125354.82
case,3c895d7d-bb6c-412c-8ffd-cd735c3a3d23,collected_amount,0.0
case,b2d48723-e8a6-4456-a5ad-ef6aa70c4a28,target_amount,1879.38
case,b2d48723-e8a6-4456-a5ad-ef6aa70c4a28,collected_amount,0.0
case,2041c96a-9606-46f8-95ef-5fa5b59cce65,target_amount,23119.16
case,2041c96a-9606-46f8-95ef-5fa5b59cce65,collected_amount,23119.16
case,66023087-8bde-4b8f-a924-ae8e512c2178,target_amount,176855.57
case,66023087-8bde-4b8f-a924-ae8e512c2178,collected_amount,176855.57
case,4f6ee7d6-ce14-4e3d-9d39-439cfb5dbe71,target_amount,13187.43
case,4f6ee7d6-ce14-4e3d-9d39-439cfb5dbe71,collected_amount,12307.43
case,3d70066a-cc7a-4ef2-a6f7-6a2d1abe54c9,target_amount,158937.91
case,3d70066a-cc7a-4ef2-a6f7-6a2d1abe54c9,collected_amount,0.0
case,dd0d71b0-726d-49f4-9b98-d9038f1d34a8,target_amount,11458.78
case,dd0d71b0-726d-49f4-9b98-d9038f1d34a8,collected_amount,11458.78
case,fc40f146-0bfe-468e-b2a8-65b08be8ab39,target_amount,26403.56
case,fc40f146-0bfe-468e-b2a8-65b08be8ab39,collected_amount,26403.56
case,ec2e7637-9dc3-4d0e-8dd8-3ea3e91b9d45,target_amount,2178.73
case,ec2e7637-9dc3-4d0e-8dd8-3ea3e91b9d45,collected_amount,2178.73
case,19995051-c48f-46a0-a78d-a83be0d4ed07,target_amount,1318.73
case,19995051-c48f-46a0-a78d-a83be0d4ed07,collected_amount,1318.73
case,3a3946fc-6af6-4425-8701-bef7882702a5,target_amount,2412.76
case,3a3946fc-6af6-4425-8701-bef7882702a5,collected_amount,2412.76
case,8f232ce3-7ff4-47a3-9e19-ccb8cd576b0a,target_amount,19889.65
case,8f232ce3-7ff4-47a3-9e19-ccb8cd576b0a,collected_amount,17658.37
case,0fe7cecc-f9f7-4f24-b0fe-e66b76150615,target_amount,101555.18
case,0fe7cecc-f9f7-4f24-b0fe-e66b76150615,collected_amount,101555.18
case,02c8f96d-6643-470e-b0e9-4e349f1b3de4,target_amount,5123.25
case,02c8f96d-6643-470e-b0e9-4e349f1b3de4,collected_amount,3858.08
case,7299b004-4631-41c9-b7ed-a0731f95db4b,target_amount,33351.69
case,7299b004-4631-41c9-b7ed-a0731f95db4b,collected_amount,26296.89
case,1e5e4dd4-1e72-424c-b8b0-284a9c3b3d15,target_amount,14202.64
case,1e5e4dd4-1e72-424c-b8b0-284a9c3b3d15,collected_amount,14202.64
case,44965e61-1bcc-4667-a06c-db2573241888,target_amount,2808.21
case,44965e61-1bcc-4667-a06c-db2573241888,collected_amount,2808.21
case,052d2c1d-d8c4-43d3-b548-cffde5a3571e,target_amount,51493.69
case,052d2c1d-d8c4-43d3-b548-cffde5a3571e,collected_amount,51493.69
case,987cc6e9-627c-43b7-9e97-8ffee1463839,target_amount,2117.88
case,987cc6e9-627c-43b7-9e97-8ffee1463839,collected_amount,0.0
case,a1f3d27d-22a6-4e71-bd40-e869083d9d8d,target_amount,27405.68
case,a1f3d27d-22a6-4e71-bd40-e869083d9d8d,collected_amount,23755.97
case,8bf712c7-ffb3-43a7-92d3-45c262290799,target_amount,39586.24
case,8bf712c7-ffb3-43a7-92d3-45c262290799,collected_amount,39586.24
case,c7e74e5d-a255-44ce-a595-797e1dbf0a0b,target_amount,59122.75
case,c7e74e5d-a255-44ce-a595-797e1dbf0a0b,collected_amount,0.0
case,7e014fb7-638d-45e1-8452-3f87b896cd61,target_amount,42216.21
case,7e014fb7-638d-45e1-8452-3f87b896cd61,collected_amount,0.0
case,09f638e4-1837-44cd-84a4-5b5fdba238c2,target_amount,57558.9
case,09f638e4-1837-44cd-84a4-5b5fdba238c2,collected_amount,57558.9
case,972a7acd-08d1-43e9-a889-cc08ca6ad27d,target_amount,572.67
case,972a7acd-08d1-43e9-a889-cc08ca6ad27d,collected_amount,572.67
case,d1ddcca9-c5de-4d00-a5b3-9d0bc91dac44,target_amount,144966.55
case,d1ddcca9-c5de-4d00-a5b3-9d0bc91dac44,collected_amount,118243.85
case,e16d3600-2242-4fe2-9ced-beef90ea03a6,target_amount,6045.05
case,e16d3600-2242-4fe2-9ced-beef90ea03a6,collected_amount,0.0
case,0bd3f278-38f8-4e20-9960-385cd6684216,target_amount,36272.58
case,0bd3f278-38f8-4e20-9960-385cd6684216,collected_amount,36272.58
case,687c662b-de33-46e2-9ba4-072b54b1878b,target_amount,38378.7
case,687c662b-de33-46e2-9ba4-072b54b1878b,collected_amount,38378.7
case,a9560ff7-3dd0-45d2-a2a6-79a8c05d2133,target_amount,156876.11
case,a9560ff7-3dd0-45d2-a2a6-79a8c05d2133,collected_amount,156876.11
case,4d4b7559-839c-4d88-a795-cb04ebd25107,target_amount,113701.99
case,4d4b7559-839c-4d88-a795-cb04ebd25107,collected_amount,0.0
case,1c835b8a-3fdb-4d95-83fe-512b15750a37,target_amount,3204.77
case,1c835b8a-3fdb-4d95-83fe-512b15750a37,collected_amount,3204.77
case,b7553d53-8838-4c1a-bd63-db527c05e978,target_amount,1987.4
case,b7553d53-8838-4c1a-bd63-db527c05e978,collected_amount,0.0
case,2efb29f7-6b9d-4ee2-b42d-5c8eb992a017,target_amount,4650.34
case,2efb29f7-6b9d-4ee2-b42d-5c8eb992a017,collected_amount,4480.04
case,408dffd4-ea37-4559-ad2b-244df100be78,target_amount,1684.31
case,408dffd4-ea37-4559-ad2b-244df100be78,collected_amount,1369.29
case,af2ed21b-2b2d-4e61-bb93-099059a8e1a9,target_amount,17962.51
case,af2ed21b-2b2d-4e61-bb93-099059a8e1a9,collected_amount,14356.58
case,20dc7a0e-bb49-4fd7-b54e-ded7d5c05d1a,target_amount,14537.84
case,20dc7a0e-bb49-4fd7-b54e-ded7d5c05d1a,collected_amount,14482.7
case,6dbed6cf-7e9f-43d5-82ca-e33f147d4c2d,target_amount,8520.0
case,6dbed6cf-7e9f-43d5-82ca-e33f147d4c2d,collected_amount,6490.68
case,81a27a01-8a5b-4b9f-a0b6-d289220480dd,target_amount,22435.31
case,81a27a01-8a5b-4b9f-a0b6-d289220480dd,collected_amount,22435.31
case,05568278-e64e-4408-9875-2190a42ba943,target_amount,797.52
case,05568278-e64e-4408-9875-2190a42ba943,collected_amount,797.52
case,e8865019-332f-4eec-ab41-e66e011af248,target_amount,39170.85
case,e8865019-332f-4eec-ab41-e66e011af248,collected_amount,0.0
case,bdccc693-4329-4648-bcee-c98457d9770d,target_amount,19476.88
case,bdccc693-4329-4648-bcee-c98457d9770d,collected_amount,19476.88
case,2e7b44a7-cff8-456f-85f2-f412c28a5e99,target_amount,12281.31
case,2e7b44a7-cff8-456f-85f2-f412c28a5e99,collected_amount,12281.31
case,9671a18f-89d4-456c-a1f7-e40aa09c7b2d,target_amount,4154.59
case,9671a18f-89d4-456c-a1f7-e40aa09c7b2d,collected_amount,0.0
case,1b5331b4-e62c-4be1-9d6f-df9e5fad6d66,target_amount,1040.22
case,1b5331b4-e62c-4be1-9d6f-df9e5fad6d66,collected_amount,1040.22
case,caee1595-0e1a-4efd-99cf-2818c8c86334,target_amount,3180.31
case,caee1595-0e1a-4efd-99cf-2818c8c86334,collected_amount,2412.08
case,8d3faa6e-13c3-4177-9659-1041524431d6,target_amount,3172.85
case,8d3faa6e-13c3-4177-9659-1041524431d6,collected_amount,3172.85
case,a76b37d9-6fce-465e-9853-677cb0915d5e,target_amount,137924.28
case,a76b37d9-6fce-465e-9853-677cb0915d5e,collected_amount,120000.0
case,d14b16b1-6ba1-487f-bd9f-d61d7c369b0c,target_amount,25786.21
case,d14b16b1-6ba1-487f-bd9f-d61d7c369b0c,collected_amount,20222.86
case,21c73e2e-1511-48ec-a91d-720066f8a198,target_amount,329743.39
case,21c73e2e-1511-48ec-a91d-720066f8a198,collected_amount,273354.61
case,bb9bf9d5-ea0d-4afc-8aa6-316df8f388b5,target_amount,361248.16
case,bb9bf9d5-ea0d-4afc-8aa6-316df8f388b5,collected_amount,0.0
case,31286e1e-a18d-4955-8905-2717afcd7ef1,target_amount,1841.52
case,31286e1e-a18d-4955-8905-2717afcd7ef1,collected_amount,0.0
case,6aaa775a-1485-4eed-a4df-9f14a4c2b89b,target_amount,57067.23
case,6aaa775a-1485-4eed-a4df-9f14a4c2b89b,collected_amount,57067.23
case,928a5663-d99d-46e5-bb35-bb2be4584e23,target_amount,1074.45
case,928a5663-d99d-46e5-bb35-bb2be4584e23,collected_amount,1074.45
case,0027eac2-fbff-43d2-b5e6-182b1c592d33,target_amount,1528.54
case,0027eac2-fbff-43d2-b5e6-182b1c592d33,collected_amount,1495.2
case,30837126-ce1f-49ef-8bc9-c7d8e85a56df,target_amount,2951.57
case,30837126-ce1f-49ef-8bc9-c7d8e85a56df,collected_amount,2951.57
case,d1012402-fa11-4d46-af2f-d2e2e4dafd0e,target_amount,27173.47
case,d1012402-fa11-4d46-af2f-d2e2e4dafd0e,collected_amount,27173.47
case,d0b60cc2-1609-4be4-a5af-3b8cf472974e,target_amount,3427.15
case,d0b60cc2-1609-4be4-a5af-3b8cf472974e,collected_amount,3427.15
case,8e71049d-51b1-484a-9fc4-3aeb19f20939,target_amount,1487.52
case,8e71049d-51b1-484a-9fc4-3aeb19f20939,collected_amount,1487.52
case,91bc4a25-06af-4270-bd22-f76e3b907616,target_amount,22713.07
case,91bc4a25-06af-4270-bd22-f76e3b907616,collected_amount,22713.07
case,1caaf4ff-bb07-41fd-b36e-ed3e44f2854f,target_amount,5875.82
case,1caaf4ff-bb07-41fd-b36e-ed3e44f2854f,collected_amount,0.0
case,86535b62-df6b-4425-b3cf-cef873a9ce57,target_amount,208805.01
case,86535b62-df6b-4425-b3cf-cef873a9ce57,collected_amount,208805.01
case,655f95e5-c2cf-4492-b38f-3b31be327a2b,target_amount,82624.46
case,655f95e5-c2cf-4492-b38f-3b31be327a2b,collected_amount,82624.46
case,f30262ee-7550-4687-9729-cd61fa0e8479,target_amount,1657.89
case,f30262ee-7550-4687-9729-cd61fa0e8479,collected_amount,0.0
case,1b152f4d-7a21-461c-a5b2-5bf1726bed39,target_amount,167224.56
case,1b152f4d-7a21-461c-a5b2-5bf1726bed39,collected_amount,120000.0
case,7e164cf7-adb1-4fc2-b798-e754091c0a2a,target_amount,64672.86
case,7e164cf7-adb1-4fc2-b798-e754091c0a2a,collected_amount,64672.86
case,84cf0e65-84f0-4d57-bf8f-74dbb3e22d5e,target_amount,21606.54
case,84cf0e65-84f0-4d57-bf8f-74dbb3e22d5e,collected_amount,19802.82
case,94afb3e9-d0ad-404e-bc13-cf1654dc4ef1,target_amount,69060.85
case,94afb3e9-d0ad-404e-bc13-cf1654dc4ef1,collected_amount,68765.92
case,010963c0-2f2b-4141-a66f-90766e95e06d,target_amount,2052.58
case,010963c0-2f2b-4141-a66f-90766e95e06d,collected_amount,2052.58
case,cb0abc92-1503-478e-8b3b-3786454b0976,target_amount,51734.2
case,cb0abc92-1503-478e-8b3b-3786454b0976,collected_amount,49693.44
case,f9e52765-4052-431b-96b8-5e8f9046e2cc,target_amount,72834.65
case,f9e52765-4052-431b-96b8-5e8f9046e2cc,collected_amount,64075.97
case,d0ebad68-10d0-48e5-88f5-f0feb94c5dd7,target_amount,110765.1
case,d0ebad68-10d0-48e5-88f5-f0feb94c5dd7,collected_amount,110765.1
case,9e12f965-5f74-49df-b7f0-ea15d8258903,target_amount,37636.09
case,9e12f965-5f74-49df-b7f0-ea15d8258903,collected_amount,37636.09
case,91fc5b94-4e86-4042-9808-7dc124a121ad,target_amount,40527.07
case,91fc5b94-4e86-4042-9808-7dc124a121ad,collected_amount,40527.07
case,e9435aec-179a-4550-a85c-30fde78b8ec9,target_amount,10142.36
case,e9435aec-179a-4550-a85c-30fde78b8ec9,collected_amount,10142.36
case,24d8d22a-0eba-4e41-b44d-a5f4400de443,target_amount,7326.38
case,24d8d22a-0eba-4e41-b44d-a5f4400de443,collected_amount,7326.38
case,e6559f1c-de6c-4772-8f8e-51bb09ee1e51,target_amount,106249.66
case,e6559f1c-de6c-4772-8f8e-51bb09ee1e51,collected_amount,0.0
case,e79173a3-7af4-4665-877d-445bc545da1c,target_amount,28190.83
case,e79173a3-7af4-4665-877d-445bc545da1c,collected_amount,28190.83
case,abbcc397-4f17-466e-9ab9-cda86c3cb54c,target_amount,185209.53
case,abbcc397-4f17-466e-9ab9-cda86c3cb54c,collected_amount,185209.53
case,6a4e045e-c3e4-4adb-b3df-1f9a6dea2783,target_amount,2536.43
case,6a4e045e-c3e4-4adb-b3df-1f9a6dea2783,collected_amount,2536.43
case,57569954-dc72-4d3a-a5a9-ee12723295dc,target_amount,13540.21
case,57569954-dc72-4d3a-a5a9-ee12723295dc,collected_amount,13540.21
case,d0e4dca5-a091-4e5f-ab0c-2fc1540559dd,target_amount,4098.78
case,d0e4dca5-a091-4e5f-ab0c-2fc1540559dd,collected_amount,4098.78
case,4925d180-0d94-49fd-80ab-22dbcb5475f5,target_amount,156044.91
case,4925d180-0d94-49fd-80ab-22dbcb5475f5,collected_amount,154787.47
case,a91b2719-8e08-4b6a-80dd-211650b9c023,target_amount,29394.01
case,a91b2719-8e08-4b6a-80dd-211650b9c023,collected_amount,28219.97
case,2ab22e2d-50e1-4308-acd2-9bf5b335daf5,target_amount,500000.0
case,2ab22e2d-50e1-4308-acd2-9bf5b335daf5,collected_amount,0.0
case,78c7b9f9-94af-4b38-a167-309f34228897,target_amount,89357.52
case,78c7b9f9-94af-4b38-a167-309f34228897,collected_amount,89357.52
case,724c3ed9-c91d-452d-8b52-b8ab1de479b2,target_amount,5018.4
case,724c3ed9-c91d-452d-8b52-b8ab1de479b2,collected_amount,5018.4
case,d96c5d4e-68b7-4e0d-93a9-508bab058069,target_amount,35408.41
case,d96c5d4e-68b7-4e0d-93a9-508bab058069,collected_amount,10378.76
case,8fad95dc-2d26-4086-ac8f-c42f5ee62269,target_amount,34662.84
case,8fad95dc-2d26-4086-ac8f-c42f5ee62269,collected_amount,34662.84
case,29b521d2-e392-4ce5-adb0-6cb9847d0d20,target_amount,29432.19
case,29b521d2-e392-4ce5-adb0-6cb9847d0d20,collected_amount,29432.19
case,af3f3cc9-b9a2-4669-b322-284846e8e545,target_amount,1499.63
case,af3f3cc9-b9a2-4669-b322-284846e8e545,collected_amount,1499.63
case,fdd9a91f-c1b8-4546-9181-773c7b0e9717,target_amount,1047.66
case,fdd9a91f-c1b8-4546-9181-773c7b0e9717,collected_amount,1047.66
case,bc46efb3-9b47-4440-8d49-a3da5f71955c,target_amount,17680.6
case,bc46efb3-9b47-4440-8d49-a3da5f71955c,collected_amount,17486.93
case,43d6ed09-f524-4c80-b329-26990024b1b9,target_amount,7010.72
case,43d6ed09-f524-4c80-b329-26990024b1b9,collected_amount,0.0
case,ea650beb-aab9-4b07-b51d-3cd345d4090b,target_amount,3376.87
case,ea650beb-aab9-4b07-b51d-3cd345d4090b,collected_amount,0.0
case,a004c977-e3d9-48d1-9a51-20f9f278ae10,target_amount,1853.77
case,a004c977-e3d9-48d1-9a51-20f9f278ae10,collected_amount,0.0
case,91de08a1-6634-4cf6-b928-8c9260695576,target_amount,30639.82
case,91de08a1-6634-4cf6-b928-8c9260695576,collected_amount,0.0
case,45998f36-bca9-464c-8dce-a707c75f63dd,target_amount,13309.54
case,45998f36-bca9-464c-8dce-a707c75f63dd,collected_amount,0.0
case,217286e7-dd7e-430b-aa9a-decf545e75f6,target_amount,34137.21
case,217286e7-dd7e-430b-aa9a-decf545e75f6,collected_amount,0.0
case,359f2493-21f7-4fdc-aeaf-ff35a31d9596,target_amount,13220.75
case,359f2493-21f7-4fdc-aeaf-ff35a31d9596,collected_amount,11086.83
case,82017589-4410-4904-bed8-b44598dbaa64,target_amount,183854.51
case,82017589-4410-4904-bed8-b44598dbaa64,collected_amount,120000.0
case,42f15e58-ddf0-4c48-8ea1-0535496c0151,target_amount,11761.86
case,42f15e58-ddf0-4c48-8ea1-0535496c0151,collected_amount,9687.55
case,58cfa0ea-7663-494d-8175-9fc3b06218b2,target_amount,26755.98
case,58cfa0ea-7663-494d-8175-9fc3b06218b2,collected_amount,0.0
case,e34137fd-e6c1-4393-a80d-40b5b302234c,target_amount,177458.63
case,e34137fd-e6c1-4393-a80d-40b5b302234c,collected_amount,120000.0
case,09d34050-ca46-495a-a92f-cbc3ef76e5a7,target_amount,47053.19
case,09d34050-ca46-495a-a92f-cbc3ef76e5a7,collected_amount,47053.19
case,f95e4162-8c63-48c2-bcef-d6b689ae8aa5,target_amount,46246.82
case,f95e4162-8c63-48c2-bcef-d6b689ae8aa5,collected_amount,46246.82
case,e865f0a7-cd14-44eb-9135-31b72454e565,target_amount,18471.48
case,e865f0a7-cd14-44eb-9135-31b72454e565,collected_amount,18471.48
case,11f174ec-baee-4918-baea-69c1d0584104,target_amount,30143.7
case,11f174ec-baee-4918-baea-69c1d0584104,collected_amount,23327.96
case,457f2b6f-b46e-4a58-abf3-d1b5faec2835,target_amount,1875.51
case,457f2b6f-b46e-4a58-abf3-d1b5faec2835,collected_amount,0.0
case,7af24473-7a11-467b-a4a6-6fa0f202334c,target_amount,1279.15
case,7af24473-7a11-467b-a4a6-6fa0f202334c,collected_amount,0.0
case,efcf5b68-75d1-4595-812c-d49a3f2ee45b,target_amount,8287.33
case,efcf5b68-75d1-4595-812c-d49a3f2ee45b,collected_amount,8287.33
case,9dbeb5ad-5cd2-434f-952d-2021b44c2a6f,target_amount,2557.62
case,9dbeb5ad-5cd2-434f-952d-2021b44c2a6f,collected_amount,2557.62
case,8a36f96b-19d3-4e6f-a1c5-9c0c4a4f3dd4,target_amount,17868.14
case,8a36f96b-19d3-4e6f-a1c5-9c0c4a4f3dd4,collected_amount,17133.81
case,2838c047-7849-4c99-9b47-060632b896ac,target_amount,132999.4
case,2838c047-7849-4c99-9b47-060632b896ac,collected_amount,130816.81
case,77108090-99d5-419c-b997-9300a4bab952,target_amount,7748.03
case,77108090-99d5-419c-b997-9300a4bab952,collected_amount,0.0
case,cf77428d-5a65-4f22-b553-fcacb366209c,target_amount,41078.28
case,cf77428d-5a65-4f22-b553-fcacb366209c,collected_amount,41078.28
case,894aaf98-a5bf-4a1c-a336-49b8c1996dde,target_amount,2483.38
case,894aaf98-a5bf-4a1c-a336-49b8c1996dde,collected_amount,2483.38
case,a961c4cb-299c-4776-89da-bacf7f957e06,target_amount,14076.68
case,a961c4cb-299c-4776-89da-bacf7f957e06,collected_amount,13867.64
case,c62ac73b-b865-417c-94de-f6df9e4e315d,target_amount,5698.5
case,c62ac73b-b865-417c-94de-f6df9e4e315d,collected_amount,0.0
case,59f59375-57e3-4b12-a1aa-ef295eb40023,target_amount,44734.41
case,59f59375-57e3-4b12-a1aa-ef295eb40023,collected_amount,0.0
case,36650bd1-675d-4d69-9157-e61cd7802849,target_amount,188368.82
case,36650bd1-675d-4d69-9157-e61cd7802849,collected_amount,120000.0
case,51180735-ed9f-400e-8fb7-3cd669fa0089,target_amount,43347.76
case,51180735-ed9f-400e-8fb7-3cd669fa0089,collected_amount,0.0
case,792c5ddd-5669-4526-8a32-759a1ee7c52d,target_amount,19560.86
case,792c5ddd-5669-4526-8a32-759a1ee7c52d,collected_amount,0.0
case,fc5ba9da-92fb-4297-a5ba-5f8cbca733cf,target_amount,31008.62
case,fc5ba9da-92fb-4297-a5ba-5f8cbca733cf,collected_amount,31008.62
case,1d527e03-1b3e-44dc-993c-33a1f11c639d,target_amount,20220.61
case,1d527e03-1b3e-44dc-993c-33a1f11c639d,collected_amount,0.0
case,58d84a6d-0aaf-47a2-bd89-8902658beaa9,target_amount,51594.61
case,58d84a6d-0aaf-47a2-bd89-8902658beaa9,collected_amount,0.0
case,1d52bd4e-f848-4df5-b573-a3785cd74a18,target_amount,7195.67
case,1d52bd4e-f848-4df5-b573-a3785cd74a18,collected_amount,0.0
case,cb823cd9-42bf-4b15-925b-98c916e86f58,target_amount,48610.91
case,cb823cd9-42bf-4b15-925b-98c916e86f58,collected_amount,48610.91
case,c245f003-4dbd-410e-a7b9-9aeb03ff53b2,target_amount,2135.31
case,c245f003-4dbd-410e-a7b9-9aeb03ff53b2,collected_amount,0.0
case,87ad8c46-9630-4b00-9b77-052d44fe8a9c,target_amount,2737.35
case,87ad8c46-9630-4b00-9b77-052d44fe8a9c,collected_amount,2737.35
case,707e39ac-161d-4c00-8816-e1b2db4970e9,target_amount,140635.94
case,707e39ac-161d-4c00-8816-e1b2db4970e9,collected_amount,137486.08
case,f7865f97-4df8-4b01-bdce-c5b668d4b328,target_amount,11274.17
case,f7865f97-4df8-4b01-bdce-c5b668d4b328,collected_amount,11274.17
case,4e96d241-8893-496b-b4b7-f9573094d05c,target_amount,13735.42
case,4e96d241-8893-496b-b4b7-f9573094d05c,collected_amount,13735.42
case,d08aa9f8-8150-4874-9038-95d58b359782,target_amount,3638.69
case,d08aa9f8-8150-4874-9038-95d58b359782,collected_amount,3580.3
case,c914e30a-2e26-47ec-bd0f-37c2413667f5,target_amount,11275.78
case,c914e30a-2e26-47ec-bd0f-37c2413667f5,collected_amount,0.0
case,cca1f0fd-4df0-4748-a81b-22e081eb43ed,target_amount,173359.87
case,cca1f0fd-4df0-4748-a81b-22e081eb43ed,collected_amount,0.0
case,66a60730-c389-4b71-82ce-e56283b99fae,target_amount,1648.48
case,66a60730-c389-4b71-82ce-e56283b99fae,collected_amount,1648.48
case,d85f5244-952a-43b7-bb6c-089dac6410ef,target_amount,187026.07
case,d85f5244-952a-43b7-bb6c-089dac6410ef,collected_amount,187026.07
case,040d1b3e-b365-4dd1-943e-eaeb1e543898,target_amount,36269.86
case,040d1b3e-b365-4dd1-943e-eaeb1e543898,collected_amount,36269.86
case,13871b39-d123-4a16-a6f2-1a6823e94358,target_amount,660.73
case,13871b39-d123-4a16-a6f2-1a6823e94358,collected_amount,660.73
case,7d320cac-116a-4fca-91e3-21aeb3e7b44e,target_amount,4415.26
case,7d320cac-116a-4fca-91e3-21aeb3e7b44e,collected_amount,4415.26
case,d07825db-d43c-479a-ba05-bcb371149f3d,target_amount,9791.31
case,d07825db-d43c-479a-ba05-bcb371149f3d,collected_amount,9791.31
case,3d66de68-8914-4aec-aead-b463c4b65d13,target_amount,115463.6
case,3d66de68-8914-4aec-aead-b463c4b65d13,collected_amount,115463.6
case,7d70e38d-db1f-4c51-ab35-52d8d59a2df2,target_amount,73409.6
case,7d70e38d-db1f-4c51-ab35-52d8d59a2df2,collected_amount,73409.6
case,3e26b206-d022-4f98-ac02-4bab96eb06b9,target_amount,48519.88
case,3e26b206-d022-4f98-ac02-4bab96eb06b9,collected_amount,48519.88
case,98678a95-03c8-4eb5-914a-e4d53dfeb0dd,target_amount,1727.72
case,98678a95-03c8-4eb5-914a-e4d53dfeb0dd,collected_amount,0.0
case,cde5571d-2f58-4bcc-8850-76a91602e0a6,target_amount,18365.13
case,cde5571d-2f58-4bcc-8850-76a91602e0a6,collected_amount,0.0
case,89cdc744-de13-40a2-882e-09423d699e57,target_amount,894.53
case,89cdc744-de13-40a2-882e-09423d699e57,collected_amount,894.53
case,7e630465-554e-4d6a-b9f5-2785c7e05f8f,target_amount,167089.0
case,7e630465-554e-4d6a-b9f5-2785c7e05f8f,collected_amount,0.0
case,a21d500a-dc5a-4171-9faf-8c8d545d0015,target_amount,10025.7
case,a21d500a-dc5a-4171-9faf-8c8d545d0015,collected_amount,8021.77
case,61005b5b-3bba-4b7f-85bc-8d8e36d7c71b,target_amount,12587.05
case,61005b5b-3bba-4b7f-85bc-8d8e36d7c71b,collected_amount,12196.27
case,25b336c9-0eac-46bf-97d0-0817dcea8ad9,target_amount,98622.01
case,25b336c9-0eac-46bf-97d0-0817dcea8ad9,collected_amount,0.0
case,5ef7ec75-c1d3-4d9c-b5b3-1ad438c25898,target_amount,141231.03
case,5ef7ec75-c1d3-4d9c-b5b3-1ad438c25898,collected_amount,67270.4
case,dff94c5f-74a8-4801-8781-aad04ce3f675,target_amount,11975.18
case,dff94c5f-74a8-4801-8781-aad04ce3f675,collected_amount,11700.35
case,72bdd4c1-d2b7-453e-8b18-44d4e38a3efa,target_amount,38707.66
case,72bdd4c1-d2b7-453e-8b18-44d4e38a3efa,collected_amount,38707.66
case,7de5dca0-befd-411c-b810-4feca8cee150,target_amount,45438.28
case,7de5dca0-befd-411c-b810-4feca8cee150,collected_amount,41601.67
case,7021452b-ac8d-43df-a12b-261c28d4a06f,target_amount,4620.63
case,7021452b-ac8d-43df-a12b-261c28d4a06f,collected_amount,4620.63
case,19ab1259-1a65-41b1-bb0b-683e3b2f0fd3,target_amount,5102.78
case,19ab1259-1a65-41b1-bb0b-683e3b2f0fd3,collected_amount,5102.78
case,7f1013df-c0da-4abe-b60c-9a468a1dbc95,target_amount,180170.73
case,7f1013df-c0da-4abe-b60c-9a468a1dbc95,collected_amount,107825.52
case,b4999caa-368f-427b-baf0-755482b4b399,target_amount,2991.46
case,b4999caa-368f-427b-baf0-755482b4b399,collected_amount,0.0
case,1b86f9e5-3e02-41bf-85e1-fd879a889e73,target_amount,20890.18
case,1b86f9e5-3e02-41bf-85e1-fd879a889e73,collected_amount,0.0
case,66acbc4e-f192-45f1-9e45-3b47214212bf,target_amount,40505.32
case,66acbc4e-f192-45f1-9e45-3b47214212bf,collected_amount,0.0
case,19d0e2ef-9e4f-48bc-9620-074e58906453,target_amount,10098.21
case,19d0e2ef-9e4f-48bc-9620-074e58906453,collected_amount,8287.9
case,09efe1d7-f0c8-49fc-8af9-a7a73a1ce323,target_amount,8607.37
case,09efe1d7-f0c8-49fc-8af9-a7a73a1ce323,collected_amount,0.0
case,5f8f455a-f0fa-4510-972c-4f769e3ec36c,target_amount,2477.12
case,5f8f455a-f0fa-4510-972c-4f769e3ec36c,collected_amount,2477.12
case,168381de-df09-4c1c-8940-e492f1c510a3,target_amount,1248.89
case,168381de-df09-4c1c-8940-e492f1c510a3,collected_amount,0.0
case,42d121da-cc66-42cb-918e-5bc22b52c2ab,target_amount,4359.3
case,42d121da-cc66-42cb-918e-5bc22b52c2ab,collected_amount,4331.39
case,e06fe636-8d76-4561-9e23-4af0e13d79ca,target_amount,200367.7
case,e06fe636-8d76-4561-9e23-4af0e13d79ca,collected_amount,0.0
case,43050fff-96ca-458e-95a1-3b3fa481f6e5,target_amount,1769.33
case,43050fff-96ca-458e-95a1-3b3fa481f6e5,collected_amount,0.0
case,7aa50eb4-da1f-4f56-ace7-8c5c24e2a212,target_amount,27737.58
case,7aa50eb4-da1f-4f56-ace7-8c5c24e2a212,collected_amount,0.0
case,52e7d0de-171d-4d89-9781-0ff4a0c67269,target_amount,13077.35
case,52e7d0de-171d-4d89-9781-0ff4a0c67269,collected_amount,0.0
case,7110942f-0ba7-407d-a4c3-1412d18426d3,target_amount,55464.74
case,7110942f-0ba7-407d-a4c3-1412d18426d3,collected_amount,0.0
case,6acd4cae-7cf1-4909-83a3-9e95b85daa9b,target_amount,1696.26
case,6acd4cae-7cf1-4909-83a3-9e95b85daa9b,collected_amount,1696.26
case,013de1b3-56c6-4d49-98c9-775d63252fe3,target_amount,52675.37
case,013de1b3-56c6-4d49-98c9-775d63252fe3,collected_amount,0.0
case,5309dbc6-7738-46b1-a13a-3957c6943acf,target_amount,11703.84
case,5309dbc6-7738-46b1-a13a-3957c6943acf,collected_amount,0.0
case,e444c0da-8a79-4d68-9c98-0280a62ade8b,target_amount,47751.53
case,e444c0da-8a79-4d68-9c98-0280a62ade8b,collected_amount,0.0
case,24711dfc-e44a-4132-8071-79e36e413a13,target_amount,187696.07
case,24711dfc-e44a-4132-8071-79e36e413a13,collected_amount,120000.0
case,7ec158f4-1f70-44f4-acdb-8edf6d8b9657,target_amount,57696.57
case,7ec158f4-1f70-44f4-acdb-8edf6d8b9657,collected_amount,0.0
case,85858dd3-a720-4de0-9f80-d4be45351430,target_amount,3424.34
case,85858dd3-a720-4de0-9f80-d4be45351430,collected_amount,3424.34
case,a4dd6f6f-932e-44d6-96e9-61c68ec94155,target_amount,142855.12
case,a4dd6f6f-932e-44d6-96e9-61c68ec94155,collected_amount,142855.12
case,f4aeb768-8bb1-4996-8a9a-394eb6f494b7,target_amount,55719.02
case,f4aeb768-8bb1-4996-8a9a-394eb6f494b7,collected_amount,55719.02
case,5542c577-a403-47fe-9845-b909c80ee1b9,target_amount,120188.32
case,5542c577-a403-47fe-9845-b909c80ee1b9,collected_amount,120188.32
case,e2267c0c-144d-415f-99ae-410faf7f070c,target_amount,81120.89
case,e2267c0c-144d-415f-99ae-410faf7f070c,collected_amount,73839.88
case,a4e78773-773f-4229-b881-503c2b15a749,target_amount,35248.12
case,a4e78773-773f-4229-b881-503c2b15a749,collected_amount,10633.72
case,91f4d280-94ea-4a70-a3c6-f801f0801856,target_amount,2095.67
case,91f4d280-94ea-4a70-a3c6-f801f0801856,collected_amount,0.0
case,4137aacf-3645-4113-ae8b-fd76bdc93055,target_amount,69255.55
case,4137aacf-3645-4113-ae8b-fd76bdc93055,collected_amount,69255.55
case,30c35475-ed2b-4036-a826-44d3b264f5bb,target_amount,83221.67
case,30c35475-ed2b-4036-a826-44d3b264f5bb,collected_amount,66759.01
case,0835bfa3-c594-4b5c-bcfa-abdc7dddabec,target_amount,1328.27
case,0835bfa3-c594-4b5c-bcfa-abdc7dddabec,collected_amount,0.0
case,5a268e43-3d7e-4292-ac2e-fa3f83005655,target_amount,277322.88
case,5a268e43-3d7e-4292-ac2e-fa3f83005655,collected_amount,120000.0
case,83964713-95e2-488d-8034-b75744c78c1e,target_amount,67284.6
case,83964713-95e2-488d-8034-b75744c78c1e,collected_amount,32480.45
case,8a0e2eff-0848-4a01-b93b-a8fce2ce2f9c,target_amount,8247.81
case,8a0e2eff-0848-4a01-b93b-a8fce2ce2f9c,collected_amount,6636.05
case,714085f0-81e2-490e-8294-4d997ffcf6e3,target_amount,174383.7
case,714085f0-81e2-490e-8294-4d997ffcf6e3,collected_amount,174383.7
case,a6523406-7495-4e41-b1e5-0d38859cb75f,target_amount,5890.37
case,a6523406-7495-4e41-b1e5-0d38859cb75f,collected_amount,5890.37
case,f87bc957-012e-43c5-bbcc-25b04609584f,target_amount,17637.61
case,f87bc957-012e-43c5-bbcc-25b04609584f,collected_amount,17637.61
case,a9077346-1e77-4b17-8eaf-4713ba0cbe6c,target_amount,6297.27
case,a9077346-1e77-4b17-8eaf-4713ba0cbe6c,collected_amount,6072.22
case,84e417ae-38a6-41a5-b755-cedc0eadf9c0,target_amount,716.95
case,84e417ae-38a6-41a5-b755-cedc0eadf9c0,collected_amount,577.33
case,9b929523-5e83-4d44-bc3c-bf621abee8df,target_amount,1342.98
case,9b929523-5e83-4d44-bc3c-bf621abee8df,collected_amount,0.0
case,1099fce0-96c6-40f8-942d-d9b5b998c8e3,target_amount,251035.28
case,1099fce0-96c6-40f8-942d-d9b5b998c8e3,collected_amount,0.0
case,4855d7b0-7acf-4756-9f34-41e0e9461c2a,target_amount,983.81
case,4855d7b0-7acf-4756-9f34-41e0e9461c2a,collected_amount,983.81
case,65f53b7f-f072-4528-a02d-8f36380cb68d,target_amount,184232.02
case,65f53b7f-f072-4528-a02d-8f36380cb68d,collected_amount,120000.0
case,7331a6e0-df5e-4d88-adca-c2be5ff98d08,target_amount,14058.35
case,7331a6e0-df5e-4d88-adca-c2be5ff98d08,collected_amount,12734.82
case,002c11d7-f3cf-43c9-ab60-8b7f102da1d8,target_amount,7167.8
case,002c11d7-f3cf-43c9-ab60-8b7f102da1d8,collected_amount,6606.53
case,dd81e163-b4c4-49eb-a895-e825f0116bef,target_amount,9292.28
case,dd81e163-b4c4-49eb-a895-e825f0116bef,collected_amount,8598.24
case,ce948a4c-762d-4b07-8fcb-aee2084621a2,target_amount,8128.12
case,ce948a4c-762d-4b07-8fcb-aee2084621a2,collected_amount,0.0
case,3f5ec6fd-8033-4390-8954-85546d6acc7f,target_amount,4352.39
case,3f5ec6fd-8033-4390-8954-85546d6acc7f,collected_amount,3817.48
case,3403140c-55c9-4a00-8f90-b0db0ed5417e,target_amount,27934.55
case,3403140c-55c9-4a00-8f90-b0db0ed5417e,collected_amount,27934.55
case,b4ce8b2d-ff75-4b16-bd40-6b9aaf116b46,target_amount,80821.3
case,b4ce8b2d-ff75-4b16-bd40-6b9aaf116b46,collected_amount,28912.86
case,0dcbdcf7-94d5-4e0e-9783-aa99e78e017d,target_amount,7552.38
case,0dcbdcf7-94d5-4e0e-9783-aa99e78e017d,collected_amount,7552.38
case,37084f7a-c7dc-443b-a469-d5b8199b2a4e,target_amount,2207.88
case,37084f7a-c7dc-443b-a469-d5b8199b2a4e,collected_amount,0.0
case,faae1aba-6a78-41f8-b757-687ae75899d2,target_amount,155756.96
case,faae1aba-6a78-41f8-b757-687ae75899d2,collected_amount,0.0
case,229b9d2b-8a26-406c-8468-c4f97cb05b43,target_amount,13517.15
case,229b9d2b-8a26-406c-8468-c4f97cb05b43,collected_amount,13517.15
case,3e689969-007a-40ce-9ee5-f8de67c7401f,target_amount,1063.08
case,3e689969-007a-40ce-9ee5-f8de67c7401f,collected_amount,1032.23
case,86edfc70-8ec2-4112-8fcf-feee239e973a,target_amount,5054.84
case,86edfc70-8ec2-4112-8fcf-feee239e973a,collected_amount,4190.65
case,4c49d03f-12db-465c-a124-730c4533b75a,target_amount,2804.54
case,4c49d03f-12db-465c-a124-730c4533b75a,collected_amount,2323.24
case,aa4e988c-32f0-439a-b262-1814bc3720df,target_amount,5268.61
case,aa4e988c-32f0-439a-b262-1814bc3720df,collected_amount,0.0
case,26cefbee-92c4-4c5b-967b-bf2ad3ede143,target_amount,177829.44
case,26cefbee-92c4-4c5b-967b-bf2ad3ede143,collected_amount,0.0
case,434f104f-2837-4e38-bfb2-4f6542716c53,target_amount,2001.12
case,434f104f-2837-4e38-bfb2-4f6542716c53,collected_amount,1520.2
case,b586d7d7-f387-4601-a35b-004b927e52ad,target_amount,79867.66
case,b586d7d7-f387-4601-a35b-004b927e52ad,collected_amount,0.0
case,dd0aa156-1c6f-43eb-9f3d-82b10db23aa4,target_amount,76244.38
case,dd0aa156-1c6f-43eb-9f3d-82b10db23aa4,collected_amount,76244.38
case,00bf314b-95ea-4928-af92-d78931325e03,target_amount,11533.57
case,00bf314b-95ea-4928-af92-d78931325e03,collected_amount,11533.57
case,229ea2ae-b64d-4bc1-8f28-16e087544a0b,target_amount,3637.63
case,229ea2ae-b64d-4bc1-8f28-16e087544a0b,collected_amount,2802.63
case,f17a4229-7277-4ca7-8e0f-78166ba02f30,target_amount,3565.02
case,f17a4229-7277-4ca7-8e0f-78166ba02f30,collected_amount,0.0
case,a67c0b14-770b-43aa-954c-5852368e67fd,target_amount,1517.61
case,a67c0b14-770b-43aa-954c-5852368e67fd,collected_amount,0.0
case,38b5a631-94e3-491d-b6b8-2e0a136989e6,target_amount,3278.62
case,38b5a631-94e3-491d-b6b8-2e0a136989e6,collected_amount,3278.62
case,939dd91b-ef27-419b-a94e-1581e7a0b98a,target_amount,2156.19
case,939dd91b-ef27-419b-a94e-1581e7a0b98a,collected_amount,2156.19
case,40801635-e02d-4323-9a5b-8381d613555b,target_amount,3636.17
case,40801635-e02d-4323-9a5b-8381d613555b,collected_amount,0.0
case,c57fa3a0-9f9a-4034-850b-708d4091f181,target_amount,2737.69
case,c57fa3a0-9f9a-4034-850b-708d4091f181,collected_amount,2737.69
case,8731769b-8548-42c9-a7df-31767b32cebd,target_amount,78465.03
case,8731769b-8548-42c9-a7df-31767b32cebd,collected_amount,0.0
case,bdeb6756-f0dd-4437-8ca2-0a6368f11396,target_amount,178276.87
case,bdeb6756-f0dd-4437-8ca2-0a6368f11396,collected_amount,178276.87
case,a8651e2d-af97-4fed-860f-9b4d12d1c472,target_amount,95446.96
case,a8651e2d-af97-4fed-860f-9b4d12d1c472,collected_amount,76302.7
case,26347393-051a-4f58-9258-a0b6b1b47360,target_amount,15146.49
case,26347393-051a-4f58-9258-a0b6b1b47360,collected_amount,15146.49
case,4fe1bc06-615d-467a-b1b4-5a8e52e735c0,target_amount,101959.8
case,4fe1bc06-615d-467a-b1b4-5a8e52e735c0,collected_amount,101959.8
case,ab5d1e55-44aa-4f54-b94e-55fcdf4bac01,target_amount,120982.91
case,ab5d1e55-44aa-4f54-b94e-55fcdf4bac01,collected_amount,115195.41
case,b8229b8e-ad88-42eb-a6a5-3bad34066859,target_amount,26609.8
case,b8229b8e-ad88-42eb-a6a5-3bad34066859,collected_amount,10634.61
case,2abb2db2-c967-4273-9fdc-c95bbc36897e,target_amount,60957.38
case,2abb2db2-c967-4273-9fdc-c95bbc36897e,collected_amount,0.0
case,6a22de15-0fec-4967-9bda-1224814a439f,target_amount,40933.65
case,6a22de15-0fec-4967-9bda-1224814a439f,collected_amount,37568.82
case,ca0dc962-7643-46e0-bd8e-8058f7ec6031,target_amount,32701.89
case,ca0dc962-7643-46e0-bd8e-8058f7ec6031,collected_amount,30142.75
case,5d4c1ba5-0ee7-4a62-ba5a-31a809e30c5f,target_amount,2399.64
case,5d4c1ba5-0ee7-4a62-ba5a-31a809e30c5f,collected_amount,0.0
case,96b2ecd7-e6ea-4112-af9d-af196d60c693,target_amount,6507.63
case,96b2ecd7-e6ea-4112-af9d-af196d60c693,collected_amount,6162.64
case,f1a6b125-9436-490c-b7e7-8e795219910e,target_amount,28117.03
case,f1a6b125-9436-490c-b7e7-8e795219910e,collected_amount,28117.03
case,3d6f3ec1-6eca-4bf6-86e7-a280a4b09ba5,target_amount,10121.89
case,3d6f3ec1-6eca-4bf6-86e7-a280a4b09ba5,collected_amount,10121.89
case,f7af24f5-aeba-4868-b1f9-ec794bbca1f3,target_amount,42183.72
case,f7af24f5-aeba-4868-b1f9-ec794bbca1f3,collected_amount,42183.72
case,b90a0302-1673-42d6-a484-0b5bc486f01f,target_amount,119127.18
case,b90a0302-1673-42d6-a484-0b5bc486f01f,collected_amount,119127.18
case,1c61f6d9-908e-440e-88be-7e3c2d4a6af7,target_amount,63429.61
case,1c61f6d9-908e-440e-88be-7e3c2d4a6af7,collected_amount,63429.61
case,ca0de548-83b9-4b80-912e-d26303ed7a70,target_amount,72662.22
case,ca0de548-83b9-4b80-912e-d26303ed7a70,collected_amount,64661.47
case,209ada90-3341-4870-a460-21158956474b,target_amount,29337.62
case,209ada90-3341-4870-a460-21158956474b,collected_amount,22314.08
case,c6916708-ef92-47ea-ace7-dafececb3f8d,target_amount,10128.63
case,c6916708-ef92-47ea-ace7-dafececb3f8d,collected_amount,10128.63
case,bf865e39-62f6-4616-af57-c6e4b50ab726,target_amount,27994.9
case,bf865e39-62f6-4616-af57-c6e4b50ab726,collected_amount,0.0
case,4e6ad45b-83bb-4791-af37-428f2793c8fe,target_amount,28734.27
case,4e6ad45b-83bb-4791-af37-428f2793c8fe,collected_amount,0.0
case,c51f6563-5046-42bb-bf26-f184cf0117b1,target_amount,52446.72
case,c51f6563-5046-42bb-bf26-f184cf0117b1,collected_amount,52446.72
case,80f5c6a0-0ebc-456b-b9dd-d9f9481b96c7,target_amount,194500.22
case,80f5c6a0-0ebc-456b-b9dd-d9f9481b96c7,collected_amount,106002.14
case,a2e9c642-b032-4b68-bc31-c4484e11410c,target_amount,11302.0
case,a2e9c642-b032-4b68-bc31-c4484e11410c,collected_amount,11302.0
case,9b6a6612-0467-4542-8742-767cc7d146ab,target_amount,9792.48
case,9b6a6612-0467-4542-8742-767cc7d146ab,collected_amount,9792.48
case,cb2aff7e-8a25-4539-b666-eb2ee3cd72bd,target_amount,4453.9
case,cb2aff7e-8a25-4539-b666-eb2ee3cd72bd,collected_amount,4453.9
case,91fcc147-3dca-4dcf-a5a3-ef0e719ec278,target_amount,12695.88
case,91fcc147-3dca-4dcf-a5a3-ef0e719ec278,collected_amount,12695.88
case,58dc883f-2557-43f5-ad16-d57ab937894a,target_amount,13346.14
case,58dc883f-2557-43f5-ad16-d57ab937894a,collected_amount,13346.14
case,c575af07-94bb-4d63-bfb2-b948d3f6c44f,target_amount,14956.16
case,c575af07-94bb-4d63-bfb2-b948d3f6c44f,collected_amount,0.0
case,e3786997-9b28-4d02-8a35-e3d8dd695140,target_amount,2832.54
case,e3786997-9b28-4d02-8a35-e3d8dd695140,collected_amount,2377.69
case,84fc47d7-5436-4a7c-8322-8e396301c34e,target_amount,81150.67
case,84fc47d7-5436-4a7c-8322-8e396301c34e,collected_amount,81150.67
case,1fc4c4bb-c8da-4f77-b86f-045c1c7d83d6,target_amount,174888.64
case,1fc4c4bb-c8da-4f77-b86f-045c1c7d83d6,collected_amount,0.0
case,aa23546a-7670-42b0-a92a-fe486a2df10a,target_amount,121691.11
case,aa23546a-7670-42b0-a92a-fe486a2df10a,collected_amount,121691.11
case,03aa1f4a-1b3a-48e9-af7a-31998ff0502d,target_amount,2573.87
case,03aa1f4a-1b3a-48e9-af7a-31998ff0502d,collected_amount,0.0
case,92fd067c-7181-4425-9ede-646dc6a10d0b,target_amount,2242.83
case,92fd067c-7181-4425-9ede-646dc6a10d0b,collected_amount,0.0
case,0a76aae6-22f3-4ad9-935f-90bbfb3e0619,target_amount,170002.67
case,0a76aae6-22f3-4ad9-935f-90bbfb3e0619,collected_amount,0.0
case,7e11458d-c812-46e8-af48-d562d3b7d4a6,target_amount,7695.93
case,7e11458d-c812-46e8-af48-d562d3b7d4a6,collected_amount,7695.93
case,1484c2d5-18ee-4af6-88c4-26cd52210993,target_amount,3075.67
case,1484c2d5-18ee-4af6-88c4-26cd52210993,collected_amount,3075.67
case,87d59810-fe9a-4652-ab81-81c3f3b520fc,target_amount,11975.77
case,87d59810-fe9a-4652-ab81-81c3f3b520fc,collected_amount,11975.77
case,e6b0feef-4ece-4716-8339-b9130ed25df1,target_amount,13381.9
case,e6b0feef-4ece-4716-8339-b9130ed25df1,collected_amount,13381.9
case,dd59d29b-4bd9-476f-9fae-75e5a5d1b921,target_amount,88712.51
case,dd59d29b-4bd9-476f-9fae-75e5a5d1b921,collected_amount,72362.9
case,ad0ffdb4-bb03-47da-b46a-07ccdcdf5194,target_amount,46109.12
case,ad0ffdb4-bb03-47da-b46a-07ccdcdf5194,collected_amount,0.0
case,32a8c32d-7900-41c1-8d25-c4cb0f69e4d1,target_amount,1372.58
case,32a8c32d-7900-41c1-8d25-c4cb0f69e4d1,collected_amount,0.0
case,877a1b0f-4c8e-4c17-89c2-12292609cba4,target_amount,26516.22
case,877a1b0f-4c8e-4c17-89c2-12292609cba4,collected_amount,21930.97
case,005c52e5-8036-448d-8886-d0a5b16f0f59,target_amount,56445.6
case,005c52e5-8036-448d-8886-d0a5b16f0f59,collected_amount,47207.02
case,dbab7860-646a-4de4-bbaf-f4240f81b396,target_amount,8418.48
case,dbab7860-646a-4de4-bbaf-f4240f81b396,collected_amount,0.0
case,c2419ff6-af1d-4cc0-bc6e-0c25860b1f41,target_amount,173606.66
case,c2419ff6-af1d-4cc0-bc6e-0c25860b1f41,collected_amount,0.0
case,0b5613f3-4573-48dc-827a-9e62be9e700e,target_amount,37896.68
case,0b5613f3-4573-48dc-827a-9e62be9e700e,collected_amount,31810.96
case,ec2d0174-395e-49ac-ad5e-65ed540f361e,target_amount,1334.17
case,ec2d0174-395e-49ac-ad5e-65ed540f361e,collected_amount,0.0
case,be17e49c-000f-47f9-ab77-041d069a8b56,target_amount,63922.24
case,be17e49c-000f-47f9-ab77-041d069a8b56,collected_amount,63922.24
case,89f8b248-8afd-4a94-beb6-49f6c3754d45,target_amount,7710.06
case,89f8b248-8afd-4a94-beb6-49f6c3754d45,collected_amount,7710.06
case,34f3a5ea-99d1-48df-a34f-dc3e858ca7a9,target_amount,2857.71
case,34f3a5ea-99d1-48df-a34f-dc3e858ca7a9,collected_amount,2857.71
case,4e425530-fd04-49ef-881b-32ceb1e29975,target_amount,14667.84
case,4e425530-fd04-49ef-881b-32ceb1e29975,collected_amount,0.0
case,842412e8-15a4-4d91-9029-0234aa59abfd,target_amount,30613.59
case,842412e8-15a4-4d91-9029-0234aa59abfd,collected_amount,0.0
case,8a28733a-81f2-4573-bf50-b4c6edba785b,target_amount,83340.92
case,8a28733a-81f2-4573-bf50-b4c6edba785b,collected_amount,0.0
case,966b3a4f-c1ca-427e-8c76-d394ca8bd8d3,target_amount,20510.1
case,966b3a4f-c1ca-427e-8c76-d394ca8bd8d3,collected_amount,20510.1
case,139f3990-f0c5-4327-9d7b-698ae5e23033,target_amount,227893.9
case,139f3990-f0c5-4327-9d7b-698ae5e23033,collected_amount,0.0
case,7ca8c218-7e88-4ee8-b17a-f8748618f9e7,target_amount,58193.34
case,7ca8c218-7e88-4ee8-b17a-f8748618f9e7,collected_amount,29043.46
case,926d3f1b-7182-4e53-b077-deaf2fec322e,target_amount,13383.92
case,926d3f1b-7182-4e53-b077-deaf2fec322e,collected_amount,0.0
case,b71d3bd8-3f3d-46d1-8582-16b013a8d03d,target_amount,26056.32
case,b71d3bd8-3f3d-46d1-8582-16b013a8d03d,collected_amount,26056.32
case,277a9da8-811c-4ca5-85cb-f8a559a10c65,target_amount,32880.08
case,277a9da8-811c-4ca5-85cb-f8a559a10c65,collected_amount,32880.08
case,8b280147-6af2-4e13-a908-6a2f86128349,target_amount,20321.26
case,8b280147-6af2-4e13-a908-6a2f86128349,collected_amount,20321.26
case,ce4fc42a-0193-4857-b8b0-5e0d22d93fe6,target_amount,24870.24
case,ce4fc42a-0193-4857-b8b0-5e0d22d93fe6,collected_amount,24870.24
case,d2d794a1-3672-45d6-ad51-a1ed39daed56,target_amount,3062.83
case,d2d794a1-3672-45d6-ad51-a1ed39daed56,collected_amount,3062.83
case,2423e23e-c503-48ed-bd5a-a3975b02d085,target_amount,8564.67
case,2423e23e-c503-48ed-bd5a-a3975b02d085,collected_amount,8564.67
case,a752858e-d463-45d7-9aff-1868f423c08c,target_amount,42370.13
case,a752858e-d463-45d7-9aff-1868f423c08c,collected_amount,42370.13
case,bbe96eb6-3396-4262-b8eb-dc2fee7ddd9f,target_amount,10013.04
case,bbe96eb6-3396-4262-b8eb-dc2fee7ddd9f,collected_amount,10013.04
case,4af9921c-9c9a-48e4-be92-a91fda622f2b,target_amount,13216.15
case,4af9921c-9c9a-48e4-be92-a91fda622f2b,collected_amount,13115.1
case,b44d9845-a110-4fd3-b29f-772af0ac4fec,target_amount,5376.54
case,b44d9845-a110-4fd3-b29f-772af0ac4fec,collected_amount,0.0
case,964f7c46-2a07-42a4-a431-767d0bae94bb,target_amount,35841.03
case,964f7c46-2a07-42a4-a431-767d0bae94bb,collected_amount,15379.85
case,f7e9d62a-7578-4e24-97e8-7c5be5cb42ac,target_amount,33486.98
case,f7e9d62a-7578-4e24-97e8-7c5be5cb42ac,collected_amount,33486.98
case,165b7cb2-5601-48c6-a255-a94d78031e60,target_amount,3700.89
case,165b7cb2-5601-48c6-a255-a94d78031e60,collected_amount,0.0
case,81a526e2-3990-4e09-b07a-049b311b4072,target_amount,8356.57
case,81a526e2-3990-4e09-b07a-049b311b4072,collected_amount,8356.57
case,9a89d221-937b-4e5c-8e56-86cc5261a4c7,target_amount,67219.93
case,9a89d221-937b-4e5c-8e56-86cc5261a4c7,collected_amount,67219.93
case,11a9c6df-ad17-4697-a827-b3ff241e4530,target_amount,606.81
case,11a9c6df-ad17-4697-a827-b3ff241e4530,collected_amount,606.81
case,2fc06593-4740-4714-bf33-b3e7b2620054,target_amount,179786.86
case,2fc06593-4740-4714-bf33-b3e7b2620054,collected_amount,179786.86
case,a02c182c-26e0-4a15-9618-c8ba98a3ac46,target_amount,6299.19
case,a02c182c-26e0-4a15-9618-c8ba98a3ac46,collected_amount,6299.19
case,b4bcc423-98c5-4c1a-b4ba-619ad678910f,target_amount,5105.95
case,b4bcc423-98c5-4c1a-b4ba-619ad678910f,collected_amount,0.0
case,5b5d3f98-2180-4865-ab2d-6be53e6be2a9,target_amount,14538.56
case,5b5d3f98-2180-4865-ab2d-6be53e6be2a9,collected_amount,13693.46
case,394352eb-40dd-4a95-b7a1-5fb46e6ebd74,target_amount,2789.51
case,394352eb-40dd-4a95-b7a1-5fb46e6ebd74,collected_amount,2347.86
case,ccf5cd35-5af5-476b-940c-5d0361b945bc,target_amount,1600.31
case,ccf5cd35-5af5-476b-940c-5d0361b945bc,collected_amount,1600.31
case,d0f3d701-d1e0-460e-a589-4653472a491b,target_amount,106765.7
case,d0f3d701-d1e0-460e-a589-4653472a491b,collected_amount,103953.29
case,734df75f-a710-4580-9f6b-860a6956e8e2,target_amount,1353.21
case,734df75f-a710-4580-9f6b-860a6956e8e2,collected_amount,0.0
case,9185b404-ac2f-4b3f-89aa-2a9952df16fb,target_amount,131089.06
case,9185b404-ac2f-4b3f-89aa-2a9952df16fb,collected_amount,0.0
case,fc5fe2fa-9b0c-4341-b09f-f052b7726345,target_amount,26021.13
case,fc5fe2fa-9b0c-4341-b09f-f052b7726345,collected_amount,26021.13
case,1cb3d96c-5888-432c-870e-714507269363,target_amount,74899.87
case,1cb3d96c-5888-432c-870e-714507269363,collected_amount,74899.87
case,4df45b7d-97fe-4dd8-a401-1084b36d43f1,target_amount,928.76
case,4df45b7d-97fe-4dd8-a401-1084b36d43f1,collected_amount,928.76
case,97056116-4237-4d64-ba8e-9741ffe33fab,target_amount,5276.01
case,97056116-4237-4d64-ba8e-9741ffe33fab,collected_amount,5276.01
case,9b562759-5c7f-4aeb-be8c-8ce8dd68c330,target_amount,18013.12
case,9b562759-5c7f-4aeb-be8c-8ce8dd68c330,collected_amount,14116.74
case,7f652b3c-97b3-489b-b19a-284d671c061d,target_amount,1341.98
case,7f652b3c-97b3-489b-b19a-284d671c061d,collected_amount,0.0
case,baa0a3d6-2ed5-4fd1-8508-46116e9cdb3f,target_amount,43553.76
case,baa0a3d6-2ed5-4fd1-8508-46116e9cdb3f,collected_amount,0.0
case,b7807bf1-ac0c-40de-87d1-d5cc6ad31335,target_amount,4797.19
case,b7807bf1-ac0c-40de-87d1-d5cc6ad31335,collected_amount,0.0
case,8b9a2604-4aba-41c3-a569-3bc9f1d07168,target_amount,219397.73
case,8b9a2604-4aba-41c3-a569-3bc9f1d07168,collected_amount,0.0
case,7bd447a1-3659-4eda-a558-5383c7cebdfc,target_amount,2207.83
case,7bd447a1-3659-4eda-a558-5383c7cebdfc,collected_amount,2207.83
case,a23520af-090d-483e-8565-ff1b6b09711e,target_amount,7686.22
case,a23520af-090d-483e-8565-ff1b6b09711e,collected_amount,7686.22
case,d6897c7a-dfb6-4503-8228-b5861a8a379d,target_amount,21800.07
case,d6897c7a-dfb6-4503-8228-b5861a8a379d,collected_amount,0.0
case,ac66f7cf-ee61-4c97-9db9-2ef6e35facbe,target_amount,87962.11
case,ac66f7cf-ee61-4c97-9db9-2ef6e35facbe,collected_amount,87962.11
case,7189b075-fd87-436e-a892-46976aa6bbd1,target_amount,21560.1
case,7189b075-fd87-436e-a892-46976aa6bbd1,collected_amount,0.0
case,e0efa5dc-8c0c-4d42-b51d-1596aee20ed8,target_amount,27869.42
case,e0efa5dc-8c0c-4d42-b51d-1596aee20ed8,collected_amount,27869.42
case,29dc3255-867e-47ac-9b60-7d27a7ae5c41,target_amount,35271.77
case,29dc3255-867e-47ac-9b60-7d27a7ae5c41,collected_amount,35271.77
case,e7bb8d0f-57fd-475f-a8c2-277932b8cc07,target_amount,2577.05
case,e7bb8d0f-57fd-475f-a8c2-277932b8cc07,collected_amount,2200.86
case,cce14ef2-1448-41bc-9117-373666b41230,target_amount,8555.64
case,cce14ef2-1448-41bc-9117-373666b41230,collected_amount,8555.64
case,617a7a6a-7b62-4af9-bd79-cd6932dd4c0a,target_amount,15434.32
case,617a7a6a-7b62-4af9-bd79-cd6932dd4c0a,collected_amount,15434.32
case,9382cec4-b298-4fce-8516-2dc935727921,target_amount,306784.69
case,9382cec4-b298-4fce-8516-2dc935727921,collected_amount,306784.69
case,af304ff6-67dd-4f78-a7ba-369864757197,target_amount,66397.65
case,af304ff6-67dd-4f78-a7ba-369864757197,collected_amount,62591.77
case,e1eb91ff-80da-4ec0-b126-653fa4c16477,target_amount,54967.46
case,e1eb91ff-80da-4ec0-b126-653fa4c16477,collected_amount,0.0
case,9a6b964e-872e-4f11-aaab-5169a8ec8d53,target_amount,5061.57
case,9a6b964e-872e-4f11-aaab-5169a8ec8d53,collected_amount,0.0
case,9f187eed-ad0e-401a-afb0-7d1b71fda30b,target_amount,18600.0
case,9f187eed-ad0e-401a-afb0-7d1b71fda30b,collected_amount,18600.0
case,529c6a4e-1f0b-4a52-ac81-5af402817e50,target_amount,818.45
case,529c6a4e-1f0b-4a52-ac81-5af402817e50,collected_amount,0.0
case,42179948-c504-4a0e-bd3d-d63ac011fc03,target_amount,152490.62
case,42179948-c504-4a0e-bd3d-d63ac011fc03,collected_amount,152490.62
case,b09bcc21-ce43-4ae2-a076-7ae065282484,target_amount,3589.14
case,b09bcc21-ce43-4ae2-a076-7ae065282484,collected_amount,0.0
case,8a6a5a70-6690-497a-b5c3-315b5ad7789f,target_amount,55500.0
case,8a6a5a70-6690-497a-b5c3-315b5ad7789f,collected_amount,0.0
case,aec51496-5e60-4d0d-82cc-e74bc7dd32fb,target_amount,17300.0
case,aec51496-5e60-4d0d-82cc-e74bc7dd32fb,collected_amount,17300.0
case,983a10de-c757-493e-859f-bdbc533cd8d9,target_amount,94500.0
case,983a10de-c757-493e-859f-bdbc533cd8d9,collected_amount,94500.0
case,97639cbb-962c-4c74-b331-0a695b556ef1,target_amount,88318.65
case,97639cbb-962c-4c74-b331-0a695b556ef1,collected_amount,88318.65
case,4d76689b-6d37-4f34-bdcf-0365937ea1de,target_amount,5009.02
case,4d76689b-6d37-4f34-bdcf-0365937ea1de,collected_amount,5009.02
case,947b56de-3e5a-448c-bd3e-d4644010c6d9,target_amount,35708.26
case,947b56de-3e5a-448c-bd3e-d4644010c6d9,collected_amount,0.0
case,a6ec0231-d847-4053-b2fc-0e7cbc5fb83c,target_amount,145145.06
case,a6ec0231-d847-4053-b2fc-0e7cbc5fb83c,collected_amount,143088.83
case,f7fc3f1d-ee12-422e-a805-0998744ab2e5,target_amount,70997.72
case,f7fc3f1d-ee12-422e-a805-0998744ab2e5,collected_amount,0.0
case,0f76db77-f023-41f8-bd7c-120685fcdd1a,target_amount,30625.78
case,0f76db77-f023-41f8-bd7c-120685fcdd1a,collected_amount,0.0
case,e80a94aa-0236-4aa8-a89f-20bdf14c0515,target_amount,10050.0
case,e80a94aa-0236-4aa8-a89f-20bdf14c0515,collected_amount,0.0
case,ffe94d1b-afe5-497e-bcb7-0fe8fbe13169,target_amount,22141.06
case,ffe94d1b-afe5-497e-bcb7-0fe8fbe13169,collected_amount,0.0
case,572d8401-b7ad-463e-a567-1de62fac03f2,target_amount,8100.0
case,572d8401-b7ad-463e-a567-1de62fac03f2,collected_amount,8100.0
case,e189709a-118e-43d8-895d-46c74f04c0c0,target_amount,50100.0
case,e189709a-118e-43d8-895d-46c74f04c0c0,collected_amount,0.0
case,3453e14a-d97b-4a57-a664-99abe04c98b7,target_amount,26700.0
case,3453e14a-d97b-4a57-a664-99abe04c98b7,collected_amount,25000.0
case,e3f86e57-454d-41e4-9c11-f64a8f17ca59,target_amount,22050.0
case,e3f86e57-454d-41e4-9c11-f64a8f17ca59,collected_amount,0.0
case,5c4e3b90-070d-4e8f-a66e-fe3b1a759d80,target_amount,85500.0
case,5c4e3b90-070d-4e8f-a66e-fe3b1a759d80,collected_amount,0.0
case,0e41dbcb-ffc9-4af3-961c-c81f66f4d3a6,target_amount,23400.0
case,0e41dbcb-ffc9-4af3-961c-c81f66f4d3a6,collected_amount,0.0
case,1537e7c0-22b5-4c9a-9037-4e22a3bb1573,target_amount,19250.0
case,1537e7c0-22b5-4c9a-9037-4e22a3bb1573,collected_amount,0.0
case,28fe9219-d650-493c-8599-9d6b612d5586,target_amount,32200.0
case,28fe9219-d650-493c-8599-9d6b612d5586,collected_amount,32200.0
case,4ddba4fa-d5fe-412a-9e59-abbfd88bf464,target_amount,73500.0
case,4ddba4fa-d5fe-412a-9e59-abbfd88bf464,collected_amount,0.0
case,36ce7c7b-b3e1-46f2-8ad1-75f73879c325,target_amount,5850.0
case,36ce7c7b-b3e1-46f2-8ad1-75f73879c325,collected_amount,5850.0
case,69f3815e-7a65-4036-bb6f-cc51adf67f2b,target_amount,127500.0
case,69f3815e-7a65-4036-bb6f-cc51adf67f2b,collected_amount,127500.0
case,cb2b92fc-05ae-4718-a5fa-614cf047f591,target_amount,18900.0
case,cb2b92fc-05ae-4718-a5fa-614cf047f591,collected_amount,18900.0
case,a7430508-cd1f-4fa1-ac5a-ac37aaebaf92,target_amount,43500.0
case,a7430508-cd1f-4fa1-ac5a-ac37aaebaf92,collected_amount,40000.0
case,afe616d9-16c5-4bd2-b6fa-774fae54c02c,target_amount,15600.0
case,afe616d9-16c5-4bd2-b6fa-774fae54c02c,collected_amount,8870.73
case,adaf7d4e-1d31-43ac-98b5-3161a6cd7b92,target_amount,92048.59
case,adaf7d4e-1d31-43ac-98b5-3161a6cd7b92,collected_amount,92048.59
case,e77a9c4a-5d98-40f8-8572-65675453547a,target_amount,79113.7
case,e77a9c4a-5d98-40f8-8572-65675453547a,collected_amount,79113.7
case,9c26b8c1-747c-4c58-96b4-ba720605bd2f,target_amount,15096.16
case,9c26b8c1-747c-4c58-96b4-ba720605bd2f,collected_amount,14012.77
case,eaceb9e9-1acf-475c-9079-5dc7a0db9206,target_amount,107724.47
case,eaceb9e9-1acf-475c-9079-5dc7a0db9206,collected_amount,87485.57
case,b87e866d-4f49-4a1f-9ed7-57cdeb8a5665,target_amount,317612.69
case,b87e866d-4f49-4a1f-9ed7-57cdeb8a5665,collected_amount,120000.0
case,a3da8514-f1a1-401d-bcb4-62c525e9f52a,target_amount,4228.06
case,a3da8514-f1a1-401d-bcb4-62c525e9f52a,collected_amount,4228.06
case,42021baa-0ca4-4055-8217-d9d4f63cdb2e,target_amount,16800.0
case,42021baa-0ca4-4055-8217-d9d4f63cdb2e,collected_amount,0.0
case,da9743fb-702a-448b-8375-be2599014784,target_amount,44450.0
case,da9743fb-702a-448b-8375-be2599014784,collected_amount,0.0
case,730ac984-d6c7-461f-937e-36352adec2bf,target_amount,110250.0
case,730ac984-d6c7-461f-937e-36352adec2bf,collected_amount,0.0
case,7fa68fdc-8fb6-4811-89fe-76519d76eef6,target_amount,116708.49
case,7fa68fdc-8fb6-4811-89fe-76519d76eef6,collected_amount,0.0
case,577f98bb-d705-4134-8393-a6f6934e1e4f,target_amount,1056.74
case,577f98bb-d705-4134-8393-a6f6934e1e4f,collected_amount,1056.74
case,85267f82-1ce7-446b-93cf-fe7cd09f73f2,target_amount,47119.42
case,85267f82-1ce7-446b-93cf-fe7cd09f73f2,collected_amount,47119.42
case,16d0fd20-2989-4fb7-a4da-a4f025ababf3,target_amount,5448.9
case,16d0fd20-2989-4fb7-a4da-a4f025ababf3,collected_amount,0.0
case,09ea08d5-cb02-485e-8b6a-9f53944a694e,target_amount,54708.94
case,09ea08d5-cb02-485e-8b6a-9f53944a694e,collected_amount,0.0
case,5ca900a1-476b-4590-966a-61c7b16363fb,target_amount,29821.51
case,5ca900a1-476b-4590-966a-61c7b16363fb,collected_amount,29291.85
case,c47a39d3-26c6-4e16-8030-1465ffc627d6,target_amount,143855.54
case,c47a39d3-26c6-4e16-8030-1465ffc627d6,collected_amount,0.0
case,465bbd5c-6bf0-4c97-92eb-cb0d54da4747,target_amount,18448.51
case,465bbd5c-6bf0-4c97-92eb-cb0d54da4747,collected_amount,0.0
case,2bf297de-d5b2-4964-94bc-e67b9dcdef2b,target_amount,2309.08
case,2bf297de-d5b2-4964-94bc-e67b9dcdef2b,collected_amount,1857.69
case,faf49903-1264-4117-86f9-5eaf333333c1,target_amount,5868.36
case,faf49903-1264-4117-86f9-5eaf333333c1,collected_amount,4441.95
case,1cae2c8d-360a-47f3-9e06-5e0bf5b09470,target_amount,1582.75
case,1cae2c8d-360a-47f3-9e06-5e0bf5b09470,collected_amount,0.0
case,9044e2bd-36b2-42f2-b7b7-e461935fa985,target_amount,26257.91
case,9044e2bd-36b2-42f2-b7b7-e461935fa985,collected_amount,25558.93
case,2b3fe190-52e9-4307-bca1-7484d97e10de,target_amount,109183.45
case,2b3fe190-52e9-4307-bca1-7484d97e10de,collected_amount,109183.45
case,8fde9f37-749a-47d2-87f0-7fa71c1892fc,target_amount,2678.77
case,8fde9f37-749a-47d2-87f0-7fa71c1892fc,collected_amount,2673.06
case,fe9878c9-fb26-4b84-8124-952f04706816,target_amount,71344.94
case,fe9878c9-fb26-4b84-8124-952f04706816,collected_amount,71344.94
case,f5b8ffcf-835e-45f3-820c-7658bbcaa5ac,target_amount,216561.09
case,f5b8ffcf-835e-45f3-820c-7658bbcaa5ac,collected_amount,0.0
case,d35f16f0-cfc8-4958-ac31-eeaa51119197,target_amount,6601.26
case,d35f16f0-cfc8-4958-ac31-eeaa51119197,collected_amount,6601.26
case,883e2e22-4db1-4508-a5b6-c9cc7da127dd,target_amount,3318.68
case,883e2e22-4db1-4508-a5b6-c9cc7da127dd,collected_amount,0.0
case,dd021a3a-20dc-4947-8e81-4b2002f120f2,target_amount,160986.75
case,dd021a3a-20dc-4947-8e81-4b2002f120f2,collected_amount,160986.75
case,be420060-4b66-410a-a747-e88a79e18205,target_amount,26079.5
case,be420060-4b66-410a-a747-e88a79e18205,collected_amount,22391.48
case,6b0c8095-27f1-430a-9b63-5c7cc65434a8,target_amount,1469.19
case,6b0c8095-27f1-430a-9b63-5c7cc65434a8,collected_amount,1469.19
case,e4d46194-2b0e-4660-8eef-00dd32a4f522,target_amount,24180.98
case,e4d46194-2b0e-4660-8eef-00dd32a4f522,collected_amount,8249.63
case,1d09cd5e-7624-409b-9722-566194e3323b,target_amount,263661.32
case,1d09cd5e-7624-409b-9722-566194e3323b,collected_amount,120000.0
case,44186603-b821-49f6-8b22-503e07d52f3c,target_amount,799.63
case,44186603-b821-49f6-8b22-503e07d52f3c,collected_amount,799.63
case,24403420-689f-4151-9d59-bc3f5d3cec6b,target_amount,165010.18
case,24403420-689f-4151-9d59-bc3f5d3cec6b,collected_amount,0.0
case,3d468e06-4148-43e1-b38a-db924c889338,target_amount,26470.48
case,3d468e06-4148-43e1-b38a-db924c889338,collected_amount,26470.48
case,1c022ea5-644b-4107-921a-065c6303d789,target_amount,972.97
case,1c022ea5-644b-4107-921a-065c6303d789,collected_amount,921.88
case,5ddcba28-0f00-4e30-b083-baece89b7858,target_amount,11965.28
case,5ddcba28-0f00-4e30-b083-baece89b7858,collected_amount,11326.6
case,a00e37dd-6905-4720-9986-ad824c17097a,target_amount,3584.17
case,a00e37dd-6905-4720-9986-ad824c17097a,collected_amount,0.0
case,15e421fd-18ab-4223-a21e-3e66c3946339,target_amount,30376.64
case,15e421fd-18ab-4223-a21e-3e66c3946339,collected_amount,0.0
case,74b3f7e7-378f-45cd-96c9-9a2ecae6cf15,target_amount,7239.51
case,74b3f7e7-378f-45cd-96c9-9a2ecae6cf15,collected_amount,0.0
case,afb66245-a212-40b6-ad73-d68b5fd106d2,target_amount,14465.99
case,afb66245-a212-40b6-ad73-d68b5fd106d2,collected_amount,13992.9
case,c7bcf5df-0b3b-4ffc-a768-53ed82bac9e0,target_amount,22772.69
case,c7bcf5df-0b3b-4ffc-a768-53ed82bac9e0,collected_amount,20855.61
case,d746456f-7775-4027-9165-1ecce762e6cb,target_amount,40240.01
case,d746456f-7775-4027-9165-1ecce762e6cb,collected_amount,40240.01
case,07be6b9f-5f8e-4a9d-825c-6fdd353731b6,target_amount,3431.83
case,07be6b9f-5f8e-4a9d-825c-6fdd353731b6,collected_amount,3431.83
case,f957f6c4-9ff4-42f8-a84b-1178a06615ba,target_amount,316580.58
case,f957f6c4-9ff4-42f8-a84b-1178a06615ba,collected_amount,120000.0
case,73a72a08-c1b5-4ea1-9cd4-86f5753fdefc,target_amount,16596.69
case,73a72a08-c1b5-4ea1-9cd4-86f5753fdefc,collected_amount,16596.69
case,4cd6c121-79c6-4c9e-9b92-2572d136b91e,target_amount,18949.52
case,4cd6c121-79c6-4c9e-9b92-2572d136b91e,collected_amount,18670.21
case,c4a9556c-8149-4e19-a977-75a54bd4102b,target_amount,13506.19
case,c4a9556c-8149-4e19-a977-75a54bd4102b,collected_amount,0.0
case,41327fd8-83b0-44b6-91df-db6b2732543d,target_amount,3345.38
case,41327fd8-83b0-44b6-91df-db6b2732543d,collected_amount,3345.38
case,75e6815e-2b2e-4154-a00e-c537a2cad08a,target_amount,44587.46
case,75e6815e-2b2e-4154-a00e-c537a2cad08a,collected_amount,0.0
case,4861cc77-0523-4e2c-829a-462c06b586bb,target_amount,741.86
case,4861cc77-0523-4e2c-829a-462c06b586bb,collected_amount,741.86
case,62a2ab72-9406-4113-877d-ffae4cc392d3,target_amount,98752.68
case,62a2ab72-9406-4113-877d-ffae4cc392d3,collected_amount,98752.68
case,ba361b08-fc6e-4055-b010-b4addbd74044,target_amount,5330.27
case,ba361b08-fc6e-4055-b010-b4addbd74044,collected_amount,0.0
case,5c3011de-a1ea-4b75-a929-a5f531af11c1,target_amount,235701.49
case,5c3011de-a1ea-4b75-a929-a5f531af11c1,collected_amount,120000.0
case,44642872-d0a5-4d5c-a932-1c062ba032f3,target_amount,500000.0
case,44642872-d0a5-4d5c-a932-1c062ba032f3,collected_amount,0.0
case,4ca20273-3446-471e-87b6-c3d1a0175151,target_amount,44464.65
case,4ca20273-3446-471e-87b6-c3d1a0175151,collected_amount,0.0
case,4ff44f8c-0fa8-41f3-a212-bf502079203d,target_amount,12843.29
case,4ff44f8c-0fa8-41f3-a212-bf502079203d,collected_amount,0.0
case,5c6ffed0-30f0-4a0b-b65c-72a6741b078b,target_amount,1857.15
case,5c6ffed0-30f0-4a0b-b65c-72a6741b078b,collected_amount,0.0
case,881bbfa8-d547-4fe5-ab19-80ca670c4b55,target_amount,2935.28
case,881bbfa8-d547-4fe5-ab19-80ca670c4b55,collected_amount,0.0
case,7c212083-a481-4c99-86bb-f68143a9266b,target_amount,5959.1
case,7c212083-a481-4c99-86bb-f68143a9266b,collected_amount,5959.1
case,9c2c2742-538c-47a5-b4ce-393bf37ab97d,target_amount,78387.27
case,9c2c2742-538c-47a5-b4ce-393bf37ab97d,collected_amount,78387.27
case,2f6c83a1-b4af-454c-bac1-4e13d65435e2,target_amount,19070.37
case,2f6c83a1-b4af-454c-bac1-4e13d65435e2,collected_amount,16139.44
case,40924c9a-cb1c-4994-b4f6-91d8d73b8976,target_amount,191817.14
case,40924c9a-cb1c-4994-b4f6-91d8d73b8976,collected_amount,120000.0
case,8fa2a549-fa74-4fdd-9305-6119b67000e1,target_amount,17991.15
case,8fa2a549-fa74-4fdd-9305-6119b67000e1,collected_amount,16922.03
case,e6cfbe39-d688-47ab-a2d0-0c03a9796ce3,target_amount,9436.2
case,e6cfbe39-d688-47ab-a2d0-0c03a9796ce3,collected_amount,0.0
case,d94f5c6b-4f3e-49fc-ac84-65a66974c4f7,target_amount,6621.42
case,d94f5c6b-4f3e-49fc-ac84-65a66974c4f7,collected_amount,6621.42
case,e1ced437-5690-4273-87b2-869495f5e1cf,target_amount,27072.51
case,e1ced437-5690-4273-87b2-869495f5e1cf,collected_amount,27072.51
case,d8efd69e-760a-40ab-b5a6-4e1983d9a571,target_amount,93656.18
case,d8efd69e-760a-40ab-b5a6-4e1983d9a571,collected_amount,0.0
case,c066956e-1c3c-4e98-9da7-9d9410edf3e7,target_amount,107960.65
case,c066956e-1c3c-4e98-9da7-9d9410edf3e7,collected_amount,107960.65
case,da07f1f9-34df-4388-b0a1-67fe02530aa8,target_amount,57013.16
case,da07f1f9-34df-4388-b0a1-67fe02530aa8,collected_amount,57013.16
case,c721b712-1ed7-46f7-a0c7-344db42d0bce,target_amount,41660.91
case,c721b712-1ed7-46f7-a0c7-344db42d0bce,collected_amount,41660.91
case,ce5b2708-b882-4707-9eb4-09c2bb1cc04d,target_amount,1289.69
case,ce5b2708-b882-4707-9eb4-09c2bb1cc04d,collected_amount,0.0
case,ec73065d-e2ca-4ff7-adba-59d8bf842ef5,target_amount,106562.1
case,ec73065d-e2ca-4ff7-adba-59d8bf842ef5,collected_amount,106562.1
case,d781f855-2d18-4461-b9bc-3a7d05dbdc9c,target_amount,15836.2
case,d781f855-2d18-4461-b9bc-3a7d05dbdc9c,collected_amount,15836.2
case,d5efce0e-d02b-4078-a60e-f046b576201c,target_amount,7381.54
case,d5efce0e-d02b-4078-a60e-f046b576201c,collected_amount,0.0
case,feae20aa-4519-4755-ad34-77b819c7298f,target_amount,5278.59
case,feae20aa-4519-4755-ad34-77b819c7298f,collected_amount,0.0
case,f40373ed-becc-4de4-a878-f1e4e951e756,target_amount,8238.38
case,f40373ed-becc-4de4-a878-f1e4e951e756,collected_amount,0.0
case,f4c44574-de2f-4413-8af1-7a45d81cd148,target_amount,29265.32
case,f4c44574-de2f-4413-8af1-7a45d81cd148,collected_amount,0.0
case,eec21eda-489f-4d58-bf9e-3aace2acc70e,target_amount,4448.09
case,eec21eda-489f-4d58-bf9e-3aace2acc70e,collected_amount,4448.09
case,fd1fbad1-a7a4-4589-bd08-b106ed1d9895,target_amount,14260.93
case,fd1fbad1-a7a4-4589-bd08-b106ed1d9895,collected_amount,0.0
case,f1304f49-ec15-41f7-8ca8-9014ba280e6e,target_amount,96125.29
case,f1304f49-ec15-41f7-8ca8-9014ba280e6e,collected_amount,96125.29
case,fa4e054f-569d-49f2-a927-9048c52fb869,target_amount,17804.6
case,fa4e054f-569d-49f2-a927-9048c52fb869,collected_amount,0.0
payment,01155932-eb54-47b9-b238-d6633315873d,amount,50499.92
payment,fa45b71b-a496-40f1-9337-f72a535ec2c7,amount,8504.37
payment,67af2d7c-9a2f-4659-b7c0-f611a52f996e,amount,18031.8
payment,8907cff6-7d4c-4b31-a9a6-8a1e8456bb04,amount,72805.27
payment,ae5a79be-d920-441f-b77a-92e1bf3d0f53,amount,12790.09
payment,411a3229-78e1-48d6-9684-bed679ec1443,amount,11104.75
payment,1c7e3174-ba19-42f5-a063-c650ff90fe0f,amount,310090.95
payment,7e6dfd18-f828-43d6-a5df-18bd567536a3,amount,5959.1
payment,77317dea-3f17-435c-b5ef-c87990ee705f,amount,2087.01
payment,2c55435a-81ad-42b4-805c-f3373545eb0d,amount,120000.0
payment,3dcf7b60-867e-4262-bc2d-32579f8dfe82,amount,52960.26
payment,b8ddb084-7088-4586-8697-c940f6dc6f8a,amount,2912.35
payment,9a76ff81-1091-4f4b-bc37-2c8cec9d8a28,amount,33842.64
payment,215fb61b-d415-4dcf-ba90-c0f45eed95f4,amount,4448.09
payment,68269c5f-2cab-46ce-bf06-2a8bbbe231a9,amount,106562.1
payment,178f2db3-8942-44b2-af7c-f2cf875c63f5,amount,24155.99
payment,c06b9287-d2b7-458c-a68a-471a7abfa8a4,amount,38026.37
payment,155a1839-9d8c-488f-a328-d3a7729b5b7b,amount,6351.13
payment,45f12ce8-42a7-410b-872a-c660ffbf30ae,amount,26058.7
payment,e3792a65-03cc-4a4b-a082-d163fe7fadd1,amount,1592.15
payment,f7041f8e-d92e-458c-8f17-96e2e92ef8c8,amount,16516.01
payment,07dac9fb-d06e-4baa-89af-dca7d9294fdd,amount,6601.26
payment,c5dc790c-e848-4117-9a08-773b2040fbca,amount,24080.99
payment,91ec0d42-48a6-4e0d-ad22-5b2b52032904,amount,440.45
payment,37b116e7-2bf6-4901-a395-0df81af19eff,amount,22230.89
payment,30f16952-e0ed-49c2-8f07-d0303a3ba9ba,amount,44720.05
payment,9064e34d-b0d7-44cf-8c2f-bf8c095d24f5,amount,5663.16
payment,68dc70be-ef65-4bcb-84c9-2262a3157a47,amount,4448.97
payment,76de8423-88b1-4250-817d-17b643e48acb,amount,500.0
payment,343f754a-214f-444d-b97a-872a3d749637,amount,51658.15
payment,06446e9b-907a-46b2-8572-e7ceb0bc3783,amount,1752.63
payment,e981c642-3e54-437c-a4d3-cd8835dcd940,amount,23428.37
payment,a2260dbd-a640-43c4-a947-779e3f700acf,amount,2535.46
payment,13a55820-4c1a-4f81-beac-73a49b6f9bc7,amount,75558.49
payment,04e439ee-259c-4a45-ad35-a59e7a6c11a7,amount,3756.41
payment,24888209-424d-430a-bcc1-7c65a7662160,amount,1659.96
payment,87534ec7-3f84-4fa6-888a-f0c144eeb1e6,amount,40974.65
payment,4304331a-7bec-4dcb-8aee-58ef13406d93,amount,407.38
payment,d66c3454-4917-4039-b057-a41e73c813c4,amount,39768.03
payment,95128d48-76d6-4980-bb9e-5bc5e0427fc4,amount,120000.0
payment,d61d5e09-bdde-4249-ac95-5d2c7255c578,amount,34756.17
payment,298289a3-d73a-4da2-9be8-54fc0c194083,amount,3595.36
payment,b4ed14ed-cc93-42ff-8820-e86d59ae172c,amount,27692.95
payment,dec6caf3-5388-4cae-bfa8-755cc25d21e5,amount,13679.11
payment,50611277-d5a7-431a-9855-21b4cf80559e,amount,120000.0
payment,f33c9bba-0d07-4ea1-835e-296b73c6efd6,amount,40986.75
payment,27a5bcf7-331a-447b-b7ec-96629da8f062,amount,594.65
payment,408e68a0-81ca-4773-b911-086f5783ca91,amount,108094.11
payment,a61066ea-313a-4717-908d-3ddaca20a464,amount,19815.75
payment,404a9e3d-a23b-47a9-b4bf-76104e5199b8,amount,45963.52
payment,486e3999-4d65-4ca5-826a-b930aa11767f,amount,3814.0
payment,d16a57ae-de41-42c9-bd36-3a49441bc4bc,amount,67.2
payment,862404d3-08bf-44c9-b5ba-b11408b986cd,amount,2164.19
payment,e42530e8-dff7-4384-84b8-ccc6bf4a2032,amount,2281.07
payment,3defff2d-506a-4639-bd56-6624541c01d7,amount,917.08
payment,7148adaa-e005-4206-824e-384c8e65d53c,amount,263.97
payment,ea846c84-0eb2-44d4-8531-4bc06608c587,amount,2974.86
payment,5ca42c8d-7792-4f95-add9-67bb0e2f56be,amount,9213.71
payment,c71e1ff3-5252-4114-8987-3f56a79b5453,amount,741.29
payment,86995092-0d12-4edb-bf50-91aee7f41a37,amount,1040.4
payment,20f743d6-6373-4dd2-bd45-9b22225d4bc4,amount,54172.98
payment,313ff71f-0143-469b-acb8-4eb27fe99230,amount,51606.67
payment,72f7aaba-f562-48b2-b309-b4f462b40e86,amount,18130.4
payment,220bf956-f624-4fe9-a937-ee629c1e32d4,amount,2213.4
payment,cb08f053-7a13-427e-adb4-4a7c5a564717,amount,15648.04
payment,9c5c1c86-75c9-42b4-9a11-d65bd87f0307,amount,9694.14
payment,ad3daffb-4d14-410f-a25f-95f072e8a321,amount,32027.52
payment,76880a0f-49a8-406c-b52d-8602c0a584c7,amount,68266.03
payment,8620bb2e-d58c-40c8-ae85-671b2b22747e,amount,16037.87
payment,bfbb8216-6708-46f1-a81d-36343ad4b8b4,amount,4228.06
payment,bb0ad942-f781-48c8-a2dd-1c85280edc37,amount,1728.94
payment,4f3a6584-772c-4725-afb0-1ff8aff629bb,amount,70992.56
payment,4f0b52f3-5bbe-4227-986d-423e2cad2dc0,amount,21056.03
payment,d60fbc1d-5835-4f3f-a2a2-3aca0ed738eb,amount,11458.78
payment,3e496a3b-ff80-4f96-a8d6-3bb30c62c7f4,amount,1166.72
payment,6439cf2d-3d9a-4816-b7e7-f70168dfc5cb,amount,56855.57
payment,5721395b-7a23-499e-b4c1-26292041de9f,amount,26403.56
payment,4895ea5f-414b-445b-830e-98010825dfd2,amount,12307.43
payment,ea0da2bb-3c71-492f-87a6-6d00e3dd7fc8,amount,101555.18
payment,711009ce-7a48-4a9b-a8df-aedd9914c755,amount,2011.93
payment,073c58af-ac43-474d-b374-14b4a3019c17,amount,166.8
payment,da7e70cc-1d0c-4ca1-b457-ecce8fb792fb,amount,538.3
payment,b05d8fce-14c8-4d4f-9e8c-c67b990770b1,amount,51493.69
payment,535ae4fb-ef2d-483e-8d67-31ff2a705ddb,amount,2440.24
payment,b4d02eb7-eb94-462c-a2a8-78450b7a55eb,amount,367.97
payment,343c466d-2063-4731-891a-bc53234e00aa,amount,13835.89
payment,1913bb70-97e6-477d-baad-638d040f7918,amount,120000.0
payment,1a546bae-7c51-4b49-8a84-e56876a56921,amount,3083.73
payment,55f1e8aa-6742-474d-8eb2-6db261a4a228,amount,261.65
payment,d1f4bbec-e2f1-4d60-9700-42d9c1de1d17,amount,38378.7
payment,74f55df4-cd59-40d1-b5b1-14f8bd7cf6f9,amount,36272.58
payment,5f88ef18-50a1-458f-8695-d3b9c6425213,amount,797.52
payment,fb574c62-7297-4f6f-922f-e3d7582f9d76,amount,120000.0
payment,9594edd0-3990-4c7b-b7a3-99073b45d7d0,amount,73.47
payment,f35e4285-5978-4bf9-ace3-4af7d32714c6,amount,22435.31
payment,2f905a49-5834-4cd0-9cd1-da92bf69dd1a,amount,11795.51
payment,06db7ddb-cbe0-4955-a2fd-ab1a6a1e4e8b,amount,3427.15
payment,f2611d14-7ecb-411b-980b-cb8bee2a9921,amount,46227.69
payment,8eee8510-751e-4605-ad26-a31579f99b2b,amount,10839.54
payment,e3ebbac8-306f-4ca1-9bdf-bd3c0802cdd8,amount,22713.07
payment,389c5123-94e6-49be-8a28-b2f84b9bc332,amount,2951.57
payment,30337323-c2e7-4f17-a738-03436d8b176c,amount,27173.47
payment,d6f23d79-e97b-4813-853a-89b871f9aed3,amount,1487.52
payment,a59f253b-9a98-4ebd-bea2-79e62267d4f7,amount,1749.42
payment,e8c416e3-e764-4f17-9e00-416db7fb520d,amount,303.16
payment,53a0354c-8a78-4d05-b029-58707e0f197f,amount,10142.36
payment,6701c6a2-073c-40a3-bfdd-31b28f57672c,amount,64075.97
payment,2191167c-f2db-48ca-ad41-cc4d8debf516,amount,37233.81
payment,ae9242f0-937a-4161-8de5-1423484214ce,amount,402.28
payment,cfa50656-abb2-4db9-a9cb-87afdd9d7465,amount,64672.86
payment,90fc972b-67ac-4cd5-959b-e9000436dc65,amount,63301.61
payment,c0bce9f9-74d0-4056-9fe3-3df442954b7f,amount,120000.0
payment,c049055f-b0ca-4a7b-a659-d092b396f1cb,amount,2536.43
payment,984d0094-5d2d-42c5-ac61-e632e56c0cc9,amount,28219.97
payment,5cd4ee84-77c0-45b5-b258-6d732022a237,amount,1035.93
payment,9c4ea9dc-d530-41c0-9916-384805b112d0,amount,120000.0
payment,fbca5d49-3d44-4367-9b28-b591df241b4f,amount,5068.97
payment,0cac2470-b8c1-4e89-a107-532637eaea07,amount,40240.01
payment,940f0037-d84e-4f46-9144-2807b4b12e6b,amount,850.09
payment,fba18daa-3cd3-43c0-879d-6aed693af3f0,amount,197.57
payment,6f4e2a4b-6db7-446d-894d-08cccf6f6c54,amount,1340.88
payment,6e580b5c-8b9f-43fb-abb4-39d62da0e2bd,amount,17486.93
payment,b9e2608f-4618-4d91-ad23-8d77005c3599,amount,29432.19
payment,579a8a8a-9af5-44ae-9611-0f21eb4a2c32,amount,5018.4
payment,c000f7cf-92f4-424b-864c-eba2b5288f81,amount,16596.69
payment,c63795a1-0400-4911-82f9-0855acfa291e,amount,61626.46
payment,4b5a2e24-51a9-45fb-8203-27f430d687f3,amount,2148.58
payment,9942b185-c188-4226-9e65-56fcd1c6ebaa,amount,6800.4
payment,8ccab7e4-d08f-4789-8c11-318a0f36177a,amount,1486.93
payment,f62d7ed7-3395-44ce-8e31-e586231c530f,amount,2483.38
payment,2a60fe1e-c155-45f2-ac34-37332269da88,amount,41078.28
payment,d7b53964-3a80-43e5-b61e-c3f392595129,amount,12647.61
payment,47b56db5-85fb-4214-aaa3-f214d36ce915,amount,1220.03
payment,6b73efeb-8b8b-493a-9e1a-43fd676669e8,amount,120000.0
payment,e6d372ab-f81c-4db7-a111-6eb881fc955c,amount,2737.35
payment,35d5a135-ab99-4e6c-867b-d3299624642b,amount,48610.91
payment,1a282a02-e7c1-492c-9056-c30970d8f699,amount,3080.3
payment,1552fa8a-5acf-4ea8-9c88-91132945d095,amount,86806.19
payment,dfad1be4-9ecd-4378-a9e1-b362256c1c1b,amount,660.73
payment,41b13e47-68e3-404b-b04d-ef3293d4dedf,amount,9791.31
payment,9b084331-9f48-42e9-b28b-3f803ffd24d2,amount,36269.86
payment,d5415b3c-3e47-4d50-a8d7-dbced656146e,amount,4415.26
payment,a707a645-f027-4c36-96fc-d0f0188390e7,amount,187026.07
payment,ff7d55ac-0506-4ad2-b81b-3390874578c4,amount,55623.22
payment,4d10d683-af58-4c23-a6a9-402fe62be168,amount,17786.38
payment,d76112ec-6375-41e1-b8ad-f46b9480a959,amount,120000.0
payment,c7653bdb-fcb7-49e9-a736-92763542c070,amount,9818.36
payment,d163a737-92b6-4d5d-86f2-af1f4989ded3,amount,41601.67
payment,1da2dffb-37b1-4b8a-8ee8-8fedb1e0de1a,amount,4134.75
payment,2082ada9-8272-412a-9338-fc3a37be6497,amount,485.88
payment,f37f0313-37bc-4edf-a9ce-e5f38986ae7c,amount,894.53
payment,afda05cb-4deb-49f2-bdc8-921efdd03739,amount,31120.11
payment,5e3b1d42-7105-4989-98ba-cab3f8c69a25,amount,7587.55
payment,54902688-fa16-42b6-bf13-5bf6d6b478a0,amount,2227.7
payment,c80250d7-d777-4335-b7f1-3a7d34c7d395,amount,8287.9
payment,1325eaa8-f2ed-4be8-9b3b-a05076cf9633,amount,120000.0
payment,ea6316a2-c5c9-4a51-bb20-22f97add1dec,amount,120000.0
payment,b84200a0-d184-42db-87e5-2004caae6ed1,amount,1696.26
payment,1351b265-a00d-43df-9f9b-667a97fd7eea,amount,3424.34
payment,1099e55e-1424-42c7-ac07-d6154161ac6c,amount,70041.58
payment,adff3181-48ea-4d7a-9795-56d47eeea438,amount,55719.02
payment,1480bf02-c2eb-4c34-8ef7-37fa666f9059,amount,5890.37
payment,cfc109cf-f5df-461c-8ec2-2f1167b2ce7b,amount,577.33
payment,c2e25b09-50a6-4db0-9cba-bf10644232f6,amount,6072.22
payment,56c6ee5a-d986-4314-b5f8-b82c7f042040,amount,120000.0
payment,931c9591-9d84-4dc5-921d-3dd0c54db353,amount,54383.7
payment,ace08baf-8b71-49c6-9096-04d342249656,amount,6636.05
payment,d5fc5762-a7ea-4e54-b190-5b180884ddd6,amount,17032.58
payment,1672620e-3e71-4ece-bab8-c8a7a9e056d8,amount,605.03
payment,31896a46-93da-442b-bf66-0952fe098409,amount,69255.55
payment,1914d954-2e0c-4992-ab3c-04f63766bcfd,amount,983.81
payment,ea53a07f-12ca-4327-b15f-ae3e2cc84426,amount,11428.77
payment,7836f282-dbb3-4fd0-8fc6-050d2c48d471,amount,7552.38
payment,f74c3d3e-3093-41d8-8cb6-6578ab06911f,amount,6606.53
payment,1eeb1dfe-52f5-47bd-accd-70ef8a57841e,amount,1520.2
payment,f0910c3a-a88b-425a-bb45-0db8f1a94aaa,amount,2802.63
payment,d1032cb0-c192-4d5a-82f0-37dda8752e18,amount,12864.04
payment,84ae5fd7-9024-4717-8fba-5962313774ca,amount,653.11
payment,a90eacce-67c2-4edf-b272-fa9e66454cdf,amount,76302.7
payment,b13e122f-df84-43b3-b114-078fb9cc7392,amount,2737.69
payment,6da6f4b9-b5dc-46b5-8bb0-f2d5a84a58ef,amount,178276.87
payment,2deb39da-2950-4e00-ae71-44ba638840d1,amount,15146.49
payment,c53eea7d-128e-4535-8f72-02177b1fa8a1,amount,79113.7
payment,4e138e23-34da-43e9-906a-61d397f9c082,amount,271.65
payment,032d2e15-8840-45ba-81f2-ad1ebbed3e76,amount,2156.19
payment,f057f048-17ca-437f-a7bc-b7bd82991f46,amount,33162.22
payment,b3f48d16-a789-473c-b80d-2fd12b215d1d,amount,119127.18
payment,93884b63-f051-4060-b1a8-0fb0a30df403,amount,42183.72
payment,08e3f448-b24c-4ff2-90bd-a104db885018,amount,10121.89
payment,25606e98-591e-450c-a5ef-310b17879bef,amount,28117.03
payment,ad96c721-babc-4293-9358-fff0691af4cf,amount,4453.9
payment,ea8c4e69-9433-4587-ab1f-c28757027f53,amount,52446.72
payment,4375ad5b-8e75-47ad-bb4a-e8419548aa1a,amount,10128.63
payment,665e93bf-bb48-4a3c-97d2-e1479d63e9ae,amount,9792.48
payment,2ba65016-4199-4b82-80bc-5515b9f1798b,amount,11302.0
payment,a04fc2c4-99b1-46f9-8ed5-7ddf2ca8fb71,amount,3075.67
payment,cf058832-483a-4905-a5e1-173232d48e24,amount,121691.11
payment,2157ba75-2e14-43a4-a263-e46ea19f91ff,amount,7695.93
payment,333323ad-18ff-4114-b740-5c89bbfe6e04,amount,13381.9
payment,74fd5d69-fdb2-4a7e-8083-c8792725bb14,amount,11975.77
payment,2a408511-231e-4417-942a-c033be074388,amount,47207.02
payment,b99cf287-c8d5-4b5c-968d-3d7e2409062b,amount,2857.71
payment,c85d3724-5ad1-4566-9db3-24cd1cfe08c0,amount,29246.39
payment,31b8edbb-00f0-4183-8f6f-37e8411cb762,amount,3062.83
payment,9e67fe7b-5219-4119-ab41-be305c39fcdd,amount,13115.1
payment,f2faa4b3-6134-47aa-b74d-240433fd6afe,amount,32880.08
payment,26d06547-04b2-4e0f-b672-3944344bc449,amount,26056.32
payment,9040591a-a002-485d-a896-683388eb894d,amount,20321.26
payment,3aa62dbf-e9ef-47f4-b535-c941255a2c3f,amount,24870.24
payment,92c47f5b-1395-4a32-b039-b645b08ab812,amount,606.81
payment,a22777c6-7d1c-464d-a102-a7f2ca6a81ec,amount,67219.93
payment,28a98126-d7b1-4f9d-8deb-6c43bb01f8e1,amount,25753.7
payment,0cc51524-e8ad-400c-9862-c42b7ade7784,amount,7733.28
payment,1e83cd35-2d3d-4c91-b505-bedbf724a68b,amount,6299.19
payment,d925d51c-4e9f-4345-9c9f-5a08f8776820,amount,8356.57
payment,66bfd520-3a9b-413d-b9db-4305b9a2ffe1,amount,13693.46
payment,d69aadad-bffe-42ca-82e9-651bde68c1f3,amount,2347.86
payment,5b9b7081-5974-4c1b-9fd2-24dfbf84c52e,amount,179786.86
payment,74fd2576-f0a0-4fd7-87eb-312166eb9369,amount,1201.14
payment,f0dabbcb-d7cc-4742-8763-7c0e3d7a84cd,amount,74899.87
payment,7f6febc6-f63f-4e30-9844-d4a902c45eca,amount,928.76
payment,b4e92951-dba9-4b2d-bb37-69d6017862ed,amount,87274.86
payment,ea96909d-07c9-496f-a1cd-b7b946ed1b4f,amount,5276.01
payment,aec859ac-8b6e-42df-bbd1-44e582517f4d,amount,7686.22
payment,106820d9-2d6e-4117-a594-37a0712809c1,amount,15434.32
payment,0605106b-9056-45e5-8878-34ebef80f84f,amount,35271.77
payment,d5c6437f-7432-452e-bb15-5b90ea3d1c9f,amount,306784.69
payment,79b2a0d1-8d0f-4094-a39e-a5fc0ba1bbdd,amount,120000.0
payment,03910779-c1a8-4f22-9535-9d527cda89bc,amount,5009.02
payment,16760b71-54ee-41b6-a051-a655568d20e9,amount,88318.65
payment,ec140399-df3e-4c88-8ad0-1672c0dd3f1b,amount,8000.0
payment,52471b57-18d3-4030-b75c-e0175b7e89b3,amount,5000.0
payment,7f3eabfd-1ce0-43fc-b8fb-b2ada0647781,amount,2000.0
payment,1f3e5591-19de-4566-a257-e18e7c3dff9e,amount,20000.0
payment,9adbfa30-39b2-4ce0-a053-0a02519358c1,amount,15000.0
payment,bcb5dc0f-8bc5-45da-b3b0-fb6c6ca19b6f,amount,10000.0
payment,271db9ef-19f0-4f48-9d92-7bfb414de029,amount,8000.0
payment,327b0986-b3fd-41e3-9d01-7f23020ac327,amount,50000.0
payment,93225927-21f6-4893-8e5d-973957a1eca1,amount,86500.0
payment,716e23bd-0441-4aa9-a700-d8bfcf60de73,amount,43692.51
payment,98373606-4955-4a0a-8092-569ec38fe51e,amount,31946.98
payment,f811a8c6-891f-4bab-ab6b-439702e66306,amount,3858.08
payment,1b37fce3-2dad-42cf-a9ac-4dbba10eaf47,amount,16922.03
payment,79a5ac11-46a5-47f0-b632-154220d39b0f,amount,120000.0
payment,881e54a0-fe4c-4bc0-94a8-4f824288650b,amount,1702.37
payment,5a6ff248-f04f-4a41-bccf-d09dd94b4fa0,amount,120000.0
payment,5e8eed0f-403c-4a97-ad0b-9a0be0f9b4b0,amount,17133.81
payment,9e29477f-67d4-4f16-961f-a09e645959f0,amount,120000.0
payment,83f67d54-38f8-46df-b3b7-8e860763974d,amount,6621.42
payment,596ba2b4-ec01-4fc3-961e-c7455d189c89,amount,115195.41
payment,d1d791ec-1eff-48b5-95ef-1355fe03b144,amount,5464.31
payment,82bc1f12-6291-4552-a9f0-c5023648cff3,amount,8564.67
payment,af765429-3969-4a9d-90bd-364b4d8a29a0,amount,20222.86
payment,0eaf94ae-b583-4078-8a15-0039be24a832,amount,6205.46
payment,8c7c7a22-434a-42b4-a4c1-35fa5933251b,amount,88124.87
payment,4fb925fa-aae1-4d2a-8c4f-08d7f536e010,amount,120000.0
payment,050a03d5-623c-479e-b1cb-54bd45bfefe7,amount,23555.98
payment,47c937d8-09f1-4110-8658-61144aecfc39,amount,25086.68
payment,307e1b91-0686-4d79-a7f1-22bfab7c1c41,amount,11533.57
payment,b7fec0af-261e-41af-9dd8-fe3eac385b3b,amount,158.75
payment,afce4349-da93-4796-b1dc-95d1f33982be,amount,120000.0
payment,025cbe7e-8a16-453f-8c6f-f82793519fc6,amount,87.48
payment,469a68d3-037e-454c-bad9-c35ed517ccea,amount,33432.22
payment,7f3933ff-44ec-4080-ba2e-4b4811f6236f,amount,96125.29
payment,befb8e39-2259-4268-be21-cc8010c9ec96,amount,2200.86
payment,0a20836b-284b-4b5a-b073-d4a10d157be0,amount,85.9
payment,67a403b2-efd7-494f-81ce-1edce0343806,amount,120000.0
payment,e77c2046-a8ee-4bf1-9d5d-2a753be945e8,amount,3898.38
payment,f6fc30de-f663-4859-8c53-6e42e91b7e4e,amount,2377.91
payment,752e62f9-2982-496a-9ef3-fde242781ae1,amount,20388.49
payment,5d0a307c-7928-4861-95f0-5ad267f0274b,amount,3172.85
payment,590bd73e-b905-4c65-9c2f-a3c6f4b71e32,amount,249.42
payment,1741d5ad-fd8e-4dfb-8d73-77df14a88320,amount,25380.79
payment,55531bda-5a02-4321-bb9e-e632e73dc157,amount,96680.01
payment,aa5859f8-71b2-47c6-9db7-a1291d7b59f7,amount,2336.06
payment,1233ebd5-9f27-4084-abb6-154d7e57364b,amount,1023.65
payment,a59337e3-b002-4353-983f-e945a27303df,amount,7409.42
payment,bf406fc3-723a-44f3-b449-f7f3bf289808,amount,21930.97
payment,db642ec1-d868-4b04-9a31-8829427763a9,amount,7135.62
payment,6ec1abee-9cd7-403f-a33a-eb11b6d379b5,amount,82220.41
payment,536ecfad-f6b3-4683-a3dd-ca006e06d297,amount,19802.82
payment,bb2eaf23-9109-4c2f-a7ff-362a28682271,amount,43701.43
payment,97a0452d-dcc6-408b-ab2e-49cdd8c528ea,amount,120000.0
payment,b59a48d9-15ea-40a1-9462-14f1ef45cbd7,amount,14116.74
payment,6dda4706-f64b-4513-864d-af70d51eaad6,amount,17486.08
payment,658fd39c-91a1-4aad-a4be-354cc32094c4,amount,22512.22
payment,d277d794-44e3-420b-bd6b-f76648c58b46,amount,110492.65
payment,e6a99a4f-18e5-46cd-95ad-22a7be511089,amount,4054.86
payment,ecf9c244-a70a-4bc0-8c91-f27c570ef0dd,amount,1094.59
payment,30972f44-968c-4bdc-8b9c-828343fc6608,amount,12825.02
payment,5a6a2eec-94ea-4418-be60-9507d4f7c253,amount,34787.47
payment,7e19832a-94e1-4660-840e-39572bf3e255,amount,1722.95
payment,f0b4a08b-5928-4920-949a-4f80b2a76e0d,amount,53589.23
payment,257424d3-1ea4-4357-ae4c-cbe8d47badbd,amount,3507.52
payment,ca0ccc57-e754-4554-91eb-82a9c45eaccc,amount,5895.47
payment,cfb4ffe1-5a74-48f2-9112-810b3aba6537,amount,46562.18
payment,30b8d068-de4d-4edd-82b1-7d4c5c323e89,amount,27573.61
payment,e5c27843-9ca8-46e3-9c6e-bae482e9ea95,amount,9687.55
payment,2ac984b9-c7dc-416c-a148-90bafc34f505,amount,26166.94
payment,91afa2a0-90d9-41eb-ac63-1781a328c04a,amount,78387.27
payment,f169cc1b-010b-486f-9d60-abf4f2db5b22,amount,87485.57
payment,607b52fc-32a1-44d2-b0db-22ee842ac6c8,amount,19741.14
payment,36ccfa84-a7ca-4c49-a6ff-e4edba5758e1,amount,120000.0
payment,f106cf79-2667-4aa5-b542-ded419431945,amount,63429.61
payment,853e6ee1-c0fd-4f9d-8f91-bafb14101699,amount,61213.99
payment,b15ccd8b-17cb-4fd1-b90e-42daa7c5cf86,amount,2687.26
payment,27911e52-994f-44ec-9c44-53119d3e0298,amount,18471.48
payment,0ff10974-ea24-4a22-9961-439cbd475c97,amount,1504.31
payment,67d98f76-723d-4eb9-8d64-4f4a2e98af9e,amount,34.37
payment,d1117a10-7d89-4530-80e1-164287adab2b,amount,114214.32
payment,8d7c0f13-3a1b-49fd-9a80-d8518ad27e4a,amount,2943.15
payment,e61b1a1a-8894-436b-8416-42ae56f658e6,amount,40209.45
payment,6d0a3a44-4bd7-489d-9fb9-865d2a9570c8,amount,16678.43
payment,951fee24-7e05-45ae-b6f3-c92354fcee11,amount,30142.75
payment,1a7ac11e-64b1-4420-97ed-4e9593213ff1,amount,500.0
payment,3a56c109-9220-4f04-924a-055b87bee62c,amount,2377.69
payment,f15c09a1-450d-423f-b585-53e5c3e4514b,amount,6490.68
payment,ac07522b-4c56-47c3-99b9-e844a23d8e7c,amount,8649.12
payment,d1a6d82d-c801-4911-b4de-e627ab995a00,amount,20731.1
payment,28185e2e-2a75-4306-98c3-e4b164788a93,amount,72362.9
payment,5ad6fd72-f290-44da-8b16-607bedd9b03d,amount,23119.16
payment,8a6dacfb-b73a-461b-bc97-499e1fed3849,amount,10816.81
payment,170be4ad-172a-4378-84ca-aeb5213908ae,amount,1664.23
payment,5044ac80-31fd-4d4c-8204-ee80a6cbf164,amount,49693.44
payment,38ad8346-6a52-40b0-8c13-200fc8a2454c,amount,82624.46
payment,7d90598d-b73a-494d-8b10-593ceae1d832,amount,149.9
payment,4aef53c8-3737-4940-a7b3-a1f8ab5f7ad0,amount,14464.09
payment,0ca46f66-ceb2-4364-a507-2d316c0fef6e,amount,8598.24
payment,53047643-74f1-49fa-88fb-680cdf36f683,amount,1561.13
payment,049a6ca7-261d-48cd-b850-0b68435d2652,amount,52700.28
payment,be4d01f7-e210-4a11-87a8-692adbd796bf,amount,57558.9
payment,edbecaec-ae28-478e-bf15-7a50caf3b860,amount,10013.04
payment,e8ac7e2a-3f30-4752-9f71-1637db3992b0,amount,4480.04
payment,d607c4e1-01cd-4213-bf06-5ca74df8bf4c,amount,52575.98
payment,b6933ec7-4412-41ac-8e70-5b9f0a996f45,amount,38474.28
payment,9e63652d-cdcf-4f65-a44f-d4d22c2ca11b,amount,7326.38
payment,ca240a1c-78ef-4b74-aeb0-b5f7321ac7a0,amount,101959.8
payment,e7f90eaa-1598-4585-ac01-3d2c678ca366,amount,120000.0
payment,24575450-2af2-4bd6-b0f9-b778bbca477b,amount,25041.98
payment,f63c2a33-b239-4ca8-9acc-2a0f700f9459,amount,11274.17
payment,c7c22773-79fd-4fc6-8e23-bb36946711d8,amount,3611.09
payment,b066dcc1-5002-4552-99b2-63e91d823a8c,amount,42370.13
payment,dde28dc8-5a50-4178-9313-609796da847a,amount,12695.88
payment,694c1b48-31d8-44b5-bff9-e71321e416f3,amount,15836.2
payment,aa8e6b9a-2770-4ac3-8f03-4af35e4463d8,amount,741.86
payment,70a8e5e0-62d8-4e0d-a6bd-1bf10b6e8cce,amount,98752.68
payment,a444873d-b873-463b-adb6-ce4811a531e3,amount,2314.27
payment,26105f6f-7114-404e-b580-1fc8a1be5ce3,amount,1309.58
payment,ae3c741c-eec1-4d75-9ae7-a0fdb7958d3c,amount,20662.0
payment,311873f1-f94e-41d0-a804-46551fbd15f2,amount,20883.01
payment,b1fd7b72-ffe8-44c8-b95f-6ff95ac50414,amount,4109.34
payment,5c7d55f5-b5ff-421f-9844-542f66297cf8,amount,3811.39
payment,3d850bfd-11c2-42ce-b152-54008162ded9,amount,2323.24
payment,6bee2738-fe22-403f-921e-991569535f4a,amount,9488.06
payment,f4b0dfa3-b2e3-4ea0-9ca4-d587b5b26421,amount,89357.52
payment,7d36011c-51a5-42e6-8132-0cd661c4f00d,amount,7414.57
payment,0854f0f2-6c77-4090-8180-611fbebf9570,amount,14202.64
payment,9fb50b08-e5d0-4ea4-a9bd-d29187293741,amount,120000.0
payment,1d40401f-9dd6-4f65-8263-1c5bc5dc090b,amount,23088.83
payment,08211657-ffb2-4dcc-9145-54ae4098c39d,amount,14381.51
payment,60cd48f1-3b8d-4101-b747-55f3a14f72a6,amount,120000.0
payment,8a1a4fe8-77eb-4671-bd20-8653a38f61cf,amount,108.41
payment,24805671-f270-4a5b-b167-c6c53c0aeebe,amount,66759.01
payment,a44859f2-4c5a-43fb-863e-6788b3337466,amount,112215.35
payment,8c135144-87b6-4228-bf1a-2b1045a87eb4,amount,3205.48
payment,a834a688-04ea-4665-9398-66d95293a6ac,amount,15968.9
payment,73c9d0d7-3f8f-4750-8d0d-9b78bb6fee0d,amount,4508.52
payment,0407e06d-6e38-4ad6-a929-700e1bf8d994,amount,4593.73
payment,1da7bced-5fc2-48b9-834a-fef5e4114524,amount,2084.45
payment,3cbccfdd-2030-47dd-9bd8-e1cf51098df2,amount,36876.11
payment,d0bc656e-a984-4678-a7fc-e6938631733c,amount,22483.01
payment,71333cf0-2e96-4c14-ba3f-86a7a1c8cfeb,amount,5162.33
payment,964b4bef-5deb-4414-9288-1b1c6fd04a3f,amount,9924.35
payment,d2a56b99-124a-4ae7-b89b-b878f82cffe7,amount,83744.62
payment,84ffd933-3973-4efb-a276-d36c48527cea,amount,3804.19
payment,eee20c8b-6e07-48a5-a6d5-82426b3aee52,amount,120000.0
payment,71a8f0cb-5b87-45bb-9e14-62fb3364b91f,amount,76423.16
payment,f14ba180-d3c3-4b41-8717-052e859ae1a1,amount,84795.44
payment,9e300531-3b71-4baf-b606-40ad4ee7be9c,amount,2015.79
payment,fe73ccb5-7ed9-4bb0-8827-b26232129c60,amount,28721.73
payment,ade5881e-4833-46c8-ab64-d8aafd9ae888,amount,11689.49
payment,328a5902-6ee6-43da-9b52-37fda0144c63,amount,1578.22
payment,20cd4eec-555a-46e5-92ac-62135a03ee33,amount,55850.55
payment,6036e3ca-4a50-44d6-9602-64a35025ffbd,amount,52267.26
payment,bda49937-3f9b-4496-bc05-748eb4d24ca7,amount,67695.71
payment,006061ce-a8ba-4d4f-9c86-5f56052097c1,amount,22050.05
payment,6b36cfc5-4f82-4814-a2dd-269c7d32923e,amount,22314.08
payment,3ca15fed-4330-4273-a2b5-40377f99c8fb,amount,1070.33
payment,3faab658-aad9-4b66-b603-94c7284c49e7,amount,2527.42
payment,a10361c5-d4d8-4b9a-af6e-34fb451b0725,amount,94221.22
payment,893c3357-55bd-431a-be14-076ed773d52e,amount,23327.96
payment,0dd9b820-076a-4f5c-b95b-0dddf1c731dd,amount,3817.48
payment,e04e3a75-6892-46fc-b208-e0d93c66bd79,amount,14113.35
payment,20be4a63-9743-49f6-bc88-f30702d4b2ca,amount,2352.37
payment,2e70189e-7fe6-4570-a7f1-72a6bd098b58,amount,78383.17
payment,e5e41fef-97cc-4c08-9077-6d4a40e587c3,amount,13735.42
payment,c1be7e9c-3bcb-4a29-a47f-72061a31a37b,amount,11086.83
payment,451c59c6-1b01-473e-995e-cf3e35d3ff8f,amount,17499.59
payment,adf0899e-ff9f-4219-9e83-0117cd93f0fd,amount,2557.62
payment,dd90a04a-a44b-41ba-90fe-70d3541742d8,amount,2138.93
payment,34d36b96-9747-45de-9ee0-a084d87834b6,amount,21088.65
payment,8cc10a54-c5d7-4bc7-968a-6322fbba2ab1,amount,1614.97
payment,a772c710-d2dd-4e25-8257-502de1959336,amount,13540.21
payment,5ea2d66b-bad6-466b-9744-6b16101be777,amount,152.01
payment,e3e34c78-115b-4e3b-a45d-33cb12024ff4,amount,4784.78
payment,6ccd8c25-ffa9-4131-a5f0-4f7ac6a26453,amount,3640.92
payment,a87f6060-464b-4f0a-bce0-02ed30fff06b,amount,7691.9
payment,9c6ce0d6-f458-4b93-ae51-23de69681aeb,amount,34864.61
payment,09f9cbd3-575d-447a-b43e-dc066f29c16e,amount,33264.12
payment,980dcf97-817e-4ab1-a18a-6011f1e5ee61,amount,25952.3
payment,8d2b0802-50d3-4c61-b513-97a5aa4ae511,amount,7269.35
payment,fdaffdc8-b8a4-41f3-9763-9fbfcdb85847,amount,1369.29
payment,57319f72-e2a9-4ef1-bd90-ae78437a1ade,amount,120000.0
payment,6d3bb2fd-f5a8-4222-83d2-0893dc340e53,amount,120000.0
payment,9cad3a3f-fc49-4977-a2f7-cafc99d1ec60,amount,120000.0
payment,846b184b-1445-47db-8114-42fc019a143b,amount,2403.24
payment,57d785d8-1a9f-4df5-bc3f-9a1deeb64105,amount,282.7
payment,319f35f3-2ef5-4f2c-941c-3865a99e8f14,amount,646.81
payment,eb33a920-4f5a-4baf-b860-bef775067dfc,amount,6162.64
payment,d7c292c0-d0e9-47b3-af51-0c3b74cfd6d4,amount,1495.2
payment,d9b6bf60-df8c-4e7d-a1a8-1e6d4c536af4,amount,62591.77
payment,d1a0c8bd-2792-4503-8262-9a712832e143,amount,14012.77
payment,b654cfcb-a2f7-4ad6-b3c9-e59fc2d45e5e,amount,120000.0
payment,db4c8a4b-8e7b-48e1-a9bb-1e7b82cd0738,amount,60670.48
payment,b279f76c-e8ad-425e-80fd-1ee26f32589a,amount,120000.0
payment,220bbf81-b9da-4dc0-b97b-291747214a97,amount,747.93
payment,6c300b4c-daea-4c52-b133-d52368fa6ef7,amount,11700.35
payment,1d0a19c3-f7fb-47f2-90a6-d6c8f5b09835,amount,45116.49
payment,627c3f2e-a94d-410e-b7d2-9f9902cf90f5,amount,26296.89
payment,4d643eb2-8432-4f12-b693-0768b9ffd137,amount,58462.05
payment,be9a5617-ed63-4c62-9e58-f7260896f15b,amount,68421.46
payment,2b58d470-b04f-4b3e-be4b-8c8a30719048,amount,120000.0
payment,1f570191-5359-4776-931f-b48e9e5f604a,amount,120000.0
payment,5d3f3e92-3108-466a-b125-b6b2b061c1c0,amount,120000.0
payment,01272c30-edb2-497a-b105-6ac8aa24d4aa,amount,1032.23
payment,a4753055-4520-44b1-90b1-4ae9b312218f,amount,52616.82
payment,6412d719-2cd5-4df0-8063-05467db7b7dc,amount,120000.0
payment,4c9c86a1-dc7b-4458-850a-23c8a150e591,amount,5102.78
payment,a302f9d4-0424-4b63-b555-81074558f884,amount,25558.93
payment,a97d979c-0d8a-4b28-8c80-5979cd64ca0a,amount,48519.88
payment,a51623ef-b7ae-4939-841a-f2a0d0862abd,amount,120000.0
payment,d53d57a4-9d06-4b7c-8d13-c5d4620ff4ed,amount,4616.81
payment,5dd286dd-9974-4d91-8490-6827dbf77f72,amount,35054.53
payment,287c2712-7262-4bfb-9e6d-52cbf8987910,amount,71264.62
payment,e4411b23-4431-4b1b-afd6-c86b6418872f,amount,14356.58
payment,0f6ee379-1520-4ff4-a5e9-b4aad30841bc,amount,83339.68
payment,2e8cd31c-f32e-4517-9e69-30e521b702fb,amount,68655.84
payment,924ddc2a-1f34-4929-9132-b8cbacfc13f4,amount,4441.95
payment,5b828bf8-6025-46ef-a134-321c69a9af81,amount,47502.27
payment,66f12058-695f-4ef8-8ca4-b946b5cae003,amount,20.81
payment,8ee7175d-8c76-49d6-9836-a6b404874a6e,amount,508.87
payment,76b28226-a3a0-47d0-bc25-a0a4c946972b,amount,47119.42
payment,c8902526-79e0-46f0-b8f0-c0841832dacc,amount,30225.95
payment,b443f779-e465-45c2-8519-c5820ffa38c7,amount,1857.69
payment,39545a90-1f8e-4fbf-885c-b7957d0554cb,amount,6625.13
payment,bc23d2d6-2192-4dbf-8b84-420f458cb9c6,amount,15379.87
payment,e4b13c71-69d1-4fbe-b1af-0edbaf9b461b,amount,48788.15
payment,0a91aab2-1192-4944-ab16-c18f1f57b4a1,amount,22391.48
payment,77815005-57db-4321-8788-19649e5afa1b,amount,3622.03
payment,88df0880-eed1-4297-b104-6a73dc8c7a5f,amount,1469.19
payment,49c0c00e-9564-4835-a112-351e1a085a90,amount,120000.0
payment,eb63c08b-25b0-4026-9535-a96ad056f9cc,amount,58.34
payment,58f08808-d089-451f-959d-e122d560f121,amount,30142.86
payment,1b561062-d57c-4d06-962d-3946e3600211,amount,485.8
payment,a2c4074f-e63c-4f5c-90b2-dab4b38b0470,amount,921.88
payment,57cfa86c-e843-42d9-b28f-c80b25717188,amount,40527.07
payment,502c73af-3e9d-4b22-9e13-63818936d795,amount,650.9
payment,ebca0b47-04ab-4c73-8ddd-12b679cadda6,amount,12882.14
payment,8920408f-92fe-4c78-815d-9794cf9eaee3,amount,31008.62
payment,5beabf8c-dd7a-4221-a41e-29767a0684a6,amount,500.0
payment,4fa0fa5a-65c6-40f1-9cc5-725b3eee2045,amount,188.24
payment,b525471f-803d-4b5e-bd35-939c69beea14,amount,120000.0
payment,c6414e14-d377-42fa-b7f6-e0064e8561f8,amount,26470.48
payment,c02e25cb-64f1-4f19-83bc-396dde5754c3,amount,64805.22
payment,9ad0d4c4-9ca7-49e3-849c-c87e90f868d8,amount,3431.83
payment,a5a8525f-bc3d-4d21-a2c9-58511abc9b05,amount,1040.22
payment,c52de767-e15a-4b10-a174-044ff6bad9ab,amount,118243.85
payment,fdae26e9-4cc3-43ba-ab04-9ecb13a55d0a,amount,120000.0
payment,9afbcaa0-f895-439f-b5d8-f4770138ecda,amount,19663.25
payment,58dd3598-b3b5-4bf7-a890-4bf7c332fd04,amount,18283.27
payment,984d0aa6-6f47-4c3b-866f-1945563e27b1,amount,3022.17
payment,183cd650-e5a7-4d78-9328-2274bd10e3c0,amount,11326.6
payment,a7cc5cb6-e2b2-4759-b2ff-4eeb86abcbbc,amount,13992.9
payment,805eb740-ec0e-4217-b011-a898b331d7bd,amount,16139.44
payment,9a376c02-6b99-4a57-a87d-ac5101b8fbe0,amount,120000.0
payment,ca7df77f-d4ad-481d-bca3-c126cef851fb,amount,7156.71
payment,05d6c7af-8ecc-4493-b2aa-13e38232bc7c,amount,18900.0
payment,74703afe-4f15-4154-ae3a-8154bd308db4,amount,8100.0
payment,c96e222d-ba9b-4dff-a26a-020f63b9c39e,amount,4300.0
payment,05943576-4248-4e94-8f9d-76aef6de6718,amount,34662.84
payment,0d48f915-5ce4-4169-b01a-9eab7737c009,amount,18837.88
payment,0e019a82-f1ce-4f10-9ce9-b4ee3e626dc0,amount,893.14
payment,194005f4-1ba4-4ff3-b7df-600541141fbe,amount,8021.77
payment,1d4c4d30-eaa9-469f-96ba-6a103316b150,amount,399.17
payment,2638eb93-d69e-4c5b-a7e4-cbbfed349c94,amount,120000.0
payment,26f11a42-2225-4fb6-a51e-c52285b427e1,amount,55682.44
payment,2734ba37-827a-4ae5-89c7-fb4ab412d222,amount,46344.0
payment,2b17ceea-cb6e-4306-aab9-8fcf380f615c,amount,8555.64
payment,2e79a48d-0fe7-4e32-8e46-dd165d4029a2,amount,27869.42
payment,32097596-fc19-44ee-8fed-29187ddb1d76,amount,7802.01
payment,34d9149a-4da9-49c1-9238-2786cca2f12b,amount,120000.0
payment,355d4bc6-44a8-4a10-ab79-9d853b61ca00,amount,3699.58
payment,460a9b18-f57f-4aad-bfe9-68620b01f436,amount,1196.48
payment,47296f37-21c6-409a-bd70-21eca0d9698c,amount,4098.78
payment,47f42b9f-968a-4d2e-b4df-199812b4d8e5,amount,19403.41
payment,499ba890-ca08-4b2b-84a3-f91154e7cd95,amount,15595.06
payment,531d5387-013e-4f93-bf36-ca46d48e4d72,amount,76244.38
payment,5349ee09-7bdf-490b-945c-ef5c13ceada8,amount,2566.43
payment,677f3cb7-c0ef-46e3-9f29-7e0a015927ec,amount,38601.67
payment,6a1963a3-461b-44f3-a2a8-5d2cb69e01df,amount,3006.97
payment,6e249046-1d36-49a7-a391-86dcd762ace5,amount,7710.06
payment,6f9e522c-5a3e-40d5-ae65-0e4b7f0582d8,amount,1648.48
payment,73e036b2-553c-4081-83cf-9a90f8a445c1,amount,46246.82
payment,87946703-9957-4731-ae3c-959ce36e5d08,amount,3204.77
payment,8e6e89a1-ac5f-49bc-b7c5-69ee01cc6dbe,amount,81150.67
payment,9034e362-7bb2-4eac-a83f-2725ba441673,amount,3583.46
payment,91be0822-e2b7-4ee9-a0ae-10106485e9c1,amount,17658.37
payment,968b31f3-dcb8-47c5-8e95-3460cd5b6e3d,amount,1766.73
payment,a7940209-96af-40e1-b9b6-0a4d90fb7784,amount,47053.19
payment,ac51dcb5-16e5-4ede-bfd3-e480d23d53ad,amount,441.1
payment,b67b45f4-8451-4486-b09d-b424117324e3,amount,208805.01
payment,c017dc72-0832-4c7e-b9a7-09e89397de50,amount,2412.08
payment,c5fe8805-0d02-47b5-b349-0be95ab44a04,amount,28657.41
payment,c6ab8b38-7cc1-48dd-913f-cedd4a9ab5be,amount,120000.0
payment,c6d5d591-679f-41f2-b052-7e3bf69b53a7,amount,20182.53
payment,c7c33752-0bd3-46be-8a64-95bff137ca70,amount,1578.57
payment,c8ae4eb6-5f3e-4282-8133-354733036b9f,amount,64661.47
payment,c9f4f91f-ee4f-42a7-b196-31678fbd2cd7,amount,2412.76
payment,d026942f-a4fa-4dbd-a5db-2080fb731e50,amount,120000.0
payment,d08f8780-acd3-4495-853a-0cc333569853,amount,22666.72
payment,d14e127e-dfd6-45d3-a047-b1249d4ebf59,amount,4190.65
payment,e17362fc-f432-4b02-a24f-d2c6748ac6f1,amount,13346.14
payment,e2e0f6be-871b-47f3-af26-dbf443829fc5,amount,20510.1
payment,e77fec9d-ac3e-4580-8014-e23a9c5510f1,amount,26021.13
payment,e7892392-927e-46b0-924c-bec909d25ece,amount,118074.37
payment,f72f78d2-1c2b-4171-8a5c-340dfc3746f2,amount,142855.12
payment,fb522301-a997-4254-90f0-2ed4cceeebe3,amount,23121.86
payment,86f330fb-9abe-4032-926e-17285949ef3a,amount,20000.0
payment,43840c3f-eb7e-4a1d-bba6-b07e0cf80e51,amount,3850.0
payment,aa6113f4-7466-4987-8a94-440b3197c220,amount,24768.45
payment,bc120df5-d384-470a-88d9-50d64651186b,amount,8708.57
payment,c0a64933-eb45-4523-b65d-670b3f01fdf1,amount,1889.57
payment,a4763299-3a19-41ca-b8ac-d46ea3cad139,amount,873.66
payment,2b34d4cf-b11c-4271-a2d2-0fa844e91713,amount,1911.32
payment,609e23e3-da48-4d16-a0d4-da055dd45cb7,amount,1366.06
payment,c4bf0e88-bde2-46ae-9d4e-42c9f024be39,amount,10378.76
payment,9f3fb3a3-95ac-4994-b071-9c03a0c6fc24,amount,33354.61
payment,0f6f611e-4cee-4882-bc33-7bfb2740bcb1,amount,107825.52
payment,b37861dd-2193-49c2-8a39-e3dd6a1618c9,amount,29447.96
payment,9ba22034-a40e-4e63-aecf-8a3136d789c5,amount,18018.74
payment,ee5e07fd-7ba0-4016-bcf4-f7897089d544,amount,2697.7
payment,d1aecc3d-2df0-4ab7-bd6a-abbf9716660d,amount,1350.7
payment,b1542d1e-0cc4-4ac5-9c22-d75eb7b6008f,amount,1581.52
payment,f70e24d8-5bb0-4d7f-aba9-c153103950de,amount,30042.96
payment,53b844d0-6a84-46ff-a46e-cfbd2b8e07d4,amount,1673.49
payment,5b930666-d7aa-46bb-8131-13601a927c63,amount,10441.12
payment,0597016e-bd6d-4d7c-b817-d1ee3e029e34,amount,24881.35
payment,23de8db4-e67d-49c4-8004-705cc82a72ba,amount,34849.93
payment,063c9d8b-11d1-4ed6-b33d-2ae7355e8f03,amount,2139.94
payment,d1f45d40-0e9a-4675-a4e5-7ba91ac92304,amount,282560.49
payment,dd0ff86d-5950-4e98-a786-d654c6d0f677,amount,4310.18
payment,1f0ce6e8-bb57-492a-86b2-a37d3faf7cd4,amount,1470.02
payment,89557330-4d84-4d7d-9c41-b564f307be1b,amount,5034.46
payment,c4c81ef1-6776-448d-9772-349b98866c81,amount,104234.28
payment,0cf6ea1a-7fea-4b8f-b207-9fa08ad62bf7,amount,591.81
payment,63484f1e-e921-4056-ad99-64d208d13477,amount,24751.7
payment,479ad67e-2978-426b-9818-f289508f961d,amount,8249.63
payment,822bcd50-8ac6-4a09-9f46-16a9cfd35120,amount,7250.43
payment,64737313-087f-4b99-94fc-16d99584f2d7,amount,1705.92
payment,d4359c1f-71e8-42fa-a90c-c0c01cb57094,amount,25843.77
payment,a2e5e4dd-3fc5-495e-85f2-3e3a511d995c,amount,10633.72
payment,46a85443-f867-4229-a596-ccb8d3f792da,amount,516.01
payment,21ea9290-d3a8-4dad-8b2d-6905d8a06123,amount,5668.18
payment,0bc2ccad-2210-444b-8519-73ff863369bc,amount,14647.24
payment,27a2c53c-3ec6-488e-a7c4-c20b88594c0b,amount,27934.55
payment,462b4632-4343-4e87-8178-9f8293c16ebe,amount,6178.38
payment,ff44f1b3-d915-4eee-a914-0788661bd0e8,amount,3798.3
payment,cb74bddc-d0ea-4b65-a64b-20886ca166f8,amount,28912.86
payment,0deae745-5f5e-4af5-8f06-06900c750219,amount,63022.84
payment,55e520b1-44de-437e-b4af-90955bae48cf,amount,43167.28
payment,2102ad07-465a-4729-83c2-0aa3281d6f76,amount,44324.11
payment,b04e49c0-1038-46ee-85d5-3ff89e7f5c22,amount,2346.55
payment,1d26e769-cf63-4362-8470-27ae505e3e3d,amount,1632.76
payment,b60f09da-e140-43d6-925f-731a3978d65e,amount,21243.12
payment,8d67b289-7970-46d8-91d4-124dd2a25859,amount,6642.09
payment,1ec0deb4-31c3-4b15-80bd-6b66a34ea9dc,amount,12502.27
payment,45c0051c-c817-44aa-b98e-c78535e823d3,amount,18600.0
payment,9ac740eb-2ac6-4c0e-a631-223af531f7a3,amount,8870.73
payment,4bb65b96-0e22-49d6-9c5c-9a5d55e9d8f4,amount,1912.69
payment,e4225c18-d95f-40d4-81e4-83612433cf90,amount,3201.56
payment,f27a48b5-4aee-41ea-9cff-b48043810dc6,amount,7396.85
payment,14502d32-0c69-4ca7-8538-d879a1441e45,amount,905.57
payment,905ad027-ecc4-4c08-a776-748d1a078007,amount,251182.78
payment,5d3380bd-c6e8-4473-bc5e-2661027928f5,amount,11386.51
payment,357db551-03c9-4501-a1cf-425c3b1fe36b,amount,13314.78
payment,a8040ed6-5464-42b0-be8f-6cdc7d80870f,amount,16169.69
payment,afce2d2e-a78a-4adb-811d-5122080a2f5c,amount,71344.94
payment,5416ede3-7e68-4040-a58c-e175ae3151ce,amount,29043.46
payment,c420c4ec-4c9c-4884-8580-cb535fe75afe,amount,7558.31
payment,41243c23-f8fd-4a43-8bc9-62f82af1168c,amount,394213.19
payment,b0c9dabb-db59-4d10-8120-eb6e4a174ac5,amount,671.24
payment,703935ba-ec43-4ede-ad75-8ddb45c2f7f3,amount,9360.29
payment,60e66ddd-15bd-4299-b286-cf56f191f0eb,amount,107960.65
payment,4f59e432-591b-480b-86d3-3d70a4c51897,amount,4406.6
payment,bf7b06a1-d23f-45d9-829d-83af92f7aead,amount,70901.14
payment,692efc06-14c5-4b6a-b39a-9f9229db5c79,amount,147387.73
payment,e7bb23b9-cf77-469d-b1c8-ee52a50b59c7,amount,571.43
payment,7e8903a9-9fb4-40b9-92b9-0d790bf0c6f3,amount,1306.05
payment,bf837a30-5609-429b-a8be-a0d8d1da93e0,amount,32200.0
payment,8537fe2c-bbfa-45f5-97f5-06803ac3a9bf,amount,65209.53
payment,6833bca5-9b1d-4185-9601-8d6b5b5f0b86,amount,46160.7
payment,eafb8615-d60f-4905-a081-200f2af706d0,amount,28947.87
payment,1918fcdb-af9c-480f-ba19-6d90cbc19914,amount,4850.54
payment,899b4af9-1a10-4216-bbfc-430d03bc1b53,amount,3770.64
payment,20db67f9-b70b-4550-9529-1361d753682b,amount,35078.64
payment,f5e052de-6237-4e07-ae96-273998bbb6d7,amount,65810.07
payment,37a7342d-24cd-4373-ac53-5ca8132d5499,amount,3274.11
payment,e785222d-41aa-476c-a64b-32e8e9fbc73c,amount,2950.12
payment,4782df24-0d1d-4b6c-9439-349d11ff132b,amount,40671.17
payment,f4b676e1-9cbb-4759-8024-ac71558d3ad7,amount,58816.25
payment,4867059b-a6ed-425f-ac85-38004854ca09,amount,7928.38
payment,aa10e701-f01b-4777-9818-0e84efefa61e,amount,29715.76
payment,10a9d613-912f-4c21-992b-4e0e7c4f463d,amount,2564.57
payment,82dd3224-0edb-486f-85a9-bd2246ffd91f,amount,106002.14
payment,09b67450-8a30-47a3-a991-13fd60689179,amount,2172.38
payment,07f57e39-854e-451a-a7ec-d2f7fadc2361,amount,175855.05
payment,f725280b-2a9e-48da-b084-a4bb1d89b986,amount,13612.91
payment,8426cd37-7006-4c98-9bed-836442fbc0d1,amount,60918.13
payment,40d901c0-1fe4-49e5-a145-90fe6c99d366,amount,2123.74
payment,bde3c1d1-9d6d-4dc6-b8a1-e14d29f9923b,amount,25904.37
payment,107f909e-3f34-46a3-829b-8af7b8486de7,amount,87962.11
payment,2d6e6989-d5b9-4c88-aab3-8e29e710e1a8,amount,31053.15
payment,c7231bcf-e566-4c48-bdd4-b8af9e3291f3,amount,1192.36
payment,0d8e3538-882d-4160-838f-d0a2d81bdcc7,amount,57013.16
payment,a81a61cb-c34a-4c85-a008-76d873b810b5,amount,26188.05
payment,b980073c-fae9-420f-9e27-680c6b343ea5,amount,837.67
payment,e1b7c1ce-631d-4699-99fd-bc927d10ad65,amount,32480.45
payment,32ed2f12-c5df-4a7a-b3b8-a34de6b8a0c7,amount,6623.05
payment,516844bd-4bfa-4300-a177-6495b8215188,amount,1240.2
payment,290d3dbe-5099-4d9c-9bf0-28d313d93503,amount,6554.99
payment,3b89d9e9-9d93-475c-b173-b89b2cd2c1fd,amount,89192.12
payment,076153ea-491b-4cc2-a003-fce1ab2a002c,amount,32579.08
payment,9a14c0ca-2e3e-4c4e-b9f5-e5b287a8013e,amount,127500.0
payment,4847f1a3-c4e0-47da-8c6c-51c0aa4ea38b,amount,888.86
payment,1e404a69-f914-42c7-9467-d0d6bf72f33b,amount,14475.37
payment,b072e17a-8c7d-496a-abcd-640044fcbfcd,amount,3746.14
payment,f5117c69-fb36-4cf5-b2b2-3648afc16867,amount,191899.78
payment,fd6496b8-ffd1-4842-a256-1c2f3649c395,amount,1618.52
payment,5115abb0-8fc3-4fe4-b153-bb499caf1dad,amount,19599.33
payment,f45c81ac-6319-4b9b-9565-6e77b78b3646,amount,8710.47
payment,e5cd26d9-afb5-47ab-ac89-b7ec2f6d99c5,amount,110765.1
payment,8d25bb15-ffd8-481e-9970-63c6b4bb80ea,amount,67270.4
payment,dc7533bf-4f61-4711-994a-1dc34e1ec0fb,amount,89107.02
payment,9a4efdcf-1e62-4df8-97ed-e7da0bde0240,amount,6870.89
payment,380cbdd0-b7f7-4c18-b6ed-437bf7613975,amount,14523.38
payment,0f0aa0cb-3b85-41cc-8b1f-41e84df3c483,amount,1520.96
payment,7eba5116-a878-46a1-8d0e-50cc0e74542a,amount,22256.47
payment,9d94c428-6b5d-4624-98af-98275e857c5c,amount,137382.46
payment,0992b7df-2e3b-415c-b9df-d52d7328152d,amount,1074.45
payment,2bb82fee-80e2-4787-9bd1-bd123b4bcfa5,amount,12275.09
payment,735eb37a-b30a-48ba-aa14-cb977319182b,amount,15379.85
payment,82318b7a-933e-4ed0-ab3e-2c5a19ac9d9c,amount,10634.61
payment,a465104a-71c0-4770-806e-37c891200287,amount,73836.58
payment,e92c13d3-5e1d-4821-b7fa-7d15ad641f35,amount,30610.17
payment,9b67213c-d7c6-44e7-b75f-782978941389,amount,7788.95
payment,6ba75f25-7b65-4fbc-9b48-e895b3ff8c31,amount,7566.49
payment,2c87a5f9-910b-48fc-9879-0d9dc4b64c89,amount,2183.89
payment,93d85ef5-fa47-4b75-b609-7f2e44677877,amount,8207.66
payment,ffe17bdc-fe5f-42df-88f4-9e4702a05bcd,amount,12645.07
payment,a85fe690-0805-4c99-b3f3-46f9b33551e5,amount,152490.62
payment,8feaac8d-a544-498a-b704-b4418ce5d0b7,amount,2708.25
payment,83a3e4aa-27ad-4b90-94ba-2356e7b83533,amount,1451.22
payment,80da3055-8785-47f2-b97e-5bb0388cb95f,amount,41660.91
payment,0b025932-c21d-4b66-a125-0d7bf6aa8301,amount,16770.51
payment,ca12194e-704f-4753-8f13-1ce17dc63151,amount,188.32
payment,e31bc5fa-34a8-44c1-98b9-1f709000cf2a,amount,5083.54
payment,e0da7177-03f8-460c-8f57-a6a279e4ce58,amount,27654.83
payment,a5c29552-c30a-4837-83ce-9500884b533f,amount,275.2
payment,da948e89-e252-4167-924a-c0117a225259,amount,27396.8
payment,dc33bf22-74e4-41f5-8d4d-3e20d3af5388,amount,194.18
payment,b28a66c5-fc67-4fd1-bdca-e21ed6dd06d7,amount,285.55
payment,cc51bad9-f3d7-48e7-b3c8-b8b951b13727,amount,268.84
payment,ad0ace1e-b57f-4193-aff3-1594364a5f25,amount,55.29
payment,2c97f643-2368-4fa6-8bb2-d4353f0eb474,amount,2270.88
payment,4f1d7d92-3b4e-4e29-8534-5ffd8d18a72e,amount,437.81
ptp,3bb4d72b-13b0-490a-8015-d1cb1e01dcdf,committed_amount,5000.0
ptp,4b3ab1e1-5662-4741-8527-88a9340f249e,committed_amount,17488.33
ptp,aaead766-80df-45d1-917b-a8232e5da7ff,committed_amount,8165.28
ptp,ce3e6ab8-3357-42c4-8326-1b104e80a4ec,committed_amount,6736.959999999999
ptp,6b2ce6a7-5922-4225-8f0a-16a91a35bc6a,committed_amount,59004.29
ptp,5959b20b-0bf0-4b68-a6d2-00117437b2e5,committed_amount,18031.8
ptp,486b18cf-2295-45c6-bbc4-16b02152b03a,committed_amount,60326.19
ptp,f79dd21a-9d2a-4c26-9f50-37d8e552127f,committed_amount,57013.16
ptp,82990228-00bf-40cc-88bc-d04c9399d4d0,committed_amount,29447.96
ptp,e5aa8a7e-8eac-4037-b7e5-52eaa426949b,committed_amount,5000.0
ptp,ea615a8d-051e-469d-98de-dd73d207d4ce,committed_amount,5000.0
ptp,fde2722a-0247-4337-ade0-e575cb5cdd22,committed_amount,64802.59
ptp,e393cb1f-65a7-4342-8809-7000f63d7d64,committed_amount,5000.0
ptp,d86f1aab-177e-421c-b767-f288634ff717,committed_amount,5890.37
ptp,1e974e5f-6752-4d99-b7ba-38edb23a4b3a,committed_amount,40240.01
ptp,3350d649-0e90-4db6-bd14-67b6f62dc08f,committed_amount,1752.63
ptp,4aad6f89-c18e-4fa1-9346-b427b5887df2,committed_amount,13381.9
ptp,e3931f3d-6656-4641-b2e3-4ed5b09be9c1,committed_amount,94500.0
ptp,da2e6338-c26e-432c-86d3-cc6a78277ff8,committed_amount,215951.63
ptp,1e91a340-adf9-4569-8365-bca65fa54cc3,committed_amount,310090.95
ptp,e2da6f55-ebb9-4234-8103-e76b12078969,committed_amount,88479.45
ptp,afa2e67f-4962-4070-9f0d-0b2eb078b7fd,committed_amount,1289.69
ptp,6cafcdc8-46d6-4f70-91ee-d48093b20062,committed_amount,10034.62
ptp,75d356ef-9cd2-4ca0-bbc5-f06958e5989e,committed_amount,1659.96
ptp,443c8a91-3390-4515-b072-7127fb209516,committed_amount,116708.49
ptp,3bec0cbb-49db-4aac-8977-e5c41918f982,committed_amount,442.1
ptp,3226a310-bbb5-4721-8f86-06324fe49e51,committed_amount,23547.08
ptp,8bbc7304-15f7-4017-948d-a8404277f632,committed_amount,113364.4
ptp,051c9fd3-47bc-4335-a42c-9b1941944e0d,committed_amount,24202.26
ptp,236e2241-ba72-488d-9b79-cfc3d1210472,committed_amount,14945.38
ptp,8a0f3790-3321-4612-8786-ccecd095301e,committed_amount,39656.25
ptp,e93afe74-0925-400a-9cfc-a7d6c6afb324,committed_amount,107114.79
ptp,0e5ab654-b5de-47c8-817c-e9975880e19c,committed_amount,3267.84
ptp,0dfb6ef5-c0da-4fae-8242-96abc182efff,committed_amount,65345.41
ptp,ad5d38c6-7763-4aad-9f1b-16206041cbec,committed_amount,4429.49
ptp,f857fe6c-fa58-4755-9498-ec5c213eddc9,committed_amount,127630.06
ptp,21d21b57-f39f-43fe-b64e-172d8b52666e,committed_amount,3345.38
ptp,23ca61c9-d7fd-43a5-b95f-b0ed502973d1,committed_amount,29432.19
ptp,190e027d-dc87-4737-bc4e-5fd4d79e389a,committed_amount,16181.71
ptp,67f7a5b7-3494-4f7f-bb65-2c65aae40322,committed_amount,7888.7
ptp,25e32a15-66b5-40ff-8448-636f8aadd71a,committed_amount,32923.7
ptp,3f1185d0-3f31-4488-82f0-c7e834b439a2,committed_amount,13517.15
ptp,64062a7e-308e-4761-b7c1-4731b27fa2e1,committed_amount,125745.08
ptp,fa8f66de-2f28-486a-820d-db8607b693ee,committed_amount,3827.96
ptp,7c1ecc91-1a2a-4c57-a73c-5452a0eec3de,committed_amount,11975.77
ptp,a416ce45-ac55-4ecb-b436-1992df254ca5,committed_amount,5000.0
ptp,68f337b8-6925-4455-ac2b-be0a7109f1d1,committed_amount,54172.98
ptp,92858084-9887-4f11-9163-ba0522085b33,committed_amount,18949.52
ptp,67b95c46-21e8-43dd-a84e-05e3caaba3b5,committed_amount,1879.38
ptp,949221f9-df9a-46a2-b049-b1630798bec0,committed_amount,92048.59
ptp,535ac0b8-1339-4f62-8351-f05a222df270,committed_amount,11458.78
ptp,6b720570-fb11-45ca-89e1-a4a9e7438d9a,committed_amount,1318.73
ptp,6371e64e-42ff-456e-a996-3570587b8575,committed_amount,27506.32
ptp,d838d751-9a94-49be-94ab-1424bf029874,committed_amount,5544.55
ptp,b06c437c-9e07-4cb9-ac5c-ebc6f637871a,committed_amount,27869.42
ptp,cea6b8ee-f109-4b5f-8363-02c56522c838,committed_amount,6653.91
ptp,b88cc0fc-0146-402e-aad3-10364e2cc0ca,committed_amount,33486.98
ptp,e5fcf9db-d6d3-4b07-a4fb-0f759af0f51a,committed_amount,162987.96
ptp,261f9c0f-d3a6-4ac3-a26e-cf0b91182b25,committed_amount,69316.97
ptp,eab3cc8c-cfea-49c2-bf79-9bed84a9a5eb,committed_amount,1175.16
ptp,4d1c9ce0-89ae-4a5e-a4c9-1b2eb4a1314f,committed_amount,2388.45
ptp,801af4e3-b806-404b-a5d1-fc13ea2cf4a8,committed_amount,896.95
ptp,c461e380-34bd-4eb7-b562-78ecf45de288,committed_amount,36138.63
ptp,c64b5f77-3cb1-4947-911f-517f2043ded8,committed_amount,11302.0
ptp,299aa272-473a-4867-93db-b6e2b91ebbde,committed_amount,29431.76
ptp,ff2bee5d-5e63-403f-9708-aa3da1b2556e,committed_amount,24063.32
ptp,c8e2b900-e728-42e5-b31e-021263acb97e,committed_amount,46516.6
ptp,f01d8e1c-fe2d-49ae-a8c8-0ad0acaaaefd,committed_amount,242.62
ptp,b4a8f5ba-e03a-4bf9-8067-690cd462d6c4,committed_amount,8118.53
ptp,32efa0cd-a323-4042-bf59-01f1adee97d9,committed_amount,30990.81
ptp,3bd1097a-f639-4fac-be14-dd669876f6fe,committed_amount,12806.98
ptp,fabefeb0-a5d2-47c6-9dcc-a911d3e42ad6,committed_amount,2520.28
ptp,8d3b3bb6-6bfe-4496-89e7-145a6d035506,committed_amount,219397.73
ptp,d3ccddef-219c-4f1c-b88f-dfb326912191,committed_amount,4415.26
ptp,dea52359-d24f-4829-b1ca-caa2f97ce558,committed_amount,38601.67
ptp,a79ace4f-bdfc-4863-9375-8563e3affee0,committed_amount,315.79
ptp,020eb0d1-1001-43cd-804c-4ed0dacd0b37,committed_amount,165196.88
ptp,47ed777e-68d1-4340-ba1b-d90845af728b,committed_amount,2000.0
ptp,811b19d2-aa37-45c5-9f38-2fddf9e87e85,committed_amount,2000.0
ptp,e106d178-7b35-4b94-8af7-d9db7b3a022b,committed_amount,4895.18
ptp,4b50121e-9ee3-433a-9c12-d3a54f71cb65,committed_amount,17928.09
ptp,9389675f-302f-46c7-88c1-66e00a8bed83,committed_amount,36757.21
ptp,1c5dc168-106c-4343-8249-78e50bff1e3b,committed_amount,5879.9
ptp,1cc227f9-7818-4c5b-b1ca-ada50520fa0a,committed_amount,156081.2
ptp,f297c5dd-065b-42dc-8804-bbdf0609214d,committed_amount,2325.04
ptp,0e559d33-4904-4dc3-b052-2a45e5c932a1,committed_amount,26065.79
ptp,63f26111-168e-4a5e-bcb0-126e3d316584,committed_amount,8279.79
ptp,3a28d105-715f-4afe-9028-27323efa21b2,committed_amount,25638.39
ptp,8addd677-e775-497b-8c84-578aea4be714,committed_amount,322.01
ptp,1d673604-643f-4276-9fca-8ea4aad7c494,committed_amount,2000.0
ptp,2e1c10ef-10df-4e76-a4e5-ce827389dc71,committed_amount,432.56
ptp,ac6782e8-25ae-4602-9070-bf6f1abff4d0,committed_amount,25650.6
ptp,45e4e678-a65f-447a-a164-c6b9dcc8e525,committed_amount,1351.03
ptp,3090ba80-340f-4cda-b5f8-ff8cc06c3362,committed_amount,5000.0
ptp,a8434431-f2b3-401a-bc63-3ca51f634475,committed_amount,5000.0
ptp,a744c6eb-aa21-4218-a9c5-be5a2cdab7f3,committed_amount,30328.37
ptp,a44aad1f-637b-439f-be57-9db3396b4d04,committed_amount,5000.0
ptp,48b9e466-26c3-4651-9ae9-c5bad00273d0,committed_amount,18742.32
ptp,38e2c40e-2aa7-478f-a560-b433e0acd223,committed_amount,2000.0
ptp,b41edf0f-0442-41bf-829b-07c3c6520018,committed_amount,8100.0
ptp,29bf19e2-e27b-416e-b9e1-eda020015b37,committed_amount,10087.81
ptp,c6d0de3c-b644-4f06-9d37-7f4482435ac9,committed_amount,6851.11
ptp,44c7cc29-fff8-48fa-9fc1-690810fdbc37,committed_amount,5850.0
ptp,7e285035-fb0d-4156-a426-679dcfd7bdfc,committed_amount,24155.99
ptp,a7ecfaab-fa1d-4929-ab27-ff2f1d16052c,committed_amount,47217.09
ptp,7a0ccfd3-3858-4302-989b-402d016f2a2e,committed_amount,14804.11
ptp,a2c6fbb2-1538-44e6-a17f-e0a96c7b7728,committed_amount,58707.96
ptp,cb6a5111-006f-4950-a19a-92463b36e301,committed_amount,51352.06
ptp,49df0188-0a5e-43eb-bf4e-4cb313d4dd35,committed_amount,35349.93
ptp,c8f69f5a-8b93-4e03-aea7-8eb6dcc60c21,committed_amount,36269.86
ptp,acb835f2-cfbb-4c09-a6de-e5cb36af48ee,committed_amount,21911.47
ptp,5ecdf529-dea7-4d9d-81b7-b948db4a79d3,committed_amount,851.38
ptp,f7b230d5-61bd-4888-8758-ace1fc95b2c4,committed_amount,26021.13
ptp,b6749a93-fe98-4c25-b2b9-6d49d860bdb0,committed_amount,59711.62
ptp,ceddf406-cdac-47fb-84fb-11fe3241118e,committed_amount,66768.7
ptp,94af8c5b-ae88-49f8-af36-f8ce28f95e67,committed_amount,3013.43
ptp,375a1c02-62e0-4fbe-a208-0f146c3d964c,committed_amount,12872.27
ptp,6e2ee6b7-69ea-44a3-909e-3ba56f482318,committed_amount,721.67
ptp,993c6dd6-287a-42d1-b52e-ccba3f21d4c4,committed_amount,38707.66
ptp,5d933e6c-ff55-4dc9-92d1-7fd10239353e,committed_amount,25290.43
ptp,07f1c5e1-2d10-4753-9744-75e6b56a77d9,committed_amount,178276.87
ptp,ed8eb2dd-6240-4c96-8d07-d62015e870a9,committed_amount,10596.47
ptp,a2daa2b5-dd52-4013-8fb5-e5dc61127871,committed_amount,49846.32
ptp,4378f08f-c2f9-4c59-9ba4-c3043c4ce5b6,committed_amount,2536.43
ptp,c7633e26-a4f2-48f9-95f2-ce3aeef78c41,committed_amount,2046.24
ptp,5c36ee10-ffab-41ce-9067-dee6db7f11e2,committed_amount,23780.83
ptp,4c445d97-0a0e-45ca-93dd-ba66e3ee187e,committed_amount,1309.58
ptp,4c871919-6d44-4eea-8a09-0c90e04765a3,committed_amount,48610.91
ptp,9ba5e8d4-238a-4ddd-9aa6-44519513a14b,committed_amount,289.16
ptp,d4352623-31ca-45a7-8d59-6869ac1f5fa9,committed_amount,2314.27
ptp,2b3a43df-d7fe-4991-974b-b8bbca091b87,committed_amount,68266.03
ptp,fcd1e81b-0e26-45b1-a6f0-c4bb6ac309c2,committed_amount,76244.38
ptp,be817be9-2ff7-4fbd-984f-afa5273f270c,committed_amount,13346.14
ptp,747e9921-3562-4174-bc2b-709d421316d0,committed_amount,3424.34
ptp,eb38a0c7-e2bd-411b-9786-261bba7ef836,committed_amount,101555.18
ptp,d2c4a122-f417-4b57-ac01-9a491b6a145c,committed_amount,20000.0
ptp,0c5dad56-a59c-44f0-889a-f5a313786dc4,committed_amount,15600.0
ptp,6118eb91-76ce-4e8e-9474-cb333d42a266,committed_amount,19815.75
ptp,6bd5fe39-8a60-4587-b3ed-c794c214eef9,committed_amount,514.45
ptp,2e8496e1-4be7-43c0-8ffe-ed73c2f46e80,committed_amount,230.74
ptp,ad83ca36-85fc-4ebd-8f5e-18aba8f9ad13,committed_amount,3881.2
ptp,18e62e7d-e0fb-42b8-be1f-248c9951e003,committed_amount,1278.21
ptp,d9903cf9-bf17-4f6d-b90a-9628bb2c8a72,committed_amount,26563.13
ptp,cf03af89-419f-4b95-86b3-9e27bf691578,committed_amount,37075.33
ptp,3d7f2a7b-4d50-4a2b-a76d-6944a8f7e310,committed_amount,29337.62
ptp,296ee1bc-f5a1-4624-b40e-76bbef3131e3,committed_amount,93547.42
ptp,91d77928-b70a-4eb2-b5ea-6af0c4ac3644,committed_amount,90050.21
ptp,1b28988c-0c9c-4d26-b1db-13b81df6ab9b,committed_amount,86806.23
ptp,07b41b15-94da-415a-bf4a-26c4badfa974,committed_amount,27932.53
ptp,c2bc9297-4dd7-420d-8db4-c0d99a3acca5,committed_amount,5018.4
ptp,9b6ba1f2-c9fa-4110-b5ce-98265c1641cc,committed_amount,1439.07
ptp,b5dd36ca-4e54-40b3-a739-33bd874b5241,committed_amount,44947.75
ptp,e16fef00-58d3-435a-addc-049c6502d95f,committed_amount,18533.56
ptp,ad124c1b-bb17-43f3-a15e-7ad1749d0286,committed_amount,7552.38
ptp,166bb1f1-3fb8-4d7a-b4cc-14cc3b7e8959,committed_amount,55500.0
ptp,b5cfac14-36f2-4f78-9d5b-4c1ed3d0ef1b,committed_amount,5850.0
ptp,02bb5726-1933-4ae9-a7d4-43e110e47b76,committed_amount,74899.87
ptp,3da0071c-ce56-4713-8a5a-a62c348c7389,committed_amount,18329.93
ptp,613e05d5-c777-48d9-a94f-c03728647ce9,committed_amount,928.76
ptp,c75fea02-c90d-4f79-a1be-a34134c210e2,committed_amount,59962.86
ptp,e02260de-137d-497e-8a6f-efeca5e28438,committed_amount,119723.71
ptp,d2781079-cbc9-46b2-a59e-d550caed3949,committed_amount,38828.15
ptp,a0a493b3-0d59-4244-816e-64d047de7cf5,committed_amount,1413.3
ptp,55d76df0-879a-4b0b-9ced-35d5a7d6e8e3,committed_amount,5000.0
ptp,a88637af-3619-48bd-9eba-4c402d75ac53,committed_amount,2000.0
ptp,4b9c787c-4462-4a16-86e7-ac77581facf2,committed_amount,2000.0
ptp,27e824e3-6fc1-494b-b4db-f158fbee87bc,committed_amount,35000.0
ptp,6a4fdbbd-573b-4d35-8688-d3ef8ac067af,committed_amount,5000.0
ptp,00cff307-dd3c-48b2-9ca2-5792a2a28487,committed_amount,2000.0
ptp,947d1bb1-0062-491a-a575-05128be1f33d,committed_amount,7186.78
ptp,3994bda3-c297-4385-b1f6-bcdce0d1c7d2,committed_amount,151110.7
ptp,8a3e193f-4927-4bff-8b28-eccc9ddd1f0a,committed_amount,57696.57
ptp,d0363d79-51f6-4d64-aff0-3eea3fe1fa41,committed_amount,23078.628
ptp,11e9db47-8f2f-49c0-be75-a7dc60f9e9e6,committed_amount,64232.01999999999
ptp,1aee0637-c11a-4fe5-8756-5d6374a862f8,committed_amount,25692.807999999997
ptp,19c60537-6b65-4384-9acc-f32256e231f6,committed_amount,26755.98
ptp,fb6785c4-3b6c-48e2-acab-391be37fbacc,committed_amount,10702.392
ptp,a3a2ef7f-3457-4af5-82cc-cf3124e9556b,committed_amount,5000.0
ptp,8e6bbd67-0fa1-40d1-b86a-9d0d0bc01036,committed_amount,2000.0
ptp,7921a126-a191-4542-a6b9-50a9f1e8dd99,committed_amount,2225.3399999999997
ptp,01b60a05-8697-4e63-ae56-83b169083b63,committed_amount,61975.29
ptp,12d19a1f-02c7-4014-9ccb-a0015fab96d1,committed_amount,24790.116
ptp,6eb4b523-d40f-4e65-9b4c-6fe42f8019f8,committed_amount,215951.63
ptp,358ed7e4-7fe1-4cec-a64d-123ec3a2ff93,committed_amount,35000.0
ptp,2308e0a9-2578-4fb3-8792-04fefb1ac9ac,committed_amount,177829.44
ptp,e59b111f-3460-4740-936a-ac4c495bbdcd,committed_amount,35000.0
ptp,780ad83a-c8d4-4cee-89b1-98f658c3fb24,committed_amount,28440.412
ptp,5656d673-b1c8-4c46-a9dc-6e6191186e99,committed_amount,141027.15
ptp,a65d1f1d-5058-4fd4-9209-6f5b6a5f2e91,committed_amount,71101.03
ptp,a4c9a855-ec96-4794-a819-73aa07853e11,committed_amount,5563.3499999999985
ptp,6ee5ccdd-2e57-432a-a800-232894ccb9be,committed_amount,2000.0
ptp,7c33986b-499f-413d-a8cd-4d53e798c29f,committed_amount,2412.76
ptp,3c17a559-6ab3-457b-b78d-f079ca220af9,committed_amount,11458.78
ptp,09c58508-167f-4975-97c6-864bff969113,committed_amount,4892.37
ptp,e806feec-6b00-464d-a941-332b80a9de68,committed_amount,2000.0
ptp,45a7daef-05db-426b-9976-3803bbb4a422,committed_amount,16600.7
ptp,7d893375-a0a2-4b59-898a-b3bf39f17028,committed_amount,25921.036
ptp,d63f0709-5c60-4187-8706-87921f6c74bb,committed_amount,3774.4800000000005
ptp,9d368762-1d87-40a8-a7f0-bdbefb24976b,committed_amount,19652.81
ptp,d295c1cb-b2da-431f-ba33-2c8c8a4fad3c,committed_amount,32609.65
ptp,2fed15d6-5cc8-40e5-8400-e01a9d6c20ad,committed_amount,5810.369999999999
ptp,865baf7c-af31-4c61-aad1-b786613f9bae,committed_amount,2324.1479999999997
ptp,7f8a7622-7063-4a97-80cc-2ccbda5fa496,committed_amount,5313.63
ptp,1622ff02-b43b-4f81-a583-17c99aa33e93,committed_amount,6995.332000000001
ptp,a88152ad-985a-4cf8-974a-935e80f23158,committed_amount,2000.0
ptp,b579ac2e-a2a0-466e-87bb-0a8da89fd669,committed_amount,5000.0
ptp,83445e8c-a4bd-47b5-897d-8ac283fa91cb,committed_amount,2000.0
ptp,fad60fb6-bcee-4844-88e3-772c9d412f30,committed_amount,2000.0
ptp,fb8090fa-2ea6-488f-b298-1738dbe6888e,committed_amount,5000.0
ptp,c0910016-94c1-4693-b9d6-76a60db9bfc7,committed_amount,2000.0
ptp,b0d7bbbb-0084-4b6f-a67c-b2386a6893b6,committed_amount,5000.0
ptp,99e5e12d-270a-433f-a054-de2eefdddbeb,committed_amount,2000.0
ptp,8ae0b459-ea53-49dc-8cae-98c9045f304f,committed_amount,2000.0
ptp,517aff57-4a58-4510-9278-67959086f726,committed_amount,17785.86
ptp,7544a761-2d46-4a1c-86b8-812f3fa33ba3,committed_amount,2694.7839999999997
ptp,476c6d44-7d78-40a6-8a46-77734b4d13e8,committed_amount,5000.0
ptp,bb53cb5d-e9c5-4a9a-b439-d4badad03b9f,committed_amount,2000.0
ptp,8b9e7af2-7b85-4c92-8753-66d1c42ba55c,committed_amount,2000.0
ptp,4114760d-ac51-4c89-bd74-13e612aa485b,committed_amount,9436.2
ptp,d34c3d1d-365d-45e8-9132-9e99126494eb,committed_amount,5000.0
ptp,f37aa70a-449f-42cd-bcec-24cd281eb7ec,committed_amount,44464.65
ptp,c0e9a296-8543-4947-9e02-e5bb8cf880a7,committed_amount,2000.0
ptp,8da9b9aa-8e6b-4818-ae73-ff02ba06b856,committed_amount,2207.88
ptp,fe32a6a1-61b1-4317-b880-e2a774361a97,committed_amount,2207.83
ptp,d07398c8-d6d8-4e0c-bc05-61d8268417e2,committed_amount,797.52
ptp,02a77a1d-c82e-4716-93cc-bf194ba95986,committed_amount,797.52
ptp,5be2096b-c7f6-44f0-b931-faa37f57f8dc,committed_amount,53766.69
ptp,32bb220d-1056-41a6-8c46-f8c8a50b72f5,committed_amount,21506.676000000003
ptp,d3f293d5-aaf2-474c-bc1a-f1a567df469c,committed_amount,22469.64
ptp,84af585e-a1d7-401a-8138-51b5d58af18e,committed_amount,3441.65
ptp,faf4d431-973f-4436-95bc-86fab570fd26,committed_amount,6045.05
ptp,041e6163-b6aa-4121-8202-d9ca341c2f26,committed_amount,2418.02
ptp,71487df7-7e02-4e92-8559-e14dff78d0c1,committed_amount,5000.0
ptp,68b0db55-d132-42c6-a07e-84b757726ffc,committed_amount,2000.0
ptp,2b6b89fc-a128-49b8-99b3-162dd1bb7b6f,committed_amount,5000.0
ptp,e4ad8c2a-1777-42e6-8d61-ab22b0168cda,committed_amount,2000.0
ptp,dcc62789-6888-4d33-a2db-bdaf6d58c3cd,committed_amount,200367.7
ptp,c45bd72c-232a-4ad3-9ee1-c8e216d12ea9,committed_amount,35000.0
ptp,e5762d2c-43e9-46c3-b2e3-bd2a4425a06c,committed_amount,135.99
ptp,9113e11e-57fc-4448-ab20-3d9b228edec6,committed_amount,8758.679999999993
ptp,5e07bb0b-6dd0-4f91-a803-d4ab1bbf0d1c,committed_amount,3503.4719999999975
ptp,92498b33-22b0-4cc3-88d4-5f649cfde1fc,committed_amount,2000.0
ptp,ef5a1215-5ba1-485d-8531-7f150e7cd2be,committed_amount,35000.0
ptp,7f6319bc-0b19-467c-9338-95eb9a289ffe,committed_amount,5000.0
ptp,e466bb8b-4b94-488a-9c72-32d5a733c529,committed_amount,2000.0
ptp,72109cdc-abf3-4eeb-9076-9e41445526b7,committed_amount,22141.06
ptp,b8e58921-9db4-4ec3-8896-a092398edb67,committed_amount,8856.424
ptp,a10a37c0-a540-4dbc-93c7-dbb4c98415b1,committed_amount,5000.0
ptp,03e74611-d704-403a-b2ce-d848c4a176ef,committed_amount,2000.0
ptp,030af99e-7c4e-47cf-a82f-03cda2d01110,committed_amount,1917.91
ptp,81781d95-5bca-4996-9363-c81039bc1342,committed_amount,1917.91
ptp,cb75eee3-a941-4ee9-8d03-8d5e607df329,committed_amount,158273.06
ptp,1b0cf747-4603-41c8-b238-161150e61feb,committed_amount,2000.0
ptp,8d70e981-4aa1-4d76-bae2-7163eef63c38,committed_amount,2156.19
ptp,0460789a-ed2e-4653-908d-1d812c2533f9,committed_amount,15836.2
ptp,a9375e8b-0061-4219-a702-4d04a05a695a,committed_amount,741.86
ptp,1e9d73e4-2c63-4fba-95bb-fc7ccc32cfb1,committed_amount,98752.68
ptp,c1d9cd66-3e83-48fd-b98e-cf8931e0a983,committed_amount,2314.27
ptp,18d8e7f6-67aa-4b78-8cc3-5006d9f308e7,committed_amount,1309.58
ptp,d28b3381-2b92-4f8c-80bb-d8c3c2bec14b,committed_amount,84795.44
ptp,49103e06-d361-4b38-80db-ae87cebd1be9,committed_amount,20662.0
ptp,fd0053a1-a7bf-402f-a795-568a6054caf5,committed_amount,60918.13
ptp,15cb3975-f976-4f03-8e3d-0990f5ccbcf6,committed_amount,17300.0
ptp,a5059986-b825-49e9-bb09-011733445a51,committed_amount,43500.0
ptp,f09c0331-c30c-486a-83b7-8b9f78e2a33b,committed_amount,15600.0
ptp,d090b1ea-3e7d-4996-a3c3-985765e4576b,committed_amount,1077.01
ptp,8c4d94c9-0b96-44e8-a5d4-618d0063148e,committed_amount,2804.54
ptp,ac9b3969-3d44-468b-b39a-aac65b24b537,committed_amount,21999.21
ptp,e08d964f-6e36-456d-b520-7a65572d5a3e,committed_amount,4433.91
ptp,45380a60-3915-4541-98eb-aea758d5fcc4,committed_amount,112840.32
ptp,71820ca4-5e4e-4d66-ab6c-a9f21352775d,committed_amount,1342.98
ptp,f54c96dc-5472-4e75-b6f1-cbafc8a6114e,committed_amount,7010.72
ptp,fe084626-858a-472a-813d-cd5cacbd5565,committed_amount,13144.58
ptp,00e00420-ac32-4983-af47-2001f62e25c2,committed_amount,17289.48
ptp,00c31c18-2e81-4f03-afad-c480fbedcac6,committed_amount,27457.23
ptp,671ab6c5-189d-443a-819b-1844633de920,committed_amount,251182.78
ptp,f2a708f8-6bc1-4ecc-92ba-9f24453bf5c8,committed_amount,44512.42
ptp,5f46e628-b3d4-4541-b980-d711ade69020,committed_amount,6062.14
ptp,3da5f2c4-961e-4ade-93cd-8d4443266784,committed_amount,68216.08
ptp,63c41c77-eaac-46f7-8577-d40805bfe6ab,committed_amount,2630.37
ptp,3ccdb27d-e8b5-49b8-be55-978dbc0ab54f,committed_amount,22596.43
ptp,2eca1882-91f5-4235-9853-6f3f56abc07a,committed_amount,111919.07
ptp,64a7ffdf-2214-45ca-b142-6c02a5b679d5,committed_amount,1686.98
ptp,c82c9e14-4c83-42f2-bbbf-4dec00a8b358,committed_amount,894.53
ptp,3e71e7e0-6018-47db-96e9-33537a1dd538,committed_amount,27173.47
ptp,6d70886e-3082-402d-9658-9fb3b686f92d,committed_amount,660.73
ptp,f168544a-1b70-477e-95e6-5b8272ca2012,committed_amount,39533.81
ptp,eabc516d-d152-4872-aa84-ed8e2b079d1f,committed_amount,26068.27
ptp,9c3df3b7-73c7-421e-b0f1-34c427bbc1e5,committed_amount,2952.58
ptp,5652dfe2-c4dd-4b6b-88b1-c2314a19c7fa,committed_amount,7642.26
ptp,ce9aade3-15af-4ca3-b3de-2abbafd6ca7d,committed_amount,23909.98
ptp,72c6f1d1-1704-44ce-af6e-2685331d906d,committed_amount,1528.54
ptp,d724b762-632e-4b41-acf4-4ec16f5ee799,committed_amount,317612.69
ptp,826fe9f6-05e5-494b-a204-70ffa4a2a124,committed_amount,2001.12
ptp,692dfe19-95a9-4e15-898d-a3a6efb9b575,committed_amount,75257.56
ptp,714639e1-e0dc-4624-88d1-f6b81a9913ca,committed_amount,26257.91
ptp,db40fe3d-4be7-472f-8784-8e8dde008f66,committed_amount,42982.91
ptp,7d4c153a-6770-40de-8ad6-58fc07955235,committed_amount,84853.75
ptp,97361782-7898-47f6-a41a-700982719b2b,committed_amount,18448.51
ptp,82e25bd8-b4ab-4cb8-9e17-333538104865,committed_amount,2678.77
ptp,34a88de8-141a-4a39-9bbe-428aa45a1a5f,committed_amount,2974.86
ptp,f6d552aa-765b-48d6-8b25-852659c67c2f,committed_amount,34756.17
ptp,1c4df922-c147-4bb2-8050-ac859c461523,committed_amount,9791.31
ptp,2d8751b5-c033-4751-9d05-c3ff6b1b8553,committed_amount,26079.5
ptp,71b42fbb-7f12-4141-9251-76e0db733458,committed_amount,5668.18
ptp,531756f4-0908-4235-a86b-de8841890f0d,committed_amount,4138.04
ptp,00b0ecb9-375f-4669-befa-56dc916b82f8,committed_amount,24180.98
ptp,c4020cfd-fd7e-45d2-8f73-a05dafa3f1c6,committed_amount,3638.69
ptp,8515d9b9-77c0-49fd-9942-7e448234ee30,committed_amount,79030.42
ptp,c18f06cd-c235-411b-b474-93934ef8721f,committed_amount,316580.58
ptp,0b9ef583-1855-45c8-81fe-cc0811bf7e38,committed_amount,22772.69
ptp,0a727675-79df-4c06-9e9e-bd4bb1600fd2,committed_amount,19804.23
ptp,89571956-4221-48cf-b44f-c91cfeb01f6e,committed_amount,18949.52
ptp,1a1efaa1-45ed-42e9-9bf3-00e02bcc5cf7,committed_amount,13506.19
ptp,c76ce10c-1a70-445b-bdd4-27aa6a2b587a,committed_amount,25924.89
ptp,d9816464-a9a5-42af-88a6-c92e81f1ae76,committed_amount,19070.37
ptp,0161883c-7e92-4fab-9d16-89bd1bc900de,committed_amount,44587.46
ptp,9cef5c96-fad1-4352-86f0-b74a14789957,committed_amount,6601.26
ptp,4f47a640-5d19-4423-8fa3-1d788ccd64c5,committed_amount,160986.75
ptp,4b382f4e-60df-4355-af95-3ec0a44b458d,committed_amount,306784.69
ptp,c46bf091-ac34-447b-99a9-a1ec10ae9f67,committed_amount,12281.31
ptp,8b2ea4cf-76f6-43fb-8c00-2113d86ab624,committed_amount,42183.72
ptp,27335fc2-2c85-473e-a382-184ec9d7c42a,committed_amount,7156.71
ptp,d8620d96-ee88-434a-bb8a-3e0cfc1812f4,committed_amount,55500.0
ptp,7473f809-dc5a-4744-b1f3-1c5395a0808c,committed_amount,18900.0
ptp,979457af-0b1e-4c92-9cdf-68b046d5f77b,committed_amount,8100.0
ptp,e92b4b7b-63f4-4f79-84f0-b88972ab85e0,committed_amount,43500.0
ptp,044b776b-91ac-4e3f-ab48-e56c056b1249,committed_amount,17300.0
ptp,fb8887dd-5742-4049-817a-9371debe04e6,committed_amount,5850.0
ptp,ad5a7179-ff5c-40f2-8c70-b165595a0663,committed_amount,20321.26
ptp,b4776878-db09-4a86-9061-944869a049ae,committed_amount,4228.06
ptp,db5ffc89-506d-460f-8d79-536e7380ab6c,committed_amount,7695.93
ptp,15d5a610-5159-43e3-8ec9-aacc5a88dace,committed_amount,174383.7
ptp,0f2abff2-0f0a-4724-8d8b-edbfe28a19c5,committed_amount,1047.66
ptp,fb9f47e3-0eb1-477a-9edb-f257dfc1f39b,committed_amount,51493.69
ptp,9a07f239-86e4-4a23-b43c-2f617f415868,committed_amount,88318.65
ptp,b82eb955-2c80-4c1b-bc20-9db248d970bd,committed_amount,4098.78
ptp,359e7b97-47a7-408e-8d29-b830c28fc888,committed_amount,5663.16
ptp,8eccda0c-6ca7-4575-a440-46aa9f1af830,committed_amount,2951.57
ptp,9cc766a0-d6ef-4e47-8921-2532bb319ab5,committed_amount,2281.07
ptp,1bd5aeef-4994-47a6-a6ce-ac99ba6f793f,committed_amount,37636.09
ptp,72a5c88e-e3e9-4f3b-903e-464500684d99,committed_amount,3075.67
ptp,04f921e1-9270-4696-bf9a-3970b2a107f7,committed_amount,5868.36
ptp,e797a316-7490-4fc4-94a4-1d70ea18579e,committed_amount,10121.89
ptp,92f0fe90-a67c-4862-bc85-cc2d40f91511,committed_amount,9792.48
ptp,8681e441-e92e-4b99-8491-d24cf94368ba,committed_amount,1487.52
ptp,58d67900-ba30-451d-8a9f-ed33699105e8,committed_amount,4620.63
ptp,96bba6c4-4869-4798-8280-5f17808f239b,committed_amount,64672.86
ptp,5dabe3e0-6a06-4bb4-a4e6-713213464e8f,committed_amount,4453.9
ptp,28b4cd97-274c-4b57-86d9-765bef48d84f,committed_amount,5009.02
ptp,422e4bd6-b925-4718-bd3e-dc446346a63f,committed_amount,67219.93
ptp,f904551e-2809-4e54-b95d-b38a844b739b,committed_amount,98752.68
ptp,aac258d7-be3f-4049-8f7e-19a4e5813282,committed_amount,106562.1
ptp,88d98181-ee4f-4277-ac38-c7e99e1398d5,committed_amount,45595.33
ptp,1495fef3-8ad2-48db-9cb4-2c530d945f1d,committed_amount,6601.26
ptp,294ce792-39cb-43c3-9754-1ae574e18d41,committed_amount,5012.17
ptp,78f7c527-8db1-4f13-8011-99daae0897dd,committed_amount,1752.63
ptp,2b118f26-26c6-478a-b6d4-0724cb1b39d0,committed_amount,32358.67
ptp,07b6583c-45fe-4885-9df1-39f7530a799a,committed_amount,25439.74
ptp,5cec6a56-25c4-4b7e-9bae-fc4b7b81fb2a,committed_amount,29821.51
ptp,80de6468-5a09-4282-96f4-8d9bda0e7b6d,committed_amount,12867.41
ptp,94592f7b-7dfe-4aaa-ba54-9d99e11f7ebc,committed_amount,7135.62
ptp,eb6a4757-b6e9-4f56-950e-59ab4a91f46e,committed_amount,79813.17
ptp,0b22a874-c0b5-4f04-a65a-e9ab95c0e537,committed_amount,24080.99
ptp,12dff794-7c50-4a12-8816-639f54c76c3e,committed_amount,16186.87
ptp,14f5164b-adea-44fe-8f8e-d038d18fc2d3,committed_amount,40974.65
ptp,c2333224-3ecf-412a-8431-1460abb3f3bd,committed_amount,76427.11
ptp,ce5ab7f7-d416-4831-a1df-dc8b08ec4d7c,committed_amount,135926.1
ptp,0320a07d-f06e-4cd5-9785-e1508550e3c8,committed_amount,979.04
ptp,c34a2a4f-259a-41a0-83a2-0df2ba2a6d98,committed_amount,5668.18
ptp,f9286f51-92f6-48f5-a91f-140ebcbacaf6,committed_amount,53505.68
ptp,ab3ea186-82b5-40b8-9b95-c490fa48bd77,committed_amount,19994.59
ptp,3a3e1280-5ddf-457f-ac01-7b7e989b2fde,committed_amount,160986.75
ptp,41308877-0a01-4385-ab00-1100348eb510,committed_amount,4294.23
ptp,1ef4ef53-a381-460b-8b13-5610d0a25fea,committed_amount,4791.18
ptp,dcf748e9-aa6d-4148-8bcb-5e95bf0a4d04,committed_amount,1632.76
ptp,b164cafc-ec14-4bcc-bded-2790e8a5675b,committed_amount,1181.05
ptp,30f370c2-4126-44ec-b8ce-bdb51779af41,committed_amount,4433.91
ptp,2fe82b5e-30a8-4ce6-9eb0-78e982c74115,committed_amount,4294.23
ptp,f3fde822-ebcd-4295-88bb-7ab2fab8036b,committed_amount,176855.57
ptp,e9cee361-a506-416e-8f46-ce34d4523c7a,committed_amount,118074.37
ptp,7ae36733-8315-4303-bff6-2b97d5d20c2c,committed_amount,26403.56
ptp,10028d46-c309-4c71-b874-3602654c5a91,committed_amount,13187.43
ptp,0ec06932-feca-4280-97e0-814017d1cde2,committed_amount,2178.73
ptp,d6f5f1f1-2bd0-491b-8a71-ce42ff5c8a6e,committed_amount,2117.88
ptp,3907891e-e8c5-4565-b458-cdb910d00813,committed_amount,59122.75
ptp,c21f773a-65d7-4c23-8cf4-ed74524cd99a,committed_amount,51493.69
ptp,3f4c2ec7-e20a-40ed-84e8-3a011099a653,committed_amount,6045.05
ptp,996917a5-df75-4881-badf-81ecb38c3cda,committed_amount,2808.21
ptp,b6296c9b-2812-4988-8d9b-0744e36758bd,committed_amount,38378.7
ptp,8325a1e7-2e00-4097-aa83-8b4a9419ea8d,committed_amount,797.52
ptp,16256b55-377b-46b0-9675-18a45f690a5c,committed_amount,329743.39
ptp,d054c1b0-762f-4459-8993-63eab8db47c8,committed_amount,3180.31
ptp,db7d3f43-065e-4511-81ae-37344cc14031,committed_amount,3180.31
ptp,c317b3e8-3d97-4796-8928-bbe93a248a16,committed_amount,3172.85
ptp,9732484c-25b3-4782-bc84-f228df15299a,committed_amount,57067.23
ptp,bd31e926-62ae-4edc-8f91-c797c3be8b70,committed_amount,208805.01
ptp,b2402f79-edef-4410-8d66-f21279d346f1,committed_amount,22713.07
ptp,74b1f4db-cc3e-4c81-868f-cbc86600bf6a,committed_amount,2951.57
ptp,6c7ce4b7-69f8-4d22-a46c-d707782f16e1,committed_amount,27173.47
ptp,f670737c-5134-4bbc-ad3f-11562926dc02,committed_amount,2052.58
ptp,89fc3656-ffd1-45ea-afd3-b4b28bc21f39,committed_amount,64672.86
ptp,144ebf8c-df68-4447-89f0-69adc7f74473,committed_amount,40527.07
ptp,2355b3f2-c0d4-43cd-816a-8dc88c49595d,committed_amount,4098.78
ptp,cdc2a047-8955-442e-ad81-f23dbad10812,committed_amount,2536.43
ptp,9bb994a0-6cb6-4e78-b850-6d9be39cd3f6,committed_amount,2536.43
ptp,cd5ed231-fa0b-4577-9399-8994ce57e858,committed_amount,29394.01
ptp,0a522d17-4a54-428e-8f41-01cbbfdd492f,committed_amount,28190.83
ptp,c7560b5d-9373-4dcc-84af-9dc4f4cef9b1,committed_amount,40240.01
ptp,4b5342e6-e64e-49b0-8890-a96fad5d1b9f,committed_amount,35408.41
ptp,58c609eb-4545-4b32-a1d2-f1dd58a4deb2,committed_amount,35408.41
ptp,a6940084-fff4-4001-bf60-350bce1fdccd,committed_amount,29432.19
ptp,3565e28a-a328-4dac-afb0-36a8229d0179,committed_amount,5018.4
ptp,39604617-f172-4974-98cc-c4d34d628c6b,committed_amount,5018.4
ptp,33c3a36f-c8db-4a29-a7c7-45bc35245d07,committed_amount,47053.19
ptp,3e44262e-339d-4bf4-af24-c516eb4e0bd1,committed_amount,46246.82
ptp,60cc3a02-d8d1-4a8e-99a0-a65a571a5e70,committed_amount,8287.33
ptp,0ebdda32-1994-4acd-bcaf-f1b203cad63c,committed_amount,188368.82
ptp,989f9f5e-b95c-4eea-9138-4fb94a0d0df4,committed_amount,14076.68
ptp,402ab571-19ab-45f2-a0e6-7074f9c448c3,committed_amount,14076.68
ptp,d50221d2-b365-4072-8ad9-f17e4f51d158,committed_amount,11275.78
ptp,0eaedd38-0e19-464f-bdf6-ce18bffface1,committed_amount,2737.35
ptp,f5341088-493c-4c78-a26d-9324c87002bc,committed_amount,2737.35
ptp,aa39291e-aa4a-4b96-b1d6-35d527887272,committed_amount,115463.6
ptp,4f5dc037-0d27-4aad-b956-4dca3029126a,committed_amount,187026.07
ptp,0dbd3729-fa84-40e1-a1b6-a00e966110a0,committed_amount,18365.13
ptp,aba4eb22-6bfe-4b75-a22c-598ebe89cf91,committed_amount,47119.42
ptp,76f9765c-f7e6-4544-b200-b2e823a4a17f,committed_amount,18471.48
ptp,dbe7451d-64df-4577-96f1-85e5930635a8,committed_amount,34137.21
ptp,4d9009ab-6ee9-4c10-b83f-2d61b2ab8134,committed_amount,4620.63
ptp,c67fb194-9a68-4e40-881b-a53617a25d25,committed_amount,2991.46
ptp,217c1122-ee76-4db5-b3e4-5accc25d540c,committed_amount,47751.53
ptp,e45f4edf-872b-44d0-8bcc-1e918ec70d02,committed_amount,55719.02
ptp,f41c5341-f5ab-47ae-995d-cfd459ddc230,committed_amount,11703.84
ptp,bef83222-cac7-4dd6-ba0a-df1fdba54625,committed_amount,1328.27
ptp,9b4f53ad-a3a2-496f-a5d8-9b56f9405e15,committed_amount,17637.61
ptp,47025420-7b75-490e-9e0e-f3766098e005,committed_amount,17637.61
ptp,d19cb644-e7ec-405a-b5fa-7fdb7cf8fd0c,committed_amount,983.81
ptp,3afbcca4-b307-4cb7-b46d-69ab84313d22,committed_amount,983.81
ptp,7946d72c-8ad1-4d78-970e-5d98676d3fe6,committed_amount,80821.3
ptp,8b77b176-73e7-463d-b95d-391561004625,committed_amount,2804.54
ptp,ad8c2d3e-cd33-4c17-a772-ea047cd1e2b1,committed_amount,13517.15
ptp,29c849dd-35c2-4293-bf60-8290730b3256,committed_amount,34849.93
ptp,87791fe2-a0be-48e4-9669-fb91cdce0ecb,committed_amount,178276.87
ptp,4551e258-b480-4204-b6e7-7474683345ae,committed_amount,15146.49
ptp,0f7e43c7-6717-4119-ba2e-42645791fb7b,committed_amount,79113.7
ptp,4efd282a-4ae4-4087-b147-9650e540f6ed,committed_amount,119127.18
ptp,0c6ee12e-efc1-43d7-aad5-78666b149989,committed_amount,2399.64
ptp,27772c64-9406-48c4-8ad3-88f66cdd00ff,committed_amount,11302.0
ptp,a13b7d4d-c257-425d-afef-72ded97847f1,committed_amount,121691.11
ptp,af81dbd8-31d2-426e-8069-3825c68b4b66,committed_amount,2573.87
ptp,6fd1ef17-078a-4f64-b5b9-e47e984a94b6,committed_amount,173606.66
ptp,8ba4c2b1-427f-470d-819f-11a157122e46,committed_amount,2857.71
ptp,bad51ed1-6e7c-41e6-8f55-2b8e9e4e7d36,committed_amount,20510.1
ptp,3a368cfa-114b-4305-8bec-1ac726593f4b,committed_amount,42370.13
ptp,b643c96b-93b2-4b54-aad8-a95ffb92480d,committed_amount,58193.34
ptp,098d26b2-fd19-4cd8-bf4e-41bc3ade5dfb,committed_amount,33486.98
ptp,cb8e6641-fb9b-4136-a811-2da14dc1a6ea,committed_amount,131089.06
ptp,5ec0c027-696f-4365-a82e-13786db27374,committed_amount,5276.01
ptp,a882e0d4-cee1-4242-911f-24252e38aa21,committed_amount,21560.1
ptp,534d7da3-007a-4895-a995-debff34f1eba,committed_amount,7686.22
ptp,317f5a2a-3f76-491f-8cb7-cd2aa30c3837,committed_amount,8555.64
ptp,39a4f943-6ee6-4d89-8c26-6b5858255fc5,committed_amount,2207.83
ptp,681e9eaf-515b-40fd-b7f8-4aa1873a925e,committed_amount,306784.69
ptp,1303db06-8d4f-4aa8-aab7-90eb12ce6add,committed_amount,54967.46
ptp,642dbc5a-098a-47b9-b810-a1aeba22f1f8,committed_amount,22141.06
ptp,24b1b5dc-42e4-45ab-939d-27ad4a9da420,committed_amount,5061.57
ptp,acf0e1c3-a044-4732-94de-ded2a654311a,committed_amount,152490.62
ptp,d0a0a01f-c81a-4b16-abf0-020de1fca551,committed_amount,818.45
ptp,247dc7ba-9094-4fe2-92a5-2885d8ac9649,committed_amount,43500.0
ptp,02154880-8052-41f2-b7f7-cc1a01083f56,committed_amount,106765.7
ptp,22af814b-74ba-4d31-944b-88c2efb617ca,committed_amount,22141.06
ptp,5c8dedf3-2a30-4139-ab2e-36963a92a7d9,committed_amount,8555.64
ptp,a31da675-92c8-415d-9925-dcb4fb7b64de,committed_amount,179786.86
ptp,2ef59c59-1a2a-4c88-9d11-e67759097142,committed_amount,1857.15
ptp,19c276a9-3450-4085-b485-6a7634637c96,committed_amount,2577.05
ptp,d2c89e75-cf18-46bd-8207-772e21860bcb,committed_amount,1857.15
ptp,08492d91-67f4-4662-94c6-23dcd0d89411,committed_amount,178276.87
ptp,12f77887-2f48-4198-a643-36ff0704473d,committed_amount,30143.7
ptp,153fabe4-1aba-4774-beb9-90e6340278ce,committed_amount,142855.12
ptp,21676fb4-13fe-4dd8-b04e-6cf05c0b3626,committed_amount,2178.73
ptp,22e1c830-48a1-4475-b23d-1288d24abddb,committed_amount,24870.24
ptp,25ac6012-dc0e-411f-8507-102353ec7ac6,committed_amount,21911.47
ptp,2eaaf533-5cf7-41b4-870a-f734ba8243db,committed_amount,13309.54
ptp,318d243e-23a9-4d1d-ba81-96cb95ec45bd,committed_amount,120982.91
ptp,3823939c-f1b0-4b6f-9252-94ed16283880,committed_amount,1047.66
ptp,3aad44b7-262c-46f5-9ffc-2e6eac9e7622,committed_amount,88712.51
ptp,41ccf657-fe86-4712-b753-9b3a28ece813,committed_amount,3527.55
ptp,4f50d238-a621-42b8-ad0d-633502a5c5b7,committed_amount,50965.28
ptp,522dfc57-08b3-4348-be74-7d96abb60260,committed_amount,35494.96
ptp,54e3b248-b6a5-4b60-97a9-2a7f3286a90d,committed_amount,46246.82
ptp,62657549-c7a5-4008-84a9-c72f75bfeebb,committed_amount,3345.38
ptp,68fd7761-1f2f-4fed-a2b0-d4e090ef0ca3,committed_amount,156876.11
ptp,6cc8badc-f34d-4abc-96b5-52da7d363425,committed_amount,51493.69
ptp,749b88a1-6e45-49c4-9e24-377beb9d7a2c,committed_amount,606.81
ptp,7ddf4102-6987-428e-a9ca-52be17b42aa5,committed_amount,227893.9
ptp,94b6f0d7-76e2-4595-aa80-c1454056e347,committed_amount,1499.63
ptp,a2d378f6-cdfd-4ccd-91f6-cc488cbd66a7,committed_amount,19476.88
ptp,a7d8399a-1edc-418c-bbd6-0483c9c660f8,committed_amount,5276.01
ptp,a90f076c-5fb7-4df0-b7e7-82d02082d694,committed_amount,3062.83
ptp,a916c1be-0b34-4b7c-aea0-92c5d888cdb2,committed_amount,2857.71
ptp,aa357640-c4e8-4ca9-bceb-0c58610a1c00,committed_amount,894.53
ptp,ade04975-c5f9-4db9-bd6e-7455d80faaf1,committed_amount,818.45
ptp,b219fca8-ffe2-4e8e-846a-31e379dec178,committed_amount,26021.13
ptp,b4761b90-1cdc-4862-b61d-859df9fc5ea1,committed_amount,6299.19
ptp,b8a86dac-da18-4de2-9b7c-e761f12cd0ea,committed_amount,1181.05
ptp,bc2a1b3e-1a34-425c-b5bc-41b8f1d9afbe,committed_amount,3172.85
ptp,bd2af07e-4854-455e-8d0b-6148df2bffa0,committed_amount,73409.6
ptp,c7a0f543-d173-473e-bcc5-b025d87c2d5c,committed_amount,606.81
ptp,ceccf99f-6227-4d27-bbef-850d5f5f127d,committed_amount,21408.02
ptp,cfd27fe1-12c1-42bf-b0c1-04321173ba49,committed_amount,55719.02
ptp,d086d6e4-119e-4aec-b2ee-95fde8d3ebf8,committed_amount,19889.65
ptp,d15bd8b3-6722-4531-beed-7af61d4d5b0e,committed_amount,1248.89
ptp,de3133bb-edd4-4947-9f37-9ceab01aa41d,committed_amount,4359.3
ptp,ee76896e-be2e-4f4c-9ad1-d4f05d9bb146,committed_amount,27994.9
ptp,fd852c36-61a6-4607-947f-1e650cf78428,committed_amount,194500.22
ptp,fe36cd37-d80b-4e5f-a397-43112eac47f3,committed_amount,3565.02
ptp,fefd6f48-ec50-4165-a7c6-d8fd920557cd,committed_amount,10142.36
ptp,18f12693-ffe3-4ab9-8420-cce7ca2d8a14,committed_amount,52593.54
ptp,35e51e6f-e755-440d-993e-e0a81ce02d4d,committed_amount,26257.91
ptp,376e3ae5-9cb8-48b1-8bbb-187ae77a28d4,committed_amount,17499.59
ptp,482f2cbe-1257-46d5-871b-2cab60ac6f57,committed_amount,1242.48
ptp,5621977e-ffde-43db-954d-4d2efce78776,committed_amount,6408.16
ptp,5f6ef8f4-879b-4121-a473-d129d3349200,committed_amount,799.63
ptp,6003a78d-0d86-4875-9218-f0b255471d8f,committed_amount,47625.11
ptp,6f5988cf-c549-4b35-aab5-ccd6b920482d,committed_amount,79813.17
ptp,7a0e675f-4dba-4740-9a24-e79644ef4c31,committed_amount,21088.65
ptp,97def0ab-350f-4416-95c4-83ce1afe12fd,committed_amount,2034.62
ptp,a3c009ae-ea40-4023-acaa-b45fa118822c,committed_amount,17289.48
ptp,a4bed265-915f-4874-9e55-e0fd548b5767,committed_amount,196886.6
ptp,a841b4e1-2246-4a1e-bae2-5c78fb3428bd,committed_amount,4463.45
ptp,a9e09925-bfec-4fdb-8f61-7fdd99ae4396,committed_amount,51658.15
ptp,b3122495-87b9-4f31-801a-6b6d43b83c27,committed_amount,44690.56
ptp,b3e30177-03b2-4733-9f16-9e5dc30d6ff8,committed_amount,47625.11
ptp,bdbecaea-859d-4606-9b59-ab3234ddab85,committed_amount,143855.54
ptp,c62f1bba-fb95-4489-a986-76b59d27ad01,committed_amount,25849.18
ptp,e0860011-7396-42dc-9ffa-d8abfea16903,committed_amount,216561.09
ptp,e0baf92c-4222-4a83-828f-be2a5ec2cd2f,committed_amount,35078.64
ptp,e382c1d8-66ad-4025-b41e-abfdfa045522,committed_amount,1242.48
ptp,f66d8d1a-7898-47e9-84a7-c7b043744be7,committed_amount,8238.38
ptp,fd6ff82a-555b-4fe2-9ce7-fa13cbb6190c,committed_amount,19070.37
